{"type":"Topology","arcs":[[[31665,22534],[-20,25],[-28,41],[75,83],[151,-138],[-87,-97],[-32,29],[23,28],[-51,64],[-31,-35]],[[21564,34494],[156,-1],[-1,-34],[79,-32],[-14,-36],[-81,6],[1,28],[-139,-4],[-1,73]],[[21547,35185],[-21,-80],[-28,8],[4,13],[-35,24],[11,85],[28,57],[24,-17],[-22,-70],[39,-20]],[[20378,34344],[38,66],[30,-26],[-41,-68],[-27,28]],[[20041,44552],[18,31],[23,4],[67,-51],[-29,-62],[-26,8],[-54,43],[1,27]],[[14948,52319],[69,29],[7,-6],[19,-47],[-4,-7],[-67,-25],[-4,0],[-20,49],[0,7]],[[15110,53162],[-40,-4],[-24,119],[-42,3],[0,66],[107,8],[-1,-192]],[[24659,27861],[-4,5],[10,19],[16,10],[63,-28],[-2,41],[82,-6],[20,-91],[-9,-11],[0,0],[-176,61]],[[26438,27270],[50,91],[-72,49],[45,69],[15,-11],[32,41],[68,-47],[25,40],[17,19],[101,-69],[24,-17],[2,-13],[-61,-86],[-70,-70],[-29,15],[-38,-54],[-14,-8],[-59,32],[-36,19]],[[15447,53110],[98,25],[72,22],[17,-25],[13,-80],[-27,-24],[-100,-9],[-12,-8],[4,-20],[-65,-17],[-23,34],[-53,57],[3,16],[73,29]],[[27073,26305],[36,-27],[-39,-40],[35,-32],[-25,-56],[-59,37],[52,118]],[[27386,26155],[94,-32],[40,-43],[-33,-136],[-37,-54],[-68,0],[-46,18],[40,234],[10,13]],[[26399,27115],[23,39],[-4,4],[-25,21],[-27,-37],[-23,25],[38,60],[59,-51],[13,9],[17,-17],[20,-16],[-12,-28],[-29,-55],[-50,46]],[[26226,27378],[49,55],[14,1],[13,-10],[-6,-12],[-51,-57],[-19,23]],[[25689,28566],[5,41],[-7,32],[-43,72],[-54,49],[75,100],[2,29],[-4,48],[-10,67],[17,52],[130,195],[110,103],[60,21],[47,-7],[29,-23],[3,-16],[-270,-396],[-13,-18],[-29,-52],[6,-24],[34,-34],[54,-41],[-142,-198]],[[17568,50123],[33,7],[34,22],[18,-16],[5,2],[49,35],[23,-30],[-111,-82],[-71,-62],[-19,22],[-25,34],[-1,17],[12,23],[35,25],[18,3]],[[22364,34643],[-28,-12],[-31,88],[37,16],[38,20],[29,19],[25,-6],[23,-89],[-62,-25],[-7,29],[-29,-11],[5,-29]],[[28379,26301],[54,65],[75,-57],[-75,-58],[-54,50]],[[28063,25392],[-19,14],[-55,50],[2,24],[34,40],[20,-6],[26,-39],[21,-54],[-5,-9],[-24,-20]],[[24931,27936],[20,41],[75,73],[23,-22],[-23,-30],[17,-28],[-69,-83],[-20,25],[-23,24]],[[30414,30965],[-15,-44],[-44,-60],[-65,-52],[-108,-46],[-94,-57],[-40,-64],[-37,-56],[-85,-58],[-15,-24],[-63,-42],[-87,-11],[-51,-28],[-41,-29],[-17,-16],[-11,-23],[3,-18],[5,-31],[-13,-59],[-29,-48],[-60,-82],[-40,150],[-84,-34],[58,-165],[-132,-54],[-415,-335],[-20,31],[78,87],[3,36],[-22,46],[-1,16],[210,173],[60,85],[14,92],[5,34],[-7,20],[-13,9],[-55,-22],[-33,-33],[-227,-110],[-317,-144],[-58,-15],[-38,12],[-23,14],[-30,25],[-8,39],[5,41],[57,51],[161,114],[50,42],[51,25],[44,41],[48,48],[61,51],[103,61],[33,9],[50,37],[48,25],[43,27],[94,64],[191,113],[274,159],[229,138],[205,122],[275,187],[16,19],[19,0],[102,56],[115,71],[20,10],[45,33],[37,18],[47,37],[73,26],[101,79],[27,6],[43,-13],[7,-28],[9,-52],[-15,-32],[-77,-90],[-33,-27],[-33,-20],[-110,-20],[-27,-17],[-163,-118],[-58,-56],[-31,-55],[-3,-9],[-55,-27],[-47,-76],[34,-22],[47,-29],[-9,-44],[-78,-35],[-63,-49]],[[16245,53469],[-11,133],[-10,8],[-298,-26],[-12,8],[-8,199],[-13,86],[5,57],[21,7],[38,4],[64,13],[160,19],[128,-2],[120,-17],[164,-23],[8,-6],[-51,-179],[-11,-87],[11,-62],[27,-188],[-19,-14],[-112,-11],[-3,45],[-183,-19],[-9,5],[-6,50]],[[15930,50536],[58,47],[-21,47],[44,29],[-2,22],[-43,85],[103,67],[-5,35],[-23,51],[-49,72],[-62,111],[-38,58],[-3,13],[96,46],[125,-150],[71,-71],[38,-53],[135,64],[18,1],[58,-73],[-7,-13],[-186,-47],[-35,-19],[92,-194],[5,-15],[-76,-45],[13,-25],[1,-112],[-40,-66],[-7,-15],[-17,-24],[-61,-75],[-1,-2],[-17,14],[-41,-19],[-16,8],[-39,82],[2,19],[54,60],[-47,70],[-43,-33],[-15,3],[-19,47]],[[19594,47781],[82,7],[-16,76],[-18,92],[-10,80],[-4,85],[257,-4],[4,-7],[13,-98],[-141,-71],[-9,-18],[7,-29],[167,57],[65,21],[18,0],[29,-14],[20,-67],[-66,-79],[-52,-101],[-14,-8],[-181,-71],[-96,-9],[8,-13],[14,-32],[14,-39],[-2,-28],[-134,-32],[-19,0],[-16,7],[-16,37],[-22,5],[-40,178],[2,25],[56,41],[87,13],[13,-4]],[[18219,51372],[-158,157],[-20,-10]],[[18041,51519],[-4,17],[-29,7],[-44,-1],[-39,12],[-17,21],[-20,6]],[[17888,51581],[120,234]],[[18008,51815],[50,76]],[[18058,51891],[52,33],[116,-103],[86,-67],[49,65],[101,-65],[50,-63],[-50,-66],[-106,131],[-40,-35],[111,-140],[-3,-5],[-101,-98],[-95,-99],[-9,-7]],[[27051,29874],[1,8],[107,84],[46,41],[14,34],[0,32],[-3,24],[5,8],[12,-2],[307,-303],[1,-13],[-62,-114],[-21,-26],[-64,-126],[-42,49],[-123,127],[-117,122],[-61,55]],[[26310,27456],[-29,23],[-81,65],[-43,-34],[-41,48],[30,30],[-95,55],[-57,43],[-76,52],[130,234],[42,76],[18,-2],[211,-167],[3,-14],[-93,-171],[170,-108],[3,-15],[-15,-25],[-46,-73],[-31,-17]],[[18290,47261],[106,65],[54,20],[17,-23],[-2,-92],[-16,-11],[-75,-50],[-29,35],[-22,-15],[-7,15],[-14,30],[-12,26]],[[20534,34180],[-19,19],[-24,-35],[-57,54],[107,86],[58,17],[78,40],[71,-110],[115,45],[62,-84],[-183,-77],[-85,6],[-64,-30],[-41,23],[68,35],[-23,46],[-63,-35]],[[27393,27474],[30,-36],[-41,-54],[39,-33],[-57,-68],[-33,-81],[-85,69],[53,92],[94,111]],[[25262,28484],[-4,35],[14,165],[7,34],[21,16],[116,-121],[-56,-113],[-54,-79],[-7,1],[-37,62]],[[20244,42376],[-118,-16],[-8,11],[-12,36],[-17,-1],[-18,-11],[-20,-5],[-20,-3],[-9,6],[-38,60],[-3,24],[-12,18],[-30,21],[0,15],[16,41],[26,6],[44,7],[24,17],[-8,47],[35,20],[25,33],[7,15],[18,19],[13,26],[19,6],[37,3],[28,3],[18,-8],[18,-16],[18,-14],[19,-9],[39,-1],[40,-7],[30,-13],[7,-15],[13,-4],[20,0],[22,-4],[9,-7],[28,-199],[-8,-9],[-41,-1],[-39,1],[-15,-8],[-8,-92],[-65,-3],[-11,80],[-31,-8],[-21,-7],[-32,0],[-7,-10],[12,-21],[6,-23]],[[66873,14922],[65,-15],[23,135],[20,6],[74,0],[90,-17],[29,-17],[3,-15],[-39,-178],[9,-24],[26,-10],[27,-11],[2,-12],[-34,-112],[-211,65],[-26,22],[-8,25],[1,29],[-40,8],[-7,17],[-9,28],[5,76]],[[18184,50746],[-114,129]],[[18070,50875],[100,101],[99,83],[9,31],[-53,67],[-81,112]],[[18144,51269],[79,87],[79,-109],[88,-95],[43,-92],[-12,-32],[-20,-12],[-88,-114],[-96,-111],[-33,-45]],[[65351,20674],[48,-24],[24,48],[137,-52],[-56,-169],[-29,-64],[-39,-50],[-40,-23],[-27,-24],[-16,-20],[-49,-37],[-41,-53],[-13,-28],[-211,74],[0,27],[64,163],[44,74],[64,51],[61,53],[79,54]],[[1272,124803],[-23,-11],[-32,1],[-8,-134],[-104,2],[-1,141],[-54,8],[3,117],[-145,6],[-1,15],[-7,269],[261,7],[9,-272],[101,-1],[1,-148]],[[68150,18273],[217,328]],[[68367,18601],[116,-70],[166,-92],[-30,-39],[23,-60],[-23,-121],[50,-42],[-60,-223],[-92,63],[-240,160],[-80,75],[-37,9],[-10,12]],[[17791,51329],[10,6],[25,-28],[29,-3],[43,-6],[3,-20],[-7,-64],[0,-29],[39,-55],[10,-54],[-23,-37],[-71,-71],[-115,-101],[-87,-43],[-99,-42],[-25,0],[-31,43],[21,18],[68,58],[5,91],[85,74],[58,105],[62,158]],[[73042,14895],[-137,-127],[-131,-122],[-61,-51],[-22,2],[-26,12],[-66,87],[-10,25],[-68,81],[-2,22],[75,91],[78,73],[68,84],[66,69],[14,-3],[222,-243]],[[16411,54653],[-2,-64],[21,-19],[23,-41],[10,-280],[-25,-27],[-32,2],[-161,99],[6,98],[-20,18],[-40,-10],[-175,-25],[-26,46],[13,48],[53,20],[212,33],[50,25],[28,32],[6,57],[3,16],[56,-28]],[[16255,53296],[58,-27],[50,-50],[27,-73],[61,-173],[15,-39],[24,-50],[55,-38],[68,2],[61,-167],[52,-111],[76,-162],[78,-94],[-43,-32],[-73,-16],[-23,17],[-51,131],[-54,115],[-24,22],[-47,-13],[-34,8],[-24,77],[-30,99],[-37,56],[-33,62],[-15,51],[-3,37],[-28,36],[-12,67],[-22,71],[-26,55],[-23,60],[-23,79]],[[1372,124390],[125,-3],[102,-1],[-8,-128],[49,4],[14,-10],[-2,-134],[-154,-3],[-121,-1],[-158,-2],[-1,7],[7,265],[23,2],[124,4]],[[3209,91957],[-18,153],[46,25],[-19,53],[12,18],[81,34],[16,-9],[38,-99],[6,-12],[104,17],[137,25],[45,-1],[16,-16],[25,-106],[-28,-16],[-331,-58],[-92,-13],[-38,5]],[[15719,54815],[4,62],[-37,4],[0,84],[15,4],[25,-3],[25,6],[20,14],[17,56],[21,-7],[34,-14],[38,-7],[42,-6],[54,-1],[136,31],[35,-167],[-17,-11],[-37,-5],[-24,-7],[-86,-6],[31,-147],[-12,-8],[-73,-3],[-9,-24],[-83,0],[-16,9],[-18,11],[-16,25],[-3,106],[-8,9],[-58,-5]],[[4444,89047],[-58,172],[11,10],[143,-16],[125,-15],[111,-12],[24,3],[103,22],[19,-20],[-6,-53],[-136,-33],[-122,-28],[62,-212],[-96,-32],[-18,58],[-56,-15],[-20,56],[-45,1],[-12,18],[-29,96]],[[5486,88630],[28,-43]],[[5514,88587],[-105,-70],[-82,-52],[-62,-35],[-44,-39],[-27,-24],[-70,-59],[-33,-33],[-66,-66],[-34,-62],[-10,-77],[-10,-15],[-15,33],[-20,70],[-43,77],[-70,-18],[-85,-26],[-36,67],[-25,43],[-11,50],[-10,29],[-98,-42],[-32,96],[123,65],[28,-22],[59,14],[67,19],[26,-69],[16,2],[143,51],[28,20],[70,33],[29,6],[28,12],[41,22],[81,-50],[18,11],[6,18],[27,8],[28,-1],[74,32],[68,25]],[[20395,36193],[-13,16],[-18,18],[1,16],[62,134],[12,5],[22,8],[27,18],[26,21],[20,13],[9,2],[81,-26],[72,-18],[141,-55],[-21,-48],[-19,-8],[-63,37],[-42,25],[-23,-121],[51,-38],[8,-24],[-41,-64],[-46,30],[14,29],[-20,15],[15,38],[-102,5],[-18,-3],[-23,-55],[-46,-133],[-93,25],[27,138]],[[17552,51535],[103,-100],[125,-91],[-3,-11],[-101,-203],[-33,-40],[-17,17],[-123,106],[-130,116],[-29,42],[134,99],[74,65]],[[10029,73994],[105,8],[115,1],[24,-7],[9,-17],[19,-24],[34,-7],[66,-6],[15,0],[25,14],[26,1],[22,-10],[20,-16],[16,-28],[11,-34],[4,-77],[-1,-81],[-179,-22],[-144,-14],[-11,85],[-130,-13],[-7,14],[-12,66]],[[10056,73827],[-27,167]],[[69688,14529],[-1,-124],[-9,-100],[-168,-10],[-39,-6],[-90,4],[6,42],[-40,0],[1,132],[49,-5],[8,70],[27,8],[19,34],[16,54],[74,-9],[17,28],[40,-15],[24,-25],[-8,-39],[32,-2],[0,-26],[42,-11]],[[5756,87574],[74,-62],[34,-36],[20,0],[14,-25],[1,-37],[-51,-77],[-28,-51],[-9,-12],[-13,-26],[20,-134],[-69,-38],[-110,75],[-33,-68],[-43,-64],[-68,54],[7,69],[6,20],[-17,52],[34,54],[73,105],[71,84],[59,82],[28,35]],[[2193,119725],[39,-4],[259,-46],[18,9],[9,9],[104,-10],[22,-13],[-75,-203],[-251,30],[-177,22],[-20,4],[-9,19],[69,187],[12,-4]],[[16342,52974],[28,-56],[11,-67],[19,-76],[17,-49],[-30,-55],[-56,-47],[-92,-46],[-38,-13],[-30,14],[-13,60],[-18,61],[-33,57],[-22,61],[-12,29],[-11,27]],[[16062,52874],[45,16],[99,42],[136,42]],[[26978,27657],[-56,-78],[-16,-5],[-104,101],[40,70],[3,13],[-200,113],[130,227],[17,-7],[154,-112],[170,-103],[4,-15],[-142,-204]],[[52411,16372],[-40,127],[45,13],[2,20],[-24,65],[-51,-18],[-6,12],[-43,104],[5,10],[121,57],[18,-2],[24,-114],[-12,-12],[-13,-18],[34,-90],[14,-1],[15,-3],[13,-12],[48,13],[23,-7],[27,-13],[13,-19],[28,-60],[75,-137],[-4,-23],[-20,-21],[-180,-78],[-11,13],[-90,166],[-11,28]],[[16173,58202],[-163,-31],[115,202],[415,597],[119,177],[76,122],[86,111],[106,76],[195,157],[9,-31],[-77,-77],[-102,-107],[-67,-106],[-126,-160],[-103,-138],[-113,-190],[-370,-602]],[[71531,14999],[-6,-13],[-36,-66],[-7,-21],[48,-52],[-59,-71],[-90,120],[-35,-27],[92,-125],[-118,-102],[-13,-9],[-129,186],[3,21],[80,81],[63,76],[8,17],[-15,38],[3,22],[40,100],[84,65],[23,22],[-20,22],[52,55],[124,-81],[-46,-63],[-42,23],[-97,-115],[12,-14],[81,-89]],[[10942,73032],[-54,-10],[-117,-17],[-107,1],[-95,-4],[-90,0],[-73,4]],[[10406,73006],[-4,26],[37,13]],[[10439,73045],[84,36],[130,36],[101,31],[161,37],[72,7],[97,-42],[144,15],[49,83],[112,35]],[[11389,73283],[10,-175]],[[11399,73108],[-58,34],[-56,-8],[-109,-80],[-75,8],[-159,-30]],[[46780,10876],[127,47],[15,-66],[94,16],[-35,76],[174,78],[71,-96],[43,-57],[64,-100],[-81,-46],[36,-71],[-37,-27],[-40,48],[-78,126],[-74,-29],[5,-12],[71,-161],[-38,-21],[-41,11],[-52,47],[-56,112],[-43,-19],[-73,45],[-40,-47],[-43,38],[45,59],[-14,49]],[[72260,16212],[-34,-52],[-32,-42],[-22,-2],[-44,57],[-9,20],[0,17],[-2,14],[-11,20],[-29,43],[0,19],[10,16],[56,43],[32,20],[9,19],[-44,118],[2,17],[36,15],[25,-35],[13,-5],[66,16],[14,-9],[15,-33],[24,-38],[19,-1],[117,177],[32,-41],[13,-27],[4,-22],[-7,-29],[-18,-38],[-27,-56],[-46,-48],[-31,-27],[-47,-35],[-84,-91]],[[69393,26256],[-2,-46],[-14,-57],[87,-33]],[[69464,26120],[-3,-52],[-33,-81],[-27,-44],[-26,-12],[-220,140],[-64,-92],[-11,-6],[-87,68],[-8,16],[160,300]],[[69145,26357],[248,-101]],[[72010,15832],[-31,-49],[-41,-96],[-7,-15],[-29,-142],[-102,13],[-21,-53],[-55,5],[-16,-23],[-17,4],[-37,17],[-10,13],[35,62],[61,110],[-19,18],[-1,18],[26,34],[10,21],[10,22],[48,73],[21,35],[82,121],[13,5],[49,-26],[-1,-20],[-34,-80],[-7,-16],[10,-14],[63,-37]],[[17897,51921],[111,-106]],[[17888,51581],[-19,-24],[-18,-9],[-138,142],[-13,5],[-24,-32],[-118,-108],[-131,-89],[-13,29],[59,93],[77,18],[57,62],[93,99],[111,102],[86,52]],[[736,119105],[-50,62],[-23,8],[-18,1],[-6,87],[45,8],[-67,69],[80,95],[21,14],[161,-9],[15,-48],[-33,-21],[49,-107],[26,93],[49,-14],[58,-22],[8,-25],[-41,-219],[-75,17],[-25,-6],[-17,-22],[-37,-4],[-35,5],[19,58],[-84,-47],[-20,27]],[[1589,100616],[9,40],[37,66],[88,5],[6,-70],[7,-52],[32,-94],[71,-220],[38,-106],[20,-65],[13,-54],[22,-59],[-45,-28],[-35,-25],[-46,-1],[-33,7],[-47,44],[-16,14],[-23,78],[-7,26],[-15,22],[-21,37],[-21,108],[-32,78],[-3,84],[-1,83],[2,82]],[[72211,13873],[-37,96],[3,21],[24,10],[4,51],[3,33],[16,31],[122,109],[210,-266],[-196,-186],[98,-131],[-5,-28],[-18,-14],[-20,0],[-44,47],[-48,-19],[-15,7],[-74,114],[-44,50],[-5,20],[11,20],[17,8],[8,9],[-10,18]],[[4611,89962],[-81,-70],[-104,-116],[-52,-72],[-13,3],[-41,107],[-34,59],[35,40],[16,13],[-3,38],[13,13],[0,37],[11,18],[31,14],[27,-1],[24,-9],[-3,33],[-34,39],[-13,30],[49,21],[140,67],[89,70],[18,-5],[122,-162],[-18,-24],[-85,-75],[-94,-68]],[[73226,18173],[55,-41],[8,-22],[-33,-53],[-102,-161],[-65,-86],[-59,-63],[-23,-12],[-14,3],[-79,47],[-17,8],[214,411],[32,62],[15,-6],[52,-51],[-7,-22],[23,-14]],[[21251,36778],[34,49],[63,123],[-3,16],[35,97],[39,89],[23,8],[75,-44],[14,-22],[-57,-118],[-8,-20],[184,-158],[-3,-18],[-69,-88],[100,-82],[-1,-15],[-72,-84],[-188,153],[-89,-100],[-18,-1],[-92,70],[-7,24],[60,84],[-33,16],[13,21]],[[3251,102842],[36,-18],[45,-12],[53,-21],[27,-25],[-1,-43],[-18,-39],[-54,-32],[-33,-50],[-37,-71],[-66,-75],[-47,-17],[-40,-4],[-45,11],[-17,33],[-19,45],[-45,22]],[[2990,102546],[42,42],[120,136],[99,118]],[[52474,15719],[97,-21],[165,-5],[34,-55],[31,-108],[-28,-2],[-33,-8],[1,-100],[49,-21],[59,2],[38,-97],[27,-130],[-152,-8],[17,107],[-97,23],[23,91],[-54,28],[-21,28],[-56,23],[-58,20],[-20,19],[-86,38],[64,176]],[[74172,15443],[-54,62],[-51,71],[-97,117],[-3,14],[72,71],[14,-13],[116,-162],[16,2],[113,100],[14,-6],[41,-70],[57,-120],[77,-104],[19,-28],[-3,-23],[-171,-143],[-54,-37],[-17,2],[-105,128],[-33,75],[-13,30],[6,17],[56,17]],[[65130,15906],[64,-55],[48,64],[16,5],[65,-52],[49,-60],[29,-48],[3,-17],[16,-18],[121,-116],[21,-38],[-28,-43],[-157,-184],[-55,63],[55,71],[0,14],[-95,92],[7,19],[-19,23],[-18,-16],[-30,25],[17,29],[-59,53],[-55,50],[33,40],[-73,47],[45,52]],[[78497,10460],[14,14],[56,107],[30,-19],[11,25],[46,37],[34,29],[46,11],[40,3],[46,-32],[100,-132],[-9,-107],[89,-56],[-10,-39],[-10,-35],[-13,-25],[-27,-21],[-26,-25],[-40,-14],[-47,-11],[-56,4],[-57,14],[-90,39],[-70,39],[-37,56],[-23,36],[-17,49],[20,53]],[[18184,50746],[-8,-18],[-146,-99],[-104,-72],[-25,2]],[[17901,50559],[-72,70],[-39,58]],[[17790,50687],[-77,116]],[[17713,50803],[10,25],[53,29],[92,81],[53,66],[25,14]],[[17946,51018],[124,-143]],[[11606,73370],[-23,24],[-11,10],[-26,-3],[-179,-16],[-120,-18],[-34,1],[-63,12],[-42,2],[-60,6],[-130,14],[-29,7],[-35,24],[-26,97],[3,10],[82,-3],[154,-32],[133,-33],[28,-4],[58,8],[243,-5],[37,19],[27,22],[16,14],[31,-5],[40,-24],[22,-19],[40,-13],[6,-23],[-7,-79],[-68,0],[-67,7]],[[16062,52874],[-18,28],[-25,60],[-2,33],[48,27],[37,17],[-29,110],[-41,117],[54,8],[66,0],[53,13],[41,17],[12,-42],[-4,-19],[64,-173],[24,-96]],[[67157,14084],[63,-5],[26,-11],[-22,-48],[57,-17],[1,-18],[39,-14],[36,101],[66,0],[25,3],[18,27],[38,17],[30,-11],[-8,-58],[112,-14],[-10,-93],[-8,-23],[-103,13],[-8,-38],[-21,-31],[-20,-8],[-331,23],[-23,10],[43,195]],[[10564,71353],[110,39],[157,40]],[[10831,71432],[61,16],[87,-198],[-178,-192],[16,-58],[-27,-13],[-29,35],[-20,9],[-38,5],[-28,11],[-28,13],[-12,24],[-15,18],[-23,25],[-28,37],[-22,72],[-29,54],[4,48],[42,15]],[[15624,53933],[-22,-17],[-35,-21],[-36,-23],[-27,-24],[-17,-20],[-36,-26],[-37,-13],[-2,71],[-24,16],[-62,-3],[-58,-10],[3,199],[17,125],[22,23],[21,18],[16,14],[21,9],[25,8],[20,30],[36,42],[57,3],[32,-57],[4,-31],[81,-9],[-19,-136],[164,-7],[14,-137],[-15,-10],[-88,-7],[-55,-7]],[[9708,72598],[-6,66],[136,4],[-7,57],[30,6],[-5,83],[3,7],[129,45],[45,-101],[18,-78],[4,-20],[109,25],[33,-81],[-66,-17],[-7,-44],[-6,-62],[-118,2],[-8,-40],[-75,-9],[-39,2],[-13,19],[-3,34],[1,94],[-155,8]],[[72681,17292],[134,-57],[38,-22],[104,-58],[27,-34],[13,-44],[8,-33],[-1,-37],[-27,-63],[-35,-28],[-72,-22],[-45,18],[-29,4],[-29,0],[-38,1],[-24,13],[-2,20],[41,51],[18,16],[12,20],[3,17],[-15,8],[-93,-28],[-25,-12],[-15,3],[-26,17],[0,36],[3,45],[75,169]],[[47816,12994],[-10,-28],[-225,-84],[-21,7],[-22,67],[-55,178],[16,17],[32,18],[37,19],[23,14],[2,24],[-10,27],[-41,66],[-12,35],[16,19],[80,18],[13,-20],[25,-102],[68,-113],[52,-69],[21,-51],[11,-42]],[[32498,29511],[129,73],[46,13],[32,-21],[97,-130],[104,-150],[3,-17],[-230,-128],[-12,0],[-57,120],[-86,176],[-26,64]],[[62352,16714],[-5,21],[190,73],[60,22],[53,-7],[16,-18],[-4,-228],[-2,-75],[-26,-14],[-198,-39],[-6,1],[-5,10],[-73,254]],[[5710,86107],[139,-263],[59,-122],[56,-102],[-9,-20],[-72,-18],[-68,-22],[-28,65],[-53,-13],[-126,294],[63,19],[-55,150],[19,8],[48,13],[27,11]],[[5084,84863],[162,27],[6,-30],[-65,-9],[13,-65],[13,-4],[90,33],[47,-141],[-78,-21],[35,-100],[-4,-21],[-71,-48],[-54,93],[-14,10],[-51,-25],[-37,84],[69,14],[-25,115],[-115,-39],[-9,48],[-96,-29],[-13,35],[14,21],[8,5],[-2,67],[54,13],[46,16],[22,14],[31,5],[10,-31],[14,-37]],[[28693,25595],[47,-36],[23,-77],[-103,-82],[-103,-57],[-100,-67],[-93,-61],[-27,-7],[-93,92],[-3,25],[86,63],[100,84],[90,65],[43,36],[80,29],[53,-7]],[[65967,21778],[-89,63],[-16,-1],[-20,-5],[-274,163],[-133,-154],[-75,68],[0,20],[61,67],[74,65],[29,16],[51,44],[36,34],[23,14],[24,10],[44,-7],[46,-30],[27,16],[87,-55],[153,-94],[133,-67],[4,-27],[-46,-113],[-23,-37],[-28,-22],[-31,1],[-57,31]],[[15933,53571],[133,9],[55,10],[71,3],[33,-4],[-3,-38],[9,-69],[-1,-82],[18,-82],[-39,-17],[-62,0],[-56,-13],[-46,-7],[-34,-3],[-77,-21],[-12,35],[19,47],[0,90],[-8,104],[0,38]],[[47651,10722],[-161,-113],[-55,97],[-32,-6],[-30,38],[-52,95],[-30,44],[-36,50],[-38,46],[-43,72],[245,126],[66,-112],[43,19],[47,-75],[-100,-77],[42,-59],[91,74],[64,75],[87,-23],[-6,-123],[-102,-148]],[[24923,29180],[67,-91],[124,-159],[129,-125],[24,-24],[-1,-40],[-12,-56],[-115,85],[-42,-40],[-130,147],[-6,4],[-82,-77],[-4,-2],[-197,291],[-83,134],[3,16],[63,64],[-54,74],[13,15],[124,61],[21,-8],[158,-269]],[[48300,12840],[78,3],[19,-10],[3,-222],[-46,3],[8,-110],[84,-7],[0,-187],[-21,-10],[-181,-26],[-21,28],[-19,196],[-4,112],[69,7],[-2,124],[34,1],[-1,98]],[[23897,30776],[-238,335],[-17,34],[22,34],[68,61],[27,36],[32,97],[18,5],[157,-312],[83,-156],[87,-172],[107,-214],[-11,-14],[-108,-77],[-23,21],[-204,322]],[[67401,24650],[77,131],[28,2],[364,-234],[-10,-16],[-34,-39],[-140,-141],[-42,10],[-243,287]],[[2661,90962],[76,31],[41,-145],[-24,-23],[19,-126],[22,-26],[10,-27],[-92,-22],[2,-56],[72,6],[18,-58],[20,-116],[103,16],[51,-135],[-104,-43],[-34,7],[-31,13],[-52,-4],[-16,128],[-113,-8],[-10,80],[49,2],[-9,175],[11,19],[8,27],[-5,174],[63,10],[-4,52],[-58,-3],[-13,52]],[[52362,15447],[34,-62],[42,-26],[20,-20],[41,79],[57,-5],[65,-32],[-107,-145],[14,-26],[-20,-36],[8,-17],[-3,-13],[-16,-44],[-82,35],[-6,31],[-22,17],[-31,-9],[-16,0],[-59,28],[-5,17],[-96,71],[-58,33],[-27,12],[-17,4],[-8,18],[-25,16],[3,30],[41,41],[52,51],[74,-71],[40,-46],[44,-11],[19,41],[44,39]],[[66173,20335],[-8,-56],[-19,-16],[-85,-42],[-134,-48],[-33,3],[-23,19],[-36,49],[-24,33],[-21,14],[-51,18],[-20,33],[10,60],[28,103],[10,56],[1,56],[2,80],[21,114],[112,-24],[32,-19],[16,-29],[29,-94],[14,-50],[7,-52],[13,-52],[32,-29],[100,-14],[17,-21],[10,-92]],[[21004,34504],[43,-3],[10,21],[48,-5],[4,47],[64,-8],[13,125],[-77,15],[9,95],[37,13],[103,2],[63,-10],[19,-20],[-48,-330],[-13,-26],[-23,-7],[-82,-30],[-10,-154],[-14,-8],[-96,11],[5,100],[-53,19],[-19,17],[17,136]],[[19834,44151],[29,-121],[-65,-8],[-18,5],[-7,33],[-11,16],[-80,-4],[-18,2],[-27,98],[-25,191],[-12,16],[-54,6],[-9,14],[8,90],[31,20],[59,29],[194,99],[23,-10],[55,-232],[56,-228],[-129,-16]],[[2511,96430],[29,21],[18,26],[20,34],[10,24],[11,36],[0,28],[-5,23],[-19,53],[5,23],[15,16],[18,8],[26,11],[28,3],[37,22],[17,17],[48,33],[65,34],[57,24],[51,6],[14,-14],[18,-25],[-4,-25],[-30,-30],[-25,-11],[-57,-8],[-45,-12],[-66,-33],[-77,-52],[-33,-36],[-4,-65],[10,-55],[13,-39],[0,-24],[1,-26],[-6,-24],[-25,-25],[-71,-10],[-74,6],[-61,1],[-57,-10],[-59,-9],[-41,-15],[-70,-48],[-77,-54],[-59,-44],[-15,-11],[-11,-21],[-14,-29],[-37,-30],[-44,-5],[-43,5],[-20,26],[-13,16],[0,49],[15,30],[19,26],[22,19],[20,10],[14,2],[26,-2],[11,11],[0,11],[3,17],[-7,19],[-15,13],[-11,17],[-12,21],[20,22],[52,27],[56,25],[46,33],[51,39],[28,4],[39,-15],[10,-18],[10,-19],[4,-23],[-7,-19],[-22,-14],[-12,-11],[-36,-2],[-31,-4],[-44,-2],[-27,-10],[-31,-14],[-18,-17],[4,-39],[4,-22],[9,-10],[17,-4],[34,-3],[52,20],[50,23],[65,41],[46,10],[36,13],[59,8],[37,3],[49,20],[16,9]],[[45887,11268],[332,-76],[32,31],[54,3],[27,-16],[-3,-68],[-33,-1],[-100,-12],[7,-62],[-13,-9],[0,-69],[-57,-6],[-1,-85],[-178,9],[1,40],[-25,3],[5,52],[-107,-2],[59,268]],[[9566,82885],[-8,-13],[0,-14],[-3,-32],[-7,-33],[-31,-21],[-74,-13],[-88,0],[-66,11],[-19,13],[-17,11],[-18,19],[-3,28],[-1,29],[16,29],[41,30],[76,37],[122,37],[25,11],[22,14],[13,25],[-2,17],[-7,43],[-7,29],[1,32],[30,34],[37,28],[91,24],[100,17],[58,2],[32,-20],[11,-30],[-8,-44],[-10,-17],[-45,-100],[-46,-56],[-43,-25],[-64,-28],[-56,-30],[-34,-26],[-18,-18]],[[68150,18273],[-70,5],[-193,95],[-145,121],[41,33],[90,79],[88,67],[51,52],[28,66],[-30,31],[21,27],[239,-155],[82,-56],[15,-37]],[[32239,33064],[-4,-19],[1,-28],[4,-36],[0,-44],[4,-66],[5,-54],[-23,-25],[-51,-15],[-46,-8],[-50,1],[-44,-1],[-53,-2],[-32,12],[-19,31],[-3,39],[5,19],[5,123],[0,26],[11,36],[9,22],[27,38],[32,38],[36,32],[29,51],[9,48],[22,69],[12,35],[26,6],[26,17],[42,30],[31,12],[23,-14],[0,-34],[-21,-44],[-9,-52],[-5,-43],[0,-40],[5,-35],[1,-45],[-3,-44],[-2,-36]],[[67500,18179],[154,144],[63,54],[316,-212],[-179,-315],[-384,283],[30,46]],[[2296,90789],[-21,21],[-26,71],[-18,48],[-11,27],[-6,22],[9,17],[3,94],[-2,25],[-15,37],[-4,33],[1,28],[12,23],[199,39],[5,-6],[45,-290],[-89,-19],[9,-85],[-4,-16],[-38,-25],[-26,-20],[-23,-24]],[[32375,29024],[-193,348],[58,50],[56,40],[144,45],[25,-21],[115,-230],[66,-134],[-27,-22],[-102,-48],[-74,-48],[-24,-11],[-33,5],[-11,26]],[[17281,50286],[-131,-120],[-92,-72],[-48,66],[-17,-11],[-56,66],[33,36],[-56,72],[-1,22],[195,172],[173,-231]],[[9231,82967],[-21,47],[-11,85],[-12,90],[-22,57],[-8,26],[10,19],[39,16],[16,-12],[8,-30],[10,-14],[27,-9],[26,1],[31,2],[5,15],[-5,23],[-9,22],[-1,33],[19,24],[31,18],[43,8],[19,-23],[17,-28],[21,-50],[15,-58],[4,-30],[-4,-16],[-7,-15],[9,-16],[16,-12],[1,-17],[-3,-32],[-13,-40],[-29,-30],[-53,-19],[-107,-44],[-28,0],[-20,1],[-14,8]],[[5377,84872],[-10,31],[-8,21],[11,14],[-20,48],[-90,-12],[-22,64],[-23,108],[-3,26],[77,32],[30,-114],[64,10],[6,11],[-19,94],[56,18],[4,-18],[23,13],[-8,39],[80,25],[13,-39],[-19,-12],[10,-37],[30,5],[44,-131],[69,24],[-22,101],[108,45],[107,-143],[3,-18],[-220,-105],[-79,-35],[-192,-65]],[[72131,15393],[-21,-14],[-13,-12],[-13,-21],[-17,-21],[-33,-18],[-61,-18],[-30,1],[-8,15],[-3,44],[-19,-4],[-6,95],[-2,35],[58,5],[-32,33],[1,25],[26,133],[49,96],[58,-18],[39,-4],[33,1],[37,-20],[5,-20],[-4,-22],[-77,-146],[6,-29],[15,-44],[13,-44],[-1,-28]],[[62869,16283],[-91,-88]],[[62778,16195],[-215,-130],[-25,0],[-29,12],[-75,75],[-30,31],[-14,25],[-87,167],[31,19],[103,24],[182,43],[24,0],[46,-32],[61,-58],[119,-88]],[[57498,15838],[192,11],[4,-6],[5,-327],[-181,-2],[2,84],[-232,-9],[9,131],[37,3],[51,8],[18,14],[13,10],[25,10],[18,12],[15,11],[14,15],[6,15],[4,20]],[[10439,73045],[-41,140],[58,7],[19,-25],[22,9],[-8,26],[105,42],[120,42],[9,-24],[82,21],[-19,51],[83,39],[87,-9],[83,-17],[49,8],[77,-2],[88,1],[131,14]],[[11384,73368],[5,-85]],[[10052,83446],[-95,-115],[-40,-17],[-40,-3],[-37,-4],[-39,-7],[-53,-12],[-55,-6],[-25,1],[-35,-7],[-77,-33],[-27,-15],[-22,15],[-28,51],[-20,67],[-2,34],[4,26],[42,21],[91,28],[275,82],[113,27],[81,15],[38,-8],[18,-31],[-1,-18],[-7,-28],[-7,-19],[-22,-22],[-30,-22]],[[4008,88101],[-70,-28],[-158,-45],[14,-39],[-195,-75],[-24,55],[54,14],[-27,84],[-97,-33],[-12,47],[114,54],[24,-49],[194,99],[10,15],[6,21],[16,24],[33,42],[94,34],[30,10],[14,-9],[26,-82],[76,22],[17,-19],[11,-53],[-52,-13],[-21,-12],[-4,-19],[34,-88],[-66,-34],[-41,77]],[[3409,91826],[22,7],[70,-2],[0,41],[30,22],[30,-6],[30,-27],[5,-10],[11,-13],[20,-11],[54,-3],[20,-3],[15,-13],[11,-6],[42,8],[13,-4],[14,-28],[10,-41],[-3,-17],[-33,-21],[-21,-16],[-13,-17],[4,-60],[-9,-16],[-241,-91],[-25,45],[-9,29],[-7,84],[-3,94],[-13,13],[-22,-4],[-2,66]],[[69736,14346],[3,89],[15,22],[41,-19],[23,-8],[10,67],[0,16],[29,6],[13,74],[25,7],[32,9],[3,59],[-36,34],[0,35],[47,14],[106,-3],[101,-26],[9,-13],[-6,-103],[136,-70],[5,-14],[-9,-89],[-15,-7],[-123,-5],[-94,-36],[-26,-9],[-156,-25],[-131,-16],[-2,11]],[[69145,26357],[57,145],[85,211],[175,-54]],[[69462,26659],[-38,-152],[-18,-92]],[[69406,26415],[-1,-21]],[[69405,26394],[-12,-138]],[[49362,13909],[8,-111],[-19,-30],[-19,-17],[-144,-20],[-20,5],[-7,21],[-52,297],[-60,209],[2,22],[112,49],[15,1],[32,-31],[21,0],[137,48],[18,-3],[52,-81],[16,-30],[-2,-23],[-127,-55],[-10,-13],[10,-104],[17,-73],[20,-61]],[[9155,74151],[-10,23],[-9,26],[-11,42],[-4,45],[-7,29],[-2,37],[48,0],[71,6],[-49,201],[64,14],[29,-112],[69,12],[-19,105],[111,28],[35,-96],[-85,-25],[31,-96],[-51,-16],[27,-86],[132,59],[20,-35],[-134,-107],[-23,29],[-93,-42],[-60,-25],[-29,-14],[-51,-2]],[[72780,18234],[12,131],[12,14],[12,-4],[12,-1],[43,117],[-3,17],[-1,17],[57,74],[272,-118],[-108,-247],[-9,-2],[-111,52],[-59,-128],[-12,0],[-89,45],[-20,13],[-8,20]],[[31996,21487],[-46,173],[3,34],[114,72],[14,0],[106,-169],[82,-98],[167,-232],[-3,-16],[-47,-43],[-127,-95],[-26,-13],[-27,2],[-38,17],[-50,57],[-46,71],[-45,104],[-31,136]],[[2406,108756],[-236,27],[-77,12],[-7,28],[8,134],[16,20],[32,0],[113,-26],[112,-10],[106,-21],[56,-8],[111,-15],[8,-20],[-35,-138],[-28,-8],[-179,25]],[[30461,24054],[142,-195],[-49,-37],[-189,-202],[-63,-81],[-160,197],[86,90],[122,126],[111,102]],[[3315,93980],[28,-40],[0,-18],[-37,-53],[-46,-83],[-54,-101],[-21,-17],[-41,-6],[-48,1],[-32,16],[-23,26],[-15,31],[-7,158],[5,73],[33,38],[91,71],[41,-11],[23,-7],[24,1],[27,-2],[14,-12],[38,-65]],[[3250,103393],[103,-12],[63,-15],[36,-81],[5,-96],[-33,-65],[-37,-59],[-52,-27],[-115,-32],[-120,-5],[-40,43],[-17,53],[6,47],[9,25]],[[3058,103169],[220,129],[-28,95]],[[42740,14608],[80,-12],[176,-22],[200,-31],[10,-44],[-25,-139],[-12,-45],[-29,-133]],[[43140,14182],[-62,6]],[[43078,14188],[-111,13],[13,159],[-273,20]],[[42707,14380],[33,228]],[[18531,56468],[4,-317],[9,-86],[25,-282],[-84,-45],[-137,-29],[-143,-111],[-414,-157],[-388,-147],[-152,-19],[-27,35],[-22,323],[69,48],[5,330],[14,149],[33,13],[203,-9],[21,44],[9,111],[47,60],[146,1],[176,57],[275,65],[101,9],[117,-9],[80,7],[33,-41]],[[17230,55143],[69,14],[100,16],[223,37],[681,314],[348,154],[-67,756],[-5,79],[219,80],[84,-16],[30,-47],[215,-142],[269,-224],[149,-31],[254,-32],[179,-36],[35,-21],[25,-137],[-74,-64],[-174,-143],[-213,-276],[-179,-174],[-447,-435],[-387,-408],[-198,-186],[-144,-5],[-50,-53],[-89,-16],[-139,-96],[-115,-16],[-104,-111],[-144,-80],[-383,47],[-45,31],[54,339],[83,528],[-60,354]],[[28068,36617],[239,106]],[[28307,36723],[82,36],[245,172],[80,-454],[30,-408],[-13,-83],[20,-58],[11,-37],[-15,-39],[-136,-178],[93,-282],[-132,-299],[-155,-395],[-23,-36],[-440,-366],[-371,-295],[-226,-175],[-191,-107],[-493,-318],[-440,-266],[-38,50],[-94,163],[-22,96],[46,50],[185,60],[218,67],[42,90],[36,70],[98,80],[103,72],[83,39],[52,0],[60,-5],[87,161],[26,122],[-185,221],[-19,90],[-5,104],[1,118],[16,110],[40,129],[48,63],[98,82],[55,77],[42,-15],[-5,23],[-34,65],[-58,88],[-15,51],[13,95],[31,134],[39,80],[186,272],[28,65],[5,132],[121,120],[30,8],[175,-27],[111,198],[67,9],[168,75]],[[31205,27845],[-139,257],[42,34],[153,106],[406,305],[284,188],[85,54],[31,-22],[71,-101],[111,-172],[221,-312],[73,-102],[-73,34],[-23,-46],[-40,0],[-33,-18],[-27,-28],[-20,-11],[-30,-4],[-52,-3],[-37,33],[-62,9],[-47,5],[-52,5],[-50,-14],[-36,-21],[-27,-18],[-20,-18],[-33,-25],[-27,-17],[-23,-25],[-30,-22],[-16,-21],[-30,-25],[-37,-14],[-50,-21],[-93,-47],[-60,-42],[-26,-18],[-40,-25],[-40,-32],[-23,-32],[-30,-10],[-42,26],[-109,210]],[[25779,37100],[80,-60],[44,-91],[36,-73],[-62,-214],[-41,-94],[-23,-44],[-3,-98],[-38,-85],[-18,-50],[-124,-164],[-89,-142],[-53,-104],[-118,-136],[-53,-101],[-47,-60],[-71,-75],[-77,-41],[-53,53],[-54,129],[-50,104],[-3,37],[47,29],[-21,50],[-152,255],[42,44],[-33,59],[189,199],[74,-85],[113,114],[-92,88],[460,587],[128,-91],[62,60]],[[25476,40899],[10,28],[-9,59],[72,89],[105,52],[135,77],[125,49],[31,30],[33,1],[52,-52],[14,-42],[29,-45],[15,-14],[25,-15],[73,-21],[84,-23],[41,-5],[2,-27],[-56,-37],[-41,-53],[-89,-129],[-96,-125],[-48,-27],[-34,-68],[-27,-75],[-52,-97],[-22,-49],[-31,-50],[-152,-114],[-84,-52],[-114,-72],[-118,-85],[-181,-120],[-51,-43],[-96,-78],[-136,-108],[-243,-167],[-47,-7],[-27,9],[-120,221],[-9,28],[-11,44],[89,73],[63,42],[71,15],[135,71],[139,63],[79,16],[28,12],[-36,59],[-29,56],[-40,34],[-67,43],[-74,56],[-40,17],[-191,-13],[-81,-8],[-80,0],[-32,22],[-20,48],[1,74],[36,34],[125,3],[95,33],[59,31],[40,26],[45,8],[69,-19],[46,0],[64,-15],[31,-2],[44,8],[37,22],[24,17],[20,18],[-38,55],[-21,53],[-31,49],[22,41],[60,51],[84,18],[103,7],[126,-4],[93,-1]],[[28368,34600],[20,-14],[-32,-155],[-105,-466],[-362,-323],[-590,-185],[-28,-245],[-186,-143],[-1,-34],[76,-155],[-122,-123],[-40,-11],[-167,23],[-36,7],[-304,-53],[-169,-80],[-142,-62],[-142,-178],[-262,-104],[-31,16],[-27,414],[15,65],[102,56],[279,151],[31,-25],[35,-20],[22,-5],[19,55],[13,71],[58,35],[642,397],[322,190],[584,446],[528,455]],[[17249,59584],[40,48],[127,182],[85,104],[67,72],[76,83],[105,138],[61,47],[68,27],[52,22],[9,-18],[-1,-58],[0,-56],[17,-23],[110,28],[-29,79],[2,53],[-1,35],[74,-9],[185,-5],[113,17],[118,24],[212,89],[145,92],[114,101],[186,51],[232,48],[158,12],[194,2],[227,-1],[148,5],[161,22],[-12,-40],[-13,-48],[-27,-39],[-30,-38],[-34,-38],[-44,-27],[-64,-26],[-134,-23],[-67,-20],[-93,-58],[-81,-74],[-88,-110],[17,-61],[-6,-44],[-60,-40],[-67,-17],[-81,-33],[-120,-73],[-92,-72],[-141,-76],[-82,-26],[-77,-15],[-66,19],[-74,35],[-38,40],[-59,47],[-29,15],[-50,43],[-72,48],[-94,17],[-107,6],[-53,-18],[-86,-38],[-35,-25],[-39,-4],[-107,23],[-141,-44],[-44,-32],[-34,-19],[-51,-32],[-61,-38],[-11,-45],[-3,-115],[-5,-66],[-81,-99],[-23,-48],[-45,-98],[-21,-12],[-32,-21],[-31,-35],[-6,-38],[-21,-28],[-130,122],[-58,29],[-9,23],[30,92],[13,33],[14,50]],[[29462,29005],[111,260],[122,90],[95,73],[14,72],[-60,157],[-285,346],[285,132],[99,68],[150,112],[92,78],[25,30],[146,119],[669,671],[280,146],[198,137],[212,457],[103,25],[146,-37],[189,-40],[150,-32],[223,98],[148,-136],[-76,-152],[52,-98],[58,-10],[150,32],[520,-473],[234,-225],[-208,-254],[-31,-24],[1,30],[-493,-426],[-574,-270],[-236,-100],[-195,-59],[-127,-57],[-169,-128],[-565,-291],[-72,63],[-68,28],[-79,13],[-44,9],[-47,-114],[-197,-203],[-226,-198],[-107,-361],[-77,-51],[-536,493]],[[26438,36196],[166,-208],[187,-231],[25,-66],[0,-36],[-13,-32],[23,-70],[-7,-50],[-36,-43],[-163,67],[-99,-400],[-57,-227],[-33,-88],[14,-46],[70,-113],[-26,-217],[-23,-124],[-67,-159],[-219,-167],[-243,-107],[-130,-57],[-331,569],[33,39],[77,54],[86,67],[40,36],[17,46],[33,78],[85,149],[-10,3],[-132,31]],[[25705,34894],[23,89],[73,92],[77,96],[156,181],[79,188],[78,136],[61,133],[89,198],[97,189]],[[10661,75287],[35,39],[88,79],[70,38],[53,22],[46,-4],[26,-17],[1,-45],[-15,-38],[-40,-2],[-62,-10],[-124,-105],[-24,-4],[-47,8],[-9,-24],[-77,-73],[-48,-24],[-55,-24],[-96,-6],[-82,-2],[-71,-1],[-77,12],[-6,-43],[-13,-22],[-167,-81],[-6,-21],[-43,-47],[-30,10],[-65,-195],[-24,-54],[-10,-32],[-34,-38],[-72,-110],[-19,24],[-4,40],[-76,-24],[-25,-1],[-25,-2],[-12,12],[-40,131],[-19,65],[-26,93],[-21,104],[-17,109],[-4,132],[5,64],[1,235],[-13,208],[-5,170],[1,93],[22,192],[23,5],[91,-18],[-9,-202],[18,-22],[33,-39],[37,-43],[18,-44],[29,-123],[4,-27],[142,26],[86,24],[-35,82],[-16,50],[-24,182],[-27,92],[-5,25],[9,179],[15,180],[11,63],[26,0],[51,-12],[-32,-230],[43,0],[15,-18],[7,-32],[10,-17],[27,-12],[53,-5],[156,-27],[67,-15],[127,-4],[19,-178],[49,4],[-4,-60],[277,-2],[4,-13],[25,-250],[-27,-6],[-188,-28],[-76,-4],[111,-26],[27,-51],[15,-60],[14,-44],[59,-131]],[[5082,93675],[132,120],[113,66],[56,71],[88,64],[52,38],[-11,123],[65,45],[36,26],[3,46],[32,37],[62,16],[84,-71],[-1,-73],[38,-93],[28,-75],[-38,-166],[-67,-152],[-33,-77],[-37,-150],[-56,-212],[-35,-19],[-56,-2],[-62,29],[38,-78],[49,-93],[-22,-56],[-110,-57],[-126,-21],[-8,-36],[-90,-130],[-40,-18],[-56,0],[-50,14],[23,-80],[-26,-47],[-46,-29],[-37,-6],[4,-54],[-16,-57],[-50,-22],[-44,14],[-13,31],[-14,-33],[-51,-49],[-76,-26],[-106,-4],[-38,24],[-51,45],[-50,53],[-17,58],[5,56],[17,41],[13,12],[45,37],[73,12],[91,-24],[57,24],[67,16],[46,-9],[-62,87],[-119,12],[-66,45],[-6,63],[-78,12],[-35,-82],[-198,-1],[-167,50],[-132,184],[-30,95],[110,139],[40,-15],[82,25],[67,-75],[68,1],[56,15],[70,28],[94,39],[54,-61],[25,7],[18,18],[11,21],[36,27],[154,48],[26,17],[-4,22],[-54,57],[-105,32],[-21,40],[-8,56],[11,53],[32,39],[47,7],[89,-18],[135,-34],[76,-52]],[[33052,22452],[-11,15],[0,15]],[[33041,22482],[384,407],[18,4],[309,-279],[187,-156],[-11,-19],[-229,-246],[195,-191],[195,-185],[0,-12],[-48,-49],[-208,-184],[-196,-180],[-50,-63],[-131,-201],[-119,-131],[-15,-25],[-16,-3],[-420,285],[-99,69],[-67,36],[-71,36],[-40,23],[-127,180],[418,400],[20,13],[24,5],[42,-19],[94,-45],[14,2],[111,105],[115,129],[2,15],[-91,98],[-179,151]],[[86240,1549],[-49,-6],[-34,16],[-59,21],[-50,23],[-75,40],[-76,23],[23,72],[-68,28],[-87,67],[-48,-17],[-24,-29],[50,-65],[-31,-36],[-65,52],[-44,-38],[-61,77],[46,49],[-104,137],[-32,-17],[-20,24],[-37,-27],[-42,47],[-45,43],[57,47],[-32,75],[40,31],[-79,130],[-67,-41],[-126,163],[73,55],[40,-50],[122,64],[-42,98],[-150,-44],[7,-29],[-75,-30],[-56,108],[90,25],[-18,73],[-19,58],[-30,74],[-14,23],[-31,92],[-13,163],[35,19],[46,-170],[103,37],[-22,96],[73,29],[52,-209],[138,74],[-49,185],[-136,-35],[-14,77],[128,42],[52,12],[43,2],[35,-81],[30,-71],[15,-78],[21,-34],[20,-47],[-24,-40],[46,-121],[35,-74],[31,-69],[-85,-66],[110,-190],[33,-48],[100,59],[45,-81],[-69,-80],[85,-103],[80,107],[47,-46],[-41,-103],[32,-11],[122,87],[23,-24],[24,-10],[56,-16],[54,43],[29,-51],[-23,-29],[26,-85],[47,4],[15,-19],[34,-68],[21,-41],[-22,-6],[-41,-24],[4,-31],[-28,-132],[-27,-8],[-54,-141]],[[25076,39156],[-56,-96],[-17,-43],[-17,-17],[-75,-16],[-107,-33],[-64,-4],[-70,135],[-42,69],[-5,36],[13,37],[3,43],[-10,22],[-4,46],[0,40],[48,41],[198,160],[114,90],[172,131],[170,121],[125,87],[130,90],[102,73],[87,64],[61,37],[42,32],[43,31],[17,43],[25,59],[29,81],[30,75],[29,35],[28,-20],[52,-42],[-1,-68],[4,-69],[7,-45],[-11,-39],[-42,-27],[-82,-63],[-64,-38],[-36,-33],[-32,-52],[-34,-66],[-45,-259],[-9,-70],[-15,-49],[-66,-78],[-67,-66],[-82,-91],[-107,-81],[-62,-43],[-51,-33],[-87,-21],[-67,-11],[-57,-12],[-45,-93]],[[29500,35753],[35,-76],[82,-63],[224,-465],[108,-199],[362,-384],[184,-227],[-6,-72],[-145,-50],[-137,-39],[-99,-24],[-108,-76],[-40,-21],[-40,-76],[-55,-30],[-26,5],[-110,100],[-143,-28],[-98,23],[-175,49],[-81,-4],[-85,-46],[-176,-145],[-121,-84],[-37,20],[-33,112],[9,76],[51,61],[46,266],[146,97],[317,-24],[167,9],[84,23],[-19,66],[3,84],[-77,-32],[-112,-9],[-143,62],[-133,196],[18,116],[63,91],[74,95],[-21,189],[0,83],[-4,57],[-51,27],[5,122],[45,147],[151,3],[101,-5]],[[29858,31388],[-237,-133],[-567,-313],[-271,-129],[-202,-102],[-137,-42],[-89,-3],[-40,-12],[-312,-149],[-35,-2],[-234,30],[-241,44],[-69,37],[-430,353],[-196,180],[9,118],[-26,44],[-185,244],[-13,12],[148,145],[53,9],[302,-8],[231,3],[247,38],[145,32],[70,20],[39,25],[30,46],[180,279],[52,31],[180,59],[156,45],[91,87],[77,89],[217,258],[60,25],[61,23],[53,45],[297,313],[139,97],[85,3],[216,-40],[111,-31],[28,10],[212,158],[57,6],[60,-4],[65,13],[299,138],[150,61],[34,-17],[170,-713],[63,-237],[97,-362],[-7,-24],[-29,-38],[-275,-180],[-344,-211],[-110,-68],[-278,-198],[-157,-104]],[[979,110773],[-7,-33],[-1,-17],[-25,-72],[-31,-71],[-49,-86],[-18,-38],[-29,-6],[-44,0],[-21,10],[-7,-50],[-15,-51],[-11,-48],[-7,-27],[-36,-31],[-20,-42],[-39,-41],[-21,-33],[-30,-32],[-27,-36],[-30,-33],[-27,-17],[-37,-20],[-48,6],[-59,25],[-79,30],[-71,47],[-56,43],[-34,50],[-13,39],[-10,30],[-11,78],[-14,61],[-4,79],[2,37],[21,39],[26,31],[29,24],[36,5],[44,3],[52,-1],[68,9],[30,19],[46,32],[27,32],[13,66],[10,46],[14,54],[44,62],[53,84],[63,82],[24,46],[37,26],[12,22],[25,32],[14,41],[-9,44],[-28,57],[-27,52],[1,69],[23,83],[24,104],[33,92],[25,21],[46,-5],[25,-10],[30,-5],[24,8],[12,10],[13,4],[32,7],[34,2],[35,-28],[10,-39],[1,-29],[1,-38],[8,-47],[21,11],[45,12],[33,-23],[17,-42],[16,-28],[22,-46],[18,-37],[40,-53],[30,-56],[7,-26],[5,-54],[0,-58],[0,-51],[-20,-79],[-23,-54],[-52,-38],[-65,-39],[-92,-65],[-44,-22],[-17,-15],[-6,-34],[-6,-39],[-1,-21]],[[35210,25208],[39,-76],[6,-62],[-19,-35],[-88,-72],[-120,-110],[-87,-99],[-166,-160],[-126,-131],[-156,-167],[-120,-178],[-103,-81],[-56,-53],[-83,-85],[-117,-93],[-56,-56],[-27,-25],[-33,3],[-137,159],[-47,53],[-20,53],[-137,160],[-82,108],[-45,40],[379,358],[196,185],[280,265],[264,287],[325,306],[79,88],[52,20],[40,-40],[53,-107],[-15,-61],[-25,-42],[-19,-63],[21,-50],[31,-33],[36,-37],[26,-60],[17,-63],[40,-46]],[[34999,46152],[86,6],[154,17],[167,20],[105,27],[64,38],[47,-1],[102,6],[122,-15],[172,4],[162,44],[128,21],[144,30],[214,72],[254,68],[178,66],[135,50],[70,-30],[91,-52],[82,-70],[107,-71],[79,-43],[148,-46],[88,-27],[133,-107],[196,-145],[136,-97],[78,-77],[83,-69],[74,-40],[48,-6],[95,25],[65,23],[80,44],[52,7],[77,-25],[60,-20],[70,-13],[75,7],[83,28],[110,31],[75,42],[144,161],[58,9],[126,-39],[69,-38],[32,1],[35,-31],[95,-16],[157,11],[101,18],[94,31],[80,32],[36,18],[125,58],[99,44],[30,-1],[31,-7],[16,22],[84,42],[92,18],[206,84],[39,27],[45,49],[39,79],[110,114],[20,24],[38,6],[197,-101],[262,-132],[109,-74],[104,-47],[98,-43],[46,-1],[30,-26],[43,-54],[65,-38],[72,-25],[69,2],[87,7],[57,29],[48,38],[49,38],[79,25],[68,9],[32,29],[42,66],[26,98],[37,111],[48,-7],[88,-4],[88,-16],[91,-32],[102,-38],[110,-9],[93,1],[6,-82],[9,-55],[11,-67],[18,-39],[67,-79],[123,-65],[80,-22],[235,-26],[334,-48],[326,-32],[175,-19],[110,-10],[97,-14],[28,-21],[-53,-185],[58,-5],[4,-45],[9,-25],[-66,15],[-50,-80],[-8,13],[-61,18],[-51,-18],[-27,-41],[-40,-52],[35,-15],[43,-21],[31,-3],[38,50],[4,-16],[6,-40],[-26,-136],[-32,-213],[-4,-90],[11,-76],[22,-68],[9,-74],[1,-63],[-41,-114],[-48,-145],[-12,-35],[24,-78],[-13,-60],[15,-71],[50,-174],[2,-33],[40,-34],[-23,-131],[-33,-38],[-27,7],[-19,55],[24,55],[-155,-50],[-165,-58],[-84,0],[-13,60],[-30,97],[-45,101],[11,11],[-91,149],[-58,92],[-33,133],[-11,133],[-8,84],[-10,61],[-27,111],[-26,91],[21,123],[30,39],[50,64],[85,124],[44,83],[30,50],[32,24],[47,-18],[74,150],[-256,111],[-55,21],[-57,61],[-77,35],[-54,16],[-151,45],[-168,50],[-128,39],[-106,15],[-84,-4],[-92,6],[-86,35],[-62,45],[-80,43],[-54,8],[-106,5],[-263,-31],[-230,-20],[-189,-24],[-139,-30],[-145,-25],[-66,-30],[-64,-43],[-59,-36],[-65,-6],[-102,15],[-97,115],[-45,92],[-88,75],[-85,16],[-101,-27],[-88,-76],[-37,-41],[-2,-19],[0,-13],[-29,-30],[-83,-37],[-83,-6],[-74,41],[-71,60],[-67,23],[-88,11],[-57,3],[-54,15],[-48,-7],[-56,-22],[-61,-31],[-49,-71],[-24,-57],[-24,-91],[-17,-31],[-43,-30],[-39,-13],[-59,12],[-60,35],[-72,33],[-73,36],[-56,17],[-90,20],[-59,-9],[-59,-13],[-101,-18],[-79,-25],[-121,-27],[-71,-23],[-76,-17],[-122,-46],[-102,-21],[-73,-25],[-125,-40],[-69,-66],[-56,-86],[-38,-76],[-38,-41],[-66,-52],[-94,-39],[-128,-66],[-142,-70],[-263,-106],[-26,-8],[-65,25],[-27,59],[-22,93],[-45,82],[70,61],[-49,57],[-96,-13],[-42,-2],[-100,34],[-65,12],[-46,-21],[-57,-48],[-30,-39],[-44,-54],[-53,-45],[-70,-51],[-45,-52],[-33,-55],[-24,-66],[-28,-58],[-55,-92],[-25,-53],[-59,-26],[-89,-18],[-50,-21],[-20,-14],[-318,207],[-64,-115],[-32,-41],[-60,-26],[-53,-21],[-91,-7],[-276,-23],[-207,-8],[-150,24],[-125,61],[-78,41],[-35,52],[-33,54],[-42,41],[-56,32],[-34,19],[-82,40],[-59,19],[-28,9],[-21,27],[13,41],[48,46],[42,-2],[35,-22],[43,-2],[80,180],[-291,897]],[[38129,45659],[-16,-27],[-20,-51],[-15,-60],[-9,-28],[11,-32],[6,-33],[25,-26],[50,-2],[43,3],[35,24],[29,34],[45,52],[16,27],[0,27],[-22,33],[-41,21],[-25,5],[-14,17],[-62,16],[-36,0]],[[6314,84858],[-35,155]],[[6279,85013],[-5,24],[18,18],[81,11],[48,10],[-31,77],[50,63],[30,42],[90,153],[43,82],[38,33],[27,46],[30,61],[14,20],[-6,13],[-25,-46],[-38,-58],[-28,-33],[-42,-28],[-36,-52],[-78,-135],[-53,-112],[-29,-20],[-62,-27],[-84,-25],[-28,68],[-75,-44],[-64,94],[-112,-33],[20,-41],[-38,-20],[-178,234],[5,20],[22,9],[279,118],[-80,128],[-65,127],[119,62],[-15,50],[59,25],[107,58],[-23,54],[-63,167],[14,25],[164,24],[87,13],[95,31],[184,71],[104,38],[45,24],[133,55],[107,42],[150,53],[80,-148],[-1,-12],[-27,-14],[10,-25],[-84,-41],[-3,-15],[37,-41],[44,-86],[5,-29],[-48,-82],[-11,-5],[-56,48],[-88,-82],[57,-59],[-17,-18],[123,-131],[-34,-62],[6,-23],[-2,-34],[-69,-53],[73,-71],[-61,-102],[30,-34],[-46,-66],[7,-42],[-50,-46],[-32,-9],[-85,94],[-113,-125],[34,-52],[61,55],[87,-82],[-116,-119],[9,-17],[2,-8],[-68,-56],[-149,-151],[-67,-20],[-62,13],[-31,-42],[-29,12],[-24,42],[-22,32],[-16,-1],[-44,-14],[-55,-1],[-25,-2]],[[25705,34894],[-54,-14],[-110,-60],[-145,-41],[-65,50],[-89,189],[-57,97],[18,47],[74,67],[112,107],[53,113],[80,130],[135,157],[154,174],[80,107],[11,145],[-38,116],[-36,35],[41,91],[74,48],[71,41],[30,44],[-18,19],[-33,94],[26,50],[39,4],[30,-35],[98,-113],[101,-163],[95,-107],[56,-90]],[[2653,100975],[-10,49],[6,32],[22,50],[13,70],[11,40],[63,11],[103,-11],[78,-30],[146,-36],[147,-48],[188,-88],[137,-29],[43,-47],[18,-38],[35,-68],[44,-80],[103,-208],[26,-109],[-34,-105],[-99,-80],[-224,-60],[-191,-74],[-121,-85],[-96,-102],[-64,-102],[-54,-16],[-102,23],[-91,24],[-90,84],[-31,135],[4,111],[17,55],[74,39],[144,10],[120,22],[86,-26],[62,-17],[39,22],[1,66],[-32,18],[-53,-5],[-79,9],[-159,58],[-187,88],[-24,47],[-80,73],[-15,72],[-7,50],[-7,42],[17,46],[46,22],[34,39],[23,57]],[[34819,44515],[30,26],[13,36],[51,113],[45,105],[137,-68],[96,-48],[153,-67],[157,-53],[57,-18],[128,0],[129,26],[100,8],[237,15],[207,21],[100,-26],[76,-76],[29,-89],[4,-100],[-21,-73],[-24,-65],[3,-83],[-2,-275],[-2,-144],[-21,-64],[-45,-75],[-79,-61],[-89,-58],[-60,-27],[-116,-7],[-98,9],[-65,35],[-115,83],[-210,156],[-216,168],[-185,144],[-161,119],[-91,43],[-68,13],[-96,-6],[-93,-20],[-91,-25],[-98,-53],[-32,-40],[-72,-75],[-63,-47],[-21,-12],[-57,-45],[-42,74],[-95,-49],[60,-122],[146,64],[37,22],[57,69],[59,65],[64,61],[84,33],[56,-8],[28,-24],[-6,-63],[2,-36],[41,-71],[-30,-10],[-7,-67],[11,-70],[-24,-19],[1,-29],[11,-49],[-13,-44],[-29,-26],[-25,-53],[-52,-64],[-53,-79],[-46,-60],[-17,-26],[25,-59],[1,-55],[-37,-79],[-57,-109],[-39,-89],[18,-58],[-5,-76],[-19,-65],[-9,-32],[10,-61],[1,-61],[-30,-35],[-61,-14],[-44,-5],[-16,-23],[-7,-32],[6,-54],[-20,-31],[-53,-56],[-3,-37],[2,-32],[11,-53],[-1,-53],[-24,-62],[-18,-73],[27,-77],[15,-110],[-20,-50],[-8,-51],[12,-31],[-18,-32],[-11,-24],[38,-34],[77,-63],[75,-68],[31,-47],[5,-41],[25,-102],[-27,-65],[-67,-39],[-96,-36],[-60,-52],[-33,-36],[26,-49],[49,-43],[91,-81],[57,-78],[72,-91],[15,-47],[-53,-50],[-98,-40],[-125,-15],[-62,14],[-54,37],[-82,88],[-93,79],[-31,28],[-65,-23],[-99,-88],[-73,-20],[-65,3],[-71,12],[-66,-15],[-44,-43],[-64,-55],[-25,-24],[-160,130],[-105,114],[-85,50],[-73,20],[-92,2],[-80,-19],[-52,9],[-43,40],[-17,93],[-9,42],[-62,384],[-233,-25],[-94,-59],[-96,-90],[-44,-139],[6,-82],[-1,-42],[-82,-73],[-43,-58],[-17,-60],[11,-59],[0,-52],[11,-62],[15,-35],[30,-27],[27,-48],[9,-80],[-2,-62],[-13,-52],[-17,-38],[-17,-31],[-12,-19],[3,-46],[13,-57],[3,-37],[-104,-95],[-83,-52],[-83,-66],[-43,-26],[-47,12],[-38,5],[-104,-10],[-30,1],[-38,-25],[12,-61],[-7,-57],[-37,-29],[-40,-2],[-50,-22],[-76,-59],[-55,-24],[-48,4],[-29,63],[-22,48],[-77,22],[-66,11],[-87,-5],[-65,-39],[-39,-33],[-35,-38],[-52,-58],[-24,-32],[-54,-4],[-15,-2],[-39,-23],[-31,-20],[-107,-148],[-56,-115],[-38,-155],[-15,-149],[-4,-43],[-6,-28],[-97,-90],[-55,-91],[-13,-22],[-12,-48],[-10,-41],[-19,-52],[-19,-46],[-16,-32],[-16,-54],[-12,-34],[25,-61],[13,-62],[-3,-42],[-11,-43],[-60,-80],[-43,-26],[-66,-32],[-40,-12],[-31,-72],[-50,-46],[-22,-61],[-23,-57],[-20,-27],[-9,-66],[1,-45],[25,-53],[40,-62],[47,-48],[45,-35],[26,-21],[-65,-46],[-76,-33],[-70,-58],[-66,-52],[-66,-59],[-69,-49],[-46,-59],[-46,-43],[-54,-61],[-55,-32],[-49,-9],[-61,20],[-62,33],[-34,38],[-23,64],[-6,88],[4,62],[-9,63],[-7,35],[-25,37],[-4,77],[-65,222],[-29,72],[-19,98],[-6,83],[-32,123],[-44,133],[-110,135],[-25,8],[-104,145],[-35,70],[-5,58],[-3,27],[31,41],[8,43],[-11,84],[-4,35],[-22,82],[4,46],[37,37],[148,126],[79,-70],[83,71],[-20,58],[-53,97],[-11,68],[46,48],[46,-69],[88,48],[-36,73],[89,30],[84,18],[74,13],[226,154],[174,139],[117,37],[101,49],[81,47],[67,64],[21,128],[-11,72],[83,130],[91,89],[67,90],[101,-3],[230,38],[50,4],[78,2],[88,42],[100,38],[110,60],[40,24],[123,151],[37,31],[32,48],[69,86],[91,73],[70,46],[23,29],[110,65],[78,40],[48,27],[81,44],[73,24],[63,18],[52,23],[83,52],[37,66],[30,43],[65,88],[40,63],[85,51],[59,30],[23,30],[102,54],[51,28],[2,38],[-1,48],[27,41],[-27,63],[-19,28],[-65,75],[-30,86],[3,116],[-16,135],[5,152],[76,60],[20,23],[48,-18],[62,-31],[66,44],[68,-86],[46,-63],[21,-55],[71,-74],[41,-40],[79,-71],[137,-27],[135,15],[95,17],[103,41],[199,86],[114,67],[142,94],[70,95],[38,72],[11,62],[32,136],[57,85],[14,82],[-9,61],[-40,25],[-92,5],[-70,18],[-46,49],[-87,43],[-103,36],[-37,6],[-36,20],[-31,39],[14,17],[59,0],[87,30],[8,31],[9,47],[30,86],[28,111],[32,99],[65,80],[85,148],[71,60],[38,5],[36,6],[45,23],[38,32],[48,39],[33,13],[87,-5],[67,11],[42,-23],[93,-18],[43,28],[56,36],[42,45],[42,12],[51,-23],[16,-8],[49,20],[41,-75],[54,-10],[55,4],[32,20],[-18,16],[-2,42],[16,37],[1,39],[0,25],[-12,63],[-27,32],[-32,0],[-21,-10],[-39,18],[-5,23]],[[35420,43874],[33,9],[21,30],[20,30],[-7,45],[-18,67],[-28,34],[-39,12],[-39,-6],[-34,-28],[-27,-8],[-18,-34],[9,-29],[17,-29],[12,-10],[-4,-22],[24,-25],[20,-6],[21,0],[17,-22],[20,-8]],[[31754,33590],[19,-33],[0,-13],[-43,-67],[-64,-98],[-132,-176],[-60,-135],[-73,-156],[-76,-198],[-73,-195],[-26,-71],[-37,-67],[-45,-116],[-17,-18],[-20,-15],[-21,14],[-30,135],[-32,138],[-69,300],[-42,197],[-75,324],[-29,147],[-13,77],[52,48],[95,29],[307,46],[209,-2],[52,1],[71,-2],[47,6],[36,10],[68,11],[33,1],[32,-25],[23,-31],[-10,-31],[-57,-35]],[[28095,37291],[-18,-186],[-11,-42],[-20,-63],[-34,-164],[-42,-156]],[[27970,36680],[-18,-19],[-38,-17],[-47,-25],[-46,-30],[-45,-13],[-83,-4],[-68,-63],[-59,-22],[-30,-19],[-35,-38],[-51,38],[-15,-44],[-29,-13],[-30,-22],[-47,-25],[-33,-19],[-29,-25],[-36,-38],[-26,-10],[-33,-41],[-32,-34],[-33,-23],[-35,-47],[-50,-44],[-45,-54],[-32,-31],[-39,-35],[-35,-32],[-50,-9],[-74,-3],[-128,97],[-134,186],[-132,180],[-94,149],[-31,47],[201,172],[10,11],[-121,143],[-140,201],[-210,-140],[-143,223],[-46,61],[-22,34],[-13,38],[6,23],[130,86],[97,46],[106,35],[106,28],[138,32],[114,27],[72,15],[141,23],[207,51],[189,51],[138,33],[84,16],[114,23],[89,29],[73,39],[68,50],[71,67],[15,15],[32,-8],[35,-37],[5,-70],[-11,-76],[2,-61],[23,-78],[47,-40],[41,-14],[28,-23],[-4,-20],[-4,-32],[22,-48],[0,-28],[30,-28],[44,2],[21,-17],[30,-47],[22,-54],[30,-40]],[[4058,95052],[-6,-49],[-39,-20],[-56,-7],[-129,-62],[-33,-7],[-28,7],[-32,3],[-58,23],[-52,29],[-22,-18],[-72,-16],[-56,-1],[-45,-15],[-40,-21],[-44,-51],[-26,-45],[-38,-72],[-18,-65],[-25,-53],[-18,-52],[-6,-28],[-52,-66],[-52,-77],[-67,-20],[-116,25],[-31,25],[-46,90],[-20,116],[18,76],[47,89],[22,33],[-12,21],[4,41],[19,89],[7,53],[12,71],[-8,43],[-9,59],[-21,94],[-19,60],[-14,73],[-7,44],[12,60],[24,32],[52,7],[34,-23],[13,-5],[17,-24],[32,-6],[95,6],[33,5],[46,24],[42,-7],[19,-17],[18,-19],[10,-11],[24,13],[29,10],[36,0],[47,-13],[63,40],[26,11],[25,13],[38,3],[17,3],[42,-38],[37,-38],[16,-47],[1,-16],[17,-12],[31,-4],[39,-6],[37,-17],[35,-32],[12,-27],[29,-20],[50,-21],[67,-9],[22,-19],[1,-215]],[[2964,95420],[-12,-16],[21,-218],[21,-33],[25,-2],[13,12],[33,19],[50,22],[27,-2],[15,-115],[134,-13],[27,20],[-11,33],[-18,53],[-35,28],[-36,5],[-25,38],[-4,85],[-3,33],[-18,18],[-204,33]],[[39963,16700],[-70,181],[-34,120],[13,45],[49,57],[0,36],[-82,108],[-17,24],[0,52],[42,42],[82,62],[104,71],[35,53],[46,77],[42,89],[78,79],[65,74],[31,20],[56,25],[48,14],[79,43],[87,62],[81,66],[44,45],[49,37],[38,25],[38,31],[44,22],[127,82],[86,34],[52,14],[29,8],[29,-3],[35,-5],[42,-2],[25,4],[31,1],[32,2],[25,25],[63,78],[54,46],[37,12],[66,6],[74,-13],[31,8],[30,14],[45,-15],[25,-16],[15,-37],[26,-54],[7,-45],[-3,-45],[-17,-42],[-38,-45],[-43,-32],[-46,-50],[-41,-53],[-26,-75],[-46,-36],[-53,-19],[-34,-19],[-46,-44],[-81,-97],[-32,-73],[-3,-66],[-4,-49],[-33,-74],[-57,-150],[-27,-71],[-9,-36],[-137,-146],[-72,-67],[-94,-86],[-122,-106],[-28,-23],[-22,-57],[-1,-82],[3,-51],[-17,-61],[-20,-46],[-46,-38],[-81,-45],[-49,-40],[-48,-60],[-37,-49],[-60,-79],[-49,-17],[-85,5],[-48,39],[-43,55],[-36,51],[-57,64],[-67,40],[-57,58],[-19,35],[3,28],[-6,50]],[[15604,55440],[18,-2],[30,1],[18,11],[2,54],[-13,18],[-23,2],[-32,-6],[-25,-18],[-13,-14],[-24,-1],[-11,18],[-11,22],[-31,11],[-12,16],[17,94],[67,-8],[2,16],[15,17],[40,12],[13,52],[-35,8],[4,9],[4,58],[-5,49],[-15,8],[-23,13],[0,14],[4,43],[15,64],[27,64],[14,32],[16,19],[30,19],[30,6],[145,-2],[8,-19],[15,-17],[30,-14],[-4,-43],[-28,-176],[63,-11],[27,163],[85,-12],[15,5],[22,76],[90,-51],[56,-19],[52,-17],[48,-6],[64,3],[48,-3],[39,3],[21,9],[38,-11],[8,-35],[-7,-26],[-25,-14],[-45,-23],[-59,-21],[-61,-28],[-56,-26],[1,-362],[3,-49],[91,-24],[-1,-13],[-7,-182],[-5,-46],[-38,-13],[-58,-17],[-48,-13],[-73,-12],[-79,-18],[-33,-7],[-59,-2],[-43,-8],[-41,2],[-43,9],[-47,19],[-48,24],[-54,20],[-44,20],[-56,18],[-82,24],[-31,16],[-5,11],[15,98],[86,-9],[17,128]],[[37439,22179],[-145,-254],[-139,-237],[-22,-13],[-37,25],[-214,190],[-141,133],[-68,37],[-55,24],[-67,86],[-73,141],[-41,115],[21,83],[66,70],[87,114],[24,37],[17,46],[12,49],[34,108],[34,65],[116,179],[90,108],[37,34],[224,123],[193,119],[148,88],[131,92],[136,98],[63,63],[27,30],[4,37],[-67,161],[-87,232],[-24,72],[23,24],[63,10],[116,-22],[126,-15],[88,18],[127,58],[140,66],[120,46],[75,17],[31,-9],[137,-172],[143,-228],[-11,-30],[-177,-242],[-95,-110],[-121,-172],[-112,-194],[-169,-257],[-159,-211],[-225,-306],[-46,-40],[-160,-203],[-198,-283]],[[32565,28088],[-266,384],[-131,202],[-7,22],[26,29],[55,41],[174,99],[161,110],[256,158],[188,104],[229,148],[300,182],[67,39],[136,92],[27,8],[109,-33],[77,-19],[51,-9],[18,-26],[-18,-46],[-16,-50],[-9,-53],[-12,-58],[-5,-61],[-8,-55],[-17,-48],[-27,-38],[-86,-69],[-75,-70],[-198,-142],[-94,-44],[-21,-17],[-45,-5],[-62,-22],[-76,-55],[-50,-59],[-57,-45],[-104,-71],[-59,-71],[-50,-113],[-73,-64],[-60,-60],[-37,-61],[-86,-28],[-76,-139],[-49,13]],[[30539,35799],[50,-21],[35,-24],[66,-51],[73,-61],[108,-76],[91,-66],[44,-42],[-3,-17],[-15,-43],[54,-125],[44,-78],[37,-39],[40,-12],[66,-32],[44,-23],[17,-21],[35,-147],[46,-209],[-4,-36],[-21,-38],[-69,-76],[-100,-85],[-98,-53],[-137,-54],[-52,-18],[-24,5],[-13,19],[13,28],[88,84],[76,80],[15,48],[1,38],[39,108],[18,54],[6,34],[-7,36],[-52,121],[-24,21],[-49,10],[-53,-9],[-21,-28],[-24,-49],[-2,-24],[6,-62],[3,-61],[-20,-72],[-72,-163],[-53,-110],[-24,-17],[-18,1],[-35,7],[-135,55],[-79,51],[-111,80],[-90,81],[-137,139],[-73,75],[-51,54],[-52,87],[-72,133],[-124,291],[-83,192],[-100,196],[-67,139],[-24,62],[-8,42],[-2,51],[11,43],[27,48],[44,48],[121,146],[80,66],[144,127],[55,40],[20,3],[20,-19],[4,-18],[4,-38],[2,-65],[1,-68],[3,-66],[-7,-80],[-9,-95],[-2,-38],[9,-35],[8,-38],[133,-254],[46,-8],[189,-42],[150,-29],[30,-8]],[[2952,92424],[-70,193],[1,17],[16,19],[142,41],[20,-11],[24,-68],[40,3],[24,-78],[-14,-27],[-166,-97],[-17,8]],[[18219,51372],[-50,-39],[-94,-106],[-85,-97],[-32,-25],[-33,68],[-14,87],[23,35],[28,6],[62,45],[30,34],[5,20],[-8,29],[-18,26],[-4,29],[14,28],[-2,7]],[[66684,14106],[48,121],[10,1],[250,-92],[21,12],[129,-49],[-31,-107],[-126,48],[-12,-13],[-114,37],[-16,-24],[-159,66]],[[1376,120829],[55,-13]],[[1431,120816],[-86,-225]],[[1345,120591],[-188,76],[-24,23],[-7,24],[23,59],[106,-28],[54,114],[67,-30]],[[9259,79909],[84,27],[18,-7],[42,-152],[103,13],[17,-14],[59,-127],[-4,-21],[-21,-11],[-199,-74],[-15,0],[-17,12],[-21,19],[-52,194],[4,14],[22,13],[3,22],[-23,92]],[[22904,38042],[-21,165],[2,17],[40,4],[7,-100],[21,5],[12,23],[-6,97],[-18,135],[-35,190],[4,28],[33,15],[45,1],[18,-29],[34,0],[16,-104],[-38,-6],[27,-211],[15,-126],[-4,-21],[-22,-31],[-66,-36],[-39,-19],[-25,3]],[[49487,14130],[85,17],[17,-13],[104,31],[15,-8],[23,-61],[106,3],[19,-24],[17,-55],[-23,-19],[-17,-11],[11,-73],[-69,-29],[-14,34],[-10,17],[-108,-23],[-73,-14],[-20,7],[-12,50],[-22,32],[-16,22],[-10,24],[-10,32],[7,61]],[[69004,13974],[89,-6],[34,1],[160,-27],[17,-15],[-9,-102],[-62,-2]],[[69233,13823],[-41,-1],[-221,31]],[[68971,13853],[12,92]],[[68983,13945],[21,29]],[[30918,23485],[44,40],[24,12],[88,66],[9,3],[138,-110],[0,-15],[-86,-86],[-15,-7],[-31,-22],[19,-39],[-42,-31],[-18,12],[-130,177]],[[2174,125265],[-1,315],[20,3],[19,-3],[1,-43],[15,-14],[100,-16],[33,-24],[30,-31],[26,-32],[14,-155],[-6,-11],[-251,11]],[[69215,26788],[123,173],[87,-53],[14,-31],[14,-62],[60,-46],[14,-48],[-17,-70],[-91,25],[-134,47],[-36,15],[-34,50]],[[73338,15162],[-363,285],[14,19],[-17,25],[2,16],[72,81],[27,-14],[209,-169],[169,-135],[1,-12],[-114,-96]],[[15141,59321],[164,-17],[-12,-47],[33,-26],[-6,-20],[80,-25],[-4,-38],[93,-65],[-62,-138],[-72,53],[-112,76],[21,18],[-1,15],[-22,26],[-86,68],[-48,33],[34,87]],[[69800,29799],[180,-13],[4,-10],[-29,-145],[-13,-73],[-11,-39],[-16,-26],[-16,-15],[-20,-1],[-172,140],[-14,25],[34,64],[21,26],[14,17],[15,14],[10,15],[13,21]],[[2180,124119],[195,0],[64,-9],[24,-19],[2,-22],[-9,-21],[-22,-40],[-12,-22],[-16,-11],[-115,0],[-2,-21],[-109,3],[-10,17],[0,141],[10,4]],[[26621,26355],[119,-47],[9,-21],[-2,-23],[-8,-40],[-16,-1],[-12,-76],[39,-4],[14,-13],[-1,-21],[-8,-22],[-16,-31],[-30,-14],[-29,0],[-139,24],[-2,13],[10,89],[33,107],[10,1],[29,79]],[[72200,14357],[156,126],[18,-8],[135,-80],[-5,-11],[-178,-152],[-118,114],[-8,11]],[[21509,39781],[74,17],[13,-21],[27,-87],[57,-200],[-9,-20],[-91,-25],[-32,42],[-26,83],[-22,99],[-6,95],[15,17]],[[50060,15104],[148,21],[22,2],[-2,78],[10,15],[116,19],[51,-155],[-7,-12],[-130,-11],[21,-121],[-14,-10],[-107,-26],[-18,24],[-91,165],[1,11]],[[22799,33781],[145,-7],[42,137],[21,35],[19,12],[23,10],[40,-11],[18,-12],[-45,-162],[21,-7],[36,-3],[14,-20],[2,-102],[-13,-14],[-43,2],[-2,-49],[-17,-21],[-139,-3],[-33,9],[-25,21],[-14,33],[-59,132],[9,20]],[[3783,90648],[119,44],[-17,119],[33,19],[67,4],[18,-25],[65,-171],[-25,-15],[34,-122],[-27,-19],[-105,-12],[-40,103],[53,25],[-24,54],[-71,-27],[-39,8],[-30,5],[-11,10]],[[58765,15598],[-9,67],[5,11],[13,5],[22,0],[73,10],[0,61],[167,25],[9,-6],[4,-87],[-107,-12],[-26,-3],[4,-41],[21,5],[2,-18],[29,-4],[-1,-28],[96,8],[13,-65],[-184,-29],[-81,-9],[-23,-5],[-9,1],[-18,114]],[[10653,71915],[86,-180],[61,-119],[-26,-7]],[[10774,71609],[-273,-75]],[[10501,71534],[-4,99],[32,50],[33,58],[-29,159]],[[10533,71900],[120,15]],[[29646,24945],[-175,-118]],[[29471,24827],[-95,153],[-45,96],[-8,37],[38,36],[35,14],[89,18],[25,-19],[136,-217]],[[21549,35158],[154,-35],[-28,-82],[65,-15],[-65,-237],[-25,-3],[-98,14],[35,124],[-101,35],[63,199]],[[53195,14875],[11,-51],[-10,-15],[-34,9],[-36,-5],[-28,-14],[-34,-3],[-37,-8],[-43,-21],[-21,15],[-1,51],[-5,24],[-17,2],[-4,67],[1,112],[16,11],[130,23],[26,-12],[13,-25],[4,-38],[0,-35],[-7,-20],[33,0],[29,6],[7,-21],[7,-52]],[[66570,22045],[141,-101],[10,-20],[-176,-317],[-23,-15],[-20,-7],[-8,23],[7,43],[2,62],[0,55],[-12,45],[-15,26],[-6,17],[100,189]],[[16985,52056],[-84,135],[-48,64],[73,49],[139,99],[82,69],[25,17],[9,-21],[-1,-47],[-15,-131],[-3,-38],[-20,-33],[-77,-75],[-80,-88]],[[28170,25576],[44,-21],[39,7],[40,-4],[80,61],[47,42],[50,-3],[40,-50],[23,-24],[-43,-39],[-70,-39],[-36,-57],[-57,-32],[-57,-29],[-50,50],[-26,32],[-17,35],[-7,32],[0,39]],[[48715,12645],[179,1],[11,-8],[5,-130],[-90,4],[-2,-40],[-213,-12],[2,106],[58,3],[20,7],[15,9],[7,14],[8,46]],[[68571,13665],[45,184],[10,12],[137,-24],[15,-16],[-51,-170],[-4,-33],[7,-33],[118,-14],[30,-6],[-8,-52],[-20,-10],[-152,34],[-157,43],[0,4],[17,49],[13,32]],[[82969,5424],[119,61],[160,74],[142,52],[31,-57],[-381,-250],[-71,120]],[[60960,15956],[85,-1],[7,124],[10,4],[140,11],[-6,-164],[-11,-13],[-23,-6],[-48,4],[2,-79],[-10,-16],[-155,-4],[-9,18],[9,110],[9,12]],[[58456,14728],[119,4],[4,-12],[-1,-52],[100,1],[4,-10],[-8,-146],[-15,-7],[-35,1],[-54,16],[-32,9],[-21,8],[-21,6],[-22,4],[-11,8],[-6,13],[-1,157]],[[17946,51018],[11,47],[112,121],[75,83]],[[43140,14182],[247,-44],[-11,-150],[-15,-9],[-305,43],[22,166]],[[58253,16050],[65,5],[-2,50],[11,10],[44,0],[14,-9],[5,-66],[55,3],[8,-9],[13,-141],[-16,-10],[-171,-16],[-10,10],[-16,173]],[[10056,73827],[-170,-9],[-14,13],[-5,139],[-34,20],[-17,35],[8,22],[22,-7],[25,-10],[19,-4],[18,18],[4,26],[96,-5],[12,-47],[9,-24]],[[62089,16258],[54,33],[21,0],[96,-106],[15,-6],[24,9],[17,-11],[99,-72],[-27,-27],[7,-12],[76,-29],[2,-6],[-36,-15],[-48,-6],[-40,26],[-10,0],[-26,-13],[-15,-11],[-101,-9],[-49,80],[-3,17],[20,21],[17,17],[-3,14],[-24,32],[-66,74]],[[28496,27227],[44,-25],[63,85],[53,-74],[-43,-57],[13,-67],[-103,-131],[-130,116],[-20,35],[123,118]],[[67580,23745],[56,-31],[0,-17],[-72,-230],[-5,-46],[-22,-62],[-53,-142],[-60,-1],[-61,45],[70,189],[42,92],[105,203]],[[17676,50350],[-170,-136],[-74,-58],[-106,135],[14,18],[-5,24],[80,60],[66,33],[35,45],[57,14],[29,-40]],[[17602,50445],[70,-90],[4,-5]],[[69431,27196],[66,121],[21,12],[43,-6],[14,-18],[8,-285],[-142,11],[-6,19],[-4,146]],[[49771,15374],[132,23],[13,-13],[77,-240],[-8,-9],[-150,-22],[-11,11],[-53,250]],[[17920,52053],[-32,-108],[-8,-7]],[[17880,51938],[-31,-24],[-47,38],[-55,1],[-138,-111],[-30,25],[56,74],[-13,31],[-2,34],[130,146],[170,-99]],[[71045,17541],[132,-34],[10,-17],[-44,-229],[-15,-4],[-134,69],[-1,23],[42,185],[10,7]],[[57731,18143],[72,-32],[2,-15],[-75,-145],[-40,-93],[-31,16],[-28,-47],[48,-32],[-24,-47],[-19,1],[-25,-6],[-19,0],[-18,14],[0,20],[3,39],[0,14],[-7,20],[-9,21],[5,26],[15,32],[20,0],[21,-7],[18,1],[32,43],[-35,25],[-38,-32],[-15,10],[1,19],[113,141],[18,18],[15,-4]],[[66056,21318],[61,73],[15,0],[70,-43],[31,54],[13,-3],[116,-65],[11,-16],[-30,-61],[-31,-19],[-31,-24],[-24,-21],[-19,-10],[-22,-1],[-43,13],[-36,25],[-39,35],[-31,30],[-11,33]],[[17602,50445],[65,42],[23,-12],[123,-182],[65,49],[17,-8],[60,-98],[-2,-12],[-92,-82],[-19,3],[-70,104],[-27,39],[-14,-10],[-55,72]],[[64540,15845],[48,-22],[22,46],[41,-26],[37,-59],[15,-11],[14,-4],[15,15],[16,-11],[40,-25],[45,66],[17,-10],[19,29],[38,-50],[-35,-68],[21,-38],[58,-56],[29,-2],[12,11],[26,49],[57,-43],[-65,-101],[-52,15],[-116,79],[-32,-45],[-19,2],[-25,4],[-22,18],[-89,30],[-1,15],[35,50],[-152,84],[-16,13],[19,45]],[[78959,10583],[235,-42],[-9,-76],[-4,-52],[-16,-21],[-244,35],[11,73],[27,83]],[[16251,55056],[73,3],[62,-2],[55,10],[32,8],[113,2],[-1,-87],[-49,-8],[5,-84],[-43,-14],[-12,-1],[-53,-1],[-2,45],[-36,15],[-39,-4],[-25,-6],[-37,7],[-42,15],[-1,102]],[[70786,17762],[94,-6],[24,-13],[10,-24],[-50,-349],[-14,-31],[-21,-3],[-86,1],[-10,18],[-23,76],[-18,51],[-7,47],[-1,45],[5,52],[26,53],[36,50],[35,33]],[[6018,87861],[223,189],[75,79],[20,-10],[31,-51],[-8,-33],[-64,-54],[1,-28],[4,-35],[-12,-40],[-23,-23],[-48,-6],[-81,-5],[-57,-18],[-28,-12],[-17,6],[-24,30],[8,11]],[[20188,35169],[-7,46],[-1,49],[-35,3],[3,53],[34,3],[0,34],[37,3],[2,10],[-11,36],[-8,27],[5,35],[118,-3],[47,-19],[-8,-28],[-1,-25],[-1,-37],[21,-15],[6,-38],[27,-5],[1,-64],[-1,-62],[-58,4],[-7,-44],[-34,-1],[0,-23],[-22,4],[-32,21],[-75,36]],[[9486,73157],[202,45],[23,-1],[10,-13],[67,10],[36,-81],[83,19],[32,-81],[-204,-58],[-31,88],[-81,-10],[-13,58],[-116,-30],[-8,54]],[[18712,48170],[-128,-59],[27,-74],[-38,-25],[-62,123],[23,21],[-90,186]],[[18444,48342],[156,58]],[[18600,48400],[19,-43],[37,-70],[56,-117]],[[25750,27846],[84,103],[17,29],[77,82],[23,-13],[88,-54],[-1,-11],[-113,-166],[-50,-84],[-27,10],[-18,13],[2,22],[-11,20],[-71,49]],[[22484,34909],[219,133],[65,42],[25,3],[76,-112],[3,-24],[-92,-42],[-89,-30],[-153,-76],[-54,106]],[[6414,86883],[-44,-12],[-11,14],[-31,79],[39,29],[42,22],[54,21],[20,8],[20,-1],[163,73],[14,7],[2,36],[196,84],[27,4],[36,-117],[-7,-12],[-226,-90],[-44,-33],[-25,-15],[-146,-70],[-79,-27]],[[83408,5243],[160,-310],[-29,-23],[-42,-43],[-66,-52],[-62,95],[8,23],[-71,104],[-42,-42],[-78,108],[100,83],[65,38],[57,19]],[[64892,19526],[232,-116],[-1,-16],[-48,-91],[-17,2],[-16,1],[-58,-100],[-17,-10],[-176,101],[-15,14],[29,81],[29,28],[31,48],[27,58]],[[16744,52901],[6,21],[25,12],[28,-2],[14,-5],[21,-24],[17,-54],[45,-105],[29,-22],[28,-4],[24,-6],[24,-30],[123,-174],[10,-21],[-21,-17],[-100,-66],[-27,-9],[-20,11],[-39,70],[-71,124],[-33,56],[-37,125],[-46,120]],[[73108,13029],[25,-47],[48,-57],[41,22],[25,-7],[9,-24],[-19,-63],[10,-36],[-8,-33],[-15,-2],[-11,24],[-22,-7],[-16,10],[-13,5],[-18,-15],[9,-28],[-5,-27],[-29,-22],[-15,-20],[-34,11],[-13,22],[20,39],[-12,11],[-28,3],[-10,10],[-22,25],[-3,41],[-9,9],[26,33],[3,35],[-1,25],[-2,13],[15,19],[37,15],[37,16]],[[66713,14071],[235,-92],[-104,-254],[-169,89],[-11,22],[-14,15],[-24,22],[87,198]],[[3594,91300],[187,50],[18,2],[7,-19],[56,9],[10,-9],[12,-40],[-2,-31],[-3,-8],[-10,-26],[-30,-25],[-9,-25],[-6,-17],[-110,-62],[-22,-7],[-35,92],[-44,0],[-26,92],[7,24]],[[82665,6499],[96,43],[117,21],[40,-21],[23,-127],[-176,-11],[-20,-46],[-80,-7],[-7,42],[7,106]],[[52312,15136],[280,-133],[-36,-59],[-12,-26],[-11,-41],[-11,-24],[-38,5],[-25,25],[-51,28],[-15,8],[-19,-11],[-19,6],[-28,8],[-13,0],[-5,-11],[-31,24],[12,85],[13,70],[9,46]],[[57955,15169],[6,-141],[-14,-17],[-3,-59],[-14,1],[-2,-73],[-132,7],[-48,-9],[3,112],[77,5],[-2,159],[129,15]],[[62695,16778],[160,13],[35,-5],[15,-18],[1,-268],[-7,-21],[-194,-1],[-14,6],[4,294]],[[19475,44867],[-76,2],[0,14],[11,25],[5,23],[-5,30],[-1,29],[7,18],[23,4],[21,-6],[29,-20],[34,-13],[36,-11],[28,-8],[21,-1],[16,-5],[5,-48],[18,-31],[9,-23],[1,-25],[-8,-28],[-2,-16],[33,-131],[-38,-18],[-5,-20],[6,-19],[-8,-12],[-130,-44],[-24,16],[-30,129],[2,19],[23,4],[13,9],[-14,157]],[[11922,70142],[-34,-4],[-80,2],[-6,72],[152,1],[-9,147],[75,9],[170,-19],[-4,-123],[-110,4],[-4,-103],[10,-140],[-103,-19],[-18,26],[-4,148],[-35,-1]],[[65493,18644],[66,-23],[-100,-250],[-21,-10],[-29,8],[-78,102],[-16,24],[-118,30],[-20,25],[1,45],[18,22],[60,-1],[104,-17],[43,-3],[41,10],[18,11],[31,27]],[[4601,89889],[152,112],[16,0],[124,-200],[-11,-25],[-69,-47],[16,-17],[-23,-18],[12,-25],[-31,-28],[-131,155],[-52,54],[-3,39]],[[16914,50758],[86,-112],[-94,-87],[-141,-143],[-74,-43],[-100,-51],[-29,-12],[-6,15],[63,65],[86,102],[99,130],[53,62],[40,80],[17,-6]],[[21409,34761],[48,-11],[-15,-70],[119,-8],[2,-31],[0,-59],[-6,-24],[-29,-62],[-29,-34],[-15,-27],[-15,-40],[-40,-175],[-17,-9],[-75,11],[-7,16],[17,52],[2,53],[8,120],[-2,43],[5,96],[9,45],[20,54],[15,47],[5,13]],[[70667,15149],[73,-53],[-2,-23],[-5,-27],[-14,-14],[-36,-7],[-54,-6],[-21,12],[-16,57],[-45,-5],[-21,4],[-23,18],[-22,43],[-42,60],[-5,18],[-7,66],[-3,47],[92,18],[28,-69],[76,23],[-1,-46],[1,-41],[4,-33],[43,-42]],[[598,124818],[183,-12],[3,147],[55,-2],[2,-415],[-10,-7],[-265,4],[-4,8],[5,79],[10,52],[21,146]],[[18641,49043],[86,74],[47,-36],[168,71],[48,-90],[-172,-77],[-83,-77],[-47,32],[-47,103]],[[17790,50687],[-97,-53],[-56,-45]],[[17637,50589],[-99,-62]],[[17538,50527],[-95,135],[-27,-1],[-67,-64],[-79,-62],[-61,-59],[-41,47],[17,32],[112,95],[86,89],[71,0],[93,18],[166,46]],[[395,120235],[-164,48],[-4,13],[43,250],[5,8],[17,2],[20,-10],[12,34],[50,-18],[2,-13],[-7,-31],[96,-52],[-12,-108],[-24,-50],[-34,-73]],[[58014,13575],[63,-2],[33,-2],[54,3],[79,8],[26,12],[-3,87],[35,3],[0,-23],[49,-1],[-1,-97],[47,5],[4,-25],[-18,-14],[-26,-12],[-29,0],[-25,0],[-13,-8],[-25,-16],[-33,-11],[-36,-2],[-32,2],[-45,2],[-88,-3],[-13,-2],[-3,96]],[[59073,15699],[89,3],[18,0],[14,8],[4,6],[30,4],[14,12],[11,14],[0,4],[-4,67],[46,10],[13,0],[63,-252],[-108,-21],[-4,0],[-9,74],[-163,-14],[-5,4],[-9,81]],[[18600,48400],[-15,33]],[[18585,48433],[72,4],[137,31],[47,11],[23,-10],[68,-132],[-27,-29],[31,-85],[-13,-27],[-186,-79],[-25,53]],[[71245,15782],[27,-1],[29,-29],[41,-50],[-4,-25],[-22,-41],[-8,-28],[-17,-96],[-16,-64],[-8,-16],[-109,32],[-2,19],[27,147],[20,8],[3,10],[2,54],[12,41],[25,39]],[[25309,28412],[74,110],[158,-124],[3,-20],[1,-31],[-43,-77],[-38,-26],[-13,-1],[-59,17],[-17,8],[-6,15],[-36,75],[-14,32],[-10,22]],[[10564,71353],[-63,181]],[[10774,71609],[57,-177]],[[6835,84618],[-95,-37]],[[6740,84581],[-43,-17],[-61,73],[-18,30],[12,26],[33,14],[219,92],[75,-133],[-122,-48]],[[65217,19620],[-84,-203],[-229,125],[114,218],[21,0],[64,-29],[-48,-79],[65,-27],[14,41],[83,-46]],[[20597,36732],[45,-21],[-5,-7],[15,-23],[59,-13],[8,41],[46,-13],[-12,-38],[14,-18],[5,-20],[-2,-14],[87,-44],[-40,-179],[-20,4],[-172,51],[-31,3],[-31,14],[-22,23],[2,37],[12,57],[20,83],[-4,20],[2,23],[24,34]],[[5531,86164],[-29,55],[4,26],[15,12],[167,13],[78,7],[3,36],[147,14],[10,-96],[-9,-13],[-133,-19],[-81,-5],[-172,-30]],[[1580,119699],[-18,15],[63,243],[16,9],[15,-18],[158,-232],[14,-41],[-34,-146],[-26,17],[-25,43],[3,15],[8,39],[-174,56]],[[51349,15299],[100,32],[71,37],[53,-100],[68,-125],[35,-67],[-30,-19],[-28,-12],[-38,-10],[-43,-4],[-38,41],[-59,96],[-59,56],[-32,75]],[[12510,76851],[-42,-202],[-33,-3],[-22,10],[-57,40],[-47,44],[-84,100],[-16,26],[0,28],[4,18],[26,32],[43,-15],[63,-30],[16,25],[14,8],[135,-81]],[[65940,22331],[32,1],[250,-148],[9,-22],[-59,-140],[-17,-3],[-148,91],[-28,0],[-52,8],[-61,37],[-2,21],[76,155]],[[31472,23404],[65,86],[124,75],[52,-30],[-16,-30],[40,-28],[-40,-89],[-14,-14],[-32,10],[-51,-104],[-135,112],[7,12]],[[83571,4840],[58,56],[30,23],[31,29],[25,-1],[44,-77],[12,-4],[69,41],[16,-11],[71,-147],[2,-19],[-93,-59],[-104,123],[-41,-18],[-29,-6],[-36,19],[-35,29],[-20,22]],[[72663,18130],[190,-89],[-58,-118],[104,-50],[-28,-56],[-11,-10],[-23,-3],[-19,3],[-26,14],[-102,51],[-8,13],[-14,162],[-3,38],[-10,17],[-2,13],[10,15]],[[57619,16171],[206,11],[0,-314],[-159,-10],[-12,5],[-2,10],[-14,163],[62,2],[7,7],[8,19],[-5,22],[-17,3],[-61,-3],[-14,7],[1,78]],[[3700,88900],[4,-59],[-77,-2],[-14,-10],[-20,-7],[-26,2],[-12,57],[-76,17],[-6,37],[17,24],[105,48],[25,11],[62,-17],[126,-34],[70,-37],[45,-43],[-19,-26],[-87,-38],[-15,12],[-1,57],[-8,7],[-93,1]],[[16174,57844],[32,-11],[28,-39],[55,13],[17,-41],[16,-35],[25,0],[23,-58],[15,-93],[13,-66],[-6,-55],[-6,-31],[-8,-16],[-36,-8],[-40,-11],[-21,-11],[-17,34],[-6,35],[-24,-2],[-34,2],[-37,23],[-21,101],[2,80],[15,40],[22,15],[40,-4],[12,11],[-21,19],[-47,9],[-3,49],[-5,30],[17,20]],[[13805,59475],[78,-17],[-12,-59],[2,-13],[33,-4],[37,0],[81,12],[13,1],[7,-14],[14,-39],[20,-48],[-12,-15],[-12,-19],[-27,-5],[-34,-8],[-40,-7],[-38,-33],[-73,2],[-20,19],[-6,32],[6,27],[-8,27],[0,56],[-16,6],[-11,49],[18,50]],[[1431,120816],[110,-16],[1,-112],[-10,-140]],[[1532,120548],[-40,-80],[-25,-15],[-43,6],[-21,24],[-27,34],[-22,46],[-9,28]],[[69572,27651],[-12,-79],[-10,-16],[-17,6],[-15,51],[-9,38],[15,119],[11,81],[2,23],[9,43],[-16,117],[3,39],[92,-7],[25,-51],[-19,-76],[-11,-68],[-18,-73],[-30,-147]],[[66069,21034],[150,-1],[10,-12],[-25,-56],[-29,-68],[-18,-65],[-14,-81],[-5,-80],[-3,-25],[-19,6],[-47,69],[-33,46],[-5,55],[-11,53],[0,37],[21,68],[28,54]],[[67736,14122],[21,5],[23,-2],[54,-2],[120,-15],[35,-6],[21,-12],[19,-27],[7,-23],[-14,-27],[-111,-110],[-25,1],[-23,8],[-23,18],[-28,7],[-16,5],[-10,33],[-8,40],[-15,18],[-40,12],[-8,16],[21,61]],[[59504,15838],[18,3],[1,5],[-8,43],[148,38],[26,-2],[25,-234],[-5,-12],[-11,-7],[-13,-5],[-18,-15],[-26,-15],[-24,-17],[-19,-10],[-48,-7],[-12,1],[-34,234]],[[16013,54003],[-15,167],[56,7],[43,-3],[8,24],[13,22],[31,1],[208,-8],[31,-35],[-3,-49],[-19,-115],[-42,-7],[-133,7],[-178,-11]],[[65940,18470],[69,-32],[22,52],[70,-47],[33,46],[29,-15],[14,25],[103,-57],[4,-18],[-60,-125],[-23,-4],[-255,74],[-36,13],[3,20],[27,68]],[[65309,19579],[61,-25],[-14,-40],[31,-19],[45,101],[84,-44],[43,-29],[32,-80],[-16,-135],[-182,17],[-81,11],[-16,11],[38,81],[-69,35],[44,116]],[[13749,61412],[53,105],[52,145],[18,32],[15,22],[16,17],[126,5],[16,-9],[-6,-124],[38,-10],[9,-9],[-14,-88],[-13,-5],[-97,7],[-1,-45],[-2,-24],[-10,-17],[-23,-19],[-27,-10],[-122,-7],[-16,11],[-12,23]],[[61258,15173],[11,-179]],[[61269,14994],[-72,1],[-6,-32],[-10,-18],[-1,-85]],[[61180,14860],[-25,-1]],[[61155,14859],[-95,-5]],[[61060,14854],[-1,118],[-2,144],[3,19],[23,41],[175,-3]],[[9824,74648],[78,-73],[-49,-71],[19,-20],[20,-16],[-57,-148],[-91,56],[-21,11],[-19,-32],[-59,40],[7,20],[92,120],[32,46],[31,44],[17,23]],[[16994,50905],[124,138]],[[17118,51043],[21,-9],[73,-75],[53,-56],[-4,-17],[-124,-107],[-44,-36]],[[17093,50743],[-61,-51],[-20,2]],[[17012,50694],[-47,64],[82,72],[-53,75]],[[61498,14889],[37,-2]],[[61535,14887],[80,3],[13,0]],[[61628,14890],[109,1]],[[61737,14891],[74,15]],[[61811,14906],[61,12],[16,3]],[[61888,14921],[28,-128]],[[61916,14793],[-68,-9]],[[61848,14784],[-88,7],[-27,78],[-154,5],[-4,-237],[-68,-2]],[[61507,14635],[-3,129],[-6,125]],[[6548,90219],[71,-78],[47,-92],[80,-71],[65,-51],[-62,-116],[-27,-3],[-102,111],[-58,97],[-45,37],[-53,54],[-18,47],[51,50],[51,15]],[[1046,110589],[88,149],[52,40],[35,-3],[31,-25],[28,-48],[8,-32],[-6,-42],[-83,-92],[-56,-42],[-53,-15],[-45,17],[-12,33],[13,60]],[[69665,14213],[108,20],[22,-16],[8,-27],[-36,-212],[-28,-25],[-35,-9],[-72,6],[-8,27],[30,228],[11,8]],[[1960,120306],[-49,11],[-16,69],[-96,-19],[-33,19],[-27,22],[-3,23],[52,92],[104,-4],[49,18],[101,-11],[21,-17],[-85,-200],[-18,-3]],[[6543,84011],[93,8],[44,0],[43,-13],[12,-50],[-10,-111],[-25,-84],[-87,32],[22,65],[-126,37],[7,111],[27,5]],[[67091,24290],[89,115],[62,-70],[-10,-14],[189,-197],[-12,-27],[-103,-77],[-59,51],[-50,55],[-63,81],[-43,83]],[[16780,50401],[42,-48]],[[16822,50353],[108,-145],[-53,-60],[-61,53],[-56,-40],[-60,56],[-68,-56],[-76,-61],[-93,124],[84,81],[47,-43],[53,39],[116,102],[17,-2]],[[17563,49990],[243,202],[53,-83],[-114,-149],[-102,-82],[-31,47],[-47,50],[-2,15]],[[8847,83303],[-86,-21],[-31,0],[-20,6],[-22,21],[-10,31],[22,65],[39,42],[33,9],[34,2],[30,14],[24,27],[24,14],[42,-6],[27,-23],[8,-30],[-14,-101],[-18,-27],[-40,-15],[-42,-8]],[[65031,18347],[221,-90],[13,7],[23,-14],[-4,-46],[-26,-71],[-27,-47],[-66,26],[-30,-32],[-179,79],[27,83],[26,63],[22,42]],[[20263,44968],[116,3],[94,0],[17,-12],[32,-96],[-5,-23],[-39,-61],[-32,-6],[-175,-32],[-10,12],[2,215]],[[70007,29794],[137,25],[5,-31],[-10,-131],[-15,-93],[-33,-10],[-2,-25],[-36,-108],[-123,66],[16,38],[22,89],[29,111],[10,69]],[[68280,13921],[12,14],[29,-6],[2,-25],[3,-28],[19,-19],[9,-18],[-7,-42],[44,-14],[12,43],[141,-34],[36,-14],[-18,-58],[-24,-84],[-23,-86],[-26,3],[-64,5],[-30,24],[12,70],[-60,7],[-32,-68],[-97,22],[-12,20],[55,213],[19,75]],[[68143,13969],[30,7],[50,-2],[39,-13],[1,-14],[-61,-259],[-26,-87],[-32,-1],[-87,16],[23,97],[-58,13],[-1,13],[39,137],[20,8],[38,0],[11,48],[14,37]],[[82922,5192],[127,86],[55,-33],[82,45],[91,0],[88,25],[3,-23],[-55,-45],[-151,-111],[-82,-57],[57,-59],[47,-42],[37,-30],[28,-27],[19,-18],[10,-20],[-8,-14],[-50,-18],[-14,12],[-25,18],[-13,12],[-58,-22],[-22,11],[-79,135],[4,15],[-91,160]],[[64859,18030],[106,-42],[28,-19],[-96,-194],[40,-20],[39,45],[-17,11],[43,30],[107,-59],[-121,-193],[-125,83],[-20,25],[-40,81],[-26,54],[-10,35],[10,1],[25,34],[-10,28],[9,20],[58,80]],[[50936,15732],[111,-144],[-72,-55],[-34,-20],[7,-24],[41,-72],[-14,-29],[-30,-10],[-55,17],[-37,32],[-106,142],[42,29],[77,72],[70,62]],[[66249,17055],[131,60],[147,-266],[-1,-15],[-89,-34],[-24,17],[-56,58],[-16,11],[-92,169]],[[6948,84753],[27,28],[18,34],[11,32],[5,55],[5,51],[10,31],[79,-80],[51,45],[-51,100],[25,17],[22,16],[25,-39],[-7,-91],[97,-86],[-58,-78],[-74,-61],[-59,-51],[1,-76],[-109,44],[12,26],[6,29],[-36,54]],[[67427,13602],[42,170],[11,23],[11,2],[18,-2],[34,3],[4,5],[15,41],[31,-2],[41,-22],[13,-38],[-3,-39],[-20,-84],[-43,-71],[-30,-10],[-25,4],[-99,20]],[[29646,24945],[49,-75],[-99,-78],[-194,-138],[-43,-1],[-57,75],[169,99]],[[57883,13630],[122,-4],[-1,-71],[-77,-1],[5,-57],[73,5],[1,-41],[-12,-15],[-38,-14],[-146,-23],[-61,0],[-40,18],[3,106],[-52,2],[-14,-118],[-61,6],[11,169],[126,-10],[0,-30],[11,-13],[25,-4],[18,-2],[54,0],[0,37],[53,0],[0,60]],[[2054,120084],[55,189],[30,4],[23,-2],[20,68],[24,-2],[52,-46],[-14,-114],[28,-31],[-31,-139],[-40,2],[-147,71]],[[80080,7877],[68,25],[31,-2],[24,-10],[32,-1],[57,25],[28,8],[43,0],[78,9],[50,16],[52,22],[17,8],[6,-97],[-51,-47],[-113,-20],[-30,1],[-12,3],[-16,9],[-27,15],[-24,5],[-50,-10],[-20,-2],[-13,8],[-8,5],[-38,3],[-45,-5],[-20,-2],[-19,34]],[[66972,23520],[203,129],[52,-89],[53,-91],[2,-41],[-51,-43],[-71,-44],[-44,-10],[-32,34],[-50,59],[-32,38],[-19,39],[-11,19]],[[6324,89550],[99,82],[161,-241],[-67,-159],[-54,90],[-139,228]],[[62099,15220],[-85,-11],[-29,-4]],[[61985,15205],[-21,150]],[[61964,15355],[133,20]],[[62097,15375],[43,3],[6,-41]],[[62146,15337],[13,-98]],[[62159,15239],[-60,-19]],[[66379,14281],[53,-56],[49,-59],[36,-31],[-45,-45],[-29,0],[-46,52],[-34,43],[-57,40],[73,56]],[[49614,12194],[3,-124]],[[49617,12070],[-110,-10],[-2,120],[109,14]],[[29713,24603],[197,168],[81,-101],[-205,-136],[-73,69]],[[48889,12144],[42,11],[55,-19],[18,-10],[-8,-127],[-38,-4],[-2,-50],[-63,3],[-2,59]],[[48891,12007],[-2,137]],[[80235,7352],[92,85],[22,-4],[46,-35],[30,-18],[1,-9],[-59,-80],[43,-33],[9,-19],[-91,-87],[-12,3],[-61,48],[76,94],[-96,55]],[[57833,18356],[-9,7],[59,193],[23,3],[54,-25],[33,-25],[1,-15],[-62,-177],[-8,-4],[-91,43]],[[4613,88747],[188,44],[13,-9],[-2,-51],[-20,-15],[-148,-29],[-23,3],[-8,57]],[[87506,188],[52,9],[17,-13],[48,13],[39,8],[32,-6],[11,-26],[-8,-22],[-24,-8],[-24,-8],[-8,-23],[-5,-29],[-10,-17],[-17,-5],[-9,-11],[3,-26],[1,-14],[-31,-10],[-28,2],[-14,19],[-23,107],[-12,43],[-1,17],[11,0]],[[20990,36317],[62,78],[188,-139],[0,-13],[-61,-86],[-16,2],[-177,145],[4,13]],[[22742,34477],[72,160],[17,7],[108,-32],[2,-17],[-87,-163],[-14,-1],[-98,46]],[[22510,32698],[52,10],[70,-134],[-133,-37],[-31,67],[-22,68],[64,26]],[[64567,17971],[-72,-67],[-78,87],[32,47],[-79,47],[-32,27],[39,65],[61,-37],[19,18],[103,-64],[-10,-20],[-22,15],[-14,-27],[23,-19],[-20,-24],[50,-48]],[[61786,14620],[143,27]],[[61929,14647],[11,-13]],[[61940,14634],[-11,-71],[-111,-10],[-25,8],[-7,59]],[[21970,38558],[8,14],[61,14],[165,15],[11,-67],[-14,-18],[-84,-5],[-115,-20],[-21,3],[-11,64]],[[1925,125662],[83,4],[-3,-103],[-37,-18],[-66,0],[-27,25],[0,53],[26,0],[24,39]],[[48089,12454],[8,-49],[-99,4],[11,105],[166,-13],[-1,-47],[-85,0]],[[65747,18598],[84,-26],[-47,-133],[-20,-3],[-66,29],[2,19],[47,114]],[[66539,15401],[89,89],[99,-96],[18,24],[30,-23],[-119,-128],[-14,11],[-107,110],[4,13]],[[11710,68409],[46,11],[-2,34],[3,6],[136,22],[12,-43],[44,-1],[22,-101],[-66,-11],[-11,36],[-167,-48],[-17,95]],[[21567,38239],[56,3],[16,-78],[34,-6],[13,-15],[8,-153],[-4,-6],[-42,0],[-2,34],[-46,3],[-6,104],[-8,24],[-29,77],[10,13]],[[29585,24446],[66,83],[57,36],[41,-51],[-35,-56],[-97,-58],[-32,46]],[[26391,26893],[120,-56],[-35,-67],[-128,46],[21,51],[7,13],[15,13]],[[83755,4352],[48,-48],[87,-106],[-101,-43],[-81,101],[-37,32],[18,13]],[[83689,4301],[34,26]],[[83723,4327],[32,25]],[[61510,15188],[9,3],[80,-7]],[[61599,15184],[3,-147]],[[61602,15037],[-83,-7]],[[61519,15030],[-9,158]],[[837,126195],[116,-37],[-35,-165],[-112,38],[31,164]],[[65185,17529],[79,37],[2,16],[56,17],[26,-33],[52,-117],[-126,-33],[-28,7],[-61,106]],[[20931,33909],[-3,23],[78,92],[26,10],[91,-119],[-4,-16],[-70,-38],[-103,31],[-15,17]],[[62009,14942],[-121,-21]],[[61811,14906],[-24,146]],[[61787,15052],[90,14],[79,4],[32,8]],[[61988,15078],[21,-136]],[[82495,5800],[67,58],[41,22],[36,-36],[56,36],[10,-21],[-140,-117],[-70,58]],[[67386,15512],[150,-63],[5,-16],[-37,-89],[-171,63],[53,105]],[[8876,78951],[91,37],[26,-8],[8,-13],[1,-15],[-7,-19],[1,-28],[0,-23],[-16,-23],[-70,-18],[-31,84],[-3,26]],[[61507,14635],[-16,-1],[-54,0],[-10,2]],[[61427,14636],[-2,83],[-4,163]],[[61421,14882],[62,8],[15,-1]],[[54000,16814],[76,-5],[10,-20],[-3,-214],[-7,-38],[-16,-35],[-69,10],[-2,28],[15,100],[-1,98],[-3,76]],[[47490,11239],[110,3],[4,-102],[-100,-37],[-10,15],[-4,121]],[[30160,24609],[-24,37],[12,21],[89,-20],[98,-135],[3,-83],[-15,-13],[-27,26],[-42,51],[-94,116]],[[49292,13124],[152,47],[89,14],[18,-64],[-219,-71],[-30,-15]],[[49302,13035],[-5,43]],[[49297,13078],[-5,46]],[[61421,14882],[-78,-9]],[[61343,14873],[1,180],[-14,52],[2,67]],[[61332,15172],[30,0],[58,3]],[[61420,15175],[1,-150]],[[61421,15025],[0,-143]],[[77479,12006],[-86,29],[-33,18],[-8,13],[4,27],[33,75],[112,-19],[28,-26],[-4,-19],[-22,-45],[0,-29],[0,-23],[-5,-10],[-19,9]],[[65948,19597],[96,-36],[2,-13],[-65,-139],[-22,-12],[-75,32],[-1,24],[24,79],[22,38],[19,27]],[[84898,3158],[33,62],[6,64],[22,-7],[29,31],[21,-20],[27,22],[34,30],[44,-5],[-16,-68],[5,-29],[-39,-36],[-35,16],[-110,-77],[-21,17]],[[61281,14666],[-46,8],[-29,6]],[[61206,14680],[8,182]],[[61214,14862],[62,5]],[[61276,14867],[4,-157],[1,-44]],[[64575,16162],[40,-47],[-44,-69],[43,-37],[4,-16],[-17,-12],[-68,-97],[-70,82],[112,196]],[[16680,51021],[20,1],[34,-45],[-23,-59],[-43,-11],[-77,-35],[-70,-67],[-69,135],[54,40]],[[16506,50980],[26,-35],[148,76]],[[15380,59717],[24,-10],[70,-41],[-27,-99],[-113,52],[28,102],[18,-4]],[[83231,4057],[41,18],[18,-8],[37,-59],[47,-73],[18,-34],[-4,-16],[-24,-14],[-16,-1],[-67,79],[0,16],[2,12],[-52,80]],[[1140,121144],[-121,45],[60,182],[143,-45],[-25,-76],[-40,-85],[-17,-21]],[[50181,14881],[95,23],[83,-214],[-68,-32],[-110,223]],[[27887,26753],[36,52],[19,2],[172,-142],[0,-29],[-42,-49],[-185,166]],[[83875,4425],[39,26]],[[83914,4451],[101,-163]],[[84015,4288],[-50,-29],[-99,153]],[[83866,4412],[9,13]],[[9554,73858],[25,36],[36,49],[11,7],[65,28],[52,-93],[34,-71],[4,-27],[-15,-18],[-43,-1],[-19,79],[-55,-6],[1,-71],[-66,-7],[-15,26],[-4,33],[-11,36]],[[6039,84456],[-7,10],[76,73],[65,-72],[-2,-21],[28,-29],[36,37],[53,-66],[-66,-49],[-81,62],[-20,-17],[-82,72]],[[83231,6001],[120,-142],[-97,-99],[-143,163],[120,78]],[[69222,13695],[90,-12],[10,-25],[-9,-121],[-21,-10],[-152,10],[-2,13],[5,43],[65,-5],[14,107]],[[85809,1156],[-50,74],[53,37],[51,-53],[70,-62],[-76,-56],[-48,60]],[[50102,14845],[-11,-7],[-44,-7],[-37,0],[-55,-2],[-22,30],[-2,78],[20,65],[36,24],[38,-10],[31,-16],[30,-50],[31,-68],[0,-14],[0,-15],[-15,-8]],[[11343,70434],[-2,-90],[-104,-44],[-26,0],[-22,7],[-11,14],[-3,21],[129,82],[23,11],[16,-1]],[[2339,125237],[101,-4],[-12,-135],[-99,5],[-7,-83],[-45,7],[-6,86],[45,0],[-1,56],[-5,48],[4,19],[25,1]],[[61599,15184],[35,-3],[60,-4]],[[61694,15177],[1,-132]],[[61695,15045],[-44,-3],[-29,-3]],[[61622,15039],[-20,-2]],[[5494,86449],[131,50],[15,-22],[73,31],[19,-8],[22,-27],[-67,-73],[-22,-4],[-90,-14],[-40,0],[-19,16],[-22,51]],[[30705,23142],[78,57],[48,-67],[-8,-15],[24,-39],[-53,-47],[-22,12],[-45,57],[-22,42]],[[61875,15345],[89,10]],[[61985,15205],[-92,-14]],[[61893,15191],[-18,154]],[[84435,3748],[86,106],[66,-57],[-85,-120],[-67,71]],[[1875,119487],[27,109],[13,13],[22,-7],[25,-30],[19,-14],[28,-23],[37,-23],[107,-44],[-7,-28],[-32,-38],[-24,-1],[-121,40],[-83,30],[-11,16]],[[48393,13298],[9,96],[74,9]],[[48476,13403],[138,1]],[[48614,13404],[5,-90],[-81,-4],[-145,-12]],[[62976,15873],[104,-72],[54,-46]],[[63134,15755],[-32,-93]],[[63102,15662],[-56,50],[-52,103],[-18,58]],[[51122,15704],[78,55],[9,-7],[95,-106],[17,-27],[15,-26],[-37,-52],[-22,4],[-77,80],[-51,41],[-27,38]],[[31015,22961],[65,57],[13,-6],[157,-175],[-52,-59],[-55,57],[-37,50],[-18,16],[-45,25],[-28,35]],[[22989,32712],[45,37],[70,-75],[-98,-80],[-70,79],[53,39]],[[46030,10188],[-35,21],[-13,7],[-10,-14],[-14,5],[-9,-21],[-6,-38],[-111,32],[-69,21],[-71,24],[6,66],[103,-41],[-8,-25],[48,-17],[55,88]],[[45896,10296],[104,-50],[53,-20],[-23,-38]],[[15528,53787],[9,26],[-1,49],[38,24],[6,-50],[13,-38],[-39,-88],[15,-62],[-5,-48],[-50,17],[1,84],[13,86]],[[21562,34081],[239,-24],[8,-43],[-10,-28],[-28,-13],[-196,-15],[-16,8],[3,115]],[[21449,35715],[62,90],[17,-4],[67,-60],[-1,-13],[-59,-76],[-18,0],[-68,63]],[[2543,92641],[-11,39],[-3,32],[15,41],[20,31],[79,-4],[-1,-45],[44,-5],[-6,-160],[-17,-10],[-120,81]],[[23101,32997],[163,40],[22,-1],[29,-123],[-3,-31],[-65,-27],[-40,-2],[-40,5],[-40,94],[-26,45]],[[17820,50462],[-34,-26],[-31,22],[-48,52]],[[17707,50510],[-70,79]],[[17901,50559],[2,-22]],[[17903,50537],[-83,-75]],[[64072,16106],[36,30],[33,41],[71,-118],[-44,-53],[-52,9],[10,9],[-54,82]],[[64456,15583],[-18,-34],[-35,10],[24,79],[-60,35],[-31,8],[10,46],[150,-21],[67,0],[14,-64],[32,-47],[-29,-31],[-43,69],[-37,20],[-39,-33],[-16,-17],[11,-20]],[[58127,14736],[65,2],[-2,-51],[68,3],[-5,-45],[-35,-24],[-26,-16],[-19,-11],[-25,-6],[-26,-16],[-20,-11],[-23,0],[-15,14],[-14,17],[24,43],[31,71],[22,30]],[[48466,12418],[210,4],[9,-65],[-102,-46],[-4,76],[-114,-1],[1,32]],[[83123,4234],[55,53],[-29,25],[-25,24],[-50,58],[-29,38],[45,29],[38,-53],[11,-6],[13,-6],[61,-77],[8,-17],[-12,-18],[56,-72],[-11,-14],[-36,-27],[-16,1],[-49,25],[-30,37]],[[30341,24335],[136,37],[4,-92],[-94,-35],[-10,-27],[-10,21],[-26,96]],[[11254,70959],[-19,28],[-37,58],[-26,77],[8,36],[14,33],[26,23],[55,9],[39,-5],[5,-12],[-10,-151],[-18,-53],[-11,-32],[-9,-10],[-17,-1]],[[50177,13435],[173,11],[26,-25],[1,-106],[-100,-39],[-60,-1],[-40,160]],[[82958,5731],[106,-152],[-144,-58],[-59,120],[84,41],[-13,39],[26,10]],[[48975,13952],[68,6],[12,-7],[75,-218],[-19,-7],[-74,1],[-15,13],[-47,212]],[[7901,84945],[77,42],[29,4],[60,30],[29,-52],[27,15],[32,-54],[-48,-27],[-75,-32],[-49,-16],[-31,-2],[-19,26],[-32,66]],[[21853,36324],[92,106],[11,4],[75,-56],[56,-129],[8,-41],[-5,-22],[-44,-23],[-18,6],[-178,143],[3,12]],[[60702,15135],[116,-4],[22,-15],[-4,-142],[-28,-17],[-32,2],[-54,16],[-7,25],[-13,135]],[[17277,51316],[59,37],[25,-25],[53,-56],[84,-78],[-78,-90],[-133,153],[-10,59]],[[16265,57018],[48,-19],[40,-33],[-83,-166],[-106,44],[101,174]],[[46354,11160],[81,4],[50,0],[43,-71],[1,-63],[-143,-43],[-27,5],[-5,168]],[[66461,14310],[71,-45],[9,-40],[2,-35],[20,-26],[-29,-12],[-60,42],[-60,73],[-17,29],[64,14]],[[14930,53463],[63,-4],[8,-180],[-87,3],[-47,39],[-7,74],[17,29],[53,39]],[[49190,12046],[-43,-7],[-6,-71],[-53,-3],[1,-93],[-38,2],[-9,-31],[-35,0],[-1,117],[6,204],[71,5],[14,-52],[79,-2],[14,-69]],[[6445,89639],[101,89],[129,-129],[-19,-45],[-66,-147],[-145,232]],[[29877,24482],[-22,32],[144,119],[59,-85],[-81,-94],[-49,-36],[-51,64]],[[20685,44796],[42,27],[21,1],[26,-10],[28,-22],[9,-23],[3,-23],[8,-20],[14,-26],[13,-15],[21,-25],[11,-25],[0,-21],[-90,-53],[-106,235]],[[49243,13672],[132,28],[15,-8],[24,-180],[-138,-25],[-33,185]],[[17436,49896],[101,86],[12,-6],[53,-68],[50,-67],[4,-20],[-65,-33],[-17,5],[-48,66],[-45,-24],[-16,-1],[-29,62]],[[51535,17852],[73,18],[25,-23],[73,-79],[10,-38],[-7,-48],[-96,-39],[-32,26],[-24,53],[-15,65],[-7,65]],[[27278,26760],[154,-64],[-60,-145],[-107,49],[34,71],[-44,18],[20,28],[-23,21],[26,22]],[[66640,15205],[60,88],[20,-4],[150,-59],[-3,-30],[40,-19],[-2,-16],[-38,-41],[-39,7],[-29,-12],[-17,-1],[-142,87]],[[62648,15352],[-111,-26]],[[62537,15326],[-18,-4]],[[62519,15322],[-19,89]],[[62500,15411],[118,37]],[[62618,15448],[30,-96]],[[49039,12383],[143,44],[12,-3],[-5,-161],[-150,2],[0,118]],[[70995,15243],[48,-8],[4,-19],[-8,-34],[-2,-24],[22,-30],[26,-14],[6,-20],[1,-33],[-9,-34],[-26,-27],[-26,-3],[-64,45],[-18,31],[46,170]],[[49057,13436],[65,24]],[[49122,13460],[107,59],[11,-9],[39,-110],[-112,-17],[-136,-32],[-5,20],[25,46],[6,19]],[[62869,16283],[74,164],[49,-10],[-57,-199]],[[62935,16238],[-66,45]],[[20839,37032],[27,7],[1,23],[25,10],[32,-19],[31,-20],[10,-37],[-13,-106],[-43,-6],[-60,5],[-10,21],[-12,23],[-17,31],[-2,25],[10,20],[21,23]],[[61258,15173],[74,-1]],[[61343,14873],[-27,-3],[-40,-3]],[[61276,14867],[-7,127]],[[61062,17701],[148,8],[13,-12],[-4,-154],[-16,-10],[-136,0],[-11,11],[7,39],[3,64],[-4,54]],[[62146,15337],[54,13],[1,35]],[[62201,15385],[168,23]],[[62369,15408],[20,-113]],[[62389,15295],[-59,-12],[-23,-6]],[[62307,15277],[-132,-32]],[[62175,15245],[-16,-6]],[[2982,89765],[90,23],[122,21],[3,-52],[-2,-50],[-13,-23],[-31,-2],[-128,-5],[-8,3],[-10,13],[-9,24],[-14,48]],[[10334,72207],[-9,82],[80,7],[60,-35],[-19,-71],[-112,17]],[[16638,51696],[164,146],[24,-10],[73,-101],[-15,-27],[-160,-127],[-89,100],[3,19]],[[51757,14987],[65,22],[30,-14],[14,-183],[-28,-9],[-42,-3],[-12,25],[-10,3],[-20,4],[-21,19],[-19,62],[19,12],[24,11],[4,15],[-9,27],[5,9]],[[69724,13789],[-28,34],[6,18],[142,93],[31,-28],[-8,-49]],[[69867,13857],[-143,-68]],[[16739,55151],[20,2],[29,-3],[50,-22],[25,-8],[130,4],[5,-100],[-14,-7],[-132,1],[-4,-53],[-14,-16],[-16,-9],[-3,0],[-37,4],[-24,5],[-13,17],[3,36],[-5,149]],[[1675,119172],[-26,53],[-2,34],[35,52],[1,29],[-1,48],[25,52],[39,81],[36,-25],[1,-12],[-36,-124],[-16,-86],[-4,-103],[-52,1]],[[46626,11078],[57,46],[91,7],[62,-133],[-39,-29],[-113,-18],[-26,61],[-32,66]],[[15483,53481],[34,10],[46,0],[14,-128],[27,-89],[-15,-13],[-64,9],[-37,10],[-13,9],[1,24],[9,14],[-12,90],[0,36],[10,28]],[[42707,14380],[-1,-53],[-79,7],[2,13],[11,126],[18,128],[26,15],[56,-8]],[[1517,121529],[-43,14],[-55,17],[-5,22],[28,70],[43,-5],[27,93],[28,-2],[18,-21],[-11,-43],[3,-11],[77,-13],[8,-20],[-23,-50],[-57,13],[-16,0],[-7,-10],[-15,-54]],[[50270,13162],[57,15],[33,-36],[44,-127],[0,-53],[-33,-22],[-67,-10],[-20,53],[-24,127],[10,53]],[[74658,12623],[103,-62],[-65,-93],[-29,-24],[-28,20],[-26,-23],[-19,-16],[-56,44],[120,154]],[[67307,13514],[81,-2],[21,-8],[6,-107],[-18,-2],[-94,24],[-9,19],[-1,35],[14,41]],[[62009,14942],[64,17]],[[62073,14959],[84,23]],[[62157,14982],[11,3],[19,5]],[[62187,14990],[13,-59]],[[62200,14931],[-174,-58]],[[62026,14873],[-17,69]],[[23114,31851],[35,27],[30,20],[34,12],[23,11],[78,-156],[48,-78],[-51,-21],[-59,80],[-56,-14],[-82,119]],[[6357,86841],[54,30],[18,-7],[52,-172],[-10,-13],[-121,-28],[-26,137],[45,22],[-12,31]],[[18253,48472],[118,-32],[19,-91],[15,-52],[78,-184],[-96,-26],[-36,93],[-57,156],[-41,136]],[[79009,9098],[34,48],[74,23],[62,-73],[-117,-107],[-64,-50],[-59,102]],[[78939,9041],[70,57]],[[10501,71534],[-38,146]],[[10463,71680],[-20,77],[-31,128]],[[10412,71885],[121,15]],[[51994,17589],[167,86],[75,-122],[-1,-34],[-158,-101],[-27,3],[-56,168]],[[17903,50537],[23,11],[22,-5],[92,-125],[-3,-23],[-66,-29],[-19,5],[-23,-19],[-21,0],[-88,110]],[[4750,85040],[51,0],[5,-16],[35,1],[-2,-43],[85,6],[-1,50],[112,0],[0,-82],[-11,-16],[-99,-11],[-177,-11],[-4,55],[6,67]],[[49860,13632],[58,19]],[[49918,13651],[51,17]],[[49969,13668],[47,11]],[[50016,13679],[14,-71],[-79,-24],[-71,-26]],[[49880,13558],[-20,74]],[[945,123390],[187,-2],[-1,-124],[-15,-8],[-147,-2],[-22,19],[-2,117]],[[70785,16893],[148,-33],[10,-16],[3,-195],[-26,-2],[-135,33],[-17,19],[9,185],[8,9]],[[74255,12628],[302,-225],[-28,-33],[-34,1],[-268,202],[28,55]],[[62431,15757],[85,36],[19,1],[56,-60],[3,-21],[-128,-32],[-16,7],[-19,69]],[[1854,124099],[206,3],[-5,-102],[-18,-17],[-170,-9],[-15,7],[2,118]],[[84358,4046],[27,-15],[85,-47]],[[84470,3984],[23,-83],[-31,-40],[-97,60],[-37,35],[-54,65],[0,31],[35,22],[49,-28]],[[21143,39987],[109,10],[40,-198],[-40,-6],[-89,-5],[-3,18],[-6,34],[0,42],[-3,24],[-8,81]],[[72100,15230],[78,35],[6,17],[-21,58],[61,19],[34,-64],[19,-6],[22,-14],[-3,-24],[-26,-54],[-39,-37],[-46,-31],[-16,-6],[-69,107]],[[27770,26542],[91,103],[150,-118],[-2,-9],[-56,-88],[-183,112]],[[1140,121144],[121,-36],[-66,-170]],[[1195,120938],[-121,41]],[[1074,120979],[66,165]],[[15533,54998],[-21,-112],[-55,15],[1,19],[-49,19],[37,204],[18,12],[38,-15],[44,-11],[1,-15],[-14,-116]],[[61821,15181],[72,10]],[[61985,15205],[3,-127]],[[61787,15052],[-17,-3]],[[61770,15049],[10,123]],[[61780,15172],[41,9]],[[18305,47430],[73,51],[71,42],[68,27],[22,-13],[8,-62],[-14,-23],[-96,-46],[-78,-51],[-54,75]],[[80730,6643],[49,-5],[36,24],[62,-12],[8,-51],[-11,-15],[-39,-18],[-70,3],[-36,4],[1,70]],[[31273,23071],[54,55],[94,-81],[-71,-76],[-19,12],[-58,90]],[[49570,14994],[44,30],[50,9],[188,4],[10,-10],[-40,-156],[-146,3],[-7,12],[-2,48],[-71,-4],[-23,10],[-3,54]],[[5510,87609],[49,-47],[-6,-18],[-70,-85],[-71,56],[4,17],[94,77]],[[69405,26394],[85,-19],[-11,-225],[-15,-30]],[[67241,15092],[39,-11],[13,58],[10,-5],[158,-75],[-42,-121],[-197,85],[19,69]],[[58126,16536],[73,2],[5,-12],[8,-260],[-17,-5],[-73,6],[4,269]],[[16229,51745],[138,81],[49,25],[18,-16],[13,-37],[-9,-19],[3,-25],[-6,-12],[-56,-30],[-105,-58],[-56,80],[11,11]],[[58891,15921],[89,7],[4,-106],[-9,-21],[-76,-10],[-12,10],[4,120]],[[57573,17234],[134,-2],[18,-4],[20,-11],[14,-18],[-11,-68],[-3,-146],[-13,-13],[-95,-4],[4,67],[27,1],[2,38],[-100,2],[3,158]],[[65853,19824],[60,123],[130,-73],[-62,-114],[-18,-20],[-120,62],[10,22]],[[15372,54632],[82,-13],[3,-41],[-1,-85],[-3,-17],[-9,-55],[-16,-13],[-40,1],[-36,8],[-18,3],[17,141],[5,64],[16,7]],[[79587,8807],[32,40],[163,-112],[35,66],[54,-52],[4,-18],[-61,-70],[-39,-35],[-20,2],[-168,179]],[[69838,14203],[59,18],[9,-18],[10,-63],[-17,-10],[9,-41],[6,-25],[-4,-13],[-38,-23],[-18,12],[-13,30],[-3,133]],[[66784,15400],[55,65],[20,-2],[104,-65],[-5,-14],[-49,-96],[-39,20],[-25,-32],[-39,24],[-44,33],[25,38],[-3,29]],[[48671,12955],[111,-8]],[[48782,12947],[10,-100],[-121,0],[14,40],[-24,47],[10,21]],[[61098,15378],[121,-8],[17,-79],[-15,-12],[-124,10]],[[61097,15289],[1,89]],[[15918,53217],[69,26],[37,19],[38,-144],[-88,-32],[-29,52],[-27,79]],[[73344,12592],[63,-63],[-100,-124],[-36,25],[-7,11],[-16,6],[-11,27],[51,57],[56,61]],[[67076,13773],[-110,18]],[[66966,13791],[-63,66],[92,161],[21,-2],[74,-32],[-17,-44],[38,-8],[-35,-159]],[[21189,37294],[92,-3],[4,-12],[-6,-114],[-93,9],[3,120]],[[30925,22661],[64,59],[18,0],[86,-49],[2,-12],[-71,-104],[-8,-2],[-91,108]],[[20542,46814],[78,-12],[-2,-40],[58,-5],[-7,-52],[-29,-21],[5,-19],[2,-30],[-4,-12],[-18,-15],[-20,17],[2,42],[-22,26],[-47,24],[-7,9],[11,88]],[[52199,15230],[45,-25],[8,-12],[-1,-44],[7,-48],[-23,-20],[-24,-7],[-44,11],[-15,30],[15,33],[13,33],[19,49]],[[2966,90037],[44,12],[6,31],[25,10],[43,-15],[45,-109],[-9,-15],[-120,-6],[-2,49],[-31,7],[-1,36]],[[61695,15045],[18,1]],[[61713,15046],[24,-155]],[[61628,14890],[-6,149]],[[25877,28569],[70,35],[136,119],[16,-16],[0,-53],[-176,-138],[-34,14],[-12,39]],[[52651,14990],[75,-37],[55,-25],[-18,-38],[-20,-16],[-9,-39],[-13,-13],[-49,27],[-39,11],[-10,7],[28,123]],[[49814,13802],[28,-102],[18,-68]],[[49880,13558],[-99,-36],[-22,-12],[-28,63],[-16,80],[-12,80],[11,22],[100,47]],[[25578,28358],[52,88],[114,-91],[-47,-101],[-30,39],[-89,65]],[[16295,50446],[33,38],[-25,29],[-5,23],[12,12],[87,13],[32,34],[36,-24],[-31,-48],[-53,-82],[-38,-42],[-48,47]],[[83523,5505],[29,-48],[51,22],[9,-43],[-148,-87],[-49,75],[108,81]],[[62935,16238],[-2,-58],[-104,-64],[-51,79]],[[48773,13089],[43,-3],[93,-4]],[[48909,13082],[2,-18]],[[48911,13064],[8,-82]],[[48919,12982],[-53,-17],[-70,-12]],[[48796,12953],[-12,72]],[[48784,13025],[-11,64]],[[1017,121652],[6,94],[16,4],[155,-50],[-23,-87],[-42,12],[-74,23],[-38,4]],[[62900,15565],[88,-105],[-76,-107]],[[62912,15353],[-68,148]],[[62844,15501],[56,64]],[[68912,13609],[223,-26]],[[69135,13583],[-18,-71],[-169,26],[-63,1],[27,70]],[[62099,15220],[21,-116]],[[62120,15104],[-57,-10]],[[62063,15094],[-24,-4],[-51,-12]],[[62589,14944],[-28,-15],[-36,-57]],[[62525,14872],[-44,83]],[[62481,14955],[-9,29],[-16,81]],[[62456,15065],[43,11],[25,8]],[[62524,15084],[65,-140]],[[69735,13680],[-11,109]],[[69867,13857],[49,-50],[-181,-127]],[[61421,15025],[98,5]],[[61519,15030],[16,-143]],[[78832,8978],[-51,60],[97,56],[34,23],[45,23],[52,-42]],[[78939,9041],[-55,-37]],[[78884,9004],[-52,-26]],[[53342,13273],[79,-24],[-36,-182],[-85,18],[42,188]],[[17411,50130],[-144,-111]],[[17267,50019],[-53,61],[-50,44],[7,27],[120,125],[120,-146]],[[28221,25878],[109,31],[17,-19],[8,-20],[-58,-17],[0,-19],[42,-16],[19,-28],[-20,-43],[-31,-8],[-23,7],[-20,21],[-16,27],[-20,22],[-12,17],[5,45]],[[58447,15524],[10,12],[18,17],[14,11],[71,21],[10,-3],[2,-12],[5,-30],[5,-52],[-3,-35],[-101,-18],[-31,89]],[[62773,15432],[27,21],[35,39]],[[62835,15492],[9,9]],[[62912,15353],[-23,-33],[-50,-45]],[[62839,15275],[-66,157]],[[57444,16378],[82,0],[15,-182],[-9,-10],[-66,-4],[-4,7],[-12,83],[-6,106]],[[67195,14238],[95,-28],[40,-11],[4,-11],[-9,-66],[-147,37],[-2,15],[19,64]],[[62310,14869],[93,59]],[[62403,14928],[52,-117]],[[62455,14811],[-55,-38],[-56,-22]],[[62344,14751],[-34,118]],[[15385,52583],[45,13],[35,10],[22,25],[19,17],[15,-14],[34,-67],[-12,-27],[-32,-16],[-31,-10],[-42,-8],[-35,-11],[-18,88]],[[29495,24032],[97,81],[77,-87],[20,8],[79,-98],[-125,-84],[-148,180]],[[83664,4604],[21,0],[20,-42]],[[83705,4562],[-21,-15]],[[83684,4547],[-37,-25]],[[83647,4522],[-21,-14]],[[83626,4508],[-43,-30]],[[83583,4478],[-66,-37],[-42,-23],[-41,23],[131,92]],[[83565,4533],[99,71]],[[69392,13939],[43,7],[72,-6],[-6,-138],[-66,0],[-49,3]],[[69386,13805],[6,134]],[[52217,13633],[47,51],[13,-2],[77,-85],[57,-74],[2,-15],[-60,-27],[-15,20],[-30,38],[-36,39],[-35,28],[-13,12],[-7,15]],[[6000,87837],[58,-74],[-16,-16],[-29,-24],[-87,-71],[-70,-62],[-11,-46],[-6,-1],[-21,6],[-49,37],[54,104],[38,46],[40,32],[60,45],[39,24]],[[62026,14873],[14,-58]],[[62040,14815],[-124,-22]],[[61139,16203],[43,12],[78,12],[18,-5],[8,-87],[-10,-12],[-132,-15],[-12,8],[7,87]],[[68983,13945],[-60,-7],[1,104],[0,90],[71,-5],[25,-26],[-6,-108],[-10,-19]],[[48784,13452],[1,-38],[-12,-2],[9,-87],[-131,-8],[-2,104],[8,22],[127,9]],[[62278,15016],[32,-147]],[[62310,14869],[-73,-42]],[[62237,14827],[-28,64]],[[62209,14891],[-9,40]],[[62187,14990],[15,5]],[[62202,14995],[76,21]],[[1875,118598],[130,-2],[3,-54],[-37,-11],[0,-21],[-98,-12],[2,100]],[[21534,38632],[112,-1],[7,-122],[-110,-12],[-8,22],[-1,113]],[[80186,7636],[25,-114],[-93,-38],[-19,13],[-22,58],[41,66],[40,42],[28,-27]],[[21379,33795],[47,39],[117,-106],[-19,-15],[34,-44],[-44,-30],[-15,4],[-120,152]],[[62741,15407],[-21,116],[-9,49]],[[62711,15572],[88,28],[36,-108]],[[62773,15432],[-32,-25]],[[14876,52057],[30,18],[34,1],[27,15],[53,-82],[-10,-49],[7,-30],[2,-20],[-25,-10],[-28,-8],[-22,-36],[-54,-21],[-19,3],[-33,68],[-7,31],[12,35],[23,14],[27,13],[-25,44],[8,14]],[[66357,22408],[78,-13],[0,-17],[-11,-46],[-7,-28],[-24,-21],[-20,-79],[-9,-22],[-42,4],[28,202],[7,20]],[[78797,8721],[59,23],[20,-29],[17,-38],[8,-27],[2,-20],[-13,-63],[-92,-17],[-29,66],[52,21],[-24,84]],[[20474,46636],[33,-18],[27,-12],[15,-38],[-19,-59],[-16,-35],[-91,25],[-27,12],[16,36],[13,59],[16,14],[33,16]],[[16121,56710],[36,-15],[19,-26],[37,1],[8,7],[-5,22],[39,5],[53,-15],[-12,-18],[-29,-11],[-27,-6],[-12,-27],[-16,-5],[-31,-17],[-30,-25],[-22,-29],[-26,7],[-11,18],[-10,84],[29,6],[3,28],[7,16]],[[18921,48311],[54,34],[18,-9],[83,-127],[-86,-52],[-69,154]],[[63125,16412],[90,-46],[-88,-171],[-63,13],[61,204]],[[62040,14815],[22,-100],[-132,-42]],[[61930,14673],[-14,120]],[[73465,12745],[55,-60],[-45,-52],[-51,-76],[-11,-17],[-62,60],[114,145]],[[7707,87040],[21,27],[76,10],[29,-4],[20,-30],[17,-1],[24,-10],[-5,-47],[-9,-10],[-52,-3],[-89,-11],[-17,11],[-15,68]],[[26612,26653],[164,-48],[-28,-151],[-16,-6],[-101,25],[-17,2],[-33,-64],[-27,12],[58,230]],[[49705,13468],[99,42],[154,58],[39,-34],[16,-40],[-42,-19],[-28,35],[-40,-19],[-101,-49],[32,-75],[-35,-34],[-30,3]],[[49769,13336],[-24,65],[-8,12]],[[49737,13413],[-32,55]],[[638,119646],[27,-42],[-94,-42],[-112,31],[-75,-25],[0,59],[108,8],[97,-7],[49,18]],[[57985,18386],[96,-43],[2,-12],[-51,-106],[-26,11],[-14,-23],[-12,-8],[-25,-1],[-22,7],[-7,14],[59,161]],[[65640,19507],[180,-19],[14,-9],[-8,-53],[-21,-7],[-157,7],[-19,13],[11,68]],[[68930,13660],[217,-30]],[[69147,13630],[-12,-47]],[[68912,13609],[15,38],[3,13]],[[62369,15408],[-2,11]],[[62367,15419],[124,31]],[[62491,15450],[9,-39]],[[62519,15322],[-11,-2]],[[62508,15320],[-119,-25]],[[61511,14617],[6,12],[67,0],[6,21],[96,-11],[3,-95],[-58,-1],[-106,28],[-14,46]],[[47678,13475],[83,7],[9,-16],[-1,-43],[8,-61],[14,-46],[1,-24],[-79,-9],[-10,16],[-15,88],[-8,47],[-2,41]],[[49104,13076],[2,-22],[0,-48],[-168,-18],[-19,-6]],[[48911,13064],[193,12]],[[61214,14862],[-15,-1],[-19,-1]],[[22086,36794],[38,11],[5,15],[142,-4],[24,-88],[1,-9],[-88,-32],[-1,-18],[-6,-10],[-48,-7],[-12,15],[-60,113],[5,14]],[[62976,15873],[29,47],[23,12]],[[63028,15932],[67,-52],[75,-54]],[[63170,15826],[-7,-10],[-29,-61]],[[27246,26551],[106,-39],[-99,-209],[-84,49],[77,199]],[[1863,99821],[60,55],[72,-12],[64,-97],[24,-42],[4,-39],[-72,-55],[-24,0],[-56,76],[-44,17],[-44,76],[16,21]],[[62648,15352],[69,41]],[[62717,15393],[77,-157]],[[62794,15236],[-75,-31]],[[62719,15205],[-36,64],[-82,-40],[-27,-12]],[[62574,15217],[-37,109]],[[22820,33165],[94,42],[46,-101],[-93,-41],[-47,100]],[[62445,15617],[3,40],[98,22],[42,-140]],[[62588,15539],[-108,-35]],[[62480,15504],[-6,25]],[[62474,15529],[-29,88]],[[27880,25819],[103,-49],[-20,-85],[-43,-50],[-86,39],[23,67],[23,78]],[[28281,26400],[-90,73],[-2,23],[24,28],[-4,8],[2,16],[16,37],[91,59],[36,6],[88,-79],[-63,-58],[-98,-113]],[[46082,9834],[43,-17],[-38,-73],[-11,-13],[25,-13],[-47,-89],[-84,32],[-55,19],[28,60],[72,-28],[67,122]],[[18282,51404],[28,-46],[80,-48],[19,-36],[-80,-31],[-92,122],[45,39]],[[62344,14751],[-81,-32],[-37,-16],[-27,99],[38,25]],[[4754,84867],[83,2],[8,-73],[8,-59],[-75,-17],[26,-76],[-43,-17],[-33,-2],[-44,138],[78,26],[-8,78]],[[61420,15175],[62,3],[28,10]],[[22551,35076],[-34,86],[-9,26],[12,12],[190,-14],[14,-14],[-3,-18],[-155,-86],[-15,8]],[[48909,13082],[7,47]],[[48916,13129],[14,22]],[[48930,13151],[162,26],[12,-101]],[[54108,16559],[109,19],[66,-133],[-11,-23],[-158,-21],[-20,16],[-6,80],[8,20],[9,12],[3,30]],[[26064,26546],[28,-74],[-13,-106],[-10,-35],[-79,20],[14,83],[12,51],[48,61]],[[25230,27739],[75,60]],[[25305,27799],[31,26],[160,-136],[42,-36],[0,-10],[-13,-23],[-23,-24],[-19,-12],[-70,36],[-17,17],[-20,25],[-30,12],[-90,43],[-26,22]],[[52789,13315],[134,47],[-5,-35],[35,-8],[1,-23],[6,-16],[72,-19],[1,-25],[-117,32],[-6,-54],[-79,13],[-7,11],[-35,77]],[[16780,50401],[116,94],[128,120],[35,-45],[-108,-89],[-65,-62],[-64,-66]],[[1195,120938],[-42,-124],[-172,69],[40,115],[53,-19]],[[4470,87665],[82,43],[67,-132],[-98,-40],[-51,129]],[[844,117545],[12,75],[11,56],[2,29],[11,12],[26,-18],[10,-10],[17,8],[85,-56],[-17,-27],[-40,12],[-50,-97],[-21,1],[-46,15]],[[68958,13792],[228,-57]],[[69186,13735],[-25,-48],[-3,-14]],[[69158,13673],[-216,35]],[[68942,13708],[9,53],[7,31]],[[43196,13788],[12,166],[19,5],[84,-12],[-14,-165],[-101,6]],[[68356,13435],[128,-4],[-33,-96],[-119,21],[24,79]],[[48476,13403],[-12,75]],[[48464,13478],[5,31],[154,-23],[-9,-82]],[[29171,25078],[-51,141],[5,19],[57,37],[15,-6],[66,-128],[-6,-20],[-74,-56],[-12,13]],[[7712,86410],[131,1],[8,-251],[-78,3],[-5,68],[-23,11],[-65,1],[1,69],[29,2],[2,96]],[[71057,15767],[30,6],[35,2],[24,-1],[21,-4],[10,-13],[-4,-88],[-10,-11],[-32,-3],[-59,-5],[-15,8],[-4,18],[4,91]],[[84894,2157],[88,33],[63,-115],[49,-62],[-75,-32],[-49,71],[-76,105]],[[62307,15277],[22,-127]],[[62329,15150],[-55,-9]],[[62274,15141],[-14,-2],[-70,-17]],[[62190,15122],[-15,123]],[[9753,72084],[-29,46],[-15,58],[114,29],[21,-117],[-81,8],[-10,-24]],[[1459,119054],[-51,85],[20,53],[83,-29],[2,-31],[25,3],[7,-22]],[[1545,119113],[-18,-38],[-68,-21]],[[18306,48554],[30,-7],[77,-22],[33,-11],[117,-27],[0,-27],[-20,-20],[-57,-6],[-35,10],[-47,14],[-113,32],[-2,11],[17,53]],[[7533,86205],[55,27],[23,16],[60,-11],[11,-13],[7,-105],[-116,-14],[-16,14],[-16,36],[-8,50]],[[4879,89114],[45,9],[15,-34],[44,5],[14,-183],[-74,-7],[-44,210]],[[63016,16437],[58,1],[-37,-242],[-89,27],[68,214]],[[57113,16799],[187,-5],[5,-12],[-5,-96],[-20,3],[-29,6],[-20,3],[-24,13],[-24,8],[-21,0],[-22,1],[-18,7],[-15,14],[-9,16],[1,19],[14,23]],[[8884,75340],[52,82],[59,-24],[-17,-287],[-70,31],[-19,30],[-10,23],[-4,21],[7,29],[14,20],[8,19],[2,27],[-7,14],[-15,15]],[[2374,121206],[80,-12],[-3,-86],[35,1],[10,72],[56,-12],[-12,-114],[-76,9],[-15,-5],[-1,-83],[23,-2],[-3,-39],[-101,19],[-10,10],[10,187],[7,55]],[[16584,51244],[96,92],[17,-4],[117,-88],[-95,-138],[-53,42],[32,56],[-34,32],[-32,-35],[-48,43]],[[6889,84865],[12,27],[3,17],[-3,18],[-2,30],[1,28],[11,25],[14,21],[53,-10],[9,-170],[-22,-5],[-76,19]],[[50929,14654],[90,-138],[-29,-41],[-42,-42],[-64,-34],[-51,2],[-26,84],[48,67],[38,76],[36,26]],[[15609,52836],[96,31],[33,-13],[65,27],[24,-60],[-83,-46],[-112,-33],[-23,94]],[[62278,15016],[81,19]],[[62359,15035],[23,5],[21,-112]],[[15305,59594],[15,1],[93,-31],[85,-23],[-18,-65],[-80,23],[3,19],[-28,10],[-9,-32],[31,-12],[-18,-45],[-63,23],[10,45],[-49,20],[28,67]],[[6010,88583],[65,85],[67,-88],[58,-117],[8,-23],[-13,-7],[-31,17],[-130,109],[-24,24]],[[26476,27036],[93,-38],[29,-24],[35,-30],[7,-18],[-56,-107],[-67,38],[33,82],[-100,56],[26,41]],[[69462,26659],[50,-17],[-22,-252],[-84,25]],[[20502,44270],[92,40],[10,-11],[58,-156],[-67,-39],[-16,11],[-77,155]],[[6371,89831],[49,33],[119,-121],[-112,-104],[-38,53],[-35,49],[-30,45],[47,45]],[[15636,53494],[42,5],[18,-1],[26,-147],[16,-100],[-20,-18],[-39,8],[-19,49],[-12,74],[-9,70],[-3,60]],[[1081,120722],[-49,-76],[-79,42],[-42,14],[-56,38],[-18,18],[-79,23],[-30,26],[-1,46],[34,-2],[79,-6],[36,-5],[21,-15],[42,-32],[36,-21],[69,-26],[36,-16],[1,-8]],[[20894,34673],[57,29],[26,16],[19,-12],[-19,-264],[-24,-5],[-47,9],[-12,29],[0,198]],[[5669,88676],[129,98]],[[5798,88774],[18,-7],[128,-175],[-71,-98],[-13,5],[-191,177]],[[84942,2485],[60,-104],[-42,-47],[-29,-31],[-24,7],[-38,87],[18,29],[11,16],[13,26],[31,17]],[[52157,14604],[43,8],[82,1],[25,-11],[-2,-82],[-30,-27],[-85,-13],[-28,10],[-2,45],[-8,43],[5,26]],[[20541,43309],[86,16],[81,9],[48,0],[14,-11],[8,-18],[-53,-135],[-35,-8],[-36,2],[-26,6],[-31,21],[-32,24],[-22,24],[-2,70]],[[10025,71826],[36,-131],[21,3],[35,-102],[-59,-10],[-17,59],[-102,-27],[-58,178]],[[9881,71796],[144,30]],[[919,117887],[45,143],[216,-42],[7,-12],[-9,-61],[-39,1],[-66,11],[-31,-84],[-22,-5],[-105,34],[4,15]],[[58581,15619],[99,48],[30,19],[21,1],[21,-155],[5,-55],[-141,-25],[-14,-2],[-21,169]],[[6080,86744],[47,70],[15,-1],[40,-47],[42,-28],[22,-24],[29,-55],[15,-41],[1,-30],[-12,-21],[-9,-30],[0,-22],[-13,0],[-54,41],[4,35],[-14,13],[-22,-3],[-30,36],[-41,66],[-20,41]],[[10467,74107],[21,25],[30,15],[38,15],[-8,26],[59,37],[33,-73],[-58,-34],[-16,-24],[-58,-16],[-26,5],[-15,24]],[[67076,13773],[-32,-106],[-108,42],[30,82]],[[62186,15509],[50,8],[19,2]],[[62255,15519],[96,14]],[[62351,15533],[6,-42]],[[62357,15491],[2,-17]],[[62359,15474],[-164,-42]],[[62195,15432],[-9,77]],[[28773,25429],[60,-117],[-13,-29],[-56,-7],[-64,14],[-30,-10],[-13,-11],[-27,60],[63,36],[80,64]],[[10266,71869],[23,2],[123,14]],[[10463,71680],[-136,-26],[-8,27],[-53,188]],[[1127,118411],[52,56],[120,-138],[-65,-48],[-107,130]],[[71865,15196],[90,-66],[-6,-18],[-19,-19],[-34,-7],[0,-51],[6,-17],[12,-4],[58,7],[6,-15],[0,-17],[-16,-13],[-64,-10],[-27,27],[-22,37],[17,31],[-68,63],[67,72]],[[78620,9574],[34,-40],[42,-35],[100,-47],[33,-24],[-38,-68],[-97,54],[-36,33],[11,31],[-35,-17],[-29,38],[-11,28],[26,47]],[[65683,15419],[180,-137],[-9,-35],[-38,-12],[-24,47],[-74,35],[-46,21],[-23,26],[0,31],[34,24]],[[50930,15915],[157,105],[20,-11],[37,-81],[6,-35],[-103,-113],[-18,11],[-104,99],[-5,12],[10,13]],[[52576,14592],[22,14],[42,-30],[-13,-40],[-22,-50],[-7,-83],[-33,-54],[-67,-45],[-33,-16],[-27,42],[62,26],[60,45],[18,31],[7,52],[4,30],[-11,24],[-2,54]],[[58244,17860],[6,107],[10,16],[21,2],[61,-63],[4,-32],[-3,-85],[-34,2],[-40,29],[-25,24]],[[57768,13868],[117,10],[5,-9],[1,-96],[-42,1],[2,-84],[-24,-7],[-40,0],[2,78],[-22,4],[-1,25],[2,78]],[[48514,12761],[153,-1],[3,-55],[32,-9],[-4,-67],[-43,-12],[-186,11],[-2,130],[47,3]],[[25703,28545],[129,51],[39,-68],[-98,-90],[-70,107]],[[53523,15406],[112,22],[60,6],[22,-3],[14,-17],[39,-54],[2,-15],[-29,-5],[5,-30],[-77,-20],[-101,-20],[-15,8],[-22,37],[-6,35],[-3,34],[-1,22]],[[82916,4678],[16,-33],[46,21],[9,-15],[29,12],[22,-22],[-106,-55],[-62,-28],[7,-52],[-76,-6],[-37,54],[-4,53],[116,53],[40,18]],[[51010,12555],[90,35],[20,-42],[27,-7],[47,-71],[-163,-46],[-21,131]],[[31349,22946],[82,95],[87,-77],[-84,-133],[-20,17],[-65,98]],[[46359,9734],[24,-32],[1,-73],[30,-17],[56,-63],[-47,-78],[-80,23],[-112,28],[128,212]],[[50600,14585],[155,27],[19,-16],[12,-91],[-144,-23],[-20,22],[-15,33],[-5,16],[-2,32]],[[1410,118547],[112,-50],[-57,-151],[-100,72],[33,109],[12,20]],[[72037,13344],[86,96],[12,5],[106,-138],[-74,-46],[-45,56],[-34,-27],[-51,54]],[[58700,16031],[47,-3],[13,48],[54,-4],[8,-18],[-1,-23],[-6,-29],[-15,-47],[-24,-40],[-21,-22],[-31,-13],[-27,1],[-15,12],[2,30],[5,38],[2,37],[2,24],[7,9]],[[26352,27972],[45,47],[29,-21],[33,35],[42,-39],[-1,-17],[-20,-25],[81,-60],[3,-20],[-39,-44],[-173,144]],[[16996,49555],[32,37],[55,-23],[65,63],[118,-117],[-74,-67],[-15,5],[-62,39],[-79,34],[-41,20],[1,9]],[[62603,15110],[77,-116],[-91,-50]],[[62524,15084],[18,6],[61,20]],[[13997,61357],[32,74],[15,20],[37,-1],[9,-12],[-57,-93],[6,-39],[-5,-31],[-17,-79],[-7,-27],[-19,-2],[-17,7],[2,47],[3,42],[3,45],[9,25],[6,24]],[[17920,52053],[35,-27],[25,-56],[78,-79]],[[17897,51921],[-17,17]],[[57302,16014],[168,18],[20,-4],[13,-125],[-7,-7],[-100,-4],[-13,-18],[-12,-30],[-7,-10],[-19,-9],[-20,2],[-19,13],[-4,174]],[[50275,13881],[81,7],[17,-15],[12,-138],[-57,-2],[-3,23],[-36,-4],[-2,12],[-12,117]],[[48916,13129],[-139,-19],[-13,149],[63,6],[7,-39],[80,3],[16,-78]],[[21983,34717],[28,7],[60,2],[72,16],[28,-2],[3,-44],[60,-6],[8,-108],[-243,-14],[-20,12],[4,137]],[[83614,3853],[101,64],[7,1],[68,-87],[5,-22],[-5,-12],[-112,-56],[-8,5],[-56,107]],[[79221,9083],[70,-57],[-8,-24],[37,-28],[10,-24],[0,-20],[-14,-22],[-41,-34],[-72,-60],[-82,83],[0,17],[36,59],[8,4],[13,-13],[14,14],[11,62],[3,20],[15,23]],[[83914,4451],[47,32],[79,-124],[21,-46],[-46,-25]],[[84503,3486],[115,76],[44,-63],[-97,-60],[-91,-52],[-15,37],[52,35],[-8,27]],[[1981,117674],[45,-14],[35,-12],[14,-6],[7,-14],[9,-118],[-6,-20],[-27,-71],[-30,0],[-43,15],[-16,33],[2,187],[10,20]],[[62415,15174],[-33,-15],[-35,-5]],[[62347,15154],[-18,-4]],[[62389,15295],[26,-121]],[[18552,48850],[39,39],[17,-8],[78,-80],[33,-32],[75,-49],[8,-18],[-33,-39],[-36,16],[-128,102],[-53,69]],[[62342,15588],[9,-55]],[[62255,15519],[-30,102]],[[62225,15621],[-3,27],[68,30],[52,-90]],[[48393,13298],[-74,7],[6,102],[-12,0],[14,63],[137,8]],[[62132,16306],[-23,38],[-19,39],[-9,36],[-9,132],[13,36],[40,15],[32,-2],[23,-31],[7,-51],[2,-48],[8,-51],[14,-39],[13,-23],[-92,-51]],[[20511,34586],[76,9],[60,-2],[37,-30],[69,-143],[-45,-35],[-10,10],[16,25],[-21,20],[-28,-27],[-40,24],[-51,54],[-35,46],[-28,49]],[[17411,50130],[61,-75],[-2,-20],[-125,-88],[-78,72]],[[9235,73731],[87,22],[41,3],[38,8],[36,-1],[56,2],[9,-67],[0,-39],[-43,-10],[-112,9],[-61,2],[-52,7],[1,64]],[[8008,80125],[56,16],[30,2],[56,2],[26,-109],[-125,-46],[-19,32],[-23,86],[-1,17]],[[27600,27192],[83,111],[16,7],[29,17],[18,-18],[45,-17],[6,-13],[-89,-107],[-40,-40],[-32,19],[-36,41]],[[65291,18873],[48,1],[31,2],[15,14],[6,26],[24,32],[27,-3],[47,-32],[-9,-16],[32,-16],[40,-74],[-14,-24],[-19,-1],[-39,2],[-161,-16],[-15,6],[-13,99]],[[73182,15031],[-165,143],[1,14],[83,42],[23,-8],[103,-97],[17,15],[29,-33],[-6,-11],[-85,-65]],[[72637,17694],[129,-59],[4,-12],[-108,-215],[-30,10],[-22,5],[-12,9],[-30,27],[-8,13],[-1,17],[65,180],[13,25]],[[69233,13823],[-47,-88]],[[68958,13792],[13,61]],[[83630,5663],[29,-35],[-96,-76],[-155,-97],[-40,42],[146,107],[116,59]],[[49614,12194],[72,9],[12,-2],[5,-102],[8,-109],[-93,-9],[-1,89]],[[63170,15826],[106,-88],[-22,-43],[-23,-52],[-129,19]],[[52537,14801],[30,-17],[23,-13],[29,-7],[25,-11],[25,-7],[18,-28],[-11,-49],[-26,-17],[-15,-6],[-75,23],[-70,33],[15,57],[32,42]],[[62359,15035],[-12,119]],[[62415,15174],[41,-109]],[[62481,14955],[-78,-27]],[[54332,16930],[78,-5],[10,-12],[4,-29],[45,-9],[11,-25],[2,-34],[-150,0],[0,114]],[[19795,45303],[56,-12],[42,0],[44,0],[29,0],[-22,-28],[-13,-24],[-2,-21],[-32,2],[-20,-7],[-31,-9],[-22,-22],[-20,-16],[-15,47],[6,90]],[[21574,34294],[63,14],[91,14],[29,-9],[-2,-100],[-17,-12],[-81,-7],[-86,45],[-2,24],[5,31]],[[29606,24636],[52,-56],[-6,-16],[-98,-98],[-15,4],[-46,55],[113,111]],[[60836,15504],[-15,-170],[-47,3],[-43,114],[-6,93]],[[60725,15544],[108,13]],[[60833,15557],[3,-53]],[[84358,4046],[-42,71],[-33,114],[-18,55],[28,19],[38,-6],[41,-98],[40,-70],[8,-23]],[[84420,4108],[-62,-62]],[[57338,17424],[108,-25],[10,-9],[8,-8],[-42,-86],[-20,9],[-32,20],[-26,14],[-16,7],[-10,11],[20,67]],[[52430,15910],[76,-10],[37,0],[-27,-142],[-10,-14],[-30,7],[-106,28],[23,46],[20,39],[17,46]],[[22411,34445],[51,0],[4,43],[43,-1],[22,-180],[-8,-17],[-105,10],[-12,3],[5,142]],[[54574,16426],[-33,35],[-37,40],[-12,25],[-3,34],[11,17],[27,9],[65,-18],[60,-19],[15,-20],[3,-20],[-6,-18],[-69,-72],[-21,7]],[[62508,15320],[-1,-130]],[[62507,15190],[-92,-16]],[[83499,5349],[95,64],[89,-142],[-102,-61],[-82,139]],[[62507,15190],[12,2],[55,25]],[[62719,15205],[-116,-95]],[[72683,13291],[82,163],[12,2],[19,-81],[32,-76],[16,-39],[-82,-93],[-13,-3],[-19,13],[-28,48],[-17,38],[-2,28]],[[61060,14854],[9,-82]],[[61069,14772],[10,-84]],[[61079,14688],[-75,40],[-37,55],[-26,66],[58,-1],[61,6]],[[55481,15509],[12,10],[213,-57],[-15,-109],[-190,60],[-30,31],[10,65]],[[70530,14598],[85,7],[5,-4],[10,-132],[-15,-6],[-74,-3],[-14,16],[3,122]],[[62588,15539],[27,-81],[3,-10]],[[62491,15450],[-11,54]],[[16792,50727],[48,-40],[-95,-126],[-95,-110],[-34,-48],[-24,22],[55,92],[48,78],[43,69],[54,63]],[[61713,15046],[21,1]],[[61734,15047],[36,2]],[[62711,15572],[-11,57],[-43,31],[79,45],[11,-40],[43,27],[57,-73],[53,-54]],[[48094,12000],[-28,102]],[[48066,12102],[-7,108],[69,4],[6,-52],[11,-73],[4,-36],[-55,-53]],[[21278,61462],[-36,-15],[-29,-14],[-30,-22],[-27,-28],[-50,-28],[-34,7],[1,35],[21,54],[42,108],[22,101],[2,67],[13,64],[20,58],[85,142],[50,193],[66,166],[93,87],[73,49],[143,101],[73,11],[44,-20],[-3,-43],[-64,-153],[-35,-129],[-33,-104],[-9,-94],[-2,-60],[-32,-109],[-26,-64],[-30,-52],[-51,-77],[-64,-89],[-58,-73],[-59,-43],[-76,-26]],[[46383,10176],[-26,87],[-64,103],[-18,183],[124,81],[-43,56],[-101,-56],[-65,158],[51,4],[236,-4],[17,-69],[98,22],[-10,80],[61,18],[80,-83],[29,-27],[57,-39],[48,-34],[53,-29],[62,-27],[49,-28],[14,-36],[19,-114],[-116,-84],[-169,-120],[-53,-86],[-40,36],[-32,37],[101,90],[-33,61],[-82,-41],[-23,-23],[-147,-122],[-77,6]],[[10858,74817],[-79,-46],[-83,-28],[-117,-24],[11,-41],[-36,-27],[-62,-57],[-121,-78],[68,-108],[-14,-27],[-33,-13],[-57,6],[-87,-55],[1,-44],[-117,-64],[-36,-4],[-25,12],[-17,14],[-61,-7],[-109,-33],[-27,4],[-22,77],[57,34],[18,23],[19,45],[32,57],[53,27],[20,29],[10,25],[-81,56],[-13,38],[4,36],[30,60],[59,32],[-57,148],[17,18],[195,71],[17,-16],[21,-106],[51,15],[79,26],[25,-16],[48,-64],[9,-13],[49,10],[26,-11],[40,-2],[36,1],[37,6],[19,4],[23,-7],[29,-2],[171,120],[8,39],[94,76],[94,30],[64,4],[21,-13],[8,-99],[-27,-21],[-100,-30],[-52,-22],[-50,-21],[-31,-17],[-49,-27]],[[65313,16563],[-64,-138],[-68,-100],[-105,-183],[-26,-26],[-18,2],[-26,20],[-31,-7],[-82,-116],[-58,32],[77,133],[-37,33],[-30,27],[0,17],[10,56],[26,79],[-4,6],[-30,13],[-18,-3],[-17,-40],[-35,-65],[-86,21],[21,36],[-43,31],[-57,45],[47,121],[27,13],[57,-25],[32,56],[-48,24],[23,51],[19,15],[72,-22],[44,108],[-61,39],[31,113],[29,122],[41,92],[30,0],[99,-40],[76,-20],[85,-26],[168,-16],[114,-14],[2,-22],[-186,-442]],[[11235,74006],[-16,-21],[-38,-13],[-62,-11],[-69,-13],[-55,-25],[-36,-16],[-52,46],[86,78],[117,86],[150,144],[20,27],[-5,20],[-57,103],[-51,61],[-66,-56],[-53,-47],[39,-68],[-43,-71],[-20,-17],[-48,-45],[-46,-48],[-53,-31],[-31,-9],[5,-24],[13,-42],[-1,-33],[-12,-24],[-28,-30],[-43,129],[-26,59],[-20,52],[53,28],[-14,65],[59,37],[-16,58],[119,64],[-35,153],[103,27],[70,17],[35,16],[14,12],[10,43],[-102,85],[-8,12],[160,53],[-3,56],[111,15],[14,-125],[2,-17],[-84,-8],[19,-29],[36,-4],[30,-22],[22,-19],[14,-30],[7,-34],[14,-39],[7,-15],[88,4],[42,-1],[28,-41],[16,-36],[6,-22],[-13,-16],[-107,-23],[-5,-6],[14,-45],[-44,-25],[32,-77],[-49,-25],[45,-57],[56,27],[20,-21],[-5,-37],[-16,-27],[-62,-45],[-41,43],[-104,-54],[-20,-34],[-17,-42]],[[30509,27745],[64,32],[276,199],[99,-112],[75,-101],[147,-328],[-284,-264],[-256,329],[-121,245]],[[3058,103169],[-86,-96],[-126,6],[-60,1],[-78,2],[-41,4],[-111,-9],[-107,11],[-49,14],[-36,26],[-17,84],[-16,94],[-7,145],[16,144],[24,166],[40,42],[72,24],[180,-5],[61,-5],[43,-27],[30,-23],[119,-44],[182,-18],[173,-16],[72,-105],[26,-138],[-23,-31],[-89,-22]],[[9384,74819],[18,-73],[19,-66],[5,-45],[-8,-12],[-28,-10],[-69,-18],[-12,34],[-37,121],[-145,-23],[-9,79],[-13,224],[101,25],[-16,87],[-38,-7],[-32,28],[6,139],[-3,108],[52,8],[46,28],[-19,121],[-86,6],[2,-71],[-14,1],[-47,-1],[-10,22],[24,163],[203,2],[10,-21],[15,-235],[13,-140],[6,-84],[30,-213],[36,-177]],[[29438,30000],[277,-322],[-92,-84],[-219,-115],[-98,-122],[17,-6],[-45,-83],[-123,-98],[-55,30],[-36,110],[103,106],[-180,219],[92,81],[7,28],[252,200],[100,56]],[[777,123915],[99,-3],[2,55],[7,8],[35,1],[2,113],[192,9],[206,-3],[3,-130],[36,-1],[21,-11],[-2,-237],[-6,-16],[-94,-1],[-1,-22],[-12,-1],[-113,-8],[-112,-5],[-120,9],[-20,2],[-24,4],[1,50],[-78,-1],[-11,108],[-2,18],[-9,62]],[[17223,53292],[12,383],[15,10],[125,16],[109,22],[141,37],[26,-12],[62,-124],[33,-28],[189,-197],[0,-13],[-148,-219],[-72,-101],[-109,-124],[-5,-3],[-24,0],[-104,181],[-57,94],[-23,9],[-31,-12],[-21,6],[-15,16],[-8,31],[-7,16],[-57,-26],[-25,10],[-6,28]],[[68856,17139],[95,135],[92,142],[97,99],[88,-51],[217,-140],[278,-156],[34,-56],[-114,-167],[-106,-148],[-57,-88],[-130,89],[-194,126],[-156,111],[-144,104]],[[72484,14344],[105,103],[57,62],[23,-13],[65,55],[-23,23],[90,80],[49,43],[73,64],[91,91],[59,50],[54,54],[117,100],[110,97],[111,100],[189,-198],[-10,-15],[-97,-82],[-35,25],[-83,-72],[-52,24],[-18,-6],[-50,-48],[-38,-68],[184,-193],[1,-17],[-85,-105],[-28,20],[-94,-91],[42,-48],[-24,-29],[-112,-49],[-193,194],[-111,-95],[155,-196],[37,-52],[-2,-19],[-111,-94],[-8,4],[-216,290],[-15,0],[-70,-68],[-18,-37],[246,-300],[2,-19],[-142,-99],[-15,15],[-235,291],[-72,94],[-7,17],[-1,14],[10,22],[46,32],[49,49]],[[32792,31935],[25,-217],[2,-29],[-19,-16],[-33,23],[-180,155],[-228,227],[-211,189],[-221,235],[-96,103],[-9,41],[25,43],[47,18],[70,-17],[65,-33],[57,-14],[90,-29],[56,-1],[61,3],[71,-7],[44,-15],[30,-26],[52,-17],[27,-11],[46,-37],[35,-18],[43,-57],[41,-35],[55,-22],[34,-30],[16,-31],[0,-55],[5,-320]],[[15586,61093],[6,47],[4,24],[2,25],[0,50],[-10,41],[-11,30],[-19,89],[-14,72],[-23,80],[31,5],[42,10],[58,11],[29,5],[137,23],[167,48],[44,8],[44,-3],[56,-29],[12,-21],[-2,-58],[14,-40],[7,-30],[3,-58],[17,-114],[-6,-28],[-10,-43],[-107,-25],[-97,-32],[-186,-86],[-67,-32],[-76,-25],[-45,56]],[[16261,58300],[274,404],[143,235],[87,107],[160,240],[162,166],[83,-27],[-126,-248],[-102,-186],[-76,-253],[-131,-234],[-139,-100],[-245,-185],[-90,81]],[[24499,33553],[91,-279],[-4,-24],[-212,-104],[85,-178],[-5,-33],[-90,-34],[-73,-31],[-126,-62],[-212,-125],[-186,-103],[-45,1],[-62,156],[-27,59],[-39,111],[-49,251],[-4,34],[167,61],[42,20],[87,38],[195,61],[188,81],[279,100]],[[18812,56829],[-72,-8],[-79,-9],[-115,-10],[-144,-22],[-137,-21],[-83,-8],[-150,-26],[-109,-55],[-110,-40],[-104,-13],[-44,2],[-4,68],[2,170],[-9,153],[9,29],[11,22],[27,22],[130,41],[118,34],[64,8],[71,-6],[117,-15],[53,-11],[60,-2],[64,6],[111,5],[80,0],[64,-7],[62,-17],[76,-21],[26,-19],[12,-33],[18,-53],[2,-103],[3,-32],[-20,-29]],[[1167,96460],[-3,74],[18,44],[31,13],[26,29],[14,29],[22,46],[12,32],[35,22],[35,13],[50,7],[18,8],[15,10],[31,0],[40,2],[54,-18],[47,-9],[1,-51],[-3,-136],[-30,-126],[-1,-49],[3,-34],[2,-87],[-5,-110],[-8,-49],[-54,-64],[-46,-38],[-40,-21],[-47,-22],[-77,-62],[-22,-19],[-31,-29],[-32,-25],[-18,-24],[-36,-23],[-31,25],[-6,48],[0,115],[-23,71],[-13,40],[-9,59],[3,69],[15,68],[38,53],[13,38],[4,47],[8,34]],[[31924,24272],[153,62],[206,68],[29,12],[29,-2],[17,-27],[1,-27],[5,-45],[7,-16],[23,-20],[18,-22],[8,-31],[7,-41],[26,-40],[5,-22],[-11,-38],[-12,-22],[-79,-88],[-117,-123],[-180,-190],[-16,-14],[-11,5],[-113,125],[-173,175],[-157,139],[-24,10],[-37,-2],[-37,-11],[-11,3],[-80,131],[-47,97],[-16,44],[-2,12],[37,23],[72,4],[60,9],[67,-11],[56,-18],[31,-5],[55,-1],[52,6],[44,0],[43,-31],[28,-35],[7,-16],[2,-16],[-51,-42],[1,-14],[85,45]],[[50876,15947],[-32,86],[-23,64],[-71,26],[-97,53],[-29,-30],[-122,6],[-43,32],[-8,111],[-114,172],[-37,131],[173,114],[143,-177],[90,-87],[116,-54],[87,-53],[56,-102],[28,-51],[31,-30],[22,-29],[26,-56],[-1,-38],[-195,-88]],[[24818,28446],[-144,118],[-89,82],[-30,49],[-30,35],[-8,18],[170,141],[17,-6],[233,-313],[113,117],[3,3],[186,-194],[22,-27],[42,-93],[33,-63],[28,-64],[13,-47],[6,-65],[1,-34],[5,-20],[6,-83],[13,-49],[2,-27],[-4,-13],[-21,8],[-238,218],[-202,191],[-127,118]],[[3190,103788],[-61,-13],[-50,20],[-70,6],[-56,9],[-73,37],[-22,6],[-32,-24],[-145,72],[-10,44],[60,39],[-3,29],[-51,4],[-116,-44],[-41,24],[-8,44],[21,66],[52,33],[99,25],[66,11],[216,-54],[151,-39],[146,-25],[92,-20],[-19,-92],[-146,-158]],[[2990,102546],[-40,-18],[-42,-21],[-58,-42],[-90,-100],[-69,-76],[-87,-90],[-72,-79],[-40,-8],[-37,17],[-31,35],[-45,76],[-40,69],[-27,54],[-15,58],[-11,120],[20,81],[0,48],[-3,65],[4,52],[31,60],[46,49],[80,21],[157,12],[182,5],[126,-3],[48,-16],[37,-9],[31,3],[20,16],[64,17],[43,9],[61,-13],[36,-25],[6,-34],[-24,-37]],[[33201,23126],[-191,154],[-17,2],[-114,-102],[-92,-91],[-17,-3],[-128,112],[-87,66],[-227,217],[-7,17],[236,245],[17,0],[189,-230],[44,40],[44,42],[33,11],[47,0],[56,-12],[56,-8],[43,-9],[31,-12],[173,-115],[25,-6],[50,71],[22,-9],[59,-51],[-14,-32],[-207,-285],[-24,-12]],[[2056,97147],[5,43],[14,48],[25,52],[17,35],[22,53],[20,60],[11,45],[20,35],[28,30],[22,28],[26,23],[47,19],[85,28],[22,-11],[26,-25],[18,-32],[-1,-34],[0,-68],[-12,-59],[-1,-82],[10,-53],[13,-27],[9,-34],[20,-19],[16,-36],[24,-34],[9,-43],[0,-35],[-19,-22],[-42,-37],[-38,-25],[16,-34],[-6,-45],[-51,-26],[-51,-27],[-95,-55],[-46,-29],[-28,-5],[-43,55],[-43,24],[-30,11],[-31,-2],[-41,21],[-16,49],[16,51],[27,32],[5,34],[6,33],[4,38],[11,52]],[[25623,33736],[-8,-21],[-24,-16],[-40,-12],[-43,-19],[-27,-35],[-17,-39],[-10,-55],[-33,-102],[-16,-29],[-41,-2],[-48,64],[-84,225],[-10,14],[-24,-20],[-29,-22],[-27,4],[-14,32],[-41,92],[-5,40],[25,173],[28,88],[19,138],[17,24],[62,14],[66,9],[30,-3],[56,-27],[58,-5],[59,-1],[37,-27],[26,-38],[1,-36],[-8,-35],[-13,-23],[-43,-15],[-20,-23],[7,-45],[55,-41],[55,-48],[-6,-33],[-9,-29],[20,-36],[13,-34],[6,-46]],[[25447,30193],[253,-325],[-10,-16],[-116,-71],[-88,-49],[-49,-36],[-16,2],[-194,156],[-8,20],[36,41],[26,47],[8,51],[-9,63],[-10,53],[-43,62],[-141,176],[18,32],[119,94],[26,-17],[198,-283]],[[7306,84440],[274,110],[70,-48],[145,82],[66,-90],[93,39],[28,-73],[-21,-22],[60,-123],[55,38],[67,-118],[50,17],[14,-27],[-26,-24],[35,-62],[-88,-43],[-68,91],[-24,-23],[23,-63],[-28,-33],[-32,-17],[-45,-10],[-6,132],[-87,-44],[-88,-61],[-173,-92],[-87,-38],[-35,-22],[-28,-16],[-145,-5],[-94,22],[-81,24],[-143,57],[-102,64],[-87,48],[-56,50],[-65,59],[-12,35],[153,53],[112,58],[62,-111],[144,71],[170,115]],[[34002,21270],[-182,218],[10,19],[392,370],[21,17],[21,-7],[266,-220],[261,-204],[13,-17],[-4,-14],[-309,-375],[-94,-151],[-27,-39],[-13,0],[-20,21],[-335,382]],[[3417,89274],[-72,-10],[-12,43],[-106,-12],[-16,171],[-3,60],[-14,108],[34,20],[11,35],[56,11],[32,-1],[8,100],[28,2],[53,8],[49,20],[-33,122],[-45,-10],[-27,117],[52,9],[37,20],[22,117],[180,33],[19,-75],[-54,-37],[17,-75],[19,-119],[44,8],[47,-123],[-91,-33],[46,-220],[222,39],[48,-155],[-19,-34],[34,-177],[-56,-6],[-66,-4],[-1,-68],[-65,-2],[-2,34],[-168,-26],[-18,8],[-61,-9],[-28,0],[-23,-4],[-43,15],[-35,100]],[[59191,14310],[-57,-40],[-105,-78],[-23,-12],[-33,69],[-18,21],[-22,2],[-12,2],[-24,10],[-11,19],[-15,15],[-90,-4],[-16,-7],[-19,-15],[-32,-26],[-51,-27],[-40,-25],[-20,-8],[-18,1],[-74,111],[-6,18],[4,16],[23,16],[12,21],[-6,16],[-8,59],[2,17],[8,7],[257,8],[12,8],[2,21],[-4,76],[7,9],[63,7],[12,9],[-20,170],[160,32],[11,-6],[20,-22],[96,-148],[81,-136],[28,-49],[0,-13],[-5,-22],[-19,-25],[-15,-22],[-62,-32],[27,-43]],[[45896,10296],[-57,28],[-127,48],[24,86],[53,-17],[8,16],[58,-47],[35,65],[-69,44],[-19,-23],[-54,14],[21,85],[35,113],[73,-11],[0,100],[125,-7],[-10,-86],[80,7],[5,-61],[146,1],[30,-68],[6,-45],[6,-155],[55,-126],[44,-113],[12,-51],[26,-68],[-30,-19],[-13,-47],[-19,-32],[-202,120],[-47,-70],[-64,33],[27,63],[-66,48],[42,67]],[[46134,10468],[35,-98],[71,32],[-56,112],[-45,-14],[7,-20],[-12,-12]],[[45977,10271],[43,-27],[22,26],[-33,34],[-32,-33]],[[59450,15248],[43,-2],[14,4],[18,6],[14,1],[12,-234],[18,-6],[35,1],[39,14],[-38,242],[2,11],[81,21],[22,9],[26,17],[6,12],[-35,79],[4,15],[23,11],[111,33],[31,10],[27,6],[27,0],[29,-10],[22,5],[33,8],[26,0],[27,0],[27,-3],[23,-7],[20,-6],[18,-13],[13,-24],[12,-31],[8,-37],[0,-26],[-8,-30],[-6,-33],[8,-12],[6,-17],[-1,-25],[-8,-40],[-7,-50],[-26,-58],[-21,-29],[-26,-10],[-15,-3],[-21,-6],[-33,-18],[-33,-10],[-36,-17],[-30,-16],[-35,-27],[-39,-31],[-21,-19],[-78,-37],[-96,-59],[-61,-40],[-20,-23],[-4,-15],[0,-8],[35,-25],[8,-9],[-8,-50],[-11,-10],[-20,-10],[-19,-15],[-86,-118],[-14,-10],[-25,-11],[-40,-18],[-78,-59],[-55,-54],[-40,-22],[-10,4],[3,10],[62,91],[11,33],[-5,24],[-78,138],[91,47],[-77,147],[-110,-40],[-51,64],[-2,8],[98,58],[-72,142],[-136,14],[-2,4],[-4,44],[-10,28],[-11,27],[-8,21],[-6,12],[18,27],[15,11],[60,5],[42,2],[175,4],[55,3],[178,10]],[[28068,36617],[1,44],[-6,24],[-32,19],[-61,-24]],[[28095,37291],[19,43],[10,53],[-13,52],[-33,40],[-58,59],[-83,93],[-50,52],[-33,35],[-25,53],[10,89],[6,48],[-7,48],[-5,59],[26,68],[132,219],[14,14],[71,-41],[39,-37],[112,-146],[39,-42],[29,-34],[45,-64],[34,-45],[24,-48],[19,-66],[32,-106],[34,-98],[6,-36],[53,-153],[49,-84],[0,-59],[-37,-57],[-58,-63],[-45,-48],[-31,-17],[-63,-38],[-100,-59],[-8,-19],[-18,-21],[-34,-38],[-22,-23],[5,-14],[11,-12],[25,-24],[0,-30],[21,-43],[70,-28]],[[18419,54173],[283,271],[412,439],[451,440],[110,-42],[40,-90],[40,-52],[10,-132],[-109,-43],[-100,-64],[-173,-90],[-65,-132],[-59,-138],[-149,-116],[-273,-176],[-134,-190],[0,-196],[-59,-26],[-75,47],[-125,174],[-25,116]],[[30669,28391],[-40,78],[-44,82],[-50,80],[-54,58],[-50,48],[39,95],[24,28],[63,57],[46,46],[67,39],[63,50],[47,21],[62,8],[84,7],[49,12],[62,11],[84,0],[59,2],[64,-13],[67,10],[45,-21],[23,-68],[74,-145],[20,-60],[23,-67],[44,-64],[13,-28],[7,-25],[-7,-49],[-33,-53],[-133,-86],[-179,-99],[-140,-96],[-47,-18],[-163,219],[-23,11],[-51,-12],[-56,-21],[-59,-37]],[[1376,120829],[38,256],[37,187],[43,-12],[40,226],[166,-30],[71,-28],[113,-49],[150,-22],[47,112],[29,-12],[19,-138],[-39,-197],[-85,17],[-37,-49],[-38,2],[-13,-90],[49,-22],[54,-22],[12,-14],[-18,-37],[42,-21],[-6,-35],[-52,-3],[-34,-12],[-115,25],[-19,-48],[-26,-18],[-96,16],[-16,-46],[-40,-68],[-41,-10],[-16,-157],[-63,18]],[[31972,32096],[-130,-9],[-95,1],[-119,0],[-79,-6],[-45,-14],[-10,-31],[-11,-47],[-18,-37],[-35,-3],[-52,18],[-3,29],[114,179],[147,228],[48,89],[27,57],[28,17],[42,1],[45,-28],[64,-63],[138,-126],[141,-127],[75,-60],[7,-13],[1,-29],[-28,-11],[-98,-6],[-154,-9]],[[86591,747],[-32,10],[-50,31],[-48,28],[40,63],[-166,126],[20,35],[-115,89],[15,16],[-82,69],[79,73],[68,-70],[68,76],[33,-20],[73,42],[80,50],[-13,24],[-40,89],[69,19],[93,-179],[78,-113],[-48,-38],[-50,54],[-36,2],[-48,-29],[-18,-17],[139,-187],[14,-34],[15,-31],[48,-3],[58,-31],[60,-29],[59,-28],[73,-15],[-89,-159],[-71,27],[-42,-77],[-100,53],[-68,39],[-66,45]],[[1801,124695],[-46,-1],[-3,115],[-11,17],[-25,3],[-28,3],[-21,14],[1,47],[-88,0],[0,63],[-141,0],[-4,136],[581,6],[9,-10],[22,-53],[9,-347],[14,-569],[-15,-4],[-302,4],[0,144],[52,-2],[-1,270],[-3,164]],[[17152,56648],[-67,17],[-70,9],[-66,9],[-49,-6],[-59,5],[-64,-1],[-45,-9],[-45,12],[-14,33],[35,22],[53,12],[70,-3],[38,4],[30,6],[18,32],[-23,46],[-11,28],[-2,51],[-22,52],[-28,2],[-91,6],[-65,23],[-52,26],[-33,41],[1,49],[27,10],[80,-29],[81,-45],[78,-19],[124,-7],[142,-10],[82,-17],[96,2],[91,11],[96,20],[84,22],[27,-9],[9,-72],[9,-85],[2,-77],[5,-73],[-14,-59],[-15,-35],[-77,-17],[-86,-15],[-106,-15],[-73,9],[-45,18],[-19,11],[-37,15]],[[8889,82358],[-34,-14],[-31,-10],[-47,-175],[-41,-123],[-28,-26],[-35,-8],[-53,15],[-49,21],[-14,22],[-5,42],[33,162],[12,97],[6,74],[2,57],[1,20],[-2,23],[0,18],[15,24],[23,19],[132,90],[32,32],[33,36],[31,23],[50,14],[64,1],[36,-20],[59,-64],[10,-40],[0,-35],[-1,-22],[-20,-45],[-46,-51],[-32,-21],[-24,-22],[-14,-31],[-29,-59],[-34,-24]],[[33545,30701],[-14,-37],[-16,-49],[-13,-42],[-14,-35],[-21,-45],[-26,-33],[-85,-66],[-29,-23],[-36,-39],[-58,-51],[-44,-36],[-12,-31],[0,-36],[-11,-45],[-25,-47],[-15,-27],[-32,-48],[-37,-32],[-49,-29],[-31,-5],[-28,-9],[-34,-20],[-39,-29],[-40,-20],[-39,-23],[-57,-28],[-46,-23],[-35,-16],[-22,-2],[-46,11],[-51,10],[-33,-8],[-12,-22],[-7,-38],[-7,-35],[-14,-46],[8,-53],[-1,-23],[-28,-18],[-35,-22],[-55,-14],[-29,-1],[-21,-2],[-18,-9],[-35,-22],[-30,-8],[-28,-8],[-25,-17],[-20,-32],[-17,-25],[-19,-1],[-17,9],[-32,5],[-32,-5],[-28,-3],[-15,19],[-21,44],[-25,49],[-25,48],[-16,62],[-6,38],[-14,25],[-7,51],[15,22],[123,45],[373,173],[121,61],[110,55],[101,60],[100,44],[61,11],[54,37],[63,62],[23,25],[77,86],[118,115],[129,128],[102,116],[39,50],[56,41],[44,23],[28,-10],[-14,-52],[-54,-125]],[[42574,16194],[-50,-64],[-92,-113],[-40,-21],[-48,-16],[-65,-14],[-46,6],[-73,37],[-82,48],[-92,126],[-130,184],[-98,141],[-11,30],[25,20],[34,4],[65,13],[107,44],[38,19],[72,53],[109,95],[48,32],[47,27],[46,32],[28,24],[30,40],[19,29],[29,24],[25,28],[71,40],[83,39],[52,23],[35,-4],[30,-27],[33,-42],[81,-111],[14,-120],[-2,-131],[-15,-85],[-31,-58],[-58,-25],[-41,-25],[-35,-13],[-68,-24],[-56,-86],[-10,-33],[2,-48],[17,-55],[3,-43]],[[8442,79106],[-74,216],[-52,-20],[-49,118],[22,18],[94,53],[40,39],[30,42],[7,28],[-4,41],[-36,87],[268,110],[41,-8],[25,-28],[16,-45],[6,-59],[-1,-31],[-28,-53],[-4,-15],[-1,-25],[8,-26],[109,-232],[60,-146],[-104,-38],[-98,-26],[-116,-45],[-156,-65],[-11,3],[-20,36],[-8,19],[27,14],[21,2],[0,14],[-12,22]],[[26748,39076],[-22,22],[-21,27],[-35,29],[-57,29],[-56,35],[-40,41],[22,29],[64,-6],[30,-41],[60,-50],[28,-17],[59,-25],[73,-26],[37,-8],[38,-1],[10,21],[-30,48],[-54,102],[-4,28],[43,29],[54,2],[47,-13],[50,-31],[38,-16],[48,-17],[103,-13],[36,10],[32,27],[-21,24],[3,36],[68,37],[169,-2],[39,-83],[-48,-30],[82,-189],[20,-72],[-31,-10],[-81,10],[-52,-34],[-25,12],[-11,14],[-74,-8],[-29,-34],[-11,-29],[-11,-25],[-32,-17],[-40,-29],[-41,-36],[-32,-24],[-36,-5],[-45,14],[-57,41],[-59,48],[-40,15],[-38,18],[-16,27],[-44,45],[-60,71]],[[69063,27570],[-66,133],[3,38],[77,276],[105,74],[23,-17],[14,-31],[4,-36],[-9,-40],[17,-47],[119,-181],[36,-27],[33,-30],[18,-38],[0,-19],[42,-82],[-82,-49],[3,-23],[74,-113],[-9,-31],[-116,-90],[-26,19],[-58,34],[-39,26],[-32,38],[-131,216]],[[33751,29780],[-338,-214],[-307,-173],[-122,-68],[-50,1],[-34,29],[-187,242],[-7,71],[45,54],[57,22],[41,27],[36,31],[48,25],[89,37],[88,61],[61,53],[45,54],[69,44],[72,33],[29,32],[22,33],[9,53],[9,31],[27,21],[17,19],[27,29],[55,32],[48,27],[37,-1],[28,-22],[31,-82],[12,-19],[27,-63],[34,-53],[97,-124],[82,-100],[0,-34],[-34,-22],[-72,-33],[-58,-34],[-33,-19]],[[69925,29239],[0,-80],[-9,-86],[-25,-99],[-7,-69],[-4,-30],[-80,-10],[-43,-34],[-64,104],[-70,82],[-64,44],[-15,44],[0,42],[-31,3],[-61,-162],[-42,-27],[-30,23],[-29,8],[-13,27],[7,197],[-2,53],[4,46],[7,102],[2,38],[42,23],[54,19],[70,16],[-46,60],[-11,22],[75,111],[23,-4],[98,-94],[24,-23],[82,-72],[68,-65],[34,-44],[18,-36],[14,-34],[14,-40],[10,-55]],[[17793,60670],[-102,-73],[-94,-60],[-110,-86],[-133,-125],[-167,-157],[-145,-106],[-145,-135],[-24,-8],[-37,92],[-34,69],[-41,83],[-36,58],[-34,54],[-13,55],[19,97],[22,51],[35,56],[46,59],[66,66],[41,40],[69,46],[75,30],[92,9],[79,1],[80,-1],[55,-8],[3,28],[5,28],[54,18],[170,-4],[172,-16],[151,-19],[36,-23],[-10,-19],[-50,-34],[-95,-66]],[[18586,46891],[-17,26],[-14,18],[-73,-44],[-53,56],[-7,22],[98,70],[-22,32],[-15,-5],[-39,52],[-2,9],[169,82],[121,70],[0,14],[-16,67],[163,46],[66,19],[2,13],[-43,182],[7,19],[42,10],[30,-1],[89,-258],[93,43],[65,36],[26,11],[17,-8],[54,-76],[-8,-13],[-187,-147],[-36,-26],[-10,-15],[23,-32],[0,-18],[-28,-59],[-49,-60],[-53,-90],[-43,-54],[-61,-71],[-41,-34],[-25,-6],[-48,-2],[-48,1],[-46,5],[-49,12],[-25,9],[-23,5],[-42,54],[58,36]],[[7298,86664],[-155,-76],[-194,-79],[-149,-61],[-16,5],[-61,-35],[-204,-74],[-128,-49],[-16,-10],[-156,-21],[-112,-17],[-6,36],[-8,33],[-15,35],[-32,7],[1,31],[-58,3],[-4,36],[13,35],[26,2],[20,8],[13,12],[31,-1],[31,-25],[14,-48],[8,-32],[13,-29],[14,-16],[26,-1],[-12,84],[18,19],[120,13],[9,-5],[14,-28],[13,-43],[18,6],[-6,40],[7,27],[54,55],[28,21],[28,24],[0,69],[11,37],[46,25],[-6,29],[-11,45],[28,35],[146,60],[-1,48],[155,66],[80,27],[96,29],[-26,103],[161,50],[33,-93],[111,42],[-15,41],[130,70],[21,-13],[69,-212],[-23,-22],[-91,-33],[-17,50],[-129,-54],[-1,-16],[-4,-4],[27,-95],[90,27],[-1,43],[54,18],[12,-66],[-8,-32],[-12,-12],[22,-67],[-5,-19],[-129,-58]],[[10266,71869],[-241,-43]],[[9881,71796],[-51,-10],[11,90],[-73,148],[39,14],[165,36],[75,44],[129,34],[141,24],[148,-1],[27,62],[99,-164],[62,-158]],[[11384,73368],[190,14],[9,3],[10,-12],[17,-197],[-211,-68]],[[52844,15068],[57,-5],[-6,-118],[-67,22],[16,101]],[[58301,15332],[23,8],[120,-1],[69,11],[40,-129],[-6,-165],[-6,-14],[-12,-10],[-31,-3],[-47,-2],[-38,1],[-1,59],[-8,17],[-96,2],[-6,3],[8,45],[0,38],[-9,140]],[[3454,88287],[-23,62],[99,43],[-27,66],[-28,48],[-105,-39],[-9,30],[1,38],[163,50],[12,-20],[2,-4],[13,-31],[6,-12],[21,-6],[131,47],[12,-20],[60,30],[-47,95],[35,12],[49,-87],[66,19],[8,-14],[157,67],[24,-63],[-47,-36],[0,-26],[19,-46],[166,28],[40,-94],[-134,-39],[-38,56],[-13,23],[-210,-74],[-58,-36],[32,-95],[-15,-17],[-128,-54],[-38,92],[-86,-38],[-30,74],[-80,-29]],[[2542,91279],[91,18],[-39,218],[-11,15],[-39,13],[-97,-16],[-25,4],[-47,183],[68,18],[61,12],[47,3],[172,0],[5,-112],[-92,0],[-10,-20],[12,-59],[17,-39],[26,-73],[3,-39],[55,-2],[16,-74],[11,-32],[121,7],[-7,90],[36,7],[25,-6],[28,-68],[108,48],[38,-67],[-105,-59],[-15,-28],[-37,-13],[-30,-16],[-36,-8],[-37,-8],[-61,-17],[8,-31],[-156,-33],[-21,-3],[-21,131],[-52,-10],[-10,66]],[[85579,1229],[40,29],[-11,24],[33,27],[64,-75],[-41,-40],[-25,24],[-27,-28],[-33,39]],[[64690,16090],[-64,76],[21,32],[48,-21],[8,-10],[-6,-70],[-7,-7]],[[4922,85521],[40,-4],[20,-3],[-2,150],[254,3],[102,-2],[43,-165],[47,-179],[-77,-15],[-27,-24],[-135,-19],[-2,37],[7,18],[49,13],[-28,138],[-136,-18],[8,-94],[-107,-12],[-3,73],[-36,-1],[-17,104]],[[5860,84343],[-7,-33],[-62,-65],[-73,136],[-196,-121],[-67,46],[-73,-47],[-87,67],[73,64],[53,57],[36,-13],[11,38],[67,-85],[96,50],[-43,77],[109,51],[8,19],[56,30],[-26,66],[61,36],[-30,82],[13,17],[52,14],[23,-48],[-3,-40],[53,-100],[-46,-18],[-5,-22],[-31,-16],[34,-81],[100,58],[-33,76],[9,18],[193,121],[69,-86],[-125,-117],[-37,73],[-58,-35],[61,-91],[-46,-47],[-45,63],[-84,-67],[45,-81],[-45,-46]],[[14312,59985],[-27,-38],[-48,-20],[-97,19],[-40,43],[11,11],[19,-9],[30,7],[51,14],[62,26],[55,40],[14,9],[37,44],[32,47],[17,3],[-4,-14],[-35,-45],[-77,-137]],[[5669,88676],[-155,-89]],[[5486,88630],[-47,78],[87,86],[38,57],[81,48],[36,39],[117,-164]],[[33052,22452],[48,-41],[-17,-78],[-154,-209],[-36,41],[-312,-312],[-107,127],[328,309],[-201,239],[203,247],[288,-240],[-51,-53]],[[14968,52220],[106,61],[31,33],[75,57],[16,-2],[76,-376],[-80,-22],[-58,-27],[-42,59],[-99,172],[-25,45]],[[25680,37389],[-63,138],[13,40],[79,26],[-356,838],[44,-39],[74,-52],[52,-34],[36,-5],[62,6],[64,-10],[59,-30],[70,-44],[87,-39],[61,-13],[67,11],[55,11],[51,34],[52,30],[26,24],[32,35],[34,12],[60,-1],[43,18],[35,18],[24,24],[8,46],[-23,44],[-49,13],[-51,-33],[-59,-19],[-57,-13],[-26,-18],[-43,-47],[-53,-36],[-52,-47],[-56,-19],[-70,2],[-49,3],[-38,30],[-34,76],[-21,62],[-28,22],[-144,99],[11,54],[38,47],[69,7],[84,18],[51,17],[48,-7],[178,-79],[50,-22],[24,11],[127,211],[-25,14],[-103,59],[5,65],[15,40],[22,62],[30,39],[39,3],[54,-52],[128,-80],[31,-24],[37,-47],[77,-77],[50,-31],[97,-67],[49,-21],[43,11],[41,-27],[72,-44],[92,-28],[53,-5],[63,5],[43,13],[33,21],[27,4],[20,7],[43,25],[55,45],[-1,13],[-39,60],[27,38],[38,40],[57,23],[72,-46],[40,25],[73,41],[74,-144],[41,-58],[39,-64],[48,-52],[22,-16],[16,-55],[-82,-108],[-53,-117],[-33,-81],[-46,-113],[-53,-54],[-60,-64],[-53,-28],[-104,-29],[-70,-21],[-56,-29],[-113,-10],[-124,-43],[-359,-83],[-157,-11],[-139,-50],[-177,-25],[-136,-57],[-147,-50],[-116,-71],[-116,-91]],[[19830,43065],[191,51],[202,66],[1,-65],[-18,-14],[-34,-13],[-5,-17],[2,-58],[-3,-20],[-20,-24],[-24,-17],[-27,-8],[1,-38],[-21,-17],[-84,-19],[-35,2],[-34,28],[-41,37],[-24,43],[-15,39],[-10,36],[-2,8]],[[14204,60129],[-63,-8],[-46,8],[139,135],[46,16],[34,-16],[21,-51],[-15,-14],[-52,-50],[-64,-20]],[[25311,38458],[116,-316],[-188,-92],[198,-472],[-93,-55],[54,-140],[157,85],[-42,70],[52,-23],[78,-156],[-87,-127],[-72,33],[-30,16],[-33,18],[-38,35],[-20,40],[-25,20],[-43,29],[-33,2],[-120,-144],[-115,-115],[-48,26],[-67,-51],[-12,6],[-95,124],[-60,87],[-72,103],[-26,81],[-59,176],[-13,94],[-40,208],[-45,147],[-7,63],[43,-2],[60,4],[90,30],[99,31],[118,45],[102,52],[-3,8],[130,43],[101,32],[53,0],[35,-15]],[[14672,61298],[-24,6],[-36,0],[-48,0],[-35,2],[-14,11],[16,41],[34,15],[37,21],[19,32],[29,56],[38,38],[24,30],[4,39],[-9,35],[-19,99],[66,16],[114,29],[30,21],[14,23],[-1,28],[-12,32],[-5,35],[9,44],[24,8],[150,-29],[115,7],[61,12],[142,0],[58,-5],[53,-6],[189,-3],[73,15],[89,16],[49,-3],[39,-22],[32,-39],[8,-29],[-31,-97],[-28,-48],[-30,-21],[-143,-34],[-68,-26],[-158,-41],[-78,-14],[-96,-10],[-121,-20],[-71,-16],[-136,-57],[-49,-29],[-91,-23],[-63,-9],[-41,-28],[-56,-37],[-40,-65],[-13,0]],[[86205,829],[67,-66],[69,49],[32,-24],[15,-10],[39,42],[59,-36],[64,-37],[0,-29],[24,-17],[28,-27],[2,-20],[-74,-102],[29,-29],[197,-169],[8,-18],[-19,-18],[154,-215],[3,-22],[-21,-17],[-12,-3],[-109,130],[-18,-11],[-27,-26],[-57,66],[-88,-81],[-3,-19],[-33,-18],[-19,-12],[-11,5],[-59,109],[-53,138],[-22,-5],[-21,9],[-11,29],[-18,9],[-38,20],[-51,68],[-108,167],[3,4],[32,24],[-59,72],[-85,75],[19,20],[196,149],[175,-140],[-11,-19],[-12,-6],[-121,115],[-25,-24],[29,-29],[-59,-51]],[[85681,1054],[63,40],[62,39],[35,-56],[-108,-75],[-52,52]],[[54383,17042],[-2,176]],[[54381,17218],[2,82],[10,130],[-25,67],[144,-14],[43,2],[50,28],[-1,-103],[-25,-45],[3,-64],[20,-85],[-2,-26],[1,-130],[-4,-23],[-214,5]],[[25051,27871],[1,11],[-8,12],[50,60],[42,33],[35,-43],[-27,-24],[20,-11],[20,-11],[9,-36],[-54,-53],[-53,23],[-35,39]],[[26323,28232],[-23,2],[-62,-63],[-14,2],[-71,58],[48,62],[17,-17],[119,129],[66,-67],[16,-18],[48,-44],[18,-31],[-48,-74],[-56,37],[-58,24]],[[54383,17042],[-147,4],[-18,17],[12,137],[50,-9],[48,-1],[24,10],[29,18]],[[61427,14636],[-13,3],[-94,20],[-39,7]],[[59112,15359],[131,13],[2,-13],[-8,-104],[-7,-4],[-116,-2],[-2,110]],[[78216,10923],[41,-38],[17,-39],[-113,-121],[-57,51],[-11,10],[-1,17],[21,7],[103,113]],[[10942,73032],[100,19],[89,-435],[86,33],[31,-43],[181,28],[12,21],[-24,145],[1,59],[8,7],[42,0],[39,-5],[10,-16],[21,-173],[71,3],[12,-18],[46,-204],[24,-13],[32,-27],[52,-116],[-4,-13],[-115,-78],[-138,-63],[82,-207],[6,-27],[-10,-19],[-182,-75],[-115,-41],[-145,-55],[37,-159],[-197,-48],[-19,0],[-30,184],[-29,214],[22,15],[40,9],[39,32],[37,22],[5,88],[-8,20],[-43,50],[-86,35],[-14,-2],[12,-192],[-8,-21],[-16,-15],[-27,-13],[-105,-18],[-22,7],[-40,80],[-45,92],[-6,16],[32,4],[-1,31],[-41,-5],[-9,31],[40,0],[-14,168],[11,15],[81,6],[-7,28],[-16,19],[-115,-9],[-5,144],[-3,20],[-62,7],[-18,17],[-7,92],[-15,15],[-33,-3],[-32,93],[23,8],[-7,80],[-18,103],[-6,5],[-24,14],[1,8]],[[2181,94590],[6,46],[17,53],[250,8],[-3,-131],[4,-121],[-66,-1],[-95,-31],[-70,-48],[-34,94],[-9,80],[0,51]],[[78804,8931],[76,-87]],[[78880,8844],[-48,-47],[-80,86],[52,48]],[[1630,95300],[23,-49],[33,-60],[1,-10],[-18,-19],[-28,34],[-29,31],[-14,20],[-3,12],[14,29],[21,12]],[[28537,25219],[40,-35],[-40,-29],[-53,-21],[-13,28],[66,57]],[[49842,12148],[-3,-57]],[[49839,12091],[-124,-15]],[[49715,12076],[2,55],[47,5],[-2,14]],[[49762,12150],[80,-2]],[[48822,12157],[6,-145]],[[48828,12012],[-5,-52],[-39,2],[-9,112],[-8,57],[15,14],[40,12]],[[2331,119203],[43,-3],[7,-14],[-15,-141],[-9,-9],[-47,6],[7,114],[14,47]],[[61943,15498],[3,31],[138,18]],[[62084,15547],[-5,-44]],[[62079,15503],[4,-29]],[[62083,15474],[-134,-12]],[[61949,15462],[-6,36]],[[83509,4338],[19,-35],[9,-17]],[[83537,4286],[-69,-41]],[[83468,4245],[-21,46]],[[83447,4291],[62,47]],[[78046,9444],[53,-47],[-31,-85],[-29,-36],[-44,29],[22,66],[29,73]],[[54579,15325],[-2,7],[88,4],[2,-109],[-80,-6],[-8,104]],[[20469,36016],[74,-36],[34,-20],[-8,-28],[-15,-21],[-35,15],[-12,-24],[-42,19],[-32,22],[36,73]],[[71900,13563],[83,75],[51,-54],[-43,-53],[-33,36],[-33,-31],[-25,27]],[[49737,13413],[-95,-44]],[[49642,13369],[-22,64],[56,22],[29,13]],[[62209,14891],[-169,-76]],[[20245,34517],[133,-18],[2,-53],[-85,-31],[-38,56],[-12,46]],[[62172,15608],[53,13]],[[62186,15509],[-14,99]],[[61949,15462],[9,-52]],[[61958,15410],[-117,10],[-6,74],[108,4]],[[61929,14647],[8,18]],[[61937,14665],[110,37],[5,-37],[-112,-31]],[[79629,7943],[18,18],[20,-15],[6,2]],[[79673,7948],[44,-68]],[[79717,7880],[-25,-28]],[[79692,7852],[-63,91]],[[49349,12468],[46,10],[25,-160],[-70,-3],[-1,153]],[[61040,15382],[5,-75]],[[61045,15307],[-82,-3]],[[60963,15304],[-2,66],[79,12]],[[62190,15122],[-49,-12]],[[62141,15110],[-21,-6]],[[84713,3747],[-77,-108]],[[84636,3639],[-41,30],[66,113],[52,-35]],[[67159,15327],[152,-42],[-19,-70],[-155,55],[22,57]],[[60696,15835],[99,18],[0,-75],[-89,-13],[-10,70]],[[6665,89799],[53,-38],[-66,-125],[-58,87],[71,76]],[[20828,36840],[53,-9],[-4,-16],[72,-11],[-3,-49],[-128,42],[10,43]],[[49876,13815],[54,11]],[[49930,13826],[24,-77],[15,-81]],[[49918,13651],[-42,164]],[[62278,15016],[-4,125]],[[49762,12150],[-6,65],[76,14],[10,-81]],[[1094,123508],[83,-3],[-6,-90],[-76,4],[-9,8],[8,81]],[[21976,38089],[55,-2],[22,-96],[-13,-8],[-60,-1],[-13,13],[9,94]],[[48135,13170],[65,27],[32,-125],[-55,-6],[-42,104]],[[52932,15186],[51,2],[5,-59],[-7,-9],[-26,-13],[-17,-6],[0,49],[-6,36]],[[1554,125377],[50,-1],[-4,-133],[-47,1],[1,133]],[[48822,12157],[41,12],[26,-25]],[[48891,12007],[-63,5]],[[61958,15410],[133,11]],[[62091,15421],[6,-46]],[[61964,15355],[-6,55]],[[81241,6460],[61,46],[63,-91],[-70,-51],[-54,96]],[[61369,15265],[85,6],[15,-21],[-1,-49],[-13,-13],[-89,6],[3,71]],[[63187,15904],[-109,57]],[[63078,15961],[102,-1],[27,-16],[-20,-40]],[[20180,46038],[55,-7],[25,-52],[-47,-21],[-33,80]],[[66017,19771],[102,-50],[-41,-75],[-100,41],[39,84]],[[61786,14620],[-3,28],[132,17],[22,0]],[[65023,16034],[49,-36],[-58,-78],[-49,38],[58,76]],[[1410,118547],[-80,24],[-8,87],[55,-5],[29,-5],[0,-39],[4,-62]],[[48121,13239],[-49,53],[36,31],[50,-47],[-37,-37]],[[26880,25851],[-19,10],[-10,-19],[-61,15],[11,53],[77,6],[25,-49],[-23,-16]],[[15315,53619],[68,-3],[-2,-104],[-43,-6],[-30,11],[7,102]],[[6835,84618],[6,-49],[-13,-44],[-42,-15],[-15,16],[-31,55]],[[4958,86363],[78,29],[32,-67],[-68,-22],[-18,9],[-24,51]],[[84907,2284],[60,-68],[-82,-38],[-29,42],[51,64]],[[55616,15736],[13,13],[31,-18],[-8,-43],[-35,-68],[-43,36],[0,42],[42,38]],[[14877,61301],[17,26],[69,44],[53,20],[22,-17],[-45,-20],[-16,-21],[-70,-46],[-17,-15],[-13,29]],[[53225,15100],[29,6],[49,-39],[19,-30],[-36,-24],[-36,-22],[-25,0],[0,22],[-3,63],[3,24]],[[17707,50510],[-30,-11],[-73,-34],[-66,62]],[[62084,15547],[-5,70],[59,4],[34,-13]],[[62186,15509],[-107,-6]],[[1383,125356],[-3,-93],[-115,-5],[-3,114],[62,-32],[59,16]],[[49110,13116],[179,23]],[[49289,13139],[3,-15]],[[49297,13078],[-183,-12]],[[49114,13066],[0,10],[-4,40]],[[4083,88963],[37,43],[86,-61],[-8,-18],[-43,-7],[-18,1],[-54,42]],[[78841,8967],[-9,11]],[[78884,9004],[64,-95],[-24,-23]],[[78924,8886],[-83,81]],[[62195,15432],[-58,-23],[-7,-19],[-33,-15]],[[62091,15421],[-8,53]],[[25913,26589],[32,-5],[3,-85],[-14,-127],[-23,-9],[-11,54],[6,76],[7,96]],[[61155,14859],[2,-86]],[[61157,14773],[-88,-1]],[[85495,1619],[36,-35],[20,2],[29,-43],[-98,-54],[-22,52],[29,26],[-27,26],[33,26]],[[60830,15613],[3,-46]],[[60833,15567],[0,-10]],[[60725,15544],[-3,56],[10,-2],[98,15]],[[57723,16401],[74,4],[-4,-127],[-69,1],[-1,122]],[[31200,22345],[67,32],[83,-103],[-2,-14],[-56,-32],[-92,117]],[[69158,13673],[-11,-43]],[[68930,13660],[9,34],[3,14]],[[85221,1927],[-17,34]],[[85204,1961],[-13,34],[-44,58]],[[85147,2053],[67,47],[31,-39],[-33,-22],[43,-47],[24,29],[27,-27],[-21,-21],[-64,-46]],[[83569,4226],[7,-14],[13,3]],[[83589,4215],[67,-102]],[[83656,4113],[-62,-37],[-65,84],[-19,27]],[[83510,4187],[59,39]],[[83798,4375],[-43,-23]],[[83755,4352],[-55,76],[-53,94]],[[83684,4547],[51,-66]],[[83735,4481],[63,-106]],[[49814,13802],[62,13]],[[46300,9876],[165,-106],[-38,-53],[-146,116],[19,43]],[[78741,9816],[73,-38],[-28,-38],[-78,-5],[-4,49],[37,32]],[[84713,3747],[35,-23]],[[84748,3724],[-68,-118]],[[84680,3606],[-44,33]],[[79673,7948],[38,13],[91,-107],[-32,-13],[-53,39]],[[60929,15573],[6,-61],[-99,-8]],[[60833,15567],[96,6]],[[10139,73246],[74,22],[22,-74],[-74,-22],[-22,74]],[[49055,13559],[-85,-16]],[[48970,13543],[-7,37]],[[48963,13580],[87,19]],[[49050,13599],[5,-40]],[[5433,85692],[45,15],[50,-95],[-68,-24],[-27,104]],[[83268,5698],[36,17],[57,-41],[-40,-14],[-51,-2],[-2,40]],[[52787,14871],[43,-9],[44,-18],[-10,-30],[-10,-28],[-21,6],[-56,16],[-14,19],[24,44]],[[45811,12048],[38,58],[75,-38],[-37,-67],[-76,47]],[[48905,13513],[-126,-11]],[[48779,13502],[-4,46],[124,19],[6,-54]],[[85153,1936],[51,25]],[[85221,1927],[-22,-15],[-64,-64],[-36,48],[54,40]],[[49060,13522],[-82,-20]],[[48978,13502],[-8,41]],[[49055,13559],[5,-37]],[[58156,16061],[0,11],[76,4],[9,-38],[-86,-9],[1,32]],[[14341,60615],[22,-14],[24,-46],[-10,-25],[-15,-3],[-3,19],[-21,12],[-19,-1],[-4,12],[9,16],[17,30]],[[15677,58990],[62,3],[7,-98],[-11,-3],[-35,8],[-19,14],[-9,16],[-1,35],[6,25]],[[1887,119373],[108,-17],[-5,-70],[-10,-6],[-99,12],[-7,10],[13,71]],[[49110,13116],[-6,58],[84,-3],[91,19],[10,-51]],[[48784,13452],[-5,50]],[[48905,13513],[6,-48],[-127,-13]],[[61045,15307],[1,-18]],[[61046,15289],[1,-16]],[[61047,15273],[-83,-15]],[[60964,15258],[-1,46]],[[21241,39312],[73,14],[14,-20],[19,-58],[-17,-2],[-68,-3],[-28,56],[7,13]],[[49060,13522],[-2,-25]],[[49058,13497],[-75,-20],[-5,25]],[[61930,14673],[-80,-6],[-2,117]],[[66550,14131],[51,-45],[2,-31],[-40,-42],[-33,21],[-24,2],[-29,47],[73,48]],[[5365,85671],[-2,14],[47,2],[30,-110],[-63,-7],[-12,101]],[[28584,25166],[30,-32],[-33,-32],[-67,14],[70,50]],[[2154,92040],[59,12],[8,-8],[27,-79],[-69,-11],[-4,8],[-21,78]],[[2313,91952],[99,48],[12,5],[8,-9],[1,-21],[-7,-20],[5,-18],[7,-12],[-5,-11],[-90,-41],[-30,79]],[[49839,12091],[29,5],[11,-66],[-66,0],[-100,3],[2,43]],[[62157,14982],[-16,128]],[[62190,15122],[12,-127]],[[14454,60663],[14,9],[24,0],[26,1],[-11,-25],[-17,-12],[-2,-26],[-24,-19],[-27,1],[-10,14],[-27,-6],[-21,3],[-3,18],[23,8],[38,18],[17,16]],[[2856,89286],[38,12],[26,-65],[-43,-15],[-21,68]],[[17898,48623],[58,-20],[-12,-45],[-59,23],[13,42]],[[71804,13863],[16,-13],[-49,-77],[-23,18],[-27,-31],[-26,14],[28,29],[50,75],[31,-15]],[[31691,21528],[48,25],[77,-118],[-4,-7],[-50,-25],[-47,74],[-24,51]],[[72971,12251],[30,32],[44,-55],[-25,-23],[-49,46]],[[69386,13805],[-66,5],[-8,126],[22,23],[58,-20]],[[5228,87001],[-18,34],[4,13],[65,-14],[53,-40],[-35,-78],[-69,85]],[[26406,26526],[80,-22],[-25,-80],[-74,21],[19,81]],[[234,119590],[36,30],[43,14],[35,-9],[9,-24],[-4,-21],[-102,-47],[-30,13],[-10,24],[23,20]],[[1228,119617],[90,-26]],[[1318,119591],[-17,-41],[-148,5],[18,64],[57,-2]],[[59856,16653],[35,14],[24,4],[22,8],[3,-27],[18,-7],[7,5],[21,11],[-3,-36],[-12,-47],[-29,-27],[-31,35],[-29,7],[-8,18],[-30,3],[-3,27],[15,12]],[[31581,22420],[65,34],[56,-89],[-74,-46],[-47,101]],[[1547,119046],[40,30]],[[1587,119076],[12,-53],[-34,-19],[-18,42]],[[61821,15181],[-7,156],[61,8]],[[16306,51603],[103,63],[39,-52],[-5,-14],[-88,-73],[-20,13],[-29,63]],[[10747,73773],[47,-3],[65,-7],[22,-5],[4,-43],[15,-8],[-2,-15],[-18,-7],[-100,3],[-15,11],[-18,74]],[[15255,53566],[37,-7],[6,-70],[10,-71],[-4,-51],[-18,-8],[-34,11],[-12,26],[12,119],[3,51]],[[84420,4108],[6,-19],[82,-50],[21,-17],[-30,-55],[-29,17]],[[64822,17643],[99,-63],[12,-26],[-29,-53],[-112,63],[7,35],[12,34],[11,10]],[[62525,14872],[-15,-23],[-55,-38]],[[5884,84993],[48,30],[18,-6],[43,-69],[-75,-49],[-21,51],[-13,43]],[[4856,89911],[113,82],[37,-60],[-124,-92],[-26,70]],[[45934,12571],[55,-27],[6,-12],[-52,-96],[-11,1],[-54,43],[56,91]],[[80030,7438],[51,26],[15,-11],[56,-88],[-12,-23],[-35,-28],[-53,60],[-22,64]],[[61087,15517],[-3,21],[19,5],[101,-4],[-2,-60],[-8,-11],[-99,-6],[-8,55]],[[60840,15267],[106,5],[-7,-100],[-94,-3],[-5,98]],[[83689,4301],[-71,101],[-35,76]],[[83626,4508],[46,-93],[51,-88]],[[48633,13021],[-3,80],[89,-8],[54,-4]],[[48784,13025],[-151,-4]],[[85324,1844],[38,-50]],[[85362,1794],[-50,-29],[-66,-53],[-29,22],[18,24],[-22,37],[82,52],[29,-3]],[[58184,16234],[50,0],[5,-150],[-54,0],[-1,150]],[[48671,12955],[-36,28],[-2,38]],[[48796,12953],[-14,-6]],[[58534,13712],[40,0],[30,8],[18,23],[16,-7],[26,-26],[-22,-15],[-7,-19],[-23,-32],[-21,-19],[-29,-16],[-24,-2],[-4,10],[0,95]],[[69735,13680],[-78,-48],[-21,121],[74,40],[14,-4]],[[27163,26306],[77,-35],[-74,-106],[-56,31],[40,50],[13,60]],[[15844,52519],[15,-22],[19,-2],[21,-31],[18,-49],[10,-44],[-49,-36],[-26,39],[-18,52],[-12,47],[-2,17],[24,29]],[[49769,13336],[-103,-36],[-24,69]],[[16006,59681],[118,-6],[-5,-46],[-129,1],[-32,0],[-12,14],[32,27],[10,11],[18,-1]],[[234,119657],[3,-29],[-62,-17],[-10,40],[69,6]],[[79692,7852],[-15,-17],[-63,94],[15,14]],[[18444,48342],[-21,93],[80,-10],[82,8]],[[27033,26132],[30,-35],[-36,-32],[63,-32],[-26,-28],[-107,53],[50,78],[26,-4]],[[62342,15588],[103,29]],[[62474,15529],[-117,-38]],[[83589,4215],[76,21],[46,-90],[-55,-33]],[[20397,46263],[69,-37],[-27,-83],[-26,0],[-20,-38],[-7,-7],[-33,16],[4,26],[40,123]],[[63028,15932],[30,27],[20,2]],[[63187,15904],[23,-19],[-40,-59]],[[460,119498],[87,0],[-8,-66],[-30,-45],[-50,12],[1,99]],[[14006,59539],[-66,71],[6,10],[80,42],[72,-77],[-92,-46]],[[6186,84292],[49,43],[35,21],[18,-4],[6,-58],[-50,-62],[-65,51],[7,9]],[[25566,28207],[52,-35],[-85,-110],[-40,64],[73,81]],[[20746,36843],[36,-4],[-4,-37],[-36,2],[4,39]],[[4988,85165],[4,9],[56,3],[9,-47],[51,5],[2,-48],[-35,-3],[-80,1],[-3,35],[-4,45]],[[52073,14487],[42,11],[25,-26],[23,-43],[17,-37],[-35,-3],[-40,0],[-25,37],[-15,38],[8,23]],[[62717,15393],[24,14]],[[62839,15275],[-45,-39]],[[16506,50980],[-5,7],[21,17],[122,71],[32,-40],[4,-14]],[[67382,13184],[47,-1],[4,-42],[20,-2],[3,-49],[5,-59],[-10,-5],[-73,3],[-2,10],[6,145]],[[6314,84858],[-36,25],[-29,49],[-32,1],[-9,9],[-40,-9],[-15,31],[29,18],[97,31]],[[52606,15825],[53,-7],[40,-14],[30,-56],[-23,-14],[-93,-8],[-33,4],[26,95]],[[18161,48648],[57,8],[12,-43],[41,1],[19,-59],[-109,-22],[-16,3],[-4,112]],[[31059,22507],[33,37],[52,-42],[24,2],[30,-44],[-51,-44],[-88,91]],[[62073,14959],[-10,135]],[[83866,4412],[-68,-37]],[[83735,4481],[74,39]],[[83809,4520],[6,-8],[60,-87]],[[58538,13847],[38,-4],[21,-12],[22,-18],[-12,-49],[-13,-20],[-18,-10],[-20,-2],[-17,11],[-1,104]],[[57487,16928],[1,-142],[-58,0],[1,97],[33,43],[23,2]],[[7322,85439],[42,51],[49,-42],[-2,-10],[-42,-47],[-47,48]],[[31960,22313],[40,57],[19,-2],[6,-19],[20,-42],[28,-32],[-31,-41],[-82,79]],[[25230,27739],[-33,34],[84,67],[24,-41]],[[16422,50098],[34,29],[101,-96],[-49,-37],[-86,104]],[[84748,3724],[22,-15],[12,-8],[-42,-115],[-5,-19],[-55,39]],[[7440,86824],[53,21],[31,-74],[-50,-23],[-34,76]],[[61097,15289],[-1,-91],[-45,-14]],[[61051,15184],[-4,89]],[[61046,15289],[51,0]],[[78804,8931],[37,36]],[[78924,8886],[-44,-42]],[[49930,13826],[35,7],[30,-56],[21,-98]],[[2717,93207],[16,38],[28,23],[31,10],[26,-1],[26,-12],[-8,-25],[-21,-18],[-48,-25],[-25,-18],[-25,28]],[[4613,89705],[103,-113],[-53,-35],[-70,77],[-37,32],[57,39]],[[1488,119002],[-29,52]],[[1545,119113],[64,6],[8,-21],[-30,-22]],[[1547,119046],[-59,-44]],[[48963,13580],[-10,54],[84,9],[29,-24],[-16,-20]],[[52145,15071],[44,-17],[30,-2],[16,-17],[15,-16],[-2,-31],[-13,-30],[-16,2],[-22,29],[-26,13],[-35,-2],[-30,7],[-9,18],[5,26],[13,6],[30,14]],[[83000,4605],[72,30],[25,-46],[-68,-39],[-29,55]],[[62201,15385],[-6,47]],[[62359,15474],[8,-55]],[[61051,15184],[-22,-7],[-47,0],[-17,46],[-1,35]],[[83447,4291],[-40,84],[11,3],[67,4],[24,-44]],[[16994,50905],[-10,13],[60,179],[16,18],[58,-72]],[[15786,53548],[69,-1],[13,-14],[6,-52],[-41,-13],[-45,-11],[-7,31],[0,38],[5,22]],[[0,120103],[42,15],[27,-104],[-44,-17],[-25,106]],[[3064,89071],[80,1],[8,-61],[-40,-13],[-29,35],[-19,38]],[[47952,13190],[57,-97],[7,-21],[-91,-6],[-38,85],[7,12],[58,27]],[[60830,15613],[95,17],[4,-57]],[[61694,15177],[37,-2]],[[61731,15175],[3,-128]],[[61040,15382],[58,-4]],[[52382,14820],[47,-11],[28,-17],[-10,-38],[-33,-11],[-11,6],[-33,33],[12,38]],[[83565,4533],[-16,62],[55,35],[60,-26]],[[1228,119617],[26,59],[71,-29],[-7,-56]],[[85153,1936],[-35,53],[-43,69],[-10,12],[44,28],[38,-45]],[[1488,119002],[-56,-42],[-31,-24],[-29,-8],[-24,0],[-58,131],[43,-7],[26,-55],[84,2],[45,3]],[[3072,88980],[93,9],[4,-77],[9,-41],[-29,-23],[-30,-2],[-27,43],[12,16],[-32,75]],[[29370,24181],[66,59],[47,-47],[-70,-51],[-43,39]],[[48094,12000],[-59,-55],[-14,63],[-4,88],[49,6]],[[17123,49683],[33,31],[35,1],[12,-61],[-39,-27],[-41,56]],[[85324,1844],[61,49],[44,-33],[-70,-49],[3,-17]],[[17955,48917],[52,16],[19,-65],[-55,-28],[-13,40],[-3,37]],[[15480,52369],[47,19],[39,-83],[-53,-27],[-33,91]],[[83537,4286],[32,-60]],[[83510,4187],[-42,58]],[[83705,4562],[53,30],[51,-72]],[[29030,24559],[59,70],[40,-43],[-57,-68],[-42,41]],[[31804,22335],[34,39],[62,-83],[-43,-34],[-53,78]],[[49057,13436],[7,22],[-6,39]],[[49060,13522],[54,3],[8,-65]],[[61731,15175],[49,-3]],[[61160,14683],[-81,5]],[[61157,14773],[3,-90]],[[68226,13571],[81,-10],[157,-26],[17,-12],[-4,-12],[-169,5],[-72,11],[-20,12],[-7,18],[17,14]],[[61206,14680],[-46,3]],[[17093,50743],[44,-69],[-60,-50],[-15,3],[-50,67]],[[49302,13035],[-188,-29],[0,60]]],"transform":{"scale":[0.0000022820987514964722,0.000001614925147589049],"translate":[139.98254269,41.406434397]},"objects":{"2024_013315":{"type":"GeometryCollection","geometries":[{"arcs":[[0]],"type":"Polygon","properties":{"polygon_uuid":"b2b86223-ad67-4bfc-8481-bdfee2414f4d","land_type":200,"issue_year":2024,"edit_year":2023,"history":"[{\"筆ポリゴンID\":\"9e2a764b-c435-4817-a8ca-dfa29a79918d\",\"更新年度\":2023,\"関連\":true},[{\"筆ポリゴンID\":\"81e70aa8-8f0a-4855-ab15-749c4fb9e073\",\"更新年度\":2022,\"前年同一\":true},[{\"筆ポリゴンID\":\"69ccfecf-539e-429a-98f3-d00fe0e312db\",\"更新年度\":2021,\"前年同一\":true},{\"筆ポリゴンID\":\"69ccfecf-539e-429a-98f3-d00fe0e312db\",\"発生年度\":2020}]]]","last_polygon_uuid":null,"prev_last_polygon_uuid":null,"local_government_cd":"013315","point_lng":140.054953516,"point_lat":41.442885978}},{"arcs":[[1]],"type":"Polygon","properties":{"polygon_uuid":"69440bb0-1bb7-49d4-b11e-8bcf85edefa5","land_type":200,"issue_year":2024,"edit_year":2023,"history":"{\"筆ポリゴンID\":\"69440bb0-1bb7-49d4-b11e-8bcf85edefa5\",\"発生年度\":2023}","last_polygon_uuid":null,"prev_last_polygon_uuid":null,"local_government_cd":"013315","point_lng":140.031996312,"point_lat":41.46206417}},{"arcs":[[2]],"type":"Polygon","properties":{"polygon_uuid":"c94fb81f-ed1f-4893-9668-735988a5d6a8","land_type":200,"issue_year":2024,"edit_year":2023,"history":"{\"筆ポリゴンID\":\"c94fb81f-ed1f-4893-9668-735988a5d6a8\",\"発生年度\":2023}","last_polygon_uuid":null,"prev_last_polygon_uuid":null,"local_government_cd":"013315","point_lng":140.031619063,"point_lat":41.463264056}},{"arcs":[[3]],"type":"Polygon","properties":{"polygon_uuid":"457ecc02-433c-434b-9061-019403baa5cc","land_type":200,"issue_year":2024,"edit_year":2023,"history":"{\"筆ポリゴンID\":\"457ecc02-433c-434b-9061-019403baa5cc\",\"発生年度\":2023}","last_polygon_uuid":null,"prev_last_polygon_uuid":null,"local_government_cd":"013315","point_lng":140.029123603,"point_lat":41.461929275}},{"arcs":[[4]],"type":"Polygon","properties":{"polygon_uuid":"78ff8352-f7da-4cbb-be57-cc1a0730ab7d","land_type":200,"issue_year":2024,"edit_year":2023,"history":"{\"筆ポリゴンID\":\"78ff8352-f7da-4cbb-be57-cc1a0730ab7d\",\"発生年度\":2023}","last_polygon_uuid":null,"prev_last_polygon_uuid":null,"local_government_cd":"013315","point_lng":140.028393607,"point_lat":41.47835045}},{"arcs":[[5]],"type":"Polygon","properties":{"polygon_uuid":"48c1156c-f548-4101-8268-00bc362ca3ea","land_type":200,"issue_year":2024,"edit_year":2023,"history":"{\"筆ポリゴンID\":\"48c1156c-f548-4101-8268-00bc362ca3ea\",\"発生年度\":2023}","last_polygon_uuid":null,"prev_last_polygon_uuid":null,"local_government_cd":"013315","point_lng":140.016763542,"point_lat":41.490902597}},{"arcs":[[6]],"type":"Polygon","properties":{"polygon_uuid":"562089fe-d6c7-4e48-ba1e-a90612920cc0","land_type":200,"issue_year":2024,"edit_year":2023,"history":"{\"筆ポリゴンID\":\"562089fe-d6c7-4e48-ba1e-a90612920cc0\",\"発生年度\":2023}","last_polygon_uuid":null,"prev_last_polygon_uuid":null,"local_government_cd":"013315","point_lng":140.016933612,"point_lat":41.492466525}},{"arcs":[[7]],"type":"Polygon","properties":{"polygon_uuid":"9bfa5298-e2f0-46fd-8957-09567ca354c2","land_type":200,"issue_year":2024,"edit_year":2023,"history":"[{\"筆ポリゴンID\":\"dc633de7-5e9d-4fbd-9ff0-22b69cd7cf40\",\"更新年度\":2023,\"関連\":true},[{\"筆ポリゴンID\":\"a1b7d742-f832-4d08-b444-75fc497e75f6\",\"更新年度\":2022,\"前年同一\":true},[{\"筆ポリゴンID\":\"76b7706c-1920-405a-ac63-312aa99cc9f7\",\"更新年度\":2021,\"前年同一\":true},{\"筆ポリゴンID\":\"76b7706c-1920-405a-ac63-312aa99cc9f7\",\"発生年度\":2020}]]]","last_polygon_uuid":null,"prev_last_polygon_uuid":null,"local_government_cd":"013315","point_lng":140.039062944,"point_lat":41.451425574}},{"arcs":[[8]],"type":"Polygon","properties":{"polygon_uuid":"fb852259-fb26-47ca-a7ba-70559b7c38fe","land_type":200,"issue_year":2024,"edit_year":2023,"history":"[{\"筆ポリゴンID\":\"1a9aa439-2eb1-4ecf-9222-2324ea6e7cc0\",\"更新年度\":2023,\"関連\":true},[{\"筆ポリゴンID\":\"c69fdaae-4d6c-4ead-b004-e00e12ca2e10\",\"更新年度\":2022,\"前年同一\":true},[{\"筆ポリゴンID\":\"506605d5-492c-4b9a-b6fb-ab325b2bf76d\",\"更新年度\":2021,\"前年同一\":true},{\"筆ポリゴンID\":\"506605d5-492c-4b9a-b6fb-ab325b2bf76d\",\"発生年度\":2020}]]]","last_polygon_uuid":null,"prev_last_polygon_uuid":null,"local_government_cd":"013315","point_lng":140.043185218,"point_lat":41.450651138}},{"arcs":[[9]],"type":"Polygon","properties":{"polygon_uuid":"5cfb3a91-a862-4f41-b300-2fae8fa7bf8e","land_type":200,"issue_year":2024,"edit_year":2023,"history":"[{\"筆ポリゴンID\":\"1b25abbf-6341-4f34-aea0-c5f9be890b3f\",\"更新年度\":2023,\"関連\":true},[{\"筆ポリゴンID\":\"336fb426-edfb-45db-9897-78af54263df7\",\"更新年度\":2022,\"前年同一\":true},[{\"筆ポリゴンID\":\"4241ff69-8e23-43ae-ac85-97a10249f21d\",\"更新年度\":2021,\"前年同一\":true},{\"筆ポリゴンID\":\"4241ff69-8e23-43ae-ac85-97a10249f21d\",\"発生年度\":2020}]]]","last_polygon_uuid":null,"prev_last_polygon_uuid":null,"local_government_cd":"013315","point_lng":140.017955412,"point_lat":41.492135084}},{"arcs":[[10]],"type":"Polygon","properties":{"polygon_uuid":"c9093330-ea7f-4e24-a587-d00f7823dc71","land_type":200,"issue_year":2024,"edit_year":2023,"history":"[{\"筆ポリゴンID\":\"13465631-c1a8-4a76-8442-fd652982da25\",\"更新年度\":2023,\"関連\":true},[{\"筆ポリゴンID\":\"0742044a-a641-4ed2-bb6d-0ce3e7114c3b\",\"更新年度\":2022,\"前年同一\":true},[{\"筆ポリゴンID\":\"0b33bb79-f3c3-4e63-8fa8-2390e3fb809e\",\"更新年度\":2021,\"前年同一\":true},{\"筆ポリゴンID\":\"0b33bb79-f3c3-4e63-8fa8-2390e3fb809e\",\"発生年度\":2020}]]]","last_polygon_uuid":null,"prev_last_polygon_uuid":null,"local_government_cd":"013315","point_lng":140.044313175,"point_lat":41.448778073}},{"arcs":[[11]],"type":"Polygon","properties":{"polygon_uuid":"5b56ffef-20ff-4375-baee-eec263c74c0f","land_type":200,"issue_year":2024,"edit_year":2023,"history":"[{\"筆ポリゴンID\":\"11a4252a-d65b-4803-8a6b-87437bcacaa1\",\"更新年度\":2023,\"関連\":true},[{\"筆ポリゴンID\":\"6bc173df-407b-4b6b-9d31-9d629a12095a\",\"更新年度\":2022,\"前年同一\":true},[{\"筆ポリゴンID\":\"3f579f28-5086-4de5-ba6f-b1b73d459a70\",\"更新年度\":2021,\"前年同一\":true},{\"筆ポリゴンID\":\"3f579f28-5086-4de5-ba6f-b1b73d459a70\",\"発生年度\":2020}]]]","last_polygon_uuid":null,"prev_last_polygon_uuid":null,"local_government_cd":"013315","point_lng":140.045128437,"point_lat":41.448447267}},{"arcs":[[12]],"type":"Polygon","properties":{"polygon_uuid":"ec800cb3-b832-4b92-a788-32a0653f797b","land_type":200,"issue_year":2024,"edit_year":2023,"history":"[{\"筆ポリゴンID\":\"238fd080-cdb3-44d2-b3cd-07b0ffeb58f8\",\"更新年度\":2023,\"関連\":true},[{\"筆ポリゴンID\":\"839a5449-a340-4c78-af2b-32ec82d5e266\",\"更新年度\":2022,\"前年同一\":true},[{\"筆ポリゴンID\":\"b5be8a4f-b61d-48ef-9093-3de540925496\",\"更新年度\":2021,\"前年同一\":true},{\"筆ポリゴンID\":\"b5be8a4f-b61d-48ef-9093-3de540925496\",\"発生年度\":2020}]]]","last_polygon_uuid":null,"prev_last_polygon_uuid":null,"local_government_cd":"013315","point_lng":140.042841569,"point_lat":41.45028039}},{"arcs":[[13]],"type":"Polygon","properties":{"polygon_uuid":"df2e4f03-7d48-43f7-8491-aca328d539df","land_type":200,"issue_year":2024,"edit_year":2023,"history":"[[{\"筆ポリゴンID\":\"dd66d24a-fbcf-4dba-8ca2-99160a4d7388\",\"更新年度\":2023,\"関連\":true},[{\"筆ポリゴンID\":\"6c3010cf-6a6c-453d-91cb-b9ba794317d8\",\"更新年度\":2022,\"前年同一\":true},[{\"筆ポリゴンID\":\"fc442951-6e6d-4d1f-b4d8-894dfed4b201\",\"更新年度\":2021,\"前年同一\":true},{\"筆ポリゴンID\":\"fc442951-6e6d-4d1f-b4d8-894dfed4b201\",\"発生年度\":2020}]]],[{\"筆ポリゴンID\":\"1a9aa439-2eb1-4ecf-9222-2324ea6e7cc0\",\"更新年度\":2023,\"関連\":true},[{\"筆ポリゴンID\":\"c69fdaae-4d6c-4ead-b004-e00e12ca2e10\",\"更新年度\":2022,\"前年同一\":true},[{\"筆ポリゴンID\":\"506605d5-492c-4b9a-b6fb-ab325b2bf76d\",\"更新年度\":2021,\"前年同一\":true},{\"筆ポリゴンID\":\"506605d5-492c-4b9a-b6fb-ab325b2bf76d\",\"発生年度\":2020}]]]]","last_polygon_uuid":null,"prev_last_polygon_uuid":null,"local_government_cd":"013315","point_lng":140.042479339,"point_lat":41.450679858}},{"arcs":[[14]],"type":"Polygon","properties":{"polygon_uuid":"2ec4c56b-3ca7-4bd0-a964-668d6896f473","land_type":200,"issue_year":2024,"edit_year":2023,"history":"[{\"筆ポリゴンID\":\"db736025-b4cf-43e9-8799-ea19672ee747\",\"更新年度\":2023,\"関連\":true},[{\"筆ポリゴンID\":\"ca84cfad-58d2-4f62-b521-ee64dbca6315\",\"更新年度\":2022,\"前年同一\":true},[{\"筆ポリゴンID\":\"c7516239-7f62-42d5-8914-09849cca4ec3\",\"更新年度\":2021,\"前年同一\":true},{\"筆ポリゴンID\":\"c7516239-7f62-42d5-8914-09849cca4ec3\",\"発生年度\":2020}]]]","last_polygon_uuid":null,"prev_last_polygon_uuid":null,"local_government_cd":"013315","point_lng":140.041405625,"point_lat":41.453302529}},{"arcs":[[15]],"type":"Polygon","properties":{"polygon_uuid":"4d236977-4f53-4bc1-8fd7-616273969bb0","land_type":200,"issue_year":2024,"edit_year":2023,"history":"[{\"筆ポリゴンID\":\"cc92fe88-b543-4922-8aae-4c9bf48f0cbb\",\"更新年度\":2023,\"関連\":true},[{\"筆ポリゴンID\":\"7735b4a0-1af0-402c-acf5-08d81fd69b3d\",\"更新年度\":2022,\"前年同一\":true},[{\"筆ポリゴンID\":\"7f007906-e11d-44c5-9d43-5794e15c6adc\",\"更新年度\":2021,\"前年同一\":true},{\"筆ポリゴンID\":\"7f007906-e11d-44c5-9d43-5794e15c6adc\",\"発生年度\":2020}]]]","last_polygon_uuid":null,"prev_last_polygon_uuid":null,"local_government_cd":"013315","point_lng":140.022705778,"point_lat":41.487326189}},{"arcs":[[16]],"type":"Polygon","properties":{"polygon_uuid":"3e621c0e-99de-4eb6-9b39-cbbc704fb917","land_type":200,"issue_year":2024,"edit_year":2023,"history":"[{\"筆ポリゴンID\":\"0910789b-7c23-4a7a-b7da-e64477ac8d96\",\"更新年度\":2023,\"関連\":true},[{\"筆ポリゴンID\":\"237812db-13a3-4cf7-b211-94fbd0cbbae6\",\"更新年度\":2022,\"前年同一\":true},[{\"筆ポリゴンID\":\"4e786b9d-60a3-4fe0-b8f1-8100172da2f2\",\"更新年度\":2021,\"前年同一\":true},{\"筆ポリゴンID\":\"4e786b9d-60a3-4fe0-b8f1-8100172da2f2\",\"発生年度\":2020}]]]","last_polygon_uuid":null,"prev_last_polygon_uuid":null,"local_government_cd":"013315","point_lng":140.033624323,"point_lat":41.462481919}},{"arcs":[[17]],"type":"Polygon","properties":{"polygon_uuid":"28cc55c5-418e-4aa4-b31f-597fd4545ec6","land_type":200,"issue_year":2024,"edit_year":2023,"history":"{\"筆ポリゴンID\":\"28cc55c5-418e-4aa4-b31f-597fd4545ec6\",\"発生年度\":2023}","last_polygon_uuid":null,"prev_last_polygon_uuid":null,"local_government_cd":"013315","point_lng":140.047446093,"point_lat":41.44891933}},{"arcs":[[18]],"type":"Polygon","properties":{"polygon_uuid":"1df2e430-8a9e-4e0d-a711-ac5f350d5ae9","land_type":200,"issue_year":2024,"edit_year":2023,"history":"{\"筆ポリゴンID\":\"1df2e430-8a9e-4e0d-a711-ac5f350d5ae9\",\"発生年度\":2023}","last_polygon_uuid":null,"prev_last_polygon_uuid":null,"local_government_cd":"013315","point_lng":140.046534592,"point_lat":41.447544558}},{"arcs":[[19]],"type":"Polygon","properties":{"polygon_uuid":"95fef1b7-07cd-4e89-a8c1-043e914c801a","land_type":200,"issue_year":2024,"edit_year":2023,"history":"[{\"筆ポリゴンID\":\"a64d49d9-58df-499d-8f3e-7f26733600ad\",\"更新年度\":2023,\"関連\":true},[{\"筆ポリゴンID\":\"51d542dd-49e9-4229-9f44-36fbc895b3a2\",\"更新年度\":2022,\"前年同一\":true},[[{\"筆ポリゴンID\":\"188024c9-9089-4eec-931f-633118879a31\",\"更新年度\":2021,\"関連\":true},{\"筆ポリゴンID\":\"188024c9-9089-4eec-931f-633118879a31\",\"発生年度\":2020}],[{\"筆ポリゴンID\":\"8f74dc8f-50ed-4de5-8ce9-9f1f1576f4cb\",\"更新年度\":2021,\"関連\":true},{\"筆ポリゴンID\":\"8f74dc8f-50ed-4de5-8ce9-9f1f1576f4cb\",\"発生年度\":2020}]]]]","last_polygon_uuid":null,"prev_last_polygon_uuid":null,"local_government_cd":"013315","point_lng":140.039576252,"point_lat":41.451599229}},{"arcs":[[20]],"type":"Polygon","properties":{"polygon_uuid":"d121d516-4c5a-4d62-a091-538163a3a2c7","land_type":200,"issue_year":2024,"edit_year":2023,"history":"[{\"筆ポリゴンID\":\"9a5b8799-ba51-4ab2-a436-750191c6c1c0\",\"更新年度\":2023,\"関連\":true},[{\"筆ポリゴンID\":\"5b66e7be-f245-412f-a65d-675f51c06813\",\"更新年度\":2022,\"前年同一\":true},[{\"筆ポリゴンID\":\"7978c3aa-4e5c-4405-9ffc-95f5ea2771d8\",\"更新年度\":2021,\"前年同一\":true},{\"筆ポリゴンID\":\"7978c3aa-4e5c-4405-9ffc-95f5ea2771d8\",\"発生年度\":2020}]]]","last_polygon_uuid":null,"prev_last_polygon_uuid":null,"local_government_cd":"013315","point_lng":140.050320824,"point_lat":41.455984613}},{"arcs":[[21]],"type":"Polygon","properties":{"polygon_uuid":"779deabb-3b88-4a7b-9b2a-41fac1905490","land_type":200,"issue_year":2024,"edit_year":2023,"history":"[{\"筆ポリゴンID\":\"cad5b931-d240-4d26-ac2c-1f9583bdae85\",\"更新年度\":2023,\"関連\":true},[{\"筆ポリゴンID\":\"1e85e9b4-cb5f-4b7b-99a7-ed98721c2716\",\"更新年度\":2022,\"前年同一\":true},[{\"筆ポリゴンID\":\"8869d400-7fa5-4a8c-bb4f-b0d7cf7f1659\",\"更新年度\":2021,\"前年同一\":true},{\"筆ポリゴンID\":\"8869d400-7fa5-4a8c-bb4f-b0d7cf7f1659\",\"発生年度\":2020}]]]","last_polygon_uuid":null,"prev_last_polygon_uuid":null,"local_government_cd":"013315","point_lng":140.019666987,"point_lat":41.493199777}},{"arcs":[[22]],"type":"Polygon","properties":{"polygon_uuid":"64036c07-34a7-4197-a6c1-977e0d71de0e","land_type":200,"issue_year":2024,"edit_year":2023,"history":"[{\"筆ポリゴンID\":\"2f4abef9-4e5e-4b54-bcdc-b45ef6051512\",\"更新年度\":2023,\"関連\":true},[{\"筆ポリゴンID\":\"04c87a0b-b80d-4504-bf01-0a8990f2918b\",\"更新年度\":2022,\"前年同一\":true},[{\"筆ポリゴンID\":\"65584c1b-b19e-41ef-aa93-17b08c321e7b\",\"更新年度\":2021,\"前年同一\":true},{\"筆ポリゴンID\":\"65584c1b-b19e-41ef-aa93-17b08c321e7b\",\"発生年度\":2020}]]]","last_polygon_uuid":null,"prev_last_polygon_uuid":null,"local_government_cd":"013315","point_lng":140.019324854,"point_lat":41.488380036}},{"arcs":[[23]],"type":"Polygon","properties":{"polygon_uuid":"334c62de-5004-43e2-afa0-a69965554d81","land_type":200,"issue_year":2024,"edit_year":2023,"history":"[{\"筆ポリゴンID\":\"e619c21e-ce6a-45d1-9e7d-7875563d35f1\",\"更新年度\":2023,\"関連\":true},[{\"筆ポリゴンID\":\"54890b40-d807-4a62-a78b-20e1f679e7ed\",\"更新年度\":2022,\"前年同一\":true},[{\"筆ポリゴンID\":\"e5488f54-5848-4714-942f-048a80817a88\",\"更新年度\":2021,\"前年同一\":true},{\"筆ポリゴンID\":\"e5488f54-5848-4714-942f-048a80817a88\",\"発生年度\":2020}]]]","last_polygon_uuid":null,"prev_last_polygon_uuid":null,"local_government_cd":"013315","point_lng":140.027572621,"point_lat":41.483638294}},{"arcs":[[24,25,26,27,28]],"type":"Polygon","properties":{"polygon_uuid":"a8bcc14b-23c1-49a8-ad73-a46297e04084","land_type":200,"issue_year":2024,"edit_year":2023,"history":"[{\"筆ポリゴンID\":\"af6de650-9e6a-47e7-88a8-104c47223c88\",\"更新年度\":2023,\"関連\":true},[{\"筆ポリゴンID\":\"23820b33-5c43-452e-99f3-4e62006a1d35\",\"更新年度\":2022,\"前年同一\":true},[{\"筆ポリゴンID\":\"db44aa13-f2cb-47d9-952b-f2bbddcfa8cf\",\"更新年度\":2021,\"前年同一\":true},{\"筆ポリゴンID\":\"db44aa13-f2cb-47d9-952b-f2bbddcfa8cf\",\"発生年度\":2020}]]]","last_polygon_uuid":null,"prev_last_polygon_uuid":null,"local_government_cd":"013315","point_lng":140.024035661,"point_lat":41.48985029}},{"arcs":[[29]],"type":"Polygon","properties":{"polygon_uuid":"7c95d54a-e538-43db-9f09-ed2e331a73ac","land_type":200,"issue_year":2024,"edit_year":2023,"history":"[{\"筆ポリゴンID\":\"385d0f55-e0a4-4946-b5d0-0cef60d40d6c\",\"更新年度\":2023,\"関連\":true},[{\"筆ポリゴンID\":\"7d868716-2b05-4942-8335-f1e7b4422717\",\"更新年度\":2022,\"前年同一\":true},[{\"筆ポリゴンID\":\"111a6149-fa47-4ec6-a849-ecb63f1a8f9b\",\"更新年度\":2021,\"前年同一\":true},{\"筆ポリゴンID\":\"111a6149-fa47-4ec6-a849-ecb63f1a8f9b\",\"発生年度\":2020}]]]","last_polygon_uuid":null,"prev_last_polygon_uuid":null,"local_government_cd":"013315","point_lng":140.044869745,"point_lat":41.454583946}},{"arcs":[[30]],"type":"Polygon","properties":{"polygon_uuid":"2343f3fb-0430-4227-ad4a-a92d10ddb314","land_type":200,"issue_year":2024,"edit_year":2023,"history":"[{\"筆ポリゴンID\":\"248d62ab-80c4-4623-8742-5965034a223b\",\"更新年度\":2023,\"関連\":true},[{\"筆ポリゴンID\":\"07c0abea-6e15-41ca-b74a-c68893232be5\",\"更新年度\":2022,\"前年同一\":true},[{\"筆ポリゴンID\":\"7294a01b-5d19-4de5-8212-20cfb17af9b8\",\"更新年度\":2021,\"前年同一\":true},{\"筆ポリゴンID\":\"7294a01b-5d19-4de5-8212-20cfb17af9b8\",\"発生年度\":2020}]]]","last_polygon_uuid":null,"prev_last_polygon_uuid":null,"local_government_cd":"013315","point_lng":140.042242039,"point_lat":41.451251187}},{"arcs":[[31]],"type":"Polygon","properties":{"polygon_uuid":"4c3331f2-668c-4613-8029-bb7da14798a2","land_type":200,"issue_year":2024,"edit_year":2023,"history":"[{\"筆ポリゴンID\":\"f05fd277-9647-487a-b5a7-b5ec3f93b55d\",\"更新年度\":2023,\"関連\":true},[{\"筆ポリゴンID\":\"ea279674-6937-4ce6-a1b9-ff079e4d6c24\",\"更新年度\":2022,\"前年同一\":true},[{\"筆ポリゴンID\":\"d9702a5e-2bad-46e7-9cc3-501d3c776767\",\"更新年度\":2021,\"前年同一\":true},{\"筆ポリゴンID\":\"d9702a5e-2bad-46e7-9cc3-501d3c776767\",\"発生年度\":2020}]]]","last_polygon_uuid":null,"prev_last_polygon_uuid":null,"local_government_cd":"013315","point_lng":140.024511681,"point_lat":41.482752246}},{"arcs":[[32]],"type":"Polygon","properties":{"polygon_uuid":"7817769d-6b17-4680-a5aa-ec8602dc0f63","land_type":200,"issue_year":2024,"edit_year":2023,"history":"[{\"筆ポリゴンID\":\"36034fba-4d81-469a-bb54-d336260165ad\",\"更新年度\":2023,\"関連\":true},[{\"筆ポリゴンID\":\"1077a6e2-7010-4bf2-bb77-9c8820bd90b2\",\"更新年度\":2022,\"前年同一\":true},[{\"筆ポリゴンID\":\"067cbfc6-9f99-49bb-a2c2-63bc2e982030\",\"更新年度\":2021,\"前年同一\":true},{\"筆ポリゴンID\":\"067cbfc6-9f99-49bb-a2c2-63bc2e982030\",\"発生年度\":2020}]]]","last_polygon_uuid":null,"prev_last_polygon_uuid":null,"local_government_cd":"013315","point_lng":140.029728591,"point_lat":41.461711816}},{"arcs":[[33]],"type":"Polygon","properties":{"polygon_uuid":"a60670ef-6c6b-42e6-959a-6a84b3cf2c01","land_type":200,"issue_year":2024,"edit_year":2023,"history":"[{\"筆ポリゴンID\":\"36819de4-b031-4665-bd90-7afe0cbc153d\",\"更新年度\":2023,\"関連\":true},[{\"筆ポリゴンID\":\"286ab9c6-15b7-48dd-9891-3c0c2f3c8994\",\"更新年度\":2022,\"前年同一\":true},[{\"筆ポリゴンID\":\"0766e103-82fa-4880-bb6f-e0b4a19b3c6f\",\"更新年度\":2021,\"前年同一\":true},{\"筆ポリゴンID\":\"0766e103-82fa-4880-bb6f-e0b4a19b3c6f\",\"発生年度\":2020}]]]","last_polygon_uuid":null,"prev_last_polygon_uuid":null,"local_government_cd":"013315","point_lng":140.044934657,"point_lat":41.450572379}},{"arcs":[[34]],"type":"Polygon","properties":{"polygon_uuid":"564c7a8c-5daa-44be-91fb-4f55b3b7352b","land_type":200,"issue_year":2024,"edit_year":2023,"history":"[{\"筆ポリゴンID\":\"1229caca-8801-4a41-af42-5810ac9c16b5\",\"更新年度\":2023,\"関連\":true},[{\"筆ポリゴンID\":\"c0de8bdc-bf0e-4a5e-82ec-e9c65388f9a9\",\"更新年度\":2022,\"前年同一\":true},[{\"筆ポリゴンID\":\"0990ae29-9192-4b0c-9f15-b8387fc5d000\",\"更新年度\":2021,\"前年同一\":true},{\"筆ポリゴンID\":\"0990ae29-9192-4b0c-9f15-b8387fc5d000\",\"発生年度\":2020}]]]","last_polygon_uuid":null,"prev_last_polygon_uuid":null,"local_government_cd":"013315","point_lng":140.040328606,"point_lat":41.45259047}},{"arcs":[[35]],"type":"Polygon","properties":{"polygon_uuid":"4af2b38d-b6e9-42f8-be00-a391a9d212e9","land_type":200,"issue_year":2024,"edit_year":2020,"history":"[{\"筆ポリゴンID\":\"b7730754-841d-4a71-b801-b6bd52a4a302\",\"更新年度\":2023,\"前年同一\":true},[{\"筆ポリゴンID\":\"a8379e2c-d882-453c-8ac4-46d1234333af\",\"更新年度\":2022,\"前年同一\":true},[{\"筆ポリゴンID\":\"6f2b7e91-dd7a-4593-8d51-1b487964feaf\",\"更新年度\":2021,\"前年同一\":true},{\"筆ポリゴンID\":\"6f2b7e91-dd7a-4593-8d51-1b487964feaf\",\"発生年度\":2020}]]]","last_polygon_uuid":"b7730754-841d-4a71-b801-b6bd52a4a302","prev_last_polygon_uuid":"a8379e2c-d882-453c-8ac4-46d1234333af","local_government_cd":"013315","point_lng":140.028716015,"point_lat":41.475162266}},{"arcs":[[36]],"type":"Polygon","properties":{"polygon_uuid":"49c142e1-6fed-4ffe-9144-5e5c3f20c5ce","land_type":200,"issue_year":2024,"edit_year":2020,"history":"[{\"筆ポリゴンID\":\"4c1ecc93-d4aa-448a-9907-8764938770be\",\"更新年度\":2023,\"前年同一\":true},[{\"筆ポリゴンID\":\"4ae4c732-c400-45b6-a7ec-5d9822bd3aab\",\"更新年度\":2022,\"前年同一\":true},[{\"筆ポリゴンID\":\"5dfcf840-a9f6-4d33-9e30-2a2f0e4525af\",\"更新年度\":2021,\"前年同一\":true},{\"筆ポリゴンID\":\"5dfcf840-a9f6-4d33-9e30-2a2f0e4525af\",\"発生年度\":2020}]]]","last_polygon_uuid":"4c1ecc93-d4aa-448a-9907-8764938770be","prev_last_polygon_uuid":"4ae4c732-c400-45b6-a7ec-5d9822bd3aab","local_government_cd":"013315","point_lng":140.135544968,"point_lat":41.430427965}},{"arcs":[[37,38,39]],"type":"Polygon","properties":{"polygon_uuid":"df96526d-8403-4161-b929-072825636304","land_type":200,"issue_year":2024,"edit_year":2020,"history":"[{\"筆ポリゴンID\":\"c885ee3d-c3ab-428d-bb9d-a21e8854e5d5\",\"更新年度\":2023,\"前年同一\":true},[{\"筆ポリゴンID\":\"71bd4031-c7aa-4bac-a0a6-6780d2a0a1a6\",\"更新年度\":2022,\"前年同一\":true},[{\"筆ポリゴンID\":\"5c065742-d403-46ae-8711-f6231b0ce412\",\"更新年度\":2021,\"前年同一\":true},{\"筆ポリゴンID\":\"5c065742-d403-46ae-8711-f6231b0ce412\",\"発生年度\":2020}]]]","last_polygon_uuid":"c885ee3d-c3ab-428d-bb9d-a21e8854e5d5","prev_last_polygon_uuid":"71bd4031-c7aa-4bac-a0a6-6780d2a0a1a6","local_government_cd":"013315","point_lng":140.024207835,"point_lat":41.488856553}},{"arcs":[[40]],"type":"Polygon","properties":{"polygon_uuid":"7ea790d7-eccb-442f-95cf-d6a85088496e","land_type":200,"issue_year":2024,"edit_year":2020,"history":"[{\"筆ポリゴンID\":\"68947591-9de9-4a56-a0a3-a821af5dfec8\",\"更新年度\":2023,\"前年同一\":true},[{\"筆ポリゴンID\":\"d8607a9c-c3b3-45c2-9c80-a88d3d3ea354\",\"更新年度\":2022,\"前年同一\":true},[{\"筆ポリゴンID\":\"dd59bf49-07d0-46d7-8e58-ab0ac4e7917a\",\"更新年度\":2021,\"前年同一\":true},{\"筆ポリゴンID\":\"dd59bf49-07d0-46d7-8e58-ab0ac4e7917a\",\"発生年度\":2020}]]]","last_polygon_uuid":"68947591-9de9-4a56-a0a3-a821af5dfec8","prev_last_polygon_uuid":"d8607a9c-c3b3-45c2-9c80-a88d3d3ea354","local_government_cd":"013315","point_lng":140.131556918,"point_lat":41.439446487}},{"arcs":[[41]],"type":"Polygon","properties":{"polygon_uuid":"25cd2c50-143b-48a2-8924-1c358831278c","land_type":200,"issue_year":2024,"edit_year":2020,"history":"[{\"筆ポリゴンID\":\"e5733128-c230-4b53-80f3-cfafddb3a276\",\"更新年度\":2023,\"前年同一\":true},[{\"筆ポリゴンID\":\"01cd7d30-c149-4013-b782-d6b96e776bb9\",\"更新年度\":2022,\"前年同一\":true},[{\"筆ポリゴンID\":\"6e07de81-c42d-4b71-9c61-3a2cbf561a97\",\"更新年度\":2021,\"前年同一\":true},{\"筆ポリゴンID\":\"6e07de81-c42d-4b71-9c61-3a2cbf561a97\",\"発生年度\":2020}]]]","last_polygon_uuid":"e5733128-c230-4b53-80f3-cfafddb3a276","prev_last_polygon_uuid":"01cd7d30-c149-4013-b782-d6b96e776bb9","local_government_cd":"013315","point_lng":139.985016176,"point_lat":41.60826879}},{"arcs":[[42,43]],"type":"Polygon","properties":{"polygon_uuid":"3576cbe4-5557-4d2d-bf91-60cfe599dc7c","land_type":200,"issue_year":2024,"edit_year":2020,"history":"[{\"筆ポリゴンID\":\"74106a87-9404-4892-91f9-87c500dc4d4c\",\"更新年度\":2023,\"前年同一\":true},[{\"筆ポリゴンID\":\"6e724013-4b72-4ca5-8500-c7b6fa3c9fe6\",\"更新年度\":2022,\"前年同一\":true},[{\"筆ポリゴンID\":\"4d0dcb32-4c67-4895-86b7-340f5272f6d3\",\"更新年度\":2021,\"前年同一\":true},{\"筆ポリゴンID\":\"4d0dcb32-4c67-4895-86b7-340f5272f6d3\",\"発生年度\":2020}]]]","last_polygon_uuid":"74106a87-9404-4892-91f9-87c500dc4d4c","prev_last_polygon_uuid":"6e724013-4b72-4ca5-8500-c7b6fa3c9fe6","local_government_cd":"013315","point_lng":140.138739146,"point_lat":41.435972236}},{"arcs":[[44]],"type":"Polygon","properties":{"polygon_uuid":"ba3a54d7-c2b5-4f77-929f-f38a0605ab6e","land_type":200,"issue_year":2024,"edit_year":2020,"history":"[{\"筆ポリゴンID\":\"3257de2c-402e-4b83-a643-a76ed18c054f\",\"更新年度\":2023,\"前年同一\":true},[{\"筆ポリゴンID\":\"7f60b5d7-6e1e-434f-a666-659d3591b69f\",\"更新年度\":2022,\"前年同一\":true},[{\"筆ポリゴンID\":\"616b308b-497c-40e5-81eb-7ad9c9401965\",\"更新年度\":2021,\"前年同一\":true},{\"筆ポリゴンID\":\"616b308b-497c-40e5-81eb-7ad9c9401965\",\"発生年度\":2020}]]]","last_polygon_uuid":"3257de2c-402e-4b83-a643-a76ed18c054f","prev_last_polygon_uuid":"7f60b5d7-6e1e-434f-a666-659d3591b69f","local_government_cd":"013315","point_lng":140.023050578,"point_lat":41.488862471}},{"arcs":[[45]],"type":"Polygon","properties":{"polygon_uuid":"349b8117-d3b4-4828-95a8-4fc7861ea79a","land_type":200,"issue_year":2024,"edit_year":2020,"history":"[{\"筆ポリゴンID\":\"63b87ead-31e6-476f-b64c-ee56910066f4\",\"更新年度\":2023,\"前年同一\":true},[{\"筆ポリゴンID\":\"7965d000-ad95-41fe-bcb8-e160ca97f604\",\"更新年度\":2022,\"前年同一\":true},[{\"筆ポリゴンID\":\"58dc380c-d407-4eff-92bf-8e65dfa5a5a0\",\"更新年度\":2021,\"前年同一\":true},{\"筆ポリゴンID\":\"58dc380c-d407-4eff-92bf-8e65dfa5a5a0\",\"発生年度\":2020}]]]","last_polygon_uuid":"63b87ead-31e6-476f-b64c-ee56910066f4","prev_last_polygon_uuid":"7965d000-ad95-41fe-bcb8-e160ca97f604","local_government_cd":"013315","point_lng":140.148609968,"point_lat":41.430433987}},{"arcs":[[46]],"type":"Polygon","properties":{"polygon_uuid":"6efa887a-275e-4f0d-9a98-7dd743362e55","land_type":200,"issue_year":2024,"edit_year":2020,"history":"[{\"筆ポリゴンID\":\"b3d8bc6b-be13-46f1-b0e4-bde3f593c9df\",\"更新年度\":2023,\"前年同一\":true},[{\"筆ポリゴンID\":\"4201548a-711e-4b44-918b-aa78ba85fe24\",\"更新年度\":2022,\"前年同一\":true},[{\"筆ポリゴンID\":\"0e4e7144-a7d7-49f1-b3f4-d5f1ce2bca42\",\"更新年度\":2021,\"前年同一\":true},{\"筆ポリゴンID\":\"0e4e7144-a7d7-49f1-b3f4-d5f1ce2bca42\",\"発生年度\":2020}]]]","last_polygon_uuid":"b3d8bc6b-be13-46f1-b0e4-bde3f593c9df","prev_last_polygon_uuid":"4201548a-711e-4b44-918b-aa78ba85fe24","local_government_cd":"013315","point_lng":140.019732137,"point_lat":41.494353962}},{"arcs":[[47]],"type":"Polygon","properties":{"polygon_uuid":"22ffba27-063f-4c3f-b33f-f2a39bc6fab5","land_type":200,"issue_year":2024,"edit_year":2020,"history":"[{\"筆ポリゴンID\":\"56cf9c21-b4ef-457c-a54b-197582fe819b\",\"更新年度\":2023,\"前年同一\":true},[{\"筆ポリゴンID\":\"536b19c5-7bf2-4616-9e42-baa204984246\",\"更新年度\":2022,\"前年同一\":true},[{\"筆ポリゴンID\":\"8d0f129f-24c2-47bc-8a90-e2e8cf205d91\",\"更新年度\":2021,\"前年同一\":true},{\"筆ポリゴンID\":\"8d0f129f-24c2-47bc-8a90-e2e8cf205d91\",\"発生年度\":2020}]]]","last_polygon_uuid":"56cf9c21-b4ef-457c-a54b-197582fe819b","prev_last_polygon_uuid":"536b19c5-7bf2-4616-9e42-baa204984246","local_government_cd":"013315","point_lng":140.020341394,"point_lat":41.491581356}},{"arcs":[[48]],"type":"Polygon","properties":{"polygon_uuid":"cf78c665-d3ca-49d3-ad82-aa3d2a2ad629","land_type":200,"issue_year":2024,"edit_year":2020,"history":"[{\"筆ポリゴンID\":\"83f188aa-e78b-40f5-bab6-a6460842243c\",\"更新年度\":2023,\"前年同一\":true},[{\"筆ポリゴンID\":\"6eb4315e-80e8-4b78-b644-4cf7a247c941\",\"更新年度\":2022,\"前年同一\":true},[{\"筆ポリゴンID\":\"86bf8e46-2c20-43b7-a193-6729cf191449\",\"更新年度\":2021,\"前年同一\":true},{\"筆ポリゴンID\":\"86bf8e46-2c20-43b7-a193-6729cf191449\",\"発生年度\":2020}]]]","last_polygon_uuid":"83f188aa-e78b-40f5-bab6-a6460842243c","prev_last_polygon_uuid":"6eb4315e-80e8-4b78-b644-4cf7a247c941","local_government_cd":"013315","point_lng":139.985792194,"point_lat":41.607082377}},{"arcs":[[49]],"type":"Polygon","properties":{"polygon_uuid":"334e5a06-7a23-465a-b97d-1bf90858a12a","land_type":200,"issue_year":2024,"edit_year":2020,"history":"[{\"筆ポリゴンID\":\"9d462a48-2ac5-4ef8-8098-6fc911b101ff\",\"更新年度\":2023,\"前年同一\":true},[{\"筆ポリゴンID\":\"f305cab4-5f0d-4ce6-83dd-fd28006d1bb1\",\"更新年度\":2022,\"前年同一\":true},[{\"筆ポリゴンID\":\"a7613eae-46af-49db-bff1-daaa272b3cf7\",\"更新年度\":2021,\"前年同一\":true},{\"筆ポリゴンID\":\"a7613eae-46af-49db-bff1-daaa272b3cf7\",\"発生年度\":2020}]]]","last_polygon_uuid":"9d462a48-2ac5-4ef8-8098-6fc911b101ff","prev_last_polygon_uuid":"f305cab4-5f0d-4ce6-83dd-fd28006d1bb1","local_government_cd":"013315","point_lng":139.990332985,"point_lat":41.555130047}},{"arcs":[[50]],"type":"Polygon","properties":{"polygon_uuid":"02161c42-9b63-4b42-9db9-f5aaa9c999c4","land_type":200,"issue_year":2024,"edit_year":2020,"history":"[{\"筆ポリゴンID\":\"f292680b-dfa7-4811-aece-9d48af7a34d3\",\"更新年度\":2023,\"前年同一\":true},[{\"筆ポリゴンID\":\"d83f34cd-ab23-4035-80ca-1aaed3780980\",\"更新年度\":2022,\"前年同一\":true},[{\"筆ポリゴンID\":\"22232f8f-8bb6-492c-b9a7-43fbe9a8e2d2\",\"更新年度\":2021,\"前年同一\":true},{\"筆ポリゴンID\":\"22232f8f-8bb6-492c-b9a7-43fbe9a8e2d2\",\"発生年度\":2020}]]]","last_polygon_uuid":"f292680b-dfa7-4811-aece-9d48af7a34d3","prev_last_polygon_uuid":"d83f34cd-ab23-4035-80ca-1aaed3780980","local_government_cd":"013315","point_lng":140.018849316,"point_lat":41.495046796}},{"arcs":[[51]],"type":"Polygon","properties":{"polygon_uuid":"c1823bf5-6987-4eab-b292-4c42e78259c1","land_type":200,"issue_year":2024,"edit_year":2020,"history":"[{\"筆ポリゴンID\":\"1156d578-eae7-4f91-85bf-a5e46541fdc0\",\"更新年度\":2023,\"前年同一\":true},[{\"筆ポリゴンID\":\"809f4887-0acc-42de-a99c-25f2530c918a\",\"更新年度\":2022,\"前年同一\":true},[{\"筆ポリゴンID\":\"0ad219ba-299b-4c03-bc0c-e7b9f209d660\",\"更新年度\":2021,\"前年同一\":true},{\"筆ポリゴンID\":\"0ad219ba-299b-4c03-bc0c-e7b9f209d660\",\"発生年度\":2020}]]]","last_polygon_uuid":"1156d578-eae7-4f91-85bf-a5e46541fdc0","prev_last_polygon_uuid":"809f4887-0acc-42de-a99c-25f2530c918a","local_government_cd":"013315","point_lng":139.993063132,"point_lat":41.550280854}},{"arcs":[[52,53]],"type":"Polygon","properties":{"polygon_uuid":"e2b41bcf-3b24-483d-82ef-4ff3ee6f2bfb","land_type":200,"issue_year":2024,"edit_year":2020,"history":"[{\"筆ポリゴンID\":\"bef6aefa-d5c9-4a96-a185-3f3371d43832\",\"更新年度\":2023,\"前年同一\":true},[{\"筆ポリゴンID\":\"a0be384a-ca9e-4028-b149-d0cea7f70829\",\"更新年度\":2022,\"前年同一\":true},[{\"筆ポリゴンID\":\"98a1b2e2-b543-4197-bae0-16fe7f3b61f9\",\"更新年度\":2021,\"前年同一\":true},{\"筆ポリゴンID\":\"98a1b2e2-b543-4197-bae0-16fe7f3b61f9\",\"発生年度\":2020}]]]","last_polygon_uuid":"bef6aefa-d5c9-4a96-a185-3f3371d43832","prev_last_polygon_uuid":"a0be384a-ca9e-4028-b149-d0cea7f70829","local_government_cd":"013315","point_lng":139.993896046,"point_lat":41.549180226}},{"arcs":[[54]],"type":"Polygon","properties":{"polygon_uuid":"ae93af19-987a-4b7b-ae77-86a6d3656214","land_type":200,"issue_year":2024,"edit_year":2020,"history":"[{\"筆ポリゴンID\":\"642252e1-3a47-4f5c-bd09-9528b7375618\",\"更新年度\":2023,\"前年同一\":true},[{\"筆ポリゴンID\":\"3a2b460d-b670-4b2a-a7f3-9db60005a109\",\"更新年度\":2022,\"前年同一\":true},[{\"筆ポリゴンID\":\"00bbcef3-4c8c-445d-9f96-951b54dde8f2\",\"更新年度\":2021,\"前年同一\":true},{\"筆ポリゴンID\":\"00bbcef3-4c8c-445d-9f96-951b54dde8f2\",\"発生年度\":2020}]]]","last_polygon_uuid":"642252e1-3a47-4f5c-bd09-9528b7375618","prev_last_polygon_uuid":"3a2b460d-b670-4b2a-a7f3-9db60005a109","local_government_cd":"013315","point_lng":140.029438936,"point_lat":41.465002356}},{"arcs":[[55]],"type":"Polygon","properties":{"polygon_uuid":"d8af45d7-7c6f-464f-b0b6-fa644f92db29","land_type":200,"issue_year":2024,"edit_year":2020,"history":"[{\"筆ポリゴンID\":\"21b1e759-4ad4-4b83-9b04-4292eac31833\",\"更新年度\":2023,\"前年同一\":true},[{\"筆ポリゴンID\":\"8b774d91-714e-4ff7-aabe-ca012a77dbc5\",\"更新年度\":2022,\"前年同一\":true},[{\"筆ポリゴンID\":\"190347f5-e586-4ae2-b8ec-955dbeccbaf3\",\"更新年度\":2021,\"前年同一\":true},{\"筆ポリゴンID\":\"190347f5-e586-4ae2-b8ec-955dbeccbaf3\",\"発生年度\":2020}]]]","last_polygon_uuid":"21b1e759-4ad4-4b83-9b04-4292eac31833","prev_last_polygon_uuid":"8b774d91-714e-4ff7-aabe-ca012a77dbc5","local_government_cd":"013315","point_lng":140.022652376,"point_lat":41.489314846}},{"arcs":[[56,57]],"type":"Polygon","properties":{"polygon_uuid":"8ea440c9-5ff8-44af-9a9b-03be74269e0e","land_type":200,"issue_year":2024,"edit_year":2020,"history":"[{\"筆ポリゴンID\":\"629f95de-c512-43db-9123-85be8e231f28\",\"更新年度\":2023,\"前年同一\":true},[{\"筆ポリゴンID\":\"6c98f03a-5ab0-47cd-8e1d-e73f733a434b\",\"更新年度\":2022,\"前年同一\":true},[{\"筆ポリゴンID\":\"a727b88f-2b04-49e3-b231-e4f9ec2e28ce\",\"更新年度\":2021,\"前年同一\":true},{\"筆ポリゴンID\":\"a727b88f-2b04-49e3-b231-e4f9ec2e28ce\",\"発生年度\":2020}]]]","last_polygon_uuid":"629f95de-c512-43db-9123-85be8e231f28","prev_last_polygon_uuid":"6c98f03a-5ab0-47cd-8e1d-e73f733a434b","local_government_cd":"013315","point_lng":140.006022752,"point_lat":41.525685417}},{"arcs":[[58]],"type":"Polygon","properties":{"polygon_uuid":"37e4e9d6-b06e-4961-97c1-7a1fe034c14f","land_type":200,"issue_year":2024,"edit_year":2020,"history":"[{\"筆ポリゴンID\":\"dfd094e2-599a-4d3e-aee3-492486d0c808\",\"更新年度\":2023,\"前年同一\":true},[{\"筆ポリゴンID\":\"ef09f5e7-d28f-410c-a2b0-d0c6b801ce67\",\"更新年度\":2022,\"前年同一\":true},[{\"筆ポリゴンID\":\"48700932-01ee-4573-8f80-e371a2dfdd61\",\"更新年度\":2021,\"前年同一\":true},{\"筆ポリゴンID\":\"48700932-01ee-4573-8f80-e371a2dfdd61\",\"発生年度\":2020}]]]","last_polygon_uuid":"dfd094e2-599a-4d3e-aee3-492486d0c808","prev_last_polygon_uuid":"ef09f5e7-d28f-410c-a2b0-d0c6b801ce67","local_government_cd":"013315","point_lng":140.141211265,"point_lat":41.429759647}},{"arcs":[[59]],"type":"Polygon","properties":{"polygon_uuid":"23e77bfd-bff8-49ee-af2d-720910661a25","land_type":200,"issue_year":2024,"edit_year":2020,"history":"[{\"筆ポリゴンID\":\"b4207119-81a1-4cf3-b24b-12c2cb942c73\",\"更新年度\":2023,\"前年同一\":true},[{\"筆ポリゴンID\":\"d174a7a4-26b7-4332-b7a0-db6788a7ed51\",\"更新年度\":2022,\"前年同一\":true},[{\"筆ポリゴンID\":\"ac0f41c1-9f4f-4247-ba9e-ce709248f9c3\",\"更新年度\":2021,\"前年同一\":true},{\"筆ポリゴンID\":\"ac0f41c1-9f4f-4247-ba9e-ce709248f9c3\",\"発生年度\":2020}]]]","last_polygon_uuid":"b4207119-81a1-4cf3-b24b-12c2cb942c73","prev_last_polygon_uuid":"d174a7a4-26b7-4332-b7a0-db6788a7ed51","local_government_cd":"013315","point_lng":139.995537675,"point_lat":41.547398508}},{"arcs":[[60]],"type":"Polygon","properties":{"polygon_uuid":"b4f66546-c43e-4bf6-abf3-32f5deb5ad4e","land_type":200,"issue_year":2024,"edit_year":2020,"history":"[{\"筆ポリゴンID\":\"72ce47e5-3a14-4214-b08f-7851eaa23c63\",\"更新年度\":2023,\"前年同一\":true},[{\"筆ポリゴンID\":\"29e732af-583d-4c25-9f10-a29fae91e06a\",\"更新年度\":2022,\"前年同一\":true},[{\"筆ポリゴンID\":\"4de6e1c7-1d99-4dcf-812f-fae7c71fe283\",\"更新年度\":2021,\"前年同一\":true},{\"筆ポリゴンID\":\"4de6e1c7-1d99-4dcf-812f-fae7c71fe283\",\"発生年度\":2020}]]]","last_polygon_uuid":"72ce47e5-3a14-4214-b08f-7851eaa23c63","prev_last_polygon_uuid":"29e732af-583d-4c25-9f10-a29fae91e06a","local_government_cd":"013315","point_lng":139.987965543,"point_lat":41.599573073}},{"arcs":[[61,62]],"type":"Polygon","properties":{"polygon_uuid":"690717b6-27fd-407d-9c30-e20b887ac56f","land_type":200,"issue_year":2024,"edit_year":2020,"history":"[{\"筆ポリゴンID\":\"fabea715-7ae3-44d2-a087-e7c2d1ae640a\",\"更新年度\":2023,\"前年同一\":true},[{\"筆ポリゴンID\":\"14c986f6-ffa8-4ea6-8295-2ef1dfc2bc69\",\"更新年度\":2022,\"前年同一\":true},[{\"筆ポリゴンID\":\"a8405e6d-afb5-4ea1-8bc3-fd87c7238555\",\"更新年度\":2021,\"前年同一\":true},{\"筆ポリゴンID\":\"a8405e6d-afb5-4ea1-8bc3-fd87c7238555\",\"発生年度\":2020}]]]","last_polygon_uuid":"fabea715-7ae3-44d2-a087-e7c2d1ae640a","prev_last_polygon_uuid":"14c986f6-ffa8-4ea6-8295-2ef1dfc2bc69","local_government_cd":"013315","point_lng":140.01962894,"point_lat":41.491663958}},{"arcs":[[63]],"type":"Polygon","properties":{"polygon_uuid":"27d5ff9e-80d9-48c7-82e2-d03991427825","land_type":200,"issue_year":2024,"edit_year":2020,"history":"[{\"筆ポリゴンID\":\"4f23e7f9-065e-4c73-90a5-21a3dda6d4c1\",\"更新年度\":2023,\"前年同一\":true},[{\"筆ポリゴンID\":\"aec931bf-f255-4e2e-92ad-23d65aea2a3d\",\"更新年度\":2022,\"前年同一\":true},[{\"筆ポリゴンID\":\"dcb35b75-3ebe-423a-a58f-d1aa8455d0f7\",\"更新年度\":2021,\"前年同一\":true},{\"筆ポリゴンID\":\"dcb35b75-3ebe-423a-a58f-d1aa8455d0f7\",\"発生年度\":2020}]]]","last_polygon_uuid":"4f23e7f9-065e-4c73-90a5-21a3dda6d4c1","prev_last_polygon_uuid":"aec931bf-f255-4e2e-92ad-23d65aea2a3d","local_government_cd":"013315","point_lng":140.043891223,"point_lat":41.451407251}},{"arcs":[[64]],"type":"Polygon","properties":{"polygon_uuid":"2a51909a-e4e8-448e-9434-55bd90c96862","land_type":200,"issue_year":2024,"edit_year":2020,"history":"[{\"筆ポリゴンID\":\"76d47341-2e62-4146-a65d-d00255302fd0\",\"更新年度\":2023,\"前年同一\":true},[{\"筆ポリゴンID\":\"2bb6de3f-e702-4033-b498-dd3624b628f1\",\"更新年度\":2022,\"前年同一\":true},[{\"筆ポリゴンID\":\"2373f642-3f27-4cd9-adae-eea458b51be2\",\"更新年度\":2021,\"前年同一\":true},{\"筆ポリゴンID\":\"2373f642-3f27-4cd9-adae-eea458b51be2\",\"発生年度\":2020}]]]","last_polygon_uuid":"76d47341-2e62-4146-a65d-d00255302fd0","prev_last_polygon_uuid":"2bb6de3f-e702-4033-b498-dd3624b628f1","local_government_cd":"013315","point_lng":140.102379031,"point_lat":41.432963689}},{"arcs":[[65]],"type":"Polygon","properties":{"polygon_uuid":"69de6a14-34f0-49c9-a4b6-94e723e1c051","land_type":200,"issue_year":2024,"edit_year":2020,"history":"[{\"筆ポリゴンID\":\"a7450162-c943-424a-8ca1-85f00c3ed0d3\",\"更新年度\":2023,\"前年同一\":true},[{\"筆ポリゴンID\":\"27b22ce5-0280-4069-a6ba-50de64d28372\",\"更新年度\":2022,\"前年同一\":true},[{\"筆ポリゴンID\":\"2d8d2711-c80a-43f1-821e-bc0d780d194c\",\"更新年度\":2021,\"前年同一\":true},{\"筆ポリゴンID\":\"2d8d2711-c80a-43f1-821e-bc0d780d194c\",\"発生年度\":2020}]]]","last_polygon_uuid":"a7450162-c943-424a-8ca1-85f00c3ed0d3","prev_last_polygon_uuid":"27b22ce5-0280-4069-a6ba-50de64d28372","local_government_cd":"013315","point_lng":140.020204994,"point_lat":41.501424406}},{"arcs":[[66]],"type":"Polygon","properties":{"polygon_uuid":"a96ca97b-e2ab-4e4f-bed9-f617019bdc94","land_type":200,"issue_year":2024,"edit_year":2020,"history":"[{\"筆ポリゴンID\":\"42dd98d1-1c11-41d7-aa60-0b2830c6bfb3\",\"更新年度\":2023,\"前年同一\":true},[{\"筆ポリゴンID\":\"b4df4aed-28c0-45e7-855c-516380913f4e\",\"更新年度\":2022,\"前年同一\":true},[{\"筆ポリゴンID\":\"ed42907d-d1c1-4022-8744-e71c00a09e2c\",\"更新年度\":2021,\"前年同一\":true},{\"筆ポリゴンID\":\"ed42907d-d1c1-4022-8744-e71c00a09e2c\",\"発生年度\":2020}]]]","last_polygon_uuid":"42dd98d1-1c11-41d7-aa60-0b2830c6bfb3","prev_last_polygon_uuid":"b4df4aed-28c0-45e7-855c-516380913f4e","local_government_cd":"013315","point_lng":140.145463853,"point_lat":41.430599197}},{"arcs":[[67,68,69,70,71]],"type":"Polygon","properties":{"polygon_uuid":"ff2b742b-913d-40a1-b045-3849298bf517","land_type":200,"issue_year":2024,"edit_year":2020,"history":"[{\"筆ポリゴンID\":\"db9ea201-7d8f-4fe8-993f-3c2eb39bf95f\",\"更新年度\":2023,\"前年同一\":true},[{\"筆ポリゴンID\":\"3edf1f22-226a-45ff-b927-092890b29de0\",\"更新年度\":2022,\"前年同一\":true},[{\"筆ポリゴンID\":\"7db2a0d6-a6a9-4d6b-8b46-91dfa1c8234a\",\"更新年度\":2021,\"前年同一\":true},{\"筆ポリゴンID\":\"7db2a0d6-a6a9-4d6b-8b46-91dfa1c8234a\",\"発生年度\":2020}]]]","last_polygon_uuid":"db9ea201-7d8f-4fe8-993f-3c2eb39bf95f","prev_last_polygon_uuid":"3edf1f22-226a-45ff-b927-092890b29de0","local_government_cd":"013315","point_lng":140.007488668,"point_lat":41.524493145}},{"arcs":[[72]],"type":"Polygon","properties":{"polygon_uuid":"c9d2648e-7461-419d-a86f-146bda1c8750","land_type":200,"issue_year":2024,"edit_year":2020,"history":"[{\"筆ポリゴンID\":\"94d24092-f14b-46be-906e-329473167fae\",\"更新年度\":2023,\"前年同一\":true},[{\"筆ポリゴンID\":\"f5049cc3-5130-4c30-bd81-6f510bf33470\",\"更新年度\":2022,\"前年同一\":true},[{\"筆ポリゴンID\":\"add9117c-5544-4b37-a4d3-c0f394ffa6e1\",\"更新年度\":2021,\"前年同一\":true},{\"筆ポリゴンID\":\"add9117c-5544-4b37-a4d3-c0f394ffa6e1\",\"発生年度\":2020}]]]","last_polygon_uuid":"94d24092-f14b-46be-906e-329473167fae","prev_last_polygon_uuid":"f5049cc3-5130-4c30-bd81-6f510bf33470","local_government_cd":"013315","point_lng":140.089949469,"point_lat":41.423897136}},{"arcs":[[73]],"type":"Polygon","properties":{"polygon_uuid":"6970ab34-50d7-4dd5-80bb-93bc8b793489","land_type":200,"issue_year":2024,"edit_year":2020,"history":"[{\"筆ポリゴンID\":\"b4705fb5-2046-4386-8041-28efc132b0c8\",\"更新年度\":2023,\"前年同一\":true},[{\"筆ポリゴンID\":\"9bb2417c-95c4-4d8e-b4a7-838aaaabd4e8\",\"更新年度\":2022,\"前年同一\":true},[{\"筆ポリゴンID\":\"13aa0608-186a-44ca-be62-214e7e5a8c4d\",\"更新年度\":2021,\"前年同一\":true},{\"筆ポリゴンID\":\"13aa0608-186a-44ca-be62-214e7e5a8c4d\",\"発生年度\":2020}]]]","last_polygon_uuid":"b4705fb5-2046-4386-8041-28efc132b0c8","prev_last_polygon_uuid":"9bb2417c-95c4-4d8e-b4a7-838aaaabd4e8","local_government_cd":"013315","point_lng":140.147493946,"point_lat":41.432879657}},{"arcs":[[74,75,76]],"type":"Polygon","properties":{"polygon_uuid":"41aad233-ea90-4cee-916d-9e94438992e6","land_type":200,"issue_year":2024,"edit_year":2020,"history":"[{\"筆ポリゴンID\":\"2b0db5bc-cb09-4372-bd5f-c1db42c2cc2a\",\"更新年度\":2023,\"前年同一\":true},[{\"筆ポリゴンID\":\"1b813d01-224c-4ff8-9313-6d6ba83410a3\",\"更新年度\":2022,\"前年同一\":true},[{\"筆ポリゴンID\":\"4bf50acc-7645-4fc2-8736-855ea4e8c963\",\"更新年度\":2021,\"前年同一\":true},{\"筆ポリゴンID\":\"4bf50acc-7645-4fc2-8736-855ea4e8c963\",\"発生年度\":2020}]]]","last_polygon_uuid":"2b0db5bc-cb09-4372-bd5f-c1db42c2cc2a","prev_last_polygon_uuid":"1b813d01-224c-4ff8-9313-6d6ba83410a3","local_government_cd":"013315","point_lng":140.140541286,"point_lat":41.448642755}},{"arcs":[[77]],"type":"Polygon","properties":{"polygon_uuid":"b1f7a1ba-f169-4f60-9521-2787e62c4fc3","land_type":200,"issue_year":2024,"edit_year":2020,"history":"[{\"筆ポリゴンID\":\"51ee129e-d4a2-48f5-8855-6109828ed6a0\",\"更新年度\":2023,\"前年同一\":true},[{\"筆ポリゴンID\":\"de8ed04b-385c-498b-ab97-21121ff047c5\",\"更新年度\":2022,\"前年同一\":true},[{\"筆ポリゴンID\":\"6fae4ee3-9a1f-46eb-8caa-c2f772fe18ab\",\"更新年度\":2021,\"前年同一\":true},{\"筆ポリゴンID\":\"6fae4ee3-9a1f-46eb-8caa-c2f772fe18ab\",\"発生年度\":2020}]]]","last_polygon_uuid":"51ee129e-d4a2-48f5-8855-6109828ed6a0","prev_last_polygon_uuid":"de8ed04b-385c-498b-ab97-21121ff047c5","local_government_cd":"013315","point_lng":140.146492926,"point_lat":41.431822775}},{"arcs":[[78,-27,79]],"type":"Polygon","properties":{"polygon_uuid":"f12b8345-ce43-4391-afe5-a3e5d1609d97","land_type":200,"issue_year":2024,"edit_year":2020,"history":"[{\"筆ポリゴンID\":\"e435e8e4-46ea-444a-837d-79241dce0e5f\",\"更新年度\":2023,\"前年同一\":true},[{\"筆ポリゴンID\":\"738bb5f7-1d03-424e-9d23-10a4e9eb0b84\",\"更新年度\":2022,\"前年同一\":true},[{\"筆ポリゴンID\":\"1bc4b2db-737d-4f2b-997b-4670067b0777\",\"更新年度\":2021,\"前年同一\":true},{\"筆ポリゴンID\":\"1bc4b2db-737d-4f2b-997b-4670067b0777\",\"発生年度\":2020}]]]","last_polygon_uuid":"e435e8e4-46ea-444a-837d-79241dce0e5f","prev_last_polygon_uuid":"738bb5f7-1d03-424e-9d23-10a4e9eb0b84","local_government_cd":"013315","point_lng":140.023127053,"point_lat":41.489945012}},{"arcs":[[80]],"type":"Polygon","properties":{"polygon_uuid":"d509615e-866a-449e-9424-327a261f8ca5","land_type":200,"issue_year":2024,"edit_year":2020,"history":"[{\"筆ポリゴンID\":\"a21f673b-6640-4b6b-b276-7209290686bf\",\"更新年度\":2023,\"前年同一\":true},[{\"筆ポリゴンID\":\"407296b0-7a5d-4ad5-ba5f-fdbf1516f5d7\",\"更新年度\":2022,\"前年同一\":true},[{\"筆ポリゴンID\":\"44b34071-e352-4a41-afe6-7e52fc8a145e\",\"更新年度\":2021,\"前年同一\":true},{\"筆ポリゴンID\":\"44b34071-e352-4a41-afe6-7e52fc8a145e\",\"発生年度\":2020}]]]","last_polygon_uuid":"a21f673b-6640-4b6b-b276-7209290686bf","prev_last_polygon_uuid":"407296b0-7a5d-4ad5-ba5f-fdbf1516f5d7","local_government_cd":"013315","point_lng":139.984443529,"point_lat":41.599018271}},{"arcs":[[81]],"type":"Polygon","properties":{"polygon_uuid":"f8c3907c-1001-41c1-843a-71db651c3b36","land_type":200,"issue_year":2024,"edit_year":2020,"history":"[{\"筆ポリゴンID\":\"a33e8511-7459-4235-9e7a-c65debf859b1\",\"更新年度\":2023,\"前年同一\":true},[{\"筆ポリゴンID\":\"f38bda07-1fcd-4548-8b87-7b087b163d76\",\"更新年度\":2022,\"前年同一\":true},[{\"筆ポリゴンID\":\"9bf77575-9cc6-44ed-a670-644c2ec0c802\",\"更新年度\":2021,\"前年同一\":true},{\"筆ポリゴンID\":\"9bf77575-9cc6-44ed-a670-644c2ec0c802\",\"発生年度\":2020}]]]","last_polygon_uuid":"a33e8511-7459-4235-9e7a-c65debf859b1","prev_last_polygon_uuid":"f38bda07-1fcd-4548-8b87-7b087b163d76","local_government_cd":"013315","point_lng":139.986495437,"point_lat":41.568432644}},{"arcs":[[82]],"type":"Polygon","properties":{"polygon_uuid":"e3d3844f-e187-4583-9423-7e7afa65bde8","land_type":200,"issue_year":2024,"edit_year":2020,"history":"[{\"筆ポリゴンID\":\"6952a086-a907-4a44-b15f-c3cb2dc421e1\",\"更新年度\":2023,\"前年同一\":true},[{\"筆ポリゴンID\":\"e6bee3a9-1e56-4306-8a2d-7e07950ef611\",\"更新年度\":2022,\"前年同一\":true},[{\"筆ポリゴンID\":\"180e788d-8093-4395-9bf1-e4d52b6e9154\",\"更新年度\":2021,\"前年同一\":true},{\"筆ポリゴンID\":\"180e788d-8093-4395-9bf1-e4d52b6e9154\",\"発生年度\":2020}]]]","last_polygon_uuid":"6952a086-a907-4a44-b15f-c3cb2dc421e1","prev_last_polygon_uuid":"e6bee3a9-1e56-4306-8a2d-7e07950ef611","local_government_cd":"013315","point_lng":140.147632235,"point_lat":41.428922644}},{"arcs":[[83]],"type":"Polygon","properties":{"polygon_uuid":"92549759-4529-4616-893d-b1b4c3ad149c","land_type":200,"issue_year":2024,"edit_year":2020,"history":"[{\"筆ポリゴンID\":\"c1eb5fad-ef39-431f-aac9-41087182651e\",\"更新年度\":2023,\"前年同一\":true},[{\"筆ポリゴンID\":\"afb15554-674f-4fce-9caa-cf989df85a83\",\"更新年度\":2022,\"前年同一\":true},[{\"筆ポリゴンID\":\"f7521c68-8eaf-468c-ad47-a47314852fb8\",\"更新年度\":2021,\"前年同一\":true},{\"筆ポリゴンID\":\"f7521c68-8eaf-468c-ad47-a47314852fb8\",\"発生年度\":2020}]]]","last_polygon_uuid":"c1eb5fad-ef39-431f-aac9-41087182651e","prev_last_polygon_uuid":"afb15554-674f-4fce-9caa-cf989df85a83","local_government_cd":"013315","point_lng":139.992884041,"point_lat":41.551825793}},{"arcs":[[84]],"type":"Polygon","properties":{"polygon_uuid":"8765e93e-d3fd-4a57-9626-c51ad047abe7","land_type":200,"issue_year":2024,"edit_year":2020,"history":"[{\"筆ポリゴンID\":\"13345ec2-f888-4521-8c83-5a0a4ddfb1ea\",\"更新年度\":2023,\"前年同一\":true},[{\"筆ポリゴンID\":\"0430f8ea-b58c-4951-9dd4-b71db6404c0b\",\"更新年度\":2022,\"前年同一\":true},[{\"筆ポリゴンID\":\"60a5237d-c939-4c46-b5f5-e4f872383714\",\"更新年度\":2021,\"前年同一\":true},{\"筆ポリゴンID\":\"60a5237d-c939-4c46-b5f5-e4f872383714\",\"発生年度\":2020}]]]","last_polygon_uuid":"13345ec2-f888-4521-8c83-5a0a4ddfb1ea","prev_last_polygon_uuid":"0430f8ea-b58c-4951-9dd4-b71db6404c0b","local_government_cd":"013315","point_lng":140.149358155,"point_lat":41.435484319}},{"arcs":[[85]],"type":"Polygon","properties":{"polygon_uuid":"2c04ede8-00c2-432c-a9ff-29916f099dde","land_type":200,"issue_year":2024,"edit_year":2020,"history":"[{\"筆ポリゴンID\":\"324a7f27-4f64-40e5-9991-34296102ead7\",\"更新年度\":2023,\"前年同一\":true},[{\"筆ポリゴンID\":\"43726c34-c9e1-4cdd-9184-2427a23639ba\",\"更新年度\":2022,\"前年同一\":true},[{\"筆ポリゴンID\":\"4e6d78a7-7128-44ad-9c1b-f03205907441\",\"更新年度\":2021,\"前年同一\":true},{\"筆ポリゴンID\":\"4e6d78a7-7128-44ad-9c1b-f03205907441\",\"発生年度\":2020}]]]","last_polygon_uuid":"324a7f27-4f64-40e5-9991-34296102ead7","prev_last_polygon_uuid":"43726c34-c9e1-4cdd-9184-2427a23639ba","local_government_cd":"013315","point_lng":140.031478227,"point_lat":41.465851389}},{"arcs":[[86,87]],"type":"Polygon","properties":{"polygon_uuid":"cc2f42e7-b710-4fb7-81a2-0c82bba4ea01","land_type":200,"issue_year":2024,"edit_year":2020,"history":"[{\"筆ポリゴンID\":\"1bf86dec-16d8-4f79-b8e6-5445cb02cede\",\"更新年度\":2023,\"前年同一\":true},[{\"筆ポリゴンID\":\"2617fdd9-5d1e-47a0-a7f9-b4bd89fdb40e\",\"更新年度\":2022,\"前年同一\":true},[{\"筆ポリゴンID\":\"6a5af377-1932-4562-a531-fea1c9adfd4f\",\"更新年度\":2021,\"前年同一\":true},{\"筆ポリゴンID\":\"6a5af377-1932-4562-a531-fea1c9adfd4f\",\"発生年度\":2020}]]]","last_polygon_uuid":"1bf86dec-16d8-4f79-b8e6-5445cb02cede","prev_last_polygon_uuid":"2617fdd9-5d1e-47a0-a7f9-b4bd89fdb40e","local_government_cd":"013315","point_lng":139.98986692,"point_lat":41.572179795}},{"arcs":[[88]],"type":"Polygon","properties":{"polygon_uuid":"2740748d-bbb2-465c-a480-ce60a94269e5","land_type":200,"issue_year":2024,"edit_year":2020,"history":"[{\"筆ポリゴンID\":\"c7a50d24-af82-49ef-9686-8a03712c9494\",\"更新年度\":2023,\"前年同一\":true},[{\"筆ポリゴンID\":\"9a4c335e-7b70-4316-9b17-e0a92e4bc5b3\",\"更新年度\":2022,\"前年同一\":true},[{\"筆ポリゴンID\":\"b495eac2-729f-431b-ba03-ebccbcc6003f\",\"更新年度\":2021,\"前年同一\":true},{\"筆ポリゴンID\":\"b495eac2-729f-431b-ba03-ebccbcc6003f\",\"発生年度\":2020}]]]","last_polygon_uuid":"c7a50d24-af82-49ef-9686-8a03712c9494","prev_last_polygon_uuid":"9a4c335e-7b70-4316-9b17-e0a92e4bc5b3","local_government_cd":"013315","point_lng":140.102748554,"point_lat":41.431442717}},{"arcs":[[89]],"type":"Polygon","properties":{"polygon_uuid":"63bd3caf-e5e4-4dfb-b2a3-0dbd47bc379f","land_type":200,"issue_year":2024,"edit_year":2020,"history":"[{\"筆ポリゴンID\":\"35b6ea5d-b194-41af-a91f-ea9d0027bfa1\",\"更新年度\":2023,\"前年同一\":true},[{\"筆ポリゴンID\":\"e97cf694-0cc4-4d0e-8686-e622e21cd52a\",\"更新年度\":2022,\"前年同一\":true},[{\"筆ポリゴンID\":\"53405149-0db9-42ae-8790-98bacb10faff\",\"更新年度\":2021,\"前年同一\":true},{\"筆ポリゴンID\":\"53405149-0db9-42ae-8790-98bacb10faff\",\"発生年度\":2020}]]]","last_polygon_uuid":"35b6ea5d-b194-41af-a91f-ea9d0027bfa1","prev_last_polygon_uuid":"e97cf694-0cc4-4d0e-8686-e622e21cd52a","local_government_cd":"013315","point_lng":140.152000053,"point_lat":41.431407758}},{"arcs":[[90]],"type":"Polygon","properties":{"polygon_uuid":"62fddb2f-09b5-414d-9f56-efcd4cda55de","land_type":200,"issue_year":2024,"edit_year":2020,"history":"[{\"筆ポリゴンID\":\"7583cf02-af21-4066-b941-638aff561879\",\"更新年度\":2023,\"前年同一\":true},[{\"筆ポリゴンID\":\"f757da5f-622d-4fd9-af37-1c5663f880d8\",\"更新年度\":2022,\"前年同一\":true},[{\"筆ポリゴンID\":\"99e02e0e-cd72-4350-a898-f2ff18cc80a1\",\"更新年度\":2021,\"前年同一\":true},{\"筆ポリゴンID\":\"99e02e0e-cd72-4350-a898-f2ff18cc80a1\",\"発生年度\":2020}]]]","last_polygon_uuid":"7583cf02-af21-4066-b941-638aff561879","prev_last_polygon_uuid":"f757da5f-622d-4fd9-af37-1c5663f880d8","local_government_cd":"013315","point_lng":140.131653022,"point_lat":41.431728512}},{"arcs":[[91]],"type":"Polygon","properties":{"polygon_uuid":"228a8f6b-f028-4474-ac29-bab05696940f","land_type":200,"issue_year":2024,"edit_year":2020,"history":"[{\"筆ポリゴンID\":\"42774235-7687-441b-a0e4-50b49e49b177\",\"更新年度\":2023,\"前年同一\":true},[{\"筆ポリゴンID\":\"a81856ee-5e36-4ec7-97ac-0698eae61cba\",\"更新年度\":2022,\"前年同一\":true},[{\"筆ポリゴンID\":\"3264dc18-9b39-4661-a365-1aa3cfad3f32\",\"更新年度\":2021,\"前年同一\":true},{\"筆ポリゴンID\":\"3264dc18-9b39-4661-a365-1aa3cfad3f32\",\"発生年度\":2020}]]]","last_polygon_uuid":"42774235-7687-441b-a0e4-50b49e49b177","prev_last_polygon_uuid":"a81856ee-5e36-4ec7-97ac-0698eae61cba","local_government_cd":"013315","point_lng":140.162228184,"point_lat":41.42323179}},{"arcs":[[92,93,94,95,96,-38]],"type":"Polygon","properties":{"polygon_uuid":"e928b4f7-d98e-4829-b274-80c8da6ee850","land_type":200,"issue_year":2024,"edit_year":2020,"history":"[{\"筆ポリゴンID\":\"77159ab7-5ce4-43a4-8be6-5012e297c64a\",\"更新年度\":2023,\"前年同一\":true},[{\"筆ポリゴンID\":\"8b78a622-5269-4ca3-a512-ad06cba270a7\",\"更新年度\":2022,\"前年同一\":true},[{\"筆ポリゴンID\":\"8e6cf6f5-e1f9-4e31-a01f-a70fdddf6b3f\",\"更新年度\":2021,\"前年同一\":true},{\"筆ポリゴンID\":\"8e6cf6f5-e1f9-4e31-a01f-a70fdddf6b3f\",\"発生年度\":2020}]]]","last_polygon_uuid":"77159ab7-5ce4-43a4-8be6-5012e297c64a","prev_last_polygon_uuid":"8b78a622-5269-4ca3-a512-ad06cba270a7","local_government_cd":"013315","point_lng":140.023486716,"point_lat":41.488432494}},{"arcs":[[97]],"type":"Polygon","properties":{"polygon_uuid":"60019b86-116c-47c4-8db3-854d4e72c9c7","land_type":200,"issue_year":2024,"edit_year":2020,"history":"[{\"筆ポリゴンID\":\"e6a006b7-319c-47d5-aba8-069279a7a082\",\"更新年度\":2023,\"前年同一\":true},[{\"筆ポリゴンID\":\"21505011-9c5c-42fc-9267-58f4f6555fc5\",\"更新年度\":2022,\"前年同一\":true},[{\"筆ポリゴンID\":\"23c24aab-8648-4a9e-8de2-4b47b6141d5e\",\"更新年度\":2021,\"前年同一\":true},{\"筆ポリゴンID\":\"23c24aab-8648-4a9e-8de2-4b47b6141d5e\",\"発生年度\":2020}]]]","last_polygon_uuid":"e6a006b7-319c-47d5-aba8-069279a7a082","prev_last_polygon_uuid":"21505011-9c5c-42fc-9267-58f4f6555fc5","local_government_cd":"013315","point_lng":140.008290622,"point_lat":41.525036993}},{"arcs":[[-63,98]],"type":"Polygon","properties":{"polygon_uuid":"51176b60-750c-48fa-9c93-d4579f11341c","land_type":200,"issue_year":2024,"edit_year":2020,"history":"[{\"筆ポリゴンID\":\"779d2a18-85fe-489b-9f67-a3dcccb4f7c6\",\"更新年度\":2023,\"前年同一\":true},[{\"筆ポリゴンID\":\"017178e2-9ff5-40e6-8f69-d2d0f1542b39\",\"更新年度\":2022,\"前年同一\":true},[{\"筆ポリゴンID\":\"1640b5d1-67ac-42b3-9735-fbd42b52f552\",\"更新年度\":2021,\"前年同一\":true},{\"筆ポリゴンID\":\"1640b5d1-67ac-42b3-9735-fbd42b52f552\",\"発生年度\":2020}]]]","last_polygon_uuid":"779d2a18-85fe-489b-9f67-a3dcccb4f7c6","prev_last_polygon_uuid":"017178e2-9ff5-40e6-8f69-d2d0f1542b39","local_government_cd":"013315","point_lng":140.019451023,"point_lat":41.492164008}},{"arcs":[[99]],"type":"Polygon","properties":{"polygon_uuid":"e8bfbec1-885c-489a-a264-3e8cd328bed1","land_type":200,"issue_year":2024,"edit_year":2020,"history":"[{\"筆ポリゴンID\":\"51057d86-2034-45ad-9c69-1714863b73f6\",\"更新年度\":2023,\"前年同一\":true},[{\"筆ポリゴンID\":\"6100c377-d307-46f2-bbf4-9e2a8c3802d0\",\"更新年度\":2022,\"前年同一\":true},[{\"筆ポリゴンID\":\"e9a93359-1be1-4f6a-b6de-1f32e06a50c7\",\"更新年度\":2021,\"前年同一\":true},{\"筆ポリゴンID\":\"e9a93359-1be1-4f6a-b6de-1f32e06a50c7\",\"発生年度\":2020}]]]","last_polygon_uuid":"51057d86-2034-45ad-9c69-1714863b73f6","prev_last_polygon_uuid":"6100c377-d307-46f2-bbf4-9e2a8c3802d0","local_government_cd":"013315","point_lng":140.136296369,"point_lat":41.428995539}},{"arcs":[[100,101]],"type":"Polygon","properties":{"polygon_uuid":"5baa0047-d65d-4d94-a1ea-df4fd77f1668","land_type":200,"issue_year":2024,"edit_year":2020,"history":"[{\"筆ポリゴンID\":\"2a06c203-6b90-422e-81dc-f0a410b659e2\",\"更新年度\":2023,\"前年同一\":true},[{\"筆ポリゴンID\":\"fcb47790-8214-4305-a064-e486c4c76ca3\",\"更新年度\":2022,\"前年同一\":true},[{\"筆ポリゴンID\":\"92e2deb3-5329-4330-8dbc-64e1f8fcc1ff\",\"更新年度\":2021,\"前年同一\":true},{\"筆ポリゴンID\":\"92e2deb3-5329-4330-8dbc-64e1f8fcc1ff\",\"発生年度\":2020}]]]","last_polygon_uuid":"2a06c203-6b90-422e-81dc-f0a410b659e2","prev_last_polygon_uuid":"fcb47790-8214-4305-a064-e486c4c76ca3","local_government_cd":"013315","point_lng":140.007073033,"point_lat":41.521484901}},{"arcs":[[102]],"type":"Polygon","properties":{"polygon_uuid":"b503dfb2-e76b-47b5-90ee-5f84b99b62d5","land_type":200,"issue_year":2024,"edit_year":2020,"history":"[{\"筆ポリゴンID\":\"14d05b47-91b0-41de-99dc-ae82effa9919\",\"更新年度\":2023,\"前年同一\":true},[{\"筆ポリゴンID\":\"5401c2e1-debe-4dcb-8443-be475bc1805b\",\"更新年度\":2022,\"前年同一\":true},[{\"筆ポリゴンID\":\"56de68fd-7121-4deb-ba28-47a1d347a6d5\",\"更新年度\":2021,\"前年同一\":true},{\"筆ポリゴンID\":\"56de68fd-7121-4deb-ba28-47a1d347a6d5\",\"発生年度\":2020}]]]","last_polygon_uuid":"14d05b47-91b0-41de-99dc-ae82effa9919","prev_last_polygon_uuid":"5401c2e1-debe-4dcb-8443-be475bc1805b","local_government_cd":"013315","point_lng":140.01787845,"point_lat":41.493732054}},{"arcs":[[103]],"type":"Polygon","properties":{"polygon_uuid":"b8a2b9fc-3e52-41e9-beb2-8af2652dec58","land_type":200,"issue_year":2024,"edit_year":2020,"history":"[{\"筆ポリゴンID\":\"d9a1bfb7-3198-40ff-89e9-103e8ee609ef\",\"更新年度\":2023,\"前年同一\":true},[{\"筆ポリゴンID\":\"304fda4f-ef94-4106-be34-3da722ea56e3\",\"更新年度\":2022,\"前年同一\":true},[{\"筆ポリゴンID\":\"89d33288-25bc-4da7-bf89-9bbec9e88fde\",\"更新年度\":2021,\"前年同一\":true},{\"筆ポリゴンID\":\"89d33288-25bc-4da7-bf89-9bbec9e88fde\",\"発生年度\":2020}]]]","last_polygon_uuid":"d9a1bfb7-3198-40ff-89e9-103e8ee609ef","prev_last_polygon_uuid":"304fda4f-ef94-4106-be34-3da722ea56e3","local_government_cd":"013315","point_lng":140.005270276,"point_lat":41.523735238}},{"arcs":[[104]],"type":"Polygon","properties":{"polygon_uuid":"f627362c-99e1-4339-a490-ef81db0b49ca","land_type":200,"issue_year":2024,"edit_year":2020,"history":"[{\"筆ポリゴンID\":\"d1024613-1523-405c-888f-d0db5d30fe29\",\"更新年度\":2023,\"前年同一\":true},[{\"筆ポリゴンID\":\"4b7db652-c87f-4d65-871d-6382cc3b1bc0\",\"更新年度\":2022,\"前年同一\":true},[{\"筆ポリゴンID\":\"3bba5da1-9e4b-4340-a60c-60763da8d244\",\"更新年度\":2021,\"前年同一\":true},{\"筆ポリゴンID\":\"3bba5da1-9e4b-4340-a60c-60763da8d244\",\"発生年度\":2020}]]]","last_polygon_uuid":"d1024613-1523-405c-888f-d0db5d30fe29","prev_last_polygon_uuid":"4b7db652-c87f-4d65-871d-6382cc3b1bc0","local_government_cd":"013315","point_lng":140.148695997,"point_lat":41.434020503}},{"arcs":[[105]],"type":"Polygon","properties":{"polygon_uuid":"7bebd2de-798e-4700-973c-b04a15933c04","land_type":200,"issue_year":2024,"edit_year":2020,"history":"[{\"筆ポリゴンID\":\"f1d22e32-bfcf-4eb5-974a-2398ddb82708\",\"更新年度\":2023,\"前年同一\":true},[{\"筆ポリゴンID\":\"580c2a40-8a48-4498-9d31-b31522762ed3\",\"更新年度\":2022,\"前年同一\":true},[{\"筆ポリゴンID\":\"0237c1f7-41dc-4dde-8988-2d16f6f287b1\",\"更新年度\":2021,\"前年同一\":true},{\"筆ポリゴンID\":\"0237c1f7-41dc-4dde-8988-2d16f6f287b1\",\"発生年度\":2020}]]]","last_polygon_uuid":"f1d22e32-bfcf-4eb5-974a-2398ddb82708","prev_last_polygon_uuid":"580c2a40-8a48-4498-9d31-b31522762ed3","local_government_cd":"013315","point_lng":140.09125711,"point_lat":41.427589567}},{"arcs":[[106]],"type":"Polygon","properties":{"polygon_uuid":"2b972215-f0c4-4a8d-847d-47d06a509b86","land_type":200,"issue_year":2024,"edit_year":2020,"history":"[{\"筆ポリゴンID\":\"6ad242d2-1a7c-400b-9fa8-7c4ab2602875\",\"更新年度\":2023,\"前年同一\":true},[{\"筆ポリゴンID\":\"c36aa195-c5d7-4879-9024-9f97cfd11e8e\",\"更新年度\":2022,\"前年同一\":true},[{\"筆ポリゴンID\":\"1222421b-9fb9-4436-81f1-6a2c96775bf2\",\"更新年度\":2021,\"前年同一\":true},{\"筆ポリゴンID\":\"1222421b-9fb9-4436-81f1-6a2c96775bf2\",\"発生年度\":2020}]]]","last_polygon_uuid":"6ad242d2-1a7c-400b-9fa8-7c4ab2602875","prev_last_polygon_uuid":"c36aa195-c5d7-4879-9024-9f97cfd11e8e","local_government_cd":"013315","point_lng":140.057156806,"point_lat":41.453878644}},{"arcs":[[107]],"type":"Polygon","properties":{"polygon_uuid":"d8778d04-ec0e-4899-82e8-67230d06f445","land_type":200,"issue_year":2024,"edit_year":2020,"history":"[{\"筆ポリゴンID\":\"5014f993-66d9-4f96-9c64-8c079ad554b6\",\"更新年度\":2023,\"前年同一\":true},[{\"筆ポリゴンID\":\"8f3ab1d8-22ed-4f1f-acd3-adf4eeed1da2\",\"更新年度\":2022,\"前年同一\":true},[{\"筆ポリゴンID\":\"bc197167-5731-402a-98ff-c4dfcf42252c\",\"更新年度\":2021,\"前年同一\":true},{\"筆ポリゴンID\":\"bc197167-5731-402a-98ff-c4dfcf42252c\",\"発生年度\":2020}]]]","last_polygon_uuid":"5014f993-66d9-4f96-9c64-8c079ad554b6","prev_last_polygon_uuid":"8f3ab1d8-22ed-4f1f-acd3-adf4eeed1da2","local_government_cd":"013315","point_lng":140.125232276,"point_lat":41.433308025}},{"arcs":[[108]],"type":"Polygon","properties":{"polygon_uuid":"27607e02-3ef3-4010-8d38-1f56d203d5f1","land_type":200,"issue_year":2024,"edit_year":2020,"history":"[{\"筆ポリゴンID\":\"bad1747d-1e3e-4966-8c4d-05bf643dc1b0\",\"更新年度\":2023,\"前年同一\":true},[{\"筆ポリゴンID\":\"9318272c-e262-449e-9ee1-8ff3980b4b28\",\"更新年度\":2022,\"前年同一\":true},[{\"筆ポリゴンID\":\"2974f196-86a3-41c9-9056-091349ad7dd0\",\"更新年度\":2021,\"前年同一\":true},{\"筆ポリゴンID\":\"2974f196-86a3-41c9-9056-091349ad7dd0\",\"発生年度\":2020}]]]","last_polygon_uuid":"bad1747d-1e3e-4966-8c4d-05bf643dc1b0","prev_last_polygon_uuid":"9318272c-e262-449e-9ee1-8ff3980b4b28","local_government_cd":"013315","point_lng":139.995704616,"point_lat":41.545008286}},{"arcs":[[109]],"type":"Polygon","properties":{"polygon_uuid":"bb251743-6c3d-4554-a30b-a3f2c62de90a","land_type":200,"issue_year":2024,"edit_year":2020,"history":"[{\"筆ポリゴンID\":\"2eecead4-4099-4bc4-b497-34dc2ea3d062\",\"更新年度\":2023,\"前年同一\":true},[{\"筆ポリゴンID\":\"c5a3590e-8513-4460-8122-a0a628eb0e0a\",\"更新年度\":2022,\"前年同一\":true},[{\"筆ポリゴンID\":\"628657bf-38af-4f08-a1e5-b33f4a02913b\",\"更新年度\":2021,\"前年同一\":true},{\"筆ポリゴンID\":\"628657bf-38af-4f08-a1e5-b33f4a02913b\",\"発生年度\":2020}]]]","last_polygon_uuid":"2eecead4-4099-4bc4-b497-34dc2ea3d062","prev_last_polygon_uuid":"c5a3590e-8513-4460-8122-a0a628eb0e0a","local_government_cd":"013315","point_lng":139.994284627,"point_lat":41.543277221}},{"arcs":[[110]],"type":"Polygon","properties":{"polygon_uuid":"14285ffe-d71b-47fc-8b9b-3ceea6ce073b","land_type":200,"issue_year":2024,"edit_year":2020,"history":"[{\"筆ポリゴンID\":\"0f7239f8-f5d1-4ae2-9beb-284a2f58580f\",\"更新年度\":2023,\"前年同一\":true},[{\"筆ポリゴンID\":\"b32c54a0-4300-46b8-9b9b-534a860b28fc\",\"更新年度\":2022,\"前年同一\":true},[{\"筆ポリゴンID\":\"e000829a-9545-4579-a454-a4276e6cd1bf\",\"更新年度\":2021,\"前年同一\":true},{\"筆ポリゴンID\":\"e000829a-9545-4579-a454-a4276e6cd1bf\",\"発生年度\":2020}]]]","last_polygon_uuid":"0f7239f8-f5d1-4ae2-9beb-284a2f58580f","prev_last_polygon_uuid":"b32c54a0-4300-46b8-9b9b-534a860b28fc","local_government_cd":"013315","point_lng":140.04760001,"point_lat":41.447476311}},{"arcs":[[111]],"type":"Polygon","properties":{"polygon_uuid":"8283b132-02d4-4b3d-b2de-e9ffa8d8253e","land_type":200,"issue_year":2024,"edit_year":2020,"history":"[{\"筆ポリゴンID\":\"a8c9b778-7cae-433f-9dbe-e3811b7947d5\",\"更新年度\":2023,\"前年同一\":true},[{\"筆ポリゴンID\":\"5bd1983c-2ae9-44b1-8e0d-83567c15b5b8\",\"更新年度\":2022,\"前年同一\":true},[{\"筆ポリゴンID\":\"6c6a4f6f-9433-4e10-a1a4-ad230b721b8f\",\"更新年度\":2021,\"前年同一\":true},{\"筆ポリゴンID\":\"6c6a4f6f-9433-4e10-a1a4-ad230b721b8f\",\"発生年度\":2020}]]]","last_polygon_uuid":"a8c9b778-7cae-433f-9dbe-e3811b7947d5","prev_last_polygon_uuid":"5bd1983c-2ae9-44b1-8e0d-83567c15b5b8","local_government_cd":"013315","point_lng":140.132685982,"point_lat":41.441916466}},{"arcs":[[112]],"type":"Polygon","properties":{"polygon_uuid":"a2ffd903-6aab-4740-bd90-7a1ee95ce0c8","land_type":200,"issue_year":2024,"edit_year":2020,"history":"[{\"筆ポリゴンID\":\"860c0cdd-f6ce-4d6e-86ad-41daf075d919\",\"更新年度\":2023,\"前年同一\":true},[{\"筆ポリゴンID\":\"f426e87c-b47e-416c-8271-f95933727438\",\"更新年度\":2022,\"前年同一\":true},[{\"筆ポリゴンID\":\"a8dde631-87fe-4779-b326-efd0157d1dc9\",\"更新年度\":2021,\"前年同一\":true},{\"筆ポリゴンID\":\"a8dde631-87fe-4779-b326-efd0157d1dc9\",\"発生年度\":2020}]]]","last_polygon_uuid":"860c0cdd-f6ce-4d6e-86ad-41daf075d919","prev_last_polygon_uuid":"f426e87c-b47e-416c-8271-f95933727438","local_government_cd":"013315","point_lng":140.019242762,"point_lat":41.492724413}},{"arcs":[[113]],"type":"Polygon","properties":{"polygon_uuid":"d88c85aa-9046-49c5-baee-bd7e9bb28885","land_type":200,"issue_year":2024,"edit_year":2020,"history":"[{\"筆ポリゴンID\":\"4bcc26c5-ca53-4184-aaab-34a01c389999\",\"更新年度\":2023,\"前年同一\":true},[{\"筆ポリゴンID\":\"b0b28df7-e67f-4ccc-8405-19ad5da7cb0f\",\"更新年度\":2022,\"前年同一\":true},[{\"筆ポリゴンID\":\"4e899ab8-9ddd-4f77-b183-edab2c6b298a\",\"更新年度\":2021,\"前年同一\":true},{\"筆ポリゴンID\":\"4e899ab8-9ddd-4f77-b183-edab2c6b298a\",\"発生年度\":2020}]]]","last_polygon_uuid":"4bcc26c5-ca53-4184-aaab-34a01c389999","prev_last_polygon_uuid":"b0b28df7-e67f-4ccc-8405-19ad5da7cb0f","local_government_cd":"013315","point_lng":140.090886215,"point_lat":41.424036626}},{"arcs":[[114]],"type":"Polygon","properties":{"polygon_uuid":"840a346e-d6ca-4666-af6c-51a397e7e9a7","land_type":200,"issue_year":2024,"edit_year":2020,"history":"[{\"筆ポリゴンID\":\"000da5b7-8dfd-4810-8170-812013d5f537\",\"更新年度\":2023,\"前年同一\":true},[{\"筆ポリゴンID\":\"8d917ca9-c9ef-4d1f-a3d9-eb9c31058533\",\"更新年度\":2022,\"前年同一\":true},[{\"筆ポリゴンID\":\"c29a9ff7-11b5-4f26-821f-c919377ac155\",\"更新年度\":2021,\"前年同一\":true},{\"筆ポリゴンID\":\"c29a9ff7-11b5-4f26-821f-c919377ac155\",\"発生年度\":2020}]]]","last_polygon_uuid":"000da5b7-8dfd-4810-8170-812013d5f537","prev_last_polygon_uuid":"8d917ca9-c9ef-4d1f-a3d9-eb9c31058533","local_government_cd":"013315","point_lng":140.039321421,"point_lat":41.453374626}},{"arcs":[[115]],"type":"Polygon","properties":{"polygon_uuid":"76725d1d-ffcd-4486-8515-cc43a2e1986e","land_type":200,"issue_year":2024,"edit_year":2020,"history":"[{\"筆ポリゴンID\":\"5c1b28b8-e0a7-4cb5-bd2e-71afb868d011\",\"更新年度\":2023,\"前年同一\":true},[{\"筆ポリゴンID\":\"49fe8478-24b7-4a89-a893-971fd9db81a6\",\"更新年度\":2022,\"前年同一\":true},[{\"筆ポリゴンID\":\"5ebe9bcf-f630-4777-9e42-caa304bf8535\",\"更新年度\":2021,\"前年同一\":true},{\"筆ポリゴンID\":\"5ebe9bcf-f630-4777-9e42-caa304bf8535\",\"発生年度\":2020}]]]","last_polygon_uuid":"5c1b28b8-e0a7-4cb5-bd2e-71afb868d011","prev_last_polygon_uuid":"49fe8478-24b7-4a89-a893-971fd9db81a6","local_government_cd":"013315","point_lng":140.092818439,"point_lat":41.426650303}},{"arcs":[[116]],"type":"Polygon","properties":{"polygon_uuid":"f454231d-2c19-4ee6-8595-5bdd5b069f35","land_type":200,"issue_year":2024,"edit_year":2020,"history":"[{\"筆ポリゴンID\":\"e935134d-309f-410b-8c9d-1ed3c46ba3b6\",\"更新年度\":2023,\"前年同一\":true},[{\"筆ポリゴンID\":\"d5d89521-a7b0-4fc3-bf10-e7c4a9d65e29\",\"更新年度\":2022,\"前年同一\":true},[{\"筆ポリゴンID\":\"f8f4fd99-b6f6-4e94-bb7e-8815a0ffaf82\",\"更新年度\":2021,\"前年同一\":true},{\"筆ポリゴンID\":\"f8f4fd99-b6f6-4e94-bb7e-8815a0ffaf82\",\"発生年度\":2020}]]]","last_polygon_uuid":"e935134d-309f-410b-8c9d-1ed3c46ba3b6","prev_last_polygon_uuid":"d5d89521-a7b0-4fc3-bf10-e7c4a9d65e29","local_government_cd":"013315","point_lng":140.037169731,"point_lat":41.456337864}},{"arcs":[[117]],"type":"Polygon","properties":{"polygon_uuid":"26535b1e-5344-4e99-87c9-48b384fb542b","land_type":200,"issue_year":2024,"edit_year":2020,"history":"[{\"筆ポリゴンID\":\"80a7a025-77b6-4553-813e-cf8ddf87e166\",\"更新年度\":2023,\"前年同一\":true},[{\"筆ポリゴンID\":\"9b7583b9-4c53-4795-9b33-b46f062cabc5\",\"更新年度\":2022,\"前年同一\":true},[{\"筆ポリゴンID\":\"ff4ab505-e94c-4343-94c1-be82832a0450\",\"更新年度\":2021,\"前年同一\":true},{\"筆ポリゴンID\":\"ff4ab505-e94c-4343-94c1-be82832a0450\",\"発生年度\":2020}]]]","last_polygon_uuid":"80a7a025-77b6-4553-813e-cf8ddf87e166","prev_last_polygon_uuid":"9b7583b9-4c53-4795-9b33-b46f062cabc5","local_government_cd":"013315","point_lng":140.136868977,"point_lat":41.446113974}},{"arcs":[[118]],"type":"Polygon","properties":{"polygon_uuid":"55b1372b-ea00-4f8b-907e-87e82a29480f","land_type":200,"issue_year":2024,"edit_year":2020,"history":"[{\"筆ポリゴンID\":\"fb8de439-9812-47a3-a27a-22c0b511804b\",\"更新年度\":2023,\"前年同一\":true},[{\"筆ポリゴンID\":\"d3879e0c-a3f6-4f5b-a132-501974f47de3\",\"更新年度\":2022,\"前年同一\":true},[{\"筆ポリゴンID\":\"8d77d797-9ddb-4331-947c-a783bd2a5557\",\"更新年度\":2021,\"前年同一\":true},{\"筆ポリゴンID\":\"8d77d797-9ddb-4331-947c-a783bd2a5557\",\"発生年度\":2020}]]]","last_polygon_uuid":"fb8de439-9812-47a3-a27a-22c0b511804b","prev_last_polygon_uuid":"d3879e0c-a3f6-4f5b-a132-501974f47de3","local_government_cd":"013315","point_lng":139.988857016,"point_lat":41.552626915}},{"arcs":[[119]],"type":"Polygon","properties":{"polygon_uuid":"12463373-8a97-458f-86d8-11380712b2e9","land_type":200,"issue_year":2024,"edit_year":2020,"history":"[{\"筆ポリゴンID\":\"97e43e79-f67c-406e-a14b-cc1b3986e297\",\"更新年度\":2023,\"前年同一\":true},[{\"筆ポリゴンID\":\"d619656f-d241-4154-bb7c-ab4a1175e620\",\"更新年度\":2022,\"前年同一\":true},[{\"筆ポリゴンID\":\"f075a6ba-e4b1-495d-bd18-f9a7e34d4f85\",\"更新年度\":2021,\"前年同一\":true},{\"筆ポリゴンID\":\"f075a6ba-e4b1-495d-bd18-f9a7e34d4f85\",\"発生年度\":2020}]]]","last_polygon_uuid":"97e43e79-f67c-406e-a14b-cc1b3986e297","prev_last_polygon_uuid":"d619656f-d241-4154-bb7c-ab4a1175e620","local_government_cd":"013315","point_lng":140.101995846,"point_lat":41.431159597}},{"arcs":[[120]],"type":"Polygon","properties":{"polygon_uuid":"291e88d6-e668-46c6-a947-de14cd71fd50","land_type":200,"issue_year":2024,"edit_year":2020,"history":"[{\"筆ポリゴンID\":\"1cdca6c9-7264-40d3-a8fb-e87cdb0250ab\",\"更新年度\":2023,\"前年同一\":true},[{\"筆ポリゴンID\":\"abf5f63d-0e0a-4ccf-8393-b617ab7403a0\",\"更新年度\":2022,\"前年同一\":true},[{\"筆ポリゴンID\":\"05119d33-46ea-4fea-a9d0-e5082bef0095\",\"更新年度\":2021,\"前年同一\":true},{\"筆ポリゴンID\":\"05119d33-46ea-4fea-a9d0-e5082bef0095\",\"発生年度\":2020}]]]","last_polygon_uuid":"1cdca6c9-7264-40d3-a8fb-e87cdb0250ab","prev_last_polygon_uuid":"abf5f63d-0e0a-4ccf-8393-b617ab7403a0","local_government_cd":"013315","point_lng":140.132981223,"point_lat":41.43946502}},{"arcs":[[121]],"type":"Polygon","properties":{"polygon_uuid":"5055a133-fe8d-44b0-b58f-6fe97f6104fe","land_type":200,"issue_year":2024,"edit_year":2020,"history":"[{\"筆ポリゴンID\":\"62e8b7c7-50dd-4d19-8820-b076e34c7cfe\",\"更新年度\":2023,\"前年同一\":true},[{\"筆ポリゴンID\":\"91292afb-f8d3-495d-8155-60357765d728\",\"更新年度\":2022,\"前年同一\":true},[{\"筆ポリゴンID\":\"7940396a-9990-4607-897b-f3c3c2f41706\",\"更新年度\":2021,\"前年同一\":true},{\"筆ポリゴンID\":\"7940396a-9990-4607-897b-f3c3c2f41706\",\"発生年度\":2020}]]]","last_polygon_uuid":"62e8b7c7-50dd-4d19-8820-b076e34c7cfe","prev_last_polygon_uuid":"91292afb-f8d3-495d-8155-60357765d728","local_government_cd":"013315","point_lng":140.030866977,"point_lat":41.462196169}},{"arcs":[[122]],"type":"Polygon","properties":{"polygon_uuid":"4a798258-36fc-4855-96b1-1371e7abc541","land_type":200,"issue_year":2024,"edit_year":2020,"history":"[{\"筆ポリゴンID\":\"49bf752c-d99c-4e6a-a39a-831c68ac57df\",\"更新年度\":2023,\"前年同一\":true},[{\"筆ポリゴンID\":\"e38b4b5e-f6e9-4830-a652-44092cb0c86d\",\"更新年度\":2022,\"前年同一\":true},[{\"筆ポリゴンID\":\"009c20bd-ad3f-4462-9828-626a8a3f8bf2\",\"更新年度\":2021,\"前年同一\":true},{\"筆ポリゴンID\":\"009c20bd-ad3f-4462-9828-626a8a3f8bf2\",\"発生年度\":2020}]]]","last_polygon_uuid":"49bf752c-d99c-4e6a-a39a-831c68ac57df","prev_last_polygon_uuid":"e38b4b5e-f6e9-4830-a652-44092cb0c86d","local_government_cd":"013315","point_lng":140.027634101,"point_lat":41.478032719}},{"arcs":[[123]],"type":"Polygon","properties":{"polygon_uuid":"fe62f7a7-d36e-4c5f-94f4-d75295c896fa","land_type":200,"issue_year":2024,"edit_year":2020,"history":"[{\"筆ポリゴンID\":\"3709d471-3864-497e-8396-080d1745dcaa\",\"更新年度\":2023,\"前年同一\":true},[{\"筆ポリゴンID\":\"4f6a23a7-38ef-4508-9d6b-24cdc9b5dad9\",\"更新年度\":2022,\"前年同一\":true},[{\"筆ポリゴンID\":\"8eea8dd6-8c0f-4a9a-a006-b2b065845f74\",\"更新年度\":2021,\"前年同一\":true},{\"筆ポリゴンID\":\"8eea8dd6-8c0f-4a9a-a006-b2b065845f74\",\"発生年度\":2020}]]]","last_polygon_uuid":"3709d471-3864-497e-8396-080d1745dcaa","prev_last_polygon_uuid":"4f6a23a7-38ef-4508-9d6b-24cdc9b5dad9","local_government_cd":"013315","point_lng":139.987893757,"point_lat":41.56218626}},{"arcs":[[124]],"type":"Polygon","properties":{"polygon_uuid":"574fb233-2085-41c3-876c-5d38744ecbee","land_type":200,"issue_year":2024,"edit_year":2020,"history":"[{\"筆ポリゴンID\":\"914eb282-002e-4440-b13f-daa5d1d078de\",\"更新年度\":2023,\"前年同一\":true},[{\"筆ポリゴンID\":\"13d1f15b-89d9-49b8-8306-7b9cbd808c99\",\"更新年度\":2022,\"前年同一\":true},[{\"筆ポリゴンID\":\"c98c0109-5890-46a9-af1e-24ee691d0ed6\",\"更新年度\":2021,\"前年同一\":true},{\"筆ポリゴンID\":\"c98c0109-5890-46a9-af1e-24ee691d0ed6\",\"発生年度\":2020}]]]","last_polygon_uuid":"914eb282-002e-4440-b13f-daa5d1d078de","prev_last_polygon_uuid":"13d1f15b-89d9-49b8-8306-7b9cbd808c99","local_government_cd":"013315","point_lng":140.087622744,"point_lat":41.424347336}},{"arcs":[[125]],"type":"Polygon","properties":{"polygon_uuid":"95196762-e3ab-4a79-ab57-554273b34ee1","land_type":200,"issue_year":2024,"edit_year":2020,"history":"[{\"筆ポリゴンID\":\"d6a22f8f-cb7e-4c54-9574-1cdd820dc0f7\",\"更新年度\":2023,\"前年同一\":true},[{\"筆ポリゴンID\":\"fd800bd2-7407-4343-a748-535fdc10dd5c\",\"更新年度\":2022,\"前年同一\":true},[{\"筆ポリゴンID\":\"63bfdbea-55b7-4a63-8dc0-5712ffa84608\",\"更新年度\":2021,\"前年同一\":true},{\"筆ポリゴンID\":\"63bfdbea-55b7-4a63-8dc0-5712ffa84608\",\"発生年度\":2020}]]]","last_polygon_uuid":"d6a22f8f-cb7e-4c54-9574-1cdd820dc0f7","prev_last_polygon_uuid":"fd800bd2-7407-4343-a748-535fdc10dd5c","local_government_cd":"013315","point_lng":140.004397446,"point_lat":41.540496807}},{"arcs":[[-43,126]],"type":"Polygon","properties":{"polygon_uuid":"9ddf81a5-cdbf-4880-8936-87ce59dd713b","land_type":200,"issue_year":2024,"edit_year":2020,"history":"[{\"筆ポリゴンID\":\"6a7f78b2-8d67-4b54-9ffd-501a1216ecb4\",\"更新年度\":2023,\"前年同一\":true},[{\"筆ポリゴンID\":\"562b166e-1da7-41dc-b6f8-87b4ff4c5419\",\"更新年度\":2022,\"前年同一\":true},[{\"筆ポリゴンID\":\"5ff6c2b9-292b-4b39-858c-29fe329b0271\",\"更新年度\":2021,\"前年同一\":true},{\"筆ポリゴンID\":\"5ff6c2b9-292b-4b39-858c-29fe329b0271\",\"発生年度\":2020}]]]","last_polygon_uuid":"6a7f78b2-8d67-4b54-9ffd-501a1216ecb4","prev_last_polygon_uuid":"562b166e-1da7-41dc-b6f8-87b4ff4c5419","local_government_cd":"013315","point_lng":140.137896751,"point_lat":41.436367132}},{"arcs":[[127]],"type":"Polygon","properties":{"polygon_uuid":"174eabea-f2fc-466b-982d-8317d40a831d","land_type":200,"issue_year":2024,"edit_year":2020,"history":"[{\"筆ポリゴンID\":\"63b25ed9-62c2-4f2d-9efc-637f5c9586d2\",\"更新年度\":2023,\"前年同一\":true},[{\"筆ポリゴンID\":\"a7f23a06-6f0a-4a01-800f-0ed68098f4f5\",\"更新年度\":2022,\"前年同一\":true},[{\"筆ポリゴンID\":\"776932c9-4981-4ee7-9743-b19c811a6eb8\",\"更新年度\":2021,\"前年同一\":true},{\"筆ポリゴンID\":\"776932c9-4981-4ee7-9743-b19c811a6eb8\",\"発生年度\":2020}]]]","last_polygon_uuid":"63b25ed9-62c2-4f2d-9efc-637f5c9586d2","prev_last_polygon_uuid":"a7f23a06-6f0a-4a01-800f-0ed68098f4f5","local_government_cd":"013315","point_lng":140.055829265,"point_lat":41.45980014}},{"arcs":[[128]],"type":"Polygon","properties":{"polygon_uuid":"95de7c1d-818b-4dd2-9107-8fe1d5ab1dab","land_type":200,"issue_year":2024,"edit_year":2020,"history":"[{\"筆ポリゴンID\":\"14a7421f-d9f1-4004-8844-1ee931fed4a9\",\"更新年度\":2023,\"前年同一\":true},[{\"筆ポリゴンID\":\"29b8a0ce-3f5e-40f9-ace1-745326c69460\",\"更新年度\":2022,\"前年同一\":true},[{\"筆ポリゴンID\":\"75a77abe-ffb7-446f-8302-4b8ec6308d50\",\"更新年度\":2021,\"前年同一\":true},{\"筆ポリゴンID\":\"75a77abe-ffb7-446f-8302-4b8ec6308d50\",\"発生年度\":2020}]]]","last_polygon_uuid":"14a7421f-d9f1-4004-8844-1ee931fed4a9","prev_last_polygon_uuid":"29b8a0ce-3f5e-40f9-ace1-745326c69460","local_government_cd":"013315","point_lng":140.137184762,"point_lat":41.435707513}},{"arcs":[[129]],"type":"Polygon","properties":{"polygon_uuid":"68a1b257-06e6-475e-91a2-7ff5c5f2aea5","land_type":200,"issue_year":2024,"edit_year":2020,"history":"[{\"筆ポリゴンID\":\"4a0b0e66-817a-4e30-950b-33a17eed268f\",\"更新年度\":2023,\"前年同一\":true},[{\"筆ポリゴンID\":\"6634803d-56fe-4b26-a184-177c32ccd5ef\",\"更新年度\":2022,\"前年同一\":true},[{\"筆ポリゴンID\":\"25a16a92-0bb6-4552-8fb9-d611278c7a48\",\"更新年度\":2021,\"前年同一\":true},{\"筆ポリゴンID\":\"25a16a92-0bb6-4552-8fb9-d611278c7a48\",\"発生年度\":2020}]]]","last_polygon_uuid":"4a0b0e66-817a-4e30-950b-33a17eed268f","prev_last_polygon_uuid":"6634803d-56fe-4b26-a184-177c32ccd5ef","local_government_cd":"013315","point_lng":139.987855341,"point_lat":41.553487129}},{"arcs":[[130]],"type":"Polygon","properties":{"polygon_uuid":"6f1e8a7f-76ad-440e-929f-1ffe6a115284","land_type":200,"issue_year":2024,"edit_year":2020,"history":"[{\"筆ポリゴンID\":\"1a4173eb-ce93-42ea-817d-7e89001d52af\",\"更新年度\":2023,\"前年同一\":true},[{\"筆ポリゴンID\":\"0e01f3fc-03c9-4414-aef6-e2a43c61c166\",\"更新年度\":2022,\"前年同一\":true},[{\"筆ポリゴンID\":\"3a12515b-e853-416e-9816-454e9d12b252\",\"更新年度\":2021,\"前年同一\":true},{\"筆ポリゴンID\":\"3a12515b-e853-416e-9816-454e9d12b252\",\"発生年度\":2020}]]]","last_polygon_uuid":"1a4173eb-ce93-42ea-817d-7e89001d52af","prev_last_polygon_uuid":"0e01f3fc-03c9-4414-aef6-e2a43c61c166","local_government_cd":"013315","point_lng":140.056516464,"point_lat":41.453679066}},{"arcs":[[131]],"type":"Polygon","properties":{"polygon_uuid":"5b759906-f219-4237-8aef-3858602e6544","land_type":200,"issue_year":2024,"edit_year":2020,"history":"[{\"筆ポリゴンID\":\"21b65254-f5da-4c58-a69f-6b5f6f1fb7cc\",\"更新年度\":2023,\"前年同一\":true},[{\"筆ポリゴンID\":\"2dc9d291-fd50-472f-bb99-10b8d0bad15f\",\"更新年度\":2022,\"前年同一\":true},[{\"筆ポリゴンID\":\"10b709fb-b40f-45f0-b198-ee4d3699d32e\",\"更新年度\":2021,\"前年同一\":true},{\"筆ポリゴンID\":\"10b709fb-b40f-45f0-b198-ee4d3699d32e\",\"発生年度\":2020}]]]","last_polygon_uuid":"21b65254-f5da-4c58-a69f-6b5f6f1fb7cc","prev_last_polygon_uuid":"2dc9d291-fd50-472f-bb99-10b8d0bad15f","local_government_cd":"013315","point_lng":140.021536613,"point_lat":41.487668025}},{"arcs":[[132]],"type":"Polygon","properties":{"polygon_uuid":"50e85f3e-752d-4571-8264-82d6341ecdd9","land_type":200,"issue_year":2024,"edit_year":2020,"history":"[{\"筆ポリゴンID\":\"d5d2705b-14da-47dd-b159-080f1f3a46c0\",\"更新年度\":2023,\"前年同一\":true},[{\"筆ポリゴンID\":\"ca4fc8ef-996e-4e57-a895-19e55cacd9a8\",\"更新年度\":2022,\"前年同一\":true},[{\"筆ポリゴンID\":\"ba4d2ebb-a1f5-4f2a-af90-be1e74ec1a8d\",\"更新年度\":2021,\"前年同一\":true},{\"筆ポリゴンID\":\"ba4d2ebb-a1f5-4f2a-af90-be1e74ec1a8d\",\"発生年度\":2020}]]]","last_polygon_uuid":"d5d2705b-14da-47dd-b159-080f1f3a46c0","prev_last_polygon_uuid":"ca4fc8ef-996e-4e57-a895-19e55cacd9a8","local_government_cd":"013315","point_lng":140.003853495,"point_lat":41.540728334}},{"arcs":[[133]],"type":"Polygon","properties":{"polygon_uuid":"8879a265-a0e8-445a-b346-d00e8ee316c7","land_type":200,"issue_year":2024,"edit_year":2020,"history":"[{\"筆ポリゴンID\":\"3a57b615-b3f4-4d11-98c1-79ae39ffd9e0\",\"更新年度\":2023,\"前年同一\":true},[{\"筆ポリゴンID\":\"49d447bc-5166-41c6-aa45-014c5dba53d2\",\"更新年度\":2022,\"前年同一\":true},[{\"筆ポリゴンID\":\"3e3774cc-3d39-44ad-a4c6-f7e6bd806e2d\",\"更新年度\":2021,\"前年同一\":true},{\"筆ポリゴンID\":\"3e3774cc-3d39-44ad-a4c6-f7e6bd806e2d\",\"発生年度\":2020}]]]","last_polygon_uuid":"3a57b615-b3f4-4d11-98c1-79ae39ffd9e0","prev_last_polygon_uuid":"49d447bc-5166-41c6-aa45-014c5dba53d2","local_government_cd":"013315","point_lng":139.995136321,"point_lat":41.543825548}},{"arcs":[[134]],"type":"Polygon","properties":{"polygon_uuid":"d90f875e-20b2-46ce-a5dd-226338a79af3","land_type":200,"issue_year":2024,"edit_year":2020,"history":"[{\"筆ポリゴンID\":\"e0680c1d-53b1-468c-88af-950826f18fa1\",\"更新年度\":2023,\"前年同一\":true},[{\"筆ポリゴンID\":\"cd27928b-da62-4e58-bb6c-23c3212d8b55\",\"更新年度\":2022,\"前年同一\":true},[{\"筆ポリゴンID\":\"13f8c46e-7602-4876-aaf1-8990867eab85\",\"更新年度\":2021,\"前年同一\":true},{\"筆ポリゴンID\":\"13f8c46e-7602-4876-aaf1-8990867eab85\",\"発生年度\":2020}]]]","last_polygon_uuid":"e0680c1d-53b1-468c-88af-950826f18fa1","prev_last_polygon_uuid":"cd27928b-da62-4e58-bb6c-23c3212d8b55","local_government_cd":"013315","point_lng":140.146925849,"point_lat":41.431513546}},{"arcs":[[135,136]],"type":"Polygon","properties":{"polygon_uuid":"7e5199fc-9345-4ddd-b6de-4a2981ed4f79","land_type":200,"issue_year":2024,"edit_year":2020,"history":"[{\"筆ポリゴンID\":\"33c4fdb0-c2b0-410e-9969-098c330d68ed\",\"更新年度\":2023,\"前年同一\":true},[{\"筆ポリゴンID\":\"8284e297-8614-478d-99ce-b648712d20d6\",\"更新年度\":2022,\"前年同一\":true},[{\"筆ポリゴンID\":\"8b500e73-061d-42d9-b0fc-9e233af71173\",\"更新年度\":2021,\"前年同一\":true},{\"筆ポリゴンID\":\"8b500e73-061d-42d9-b0fc-9e233af71173\",\"発生年度\":2020}]]]","last_polygon_uuid":"33c4fdb0-c2b0-410e-9969-098c330d68ed","prev_last_polygon_uuid":"8284e297-8614-478d-99ce-b648712d20d6","local_government_cd":"013315","point_lng":140.125345848,"point_lat":41.432721283}},{"arcs":[[137]],"type":"Polygon","properties":{"polygon_uuid":"625aa4f9-7948-4faf-b6d3-44414369764a","land_type":200,"issue_year":2024,"edit_year":2020,"history":"[{\"筆ポリゴンID\":\"737ba7cc-f48c-4198-b650-d162691c412b\",\"更新年度\":2023,\"前年同一\":true},[{\"筆ポリゴンID\":\"43de9277-fd78-4dd3-a6d1-884d8093b580\",\"更新年度\":2022,\"前年同一\":true},[{\"筆ポリゴンID\":\"e257f1d5-4050-4ed5-bd35-ebfec6126fea\",\"更新年度\":2021,\"前年同一\":true},{\"筆ポリゴンID\":\"e257f1d5-4050-4ed5-bd35-ebfec6126fea\",\"発生年度\":2020}]]]","last_polygon_uuid":"737ba7cc-f48c-4198-b650-d162691c412b","prev_last_polygon_uuid":"43de9277-fd78-4dd3-a6d1-884d8093b580","local_government_cd":"013315","point_lng":140.113842122,"point_lat":41.431754807}},{"arcs":[[138,139,-70]],"type":"Polygon","properties":{"polygon_uuid":"31b4c5eb-86c6-4341-bdc5-c75d011219e7","land_type":200,"issue_year":2024,"edit_year":2020,"history":"[{\"筆ポリゴンID\":\"48a0ea14-5194-4dd2-ac7d-702e49dc0f70\",\"更新年度\":2023,\"前年同一\":true},[{\"筆ポリゴンID\":\"24ec0d48-0dee-44e8-a8f9-0a3dc7c17eb4\",\"更新年度\":2022,\"前年同一\":true},[{\"筆ポリゴンID\":\"c9edd499-9b8b-4575-97d3-53db618b6470\",\"更新年度\":2021,\"前年同一\":true},{\"筆ポリゴンID\":\"c9edd499-9b8b-4575-97d3-53db618b6470\",\"発生年度\":2020}]]]","last_polygon_uuid":"48a0ea14-5194-4dd2-ac7d-702e49dc0f70","prev_last_polygon_uuid":"24ec0d48-0dee-44e8-a8f9-0a3dc7c17eb4","local_government_cd":"013315","point_lng":140.007436258,"point_lat":41.52470576}},{"arcs":[[140]],"type":"Polygon","properties":{"polygon_uuid":"47694906-8bc1-43d4-b9ea-557ca4b3de50","land_type":200,"issue_year":2024,"edit_year":2020,"history":"[{\"筆ポリゴンID\":\"89ca0cdd-d616-49d6-9e90-c6dfc89f3c78\",\"更新年度\":2023,\"前年同一\":true},[{\"筆ポリゴンID\":\"d02a6c99-f6f9-4a69-a321-8de7008230cc\",\"更新年度\":2022,\"前年同一\":true},[{\"筆ポリゴンID\":\"697f9766-9bd3-4ff8-9225-d2b01907a74b\",\"更新年度\":2021,\"前年同一\":true},{\"筆ポリゴンID\":\"697f9766-9bd3-4ff8-9225-d2b01907a74b\",\"発生年度\":2020}]]]","last_polygon_uuid":"89ca0cdd-d616-49d6-9e90-c6dfc89f3c78","prev_last_polygon_uuid":"d02a6c99-f6f9-4a69-a321-8de7008230cc","local_government_cd":"013315","point_lng":140.004864335,"point_lat":41.541144998}},{"arcs":[[141]],"type":"Polygon","properties":{"polygon_uuid":"eae3707b-d790-4333-90f3-3701c788628f","land_type":200,"issue_year":2024,"edit_year":2020,"history":"[{\"筆ポリゴンID\":\"8f688835-04aa-4bba-9d9a-64560e2884b0\",\"更新年度\":2023,\"前年同一\":true},[{\"筆ポリゴンID\":\"36a1924a-ee62-4af1-b0f2-3ef5696cfaa8\",\"更新年度\":2022,\"前年同一\":true},[{\"筆ポリゴンID\":\"baae69c1-3011-41b0-a687-49cd33d3d0ab\",\"更新年度\":2021,\"前年同一\":true},{\"筆ポリゴンID\":\"baae69c1-3011-41b0-a687-49cd33d3d0ab\",\"発生年度\":2020}]]]","last_polygon_uuid":"8f688835-04aa-4bba-9d9a-64560e2884b0","prev_last_polygon_uuid":"36a1924a-ee62-4af1-b0f2-3ef5696cfaa8","local_government_cd":"013315","point_lng":139.991348948,"point_lat":41.548750698}},{"arcs":[[142]],"type":"Polygon","properties":{"polygon_uuid":"ec960995-4b89-45b6-88d7-9df2fc78eae7","land_type":200,"issue_year":2024,"edit_year":2020,"history":"[{\"筆ポリゴンID\":\"da72218a-239a-43ef-82a6-b4ebc13d8410\",\"更新年度\":2023,\"前年同一\":true},[{\"筆ポリゴンID\":\"71852115-ebdc-4649-99a8-d1526d59626f\",\"更新年度\":2022,\"前年同一\":true},[{\"筆ポリゴンID\":\"ec05a32c-b4ae-4b42-af25-7ceb40763aa8\",\"更新年度\":2021,\"前年同一\":true},{\"筆ポリゴンID\":\"ec05a32c-b4ae-4b42-af25-7ceb40763aa8\",\"発生年度\":2020}]]]","last_polygon_uuid":"da72218a-239a-43ef-82a6-b4ebc13d8410","prev_last_polygon_uuid":"71852115-ebdc-4649-99a8-d1526d59626f","local_government_cd":"013315","point_lng":139.990739209,"point_lat":41.554525458}},{"arcs":[[143]],"type":"Polygon","properties":{"polygon_uuid":"c04d91a2-b1fe-43bb-b270-2b3a17ddbe29","land_type":200,"issue_year":2024,"edit_year":2020,"history":"[{\"筆ポリゴンID\":\"5323af27-f11e-42aa-b96d-0004494448d4\",\"更新年度\":2023,\"前年同一\":true},[{\"筆ポリゴンID\":\"d0c4b2bd-1b60-4565-be11-3ad4c10a304d\",\"更新年度\":2022,\"前年同一\":true},[{\"筆ポリゴンID\":\"02e18de2-08f8-4ce8-8b01-c8857da919be\",\"更新年度\":2021,\"前年同一\":true},{\"筆ポリゴンID\":\"02e18de2-08f8-4ce8-8b01-c8857da919be\",\"発生年度\":2020}]]]","last_polygon_uuid":"5323af27-f11e-42aa-b96d-0004494448d4","prev_last_polygon_uuid":"d0c4b2bd-1b60-4565-be11-3ad4c10a304d","local_government_cd":"013315","point_lng":140.142328659,"point_lat":41.429895924}},{"arcs":[[-77,144,145,146,147]],"type":"Polygon","properties":{"polygon_uuid":"65914c9e-5e78-4e3c-a3a6-8c9e51cd9bd7","land_type":200,"issue_year":2024,"edit_year":2020,"history":"[{\"筆ポリゴンID\":\"069e4b17-39d6-4afd-80fe-f072bd10d9aa\",\"更新年度\":2023,\"前年同一\":true},[{\"筆ポリゴンID\":\"7ad3ca3f-8f1e-40a7-ba68-69681b78ea00\",\"更新年度\":2022,\"前年同一\":true},[{\"筆ポリゴンID\":\"68b1cac6-47f3-48ec-97de-de591286500b\",\"更新年度\":2021,\"前年同一\":true},{\"筆ポリゴンID\":\"68b1cac6-47f3-48ec-97de-de591286500b\",\"発生年度\":2020}]]]","last_polygon_uuid":"069e4b17-39d6-4afd-80fe-f072bd10d9aa","prev_last_polygon_uuid":"7ad3ca3f-8f1e-40a7-ba68-69681b78ea00","local_government_cd":"013315","point_lng":140.140727481,"point_lat":41.449206236}},{"arcs":[[148]],"type":"Polygon","properties":{"polygon_uuid":"3e19a096-cea9-48a9-b9b9-4da0bb718d0d","land_type":200,"issue_year":2024,"edit_year":2020,"history":"[{\"筆ポリゴンID\":\"7771eb85-64d9-43d7-82e5-659ebeb8b7cf\",\"更新年度\":2023,\"前年同一\":true},[{\"筆ポリゴンID\":\"96c29de8-5011-4e2e-b8b5-601ebdf2efa1\",\"更新年度\":2022,\"前年同一\":true},[{\"筆ポリゴンID\":\"bf8e37cc-b025-4a30-90f8-51c62953bbeb\",\"更新年度\":2021,\"前年同一\":true},{\"筆ポリゴンID\":\"bf8e37cc-b025-4a30-90f8-51c62953bbeb\",\"発生年度\":2020}]]]","last_polygon_uuid":"7771eb85-64d9-43d7-82e5-659ebeb8b7cf","prev_last_polygon_uuid":"96c29de8-5011-4e2e-b8b5-601ebdf2efa1","local_government_cd":"013315","point_lng":140.094911875,"point_lat":41.429152551}},{"arcs":[[149]],"type":"Polygon","properties":{"polygon_uuid":"e86c44de-09a7-49f6-a58e-618ef01e13bb","land_type":200,"issue_year":2024,"edit_year":2020,"history":"[{\"筆ポリゴンID\":\"b768ad59-ba35-4379-8ac5-cbde675e7cb5\",\"更新年度\":2023,\"前年同一\":true},[{\"筆ポリゴンID\":\"388de490-ef5a-44dd-b1da-d0aadb1af5b4\",\"更新年度\":2022,\"前年同一\":true},[{\"筆ポリゴンID\":\"64742753-ef42-4936-982d-26b6afce27ff\",\"更新年度\":2021,\"前年同一\":true},{\"筆ポリゴンID\":\"64742753-ef42-4936-982d-26b6afce27ff\",\"発生年度\":2020}]]]","last_polygon_uuid":"b768ad59-ba35-4379-8ac5-cbde675e7cb5","prev_last_polygon_uuid":"388de490-ef5a-44dd-b1da-d0aadb1af5b4","local_government_cd":"013315","point_lng":140.003767587,"point_lat":41.526513587}},{"arcs":[[150]],"type":"Polygon","properties":{"polygon_uuid":"44c7dcd2-3ab0-455d-8f14-c0633c7e5a5f","land_type":200,"issue_year":2024,"edit_year":2020,"history":"[{\"筆ポリゴンID\":\"0854bb7b-adc8-4dea-9d0f-8bf1143ecbaf\",\"更新年度\":2023,\"前年同一\":true},[{\"筆ポリゴンID\":\"19466da4-fe35-4162-92fe-ff9f2f8a3a08\",\"更新年度\":2022,\"前年同一\":true},[{\"筆ポリゴンID\":\"e7434db7-22dd-41bc-a01e-69f757196086\",\"更新年度\":2021,\"前年同一\":true},{\"筆ポリゴンID\":\"e7434db7-22dd-41bc-a01e-69f757196086\",\"発生年度\":2020}]]]","last_polygon_uuid":"0854bb7b-adc8-4dea-9d0f-8bf1143ecbaf","prev_last_polygon_uuid":"19466da4-fe35-4162-92fe-ff9f2f8a3a08","local_government_cd":"013315","point_lng":140.149070014,"point_lat":41.436118998}},{"arcs":[[151]],"type":"Polygon","properties":{"polygon_uuid":"4601f6ac-0341-49d8-850d-95b8a2be86ca","land_type":200,"issue_year":2024,"edit_year":2020,"history":"[{\"筆ポリゴンID\":\"e68bb14f-01da-44ba-9abf-359653408143\",\"更新年度\":2023,\"前年同一\":true},[{\"筆ポリゴンID\":\"aa8da2e4-a057-48ba-89a1-1f91b54b5346\",\"更新年度\":2022,\"前年同一\":true},[{\"筆ポリゴンID\":\"c0cf946e-113f-4fb0-8e4f-1485502d08d6\",\"更新年度\":2021,\"前年同一\":true},{\"筆ポリゴンID\":\"c0cf946e-113f-4fb0-8e4f-1485502d08d6\",\"発生年度\":2020}]]]","last_polygon_uuid":"e68bb14f-01da-44ba-9abf-359653408143","prev_last_polygon_uuid":"aa8da2e4-a057-48ba-89a1-1f91b54b5346","local_government_cd":"013315","point_lng":140.055952907,"point_lat":41.441005129}},{"arcs":[[152]],"type":"Polygon","properties":{"polygon_uuid":"8647ab8c-476e-47bd-96b4-f76d6ba0c7d6","land_type":200,"issue_year":2024,"edit_year":2020,"history":"[{\"筆ポリゴンID\":\"a9ebe03c-de09-493f-aaf8-9b97668a9354\",\"更新年度\":2023,\"前年同一\":true},[{\"筆ポリゴンID\":\"0f528ee0-06de-4d2b-a537-d73421eabb25\",\"更新年度\":2022,\"前年同一\":true},[{\"筆ポリゴンID\":\"97661afa-03be-480b-bf24-649555ead3cb\",\"更新年度\":2021,\"前年同一\":true},{\"筆ポリゴンID\":\"97661afa-03be-480b-bf24-649555ead3cb\",\"発生年度\":2020}]]]","last_polygon_uuid":"a9ebe03c-de09-493f-aaf8-9b97668a9354","prev_last_polygon_uuid":"0f528ee0-06de-4d2b-a537-d73421eabb25","local_government_cd":"013315","point_lng":139.987921542,"point_lat":41.582220497}},{"arcs":[[153]],"type":"Polygon","properties":{"polygon_uuid":"f914c1cc-f681-4a74-bc64-7dbdade3750e","land_type":200,"issue_year":2024,"edit_year":2020,"history":"[{\"筆ポリゴンID\":\"a0369944-5941-4983-979d-7f309c6ef50b\",\"更新年度\":2023,\"前年同一\":true},[{\"筆ポリゴンID\":\"b0601d3b-33b2-421d-aeff-d0fe9a8d53a1\",\"更新年度\":2022,\"前年同一\":true},[{\"筆ポリゴンID\":\"e7aba353-a3b9-45ff-899f-2686b049c27e\",\"更新年度\":2021,\"前年同一\":true},{\"筆ポリゴンID\":\"e7aba353-a3b9-45ff-899f-2686b049c27e\",\"発生年度\":2020}]]]","last_polygon_uuid":"a0369944-5941-4983-979d-7f309c6ef50b","prev_last_polygon_uuid":"b0601d3b-33b2-421d-aeff-d0fe9a8d53a1","local_government_cd":"013315","point_lng":140.051853379,"point_lat":41.444870032}},{"arcs":[[154]],"type":"Polygon","properties":{"polygon_uuid":"b0bad690-b82b-45ca-9fc8-ceb37e098855","land_type":200,"issue_year":2024,"edit_year":2020,"history":"[{\"筆ポリゴンID\":\"c808a55f-07cc-4f59-aad2-6d0072eb91b4\",\"更新年度\":2023,\"前年同一\":true},[{\"筆ポリゴンID\":\"ef8031e2-0a91-443d-83bb-700694eb8c1f\",\"更新年度\":2022,\"前年同一\":true},[{\"筆ポリゴンID\":\"16a10066-bb77-41e0-9c42-b4167ccd33ea\",\"更新年度\":2021,\"前年同一\":true},{\"筆ポリゴンID\":\"16a10066-bb77-41e0-9c42-b4167ccd33ea\",\"発生年度\":2020}]]]","last_polygon_uuid":"c808a55f-07cc-4f59-aad2-6d0072eb91b4","prev_last_polygon_uuid":"ef8031e2-0a91-443d-83bb-700694eb8c1f","local_government_cd":"013315","point_lng":139.989757311,"point_lat":41.558034353}},{"arcs":[[155,156]],"type":"Polygon","properties":{"polygon_uuid":"f3d13d88-c16a-461e-aa0a-ee3875a881e2","land_type":200,"issue_year":2024,"edit_year":2020,"history":"[{\"筆ポリゴンID\":\"eb819bd9-f531-4f55-aef5-963767bdef18\",\"更新年度\":2023,\"前年同一\":true},[{\"筆ポリゴンID\":\"bef38dfd-a0c4-4b49-ac49-efe19fed812f\",\"更新年度\":2022,\"前年同一\":true},[{\"筆ポリゴンID\":\"1f79120f-8681-4fde-9c00-57fb69b91be7\",\"更新年度\":2021,\"前年同一\":true},{\"筆ポリゴンID\":\"1f79120f-8681-4fde-9c00-57fb69b91be7\",\"発生年度\":2020}]]]","last_polygon_uuid":"eb819bd9-f531-4f55-aef5-963767bdef18","prev_last_polygon_uuid":"bef38dfd-a0c4-4b49-ac49-efe19fed812f","local_government_cd":"013315","point_lng":139.989999311,"point_lat":41.573052432}},{"arcs":[[157,158,159,160]],"type":"Polygon","properties":{"polygon_uuid":"8bcb83f4-dc94-4e40-b2e5-ef52ad7339cb","land_type":200,"issue_year":2024,"edit_year":2020,"history":"[{\"筆ポリゴンID\":\"7db3fea6-92ed-4b01-805f-51f750eaf4bf\",\"更新年度\":2023,\"前年同一\":true},[{\"筆ポリゴンID\":\"fef71263-f74f-495e-b6e7-5ff98cb99850\",\"更新年度\":2022,\"前年同一\":true},[{\"筆ポリゴンID\":\"26be791d-9d07-42f3-ba73-ec1fbb0bec15\",\"更新年度\":2021,\"前年同一\":true},{\"筆ポリゴンID\":\"26be791d-9d07-42f3-ba73-ec1fbb0bec15\",\"発生年度\":2020}]]]","last_polygon_uuid":"7db3fea6-92ed-4b01-805f-51f750eaf4bf","prev_last_polygon_uuid":"fef71263-f74f-495e-b6e7-5ff98cb99850","local_government_cd":"013315","point_lng":140.080625767,"point_lat":41.429728838}},{"arcs":[[161]],"type":"Polygon","properties":{"polygon_uuid":"089bdcc5-e12a-44a3-b601-1337eebcd7ef","land_type":200,"issue_year":2024,"edit_year":2020,"history":"[{\"筆ポリゴンID\":\"669a6d95-b88b-49e5-9ec5-b90a2bb2329d\",\"更新年度\":2023,\"前年同一\":true},[{\"筆ポリゴンID\":\"14320873-1b84-4219-8e0e-b3b238b2e1f1\",\"更新年度\":2022,\"前年同一\":true},[{\"筆ポリゴンID\":\"bf42f739-3552-44d3-b022-1cf21b41b8bb\",\"更新年度\":2021,\"前年同一\":true},{\"筆ポリゴンID\":\"bf42f739-3552-44d3-b022-1cf21b41b8bb\",\"発生年度\":2020}]]]","last_polygon_uuid":"669a6d95-b88b-49e5-9ec5-b90a2bb2329d","prev_last_polygon_uuid":"14320873-1b84-4219-8e0e-b3b238b2e1f1","local_government_cd":"013315","point_lng":140.023351721,"point_lat":41.496755661}},{"arcs":[[162]],"type":"Polygon","properties":{"polygon_uuid":"78267d89-a6f3-4aa6-ba0a-e2861be2954d","land_type":200,"issue_year":2024,"edit_year":2020,"history":"[{\"筆ポリゴンID\":\"dc17afc0-b6ab-418f-a59a-343a0afbe096\",\"更新年度\":2023,\"前年同一\":true},[{\"筆ポリゴンID\":\"87a27b2c-99fc-4267-9da0-c8491a867214\",\"更新年度\":2022,\"前年同一\":true},[{\"筆ポリゴンID\":\"18966b0f-3241-4b95-90a6-763178ad3f5f\",\"更新年度\":2021,\"前年同一\":true},{\"筆ポリゴンID\":\"18966b0f-3241-4b95-90a6-763178ad3f5f\",\"発生年度\":2020}]]]","last_polygon_uuid":"dc17afc0-b6ab-418f-a59a-343a0afbe096","prev_last_polygon_uuid":"87a27b2c-99fc-4267-9da0-c8491a867214","local_government_cd":"013315","point_lng":140.024686108,"point_lat":41.495509205}},{"arcs":[[163,164]],"type":"Polygon","properties":{"polygon_uuid":"ce28e118-ae96-4cb1-8f7c-c68931634a36","land_type":200,"issue_year":2024,"edit_year":2020,"history":"[{\"筆ポリゴンID\":\"1bc08b95-c63b-41f7-902f-9f0859af2bf3\",\"更新年度\":2023,\"前年同一\":true},[{\"筆ポリゴンID\":\"6fa8a9b0-6155-4319-a406-1cb537ec7074\",\"更新年度\":2022,\"前年同一\":true},[{\"筆ポリゴンID\":\"06b4bb44-2dc7-41f2-87dc-db291ac7f4e6\",\"更新年度\":2021,\"前年同一\":true},{\"筆ポリゴンID\":\"06b4bb44-2dc7-41f2-87dc-db291ac7f4e6\",\"発生年度\":2020}]]]","last_polygon_uuid":"1bc08b95-c63b-41f7-902f-9f0859af2bf3","prev_last_polygon_uuid":"6fa8a9b0-6155-4319-a406-1cb537ec7074","local_government_cd":"013315","point_lng":140.045829178,"point_lat":41.463237573}},{"arcs":[[165]],"type":"Polygon","properties":{"polygon_uuid":"01b8b16e-05c9-4a09-b4b7-e868b8734898","land_type":200,"issue_year":2024,"edit_year":2020,"history":"[{\"筆ポリゴンID\":\"6214978b-5518-4c20-8f54-79b81a8165b2\",\"更新年度\":2023,\"前年同一\":true},[{\"筆ポリゴンID\":\"ab0809da-3949-4146-a125-f31fec60bcdb\",\"更新年度\":2022,\"前年同一\":true},[{\"筆ポリゴンID\":\"2ccf271b-65a8-4bf8-9853-0a1336a985d5\",\"更新年度\":2021,\"前年同一\":true},{\"筆ポリゴンID\":\"2ccf271b-65a8-4bf8-9853-0a1336a985d5\",\"発生年度\":2020}]]]","last_polygon_uuid":"6214978b-5518-4c20-8f54-79b81a8165b2","prev_last_polygon_uuid":"ab0809da-3949-4146-a125-f31fec60bcdb","local_government_cd":"013315","point_lng":140.055033668,"point_lat":41.451970483}},{"arcs":[[166]],"type":"Polygon","properties":{"polygon_uuid":"5030c33a-d0a1-491e-9aee-e39c4549f303","land_type":200,"issue_year":2024,"edit_year":2020,"history":"[{\"筆ポリゴンID\":\"621f1777-3e30-478e-baa6-41ba588107f5\",\"更新年度\":2023,\"前年同一\":true},[{\"筆ポリゴンID\":\"5696e65a-79ca-4405-9b09-fe9607fbb55c\",\"更新年度\":2022,\"前年同一\":true},[{\"筆ポリゴンID\":\"462d7861-be3d-407a-a274-ca67e72240f7\",\"更新年度\":2021,\"前年同一\":true},{\"筆ポリゴンID\":\"462d7861-be3d-407a-a274-ca67e72240f7\",\"発生年度\":2020}]]]","last_polygon_uuid":"621f1777-3e30-478e-baa6-41ba588107f5","prev_last_polygon_uuid":"5696e65a-79ca-4405-9b09-fe9607fbb55c","local_government_cd":"013315","point_lng":140.04049407,"point_lat":41.465110535}},{"arcs":[[167]],"type":"Polygon","properties":{"polygon_uuid":"cfbe554f-08f5-4f21-8d6d-1d4e2dc66b10","land_type":200,"issue_year":2024,"edit_year":2020,"history":"[{\"筆ポリゴンID\":\"901508fa-39cb-43a4-a706-18ffe40918dc\",\"更新年度\":2023,\"前年同一\":true},[{\"筆ポリゴンID\":\"8f88a0c0-e845-43d3-b5bb-bd3d42727266\",\"更新年度\":2022,\"前年同一\":true},[{\"筆ポリゴンID\":\"60c8f230-46e3-4472-b92c-c7697d9a4509\",\"更新年度\":2021,\"前年同一\":true},{\"筆ポリゴンID\":\"60c8f230-46e3-4472-b92c-c7697d9a4509\",\"発生年度\":2020}]]]","last_polygon_uuid":"901508fa-39cb-43a4-a706-18ffe40918dc","prev_last_polygon_uuid":"8f88a0c0-e845-43d3-b5bb-bd3d42727266","local_government_cd":"013315","point_lng":140.040310112,"point_lat":41.471765676}},{"arcs":[[168]],"type":"Polygon","properties":{"polygon_uuid":"2fc9c76d-41d0-4dba-a265-5bd5dff2b289","land_type":200,"issue_year":2024,"edit_year":2020,"history":"[{\"筆ポリゴンID\":\"0a240ad1-3995-4876-ac9c-9b11b5625ff3\",\"更新年度\":2023,\"前年同一\":true},[{\"筆ポリゴンID\":\"33a4558f-5ba6-455a-b106-1a24abad3638\",\"更新年度\":2022,\"前年同一\":true},[{\"筆ポリゴンID\":\"39566f53-74d3-4980-8ab1-185b391f44ba\",\"更新年度\":2021,\"前年同一\":true},{\"筆ポリゴンID\":\"39566f53-74d3-4980-8ab1-185b391f44ba\",\"発生年度\":2020}]]]","last_polygon_uuid":"0a240ad1-3995-4876-ac9c-9b11b5625ff3","prev_last_polygon_uuid":"33a4558f-5ba6-455a-b106-1a24abad3638","local_government_cd":"013315","point_lng":140.044186498,"point_lat":41.460236912}},{"arcs":[[169]],"type":"Polygon","properties":{"polygon_uuid":"656228c0-bcda-4bee-8136-615839dd23ee","land_type":200,"issue_year":2024,"edit_year":2020,"history":"[{\"筆ポリゴンID\":\"a8eff424-9e0c-45f1-b586-dbe001b4f1f5\",\"更新年度\":2023,\"前年同一\":true},[{\"筆ポリゴンID\":\"7ebd4b2c-137b-4ae2-9d39-bcbc42c4c6d9\",\"更新年度\":2022,\"前年同一\":true},[{\"筆ポリゴンID\":\"27dd7738-3c88-45d3-9a3c-c0762ec48597\",\"更新年度\":2021,\"前年同一\":true},{\"筆ポリゴンID\":\"27dd7738-3c88-45d3-9a3c-c0762ec48597\",\"発生年度\":2020}]]]","last_polygon_uuid":"a8eff424-9e0c-45f1-b586-dbe001b4f1f5","prev_last_polygon_uuid":"7ebd4b2c-137b-4ae2-9d39-bcbc42c4c6d9","local_government_cd":"013315","point_lng":140.025424757,"point_lat":41.503669631}},{"arcs":[[170]],"type":"Polygon","properties":{"polygon_uuid":"cfe22dbf-7028-4f5c-b244-d855f4744160","land_type":200,"issue_year":2024,"edit_year":2020,"history":"[{\"筆ポリゴンID\":\"a2eb8fff-d63f-42a0-8bbb-00f225b472ca\",\"更新年度\":2023,\"前年同一\":true},[{\"筆ポリゴンID\":\"edffecc3-8e5a-435f-8618-fa025ece67cc\",\"更新年度\":2022,\"前年同一\":true},[{\"筆ポリゴンID\":\"f77b1c72-629c-4572-9d4d-df41f3f6d449\",\"更新年度\":2021,\"前年同一\":true},{\"筆ポリゴンID\":\"f77b1c72-629c-4572-9d4d-df41f3f6d449\",\"発生年度\":2020}]]]","last_polygon_uuid":"a2eb8fff-d63f-42a0-8bbb-00f225b472ca","prev_last_polygon_uuid":"edffecc3-8e5a-435f-8618-fa025ece67cc","local_government_cd":"013315","point_lng":140.054200044,"point_lat":41.455591745}},{"arcs":[[171,172]],"type":"Polygon","properties":{"polygon_uuid":"9e74c837-ec51-4ff9-9269-6597a1d05315","land_type":200,"issue_year":2024,"edit_year":2020,"history":"[{\"筆ポリゴンID\":\"b4e57dfb-3ff8-4ceb-a769-58e294998059\",\"更新年度\":2023,\"前年同一\":true},[{\"筆ポリゴンID\":\"8984d2cc-c52f-40de-95ef-d463c0061922\",\"更新年度\":2022,\"前年同一\":true},[{\"筆ポリゴンID\":\"0bc68fe0-7795-4c2c-83c7-9e8d2d994a38\",\"更新年度\":2021,\"前年同一\":true},{\"筆ポリゴンID\":\"0bc68fe0-7795-4c2c-83c7-9e8d2d994a38\",\"発生年度\":2020}]]]","last_polygon_uuid":"b4e57dfb-3ff8-4ceb-a769-58e294998059","prev_last_polygon_uuid":"8984d2cc-c52f-40de-95ef-d463c0061922","local_government_cd":"013315","point_lng":140.042275519,"point_lat":41.462780263}},{"arcs":[[173]],"type":"Polygon","properties":{"polygon_uuid":"17517ea5-54f8-4392-a43d-764c7bc7df2b","land_type":200,"issue_year":2024,"edit_year":2020,"history":"[{\"筆ポリゴンID\":\"6c0c6959-2b5c-4efc-a88f-bf1bb38336ad\",\"更新年度\":2023,\"前年同一\":true},[{\"筆ポリゴンID\":\"8886eaaf-f0b7-4c7e-8646-cd180292ca89\",\"更新年度\":2022,\"前年同一\":true},[{\"筆ポリゴンID\":\"8d88a0d1-d26a-4055-b0a8-2662056b3194\",\"更新年度\":2021,\"前年同一\":true},{\"筆ポリゴンID\":\"8d88a0d1-d26a-4055-b0a8-2662056b3194\",\"発生年度\":2020}]]]","last_polygon_uuid":"6c0c6959-2b5c-4efc-a88f-bf1bb38336ad","prev_last_polygon_uuid":"8886eaaf-f0b7-4c7e-8646-cd180292ca89","local_government_cd":"013315","point_lng":140.005320037,"point_lat":41.528294586}},{"arcs":[[174]],"type":"Polygon","properties":{"polygon_uuid":"54568186-693f-487c-9961-354124d89b9e","land_type":200,"issue_year":2024,"edit_year":2020,"history":"[{\"筆ポリゴンID\":\"ee8bb4b5-8f1a-48d9-819b-092b0f09a856\",\"更新年度\":2023,\"前年同一\":true},[{\"筆ポリゴンID\":\"fd604306-3688-43ea-80e4-24a9a1d33997\",\"更新年度\":2022,\"前年同一\":true},[{\"筆ポリゴンID\":\"1c4bcc5c-f660-4adb-861d-36c2e448a23b\",\"更新年度\":2021,\"前年同一\":true},{\"筆ポリゴンID\":\"1c4bcc5c-f660-4adb-861d-36c2e448a23b\",\"発生年度\":2020}]]]","last_polygon_uuid":"ee8bb4b5-8f1a-48d9-819b-092b0f09a856","prev_last_polygon_uuid":"fd604306-3688-43ea-80e4-24a9a1d33997","local_government_cd":"013315","point_lng":139.994009445,"point_lat":41.557106734}},{"arcs":[[175,176]],"type":"Polygon","properties":{"polygon_uuid":"d80078a5-976c-48b6-80ef-c2ebe2ef26fe","land_type":200,"issue_year":2024,"edit_year":2020,"history":"[{\"筆ポリゴンID\":\"8390c5d4-d283-43a8-bac6-096a381982fc\",\"更新年度\":2023,\"前年同一\":true},[{\"筆ポリゴンID\":\"1d39f633-8fa8-4c7a-8544-92c2d78a1d71\",\"更新年度\":2022,\"前年同一\":true},[{\"筆ポリゴンID\":\"f5dd3644-74eb-4a85-bc85-c93bf54a55be\",\"更新年度\":2021,\"前年同一\":true},{\"筆ポリゴンID\":\"f5dd3644-74eb-4a85-bc85-c93bf54a55be\",\"発生年度\":2020}]]]","last_polygon_uuid":"8390c5d4-d283-43a8-bac6-096a381982fc","prev_last_polygon_uuid":"1d39f633-8fa8-4c7a-8544-92c2d78a1d71","local_government_cd":"013315","point_lng":140.058625022,"point_lat":41.441739118}},{"arcs":[[177]],"type":"Polygon","properties":{"polygon_uuid":"661a9f87-d620-4e2d-ae31-05fc253785f0","land_type":200,"issue_year":2024,"edit_year":2020,"history":"[{\"筆ポリゴンID\":\"00035ab0-ff5a-40f4-bf36-656635a2104d\",\"更新年度\":2023,\"前年同一\":true},[{\"筆ポリゴンID\":\"46086642-9198-48e2-afbd-6d63e89b87c1\",\"更新年度\":2022,\"前年同一\":true},[{\"筆ポリゴンID\":\"d85b7555-ebac-4df5-8e83-6d880744d6f5\",\"更新年度\":2021,\"前年同一\":true},{\"筆ポリゴンID\":\"d85b7555-ebac-4df5-8e83-6d880744d6f5\",\"発生年度\":2020}]]]","last_polygon_uuid":"00035ab0-ff5a-40f4-bf36-656635a2104d","prev_last_polygon_uuid":"46086642-9198-48e2-afbd-6d63e89b87c1","local_government_cd":"013315","point_lng":140.177974536,"point_lat":41.410158111}},{"arcs":[[178]],"type":"Polygon","properties":{"polygon_uuid":"8d3531d9-0e61-40af-be54-f7003eaa35f6","land_type":200,"issue_year":2024,"edit_year":2020,"history":"[{\"筆ポリゴンID\":\"f53e896d-4473-4231-95b9-2aacfa67ed25\",\"更新年度\":2023,\"前年同一\":true},[{\"筆ポリゴンID\":\"8a0d2a59-a4f5-43a3-a9db-3e00fc70ae83\",\"更新年度\":2022,\"前年同一\":true},[{\"筆ポリゴンID\":\"396646c0-2f3d-4b40-8eff-c4078b42f939\",\"更新年度\":2021,\"前年同一\":true},{\"筆ポリゴンID\":\"396646c0-2f3d-4b40-8eff-c4078b42f939\",\"発生年度\":2020}]]]","last_polygon_uuid":"f53e896d-4473-4231-95b9-2aacfa67ed25","prev_last_polygon_uuid":"8a0d2a59-a4f5-43a3-a9db-3e00fc70ae83","local_government_cd":"013315","point_lng":140.040305739,"point_lat":41.47044042}},{"arcs":[[179]],"type":"Polygon","properties":{"polygon_uuid":"451eb63e-b94d-4dc0-9eae-2c65e3d25810","land_type":200,"issue_year":2024,"edit_year":2020,"history":"[{\"筆ポリゴンID\":\"8c224f72-79d9-43d8-bd7b-36b93115cb9d\",\"更新年度\":2023,\"前年同一\":true},[{\"筆ポリゴンID\":\"d04a52da-fbdb-4ca9-98f4-b695a7df027d\",\"更新年度\":2022,\"前年同一\":true},[{\"筆ポリゴンID\":\"40c089c1-381e-44f9-8a05-6fe52628ebf6\",\"更新年度\":2021,\"前年同一\":true},{\"筆ポリゴンID\":\"40c089c1-381e-44f9-8a05-6fe52628ebf6\",\"発生年度\":2020}]]]","last_polygon_uuid":"8c224f72-79d9-43d8-bd7b-36b93115cb9d","prev_last_polygon_uuid":"d04a52da-fbdb-4ca9-98f4-b695a7df027d","local_government_cd":"013315","point_lng":140.050084489,"point_lat":41.462424388}},{"arcs":[[180]],"type":"Polygon","properties":{"polygon_uuid":"80ba5013-747e-4e1a-83d4-add643592eec","land_type":200,"issue_year":2024,"edit_year":2020,"history":"[{\"筆ポリゴンID\":\"78c59baf-fc85-4f71-9250-4d88da23c63c\",\"更新年度\":2023,\"前年同一\":true},[{\"筆ポリゴンID\":\"06f1223b-0bdd-41da-a728-038924c146cf\",\"更新年度\":2022,\"前年同一\":true},[{\"筆ポリゴンID\":\"1f721b9c-5b8c-4a6b-aff2-2d8c01d56758\",\"更新年度\":2021,\"前年同一\":true},{\"筆ポリゴンID\":\"1f721b9c-5b8c-4a6b-aff2-2d8c01d56758\",\"発生年度\":2020}]]]","last_polygon_uuid":"78c59baf-fc85-4f71-9250-4d88da23c63c","prev_last_polygon_uuid":"06f1223b-0bdd-41da-a728-038924c146cf","local_government_cd":"013315","point_lng":140.048799308,"point_lat":41.4579675}},{"arcs":[[181]],"type":"Polygon","properties":{"polygon_uuid":"5c57b8bd-3802-4990-a5ba-ca68ae31d4fb","land_type":200,"issue_year":2024,"edit_year":2020,"history":"[{\"筆ポリゴンID\":\"d7237de6-f9dc-46db-b77c-4c9e70158223\",\"更新年度\":2023,\"前年同一\":true},[{\"筆ポリゴンID\":\"97b1c788-a5b7-4ccd-8afa-8263746afcdf\",\"更新年度\":2022,\"前年同一\":true},[{\"筆ポリゴンID\":\"9fa00b14-be75-44f2-80b6-184bce3ee937\",\"更新年度\":2021,\"前年同一\":true},{\"筆ポリゴンID\":\"9fa00b14-be75-44f2-80b6-184bce3ee937\",\"発生年度\":2020}]]]","last_polygon_uuid":"d7237de6-f9dc-46db-b77c-4c9e70158223","prev_last_polygon_uuid":"97b1c788-a5b7-4ccd-8afa-8263746afcdf","local_government_cd":"013315","point_lng":139.984167377,"point_lat":41.585485791}},{"arcs":[[182]],"type":"Polygon","properties":{"polygon_uuid":"c4f4f397-ffce-4fd0-be52-b93d7b051aac","land_type":200,"issue_year":2024,"edit_year":2020,"history":"[{\"筆ポリゴンID\":\"084d624b-195a-4f82-8c17-b7c2b10facbb\",\"更新年度\":2023,\"前年同一\":true},[{\"筆ポリゴンID\":\"706a4603-a989-4acc-8c83-8cc844b3864e\",\"更新年度\":2022,\"前年同一\":true},[{\"筆ポリゴンID\":\"13ff1011-84f8-4ecf-9d0a-39bb47fd813c\",\"更新年度\":2021,\"前年同一\":true},{\"筆ポリゴンID\":\"13ff1011-84f8-4ecf-9d0a-39bb47fd813c\",\"発生年度\":2020}]]]","last_polygon_uuid":"084d624b-195a-4f82-8c17-b7c2b10facbb","prev_last_polygon_uuid":"706a4603-a989-4acc-8c83-8cc844b3864e","local_government_cd":"013315","point_lng":140.061016378,"point_lat":41.446352662}},{"arcs":[[183],[184]],"type":"Polygon","properties":{"polygon_uuid":"1d6a6abc-0f87-4c96-9148-b6174675b940","land_type":200,"issue_year":2024,"edit_year":2020,"history":"[{\"筆ポリゴンID\":\"7a1361b8-60a0-4527-97e5-494c9c446861\",\"更新年度\":2023,\"前年同一\":true},[{\"筆ポリゴンID\":\"0b80110a-f223-436e-88f3-68dbae2ddbc4\",\"更新年度\":2022,\"前年同一\":true},[{\"筆ポリゴンID\":\"b562ecad-5a9f-4b7b-992a-e7f62ff44414\",\"更新年度\":2021,\"前年同一\":true},{\"筆ポリゴンID\":\"b562ecad-5a9f-4b7b-992a-e7f62ff44414\",\"発生年度\":2020}]]]","last_polygon_uuid":"7a1361b8-60a0-4527-97e5-494c9c446861","prev_last_polygon_uuid":"0b80110a-f223-436e-88f3-68dbae2ddbc4","local_government_cd":"013315","point_lng":140.071933732,"point_lat":41.479995071}},{"arcs":[[185,186]],"type":"Polygon","properties":{"polygon_uuid":"302f41ca-05d4-4fc3-98c9-d7559871cea2","land_type":200,"issue_year":2024,"edit_year":2020,"history":"[{\"筆ポリゴンID\":\"2c52e89c-8049-4e38-b3ee-11a9a9249a4f\",\"更新年度\":2023,\"前年同一\":true},[{\"筆ポリゴンID\":\"f39a4f4a-e40a-4e89-9bb6-a08d7b39df77\",\"更新年度\":2022,\"前年同一\":true},[{\"筆ポリゴンID\":\"9a33730b-ea1d-4223-a3be-12091a16fe86\",\"更新年度\":2021,\"前年同一\":true},{\"筆ポリゴンID\":\"9a33730b-ea1d-4223-a3be-12091a16fe86\",\"発生年度\":2020}]]]","last_polygon_uuid":"2c52e89c-8049-4e38-b3ee-11a9a9249a4f","prev_last_polygon_uuid":"f39a4f4a-e40a-4e89-9bb6-a08d7b39df77","local_government_cd":"013315","point_lng":139.997593376,"point_lat":41.544823458}},{"arcs":[[-173,187]],"type":"Polygon","properties":{"polygon_uuid":"0034497d-a6a6-4c37-b195-d04da4e8b9e4","land_type":200,"issue_year":2024,"edit_year":2020,"history":"[{\"筆ポリゴンID\":\"e09672ec-9858-485f-a7ad-252bf8021b86\",\"更新年度\":2023,\"前年同一\":true},[{\"筆ポリゴンID\":\"0758bda8-d729-41ff-9c8a-dd383d10f3b9\",\"更新年度\":2022,\"前年同一\":true},[{\"筆ポリゴンID\":\"56cc75a6-0a89-463d-acf7-25859555f762\",\"更新年度\":2021,\"前年同一\":true},{\"筆ポリゴンID\":\"56cc75a6-0a89-463d-acf7-25859555f762\",\"発生年度\":2020}]]]","last_polygon_uuid":"e09672ec-9858-485f-a7ad-252bf8021b86","prev_last_polygon_uuid":"0758bda8-d729-41ff-9c8a-dd383d10f3b9","local_government_cd":"013315","point_lng":140.041527587,"point_lat":41.464016071}},{"arcs":[[188]],"type":"Polygon","properties":{"polygon_uuid":"ad44bf1e-b21d-454f-ac03-f706a50cadd7","land_type":200,"issue_year":2024,"edit_year":2020,"history":"[{\"筆ポリゴンID\":\"3bd83da0-df46-480c-9a03-576967271d99\",\"更新年度\":2023,\"前年同一\":true},[{\"筆ポリゴンID\":\"0afc791b-3ec2-44d1-a139-3793edac9aea\",\"更新年度\":2022,\"前年同一\":true},[{\"筆ポリゴンID\":\"def62d9a-a00b-4ed5-b1c8-ff96ccc73ee8\",\"更新年度\":2021,\"前年同一\":true},{\"筆ポリゴンID\":\"def62d9a-a00b-4ed5-b1c8-ff96ccc73ee8\",\"発生年度\":2020}]]]","last_polygon_uuid":"3bd83da0-df46-480c-9a03-576967271d99","prev_last_polygon_uuid":"0afc791b-3ec2-44d1-a139-3793edac9aea","local_government_cd":"013315","point_lng":139.989680724,"point_lat":41.568842648}},{"arcs":[[189],[190]],"type":"Polygon","properties":{"polygon_uuid":"dca7a0ec-daba-4e89-88e6-8d553e0f5350","land_type":200,"issue_year":2024,"edit_year":2020,"history":"[{\"筆ポリゴンID\":\"ff00ce70-eb90-4b8c-88c2-988f1be3b56f\",\"更新年度\":2023,\"前年同一\":true},[{\"筆ポリゴンID\":\"da71d9ab-010d-4a50-8f9f-22b47f1f1c76\",\"更新年度\":2022,\"前年同一\":true},[{\"筆ポリゴンID\":\"56f88d69-61e5-42b7-be37-c9eb22443af0\",\"更新年度\":2021,\"前年同一\":true},{\"筆ポリゴンID\":\"56f88d69-61e5-42b7-be37-c9eb22443af0\",\"発生年度\":2020}]]]","last_polygon_uuid":"ff00ce70-eb90-4b8c-88c2-988f1be3b56f","prev_last_polygon_uuid":"da71d9ab-010d-4a50-8f9f-22b47f1f1c76","local_government_cd":"013315","point_lng":140.055920641,"point_lat":41.472581996}},{"arcs":[[191]],"type":"Polygon","properties":{"polygon_uuid":"d7cd4ea3-6c7a-410d-ac8e-e8e281c160b9","land_type":200,"issue_year":2024,"edit_year":2020,"history":"[{\"筆ポリゴンID\":\"531edb91-5355-4666-9c80-6c90f62553b0\",\"更新年度\":2023,\"前年同一\":true},[{\"筆ポリゴンID\":\"c15f3561-fb4e-4533-a32c-85582b9d52ac\",\"更新年度\":2022,\"前年同一\":true},[{\"筆ポリゴンID\":\"bff893ca-3f6f-4324-9308-8684c05c2775\",\"更新年度\":2021,\"前年同一\":true},{\"筆ポリゴンID\":\"bff893ca-3f6f-4324-9308-8684c05c2775\",\"発生年度\":2020}]]]","last_polygon_uuid":"531edb91-5355-4666-9c80-6c90f62553b0","prev_last_polygon_uuid":"c15f3561-fb4e-4533-a32c-85582b9d52ac","local_government_cd":"013315","point_lng":140.053810554,"point_lat":41.460026185}},{"arcs":[[192,193]],"type":"Polygon","properties":{"polygon_uuid":"e630333e-e5e6-47ea-a60f-54161d322c79","land_type":200,"issue_year":2024,"edit_year":2020,"history":"[{\"筆ポリゴンID\":\"6e4112ae-8036-4fa8-ab0d-5c7aec5beacf\",\"更新年度\":2023,\"前年同一\":true},[{\"筆ポリゴンID\":\"0222dff8-8352-4a42-9cec-7b36935f0ccc\",\"更新年度\":2022,\"前年同一\":true},[{\"筆ポリゴンID\":\"048f5c6c-64ee-4b6d-9dce-a0bc2d224393\",\"更新年度\":2021,\"前年同一\":true},{\"筆ポリゴンID\":\"048f5c6c-64ee-4b6d-9dce-a0bc2d224393\",\"発生年度\":2020}]]]","last_polygon_uuid":"6e4112ae-8036-4fa8-ab0d-5c7aec5beacf","prev_last_polygon_uuid":"0222dff8-8352-4a42-9cec-7b36935f0ccc","local_government_cd":"013315","point_lng":140.044238674,"point_lat":41.466214121}},{"arcs":[[194],[195]],"type":"Polygon","properties":{"polygon_uuid":"0a517bfc-a13c-4f8c-ab8a-7f069e2991ee","land_type":200,"issue_year":2024,"edit_year":2020,"history":"[{\"筆ポリゴンID\":\"cae527cb-5d94-43aa-a36e-3185f1fe116a\",\"更新年度\":2023,\"前年同一\":true},[{\"筆ポリゴンID\":\"7de723c2-9fd8-4494-a0ca-c039f405d868\",\"更新年度\":2022,\"前年同一\":true},[{\"筆ポリゴンID\":\"f17eb7c7-f28e-451d-8b41-e924a4a81867\",\"更新年度\":2021,\"前年同一\":true},{\"筆ポリゴンID\":\"f17eb7c7-f28e-451d-8b41-e924a4a81867\",\"発生年度\":2020}]]]","last_polygon_uuid":"cae527cb-5d94-43aa-a36e-3185f1fe116a","prev_last_polygon_uuid":"7de723c2-9fd8-4494-a0ca-c039f405d868","local_government_cd":"013315","point_lng":139.990220644,"point_lat":41.559961241}},{"arcs":[[196]],"type":"Polygon","properties":{"polygon_uuid":"da703fdf-a1ac-4221-a067-a8d775e4221a","land_type":200,"issue_year":2024,"edit_year":2020,"history":"[{\"筆ポリゴンID\":\"0546d5a2-f3aa-4fa7-955a-40a6dca919c9\",\"更新年度\":2023,\"前年同一\":true},[{\"筆ポリゴンID\":\"34d1a026-a027-4b80-8725-63983c0a1526\",\"更新年度\":2022,\"前年同一\":true},[{\"筆ポリゴンID\":\"9fb57029-be18-4e52-8c14-35e24255ea19\",\"更新年度\":2021,\"前年同一\":true},{\"筆ポリゴンID\":\"9fb57029-be18-4e52-8c14-35e24255ea19\",\"発生年度\":2020}]]]","last_polygon_uuid":"0546d5a2-f3aa-4fa7-955a-40a6dca919c9","prev_last_polygon_uuid":"34d1a026-a027-4b80-8725-63983c0a1526","local_government_cd":"013315","point_lng":140.075506979,"point_lat":41.434640039}},{"arcs":[[197]],"type":"Polygon","properties":{"polygon_uuid":"d86349d5-0be1-4140-9cdf-a776d2bbe425","land_type":200,"issue_year":2024,"edit_year":2020,"history":"[{\"筆ポリゴンID\":\"aeb7b132-5492-4951-8d32-a0bff6340ce6\",\"更新年度\":2023,\"前年同一\":true},[{\"筆ポリゴンID\":\"3351fe66-6bf5-4b1d-b74f-3572a7c98439\",\"更新年度\":2022,\"前年同一\":true},[{\"筆ポリゴンID\":\"c45ddce4-a212-4099-9a73-06253dc1bdc4\",\"更新年度\":2021,\"前年同一\":true},{\"筆ポリゴンID\":\"c45ddce4-a212-4099-9a73-06253dc1bdc4\",\"発生年度\":2020}]]]","last_polygon_uuid":"aeb7b132-5492-4951-8d32-a0bff6340ce6","prev_last_polygon_uuid":"3351fe66-6bf5-4b1d-b74f-3572a7c98439","local_government_cd":"013315","point_lng":140.01895117,"point_lat":41.496193748}},{"arcs":[[198]],"type":"Polygon","properties":{"polygon_uuid":"03b2faba-1ad8-460d-a164-4f204525389b","land_type":200,"issue_year":2024,"edit_year":2020,"history":"[{\"筆ポリゴンID\":\"408595b6-0419-4590-94a8-ddf6a1e20fc1\",\"更新年度\":2023,\"前年同一\":true},[{\"筆ポリゴンID\":\"d15270a7-d0f9-4ba9-80e4-1ad91750935e\",\"更新年度\":2022,\"前年同一\":true},[{\"筆ポリゴンID\":\"fe5c71cc-327f-48c9-8827-fb9c85d89c78\",\"更新年度\":2021,\"前年同一\":true},{\"筆ポリゴンID\":\"fe5c71cc-327f-48c9-8827-fb9c85d89c78\",\"発生年度\":2020}]]]","last_polygon_uuid":"408595b6-0419-4590-94a8-ddf6a1e20fc1","prev_last_polygon_uuid":"d15270a7-d0f9-4ba9-80e4-1ad91750935e","local_government_cd":"013315","point_lng":140.068401442,"point_lat":41.44389649}},{"arcs":[[199]],"type":"Polygon","properties":{"polygon_uuid":"d7c29bb6-9e6f-4649-9e3b-7e97c95ff808","land_type":200,"issue_year":2024,"edit_year":2020,"history":"[{\"筆ポリゴンID\":\"f1f169f1-c4ad-43a3-b2d6-862d57624590\",\"更新年度\":2023,\"前年同一\":true},[{\"筆ポリゴンID\":\"87c27536-4a5e-466f-8ff6-59cbabbc526f\",\"更新年度\":2022,\"前年同一\":true},[{\"筆ポリゴンID\":\"2adcf029-436e-4f21-86a8-88ee0703d075\",\"更新年度\":2021,\"前年同一\":true},{\"筆ポリゴンID\":\"2adcf029-436e-4f21-86a8-88ee0703d075\",\"発生年度\":2020}]]]","last_polygon_uuid":"f1f169f1-c4ad-43a3-b2d6-862d57624590","prev_last_polygon_uuid":"87c27536-4a5e-466f-8ff6-59cbabbc526f","local_government_cd":"013315","point_lng":140.058047355,"point_lat":41.453167082}},{"arcs":[[200]],"type":"Polygon","properties":{"polygon_uuid":"311ed3bd-df2c-4de5-a264-622d88ced23a","land_type":200,"issue_year":2024,"edit_year":2020,"history":"[{\"筆ポリゴンID\":\"759d1964-7f92-4ca6-93bb-80b70075c8a2\",\"更新年度\":2023,\"前年同一\":true},[{\"筆ポリゴンID\":\"af76946b-9147-4e84-bc5b-4807be9c3a99\",\"更新年度\":2022,\"前年同一\":true},[{\"筆ポリゴンID\":\"2bd722e3-143c-4358-8f40-8862e5999ab1\",\"更新年度\":2021,\"前年同一\":true},{\"筆ポリゴンID\":\"2bd722e3-143c-4358-8f40-8862e5999ab1\",\"発生年度\":2020}]]]","last_polygon_uuid":"759d1964-7f92-4ca6-93bb-80b70075c8a2","prev_last_polygon_uuid":"af76946b-9147-4e84-bc5b-4807be9c3a99","local_government_cd":"013315","point_lng":140.051810453,"point_lat":41.463580614}},{"arcs":[[201]],"type":"Polygon","properties":{"polygon_uuid":"b15b29cc-61d9-4f3e-8b8b-f3c429a5b001","land_type":200,"issue_year":2024,"edit_year":2020,"history":"[{\"筆ポリゴンID\":\"66851476-a01f-459e-8ea8-97bcf7705881\",\"更新年度\":2023,\"前年同一\":true},[{\"筆ポリゴンID\":\"f4ccb539-dd92-4b0e-b463-9e71acb8fae5\",\"更新年度\":2022,\"前年同一\":true},[{\"筆ポリゴンID\":\"ad4d6de9-51e1-4c6c-8088-35d998391bc3\",\"更新年度\":2021,\"前年同一\":true},{\"筆ポリゴンID\":\"ad4d6de9-51e1-4c6c-8088-35d998391bc3\",\"発生年度\":2020}]]]","last_polygon_uuid":"66851476-a01f-459e-8ea8-97bcf7705881","prev_last_polygon_uuid":"f4ccb539-dd92-4b0e-b463-9e71acb8fae5","local_government_cd":"013315","point_lng":139.98941066,"point_lat":41.555917301}},{"arcs":[[-25,202]],"type":"Polygon","properties":{"polygon_uuid":"9b14b084-1c9a-4399-991e-71b1b7c1d582","land_type":200,"issue_year":2024,"edit_year":2020,"history":"[{\"筆ポリゴンID\":\"7e7c7b34-86b3-423b-9455-b776da0cb502\",\"更新年度\":2023,\"前年同一\":true},[{\"筆ポリゴンID\":\"6abb1bdc-c478-4979-a729-181997f91f8a\",\"更新年度\":2022,\"前年同一\":true},[{\"筆ポリゴンID\":\"c03d8027-e8ba-41fc-9a23-807e8ddac4ad\",\"更新年度\":2021,\"前年同一\":true},{\"筆ポリゴンID\":\"c03d8027-e8ba-41fc-9a23-807e8ddac4ad\",\"発生年度\":2020}]]]","last_polygon_uuid":"7e7c7b34-86b3-423b-9455-b776da0cb502","prev_last_polygon_uuid":"6abb1bdc-c478-4979-a729-181997f91f8a","local_government_cd":"013315","point_lng":140.023737328,"point_lat":41.489301592}},{"arcs":[[203]],"type":"Polygon","properties":{"polygon_uuid":"726ccb29-e673-43f8-b074-ba0af590c2ed","land_type":200,"issue_year":2024,"edit_year":2020,"history":"[{\"筆ポリゴンID\":\"707b5514-5b3e-4eff-bf5a-0be307962d6d\",\"更新年度\":2023,\"前年同一\":true},[{\"筆ポリゴンID\":\"8670614c-9923-4fee-975c-265b5314498a\",\"更新年度\":2022,\"前年同一\":true},[{\"筆ポリゴンID\":\"4dff6114-6cf4-4ea0-9f3e-66ff3fcbdf39\",\"更新年度\":2021,\"前年同一\":true},{\"筆ポリゴンID\":\"4dff6114-6cf4-4ea0-9f3e-66ff3fcbdf39\",\"発生年度\":2020}]]]","last_polygon_uuid":"707b5514-5b3e-4eff-bf5a-0be307962d6d","prev_last_polygon_uuid":"8670614c-9923-4fee-975c-265b5314498a","local_government_cd":"013315","point_lng":140.135229092,"point_lat":41.429216316}},{"arcs":[[204,205,206]],"type":"Polygon","properties":{"polygon_uuid":"35642ae7-f79d-4ab0-9f45-8cafbf5a9162","land_type":200,"issue_year":2024,"edit_year":2020,"history":"[{\"筆ポリゴンID\":\"abb2f2ef-0688-4d17-a88d-5e4d84bd8815\",\"更新年度\":2023,\"前年同一\":true},[{\"筆ポリゴンID\":\"92f1c469-0467-4999-a4d5-a4e75cead6f5\",\"更新年度\":2022,\"前年同一\":true},[{\"筆ポリゴンID\":\"1a1260cb-ac0e-4f00-950f-111575b97b0d\",\"更新年度\":2021,\"前年同一\":true},{\"筆ポリゴンID\":\"1a1260cb-ac0e-4f00-950f-111575b97b0d\",\"発生年度\":2020}]]]","last_polygon_uuid":"abb2f2ef-0688-4d17-a88d-5e4d84bd8815","prev_last_polygon_uuid":"92f1c469-0467-4999-a4d5-a4e75cead6f5","local_government_cd":"013315","point_lng":139.985485923,"point_lat":41.601390769}},{"arcs":[[207]],"type":"Polygon","properties":{"polygon_uuid":"8e851e41-2441-4166-b58a-4b2ed4d87b13","land_type":200,"issue_year":2024,"edit_year":2020,"history":"[{\"筆ポリゴンID\":\"ef56e333-afe2-41ec-a0e5-898d15a3bc2e\",\"更新年度\":2023,\"前年同一\":true},[{\"筆ポリゴンID\":\"e55f4a74-7ed9-46ad-9e5c-b9cf547ca4ef\",\"更新年度\":2022,\"前年同一\":true},[{\"筆ポリゴンID\":\"1c6e3a05-6fcb-4812-b1e9-7d936d418e87\",\"更新年度\":2021,\"前年同一\":true},{\"筆ポリゴンID\":\"1c6e3a05-6fcb-4812-b1e9-7d936d418e87\",\"発生年度\":2020}]]]","last_polygon_uuid":"ef56e333-afe2-41ec-a0e5-898d15a3bc2e","prev_last_polygon_uuid":"e55f4a74-7ed9-46ad-9e5c-b9cf547ca4ef","local_government_cd":"013315","point_lng":140.003978441,"point_lat":41.535168862}},{"arcs":[[208]],"type":"Polygon","properties":{"polygon_uuid":"f01e7950-e4ad-483a-8ec5-92d7e60df5b2","land_type":200,"issue_year":2024,"edit_year":2020,"history":"[{\"筆ポリゴンID\":\"a317fd58-1d31-4b73-a6e9-eeba4752382c\",\"更新年度\":2023,\"前年同一\":true},[{\"筆ポリゴンID\":\"0df1cd4a-dc82-40cb-bd66-c49cd8831d1c\",\"更新年度\":2022,\"前年同一\":true},[{\"筆ポリゴンID\":\"80d89d82-3c34-49c7-a9b0-0a90d2624bd1\",\"更新年度\":2021,\"前年同一\":true},{\"筆ポリゴンID\":\"80d89d82-3c34-49c7-a9b0-0a90d2624bd1\",\"発生年度\":2020}]]]","last_polygon_uuid":"a317fd58-1d31-4b73-a6e9-eeba4752382c","prev_last_polygon_uuid":"0df1cd4a-dc82-40cb-bd66-c49cd8831d1c","local_government_cd":"013315","point_lng":140.034983451,"point_lat":41.468333503}},{"arcs":[[209]],"type":"Polygon","properties":{"polygon_uuid":"764f06be-3a91-4cd9-8306-76a6b1aaee8f","land_type":200,"issue_year":2024,"edit_year":2020,"history":"[{\"筆ポリゴンID\":\"3faa6c29-b59b-4f17-b64d-0425de8e1953\",\"更新年度\":2023,\"前年同一\":true},[{\"筆ポリゴンID\":\"a478420c-7548-47b4-a3ab-69aee11b60ca\",\"更新年度\":2022,\"前年同一\":true},[{\"筆ポリゴンID\":\"fc3a34b6-0117-4850-8103-d3f64aa8ed1f\",\"更新年度\":2021,\"前年同一\":true},{\"筆ポリゴンID\":\"fc3a34b6-0117-4850-8103-d3f64aa8ed1f\",\"発生年度\":2020}]]]","last_polygon_uuid":"3faa6c29-b59b-4f17-b64d-0425de8e1953","prev_last_polygon_uuid":"a478420c-7548-47b4-a3ab-69aee11b60ca","local_government_cd":"013315","point_lng":140.095893558,"point_lat":41.429087934}},{"arcs":[[210,211,212,213]],"type":"Polygon","properties":{"polygon_uuid":"b87769dc-b103-4c18-a9da-2f6748c746be","land_type":200,"issue_year":2024,"edit_year":2020,"history":"[{\"筆ポリゴンID\":\"1e4e7d68-fbae-4c22-a925-69f99687cbb0\",\"更新年度\":2023,\"前年同一\":true},[{\"筆ポリゴンID\":\"27471524-e134-4d5e-873e-77af823d08f0\",\"更新年度\":2022,\"前年同一\":true},[{\"筆ポリゴンID\":\"d8299f85-5dd4-4866-853e-79f8eaaa8f20\",\"更新年度\":2021,\"前年同一\":true},{\"筆ポリゴンID\":\"d8299f85-5dd4-4866-853e-79f8eaaa8f20\",\"発生年度\":2020}]]]","last_polygon_uuid":"1e4e7d68-fbae-4c22-a925-69f99687cbb0","prev_last_polygon_uuid":"27471524-e134-4d5e-873e-77af823d08f0","local_government_cd":"013315","point_lng":140.140325407,"point_lat":41.428876284}},{"arcs":[[214]],"type":"Polygon","properties":{"polygon_uuid":"d89d5235-3d78-44f3-b1ce-d27f188f5a19","land_type":200,"issue_year":2024,"edit_year":2020,"history":"[{\"筆ポリゴンID\":\"5e5e270b-e728-4c15-bb00-769b47334858\",\"更新年度\":2023,\"前年同一\":true},[{\"筆ポリゴンID\":\"07409ba1-353c-4a2a-8dad-461c1e2f8b49\",\"更新年度\":2022,\"前年同一\":true},[{\"筆ポリゴンID\":\"4040c019-7af0-4f85-a23f-3a4eeb72f63f\",\"更新年度\":2021,\"前年同一\":true},{\"筆ポリゴンID\":\"4040c019-7af0-4f85-a23f-3a4eeb72f63f\",\"発生年度\":2020}]]]","last_polygon_uuid":"5e5e270b-e728-4c15-bb00-769b47334858","prev_last_polygon_uuid":"07409ba1-353c-4a2a-8dad-461c1e2f8b49","local_government_cd":"013315","point_lng":140.053445075,"point_lat":41.444327638}},{"arcs":[[215]],"type":"Polygon","properties":{"polygon_uuid":"f28904ad-0708-4304-9943-c9d2108fbebc","land_type":200,"issue_year":2024,"edit_year":2020,"history":"[{\"筆ポリゴンID\":\"9421c392-9a03-4158-b7b2-ea2a1fe9e396\",\"更新年度\":2023,\"前年同一\":true},[{\"筆ポリゴンID\":\"7f0cd09e-318a-4ca9-8cac-e5d331e93d8f\",\"更新年度\":2022,\"前年同一\":true},[{\"筆ポリゴンID\":\"912d5c5e-0436-4c02-81d3-09a274bf72e2\",\"更新年度\":2021,\"前年同一\":true},{\"筆ポリゴンID\":\"912d5c5e-0436-4c02-81d3-09a274bf72e2\",\"発生年度\":2020}]]]","last_polygon_uuid":"9421c392-9a03-4158-b7b2-ea2a1fe9e396","prev_last_polygon_uuid":"7f0cd09e-318a-4ca9-8cac-e5d331e93d8f","local_government_cd":"013315","point_lng":139.987763855,"point_lat":41.608924558}},{"arcs":[[216]],"type":"Polygon","properties":{"polygon_uuid":"54efb498-65d7-4755-b067-08722f2ce1de","land_type":200,"issue_year":2024,"edit_year":2020,"history":"[{\"筆ポリゴンID\":\"8edc59d3-8f76-4860-bde9-9edf71dce8a8\",\"更新年度\":2023,\"前年同一\":true},[{\"筆ポリゴンID\":\"672dea75-eb63-4795-a472-902de36342b8\",\"更新年度\":2022,\"前年同一\":true},[{\"筆ポリゴンID\":\"5ed1a32c-bb27-4ef0-942d-1996c5f7b860\",\"更新年度\":2021,\"前年同一\":true},{\"筆ポリゴンID\":\"5ed1a32c-bb27-4ef0-942d-1996c5f7b860\",\"発生年度\":2020}]]]","last_polygon_uuid":"8edc59d3-8f76-4860-bde9-9edf71dce8a8","prev_last_polygon_uuid":"672dea75-eb63-4795-a472-902de36342b8","local_government_cd":"013315","point_lng":140.140864035,"point_lat":41.44970371}},{"arcs":[[217]],"type":"Polygon","properties":{"polygon_uuid":"76b04181-3963-45a9-9891-ae18e5d15950","land_type":200,"issue_year":2024,"edit_year":2020,"history":"[{\"筆ポリゴンID\":\"663423fa-ffb2-4495-aa39-f6597252ac9f\",\"更新年度\":2023,\"前年同一\":true},[{\"筆ポリゴンID\":\"2a801cf8-5b7b-45b8-9605-a422edc0831f\",\"更新年度\":2022,\"前年同一\":true},[{\"筆ポリゴンID\":\"bfe62263-c4ec-43a0-94d2-a58ec1a73054\",\"更新年度\":2021,\"前年同一\":true},{\"筆ポリゴンID\":\"bfe62263-c4ec-43a0-94d2-a58ec1a73054\",\"発生年度\":2020}]]]","last_polygon_uuid":"663423fa-ffb2-4495-aa39-f6597252ac9f","prev_last_polygon_uuid":"2a801cf8-5b7b-45b8-9605-a422edc0831f","local_government_cd":"013315","point_lng":140.149591476,"point_lat":41.431259406}},{"arcs":[[218]],"type":"Polygon","properties":{"polygon_uuid":"7a3c39da-f19f-4166-ba73-4affbb6681d6","land_type":200,"issue_year":2024,"edit_year":2020,"history":"[{\"筆ポリゴンID\":\"95f6cd69-934a-4b66-819a-21b50216b337\",\"更新年度\":2023,\"前年同一\":true},[{\"筆ポリゴンID\":\"94b5f7b9-1818-411a-a853-e0c757bcb38f\",\"更新年度\":2022,\"前年同一\":true},[{\"筆ポリゴンID\":\"2e040fb2-9621-4caf-935a-3e5996c1c748\",\"更新年度\":2021,\"前年同一\":true},{\"筆ポリゴンID\":\"2e040fb2-9621-4caf-935a-3e5996c1c748\",\"発生年度\":2020}]]]","last_polygon_uuid":"95f6cd69-934a-4b66-819a-21b50216b337","prev_last_polygon_uuid":"94b5f7b9-1818-411a-a853-e0c757bcb38f","local_government_cd":"013315","point_lng":140.01746631,"point_lat":41.501957721}},{"arcs":[[219]],"type":"Polygon","properties":{"polygon_uuid":"e551e992-b8ad-4eaa-bd1a-418010176fad","land_type":200,"issue_year":2024,"edit_year":2020,"history":"[{\"筆ポリゴンID\":\"ab16f4f7-9bad-4d12-8bfb-ed4611d2b5e6\",\"更新年度\":2023,\"前年同一\":true},[{\"筆ポリゴンID\":\"b95b645f-089f-4df9-a10e-33043b3cc58a\",\"更新年度\":2022,\"前年同一\":true},[{\"筆ポリゴンID\":\"e88b75dc-3110-46e1-9f4f-7c83226e43a0\",\"更新年度\":2021,\"前年同一\":true},{\"筆ポリゴンID\":\"e88b75dc-3110-46e1-9f4f-7c83226e43a0\",\"発生年度\":2020}]]]","last_polygon_uuid":"ab16f4f7-9bad-4d12-8bfb-ed4611d2b5e6","prev_last_polygon_uuid":"b95b645f-089f-4df9-a10e-33043b3cc58a","local_government_cd":"013315","point_lng":140.141949918,"point_lat":41.454326584}},{"arcs":[[220]],"type":"Polygon","properties":{"polygon_uuid":"fb3e2145-bb47-4ad4-be5c-4c118e3ba08c","land_type":200,"issue_year":2024,"edit_year":2020,"history":"[{\"筆ポリゴンID\":\"cb2d0ce7-0c3d-4290-bbed-8cc22167681a\",\"更新年度\":2023,\"前年同一\":true},[{\"筆ポリゴンID\":\"83f3b8d5-a75a-4562-b0f1-76e72e91fd55\",\"更新年度\":2022,\"前年同一\":true},[{\"筆ポリゴンID\":\"5c9fa881-07f6-48c9-9616-4c2087993b9b\",\"更新年度\":2021,\"前年同一\":true},{\"筆ポリゴンID\":\"5c9fa881-07f6-48c9-9616-4c2087993b9b\",\"発生年度\":2020}]]]","last_polygon_uuid":"cb2d0ce7-0c3d-4290-bbed-8cc22167681a","prev_last_polygon_uuid":"83f3b8d5-a75a-4562-b0f1-76e72e91fd55","local_government_cd":"013315","point_lng":139.987799481,"point_lat":41.606755765}},{"arcs":[[221]],"type":"Polygon","properties":{"polygon_uuid":"b7ab4028-c401-4790-8c47-6a2c2bc4f25e","land_type":200,"issue_year":2024,"edit_year":2020,"history":"[{\"筆ポリゴンID\":\"bdf5bbcb-4d1e-42cf-8853-e3158174b699\",\"更新年度\":2023,\"前年同一\":true},[{\"筆ポリゴンID\":\"efd9861a-3d4a-43f7-970a-5636b1d4a8ac\",\"更新年度\":2022,\"前年同一\":true},[{\"筆ポリゴンID\":\"b83d2458-907c-4561-a180-7be4368a662c\",\"更新年度\":2021,\"前年同一\":true},{\"筆ポリゴンID\":\"b83d2458-907c-4561-a180-7be4368a662c\",\"発生年度\":2020}]]]","last_polygon_uuid":"bdf5bbcb-4d1e-42cf-8853-e3158174b699","prev_last_polygon_uuid":"efd9861a-3d4a-43f7-970a-5636b1d4a8ac","local_government_cd":"013315","point_lng":140.043362831,"point_lat":41.448714226}},{"arcs":[[222]],"type":"Polygon","properties":{"polygon_uuid":"1052f9ee-5a54-447c-97af-39f12f67df11","land_type":200,"issue_year":2024,"edit_year":2020,"history":"[{\"筆ポリゴンID\":\"ea71e376-4217-4fae-b635-addba5425378\",\"更新年度\":2023,\"前年同一\":true},[{\"筆ポリゴンID\":\"9e49a47c-9122-4e56-8c5e-34de3a88dcbe\",\"更新年度\":2022,\"前年同一\":true},[{\"筆ポリゴンID\":\"372e0f98-3c62-4218-893f-c9b3933c755c\",\"更新年度\":2021,\"前年同一\":true},{\"筆ポリゴンID\":\"372e0f98-3c62-4218-893f-c9b3933c755c\",\"発生年度\":2020}]]]","last_polygon_uuid":"ea71e376-4217-4fae-b635-addba5425378","prev_last_polygon_uuid":"9e49a47c-9122-4e56-8c5e-34de3a88dcbe","local_government_cd":"013315","point_lng":140.147654387,"point_lat":41.429631135}},{"arcs":[[223]],"type":"Polygon","properties":{"polygon_uuid":"f292dde7-624a-49f9-b692-bf86387463a0","land_type":200,"issue_year":2024,"edit_year":2020,"history":"[{\"筆ポリゴンID\":\"96924f6e-1c61-43f6-b08f-811656205b74\",\"更新年度\":2023,\"前年同一\":true},[{\"筆ポリゴンID\":\"478da4fa-5b5f-4b7d-a784-9976537eddd2\",\"更新年度\":2022,\"前年同一\":true},[{\"筆ポリゴンID\":\"0476fe0d-3bb1-4f92-aece-f580b0d5a66d\",\"更新年度\":2021,\"前年同一\":true},{\"筆ポリゴンID\":\"0476fe0d-3bb1-4f92-aece-f580b0d5a66d\",\"発生年度\":2020}]]]","last_polygon_uuid":"96924f6e-1c61-43f6-b08f-811656205b74","prev_last_polygon_uuid":"478da4fa-5b5f-4b7d-a784-9976537eddd2","local_government_cd":"013315","point_lng":140.031788672,"point_lat":41.470413937}},{"arcs":[[224]],"type":"Polygon","properties":{"polygon_uuid":"e0ddd91d-1d30-40ac-baad-8a7bb0ad7d12","land_type":200,"issue_year":2024,"edit_year":2020,"history":"[{\"筆ポリゴンID\":\"d062541f-39a5-44a8-98e1-5d9bcb8f3754\",\"更新年度\":2023,\"前年同一\":true},[{\"筆ポリゴンID\":\"72d2f489-5fba-40f7-a70c-8ddc579dab7c\",\"更新年度\":2022,\"前年同一\":true},[{\"筆ポリゴンID\":\"864aba21-60a5-4ba7-860f-c9bd1d2cf062\",\"更新年度\":2021,\"前年同一\":true},{\"筆ポリゴンID\":\"864aba21-60a5-4ba7-860f-c9bd1d2cf062\",\"発生年度\":2020}]]]","last_polygon_uuid":"d062541f-39a5-44a8-98e1-5d9bcb8f3754","prev_last_polygon_uuid":"72d2f489-5fba-40f7-a70c-8ddc579dab7c","local_government_cd":"013315","point_lng":140.097189182,"point_lat":41.430777856}},{"arcs":[[225]],"type":"Polygon","properties":{"polygon_uuid":"6b1714e6-f5d3-42e9-bc60-561b119bde88","land_type":200,"issue_year":2024,"edit_year":2020,"history":"[{\"筆ポリゴンID\":\"b767c11e-f8c4-4944-b7a7-b9f1586a490c\",\"更新年度\":2023,\"前年同一\":true},[{\"筆ポリゴンID\":\"32d2f211-fbe2-4cc2-9802-e3207b661c0f\",\"更新年度\":2022,\"前年同一\":true},[{\"筆ポリゴンID\":\"35b712ae-89c8-4be5-b6e7-ea96b40ccb4e\",\"更新年度\":2021,\"前年同一\":true},{\"筆ポリゴンID\":\"35b712ae-89c8-4be5-b6e7-ea96b40ccb4e\",\"発生年度\":2020}]]]","last_polygon_uuid":"b767c11e-f8c4-4944-b7a7-b9f1586a490c","prev_last_polygon_uuid":"32d2f211-fbe2-4cc2-9802-e3207b661c0f","local_government_cd":"013315","point_lng":140.034999518,"point_lat":41.46090537}},{"arcs":[[226]],"type":"Polygon","properties":{"polygon_uuid":"ab6553ec-454c-4a41-b19b-bf999a119ba1","land_type":200,"issue_year":2024,"edit_year":2020,"history":"[{\"筆ポリゴンID\":\"ea53029e-1248-4f87-acba-1a4ee9914fac\",\"更新年度\":2023,\"前年同一\":true},[{\"筆ポリゴンID\":\"154335f0-5439-4365-b29e-8bc99c17f554\",\"更新年度\":2022,\"前年同一\":true},[{\"筆ポリゴンID\":\"7e792c47-9cd7-4377-8b09-b0e8dbe0ea96\",\"更新年度\":2021,\"前年同一\":true},{\"筆ポリゴンID\":\"7e792c47-9cd7-4377-8b09-b0e8dbe0ea96\",\"発生年度\":2020}]]]","last_polygon_uuid":"ea53029e-1248-4f87-acba-1a4ee9914fac","prev_last_polygon_uuid":"154335f0-5439-4365-b29e-8bc99c17f554","local_government_cd":"013315","point_lng":139.991598278,"point_lat":41.552826819}},{"arcs":[[227]],"type":"Polygon","properties":{"polygon_uuid":"cd89c216-51d2-4a97-beea-00fa1e60beea","land_type":200,"issue_year":2024,"edit_year":2020,"history":"[{\"筆ポリゴンID\":\"de7ebe1c-9267-4c85-8638-3da5c5074ed7\",\"更新年度\":2023,\"前年同一\":true},[{\"筆ポリゴンID\":\"c092333d-d267-459e-9674-9eaf7ad70385\",\"更新年度\":2022,\"前年同一\":true},[{\"筆ポリゴンID\":\"f782ffbe-a647-48f9-ac92-fc4357871029\",\"更新年度\":2021,\"前年同一\":true},{\"筆ポリゴンID\":\"f782ffbe-a647-48f9-ac92-fc4357871029\",\"発生年度\":2020}]]]","last_polygon_uuid":"de7ebe1c-9267-4c85-8638-3da5c5074ed7","prev_last_polygon_uuid":"c092333d-d267-459e-9674-9eaf7ad70385","local_government_cd":"013315","point_lng":140.116975298,"point_lat":41.431656084}},{"arcs":[[228,229,230,231]],"type":"Polygon","properties":{"polygon_uuid":"8c875981-fc84-4cef-8c98-6d2ccc53264b","land_type":200,"issue_year":2024,"edit_year":2020,"history":"[{\"筆ポリゴンID\":\"99254a9a-c8c9-4b9b-be10-de54b358f857\",\"更新年度\":2023,\"前年同一\":true},[{\"筆ポリゴンID\":\"f2c7a298-43bc-45d5-bfca-6a5f9e53ced0\",\"更新年度\":2022,\"前年同一\":true},[{\"筆ポリゴンID\":\"c26b19ec-a2c2-4a80-8315-1040a9dcecc8\",\"更新年度\":2021,\"前年同一\":true},{\"筆ポリゴンID\":\"c26b19ec-a2c2-4a80-8315-1040a9dcecc8\",\"発生年度\":2020}]]]","last_polygon_uuid":"99254a9a-c8c9-4b9b-be10-de54b358f857","prev_last_polygon_uuid":"f2c7a298-43bc-45d5-bfca-6a5f9e53ced0","local_government_cd":"013315","point_lng":140.006801005,"point_lat":41.522243156}},{"arcs":[[232,233]],"type":"Polygon","properties":{"polygon_uuid":"86043ebb-2e05-4e30-9d73-93f9b6f1c7be","land_type":200,"issue_year":2024,"edit_year":2020,"history":"[{\"筆ポリゴンID\":\"3583464f-248f-44c3-9351-133dd6aefd10\",\"更新年度\":2023,\"前年同一\":true},[{\"筆ポリゴンID\":\"172c3ac6-d56a-4514-87e5-b6b6c5a6c03c\",\"更新年度\":2022,\"前年同一\":true},[{\"筆ポリゴンID\":\"8b9450e9-9cc7-40dd-8fec-3ac0990b539e\",\"更新年度\":2021,\"前年同一\":true},{\"筆ポリゴンID\":\"8b9450e9-9cc7-40dd-8fec-3ac0990b539e\",\"発生年度\":2020}]]]","last_polygon_uuid":"3583464f-248f-44c3-9351-133dd6aefd10","prev_last_polygon_uuid":"172c3ac6-d56a-4514-87e5-b6b6c5a6c03c","local_government_cd":"013315","point_lng":140.049811309,"point_lat":41.446833833}},{"arcs":[[234]],"type":"Polygon","properties":{"polygon_uuid":"874d89f6-eb0b-47fa-b902-9a2dab9828bf","land_type":200,"issue_year":2024,"edit_year":2020,"history":"[{\"筆ポリゴンID\":\"1164033e-1780-45fa-9a92-7e6f7fe89b82\",\"更新年度\":2023,\"前年同一\":true},[{\"筆ポリゴンID\":\"0a3dedfd-74b2-48f1-aeed-0cfbd7ad916d\",\"更新年度\":2022,\"前年同一\":true},[{\"筆ポリゴンID\":\"ef5c254f-1bf7-4203-98ce-f5418c00d60a\",\"更新年度\":2021,\"前年同一\":true},{\"筆ポリゴンID\":\"ef5c254f-1bf7-4203-98ce-f5418c00d60a\",\"発生年度\":2020}]]]","last_polygon_uuid":"1164033e-1780-45fa-9a92-7e6f7fe89b82","prev_last_polygon_uuid":"0a3dedfd-74b2-48f1-aeed-0cfbd7ad916d","local_government_cd":"013315","point_lng":140.031876381,"point_lat":41.462922399}},{"arcs":[[235]],"type":"Polygon","properties":{"polygon_uuid":"e7104b8b-f2cc-493e-be6e-2262e82d86d0","land_type":200,"issue_year":2024,"edit_year":2020,"history":"[{\"筆ポリゴンID\":\"8ddcbbc7-afbf-4799-aaed-bdc55436ef5f\",\"更新年度\":2023,\"前年同一\":true},[{\"筆ポリゴンID\":\"70dd3543-c5bc-4b14-87bf-987e83c6fe07\",\"更新年度\":2022,\"前年同一\":true},[{\"筆ポリゴンID\":\"4e39fb41-fc27-4fa0-8983-52d562494f0d\",\"更新年度\":2021,\"前年同一\":true},{\"筆ポリゴンID\":\"4e39fb41-fc27-4fa0-8983-52d562494f0d\",\"発生年度\":2020}]]]","last_polygon_uuid":"8ddcbbc7-afbf-4799-aaed-bdc55436ef5f","prev_last_polygon_uuid":"70dd3543-c5bc-4b14-87bf-987e83c6fe07","local_government_cd":"013315","point_lng":140.103614589,"point_lat":41.43052786}},{"arcs":[[236]],"type":"Polygon","properties":{"polygon_uuid":"4fd424b9-266d-4f9b-ba5d-16a4a5e801d4","land_type":200,"issue_year":2024,"edit_year":2020,"history":"[{\"筆ポリゴンID\":\"4829322b-d0b7-427c-923d-484fda9a8302\",\"更新年度\":2023,\"前年同一\":true},[{\"筆ポリゴンID\":\"30a42ef3-3d69-46d9-a4d4-99652a2120ec\",\"更新年度\":2022,\"前年同一\":true},[{\"筆ポリゴンID\":\"18f8c0ba-6ee3-431d-9965-1f3cdf8ab047\",\"更新年度\":2021,\"前年同一\":true},{\"筆ポリゴンID\":\"18f8c0ba-6ee3-431d-9965-1f3cdf8ab047\",\"発生年度\":2020}]]]","last_polygon_uuid":"4829322b-d0b7-427c-923d-484fda9a8302","prev_last_polygon_uuid":"30a42ef3-3d69-46d9-a4d4-99652a2120ec","local_government_cd":"013315","point_lng":140.134484037,"point_lat":41.441702738}},{"arcs":[[237]],"type":"Polygon","properties":{"polygon_uuid":"81d80e01-3f73-49da-9a77-ff7b8fc42de0","land_type":200,"issue_year":2024,"edit_year":2020,"history":"[{\"筆ポリゴンID\":\"fab48dcb-5e6c-4182-9ee8-d71521f8b1c4\",\"更新年度\":2023,\"前年同一\":true},[{\"筆ポリゴンID\":\"533930fb-1864-4360-9f67-4370a05f8666\",\"更新年度\":2022,\"前年同一\":true},[{\"筆ポリゴンID\":\"e1e50ea1-5d16-4dc0-b7e3-3b5622d94348\",\"更新年度\":2021,\"前年同一\":true},{\"筆ポリゴンID\":\"e1e50ea1-5d16-4dc0-b7e3-3b5622d94348\",\"発生年度\":2020}]]]","last_polygon_uuid":"fab48dcb-5e6c-4182-9ee8-d71521f8b1c4","prev_last_polygon_uuid":"533930fb-1864-4360-9f67-4370a05f8666","local_government_cd":"013315","point_lng":140.021427851,"point_lat":41.490842916}},{"arcs":[[238]],"type":"Polygon","properties":{"polygon_uuid":"e49e9203-c303-4dd7-8e62-923be5bdf741","land_type":200,"issue_year":2024,"edit_year":2020,"history":"[{\"筆ポリゴンID\":\"8df0a26e-6bae-4f94-be70-715a712b4090\",\"更新年度\":2023,\"前年同一\":true},[{\"筆ポリゴンID\":\"4ba0028b-0b7f-4c17-93e2-1150807f598c\",\"更新年度\":2022,\"前年同一\":true},[{\"筆ポリゴンID\":\"82a41802-ebba-40b3-a71f-a554503afe15\",\"更新年度\":2021,\"前年同一\":true},{\"筆ポリゴンID\":\"82a41802-ebba-40b3-a71f-a554503afe15\",\"発生年度\":2020}]]]","last_polygon_uuid":"8df0a26e-6bae-4f94-be70-715a712b4090","prev_last_polygon_uuid":"4ba0028b-0b7f-4c17-93e2-1150807f598c","local_government_cd":"013315","point_lng":140.047224719,"point_lat":41.447660839}},{"arcs":[[239]],"type":"Polygon","properties":{"polygon_uuid":"c6f09206-d38c-4203-80fd-f924af292c4a","land_type":200,"issue_year":2024,"edit_year":2020,"history":"[{\"筆ポリゴンID\":\"9f994158-42cd-4ff0-977a-07db9faa4a53\",\"更新年度\":2023,\"前年同一\":true},[{\"筆ポリゴンID\":\"5677776b-3a6c-47dd-811e-f4da712f47fd\",\"更新年度\":2022,\"前年同一\":true},[{\"筆ポリゴンID\":\"d8a07cb4-c66b-4950-a39f-e27768490c18\",\"更新年度\":2021,\"前年同一\":true},{\"筆ポリゴンID\":\"d8a07cb4-c66b-4950-a39f-e27768490c18\",\"発生年度\":2020}]]]","last_polygon_uuid":"9f994158-42cd-4ff0-977a-07db9faa4a53","prev_last_polygon_uuid":"5677776b-3a6c-47dd-811e-f4da712f47fd","local_government_cd":"013315","point_lng":140.093827334,"point_lat":41.426705045}},{"arcs":[[240]],"type":"Polygon","properties":{"polygon_uuid":"1e691ed2-679e-4a0f-8505-5fe19098061d","land_type":200,"issue_year":2024,"edit_year":2020,"history":"[{\"筆ポリゴンID\":\"1cc99990-55f1-4730-88cc-f4d047ee8485\",\"更新年度\":2023,\"前年同一\":true},[{\"筆ポリゴンID\":\"14d1ccf9-e255-4d96-bdc5-e2dbadbb74dd\",\"更新年度\":2022,\"前年同一\":true},[{\"筆ポリゴンID\":\"b876e85a-e388-4c85-a4e1-f85100ccbb58\",\"更新年度\":2021,\"前年同一\":true},{\"筆ポリゴンID\":\"b876e85a-e388-4c85-a4e1-f85100ccbb58\",\"発生年度\":2020}]]]","last_polygon_uuid":"1cc99990-55f1-4730-88cc-f4d047ee8485","prev_last_polygon_uuid":"14d1ccf9-e255-4d96-bdc5-e2dbadbb74dd","local_government_cd":"013315","point_lng":140.139286661,"point_lat":41.428518741}},{"arcs":[[241]],"type":"Polygon","properties":{"polygon_uuid":"b4c50d3a-93e0-4bba-aabf-65e9b8961666","land_type":200,"issue_year":2024,"edit_year":2020,"history":"[{\"筆ポリゴンID\":\"3176a290-e9fa-457e-9044-97d7f061c6e7\",\"更新年度\":2023,\"前年同一\":true},[{\"筆ポリゴンID\":\"fb94a727-0c75-4f13-9149-237901092e2b\",\"更新年度\":2022,\"前年同一\":true},[{\"筆ポリゴンID\":\"53ff55cd-d464-4ecb-968a-398cb604ae95\",\"更新年度\":2021,\"前年同一\":true},{\"筆ポリゴンID\":\"53ff55cd-d464-4ecb-968a-398cb604ae95\",\"発生年度\":2020}]]]","last_polygon_uuid":"3176a290-e9fa-457e-9044-97d7f061c6e7","prev_last_polygon_uuid":"fb94a727-0c75-4f13-9149-237901092e2b","local_government_cd":"013315","point_lng":140.172369013,"point_lat":41.415257264}},{"arcs":[[242]],"type":"Polygon","properties":{"polygon_uuid":"51220f31-b3ba-4aad-9da3-f4a330770cdd","land_type":200,"issue_year":2024,"edit_year":2020,"history":"[{\"筆ポリゴンID\":\"f4dbbbd6-c416-457f-943c-49f51d58cedb\",\"更新年度\":2023,\"前年同一\":true},[{\"筆ポリゴンID\":\"467df986-4a02-4f51-80f0-26dc09cc865f\",\"更新年度\":2022,\"前年同一\":true},[{\"筆ポリゴンID\":\"6ab6de98-8c7f-484e-a052-ebe68f630580\",\"更新年度\":2021,\"前年同一\":true},{\"筆ポリゴンID\":\"6ab6de98-8c7f-484e-a052-ebe68f630580\",\"発生年度\":2020}]]]","last_polygon_uuid":"f4dbbbd6-c416-457f-943c-49f51d58cedb","prev_last_polygon_uuid":"467df986-4a02-4f51-80f0-26dc09cc865f","local_government_cd":"013315","point_lng":140.121933549,"point_lat":41.432189085}},{"arcs":[[243]],"type":"Polygon","properties":{"polygon_uuid":"838dcdda-769f-4aa9-83be-6b9d96d6f378","land_type":200,"issue_year":2024,"edit_year":2020,"history":"[{\"筆ポリゴンID\":\"1e682edc-7865-4e65-a3f1-348638d4468a\",\"更新年度\":2023,\"前年同一\":true},[{\"筆ポリゴンID\":\"f2221279-f4ea-457b-88d6-1f98a0ce9a18\",\"更新年度\":2022,\"前年同一\":true},[{\"筆ポリゴンID\":\"2b0865ee-83cf-426b-b52b-0e906fda8854\",\"更新年度\":2021,\"前年同一\":true},{\"筆ポリゴンID\":\"2b0865ee-83cf-426b-b52b-0e906fda8854\",\"発生年度\":2020}]]]","last_polygon_uuid":"1e682edc-7865-4e65-a3f1-348638d4468a","prev_last_polygon_uuid":"f2221279-f4ea-457b-88d6-1f98a0ce9a18","local_government_cd":"013315","point_lng":140.116191158,"point_lat":41.430039248}},{"arcs":[[-39,-97,244]],"type":"Polygon","properties":{"polygon_uuid":"5b374c1d-b57b-44cc-a3c8-96355ad77c5f","land_type":200,"issue_year":2024,"edit_year":2020,"history":"[{\"筆ポリゴンID\":\"81a12d9d-cbd9-4077-8ef6-ae9612a1a611\",\"更新年度\":2023,\"前年同一\":true},[{\"筆ポリゴンID\":\"5c50c233-943b-476e-84db-041a76d270c3\",\"更新年度\":2022,\"前年同一\":true},[{\"筆ポリゴンID\":\"f0634b6d-7396-41f2-810b-686520525616\",\"更新年度\":2021,\"前年同一\":true},{\"筆ポリゴンID\":\"f0634b6d-7396-41f2-810b-686520525616\",\"発生年度\":2020}]]]","last_polygon_uuid":"81a12d9d-cbd9-4077-8ef6-ae9612a1a611","prev_last_polygon_uuid":"5c50c233-943b-476e-84db-041a76d270c3","local_government_cd":"013315","point_lng":140.023869223,"point_lat":41.488905001}},{"arcs":[[245,-159]],"type":"Polygon","properties":{"polygon_uuid":"a2a2ca46-8f5d-417f-8d5b-d561a693d79b","land_type":200,"issue_year":2024,"edit_year":2020,"history":"[{\"筆ポリゴンID\":\"b495b77c-9b03-4f8d-bb1c-d69da4f678fe\",\"更新年度\":2023,\"前年同一\":true},[{\"筆ポリゴンID\":\"b0eaf7c2-d9e3-4f83-a171-758cd29c252e\",\"更新年度\":2022,\"前年同一\":true},[{\"筆ポリゴンID\":\"2f094c67-897e-4260-9b51-b048087bedb9\",\"更新年度\":2021,\"前年同一\":true},{\"筆ポリゴンID\":\"2f094c67-897e-4260-9b51-b048087bedb9\",\"発生年度\":2020}]]]","last_polygon_uuid":"b495b77c-9b03-4f8d-bb1c-d69da4f678fe","prev_last_polygon_uuid":"b0eaf7c2-d9e3-4f83-a171-758cd29c252e","local_government_cd":"013315","point_lng":140.081180945,"point_lat":41.429175865}},{"arcs":[[246]],"type":"Polygon","properties":{"polygon_uuid":"a7a42468-3605-4477-b5ba-bf094fe1f70d","land_type":200,"issue_year":2024,"edit_year":2020,"history":"[{\"筆ポリゴンID\":\"92c5d1a5-dc9d-4c15-b995-d7b1937014f3\",\"更新年度\":2023,\"前年同一\":true},[{\"筆ポリゴンID\":\"9ac2e7e4-7e95-41c8-9e3b-a6b6ad46c86a\",\"更新年度\":2022,\"前年同一\":true},[{\"筆ポリゴンID\":\"ea9f3471-37a2-492a-b38a-2696874ec753\",\"更新年度\":2021,\"前年同一\":true},{\"筆ポリゴンID\":\"ea9f3471-37a2-492a-b38a-2696874ec753\",\"発生年度\":2020}]]]","last_polygon_uuid":"92c5d1a5-dc9d-4c15-b995-d7b1937014f3","prev_last_polygon_uuid":"9ac2e7e4-7e95-41c8-9e3b-a6b6ad46c86a","local_government_cd":"013315","point_lng":140.115718581,"point_lat":41.432233931}},{"arcs":[[-58,247]],"type":"Polygon","properties":{"polygon_uuid":"e64da310-4bfc-4548-bbca-47b6323b4aa3","land_type":200,"issue_year":2024,"edit_year":2020,"history":"[{\"筆ポリゴンID\":\"76b20f5b-2ddb-4837-9074-6e81cb2a3b0e\",\"更新年度\":2023,\"前年同一\":true},[{\"筆ポリゴンID\":\"4283ef71-b03b-4a15-94d2-28ef7b1cda66\",\"更新年度\":2022,\"前年同一\":true},[{\"筆ポリゴンID\":\"a0daff45-43d7-486c-8382-6fb5c10e2684\",\"更新年度\":2021,\"前年同一\":true},{\"筆ポリゴンID\":\"a0daff45-43d7-486c-8382-6fb5c10e2684\",\"発生年度\":2020}]]]","last_polygon_uuid":"76b20f5b-2ddb-4837-9074-6e81cb2a3b0e","prev_last_polygon_uuid":"4283ef71-b03b-4a15-94d2-28ef7b1cda66","local_government_cd":"013315","point_lng":140.005244138,"point_lat":41.525842671}},{"arcs":[[248]],"type":"Polygon","properties":{"polygon_uuid":"d981778f-76d0-4109-a7eb-14b72523e9cc","land_type":200,"issue_year":2024,"edit_year":2020,"history":"[{\"筆ポリゴンID\":\"fae9844d-a696-4d60-9af3-04d3161475eb\",\"更新年度\":2023,\"前年同一\":true},[{\"筆ポリゴンID\":\"b98e80cc-178b-4ed8-bd0a-88fd1cb304dd\",\"更新年度\":2022,\"前年同一\":true},[{\"筆ポリゴンID\":\"ecfdfc1c-f169-4575-8563-9557a1811714\",\"更新年度\":2021,\"前年同一\":true},{\"筆ポリゴンID\":\"ecfdfc1c-f169-4575-8563-9557a1811714\",\"発生年度\":2020}]]]","last_polygon_uuid":"fae9844d-a696-4d60-9af3-04d3161475eb","prev_last_polygon_uuid":"b98e80cc-178b-4ed8-bd0a-88fd1cb304dd","local_government_cd":"013315","point_lng":140.124623607,"point_lat":41.432466317}},{"arcs":[[249]],"type":"Polygon","properties":{"polygon_uuid":"4b1b77df-ded6-4240-b94d-e22e88137163","land_type":200,"issue_year":2024,"edit_year":2020,"history":"[{\"筆ポリゴンID\":\"059f4f5e-4c76-4471-82b5-9e7297a52dca\",\"更新年度\":2023,\"前年同一\":true},[{\"筆ポリゴンID\":\"3e5c1205-9ead-4d5c-bfcf-e4b4fc88f892\",\"更新年度\":2022,\"前年同一\":true},[{\"筆ポリゴンID\":\"4e3bcc9d-7811-4563-b281-d7d4d3dc42f8\",\"更新年度\":2021,\"前年同一\":true},{\"筆ポリゴンID\":\"4e3bcc9d-7811-4563-b281-d7d4d3dc42f8\",\"発生年度\":2020}]]]","last_polygon_uuid":"059f4f5e-4c76-4471-82b5-9e7297a52dca","prev_last_polygon_uuid":"3e5c1205-9ead-4d5c-bfcf-e4b4fc88f892","local_government_cd":"013315","point_lng":140.047636219,"point_lat":41.450228998}},{"arcs":[[250]],"type":"Polygon","properties":{"polygon_uuid":"d4429789-8ffd-402e-9a96-7c33e133ffe8","land_type":100,"issue_year":2024,"edit_year":2020,"history":"[{\"筆ポリゴンID\":\"f14542c7-b003-46ef-9c1e-842716784678\",\"更新年度\":2023,\"前年同一\":true},[{\"筆ポリゴンID\":\"7233a007-78b3-4cf2-877d-0ea39db88632\",\"更新年度\":2022,\"前年同一\":true},[{\"筆ポリゴンID\":\"13285ea3-bb8d-4f65-9e4e-f19c8fc8a4ed\",\"更新年度\":2021,\"前年同一\":true},{\"筆ポリゴンID\":\"13285ea3-bb8d-4f65-9e4e-f19c8fc8a4ed\",\"発生年度\":2020}]]]","last_polygon_uuid":"f14542c7-b003-46ef-9c1e-842716784678","prev_last_polygon_uuid":"7233a007-78b3-4cf2-877d-0ea39db88632","local_government_cd":"013315","point_lng":140.136591371,"point_lat":41.444311395}},{"arcs":[[251,252]],"type":"Polygon","properties":{"polygon_uuid":"05ea6fd6-0034-4565-9ca0-5240a41e1f66","land_type":200,"issue_year":2024,"edit_year":2020,"history":"[{\"筆ポリゴンID\":\"12c7545e-ddc4-41c2-87e2-7241663e476e\",\"更新年度\":2023,\"前年同一\":true},[{\"筆ポリゴンID\":\"4278b6d1-e0bd-4189-baf4-b6ed726181ca\",\"更新年度\":2022,\"前年同一\":true},[{\"筆ポリゴンID\":\"bd55f9cd-23b6-4ece-85fe-190b434c231d\",\"更新年度\":2021,\"前年同一\":true},{\"筆ポリゴンID\":\"bd55f9cd-23b6-4ece-85fe-190b434c231d\",\"発生年度\":2020}]]]","last_polygon_uuid":"12c7545e-ddc4-41c2-87e2-7241663e476e","prev_last_polygon_uuid":"4278b6d1-e0bd-4189-baf4-b6ed726181ca","local_government_cd":"013315","point_lng":140.02246769,"point_lat":41.487708433}},{"arcs":[[253]],"type":"Polygon","properties":{"polygon_uuid":"f68ee2ad-95c7-4945-b763-48323b2e85a0","land_type":200,"issue_year":2024,"edit_year":2020,"history":"[{\"筆ポリゴンID\":\"0acc8040-2008-4053-b7a2-d96ea65fbcf1\",\"更新年度\":2023,\"前年同一\":true},[{\"筆ポリゴンID\":\"63ec87c6-a0ef-498a-868e-5197ca149918\",\"更新年度\":2022,\"前年同一\":true},[{\"筆ポリゴンID\":\"780c0df6-2d89-4d31-a42a-4df06b80e641\",\"更新年度\":2021,\"前年同一\":true},{\"筆ポリゴンID\":\"780c0df6-2d89-4d31-a42a-4df06b80e641\",\"発生年度\":2020}]]]","last_polygon_uuid":"0acc8040-2008-4053-b7a2-d96ea65fbcf1","prev_last_polygon_uuid":"63ec87c6-a0ef-498a-868e-5197ca149918","local_government_cd":"013315","point_lng":140.141175588,"point_lat":41.450299055}},{"arcs":[[254]],"type":"Polygon","properties":{"polygon_uuid":"b4b5660d-ac02-4797-9e59-d9ba6296b7af","land_type":200,"issue_year":2024,"edit_year":2020,"history":"[{\"筆ポリゴンID\":\"eb7cecd5-9603-460a-b488-c262d844d575\",\"更新年度\":2023,\"前年同一\":true},[{\"筆ポリゴンID\":\"038d323e-54f6-414a-ac86-dbe1faed4688\",\"更新年度\":2022,\"前年同一\":true},[{\"筆ポリゴンID\":\"1a9be0bb-6be7-4d5d-8a15-21c541e785f6\",\"更新年度\":2021,\"前年同一\":true},{\"筆ポリゴンID\":\"1a9be0bb-6be7-4d5d-8a15-21c541e785f6\",\"発生年度\":2020}]]]","last_polygon_uuid":"eb7cecd5-9603-460a-b488-c262d844d575","prev_last_polygon_uuid":"038d323e-54f6-414a-ac86-dbe1faed4688","local_government_cd":"013315","point_lng":140.096367495,"point_lat":41.431064122}},{"arcs":[[255,256]],"type":"Polygon","properties":{"polygon_uuid":"88d32c50-5c2d-4b67-9623-df1859675817","land_type":200,"issue_year":2024,"edit_year":2020,"history":"[{\"筆ポリゴンID\":\"25ad12e8-26f3-497a-ae50-078d9b7ac2e2\",\"更新年度\":2023,\"前年同一\":true},[{\"筆ポリゴンID\":\"1442bb28-0946-428b-bc32-6e7e417e657a\",\"更新年度\":2022,\"前年同一\":true},[{\"筆ポリゴンID\":\"c5255291-e9bc-4424-b65f-beb69d35bf5e\",\"更新年度\":2021,\"前年同一\":true},{\"筆ポリゴンID\":\"c5255291-e9bc-4424-b65f-beb69d35bf5e\",\"発生年度\":2020}]]]","last_polygon_uuid":"25ad12e8-26f3-497a-ae50-078d9b7ac2e2","prev_last_polygon_uuid":"1442bb28-0946-428b-bc32-6e7e417e657a","local_government_cd":"013315","point_lng":140.023061488,"point_lat":41.490421859}},{"arcs":[[257]],"type":"Polygon","properties":{"polygon_uuid":"9c03999f-2c06-4378-ac78-4cf29fcfd9fa","land_type":200,"issue_year":2024,"edit_year":2020,"history":"[{\"筆ポリゴンID\":\"439a36f8-f6a2-4e06-b859-08888502e259\",\"更新年度\":2023,\"前年同一\":true},[{\"筆ポリゴンID\":\"cea7cb44-842e-45d3-be18-0ae82b49cab7\",\"更新年度\":2022,\"前年同一\":true},[{\"筆ポリゴンID\":\"13c0c041-918e-44c2-9181-9689607328b4\",\"更新年度\":2021,\"前年同一\":true},{\"筆ポリゴンID\":\"13c0c041-918e-44c2-9181-9689607328b4\",\"発生年度\":2020}]]]","last_polygon_uuid":"439a36f8-f6a2-4e06-b859-08888502e259","prev_last_polygon_uuid":"cea7cb44-842e-45d3-be18-0ae82b49cab7","local_government_cd":"013315","point_lng":140.144779203,"point_lat":41.434541473}},{"arcs":[[258]],"type":"Polygon","properties":{"polygon_uuid":"d99eca8a-f49d-4f2f-a289-f7a718671f2e","land_type":200,"issue_year":2024,"edit_year":2020,"history":"[{\"筆ポリゴンID\":\"a2b33e9c-5efe-4588-b013-33cfdda90dd9\",\"更新年度\":2023,\"前年同一\":true},[{\"筆ポリゴンID\":\"d4a949ad-469a-479c-81bb-4ca0eb5faa57\",\"更新年度\":2022,\"前年同一\":true},[{\"筆ポリゴンID\":\"01513084-78dc-48f2-8857-387ad9aebf74\",\"更新年度\":2021,\"前年同一\":true},{\"筆ポリゴンID\":\"01513084-78dc-48f2-8857-387ad9aebf74\",\"発生年度\":2020}]]]","last_polygon_uuid":"a2b33e9c-5efe-4588-b013-33cfdda90dd9","prev_last_polygon_uuid":"d4a949ad-469a-479c-81bb-4ca0eb5faa57","local_government_cd":"013315","point_lng":140.114154047,"point_lat":41.435434296}},{"arcs":[[259]],"type":"Polygon","properties":{"polygon_uuid":"32b7bfad-ad29-43ff-a5dd-a419daabf049","land_type":200,"issue_year":2024,"edit_year":2020,"history":"[{\"筆ポリゴンID\":\"f176db34-66dc-4ac6-b9ff-0c6e93b4bd2b\",\"更新年度\":2023,\"前年同一\":true},[{\"筆ポリゴンID\":\"6aae6c56-f8fe-4e72-848f-2c8dcfe24201\",\"更新年度\":2022,\"前年同一\":true},[{\"筆ポリゴンID\":\"0658df31-6b12-4c2b-9e26-526015374868\",\"更新年度\":2021,\"前年同一\":true},{\"筆ポリゴンID\":\"0658df31-6b12-4c2b-9e26-526015374868\",\"発生年度\":2020}]]]","last_polygon_uuid":"f176db34-66dc-4ac6-b9ff-0c6e93b4bd2b","prev_last_polygon_uuid":"6aae6c56-f8fe-4e72-848f-2c8dcfe24201","local_government_cd":"013315","point_lng":140.133647621,"point_lat":41.440822813}},{"arcs":[[-253,260]],"type":"Polygon","properties":{"polygon_uuid":"eea2a1a8-e509-489d-b547-a016f00393ca","land_type":200,"issue_year":2024,"edit_year":2020,"history":"[{\"筆ポリゴンID\":\"e77f2019-3af2-4573-b254-2bda9dd9fac9\",\"更新年度\":2023,\"前年同一\":true},[{\"筆ポリゴンID\":\"7e1f1eb7-c5b7-4467-8118-cf7d42675bba\",\"更新年度\":2022,\"前年同一\":true},[{\"筆ポリゴンID\":\"80903179-21e0-4c84-ac1b-ab19a78f2471\",\"更新年度\":2021,\"前年同一\":true},{\"筆ポリゴンID\":\"80903179-21e0-4c84-ac1b-ab19a78f2471\",\"発生年度\":2020}]]]","last_polygon_uuid":"e77f2019-3af2-4573-b254-2bda9dd9fac9","prev_last_polygon_uuid":"7e1f1eb7-c5b7-4467-8118-cf7d42675bba","local_government_cd":"013315","point_lng":140.023141109,"point_lat":41.487674227}},{"arcs":[[261]],"type":"Polygon","properties":{"polygon_uuid":"4c3a09cc-fc0b-44e8-8c01-6095570bc60a","land_type":200,"issue_year":2024,"edit_year":2020,"history":"[{\"筆ポリゴンID\":\"ac2ab4da-ed6b-43b1-9208-3abc614e0a1c\",\"更新年度\":2023,\"前年同一\":true},[{\"筆ポリゴンID\":\"41369440-c086-4a6e-b2e5-5d3b0fffe592\",\"更新年度\":2022,\"前年同一\":true},[{\"筆ポリゴンID\":\"749ab95f-6578-420c-9d61-c79bb23f02f9\",\"更新年度\":2021,\"前年同一\":true},{\"筆ポリゴンID\":\"749ab95f-6578-420c-9d61-c79bb23f02f9\",\"発生年度\":2020}]]]","last_polygon_uuid":"ac2ab4da-ed6b-43b1-9208-3abc614e0a1c","prev_last_polygon_uuid":"41369440-c086-4a6e-b2e5-5d3b0fffe592","local_government_cd":"013315","point_lng":140.130409605,"point_lat":41.4317831}},{"arcs":[[262]],"type":"Polygon","properties":{"polygon_uuid":"87294edc-14fc-40a9-8ac9-dc1bc667bf5a","land_type":200,"issue_year":2024,"edit_year":2020,"history":"[{\"筆ポリゴンID\":\"f01612e7-66b0-4251-adc7-cf699d7030db\",\"更新年度\":2023,\"前年同一\":true},[{\"筆ポリゴンID\":\"ba51b1cf-80dd-4d90-9115-422b2738799c\",\"更新年度\":2022,\"前年同一\":true},[{\"筆ポリゴンID\":\"1fde5393-205c-4b7e-8540-603a1f216c31\",\"更新年度\":2021,\"前年同一\":true},{\"筆ポリゴンID\":\"1fde5393-205c-4b7e-8540-603a1f216c31\",\"発生年度\":2020}]]]","last_polygon_uuid":"f01612e7-66b0-4251-adc7-cf699d7030db","prev_last_polygon_uuid":"ba51b1cf-80dd-4d90-9115-422b2738799c","local_government_cd":"013315","point_lng":140.162964275,"point_lat":41.423366489}},{"arcs":[[263]],"type":"Polygon","properties":{"polygon_uuid":"fb54bdc7-7318-4f19-ae04-085d45e1aaca","land_type":200,"issue_year":2024,"edit_year":2020,"history":"[{\"筆ポリゴンID\":\"19fb7084-744e-45d0-806f-ad05d17910d0\",\"更新年度\":2023,\"前年同一\":true},[{\"筆ポリゴンID\":\"8f4fd18f-54c2-4811-83e2-aeccefc96fa4\",\"更新年度\":2022,\"前年同一\":true},[{\"筆ポリゴンID\":\"2bc0cd5e-d36e-496d-ad78-0c5a28262950\",\"更新年度\":2021,\"前年同一\":true},{\"筆ポリゴンID\":\"2bc0cd5e-d36e-496d-ad78-0c5a28262950\",\"発生年度\":2020}]]]","last_polygon_uuid":"19fb7084-744e-45d0-806f-ad05d17910d0","prev_last_polygon_uuid":"8f4fd18f-54c2-4811-83e2-aeccefc96fa4","local_government_cd":"013315","point_lng":140.020028052,"point_lat":41.495244407}},{"arcs":[[264]],"type":"Polygon","properties":{"polygon_uuid":"c279b20a-0048-446e-85e5-d8fffe256a38","land_type":200,"issue_year":2024,"edit_year":2020,"history":"[{\"筆ポリゴンID\":\"32233e07-6842-4b3f-a248-ed9208250b79\",\"更新年度\":2023,\"前年同一\":true},[{\"筆ポリゴンID\":\"f55a1542-5d69-48f6-b7ec-9c15528c7d5d\",\"更新年度\":2022,\"前年同一\":true},[{\"筆ポリゴンID\":\"87cf0f65-5f7e-4360-abe8-2575d95f5e38\",\"更新年度\":2021,\"前年同一\":true},{\"筆ポリゴンID\":\"87cf0f65-5f7e-4360-abe8-2575d95f5e38\",\"発生年度\":2020}]]]","last_polygon_uuid":"32233e07-6842-4b3f-a248-ed9208250b79","prev_last_polygon_uuid":"f55a1542-5d69-48f6-b7ec-9c15528c7d5d","local_government_cd":"013315","point_lng":140.144109939,"point_lat":41.434784828}},{"arcs":[[265]],"type":"Polygon","properties":{"polygon_uuid":"5a645c9c-af93-4e34-afe3-7355750d01d2","land_type":200,"issue_year":2024,"edit_year":2020,"history":"[{\"筆ポリゴンID\":\"70ca4baa-956f-4b10-9c5d-c516bfc8e5ed\",\"更新年度\":2023,\"前年同一\":true},[{\"筆ポリゴンID\":\"2d190c86-0aff-4e7c-896f-1009e5b8da45\",\"更新年度\":2022,\"前年同一\":true},[{\"筆ポリゴンID\":\"f087b7cf-ed60-4f2b-86db-aa403a1e472f\",\"更新年度\":2021,\"前年同一\":true},{\"筆ポリゴンID\":\"f087b7cf-ed60-4f2b-86db-aa403a1e472f\",\"発生年度\":2020}]]]","last_polygon_uuid":"70ca4baa-956f-4b10-9c5d-c516bfc8e5ed","prev_last_polygon_uuid":"2d190c86-0aff-4e7c-896f-1009e5b8da45","local_government_cd":"013315","point_lng":139.996713057,"point_lat":41.548463441}},{"arcs":[[266]],"type":"Polygon","properties":{"polygon_uuid":"c0b82de5-b9f0-4bb3-abe4-f0aef50e22f4","land_type":200,"issue_year":2024,"edit_year":2020,"history":"[{\"筆ポリゴンID\":\"49c37260-1c60-43dc-8362-0a2a6754c7e8\",\"更新年度\":2023,\"前年同一\":true},[{\"筆ポリゴンID\":\"82ee7d6f-a86a-477e-91f7-28075cd5ef62\",\"更新年度\":2022,\"前年同一\":true},[{\"筆ポリゴンID\":\"d03b37b4-4140-46cf-ba3d-dd3e6ee223bd\",\"更新年度\":2021,\"前年同一\":true},{\"筆ポリゴンID\":\"d03b37b4-4140-46cf-ba3d-dd3e6ee223bd\",\"発生年度\":2020}]]]","last_polygon_uuid":"49c37260-1c60-43dc-8362-0a2a6754c7e8","prev_last_polygon_uuid":"82ee7d6f-a86a-477e-91f7-28075cd5ef62","local_government_cd":"013315","point_lng":140.028841169,"point_lat":41.463425944}},{"arcs":[[267]],"type":"Polygon","properties":{"polygon_uuid":"6fc5a6df-8d25-499c-8737-20c479d1916a","land_type":200,"issue_year":2024,"edit_year":2020,"history":"[{\"筆ポリゴンID\":\"c8c2224d-d198-40fd-8a74-1f07ff31769e\",\"更新年度\":2023,\"前年同一\":true},[{\"筆ポリゴンID\":\"8aed413a-f84d-4d6d-b666-082f6dce6251\",\"更新年度\":2022,\"前年同一\":true},[{\"筆ポリゴンID\":\"9686f842-0d4e-4f37-bed1-19173f8834ba\",\"更新年度\":2021,\"前年同一\":true},{\"筆ポリゴンID\":\"9686f842-0d4e-4f37-bed1-19173f8834ba\",\"発生年度\":2020}]]]","last_polygon_uuid":"c8c2224d-d198-40fd-8a74-1f07ff31769e","prev_last_polygon_uuid":"8aed413a-f84d-4d6d-b666-082f6dce6251","local_government_cd":"013315","point_lng":140.004749773,"point_lat":41.524503574}},{"arcs":[[268,269,270]],"type":"Polygon","properties":{"polygon_uuid":"8f004a19-b9c5-426e-8171-fe399925a101","land_type":200,"issue_year":2024,"edit_year":2020,"history":"[{\"筆ポリゴンID\":\"cc78fa1a-5608-4c7b-9e58-7db62e8a7322\",\"更新年度\":2023,\"前年同一\":true},[{\"筆ポリゴンID\":\"af2790f9-1efd-44a1-8519-d830417ed706\",\"更新年度\":2022,\"前年同一\":true},[{\"筆ポリゴンID\":\"8cd0bf0e-24a5-42bc-930a-4b46e4b85186\",\"更新年度\":2021,\"前年同一\":true},{\"筆ポリゴンID\":\"8cd0bf0e-24a5-42bc-930a-4b46e4b85186\",\"発生年度\":2020}]]]","last_polygon_uuid":"cc78fa1a-5608-4c7b-9e58-7db62e8a7322","prev_last_polygon_uuid":"af2790f9-1efd-44a1-8519-d830417ed706","local_government_cd":"013315","point_lng":140.024936747,"point_lat":41.484326326}},{"arcs":[[271]],"type":"Polygon","properties":{"polygon_uuid":"b9c6bef1-6103-41f5-ae24-5fcc7ae7cf82","land_type":200,"issue_year":2024,"edit_year":2020,"history":"[{\"筆ポリゴンID\":\"e0b42baf-3b7e-4ea0-996e-ab702251318b\",\"更新年度\":2023,\"前年同一\":true},[{\"筆ポリゴンID\":\"056277c9-2b4e-42d4-aa68-7131f64a65a1\",\"更新年度\":2022,\"前年同一\":true},[{\"筆ポリゴンID\":\"596955bd-7f07-4a3f-aaab-94c70a21dd1c\",\"更新年度\":2021,\"前年同一\":true},{\"筆ポリゴンID\":\"596955bd-7f07-4a3f-aaab-94c70a21dd1c\",\"発生年度\":2020}]]]","last_polygon_uuid":"e0b42baf-3b7e-4ea0-996e-ab702251318b","prev_last_polygon_uuid":"056277c9-2b4e-42d4-aa68-7131f64a65a1","local_government_cd":"013315","point_lng":140.04164163,"point_lat":41.451496873}},{"arcs":[[272]],"type":"Polygon","properties":{"polygon_uuid":"53d944b0-d32c-46ae-bca7-2b88aa2b5fb7","land_type":200,"issue_year":2024,"edit_year":2020,"history":"[{\"筆ポリゴンID\":\"45d68b2f-392a-4027-850e-dfee82a3aeb8\",\"更新年度\":2023,\"前年同一\":true},[{\"筆ポリゴンID\":\"02d60911-a065-4c89-94f5-d3b4579de88d\",\"更新年度\":2022,\"前年同一\":true},[{\"筆ポリゴンID\":\"1c1def0a-67d9-4570-97a9-ffb65e648dfb\",\"更新年度\":2021,\"前年同一\":true},{\"筆ポリゴンID\":\"1c1def0a-67d9-4570-97a9-ffb65e648dfb\",\"発生年度\":2020}]]]","last_polygon_uuid":"45d68b2f-392a-4027-850e-dfee82a3aeb8","prev_last_polygon_uuid":"02d60911-a065-4c89-94f5-d3b4579de88d","local_government_cd":"013315","point_lng":140.034305871,"point_lat":41.46286965}},{"arcs":[[273]],"type":"Polygon","properties":{"polygon_uuid":"1f533815-7a87-4c6c-a116-707712a1b989","land_type":200,"issue_year":2024,"edit_year":2020,"history":"[{\"筆ポリゴンID\":\"d89b09b3-aaa4-43f5-8bb7-bb0d92fc1b75\",\"更新年度\":2023,\"前年同一\":true},[{\"筆ポリゴンID\":\"b0d75437-4bbc-4ce7-9028-caecb52c4676\",\"更新年度\":2022,\"前年同一\":true},[{\"筆ポリゴンID\":\"0d2dbdd9-c5cf-471e-8a44-c1cd0f56ab27\",\"更新年度\":2021,\"前年同一\":true},{\"筆ポリゴンID\":\"0d2dbdd9-c5cf-471e-8a44-c1cd0f56ab27\",\"発生年度\":2020}]]]","last_polygon_uuid":"d89b09b3-aaa4-43f5-8bb7-bb0d92fc1b75","prev_last_polygon_uuid":"b0d75437-4bbc-4ce7-9028-caecb52c4676","local_government_cd":"013315","point_lng":139.997702094,"point_lat":41.547021858}},{"arcs":[[274]],"type":"Polygon","properties":{"polygon_uuid":"d9673a1c-90d0-4fbf-9288-8afa50ea137d","land_type":200,"issue_year":2024,"edit_year":2020,"history":"[{\"筆ポリゴンID\":\"8e289ead-4dcf-4f87-aa35-deac994969bd\",\"更新年度\":2023,\"前年同一\":true},[{\"筆ポリゴンID\":\"93dd4f7f-4308-463b-9e0f-c17eabc005fb\",\"更新年度\":2022,\"前年同一\":true},[{\"筆ポリゴンID\":\"1f9b80b8-1964-4ffa-b425-3cbb3ddbcf34\",\"更新年度\":2021,\"前年同一\":true},{\"筆ポリゴンID\":\"1f9b80b8-1964-4ffa-b425-3cbb3ddbcf34\",\"発生年度\":2020}]]]","last_polygon_uuid":"8e289ead-4dcf-4f87-aa35-deac994969bd","prev_last_polygon_uuid":"93dd4f7f-4308-463b-9e0f-c17eabc005fb","local_government_cd":"013315","point_lng":140.172849879,"point_lat":41.41457777}},{"arcs":[[275]],"type":"Polygon","properties":{"polygon_uuid":"66452112-1ec5-46b5-8108-5f7c9c81e5b8","land_type":200,"issue_year":2024,"edit_year":2020,"history":"[{\"筆ポリゴンID\":\"5603ba5e-c080-4906-8a9a-13e4cda51f05\",\"更新年度\":2023,\"前年同一\":true},[{\"筆ポリゴンID\":\"475b27e2-ae85-4ee6-933d-4b0dfcd6d1cf\",\"更新年度\":2022,\"前年同一\":true},[{\"筆ポリゴンID\":\"5c5cfd2a-88b6-4ea6-812b-7457cc154e6c\",\"更新年度\":2021,\"前年同一\":true},{\"筆ポリゴンID\":\"5c5cfd2a-88b6-4ea6-812b-7457cc154e6c\",\"発生年度\":2020}]]]","last_polygon_uuid":"5603ba5e-c080-4906-8a9a-13e4cda51f05","prev_last_polygon_uuid":"475b27e2-ae85-4ee6-933d-4b0dfcd6d1cf","local_government_cd":"013315","point_lng":140.130753695,"point_lat":41.437700643}},{"arcs":[[276]],"type":"Polygon","properties":{"polygon_uuid":"8cf2b37e-5731-42cb-8007-b2036104fed5","land_type":200,"issue_year":2024,"edit_year":2020,"history":"[{\"筆ポリゴンID\":\"e389d05a-01aa-4548-947a-258c583777d3\",\"更新年度\":2023,\"前年同一\":true},[{\"筆ポリゴンID\":\"6f6da8aa-24e6-4901-814b-b86a5a909b11\",\"更新年度\":2022,\"前年同一\":true},[{\"筆ポリゴンID\":\"88648b64-ee32-46ef-bef6-f67dd26e3e23\",\"更新年度\":2021,\"前年同一\":true},{\"筆ポリゴンID\":\"88648b64-ee32-46ef-bef6-f67dd26e3e23\",\"発生年度\":2020}]]]","last_polygon_uuid":"e389d05a-01aa-4548-947a-258c583777d3","prev_last_polygon_uuid":"6f6da8aa-24e6-4901-814b-b86a5a909b11","local_government_cd":"013315","point_lng":140.02118958,"point_lat":41.491435622}},{"arcs":[[277]],"type":"Polygon","properties":{"polygon_uuid":"4252d912-3372-43b0-9943-73d3998238aa","land_type":200,"issue_year":2024,"edit_year":2020,"history":"[{\"筆ポリゴンID\":\"c814cb91-22b0-417d-9bef-d39c0dd9f3ae\",\"更新年度\":2023,\"前年同一\":true},[{\"筆ポリゴンID\":\"6bc1394b-02a0-411d-ac25-4bc2f70a18c7\",\"更新年度\":2022,\"前年同一\":true},[{\"筆ポリゴンID\":\"51838280-599e-4f54-94a2-d232a153f4a5\",\"更新年度\":2021,\"前年同一\":true},{\"筆ポリゴンID\":\"51838280-599e-4f54-94a2-d232a153f4a5\",\"発生年度\":2020}]]]","last_polygon_uuid":"c814cb91-22b0-417d-9bef-d39c0dd9f3ae","prev_last_polygon_uuid":"6bc1394b-02a0-411d-ac25-4bc2f70a18c7","local_government_cd":"013315","point_lng":140.149402277,"point_lat":41.42722066}},{"arcs":[[278]],"type":"Polygon","properties":{"polygon_uuid":"aea6da70-dd55-4cfd-b0c1-5eff6251306a","land_type":200,"issue_year":2024,"edit_year":2020,"history":"[{\"筆ポリゴンID\":\"d089934b-43d5-4869-8a59-17821c1bcdf9\",\"更新年度\":2023,\"前年同一\":true},[{\"筆ポリゴンID\":\"acdb6066-39a8-4b87-8766-1eecd98cb7ea\",\"更新年度\":2022,\"前年同一\":true},[{\"筆ポリゴンID\":\"79fb607f-cd0d-4ec2-a9b5-73bd26d76880\",\"更新年度\":2021,\"前年同一\":true},{\"筆ポリゴンID\":\"79fb607f-cd0d-4ec2-a9b5-73bd26d76880\",\"発生年度\":2020}]]]","last_polygon_uuid":"d089934b-43d5-4869-8a59-17821c1bcdf9","prev_last_polygon_uuid":"acdb6066-39a8-4b87-8766-1eecd98cb7ea","local_government_cd":"013315","point_lng":140.134951685,"point_lat":41.428889755}},{"arcs":[[279]],"type":"Polygon","properties":{"polygon_uuid":"cd92abbb-7020-4569-84d1-2c2cd3129329","land_type":200,"issue_year":2024,"edit_year":2020,"history":"[{\"筆ポリゴンID\":\"1d062d0c-6330-41f2-8848-4bd5a5a74a12\",\"更新年度\":2023,\"前年同一\":true},[{\"筆ポリゴンID\":\"08d284d1-234c-4946-902e-4f17c5234b9b\",\"更新年度\":2022,\"前年同一\":true},[{\"筆ポリゴンID\":\"f197118b-8f40-4efb-afd5-28fd64a87569\",\"更新年度\":2021,\"前年同一\":true},{\"筆ポリゴンID\":\"f197118b-8f40-4efb-afd5-28fd64a87569\",\"発生年度\":2020}]]]","last_polygon_uuid":"1d062d0c-6330-41f2-8848-4bd5a5a74a12","prev_last_polygon_uuid":"08d284d1-234c-4946-902e-4f17c5234b9b","local_government_cd":"013315","point_lng":139.991076037,"point_lat":41.553779206}},{"arcs":[[280]],"type":"Polygon","properties":{"polygon_uuid":"18c38fc3-3850-4b82-945d-de0aa24f4fee","land_type":200,"issue_year":2024,"edit_year":2020,"history":"[{\"筆ポリゴンID\":\"00ee2634-fc08-49a8-b043-69239e3127d1\",\"更新年度\":2023,\"前年同一\":true},[{\"筆ポリゴンID\":\"e54df5cb-cafc-4403-b9cb-a9b74fa0dd92\",\"更新年度\":2022,\"前年同一\":true},[{\"筆ポリゴンID\":\"d038c04a-0c3c-4520-aadd-0dd2870182e3\",\"更新年度\":2021,\"前年同一\":true},{\"筆ポリゴンID\":\"d038c04a-0c3c-4520-aadd-0dd2870182e3\",\"発生年度\":2020}]]]","last_polygon_uuid":"00ee2634-fc08-49a8-b043-69239e3127d1","prev_last_polygon_uuid":"e54df5cb-cafc-4403-b9cb-a9b74fa0dd92","local_government_cd":"013315","point_lng":140.171481244,"point_lat":41.416871502}},{"arcs":[[281]],"type":"Polygon","properties":{"polygon_uuid":"7cb1dedb-e000-4977-930a-068051197716","land_type":200,"issue_year":2024,"edit_year":2020,"history":"[{\"筆ポリゴンID\":\"003837d6-e681-46a5-90fe-85037bda62e2\",\"更新年度\":2023,\"前年同一\":true},[{\"筆ポリゴンID\":\"7ea55fc4-f8a8-4a03-b06c-ae57c29e00be\",\"更新年度\":2022,\"前年同一\":true},[{\"筆ポリゴンID\":\"4ed1e81a-2606-4495-a809-43fcf64f8011\",\"更新年度\":2021,\"前年同一\":true},{\"筆ポリゴンID\":\"4ed1e81a-2606-4495-a809-43fcf64f8011\",\"発生年度\":2020}]]]","last_polygon_uuid":"003837d6-e681-46a5-90fe-85037bda62e2","prev_last_polygon_uuid":"7ea55fc4-f8a8-4a03-b06c-ae57c29e00be","local_government_cd":"013315","point_lng":140.102171062,"point_lat":41.430640074}},{"arcs":[[282]],"type":"Polygon","properties":{"polygon_uuid":"ab61e548-41be-4358-819d-4a07f7c77690","land_type":200,"issue_year":2024,"edit_year":2020,"history":"[{\"筆ポリゴンID\":\"6a3ae9de-af4c-474c-ae96-507355af9b88\",\"更新年度\":2023,\"前年同一\":true},[{\"筆ポリゴンID\":\"978754fc-072e-49ec-85ab-e473313f9732\",\"更新年度\":2022,\"前年同一\":true},[{\"筆ポリゴンID\":\"3ce61a71-ce36-4eb0-a532-5ca750a2af15\",\"更新年度\":2021,\"前年同一\":true},{\"筆ポリゴンID\":\"3ce61a71-ce36-4eb0-a532-5ca750a2af15\",\"発生年度\":2020}]]]","last_polygon_uuid":"6a3ae9de-af4c-474c-ae96-507355af9b88","prev_last_polygon_uuid":"978754fc-072e-49ec-85ab-e473313f9732","local_government_cd":"013315","point_lng":140.114604697,"point_lat":41.43067581}},{"arcs":[[283]],"type":"Polygon","properties":{"polygon_uuid":"ced58d19-5738-4bf5-86e9-a3d41fd2f120","land_type":200,"issue_year":2024,"edit_year":2020,"history":"[{\"筆ポリゴンID\":\"39261848-e7dd-4c90-af8e-2272466cb8e5\",\"更新年度\":2023,\"前年同一\":true},[{\"筆ポリゴンID\":\"4957d4c9-d3bd-459f-bb0e-fad326aaaf01\",\"更新年度\":2022,\"前年同一\":true},[{\"筆ポリゴンID\":\"51774b94-c5cd-49aa-b9de-5ae31609f0f7\",\"更新年度\":2021,\"前年同一\":true},{\"筆ポリゴンID\":\"51774b94-c5cd-49aa-b9de-5ae31609f0f7\",\"発生年度\":2020}]]]","last_polygon_uuid":"39261848-e7dd-4c90-af8e-2272466cb8e5","prev_last_polygon_uuid":"4957d4c9-d3bd-459f-bb0e-fad326aaaf01","local_government_cd":"013315","point_lng":140.125857289,"point_lat":41.433292719}},{"arcs":[[284]],"type":"Polygon","properties":{"polygon_uuid":"773f4a17-7e5a-402f-8864-1836fe652963","land_type":200,"issue_year":2024,"edit_year":2020,"history":"[{\"筆ポリゴンID\":\"95cfb76a-6d96-40a4-aedf-0c8572b1f2f4\",\"更新年度\":2023,\"前年同一\":true},[{\"筆ポリゴンID\":\"fb44b4f2-d293-4d5a-ad64-72232125dd0b\",\"更新年度\":2022,\"前年同一\":true},[{\"筆ポリゴンID\":\"0a5d3400-4a01-46d1-b7cc-2c89e34e22de\",\"更新年度\":2021,\"前年同一\":true},{\"筆ポリゴンID\":\"0a5d3400-4a01-46d1-b7cc-2c89e34e22de\",\"発生年度\":2020}]]]","last_polygon_uuid":"95cfb76a-6d96-40a4-aedf-0c8572b1f2f4","prev_last_polygon_uuid":"fb44b4f2-d293-4d5a-ad64-72232125dd0b","local_government_cd":"013315","point_lng":140.027148406,"point_lat":41.478741089}},{"arcs":[[285]],"type":"Polygon","properties":{"polygon_uuid":"6aba9826-0015-460d-813c-3498f50c4585","land_type":200,"issue_year":2024,"edit_year":2020,"history":"[{\"筆ポリゴンID\":\"3d1a0e6d-8db7-4796-9c23-5f3f32c11979\",\"更新年度\":2023,\"前年同一\":true},[{\"筆ポリゴンID\":\"e14e792b-90ee-4f6d-9082-cd47d4663586\",\"更新年度\":2022,\"前年同一\":true},[{\"筆ポリゴンID\":\"93b500fe-82b4-4fe8-af4a-ce3e293d6a36\",\"更新年度\":2021,\"前年同一\":true},{\"筆ポリゴンID\":\"93b500fe-82b4-4fe8-af4a-ce3e293d6a36\",\"発生年度\":2020}]]]","last_polygon_uuid":"3d1a0e6d-8db7-4796-9c23-5f3f32c11979","prev_last_polygon_uuid":"e14e792b-90ee-4f6d-9082-cd47d4663586","local_government_cd":"013315","point_lng":140.009967689,"point_lat":41.519800271}},{"arcs":[[286]],"type":"Polygon","properties":{"polygon_uuid":"cac3389f-15a4-4947-906a-245507ffb99b","land_type":200,"issue_year":2024,"edit_year":2020,"history":"[{\"筆ポリゴンID\":\"e728f52f-4b47-4d7f-9e9c-cddd6c68f164\",\"更新年度\":2023,\"前年同一\":true},[{\"筆ポリゴンID\":\"659c3627-cb21-432d-be14-c91880349982\",\"更新年度\":2022,\"前年同一\":true},[{\"筆ポリゴンID\":\"89379534-24db-4ca8-a2c0-11d10f7468f7\",\"更新年度\":2021,\"前年同一\":true},{\"筆ポリゴンID\":\"89379534-24db-4ca8-a2c0-11d10f7468f7\",\"発生年度\":2020}]]]","last_polygon_uuid":"e728f52f-4b47-4d7f-9e9c-cddd6c68f164","prev_last_polygon_uuid":"659c3627-cb21-432d-be14-c91880349982","local_government_cd":"013315","point_lng":140.131756163,"point_lat":41.436353437}},{"arcs":[[287]],"type":"Polygon","properties":{"polygon_uuid":"ae82da20-76e5-4af0-a8c9-5ae245107683","land_type":200,"issue_year":2024,"edit_year":2020,"history":"[{\"筆ポリゴンID\":\"eccfb48a-9013-42fe-b9c8-1c3e2b55a274\",\"更新年度\":2023,\"前年同一\":true},[{\"筆ポリゴンID\":\"71ae5f44-0c45-4686-babd-64eb6a8f0d5a\",\"更新年度\":2022,\"前年同一\":true},[{\"筆ポリゴンID\":\"db2a9fdd-a1e8-4ed0-b2bf-37bc2f7dc5a3\",\"更新年度\":2021,\"前年同一\":true},{\"筆ポリゴンID\":\"db2a9fdd-a1e8-4ed0-b2bf-37bc2f7dc5a3\",\"発生年度\":2020}]]]","last_polygon_uuid":"eccfb48a-9013-42fe-b9c8-1c3e2b55a274","prev_last_polygon_uuid":"71ae5f44-0c45-4686-babd-64eb6a8f0d5a","local_government_cd":"013315","point_lng":139.993383282,"point_lat":41.551509749}},{"arcs":[[288]],"type":"Polygon","properties":{"polygon_uuid":"c7f03485-04a9-46a8-bb67-19e058cce2ab","land_type":200,"issue_year":2024,"edit_year":2020,"history":"[{\"筆ポリゴンID\":\"a6f7a8f5-02e3-47fa-bc67-15a91e3aa84b\",\"更新年度\":2023,\"前年同一\":true},[{\"筆ポリゴンID\":\"4f435b9b-08c8-4ee0-936e-6297f7c8c9d2\",\"更新年度\":2022,\"前年同一\":true},[{\"筆ポリゴンID\":\"5b1fa608-8c7e-42f9-a3b4-56d7173b7484\",\"更新年度\":2021,\"前年同一\":true},{\"筆ポリゴンID\":\"5b1fa608-8c7e-42f9-a3b4-56d7173b7484\",\"発生年度\":2020}]]]","last_polygon_uuid":"a6f7a8f5-02e3-47fa-bc67-15a91e3aa84b","prev_last_polygon_uuid":"4f435b9b-08c8-4ee0-936e-6297f7c8c9d2","local_government_cd":"013315","point_lng":140.02089952,"point_lat":41.488057749}},{"arcs":[[289]],"type":"Polygon","properties":{"polygon_uuid":"859f7b98-d8ae-43c1-9a9a-3bdeadb72487","land_type":200,"issue_year":2024,"edit_year":2020,"history":"[{\"筆ポリゴンID\":\"8815729d-cb7b-4f88-bb0c-50d647d0e4da\",\"更新年度\":2023,\"前年同一\":true},[{\"筆ポリゴンID\":\"cf59309b-6297-41cd-9942-a32a9da3ebb4\",\"更新年度\":2022,\"前年同一\":true},[{\"筆ポリゴンID\":\"18a05b9e-3ace-4173-933c-44edcfb30b97\",\"更新年度\":2021,\"前年同一\":true},{\"筆ポリゴンID\":\"18a05b9e-3ace-4173-933c-44edcfb30b97\",\"発生年度\":2020}]]]","last_polygon_uuid":"8815729d-cb7b-4f88-bb0c-50d647d0e4da","prev_last_polygon_uuid":"cf59309b-6297-41cd-9942-a32a9da3ebb4","local_government_cd":"013315","point_lng":140.031456686,"point_lat":41.462142383}},{"arcs":[[290]],"type":"Polygon","properties":{"polygon_uuid":"3dbc44e8-f764-4641-bbe7-e447f2be2c38","land_type":200,"issue_year":2024,"edit_year":2020,"history":"[{\"筆ポリゴンID\":\"9831dea6-0d54-48ea-a5cd-a9158765642c\",\"更新年度\":2023,\"前年同一\":true},[{\"筆ポリゴンID\":\"c6a4aa26-b645-46d9-9236-19a57cc80506\",\"更新年度\":2022,\"前年同一\":true},[{\"筆ポリゴンID\":\"2ddbd44e-852e-4525-a9d3-5582069c1c4e\",\"更新年度\":2021,\"前年同一\":true},{\"筆ポリゴンID\":\"2ddbd44e-852e-4525-a9d3-5582069c1c4e\",\"発生年度\":2020}]]]","last_polygon_uuid":"9831dea6-0d54-48ea-a5cd-a9158765642c","prev_last_polygon_uuid":"c6a4aa26-b645-46d9-9236-19a57cc80506","local_government_cd":"013315","point_lng":140.143582391,"point_lat":41.430953395}},{"arcs":[[291]],"type":"Polygon","properties":{"polygon_uuid":"a2c35cb7-8871-4c41-b70f-f95434018eb9","land_type":200,"issue_year":2024,"edit_year":2020,"history":"[{\"筆ポリゴンID\":\"00d06184-bbdf-4dc4-b4f4-56dc66d91b21\",\"更新年度\":2023,\"前年同一\":true},[{\"筆ポリゴンID\":\"05ead9e9-c9f2-4dc2-8c50-a8d5f02eee94\",\"更新年度\":2022,\"前年同一\":true},[{\"筆ポリゴンID\":\"9e41cf05-de91-43fa-8bc1-34f93d49a8df\",\"更新年度\":2021,\"前年同一\":true},{\"筆ポリゴンID\":\"9e41cf05-de91-43fa-8bc1-34f93d49a8df\",\"発生年度\":2020}]]]","last_polygon_uuid":"00d06184-bbdf-4dc4-b4f4-56dc66d91b21","prev_last_polygon_uuid":"05ead9e9-c9f2-4dc2-8c50-a8d5f02eee94","local_government_cd":"013315","point_lng":139.984182277,"point_lat":41.607797515}},{"arcs":[[292]],"type":"Polygon","properties":{"polygon_uuid":"95482ddb-ccdd-46a7-b738-68896f26031f","land_type":200,"issue_year":2024,"edit_year":2020,"history":"[{\"筆ポリゴンID\":\"9b4193b5-3fdd-4675-9eef-acc8f208ab04\",\"更新年度\":2023,\"前年同一\":true},[{\"筆ポリゴンID\":\"8892b630-c9be-4ec4-85e6-9153fefcace0\",\"更新年度\":2022,\"前年同一\":true},[{\"筆ポリゴンID\":\"95f00af3-7aaa-47aa-8e7a-c14cbe8b0616\",\"更新年度\":2021,\"前年同一\":true},{\"筆ポリゴンID\":\"95f00af3-7aaa-47aa-8e7a-c14cbe8b0616\",\"発生年度\":2020}]]]","last_polygon_uuid":"9b4193b5-3fdd-4675-9eef-acc8f208ab04","prev_last_polygon_uuid":"8892b630-c9be-4ec4-85e6-9153fefcace0","local_government_cd":"013315","point_lng":140.025448446,"point_lat":41.485629538}},{"arcs":[[-95,293,294,295]],"type":"Polygon","properties":{"polygon_uuid":"d2c382bb-8083-4125-b8a4-ad9157dc2570","land_type":200,"issue_year":2024,"edit_year":2020,"history":"[{\"筆ポリゴンID\":\"04692b22-583a-4a8a-b52d-60ec00031ac2\",\"更新年度\":2023,\"前年同一\":true},[{\"筆ポリゴンID\":\"b37fa817-9764-45fc-b1c3-09c083a792ff\",\"更新年度\":2022,\"前年同一\":true},[{\"筆ポリゴンID\":\"a6179fe5-8f83-4302-ba45-4075c6d6e51b\",\"更新年度\":2021,\"前年同一\":true},{\"筆ポリゴンID\":\"a6179fe5-8f83-4302-ba45-4075c6d6e51b\",\"発生年度\":2020}]]]","last_polygon_uuid":"04692b22-583a-4a8a-b52d-60ec00031ac2","prev_last_polygon_uuid":"b37fa817-9764-45fc-b1c3-09c083a792ff","local_government_cd":"013315","point_lng":140.022505661,"point_lat":41.488246255}},{"arcs":[[296]],"type":"Polygon","properties":{"polygon_uuid":"67d3752f-b2b9-4fde-8fbf-7f7f359b1e92","land_type":200,"issue_year":2024,"edit_year":2020,"history":"[{\"筆ポリゴンID\":\"ee5f884e-57f0-46a0-a34c-5822d299e1ed\",\"更新年度\":2023,\"前年同一\":true},[{\"筆ポリゴンID\":\"7ec26239-88ec-4e4a-8f49-1c2614aee871\",\"更新年度\":2022,\"前年同一\":true},[{\"筆ポリゴンID\":\"66c9845c-850e-4e2f-9a01-bc70055cbbe7\",\"更新年度\":2021,\"前年同一\":true},{\"筆ポリゴンID\":\"66c9845c-850e-4e2f-9a01-bc70055cbbe7\",\"発生年度\":2020}]]]","last_polygon_uuid":"ee5f884e-57f0-46a0-a34c-5822d299e1ed","prev_last_polygon_uuid":"7ec26239-88ec-4e4a-8f49-1c2614aee871","local_government_cd":"013315","point_lng":139.983326124,"point_lat":41.600867493}},{"arcs":[[297]],"type":"Polygon","properties":{"polygon_uuid":"4909e007-10ee-4480-93df-479566a8bb80","land_type":200,"issue_year":2024,"edit_year":2020,"history":"[{\"筆ポリゴンID\":\"d0e7ac9a-deea-4ab9-9061-e41b2ec3f2e9\",\"更新年度\":2023,\"前年同一\":true},[{\"筆ポリゴンID\":\"a09b127b-702c-4d66-915e-8cc88778ca87\",\"更新年度\":2022,\"前年同一\":true},[{\"筆ポリゴンID\":\"0ca307c0-4842-4c09-8ffa-990e95303dd5\",\"更新年度\":2021,\"前年同一\":true},{\"筆ポリゴンID\":\"0ca307c0-4842-4c09-8ffa-990e95303dd5\",\"発生年度\":2020}]]]","last_polygon_uuid":"d0e7ac9a-deea-4ab9-9061-e41b2ec3f2e9","prev_last_polygon_uuid":"a09b127b-702c-4d66-915e-8cc88778ca87","local_government_cd":"013315","point_lng":140.115382731,"point_lat":41.428318572}},{"arcs":[[298]],"type":"Polygon","properties":{"polygon_uuid":"6f66e2a5-8017-41d0-955d-d0e34de5924a","land_type":200,"issue_year":2024,"edit_year":2020,"history":"[{\"筆ポリゴンID\":\"8b7cb0df-25d3-44f9-aa04-b434451977f5\",\"更新年度\":2023,\"前年同一\":true},[{\"筆ポリゴンID\":\"ad8048ce-cc1d-46df-a184-f7ce2095138f\",\"更新年度\":2022,\"前年同一\":true},[{\"筆ポリゴンID\":\"cd9322ca-c0ea-45d4-916f-82187c995d1e\",\"更新年度\":2021,\"前年同一\":true},{\"筆ポリゴンID\":\"cd9322ca-c0ea-45d4-916f-82187c995d1e\",\"発生年度\":2020}]]]","last_polygon_uuid":"8b7cb0df-25d3-44f9-aa04-b434451977f5","prev_last_polygon_uuid":"ad8048ce-cc1d-46df-a184-f7ce2095138f","local_government_cd":"013315","point_lng":140.11774786,"point_lat":41.431745877}},{"arcs":[[-271,299,300]],"type":"Polygon","properties":{"polygon_uuid":"92183714-7346-4b87-ac32-41aa9d279282","land_type":200,"issue_year":2024,"edit_year":2020,"history":"[{\"筆ポリゴンID\":\"99b2d1e0-1b1c-4a48-bfcd-20b41fa8cbcd\",\"更新年度\":2023,\"前年同一\":true},[{\"筆ポリゴンID\":\"0cda3a2f-e5f4-4df7-98a9-064df5b79888\",\"更新年度\":2022,\"前年同一\":true},[{\"筆ポリゴンID\":\"0f4e52bd-24e1-4845-ab9c-cdcb1b7e245f\",\"更新年度\":2021,\"前年同一\":true},{\"筆ポリゴンID\":\"0f4e52bd-24e1-4845-ab9c-cdcb1b7e245f\",\"発生年度\":2020}]]]","last_polygon_uuid":"99b2d1e0-1b1c-4a48-bfcd-20b41fa8cbcd","prev_last_polygon_uuid":"0cda3a2f-e5f4-4df7-98a9-064df5b79888","local_government_cd":"013315","point_lng":140.025398239,"point_lat":41.484456499}},{"arcs":[[301]],"type":"Polygon","properties":{"polygon_uuid":"0a9bef45-ce62-460d-afbb-b25a94d6b297","land_type":200,"issue_year":2024,"edit_year":2020,"history":"[{\"筆ポリゴンID\":\"cdc069cc-b77c-43ad-b69b-c45a620194a8\",\"更新年度\":2023,\"前年同一\":true},[{\"筆ポリゴンID\":\"1594a34f-126e-48af-9142-2a66196b342d\",\"更新年度\":2022,\"前年同一\":true},[{\"筆ポリゴンID\":\"bd25703a-cf59-4337-8f78-be858b40fd28\",\"更新年度\":2021,\"前年同一\":true},{\"筆ポリゴンID\":\"bd25703a-cf59-4337-8f78-be858b40fd28\",\"発生年度\":2020}]]]","last_polygon_uuid":"cdc069cc-b77c-43ad-b69b-c45a620194a8","prev_last_polygon_uuid":"1594a34f-126e-48af-9142-2a66196b342d","local_government_cd":"013315","point_lng":140.145135188,"point_lat":41.431631023}},{"arcs":[[302]],"type":"Polygon","properties":{"polygon_uuid":"c862fade-172e-4977-91a1-3add8e7a6f9d","land_type":200,"issue_year":2024,"edit_year":2020,"history":"[{\"筆ポリゴンID\":\"090d21db-e090-4b65-907e-1011c669dedf\",\"更新年度\":2023,\"前年同一\":true},[{\"筆ポリゴンID\":\"5fcd2bad-7760-4780-95b5-685ae20fe6b8\",\"更新年度\":2022,\"前年同一\":true},[{\"筆ポリゴンID\":\"e587d214-8232-465e-87c7-4b3778c66232\",\"更新年度\":2021,\"前年同一\":true},{\"筆ポリゴンID\":\"e587d214-8232-465e-87c7-4b3778c66232\",\"発生年度\":2020}]]]","last_polygon_uuid":"090d21db-e090-4b65-907e-1011c669dedf","prev_last_polygon_uuid":"5fcd2bad-7760-4780-95b5-685ae20fe6b8","local_government_cd":"013315","point_lng":140.040570555,"point_lat":41.452253669}},{"arcs":[[303,-230,304,-101]],"type":"Polygon","properties":{"polygon_uuid":"18066494-4e38-45b9-b5cb-3f9e7c597b95","land_type":200,"issue_year":2024,"edit_year":2020,"history":"[{\"筆ポリゴンID\":\"10c2c733-8282-47e4-909e-3dd0eee434eb\",\"更新年度\":2023,\"前年同一\":true},[{\"筆ポリゴンID\":\"c6d1f612-757c-48cc-bb16-fb95f1fe5fef\",\"更新年度\":2022,\"前年同一\":true},[{\"筆ポリゴンID\":\"63b7d255-503d-49f2-a5e0-3687917c9847\",\"更新年度\":2021,\"前年同一\":true},{\"筆ポリゴンID\":\"63b7d255-503d-49f2-a5e0-3687917c9847\",\"発生年度\":2020}]]]","last_polygon_uuid":"10c2c733-8282-47e4-909e-3dd0eee434eb","prev_last_polygon_uuid":"c6d1f612-757c-48cc-bb16-fb95f1fe5fef","local_government_cd":"013315","point_lng":140.006884008,"point_lat":41.5218747}},{"arcs":[[305,306]],"type":"Polygon","properties":{"polygon_uuid":"340f37b3-7c51-400d-a251-cc2198ea3a69","land_type":200,"issue_year":2024,"edit_year":2020,"history":"[{\"筆ポリゴンID\":\"928392a1-1934-423e-bc55-09cd19a3c223\",\"更新年度\":2023,\"前年同一\":true},[{\"筆ポリゴンID\":\"3b1ffeb5-2037-4ccd-bf8d-7adc85edc36e\",\"更新年度\":2022,\"前年同一\":true},[{\"筆ポリゴンID\":\"352eb0a2-4229-4ef8-8de8-8f186a22f760\",\"更新年度\":2021,\"前年同一\":true},{\"筆ポリゴンID\":\"352eb0a2-4229-4ef8-8de8-8f186a22f760\",\"発生年度\":2020}]]]","last_polygon_uuid":"928392a1-1934-423e-bc55-09cd19a3c223","prev_last_polygon_uuid":"3b1ffeb5-2037-4ccd-bf8d-7adc85edc36e","local_government_cd":"013315","point_lng":139.99802875,"point_lat":41.543184338}},{"arcs":[[307]],"type":"Polygon","properties":{"polygon_uuid":"d3d83729-a7e0-4675-893d-60ac1b0373ff","land_type":200,"issue_year":2024,"edit_year":2020,"history":"[{\"筆ポリゴンID\":\"41dc3af7-2e1f-4962-a96d-d16b2a84b9d3\",\"更新年度\":2023,\"前年同一\":true},[{\"筆ポリゴンID\":\"f30c476b-9900-4f52-8baf-9cd824f9de7b\",\"更新年度\":2022,\"前年同一\":true},[{\"筆ポリゴンID\":\"c9b8d30c-8624-485b-9fe0-9323aaee3aeb\",\"更新年度\":2021,\"前年同一\":true},{\"筆ポリゴンID\":\"c9b8d30c-8624-485b-9fe0-9323aaee3aeb\",\"発生年度\":2020}]]]","last_polygon_uuid":"41dc3af7-2e1f-4962-a96d-d16b2a84b9d3","prev_last_polygon_uuid":"f30c476b-9900-4f52-8baf-9cd824f9de7b","local_government_cd":"013315","point_lng":140.13102024,"point_lat":41.43805841}},{"arcs":[[308]],"type":"Polygon","properties":{"polygon_uuid":"c82b07c7-fad6-4a1a-9597-55ede0b6b9c3","land_type":200,"issue_year":2024,"edit_year":2020,"history":"[{\"筆ポリゴンID\":\"8e55f836-dd5b-49d1-b991-3be6063abbb3\",\"更新年度\":2023,\"前年同一\":true},[{\"筆ポリゴンID\":\"f321b069-7262-4253-8de6-3f1c0666ad09\",\"更新年度\":2022,\"前年同一\":true},[{\"筆ポリゴンID\":\"f9e2d19a-6fa1-4362-bad0-35270bf0e188\",\"更新年度\":2021,\"前年同一\":true},{\"筆ポリゴンID\":\"f9e2d19a-6fa1-4362-bad0-35270bf0e188\",\"発生年度\":2020}]]]","last_polygon_uuid":"8e55f836-dd5b-49d1-b991-3be6063abbb3","prev_last_polygon_uuid":"f321b069-7262-4253-8de6-3f1c0666ad09","local_government_cd":"013315","point_lng":140.029763303,"point_lat":41.465453146}},{"arcs":[[309]],"type":"Polygon","properties":{"polygon_uuid":"c476959c-eb5c-4533-8cb1-4c839f9139ea","land_type":200,"issue_year":2024,"edit_year":2020,"history":"[{\"筆ポリゴンID\":\"f6aaf292-2f22-4009-83f0-6961e0c878c5\",\"更新年度\":2023,\"前年同一\":true},[{\"筆ポリゴンID\":\"c5c29da6-793d-4bea-86b1-a724ddf2b90c\",\"更新年度\":2022,\"前年同一\":true},[{\"筆ポリゴンID\":\"ec20e3d3-7525-4b37-9c27-afe91cce4e86\",\"更新年度\":2021,\"前年同一\":true},{\"筆ポリゴンID\":\"ec20e3d3-7525-4b37-9c27-afe91cce4e86\",\"発生年度\":2020}]]]","last_polygon_uuid":"f6aaf292-2f22-4009-83f0-6961e0c878c5","prev_last_polygon_uuid":"c5c29da6-793d-4bea-86b1-a724ddf2b90c","local_government_cd":"013315","point_lng":139.99561471,"point_lat":41.545708655}},{"arcs":[[310]],"type":"Polygon","properties":{"polygon_uuid":"cf29b0ad-84d4-4055-9795-f039cf3eea05","land_type":200,"issue_year":2024,"edit_year":2020,"history":"[{\"筆ポリゴンID\":\"3b86cde9-e8a9-4d83-a416-7f847e72f538\",\"更新年度\":2023,\"前年同一\":true},[{\"筆ポリゴンID\":\"3ad73e55-b582-4b0c-b68e-f411e148b5e3\",\"更新年度\":2022,\"前年同一\":true},[{\"筆ポリゴンID\":\"02c7b07f-1a25-4600-b178-8a862b0e69ef\",\"更新年度\":2021,\"前年同一\":true},{\"筆ポリゴンID\":\"02c7b07f-1a25-4600-b178-8a862b0e69ef\",\"発生年度\":2020}]]]","last_polygon_uuid":"3b86cde9-e8a9-4d83-a416-7f847e72f538","prev_last_polygon_uuid":"3ad73e55-b582-4b0c-b68e-f411e148b5e3","local_government_cd":"013315","point_lng":139.986412424,"point_lat":41.599824427}},{"arcs":[[311]],"type":"Polygon","properties":{"polygon_uuid":"6988559e-fcc3-4748-b66e-b07e395b3851","land_type":200,"issue_year":2024,"edit_year":2020,"history":"[{\"筆ポリゴンID\":\"54d1a8d7-44e3-4e86-a67a-e7e408789276\",\"更新年度\":2023,\"前年同一\":true},[{\"筆ポリゴンID\":\"fd41cd97-0080-40dc-80b0-bd80b11c3e6a\",\"更新年度\":2022,\"前年同一\":true},[{\"筆ポリゴンID\":\"2e4ba859-c08b-43d4-ac33-d31b2b75702f\",\"更新年度\":2021,\"前年同一\":true},{\"筆ポリゴンID\":\"2e4ba859-c08b-43d4-ac33-d31b2b75702f\",\"発生年度\":2020}]]]","last_polygon_uuid":"54d1a8d7-44e3-4e86-a67a-e7e408789276","prev_last_polygon_uuid":"fd41cd97-0080-40dc-80b0-bd80b11c3e6a","local_government_cd":"013315","point_lng":140.100109315,"point_lat":41.430971672}},{"arcs":[[312]],"type":"Polygon","properties":{"polygon_uuid":"d6523e38-eff4-4d07-9899-f2095db19848","land_type":200,"issue_year":2024,"edit_year":2020,"history":"[{\"筆ポリゴンID\":\"84fcd4fe-3915-4d37-8989-87a32b46afbc\",\"更新年度\":2023,\"前年同一\":true},[{\"筆ポリゴンID\":\"777ccba7-d97e-4e8d-8f47-b7a35cfae5b5\",\"更新年度\":2022,\"前年同一\":true},[{\"筆ポリゴンID\":\"01571d5b-0515-4d97-b9a6-757c6980b52a\",\"更新年度\":2021,\"前年同一\":true},{\"筆ポリゴンID\":\"01571d5b-0515-4d97-b9a6-757c6980b52a\",\"発生年度\":2020}]]]","last_polygon_uuid":"84fcd4fe-3915-4d37-8989-87a32b46afbc","prev_last_polygon_uuid":"777ccba7-d97e-4e8d-8f47-b7a35cfae5b5","local_government_cd":"013315","point_lng":140.010772992,"point_lat":41.530473876}},{"arcs":[[313]],"type":"Polygon","properties":{"polygon_uuid":"281def34-c15e-4af4-bbea-fdde085e9bf8","land_type":200,"issue_year":2024,"edit_year":2020,"history":"[{\"筆ポリゴンID\":\"1a7fcffd-01cd-412b-89b5-460093e41076\",\"更新年度\":2023,\"前年同一\":true},[{\"筆ポリゴンID\":\"27221d5b-8902-45ad-8a4e-8302f4e6b691\",\"更新年度\":2022,\"前年同一\":true},[{\"筆ポリゴンID\":\"1da88699-64f7-4290-a4b1-d2433c7fb57a\",\"更新年度\":2021,\"前年同一\":true},{\"筆ポリゴンID\":\"1da88699-64f7-4290-a4b1-d2433c7fb57a\",\"発生年度\":2020}]]]","last_polygon_uuid":"1a7fcffd-01cd-412b-89b5-460093e41076","prev_last_polygon_uuid":"27221d5b-8902-45ad-8a4e-8302f4e6b691","local_government_cd":"013315","point_lng":140.133269719,"point_lat":41.442250103}},{"arcs":[[314]],"type":"Polygon","properties":{"polygon_uuid":"fd7f07af-04c0-401e-86fe-1be44667d9f2","land_type":200,"issue_year":2024,"edit_year":2020,"history":"[{\"筆ポリゴンID\":\"8d3aa332-2ca5-4a8c-9fbc-b0ac425fa2d8\",\"更新年度\":2023,\"前年同一\":true},[{\"筆ポリゴンID\":\"5a0f0172-9055-40e2-9b13-b8dad5efe7cd\",\"更新年度\":2022,\"前年同一\":true},[{\"筆ポリゴンID\":\"97345eb6-6f7b-4381-bee3-6e49407c53fe\",\"更新年度\":2021,\"前年同一\":true},{\"筆ポリゴンID\":\"97345eb6-6f7b-4381-bee3-6e49407c53fe\",\"発生年度\":2020}]]]","last_polygon_uuid":"8d3aa332-2ca5-4a8c-9fbc-b0ac425fa2d8","prev_last_polygon_uuid":"5a0f0172-9055-40e2-9b13-b8dad5efe7cd","local_government_cd":"013315","point_lng":140.054672911,"point_lat":41.444273685}},{"arcs":[[315]],"type":"Polygon","properties":{"polygon_uuid":"dd72c3cf-a0c9-49fd-8d4f-09031dc00d67","land_type":200,"issue_year":2024,"edit_year":2020,"history":"[{\"筆ポリゴンID\":\"8476db49-55b4-4958-8b72-aa858c212097\",\"更新年度\":2023,\"前年同一\":true},[{\"筆ポリゴンID\":\"6595e981-96ea-4d02-b561-45f9299b3669\",\"更新年度\":2022,\"前年同一\":true},[{\"筆ポリゴンID\":\"7a82290e-00b7-49a1-ab2f-2a92a65bec24\",\"更新年度\":2021,\"前年同一\":true},{\"筆ポリゴンID\":\"7a82290e-00b7-49a1-ab2f-2a92a65bec24\",\"発生年度\":2020}]]]","last_polygon_uuid":"8476db49-55b4-4958-8b72-aa858c212097","prev_last_polygon_uuid":"6595e981-96ea-4d02-b561-45f9299b3669","local_government_cd":"013315","point_lng":140.173701523,"point_lat":41.414212594}},{"arcs":[[316]],"type":"Polygon","properties":{"polygon_uuid":"c5cea42e-1174-49d8-8c80-e887ee0c0b5c","land_type":200,"issue_year":2024,"edit_year":2020,"history":"[{\"筆ポリゴンID\":\"dd2660bd-27ad-4f56-bcda-dc85c8e44f60\",\"更新年度\":2023,\"前年同一\":true},[{\"筆ポリゴンID\":\"7be0a904-0454-4e8d-b08e-f8f690248c5c\",\"更新年度\":2022,\"前年同一\":true},[{\"筆ポリゴンID\":\"5e6ddd6d-3841-41e3-8718-d68837cca87b\",\"更新年度\":2021,\"前年同一\":true},{\"筆ポリゴンID\":\"5e6ddd6d-3841-41e3-8718-d68837cca87b\",\"発生年度\":2020}]]]","last_polygon_uuid":"dd2660bd-27ad-4f56-bcda-dc85c8e44f60","prev_last_polygon_uuid":"7be0a904-0454-4e8d-b08e-f8f690248c5c","local_government_cd":"013315","point_lng":140.148589726,"point_lat":41.435435687}},{"arcs":[[317]],"type":"Polygon","properties":{"polygon_uuid":"e4b75727-e47a-47f2-8c57-e793ad221218","land_type":200,"issue_year":2024,"edit_year":2020,"history":"[{\"筆ポリゴンID\":\"13048ce2-548d-41db-8565-3a3a97429d35\",\"更新年度\":2023,\"前年同一\":true},[{\"筆ポリゴンID\":\"6917f706-5b6f-4053-8b23-c4d3fe3b0aef\",\"更新年度\":2022,\"前年同一\":true},[{\"筆ポリゴンID\":\"976c9f18-c951-4d0f-af29-6aeef2b78819\",\"更新年度\":2021,\"前年同一\":true},{\"筆ポリゴンID\":\"976c9f18-c951-4d0f-af29-6aeef2b78819\",\"発生年度\":2020}]]]","last_polygon_uuid":"13048ce2-548d-41db-8565-3a3a97429d35","prev_last_polygon_uuid":"6917f706-5b6f-4053-8b23-c4d3fe3b0aef","local_government_cd":"013315","point_lng":140.11429845,"point_lat":41.432309783}},{"arcs":[[318]],"type":"Polygon","properties":{"polygon_uuid":"1531670c-c822-4111-bd14-caa6d86330c5","land_type":200,"issue_year":2024,"edit_year":2020,"history":"[{\"筆ポリゴンID\":\"e8ba1aaa-9028-44ad-834a-e8d3ad621f81\",\"更新年度\":2023,\"前年同一\":true},[{\"筆ポリゴンID\":\"8a987388-79d7-4a67-b257-b303b339c685\",\"更新年度\":2022,\"前年同一\":true},[{\"筆ポリゴンID\":\"40ba3ee1-7533-4cce-b46e-565c87b86c84\",\"更新年度\":2021,\"前年同一\":true},{\"筆ポリゴンID\":\"40ba3ee1-7533-4cce-b46e-565c87b86c84\",\"発生年度\":2020}]]]","last_polygon_uuid":"e8ba1aaa-9028-44ad-834a-e8d3ad621f81","prev_last_polygon_uuid":"8a987388-79d7-4a67-b257-b303b339c685","local_government_cd":"013315","point_lng":139.990944389,"point_lat":41.550031643}},{"arcs":[[319]],"type":"Polygon","properties":{"polygon_uuid":"05786747-62a1-4d91-8aa3-d5ea735c9d17","land_type":200,"issue_year":2024,"edit_year":2020,"history":"[{\"筆ポリゴンID\":\"d128b2fb-52df-4204-afb9-400896460bb6\",\"更新年度\":2023,\"前年同一\":true},[{\"筆ポリゴンID\":\"4b5119b7-add3-42cf-a5cf-659fde1a4b45\",\"更新年度\":2022,\"前年同一\":true},[{\"筆ポリゴンID\":\"740233da-2915-42c7-b0e4-924e155c1732\",\"更新年度\":2021,\"前年同一\":true},{\"筆ポリゴンID\":\"740233da-2915-42c7-b0e4-924e155c1732\",\"発生年度\":2020}]]]","last_polygon_uuid":"d128b2fb-52df-4204-afb9-400896460bb6","prev_last_polygon_uuid":"4b5119b7-add3-42cf-a5cf-659fde1a4b45","local_government_cd":"013315","point_lng":140.019665769,"point_lat":41.499452881}},{"arcs":[[320]],"type":"Polygon","properties":{"polygon_uuid":"8f0b6f8a-0228-4618-af02-8975b17a8e21","land_type":200,"issue_year":2024,"edit_year":2020,"history":"[{\"筆ポリゴンID\":\"92707b41-dd6e-4d7e-bceb-ccaf96fcfc68\",\"更新年度\":2023,\"前年同一\":true},[{\"筆ポリゴンID\":\"dc4c4091-03bf-4529-99d1-7242d65d06da\",\"更新年度\":2022,\"前年同一\":true},[{\"筆ポリゴンID\":\"8f78662e-4d0d-430b-94d8-f24ac659abb1\",\"更新年度\":2021,\"前年同一\":true},{\"筆ポリゴンID\":\"8f78662e-4d0d-430b-94d8-f24ac659abb1\",\"発生年度\":2020}]]]","last_polygon_uuid":"92707b41-dd6e-4d7e-bceb-ccaf96fcfc68","prev_last_polygon_uuid":"dc4c4091-03bf-4529-99d1-7242d65d06da","local_government_cd":"013315","point_lng":140.014301441,"point_lat":41.502240272}},{"arcs":[[-206,321,322]],"type":"Polygon","properties":{"polygon_uuid":"84152459-a393-47e8-b3e4-afbab502ccc5","land_type":200,"issue_year":2024,"edit_year":2020,"history":"[{\"筆ポリゴンID\":\"337e6882-d8e7-48b8-b300-5fee4d9fc46f\",\"更新年度\":2023,\"前年同一\":true},[{\"筆ポリゴンID\":\"5d88719d-d3e8-4536-8814-0cc0f69a4419\",\"更新年度\":2022,\"前年同一\":true},[{\"筆ポリゴンID\":\"26f5d9db-9b8a-4463-aad5-1c44fd212bc6\",\"更新年度\":2021,\"前年同一\":true},{\"筆ポリゴンID\":\"26f5d9db-9b8a-4463-aad5-1c44fd212bc6\",\"発生年度\":2020}]]]","last_polygon_uuid":"337e6882-d8e7-48b8-b300-5fee4d9fc46f","prev_last_polygon_uuid":"5d88719d-d3e8-4536-8814-0cc0f69a4419","local_government_cd":"013315","point_lng":139.985865119,"point_lat":41.601250234}},{"arcs":[[323]],"type":"Polygon","properties":{"polygon_uuid":"9906179e-a854-461e-9d48-119c0735e630","land_type":200,"issue_year":2024,"edit_year":2020,"history":"[{\"筆ポリゴンID\":\"03273932-37f9-4109-8711-9490c90f7624\",\"更新年度\":2023,\"前年同一\":true},[{\"筆ポリゴンID\":\"854a5680-edcd-47ce-a681-1902ee5a973d\",\"更新年度\":2022,\"前年同一\":true},[{\"筆ポリゴンID\":\"776a5090-b2a4-4c5f-9d9c-c1d31b0c1a55\",\"更新年度\":2021,\"前年同一\":true},{\"筆ポリゴンID\":\"776a5090-b2a4-4c5f-9d9c-c1d31b0c1a55\",\"発生年度\":2020}]]]","last_polygon_uuid":"03273932-37f9-4109-8711-9490c90f7624","prev_last_polygon_uuid":"854a5680-edcd-47ce-a681-1902ee5a973d","local_government_cd":"013315","point_lng":140.141310013,"point_lat":41.451415331}},{"arcs":[[324]],"type":"Polygon","properties":{"polygon_uuid":"e80c5bd0-9227-445a-b185-6dea3537b4c1","land_type":200,"issue_year":2024,"edit_year":2020,"history":"[{\"筆ポリゴンID\":\"8df70d85-a643-4c3e-8f3c-2d359085b9c2\",\"更新年度\":2023,\"前年同一\":true},[{\"筆ポリゴンID\":\"551e1995-3f52-4a0c-8666-aa635463d795\",\"更新年度\":2022,\"前年同一\":true},[{\"筆ポリゴンID\":\"fa0775f7-a533-493a-94a8-a9d9378b7449\",\"更新年度\":2021,\"前年同一\":true},{\"筆ポリゴンID\":\"fa0775f7-a533-493a-94a8-a9d9378b7449\",\"発生年度\":2020}]]]","last_polygon_uuid":"8df70d85-a643-4c3e-8f3c-2d359085b9c2","prev_last_polygon_uuid":"551e1995-3f52-4a0c-8666-aa635463d795","local_government_cd":"013315","point_lng":140.133408642,"point_lat":41.440153744}},{"arcs":[[325]],"type":"Polygon","properties":{"polygon_uuid":"7bfc3e9d-b887-4baf-9ff5-346169a1f6d8","land_type":200,"issue_year":2024,"edit_year":2020,"history":"[{\"筆ポリゴンID\":\"de2b256d-14a6-4e0f-a4e5-d1e3d581a906\",\"更新年度\":2023,\"前年同一\":true},[{\"筆ポリゴンID\":\"96465d06-7034-4472-a607-449f825ce2f2\",\"更新年度\":2022,\"前年同一\":true},[{\"筆ポリゴンID\":\"18ec9538-1a48-404f-ac08-695f9ca56a36\",\"更新年度\":2021,\"前年同一\":true},{\"筆ポリゴンID\":\"18ec9538-1a48-404f-ac08-695f9ca56a36\",\"発生年度\":2020}]]]","last_polygon_uuid":"de2b256d-14a6-4e0f-a4e5-d1e3d581a906","prev_last_polygon_uuid":"96465d06-7034-4472-a607-449f825ce2f2","local_government_cd":"013315","point_lng":140.137445883,"point_lat":41.42909182}},{"arcs":[[326]],"type":"Polygon","properties":{"polygon_uuid":"ed3b8c06-17f7-45f3-aaa8-f8f6a471eddd","land_type":200,"issue_year":2024,"edit_year":2020,"history":"[{\"筆ポリゴンID\":\"e00fe41c-71b5-480b-9646-df4d39488b4c\",\"更新年度\":2023,\"前年同一\":true},[{\"筆ポリゴンID\":\"331a194f-7167-4c29-8bc4-d0691aae792b\",\"更新年度\":2022,\"前年同一\":true},[{\"筆ポリゴンID\":\"b07115e9-4332-4b93-8e8c-7205c2f76a5a\",\"更新年度\":2021,\"前年同一\":true},{\"筆ポリゴンID\":\"b07115e9-4332-4b93-8e8c-7205c2f76a5a\",\"発生年度\":2020}]]]","last_polygon_uuid":"e00fe41c-71b5-480b-9646-df4d39488b4c","prev_last_polygon_uuid":"331a194f-7167-4c29-8bc4-d0691aae792b","local_government_cd":"013315","point_lng":140.118576561,"point_lat":41.431900738}},{"arcs":[[327]],"type":"Polygon","properties":{"polygon_uuid":"00ba7f05-236b-44ad-b71a-d5a860b2e1fd","land_type":200,"issue_year":2024,"edit_year":2020,"history":"[{\"筆ポリゴンID\":\"33c10c52-82d3-4586-9457-473240ef9cc8\",\"更新年度\":2023,\"前年同一\":true},[{\"筆ポリゴンID\":\"45e0a341-96bb-4151-b46a-730c173879a0\",\"更新年度\":2022,\"前年同一\":true},[{\"筆ポリゴンID\":\"ff8fad1f-79b7-4e14-a434-14588b4cd17f\",\"更新年度\":2021,\"前年同一\":true},{\"筆ポリゴンID\":\"ff8fad1f-79b7-4e14-a434-14588b4cd17f\",\"発生年度\":2020}]]]","last_polygon_uuid":"33c10c52-82d3-4586-9457-473240ef9cc8","prev_last_polygon_uuid":"45e0a341-96bb-4151-b46a-730c173879a0","local_government_cd":"013315","point_lng":140.019507973,"point_lat":41.493816742}},{"arcs":[[328]],"type":"Polygon","properties":{"polygon_uuid":"e0805d5f-b79c-45a5-9ae2-b270a6f25931","land_type":200,"issue_year":2024,"edit_year":2020,"history":"[{\"筆ポリゴンID\":\"bac7e0b6-5fe6-44df-920d-36856c491503\",\"更新年度\":2023,\"前年同一\":true},[{\"筆ポリゴンID\":\"a5122b06-eeb6-42c2-bfd2-5cb651c35652\",\"更新年度\":2022,\"前年同一\":true},[{\"筆ポリゴンID\":\"36639f2b-6e5c-4a03-a1d1-b3783bd7ecd6\",\"更新年度\":2021,\"前年同一\":true},{\"筆ポリゴンID\":\"36639f2b-6e5c-4a03-a1d1-b3783bd7ecd6\",\"発生年度\":2020}]]]","last_polygon_uuid":"bac7e0b6-5fe6-44df-920d-36856c491503","prev_last_polygon_uuid":"a5122b06-eeb6-42c2-bfd2-5cb651c35652","local_government_cd":"013315","point_lng":140.133417969,"point_lat":41.436147865}},{"arcs":[[329]],"type":"Polygon","properties":{"polygon_uuid":"be42c8e9-c5be-4432-9e41-969c09ecc2cd","land_type":200,"issue_year":2024,"edit_year":2020,"history":"[{\"筆ポリゴンID\":\"886f2ae8-20e5-41e6-ac08-23e8bad5f1aa\",\"更新年度\":2023,\"前年同一\":true},[{\"筆ポリゴンID\":\"bfbbfb7c-6646-4f0f-a724-12bd447c82d6\",\"更新年度\":2022,\"前年同一\":true},[{\"筆ポリゴンID\":\"7ebcbef5-8bcc-4cc5-a5ae-072aee03a607\",\"更新年度\":2021,\"前年同一\":true},{\"筆ポリゴンID\":\"7ebcbef5-8bcc-4cc5-a5ae-072aee03a607\",\"発生年度\":2020}]]]","last_polygon_uuid":"886f2ae8-20e5-41e6-ac08-23e8bad5f1aa","prev_last_polygon_uuid":"bfbbfb7c-6646-4f0f-a724-12bd447c82d6","local_government_cd":"013315","point_lng":140.13188259,"point_lat":41.437828364}},{"arcs":[[330]],"type":"Polygon","properties":{"polygon_uuid":"7558c155-2afb-4cbd-9143-b3ac5f8222f6","land_type":200,"issue_year":2024,"edit_year":2020,"history":"[{\"筆ポリゴンID\":\"f25b2398-26d1-4235-9b82-ae650f98d0d4\",\"更新年度\":2023,\"前年同一\":true},[{\"筆ポリゴンID\":\"7d694a0f-519c-49bb-92b0-9d0bc7fa92cd\",\"更新年度\":2022,\"前年同一\":true},[{\"筆ポリゴンID\":\"2d21d0ec-4a54-4a66-a795-9cb0b41346eb\",\"更新年度\":2021,\"前年同一\":true},{\"筆ポリゴンID\":\"2d21d0ec-4a54-4a66-a795-9cb0b41346eb\",\"発生年度\":2020}]]]","last_polygon_uuid":"f25b2398-26d1-4235-9b82-ae650f98d0d4","prev_last_polygon_uuid":"7d694a0f-519c-49bb-92b0-9d0bc7fa92cd","local_government_cd":"013315","point_lng":140.014314908,"point_lat":41.50584155}},{"arcs":[[331,332,333,334,335]],"type":"Polygon","properties":{"polygon_uuid":"5d6b50a3-5ec4-4a5b-a5c6-2df84962b485","land_type":200,"issue_year":2024,"edit_year":2020,"history":"[{\"筆ポリゴンID\":\"48190491-94e5-4692-97f1-a87c7d729282\",\"更新年度\":2023,\"前年同一\":true},[{\"筆ポリゴンID\":\"e0c095d6-2ecc-4d88-b3d2-6e11f1f6f195\",\"更新年度\":2022,\"前年同一\":true},[{\"筆ポリゴンID\":\"54206c77-88a4-4886-b9ac-ac1014b001f4\",\"更新年度\":2021,\"前年同一\":true},{\"筆ポリゴンID\":\"54206c77-88a4-4886-b9ac-ac1014b001f4\",\"発生年度\":2020}]]]","last_polygon_uuid":"48190491-94e5-4692-97f1-a87c7d729282","prev_last_polygon_uuid":"e0c095d6-2ecc-4d88-b3d2-6e11f1f6f195","local_government_cd":"013315","point_lng":140.122090599,"point_lat":41.430711307}},{"arcs":[[336]],"type":"Polygon","properties":{"polygon_uuid":"8ff7fa91-4fe4-4789-8b02-3fcd48a77651","land_type":200,"issue_year":2024,"edit_year":2020,"history":"[{\"筆ポリゴンID\":\"e9c5befa-0f02-4ffc-a391-7ab0af374ffa\",\"更新年度\":2023,\"前年同一\":true},[{\"筆ポリゴンID\":\"0f49c3e0-8389-4b65-94d0-beaa15b23114\",\"更新年度\":2022,\"前年同一\":true},[{\"筆ポリゴンID\":\"7e81eecc-9f93-44e1-af76-be574073d247\",\"更新年度\":2021,\"前年同一\":true},{\"筆ポリゴンID\":\"7e81eecc-9f93-44e1-af76-be574073d247\",\"発生年度\":2020}]]]","last_polygon_uuid":"e9c5befa-0f02-4ffc-a391-7ab0af374ffa","prev_last_polygon_uuid":"0f49c3e0-8389-4b65-94d0-beaa15b23114","local_government_cd":"013315","point_lng":140.004886713,"point_lat":41.526698989}},{"arcs":[[337,338,339,340]],"type":"Polygon","properties":{"polygon_uuid":"362c543b-eada-4bc6-9a7a-98d6222b2325","land_type":200,"issue_year":2024,"edit_year":2020,"history":"[{\"筆ポリゴンID\":\"9ec304f4-da53-4c56-9efa-6811115cafbe\",\"更新年度\":2023,\"前年同一\":true},[{\"筆ポリゴンID\":\"391e1a32-1621-4ed7-85c7-b8419522397f\",\"更新年度\":2022,\"前年同一\":true},[{\"筆ポリゴンID\":\"60585448-3e85-4486-af33-046244824176\",\"更新年度\":2021,\"前年同一\":true},{\"筆ポリゴンID\":\"60585448-3e85-4486-af33-046244824176\",\"発生年度\":2020}]]]","last_polygon_uuid":"9ec304f4-da53-4c56-9efa-6811115cafbe","prev_last_polygon_uuid":"391e1a32-1621-4ed7-85c7-b8419522397f","local_government_cd":"013315","point_lng":140.021585413,"point_lat":41.488588034}},{"arcs":[[341,342,343,344,345,346,347,348,349]],"type":"Polygon","properties":{"polygon_uuid":"4d4632e7-07f4-4e38-a2e4-f94094b09662","land_type":200,"issue_year":2024,"edit_year":2020,"history":"[{\"筆ポリゴンID\":\"62ac2a30-93e5-459d-9d0a-e9bc011aa6fe\",\"更新年度\":2023,\"前年同一\":true},[{\"筆ポリゴンID\":\"edb599ef-2a67-4988-8df9-3d38598f4994\",\"更新年度\":2022,\"前年同一\":true},[{\"筆ポリゴンID\":\"16ccc92f-14c7-4598-8754-9846f1e880de\",\"更新年度\":2021,\"前年同一\":true},{\"筆ポリゴンID\":\"16ccc92f-14c7-4598-8754-9846f1e880de\",\"発生年度\":2020}]]]","last_polygon_uuid":"62ac2a30-93e5-459d-9d0a-e9bc011aa6fe","prev_last_polygon_uuid":"edb599ef-2a67-4988-8df9-3d38598f4994","local_government_cd":"013315","point_lng":140.123311287,"point_lat":41.430355634}},{"arcs":[[350]],"type":"Polygon","properties":{"polygon_uuid":"44ae6409-7f45-48db-adaf-8eb1f2b183b4","land_type":200,"issue_year":2024,"edit_year":2020,"history":"[{\"筆ポリゴンID\":\"f5a91f1a-d271-4ccc-bb65-e6b38bbba37e\",\"更新年度\":2023,\"前年同一\":true},[{\"筆ポリゴンID\":\"7c37af6a-9460-4dfd-979c-22b798672361\",\"更新年度\":2022,\"前年同一\":true},[{\"筆ポリゴンID\":\"419ad72c-ac72-4cdb-bb97-f0eabff57af0\",\"更新年度\":2021,\"前年同一\":true},{\"筆ポリゴンID\":\"419ad72c-ac72-4cdb-bb97-f0eabff57af0\",\"発生年度\":2020}]]]","last_polygon_uuid":"f5a91f1a-d271-4ccc-bb65-e6b38bbba37e","prev_last_polygon_uuid":"7c37af6a-9460-4dfd-979c-22b798672361","local_government_cd":"013315","point_lng":139.997668873,"point_lat":41.55180626}},{"arcs":[[351]],"type":"Polygon","properties":{"polygon_uuid":"e8a0616b-0bef-4b52-9698-40401fb55297","land_type":200,"issue_year":2024,"edit_year":2020,"history":"[{\"筆ポリゴンID\":\"6a078f2b-666e-4b0b-a68c-03dac4632279\",\"更新年度\":2023,\"前年同一\":true},[{\"筆ポリゴンID\":\"e458ffb0-3a0e-459a-ba7b-20267f088051\",\"更新年度\":2022,\"前年同一\":true},[{\"筆ポリゴンID\":\"7dae461b-ae14-40bd-9df5-f60b8502632f\",\"更新年度\":2021,\"前年同一\":true},{\"筆ポリゴンID\":\"7dae461b-ae14-40bd-9df5-f60b8502632f\",\"発生年度\":2020}]]]","last_polygon_uuid":"6a078f2b-666e-4b0b-a68c-03dac4632279","prev_last_polygon_uuid":"e458ffb0-3a0e-459a-ba7b-20267f088051","local_government_cd":"013315","point_lng":139.985195,"point_lat":41.585086615}},{"arcs":[[352]],"type":"Polygon","properties":{"polygon_uuid":"912d164c-2c57-4a12-9ca5-d7a1abe13ab2","land_type":200,"issue_year":2024,"edit_year":2020,"history":"[{\"筆ポリゴンID\":\"6b882c34-472a-4171-927f-bd55492f7a53\",\"更新年度\":2023,\"前年同一\":true},[{\"筆ポリゴンID\":\"9992878f-8887-4b05-be18-8cbab84978df\",\"更新年度\":2022,\"前年同一\":true},[{\"筆ポリゴンID\":\"9ec6098a-613f-4905-9c90-9ab59926670e\",\"更新年度\":2021,\"前年同一\":true},{\"筆ポリゴンID\":\"9ec6098a-613f-4905-9c90-9ab59926670e\",\"発生年度\":2020}]]]","last_polygon_uuid":"6b882c34-472a-4171-927f-bd55492f7a53","prev_last_polygon_uuid":"9992878f-8887-4b05-be18-8cbab84978df","local_government_cd":"013315","point_lng":140.141632094,"point_lat":41.429185101}},{"arcs":[[353]],"type":"Polygon","properties":{"polygon_uuid":"c139b143-2e65-4d5e-a315-a02a78173c1f","land_type":200,"issue_year":2024,"edit_year":2020,"history":"[{\"筆ポリゴンID\":\"ff37b437-2db9-4a7d-8ad3-d0e0b59c1adf\",\"更新年度\":2023,\"前年同一\":true},[{\"筆ポリゴンID\":\"d3dee53a-0c2f-4d30-a329-980c0626afa2\",\"更新年度\":2022,\"前年同一\":true},[{\"筆ポリゴンID\":\"b6d34556-f390-4e0f-bda3-a8ef38648a40\",\"更新年度\":2021,\"前年同一\":true},{\"筆ポリゴンID\":\"b6d34556-f390-4e0f-bda3-a8ef38648a40\",\"発生年度\":2020}]]]","last_polygon_uuid":"ff37b437-2db9-4a7d-8ad3-d0e0b59c1adf","prev_last_polygon_uuid":"d3dee53a-0c2f-4d30-a329-980c0626afa2","local_government_cd":"013315","point_lng":139.986889853,"point_lat":41.60093509}},{"arcs":[[354]],"type":"Polygon","properties":{"polygon_uuid":"bd65aa13-abfa-4873-9500-9ff08dc1fa7f","land_type":200,"issue_year":2024,"edit_year":2020,"history":"[{\"筆ポリゴンID\":\"c3a31300-d556-48d7-a289-3d47138c549b\",\"更新年度\":2023,\"前年同一\":true},[{\"筆ポリゴンID\":\"bd63fe10-b972-432f-a877-d7db07e25258\",\"更新年度\":2022,\"前年同一\":true},[{\"筆ポリゴンID\":\"77eed518-8f50-4dcc-855d-a92be5da2842\",\"更新年度\":2021,\"前年同一\":true},{\"筆ポリゴンID\":\"77eed518-8f50-4dcc-855d-a92be5da2842\",\"発生年度\":2020}]]]","last_polygon_uuid":"c3a31300-d556-48d7-a289-3d47138c549b","prev_last_polygon_uuid":"bd63fe10-b972-432f-a877-d7db07e25258","local_government_cd":"013315","point_lng":139.997685137,"point_lat":41.541953182}},{"arcs":[[355]],"type":"Polygon","properties":{"polygon_uuid":"7a862c2f-beba-4a06-8f8e-23c53ba9a742","land_type":200,"issue_year":2024,"edit_year":2020,"history":"[{\"筆ポリゴンID\":\"1bf9cb01-b89e-4e47-a11f-8d9e6b0b318c\",\"更新年度\":2023,\"前年同一\":true},[{\"筆ポリゴンID\":\"50e54f5b-e7d7-4452-a54b-bffeaa3a3a2a\",\"更新年度\":2022,\"前年同一\":true},[{\"筆ポリゴンID\":\"ff014f50-9e22-4d55-9de2-21179cfc6036\",\"更新年度\":2021,\"前年同一\":true},{\"筆ポリゴンID\":\"ff014f50-9e22-4d55-9de2-21179cfc6036\",\"発生年度\":2020}]]]","last_polygon_uuid":"1bf9cb01-b89e-4e47-a11f-8d9e6b0b318c","prev_last_polygon_uuid":"50e54f5b-e7d7-4452-a54b-bffeaa3a3a2a","local_government_cd":"013315","point_lng":140.136008013,"point_lat":41.445515151}},{"arcs":[[356,357]],"type":"Polygon","properties":{"polygon_uuid":"12f8b9d9-6374-408d-aee6-f30eb65e3dd0","land_type":200,"issue_year":2024,"edit_year":2020,"history":"[{\"筆ポリゴンID\":\"c6f24d77-a314-4a78-939d-718fe0a680a1\",\"更新年度\":2023,\"前年同一\":true},[{\"筆ポリゴンID\":\"9ef16f24-3897-43c2-bc4d-e248dfaf7291\",\"更新年度\":2022,\"前年同一\":true},[{\"筆ポリゴンID\":\"6ac47bad-efe4-46b0-ae13-72f315e5c9a2\",\"更新年度\":2021,\"前年同一\":true},{\"筆ポリゴンID\":\"6ac47bad-efe4-46b0-ae13-72f315e5c9a2\",\"発生年度\":2020}]]]","last_polygon_uuid":"c6f24d77-a314-4a78-939d-718fe0a680a1","prev_last_polygon_uuid":"9ef16f24-3897-43c2-bc4d-e248dfaf7291","local_government_cd":"013315","point_lng":140.020656186,"point_lat":41.487577648}},{"arcs":[[358]],"type":"Polygon","properties":{"polygon_uuid":"a98628ba-0b6c-4485-ae6c-96a4c3e4400d","land_type":200,"issue_year":2024,"edit_year":2020,"history":"[{\"筆ポリゴンID\":\"45f8cf77-eee4-4f50-a2ee-b66adf016456\",\"更新年度\":2023,\"前年同一\":true},[{\"筆ポリゴンID\":\"b03fbeb0-c0d8-4a15-a2c6-b26ed744971a\",\"更新年度\":2022,\"前年同一\":true},[{\"筆ポリゴンID\":\"031e8b56-d7f7-4f90-a0bd-c21b43a56066\",\"更新年度\":2021,\"前年同一\":true},{\"筆ポリゴンID\":\"031e8b56-d7f7-4f90-a0bd-c21b43a56066\",\"発生年度\":2020}]]]","last_polygon_uuid":"45f8cf77-eee4-4f50-a2ee-b66adf016456","prev_last_polygon_uuid":"b03fbeb0-c0d8-4a15-a2c6-b26ed744971a","local_government_cd":"013315","point_lng":140.02296603,"point_lat":41.487232496}},{"arcs":[[359]],"type":"Polygon","properties":{"polygon_uuid":"812c68b8-bf6e-464b-a5dc-35851b6931d1","land_type":200,"issue_year":2024,"edit_year":2020,"history":"[{\"筆ポリゴンID\":\"0a6ee1c1-3f82-4c45-a950-aa047bc657fe\",\"更新年度\":2023,\"前年同一\":true},[{\"筆ポリゴンID\":\"93187dc4-7c27-44d1-adec-7553cf473f23\",\"更新年度\":2022,\"前年同一\":true},[{\"筆ポリゴンID\":\"dda4e4a1-9751-46dc-a660-126795bb047e\",\"更新年度\":2021,\"前年同一\":true},{\"筆ポリゴンID\":\"dda4e4a1-9751-46dc-a660-126795bb047e\",\"発生年度\":2020}]]]","last_polygon_uuid":"0a6ee1c1-3f82-4c45-a950-aa047bc657fe","prev_last_polygon_uuid":"93187dc4-7c27-44d1-adec-7553cf473f23","local_government_cd":"013315","point_lng":140.002688403,"point_lat":41.54110006}},{"arcs":[[360]],"type":"Polygon","properties":{"polygon_uuid":"16d094a6-117d-49e8-933b-3a315bb77850","land_type":200,"issue_year":2024,"edit_year":2020,"history":"[{\"筆ポリゴンID\":\"4f709eba-70a2-4015-92f6-41dfbccfde1e\",\"更新年度\":2023,\"前年同一\":true},[{\"筆ポリゴンID\":\"9fa0b6e3-2edf-4d6f-9671-455b133e2bd4\",\"更新年度\":2022,\"前年同一\":true},[{\"筆ポリゴンID\":\"fb2fcbc6-cf29-4dda-b6cb-56dea235e26c\",\"更新年度\":2021,\"前年同一\":true},{\"筆ポリゴンID\":\"fb2fcbc6-cf29-4dda-b6cb-56dea235e26c\",\"発生年度\":2020}]]]","last_polygon_uuid":"4f709eba-70a2-4015-92f6-41dfbccfde1e","prev_last_polygon_uuid":"9fa0b6e3-2edf-4d6f-9671-455b133e2bd4","local_government_cd":"013315","point_lng":140.131156846,"point_lat":41.435833972}},{"arcs":[[361]],"type":"Polygon","properties":{"polygon_uuid":"23286b9f-d69c-40d5-84b9-f6f3a74e4816","land_type":200,"issue_year":2024,"edit_year":2020,"history":"[{\"筆ポリゴンID\":\"36aa52a2-dec1-4b21-8c22-c620fd35284e\",\"更新年度\":2023,\"前年同一\":true},[{\"筆ポリゴンID\":\"13565474-7b6b-41a4-b232-91a8ea1c9f72\",\"更新年度\":2022,\"前年同一\":true},[{\"筆ポリゴンID\":\"027d3b67-5897-456b-aa41-12e97bcdf3cf\",\"更新年度\":2021,\"前年同一\":true},{\"筆ポリゴンID\":\"027d3b67-5897-456b-aa41-12e97bcdf3cf\",\"発生年度\":2020}]]]","last_polygon_uuid":"36aa52a2-dec1-4b21-8c22-c620fd35284e","prev_last_polygon_uuid":"13565474-7b6b-41a4-b232-91a8ea1c9f72","local_government_cd":"013315","point_lng":140.029049782,"point_lat":41.478888237}},{"arcs":[[362]],"type":"Polygon","properties":{"polygon_uuid":"70552b0f-a908-4186-9907-eb88350e3831","land_type":200,"issue_year":2024,"edit_year":2020,"history":"[{\"筆ポリゴンID\":\"3ded72d3-06e2-41c2-bff9-c5c1f0ccec18\",\"更新年度\":2023,\"前年同一\":true},[{\"筆ポリゴンID\":\"7c4fa767-ff7d-4ac0-a2f5-2e4a8fc8b335\",\"更新年度\":2022,\"前年同一\":true},[{\"筆ポリゴンID\":\"2d32ca3b-df89-41a0-9e90-6ccfaa3b6613\",\"更新年度\":2021,\"前年同一\":true},{\"筆ポリゴンID\":\"2d32ca3b-df89-41a0-9e90-6ccfaa3b6613\",\"発生年度\":2020}]]]","last_polygon_uuid":"3ded72d3-06e2-41c2-bff9-c5c1f0ccec18","prev_last_polygon_uuid":"7c4fa767-ff7d-4ac0-a2f5-2e4a8fc8b335","local_government_cd":"013315","point_lng":140.142401546,"point_lat":41.454284155}},{"arcs":[[363]],"type":"Polygon","properties":{"polygon_uuid":"88ad1ef7-846a-4df5-8580-c67a6ba91ed5","land_type":200,"issue_year":2024,"edit_year":2020,"history":"[{\"筆ポリゴンID\":\"cd862f9e-774b-4903-ad88-8ab7e96b015c\",\"更新年度\":2023,\"前年同一\":true},[{\"筆ポリゴンID\":\"a5754e4e-0103-4d0f-8577-de2e6a980693\",\"更新年度\":2022,\"前年同一\":true},[{\"筆ポリゴンID\":\"f39d73e1-0fad-4c14-9d71-54d173d09cbd\",\"更新年度\":2021,\"前年同一\":true},{\"筆ポリゴンID\":\"f39d73e1-0fad-4c14-9d71-54d173d09cbd\",\"発生年度\":2020}]]]","last_polygon_uuid":"cd862f9e-774b-4903-ad88-8ab7e96b015c","prev_last_polygon_uuid":"a5754e4e-0103-4d0f-8577-de2e6a980693","local_government_cd":"013315","point_lng":140.138607947,"point_lat":41.428584126}},{"arcs":[[364]],"type":"Polygon","properties":{"polygon_uuid":"ff1cecfa-aed0-474d-af4c-67c194e7c222","land_type":200,"issue_year":2024,"edit_year":2020,"history":"[{\"筆ポリゴンID\":\"4e80d764-6eec-45e9-9827-cdccaa14e1fc\",\"更新年度\":2023,\"前年同一\":true},[{\"筆ポリゴンID\":\"dea6d4ad-090b-477f-a30e-ff93ac0068f8\",\"更新年度\":2022,\"前年同一\":true},[{\"筆ポリゴンID\":\"64ec84f2-ad03-4726-8eb2-ed044cb2560a\",\"更新年度\":2021,\"前年同一\":true},{\"筆ポリゴンID\":\"64ec84f2-ad03-4726-8eb2-ed044cb2560a\",\"発生年度\":2020}]]]","last_polygon_uuid":"4e80d764-6eec-45e9-9827-cdccaa14e1fc","prev_last_polygon_uuid":"dea6d4ad-090b-477f-a30e-ff93ac0068f8","local_government_cd":"013315","point_lng":140.138057115,"point_lat":41.428706249}},{"arcs":[[365]],"type":"Polygon","properties":{"polygon_uuid":"3d2fa2ac-f9e4-4c13-9e9b-e1f451c49e32","land_type":200,"issue_year":2024,"edit_year":2020,"history":"[{\"筆ポリゴンID\":\"38c47bbb-6025-4c3c-a562-3e85fbfebe48\",\"更新年度\":2023,\"前年同一\":true},[{\"筆ポリゴンID\":\"1b688489-e0c6-4083-a91b-1c8064087e94\",\"更新年度\":2022,\"前年同一\":true},[{\"筆ポリゴンID\":\"d004b863-f542-4be7-8a22-a1675bb32e32\",\"更新年度\":2021,\"前年同一\":true},{\"筆ポリゴンID\":\"d004b863-f542-4be7-8a22-a1675bb32e32\",\"発生年度\":2020}]]]","last_polygon_uuid":"38c47bbb-6025-4c3c-a562-3e85fbfebe48","prev_last_polygon_uuid":"1b688489-e0c6-4083-a91b-1c8064087e94","local_government_cd":"013315","point_lng":140.172227881,"point_lat":41.414683694}},{"arcs":[[366]],"type":"Polygon","properties":{"polygon_uuid":"0627f669-6934-4c7f-aac8-6a7831ea362e","land_type":200,"issue_year":2024,"edit_year":2020,"history":"[{\"筆ポリゴンID\":\"67ba637a-f56a-4493-9ba0-a90421d278fa\",\"更新年度\":2023,\"前年同一\":true},[{\"筆ポリゴンID\":\"207d59da-16c7-41e9-ab38-c40f354f41fd\",\"更新年度\":2022,\"前年同一\":true},[{\"筆ポリゴンID\":\"eee4937b-9c78-49b3-abb8-ad864ec99971\",\"更新年度\":2021,\"前年同一\":true},{\"筆ポリゴンID\":\"eee4937b-9c78-49b3-abb8-ad864ec99971\",\"発生年度\":2020}]]]","last_polygon_uuid":"67ba637a-f56a-4493-9ba0-a90421d278fa","prev_last_polygon_uuid":"207d59da-16c7-41e9-ab38-c40f354f41fd","local_government_cd":"013315","point_lng":140.130697461,"point_lat":41.43519347}},{"arcs":[[367]],"type":"Polygon","properties":{"polygon_uuid":"c3dbb4b6-a78b-4488-8005-bde2102523bb","land_type":200,"issue_year":2024,"edit_year":2020,"history":"[{\"筆ポリゴンID\":\"150c6a72-c9a1-4974-8b05-895fee2c3303\",\"更新年度\":2023,\"前年同一\":true},[{\"筆ポリゴンID\":\"d7aab0d2-5aac-422e-b29c-17508a511201\",\"更新年度\":2022,\"前年同一\":true},[{\"筆ポリゴンID\":\"1d977383-217d-4d08-b2be-4ec52f1faca4\",\"更新年度\":2021,\"前年同一\":true},{\"筆ポリゴンID\":\"1d977383-217d-4d08-b2be-4ec52f1faca4\",\"発生年度\":2020}]]]","last_polygon_uuid":"150c6a72-c9a1-4974-8b05-895fee2c3303","prev_last_polygon_uuid":"d7aab0d2-5aac-422e-b29c-17508a511201","local_government_cd":"013315","point_lng":140.098705623,"point_lat":41.431552118}},{"arcs":[[368]],"type":"Polygon","properties":{"polygon_uuid":"52eb25c1-da1d-4920-b88c-6d21bd452114","land_type":200,"issue_year":2024,"edit_year":2020,"history":"[{\"筆ポリゴンID\":\"e40af87b-3335-49bf-8640-ff643a70542e\",\"更新年度\":2023,\"前年同一\":true},[{\"筆ポリゴンID\":\"8752ad19-6f84-4d8d-9514-ba178be9bae6\",\"更新年度\":2022,\"前年同一\":true},[{\"筆ポリゴンID\":\"52738606-e2f7-4a28-b724-026382ff5211\",\"更新年度\":2021,\"前年同一\":true},{\"筆ポリゴンID\":\"52738606-e2f7-4a28-b724-026382ff5211\",\"発生年度\":2020}]]]","last_polygon_uuid":"e40af87b-3335-49bf-8640-ff643a70542e","prev_last_polygon_uuid":"8752ad19-6f84-4d8d-9514-ba178be9bae6","local_government_cd":"013315","point_lng":140.134051413,"point_lat":41.43381479}},{"arcs":[[369]],"type":"Polygon","properties":{"polygon_uuid":"3ca374b2-f595-43e4-98e7-4ab25356a582","land_type":200,"issue_year":2024,"edit_year":2020,"history":"[{\"筆ポリゴンID\":\"d87f5a23-795c-49c5-80ea-cda8c62c33c6\",\"更新年度\":2023,\"前年同一\":true},[{\"筆ポリゴンID\":\"a65cb91c-8620-475e-b0e3-4a2fbe79f0f1\",\"更新年度\":2022,\"前年同一\":true},[{\"筆ポリゴンID\":\"e93b618b-3243-4ab0-9d61-d2391c156c3b\",\"更新年度\":2021,\"前年同一\":true},{\"筆ポリゴンID\":\"e93b618b-3243-4ab0-9d61-d2391c156c3b\",\"発生年度\":2020}]]]","last_polygon_uuid":"d87f5a23-795c-49c5-80ea-cda8c62c33c6","prev_last_polygon_uuid":"a65cb91c-8620-475e-b0e3-4a2fbe79f0f1","local_government_cd":"013315","point_lng":139.998730219,"point_lat":41.543413684}},{"arcs":[[370]],"type":"Polygon","properties":{"polygon_uuid":"58cb775a-3cb5-4177-acd6-c5703d4ee6ef","land_type":200,"issue_year":2024,"edit_year":2020,"history":"[{\"筆ポリゴンID\":\"ddd6a734-28da-44c5-8992-ac682c854080\",\"更新年度\":2023,\"前年同一\":true},[{\"筆ポリゴンID\":\"7da8dfc7-27d2-4cb0-8bc3-056a123fd7db\",\"更新年度\":2022,\"前年同一\":true},[{\"筆ポリゴンID\":\"2da34658-47d1-4290-8c28-c2ba8b07d556\",\"更新年度\":2021,\"前年同一\":true},{\"筆ポリゴンID\":\"2da34658-47d1-4290-8c28-c2ba8b07d556\",\"発生年度\":2020}]]]","last_polygon_uuid":"ddd6a734-28da-44c5-8992-ac682c854080","prev_last_polygon_uuid":"7da8dfc7-27d2-4cb0-8bc3-056a123fd7db","local_government_cd":"013315","point_lng":140.136684329,"point_lat":41.428564872}},{"arcs":[[371,-233]],"type":"Polygon","properties":{"polygon_uuid":"27867a2f-56b5-43a7-80b7-06a3f31eb06c","land_type":200,"issue_year":2024,"edit_year":2020,"history":"[{\"筆ポリゴンID\":\"f8169a5b-fa68-44de-b079-60d3704d1255\",\"更新年度\":2023,\"前年同一\":true},[{\"筆ポリゴンID\":\"8dbc941f-9597-4d6c-bfd8-911a86351cfd\",\"更新年度\":2022,\"前年同一\":true},[{\"筆ポリゴンID\":\"213fc288-e5e5-4538-9dad-4860d55d5af8\",\"更新年度\":2021,\"前年同一\":true},{\"筆ポリゴンID\":\"213fc288-e5e5-4538-9dad-4860d55d5af8\",\"発生年度\":2020}]]]","last_polygon_uuid":"f8169a5b-fa68-44de-b079-60d3704d1255","prev_last_polygon_uuid":"8dbc941f-9597-4d6c-bfd8-911a86351cfd","local_government_cd":"013315","point_lng":140.049864425,"point_lat":41.446466296}},{"arcs":[[372]],"type":"Polygon","properties":{"polygon_uuid":"dd07644f-1ae0-498a-819a-25a1b2dc3620","land_type":200,"issue_year":2024,"edit_year":2020,"history":"[{\"筆ポリゴンID\":\"4f79c554-3033-440d-b4f3-714d65c3b766\",\"更新年度\":2023,\"前年同一\":true},[{\"筆ポリゴンID\":\"1a7aad53-a7b2-4aa4-aa3e-cd6a29d54ce6\",\"更新年度\":2022,\"前年同一\":true},[{\"筆ポリゴンID\":\"308e75cf-1eb9-40b4-b519-79da1d4fdfe8\",\"更新年度\":2021,\"前年同一\":true},{\"筆ポリゴンID\":\"308e75cf-1eb9-40b4-b519-79da1d4fdfe8\",\"発生年度\":2020}]]]","last_polygon_uuid":"4f79c554-3033-440d-b4f3-714d65c3b766","prev_last_polygon_uuid":"1a7aad53-a7b2-4aa4-aa3e-cd6a29d54ce6","local_government_cd":"013315","point_lng":140.114465493,"point_lat":41.428247118}},{"arcs":[[373]],"type":"Polygon","properties":{"polygon_uuid":"c624565e-cc37-48e8-a78a-f00f3ceb0782","land_type":200,"issue_year":2024,"edit_year":2020,"history":"[{\"筆ポリゴンID\":\"67e5a567-3e0b-4e4d-8dce-0f661a4addf8\",\"更新年度\":2023,\"前年同一\":true},[{\"筆ポリゴンID\":\"117b5491-2213-4d5b-b0f4-d32b65078492\",\"更新年度\":2022,\"前年同一\":true},[{\"筆ポリゴンID\":\"bb747c6d-2890-4fb5-8379-477d63f55ec3\",\"更新年度\":2021,\"前年同一\":true},{\"筆ポリゴンID\":\"bb747c6d-2890-4fb5-8379-477d63f55ec3\",\"発生年度\":2020}]]]","last_polygon_uuid":"67e5a567-3e0b-4e4d-8dce-0f661a4addf8","prev_last_polygon_uuid":"117b5491-2213-4d5b-b0f4-d32b65078492","local_government_cd":"013315","point_lng":139.987504933,"point_lat":41.600489247}},{"arcs":[[374]],"type":"Polygon","properties":{"polygon_uuid":"184e3f42-1a89-4953-a3a2-a7c3f82ffc6e","land_type":200,"issue_year":2024,"edit_year":2020,"history":"[{\"筆ポリゴンID\":\"35d3aa41-8251-41f6-916b-d2717f4de2d5\",\"更新年度\":2023,\"前年同一\":true},[{\"筆ポリゴンID\":\"0f544bbe-aa5f-48dc-bd79-840a9c013c91\",\"更新年度\":2022,\"前年同一\":true},[{\"筆ポリゴンID\":\"39db70ff-e184-427e-9eea-285d969f8ab9\",\"更新年度\":2021,\"前年同一\":true},{\"筆ポリゴンID\":\"39db70ff-e184-427e-9eea-285d969f8ab9\",\"発生年度\":2020}]]]","last_polygon_uuid":"35d3aa41-8251-41f6-916b-d2717f4de2d5","prev_last_polygon_uuid":"0f544bbe-aa5f-48dc-bd79-840a9c013c91","local_government_cd":"013315","point_lng":140.165958547,"point_lat":41.419160146}},{"arcs":[[375]],"type":"Polygon","properties":{"polygon_uuid":"c62e64ab-9560-4488-a864-95c08b29be2c","land_type":200,"issue_year":2024,"edit_year":2020,"history":"[{\"筆ポリゴンID\":\"fb6ebe97-93fa-42dd-9795-3ee6da09cf1f\",\"更新年度\":2023,\"前年同一\":true},[{\"筆ポリゴンID\":\"59f6a9f3-1a7d-4a3a-af38-e27f4447358e\",\"更新年度\":2022,\"前年同一\":true},[{\"筆ポリゴンID\":\"834bf856-2e0a-4bd7-876e-65c6c10a9a9c\",\"更新年度\":2021,\"前年同一\":true},{\"筆ポリゴンID\":\"834bf856-2e0a-4bd7-876e-65c6c10a9a9c\",\"発生年度\":2020}]]]","last_polygon_uuid":"fb6ebe97-93fa-42dd-9795-3ee6da09cf1f","prev_last_polygon_uuid":"59f6a9f3-1a7d-4a3a-af38-e27f4447358e","local_government_cd":"013315","point_lng":140.135756989,"point_lat":41.444356319}},{"arcs":[[376]],"type":"Polygon","properties":{"polygon_uuid":"f6772c8b-3394-4bbf-99af-2d02e04b7376","land_type":200,"issue_year":2024,"edit_year":2020,"history":"[{\"筆ポリゴンID\":\"8147bd49-b8bc-4a89-95f2-c24baa60b016\",\"更新年度\":2023,\"前年同一\":true},[{\"筆ポリゴンID\":\"ba297fe8-f7eb-4f14-80fb-395146604cc5\",\"更新年度\":2022,\"前年同一\":true},[{\"筆ポリゴンID\":\"54a63d9f-b87c-4bc1-b417-9bec86e060e3\",\"更新年度\":2021,\"前年同一\":true},{\"筆ポリゴンID\":\"54a63d9f-b87c-4bc1-b417-9bec86e060e3\",\"発生年度\":2020}]]]","last_polygon_uuid":"8147bd49-b8bc-4a89-95f2-c24baa60b016","prev_last_polygon_uuid":"ba297fe8-f7eb-4f14-80fb-395146604cc5","local_government_cd":"013315","point_lng":139.997289086,"point_lat":41.550884033}},{"arcs":[[377,378,379,380,381,382]],"type":"Polygon","properties":{"polygon_uuid":"93ae79bd-ef18-43e0-bb16-f09cda30d924","land_type":200,"issue_year":2024,"edit_year":2020,"history":"[{\"筆ポリゴンID\":\"1e42be65-3447-4c35-b253-e43a94d135d9\",\"更新年度\":2023,\"前年同一\":true},[{\"筆ポリゴンID\":\"cc9b2814-e390-436c-8519-1511ac5fcb71\",\"更新年度\":2022,\"前年同一\":true},[{\"筆ポリゴンID\":\"2c45dd51-7d90-45f9-af86-a8c3fccd3294\",\"更新年度\":2021,\"前年同一\":true},{\"筆ポリゴンID\":\"2c45dd51-7d90-45f9-af86-a8c3fccd3294\",\"発生年度\":2020}]]]","last_polygon_uuid":"1e42be65-3447-4c35-b253-e43a94d135d9","prev_last_polygon_uuid":"cc9b2814-e390-436c-8519-1511ac5fcb71","local_government_cd":"013315","point_lng":140.124172989,"point_lat":41.431131536}},{"arcs":[[383]],"type":"Polygon","properties":{"polygon_uuid":"dcb8b549-1558-4bf9-a8b3-686223a1e789","land_type":200,"issue_year":2024,"edit_year":2020,"history":"[{\"筆ポリゴンID\":\"9149a078-50f9-4a11-8032-e56995a019e0\",\"更新年度\":2023,\"前年同一\":true},[{\"筆ポリゴンID\":\"ba65bc96-9d5c-4c87-9b5b-2191f83ee128\",\"更新年度\":2022,\"前年同一\":true},[{\"筆ポリゴンID\":\"d6e12879-e74a-49b6-946b-68e7df50fefe\",\"更新年度\":2021,\"前年同一\":true},{\"筆ポリゴンID\":\"d6e12879-e74a-49b6-946b-68e7df50fefe\",\"発生年度\":2020}]]]","last_polygon_uuid":"9149a078-50f9-4a11-8032-e56995a019e0","prev_last_polygon_uuid":"ba65bc96-9d5c-4c87-9b5b-2191f83ee128","local_government_cd":"013315","point_lng":140.134106885,"point_lat":41.429337552}},{"arcs":[[384,385]],"type":"Polygon","properties":{"polygon_uuid":"3aa6fbe7-1987-4038-8da3-df6d7138e910","land_type":200,"issue_year":2024,"edit_year":2020,"history":"[{\"筆ポリゴンID\":\"f480efb6-5937-48d7-93da-56e6631945bd\",\"更新年度\":2023,\"前年同一\":true},[{\"筆ポリゴンID\":\"6af73193-5ce7-4208-88a7-ae6f6a47109a\",\"更新年度\":2022,\"前年同一\":true},[{\"筆ポリゴンID\":\"5579a3a8-e9ef-4b31-8c71-cc381443b1c0\",\"更新年度\":2021,\"前年同一\":true},{\"筆ポリゴンID\":\"5579a3a8-e9ef-4b31-8c71-cc381443b1c0\",\"発生年度\":2020}]]]","last_polygon_uuid":"f480efb6-5937-48d7-93da-56e6631945bd","prev_last_polygon_uuid":"6af73193-5ce7-4208-88a7-ae6f6a47109a","local_government_cd":"013315","point_lng":140.095645647,"point_lat":41.426016977}},{"arcs":[[386]],"type":"Polygon","properties":{"polygon_uuid":"6bb084ac-def5-4319-80f3-474af587f89b","land_type":200,"issue_year":2024,"edit_year":2020,"history":"[{\"筆ポリゴンID\":\"3752ca3a-7062-4728-b7d4-6909091a3b04\",\"更新年度\":2023,\"前年同一\":true},[{\"筆ポリゴンID\":\"99560951-64ea-43d3-834d-b12d4a54c653\",\"更新年度\":2022,\"前年同一\":true},[{\"筆ポリゴンID\":\"f242274b-5e1a-4a19-9aca-21ff9ee0a57c\",\"更新年度\":2021,\"前年同一\":true},{\"筆ポリゴンID\":\"f242274b-5e1a-4a19-9aca-21ff9ee0a57c\",\"発生年度\":2020}]]]","last_polygon_uuid":"3752ca3a-7062-4728-b7d4-6909091a3b04","prev_last_polygon_uuid":"99560951-64ea-43d3-834d-b12d4a54c653","local_government_cd":"013315","point_lng":140.05067293,"point_lat":41.446239351}},{"arcs":[[387,388]],"type":"Polygon","properties":{"polygon_uuid":"b92212b6-46e5-40f6-80de-3fc5578b0b6e","land_type":200,"issue_year":2024,"edit_year":2020,"history":"[{\"筆ポリゴンID\":\"6ee3cf3c-e9c6-422f-83d0-1430be0e76d6\",\"更新年度\":2023,\"前年同一\":true},[{\"筆ポリゴンID\":\"b7647a00-0469-4726-8cd5-798f6ebaa7fe\",\"更新年度\":2022,\"前年同一\":true},[{\"筆ポリゴンID\":\"ad41bf9d-4b23-428d-9df9-5672bfe6fe99\",\"更新年度\":2021,\"前年同一\":true},{\"筆ポリゴンID\":\"ad41bf9d-4b23-428d-9df9-5672bfe6fe99\",\"発生年度\":2020}]]]","last_polygon_uuid":"6ee3cf3c-e9c6-422f-83d0-1430be0e76d6","prev_last_polygon_uuid":"b7647a00-0469-4726-8cd5-798f6ebaa7fe","local_government_cd":"013315","point_lng":140.094230007,"point_lat":41.425902432}},{"arcs":[[389]],"type":"Polygon","properties":{"polygon_uuid":"32c53a5a-49a4-4128-b673-12a51d348aaf","land_type":200,"issue_year":2024,"edit_year":2020,"history":"[{\"筆ポリゴンID\":\"18087b5f-58e1-4712-aa8b-b2ba88d49274\",\"更新年度\":2023,\"前年同一\":true},[{\"筆ポリゴンID\":\"f2e360c0-b66a-4a15-a1ea-87ab2c50a0dd\",\"更新年度\":2022,\"前年同一\":true},[{\"筆ポリゴンID\":\"71faa4ba-f0cd-49a8-954e-4e355b332705\",\"更新年度\":2021,\"前年同一\":true},{\"筆ポリゴンID\":\"71faa4ba-f0cd-49a8-954e-4e355b332705\",\"発生年度\":2020}]]]","last_polygon_uuid":"18087b5f-58e1-4712-aa8b-b2ba88d49274","prev_last_polygon_uuid":"f2e360c0-b66a-4a15-a1ea-87ab2c50a0dd","local_government_cd":"013315","point_lng":140.165879805,"point_lat":41.418225464}},{"arcs":[[390]],"type":"Polygon","properties":{"polygon_uuid":"7f8ccc7d-199e-4fa8-89c0-97960ae212e8","land_type":200,"issue_year":2024,"edit_year":2020,"history":"[{\"筆ポリゴンID\":\"cb1305c6-e7f1-48a8-a07b-33c4fead41c9\",\"更新年度\":2023,\"前年同一\":true},[{\"筆ポリゴンID\":\"7ee5f80e-61ba-4225-a23e-63d76343eaf6\",\"更新年度\":2022,\"前年同一\":true},[{\"筆ポリゴンID\":\"9b4403a9-bd23-4927-919f-4bccbfffd9d0\",\"更新年度\":2021,\"前年同一\":true},{\"筆ポリゴンID\":\"9b4403a9-bd23-4927-919f-4bccbfffd9d0\",\"発生年度\":2020}]]]","last_polygon_uuid":"cb1305c6-e7f1-48a8-a07b-33c4fead41c9","prev_last_polygon_uuid":"7ee5f80e-61ba-4225-a23e-63d76343eaf6","local_government_cd":"013315","point_lng":140.114699308,"point_lat":41.436210799}},{"arcs":[[391]],"type":"Polygon","properties":{"polygon_uuid":"536aafd5-adcf-4cdc-99a7-6b551208a4d0","land_type":200,"issue_year":2024,"edit_year":2020,"history":"[{\"筆ポリゴンID\":\"3a566ec7-ca7c-42b3-bbc0-022995a82462\",\"更新年度\":2023,\"前年同一\":true},[{\"筆ポリゴンID\":\"c4231a71-a734-499b-a8b9-9cc72b0ff8af\",\"更新年度\":2022,\"前年同一\":true},[{\"筆ポリゴンID\":\"ce7fc77a-4cca-4064-9c4e-89b58d1de22f\",\"更新年度\":2021,\"前年同一\":true},{\"筆ポリゴンID\":\"ce7fc77a-4cca-4064-9c4e-89b58d1de22f\",\"発生年度\":2020}]]]","last_polygon_uuid":"3a566ec7-ca7c-42b3-bbc0-022995a82462","prev_last_polygon_uuid":"c4231a71-a734-499b-a8b9-9cc72b0ff8af","local_government_cd":"013315","point_lng":139.993306003,"point_lat":41.549737344}},{"arcs":[[392]],"type":"Polygon","properties":{"polygon_uuid":"d29699c4-e52f-40bc-be44-a3175e487839","land_type":200,"issue_year":2024,"edit_year":2020,"history":"[{\"筆ポリゴンID\":\"cb57a99a-0359-4276-96f2-b24a8e0de92e\",\"更新年度\":2023,\"前年同一\":true},[{\"筆ポリゴンID\":\"957d58a9-3b7d-48a0-b44e-295dbf141712\",\"更新年度\":2022,\"前年同一\":true},[{\"筆ポリゴンID\":\"62404327-70d9-4b5b-91ae-241321e82e53\",\"更新年度\":2021,\"前年同一\":true},{\"筆ポリゴンID\":\"62404327-70d9-4b5b-91ae-241321e82e53\",\"発生年度\":2020}]]]","last_polygon_uuid":"cb57a99a-0359-4276-96f2-b24a8e0de92e","prev_last_polygon_uuid":"957d58a9-3b7d-48a0-b44e-295dbf141712","local_government_cd":"013315","point_lng":140.182422116,"point_lat":41.406627651}},{"arcs":[[393]],"type":"Polygon","properties":{"polygon_uuid":"02a7d199-c903-41fb-83dd-9572ce8fbc67","land_type":200,"issue_year":2024,"edit_year":2020,"history":"[{\"筆ポリゴンID\":\"41c92d75-d4b1-4244-89c1-951ad720f6d0\",\"更新年度\":2023,\"前年同一\":true},[{\"筆ポリゴンID\":\"a6d5c209-d55b-458c-a3fc-391b68face94\",\"更新年度\":2022,\"前年同一\":true},[{\"筆ポリゴンID\":\"a32f2760-d10b-4432-acd2-2bf7069df7a3\",\"更新年度\":2021,\"前年同一\":true},{\"筆ポリゴンID\":\"a32f2760-d10b-4432-acd2-2bf7069df7a3\",\"発生年度\":2020}]]]","last_polygon_uuid":"41c92d75-d4b1-4244-89c1-951ad720f6d0","prev_last_polygon_uuid":"a6d5c209-d55b-458c-a3fc-391b68face94","local_government_cd":"013315","point_lng":140.030729041,"point_lat":41.465015752}},{"arcs":[[394]],"type":"Polygon","properties":{"polygon_uuid":"aec4cafe-623e-4369-b5d0-c0364b6ca1b5","land_type":200,"issue_year":2024,"edit_year":2020,"history":"[{\"筆ポリゴンID\":\"b133da00-ea17-47d4-a939-253f47c0c3a3\",\"更新年度\":2023,\"前年同一\":true},[{\"筆ポリゴンID\":\"5d51d3b1-b395-4be7-8c94-a18b125c48c0\",\"更新年度\":2022,\"前年同一\":true},[{\"筆ポリゴンID\":\"7b402e9f-7048-4d00-93c4-3fe591d5cacb\",\"更新年度\":2021,\"前年同一\":true},{\"筆ポリゴンID\":\"7b402e9f-7048-4d00-93c4-3fe591d5cacb\",\"発生年度\":2020}]]]","last_polygon_uuid":"b133da00-ea17-47d4-a939-253f47c0c3a3","prev_last_polygon_uuid":"5d51d3b1-b395-4be7-8c94-a18b125c48c0","local_government_cd":"013315","point_lng":140.034669332,"point_lat":41.462215388}},{"arcs":[[395]],"type":"Polygon","properties":{"polygon_uuid":"9fdb4f60-b950-4a81-b51f-7c23a4fe5fb8","land_type":200,"issue_year":2024,"edit_year":2020,"history":"[{\"筆ポリゴンID\":\"8ca179ec-5742-4e6f-8e28-33339e1b881e\",\"更新年度\":2023,\"前年同一\":true},[{\"筆ポリゴンID\":\"a74ba742-acfa-4eab-9c03-e5e006965e3f\",\"更新年度\":2022,\"前年同一\":true},[{\"筆ポリゴンID\":\"f2bd2af7-7cce-4146-81da-458d3a69b302\",\"更新年度\":2021,\"前年同一\":true},{\"筆ポリゴンID\":\"f2bd2af7-7cce-4146-81da-458d3a69b302\",\"発生年度\":2020}]]]","last_polygon_uuid":"8ca179ec-5742-4e6f-8e28-33339e1b881e","prev_last_polygon_uuid":"a74ba742-acfa-4eab-9c03-e5e006965e3f","local_government_cd":"013315","point_lng":140.033967482,"point_lat":41.459117464}},{"arcs":[[396]],"type":"Polygon","properties":{"polygon_uuid":"f476bed9-ed1e-417d-a8ab-6f1c4086ff2d","land_type":200,"issue_year":2024,"edit_year":2020,"history":"[{\"筆ポリゴンID\":\"1e9472b0-0af1-4da5-bc81-44b71a5e02ea\",\"更新年度\":2023,\"前年同一\":true},[{\"筆ポリゴンID\":\"41b4e91e-bf78-499c-957b-29444e2b407a\",\"更新年度\":2022,\"前年同一\":true},[{\"筆ポリゴンID\":\"304feecf-b92b-43a4-a794-894811bee13e\",\"更新年度\":2021,\"前年同一\":true},{\"筆ポリゴンID\":\"304feecf-b92b-43a4-a794-894811bee13e\",\"発生年度\":2020}]]]","last_polygon_uuid":"1e9472b0-0af1-4da5-bc81-44b71a5e02ea","prev_last_polygon_uuid":"41b4e91e-bf78-499c-957b-29444e2b407a","local_government_cd":"013315","point_lng":140.129654279,"point_lat":41.435587998}},{"arcs":[[397,398,399]],"type":"Polygon","properties":{"polygon_uuid":"a8b3e55c-7408-46f7-8db8-64190db20644","land_type":200,"issue_year":2024,"edit_year":2020,"history":"[{\"筆ポリゴンID\":\"a3283dbe-fdf6-488f-ac07-2ce5d6e912d3\",\"更新年度\":2023,\"前年同一\":true},[{\"筆ポリゴンID\":\"20189f92-a49a-4ef2-8118-e3aca2199b4c\",\"更新年度\":2022,\"前年同一\":true},[{\"筆ポリゴンID\":\"494859e0-e025-44e6-84cd-7977080867f4\",\"更新年度\":2021,\"前年同一\":true},{\"筆ポリゴンID\":\"494859e0-e025-44e6-84cd-7977080867f4\",\"発生年度\":2020}]]]","last_polygon_uuid":"a3283dbe-fdf6-488f-ac07-2ce5d6e912d3","prev_last_polygon_uuid":"20189f92-a49a-4ef2-8118-e3aca2199b4c","local_government_cd":"013315","point_lng":140.123725555,"point_lat":41.430007802}},{"arcs":[[400]],"type":"Polygon","properties":{"polygon_uuid":"dba4f197-3551-4fcc-8ad6-41444586da30","land_type":200,"issue_year":2024,"edit_year":2020,"history":"[{\"筆ポリゴンID\":\"5e3bd354-d0af-4505-9163-b0bc1cce5ba6\",\"更新年度\":2023,\"前年同一\":true},[{\"筆ポリゴンID\":\"d39042d3-d4b7-424c-96ad-9d5dd39a4348\",\"更新年度\":2022,\"前年同一\":true},[{\"筆ポリゴンID\":\"d5d8b069-a7b6-462c-8698-e93bd57dd68e\",\"更新年度\":2021,\"前年同一\":true},{\"筆ポリゴンID\":\"d5d8b069-a7b6-462c-8698-e93bd57dd68e\",\"発生年度\":2020}]]]","last_polygon_uuid":"5e3bd354-d0af-4505-9163-b0bc1cce5ba6","prev_last_polygon_uuid":"d39042d3-d4b7-424c-96ad-9d5dd39a4348","local_government_cd":"013315","point_lng":140.032958987,"point_lat":41.46868546}},{"arcs":[[401]],"type":"Polygon","properties":{"polygon_uuid":"f8657b9d-2ea0-428c-9dbd-641164cafe29","land_type":200,"issue_year":2024,"edit_year":2020,"history":"[{\"筆ポリゴンID\":\"9026e74d-7597-4aea-9ed4-3e83d44165f5\",\"更新年度\":2023,\"前年同一\":true},[{\"筆ポリゴンID\":\"8bce6302-9a82-4485-93b2-86e190835706\",\"更新年度\":2022,\"前年同一\":true},[{\"筆ポリゴンID\":\"9ba88cc9-8907-4803-a22b-39855f7cffb6\",\"更新年度\":2021,\"前年同一\":true},{\"筆ポリゴンID\":\"9ba88cc9-8907-4803-a22b-39855f7cffb6\",\"発生年度\":2020}]]]","last_polygon_uuid":"9026e74d-7597-4aea-9ed4-3e83d44165f5","prev_last_polygon_uuid":"8bce6302-9a82-4485-93b2-86e190835706","local_government_cd":"013315","point_lng":139.986984442,"point_lat":41.609272841}},{"arcs":[[402]],"type":"Polygon","properties":{"polygon_uuid":"b29694f3-37d5-4d9b-bfb4-289d55c9b75d","land_type":200,"issue_year":2024,"edit_year":2020,"history":"[{\"筆ポリゴンID\":\"80591e66-2680-4bbf-be5a-52e693d77cd1\",\"更新年度\":2023,\"前年同一\":true},[{\"筆ポリゴンID\":\"29b63ed4-a331-4d54-8564-ae66939eb4b1\",\"更新年度\":2022,\"前年同一\":true},[{\"筆ポリゴンID\":\"3e88a97f-15a9-4d10-b8df-b56f92d5c517\",\"更新年度\":2021,\"前年同一\":true},{\"筆ポリゴンID\":\"3e88a97f-15a9-4d10-b8df-b56f92d5c517\",\"発生年度\":2020}]]]","last_polygon_uuid":"80591e66-2680-4bbf-be5a-52e693d77cd1","prev_last_polygon_uuid":"29b63ed4-a331-4d54-8564-ae66939eb4b1","local_government_cd":"013315","point_lng":140.09225153,"point_lat":41.426563219}},{"arcs":[[403]],"type":"Polygon","properties":{"polygon_uuid":"1298443d-5251-451a-9cb4-bb7c9c438a0e","land_type":200,"issue_year":2024,"edit_year":2020,"history":"[{\"筆ポリゴンID\":\"46bb8c75-6b95-4f40-89cb-a06edc0cd144\",\"更新年度\":2023,\"前年同一\":true},[{\"筆ポリゴンID\":\"e1fe88bc-1cc1-4282-b422-37e58ef98a94\",\"更新年度\":2022,\"前年同一\":true},[{\"筆ポリゴンID\":\"431fa6cd-a16c-4a61-9384-ec6e62204594\",\"更新年度\":2021,\"前年同一\":true},{\"筆ポリゴンID\":\"431fa6cd-a16c-4a61-9384-ec6e62204594\",\"発生年度\":2020}]]]","last_polygon_uuid":"46bb8c75-6b95-4f40-89cb-a06edc0cd144","prev_last_polygon_uuid":"e1fe88bc-1cc1-4282-b422-37e58ef98a94","local_government_cd":"013315","point_lng":140.132620745,"point_lat":41.436336201}},{"arcs":[[404]],"type":"Polygon","properties":{"polygon_uuid":"823adf02-5853-49e9-b5c4-04a41465bc68","land_type":200,"issue_year":2024,"edit_year":2020,"history":"[{\"筆ポリゴンID\":\"aaf6c89f-a5c1-46f4-b774-cc81b80a88dc\",\"更新年度\":2023,\"前年同一\":true},[{\"筆ポリゴンID\":\"f2dc7fed-16ba-4e2e-8d02-f7dbbda9f2d6\",\"更新年度\":2022,\"前年同一\":true},[{\"筆ポリゴンID\":\"dff83304-dd17-4208-b7bd-75a78359ef1b\",\"更新年度\":2021,\"前年同一\":true},{\"筆ポリゴンID\":\"dff83304-dd17-4208-b7bd-75a78359ef1b\",\"発生年度\":2020}]]]","last_polygon_uuid":"aaf6c89f-a5c1-46f4-b774-cc81b80a88dc","prev_last_polygon_uuid":"f2dc7fed-16ba-4e2e-8d02-f7dbbda9f2d6","local_government_cd":"013315","point_lng":140.13463648,"point_lat":41.431271254}},{"arcs":[[405]],"type":"Polygon","properties":{"polygon_uuid":"1f7d97bd-8c6e-4aa5-8191-fb4518b1a0a5","land_type":200,"issue_year":2024,"edit_year":2020,"history":"[{\"筆ポリゴンID\":\"a8aaff83-fd34-451e-a2ca-b224b44c47ca\",\"更新年度\":2023,\"前年同一\":true},[{\"筆ポリゴンID\":\"ea8c740f-200e-4fe5-a4ea-367f75fa9d65\",\"更新年度\":2022,\"前年同一\":true},[{\"筆ポリゴンID\":\"9557e729-d98d-4ac5-adec-9723051feea1\",\"更新年度\":2021,\"前年同一\":true},{\"筆ポリゴンID\":\"9557e729-d98d-4ac5-adec-9723051feea1\",\"発生年度\":2020}]]]","last_polygon_uuid":"a8aaff83-fd34-451e-a2ca-b224b44c47ca","prev_last_polygon_uuid":"ea8c740f-200e-4fe5-a4ea-367f75fa9d65","local_government_cd":"013315","point_lng":140.009558333,"point_lat":41.516889282}},{"arcs":[[406]],"type":"Polygon","properties":{"polygon_uuid":"fe397717-ba19-4459-b3ef-afd4c7f54f5c","land_type":200,"issue_year":2024,"edit_year":2020,"history":"[{\"筆ポリゴンID\":\"51e56bd8-d9c4-4dac-9dd5-3ae4c8dc1171\",\"更新年度\":2023,\"前年同一\":true},[{\"筆ポリゴンID\":\"8ead31c2-ae04-47ad-aed8-feb30f6d1681\",\"更新年度\":2022,\"前年同一\":true},[{\"筆ポリゴンID\":\"90d1609a-2636-479b-a454-9aba7bcfc985\",\"更新年度\":2021,\"前年同一\":true},{\"筆ポリゴンID\":\"90d1609a-2636-479b-a454-9aba7bcfc985\",\"発生年度\":2020}]]]","last_polygon_uuid":"51e56bd8-d9c4-4dac-9dd5-3ae4c8dc1171","prev_last_polygon_uuid":"8ead31c2-ae04-47ad-aed8-feb30f6d1681","local_government_cd":"013315","point_lng":140.031911293,"point_lat":41.467981945}},{"arcs":[[407]],"type":"Polygon","properties":{"polygon_uuid":"b42784f1-32f5-4ff7-8a91-3065ab11b0e3","land_type":200,"issue_year":2024,"edit_year":2020,"history":"[{\"筆ポリゴンID\":\"e4e50376-96e3-43c1-9550-ceb33fbd1a74\",\"更新年度\":2023,\"前年同一\":true},[{\"筆ポリゴンID\":\"59770ac2-87b9-4c0f-b3ec-923a31ce0aa4\",\"更新年度\":2022,\"前年同一\":true},[{\"筆ポリゴンID\":\"65e2779c-0233-40b1-83d0-d640755f5480\",\"更新年度\":2021,\"前年同一\":true},{\"筆ポリゴンID\":\"65e2779c-0233-40b1-83d0-d640755f5480\",\"発生年度\":2020}]]]","last_polygon_uuid":"e4e50376-96e3-43c1-9550-ceb33fbd1a74","prev_last_polygon_uuid":"59770ac2-87b9-4c0f-b3ec-923a31ce0aa4","local_government_cd":"013315","point_lng":140.050248849,"point_lat":41.445971648}},{"arcs":[[408]],"type":"Polygon","properties":{"polygon_uuid":"9e4f7540-7c84-46e7-93d9-11e5c7144712","land_type":200,"issue_year":2024,"edit_year":2020,"history":"[{\"筆ポリゴンID\":\"297e984f-9138-4ef5-9437-0b49ee5663a0\",\"更新年度\":2023,\"前年同一\":true},[{\"筆ポリゴンID\":\"daadc739-39e2-4b85-a3a5-6ec29f24459b\",\"更新年度\":2022,\"前年同一\":true},[{\"筆ポリゴンID\":\"29952a68-f0c7-4771-9d7e-b8cd2779cee4\",\"更新年度\":2021,\"前年同一\":true},{\"筆ポリゴンID\":\"29952a68-f0c7-4771-9d7e-b8cd2779cee4\",\"発生年度\":2020}]]]","last_polygon_uuid":"297e984f-9138-4ef5-9437-0b49ee5663a0","prev_last_polygon_uuid":"daadc739-39e2-4b85-a3a5-6ec29f24459b","local_government_cd":"013315","point_lng":140.042853984,"point_lat":41.449763712}},{"arcs":[[409,410,411]],"type":"Polygon","properties":{"polygon_uuid":"4a770406-af91-480a-a194-d5995cb54899","land_type":200,"issue_year":2024,"edit_year":2020,"history":"[{\"筆ポリゴンID\":\"7f58a87e-f7bb-4568-98a4-e27269ed26fe\",\"更新年度\":2023,\"前年同一\":true},[{\"筆ポリゴンID\":\"3dee42f3-3a6d-4ccf-8eaf-13f388d5cd71\",\"更新年度\":2022,\"前年同一\":true},[{\"筆ポリゴンID\":\"5255c03c-0027-43aa-93c9-50ba18031b7d\",\"更新年度\":2021,\"前年同一\":true},{\"筆ポリゴンID\":\"5255c03c-0027-43aa-93c9-50ba18031b7d\",\"発生年度\":2020}]]]","last_polygon_uuid":"7f58a87e-f7bb-4568-98a4-e27269ed26fe","prev_last_polygon_uuid":"3dee42f3-3a6d-4ccf-8eaf-13f388d5cd71","local_government_cd":"013315","point_lng":140.173736442,"point_lat":41.413298361}},{"arcs":[[412,413,414,415]],"type":"Polygon","properties":{"polygon_uuid":"497cea47-cf12-4605-90a3-7ae2b41c877f","land_type":200,"issue_year":2024,"edit_year":2020,"history":"[{\"筆ポリゴンID\":\"53bbad7e-a426-420a-b1f6-b47864586aed\",\"更新年度\":2023,\"前年同一\":true},[{\"筆ポリゴンID\":\"17fe09b7-3734-4191-8b3b-6293eca3b9d8\",\"更新年度\":2022,\"前年同一\":true},[{\"筆ポリゴンID\":\"22a650ea-adcb-4229-93ac-58c3144f0247\",\"更新年度\":2021,\"前年同一\":true},{\"筆ポリゴンID\":\"22a650ea-adcb-4229-93ac-58c3144f0247\",\"発生年度\":2020}]]]","last_polygon_uuid":"53bbad7e-a426-420a-b1f6-b47864586aed","prev_last_polygon_uuid":"17fe09b7-3734-4191-8b3b-6293eca3b9d8","local_government_cd":"013315","point_lng":140.123021393,"point_lat":41.430838162}},{"arcs":[[416]],"type":"Polygon","properties":{"polygon_uuid":"eb8eca89-4997-40b9-84af-3d9732b23f35","land_type":200,"issue_year":2024,"edit_year":2020,"history":"[{\"筆ポリゴンID\":\"78976eb6-0736-4e49-a5d0-790161b45209\",\"更新年度\":2023,\"前年同一\":true},[{\"筆ポリゴンID\":\"481bf473-4d3e-4c2a-be4c-109223428dbb\",\"更新年度\":2022,\"前年同一\":true},[{\"筆ポリゴンID\":\"933a2ec0-cdf4-4730-a6ce-c72fccb0a00f\",\"更新年度\":2021,\"前年同一\":true},{\"筆ポリゴンID\":\"933a2ec0-cdf4-4730-a6ce-c72fccb0a00f\",\"発生年度\":2020}]]]","last_polygon_uuid":"78976eb6-0736-4e49-a5d0-790161b45209","prev_last_polygon_uuid":"481bf473-4d3e-4c2a-be4c-109223428dbb","local_government_cd":"013315","point_lng":139.984547864,"point_lat":41.610067592}},{"arcs":[[417]],"type":"Polygon","properties":{"polygon_uuid":"fa1a066d-7baf-406a-9c22-8297147c7eab","land_type":200,"issue_year":2024,"edit_year":2020,"history":"[{\"筆ポリゴンID\":\"65a7d58f-f0cc-4b27-b9f5-f80c9c7d5977\",\"更新年度\":2023,\"前年同一\":true},[{\"筆ポリゴンID\":\"27204a8a-72c9-4537-a9a0-b87cf4bd564a\",\"更新年度\":2022,\"前年同一\":true},[{\"筆ポリゴンID\":\"627e6f43-ea3a-49eb-b79a-1e4b6203d5d9\",\"更新年度\":2021,\"前年同一\":true},{\"筆ポリゴンID\":\"627e6f43-ea3a-49eb-b79a-1e4b6203d5d9\",\"発生年度\":2020}]]]","last_polygon_uuid":"65a7d58f-f0cc-4b27-b9f5-f80c9c7d5977","prev_last_polygon_uuid":"27204a8a-72c9-4537-a9a0-b87cf4bd564a","local_government_cd":"013315","point_lng":140.131551985,"point_lat":41.43469681}},{"arcs":[[418]],"type":"Polygon","properties":{"polygon_uuid":"d09aa585-eb87-401f-90b4-9fc5bb95f727","land_type":200,"issue_year":2024,"edit_year":2020,"history":"[{\"筆ポリゴンID\":\"100fc546-6505-4b27-b5cf-72d29eb3c10e\",\"更新年度\":2023,\"前年同一\":true},[{\"筆ポリゴンID\":\"e3a119e6-0ed7-4171-8033-9e1f28f7986f\",\"更新年度\":2022,\"前年同一\":true},[{\"筆ポリゴンID\":\"517d91bd-a817-47c4-bad8-723597b983c6\",\"更新年度\":2021,\"前年同一\":true},{\"筆ポリゴンID\":\"517d91bd-a817-47c4-bad8-723597b983c6\",\"発生年度\":2020}]]]","last_polygon_uuid":"100fc546-6505-4b27-b5cf-72d29eb3c10e","prev_last_polygon_uuid":"e3a119e6-0ed7-4171-8033-9e1f28f7986f","local_government_cd":"013315","point_lng":140.030521695,"point_lat":41.461240393}},{"arcs":[[419,-346,420,421,422]],"type":"Polygon","properties":{"polygon_uuid":"d1ea34f2-c7b6-42d1-a7cd-82000a271699","land_type":200,"issue_year":2024,"edit_year":2020,"history":"[{\"筆ポリゴンID\":\"26a5f0eb-7b40-4cff-8466-cafa08967736\",\"更新年度\":2023,\"前年同一\":true},[{\"筆ポリゴンID\":\"96422531-7b9b-4d93-91a2-d4b533082b3c\",\"更新年度\":2022,\"前年同一\":true},[{\"筆ポリゴンID\":\"f69eb28b-a000-4c20-8730-f9ab0f861f50\",\"更新年度\":2021,\"前年同一\":true},{\"筆ポリゴンID\":\"f69eb28b-a000-4c20-8730-f9ab0f861f50\",\"発生年度\":2020}]]]","last_polygon_uuid":"26a5f0eb-7b40-4cff-8466-cafa08967736","prev_last_polygon_uuid":"96422531-7b9b-4d93-91a2-d4b533082b3c","local_government_cd":"013315","point_lng":140.123797902,"point_lat":41.430649511}},{"arcs":[[423]],"type":"Polygon","properties":{"polygon_uuid":"d74dc188-38b3-468b-8378-786f5d6adb3a","land_type":200,"issue_year":2024,"edit_year":2020,"history":"[{\"筆ポリゴンID\":\"786cefa8-0882-45c4-a137-61fdb75163e4\",\"更新年度\":2023,\"前年同一\":true},[{\"筆ポリゴンID\":\"16ee6b02-bd9b-47d7-a209-2d253de3a4ac\",\"更新年度\":2022,\"前年同一\":true},[{\"筆ポリゴンID\":\"141e797e-1978-4324-8f3d-7d0924f80218\",\"更新年度\":2021,\"前年同一\":true},{\"筆ポリゴンID\":\"141e797e-1978-4324-8f3d-7d0924f80218\",\"発生年度\":2020}]]]","last_polygon_uuid":"786cefa8-0882-45c4-a137-61fdb75163e4","prev_last_polygon_uuid":"16ee6b02-bd9b-47d7-a209-2d253de3a4ac","local_government_cd":"013315","point_lng":140.171023502,"point_lat":41.415828028}},{"arcs":[[424]],"type":"Polygon","properties":{"polygon_uuid":"b3317653-3822-4f10-a1b3-a61edbcaa352","land_type":200,"issue_year":2024,"edit_year":2020,"history":"[{\"筆ポリゴンID\":\"77ffe448-739d-4ff8-8f0e-3ce8ab804105\",\"更新年度\":2023,\"前年同一\":true},[{\"筆ポリゴンID\":\"d4fde4b9-8b37-4c5e-9a0b-60e179a12c2c\",\"更新年度\":2022,\"前年同一\":true},[{\"筆ポリゴンID\":\"241ab31b-586b-4595-96e5-8db01c30cca8\",\"更新年度\":2021,\"前年同一\":true},{\"筆ポリゴンID\":\"241ab31b-586b-4595-96e5-8db01c30cca8\",\"発生年度\":2020}]]]","last_polygon_uuid":"77ffe448-739d-4ff8-8f0e-3ce8ab804105","prev_last_polygon_uuid":"d4fde4b9-8b37-4c5e-9a0b-60e179a12c2c","local_government_cd":"013315","point_lng":140.136448826,"point_lat":41.431347802}},{"arcs":[[425]],"type":"Polygon","properties":{"polygon_uuid":"1d9cd1ac-ef12-45a4-adcb-761b8870c40a","land_type":200,"issue_year":2024,"edit_year":2020,"history":"[{\"筆ポリゴンID\":\"a28e7e43-3c1f-4d4d-95ef-f38b88f1c3da\",\"更新年度\":2023,\"前年同一\":true},[{\"筆ポリゴンID\":\"4286333b-807d-45c2-8641-beec8746bc6f\",\"更新年度\":2022,\"前年同一\":true},[{\"筆ポリゴンID\":\"71de0ed1-278c-4327-bff2-48e1c2fce4c0\",\"更新年度\":2021,\"前年同一\":true},{\"筆ポリゴンID\":\"71de0ed1-278c-4327-bff2-48e1c2fce4c0\",\"発生年度\":2020}]]]","last_polygon_uuid":"a28e7e43-3c1f-4d4d-95ef-f38b88f1c3da","prev_last_polygon_uuid":"4286333b-807d-45c2-8641-beec8746bc6f","local_government_cd":"013315","point_lng":140.00295147,"point_lat":41.533878943}},{"arcs":[[-350,426,427,428]],"type":"Polygon","properties":{"polygon_uuid":"6fa0ab4a-cb1f-48a3-b5c9-0a8b1a69b9ed","land_type":200,"issue_year":2024,"edit_year":2020,"history":"[{\"筆ポリゴンID\":\"9146fe47-8fa4-41a2-a912-dd818a9ae218\",\"更新年度\":2023,\"前年同一\":true},[{\"筆ポリゴンID\":\"6dca6768-caf0-41b2-be10-20763bdf4db9\",\"更新年度\":2022,\"前年同一\":true},[{\"筆ポリゴンID\":\"5351b739-efb2-44dc-b988-dc9fb2591dfc\",\"更新年度\":2021,\"前年同一\":true},{\"筆ポリゴンID\":\"5351b739-efb2-44dc-b988-dc9fb2591dfc\",\"発生年度\":2020}]]]","last_polygon_uuid":"9146fe47-8fa4-41a2-a912-dd818a9ae218","prev_last_polygon_uuid":"6dca6768-caf0-41b2-be10-20763bdf4db9","local_government_cd":"013315","point_lng":140.122809332,"point_lat":41.430270338}},{"arcs":[[429]],"type":"Polygon","properties":{"polygon_uuid":"10107ffc-fbb8-49c8-9472-3606e1fb2496","land_type":200,"issue_year":2024,"edit_year":2020,"history":"[{\"筆ポリゴンID\":\"a17c2ad5-f00d-45b7-92f8-c56aacae785a\",\"更新年度\":2023,\"前年同一\":true},[{\"筆ポリゴンID\":\"2c96ab6c-fbcf-43eb-8a1d-6a07035bec34\",\"更新年度\":2022,\"前年同一\":true},[{\"筆ポリゴンID\":\"56279728-6564-42cd-94b7-1a653930f2e3\",\"更新年度\":2021,\"前年同一\":true},{\"筆ポリゴンID\":\"56279728-6564-42cd-94b7-1a653930f2e3\",\"発生年度\":2020}]]]","last_polygon_uuid":"a17c2ad5-f00d-45b7-92f8-c56aacae785a","prev_last_polygon_uuid":"2c96ab6c-fbcf-43eb-8a1d-6a07035bec34","local_government_cd":"013315","point_lng":140.105868845,"point_lat":41.433336704}},{"arcs":[[430]],"type":"Polygon","properties":{"polygon_uuid":"4261c66f-b785-4caa-a266-3c2a44609985","land_type":200,"issue_year":2024,"edit_year":2020,"history":"[{\"筆ポリゴンID\":\"de6c06f3-4589-4f65-afb7-b722acded4f2\",\"更新年度\":2023,\"前年同一\":true},[{\"筆ポリゴンID\":\"721d3851-ebb8-4443-a65c-5ae16387ed48\",\"更新年度\":2022,\"前年同一\":true},[{\"筆ポリゴンID\":\"222a66bb-2c7f-40fb-a7ee-76910c2b100b\",\"更新年度\":2021,\"前年同一\":true},{\"筆ポリゴンID\":\"222a66bb-2c7f-40fb-a7ee-76910c2b100b\",\"発生年度\":2020}]]]","last_polygon_uuid":"de6c06f3-4589-4f65-afb7-b722acded4f2","prev_last_polygon_uuid":"721d3851-ebb8-4443-a65c-5ae16387ed48","local_government_cd":"013315","point_lng":140.091044045,"point_lat":41.424489137}},{"arcs":[[431]],"type":"Polygon","properties":{"polygon_uuid":"f064a5cb-78df-481f-a9f2-b9bd018150bd","land_type":200,"issue_year":2024,"edit_year":2020,"history":"[{\"筆ポリゴンID\":\"4fd431ba-bfa1-4db4-b008-d959ffd09cbc\",\"更新年度\":2023,\"前年同一\":true},[{\"筆ポリゴンID\":\"501e21ab-f8b4-4721-90a8-7a08acb4ac33\",\"更新年度\":2022,\"前年同一\":true},[{\"筆ポリゴンID\":\"076908ee-2796-4aea-a370-68d3bfddf4bf\",\"更新年度\":2021,\"前年同一\":true},{\"筆ポリゴンID\":\"076908ee-2796-4aea-a370-68d3bfddf4bf\",\"発生年度\":2020}]]]","last_polygon_uuid":"4fd431ba-bfa1-4db4-b008-d959ffd09cbc","prev_last_polygon_uuid":"501e21ab-f8b4-4721-90a8-7a08acb4ac33","local_government_cd":"013315","point_lng":140.051576722,"point_lat":41.446090182}},{"arcs":[[432,433,434]],"type":"Polygon","properties":{"polygon_uuid":"5d388383-7ef5-4e8c-b73d-4af9fa0e44d0","land_type":200,"issue_year":2024,"edit_year":2020,"history":"[{\"筆ポリゴンID\":\"afb468f0-f95a-49aa-956a-b420a591d231\",\"更新年度\":2023,\"前年同一\":true},[{\"筆ポリゴンID\":\"27728cda-1794-437e-9e2e-b01ba038de71\",\"更新年度\":2022,\"前年同一\":true},[{\"筆ポリゴンID\":\"cc7e3e14-b21b-4877-86b2-c722c7433ab9\",\"更新年度\":2021,\"前年同一\":true},{\"筆ポリゴンID\":\"cc7e3e14-b21b-4877-86b2-c722c7433ab9\",\"発生年度\":2020}]]]","last_polygon_uuid":"afb468f0-f95a-49aa-956a-b420a591d231","prev_last_polygon_uuid":"27728cda-1794-437e-9e2e-b01ba038de71","local_government_cd":"013315","point_lng":140.095312033,"point_lat":41.42761907}},{"arcs":[[435,436,437,438,439]],"type":"Polygon","properties":{"polygon_uuid":"f9bf49b5-38d9-408a-a8a8-25e1154e195a","land_type":200,"issue_year":2024,"edit_year":2020,"history":"[{\"筆ポリゴンID\":\"808566d7-b820-4e1c-9316-8683f929b01c\",\"更新年度\":2023,\"前年同一\":true},[{\"筆ポリゴンID\":\"16f802bc-14a4-4de9-be3d-bfce794db133\",\"更新年度\":2022,\"前年同一\":true},[{\"筆ポリゴンID\":\"964b7339-beed-444b-884f-3269bb64ff80\",\"更新年度\":2021,\"前年同一\":true},{\"筆ポリゴンID\":\"964b7339-beed-444b-884f-3269bb64ff80\",\"発生年度\":2020}]]]","last_polygon_uuid":"808566d7-b820-4e1c-9316-8683f929b01c","prev_last_polygon_uuid":"16f802bc-14a4-4de9-be3d-bfce794db133","local_government_cd":"013315","point_lng":140.122617496,"point_lat":41.430706557}},{"arcs":[[440]],"type":"Polygon","properties":{"polygon_uuid":"eb123b6e-4aab-4205-9721-e1be0ef936d7","land_type":200,"issue_year":2024,"edit_year":2020,"history":"[{\"筆ポリゴンID\":\"9cbd1218-f627-46ed-9ac6-ef6859c8f231\",\"更新年度\":2023,\"前年同一\":true},[{\"筆ポリゴンID\":\"c77f8fd9-23ca-4793-87a1-e552a8da8ec9\",\"更新年度\":2022,\"前年同一\":true},[{\"筆ポリゴンID\":\"6dfcdea6-d796-4d06-8e72-d95a2aa8b830\",\"更新年度\":2021,\"前年同一\":true},{\"筆ポリゴンID\":\"6dfcdea6-d796-4d06-8e72-d95a2aa8b830\",\"発生年度\":2020}]]]","last_polygon_uuid":"9cbd1218-f627-46ed-9ac6-ef6859c8f231","prev_last_polygon_uuid":"c77f8fd9-23ca-4793-87a1-e552a8da8ec9","local_government_cd":"013315","point_lng":140.15927156,"point_lat":41.425957044}},{"arcs":[[441]],"type":"Polygon","properties":{"polygon_uuid":"2e3dd78c-782e-44f2-bdd7-446ad51a83d5","land_type":200,"issue_year":2024,"edit_year":2020,"history":"[{\"筆ポリゴンID\":\"f516350d-4c1d-406d-b97a-8c897efa72ad\",\"更新年度\":2023,\"前年同一\":true},[{\"筆ポリゴンID\":\"8863f2c7-3a4b-45fd-88d5-714dc7bb1416\",\"更新年度\":2022,\"前年同一\":true},[{\"筆ポリゴンID\":\"4199db0d-acdb-4166-96f1-1121325dcd70\",\"更新年度\":2021,\"前年同一\":true},{\"筆ポリゴンID\":\"4199db0d-acdb-4166-96f1-1121325dcd70\",\"発生年度\":2020}]]]","last_polygon_uuid":"f516350d-4c1d-406d-b97a-8c897efa72ad","prev_last_polygon_uuid":"8863f2c7-3a4b-45fd-88d5-714dc7bb1416","local_government_cd":"013315","point_lng":140.133069534,"point_lat":41.437921753}},{"arcs":[[442]],"type":"Polygon","properties":{"polygon_uuid":"718d716b-76ce-4680-afb4-be83705b25d4","land_type":200,"issue_year":2024,"edit_year":2020,"history":"[{\"筆ポリゴンID\":\"55441f23-943b-46dd-be0c-136540072059\",\"更新年度\":2023,\"前年同一\":true},[{\"筆ポリゴンID\":\"76733693-1334-46fb-bf2e-f8bed7309174\",\"更新年度\":2022,\"前年同一\":true},[{\"筆ポリゴンID\":\"4c32f0cc-51c2-472d-89e5-bd0218b9ecac\",\"更新年度\":2021,\"前年同一\":true},{\"筆ポリゴンID\":\"4c32f0cc-51c2-472d-89e5-bd0218b9ecac\",\"発生年度\":2020}]]]","last_polygon_uuid":"55441f23-943b-46dd-be0c-136540072059","prev_last_polygon_uuid":"76733693-1334-46fb-bf2e-f8bed7309174","local_government_cd":"013315","point_lng":140.176547767,"point_lat":41.411679208}},{"arcs":[[443,444,445,446]],"type":"Polygon","properties":{"polygon_uuid":"3216680e-d9d9-4e84-838e-3f82173bbf8b","land_type":200,"issue_year":2024,"edit_year":2020,"history":"[{\"筆ポリゴンID\":\"03d920e2-8eb3-48ca-9dc4-0d927ffe81e2\",\"更新年度\":2023,\"前年同一\":true},[{\"筆ポリゴンID\":\"f67ae45c-c866-43ae-be87-28c7f52c0a5c\",\"更新年度\":2022,\"前年同一\":true},[{\"筆ポリゴンID\":\"078db735-4724-4a26-8074-8cc7be259b6a\",\"更新年度\":2021,\"前年同一\":true},{\"筆ポリゴンID\":\"078db735-4724-4a26-8074-8cc7be259b6a\",\"発生年度\":2020}]]]","last_polygon_uuid":"03d920e2-8eb3-48ca-9dc4-0d927ffe81e2","prev_last_polygon_uuid":"f67ae45c-c866-43ae-be87-28c7f52c0a5c","local_government_cd":"013315","point_lng":140.122309496,"point_lat":41.430279932}},{"arcs":[[447]],"type":"Polygon","properties":{"polygon_uuid":"665715a2-a28e-4ff8-a11b-9ee7a7c7bf15","land_type":200,"issue_year":2024,"edit_year":2020,"history":"[{\"筆ポリゴンID\":\"75b229db-0271-49a9-851b-253212281427\",\"更新年度\":2023,\"前年同一\":true},[{\"筆ポリゴンID\":\"7fc73ba4-9b54-4b16-8057-5f0aff3a2a83\",\"更新年度\":2022,\"前年同一\":true},[{\"筆ポリゴンID\":\"f27ac229-81a3-4b9e-8d30-28ef4df07161\",\"更新年度\":2021,\"前年同一\":true},{\"筆ポリゴンID\":\"f27ac229-81a3-4b9e-8d30-28ef4df07161\",\"発生年度\":2020}]]]","last_polygon_uuid":"75b229db-0271-49a9-851b-253212281427","prev_last_polygon_uuid":"7fc73ba4-9b54-4b16-8057-5f0aff3a2a83","local_government_cd":"013315","point_lng":140.129843657,"point_lat":41.432293892}},{"arcs":[[448,449]],"type":"Polygon","properties":{"polygon_uuid":"04784e5e-abc6-4b28-8036-ec23775e08f9","land_type":200,"issue_year":2024,"edit_year":2020,"history":"[{\"筆ポリゴンID\":\"aef3f98b-774e-4828-bd24-0986d0023f20\",\"更新年度\":2023,\"前年同一\":true},[{\"筆ポリゴンID\":\"2e8b2975-72fe-4db7-8923-16ae6a366981\",\"更新年度\":2022,\"前年同一\":true},[{\"筆ポリゴンID\":\"e2582fba-67f5-4c09-9203-1c9a4760e95c\",\"更新年度\":2021,\"前年同一\":true},{\"筆ポリゴンID\":\"e2582fba-67f5-4c09-9203-1c9a4760e95c\",\"発生年度\":2020}]]]","last_polygon_uuid":"aef3f98b-774e-4828-bd24-0986d0023f20","prev_last_polygon_uuid":"2e8b2975-72fe-4db7-8923-16ae6a366981","local_government_cd":"013315","point_lng":140.02040464,"point_lat":41.488676776}},{"arcs":[[450]],"type":"Polygon","properties":{"polygon_uuid":"8e36be81-0dba-4f16-a07c-ab456529119c","land_type":200,"issue_year":2024,"edit_year":2020,"history":"[{\"筆ポリゴンID\":\"253f5e38-eb63-4580-a9fd-8f313caf6345\",\"更新年度\":2023,\"前年同一\":true},[{\"筆ポリゴンID\":\"3d84ec2a-dd67-450d-a111-8821652e3366\",\"更新年度\":2022,\"前年同一\":true},[{\"筆ポリゴンID\":\"d2ab2d14-d85a-47c6-b316-4e126469aa0a\",\"更新年度\":2021,\"前年同一\":true},{\"筆ポリゴンID\":\"d2ab2d14-d85a-47c6-b316-4e126469aa0a\",\"発生年度\":2020}]]]","last_polygon_uuid":"253f5e38-eb63-4580-a9fd-8f313caf6345","prev_last_polygon_uuid":"3d84ec2a-dd67-450d-a111-8821652e3366","local_government_cd":"013315","point_lng":140.017695606,"point_lat":41.502756768}},{"arcs":[[451]],"type":"Polygon","properties":{"polygon_uuid":"fb06a947-73fc-4b0f-be4e-7ec913323134","land_type":200,"issue_year":2024,"edit_year":2020,"history":"[{\"筆ポリゴンID\":\"ba0430c1-2cec-4ec3-9803-d037d920c328\",\"更新年度\":2023,\"前年同一\":true},[{\"筆ポリゴンID\":\"e95e749c-9c42-4dd6-b860-0cf347ae2040\",\"更新年度\":2022,\"前年同一\":true},[{\"筆ポリゴンID\":\"9df6196b-7585-4763-bb9a-0f4a231e3a6e\",\"更新年度\":2021,\"前年同一\":true},{\"筆ポリゴンID\":\"9df6196b-7585-4763-bb9a-0f4a231e3a6e\",\"発生年度\":2020}]]]","last_polygon_uuid":"ba0430c1-2cec-4ec3-9803-d037d920c328","prev_last_polygon_uuid":"e95e749c-9c42-4dd6-b860-0cf347ae2040","local_government_cd":"013315","point_lng":140.172676053,"point_lat":41.412845767}},{"arcs":[[452]],"type":"Polygon","properties":{"polygon_uuid":"1bd81529-d947-4ff5-bcd8-61b89c71ad84","land_type":200,"issue_year":2024,"edit_year":2020,"history":"[{\"筆ポリゴンID\":\"f5d4bf77-0171-4f43-bb05-61773fd306fd\",\"更新年度\":2023,\"前年同一\":true},[{\"筆ポリゴンID\":\"8ee9d4c6-343c-488a-97bc-0a3d29c84303\",\"更新年度\":2022,\"前年同一\":true},[{\"筆ポリゴンID\":\"da3a30c9-aa94-4c63-af49-83f37b96d5df\",\"更新年度\":2021,\"前年同一\":true},{\"筆ポリゴンID\":\"da3a30c9-aa94-4c63-af49-83f37b96d5df\",\"発生年度\":2020}]]]","last_polygon_uuid":"f5d4bf77-0171-4f43-bb05-61773fd306fd","prev_last_polygon_uuid":"8ee9d4c6-343c-488a-97bc-0a3d29c84303","local_government_cd":"013315","point_lng":139.985095897,"point_lat":41.602257576}},{"arcs":[[453]],"type":"Polygon","properties":{"polygon_uuid":"a3f3b066-1f94-4784-8623-7d888db6b363","land_type":200,"issue_year":2024,"edit_year":2020,"history":"[{\"筆ポリゴンID\":\"dbeaaa88-2bed-449a-b4da-8a3ba35600f0\",\"更新年度\":2023,\"前年同一\":true},[{\"筆ポリゴンID\":\"85663d8c-a04c-46c0-a172-70406ad3f46f\",\"更新年度\":2022,\"前年同一\":true},[{\"筆ポリゴンID\":\"01748564-899e-4f82-882c-f50109cc55ce\",\"更新年度\":2021,\"前年同一\":true},{\"筆ポリゴンID\":\"01748564-899e-4f82-882c-f50109cc55ce\",\"発生年度\":2020}]]]","last_polygon_uuid":"dbeaaa88-2bed-449a-b4da-8a3ba35600f0","prev_last_polygon_uuid":"85663d8c-a04c-46c0-a172-70406ad3f46f","local_government_cd":"013315","point_lng":140.097273293,"point_lat":41.430315256}},{"arcs":[[454]],"type":"Polygon","properties":{"polygon_uuid":"18566d7e-e108-4387-8a50-41f851f0cab6","land_type":200,"issue_year":2024,"edit_year":2020,"history":"[{\"筆ポリゴンID\":\"a004a592-3477-4f01-979b-689783922d44\",\"更新年度\":2023,\"前年同一\":true},[{\"筆ポリゴンID\":\"15a8e429-d41d-4968-994c-6ae12c40cbcc\",\"更新年度\":2022,\"前年同一\":true},[{\"筆ポリゴンID\":\"ab19e958-31a3-445f-a41d-56ac7bcda642\",\"更新年度\":2021,\"前年同一\":true},{\"筆ポリゴンID\":\"ab19e958-31a3-445f-a41d-56ac7bcda642\",\"発生年度\":2020}]]]","last_polygon_uuid":"a004a592-3477-4f01-979b-689783922d44","prev_last_polygon_uuid":"15a8e429-d41d-4968-994c-6ae12c40cbcc","local_government_cd":"013315","point_lng":140.046454933,"point_lat":41.449554353}},{"arcs":[[455,456,457,458]],"type":"Polygon","properties":{"polygon_uuid":"f3d4af20-db31-425e-a12b-c522990d6373","land_type":200,"issue_year":2024,"edit_year":2020,"history":"[{\"筆ポリゴンID\":\"e69c59ef-1b3f-4feb-8e53-0770a0960347\",\"更新年度\":2023,\"前年同一\":true},[{\"筆ポリゴンID\":\"9a2a7037-4bb6-406f-90de-effcda401d72\",\"更新年度\":2022,\"前年同一\":true},[{\"筆ポリゴンID\":\"a40de8da-cf9c-4c59-88d8-4a54b29522c3\",\"更新年度\":2021,\"前年同一\":true},{\"筆ポリゴンID\":\"a40de8da-cf9c-4c59-88d8-4a54b29522c3\",\"発生年度\":2020}]]]","last_polygon_uuid":"e69c59ef-1b3f-4feb-8e53-0770a0960347","prev_last_polygon_uuid":"9a2a7037-4bb6-406f-90de-effcda401d72","local_government_cd":"013315","point_lng":140.17410015,"point_lat":41.413466296}},{"arcs":[[459]],"type":"Polygon","properties":{"polygon_uuid":"bd5352bc-609c-470b-98bd-58d429082f8d","land_type":200,"issue_year":2024,"edit_year":2020,"history":"[{\"筆ポリゴンID\":\"07175654-7acc-40d9-bc30-349808f30ce6\",\"更新年度\":2023,\"前年同一\":true},[{\"筆ポリゴンID\":\"3874eeb3-5f1a-45ff-9b4f-9e9cede2ba16\",\"更新年度\":2022,\"前年同一\":true},[{\"筆ポリゴンID\":\"f4e137a9-721b-44db-a1ad-b61f22ef11b1\",\"更新年度\":2021,\"前年同一\":true},{\"筆ポリゴンID\":\"f4e137a9-721b-44db-a1ad-b61f22ef11b1\",\"発生年度\":2020}]]]","last_polygon_uuid":"07175654-7acc-40d9-bc30-349808f30ce6","prev_last_polygon_uuid":"3874eeb3-5f1a-45ff-9b4f-9e9cede2ba16","local_government_cd":"013315","point_lng":140.004591253,"point_lat":41.525713541}},{"arcs":[[460]],"type":"Polygon","properties":{"polygon_uuid":"7e63da0d-070f-42bb-bc15-109f9417125b","land_type":200,"issue_year":2024,"edit_year":2020,"history":"[{\"筆ポリゴンID\":\"7d894c53-e9c7-4bf4-a3b6-0333e28c45ec\",\"更新年度\":2023,\"前年同一\":true},[{\"筆ポリゴンID\":\"1f4ad9b1-673b-4110-b5ec-807ae55fc5e4\",\"更新年度\":2022,\"前年同一\":true},[{\"筆ポリゴンID\":\"88f3b6a0-151e-42c4-bbc8-1bcdb15b2f23\",\"更新年度\":2021,\"前年同一\":true},{\"筆ポリゴンID\":\"88f3b6a0-151e-42c4-bbc8-1bcdb15b2f23\",\"発生年度\":2020}]]]","last_polygon_uuid":"7d894c53-e9c7-4bf4-a3b6-0333e28c45ec","prev_last_polygon_uuid":"1f4ad9b1-673b-4110-b5ec-807ae55fc5e4","local_government_cd":"013315","point_lng":139.996587351,"point_lat":41.54278843}},{"arcs":[[461]],"type":"Polygon","properties":{"polygon_uuid":"034b93c4-a4c3-4adf-b46e-3ed6d1e00ec2","land_type":200,"issue_year":2024,"edit_year":2020,"history":"[{\"筆ポリゴンID\":\"4d0b9bd5-195d-40c9-a9d2-f0629d1d8dcd\",\"更新年度\":2023,\"前年同一\":true},[{\"筆ポリゴンID\":\"3eff0871-863c-4d69-b42c-30a30e4a4b4e\",\"更新年度\":2022,\"前年同一\":true},[{\"筆ポリゴンID\":\"073b70fa-397b-4023-b66c-73ba16179049\",\"更新年度\":2021,\"前年同一\":true},{\"筆ポリゴンID\":\"073b70fa-397b-4023-b66c-73ba16179049\",\"発生年度\":2020}]]]","last_polygon_uuid":"4d0b9bd5-195d-40c9-a9d2-f0629d1d8dcd","prev_last_polygon_uuid":"3eff0871-863c-4d69-b42c-30a30e4a4b4e","local_government_cd":"013315","point_lng":140.172493655,"point_lat":41.415937875}},{"arcs":[[462]],"type":"Polygon","properties":{"polygon_uuid":"611326f0-2587-4060-ac82-e1e9e337ca11","land_type":200,"issue_year":2024,"edit_year":2020,"history":"[{\"筆ポリゴンID\":\"cfc43cea-11f4-403a-89c7-59e87ee673a9\",\"更新年度\":2023,\"前年同一\":true},[{\"筆ポリゴンID\":\"b7eb4817-5544-4c17-a8c8-e6b76aa96203\",\"更新年度\":2022,\"前年同一\":true},[{\"筆ポリゴンID\":\"a168c343-3b45-4feb-8148-cbc6397577c1\",\"更新年度\":2021,\"前年同一\":true},{\"筆ポリゴンID\":\"a168c343-3b45-4feb-8148-cbc6397577c1\",\"発生年度\":2020}]]]","last_polygon_uuid":"cfc43cea-11f4-403a-89c7-59e87ee673a9","prev_last_polygon_uuid":"b7eb4817-5544-4c17-a8c8-e6b76aa96203","local_government_cd":"013315","point_lng":140.140571982,"point_lat":41.428396833}},{"arcs":[[463]],"type":"Polygon","properties":{"polygon_uuid":"7c03f928-9622-4b7c-88fe-2d1875006677","land_type":200,"issue_year":2024,"edit_year":2020,"history":"[{\"筆ポリゴンID\":\"256f3fa9-dd08-4469-ba21-ba1497e24e65\",\"更新年度\":2023,\"前年同一\":true},[{\"筆ポリゴンID\":\"dc59b13c-36d2-47fc-87af-419041a8ba9a\",\"更新年度\":2022,\"前年同一\":true},[{\"筆ポリゴンID\":\"2dc4e3b2-f00d-4b15-a076-18cba7693466\",\"更新年度\":2021,\"前年同一\":true},{\"筆ポリゴンID\":\"2dc4e3b2-f00d-4b15-a076-18cba7693466\",\"発生年度\":2020}]]]","last_polygon_uuid":"256f3fa9-dd08-4469-ba21-ba1497e24e65","prev_last_polygon_uuid":"dc59b13c-36d2-47fc-87af-419041a8ba9a","local_government_cd":"013315","point_lng":140.178443154,"point_lat":41.408342546}},{"arcs":[[464]],"type":"Polygon","properties":{"polygon_uuid":"22c6f98c-e709-4cd7-b55f-3e153dfed3df","land_type":200,"issue_year":2024,"edit_year":2020,"history":"[{\"筆ポリゴンID\":\"51294ecc-c3a4-45a5-87c2-146f0bc51e4b\",\"更新年度\":2023,\"前年同一\":true},[{\"筆ポリゴンID\":\"e9c95494-e15c-4c8e-93d2-aad7abba2c51\",\"更新年度\":2022,\"前年同一\":true},[{\"筆ポリゴンID\":\"9a3e011e-098e-4542-862b-cfbfcd0c4915\",\"更新年度\":2021,\"前年同一\":true},{\"筆ポリゴンID\":\"9a3e011e-098e-4542-862b-cfbfcd0c4915\",\"発生年度\":2020}]]]","last_polygon_uuid":"51294ecc-c3a4-45a5-87c2-146f0bc51e4b","prev_last_polygon_uuid":"e9c95494-e15c-4c8e-93d2-aad7abba2c51","local_government_cd":"013315","point_lng":140.09668264,"point_lat":41.430522439}},{"arcs":[[465]],"type":"Polygon","properties":{"polygon_uuid":"6b1409d1-fd78-4c8c-a6a3-453a6dd6c72a","land_type":200,"issue_year":2024,"edit_year":2020,"history":"[{\"筆ポリゴンID\":\"4970a0a5-9823-4a26-a7b2-d6e61796bb4c\",\"更新年度\":2023,\"前年同一\":true},[{\"筆ポリゴンID\":\"0ff4467e-9ba3-44df-8500-aa7b848f813a\",\"更新年度\":2022,\"前年同一\":true},[{\"筆ポリゴンID\":\"f706a7ef-1b4e-4ac8-9135-81e8ab42a3dc\",\"更新年度\":2021,\"前年同一\":true},{\"筆ポリゴンID\":\"f706a7ef-1b4e-4ac8-9135-81e8ab42a3dc\",\"発生年度\":2020}]]]","last_polygon_uuid":"4970a0a5-9823-4a26-a7b2-d6e61796bb4c","prev_last_polygon_uuid":"0ff4467e-9ba3-44df-8500-aa7b848f813a","local_government_cd":"013315","point_lng":140.008260349,"point_lat":41.520059187}},{"arcs":[[466]],"type":"Polygon","properties":{"polygon_uuid":"71283192-aa3b-4cd8-b2c9-2a859859c49d","land_type":200,"issue_year":2024,"edit_year":2020,"history":"[{\"筆ポリゴンID\":\"ff6789a4-b12c-4c33-8222-ceca8a8c5b9f\",\"更新年度\":2023,\"前年同一\":true},[{\"筆ポリゴンID\":\"62b789a3-330d-42c8-8fcd-4bf6aec89c87\",\"更新年度\":2022,\"前年同一\":true},[{\"筆ポリゴンID\":\"d40db937-3909-478d-bd63-18f5d57236de\",\"更新年度\":2021,\"前年同一\":true},{\"筆ポリゴンID\":\"d40db937-3909-478d-bd63-18f5d57236de\",\"発生年度\":2020}]]]","last_polygon_uuid":"ff6789a4-b12c-4c33-8222-ceca8a8c5b9f","prev_last_polygon_uuid":"62b789a3-330d-42c8-8fcd-4bf6aec89c87","local_government_cd":"013315","point_lng":139.987923593,"point_lat":41.60853862}},{"arcs":[[467,468,469,470,-414]],"type":"Polygon","properties":{"polygon_uuid":"30573752-5ebc-4143-ad11-ebdc55eaa53b","land_type":200,"issue_year":2024,"edit_year":2020,"history":"[{\"筆ポリゴンID\":\"82d34bfa-0847-45ac-999c-e47721610b57\",\"更新年度\":2023,\"前年同一\":true},[{\"筆ポリゴンID\":\"7d43e4ec-e808-4b2b-954b-3362b43edbbb\",\"更新年度\":2022,\"前年同一\":true},[{\"筆ポリゴンID\":\"1f833b93-ede0-4124-bec3-22aacdf7ec0d\",\"更新年度\":2021,\"前年同一\":true},{\"筆ポリゴンID\":\"1f833b93-ede0-4124-bec3-22aacdf7ec0d\",\"発生年度\":2020}]]]","last_polygon_uuid":"82d34bfa-0847-45ac-999c-e47721610b57","prev_last_polygon_uuid":"7d43e4ec-e808-4b2b-954b-3362b43edbbb","local_government_cd":"013315","point_lng":140.123226775,"point_lat":41.430837564}},{"arcs":[[471]],"type":"Polygon","properties":{"polygon_uuid":"a587c139-02b7-4a3e-9c0b-eebd68792dbe","land_type":200,"issue_year":2024,"edit_year":2020,"history":"[{\"筆ポリゴンID\":\"bb554eec-9c7d-409b-913b-8e23fc7b4708\",\"更新年度\":2023,\"前年同一\":true},[{\"筆ポリゴンID\":\"082bf9ec-2bfc-41e3-bfb7-f3fa5f3e00e3\",\"更新年度\":2022,\"前年同一\":true},[{\"筆ポリゴンID\":\"82dfaadf-ee5e-48b3-a7df-0bb498f93b6c\",\"更新年度\":2021,\"前年同一\":true},{\"筆ポリゴンID\":\"82dfaadf-ee5e-48b3-a7df-0bb498f93b6c\",\"発生年度\":2020}]]]","last_polygon_uuid":"bb554eec-9c7d-409b-913b-8e23fc7b4708","prev_last_polygon_uuid":"082bf9ec-2bfc-41e3-bfb7-f3fa5f3e00e3","local_government_cd":"013315","point_lng":139.995373439,"point_lat":41.546030628}},{"arcs":[[472]],"type":"Polygon","properties":{"polygon_uuid":"54b05dd3-801a-4323-89bc-2a4c26d3237b","land_type":200,"issue_year":2024,"edit_year":2020,"history":"[{\"筆ポリゴンID\":\"0e73a2b7-8359-42a4-ac45-b7690bc3b04f\",\"更新年度\":2023,\"前年同一\":true},[{\"筆ポリゴンID\":\"8baf5ba9-e003-40c1-9626-cb924a57c3d4\",\"更新年度\":2022,\"前年同一\":true},[{\"筆ポリゴンID\":\"92941847-fb3f-4e78-a1df-0c87b7148dc6\",\"更新年度\":2021,\"前年同一\":true},{\"筆ポリゴンID\":\"92941847-fb3f-4e78-a1df-0c87b7148dc6\",\"発生年度\":2020}]]]","last_polygon_uuid":"0e73a2b7-8359-42a4-ac45-b7690bc3b04f","prev_last_polygon_uuid":"8baf5ba9-e003-40c1-9626-cb924a57c3d4","local_government_cd":"013315","point_lng":140.052782314,"point_lat":41.443761694}},{"arcs":[[473,-379,474,475]],"type":"Polygon","properties":{"polygon_uuid":"53f54db6-ba25-4d41-a793-fa03a5782c85","land_type":200,"issue_year":2024,"edit_year":2020,"history":"[{\"筆ポリゴンID\":\"65fc7274-57e9-4bee-bd03-5763d37e69b8\",\"更新年度\":2023,\"前年同一\":true},[{\"筆ポリゴンID\":\"3370e4e5-63de-496c-88aa-21571123e9f2\",\"更新年度\":2022,\"前年同一\":true},[{\"筆ポリゴンID\":\"8787a2e2-4d87-43e5-906a-1e60dd8a0d89\",\"更新年度\":2021,\"前年同一\":true},{\"筆ポリゴンID\":\"8787a2e2-4d87-43e5-906a-1e60dd8a0d89\",\"発生年度\":2020}]]]","last_polygon_uuid":"65fc7274-57e9-4bee-bd03-5763d37e69b8","prev_last_polygon_uuid":"3370e4e5-63de-496c-88aa-21571123e9f2","local_government_cd":"013315","point_lng":140.123871536,"point_lat":41.431100147}},{"arcs":[[476]],"type":"Polygon","properties":{"polygon_uuid":"a06b6682-aabe-46ec-8dc5-e73d8197496c","land_type":200,"issue_year":2024,"edit_year":2020,"history":"[{\"筆ポリゴンID\":\"30480a4b-414f-48b7-a180-f3e1cdbf86d6\",\"更新年度\":2023,\"前年同一\":true},[{\"筆ポリゴンID\":\"5dd488f2-1df9-40a5-a179-81e2ae5aa0bb\",\"更新年度\":2022,\"前年同一\":true},[{\"筆ポリゴンID\":\"dffe4a1a-27bc-49db-a554-553ba962eb6c\",\"更新年度\":2021,\"前年同一\":true},{\"筆ポリゴンID\":\"dffe4a1a-27bc-49db-a554-553ba962eb6c\",\"発生年度\":2020}]]]","last_polygon_uuid":"30480a4b-414f-48b7-a180-f3e1cdbf86d6","prev_last_polygon_uuid":"5dd488f2-1df9-40a5-a179-81e2ae5aa0bb","local_government_cd":"013315","point_lng":140.175404819,"point_lat":41.412519136}},{"arcs":[[477]],"type":"Polygon","properties":{"polygon_uuid":"44ce52a1-f21e-439f-9860-3dd8534b4639","land_type":200,"issue_year":2024,"edit_year":2020,"history":"[{\"筆ポリゴンID\":\"d93b0bf1-240b-4de9-943d-5484936a2c26\",\"更新年度\":2023,\"前年同一\":true},[{\"筆ポリゴンID\":\"df1c286f-a001-4a82-b558-0b672eac2fc7\",\"更新年度\":2022,\"前年同一\":true},[{\"筆ポリゴンID\":\"4dbb1720-6794-4d73-a35d-b51c012d6ada\",\"更新年度\":2021,\"前年同一\":true},{\"筆ポリゴンID\":\"4dbb1720-6794-4d73-a35d-b51c012d6ada\",\"発生年度\":2020}]]]","last_polygon_uuid":"d93b0bf1-240b-4de9-943d-5484936a2c26","prev_last_polygon_uuid":"df1c286f-a001-4a82-b558-0b672eac2fc7","local_government_cd":"013315","point_lng":139.987104647,"point_lat":41.599401803}},{"arcs":[[478,479,480]],"type":"Polygon","properties":{"polygon_uuid":"9e5b6446-b0f1-4420-917a-89764086b00a","land_type":200,"issue_year":2024,"edit_year":2020,"history":"[{\"筆ポリゴンID\":\"0e8ac68c-5962-4993-a88b-e9421534ee5d\",\"更新年度\":2023,\"前年同一\":true},[{\"筆ポリゴンID\":\"797a2a91-7d10-4cfe-a33e-ad2ccbc8393e\",\"更新年度\":2022,\"前年同一\":true},[{\"筆ポリゴンID\":\"2613a146-4398-4025-b87a-da4af578f9cb\",\"更新年度\":2021,\"前年同一\":true},{\"筆ポリゴンID\":\"2613a146-4398-4025-b87a-da4af578f9cb\",\"発生年度\":2020}]]]","last_polygon_uuid":"0e8ac68c-5962-4993-a88b-e9421534ee5d","prev_last_polygon_uuid":"797a2a91-7d10-4cfe-a33e-ad2ccbc8393e","local_government_cd":"013315","point_lng":140.093237487,"point_lat":41.427999591}},{"arcs":[[481,482,483]],"type":"Polygon","properties":{"polygon_uuid":"ebe6f6c3-0048-435a-a143-a610dcec193c","land_type":200,"issue_year":2024,"edit_year":2020,"history":"[{\"筆ポリゴンID\":\"33e0221b-808b-43db-ae93-c1f1184fadc5\",\"更新年度\":2023,\"前年同一\":true},[{\"筆ポリゴンID\":\"48b365f3-269b-4300-81aa-25b7c7d15179\",\"更新年度\":2022,\"前年同一\":true},[{\"筆ポリゴンID\":\"583a0762-3ef9-4f76-9075-e8ebb238332e\",\"更新年度\":2021,\"前年同一\":true},{\"筆ポリゴンID\":\"583a0762-3ef9-4f76-9075-e8ebb238332e\",\"発生年度\":2020}]]]","last_polygon_uuid":"33e0221b-808b-43db-ae93-c1f1184fadc5","prev_last_polygon_uuid":"48b365f3-269b-4300-81aa-25b7c7d15179","local_government_cd":"013315","point_lng":140.12645528,"point_lat":41.431890852}},{"arcs":[[484]],"type":"Polygon","properties":{"polygon_uuid":"1c77c09c-d24c-4adf-835d-97a5fb93ebdd","land_type":200,"issue_year":2024,"edit_year":2020,"history":"[{\"筆ポリゴンID\":\"5a4403da-46e5-4242-9701-e0e72c03de66\",\"更新年度\":2023,\"前年同一\":true},[{\"筆ポリゴンID\":\"32ba2522-7bd1-49bd-b17d-78f5c545c1ce\",\"更新年度\":2022,\"前年同一\":true},[{\"筆ポリゴンID\":\"58a6c389-d527-4ee8-8602-a3b26240ab81\",\"更新年度\":2021,\"前年同一\":true},{\"筆ポリゴンID\":\"58a6c389-d527-4ee8-8602-a3b26240ab81\",\"発生年度\":2020}]]]","last_polygon_uuid":"5a4403da-46e5-4242-9701-e0e72c03de66","prev_last_polygon_uuid":"32ba2522-7bd1-49bd-b17d-78f5c545c1ce","local_government_cd":"013315","point_lng":140.099464165,"point_lat":41.431710307}},{"arcs":[[485]],"type":"Polygon","properties":{"polygon_uuid":"80be7191-1186-4a73-9288-ba3fb9f2272a","land_type":200,"issue_year":2024,"edit_year":2020,"history":"[{\"筆ポリゴンID\":\"6ce009d3-f7f6-45be-beb2-097340373991\",\"更新年度\":2023,\"前年同一\":true},[{\"筆ポリゴンID\":\"188b481b-0b23-41ef-82b7-68858736ab15\",\"更新年度\":2022,\"前年同一\":true},[{\"筆ポリゴンID\":\"6edd8f0c-ae5c-4b55-869c-4a2af0b189e9\",\"更新年度\":2021,\"前年同一\":true},{\"筆ポリゴンID\":\"6edd8f0c-ae5c-4b55-869c-4a2af0b189e9\",\"発生年度\":2020}]]]","last_polygon_uuid":"6ce009d3-f7f6-45be-beb2-097340373991","prev_last_polygon_uuid":"188b481b-0b23-41ef-82b7-68858736ab15","local_government_cd":"013315","point_lng":140.053595237,"point_lat":41.443420592}},{"arcs":[[486]],"type":"Polygon","properties":{"polygon_uuid":"c224f08e-78b3-499d-a6f4-79d52e0b76a0","land_type":200,"issue_year":2024,"edit_year":2020,"history":"[{\"筆ポリゴンID\":\"6daa7718-2e96-4b4a-a2fb-38880e5ac895\",\"更新年度\":2023,\"前年同一\":true},[{\"筆ポリゴンID\":\"4f264cc0-9a08-4164-a936-eb3ebbc2dfce\",\"更新年度\":2022,\"前年同一\":true},[{\"筆ポリゴンID\":\"5b7ff584-842a-42bb-9418-b9bccf47d9be\",\"更新年度\":2021,\"前年同一\":true},{\"筆ポリゴンID\":\"5b7ff584-842a-42bb-9418-b9bccf47d9be\",\"発生年度\":2020}]]]","last_polygon_uuid":"6daa7718-2e96-4b4a-a2fb-38880e5ac895","prev_last_polygon_uuid":"4f264cc0-9a08-4164-a936-eb3ebbc2dfce","local_government_cd":"013315","point_lng":140.035076512,"point_lat":41.459196964}},{"arcs":[[487,488]],"type":"Polygon","properties":{"polygon_uuid":"f7ae49e7-136c-46cb-bdbc-5b6cccb4130e","land_type":200,"issue_year":2024,"edit_year":2020,"history":"[{\"筆ポリゴンID\":\"4a5de511-37b7-4cdd-9e28-c727fed7a403\",\"更新年度\":2023,\"前年同一\":true},[{\"筆ポリゴンID\":\"bd2aef2c-21a0-4da5-90d2-c18dd7ac6e13\",\"更新年度\":2022,\"前年同一\":true},[{\"筆ポリゴンID\":\"844ce84b-48dc-4256-8cb0-aa93eead71fc\",\"更新年度\":2021,\"前年同一\":true},{\"筆ポリゴンID\":\"844ce84b-48dc-4256-8cb0-aa93eead71fc\",\"発生年度\":2020}]]]","last_polygon_uuid":"4a5de511-37b7-4cdd-9e28-c727fed7a403","prev_last_polygon_uuid":"bd2aef2c-21a0-4da5-90d2-c18dd7ac6e13","local_government_cd":"013315","point_lng":140.087223448,"point_lat":41.422945935}},{"arcs":[[489]],"type":"Polygon","properties":{"polygon_uuid":"395bfdb5-a922-4b5a-99d6-ed5b6dd70bf1","land_type":200,"issue_year":2024,"edit_year":2020,"history":"[{\"筆ポリゴンID\":\"d1936f50-ecb6-402e-8d0b-3f1e789eeceb\",\"更新年度\":2023,\"前年同一\":true},[{\"筆ポリゴンID\":\"5bddebf0-2df4-4142-9cc4-dc6176f43ddb\",\"更新年度\":2022,\"前年同一\":true},[{\"筆ポリゴンID\":\"5118ec78-0882-4257-8659-dece2b469906\",\"更新年度\":2021,\"前年同一\":true},{\"筆ポリゴンID\":\"5118ec78-0882-4257-8659-dece2b469906\",\"発生年度\":2020}]]]","last_polygon_uuid":"d1936f50-ecb6-402e-8d0b-3f1e789eeceb","prev_last_polygon_uuid":"5bddebf0-2df4-4142-9cc4-dc6176f43ddb","local_government_cd":"013315","point_lng":140.018026549,"point_lat":41.493219774}},{"arcs":[[490]],"type":"Polygon","properties":{"polygon_uuid":"c2661a07-4e91-4334-9bd2-9297d80859cf","land_type":200,"issue_year":2024,"edit_year":2020,"history":"[{\"筆ポリゴンID\":\"b3cb5b15-0728-4af5-8aa3-1b726d4a1bdc\",\"更新年度\":2023,\"前年同一\":true},[{\"筆ポリゴンID\":\"f26af7ef-1cde-4654-9d25-e5c7ea559f76\",\"更新年度\":2022,\"前年同一\":true},[{\"筆ポリゴンID\":\"0d2a9b94-f23d-4887-a8f6-798c71125d53\",\"更新年度\":2021,\"前年同一\":true},{\"筆ポリゴンID\":\"0d2a9b94-f23d-4887-a8f6-798c71125d53\",\"発生年度\":2020}]]]","last_polygon_uuid":"b3cb5b15-0728-4af5-8aa3-1b726d4a1bdc","prev_last_polygon_uuid":"f26af7ef-1cde-4654-9d25-e5c7ea559f76","local_government_cd":"013315","point_lng":140.0320039,"point_lat":41.461370743}},{"arcs":[[491]],"type":"Polygon","properties":{"polygon_uuid":"c466a2f4-ab3b-4656-8733-51d7aadad138","land_type":200,"issue_year":2024,"edit_year":2020,"history":"[{\"筆ポリゴンID\":\"e65aa145-b512-48db-98a6-d7ff00babe85\",\"更新年度\":2023,\"前年同一\":true},[{\"筆ポリゴンID\":\"c0041970-d60d-40a3-843f-ad7972746cf1\",\"更新年度\":2022,\"前年同一\":true},[{\"筆ポリゴンID\":\"4af0bd6d-a29c-41d4-8468-6003a537f858\",\"更新年度\":2021,\"前年同一\":true},{\"筆ポリゴンID\":\"4af0bd6d-a29c-41d4-8468-6003a537f858\",\"発生年度\":2020}]]]","last_polygon_uuid":"e65aa145-b512-48db-98a6-d7ff00babe85","prev_last_polygon_uuid":"c0041970-d60d-40a3-843f-ad7972746cf1","local_government_cd":"013315","point_lng":140.031661645,"point_lat":41.464130744}},{"arcs":[[492]],"type":"Polygon","properties":{"polygon_uuid":"c4264453-8f43-41c6-ad2d-8e3b89509039","land_type":200,"issue_year":2024,"edit_year":2020,"history":"[{\"筆ポリゴンID\":\"7a350dfa-a4df-44be-bbea-90bda97be41a\",\"更新年度\":2023,\"前年同一\":true},[{\"筆ポリゴンID\":\"798a9d71-0eaf-4849-83e2-8447094b7df8\",\"更新年度\":2022,\"前年同一\":true},[{\"筆ポリゴンID\":\"e6185e68-b7eb-413e-9b7d-89d7d9e7f1f4\",\"更新年度\":2021,\"前年同一\":true},{\"筆ポリゴンID\":\"e6185e68-b7eb-413e-9b7d-89d7d9e7f1f4\",\"発生年度\":2020}]]]","last_polygon_uuid":"7a350dfa-a4df-44be-bbea-90bda97be41a","prev_last_polygon_uuid":"798a9d71-0eaf-4849-83e2-8447094b7df8","local_government_cd":"013315","point_lng":139.988505289,"point_lat":41.556107584}},{"arcs":[[493]],"type":"Polygon","properties":{"polygon_uuid":"0edc3d05-096f-4ba3-b890-07333641248d","land_type":200,"issue_year":2024,"edit_year":2020,"history":"[{\"筆ポリゴンID\":\"fa89aade-26c4-4e9c-860a-bd3972bf4d43\",\"更新年度\":2023,\"前年同一\":true},[{\"筆ポリゴンID\":\"eb11ee8a-1c36-41dc-9cd7-0116aacf6c6f\",\"更新年度\":2022,\"前年同一\":true},[{\"筆ポリゴンID\":\"f55fe71e-1384-415b-910d-1eb323e74ded\",\"更新年度\":2021,\"前年同一\":true},{\"筆ポリゴンID\":\"f55fe71e-1384-415b-910d-1eb323e74ded\",\"発生年度\":2020}]]]","last_polygon_uuid":"fa89aade-26c4-4e9c-860a-bd3972bf4d43","prev_last_polygon_uuid":"eb11ee8a-1c36-41dc-9cd7-0116aacf6c6f","local_government_cd":"013315","point_lng":140.035533609,"point_lat":41.459636969}},{"arcs":[[494,495,-294,-94,496,497]],"type":"Polygon","properties":{"polygon_uuid":"e6156938-a88f-4e34-bb23-1c22125a84bd","land_type":200,"issue_year":2024,"edit_year":2020,"history":"[{\"筆ポリゴンID\":\"922ce3d2-b207-42a2-8ce9-573b34826494\",\"更新年度\":2023,\"前年同一\":true},[{\"筆ポリゴンID\":\"e7fe2de4-f950-4a44-8600-15e98fe713d0\",\"更新年度\":2022,\"前年同一\":true},[{\"筆ポリゴンID\":\"34de9a9c-d1f3-4bbd-890b-d384aac317c1\",\"更新年度\":2021,\"前年同一\":true},{\"筆ポリゴンID\":\"34de9a9c-d1f3-4bbd-890b-d384aac317c1\",\"発生年度\":2020}]]]","last_polygon_uuid":"922ce3d2-b207-42a2-8ce9-573b34826494","prev_last_polygon_uuid":"e7fe2de4-f950-4a44-8600-15e98fe713d0","local_government_cd":"013315","point_lng":140.023107817,"point_lat":41.488088767}},{"arcs":[[498]],"type":"Polygon","properties":{"polygon_uuid":"f8288fb8-da11-4751-9dc9-23633a6a9bac","land_type":200,"issue_year":2024,"edit_year":2020,"history":"[{\"筆ポリゴンID\":\"7ca9e3a7-b5c5-45c7-8307-e2244e87fc4c\",\"更新年度\":2023,\"前年同一\":true},[{\"筆ポリゴンID\":\"2191591f-2a79-44b7-9f3a-0b4171a84bf2\",\"更新年度\":2022,\"前年同一\":true},[{\"筆ポリゴンID\":\"78e3ad71-0cfc-45fb-8701-6edc52379345\",\"更新年度\":2021,\"前年同一\":true},{\"筆ポリゴンID\":\"78e3ad71-0cfc-45fb-8701-6edc52379345\",\"発生年度\":2020}]]]","last_polygon_uuid":"7ca9e3a7-b5c5-45c7-8307-e2244e87fc4c","prev_last_polygon_uuid":"2191591f-2a79-44b7-9f3a-0b4171a84bf2","local_government_cd":"013315","point_lng":140.12892441,"point_lat":41.432408055}},{"arcs":[[499]],"type":"Polygon","properties":{"polygon_uuid":"beb7bdba-c1d9-446c-a4b3-a8185544fc31","land_type":200,"issue_year":2024,"edit_year":2020,"history":"[{\"筆ポリゴンID\":\"6dbbe956-3690-4b8d-9027-c7f77dbbad2c\",\"更新年度\":2023,\"前年同一\":true},[{\"筆ポリゴンID\":\"86179422-22e5-4302-9f01-2a5886c41fc8\",\"更新年度\":2022,\"前年同一\":true},[{\"筆ポリゴンID\":\"199c12ea-ca3f-4d3c-8fb7-69f05415789a\",\"更新年度\":2021,\"前年同一\":true},{\"筆ポリゴンID\":\"199c12ea-ca3f-4d3c-8fb7-69f05415789a\",\"発生年度\":2020}]]]","last_polygon_uuid":"6dbbe956-3690-4b8d-9027-c7f77dbbad2c","prev_last_polygon_uuid":"86179422-22e5-4302-9f01-2a5886c41fc8","local_government_cd":"013315","point_lng":140.12967155,"point_lat":41.43171823}},{"arcs":[[500]],"type":"Polygon","properties":{"polygon_uuid":"8d4470ed-4e68-4bc7-acbd-c98524029436","land_type":200,"issue_year":2024,"edit_year":2020,"history":"[{\"筆ポリゴンID\":\"c1f38473-f00d-4236-a982-55ca0558d07f\",\"更新年度\":2023,\"前年同一\":true},[{\"筆ポリゴンID\":\"37450ae0-b531-44ce-b24c-b03eae99f876\",\"更新年度\":2022,\"前年同一\":true},[{\"筆ポリゴンID\":\"a6096270-9feb-4106-9896-7a768510cbfe\",\"更新年度\":2021,\"前年同一\":true},{\"筆ポリゴンID\":\"a6096270-9feb-4106-9896-7a768510cbfe\",\"発生年度\":2020}]]]","last_polygon_uuid":"c1f38473-f00d-4236-a982-55ca0558d07f","prev_last_polygon_uuid":"37450ae0-b531-44ce-b24c-b03eae99f876","local_government_cd":"013315","point_lng":140.115244268,"point_lat":41.430091373}},{"arcs":[[501]],"type":"Polygon","properties":{"polygon_uuid":"364658a8-0d8a-4ee5-932e-86a578634d37","land_type":200,"issue_year":2024,"edit_year":2020,"history":"[{\"筆ポリゴンID\":\"9082eb41-0224-4cf1-b253-e0c469a2380b\",\"更新年度\":2023,\"前年同一\":true},[{\"筆ポリゴンID\":\"7c8020e1-e37b-4124-b07c-3568769cf3ed\",\"更新年度\":2022,\"前年同一\":true},[{\"筆ポリゴンID\":\"9b71c6fa-4e26-41fe-848a-a41c498ea243\",\"更新年度\":2021,\"前年同一\":true},{\"筆ポリゴンID\":\"9b71c6fa-4e26-41fe-848a-a41c498ea243\",\"発生年度\":2020}]]]","last_polygon_uuid":"9082eb41-0224-4cf1-b253-e0c469a2380b","prev_last_polygon_uuid":"7c8020e1-e37b-4124-b07c-3568769cf3ed","local_government_cd":"013315","point_lng":140.093443623,"point_lat":41.426433775}},{"arcs":[[502]],"type":"Polygon","properties":{"polygon_uuid":"16996ff3-0c31-41e1-ae75-d8b9d82096c0","land_type":200,"issue_year":2024,"edit_year":2020,"history":"[{\"筆ポリゴンID\":\"83359494-71d8-42e1-90c5-ee84a914c574\",\"更新年度\":2023,\"前年同一\":true},[{\"筆ポリゴンID\":\"b57b7004-a783-4b2a-b929-fa84b1071ea9\",\"更新年度\":2022,\"前年同一\":true},[{\"筆ポリゴンID\":\"855dfab3-0980-42d3-9ad9-5cce5ba29603\",\"更新年度\":2021,\"前年同一\":true},{\"筆ポリゴンID\":\"855dfab3-0980-42d3-9ad9-5cce5ba29603\",\"発生年度\":2020}]]]","last_polygon_uuid":"83359494-71d8-42e1-90c5-ee84a914c574","prev_last_polygon_uuid":"b57b7004-a783-4b2a-b929-fa84b1071ea9","local_government_cd":"013315","point_lng":140.172329394,"point_lat":41.413381683}},{"arcs":[[503]],"type":"Polygon","properties":{"polygon_uuid":"4a536648-9748-4e3c-9a05-4eb5194b84da","land_type":200,"issue_year":2024,"edit_year":2020,"history":"[{\"筆ポリゴンID\":\"7d36ef53-7016-4be3-a4b4-773c9b09df95\",\"更新年度\":2023,\"前年同一\":true},[{\"筆ポリゴンID\":\"232cb31b-bbdc-4714-8715-204656f079dd\",\"更新年度\":2022,\"前年同一\":true},[{\"筆ポリゴンID\":\"180cc70b-d3ff-43da-80e9-221b56946177\",\"更新年度\":2021,\"前年同一\":true},{\"筆ポリゴンID\":\"180cc70b-d3ff-43da-80e9-221b56946177\",\"発生年度\":2020}]]]","last_polygon_uuid":"7d36ef53-7016-4be3-a4b4-773c9b09df95","prev_last_polygon_uuid":"232cb31b-bbdc-4714-8715-204656f079dd","local_government_cd":"013315","point_lng":140.051951857,"point_lat":41.445686149}},{"arcs":[[504]],"type":"Polygon","properties":{"polygon_uuid":"42271929-45c6-44c0-9f58-e6a363112629","land_type":200,"issue_year":2024,"edit_year":2020,"history":"[{\"筆ポリゴンID\":\"82db4de3-6cee-4923-b330-64403b1aea2c\",\"更新年度\":2023,\"前年同一\":true},[{\"筆ポリゴンID\":\"32c61b41-7554-4f93-8d17-f911246708d7\",\"更新年度\":2022,\"前年同一\":true},[{\"筆ポリゴンID\":\"1d1bdb39-97bd-43ad-b613-91c4c0e3bc3b\",\"更新年度\":2021,\"前年同一\":true},{\"筆ポリゴンID\":\"1d1bdb39-97bd-43ad-b613-91c4c0e3bc3b\",\"発生年度\":2020}]]]","last_polygon_uuid":"82db4de3-6cee-4923-b330-64403b1aea2c","prev_last_polygon_uuid":"32c61b41-7554-4f93-8d17-f911246708d7","local_government_cd":"013315","point_lng":140.008219753,"point_lat":41.521267302}},{"arcs":[[505]],"type":"Polygon","properties":{"polygon_uuid":"156e8d94-3956-4b64-bec7-c4d6e37370e8","land_type":200,"issue_year":2024,"edit_year":2020,"history":"[{\"筆ポリゴンID\":\"f2723b2e-433b-4f0b-9290-2214e1e70a9b\",\"更新年度\":2023,\"前年同一\":true},[{\"筆ポリゴンID\":\"b8180ec7-3a87-4463-9abf-9306d9fe2f7d\",\"更新年度\":2022,\"前年同一\":true},[{\"筆ポリゴンID\":\"3e5cb027-6c07-40ec-8670-9270a7181a1e\",\"更新年度\":2021,\"前年同一\":true},{\"筆ポリゴンID\":\"3e5cb027-6c07-40ec-8670-9270a7181a1e\",\"発生年度\":2020}]]]","last_polygon_uuid":"f2723b2e-433b-4f0b-9290-2214e1e70a9b","prev_last_polygon_uuid":"b8180ec7-3a87-4463-9abf-9306d9fe2f7d","local_government_cd":"013315","point_lng":140.097291668,"point_lat":41.42801895}},{"arcs":[[506]],"type":"Polygon","properties":{"polygon_uuid":"04fb64e3-0384-41f4-800e-4424c053e363","land_type":200,"issue_year":2024,"edit_year":2020,"history":"[{\"筆ポリゴンID\":\"21a3b56e-37f6-40f4-89aa-bce1d024484b\",\"更新年度\":2023,\"前年同一\":true},[{\"筆ポリゴンID\":\"aa049ce7-4c84-4b5a-b347-27ec30f1d842\",\"更新年度\":2022,\"前年同一\":true},[{\"筆ポリゴンID\":\"7595626c-aba2-4ab6-91a4-f2a024f08fb6\",\"更新年度\":2021,\"前年同一\":true},{\"筆ポリゴンID\":\"7595626c-aba2-4ab6-91a4-f2a024f08fb6\",\"発生年度\":2020}]]]","last_polygon_uuid":"21a3b56e-37f6-40f4-89aa-bce1d024484b","prev_last_polygon_uuid":"aa049ce7-4c84-4b5a-b347-27ec30f1d842","local_government_cd":"013315","point_lng":140.17186042,"point_lat":41.415502555}},{"arcs":[[507]],"type":"Polygon","properties":{"polygon_uuid":"089804f0-6a59-41e2-81a0-c73fa44ce6d0","land_type":200,"issue_year":2024,"edit_year":2020,"history":"[{\"筆ポリゴンID\":\"da51e400-50e0-4a31-b277-d4a33194c2b3\",\"更新年度\":2023,\"前年同一\":true},[{\"筆ポリゴンID\":\"780de65b-dd30-4b4a-ad82-f4154878ec51\",\"更新年度\":2022,\"前年同一\":true},[{\"筆ポリゴンID\":\"86450464-f913-4785-87ce-5d1356d7fc22\",\"更新年度\":2021,\"前年同一\":true},{\"筆ポリゴンID\":\"86450464-f913-4785-87ce-5d1356d7fc22\",\"発生年度\":2020}]]]","last_polygon_uuid":"da51e400-50e0-4a31-b277-d4a33194c2b3","prev_last_polygon_uuid":"780de65b-dd30-4b4a-ad82-f4154878ec51","local_government_cd":"013315","point_lng":140.0944743,"point_lat":41.428778254}},{"arcs":[[508]],"type":"Polygon","properties":{"polygon_uuid":"78be51a6-4a28-4444-a73a-1332cd372d85","land_type":200,"issue_year":2024,"edit_year":2020,"history":"[{\"筆ポリゴンID\":\"ca6c7dd0-fa5e-4a1d-a909-ba108ecb7cf6\",\"更新年度\":2023,\"前年同一\":true},[{\"筆ポリゴンID\":\"b1d2ce8f-2bc8-4ea6-84e4-42a00e9073aa\",\"更新年度\":2022,\"前年同一\":true},[{\"筆ポリゴンID\":\"03b2e7eb-2938-45b5-88ff-9b8e93866055\",\"更新年度\":2021,\"前年同一\":true},{\"筆ポリゴンID\":\"03b2e7eb-2938-45b5-88ff-9b8e93866055\",\"発生年度\":2020}]]]","last_polygon_uuid":"ca6c7dd0-fa5e-4a1d-a909-ba108ecb7cf6","prev_last_polygon_uuid":"b1d2ce8f-2bc8-4ea6-84e4-42a00e9073aa","local_government_cd":"013315","point_lng":140.000851024,"point_lat":41.54359406}},{"arcs":[[509]],"type":"Polygon","properties":{"polygon_uuid":"8b74a1eb-e966-4bbe-a79c-f30bf36e3340","land_type":200,"issue_year":2024,"edit_year":2020,"history":"[{\"筆ポリゴンID\":\"4ca05f11-51f5-4617-a5dd-6da94e7c42f1\",\"更新年度\":2023,\"前年同一\":true},[{\"筆ポリゴンID\":\"7ed8cd89-996d-45c8-bd23-869336a88bf7\",\"更新年度\":2022,\"前年同一\":true},[{\"筆ポリゴンID\":\"6e2eb37b-513b-44d8-93e1-0524ced95fa1\",\"更新年度\":2021,\"前年同一\":true},{\"筆ポリゴンID\":\"6e2eb37b-513b-44d8-93e1-0524ced95fa1\",\"発生年度\":2020}]]]","last_polygon_uuid":"4ca05f11-51f5-4617-a5dd-6da94e7c42f1","prev_last_polygon_uuid":"7ed8cd89-996d-45c8-bd23-869336a88bf7","local_government_cd":"013315","point_lng":140.032709998,"point_lat":41.465052475}},{"arcs":[[510]],"type":"Polygon","properties":{"polygon_uuid":"ee4d10ff-bd34-4e0d-a1c8-bc002af70cc2","land_type":200,"issue_year":2024,"edit_year":2020,"history":"[{\"筆ポリゴンID\":\"70865dfa-06da-4d0a-b63d-7763e6e7dbac\",\"更新年度\":2023,\"前年同一\":true},[{\"筆ポリゴンID\":\"2b0f3186-2a41-4c9c-8b2f-b6be73c19e72\",\"更新年度\":2022,\"前年同一\":true},[{\"筆ポリゴンID\":\"cd456514-42ef-4898-a973-e2f96e6a6c86\",\"更新年度\":2021,\"前年同一\":true},{\"筆ポリゴンID\":\"cd456514-42ef-4898-a973-e2f96e6a6c86\",\"発生年度\":2020}]]]","last_polygon_uuid":"70865dfa-06da-4d0a-b63d-7763e6e7dbac","prev_last_polygon_uuid":"2b0f3186-2a41-4c9c-8b2f-b6be73c19e72","local_government_cd":"013315","point_lng":140.121234638,"point_lat":41.430739427}},{"arcs":[[511]],"type":"Polygon","properties":{"polygon_uuid":"916fee1c-388c-41ee-a6e2-5110ad269191","land_type":200,"issue_year":2024,"edit_year":2020,"history":"[{\"筆ポリゴンID\":\"a7ee4780-4ecf-45f2-94a4-a283ebe68776\",\"更新年度\":2023,\"前年同一\":true},[{\"筆ポリゴンID\":\"2c017739-2ece-4f40-bae1-63fd25a8952f\",\"更新年度\":2022,\"前年同一\":true},[{\"筆ポリゴンID\":\"8dd4df1d-10ef-41c3-8e34-d2485a31322a\",\"更新年度\":2021,\"前年同一\":true},{\"筆ポリゴンID\":\"8dd4df1d-10ef-41c3-8e34-d2485a31322a\",\"発生年度\":2020}]]]","last_polygon_uuid":"a7ee4780-4ecf-45f2-94a4-a283ebe68776","prev_last_polygon_uuid":"2c017739-2ece-4f40-bae1-63fd25a8952f","local_government_cd":"013315","point_lng":140.0222076,"point_lat":41.489169215}},{"arcs":[[512]],"type":"Polygon","properties":{"polygon_uuid":"ede4a61c-1e5e-473d-a240-07d551fab2e1","land_type":200,"issue_year":2024,"edit_year":2020,"history":"[{\"筆ポリゴンID\":\"27b7da42-cb50-4e6b-a709-d6c7be0a2855\",\"更新年度\":2023,\"前年同一\":true},[{\"筆ポリゴンID\":\"cf638ad7-79c6-453e-bbbc-4c402d19a9ac\",\"更新年度\":2022,\"前年同一\":true},[{\"筆ポリゴンID\":\"a4c6b000-c8cb-4836-a174-3f8a86503833\",\"更新年度\":2021,\"前年同一\":true},{\"筆ポリゴンID\":\"a4c6b000-c8cb-4836-a174-3f8a86503833\",\"発生年度\":2020}]]]","last_polygon_uuid":"27b7da42-cb50-4e6b-a709-d6c7be0a2855","prev_last_polygon_uuid":"cf638ad7-79c6-453e-bbbc-4c402d19a9ac","local_government_cd":"013315","point_lng":140.019655076,"point_lat":41.498336263}},{"arcs":[[513]],"type":"Polygon","properties":{"polygon_uuid":"9fd68536-dc25-4790-b77c-3b317763fee9","land_type":200,"issue_year":2024,"edit_year":2020,"history":"[{\"筆ポリゴンID\":\"7ead79ff-d4bc-4d93-9e2d-92d81efa7079\",\"更新年度\":2023,\"前年同一\":true},[{\"筆ポリゴンID\":\"5f33d281-2225-4f21-b123-10f4e464a115\",\"更新年度\":2022,\"前年同一\":true},[{\"筆ポリゴンID\":\"380b55f7-1b7e-451a-ba1f-85fcb7ca3203\",\"更新年度\":2021,\"前年同一\":true},{\"筆ポリゴンID\":\"380b55f7-1b7e-451a-ba1f-85fcb7ca3203\",\"発生年度\":2020}]]]","last_polygon_uuid":"7ead79ff-d4bc-4d93-9e2d-92d81efa7079","prev_last_polygon_uuid":"5f33d281-2225-4f21-b123-10f4e464a115","local_government_cd":"013315","point_lng":140.088509826,"point_lat":41.424328664}},{"arcs":[[514]],"type":"Polygon","properties":{"polygon_uuid":"273651b1-aa94-40e4-ad46-8809a4c6c427","land_type":200,"issue_year":2024,"edit_year":2020,"history":"[{\"筆ポリゴンID\":\"ff4f9f88-8779-4176-b261-bfa1f5137b7c\",\"更新年度\":2023,\"前年同一\":true},[{\"筆ポリゴンID\":\"18315254-fe78-4aa1-96b0-7fc6d9e8ccfb\",\"更新年度\":2022,\"前年同一\":true},[{\"筆ポリゴンID\":\"5982efa8-c067-479e-95d4-e58a0420fb33\",\"更新年度\":2021,\"前年同一\":true},{\"筆ポリゴンID\":\"5982efa8-c067-479e-95d4-e58a0420fb33\",\"発生年度\":2020}]]]","last_polygon_uuid":"ff4f9f88-8779-4176-b261-bfa1f5137b7c","prev_last_polygon_uuid":"18315254-fe78-4aa1-96b0-7fc6d9e8ccfb","local_government_cd":"013315","point_lng":140.134269522,"point_lat":41.429429302}},{"arcs":[[515]],"type":"Polygon","properties":{"polygon_uuid":"0620b7da-ef46-47bc-9004-0de2b3c5f05b","land_type":200,"issue_year":2024,"edit_year":2020,"history":"[{\"筆ポリゴンID\":\"320ef5a4-bab9-43ba-be4c-303ef23c4fee\",\"更新年度\":2023,\"前年同一\":true},[{\"筆ポリゴンID\":\"dc5c360d-91d6-4763-885d-332c872bfb24\",\"更新年度\":2022,\"前年同一\":true},[{\"筆ポリゴンID\":\"573a54fb-a00f-4deb-8a17-d4e3bedb76b3\",\"更新年度\":2021,\"前年同一\":true},{\"筆ポリゴンID\":\"573a54fb-a00f-4deb-8a17-d4e3bedb76b3\",\"発生年度\":2020}]]]","last_polygon_uuid":"320ef5a4-bab9-43ba-be4c-303ef23c4fee","prev_last_polygon_uuid":"dc5c360d-91d6-4763-885d-332c872bfb24","local_government_cd":"013315","point_lng":140.016629106,"point_lat":41.492620742}},{"arcs":[[516]],"type":"Polygon","properties":{"polygon_uuid":"5ba79621-e11d-432b-b642-d09b99eecddf","land_type":200,"issue_year":2024,"edit_year":2020,"history":"[{\"筆ポリゴンID\":\"462c4d76-c6af-4d89-90eb-b8315b0b14c4\",\"更新年度\":2023,\"前年同一\":true},[{\"筆ポリゴンID\":\"6dd30d5f-efdf-4698-94af-8165dd91c26c\",\"更新年度\":2022,\"前年同一\":true},[{\"筆ポリゴンID\":\"45d67419-3875-4d77-85b2-1b6ccc5f4c78\",\"更新年度\":2021,\"前年同一\":true},{\"筆ポリゴンID\":\"45d67419-3875-4d77-85b2-1b6ccc5f4c78\",\"発生年度\":2020}]]]","last_polygon_uuid":"462c4d76-c6af-4d89-90eb-b8315b0b14c4","prev_last_polygon_uuid":"6dd30d5f-efdf-4698-94af-8165dd91c26c","local_government_cd":"013315","point_lng":140.094531623,"point_lat":41.425850691}},{"arcs":[[517]],"type":"Polygon","properties":{"polygon_uuid":"8f53db55-88e2-4f8c-b74f-bdbd9b5b8996","land_type":200,"issue_year":2024,"edit_year":2020,"history":"[{\"筆ポリゴンID\":\"74c73bb6-3237-467d-9832-3d89b3457e82\",\"更新年度\":2023,\"前年同一\":true},[{\"筆ポリゴンID\":\"b9d2e1f8-175d-4e7a-bf56-b99a1d7e149c\",\"更新年度\":2022,\"前年同一\":true},[{\"筆ポリゴンID\":\"8f4c82c4-feaa-46c1-a2ea-a65aca3125a1\",\"更新年度\":2021,\"前年同一\":true},{\"筆ポリゴンID\":\"8f4c82c4-feaa-46c1-a2ea-a65aca3125a1\",\"発生年度\":2020}]]]","last_polygon_uuid":"74c73bb6-3237-467d-9832-3d89b3457e82","prev_last_polygon_uuid":"b9d2e1f8-175d-4e7a-bf56-b99a1d7e149c","local_government_cd":"013315","point_lng":139.997525438,"point_lat":41.55110689}},{"arcs":[[518]],"type":"Polygon","properties":{"polygon_uuid":"4a389ca0-afdd-4f94-8624-ef665a7a00bf","land_type":200,"issue_year":2024,"edit_year":2020,"history":"[{\"筆ポリゴンID\":\"10e2696e-3276-490d-bac4-e20d516d229a\",\"更新年度\":2023,\"前年同一\":true},[{\"筆ポリゴンID\":\"64d351e9-2f90-49be-b683-04dd985eb3dd\",\"更新年度\":2022,\"前年同一\":true},[{\"筆ポリゴンID\":\"fde94364-5523-46ec-a092-2c47887e6f3e\",\"更新年度\":2021,\"前年同一\":true},{\"筆ポリゴンID\":\"fde94364-5523-46ec-a092-2c47887e6f3e\",\"発生年度\":2020}]]]","last_polygon_uuid":"10e2696e-3276-490d-bac4-e20d516d229a","prev_last_polygon_uuid":"64d351e9-2f90-49be-b683-04dd985eb3dd","local_government_cd":"013315","point_lng":140.050911775,"point_lat":41.446039217}},{"arcs":[[519]],"type":"Polygon","properties":{"polygon_uuid":"c3e56dec-e9c5-4e84-87eb-fb4848e1af45","land_type":200,"issue_year":2024,"edit_year":2020,"history":"[{\"筆ポリゴンID\":\"029e70ef-7fea-4ffe-ba95-331f0c2275fa\",\"更新年度\":2023,\"前年同一\":true},[{\"筆ポリゴンID\":\"cd336812-bb75-41bf-8494-b4e5b7abd5ed\",\"更新年度\":2022,\"前年同一\":true},[{\"筆ポリゴンID\":\"4db2a86e-0216-40c5-9bed-53407176a842\",\"更新年度\":2021,\"前年同一\":true},{\"筆ポリゴンID\":\"4db2a86e-0216-40c5-9bed-53407176a842\",\"発生年度\":2020}]]]","last_polygon_uuid":"029e70ef-7fea-4ffe-ba95-331f0c2275fa","prev_last_polygon_uuid":"cd336812-bb75-41bf-8494-b4e5b7abd5ed","local_government_cd":"013315","point_lng":140.029973815,"point_lat":41.478618918}},{"arcs":[[520]],"type":"Polygon","properties":{"polygon_uuid":"f9bc5ee1-5473-47bb-b301-db0f2c7c214a","land_type":200,"issue_year":2024,"edit_year":2020,"history":"[{\"筆ポリゴンID\":\"22d9382d-d873-4410-bbd2-a3724f9d2637\",\"更新年度\":2023,\"前年同一\":true},[{\"筆ポリゴンID\":\"efdae27b-88fb-4a49-ba21-7fcab9815791\",\"更新年度\":2022,\"前年同一\":true},[{\"筆ポリゴンID\":\"5a6aa2f3-1dcf-4c87-ba66-0c9ce69fb9ba\",\"更新年度\":2021,\"前年同一\":true},{\"筆ポリゴンID\":\"5a6aa2f3-1dcf-4c87-ba66-0c9ce69fb9ba\",\"発生年度\":2020}]]]","last_polygon_uuid":"22d9382d-d873-4410-bbd2-a3724f9d2637","prev_last_polygon_uuid":"efdae27b-88fb-4a49-ba21-7fcab9815791","local_government_cd":"013315","point_lng":140.095119083,"point_lat":41.428387583}},{"arcs":[[521]],"type":"Polygon","properties":{"polygon_uuid":"f03c2d1d-cd88-4a74-b271-98a0f5e6caa9","land_type":200,"issue_year":2024,"edit_year":2020,"history":"[{\"筆ポリゴンID\":\"c3781154-bc88-4761-ad0a-12d934b89378\",\"更新年度\":2023,\"前年同一\":true},[{\"筆ポリゴンID\":\"d7fe7806-f2ef-4262-a2e9-62da4ecc041a\",\"更新年度\":2022,\"前年同一\":true},[{\"筆ポリゴンID\":\"ec3863f1-2500-4dc0-9d8d-ed3d6877962d\",\"更新年度\":2021,\"前年同一\":true},{\"筆ポリゴンID\":\"ec3863f1-2500-4dc0-9d8d-ed3d6877962d\",\"発生年度\":2020}]]]","last_polygon_uuid":"c3781154-bc88-4761-ad0a-12d934b89378","prev_last_polygon_uuid":"d7fe7806-f2ef-4262-a2e9-62da4ecc041a","local_government_cd":"013315","point_lng":140.022587917,"point_lat":41.486987059}},{"arcs":[[522]],"type":"Polygon","properties":{"polygon_uuid":"a9472fc0-9e04-43a0-af91-e923ec0d0c7e","land_type":200,"issue_year":2024,"edit_year":2020,"history":"[{\"筆ポリゴンID\":\"ee05812e-8a79-40a6-abb0-108288d9ee7c\",\"更新年度\":2023,\"前年同一\":true},[{\"筆ポリゴンID\":\"53192ca3-71eb-4ba0-a70d-8debab262cf0\",\"更新年度\":2022,\"前年同一\":true},[{\"筆ポリゴンID\":\"b014d060-6032-4454-8b47-b4df702ae605\",\"更新年度\":2021,\"前年同一\":true},{\"筆ポリゴンID\":\"b014d060-6032-4454-8b47-b4df702ae605\",\"発生年度\":2020}]]]","last_polygon_uuid":"ee05812e-8a79-40a6-abb0-108288d9ee7c","prev_last_polygon_uuid":"53192ca3-71eb-4ba0-a70d-8debab262cf0","local_government_cd":"013315","point_lng":140.100348432,"point_lat":41.435108508}},{"arcs":[[523]],"type":"Polygon","properties":{"polygon_uuid":"d3588b2f-f48f-492a-b863-eff6f17b17e3","land_type":200,"issue_year":2024,"edit_year":2020,"history":"[{\"筆ポリゴンID\":\"90214532-2135-46f1-bddf-9330ed0899ba\",\"更新年度\":2023,\"前年同一\":true},[{\"筆ポリゴンID\":\"b8be74a4-1f98-4f4d-9ca7-6feeeef8f241\",\"更新年度\":2022,\"前年同一\":true},[{\"筆ポリゴンID\":\"99226c21-4cef-4c82-b994-a827a1306f4f\",\"更新年度\":2021,\"前年同一\":true},{\"筆ポリゴンID\":\"99226c21-4cef-4c82-b994-a827a1306f4f\",\"発生年度\":2020}]]]","last_polygon_uuid":"90214532-2135-46f1-bddf-9330ed0899ba","prev_last_polygon_uuid":"b8be74a4-1f98-4f4d-9ca7-6feeeef8f241","local_government_cd":"013315","point_lng":140.0449324,"point_lat":41.449486548}},{"arcs":[[524]],"type":"Polygon","properties":{"polygon_uuid":"a67a932a-ffa1-4904-bc43-f37d6c845978","land_type":200,"issue_year":2024,"edit_year":2020,"history":"[{\"筆ポリゴンID\":\"961a8345-3971-4d9c-a8a2-deb6e94a84a2\",\"更新年度\":2023,\"前年同一\":true},[{\"筆ポリゴンID\":\"8a17ed5f-056f-4906-8ea3-d01c2d1e3a42\",\"更新年度\":2022,\"前年同一\":true},[{\"筆ポリゴンID\":\"9a7bab06-5fbf-48ca-935b-b17ff3f21575\",\"更新年度\":2021,\"前年同一\":true},{\"筆ポリゴンID\":\"9a7bab06-5fbf-48ca-935b-b17ff3f21575\",\"発生年度\":2020}]]]","last_polygon_uuid":"961a8345-3971-4d9c-a8a2-deb6e94a84a2","prev_last_polygon_uuid":"8a17ed5f-056f-4906-8ea3-d01c2d1e3a42","local_government_cd":"013315","point_lng":140.134926575,"point_lat":41.430981714}},{"arcs":[[525,526,527,528,529]],"type":"Polygon","properties":{"polygon_uuid":"4091250c-3249-4353-bd3a-172144215825","land_type":200,"issue_year":2024,"edit_year":2020,"history":"[{\"筆ポリゴンID\":\"9f8610f2-b989-4540-8a60-d499ac4a19d2\",\"更新年度\":2023,\"前年同一\":true},[{\"筆ポリゴンID\":\"5eec4b41-1cfe-4693-b980-9d15a0ab9ddc\",\"更新年度\":2022,\"前年同一\":true},[{\"筆ポリゴンID\":\"0b886945-bc32-4e58-9068-23045046bc6f\",\"更新年度\":2021,\"前年同一\":true},{\"筆ポリゴンID\":\"0b886945-bc32-4e58-9068-23045046bc6f\",\"発生年度\":2020}]]]","last_polygon_uuid":"9f8610f2-b989-4540-8a60-d499ac4a19d2","prev_last_polygon_uuid":"5eec4b41-1cfe-4693-b980-9d15a0ab9ddc","local_government_cd":"013315","point_lng":140.125338885,"point_lat":41.431276795}},{"arcs":[[530]],"type":"Polygon","properties":{"polygon_uuid":"4ba1c3a9-5511-42a4-952b-f903f1f4bc42","land_type":200,"issue_year":2024,"edit_year":2020,"history":"[{\"筆ポリゴンID\":\"7646be04-31b8-469e-b4f8-e12a68adde40\",\"更新年度\":2023,\"前年同一\":true},[{\"筆ポリゴンID\":\"ff37fe92-d9a6-4452-89ea-e925c21f6e55\",\"更新年度\":2022,\"前年同一\":true},[{\"筆ポリゴンID\":\"83ea37d5-e1c6-47f6-b6e0-bfe7a9d31855\",\"更新年度\":2021,\"前年同一\":true},{\"筆ポリゴンID\":\"83ea37d5-e1c6-47f6-b6e0-bfe7a9d31855\",\"発生年度\":2020}]]]","last_polygon_uuid":"7646be04-31b8-469e-b4f8-e12a68adde40","prev_last_polygon_uuid":"ff37fe92-d9a6-4452-89ea-e925c21f6e55","local_government_cd":"013315","point_lng":140.094638437,"point_lat":41.426356826}},{"arcs":[[531]],"type":"Polygon","properties":{"polygon_uuid":"3fd0759c-31f0-4d25-90e5-166e82511596","land_type":200,"issue_year":2024,"edit_year":2020,"history":"[{\"筆ポリゴンID\":\"e905ed2d-b21f-4061-80a1-9189920d3221\",\"更新年度\":2023,\"前年同一\":true},[{\"筆ポリゴンID\":\"f9fc3d77-6ab9-4e4f-88a2-3047c6f4f82d\",\"更新年度\":2022,\"前年同一\":true},[{\"筆ポリゴンID\":\"2850d128-50db-4ded-b3ea-b13c270fc698\",\"更新年度\":2021,\"前年同一\":true},{\"筆ポリゴンID\":\"2850d128-50db-4ded-b3ea-b13c270fc698\",\"発生年度\":2020}]]]","last_polygon_uuid":"e905ed2d-b21f-4061-80a1-9189920d3221","prev_last_polygon_uuid":"f9fc3d77-6ab9-4e4f-88a2-3047c6f4f82d","local_government_cd":"013315","point_lng":140.144618144,"point_lat":41.430829625}},{"arcs":[[532,533]],"type":"Polygon","properties":{"polygon_uuid":"7b3d00bd-ca90-4db0-be2c-1edca8052777","land_type":200,"issue_year":2024,"edit_year":2020,"history":"[{\"筆ポリゴンID\":\"e96b6b5c-72cb-4b51-99ea-cdacbe61c059\",\"更新年度\":2023,\"前年同一\":true},[{\"筆ポリゴンID\":\"e30afb27-552f-4755-acd9-e53fb318a5c0\",\"更新年度\":2022,\"前年同一\":true},[{\"筆ポリゴンID\":\"205e61a6-eb24-41b8-aaf0-712ab453d877\",\"更新年度\":2021,\"前年同一\":true},{\"筆ポリゴンID\":\"205e61a6-eb24-41b8-aaf0-712ab453d877\",\"発生年度\":2020}]]]","last_polygon_uuid":"e96b6b5c-72cb-4b51-99ea-cdacbe61c059","prev_last_polygon_uuid":"e30afb27-552f-4755-acd9-e53fb318a5c0","local_government_cd":"013315","point_lng":140.094729075,"point_lat":41.428118223}},{"arcs":[[534,535]],"type":"Polygon","properties":{"polygon_uuid":"8e0b3f3e-2220-4738-9616-ff1f10dbead5","land_type":200,"issue_year":2024,"edit_year":2020,"history":"[{\"筆ポリゴンID\":\"bc42a50c-bc3a-42f9-bea0-c8decfa04dcc\",\"更新年度\":2023,\"前年同一\":true},[{\"筆ポリゴンID\":\"e3319105-b9aa-4e07-a32b-9a667521d7f9\",\"更新年度\":2022,\"前年同一\":true},[{\"筆ポリゴンID\":\"4a7ee5ce-dc8a-406e-b079-6e1030ca5c4b\",\"更新年度\":2021,\"前年同一\":true},{\"筆ポリゴンID\":\"4a7ee5ce-dc8a-406e-b079-6e1030ca5c4b\",\"発生年度\":2020}]]]","last_polygon_uuid":"bc42a50c-bc3a-42f9-bea0-c8decfa04dcc","prev_last_polygon_uuid":"e3319105-b9aa-4e07-a32b-9a667521d7f9","local_government_cd":"013315","point_lng":140.126162378,"point_lat":41.432828781}},{"arcs":[[536]],"type":"Polygon","properties":{"polygon_uuid":"80a814ad-4b5d-4cb6-b07c-1c1b2996770b","land_type":200,"issue_year":2024,"edit_year":2020,"history":"[{\"筆ポリゴンID\":\"f4f124d8-782b-4e5e-b3e8-98ddef56e5c5\",\"更新年度\":2023,\"前年同一\":true},[{\"筆ポリゴンID\":\"440ee209-2e9b-48b7-b9e8-8a0b3a8f4720\",\"更新年度\":2022,\"前年同一\":true},[{\"筆ポリゴンID\":\"7c8fb63c-dadb-444f-b9b7-a1798d82bd00\",\"更新年度\":2021,\"前年同一\":true},{\"筆ポリゴンID\":\"7c8fb63c-dadb-444f-b9b7-a1798d82bd00\",\"発生年度\":2020}]]]","last_polygon_uuid":"f4f124d8-782b-4e5e-b3e8-98ddef56e5c5","prev_last_polygon_uuid":"440ee209-2e9b-48b7-b9e8-8a0b3a8f4720","local_government_cd":"013315","point_lng":140.030219394,"point_lat":41.46614022}},{"arcs":[[537,-437,538,539,-332]],"type":"Polygon","properties":{"polygon_uuid":"7996b624-9c72-4f78-b5d0-a95683b40af4","land_type":200,"issue_year":2024,"edit_year":2020,"history":"[{\"筆ポリゴンID\":\"d03c756a-460c-467c-bdef-ad32fad423a1\",\"更新年度\":2023,\"前年同一\":true},[{\"筆ポリゴンID\":\"6e8ad2f9-d5d5-4761-85ae-6f99f02f14bf\",\"更新年度\":2022,\"前年同一\":true},[{\"筆ポリゴンID\":\"d1e5403c-3c02-4333-a070-439e7c909b66\",\"更新年度\":2021,\"前年同一\":true},{\"筆ポリゴンID\":\"d1e5403c-3c02-4333-a070-439e7c909b66\",\"発生年度\":2020}]]]","last_polygon_uuid":"d03c756a-460c-467c-bdef-ad32fad423a1","prev_last_polygon_uuid":"6e8ad2f9-d5d5-4761-85ae-6f99f02f14bf","local_government_cd":"013315","point_lng":140.1224432,"point_lat":41.430694035}},{"arcs":[[540]],"type":"Polygon","properties":{"polygon_uuid":"d86261cd-c835-498a-a19b-084b42fa5e54","land_type":200,"issue_year":2024,"edit_year":2020,"history":"[{\"筆ポリゴンID\":\"aac3cf08-bf7e-4017-a399-b1cc5dc11c78\",\"更新年度\":2023,\"前年同一\":true},[{\"筆ポリゴンID\":\"e06edee7-956d-41d7-9735-1d33708e3621\",\"更新年度\":2022,\"前年同一\":true},[{\"筆ポリゴンID\":\"594ebbff-2ccc-437f-a2ae-d4fa99029d41\",\"更新年度\":2021,\"前年同一\":true},{\"筆ポリゴンID\":\"594ebbff-2ccc-437f-a2ae-d4fa99029d41\",\"発生年度\":2020}]]]","last_polygon_uuid":"aac3cf08-bf7e-4017-a399-b1cc5dc11c78","prev_last_polygon_uuid":"e06edee7-956d-41d7-9735-1d33708e3621","local_government_cd":"013315","point_lng":140.122075403,"point_lat":41.434888454}},{"arcs":[[-382,541,542,543,544,545,546]],"type":"Polygon","properties":{"polygon_uuid":"ef7c94c2-ebc6-44c3-9fd2-d817c9331518","land_type":200,"issue_year":2024,"edit_year":2020,"history":"[{\"筆ポリゴンID\":\"fe0dc599-7963-4347-b464-5363a419490a\",\"更新年度\":2023,\"前年同一\":true},[{\"筆ポリゴンID\":\"a121be8a-ad28-4a43-9956-c60d56ce4842\",\"更新年度\":2022,\"前年同一\":true},[{\"筆ポリゴンID\":\"3e4ff501-be2c-4545-95c2-16296c705222\",\"更新年度\":2021,\"前年同一\":true},{\"筆ポリゴンID\":\"3e4ff501-be2c-4545-95c2-16296c705222\",\"発生年度\":2020}]]]","last_polygon_uuid":"fe0dc599-7963-4347-b464-5363a419490a","prev_last_polygon_uuid":"a121be8a-ad28-4a43-9956-c60d56ce4842","local_government_cd":"013315","point_lng":140.124643897,"point_lat":41.431186391}},{"arcs":[[547]],"type":"Polygon","properties":{"polygon_uuid":"78210d09-f452-474d-97a1-b6a4a82474a3","land_type":200,"issue_year":2024,"edit_year":2020,"history":"[{\"筆ポリゴンID\":\"98f769bc-8d1a-4474-a444-1a73dd68482c\",\"更新年度\":2023,\"前年同一\":true},[{\"筆ポリゴンID\":\"c5f12d96-4c82-48e2-940d-60f6c1a0543e\",\"更新年度\":2022,\"前年同一\":true},[{\"筆ポリゴンID\":\"db6ab2c0-7653-4afa-bbde-1c96ce4a92dc\",\"更新年度\":2021,\"前年同一\":true},{\"筆ポリゴンID\":\"db6ab2c0-7653-4afa-bbde-1c96ce4a92dc\",\"発生年度\":2020}]]]","last_polygon_uuid":"98f769bc-8d1a-4474-a444-1a73dd68482c","prev_last_polygon_uuid":"c5f12d96-4c82-48e2-940d-60f6c1a0543e","local_government_cd":"013315","point_lng":139.989616592,"point_lat":41.551353409}},{"arcs":[[548]],"type":"Polygon","properties":{"polygon_uuid":"948fd7e4-1302-4622-a373-8c42a41bf587","land_type":200,"issue_year":2024,"edit_year":2020,"history":"[{\"筆ポリゴンID\":\"c8bce22c-e9ee-4486-8720-f1f218735b95\",\"更新年度\":2023,\"前年同一\":true},[{\"筆ポリゴンID\":\"10e08a10-0925-4f5a-9591-8be3af57cba6\",\"更新年度\":2022,\"前年同一\":true},[{\"筆ポリゴンID\":\"e6be4cae-e9e5-4d4d-b108-7206b046226b\",\"更新年度\":2021,\"前年同一\":true},{\"筆ポリゴンID\":\"e6be4cae-e9e5-4d4d-b108-7206b046226b\",\"発生年度\":2020}]]]","last_polygon_uuid":"c8bce22c-e9ee-4486-8720-f1f218735b95","prev_last_polygon_uuid":"10e08a10-0925-4f5a-9591-8be3af57cba6","local_government_cd":"013315","point_lng":140.006260177,"point_lat":41.523103994}},{"arcs":[[549]],"type":"Polygon","properties":{"polygon_uuid":"2ea080e5-201a-4277-b083-92f920073909","land_type":200,"issue_year":2024,"edit_year":2020,"history":"[{\"筆ポリゴンID\":\"6092c3d3-601e-425d-bd7e-55fdb38036ef\",\"更新年度\":2023,\"前年同一\":true},[{\"筆ポリゴンID\":\"081033cd-5cbd-4723-8186-0c1518ea2f0b\",\"更新年度\":2022,\"前年同一\":true},[{\"筆ポリゴンID\":\"d3e53647-7ac1-4800-9a44-ad0d05bf0add\",\"更新年度\":2021,\"前年同一\":true},{\"筆ポリゴンID\":\"d3e53647-7ac1-4800-9a44-ad0d05bf0add\",\"発生年度\":2020}]]]","last_polygon_uuid":"6092c3d3-601e-425d-bd7e-55fdb38036ef","prev_last_polygon_uuid":"081033cd-5cbd-4723-8186-0c1518ea2f0b","local_government_cd":"013315","point_lng":140.020808297,"point_lat":41.489942425}},{"arcs":[[550]],"type":"Polygon","properties":{"polygon_uuid":"88ff176d-faf2-4088-b445-ee7bf8987b0f","land_type":200,"issue_year":2024,"edit_year":2020,"history":"[{\"筆ポリゴンID\":\"85b72348-43b8-44be-815d-0d98a0bc4b0a\",\"更新年度\":2023,\"前年同一\":true},[{\"筆ポリゴンID\":\"bc0c01ce-0956-436c-b6c6-f1884d83c4ea\",\"更新年度\":2022,\"前年同一\":true},[{\"筆ポリゴンID\":\"2fe851ba-dfab-44ab-b2fc-b27022aed8d1\",\"更新年度\":2021,\"前年同一\":true},{\"筆ポリゴンID\":\"2fe851ba-dfab-44ab-b2fc-b27022aed8d1\",\"発生年度\":2020}]]]","last_polygon_uuid":"85b72348-43b8-44be-815d-0d98a0bc4b0a","prev_last_polygon_uuid":"bc0c01ce-0956-436c-b6c6-f1884d83c4ea","local_government_cd":"013315","point_lng":140.10075741,"point_lat":41.430498085}},{"arcs":[[551,552]],"type":"Polygon","properties":{"polygon_uuid":"8b0a7f4a-8f3a-443d-9455-06fa5cf555fd","land_type":200,"issue_year":2024,"edit_year":2020,"history":"[{\"筆ポリゴンID\":\"751e0bb0-be22-4687-baea-cf949b8cc884\",\"更新年度\":2023,\"前年同一\":true},[{\"筆ポリゴンID\":\"72e79646-d4f2-436c-8475-de9f9ae0b4ca\",\"更新年度\":2022,\"前年同一\":true},[{\"筆ポリゴンID\":\"74be8ece-006f-4f99-9dea-bb0e7c279d0f\",\"更新年度\":2021,\"前年同一\":true},{\"筆ポリゴンID\":\"74be8ece-006f-4f99-9dea-bb0e7c279d0f\",\"発生年度\":2020}]]]","last_polygon_uuid":"751e0bb0-be22-4687-baea-cf949b8cc884","prev_last_polygon_uuid":"72e79646-d4f2-436c-8475-de9f9ae0b4ca","local_government_cd":"013315","point_lng":140.141813036,"point_lat":41.428816759}},{"arcs":[[553]],"type":"Polygon","properties":{"polygon_uuid":"3fcf1dc7-ee4a-40bb-88f2-2a5bac8dadf5","land_type":200,"issue_year":2024,"edit_year":2020,"history":"[{\"筆ポリゴンID\":\"2166974c-5f94-41b6-a0f7-716045d33767\",\"更新年度\":2023,\"前年同一\":true},[{\"筆ポリゴンID\":\"cca04a81-1fd6-4cf0-be52-34f0e753444a\",\"更新年度\":2022,\"前年同一\":true},[{\"筆ポリゴンID\":\"4e0a2d09-2b53-4a1b-aa4f-cc324e8e5450\",\"更新年度\":2021,\"前年同一\":true},{\"筆ポリゴンID\":\"4e0a2d09-2b53-4a1b-aa4f-cc324e8e5450\",\"発生年度\":2020}]]]","last_polygon_uuid":"2166974c-5f94-41b6-a0f7-716045d33767","prev_last_polygon_uuid":"cca04a81-1fd6-4cf0-be52-34f0e753444a","local_government_cd":"013315","point_lng":140.020991065,"point_lat":41.495345678}},{"arcs":[[554]],"type":"Polygon","properties":{"polygon_uuid":"46cb42bd-b311-400d-b2a2-5f6b4428d372","land_type":200,"issue_year":2024,"edit_year":2020,"history":"[{\"筆ポリゴンID\":\"e5275979-4999-4998-aa3b-c3483c0e2abf\",\"更新年度\":2023,\"前年同一\":true},[{\"筆ポリゴンID\":\"32a9f8b1-cb91-45cf-b108-916b4724f738\",\"更新年度\":2022,\"前年同一\":true},[{\"筆ポリゴンID\":\"5ae9050a-8e08-4e8a-a23f-68813a744cb8\",\"更新年度\":2021,\"前年同一\":true},{\"筆ポリゴンID\":\"5ae9050a-8e08-4e8a-a23f-68813a744cb8\",\"発生年度\":2020}]]]","last_polygon_uuid":"e5275979-4999-4998-aa3b-c3483c0e2abf","prev_last_polygon_uuid":"32a9f8b1-cb91-45cf-b108-916b4724f738","local_government_cd":"013315","point_lng":139.986453717,"point_lat":41.599148578}},{"arcs":[[555]],"type":"Polygon","properties":{"polygon_uuid":"f12f6699-9393-47c2-a517-1f0e82ae1840","land_type":200,"issue_year":2024,"edit_year":2020,"history":"[{\"筆ポリゴンID\":\"689cb20e-8525-4e28-b50a-92e6b879746d\",\"更新年度\":2023,\"前年同一\":true},[{\"筆ポリゴンID\":\"b877f97d-eec0-4100-bfde-ff3f6788ea55\",\"更新年度\":2022,\"前年同一\":true},[{\"筆ポリゴンID\":\"3fe0338e-bc09-4f6c-9a35-54d3399a7fe7\",\"更新年度\":2021,\"前年同一\":true},{\"筆ポリゴンID\":\"3fe0338e-bc09-4f6c-9a35-54d3399a7fe7\",\"発生年度\":2020}]]]","last_polygon_uuid":"689cb20e-8525-4e28-b50a-92e6b879746d","prev_last_polygon_uuid":"b877f97d-eec0-4100-bfde-ff3f6788ea55","local_government_cd":"013315","point_lng":140.089186289,"point_lat":41.42426593}},{"arcs":[[556]],"type":"Polygon","properties":{"polygon_uuid":"d9794d95-ac49-4cd3-9746-7221419b8a06","land_type":200,"issue_year":2024,"edit_year":2020,"history":"[{\"筆ポリゴンID\":\"59e9d0b6-5fb5-49d7-af5e-5b589152054e\",\"更新年度\":2023,\"前年同一\":true},[{\"筆ポリゴンID\":\"d55f1e75-367c-4171-a1bc-460edb0b8377\",\"更新年度\":2022,\"前年同一\":true},[{\"筆ポリゴンID\":\"1eb851e7-f113-4837-86e7-2a8036eb3a8b\",\"更新年度\":2021,\"前年同一\":true},{\"筆ポリゴンID\":\"1eb851e7-f113-4837-86e7-2a8036eb3a8b\",\"発生年度\":2020}]]]","last_polygon_uuid":"59e9d0b6-5fb5-49d7-af5e-5b589152054e","prev_last_polygon_uuid":"d55f1e75-367c-4171-a1bc-460edb0b8377","local_government_cd":"013315","point_lng":140.017983886,"point_lat":41.492627353}},{"arcs":[[-161,557]],"type":"Polygon","properties":{"polygon_uuid":"c4fff387-a397-4c15-b870-744987136eed","land_type":200,"issue_year":2024,"edit_year":2020,"history":"[{\"筆ポリゴンID\":\"dd32aedd-210b-45f8-803e-680419804fda\",\"更新年度\":2023,\"前年同一\":true},[{\"筆ポリゴンID\":\"c598540c-4ba3-42b1-b871-1bd2d861aaf2\",\"更新年度\":2022,\"前年同一\":true},[{\"筆ポリゴンID\":\"013da069-8e14-4178-8255-41ba5c912ca2\",\"更新年度\":2021,\"前年同一\":true},{\"筆ポリゴンID\":\"013da069-8e14-4178-8255-41ba5c912ca2\",\"発生年度\":2020}]]]","last_polygon_uuid":"dd32aedd-210b-45f8-803e-680419804fda","prev_last_polygon_uuid":"c598540c-4ba3-42b1-b871-1bd2d861aaf2","local_government_cd":"013315","point_lng":140.079946201,"point_lat":41.42980644}},{"arcs":[[558]],"type":"Polygon","properties":{"polygon_uuid":"6c91c376-9568-4382-b292-a982b7d49343","land_type":200,"issue_year":2024,"edit_year":2020,"history":"[{\"筆ポリゴンID\":\"db2fdf00-791d-47ca-9d72-f23a1ef12170\",\"更新年度\":2023,\"前年同一\":true},[{\"筆ポリゴンID\":\"9ef6b8ac-d762-4607-8cf7-cbc791a5fb38\",\"更新年度\":2022,\"前年同一\":true},[{\"筆ポリゴンID\":\"77744857-1333-4936-8fbf-4c99b44d576e\",\"更新年度\":2021,\"前年同一\":true},{\"筆ポリゴンID\":\"77744857-1333-4936-8fbf-4c99b44d576e\",\"発生年度\":2020}]]]","last_polygon_uuid":"db2fdf00-791d-47ca-9d72-f23a1ef12170","prev_last_polygon_uuid":"9ef6b8ac-d762-4607-8cf7-cbc791a5fb38","local_government_cd":"013315","point_lng":139.986006098,"point_lat":41.602846617}},{"arcs":[[559]],"type":"Polygon","properties":{"polygon_uuid":"fb46a908-2995-44db-9ae0-94bb6b01029b","land_type":200,"issue_year":2024,"edit_year":2020,"history":"[{\"筆ポリゴンID\":\"989b34ee-640d-4bd1-936a-b0957c131119\",\"更新年度\":2023,\"前年同一\":true},[{\"筆ポリゴンID\":\"85f3cfdf-4dff-4048-9a55-921b99b324ab\",\"更新年度\":2022,\"前年同一\":true},[{\"筆ポリゴンID\":\"a4097ecf-d433-42db-bfd4-49e8d306477d\",\"更新年度\":2021,\"前年同一\":true},{\"筆ポリゴンID\":\"a4097ecf-d433-42db-bfd4-49e8d306477d\",\"発生年度\":2020}]]]","last_polygon_uuid":"989b34ee-640d-4bd1-936a-b0957c131119","prev_last_polygon_uuid":"85f3cfdf-4dff-4048-9a55-921b99b324ab","local_government_cd":"013315","point_lng":140.097400481,"point_lat":41.427506785}},{"arcs":[[560]],"type":"Polygon","properties":{"polygon_uuid":"b0c160fa-1a0a-4e88-a66b-7f4c59f23630","land_type":200,"issue_year":2024,"edit_year":2020,"history":"[{\"筆ポリゴンID\":\"c55cac59-e83f-48df-8ba8-362bb8da423d\",\"更新年度\":2023,\"前年同一\":true},[{\"筆ポリゴンID\":\"7196649c-085a-42d4-b77a-c56d9cfd5716\",\"更新年度\":2022,\"前年同一\":true},[{\"筆ポリゴンID\":\"97fc382d-7aa8-4b33-999c-361bb3849162\",\"更新年度\":2021,\"前年同一\":true},{\"筆ポリゴンID\":\"97fc382d-7aa8-4b33-999c-361bb3849162\",\"発生年度\":2020}]]]","last_polygon_uuid":"c55cac59-e83f-48df-8ba8-362bb8da423d","prev_last_polygon_uuid":"7196649c-085a-42d4-b77a-c56d9cfd5716","local_government_cd":"013315","point_lng":140.152903155,"point_lat":41.426654298}},{"arcs":[[561]],"type":"Polygon","properties":{"polygon_uuid":"b8a08f2b-a181-4091-9c25-8925e356788e","land_type":200,"issue_year":2024,"edit_year":2020,"history":"[{\"筆ポリゴンID\":\"4d246903-fdc1-426d-9734-4d29e19eeac3\",\"更新年度\":2023,\"前年同一\":true},[{\"筆ポリゴンID\":\"15c53c98-cb2f-490d-a515-748324d3359f\",\"更新年度\":2022,\"前年同一\":true},[{\"筆ポリゴンID\":\"1d251e83-42bc-4dfd-9dc3-0fb2e373a5af\",\"更新年度\":2021,\"前年同一\":true},{\"筆ポリゴンID\":\"1d251e83-42bc-4dfd-9dc3-0fb2e373a5af\",\"発生年度\":2020}]]]","last_polygon_uuid":"4d246903-fdc1-426d-9734-4d29e19eeac3","prev_last_polygon_uuid":"15c53c98-cb2f-490d-a515-748324d3359f","local_government_cd":"013315","point_lng":140.13625684,"point_lat":41.428167731}},{"arcs":[[562,563,564,565,566,567]],"type":"Polygon","properties":{"polygon_uuid":"5858de7c-d6a2-4609-b4bf-077216d1c952","land_type":200,"issue_year":2024,"edit_year":2020,"history":"[{\"筆ポリゴンID\":\"4fd3d9e6-83bd-41d7-85f1-3a7ed8a22174\",\"更新年度\":2023,\"前年同一\":true},[{\"筆ポリゴンID\":\"34a00c8e-c990-46f9-916e-f98001fa0289\",\"更新年度\":2022,\"前年同一\":true},[{\"筆ポリゴンID\":\"e5ffb295-8fd3-4075-8302-228b1ae117e5\",\"更新年度\":2021,\"前年同一\":true},{\"筆ポリゴンID\":\"e5ffb295-8fd3-4075-8302-228b1ae117e5\",\"発生年度\":2020}]]]","last_polygon_uuid":"4fd3d9e6-83bd-41d7-85f1-3a7ed8a22174","prev_last_polygon_uuid":"34a00c8e-c990-46f9-916e-f98001fa0289","local_government_cd":"013315","point_lng":140.124268636,"point_lat":41.430550695}},{"arcs":[[568]],"type":"Polygon","properties":{"polygon_uuid":"54b430e2-f1a8-4df3-b05e-247f544c796c","land_type":200,"issue_year":2024,"edit_year":2020,"history":"[{\"筆ポリゴンID\":\"961ffdb5-af17-41e7-bc82-124fbb26ad12\",\"更新年度\":2023,\"前年同一\":true},[{\"筆ポリゴンID\":\"a9c3d43e-7ca5-4416-ab38-8b0cd107bfe0\",\"更新年度\":2022,\"前年同一\":true},[{\"筆ポリゴンID\":\"a36d0090-dda7-4e36-8bdb-0cd6f1a94bda\",\"更新年度\":2021,\"前年同一\":true},{\"筆ポリゴンID\":\"a36d0090-dda7-4e36-8bdb-0cd6f1a94bda\",\"発生年度\":2020}]]]","last_polygon_uuid":"961ffdb5-af17-41e7-bc82-124fbb26ad12","prev_last_polygon_uuid":"a9c3d43e-7ca5-4416-ab38-8b0cd107bfe0","local_government_cd":"013315","point_lng":140.035565234,"point_lat":41.457789105}},{"arcs":[[569]],"type":"Polygon","properties":{"polygon_uuid":"5d2b0b2c-6af8-47df-ac9e-c4102d1ab969","land_type":200,"issue_year":2024,"edit_year":2020,"history":"[{\"筆ポリゴンID\":\"0188ae68-8a40-406a-80b4-d86931b0c4fa\",\"更新年度\":2023,\"前年同一\":true},[{\"筆ポリゴンID\":\"09af4396-b987-4377-b271-fa5c79e67472\",\"更新年度\":2022,\"前年同一\":true},[{\"筆ポリゴンID\":\"1a953818-40e2-477b-9cbd-47d7151c9959\",\"更新年度\":2021,\"前年同一\":true},{\"筆ポリゴンID\":\"1a953818-40e2-477b-9cbd-47d7151c9959\",\"発生年度\":2020}]]]","last_polygon_uuid":"0188ae68-8a40-406a-80b4-d86931b0c4fa","prev_last_polygon_uuid":"09af4396-b987-4377-b271-fa5c79e67472","local_government_cd":"013315","point_lng":139.997148178,"point_lat":41.546532209}},{"arcs":[[570]],"type":"Polygon","properties":{"polygon_uuid":"6ebc99d8-f199-40b4-89b5-4b04c7636f98","land_type":200,"issue_year":2024,"edit_year":2020,"history":"[{\"筆ポリゴンID\":\"785bc7d1-db4a-4bcc-a789-0bf28a0e5396\",\"更新年度\":2023,\"前年同一\":true},[{\"筆ポリゴンID\":\"387d52ac-6b78-414e-9fe5-99fa3777e884\",\"更新年度\":2022,\"前年同一\":true},[{\"筆ポリゴンID\":\"3a5330cf-fb69-4f11-915d-3d1f6d660a3e\",\"更新年度\":2021,\"前年同一\":true},{\"筆ポリゴンID\":\"3a5330cf-fb69-4f11-915d-3d1f6d660a3e\",\"発生年度\":2020}]]]","last_polygon_uuid":"785bc7d1-db4a-4bcc-a789-0bf28a0e5396","prev_last_polygon_uuid":"387d52ac-6b78-414e-9fe5-99fa3777e884","local_government_cd":"013315","point_lng":140.024456212,"point_lat":41.484400191}},{"arcs":[[571,572]],"type":"Polygon","properties":{"polygon_uuid":"91e1b992-58fb-4ba6-95cf-0554111a731d","land_type":200,"issue_year":2024,"edit_year":2020,"history":"[{\"筆ポリゴンID\":\"f731f898-f650-4c81-9d30-d9e6bcea0892\",\"更新年度\":2023,\"前年同一\":true},[{\"筆ポリゴンID\":\"b65df76c-cbd5-4e8f-9147-5e9e7983da77\",\"更新年度\":2022,\"前年同一\":true},[{\"筆ポリゴンID\":\"e43a6f5d-99fe-4418-8f91-f86dfd52ded4\",\"更新年度\":2021,\"前年同一\":true},{\"筆ポリゴンID\":\"e43a6f5d-99fe-4418-8f91-f86dfd52ded4\",\"発生年度\":2020}]]]","last_polygon_uuid":"f731f898-f650-4c81-9d30-d9e6bcea0892","prev_last_polygon_uuid":"b65df76c-cbd5-4e8f-9147-5e9e7983da77","local_government_cd":"013315","point_lng":140.162955502,"point_lat":41.421069655}},{"arcs":[[-231,573,574,575]],"type":"Polygon","properties":{"polygon_uuid":"9137d3d7-cc0d-4234-ae0a-567326665fb0","land_type":200,"issue_year":2024,"edit_year":2020,"history":"[{\"筆ポリゴンID\":\"4bec74cb-9c3d-4d9c-a5e5-565ffa7d80cf\",\"更新年度\":2023,\"前年同一\":true},[{\"筆ポリゴンID\":\"f9ef8f67-01c3-4212-98d1-08d3ef1d4c42\",\"更新年度\":2022,\"前年同一\":true},[{\"筆ポリゴンID\":\"1c53e1f3-22bd-4067-92da-16586b4948e2\",\"更新年度\":2021,\"前年同一\":true},{\"筆ポリゴンID\":\"1c53e1f3-22bd-4067-92da-16586b4948e2\",\"発生年度\":2020}]]]","last_polygon_uuid":"4bec74cb-9c3d-4d9c-a5e5-565ffa7d80cf","prev_last_polygon_uuid":"f9ef8f67-01c3-4212-98d1-08d3ef1d4c42","local_government_cd":"013315","point_lng":140.006485567,"point_lat":41.522346086}},{"arcs":[[576]],"type":"Polygon","properties":{"polygon_uuid":"1ed12c8e-07b3-4d37-baa8-ce00db3d7f66","land_type":200,"issue_year":2024,"edit_year":2020,"history":"[{\"筆ポリゴンID\":\"a9fcff24-0969-4c4c-a991-243031a96b50\",\"更新年度\":2023,\"前年同一\":true},[{\"筆ポリゴンID\":\"b8ba6fe8-bef4-4b61-8005-a2cbd28c5415\",\"更新年度\":2022,\"前年同一\":true},[{\"筆ポリゴンID\":\"e08e70f1-06bb-4709-8a43-148bf7d0b809\",\"更新年度\":2021,\"前年同一\":true},{\"筆ポリゴンID\":\"e08e70f1-06bb-4709-8a43-148bf7d0b809\",\"発生年度\":2020}]]]","last_polygon_uuid":"a9fcff24-0969-4c4c-a991-243031a96b50","prev_last_polygon_uuid":"b8ba6fe8-bef4-4b61-8005-a2cbd28c5415","local_government_cd":"013315","point_lng":140.101472759,"point_lat":41.434770507}},{"arcs":[[-498,577]],"type":"Polygon","properties":{"polygon_uuid":"dbffba80-0fb5-423c-b34e-1bad72b12a8d","land_type":200,"issue_year":2024,"edit_year":2020,"history":"[{\"筆ポリゴンID\":\"31a2194d-cced-4619-8b38-8a8b88fdfe61\",\"更新年度\":2023,\"前年同一\":true},[{\"筆ポリゴンID\":\"183f1e8f-a07e-42ff-b577-cba311725322\",\"更新年度\":2022,\"前年同一\":true},[{\"筆ポリゴンID\":\"8870fd65-b4fb-4c8f-9965-935a702dde91\",\"更新年度\":2021,\"前年同一\":true},{\"筆ポリゴンID\":\"8870fd65-b4fb-4c8f-9965-935a702dde91\",\"発生年度\":2020}]]]","last_polygon_uuid":"31a2194d-cced-4619-8b38-8a8b88fdfe61","prev_last_polygon_uuid":"183f1e8f-a07e-42ff-b577-cba311725322","local_government_cd":"013315","point_lng":140.023464713,"point_lat":41.487899413}},{"arcs":[[578]],"type":"Polygon","properties":{"polygon_uuid":"fceb1b21-89d6-404d-ad1e-4cbba904ee4f","land_type":200,"issue_year":2024,"edit_year":2020,"history":"[{\"筆ポリゴンID\":\"07a3f7fe-f333-4eef-acd2-318c7fa044b2\",\"更新年度\":2023,\"前年同一\":true},[{\"筆ポリゴンID\":\"8156f3a2-5640-49f7-b0d0-3ace9b81e8ce\",\"更新年度\":2022,\"前年同一\":true},[{\"筆ポリゴンID\":\"85e9e653-4901-41bc-a9d1-8c66e5022d15\",\"更新年度\":2021,\"前年同一\":true},{\"筆ポリゴンID\":\"85e9e653-4901-41bc-a9d1-8c66e5022d15\",\"発生年度\":2020}]]]","last_polygon_uuid":"07a3f7fe-f333-4eef-acd2-318c7fa044b2","prev_last_polygon_uuid":"8156f3a2-5640-49f7-b0d0-3ace9b81e8ce","local_government_cd":"013315","point_lng":139.993695084,"point_lat":41.543666602}},{"arcs":[[579,580,581,582,583]],"type":"Polygon","properties":{"polygon_uuid":"31b65b93-15c4-4280-996c-08b4b5ffc04e","land_type":200,"issue_year":2024,"edit_year":2020,"history":"[{\"筆ポリゴンID\":\"234aae43-cd37-4846-8b60-60eaa1766cce\",\"更新年度\":2023,\"前年同一\":true},[{\"筆ポリゴンID\":\"17bbcd64-77cb-4df6-aa78-694db876f2d0\",\"更新年度\":2022,\"前年同一\":true},[{\"筆ポリゴンID\":\"4210bd9c-26c5-42d4-8ead-816eb19625ab\",\"更新年度\":2021,\"前年同一\":true},{\"筆ポリゴンID\":\"4210bd9c-26c5-42d4-8ead-816eb19625ab\",\"発生年度\":2020}]]]","last_polygon_uuid":"234aae43-cd37-4846-8b60-60eaa1766cce","prev_last_polygon_uuid":"17bbcd64-77cb-4df6-aa78-694db876f2d0","local_government_cd":"013315","point_lng":140.096523688,"point_lat":41.4284304}},{"arcs":[[584]],"type":"Polygon","properties":{"polygon_uuid":"5fbf1457-761d-47b4-8183-5ec90a1aa40a","land_type":200,"issue_year":2024,"edit_year":2020,"history":"[{\"筆ポリゴンID\":\"666c099c-4dd2-4886-8637-a845d355a269\",\"更新年度\":2023,\"前年同一\":true},[{\"筆ポリゴンID\":\"c7cae4d7-3b5c-443f-a1d0-b5fb05fbd5cd\",\"更新年度\":2022,\"前年同一\":true},[{\"筆ポリゴンID\":\"df339db4-f86d-4cad-83c8-d31266155f95\",\"更新年度\":2021,\"前年同一\":true},{\"筆ポリゴンID\":\"df339db4-f86d-4cad-83c8-d31266155f95\",\"発生年度\":2020}]]]","last_polygon_uuid":"666c099c-4dd2-4886-8637-a845d355a269","prev_last_polygon_uuid":"c7cae4d7-3b5c-443f-a1d0-b5fb05fbd5cd","local_government_cd":"013315","point_lng":139.984913471,"point_lat":41.605591531}},{"arcs":[[585]],"type":"Polygon","properties":{"polygon_uuid":"3d5fea3d-7972-4d69-bdc5-66605c0011be","land_type":200,"issue_year":2024,"edit_year":2020,"history":"[{\"筆ポリゴンID\":\"2a41b3ad-31ce-4107-9dc5-2f2f165d6a86\",\"更新年度\":2023,\"前年同一\":true},[{\"筆ポリゴンID\":\"035feb0d-138a-402f-a2c7-bb635ec18d63\",\"更新年度\":2022,\"前年同一\":true},[{\"筆ポリゴンID\":\"de93ecb9-14af-4a99-bded-2b725a1cb6dd\",\"更新年度\":2021,\"前年同一\":true},{\"筆ポリゴンID\":\"de93ecb9-14af-4a99-bded-2b725a1cb6dd\",\"発生年度\":2020}]]]","last_polygon_uuid":"2a41b3ad-31ce-4107-9dc5-2f2f165d6a86","prev_last_polygon_uuid":"035feb0d-138a-402f-a2c7-bb635ec18d63","local_government_cd":"013315","point_lng":140.144249051,"point_lat":41.433514094}},{"arcs":[[586]],"type":"Polygon","properties":{"polygon_uuid":"6545e8c3-dfe0-4633-84cf-4094facd280d","land_type":200,"issue_year":2024,"edit_year":2020,"history":"[{\"筆ポリゴンID\":\"e93bb3d5-6a62-4b43-bf4c-a10aa5b92d5b\",\"更新年度\":2023,\"前年同一\":true},[{\"筆ポリゴンID\":\"67264b8a-8e5c-4ede-a5be-93a40ad0b4ed\",\"更新年度\":2022,\"前年同一\":true},[{\"筆ポリゴンID\":\"7c3690ca-e051-42e8-9991-7a466ddc8262\",\"更新年度\":2021,\"前年同一\":true},{\"筆ポリゴンID\":\"7c3690ca-e051-42e8-9991-7a466ddc8262\",\"発生年度\":2020}]]]","last_polygon_uuid":"e93bb3d5-6a62-4b43-bf4c-a10aa5b92d5b","prev_last_polygon_uuid":"67264b8a-8e5c-4ede-a5be-93a40ad0b4ed","local_government_cd":"013315","point_lng":140.152304382,"point_lat":41.426606048}},{"arcs":[[587]],"type":"Polygon","properties":{"polygon_uuid":"1e6aaf2a-0456-45c5-8b7d-60c0c4f316f9","land_type":200,"issue_year":2024,"edit_year":2020,"history":"[{\"筆ポリゴンID\":\"a3023ee8-4364-422f-9c69-0d17126d4324\",\"更新年度\":2023,\"前年同一\":true},[{\"筆ポリゴンID\":\"ece8a470-f57d-454f-a041-6f798c147e96\",\"更新年度\":2022,\"前年同一\":true},[{\"筆ポリゴンID\":\"14a1cc3d-01b7-42b1-befb-0da540b73d66\",\"更新年度\":2021,\"前年同一\":true},{\"筆ポリゴンID\":\"14a1cc3d-01b7-42b1-befb-0da540b73d66\",\"発生年度\":2020}]]]","last_polygon_uuid":"a3023ee8-4364-422f-9c69-0d17126d4324","prev_last_polygon_uuid":"ece8a470-f57d-454f-a041-6f798c147e96","local_government_cd":"013315","point_lng":140.12519214,"point_lat":41.431847119}},{"arcs":[[588]],"type":"Polygon","properties":{"polygon_uuid":"e690a6b6-2791-4af6-ba6a-b1f99a1b0372","land_type":200,"issue_year":2024,"edit_year":2020,"history":"[{\"筆ポリゴンID\":\"0ed2fe99-7d5d-48e7-aa3c-3061c4ad3eae\",\"更新年度\":2023,\"前年同一\":true},[{\"筆ポリゴンID\":\"76b55f57-e583-44c1-82b8-891cf61bbd68\",\"更新年度\":2022,\"前年同一\":true},[{\"筆ポリゴンID\":\"c341a3fc-fc5c-46e5-8ef2-b3c9b57a886c\",\"更新年度\":2021,\"前年同一\":true},{\"筆ポリゴンID\":\"c341a3fc-fc5c-46e5-8ef2-b3c9b57a886c\",\"発生年度\":2020}]]]","last_polygon_uuid":"0ed2fe99-7d5d-48e7-aa3c-3061c4ad3eae","prev_last_polygon_uuid":"76b55f57-e583-44c1-82b8-891cf61bbd68","local_government_cd":"013315","point_lng":139.987001095,"point_lat":41.606749915}},{"arcs":[[589,590]],"type":"Polygon","properties":{"polygon_uuid":"ddcbc036-01bd-49d6-a92e-46038ba3b3fa","land_type":200,"issue_year":2024,"edit_year":2020,"history":"[{\"筆ポリゴンID\":\"4045c5da-2b3f-41a4-bda3-cbae046b612c\",\"更新年度\":2023,\"前年同一\":true},[{\"筆ポリゴンID\":\"43b6001c-9d00-4175-93f6-5305a1ae733d\",\"更新年度\":2022,\"前年同一\":true},[{\"筆ポリゴンID\":\"0ad65f2e-aece-40ba-8dbb-10bf099c10b0\",\"更新年度\":2021,\"前年同一\":true},{\"筆ポリゴンID\":\"0ad65f2e-aece-40ba-8dbb-10bf099c10b0\",\"発生年度\":2020}]]]","last_polygon_uuid":"4045c5da-2b3f-41a4-bda3-cbae046b612c","prev_last_polygon_uuid":"43b6001c-9d00-4175-93f6-5305a1ae733d","local_government_cd":"013315","point_lng":140.175123236,"point_lat":41.412847121}},{"arcs":[[591]],"type":"Polygon","properties":{"polygon_uuid":"0ea75212-d2e5-4b35-a5f6-841316068d26","land_type":200,"issue_year":2024,"edit_year":2020,"history":"[{\"筆ポリゴンID\":\"54fd5139-ed8e-43c7-930b-c601c0aab503\",\"更新年度\":2023,\"前年同一\":true},[{\"筆ポリゴンID\":\"81830a48-8d11-41c8-9080-d9b97444e7f4\",\"更新年度\":2022,\"前年同一\":true},[{\"筆ポリゴンID\":\"3d0dd8b5-cc99-4bf2-991f-8fdfa19b5efc\",\"更新年度\":2021,\"前年同一\":true},{\"筆ポリゴンID\":\"3d0dd8b5-cc99-4bf2-991f-8fdfa19b5efc\",\"発生年度\":2020}]]]","last_polygon_uuid":"54fd5139-ed8e-43c7-930b-c601c0aab503","prev_last_polygon_uuid":"81830a48-8d11-41c8-9080-d9b97444e7f4","local_government_cd":"013315","point_lng":140.030952508,"point_lat":41.470852137}},{"arcs":[[592]],"type":"Polygon","properties":{"polygon_uuid":"ce868fa2-5a7c-4f40-964d-87a2ab24663c","land_type":200,"issue_year":2024,"edit_year":2020,"history":"[{\"筆ポリゴンID\":\"edbd5865-3115-49e4-9d59-df83b4111337\",\"更新年度\":2023,\"前年同一\":true},[{\"筆ポリゴンID\":\"4ab018c4-9162-4c13-913a-49eb63e21ffb\",\"更新年度\":2022,\"前年同一\":true},[{\"筆ポリゴンID\":\"bc04c52d-6959-42d4-9608-dcdd6eb90cb4\",\"更新年度\":2021,\"前年同一\":true},{\"筆ポリゴンID\":\"bc04c52d-6959-42d4-9608-dcdd6eb90cb4\",\"発生年度\":2020}]]]","last_polygon_uuid":"edbd5865-3115-49e4-9d59-df83b4111337","prev_last_polygon_uuid":"4ab018c4-9162-4c13-913a-49eb63e21ffb","local_government_cd":"013315","point_lng":140.147322468,"point_lat":41.431041301}},{"arcs":[[593]],"type":"Polygon","properties":{"polygon_uuid":"7529e85e-5787-4df5-bf1d-c25794103112","land_type":200,"issue_year":2024,"edit_year":2020,"history":"[{\"筆ポリゴンID\":\"5d464842-1b8e-43f6-8245-6296180accf7\",\"更新年度\":2023,\"前年同一\":true},[{\"筆ポリゴンID\":\"7a503357-e5f2-432f-9af8-0a4e317e1cd9\",\"更新年度\":2022,\"前年同一\":true},[{\"筆ポリゴンID\":\"b8dcff41-d628-4636-8b4b-281b4f5f6f82\",\"更新年度\":2021,\"前年同一\":true},{\"筆ポリゴンID\":\"b8dcff41-d628-4636-8b4b-281b4f5f6f82\",\"発生年度\":2020}]]]","last_polygon_uuid":"5d464842-1b8e-43f6-8245-6296180accf7","prev_last_polygon_uuid":"7a503357-e5f2-432f-9af8-0a4e317e1cd9","local_government_cd":"013315","point_lng":140.046204755,"point_lat":41.449289145}},{"arcs":[[594,595,596]],"type":"Polygon","properties":{"polygon_uuid":"492657f9-a083-4325-8e62-208cf0f12815","land_type":200,"issue_year":2024,"edit_year":2020,"history":"[{\"筆ポリゴンID\":\"a01cc6d9-7f74-41e5-99ea-9284de52bf72\",\"更新年度\":2023,\"前年同一\":true},[{\"筆ポリゴンID\":\"c6d8d628-827a-407d-a522-dad7cdeeb3d4\",\"更新年度\":2022,\"前年同一\":true},[{\"筆ポリゴンID\":\"0b4ec8d1-4cd5-438c-95fa-2ac48ee5aa92\",\"更新年度\":2021,\"前年同一\":true},{\"筆ポリゴンID\":\"0b4ec8d1-4cd5-438c-95fa-2ac48ee5aa92\",\"発生年度\":2020}]]]","last_polygon_uuid":"a01cc6d9-7f74-41e5-99ea-9284de52bf72","prev_last_polygon_uuid":"c6d8d628-827a-407d-a522-dad7cdeeb3d4","local_government_cd":"013315","point_lng":139.985207547,"point_lat":41.601908096}},{"arcs":[[597]],"type":"Polygon","properties":{"polygon_uuid":"b2d76b20-42ee-4256-8380-62475d114051","land_type":200,"issue_year":2024,"edit_year":2020,"history":"[{\"筆ポリゴンID\":\"b9a5e601-cda2-422a-8d4b-eb2cda18d0bb\",\"更新年度\":2023,\"前年同一\":true},[{\"筆ポリゴンID\":\"744b55db-22b1-4e4b-a081-f6e2e58cd5bd\",\"更新年度\":2022,\"前年同一\":true},[{\"筆ポリゴンID\":\"22764d68-c152-48c4-8277-dbb907a2fd75\",\"更新年度\":2021,\"前年同一\":true},{\"筆ポリゴンID\":\"22764d68-c152-48c4-8277-dbb907a2fd75\",\"発生年度\":2020}]]]","last_polygon_uuid":"b9a5e601-cda2-422a-8d4b-eb2cda18d0bb","prev_last_polygon_uuid":"744b55db-22b1-4e4b-a081-f6e2e58cd5bd","local_government_cd":"013315","point_lng":140.017872662,"point_lat":41.495293625}},{"arcs":[[598,-475,599,-422,600,601,602]],"type":"Polygon","properties":{"polygon_uuid":"f0b5cc9a-2e71-4dbf-ad6f-fde30171fc79","land_type":200,"issue_year":2024,"edit_year":2020,"history":"[{\"筆ポリゴンID\":\"17025f64-909a-47d1-956c-f24ee19a7fdf\",\"更新年度\":2023,\"前年同一\":true},[{\"筆ポリゴンID\":\"1e01c5a2-f269-49f7-b471-914a1d7c5dca\",\"更新年度\":2022,\"前年同一\":true},[{\"筆ポリゴンID\":\"d2380f2f-b661-41e6-8f3c-6afc7e570bb0\",\"更新年度\":2021,\"前年同一\":true},{\"筆ポリゴンID\":\"d2380f2f-b661-41e6-8f3c-6afc7e570bb0\",\"発生年度\":2020}]]]","last_polygon_uuid":"17025f64-909a-47d1-956c-f24ee19a7fdf","prev_last_polygon_uuid":"1e01c5a2-f269-49f7-b471-914a1d7c5dca","local_government_cd":"013315","point_lng":140.12376351,"point_lat":41.43086219}},{"arcs":[[603]],"type":"Polygon","properties":{"polygon_uuid":"254190a7-bb22-4526-a069-202be4054b27","land_type":200,"issue_year":2024,"edit_year":2020,"history":"[{\"筆ポリゴンID\":\"5f57a767-7c27-40e6-93c3-3e80743286e0\",\"更新年度\":2023,\"前年同一\":true},[{\"筆ポリゴンID\":\"b094dc25-4b97-48c9-ae60-18c8cae21cd3\",\"更新年度\":2022,\"前年同一\":true},[{\"筆ポリゴンID\":\"a057d5b1-145a-4fd7-bb93-9702a751219e\",\"更新年度\":2021,\"前年同一\":true},{\"筆ポリゴンID\":\"a057d5b1-145a-4fd7-bb93-9702a751219e\",\"発生年度\":2020}]]]","last_polygon_uuid":"5f57a767-7c27-40e6-93c3-3e80743286e0","prev_last_polygon_uuid":"b094dc25-4b97-48c9-ae60-18c8cae21cd3","local_government_cd":"013315","point_lng":140.024610293,"point_lat":41.483072791}},{"arcs":[[604]],"type":"Polygon","properties":{"polygon_uuid":"47a63768-0589-4320-b6ce-3bd3edb8e962","land_type":200,"issue_year":2024,"edit_year":2020,"history":"[{\"筆ポリゴンID\":\"7709f28f-c0bc-4aa2-994e-4c9069419271\",\"更新年度\":2023,\"前年同一\":true},[{\"筆ポリゴンID\":\"eb975de2-7a5b-43f0-8eb4-1d799bd50fe3\",\"更新年度\":2022,\"前年同一\":true},[{\"筆ポリゴンID\":\"b72234c9-5eb3-4049-a41e-2904e19713df\",\"更新年度\":2021,\"前年同一\":true},{\"筆ポリゴンID\":\"b72234c9-5eb3-4049-a41e-2904e19713df\",\"発生年度\":2020}]]]","last_polygon_uuid":"7709f28f-c0bc-4aa2-994e-4c9069419271","prev_last_polygon_uuid":"eb975de2-7a5b-43f0-8eb4-1d799bd50fe3","local_government_cd":"013315","point_lng":140.166952208,"point_lat":41.41710965}},{"arcs":[[605]],"type":"Polygon","properties":{"polygon_uuid":"02945cd5-cccb-45c7-a007-9764609f3f41","land_type":200,"issue_year":2024,"edit_year":2020,"history":"[{\"筆ポリゴンID\":\"da3c4d18-c2bb-4507-bcd4-b04a26e7d9a2\",\"更新年度\":2023,\"前年同一\":true},[{\"筆ポリゴンID\":\"5c2ada66-5b98-4288-8589-409ce87d3837\",\"更新年度\":2022,\"前年同一\":true},[{\"筆ポリゴンID\":\"60c1578e-5aa8-4785-b8fa-a5b75582dcc2\",\"更新年度\":2021,\"前年同一\":true},{\"筆ポリゴンID\":\"60c1578e-5aa8-4785-b8fa-a5b75582dcc2\",\"発生年度\":2020}]]]","last_polygon_uuid":"da3c4d18-c2bb-4507-bcd4-b04a26e7d9a2","prev_last_polygon_uuid":"5c2ada66-5b98-4288-8589-409ce87d3837","local_government_cd":"013315","point_lng":140.0540713,"point_lat":41.443656008}},{"arcs":[[606]],"type":"Polygon","properties":{"polygon_uuid":"350bceab-26c3-4495-99eb-a5eca91aa90d","land_type":200,"issue_year":2024,"edit_year":2020,"history":"[{\"筆ポリゴンID\":\"a2f4d0dd-188f-4ca6-b6ea-b906d4ce3cbd\",\"更新年度\":2023,\"前年同一\":true},[{\"筆ポリゴンID\":\"75abb1be-d963-43db-82f0-e9d50b38e4e4\",\"更新年度\":2022,\"前年同一\":true},[{\"筆ポリゴンID\":\"5d26c856-81dd-4700-8953-79a2fb176f3a\",\"更新年度\":2021,\"前年同一\":true},{\"筆ポリゴンID\":\"5d26c856-81dd-4700-8953-79a2fb176f3a\",\"発生年度\":2020}]]]","last_polygon_uuid":"a2f4d0dd-188f-4ca6-b6ea-b906d4ce3cbd","prev_last_polygon_uuid":"75abb1be-d963-43db-82f0-e9d50b38e4e4","local_government_cd":"013315","point_lng":140.096022799,"point_lat":41.430596352}},{"arcs":[[607]],"type":"Polygon","properties":{"polygon_uuid":"dfbb4ce0-3e47-4520-92f5-6f6050b19c5b","land_type":200,"issue_year":2024,"edit_year":2020,"history":"[{\"筆ポリゴンID\":\"3a654501-09c3-4f74-8f96-3010013be348\",\"更新年度\":2023,\"前年同一\":true},[{\"筆ポリゴンID\":\"29c3ec72-10a0-4bd6-8e80-6e9f54674459\",\"更新年度\":2022,\"前年同一\":true},[{\"筆ポリゴンID\":\"ae6d7857-05ec-4d8e-8b9e-8b2763c77b33\",\"更新年度\":2021,\"前年同一\":true},{\"筆ポリゴンID\":\"ae6d7857-05ec-4d8e-8b9e-8b2763c77b33\",\"発生年度\":2020}]]]","last_polygon_uuid":"3a654501-09c3-4f74-8f96-3010013be348","prev_last_polygon_uuid":"29c3ec72-10a0-4bd6-8e80-6e9f54674459","local_government_cd":"013315","point_lng":139.995065987,"point_lat":41.547796611}},{"arcs":[[-148,608,-75]],"type":"Polygon","properties":{"polygon_uuid":"358a5d1e-9201-479f-b2ab-ae8046f74806","land_type":200,"issue_year":2024,"edit_year":2020,"history":"[{\"筆ポリゴンID\":\"c2c95a89-20c8-419a-ab02-f43cfe49b785\",\"更新年度\":2023,\"前年同一\":true},[{\"筆ポリゴンID\":\"6092617e-7cd0-4ecd-981d-71f01a9e8cb1\",\"更新年度\":2022,\"前年同一\":true},[{\"筆ポリゴンID\":\"87d68d5b-24a9-4caa-9d76-484044047577\",\"更新年度\":2021,\"前年同一\":true},{\"筆ポリゴンID\":\"87d68d5b-24a9-4caa-9d76-484044047577\",\"発生年度\":2020}]]]","last_polygon_uuid":"c2c95a89-20c8-419a-ab02-f43cfe49b785","prev_last_polygon_uuid":"6092617e-7cd0-4ecd-981d-71f01a9e8cb1","local_government_cd":"013315","point_lng":140.141008286,"point_lat":41.448837746}},{"arcs":[[609]],"type":"Polygon","properties":{"polygon_uuid":"b3c215d1-791c-47fa-89c9-61409f3e5868","land_type":200,"issue_year":2024,"edit_year":2020,"history":"[{\"筆ポリゴンID\":\"998577dc-154d-4419-b546-dfede41e3a17\",\"更新年度\":2023,\"前年同一\":true},[{\"筆ポリゴンID\":\"dcf2b593-0b48-44bf-89bf-15e2dd98d8db\",\"更新年度\":2022,\"前年同一\":true},[{\"筆ポリゴンID\":\"c0019865-089a-4c0f-a231-cfd5800b091f\",\"更新年度\":2021,\"前年同一\":true},{\"筆ポリゴンID\":\"c0019865-089a-4c0f-a231-cfd5800b091f\",\"発生年度\":2020}]]]","last_polygon_uuid":"998577dc-154d-4419-b546-dfede41e3a17","prev_last_polygon_uuid":"dcf2b593-0b48-44bf-89bf-15e2dd98d8db","local_government_cd":"013315","point_lng":140.13623249,"point_lat":41.430719548}},{"arcs":[[610]],"type":"Polygon","properties":{"polygon_uuid":"8a443814-b052-43bb-985c-d8f24f8cef67","land_type":200,"issue_year":2024,"edit_year":2020,"history":"[{\"筆ポリゴンID\":\"c6920b2e-e890-4a07-b6ee-6e523a704dfe\",\"更新年度\":2023,\"前年同一\":true},[{\"筆ポリゴンID\":\"436d60a0-dd72-44d1-80db-c481cc0cea8e\",\"更新年度\":2022,\"前年同一\":true},[{\"筆ポリゴンID\":\"236b39fe-1ea3-49a8-b59f-0919ad3817fa\",\"更新年度\":2021,\"前年同一\":true},{\"筆ポリゴンID\":\"236b39fe-1ea3-49a8-b59f-0919ad3817fa\",\"発生年度\":2020}]]]","last_polygon_uuid":"c6920b2e-e890-4a07-b6ee-6e523a704dfe","prev_last_polygon_uuid":"436d60a0-dd72-44d1-80db-c481cc0cea8e","local_government_cd":"013315","point_lng":140.115283024,"point_lat":41.432914609}},{"arcs":[[611]],"type":"Polygon","properties":{"polygon_uuid":"64a30de7-abf5-4761-b09e-70ded5192042","land_type":200,"issue_year":2024,"edit_year":2020,"history":"[{\"筆ポリゴンID\":\"8b571409-0fdf-4e86-afa6-67ce4eadf947\",\"更新年度\":2023,\"前年同一\":true},[{\"筆ポリゴンID\":\"f87dad6f-39f0-485b-81be-22a4aabf3963\",\"更新年度\":2022,\"前年同一\":true},[{\"筆ポリゴンID\":\"1771963f-8006-4c81-ad5a-d0d8d10c157a\",\"更新年度\":2021,\"前年同一\":true},{\"筆ポリゴンID\":\"1771963f-8006-4c81-ad5a-d0d8d10c157a\",\"発生年度\":2020}]]]","last_polygon_uuid":"8b571409-0fdf-4e86-afa6-67ce4eadf947","prev_last_polygon_uuid":"f87dad6f-39f0-485b-81be-22a4aabf3963","local_government_cd":"013315","point_lng":140.019834564,"point_lat":41.490010396}},{"arcs":[[612]],"type":"Polygon","properties":{"polygon_uuid":"308e833f-8ab0-4ae7-96b7-0a426c828afd","land_type":200,"issue_year":2024,"edit_year":2020,"history":"[{\"筆ポリゴンID\":\"d43f6f09-3ac6-4f10-b9d1-5a4a5f09181b\",\"更新年度\":2023,\"前年同一\":true},[{\"筆ポリゴンID\":\"5b69911a-c2d8-4025-8fd5-15f6798cb003\",\"更新年度\":2022,\"前年同一\":true},[{\"筆ポリゴンID\":\"98aa0144-047a-46ef-a93a-35e7839b37a1\",\"更新年度\":2021,\"前年同一\":true},{\"筆ポリゴンID\":\"98aa0144-047a-46ef-a93a-35e7839b37a1\",\"発生年度\":2020}]]]","last_polygon_uuid":"d43f6f09-3ac6-4f10-b9d1-5a4a5f09181b","prev_last_polygon_uuid":"5b69911a-c2d8-4025-8fd5-15f6798cb003","local_government_cd":"013315","point_lng":140.117038161,"point_lat":41.432046932}},{"arcs":[[613]],"type":"Polygon","properties":{"polygon_uuid":"c57f1753-cfa9-42a7-b4d2-366d0613942b","land_type":200,"issue_year":2024,"edit_year":2020,"history":"[{\"筆ポリゴンID\":\"d4191df8-03de-43ce-aaa7-310ab46b48c4\",\"更新年度\":2023,\"前年同一\":true},[{\"筆ポリゴンID\":\"4fac468b-bfcf-426b-b9d6-569454f568bc\",\"更新年度\":2022,\"前年同一\":true},[{\"筆ポリゴンID\":\"4232496a-40b4-4c80-a9f2-03525f005ca0\",\"更新年度\":2021,\"前年同一\":true},{\"筆ポリゴンID\":\"4232496a-40b4-4c80-a9f2-03525f005ca0\",\"発生年度\":2020}]]]","last_polygon_uuid":"d4191df8-03de-43ce-aaa7-310ab46b48c4","prev_last_polygon_uuid":"4fac468b-bfcf-426b-b9d6-569454f568bc","local_government_cd":"013315","point_lng":140.1141506,"point_lat":41.434079185}},{"arcs":[[614]],"type":"Polygon","properties":{"polygon_uuid":"e4b736e4-0a2c-4a49-b848-951a746c4293","land_type":200,"issue_year":2024,"edit_year":2020,"history":"[{\"筆ポリゴンID\":\"4389207c-1daa-4bb4-a4d2-a606f96f2760\",\"更新年度\":2023,\"前年同一\":true},[{\"筆ポリゴンID\":\"607ccad6-4124-4e6a-b9d7-8d3952f982e0\",\"更新年度\":2022,\"前年同一\":true},[{\"筆ポリゴンID\":\"bf676bf3-c64f-4aed-b88a-b9ad53cc2c4e\",\"更新年度\":2021,\"前年同一\":true},{\"筆ポリゴンID\":\"bf676bf3-c64f-4aed-b88a-b9ad53cc2c4e\",\"発生年度\":2020}]]]","last_polygon_uuid":"4389207c-1daa-4bb4-a4d2-a606f96f2760","prev_last_polygon_uuid":"607ccad6-4124-4e6a-b9d7-8d3952f982e0","local_government_cd":"013315","point_lng":140.13302846,"point_lat":41.43847624}},{"arcs":[[615]],"type":"Polygon","properties":{"polygon_uuid":"1286e175-d96a-455d-a1d7-565ac9df3b7c","land_type":200,"issue_year":2024,"edit_year":2020,"history":"[{\"筆ポリゴンID\":\"78236947-5a3e-449d-add4-dc734f602714\",\"更新年度\":2023,\"前年同一\":true},[{\"筆ポリゴンID\":\"e094c944-8c2e-47cb-844c-131043a1eae3\",\"更新年度\":2022,\"前年同一\":true},[{\"筆ポリゴンID\":\"0a6a8bc8-7377-42df-9d3d-e4d95509c5b3\",\"更新年度\":2021,\"前年同一\":true},{\"筆ポリゴンID\":\"0a6a8bc8-7377-42df-9d3d-e4d95509c5b3\",\"発生年度\":2020}]]]","last_polygon_uuid":"78236947-5a3e-449d-add4-dc734f602714","prev_last_polygon_uuid":"e094c944-8c2e-47cb-844c-131043a1eae3","local_government_cd":"013315","point_lng":140.017685409,"point_lat":41.494474959}},{"arcs":[[616]],"type":"Polygon","properties":{"polygon_uuid":"d6b8e632-641b-4bb5-b941-515ec6fa0804","land_type":200,"issue_year":2024,"edit_year":2020,"history":"[{\"筆ポリゴンID\":\"91ef49b5-04fb-49fc-9bea-08f56aea9b72\",\"更新年度\":2023,\"前年同一\":true},[{\"筆ポリゴンID\":\"46dd6be9-119f-4132-bf0f-1bb36a543891\",\"更新年度\":2022,\"前年同一\":true},[{\"筆ポリゴンID\":\"2cbc1add-5244-4734-96be-e788c00ad808\",\"更新年度\":2021,\"前年同一\":true},{\"筆ポリゴンID\":\"2cbc1add-5244-4734-96be-e788c00ad808\",\"発生年度\":2020}]]]","last_polygon_uuid":"91ef49b5-04fb-49fc-9bea-08f56aea9b72","prev_last_polygon_uuid":"46dd6be9-119f-4132-bf0f-1bb36a543891","local_government_cd":"013315","point_lng":140.164514693,"point_lat":41.420538481}},{"arcs":[[617]],"type":"Polygon","properties":{"polygon_uuid":"2a6f0e40-38ac-437b-8894-74c7f5fd98d6","land_type":200,"issue_year":2024,"edit_year":2020,"history":"[{\"筆ポリゴンID\":\"27898567-06cc-4df8-8bcf-6f067155eed1\",\"更新年度\":2023,\"前年同一\":true},[{\"筆ポリゴンID\":\"21776c8e-6247-44c1-aec7-f3809867572d\",\"更新年度\":2022,\"前年同一\":true},[{\"筆ポリゴンID\":\"533dd6fa-31fe-4d37-9120-a85644981947\",\"更新年度\":2021,\"前年同一\":true},{\"筆ポリゴンID\":\"533dd6fa-31fe-4d37-9120-a85644981947\",\"発生年度\":2020}]]]","last_polygon_uuid":"27898567-06cc-4df8-8bcf-6f067155eed1","prev_last_polygon_uuid":"21776c8e-6247-44c1-aec7-f3809867572d","local_government_cd":"013315","point_lng":140.142004597,"point_lat":41.42924783}},{"arcs":[[618]],"type":"Polygon","properties":{"polygon_uuid":"ae640899-9997-4a94-b946-1217a61c02ea","land_type":200,"issue_year":2024,"edit_year":2020,"history":"[{\"筆ポリゴンID\":\"fc01996f-5ef6-4280-9b24-1644b6db6c45\",\"更新年度\":2023,\"前年同一\":true},[{\"筆ポリゴンID\":\"dfbacc2b-0bd4-4b27-b3c9-79add688f011\",\"更新年度\":2022,\"前年同一\":true},[{\"筆ポリゴンID\":\"4670a7e2-e7d1-46e0-a37c-ea726429b7c6\",\"更新年度\":2021,\"前年同一\":true},{\"筆ポリゴンID\":\"4670a7e2-e7d1-46e0-a37c-ea726429b7c6\",\"発生年度\":2020}]]]","last_polygon_uuid":"fc01996f-5ef6-4280-9b24-1644b6db6c45","prev_last_polygon_uuid":"dfbacc2b-0bd4-4b27-b3c9-79add688f011","local_government_cd":"013315","point_lng":140.135126662,"point_lat":41.431255792}},{"arcs":[[619,620]],"type":"Polygon","properties":{"polygon_uuid":"36ba0e3d-afcb-48a9-b9f1-e540f3dad1f3","land_type":200,"issue_year":2024,"edit_year":2020,"history":"[{\"筆ポリゴンID\":\"d2e0d5dc-1a62-4699-9918-8d61da697ff0\",\"更新年度\":2023,\"前年同一\":true},[{\"筆ポリゴンID\":\"1517f773-e9e1-47a6-9af0-1bfbb279c86d\",\"更新年度\":2022,\"前年同一\":true},[{\"筆ポリゴンID\":\"7591bc19-c826-41ba-9412-1b2617f07ea0\",\"更新年度\":2021,\"前年同一\":true},{\"筆ポリゴンID\":\"7591bc19-c826-41ba-9412-1b2617f07ea0\",\"発生年度\":2020}]]]","last_polygon_uuid":"d2e0d5dc-1a62-4699-9918-8d61da697ff0","prev_last_polygon_uuid":"1517f773-e9e1-47a6-9af0-1bfbb279c86d","local_government_cd":"013315","point_lng":140.093747329,"point_lat":41.427266089}},{"arcs":[[621,622]],"type":"Polygon","properties":{"polygon_uuid":"02830230-1b49-4e71-9d24-f4ba9b03aefe","land_type":200,"issue_year":2024,"edit_year":2020,"history":"[{\"筆ポリゴンID\":\"0b37a9aa-debe-4ba8-9e79-627dbf6a0dd3\",\"更新年度\":2023,\"前年同一\":true},[{\"筆ポリゴンID\":\"8a07a496-2d1e-4ea8-89c7-9f88f78476ca\",\"更新年度\":2022,\"前年同一\":true},[{\"筆ポリゴンID\":\"e39e26e4-4f52-4c47-aaaa-153c1f1fea15\",\"更新年度\":2021,\"前年同一\":true},{\"筆ポリゴンID\":\"e39e26e4-4f52-4c47-aaaa-153c1f1fea15\",\"発生年度\":2020}]]]","last_polygon_uuid":"0b37a9aa-debe-4ba8-9e79-627dbf6a0dd3","prev_last_polygon_uuid":"8a07a496-2d1e-4ea8-89c7-9f88f78476ca","local_government_cd":"013315","point_lng":140.122122724,"point_lat":41.431188162}},{"arcs":[[623]],"type":"Polygon","properties":{"polygon_uuid":"cf46a5c3-c59a-43ee-b10b-be7bdcc9b919","land_type":200,"issue_year":2024,"edit_year":2020,"history":"[{\"筆ポリゴンID\":\"122c915f-999a-4f0b-9cf4-dce7ff1e4249\",\"更新年度\":2023,\"前年同一\":true},[{\"筆ポリゴンID\":\"21a91c6b-3130-4d20-b3ef-6a68a4c22583\",\"更新年度\":2022,\"前年同一\":true},[{\"筆ポリゴンID\":\"ee2b1ffb-1e18-422a-a123-d5695554a545\",\"更新年度\":2021,\"前年同一\":true},{\"筆ポリゴンID\":\"ee2b1ffb-1e18-422a-a123-d5695554a545\",\"発生年度\":2020}]]]","last_polygon_uuid":"122c915f-999a-4f0b-9cf4-dce7ff1e4249","prev_last_polygon_uuid":"21a91c6b-3130-4d20-b3ef-6a68a4c22583","local_government_cd":"013315","point_lng":140.019039412,"point_lat":41.492302915}},{"arcs":[[624]],"type":"Polygon","properties":{"polygon_uuid":"87ff42fb-5d09-4164-b0ee-44c8fb91b900","land_type":200,"issue_year":2024,"edit_year":2020,"history":"[{\"筆ポリゴンID\":\"86d55ef8-b968-4027-998b-a247e1e0e3cc\",\"更新年度\":2023,\"前年同一\":true},[{\"筆ポリゴンID\":\"033f0363-cc86-4ef4-b975-51cf0de46f79\",\"更新年度\":2022,\"前年同一\":true},[{\"筆ポリゴンID\":\"27d799b6-e614-4705-882b-7579240523d0\",\"更新年度\":2021,\"前年同一\":true},{\"筆ポリゴンID\":\"27d799b6-e614-4705-882b-7579240523d0\",\"発生年度\":2020}]]]","last_polygon_uuid":"86d55ef8-b968-4027-998b-a247e1e0e3cc","prev_last_polygon_uuid":"033f0363-cc86-4ef4-b975-51cf0de46f79","local_government_cd":"013315","point_lng":140.14986868,"point_lat":41.426616354}},{"arcs":[[625,626]],"type":"Polygon","properties":{"polygon_uuid":"f15cf284-802b-4b6c-9fc7-9af10d83ae76","land_type":200,"issue_year":2024,"edit_year":2020,"history":"[{\"筆ポリゴンID\":\"f17b8265-39e6-4a74-bee5-66a2ae1a5b8f\",\"更新年度\":2023,\"前年同一\":true},[{\"筆ポリゴンID\":\"ad0bd82a-0235-44c5-bc4b-45a4cd0ccd92\",\"更新年度\":2022,\"前年同一\":true},[{\"筆ポリゴンID\":\"ba9a333a-8545-44cd-b20d-38b8f8e0a80b\",\"更新年度\":2021,\"前年同一\":true},{\"筆ポリゴンID\":\"ba9a333a-8545-44cd-b20d-38b8f8e0a80b\",\"発生年度\":2020}]]]","last_polygon_uuid":"f17b8265-39e6-4a74-bee5-66a2ae1a5b8f","prev_last_polygon_uuid":"ad0bd82a-0235-44c5-bc4b-45a4cd0ccd92","local_government_cd":"013315","point_lng":140.135477688,"point_lat":41.428863817}},{"arcs":[[627]],"type":"Polygon","properties":{"polygon_uuid":"a4382219-2d05-40d1-8dee-0acf835f28ef","land_type":200,"issue_year":2024,"edit_year":2020,"history":"[{\"筆ポリゴンID\":\"b0d538c2-d928-4528-b24a-92e296f9b06f\",\"更新年度\":2023,\"前年同一\":true},[{\"筆ポリゴンID\":\"9f0ac4b5-a87a-4792-be7d-811a823170de\",\"更新年度\":2022,\"前年同一\":true},[{\"筆ポリゴンID\":\"372f7d68-20df-4420-845b-c03302f58119\",\"更新年度\":2021,\"前年同一\":true},{\"筆ポリゴンID\":\"372f7d68-20df-4420-845b-c03302f58119\",\"発生年度\":2020}]]]","last_polygon_uuid":"b0d538c2-d928-4528-b24a-92e296f9b06f","prev_last_polygon_uuid":"9f0ac4b5-a87a-4792-be7d-811a823170de","local_government_cd":"013315","point_lng":140.031003503,"point_lat":41.466560231}},{"arcs":[[628]],"type":"Polygon","properties":{"polygon_uuid":"680fea43-13bf-4d47-b7d8-059b5538ba40","land_type":200,"issue_year":2024,"edit_year":2020,"history":"[{\"筆ポリゴンID\":\"9de08af9-1804-4aca-a0d2-1ddb6490df11\",\"更新年度\":2023,\"前年同一\":true},[{\"筆ポリゴンID\":\"aa1d45e9-8318-4739-96be-86bb5ebe94cf\",\"更新年度\":2022,\"前年同一\":true},[{\"筆ポリゴンID\":\"8479ee95-1802-47b1-b189-66cb0a732baf\",\"更新年度\":2021,\"前年同一\":true},{\"筆ポリゴンID\":\"8479ee95-1802-47b1-b189-66cb0a732baf\",\"発生年度\":2020}]]]","last_polygon_uuid":"9de08af9-1804-4aca-a0d2-1ddb6490df11","prev_last_polygon_uuid":"aa1d45e9-8318-4739-96be-86bb5ebe94cf","local_government_cd":"013315","point_lng":140.053315512,"point_lat":41.443006176}},{"arcs":[[629]],"type":"Polygon","properties":{"polygon_uuid":"6f39e3a8-6422-4305-98cf-79de519eb6a0","land_type":200,"issue_year":2024,"edit_year":2020,"history":"[{\"筆ポリゴンID\":\"a281b9fa-dc4d-484b-9bf4-9689346ddf7d\",\"更新年度\":2023,\"前年同一\":true},[{\"筆ポリゴンID\":\"13adbe88-aa38-48f2-b3d0-56cdff36998e\",\"更新年度\":2022,\"前年同一\":true},[{\"筆ポリゴンID\":\"a4b95503-08e1-4e5e-9a24-1722ccc603b4\",\"更新年度\":2021,\"前年同一\":true},{\"筆ポリゴンID\":\"a4b95503-08e1-4e5e-9a24-1722ccc603b4\",\"発生年度\":2020}]]]","last_polygon_uuid":"a281b9fa-dc4d-484b-9bf4-9689346ddf7d","prev_last_polygon_uuid":"13adbe88-aa38-48f2-b3d0-56cdff36998e","local_government_cd":"013315","point_lng":140.029559436,"point_lat":41.4818959}},{"arcs":[[630]],"type":"Polygon","properties":{"polygon_uuid":"e69a093f-8280-409a-9773-e8e26074ca40","land_type":200,"issue_year":2024,"edit_year":2020,"history":"[{\"筆ポリゴンID\":\"5db2fa3c-f48b-47b4-9f74-7bdd6b1a11c9\",\"更新年度\":2023,\"前年同一\":true},[{\"筆ポリゴンID\":\"0ae5d276-e3fa-493b-a279-99bdc8b71f9a\",\"更新年度\":2022,\"前年同一\":true},[{\"筆ポリゴンID\":\"e7848091-3b7a-4b4a-9acc-f262286509af\",\"更新年度\":2021,\"前年同一\":true},{\"筆ポリゴンID\":\"e7848091-3b7a-4b4a-9acc-f262286509af\",\"発生年度\":2020}]]]","last_polygon_uuid":"5db2fa3c-f48b-47b4-9f74-7bdd6b1a11c9","prev_last_polygon_uuid":"0ae5d276-e3fa-493b-a279-99bdc8b71f9a","local_government_cd":"013315","point_lng":140.101690069,"point_lat":41.430889209}},{"arcs":[[631]],"type":"Polygon","properties":{"polygon_uuid":"1077302c-6a37-4098-a3d5-07dd5be5360a","land_type":200,"issue_year":2024,"edit_year":2020,"history":"[{\"筆ポリゴンID\":\"6d60deed-1a37-4a86-a4d4-75e1ef6c1986\",\"更新年度\":2023,\"前年同一\":true},[{\"筆ポリゴンID\":\"4086f4b1-d2dc-4c5b-ba52-e40c9e2c6851\",\"更新年度\":2022,\"前年同一\":true},[{\"筆ポリゴンID\":\"6ba8fac7-f1b4-4163-806e-59e40cf4cd4b\",\"更新年度\":2021,\"前年同一\":true},{\"筆ポリゴンID\":\"6ba8fac7-f1b4-4163-806e-59e40cf4cd4b\",\"発生年度\":2020}]]]","last_polygon_uuid":"6d60deed-1a37-4a86-a4d4-75e1ef6c1986","prev_last_polygon_uuid":"4086f4b1-d2dc-4c5b-ba52-e40c9e2c6851","local_government_cd":"013315","point_lng":139.98949938,"point_lat":41.551792959}},{"arcs":[[-470,632,633,-344,634]],"type":"Polygon","properties":{"polygon_uuid":"3b5c3f8c-42d1-4b35-ae02-52986d718a7b","land_type":200,"issue_year":2024,"edit_year":2020,"history":"[{\"筆ポリゴンID\":\"0e07485a-df05-4f83-8401-afe6349c5eda\",\"更新年度\":2023,\"前年同一\":true},[{\"筆ポリゴンID\":\"0c91e0f7-0878-4bde-a5bd-419d2e517dab\",\"更新年度\":2022,\"前年同一\":true},[{\"筆ポリゴンID\":\"2c28a141-0d8c-413e-a12e-6adb9b7b4c24\",\"更新年度\":2021,\"前年同一\":true},{\"筆ポリゴンID\":\"2c28a141-0d8c-413e-a12e-6adb9b7b4c24\",\"発生年度\":2020}]]]","last_polygon_uuid":"0e07485a-df05-4f83-8401-afe6349c5eda","prev_last_polygon_uuid":"0c91e0f7-0878-4bde-a5bd-419d2e517dab","local_government_cd":"013315","point_lng":140.123292132,"point_lat":41.430600993}},{"arcs":[[635]],"type":"Polygon","properties":{"polygon_uuid":"161657eb-44cc-4cb4-b22e-1f55f7e92eee","land_type":200,"issue_year":2024,"edit_year":2020,"history":"[{\"筆ポリゴンID\":\"84064f4a-dddb-4376-ab0e-aab2f49b3777\",\"更新年度\":2023,\"前年同一\":true},[{\"筆ポリゴンID\":\"2132218c-e905-487a-8bf8-d088cd6095fc\",\"更新年度\":2022,\"前年同一\":true},[{\"筆ポリゴンID\":\"362e7816-f339-4ea8-a548-4007164263b1\",\"更新年度\":2021,\"前年同一\":true},{\"筆ポリゴンID\":\"362e7816-f339-4ea8-a548-4007164263b1\",\"発生年度\":2020}]]]","last_polygon_uuid":"84064f4a-dddb-4376-ab0e-aab2f49b3777","prev_last_polygon_uuid":"2132218c-e905-487a-8bf8-d088cd6095fc","local_government_cd":"013315","point_lng":140.041866829,"point_lat":41.452641079}},{"arcs":[[636]],"type":"Polygon","properties":{"polygon_uuid":"dea6dade-dccf-45ef-a7b8-3cbe2111ba20","land_type":200,"issue_year":2024,"edit_year":2020,"history":"[{\"筆ポリゴンID\":\"ad1ef564-07d2-4261-bc94-947e925591f9\",\"更新年度\":2023,\"前年同一\":true},[{\"筆ポリゴンID\":\"5983cde3-4985-4af7-8eaf-dc16b40013d9\",\"更新年度\":2022,\"前年同一\":true},[{\"筆ポリゴンID\":\"aa7e3645-0cef-4661-a65c-82f954206cc1\",\"更新年度\":2021,\"前年同一\":true},{\"筆ポリゴンID\":\"aa7e3645-0cef-4661-a65c-82f954206cc1\",\"発生年度\":2020}]]]","last_polygon_uuid":"ad1ef564-07d2-4261-bc94-947e925591f9","prev_last_polygon_uuid":"5983cde3-4985-4af7-8eaf-dc16b40013d9","local_government_cd":"013315","point_lng":140.102797454,"point_lat":41.43050437}},{"arcs":[[637,-584,638]],"type":"Polygon","properties":{"polygon_uuid":"2a9aa3c6-6194-4ba9-8de6-eab3120b82d2","land_type":200,"issue_year":2024,"edit_year":2020,"history":"[{\"筆ポリゴンID\":\"cec9e97d-905c-4356-81bb-a9dd42b7118f\",\"更新年度\":2023,\"前年同一\":true},[{\"筆ポリゴンID\":\"510061c9-f127-47fa-bed0-e96c05244db9\",\"更新年度\":2022,\"前年同一\":true},[{\"筆ポリゴンID\":\"eee0422e-5504-4dec-b47d-96bd17203e8e\",\"更新年度\":2021,\"前年同一\":true},{\"筆ポリゴンID\":\"eee0422e-5504-4dec-b47d-96bd17203e8e\",\"発生年度\":2020}]]]","last_polygon_uuid":"cec9e97d-905c-4356-81bb-a9dd42b7118f","prev_last_polygon_uuid":"510061c9-f127-47fa-bed0-e96c05244db9","local_government_cd":"013315","point_lng":140.096159406,"point_lat":41.428481685}},{"arcs":[[639]],"type":"Polygon","properties":{"polygon_uuid":"b63eab33-7483-4017-8b34-14ad6cba8382","land_type":200,"issue_year":2024,"edit_year":2020,"history":"[{\"筆ポリゴンID\":\"fe0fba15-2080-4edc-b76f-28d6f8e23977\",\"更新年度\":2023,\"前年同一\":true},[{\"筆ポリゴンID\":\"52a8f378-0255-4fa1-89ed-c1e26a12e6fa\",\"更新年度\":2022,\"前年同一\":true},[{\"筆ポリゴンID\":\"1b8ed52b-3456-48d8-a1d4-4edb47eb4176\",\"更新年度\":2021,\"前年同一\":true},{\"筆ポリゴンID\":\"1b8ed52b-3456-48d8-a1d4-4edb47eb4176\",\"発生年度\":2020}]]]","last_polygon_uuid":"fe0fba15-2080-4edc-b76f-28d6f8e23977","prev_last_polygon_uuid":"52a8f378-0255-4fa1-89ed-c1e26a12e6fa","local_government_cd":"013315","point_lng":140.04110852,"point_lat":41.452225204}},{"arcs":[[640]],"type":"Polygon","properties":{"polygon_uuid":"6cbf3bbb-26f5-43c8-9e9e-cab1225a5a10","land_type":200,"issue_year":2024,"edit_year":2020,"history":"[{\"筆ポリゴンID\":\"443ffe4f-e90a-4cfe-9ac7-2b3b69afc61f\",\"更新年度\":2023,\"前年同一\":true},[{\"筆ポリゴンID\":\"a7fb135a-d01c-4640-ba69-25277cc74e9e\",\"更新年度\":2022,\"前年同一\":true},[{\"筆ポリゴンID\":\"83d84837-e08a-4f46-8b17-ab32c49be5a0\",\"更新年度\":2021,\"前年同一\":true},{\"筆ポリゴンID\":\"83d84837-e08a-4f46-8b17-ab32c49be5a0\",\"発生年度\":2020}]]]","last_polygon_uuid":"443ffe4f-e90a-4cfe-9ac7-2b3b69afc61f","prev_last_polygon_uuid":"a7fb135a-d01c-4640-ba69-25277cc74e9e","local_government_cd":"013315","point_lng":140.019900656,"point_lat":41.48799301}},{"arcs":[[641]],"type":"Polygon","properties":{"polygon_uuid":"c0ba4cf8-4a31-43da-b738-831cfbcef9c7","land_type":200,"issue_year":2024,"edit_year":2020,"history":"[{\"筆ポリゴンID\":\"992f7b52-d18c-4d7f-94cc-fd97c9fa05d4\",\"更新年度\":2023,\"前年同一\":true},[{\"筆ポリゴンID\":\"93c95b9c-a220-4e61-ab08-af2ba18bb900\",\"更新年度\":2022,\"前年同一\":true},[{\"筆ポリゴンID\":\"fd2c937c-58b7-4a00-8b7f-397fa9a0d41d\",\"更新年度\":2021,\"前年同一\":true},{\"筆ポリゴンID\":\"fd2c937c-58b7-4a00-8b7f-397fa9a0d41d\",\"発生年度\":2020}]]]","last_polygon_uuid":"992f7b52-d18c-4d7f-94cc-fd97c9fa05d4","prev_last_polygon_uuid":"93c95b9c-a220-4e61-ab08-af2ba18bb900","local_government_cd":"013315","point_lng":140.173118167,"point_lat":41.415199875}},{"arcs":[[-136,-536,642]],"type":"Polygon","properties":{"polygon_uuid":"9ae9c8bb-4fd9-4fc0-afcd-24766392da27","land_type":200,"issue_year":2024,"edit_year":2020,"history":"[{\"筆ポリゴンID\":\"c3e56740-5c2e-418f-8ffa-c410e1712bb1\",\"更新年度\":2023,\"前年同一\":true},[{\"筆ポリゴンID\":\"c0948264-eab1-4de3-a809-356ff8ca52e5\",\"更新年度\":2022,\"前年同一\":true},[{\"筆ポリゴンID\":\"cccb89b3-cf28-4a8c-be28-d8aeebafbbae\",\"更新年度\":2021,\"前年同一\":true},{\"筆ポリゴンID\":\"cccb89b3-cf28-4a8c-be28-d8aeebafbbae\",\"発生年度\":2020}]]]","last_polygon_uuid":"c3e56740-5c2e-418f-8ffa-c410e1712bb1","prev_last_polygon_uuid":"c0948264-eab1-4de3-a809-356ff8ca52e5","local_government_cd":"013315","point_lng":140.125999627,"point_lat":41.432596559}},{"arcs":[[643,644,645,646,647,648]],"type":"Polygon","properties":{"polygon_uuid":"18c0f7d6-20c7-4da5-86db-31f8eb7b65d6","land_type":200,"issue_year":2024,"edit_year":2020,"history":"[{\"筆ポリゴンID\":\"5bde9e36-690b-49d0-8291-54e817f86808\",\"更新年度\":2023,\"前年同一\":true},[{\"筆ポリゴンID\":\"3128938e-e1f0-4e82-8fc0-a22dfe8534f2\",\"更新年度\":2022,\"前年同一\":true},[{\"筆ポリゴンID\":\"8cbe530e-52e3-4d02-93e8-f17aab0dfaa6\",\"更新年度\":2021,\"前年同一\":true},{\"筆ポリゴンID\":\"8cbe530e-52e3-4d02-93e8-f17aab0dfaa6\",\"発生年度\":2020}]]]","last_polygon_uuid":"5bde9e36-690b-49d0-8291-54e817f86808","prev_last_polygon_uuid":"3128938e-e1f0-4e82-8fc0-a22dfe8534f2","local_government_cd":"013315","point_lng":140.094014033,"point_lat":41.427469855}},{"arcs":[[649]],"type":"Polygon","properties":{"polygon_uuid":"4e799675-fd5d-4958-b9df-cddef65c7693","land_type":200,"issue_year":2024,"edit_year":2020,"history":"[{\"筆ポリゴンID\":\"3ddb0a2b-3ece-4de6-b7a1-32026ab27ecb\",\"更新年度\":2023,\"前年同一\":true},[{\"筆ポリゴンID\":\"966beef5-13c8-4886-9a5b-0a9c91731ec7\",\"更新年度\":2022,\"前年同一\":true},[{\"筆ポリゴンID\":\"992a0016-7126-43df-b047-d5e4bc9d4ab4\",\"更新年度\":2021,\"前年同一\":true},{\"筆ポリゴンID\":\"992a0016-7126-43df-b047-d5e4bc9d4ab4\",\"発生年度\":2020}]]]","last_polygon_uuid":"3ddb0a2b-3ece-4de6-b7a1-32026ab27ecb","prev_last_polygon_uuid":"966beef5-13c8-4886-9a5b-0a9c91731ec7","local_government_cd":"013315","point_lng":139.985055192,"point_lat":41.602942028}},{"arcs":[[650,651,652]],"type":"Polygon","properties":{"polygon_uuid":"895cffc3-cd7c-497d-ad19-7ca272fcdec5","land_type":200,"issue_year":2024,"edit_year":2020,"history":"[{\"筆ポリゴンID\":\"b9610ed1-2c38-4ab3-ad9b-ba8c2dedfd63\",\"更新年度\":2023,\"前年同一\":true},[{\"筆ポリゴンID\":\"dcd037bb-b191-47e4-a43b-ff3e3d86878d\",\"更新年度\":2022,\"前年同一\":true},[{\"筆ポリゴンID\":\"a2c1aa84-c6bf-428a-9201-978058784887\",\"更新年度\":2021,\"前年同一\":true},{\"筆ポリゴンID\":\"a2c1aa84-c6bf-428a-9201-978058784887\",\"発生年度\":2020}]]]","last_polygon_uuid":"b9610ed1-2c38-4ab3-ad9b-ba8c2dedfd63","prev_last_polygon_uuid":"dcd037bb-b191-47e4-a43b-ff3e3d86878d","local_government_cd":"013315","point_lng":140.126116293,"point_lat":41.431409287}},{"arcs":[[653,654]],"type":"Polygon","properties":{"polygon_uuid":"d1442adf-e4d9-4e22-a56a-eecdf4181e65","land_type":200,"issue_year":2024,"edit_year":2020,"history":"[{\"筆ポリゴンID\":\"8e677e2e-da89-42b8-b5e1-1078f7351116\",\"更新年度\":2023,\"前年同一\":true},[{\"筆ポリゴンID\":\"752abc06-57f8-4646-9d22-17a01ac8b817\",\"更新年度\":2022,\"前年同一\":true},[{\"筆ポリゴンID\":\"30ba8c74-87c0-4fa2-b4e1-de4d97515403\",\"更新年度\":2021,\"前年同一\":true},{\"筆ポリゴンID\":\"30ba8c74-87c0-4fa2-b4e1-de4d97515403\",\"発生年度\":2020}]]]","last_polygon_uuid":"8e677e2e-da89-42b8-b5e1-1078f7351116","prev_last_polygon_uuid":"752abc06-57f8-4646-9d22-17a01ac8b817","local_government_cd":"013315","point_lng":140.140037851,"point_lat":41.428335991}},{"arcs":[[655,656,657,-600,-378]],"type":"Polygon","properties":{"polygon_uuid":"fb37ce64-9f73-4dee-b388-445653b2f4f1","land_type":200,"issue_year":2024,"edit_year":2020,"history":"[{\"筆ポリゴンID\":\"e7ecf734-bfcb-49aa-b88c-1028ce433b0d\",\"更新年度\":2023,\"前年同一\":true},[{\"筆ポリゴンID\":\"da069520-4743-4d14-a685-7c42e48148a3\",\"更新年度\":2022,\"前年同一\":true},[{\"筆ポリゴンID\":\"67205bf0-ef2a-45f0-92eb-89c0a48490a0\",\"更新年度\":2021,\"前年同一\":true},{\"筆ポリゴンID\":\"67205bf0-ef2a-45f0-92eb-89c0a48490a0\",\"発生年度\":2020}]]]","last_polygon_uuid":"e7ecf734-bfcb-49aa-b88c-1028ce433b0d","prev_last_polygon_uuid":"da069520-4743-4d14-a685-7c42e48148a3","local_government_cd":"013315","point_lng":140.124140728,"point_lat":41.430901193}},{"arcs":[[658,659,660,661,662]],"type":"Polygon","properties":{"polygon_uuid":"7ea548ab-7568-4674-85a1-057c06e7784a","land_type":200,"issue_year":2024,"edit_year":2020,"history":"[{\"筆ポリゴンID\":\"2372a2a3-6a99-42b8-8371-10565264a8c1\",\"更新年度\":2023,\"前年同一\":true},[{\"筆ポリゴンID\":\"f51db41f-4a70-4879-bc19-43539efc989e\",\"更新年度\":2022,\"前年同一\":true},[{\"筆ポリゴンID\":\"1e136b7e-fb63-4f65-994c-3e9982628d96\",\"更新年度\":2021,\"前年同一\":true},{\"筆ポリゴンID\":\"1e136b7e-fb63-4f65-994c-3e9982628d96\",\"発生年度\":2020}]]]","last_polygon_uuid":"2372a2a3-6a99-42b8-8371-10565264a8c1","prev_last_polygon_uuid":"f51db41f-4a70-4879-bc19-43539efc989e","local_government_cd":"013315","point_lng":140.125215499,"point_lat":41.43063824}},{"arcs":[[663,-553,664]],"type":"Polygon","properties":{"polygon_uuid":"64ea6015-4574-4d4b-8b0e-cd77a1a45269","land_type":200,"issue_year":2024,"edit_year":2020,"history":"[{\"筆ポリゴンID\":\"f527d7cc-cff8-46d2-ac2b-9cb4890b797a\",\"更新年度\":2023,\"前年同一\":true},[{\"筆ポリゴンID\":\"e21e2d17-abaa-4b7f-81bd-4fc3ae15e4ce\",\"更新年度\":2022,\"前年同一\":true},[{\"筆ポリゴンID\":\"80e4acb2-c508-4284-a235-557ba08ee42a\",\"更新年度\":2021,\"前年同一\":true},{\"筆ポリゴンID\":\"80e4acb2-c508-4284-a235-557ba08ee42a\",\"発生年度\":2020}]]]","last_polygon_uuid":"f527d7cc-cff8-46d2-ac2b-9cb4890b797a","prev_last_polygon_uuid":"e21e2d17-abaa-4b7f-81bd-4fc3ae15e4ce","local_government_cd":"013315","point_lng":140.141846611,"point_lat":41.428685295}},{"arcs":[[-429,-440,665,666,-342]],"type":"Polygon","properties":{"polygon_uuid":"35fa5100-4a2e-4c75-9ac2-39e97ddd3bdb","land_type":200,"issue_year":2024,"edit_year":2020,"history":"[{\"筆ポリゴンID\":\"cb08c408-8358-4b78-8a1f-aef1d1e8b513\",\"更新年度\":2023,\"前年同一\":true},[{\"筆ポリゴンID\":\"1a74930a-f85c-4b93-a292-9ccdd12e3d54\",\"更新年度\":2022,\"前年同一\":true},[{\"筆ポリゴンID\":\"c2c309f5-3490-47f0-b448-04301fb40a73\",\"更新年度\":2021,\"前年同一\":true},{\"筆ポリゴンID\":\"c2c309f5-3490-47f0-b448-04301fb40a73\",\"発生年度\":2020}]]]","last_polygon_uuid":"cb08c408-8358-4b78-8a1f-aef1d1e8b513","prev_last_polygon_uuid":"1a74930a-f85c-4b93-a292-9ccdd12e3d54","local_government_cd":"013315","point_lng":140.122831971,"point_lat":41.430586495}},{"arcs":[[667,-573,668,669]],"type":"Polygon","properties":{"polygon_uuid":"f5c1e354-974e-446c-9a62-15c04f1b1227","land_type":200,"issue_year":2024,"edit_year":2020,"history":"[{\"筆ポリゴンID\":\"b7beed6e-8265-46d0-8636-64ea9e1cd16d\",\"更新年度\":2023,\"前年同一\":true},[{\"筆ポリゴンID\":\"4a0f4c80-7123-4b9c-bfa5-d406d3808b95\",\"更新年度\":2022,\"前年同一\":true},[{\"筆ポリゴンID\":\"bb52295f-1968-47a6-8b1d-2f3214593441\",\"更新年度\":2021,\"前年同一\":true},{\"筆ポリゴンID\":\"bb52295f-1968-47a6-8b1d-2f3214593441\",\"発生年度\":2020}]]]","last_polygon_uuid":"b7beed6e-8265-46d0-8636-64ea9e1cd16d","prev_last_polygon_uuid":"4a0f4c80-7123-4b9c-bfa5-d406d3808b95","local_government_cd":"013315","point_lng":140.162586872,"point_lat":41.421064774}},{"arcs":[[670]],"type":"Polygon","properties":{"polygon_uuid":"f9311de8-12bc-4197-ac44-01bf47072d07","land_type":200,"issue_year":2024,"edit_year":2020,"history":"[{\"筆ポリゴンID\":\"1f5337fe-f025-4f91-b37c-1b5341e4993d\",\"更新年度\":2023,\"前年同一\":true},[{\"筆ポリゴンID\":\"9b17d1d4-d8fe-451e-90eb-007d15b26386\",\"更新年度\":2022,\"前年同一\":true},[{\"筆ポリゴンID\":\"175652ff-fc85-4142-8cd8-b76fec5d88be\",\"更新年度\":2021,\"前年同一\":true},{\"筆ポリゴンID\":\"175652ff-fc85-4142-8cd8-b76fec5d88be\",\"発生年度\":2020}]]]","last_polygon_uuid":"1f5337fe-f025-4f91-b37c-1b5341e4993d","prev_last_polygon_uuid":"9b17d1d4-d8fe-451e-90eb-007d15b26386","local_government_cd":"013315","point_lng":140.104318915,"point_lat":41.427698793}},{"arcs":[[671,672]],"type":"Polygon","properties":{"polygon_uuid":"02bcc3db-bd1d-4fa5-b12f-b48f5803dfe1","land_type":200,"issue_year":2024,"edit_year":2020,"history":"[{\"筆ポリゴンID\":\"984765f3-a2fa-4ff7-a142-d928a2640234\",\"更新年度\":2023,\"前年同一\":true},[{\"筆ポリゴンID\":\"ad1c7e88-a158-4b23-a85a-0dce11bcc4d6\",\"更新年度\":2022,\"前年同一\":true},[{\"筆ポリゴンID\":\"6fd9c37e-3ef9-484c-a13c-eaf4b72d0b33\",\"更新年度\":2021,\"前年同一\":true},{\"筆ポリゴンID\":\"6fd9c37e-3ef9-484c-a13c-eaf4b72d0b33\",\"発生年度\":2020}]]]","last_polygon_uuid":"984765f3-a2fa-4ff7-a142-d928a2640234","prev_last_polygon_uuid":"ad1c7e88-a158-4b23-a85a-0dce11bcc4d6","local_government_cd":"013315","point_lng":140.021984259,"point_lat":41.487411637}},{"arcs":[[673]],"type":"Polygon","properties":{"polygon_uuid":"6f464278-a3bf-4360-8024-503a547a9127","land_type":200,"issue_year":2024,"edit_year":2020,"history":"[{\"筆ポリゴンID\":\"36c9999a-70e3-489e-a51f-7973e9eb6ade\",\"更新年度\":2023,\"前年同一\":true},[{\"筆ポリゴンID\":\"29129e87-4e16-4898-bc20-1aa2e43d4d82\",\"更新年度\":2022,\"前年同一\":true},[{\"筆ポリゴンID\":\"494d3e12-0353-488c-b3b2-fb6aebb3db35\",\"更新年度\":2021,\"前年同一\":true},{\"筆ポリゴンID\":\"494d3e12-0353-488c-b3b2-fb6aebb3db35\",\"発生年度\":2020}]]]","last_polygon_uuid":"36c9999a-70e3-489e-a51f-7973e9eb6ade","prev_last_polygon_uuid":"29129e87-4e16-4898-bc20-1aa2e43d4d82","local_government_cd":"013315","point_lng":140.047100874,"point_lat":41.448140625}},{"arcs":[[674]],"type":"Polygon","properties":{"polygon_uuid":"b61c321b-e3fa-415a-9c21-66f7c14d7791","land_type":200,"issue_year":2024,"edit_year":2020,"history":"[{\"筆ポリゴンID\":\"6f6fa4fd-da5b-4993-ae64-b47a1b647899\",\"更新年度\":2023,\"前年同一\":true},[{\"筆ポリゴンID\":\"b1b8481f-cce7-4b95-8b55-f851f0190db7\",\"更新年度\":2022,\"前年同一\":true},[{\"筆ポリゴンID\":\"53ddfc06-413b-405c-b6fe-9a19bb50cf22\",\"更新年度\":2021,\"前年同一\":true},{\"筆ポリゴンID\":\"53ddfc06-413b-405c-b6fe-9a19bb50cf22\",\"発生年度\":2020}]]]","last_polygon_uuid":"6f6fa4fd-da5b-4993-ae64-b47a1b647899","prev_last_polygon_uuid":"b1b8481f-cce7-4b95-8b55-f851f0190db7","local_government_cd":"013315","point_lng":140.116092802,"point_lat":41.431478099}},{"arcs":[[675,676,-652,677,678]],"type":"Polygon","properties":{"polygon_uuid":"9f0e1832-571f-45e3-9fd1-4ab40f5afc19","land_type":200,"issue_year":2024,"edit_year":2020,"history":"[{\"筆ポリゴンID\":\"8b326e5b-55a4-4f3d-a942-0aca044652bf\",\"更新年度\":2023,\"前年同一\":true},[{\"筆ポリゴンID\":\"28f28c0c-f40a-416e-9320-a8cd47fd4999\",\"更新年度\":2022,\"前年同一\":true},[{\"筆ポリゴンID\":\"dc70ebdf-4d20-471d-af29-f90c5d762636\",\"更新年度\":2021,\"前年同一\":true},{\"筆ポリゴンID\":\"dc70ebdf-4d20-471d-af29-f90c5d762636\",\"発生年度\":2020}]]]","last_polygon_uuid":"8b326e5b-55a4-4f3d-a942-0aca044652bf","prev_last_polygon_uuid":"28f28c0c-f40a-416e-9320-a8cd47fd4999","local_government_cd":"013315","point_lng":140.125957532,"point_lat":41.431282981}},{"arcs":[[679]],"type":"Polygon","properties":{"polygon_uuid":"7bc7b995-06c9-4449-aede-aaa81cf93f97","land_type":200,"issue_year":2024,"edit_year":2020,"history":"[{\"筆ポリゴンID\":\"788cde1a-cdb8-498b-82ae-91ba0fcf58e8\",\"更新年度\":2023,\"前年同一\":true},[{\"筆ポリゴンID\":\"8b6aed2d-4dfe-4585-9dc3-c7d5391a81bc\",\"更新年度\":2022,\"前年同一\":true},[{\"筆ポリゴンID\":\"267baeb6-59d4-4c43-8247-5da085ad0b99\",\"更新年度\":2021,\"前年同一\":true},{\"筆ポリゴンID\":\"267baeb6-59d4-4c43-8247-5da085ad0b99\",\"発生年度\":2020}]]]","last_polygon_uuid":"788cde1a-cdb8-498b-82ae-91ba0fcf58e8","prev_last_polygon_uuid":"8b6aed2d-4dfe-4585-9dc3-c7d5391a81bc","local_government_cd":"013315","point_lng":140.113745385,"point_lat":41.432728745}},{"arcs":[[680]],"type":"Polygon","properties":{"polygon_uuid":"816543fd-ce2a-4e0e-a4a0-f3a2ad193613","land_type":200,"issue_year":2024,"edit_year":2020,"history":"[{\"筆ポリゴンID\":\"bdd66aa6-c930-4ded-aa0e-db6187270cfa\",\"更新年度\":2023,\"前年同一\":true},[{\"筆ポリゴンID\":\"0e50f8cb-e099-418c-9c7b-e35cb0dc8774\",\"更新年度\":2022,\"前年同一\":true},[{\"筆ポリゴンID\":\"b4a0187c-6a90-44e1-9629-0baaa687dd5b\",\"更新年度\":2021,\"前年同一\":true},{\"筆ポリゴンID\":\"b4a0187c-6a90-44e1-9629-0baaa687dd5b\",\"発生年度\":2020}]]]","last_polygon_uuid":"bdd66aa6-c930-4ded-aa0e-db6187270cfa","prev_last_polygon_uuid":"0e50f8cb-e099-418c-9c7b-e35cb0dc8774","local_government_cd":"013315","point_lng":140.136026898,"point_lat":41.429332875}},{"arcs":[[681,682,683,684]],"type":"Polygon","properties":{"polygon_uuid":"10ea3852-7a02-40a3-b15e-6bcca94bfbce","land_type":200,"issue_year":2024,"edit_year":2020,"history":"[{\"筆ポリゴンID\":\"a0e0b80e-2e4e-43cc-b04b-bb6240d5bcf0\",\"更新年度\":2023,\"前年同一\":true},[{\"筆ポリゴンID\":\"2d5aff37-9813-45f2-8492-a4e48ac99692\",\"更新年度\":2022,\"前年同一\":true},[{\"筆ポリゴンID\":\"0fbff6a5-929e-4977-88a3-3c34a87519bc\",\"更新年度\":2021,\"前年同一\":true},{\"筆ポリゴンID\":\"0fbff6a5-929e-4977-88a3-3c34a87519bc\",\"発生年度\":2020}]]]","last_polygon_uuid":"a0e0b80e-2e4e-43cc-b04b-bb6240d5bcf0","prev_last_polygon_uuid":"2d5aff37-9813-45f2-8492-a4e48ac99692","local_government_cd":"013315","point_lng":140.12489904,"point_lat":41.430394392}},{"arcs":[[685]],"type":"Polygon","properties":{"polygon_uuid":"a356bd2e-d40b-464e-ae74-938ff038796e","land_type":200,"issue_year":2024,"edit_year":2020,"history":"[{\"筆ポリゴンID\":\"b0a5dd41-2251-4b9d-9011-9f3563549e75\",\"更新年度\":2023,\"前年同一\":true},[{\"筆ポリゴンID\":\"5f798025-ab58-41b2-aa14-f3eb57abd201\",\"更新年度\":2022,\"前年同一\":true},[{\"筆ポリゴンID\":\"5d2b98b9-ceb7-4723-9b9b-a20960849f19\",\"更新年度\":2021,\"前年同一\":true},{\"筆ポリゴンID\":\"5d2b98b9-ceb7-4723-9b9b-a20960849f19\",\"発生年度\":2020}]]]","last_polygon_uuid":"b0a5dd41-2251-4b9d-9011-9f3563549e75","prev_last_polygon_uuid":"5f798025-ab58-41b2-aa14-f3eb57abd201","local_government_cd":"013315","point_lng":140.017847804,"point_lat":41.491322226}},{"arcs":[[686]],"type":"Polygon","properties":{"polygon_uuid":"62096bfc-a915-4779-baf2-2a97018d3d4f","land_type":200,"issue_year":2024,"edit_year":2020,"history":"[{\"筆ポリゴンID\":\"fb6f2cbf-6292-46b8-be89-1f2a9b2e86b5\",\"更新年度\":2023,\"前年同一\":true},[{\"筆ポリゴンID\":\"402d6f6c-b8c4-47d5-bad2-1dced881fb6f\",\"更新年度\":2022,\"前年同一\":true},[{\"筆ポリゴンID\":\"01724e8d-5950-43ef-a549-23b840f31c6d\",\"更新年度\":2021,\"前年同一\":true},{\"筆ポリゴンID\":\"01724e8d-5950-43ef-a549-23b840f31c6d\",\"発生年度\":2020}]]]","last_polygon_uuid":"fb6f2cbf-6292-46b8-be89-1f2a9b2e86b5","prev_last_polygon_uuid":"402d6f6c-b8c4-47d5-bad2-1dced881fb6f","local_government_cd":"013315","point_lng":140.050159599,"point_lat":41.445161869}},{"arcs":[[687,688,689,690,691,692,693]],"type":"Polygon","properties":{"polygon_uuid":"71274a4f-94a3-494b-ac2d-ebd93cdf76fc","land_type":200,"issue_year":2024,"edit_year":2020,"history":"[{\"筆ポリゴンID\":\"0c3c3039-fde5-4438-b058-e8d2ff66e29a\",\"更新年度\":2023,\"前年同一\":true},[{\"筆ポリゴンID\":\"09c099d4-8a68-43c5-9b09-6a8cc87540a6\",\"更新年度\":2022,\"前年同一\":true},[{\"筆ポリゴンID\":\"2aff7212-68d9-40da-a08e-4f6f723259fa\",\"更新年度\":2021,\"前年同一\":true},{\"筆ポリゴンID\":\"2aff7212-68d9-40da-a08e-4f6f723259fa\",\"発生年度\":2020}]]]","last_polygon_uuid":"0c3c3039-fde5-4438-b058-e8d2ff66e29a","prev_last_polygon_uuid":"09c099d4-8a68-43c5-9b09-6a8cc87540a6","local_government_cd":"013315","point_lng":140.173279368,"point_lat":41.413719573}},{"arcs":[[694,695]],"type":"Polygon","properties":{"polygon_uuid":"1e50626e-771c-4500-bb52-ae0653ab7c32","land_type":200,"issue_year":2024,"edit_year":2020,"history":"[{\"筆ポリゴンID\":\"f927ece2-73db-4433-8833-f1ea078e6153\",\"更新年度\":2023,\"前年同一\":true},[{\"筆ポリゴンID\":\"980d8492-42f6-43b5-b715-ee3c7943c771\",\"更新年度\":2022,\"前年同一\":true},[{\"筆ポリゴンID\":\"eea6bd32-75ff-4b83-96fc-2aa9a54236c3\",\"更新年度\":2021,\"前年同一\":true},{\"筆ポリゴンID\":\"eea6bd32-75ff-4b83-96fc-2aa9a54236c3\",\"発生年度\":2020}]]]","last_polygon_uuid":"f927ece2-73db-4433-8833-f1ea078e6153","prev_last_polygon_uuid":"980d8492-42f6-43b5-b715-ee3c7943c771","local_government_cd":"013315","point_lng":140.141026647,"point_lat":41.428837962}},{"arcs":[[696]],"type":"Polygon","properties":{"polygon_uuid":"056611f9-5028-4fb9-9e9b-a589d751dadf","land_type":200,"issue_year":2024,"edit_year":2020,"history":"[{\"筆ポリゴンID\":\"eadf8eee-3664-4dcf-a898-0da419dd105b\",\"更新年度\":2023,\"前年同一\":true},[{\"筆ポリゴンID\":\"888eb1b0-1ac1-4a44-bb96-568ae5ba1219\",\"更新年度\":2022,\"前年同一\":true},[{\"筆ポリゴンID\":\"fc17e19b-9666-4e1e-934f-03d846a159c7\",\"更新年度\":2021,\"前年同一\":true},{\"筆ポリゴンID\":\"fc17e19b-9666-4e1e-934f-03d846a159c7\",\"発生年度\":2020}]]]","last_polygon_uuid":"eadf8eee-3664-4dcf-a898-0da419dd105b","prev_last_polygon_uuid":"888eb1b0-1ac1-4a44-bb96-568ae5ba1219","local_government_cd":"013315","point_lng":140.101931446,"point_lat":41.4283691}},{"arcs":[[697]],"type":"Polygon","properties":{"polygon_uuid":"59eccc02-dc61-4936-ba78-2efd3cd371fe","land_type":200,"issue_year":2024,"edit_year":2020,"history":"[{\"筆ポリゴンID\":\"08c2072e-277d-4edf-a9f3-080b5e62e633\",\"更新年度\":2023,\"前年同一\":true},[{\"筆ポリゴンID\":\"77bc74f1-0aae-4d1b-a8b6-ba82b3ecc542\",\"更新年度\":2022,\"前年同一\":true},[{\"筆ポリゴンID\":\"aa37a253-c66e-4a59-89ec-4f19b4b5016d\",\"更新年度\":2021,\"前年同一\":true},{\"筆ポリゴンID\":\"aa37a253-c66e-4a59-89ec-4f19b4b5016d\",\"発生年度\":2020}]]]","last_polygon_uuid":"08c2072e-277d-4edf-a9f3-080b5e62e633","prev_last_polygon_uuid":"77bc74f1-0aae-4d1b-a8b6-ba82b3ecc542","local_government_cd":"013315","point_lng":139.99602603,"point_lat":41.548058403}},{"arcs":[[-347,-420,-568,698,699]],"type":"Polygon","properties":{"polygon_uuid":"e775122f-45ee-4433-9b8d-8200a082cf1b","land_type":200,"issue_year":2024,"edit_year":2020,"history":"[{\"筆ポリゴンID\":\"4280cd64-396c-42c5-8e7a-090b563c526d\",\"更新年度\":2023,\"前年同一\":true},[{\"筆ポリゴンID\":\"f1930773-a6f2-428e-90ac-f1fddb1ec40b\",\"更新年度\":2022,\"前年同一\":true},[{\"筆ポリゴンID\":\"2febd658-6090-43eb-b5e3-3364586f0f1d\",\"更新年度\":2021,\"前年同一\":true},{\"筆ポリゴンID\":\"2febd658-6090-43eb-b5e3-3364586f0f1d\",\"発生年度\":2020}]]]","last_polygon_uuid":"4280cd64-396c-42c5-8e7a-090b563c526d","prev_last_polygon_uuid":"f1930773-a6f2-428e-90ac-f1fddb1ec40b","local_government_cd":"013315","point_lng":140.123949021,"point_lat":41.430444373}},{"arcs":[[700]],"type":"Polygon","properties":{"polygon_uuid":"a690f3c3-e27c-47b2-95e6-834ce375a3ed","land_type":200,"issue_year":2024,"edit_year":2020,"history":"[{\"筆ポリゴンID\":\"bd54aae7-3fd5-4020-bb1b-0542f2a8dd18\",\"更新年度\":2023,\"前年同一\":true},[{\"筆ポリゴンID\":\"a35d8a06-8c14-4a99-b006-1990d7a64291\",\"更新年度\":2022,\"前年同一\":true},[{\"筆ポリゴンID\":\"4099f019-ee3d-42c9-91d6-2f551b3a28cf\",\"更新年度\":2021,\"前年同一\":true},{\"筆ポリゴンID\":\"4099f019-ee3d-42c9-91d6-2f551b3a28cf\",\"発生年度\":2020}]]]","last_polygon_uuid":"bd54aae7-3fd5-4020-bb1b-0542f2a8dd18","prev_last_polygon_uuid":"a35d8a06-8c14-4a99-b006-1990d7a64291","local_government_cd":"013315","point_lng":140.122229798,"point_lat":41.432541543}},{"arcs":[[-214,701]],"type":"Polygon","properties":{"polygon_uuid":"2eb44fe0-1312-4b46-a51a-82d9f1f9a417","land_type":200,"issue_year":2024,"edit_year":2020,"history":"[{\"筆ポリゴンID\":\"3a34867f-96d8-4c09-8426-20c514ae9483\",\"更新年度\":2023,\"前年同一\":true},[{\"筆ポリゴンID\":\"12e65324-4610-47bc-8748-356f08362511\",\"更新年度\":2022,\"前年同一\":true},[{\"筆ポリゴンID\":\"3eb6414b-0429-4c57-a21a-3adc8c1bfa9e\",\"更新年度\":2021,\"前年同一\":true},{\"筆ポリゴンID\":\"3eb6414b-0429-4c57-a21a-3adc8c1bfa9e\",\"発生年度\":2020}]]]","last_polygon_uuid":"3a34867f-96d8-4c09-8426-20c514ae9483","prev_last_polygon_uuid":"12e65324-4610-47bc-8748-356f08362511","local_government_cd":"013315","point_lng":140.1399334,"point_lat":41.429105511}},{"arcs":[[702]],"type":"Polygon","properties":{"polygon_uuid":"7accfc0c-fc43-47ed-a3e4-c7f7be855922","land_type":200,"issue_year":2024,"edit_year":2020,"history":"[{\"筆ポリゴンID\":\"bf67272e-d130-4df6-a84f-9434f7ac291f\",\"更新年度\":2023,\"前年同一\":true},[{\"筆ポリゴンID\":\"971ba58d-14e3-4426-a37e-8f266bb72428\",\"更新年度\":2022,\"前年同一\":true},[{\"筆ポリゴンID\":\"f385d916-c215-412a-a720-a8bf1ac7805c\",\"更新年度\":2021,\"前年同一\":true},{\"筆ポリゴンID\":\"f385d916-c215-412a-a720-a8bf1ac7805c\",\"発生年度\":2020}]]]","last_polygon_uuid":"bf67272e-d130-4df6-a84f-9434f7ac291f","prev_last_polygon_uuid":"971ba58d-14e3-4426-a37e-8f266bb72428","local_government_cd":"013315","point_lng":140.093715611,"point_lat":41.428049003}},{"arcs":[[703,704,705,706,-566,707,708]],"type":"Polygon","properties":{"polygon_uuid":"b54a215f-0afa-4af5-8cca-18e841f27b4b","land_type":200,"issue_year":2024,"edit_year":2020,"history":"[{\"筆ポリゴンID\":\"0cccb294-749d-4833-99b8-d95dbc115563\",\"更新年度\":2023,\"前年同一\":true},[{\"筆ポリゴンID\":\"5dd908a8-a476-422c-aa74-e1eeea05daa8\",\"更新年度\":2022,\"前年同一\":true},[{\"筆ポリゴンID\":\"9ffb1f63-cec6-496f-a6f0-8db99729d0ab\",\"更新年度\":2021,\"前年同一\":true},{\"筆ポリゴンID\":\"9ffb1f63-cec6-496f-a6f0-8db99729d0ab\",\"発生年度\":2020}]]]","last_polygon_uuid":"0cccb294-749d-4833-99b8-d95dbc115563","prev_last_polygon_uuid":"5dd908a8-a476-422c-aa74-e1eeea05daa8","local_government_cd":"013315","point_lng":140.124602606,"point_lat":41.430538877}},{"arcs":[[709]],"type":"Polygon","properties":{"polygon_uuid":"13a6583e-0d63-47fc-a7b4-9d9a8e0bd451","land_type":200,"issue_year":2024,"edit_year":2020,"history":"[{\"筆ポリゴンID\":\"76f4d236-4f54-4ed7-bb78-e97935302c8d\",\"更新年度\":2023,\"前年同一\":true},[{\"筆ポリゴンID\":\"df256519-5f7c-4597-9d24-42fb5e394494\",\"更新年度\":2022,\"前年同一\":true},[{\"筆ポリゴンID\":\"ed32bc12-b1e8-4f8f-9c0b-ab287ecb8c56\",\"更新年度\":2021,\"前年同一\":true},{\"筆ポリゴンID\":\"ed32bc12-b1e8-4f8f-9c0b-ab287ecb8c56\",\"発生年度\":2020}]]]","last_polygon_uuid":"76f4d236-4f54-4ed7-bb78-e97935302c8d","prev_last_polygon_uuid":"df256519-5f7c-4597-9d24-42fb5e394494","local_government_cd":"013315","point_lng":139.986956232,"point_lat":41.597889085}},{"arcs":[[710]],"type":"Polygon","properties":{"polygon_uuid":"949c65de-4203-4364-8356-0486025d9e10","land_type":200,"issue_year":2024,"edit_year":2020,"history":"[{\"筆ポリゴンID\":\"2a1ca573-062b-435d-9b82-f24d0fecb36b\",\"更新年度\":2023,\"前年同一\":true},[{\"筆ポリゴンID\":\"75ab9339-42b9-49ca-ba2e-d91f8fc5c4a7\",\"更新年度\":2022,\"前年同一\":true},[{\"筆ポリゴンID\":\"7cb38ac8-7e27-49d4-9adf-e91373dfcf10\",\"更新年度\":2021,\"前年同一\":true},{\"筆ポリゴンID\":\"7cb38ac8-7e27-49d4-9adf-e91373dfcf10\",\"発生年度\":2020}]]]","last_polygon_uuid":"2a1ca573-062b-435d-9b82-f24d0fecb36b","prev_last_polygon_uuid":"75ab9339-42b9-49ca-ba2e-d91f8fc5c4a7","local_government_cd":"013315","point_lng":140.031816313,"point_lat":41.468717077}},{"arcs":[[711]],"type":"Polygon","properties":{"polygon_uuid":"e9081673-af26-445f-8f75-8512a780c49a","land_type":200,"issue_year":2024,"edit_year":2020,"history":"[{\"筆ポリゴンID\":\"e8ea18df-300e-492e-a829-1907955d8d60\",\"更新年度\":2023,\"前年同一\":true},[{\"筆ポリゴンID\":\"3722a003-4a3c-47b1-b2ea-28ac3f358e41\",\"更新年度\":2022,\"前年同一\":true},[{\"筆ポリゴンID\":\"93f4d6bb-bf3a-47bb-86e5-ad111534321a\",\"更新年度\":2021,\"前年同一\":true},{\"筆ポリゴンID\":\"93f4d6bb-bf3a-47bb-86e5-ad111534321a\",\"発生年度\":2020}]]]","last_polygon_uuid":"e8ea18df-300e-492e-a829-1907955d8d60","prev_last_polygon_uuid":"3722a003-4a3c-47b1-b2ea-28ac3f358e41","local_government_cd":"013315","point_lng":140.165442916,"point_lat":41.418651126}},{"arcs":[[712]],"type":"Polygon","properties":{"polygon_uuid":"9709f03b-04a7-42e0-a5f8-87475077b758","land_type":200,"issue_year":2024,"edit_year":2020,"history":"[{\"筆ポリゴンID\":\"81b4b31a-7a83-4d4f-96a8-82beee986519\",\"更新年度\":2023,\"前年同一\":true},[{\"筆ポリゴンID\":\"7e367f22-c008-42fc-858d-70dc2e1d77f7\",\"更新年度\":2022,\"前年同一\":true},[{\"筆ポリゴンID\":\"0633685d-6f8a-4d29-a5ce-afc69d5636c9\",\"更新年度\":2021,\"前年同一\":true},{\"筆ポリゴンID\":\"0633685d-6f8a-4d29-a5ce-afc69d5636c9\",\"発生年度\":2020}]]]","last_polygon_uuid":"81b4b31a-7a83-4d4f-96a8-82beee986519","prev_last_polygon_uuid":"7e367f22-c008-42fc-858d-70dc2e1d77f7","local_government_cd":"013315","point_lng":140.031543528,"point_lat":41.460915835}},{"arcs":[[713,714,-676,715]],"type":"Polygon","properties":{"polygon_uuid":"62b096ae-ded0-4971-8401-32cff60dd445","land_type":200,"issue_year":2024,"edit_year":2020,"history":"[{\"筆ポリゴンID\":\"7aa5b1f5-d451-440b-be44-75fd4738572a\",\"更新年度\":2023,\"前年同一\":true},[{\"筆ポリゴンID\":\"f3fd4da0-777c-49b9-a97b-160eceb8844b\",\"更新年度\":2022,\"前年同一\":true},[{\"筆ポリゴンID\":\"6603d007-a9e3-4e01-9077-f6efd00d7773\",\"更新年度\":2021,\"前年同一\":true},{\"筆ポリゴンID\":\"6603d007-a9e3-4e01-9077-f6efd00d7773\",\"発生年度\":2020}]]]","last_polygon_uuid":"7aa5b1f5-d451-440b-be44-75fd4738572a","prev_last_polygon_uuid":"f3fd4da0-777c-49b9-a97b-160eceb8844b","local_government_cd":"013315","point_lng":140.125790311,"point_lat":41.431485607}},{"arcs":[[716]],"type":"Polygon","properties":{"polygon_uuid":"bc571d08-97f5-41fa-a270-b59e371ab363","land_type":200,"issue_year":2024,"edit_year":2020,"history":"[{\"筆ポリゴンID\":\"2792f67d-b6f6-419b-be32-298078211da3\",\"更新年度\":2023,\"前年同一\":true},[{\"筆ポリゴンID\":\"e50bb96b-2c96-4337-8a44-ad6635047fef\",\"更新年度\":2022,\"前年同一\":true},[{\"筆ポリゴンID\":\"91b423b9-fdb0-4285-bfe2-19b2e0508581\",\"更新年度\":2021,\"前年同一\":true},{\"筆ポリゴンID\":\"91b423b9-fdb0-4285-bfe2-19b2e0508581\",\"発生年度\":2020}]]]","last_polygon_uuid":"2792f67d-b6f6-419b-be32-298078211da3","prev_last_polygon_uuid":"e50bb96b-2c96-4337-8a44-ad6635047fef","local_government_cd":"013315","point_lng":140.016610277,"point_lat":41.490346913}},{"arcs":[[717]],"type":"Polygon","properties":{"polygon_uuid":"8455bdb5-1bdb-4ebc-9037-500060033c63","land_type":200,"issue_year":2024,"edit_year":2020,"history":"[{\"筆ポリゴンID\":\"c63ce6cc-dd1e-405d-b321-e5498d1ca657\",\"更新年度\":2023,\"前年同一\":true},[{\"筆ポリゴンID\":\"0b012e5a-d2af-431b-b224-90a9e3c140f0\",\"更新年度\":2022,\"前年同一\":true},[{\"筆ポリゴンID\":\"661616f9-806b-4a5b-9870-d5a071611753\",\"更新年度\":2021,\"前年同一\":true},{\"筆ポリゴンID\":\"661616f9-806b-4a5b-9870-d5a071611753\",\"発生年度\":2020}]]]","last_polygon_uuid":"c63ce6cc-dd1e-405d-b321-e5498d1ca657","prev_last_polygon_uuid":"0b012e5a-d2af-431b-b224-90a9e3c140f0","local_government_cd":"013315","point_lng":140.13401395,"point_lat":41.442457743}},{"arcs":[[718]],"type":"Polygon","properties":{"polygon_uuid":"70ab5029-6985-4ec3-8c58-3b3375338f7c","land_type":200,"issue_year":2024,"edit_year":2020,"history":"[{\"筆ポリゴンID\":\"eb6ee64e-b249-4329-bbb3-ee613d274082\",\"更新年度\":2023,\"前年同一\":true},[{\"筆ポリゴンID\":\"16430850-bc41-4d0a-9659-f596bedd797c\",\"更新年度\":2022,\"前年同一\":true},[{\"筆ポリゴンID\":\"421a64e7-5c70-41c5-994b-c3e8d7f09cd7\",\"更新年度\":2021,\"前年同一\":true},{\"筆ポリゴンID\":\"421a64e7-5c70-41c5-994b-c3e8d7f09cd7\",\"発生年度\":2020}]]]","last_polygon_uuid":"eb6ee64e-b249-4329-bbb3-ee613d274082","prev_last_polygon_uuid":"16430850-bc41-4d0a-9659-f596bedd797c","local_government_cd":"013315","point_lng":140.162471541,"point_lat":41.420384538}},{"arcs":[[719]],"type":"Polygon","properties":{"polygon_uuid":"9a729742-c0e5-443c-85a3-db34220a824c","land_type":200,"issue_year":2024,"edit_year":2020,"history":"[{\"筆ポリゴンID\":\"72dba3da-8505-469b-940f-aab7d347d5f4\",\"更新年度\":2023,\"前年同一\":true},[{\"筆ポリゴンID\":\"9ad08a07-6418-4694-a979-84d40d1a6b59\",\"更新年度\":2022,\"前年同一\":true},[{\"筆ポリゴンID\":\"e230b7d4-2576-437b-9564-48143b2d5008\",\"更新年度\":2021,\"前年同一\":true},{\"筆ポリゴンID\":\"e230b7d4-2576-437b-9564-48143b2d5008\",\"発生年度\":2020}]]]","last_polygon_uuid":"72dba3da-8505-469b-940f-aab7d347d5f4","prev_last_polygon_uuid":"9ad08a07-6418-4694-a979-84d40d1a6b59","local_government_cd":"013315","point_lng":140.029272468,"point_lat":41.481615103}},{"arcs":[[720]],"type":"Polygon","properties":{"polygon_uuid":"8ca8fe1f-cf54-413a-844f-b2223c8ba4be","land_type":200,"issue_year":2024,"edit_year":2020,"history":"[{\"筆ポリゴンID\":\"e3f84425-ca49-448c-940d-febd902ac79b\",\"更新年度\":2023,\"前年同一\":true},[{\"筆ポリゴンID\":\"8f1beadd-f00d-4f0f-bb8c-b0cbac4766d5\",\"更新年度\":2022,\"前年同一\":true},[{\"筆ポリゴンID\":\"976ca2ae-dd5f-439f-8b89-f7b477cfc719\",\"更新年度\":2021,\"前年同一\":true},{\"筆ポリゴンID\":\"976ca2ae-dd5f-439f-8b89-f7b477cfc719\",\"発生年度\":2020}]]]","last_polygon_uuid":"e3f84425-ca49-448c-940d-febd902ac79b","prev_last_polygon_uuid":"8f1beadd-f00d-4f0f-bb8c-b0cbac4766d5","local_government_cd":"013315","point_lng":140.019437827,"point_lat":41.49790586}},{"arcs":[[721]],"type":"Polygon","properties":{"polygon_uuid":"c39325e2-34b4-42ef-8cb3-8568ae19f0de","land_type":200,"issue_year":2024,"edit_year":2020,"history":"[{\"筆ポリゴンID\":\"e8a56009-54f2-46cc-8ba5-873be28890d7\",\"更新年度\":2023,\"前年同一\":true},[{\"筆ポリゴンID\":\"890923a6-27c7-4335-b275-bba8bde16d4e\",\"更新年度\":2022,\"前年同一\":true},[{\"筆ポリゴンID\":\"7636bb00-6599-4faa-a18b-82b8be393677\",\"更新年度\":2021,\"前年同一\":true},{\"筆ポリゴンID\":\"7636bb00-6599-4faa-a18b-82b8be393677\",\"発生年度\":2020}]]]","last_polygon_uuid":"e8a56009-54f2-46cc-8ba5-873be28890d7","prev_last_polygon_uuid":"890923a6-27c7-4335-b275-bba8bde16d4e","local_government_cd":"013315","point_lng":140.02589074,"point_lat":41.484358752}},{"arcs":[[722]],"type":"Polygon","properties":{"polygon_uuid":"32193269-649c-4b8a-a9e0-dcfd8bd2893c","land_type":200,"issue_year":2024,"edit_year":2020,"history":"[{\"筆ポリゴンID\":\"b03ba6a7-414c-42df-8ebb-6b3ad164d636\",\"更新年度\":2023,\"前年同一\":true},[{\"筆ポリゴンID\":\"793532a6-b817-4ff5-a1b9-ef78353d4ada\",\"更新年度\":2022,\"前年同一\":true},[{\"筆ポリゴンID\":\"bf109fb2-9864-4bc9-a0cf-61f192ca9f1e\",\"更新年度\":2021,\"前年同一\":true},{\"筆ポリゴンID\":\"bf109fb2-9864-4bc9-a0cf-61f192ca9f1e\",\"発生年度\":2020}]]]","last_polygon_uuid":"b03ba6a7-414c-42df-8ebb-6b3ad164d636","prev_last_polygon_uuid":"793532a6-b817-4ff5-a1b9-ef78353d4ada","local_government_cd":"013315","point_lng":140.126623375,"point_lat":41.432762293}},{"arcs":[[-700,723,724]],"type":"Polygon","properties":{"polygon_uuid":"49708bdc-210e-4071-a4fd-15d1737bf1b3","land_type":200,"issue_year":2024,"edit_year":2020,"history":"[{\"筆ポリゴンID\":\"4f89668f-0643-45b9-89bd-eb0f4f67ee3b\",\"更新年度\":2023,\"前年同一\":true},[{\"筆ポリゴンID\":\"98e76797-cd0f-431b-9972-2269abcc3d22\",\"更新年度\":2022,\"前年同一\":true},[{\"筆ポリゴンID\":\"48cb06bb-6b50-41f9-b305-f527e4cbb61f\",\"更新年度\":2021,\"前年同一\":true},{\"筆ポリゴンID\":\"48cb06bb-6b50-41f9-b305-f527e4cbb61f\",\"発生年度\":2020}]]]","last_polygon_uuid":"4f89668f-0643-45b9-89bd-eb0f4f67ee3b","prev_last_polygon_uuid":"98e76797-cd0f-431b-9972-2269abcc3d22","local_government_cd":"013315","point_lng":140.124000026,"point_lat":41.430251177}},{"arcs":[[725]],"type":"Polygon","properties":{"polygon_uuid":"7a24a73b-0411-4672-a772-87a9d27310d5","land_type":200,"issue_year":2024,"edit_year":2020,"history":"[{\"筆ポリゴンID\":\"265e94c0-6880-40e9-a675-6bcac537c67d\",\"更新年度\":2023,\"前年同一\":true},[{\"筆ポリゴンID\":\"1dc0a83c-ee13-4a3e-8234-5b92143414b6\",\"更新年度\":2022,\"前年同一\":true},[{\"筆ポリゴンID\":\"27012982-6bd4-472a-8dad-a40db312be55\",\"更新年度\":2021,\"前年同一\":true},{\"筆ポリゴンID\":\"27012982-6bd4-472a-8dad-a40db312be55\",\"発生年度\":2020}]]]","last_polygon_uuid":"265e94c0-6880-40e9-a675-6bcac537c67d","prev_last_polygon_uuid":"1dc0a83c-ee13-4a3e-8234-5b92143414b6","local_government_cd":"013315","point_lng":140.150129803,"point_lat":41.426851349}},{"arcs":[[726]],"type":"Polygon","properties":{"polygon_uuid":"0a82ec6b-0249-4228-8128-9f3786a8c464","land_type":200,"issue_year":2024,"edit_year":2020,"history":"[{\"筆ポリゴンID\":\"81494207-1c53-42ae-afa2-5bec4b886feb\",\"更新年度\":2023,\"前年同一\":true},[{\"筆ポリゴンID\":\"b028d1cd-698e-4179-b717-0a556389084c\",\"更新年度\":2022,\"前年同一\":true},[{\"筆ポリゴンID\":\"9e756c06-30a6-4129-a7cd-1566a9f928b1\",\"更新年度\":2021,\"前年同一\":true},{\"筆ポリゴンID\":\"9e756c06-30a6-4129-a7cd-1566a9f928b1\",\"発生年度\":2020}]]]","last_polygon_uuid":"81494207-1c53-42ae-afa2-5bec4b886feb","prev_last_polygon_uuid":"b028d1cd-698e-4179-b717-0a556389084c","local_government_cd":"013315","point_lng":140.000333454,"point_lat":41.546961574}},{"arcs":[[727]],"type":"Polygon","properties":{"polygon_uuid":"4c35c2d6-1bab-418b-84ba-cccd57a8edbe","land_type":200,"issue_year":2024,"edit_year":2020,"history":"[{\"筆ポリゴンID\":\"4b2d70e2-0d10-4b51-bb0f-5c39b341d4eb\",\"更新年度\":2023,\"前年同一\":true},[{\"筆ポリゴンID\":\"0a1865d5-7fea-41c6-beb9-f8dd60aa73f8\",\"更新年度\":2022,\"前年同一\":true},[{\"筆ポリゴンID\":\"33266184-e5ae-4765-9142-ff37ec540691\",\"更新年度\":2021,\"前年同一\":true},{\"筆ポリゴンID\":\"33266184-e5ae-4765-9142-ff37ec540691\",\"発生年度\":2020}]]]","last_polygon_uuid":"4b2d70e2-0d10-4b51-bb0f-5c39b341d4eb","prev_last_polygon_uuid":"0a1865d5-7fea-41c6-beb9-f8dd60aa73f8","local_government_cd":"013315","point_lng":140.043399963,"point_lat":41.449293374}},{"arcs":[[728,729,730]],"type":"Polygon","properties":{"polygon_uuid":"0af0e942-a05b-4dfe-b1ae-29985fdd3839","land_type":200,"issue_year":2024,"edit_year":2020,"history":"[{\"筆ポリゴンID\":\"4baa4cb2-d38c-4c2e-b804-c27f9906a5b3\",\"更新年度\":2023,\"前年同一\":true},[{\"筆ポリゴンID\":\"8c048a31-4c9d-4af1-80e2-68fd4a4a71d1\",\"更新年度\":2022,\"前年同一\":true},[{\"筆ポリゴンID\":\"ed8a4676-d359-4f7f-b5f9-4f19c8f9b3a8\",\"更新年度\":2021,\"前年同一\":true},{\"筆ポリゴンID\":\"ed8a4676-d359-4f7f-b5f9-4f19c8f9b3a8\",\"発生年度\":2020}]]]","last_polygon_uuid":"4baa4cb2-d38c-4c2e-b804-c27f9906a5b3","prev_last_polygon_uuid":"8c048a31-4c9d-4af1-80e2-68fd4a4a71d1","local_government_cd":"013315","point_lng":140.096283376,"point_lat":41.428180652}},{"arcs":[[731]],"type":"Polygon","properties":{"polygon_uuid":"ada1c2f3-892c-4a4f-aeb8-fa34bfe89214","land_type":200,"issue_year":2024,"edit_year":2020,"history":"[{\"筆ポリゴンID\":\"587a0919-bb37-473a-b6af-f77f51f18dbb\",\"更新年度\":2023,\"前年同一\":true},[{\"筆ポリゴンID\":\"a844841a-1f8f-4f79-82a5-6797289c62cc\",\"更新年度\":2022,\"前年同一\":true},[{\"筆ポリゴンID\":\"d8ee88d2-aeed-4b8a-b2b0-3a2de14cc788\",\"更新年度\":2021,\"前年同一\":true},{\"筆ポリゴンID\":\"d8ee88d2-aeed-4b8a-b2b0-3a2de14cc788\",\"発生年度\":2020}]]]","last_polygon_uuid":"587a0919-bb37-473a-b6af-f77f51f18dbb","prev_last_polygon_uuid":"a844841a-1f8f-4f79-82a5-6797289c62cc","local_government_cd":"013315","point_lng":139.983735522,"point_lat":41.59958796}},{"arcs":[[732]],"type":"Polygon","properties":{"polygon_uuid":"37cc8188-63cb-4f40-a6ef-e5ae3d96c958","land_type":200,"issue_year":2024,"edit_year":2020,"history":"[{\"筆ポリゴンID\":\"5220ce39-e0bf-47b9-93c3-60b3c6a4561a\",\"更新年度\":2023,\"前年同一\":true},[{\"筆ポリゴンID\":\"09439c87-034c-431b-b73c-bd51a4aeec76\",\"更新年度\":2022,\"前年同一\":true},[{\"筆ポリゴンID\":\"e743a0b3-f2ed-4316-8915-0dce4d4de88a\",\"更新年度\":2021,\"前年同一\":true},{\"筆ポリゴンID\":\"e743a0b3-f2ed-4316-8915-0dce4d4de88a\",\"発生年度\":2020}]]]","last_polygon_uuid":"5220ce39-e0bf-47b9-93c3-60b3c6a4561a","prev_last_polygon_uuid":"09439c87-034c-431b-b73c-bd51a4aeec76","local_government_cd":"013315","point_lng":140.114909867,"point_lat":41.435972891}},{"arcs":[[733]],"type":"Polygon","properties":{"polygon_uuid":"cf9612e8-e89b-4afb-ab80-7c1a01891890","land_type":200,"issue_year":2024,"edit_year":2020,"history":"[{\"筆ポリゴンID\":\"9c51e53f-5d60-4608-9d7c-61ca782116d5\",\"更新年度\":2023,\"前年同一\":true},[{\"筆ポリゴンID\":\"aec1b29c-a91b-425a-8e33-0a96103d4520\",\"更新年度\":2022,\"前年同一\":true},[{\"筆ポリゴンID\":\"15fe81ca-439e-4cc5-8cbf-1a828a330b0b\",\"更新年度\":2021,\"前年同一\":true},{\"筆ポリゴンID\":\"15fe81ca-439e-4cc5-8cbf-1a828a330b0b\",\"発生年度\":2020}]]]","last_polygon_uuid":"9c51e53f-5d60-4608-9d7c-61ca782116d5","prev_last_polygon_uuid":"aec1b29c-a91b-425a-8e33-0a96103d4520","local_government_cd":"013315","point_lng":140.132543304,"point_lat":41.437861342}},{"arcs":[[734,735,-654,736]],"type":"Polygon","properties":{"polygon_uuid":"6e3709c1-9a0f-42e1-bc0f-7d30cdb42044","land_type":200,"issue_year":2024,"edit_year":2020,"history":"[{\"筆ポリゴンID\":\"0b34b46c-c986-4a8b-b0e8-fed5a1097252\",\"更新年度\":2023,\"前年同一\":true},[{\"筆ポリゴンID\":\"53ed7e3c-e86f-45bb-971f-21135f9bb8e3\",\"更新年度\":2022,\"前年同一\":true},[{\"筆ポリゴンID\":\"4ad3ce5f-4cda-4c9e-992e-58696589712a\",\"更新年度\":2021,\"前年同一\":true},{\"筆ポリゴンID\":\"4ad3ce5f-4cda-4c9e-992e-58696589712a\",\"発生年度\":2020}]]]","last_polygon_uuid":"0b34b46c-c986-4a8b-b0e8-fed5a1097252","prev_last_polygon_uuid":"53ed7e3c-e86f-45bb-971f-21135f9bb8e3","local_government_cd":"013315","point_lng":140.14007528,"point_lat":41.428430476}},{"arcs":[[737,738,739,-528,740,741,-544]],"type":"Polygon","properties":{"polygon_uuid":"2027f909-aabb-4be2-b68d-a05e67dd1cbe","land_type":200,"issue_year":2024,"edit_year":2020,"history":"[{\"筆ポリゴンID\":\"67067af7-ea68-438f-9e2e-3aecd520ff21\",\"更新年度\":2023,\"前年同一\":true},[{\"筆ポリゴンID\":\"62e5d997-47dc-4bf4-ae1d-1dcd23421f1c\",\"更新年度\":2022,\"前年同一\":true},[{\"筆ポリゴンID\":\"1281bf26-1f86-406f-aed9-2e1859994d9a\",\"更新年度\":2021,\"前年同一\":true},{\"筆ポリゴンID\":\"1281bf26-1f86-406f-aed9-2e1859994d9a\",\"発生年度\":2020}]]]","last_polygon_uuid":"67067af7-ea68-438f-9e2e-3aecd520ff21","prev_last_polygon_uuid":"62e5d997-47dc-4bf4-ae1d-1dcd23421f1c","local_government_cd":"013315","point_lng":140.125041976,"point_lat":41.43125788}},{"arcs":[[742]],"type":"Polygon","properties":{"polygon_uuid":"e74075bc-bbe7-4992-8139-2e3e03438379","land_type":200,"issue_year":2024,"edit_year":2020,"history":"[{\"筆ポリゴンID\":\"be2aa048-5363-4ec4-ae15-04575959b4da\",\"更新年度\":2023,\"前年同一\":true},[{\"筆ポリゴンID\":\"65a09e10-f581-4263-aefa-4513cbe5aef8\",\"更新年度\":2022,\"前年同一\":true},[{\"筆ポリゴンID\":\"bf002d3c-2066-4d24-bd98-f94984754c66\",\"更新年度\":2021,\"前年同一\":true},{\"筆ポリゴンID\":\"bf002d3c-2066-4d24-bd98-f94984754c66\",\"発生年度\":2020}]]]","last_polygon_uuid":"be2aa048-5363-4ec4-ae15-04575959b4da","prev_last_polygon_uuid":"65a09e10-f581-4263-aefa-4513cbe5aef8","local_government_cd":"013315","point_lng":140.123145713,"point_lat":41.43000537}},{"arcs":[[743]],"type":"Polygon","properties":{"polygon_uuid":"46e6a9e4-8cf5-45f4-8700-03da973dbba7","land_type":200,"issue_year":2024,"edit_year":2020,"history":"[{\"筆ポリゴンID\":\"2f86f1d7-6afe-488c-b240-dfb834d9969b\",\"更新年度\":2023,\"前年同一\":true},[{\"筆ポリゴンID\":\"7670636d-8346-44ed-9650-c4a2cd222889\",\"更新年度\":2022,\"前年同一\":true},[{\"筆ポリゴンID\":\"9597da32-a94b-4bb3-9453-4e93966d476d\",\"更新年度\":2021,\"前年同一\":true},{\"筆ポリゴンID\":\"9597da32-a94b-4bb3-9453-4e93966d476d\",\"発生年度\":2020}]]]","last_polygon_uuid":"2f86f1d7-6afe-488c-b240-dfb834d9969b","prev_last_polygon_uuid":"7670636d-8346-44ed-9650-c4a2cd222889","local_government_cd":"013315","point_lng":140.09147435,"point_lat":41.428047105}},{"arcs":[[744,-646,745]],"type":"Polygon","properties":{"polygon_uuid":"cec058bb-9617-41fc-bf61-1b199ef41806","land_type":200,"issue_year":2024,"edit_year":2020,"history":"[{\"筆ポリゴンID\":\"b3fc0740-b56f-4622-a8de-eb6d7b587ff4\",\"更新年度\":2023,\"前年同一\":true},[{\"筆ポリゴンID\":\"014a6749-92b4-414b-bb53-efe27ae93834\",\"更新年度\":2022,\"前年同一\":true},[{\"筆ポリゴンID\":\"340999be-671c-4b11-8fc7-34c182d5b5cb\",\"更新年度\":2021,\"前年同一\":true},{\"筆ポリゴンID\":\"340999be-671c-4b11-8fc7-34c182d5b5cb\",\"発生年度\":2020}]]]","last_polygon_uuid":"b3fc0740-b56f-4622-a8de-eb6d7b587ff4","prev_last_polygon_uuid":"014a6749-92b4-414b-bb53-efe27ae93834","local_government_cd":"013315","point_lng":140.094384257,"point_lat":41.427481393}},{"arcs":[[-446,746,-333,-540]],"type":"Polygon","properties":{"polygon_uuid":"1f804ae9-c545-4353-b011-37bb3dd5c715","land_type":200,"issue_year":2024,"edit_year":2020,"history":"[{\"筆ポリゴンID\":\"cf35336a-2d88-4310-8602-e5f58eed2c39\",\"更新年度\":2023,\"前年同一\":true},[{\"筆ポリゴンID\":\"c2c4758a-0601-448d-a524-e278eada5cad\",\"更新年度\":2022,\"前年同一\":true},[{\"筆ポリゴンID\":\"a855a1b1-2dcf-454f-9419-03bc9e71e96e\",\"更新年度\":2021,\"前年同一\":true},{\"筆ポリゴンID\":\"a855a1b1-2dcf-454f-9419-03bc9e71e96e\",\"発生年度\":2020}]]]","last_polygon_uuid":"cf35336a-2d88-4310-8602-e5f58eed2c39","prev_last_polygon_uuid":"c2c4758a-0601-448d-a524-e278eada5cad","local_government_cd":"013315","point_lng":140.122270747,"point_lat":41.430538636}},{"arcs":[[747]],"type":"Polygon","properties":{"polygon_uuid":"0f0cc596-b590-4d25-807d-0290389651bd","land_type":200,"issue_year":2024,"edit_year":2020,"history":"[{\"筆ポリゴンID\":\"41de2f43-2f52-4758-9e79-8391c81089a7\",\"更新年度\":2023,\"前年同一\":true},[{\"筆ポリゴンID\":\"27cbca4a-9df6-4432-b8ca-95b61aad3d8b\",\"更新年度\":2022,\"前年同一\":true},[{\"筆ポリゴンID\":\"b150837f-031a-45bd-8237-9f2504648f8a\",\"更新年度\":2021,\"前年同一\":true},{\"筆ポリゴンID\":\"b150837f-031a-45bd-8237-9f2504648f8a\",\"発生年度\":2020}]]]","last_polygon_uuid":"41de2f43-2f52-4758-9e79-8391c81089a7","prev_last_polygon_uuid":"27cbca4a-9df6-4432-b8ca-95b61aad3d8b","local_government_cd":"013315","point_lng":140.033179875,"point_lat":41.465780348}},{"arcs":[[748,749,750,-482]],"type":"Polygon","properties":{"polygon_uuid":"58134170-3af4-45c4-8538-c89086b46ecb","land_type":200,"issue_year":2024,"edit_year":2020,"history":"[{\"筆ポリゴンID\":\"ede517cb-d9b6-4149-bada-5b7285e8cd66\",\"更新年度\":2023,\"前年同一\":true},[{\"筆ポリゴンID\":\"254094a6-3a8f-4748-9352-ab66905bfaf4\",\"更新年度\":2022,\"前年同一\":true},[{\"筆ポリゴンID\":\"02bdfe5a-7bd0-4c50-93ab-7c3fe0bbf6be\",\"更新年度\":2021,\"前年同一\":true},{\"筆ポリゴンID\":\"02bdfe5a-7bd0-4c50-93ab-7c3fe0bbf6be\",\"発生年度\":2020}]]]","last_polygon_uuid":"ede517cb-d9b6-4149-bada-5b7285e8cd66","prev_last_polygon_uuid":"254094a6-3a8f-4748-9352-ab66905bfaf4","local_government_cd":"013315","point_lng":140.126484992,"point_lat":41.432028233}},{"arcs":[[751]],"type":"Polygon","properties":{"polygon_uuid":"ca959fa4-7f9b-4e5a-9378-2efdad38db07","land_type":200,"issue_year":2024,"edit_year":2020,"history":"[{\"筆ポリゴンID\":\"eaa612a8-21a1-46b5-87db-4eb14969333c\",\"更新年度\":2023,\"前年同一\":true},[{\"筆ポリゴンID\":\"e0ca3405-3915-4a05-81e1-940a4d29978e\",\"更新年度\":2022,\"前年同一\":true},[{\"筆ポリゴンID\":\"700a3d23-51ac-4e2b-b594-67ad5c7d1bd9\",\"更新年度\":2021,\"前年同一\":true},{\"筆ポリゴンID\":\"700a3d23-51ac-4e2b-b594-67ad5c7d1bd9\",\"発生年度\":2020}]]]","last_polygon_uuid":"eaa612a8-21a1-46b5-87db-4eb14969333c","prev_last_polygon_uuid":"e0ca3405-3915-4a05-81e1-940a4d29978e","local_government_cd":"013315","point_lng":140.044745554,"point_lat":41.449119954}},{"arcs":[[752]],"type":"Polygon","properties":{"polygon_uuid":"43b233ca-9aba-40c0-8806-278a9dee8b0f","land_type":200,"issue_year":2024,"edit_year":2020,"history":"[{\"筆ポリゴンID\":\"f83890b0-9052-40d5-b699-12612044c41f\",\"更新年度\":2023,\"前年同一\":true},[{\"筆ポリゴンID\":\"ce29f632-d0a1-4641-a84b-c4bbe1e631b4\",\"更新年度\":2022,\"前年同一\":true},[{\"筆ポリゴンID\":\"9951cf3e-e0a7-4df4-8697-eec5c7890e1b\",\"更新年度\":2021,\"前年同一\":true},{\"筆ポリゴンID\":\"9951cf3e-e0a7-4df4-8697-eec5c7890e1b\",\"発生年度\":2020}]]]","last_polygon_uuid":"f83890b0-9052-40d5-b699-12612044c41f","prev_last_polygon_uuid":"ce29f632-d0a1-4641-a84b-c4bbe1e631b4","local_government_cd":"013315","point_lng":139.987044673,"point_lat":41.567537337}},{"arcs":[[753,754,755,756,757,-526]],"type":"Polygon","properties":{"polygon_uuid":"726a10a5-75f1-45c5-a296-9792fb17f448","land_type":200,"issue_year":2024,"edit_year":2020,"history":"[{\"筆ポリゴンID\":\"d131f637-e906-4c25-b858-329c087995f5\",\"更新年度\":2023,\"前年同一\":true},[{\"筆ポリゴンID\":\"a788f39e-2c70-4827-93f6-c871339c6b30\",\"更新年度\":2022,\"前年同一\":true},[{\"筆ポリゴンID\":\"6dab75c0-78f1-4614-91b3-7c1d520a81c8\",\"更新年度\":2021,\"前年同一\":true},{\"筆ポリゴンID\":\"6dab75c0-78f1-4614-91b3-7c1d520a81c8\",\"発生年度\":2020}]]]","last_polygon_uuid":"d131f637-e906-4c25-b858-329c087995f5","prev_last_polygon_uuid":"a788f39e-2c70-4827-93f6-c871339c6b30","local_government_cd":"013315","point_lng":140.125556791,"point_lat":41.431131376}},{"arcs":[[758]],"type":"Polygon","properties":{"polygon_uuid":"4526e7b2-c4a6-4ab6-86e3-4e5b69abe559","land_type":200,"issue_year":2024,"edit_year":2020,"history":"[{\"筆ポリゴンID\":\"98473f6b-13c1-4383-be28-2273b0d56c19\",\"更新年度\":2023,\"前年同一\":true},[{\"筆ポリゴンID\":\"cf3bd7f3-1b08-4522-96ec-8a83b2ac22b2\",\"更新年度\":2022,\"前年同一\":true},[{\"筆ポリゴンID\":\"90d8e967-ad95-42c4-a77c-425ee2863996\",\"更新年度\":2021,\"前年同一\":true},{\"筆ポリゴンID\":\"90d8e967-ad95-42c4-a77c-425ee2863996\",\"発生年度\":2020}]]]","last_polygon_uuid":"98473f6b-13c1-4383-be28-2273b0d56c19","prev_last_polygon_uuid":"cf3bd7f3-1b08-4522-96ec-8a83b2ac22b2","local_government_cd":"013315","point_lng":140.034780345,"point_lat":41.4599467}},{"arcs":[[759,760,761,762]],"type":"Polygon","properties":{"polygon_uuid":"82d0f03f-bf6b-4585-95e1-8961a999953e","land_type":200,"issue_year":2024,"edit_year":2020,"history":"[{\"筆ポリゴンID\":\"a9fa6437-9746-4811-bf47-d017aa0abae0\",\"更新年度\":2023,\"前年同一\":true},[{\"筆ポリゴンID\":\"c435cddc-2cb3-4401-a5c5-b1dbef040bf7\",\"更新年度\":2022,\"前年同一\":true},[{\"筆ポリゴンID\":\"fd6856ab-7653-4a78-ac39-a34c32cd7f94\",\"更新年度\":2021,\"前年同一\":true},{\"筆ポリゴンID\":\"fd6856ab-7653-4a78-ac39-a34c32cd7f94\",\"発生年度\":2020}]]]","last_polygon_uuid":"a9fa6437-9746-4811-bf47-d017aa0abae0","prev_last_polygon_uuid":"c435cddc-2cb3-4401-a5c5-b1dbef040bf7","local_government_cd":"013315","point_lng":140.125202938,"point_lat":41.43161713}},{"arcs":[[763]],"type":"Polygon","properties":{"polygon_uuid":"dd515827-5a56-4cab-b888-f746465e2e21","land_type":200,"issue_year":2024,"edit_year":2020,"history":"[{\"筆ポリゴンID\":\"2f1ffbe1-1a0c-4095-b29a-9ee953c2f116\",\"更新年度\":2023,\"前年同一\":true},[{\"筆ポリゴンID\":\"86bdd641-5d75-425d-96d4-b167fc23fe64\",\"更新年度\":2022,\"前年同一\":true},[{\"筆ポリゴンID\":\"c776203a-febf-414b-89b2-9ad300e19668\",\"更新年度\":2021,\"前年同一\":true},{\"筆ポリゴンID\":\"c776203a-febf-414b-89b2-9ad300e19668\",\"発生年度\":2020}]]]","last_polygon_uuid":"2f1ffbe1-1a0c-4095-b29a-9ee953c2f116","prev_last_polygon_uuid":"86bdd641-5d75-425d-96d4-b167fc23fe64","local_government_cd":"013315","point_lng":140.046234588,"point_lat":41.447977376}},{"arcs":[[-667,-415,-471,-635,-343]],"type":"Polygon","properties":{"polygon_uuid":"d2aa91ad-5b33-4e72-9fae-ed3bb9bca02a","land_type":200,"issue_year":2024,"edit_year":2020,"history":"[{\"筆ポリゴンID\":\"bba4328e-6a6f-4773-bb9e-545a049cca5b\",\"更新年度\":2023,\"前年同一\":true},[{\"筆ポリゴンID\":\"84610fcc-884a-4453-9b93-a925fee9da52\",\"更新年度\":2022,\"前年同一\":true},[{\"筆ポリゴンID\":\"c1891d73-eda8-4684-a60f-5fd683d789b2\",\"更新年度\":2021,\"前年同一\":true},{\"筆ポリゴンID\":\"c1891d73-eda8-4684-a60f-5fd683d789b2\",\"発生年度\":2020}]]]","last_polygon_uuid":"bba4328e-6a6f-4773-bb9e-545a049cca5b","prev_last_polygon_uuid":"84610fcc-884a-4453-9b93-a925fee9da52","local_government_cd":"013315","point_lng":140.123065138,"point_lat":41.430598067}},{"arcs":[[764]],"type":"Polygon","properties":{"polygon_uuid":"07c57f00-2170-4b5a-bd33-2aada6512980","land_type":200,"issue_year":2024,"edit_year":2020,"history":"[{\"筆ポリゴンID\":\"de71b5e0-7df3-49f3-bc95-41b1c311cc5f\",\"更新年度\":2023,\"前年同一\":true},[{\"筆ポリゴンID\":\"9c76a65b-6bc6-4956-9778-65d852e5b217\",\"更新年度\":2022,\"前年同一\":true},[{\"筆ポリゴンID\":\"30764b6c-fc71-4dbe-b826-ecca0c721c21\",\"更新年度\":2021,\"前年同一\":true},{\"筆ポリゴンID\":\"30764b6c-fc71-4dbe-b826-ecca0c721c21\",\"発生年度\":2020}]]]","last_polygon_uuid":"de71b5e0-7df3-49f3-bc95-41b1c311cc5f","prev_last_polygon_uuid":"9c76a65b-6bc6-4956-9778-65d852e5b217","local_government_cd":"013315","point_lng":140.047136378,"point_lat":41.449286464}},{"arcs":[[765]],"type":"Polygon","properties":{"polygon_uuid":"4bf9a2a5-e424-4daf-8982-f188646d97c5","land_type":200,"issue_year":2024,"edit_year":2020,"history":"[{\"筆ポリゴンID\":\"b318a3c2-c73f-4ca4-88bd-ace4f9033aab\",\"更新年度\":2023,\"前年同一\":true},[{\"筆ポリゴンID\":\"098afe25-196e-40a2-9104-0d4899099d6d\",\"更新年度\":2022,\"前年同一\":true},[{\"筆ポリゴンID\":\"d26e3828-c54a-46a4-9313-0ce2cda89573\",\"更新年度\":2021,\"前年同一\":true},{\"筆ポリゴンID\":\"d26e3828-c54a-46a4-9313-0ce2cda89573\",\"発生年度\":2020}]]]","last_polygon_uuid":"b318a3c2-c73f-4ca4-88bd-ace4f9033aab","prev_last_polygon_uuid":"098afe25-196e-40a2-9104-0d4899099d6d","local_government_cd":"013315","point_lng":140.087589617,"point_lat":41.422125304}},{"arcs":[[766]],"type":"Polygon","properties":{"polygon_uuid":"b4d44814-d1c9-4964-bb23-feb7bc4f265d","land_type":200,"issue_year":2024,"edit_year":2020,"history":"[{\"筆ポリゴンID\":\"c99892d8-a24d-4def-ad9c-ae2e88aa358d\",\"更新年度\":2023,\"前年同一\":true},[{\"筆ポリゴンID\":\"ff897acf-c8d1-4b34-8a7f-70de8a08c53e\",\"更新年度\":2022,\"前年同一\":true},[{\"筆ポリゴンID\":\"0142e925-6268-466e-9667-9a0908fc29a0\",\"更新年度\":2021,\"前年同一\":true},{\"筆ポリゴンID\":\"0142e925-6268-466e-9667-9a0908fc29a0\",\"発生年度\":2020}]]]","last_polygon_uuid":"c99892d8-a24d-4def-ad9c-ae2e88aa358d","prev_last_polygon_uuid":"ff897acf-c8d1-4b34-8a7f-70de8a08c53e","local_government_cd":"013315","point_lng":140.0243516,"point_lat":41.489305833}},{"arcs":[[-685,767,-705]],"type":"Polygon","properties":{"polygon_uuid":"82ded78c-3aab-4dff-82fa-a03026a79f59","land_type":200,"issue_year":2024,"edit_year":2020,"history":"[{\"筆ポリゴンID\":\"8e1cece1-473c-4e54-825c-5a639947c838\",\"更新年度\":2023,\"前年同一\":true},[{\"筆ポリゴンID\":\"62422183-aefd-45cc-9ed3-528258056cb8\",\"更新年度\":2022,\"前年同一\":true},[{\"筆ポリゴンID\":\"90502023-1ba1-4ca6-b9ca-9c399e7e2a9e\",\"更新年度\":2021,\"前年同一\":true},{\"筆ポリゴンID\":\"90502023-1ba1-4ca6-b9ca-9c399e7e2a9e\",\"発生年度\":2020}]]]","last_polygon_uuid":"8e1cece1-473c-4e54-825c-5a639947c838","prev_last_polygon_uuid":"62422183-aefd-45cc-9ed3-528258056cb8","local_government_cd":"013315","point_lng":140.124651921,"point_lat":41.430307137}},{"arcs":[[768]],"type":"Polygon","properties":{"polygon_uuid":"5000be80-1586-4d76-893a-0e6b5e1f8c1e","land_type":200,"issue_year":2024,"edit_year":2020,"history":"[{\"筆ポリゴンID\":\"5ea90160-dc61-4caf-8dad-44601e6dd6a0\",\"更新年度\":2023,\"前年同一\":true},[{\"筆ポリゴンID\":\"8ea7df2d-229c-45b0-b6fc-b98c62ea27af\",\"更新年度\":2022,\"前年同一\":true},[{\"筆ポリゴンID\":\"92011277-8f58-42ff-a09c-6b8cbd3fe800\",\"更新年度\":2021,\"前年同一\":true},{\"筆ポリゴンID\":\"92011277-8f58-42ff-a09c-6b8cbd3fe800\",\"発生年度\":2020}]]]","last_polygon_uuid":"5ea90160-dc61-4caf-8dad-44601e6dd6a0","prev_last_polygon_uuid":"8ea7df2d-229c-45b0-b6fc-b98c62ea27af","local_government_cd":"013315","point_lng":139.993435364,"point_lat":41.543300398}},{"arcs":[[769,-416,-666,-439]],"type":"Polygon","properties":{"polygon_uuid":"54d1687d-3574-4d22-89d7-73e55868d396","land_type":200,"issue_year":2024,"edit_year":2020,"history":"[{\"筆ポリゴンID\":\"c67605b6-7c90-4262-bb1f-f4e55a1dbad2\",\"更新年度\":2023,\"前年同一\":true},[{\"筆ポリゴンID\":\"5d37cdbd-4eb5-4010-8be8-8e462f11cf30\",\"更新年度\":2022,\"前年同一\":true},[{\"筆ポリゴンID\":\"f4b82beb-9f75-4dee-9aa9-9acb830b9221\",\"更新年度\":2021,\"前年同一\":true},{\"筆ポリゴンID\":\"f4b82beb-9f75-4dee-9aa9-9acb830b9221\",\"発生年度\":2020}]]]","last_polygon_uuid":"c67605b6-7c90-4262-bb1f-f4e55a1dbad2","prev_last_polygon_uuid":"5d37cdbd-4eb5-4010-8be8-8e462f11cf30","local_government_cd":"013315","point_lng":140.122818699,"point_lat":41.430822524}},{"arcs":[[770]],"type":"Polygon","properties":{"polygon_uuid":"31223bce-bd47-41bc-bc6d-b3ae2144e3f8","land_type":200,"issue_year":2024,"edit_year":2020,"history":"[{\"筆ポリゴンID\":\"d74a1852-538a-49bf-b178-f0e29334e9f6\",\"更新年度\":2023,\"前年同一\":true},[{\"筆ポリゴンID\":\"25359147-5b10-4e7d-9eaf-b7faeb7f0974\",\"更新年度\":2022,\"前年同一\":true},[{\"筆ポリゴンID\":\"f5b329d9-8e10-4269-91bd-b6b90851dbbf\",\"更新年度\":2021,\"前年同一\":true},{\"筆ポリゴンID\":\"f5b329d9-8e10-4269-91bd-b6b90851dbbf\",\"発生年度\":2020}]]]","last_polygon_uuid":"d74a1852-538a-49bf-b178-f0e29334e9f6","prev_last_polygon_uuid":"25359147-5b10-4e7d-9eaf-b7faeb7f0974","local_government_cd":"013315","point_lng":140.034128266,"point_lat":41.463194824}},{"arcs":[[-746,-645,771,772,773]],"type":"Polygon","properties":{"polygon_uuid":"343b5b20-52ee-42e8-a0a5-b78977237a18","land_type":200,"issue_year":2024,"edit_year":2020,"history":"[{\"筆ポリゴンID\":\"3f029d81-6747-49fb-a848-ecb85fc6c857\",\"更新年度\":2023,\"前年同一\":true},[{\"筆ポリゴンID\":\"56ae6ee1-d22a-492d-a586-c7fbf653045f\",\"更新年度\":2022,\"前年同一\":true},[{\"筆ポリゴンID\":\"3e87568a-8fca-4d55-9dc0-9f4425e76882\",\"更新年度\":2021,\"前年同一\":true},{\"筆ポリゴンID\":\"3e87568a-8fca-4d55-9dc0-9f4425e76882\",\"発生年度\":2020}]]]","last_polygon_uuid":"3f029d81-6747-49fb-a848-ecb85fc6c857","prev_last_polygon_uuid":"56ae6ee1-d22a-492d-a586-c7fbf653045f","local_government_cd":"013315","point_lng":140.094385742,"point_lat":41.427615464}},{"arcs":[[774]],"type":"Polygon","properties":{"polygon_uuid":"d7d167fb-c592-4116-bf4f-c1bc7be71b05","land_type":200,"issue_year":2024,"edit_year":2020,"history":"[{\"筆ポリゴンID\":\"f0843e40-a055-435e-b48b-a06911a0448d\",\"更新年度\":2023,\"前年同一\":true},[{\"筆ポリゴンID\":\"945b820d-b647-420c-bbc5-ed3fea3ab6e2\",\"更新年度\":2022,\"前年同一\":true},[{\"筆ポリゴンID\":\"24d95818-92f4-4df2-9f32-00d74da13f18\",\"更新年度\":2021,\"前年同一\":true},{\"筆ポリゴンID\":\"24d95818-92f4-4df2-9f32-00d74da13f18\",\"発生年度\":2020}]]]","last_polygon_uuid":"f0843e40-a055-435e-b48b-a06911a0448d","prev_last_polygon_uuid":"945b820d-b647-420c-bbc5-ed3fea3ab6e2","local_government_cd":"013315","point_lng":140.106178248,"point_lat":41.433054247}},{"arcs":[[775]],"type":"Polygon","properties":{"polygon_uuid":"95acf29b-0cac-45f1-8233-5191f4e1ce6f","land_type":200,"issue_year":2024,"edit_year":2020,"history":"[{\"筆ポリゴンID\":\"fcce7188-d11a-4074-b93e-09e6e2f32e68\",\"更新年度\":2023,\"前年同一\":true},[{\"筆ポリゴンID\":\"e0580bb3-b844-4786-8618-fa0a0946ad1d\",\"更新年度\":2022,\"前年同一\":true},[{\"筆ポリゴンID\":\"8e73919b-4732-43d7-b6cb-78b7c9c0dd71\",\"更新年度\":2021,\"前年同一\":true},{\"筆ポリゴンID\":\"8e73919b-4732-43d7-b6cb-78b7c9c0dd71\",\"発生年度\":2020}]]]","last_polygon_uuid":"fcce7188-d11a-4074-b93e-09e6e2f32e68","prev_last_polygon_uuid":"e0580bb3-b844-4786-8618-fa0a0946ad1d","local_government_cd":"013315","point_lng":140.041980397,"point_lat":41.449110574}},{"arcs":[[776,777]],"type":"Polygon","properties":{"polygon_uuid":"7eb7d827-e008-44ad-a139-e6042ad0a945","land_type":200,"issue_year":2024,"edit_year":2020,"history":"[{\"筆ポリゴンID\":\"728da854-6bad-4cc8-b47c-c0b97cdfd5b8\",\"更新年度\":2023,\"前年同一\":true},[{\"筆ポリゴンID\":\"c12280a8-3d33-44b2-971e-0b051759c10c\",\"更新年度\":2022,\"前年同一\":true},[{\"筆ポリゴンID\":\"394026fc-8bdd-4c6e-833a-8e4d7041fca2\",\"更新年度\":2021,\"前年同一\":true},{\"筆ポリゴンID\":\"394026fc-8bdd-4c6e-833a-8e4d7041fca2\",\"発生年度\":2020}]]]","last_polygon_uuid":"728da854-6bad-4cc8-b47c-c0b97cdfd5b8","prev_last_polygon_uuid":"c12280a8-3d33-44b2-971e-0b051759c10c","local_government_cd":"013315","point_lng":140.04048823,"point_lat":41.451173094}},{"arcs":[[778]],"type":"Polygon","properties":{"polygon_uuid":"f44f9b22-4b1e-46b3-80e0-210df2e37681","land_type":200,"issue_year":2024,"edit_year":2020,"history":"[{\"筆ポリゴンID\":\"d579ec48-4761-428c-adde-eb0572f7834e\",\"更新年度\":2023,\"前年同一\":true},[{\"筆ポリゴンID\":\"afd7c8bc-46c4-4b86-a8e3-cfcf5f3b6e79\",\"更新年度\":2022,\"前年同一\":true},[{\"筆ポリゴンID\":\"0775c554-516e-4e24-9529-d1102d86ac5a\",\"更新年度\":2021,\"前年同一\":true},{\"筆ポリゴンID\":\"0775c554-516e-4e24-9529-d1102d86ac5a\",\"発生年度\":2020}]]]","last_polygon_uuid":"d579ec48-4761-428c-adde-eb0572f7834e","prev_last_polygon_uuid":"afd7c8bc-46c4-4b86-a8e3-cfcf5f3b6e79","local_government_cd":"013315","point_lng":140.103241016,"point_lat":41.427885885}},{"arcs":[[-357,779]],"type":"Polygon","properties":{"polygon_uuid":"4f65cf34-1a87-42eb-b6c5-6b4ebd35c309","land_type":200,"issue_year":2024,"edit_year":2020,"history":"[{\"筆ポリゴンID\":\"31ac65b3-3879-4de4-bf05-66b9d49ebe5a\",\"更新年度\":2023,\"前年同一\":true},[{\"筆ポリゴンID\":\"72696aab-e900-4975-8c88-e45070d4dc74\",\"更新年度\":2022,\"前年同一\":true},[{\"筆ポリゴンID\":\"7611f0d0-83cf-4b5d-95d2-d5ca0b5bde1e\",\"更新年度\":2021,\"前年同一\":true},{\"筆ポリゴンID\":\"7611f0d0-83cf-4b5d-95d2-d5ca0b5bde1e\",\"発生年度\":2020}]]]","last_polygon_uuid":"31ac65b3-3879-4de4-bf05-66b9d49ebe5a","prev_last_polygon_uuid":"72696aab-e900-4975-8c88-e45070d4dc74","local_government_cd":"013315","point_lng":140.021152071,"point_lat":41.487960584}},{"arcs":[[-596,780]],"type":"Polygon","properties":{"polygon_uuid":"0149f839-29d1-4548-9c87-0561254d4993","land_type":200,"issue_year":2024,"edit_year":2020,"history":"[{\"筆ポリゴンID\":\"0b53b8ea-da77-428c-a68c-9d0beac7cf17\",\"更新年度\":2023,\"前年同一\":true},[{\"筆ポリゴンID\":\"158923b8-d83e-4cbe-a4ff-0767dd59b3af\",\"更新年度\":2022,\"前年同一\":true},[{\"筆ポリゴンID\":\"75408a9f-4cb7-4129-9912-4936a0dbbfb8\",\"更新年度\":2021,\"前年同一\":true},{\"筆ポリゴンID\":\"75408a9f-4cb7-4129-9912-4936a0dbbfb8\",\"発生年度\":2020}]]]","last_polygon_uuid":"0b53b8ea-da77-428c-a68c-9d0beac7cf17","prev_last_polygon_uuid":"158923b8-d83e-4cbe-a4ff-0767dd59b3af","local_government_cd":"013315","point_lng":139.985026234,"point_lat":41.601690954}},{"arcs":[[781]],"type":"Polygon","properties":{"polygon_uuid":"b6f9cd7d-7243-46c1-9742-d8348360a382","land_type":200,"issue_year":2024,"edit_year":2020,"history":"[{\"筆ポリゴンID\":\"8608795b-8acf-4585-945f-6f3500e468de\",\"更新年度\":2023,\"前年同一\":true},[{\"筆ポリゴンID\":\"f464cf4f-6fe6-4290-8ba6-0f34536c68cd\",\"更新年度\":2022,\"前年同一\":true},[{\"筆ポリゴンID\":\"230de0ae-f9d7-47ab-882d-4f77fa9249e4\",\"更新年度\":2021,\"前年同一\":true},{\"筆ポリゴンID\":\"230de0ae-f9d7-47ab-882d-4f77fa9249e4\",\"発生年度\":2020}]]]","last_polygon_uuid":"8608795b-8acf-4585-945f-6f3500e468de","prev_last_polygon_uuid":"f464cf4f-6fe6-4290-8ba6-0f34536c68cd","local_government_cd":"013315","point_lng":139.992906986,"point_lat":41.547933923}},{"arcs":[[782]],"type":"Polygon","properties":{"polygon_uuid":"5667b9eb-14f3-4428-8879-0c39761912be","land_type":200,"issue_year":2024,"edit_year":2020,"history":"[{\"筆ポリゴンID\":\"2e72baef-c2e0-4da7-a200-18f6d20e2c4c\",\"更新年度\":2023,\"前年同一\":true},[{\"筆ポリゴンID\":\"51912a8f-01c1-426f-a497-e4e3c22b3e4c\",\"更新年度\":2022,\"前年同一\":true},[{\"筆ポリゴンID\":\"4ef42d3f-e3d5-4181-b221-a8c6b81c6e41\",\"更新年度\":2021,\"前年同一\":true},{\"筆ポリゴンID\":\"4ef42d3f-e3d5-4181-b221-a8c6b81c6e41\",\"発生年度\":2020}]]]","last_polygon_uuid":"2e72baef-c2e0-4da7-a200-18f6d20e2c4c","prev_last_polygon_uuid":"51912a8f-01c1-426f-a497-e4e3c22b3e4c","local_government_cd":"013315","point_lng":139.98462352,"point_lat":41.596386122}},{"arcs":[[783,784,785,786]],"type":"Polygon","properties":{"polygon_uuid":"50c84eb0-f766-4606-b864-50e35e11337d","land_type":200,"issue_year":2024,"edit_year":2020,"history":"[{\"筆ポリゴンID\":\"19f8f6aa-e878-46fd-8bf9-aad7f6ba5a35\",\"更新年度\":2023,\"前年同一\":true},[{\"筆ポリゴンID\":\"6e5f5727-2f88-47d8-a6da-e548356c614d\",\"更新年度\":2022,\"前年同一\":true},[{\"筆ポリゴンID\":\"8fda03b6-60cf-48f3-acf9-5498f1c54284\",\"更新年度\":2021,\"前年同一\":true},{\"筆ポリゴンID\":\"8fda03b6-60cf-48f3-acf9-5498f1c54284\",\"発生年度\":2020}]]]","last_polygon_uuid":"19f8f6aa-e878-46fd-8bf9-aad7f6ba5a35","prev_last_polygon_uuid":"6e5f5727-2f88-47d8-a6da-e548356c614d","local_government_cd":"013315","point_lng":140.140134507,"point_lat":41.42860504}},{"arcs":[[787]],"type":"Polygon","properties":{"polygon_uuid":"b7c0d504-c9f1-4199-88f6-2339977d6964","land_type":200,"issue_year":2024,"edit_year":2020,"history":"[{\"筆ポリゴンID\":\"0667dd0f-c19a-4715-8357-ad8fb7cda1e8\",\"更新年度\":2023,\"前年同一\":true},[{\"筆ポリゴンID\":\"0ad03dd0-2a05-4ccf-bea4-94f66afb3095\",\"更新年度\":2022,\"前年同一\":true},[{\"筆ポリゴンID\":\"4f0a185d-2f64-4a9b-a835-153da1995305\",\"更新年度\":2021,\"前年同一\":true},{\"筆ポリゴンID\":\"4f0a185d-2f64-4a9b-a835-153da1995305\",\"発生年度\":2020}]]]","last_polygon_uuid":"0667dd0f-c19a-4715-8357-ad8fb7cda1e8","prev_last_polygon_uuid":"0ad03dd0-2a05-4ccf-bea4-94f66afb3095","local_government_cd":"013315","point_lng":140.081250104,"point_lat":41.428833241}},{"arcs":[[788]],"type":"Polygon","properties":{"polygon_uuid":"73618f33-d0b7-4e5a-a854-e62a9601e81b","land_type":200,"issue_year":2024,"edit_year":2020,"history":"[{\"筆ポリゴンID\":\"087cb8a2-e84a-413c-8a83-3d39961c9223\",\"更新年度\":2023,\"前年同一\":true},[{\"筆ポリゴンID\":\"f4d7e4a5-5f9d-4b1c-8810-01449b365f49\",\"更新年度\":2022,\"前年同一\":true},[{\"筆ポリゴンID\":\"8c8bad7c-6caa-41ff-938b-e22e147aeb1a\",\"更新年度\":2021,\"前年同一\":true},{\"筆ポリゴンID\":\"8c8bad7c-6caa-41ff-938b-e22e147aeb1a\",\"発生年度\":2020}]]]","last_polygon_uuid":"087cb8a2-e84a-413c-8a83-3d39961c9223","prev_last_polygon_uuid":"f4d7e4a5-5f9d-4b1c-8810-01449b365f49","local_government_cd":"013315","point_lng":140.138655562,"point_lat":41.428056993}},{"arcs":[[-480,789,790]],"type":"Polygon","properties":{"polygon_uuid":"46c85a4a-7096-4b9c-9f63-c6eed6995fd4","land_type":200,"issue_year":2024,"edit_year":2020,"history":"[{\"筆ポリゴンID\":\"0b777a58-4bdc-4ce3-ab97-2699e8e2d6e8\",\"更新年度\":2023,\"前年同一\":true},[{\"筆ポリゴンID\":\"f806928e-be4d-43d6-8419-8aff7476ec23\",\"更新年度\":2022,\"前年同一\":true},[{\"筆ポリゴンID\":\"b43a5245-3347-4240-bb92-720ef0d5cec2\",\"更新年度\":2021,\"前年同一\":true},{\"筆ポリゴンID\":\"b43a5245-3347-4240-bb92-720ef0d5cec2\",\"発生年度\":2020}]]]","last_polygon_uuid":"0b777a58-4bdc-4ce3-ab97-2699e8e2d6e8","prev_last_polygon_uuid":"f806928e-be4d-43d6-8419-8aff7476ec23","local_government_cd":"013315","point_lng":140.093316991,"point_lat":41.428157946}},{"arcs":[[791]],"type":"Polygon","properties":{"polygon_uuid":"f92e3fee-0aab-4a1b-a3a1-d32d1ff005de","land_type":200,"issue_year":2024,"edit_year":2020,"history":"[{\"筆ポリゴンID\":\"31d7d4e5-12b9-4473-918e-bdb86a826121\",\"更新年度\":2023,\"前年同一\":true},[{\"筆ポリゴンID\":\"fad30366-ac5e-4d72-aba3-ef43ed5a9408\",\"更新年度\":2022,\"前年同一\":true},[{\"筆ポリゴンID\":\"b4f735f2-9a0a-4c40-8736-cf684589b369\",\"更新年度\":2021,\"前年同一\":true},{\"筆ポリゴンID\":\"b4f735f2-9a0a-4c40-8736-cf684589b369\",\"発生年度\":2020}]]]","last_polygon_uuid":"31d7d4e5-12b9-4473-918e-bdb86a826121","prev_last_polygon_uuid":"fad30366-ac5e-4d72-aba3-ef43ed5a9408","local_government_cd":"013315","point_lng":140.049155248,"point_lat":41.44708597}},{"arcs":[[792]],"type":"Polygon","properties":{"polygon_uuid":"a99dc821-fbe5-4401-a120-1a513a672e9d","land_type":200,"issue_year":2024,"edit_year":2020,"history":"[{\"筆ポリゴンID\":\"725d28ec-8174-4802-8ded-4de882054743\",\"更新年度\":2023,\"前年同一\":true},[{\"筆ポリゴンID\":\"46f2a3ab-b915-42cd-9a24-9d8b39c3be66\",\"更新年度\":2022,\"前年同一\":true},[{\"筆ポリゴンID\":\"fec75ca8-690f-4fcb-8065-6ece57177801\",\"更新年度\":2021,\"前年同一\":true},{\"筆ポリゴンID\":\"fec75ca8-690f-4fcb-8065-6ece57177801\",\"発生年度\":2020}]]]","last_polygon_uuid":"725d28ec-8174-4802-8ded-4de882054743","prev_last_polygon_uuid":"46f2a3ab-b915-42cd-9a24-9d8b39c3be66","local_government_cd":"013315","point_lng":140.000295797,"point_lat":41.545797484}},{"arcs":[[793]],"type":"Polygon","properties":{"polygon_uuid":"5e10ed4e-0b9a-4035-abf4-3d88ebfdb6dd","land_type":200,"issue_year":2024,"edit_year":2020,"history":"[{\"筆ポリゴンID\":\"36758582-bf15-4e46-9b5f-aa0f9c2a9762\",\"更新年度\":2023,\"前年同一\":true},[{\"筆ポリゴンID\":\"3c73658e-0d6d-489b-a542-5c432b940315\",\"更新年度\":2022,\"前年同一\":true},[{\"筆ポリゴンID\":\"3bac3f78-0a5d-4dfc-addd-da6a68f804b4\",\"更新年度\":2021,\"前年同一\":true},{\"筆ポリゴンID\":\"3bac3f78-0a5d-4dfc-addd-da6a68f804b4\",\"発生年度\":2020}]]]","last_polygon_uuid":"36758582-bf15-4e46-9b5f-aa0f9c2a9762","prev_last_polygon_uuid":"3c73658e-0d6d-489b-a542-5c432b940315","local_government_cd":"013315","point_lng":140.14483269,"point_lat":41.43181088}},{"arcs":[[794]],"type":"Polygon","properties":{"polygon_uuid":"19b717f9-7bb4-4fc4-9c34-1b2a5864cac8","land_type":200,"issue_year":2024,"edit_year":2020,"history":"[{\"筆ポリゴンID\":\"7d2748bd-78fa-4313-b051-6adff0f2dce8\",\"更新年度\":2023,\"前年同一\":true},[{\"筆ポリゴンID\":\"462bab60-4bc0-4e7c-bbb1-3b0b44bfbc80\",\"更新年度\":2022,\"前年同一\":true},[{\"筆ポリゴンID\":\"eb5975f4-de1e-4755-af9c-2e7f1633cbb7\",\"更新年度\":2021,\"前年同一\":true},{\"筆ポリゴンID\":\"eb5975f4-de1e-4755-af9c-2e7f1633cbb7\",\"発生年度\":2020}]]]","last_polygon_uuid":"7d2748bd-78fa-4313-b051-6adff0f2dce8","prev_last_polygon_uuid":"462bab60-4bc0-4e7c-bbb1-3b0b44bfbc80","local_government_cd":"013315","point_lng":140.176507183,"point_lat":41.409804417}},{"arcs":[[-546,795,796,797,798]],"type":"Polygon","properties":{"polygon_uuid":"14ab7859-9b19-4f1d-b7a4-19815c9a60eb","land_type":200,"issue_year":2024,"edit_year":2020,"history":"[{\"筆ポリゴンID\":\"69db57a8-fccc-4783-8836-3071414387c9\",\"更新年度\":2023,\"前年同一\":true},[{\"筆ポリゴンID\":\"732907c5-b169-43f4-901e-2a754b3f9ac7\",\"更新年度\":2022,\"前年同一\":true},[{\"筆ポリゴンID\":\"ee409031-4011-4586-b01f-a5af90e22219\",\"更新年度\":2021,\"前年同一\":true},{\"筆ポリゴンID\":\"ee409031-4011-4586-b01f-a5af90e22219\",\"発生年度\":2020}]]]","last_polygon_uuid":"69db57a8-fccc-4783-8836-3071414387c9","prev_last_polygon_uuid":"732907c5-b169-43f4-901e-2a754b3f9ac7","local_government_cd":"013315","point_lng":140.124604453,"point_lat":41.430979214}},{"arcs":[[799]],"type":"Polygon","properties":{"polygon_uuid":"06f605d9-3d3f-4854-807a-638b2f5216fd","land_type":200,"issue_year":2024,"edit_year":2020,"history":"[{\"筆ポリゴンID\":\"ce89e170-ce86-42c2-b4f4-baae344046b8\",\"更新年度\":2023,\"前年同一\":true},[{\"筆ポリゴンID\":\"a6d3d65b-2836-4ce7-87b5-2e6649e1fe93\",\"更新年度\":2022,\"前年同一\":true},[{\"筆ポリゴンID\":\"7d88b310-1a94-483c-9315-4cb964c79efe\",\"更新年度\":2021,\"前年同一\":true},{\"筆ポリゴンID\":\"7d88b310-1a94-483c-9315-4cb964c79efe\",\"発生年度\":2020}]]]","last_polygon_uuid":"ce89e170-ce86-42c2-b4f4-baae344046b8","prev_last_polygon_uuid":"a6d3d65b-2836-4ce7-87b5-2e6649e1fe93","local_government_cd":"013315","point_lng":140.004860678,"point_lat":41.522956836}},{"arcs":[[800,801]],"type":"Polygon","properties":{"polygon_uuid":"526f8393-4abf-481b-a833-c15808547353","land_type":200,"issue_year":2024,"edit_year":2020,"history":"[{\"筆ポリゴンID\":\"bc6a3c1d-c211-4d92-851f-9a17097db3de\",\"更新年度\":2023,\"前年同一\":true},[{\"筆ポリゴンID\":\"08e4c676-a22e-40e2-83b7-a15e45e26233\",\"更新年度\":2022,\"前年同一\":true},[{\"筆ポリゴンID\":\"8e1f6d9d-2ac1-4949-8e6b-fb8c334ecab1\",\"更新年度\":2021,\"前年同一\":true},{\"筆ポリゴンID\":\"8e1f6d9d-2ac1-4949-8e6b-fb8c334ecab1\",\"発生年度\":2020}]]]","last_polygon_uuid":"bc6a3c1d-c211-4d92-851f-9a17097db3de","prev_last_polygon_uuid":"08e4c676-a22e-40e2-83b7-a15e45e26233","local_government_cd":"013315","point_lng":139.985905554,"point_lat":41.598807473}},{"arcs":[[802]],"type":"Polygon","properties":{"polygon_uuid":"0334762c-d3dd-4f40-93a2-154a7f48ba50","land_type":200,"issue_year":2024,"edit_year":2020,"history":"[{\"筆ポリゴンID\":\"744fec8b-aa2b-429e-9bf0-c5204f4ec8c0\",\"更新年度\":2023,\"前年同一\":true},[{\"筆ポリゴンID\":\"63468d85-0cd7-413e-8856-63bdc3a8deb0\",\"更新年度\":2022,\"前年同一\":true},[{\"筆ポリゴンID\":\"d484735b-3d3b-4090-ad3b-a20a7ffce7b4\",\"更新年度\":2021,\"前年同一\":true},{\"筆ポリゴンID\":\"d484735b-3d3b-4090-ad3b-a20a7ffce7b4\",\"発生年度\":2020}]]]","last_polygon_uuid":"744fec8b-aa2b-429e-9bf0-c5204f4ec8c0","prev_last_polygon_uuid":"63468d85-0cd7-413e-8856-63bdc3a8deb0","local_government_cd":"013315","point_lng":140.024586186,"point_lat":41.484740182}},{"arcs":[[803]],"type":"Polygon","properties":{"polygon_uuid":"c66e679f-34dc-4978-848e-b2a057e65615","land_type":200,"issue_year":2024,"edit_year":2020,"history":"[{\"筆ポリゴンID\":\"d5786804-86ea-42ee-9028-fa0f888b755f\",\"更新年度\":2023,\"前年同一\":true},[{\"筆ポリゴンID\":\"53ce2bfc-536d-4521-aacc-cd70f0f1638b\",\"更新年度\":2022,\"前年同一\":true},[{\"筆ポリゴンID\":\"e6bac48a-eb0d-4ed4-a098-dc32156386a0\",\"更新年度\":2021,\"前年同一\":true},{\"筆ポリゴンID\":\"e6bac48a-eb0d-4ed4-a098-dc32156386a0\",\"発生年度\":2020}]]]","last_polygon_uuid":"d5786804-86ea-42ee-9028-fa0f888b755f","prev_last_polygon_uuid":"53ce2bfc-536d-4521-aacc-cd70f0f1638b","local_government_cd":"013315","point_lng":139.999921759,"point_lat":41.545599034}},{"arcs":[[804]],"type":"Polygon","properties":{"polygon_uuid":"3f394d61-38f5-4ead-8ed2-38023981d2b8","land_type":200,"issue_year":2024,"edit_year":2020,"history":"[{\"筆ポリゴンID\":\"677bf96d-bd3d-4f64-ad4f-a0b803a6951a\",\"更新年度\":2023,\"前年同一\":true},[{\"筆ポリゴンID\":\"8d7ba0bf-6425-4e44-9ebc-7915e45901b4\",\"更新年度\":2022,\"前年同一\":true},[{\"筆ポリゴンID\":\"7767a76b-a667-4ac5-aac2-2567300bb10c\",\"更新年度\":2021,\"前年同一\":true},{\"筆ポリゴンID\":\"7767a76b-a667-4ac5-aac2-2567300bb10c\",\"発生年度\":2020}]]]","last_polygon_uuid":"677bf96d-bd3d-4f64-ad4f-a0b803a6951a","prev_last_polygon_uuid":"8d7ba0bf-6425-4e44-9ebc-7915e45901b4","local_government_cd":"013315","point_lng":139.993822233,"point_lat":41.550181603}},{"arcs":[[805]],"type":"Polygon","properties":{"polygon_uuid":"9d9a74a6-bfa1-4fea-a570-10a8d4e213a3","land_type":200,"issue_year":2024,"edit_year":2020,"history":"[{\"筆ポリゴンID\":\"d737173a-6e33-4f2d-871f-a25912014e22\",\"更新年度\":2023,\"前年同一\":true},[{\"筆ポリゴンID\":\"0b6125a7-5c77-4f78-80ff-e28271d86c4c\",\"更新年度\":2022,\"前年同一\":true},[{\"筆ポリゴンID\":\"070bc58a-c0e1-4d79-9f5d-1a0ee1f5b513\",\"更新年度\":2021,\"前年同一\":true},{\"筆ポリゴンID\":\"070bc58a-c0e1-4d79-9f5d-1a0ee1f5b513\",\"発生年度\":2020}]]]","last_polygon_uuid":"d737173a-6e33-4f2d-871f-a25912014e22","prev_last_polygon_uuid":"0b6125a7-5c77-4f78-80ff-e28271d86c4c","local_government_cd":"013315","point_lng":140.126353523,"point_lat":41.432780798}},{"arcs":[[806]],"type":"Polygon","properties":{"polygon_uuid":"b27a31b9-e9d5-41e9-844e-6d8494216564","land_type":200,"issue_year":2024,"edit_year":2020,"history":"[{\"筆ポリゴンID\":\"ff35584c-5820-4def-a8b9-51c2b5214c7b\",\"更新年度\":2023,\"前年同一\":true},[{\"筆ポリゴンID\":\"79239202-63a8-4fb9-9052-aae9923f6126\",\"更新年度\":2022,\"前年同一\":true},[{\"筆ポリゴンID\":\"355d45a6-03ed-4c0a-98ae-90eda757f919\",\"更新年度\":2021,\"前年同一\":true},{\"筆ポリゴンID\":\"355d45a6-03ed-4c0a-98ae-90eda757f919\",\"発生年度\":2020}]]]","last_polygon_uuid":"ff35584c-5820-4def-a8b9-51c2b5214c7b","prev_last_polygon_uuid":"79239202-63a8-4fb9-9052-aae9923f6126","local_government_cd":"013315","point_lng":140.113104689,"point_lat":41.433486785}},{"arcs":[[807]],"type":"Polygon","properties":{"polygon_uuid":"4bed0334-62bb-4614-bde5-188599af53ff","land_type":200,"issue_year":2024,"edit_year":2020,"history":"[{\"筆ポリゴンID\":\"24597107-ce14-4b5a-9b8b-4f039eb2059e\",\"更新年度\":2023,\"前年同一\":true},[{\"筆ポリゴンID\":\"38f53af9-9c81-4e5d-840e-f6305d5e64a4\",\"更新年度\":2022,\"前年同一\":true},[{\"筆ポリゴンID\":\"3f1fef97-6948-42a4-a2ff-73ea52cacbd7\",\"更新年度\":2021,\"前年同一\":true},{\"筆ポリゴンID\":\"3f1fef97-6948-42a4-a2ff-73ea52cacbd7\",\"発生年度\":2020}]]]","last_polygon_uuid":"24597107-ce14-4b5a-9b8b-4f039eb2059e","prev_last_polygon_uuid":"38f53af9-9c81-4e5d-840e-f6305d5e64a4","local_government_cd":"013315","point_lng":140.002947053,"point_lat":41.52798536}},{"arcs":[[808]],"type":"Polygon","properties":{"polygon_uuid":"ba395a43-a4cd-40f2-896b-ef87b8dbd4c4","land_type":200,"issue_year":2024,"edit_year":2020,"history":"[{\"筆ポリゴンID\":\"028faa68-656e-474f-bf1d-a07a4d96fca1\",\"更新年度\":2023,\"前年同一\":true},[{\"筆ポリゴンID\":\"a95af176-783c-44cb-98a2-abf2012b48cc\",\"更新年度\":2022,\"前年同一\":true},[{\"筆ポリゴンID\":\"ca407ac6-9979-4f3e-b22a-a95cccc17bc8\",\"更新年度\":2021,\"前年同一\":true},{\"筆ポリゴンID\":\"ca407ac6-9979-4f3e-b22a-a95cccc17bc8\",\"発生年度\":2020}]]]","last_polygon_uuid":"028faa68-656e-474f-bf1d-a07a4d96fca1","prev_last_polygon_uuid":"a95af176-783c-44cb-98a2-abf2012b48cc","local_government_cd":"013315","point_lng":139.988100508,"point_lat":41.601968103}},{"arcs":[[809]],"type":"Polygon","properties":{"polygon_uuid":"11743a66-ae14-4937-b8ab-fdbeb8cf43f7","land_type":200,"issue_year":2024,"edit_year":2020,"history":"[{\"筆ポリゴンID\":\"8bd923e7-ae7f-45dd-95a5-d359d02a31f0\",\"更新年度\":2023,\"前年同一\":true},[{\"筆ポリゴンID\":\"ccfdf4e9-fc64-482f-8e8d-0184c2fe29bd\",\"更新年度\":2022,\"前年同一\":true},[{\"筆ポリゴンID\":\"d32c32ce-e287-42f7-aca5-5533dd21cca1\",\"更新年度\":2021,\"前年同一\":true},{\"筆ポリゴンID\":\"d32c32ce-e287-42f7-aca5-5533dd21cca1\",\"発生年度\":2020}]]]","last_polygon_uuid":"8bd923e7-ae7f-45dd-95a5-d359d02a31f0","prev_last_polygon_uuid":"ccfdf4e9-fc64-482f-8e8d-0184c2fe29bd","local_government_cd":"013315","point_lng":140.020666014,"point_lat":41.489171806}},{"arcs":[[810]],"type":"Polygon","properties":{"polygon_uuid":"8dc02bea-18ef-48b4-b4ea-87554b758583","land_type":200,"issue_year":2024,"edit_year":2020,"history":"[{\"筆ポリゴンID\":\"7678aa21-157e-4959-9edb-dabb6ff98605\",\"更新年度\":2023,\"前年同一\":true},[{\"筆ポリゴンID\":\"92601d35-a8a0-4310-80fd-0fce36929125\",\"更新年度\":2022,\"前年同一\":true},[{\"筆ポリゴンID\":\"69671533-7ba6-4d37-b1bd-8743463202c6\",\"更新年度\":2021,\"前年同一\":true},{\"筆ポリゴンID\":\"69671533-7ba6-4d37-b1bd-8743463202c6\",\"発生年度\":2020}]]]","last_polygon_uuid":"7678aa21-157e-4959-9edb-dabb6ff98605","prev_last_polygon_uuid":"92601d35-a8a0-4310-80fd-0fce36929125","local_government_cd":"013315","point_lng":139.998385717,"point_lat":41.543598268}},{"arcs":[[811]],"type":"Polygon","properties":{"polygon_uuid":"703e7be8-8f8c-4ce9-ba02-129b4e6d193e","land_type":200,"issue_year":2024,"edit_year":2020,"history":"[{\"筆ポリゴンID\":\"572a6d8d-df41-4f67-9a66-c6d8b383b1f2\",\"更新年度\":2023,\"前年同一\":true},[{\"筆ポリゴンID\":\"b0c95c56-172e-4ece-ac7a-957e15d36d2c\",\"更新年度\":2022,\"前年同一\":true},[{\"筆ポリゴンID\":\"426ef8ae-35fc-42ba-9dff-590aed9cfa3a\",\"更新年度\":2021,\"前年同一\":true},{\"筆ポリゴンID\":\"426ef8ae-35fc-42ba-9dff-590aed9cfa3a\",\"発生年度\":2020}]]]","last_polygon_uuid":"572a6d8d-df41-4f67-9a66-c6d8b383b1f2","prev_last_polygon_uuid":"b0c95c56-172e-4ece-ac7a-957e15d36d2c","local_government_cd":"013315","point_lng":140.09872264,"point_lat":41.429869346}},{"arcs":[[812]],"type":"Polygon","properties":{"polygon_uuid":"d2496f0d-c936-470e-99ba-382337e7be4e","land_type":200,"issue_year":2024,"edit_year":2020,"history":"[{\"筆ポリゴンID\":\"1469d824-d48b-489b-9b0a-7b41b7da13e6\",\"更新年度\":2023,\"前年同一\":true},[{\"筆ポリゴンID\":\"1b8be8ac-a27d-4a59-982f-da86ea206b93\",\"更新年度\":2022,\"前年同一\":true},[{\"筆ポリゴンID\":\"f77f49f4-1b44-4133-81db-cced20f5a811\",\"更新年度\":2021,\"前年同一\":true},{\"筆ポリゴンID\":\"f77f49f4-1b44-4133-81db-cced20f5a811\",\"発生年度\":2020}]]]","last_polygon_uuid":"1469d824-d48b-489b-9b0a-7b41b7da13e6","prev_last_polygon_uuid":"1b8be8ac-a27d-4a59-982f-da86ea206b93","local_government_cd":"013315","point_lng":140.018395983,"point_lat":41.491726141}},{"arcs":[[813,814,-682,-704]],"type":"Polygon","properties":{"polygon_uuid":"c41be59c-4e98-4b65-a8c4-7f26c75bd65b","land_type":200,"issue_year":2024,"edit_year":2020,"history":"[{\"筆ポリゴンID\":\"b466cf4c-4845-42db-8543-2bda5c8564df\",\"更新年度\":2023,\"前年同一\":true},[{\"筆ポリゴンID\":\"b348f7b6-2664-4f66-a0dd-29b6750470b1\",\"更新年度\":2022,\"前年同一\":true},[{\"筆ポリゴンID\":\"da5afc55-3c7f-4d46-92a7-051cb021dbe4\",\"更新年度\":2021,\"前年同一\":true},{\"筆ポリゴンID\":\"da5afc55-3c7f-4d46-92a7-051cb021dbe4\",\"発生年度\":2020}]]]","last_polygon_uuid":"b466cf4c-4845-42db-8543-2bda5c8564df","prev_last_polygon_uuid":"b348f7b6-2664-4f66-a0dd-29b6750470b1","local_government_cd":"013315","point_lng":140.124810777,"point_lat":41.430597908}},{"arcs":[[815]],"type":"Polygon","properties":{"polygon_uuid":"08f14636-3541-4766-9362-dcfdc613510d","land_type":200,"issue_year":2024,"edit_year":2020,"history":"[{\"筆ポリゴンID\":\"261e4f80-8ef7-4092-92f1-41f924cfe850\",\"更新年度\":2023,\"前年同一\":true},[{\"筆ポリゴンID\":\"54bbd9c4-874f-4b11-9747-009cd482fce4\",\"更新年度\":2022,\"前年同一\":true},[{\"筆ポリゴンID\":\"a42e9ba3-a2f6-41eb-895f-c00c738997ca\",\"更新年度\":2021,\"前年同一\":true},{\"筆ポリゴンID\":\"a42e9ba3-a2f6-41eb-895f-c00c738997ca\",\"発生年度\":2020}]]]","last_polygon_uuid":"261e4f80-8ef7-4092-92f1-41f924cfe850","prev_last_polygon_uuid":"54bbd9c4-874f-4b11-9747-009cd482fce4","local_government_cd":"013315","point_lng":140.017641275,"point_lat":41.502561158}},{"arcs":[[816]],"type":"Polygon","properties":{"polygon_uuid":"fe725f47-b537-42a4-ba43-1f2b58d3a92e","land_type":200,"issue_year":2024,"edit_year":2020,"history":"[{\"筆ポリゴンID\":\"20b35faf-2ca0-494d-aaa4-8671c8b49c19\",\"更新年度\":2023,\"前年同一\":true},[{\"筆ポリゴンID\":\"94eb63aa-2f84-41ce-90a6-fb0bb8a45964\",\"更新年度\":2022,\"前年同一\":true},[{\"筆ポリゴンID\":\"810724f3-10ea-46e6-869b-de26754ff086\",\"更新年度\":2021,\"前年同一\":true},{\"筆ポリゴンID\":\"810724f3-10ea-46e6-869b-de26754ff086\",\"発生年度\":2020}]]]","last_polygon_uuid":"20b35faf-2ca0-494d-aaa4-8671c8b49c19","prev_last_polygon_uuid":"94eb63aa-2f84-41ce-90a6-fb0bb8a45964","local_government_cd":"013315","point_lng":139.996479981,"point_lat":41.549438891}},{"arcs":[[817]],"type":"Polygon","properties":{"polygon_uuid":"dc0a0695-73a2-4fd2-a928-9f46e0c7cd13","land_type":200,"issue_year":2024,"edit_year":2020,"history":"[{\"筆ポリゴンID\":\"7d802fc0-349a-41aa-a107-cf1358c0ff26\",\"更新年度\":2023,\"前年同一\":true},[{\"筆ポリゴンID\":\"829dce10-f769-48bc-93d1-1669b9de94a2\",\"更新年度\":2022,\"前年同一\":true},[{\"筆ポリゴンID\":\"5fb95e6f-ba80-4626-898f-036a330ac5db\",\"更新年度\":2021,\"前年同一\":true},{\"筆ポリゴンID\":\"5fb95e6f-ba80-4626-898f-036a330ac5db\",\"発生年度\":2020}]]]","last_polygon_uuid":"7d802fc0-349a-41aa-a107-cf1358c0ff26","prev_last_polygon_uuid":"829dce10-f769-48bc-93d1-1669b9de94a2","local_government_cd":"013315","point_lng":140.043147845,"point_lat":41.449929623}},{"arcs":[[818,-146]],"type":"Polygon","properties":{"polygon_uuid":"e303b7b4-ca65-4e71-91de-53e76e48bdf4","land_type":200,"issue_year":2024,"edit_year":2020,"history":"[{\"筆ポリゴンID\":\"113a6c62-2d3f-4f3e-8de1-7bbb25288a06\",\"更新年度\":2023,\"前年同一\":true},[{\"筆ポリゴンID\":\"9dc06498-2715-4d53-89d0-688b05717e83\",\"更新年度\":2022,\"前年同一\":true},[{\"筆ポリゴンID\":\"0aac8278-0b22-41fc-b741-5d32f7bf3ba4\",\"更新年度\":2021,\"前年同一\":true},{\"筆ポリゴンID\":\"0aac8278-0b22-41fc-b741-5d32f7bf3ba4\",\"発生年度\":2020}]]]","last_polygon_uuid":"113a6c62-2d3f-4f3e-8de1-7bbb25288a06","prev_last_polygon_uuid":"9dc06498-2715-4d53-89d0-688b05717e83","local_government_cd":"013315","point_lng":140.141068941,"point_lat":41.44925655}},{"arcs":[[819]],"type":"Polygon","properties":{"polygon_uuid":"fdafabbb-20eb-4d69-bc1c-9f2e01e3eda3","land_type":200,"issue_year":2024,"edit_year":2020,"history":"[{\"筆ポリゴンID\":\"9ba17d9c-36e1-4d47-b01e-2b1f2dbf59d3\",\"更新年度\":2023,\"前年同一\":true},[{\"筆ポリゴンID\":\"1cdbb527-46ad-4dc2-ad39-02483f48516e\",\"更新年度\":2022,\"前年同一\":true},[{\"筆ポリゴンID\":\"5eb6656e-a944-44f6-8aec-14942e014977\",\"更新年度\":2021,\"前年同一\":true},{\"筆ポリゴンID\":\"5eb6656e-a944-44f6-8aec-14942e014977\",\"発生年度\":2020}]]]","last_polygon_uuid":"9ba17d9c-36e1-4d47-b01e-2b1f2dbf59d3","prev_last_polygon_uuid":"1cdbb527-46ad-4dc2-ad39-02483f48516e","local_government_cd":"013315","point_lng":140.02952115,"point_lat":41.477828444}},{"arcs":[[820]],"type":"Polygon","properties":{"polygon_uuid":"fc62fcec-70b0-4dbc-8f3b-40912d9aaac0","land_type":200,"issue_year":2024,"edit_year":2020,"history":"[{\"筆ポリゴンID\":\"992ff170-6d43-45b0-b4ac-8c623d6e5ce8\",\"更新年度\":2023,\"前年同一\":true},[{\"筆ポリゴンID\":\"e453fc2d-5222-474c-b7e1-5b8168009120\",\"更新年度\":2022,\"前年同一\":true},[{\"筆ポリゴンID\":\"2653cf92-daea-4f5e-8e77-a96b656f8c65\",\"更新年度\":2021,\"前年同一\":true},{\"筆ポリゴンID\":\"2653cf92-daea-4f5e-8e77-a96b656f8c65\",\"発生年度\":2020}]]]","last_polygon_uuid":"992ff170-6d43-45b0-b4ac-8c623d6e5ce8","prev_last_polygon_uuid":"e453fc2d-5222-474c-b7e1-5b8168009120","local_government_cd":"013315","point_lng":139.997212133,"point_lat":41.551383817}},{"arcs":[[821]],"type":"Polygon","properties":{"polygon_uuid":"f5ff6211-1980-4fab-bf93-650a9a3a6cf4","land_type":200,"issue_year":2024,"edit_year":2020,"history":"[{\"筆ポリゴンID\":\"1009628d-8936-4c09-8b1b-f15fcf9d1463\",\"更新年度\":2023,\"前年同一\":true},[{\"筆ポリゴンID\":\"e63b93ea-a6bf-43a4-a213-6163b4b1673c\",\"更新年度\":2022,\"前年同一\":true},[{\"筆ポリゴンID\":\"88dbb903-8d87-41dc-8b4a-1c2cd3f87d78\",\"更新年度\":2021,\"前年同一\":true},{\"筆ポリゴンID\":\"88dbb903-8d87-41dc-8b4a-1c2cd3f87d78\",\"発生年度\":2020}]]]","last_polygon_uuid":"1009628d-8936-4c09-8b1b-f15fcf9d1463","prev_last_polygon_uuid":"e63b93ea-a6bf-43a4-a213-6163b4b1673c","local_government_cd":"013315","point_lng":140.018335985,"point_lat":41.492618021}},{"arcs":[[822]],"type":"Polygon","properties":{"polygon_uuid":"d1bc6efc-743c-47aa-86c9-77fbe1772397","land_type":200,"issue_year":2024,"edit_year":2020,"history":"[{\"筆ポリゴンID\":\"fd681dc4-6bf0-469a-91c4-f5b1044decb6\",\"更新年度\":2023,\"前年同一\":true},[{\"筆ポリゴンID\":\"28cdb760-8e47-4bb7-8fe9-be5a133af361\",\"更新年度\":2022,\"前年同一\":true},[{\"筆ポリゴンID\":\"b0b88753-67ea-4662-bfcd-d3852b4d47be\",\"更新年度\":2021,\"前年同一\":true},{\"筆ポリゴンID\":\"b0b88753-67ea-4662-bfcd-d3852b4d47be\",\"発生年度\":2020}]]]","last_polygon_uuid":"fd681dc4-6bf0-469a-91c4-f5b1044decb6","prev_last_polygon_uuid":"28cdb760-8e47-4bb7-8fe9-be5a133af361","local_government_cd":"013315","point_lng":139.984608959,"point_lat":41.601455264}},{"arcs":[[823]],"type":"Polygon","properties":{"polygon_uuid":"e345dcb6-0517-4a15-b448-e20e35d700a7","land_type":200,"issue_year":2024,"edit_year":2020,"history":"[{\"筆ポリゴンID\":\"00790a98-9903-4710-825a-9206ade409a9\",\"更新年度\":2023,\"前年同一\":true},[{\"筆ポリゴンID\":\"92e5662a-3547-4f5a-847a-f3afdb537f98\",\"更新年度\":2022,\"前年同一\":true},[{\"筆ポリゴンID\":\"be6aa910-2fe8-4f8f-95a3-957af666c45e\",\"更新年度\":2021,\"前年同一\":true},{\"筆ポリゴンID\":\"be6aa910-2fe8-4f8f-95a3-957af666c45e\",\"発生年度\":2020}]]]","last_polygon_uuid":"00790a98-9903-4710-825a-9206ade409a9","prev_last_polygon_uuid":"92e5662a-3547-4f5a-847a-f3afdb537f98","local_government_cd":"013315","point_lng":140.030335526,"point_lat":41.462270663}},{"arcs":[[824,825]],"type":"Polygon","properties":{"polygon_uuid":"b65589f9-65f5-4964-a182-1ce843696d70","land_type":200,"issue_year":2024,"edit_year":2020,"history":"[{\"筆ポリゴンID\":\"9e62b325-54de-4515-930b-8ed512442df1\",\"更新年度\":2023,\"前年同一\":true},[{\"筆ポリゴンID\":\"a0689d62-a10b-40f1-9368-28082ad32e3e\",\"更新年度\":2022,\"前年同一\":true},[{\"筆ポリゴンID\":\"8004cf3b-37d4-44a5-bc3b-4cc9fd1351e8\",\"更新年度\":2021,\"前年同一\":true},{\"筆ポリゴンID\":\"8004cf3b-37d4-44a5-bc3b-4cc9fd1351e8\",\"発生年度\":2020}]]]","last_polygon_uuid":"9e62b325-54de-4515-930b-8ed512442df1","prev_last_polygon_uuid":"a0689d62-a10b-40f1-9368-28082ad32e3e","local_government_cd":"013315","point_lng":139.995816407,"point_lat":41.549578254}},{"arcs":[[826]],"type":"Polygon","properties":{"polygon_uuid":"7acada85-537a-41f7-bf42-d1376d53a7e8","land_type":200,"issue_year":2024,"edit_year":2020,"history":"[{\"筆ポリゴンID\":\"c5fb3c04-ba4b-4ca5-b08e-efbe676541e7\",\"更新年度\":2023,\"前年同一\":true},[{\"筆ポリゴンID\":\"9da0b699-9395-49a0-a2c1-25634589d491\",\"更新年度\":2022,\"前年同一\":true},[{\"筆ポリゴンID\":\"9a4b9b8f-92ca-4731-bf01-4c0ae3b1568c\",\"更新年度\":2021,\"前年同一\":true},{\"筆ポリゴンID\":\"9a4b9b8f-92ca-4731-bf01-4c0ae3b1568c\",\"発生年度\":2020}]]]","last_polygon_uuid":"c5fb3c04-ba4b-4ca5-b08e-efbe676541e7","prev_last_polygon_uuid":"9da0b699-9395-49a0-a2c1-25634589d491","local_government_cd":"013315","point_lng":140.176367302,"point_lat":41.410296254}},{"arcs":[[827]],"type":"Polygon","properties":{"polygon_uuid":"5dcca010-b198-479f-9e00-85e9c904eb6a","land_type":200,"issue_year":2024,"edit_year":2020,"history":"[{\"筆ポリゴンID\":\"a74c1ffb-0814-4377-9948-d773685e2c49\",\"更新年度\":2023,\"前年同一\":true},[{\"筆ポリゴンID\":\"4ab96085-571b-48a5-9117-6ffda1019afd\",\"更新年度\":2022,\"前年同一\":true},[{\"筆ポリゴンID\":\"c4decfc9-b0f6-4df3-a45d-4faa86222561\",\"更新年度\":2021,\"前年同一\":true},{\"筆ポリゴンID\":\"c4decfc9-b0f6-4df3-a45d-4faa86222561\",\"発生年度\":2020}]]]","last_polygon_uuid":"a74c1ffb-0814-4377-9948-d773685e2c49","prev_last_polygon_uuid":"4ab96085-571b-48a5-9117-6ffda1019afd","local_government_cd":"013315","point_lng":140.10173503,"point_lat":41.429933029}},{"arcs":[[828]],"type":"Polygon","properties":{"polygon_uuid":"0626e81a-6e80-40d4-b768-f895f4521b99","land_type":200,"issue_year":2024,"edit_year":2020,"history":"[{\"筆ポリゴンID\":\"12368cb3-afb8-4ec1-a9d6-cdeb97343ffc\",\"更新年度\":2023,\"前年同一\":true},[{\"筆ポリゴンID\":\"54d570ac-2be4-4b89-8688-54d5986d83b2\",\"更新年度\":2022,\"前年同一\":true},[{\"筆ポリゴンID\":\"175edf31-0f15-4e84-b21c-e7c2bb3a8d8a\",\"更新年度\":2021,\"前年同一\":true},{\"筆ポリゴンID\":\"175edf31-0f15-4e84-b21c-e7c2bb3a8d8a\",\"発生年度\":2020}]]]","last_polygon_uuid":"12368cb3-afb8-4ec1-a9d6-cdeb97343ffc","prev_last_polygon_uuid":"54d570ac-2be4-4b89-8688-54d5986d83b2","local_government_cd":"013315","point_lng":140.029690341,"point_lat":41.476288443}},{"arcs":[[829,830]],"type":"Polygon","properties":{"polygon_uuid":"bfb0f815-26a4-45b9-ab50-cac40bc47ff6","land_type":200,"issue_year":2024,"edit_year":2020,"history":"[{\"筆ポリゴンID\":\"3613e12e-b636-4488-8b0b-dd82b90192d7\",\"更新年度\":2023,\"前年同一\":true},[{\"筆ポリゴンID\":\"9b770a14-d794-47e5-aef7-5cf59e67efe0\",\"更新年度\":2022,\"前年同一\":true},[{\"筆ポリゴンID\":\"f863e8bd-e297-4a29-8067-a76af8dc28fe\",\"更新年度\":2021,\"前年同一\":true},{\"筆ポリゴンID\":\"f863e8bd-e297-4a29-8067-a76af8dc28fe\",\"発生年度\":2020}]]]","last_polygon_uuid":"3613e12e-b636-4488-8b0b-dd82b90192d7","prev_last_polygon_uuid":"9b770a14-d794-47e5-aef7-5cf59e67efe0","local_government_cd":"013315","point_lng":140.00534842,"point_lat":41.52224158}},{"arcs":[[831]],"type":"Polygon","properties":{"polygon_uuid":"a69961b5-f507-4540-a317-e280e931fac9","land_type":200,"issue_year":2024,"edit_year":2020,"history":"[{\"筆ポリゴンID\":\"71a43d80-5756-4591-bb1b-891a72e1774f\",\"更新年度\":2023,\"前年同一\":true},[{\"筆ポリゴンID\":\"00388977-a755-455b-8123-6534504c3492\",\"更新年度\":2022,\"前年同一\":true},[{\"筆ポリゴンID\":\"c9a8fcfc-b34f-4d46-ba1a-67dd7030593e\",\"更新年度\":2021,\"前年同一\":true},{\"筆ポリゴンID\":\"c9a8fcfc-b34f-4d46-ba1a-67dd7030593e\",\"発生年度\":2020}]]]","last_polygon_uuid":"71a43d80-5756-4591-bb1b-891a72e1774f","prev_last_polygon_uuid":"00388977-a755-455b-8123-6534504c3492","local_government_cd":"013315","point_lng":139.984909819,"point_lat":41.596899341}},{"arcs":[[832]],"type":"Polygon","properties":{"polygon_uuid":"5efc9122-fc8b-4e17-96c1-6deb8b8e3480","land_type":200,"issue_year":2024,"edit_year":2020,"history":"[{\"筆ポリゴンID\":\"bdbce788-8834-4a18-9a12-be7a44784bdf\",\"更新年度\":2023,\"前年同一\":true},[{\"筆ポリゴンID\":\"e7488be7-22ab-466a-b536-0e9d2b00495a\",\"更新年度\":2022,\"前年同一\":true},[{\"筆ポリゴンID\":\"999c646d-a664-4925-80be-f1c350af3179\",\"更新年度\":2021,\"前年同一\":true},{\"筆ポリゴンID\":\"999c646d-a664-4925-80be-f1c350af3179\",\"発生年度\":2020}]]]","last_polygon_uuid":"bdbce788-8834-4a18-9a12-be7a44784bdf","prev_last_polygon_uuid":"e7488be7-22ab-466a-b536-0e9d2b00495a","local_government_cd":"013315","point_lng":140.116436034,"point_lat":41.431563299}},{"arcs":[[833]],"type":"Polygon","properties":{"polygon_uuid":"94228622-ad53-4cb5-9f78-651c5326ea2f","land_type":200,"issue_year":2024,"edit_year":2020,"history":"[{\"筆ポリゴンID\":\"bb816b07-bd64-4511-9ddd-373a572b6ada\",\"更新年度\":2023,\"前年同一\":true},[{\"筆ポリゴンID\":\"3010b5be-dde0-43b7-b61e-b7513f6469e7\",\"更新年度\":2022,\"前年同一\":true},[{\"筆ポリゴンID\":\"7235364b-9e88-46a5-b062-30621479ed41\",\"更新年度\":2021,\"前年同一\":true},{\"筆ポリゴンID\":\"7235364b-9e88-46a5-b062-30621479ed41\",\"発生年度\":2020}]]]","last_polygon_uuid":"bb816b07-bd64-4511-9ddd-373a572b6ada","prev_last_polygon_uuid":"3010b5be-dde0-43b7-b61e-b7513f6469e7","local_government_cd":"013315","point_lng":139.996675355,"point_lat":41.546400993}},{"arcs":[[834]],"type":"Polygon","properties":{"polygon_uuid":"e7cf30ab-73cf-4be4-9e21-09c5daf3b237","land_type":200,"issue_year":2024,"edit_year":2020,"history":"[{\"筆ポリゴンID\":\"a1ff369c-8230-4b1a-bff4-ef6c4a93e5b9\",\"更新年度\":2023,\"前年同一\":true},[{\"筆ポリゴンID\":\"33c1875a-66ae-44c8-b301-7c7dbb692941\",\"更新年度\":2022,\"前年同一\":true},[{\"筆ポリゴンID\":\"d3e3d6a4-b581-4966-984d-628bb4e9be1d\",\"更新年度\":2021,\"前年同一\":true},{\"筆ポリゴンID\":\"d3e3d6a4-b581-4966-984d-628bb4e9be1d\",\"発生年度\":2020}]]]","last_polygon_uuid":"a1ff369c-8230-4b1a-bff4-ef6c4a93e5b9","prev_last_polygon_uuid":"33c1875a-66ae-44c8-b301-7c7dbb692941","local_government_cd":"013315","point_lng":140.006637632,"point_lat":41.526167812}},{"arcs":[[835,-626]],"type":"Polygon","properties":{"polygon_uuid":"485051ef-00fb-44cd-b12f-a4d210e1575a","land_type":200,"issue_year":2024,"edit_year":2020,"history":"[{\"筆ポリゴンID\":\"607a4d45-d9fd-42dd-8d1a-408d8a0e513e\",\"更新年度\":2023,\"前年同一\":true},[{\"筆ポリゴンID\":\"c8e11f13-d2d6-422e-84d2-a54597dde007\",\"更新年度\":2022,\"前年同一\":true},[{\"筆ポリゴンID\":\"87562406-2eaa-4bf3-8843-1361d0f94241\",\"更新年度\":2021,\"前年同一\":true},{\"筆ポリゴンID\":\"87562406-2eaa-4bf3-8843-1361d0f94241\",\"発生年度\":2020}]]]","last_polygon_uuid":"607a4d45-d9fd-42dd-8d1a-408d8a0e513e","prev_last_polygon_uuid":"c8e11f13-d2d6-422e-84d2-a54597dde007","local_government_cd":"013315","point_lng":140.135461083,"point_lat":41.428613509}},{"arcs":[[836,837,838,839,840,841]],"type":"Polygon","properties":{"polygon_uuid":"478426ce-4ede-46f2-9a47-bb89e3003d5f","land_type":200,"issue_year":2024,"edit_year":2020,"history":"[{\"筆ポリゴンID\":\"0fda8502-c98e-492f-a2f9-3e80362ab2be\",\"更新年度\":2023,\"前年同一\":true},[{\"筆ポリゴンID\":\"bc994d3a-8132-4533-9846-f5211081d75c\",\"更新年度\":2022,\"前年同一\":true},[{\"筆ポリゴンID\":\"300f7cba-0c85-4296-8ded-d752f038dd7e\",\"更新年度\":2021,\"前年同一\":true},{\"筆ポリゴンID\":\"300f7cba-0c85-4296-8ded-d752f038dd7e\",\"発生年度\":2020}]]]","last_polygon_uuid":"0fda8502-c98e-492f-a2f9-3e80362ab2be","prev_last_polygon_uuid":"bc994d3a-8132-4533-9846-f5211081d75c","local_government_cd":"013315","point_lng":140.124646799,"point_lat":41.431443652}},{"arcs":[[842]],"type":"Polygon","properties":{"polygon_uuid":"5d46e628-ee31-44a9-8296-038b9ac9bd10","land_type":200,"issue_year":2024,"edit_year":2020,"history":"[{\"筆ポリゴンID\":\"c0aaa34b-d5de-4275-a1e8-ab26caf60b00\",\"更新年度\":2023,\"前年同一\":true},[{\"筆ポリゴンID\":\"0fb7ae71-19bb-43f2-ac43-2717450ab948\",\"更新年度\":2022,\"前年同一\":true},[{\"筆ポリゴンID\":\"b0ed8c0d-9cd2-4a12-9a16-0bbfb86825d5\",\"更新年度\":2021,\"前年同一\":true},{\"筆ポリゴンID\":\"b0ed8c0d-9cd2-4a12-9a16-0bbfb86825d5\",\"発生年度\":2020}]]]","last_polygon_uuid":"c0aaa34b-d5de-4275-a1e8-ab26caf60b00","prev_last_polygon_uuid":"0fb7ae71-19bb-43f2-ac43-2717450ab948","local_government_cd":"013315","point_lng":140.048130309,"point_lat":41.447346681}},{"arcs":[[843,-575,844]],"type":"Polygon","properties":{"polygon_uuid":"d7348c98-3590-4748-83ab-0be1314a4ce3","land_type":200,"issue_year":2024,"edit_year":2020,"history":"[{\"筆ポリゴンID\":\"92cc2492-0307-4c30-946e-444f82294066\",\"更新年度\":2023,\"前年同一\":true},[{\"筆ポリゴンID\":\"ad396376-a45e-4ecf-bfd4-12492371380c\",\"更新年度\":2022,\"前年同一\":true},[{\"筆ポリゴンID\":\"150024bb-a1a4-491a-a68a-6aa8b45bc2b0\",\"更新年度\":2021,\"前年同一\":true},{\"筆ポリゴンID\":\"150024bb-a1a4-491a-a68a-6aa8b45bc2b0\",\"発生年度\":2020}]]]","last_polygon_uuid":"92cc2492-0307-4c30-946e-444f82294066","prev_last_polygon_uuid":"ad396376-a45e-4ecf-bfd4-12492371380c","local_government_cd":"013315","point_lng":140.006198542,"point_lat":41.522342054}},{"arcs":[[845]],"type":"Polygon","properties":{"polygon_uuid":"3cc645ff-0adf-4d7f-bc8a-cf667f66cb7e","land_type":200,"issue_year":2024,"edit_year":2020,"history":"[{\"筆ポリゴンID\":\"27f0c7b6-8d63-47e0-8fae-6bacee7ff9e5\",\"更新年度\":2023,\"前年同一\":true},[{\"筆ポリゴンID\":\"a7505d9b-f2ee-4189-8eec-4a21f8577915\",\"更新年度\":2022,\"前年同一\":true},[{\"筆ポリゴンID\":\"eb4aaa90-4bf9-4985-8257-2a225d5613ab\",\"更新年度\":2021,\"前年同一\":true},{\"筆ポリゴンID\":\"eb4aaa90-4bf9-4985-8257-2a225d5613ab\",\"発生年度\":2020}]]]","last_polygon_uuid":"27f0c7b6-8d63-47e0-8fae-6bacee7ff9e5","prev_last_polygon_uuid":"a7505d9b-f2ee-4189-8eec-4a21f8577915","local_government_cd":"013315","point_lng":139.985305096,"point_lat":41.597595858}},{"arcs":[[846]],"type":"Polygon","properties":{"polygon_uuid":"5a7b3b4e-2ba5-45d8-9859-94a014d07d70","land_type":200,"issue_year":2024,"edit_year":2020,"history":"[{\"筆ポリゴンID\":\"0af5e202-1975-404e-8fcc-41be29bd5136\",\"更新年度\":2023,\"前年同一\":true},[{\"筆ポリゴンID\":\"e68d0b5a-6501-4029-a1b8-09bec4a03965\",\"更新年度\":2022,\"前年同一\":true},[{\"筆ポリゴンID\":\"750062a5-f2fd-4290-9354-5f00397b2489\",\"更新年度\":2021,\"前年同一\":true},{\"筆ポリゴンID\":\"750062a5-f2fd-4290-9354-5f00397b2489\",\"発生年度\":2020}]]]","last_polygon_uuid":"0af5e202-1975-404e-8fcc-41be29bd5136","prev_last_polygon_uuid":"e68d0b5a-6501-4029-a1b8-09bec4a03965","local_government_cd":"013315","point_lng":140.146598419,"point_lat":41.430792091}},{"arcs":[[847]],"type":"Polygon","properties":{"polygon_uuid":"ea653146-6e57-42ab-8fd7-e943e7bdb8c2","land_type":200,"issue_year":2024,"edit_year":2020,"history":"[{\"筆ポリゴンID\":\"ad229f51-f431-4a31-8252-da6ebae86446\",\"更新年度\":2023,\"前年同一\":true},[{\"筆ポリゴンID\":\"f6cf2a24-2616-4180-b2a0-c3bcd41aedeb\",\"更新年度\":2022,\"前年同一\":true},[{\"筆ポリゴンID\":\"b446df7c-2198-41f9-9b02-b7dbccb9069d\",\"更新年度\":2021,\"前年同一\":true},{\"筆ポリゴンID\":\"b446df7c-2198-41f9-9b02-b7dbccb9069d\",\"発生年度\":2020}]]]","last_polygon_uuid":"ad229f51-f431-4a31-8252-da6ebae86446","prev_last_polygon_uuid":"f6cf2a24-2616-4180-b2a0-c3bcd41aedeb","local_government_cd":"013315","point_lng":140.162166216,"point_lat":41.421707762}},{"arcs":[[848]],"type":"Polygon","properties":{"polygon_uuid":"e6c501f5-f4f3-4e5d-9501-83ed7056df7d","land_type":200,"issue_year":2024,"edit_year":2020,"history":"[{\"筆ポリゴンID\":\"a87ffd60-b68d-4105-9ca3-54030788baae\",\"更新年度\":2023,\"前年同一\":true},[{\"筆ポリゴンID\":\"e3d6d1d4-ba81-490b-9164-4034c033dec0\",\"更新年度\":2022,\"前年同一\":true},[{\"筆ポリゴンID\":\"a8b91132-4285-48b8-9ab1-8954d8c3bc6a\",\"更新年度\":2021,\"前年同一\":true},{\"筆ポリゴンID\":\"a8b91132-4285-48b8-9ab1-8954d8c3bc6a\",\"発生年度\":2020}]]]","last_polygon_uuid":"a87ffd60-b68d-4105-9ca3-54030788baae","prev_last_polygon_uuid":"e3d6d1d4-ba81-490b-9164-4034c033dec0","local_government_cd":"013315","point_lng":140.132593144,"point_lat":41.431190787}},{"arcs":[[849]],"type":"Polygon","properties":{"polygon_uuid":"69820d2d-dc41-4010-b7dd-9a49b354486c","land_type":200,"issue_year":2024,"edit_year":2020,"history":"[{\"筆ポリゴンID\":\"2241ec96-98a1-44af-9e63-74f49776be2f\",\"更新年度\":2023,\"前年同一\":true},[{\"筆ポリゴンID\":\"92c82aee-f635-4438-bff8-e7f7ab9bd33c\",\"更新年度\":2022,\"前年同一\":true},[{\"筆ポリゴンID\":\"15fc37c0-57f8-43d4-9b54-85227b420af9\",\"更新年度\":2021,\"前年同一\":true},{\"筆ポリゴンID\":\"15fc37c0-57f8-43d4-9b54-85227b420af9\",\"発生年度\":2020}]]]","last_polygon_uuid":"2241ec96-98a1-44af-9e63-74f49776be2f","prev_last_polygon_uuid":"92c82aee-f635-4438-bff8-e7f7ab9bd33c","local_government_cd":"013315","point_lng":140.099035464,"point_lat":41.432114439}},{"arcs":[[850]],"type":"Polygon","properties":{"polygon_uuid":"9d20bbef-02e4-4dc1-9a6d-49e041028b69","land_type":200,"issue_year":2024,"edit_year":2020,"history":"[{\"筆ポリゴンID\":\"0dca2527-bd18-4ebb-ac3d-8914b0c77b3b\",\"更新年度\":2023,\"前年同一\":true},[{\"筆ポリゴンID\":\"043c644c-1650-4f24-8609-5d621879b2b9\",\"更新年度\":2022,\"前年同一\":true},[{\"筆ポリゴンID\":\"7958a361-3e45-49f8-8b14-2d7c3b683590\",\"更新年度\":2021,\"前年同一\":true},{\"筆ポリゴンID\":\"7958a361-3e45-49f8-8b14-2d7c3b683590\",\"発生年度\":2020}]]]","last_polygon_uuid":"0dca2527-bd18-4ebb-ac3d-8914b0c77b3b","prev_last_polygon_uuid":"043c644c-1650-4f24-8609-5d621879b2b9","local_government_cd":"013315","point_lng":140.102485313,"point_lat":41.429742189}},{"arcs":[[851]],"type":"Polygon","properties":{"polygon_uuid":"7fbfe291-b8ca-4af9-a54b-67156cb69863","land_type":200,"issue_year":2024,"edit_year":2020,"history":"[{\"筆ポリゴンID\":\"949d57d4-9767-4385-a4db-72e0bb82278b\",\"更新年度\":2023,\"前年同一\":true},[{\"筆ポリゴンID\":\"1960219c-824e-4b06-9d2f-b845adccd61b\",\"更新年度\":2022,\"前年同一\":true},[{\"筆ポリゴンID\":\"28465f08-1bb3-4a8c-bddd-e4d84d074486\",\"更新年度\":2021,\"前年同一\":true},{\"筆ポリゴンID\":\"28465f08-1bb3-4a8c-bddd-e4d84d074486\",\"発生年度\":2020}]]]","last_polygon_uuid":"949d57d4-9767-4385-a4db-72e0bb82278b","prev_last_polygon_uuid":"1960219c-824e-4b06-9d2f-b845adccd61b","local_government_cd":"013315","point_lng":140.115577918,"point_lat":41.43532872}},{"arcs":[[852]],"type":"Polygon","properties":{"polygon_uuid":"e4684ecd-b843-49f0-82fe-76e2aef74f31","land_type":200,"issue_year":2024,"edit_year":2020,"history":"[{\"筆ポリゴンID\":\"3851addc-c641-4b6d-95e9-51a1e3e163e9\",\"更新年度\":2023,\"前年同一\":true},[{\"筆ポリゴンID\":\"242f9d24-f4f6-4592-bbc6-be0250bd9135\",\"更新年度\":2022,\"前年同一\":true},[{\"筆ポリゴンID\":\"a55bdcf5-32c9-4163-bd8c-96d9f77dfd53\",\"更新年度\":2021,\"前年同一\":true},{\"筆ポリゴンID\":\"a55bdcf5-32c9-4163-bd8c-96d9f77dfd53\",\"発生年度\":2020}]]]","last_polygon_uuid":"3851addc-c641-4b6d-95e9-51a1e3e163e9","prev_last_polygon_uuid":"242f9d24-f4f6-4592-bbc6-be0250bd9135","local_government_cd":"013315","point_lng":140.114506834,"point_lat":41.428709999}},{"arcs":[[853]],"type":"Polygon","properties":{"polygon_uuid":"72ef1031-b68e-4833-b2e7-a7df11cf8816","land_type":200,"issue_year":2024,"edit_year":2020,"history":"[{\"筆ポリゴンID\":\"76d6408b-9faa-4e37-8a4c-c15ddbacfb7d\",\"更新年度\":2023,\"前年同一\":true},[{\"筆ポリゴンID\":\"92937680-de56-42d8-b507-0ddd5ddcafdd\",\"更新年度\":2022,\"前年同一\":true},[{\"筆ポリゴンID\":\"99feeea0-75ef-404b-9cd1-afb686ae1cbd\",\"更新年度\":2021,\"前年同一\":true},{\"筆ポリゴンID\":\"99feeea0-75ef-404b-9cd1-afb686ae1cbd\",\"発生年度\":2020}]]]","last_polygon_uuid":"76d6408b-9faa-4e37-8a4c-c15ddbacfb7d","prev_last_polygon_uuid":"92937680-de56-42d8-b507-0ddd5ddcafdd","local_government_cd":"013315","point_lng":140.093403894,"point_lat":41.426926203}},{"arcs":[[854]],"type":"Polygon","properties":{"polygon_uuid":"165d9e49-a5ee-406d-a5be-e5fd362669d2","land_type":200,"issue_year":2024,"edit_year":2020,"history":"[{\"筆ポリゴンID\":\"2d259169-3bc3-40eb-bd70-5adcba1ca35f\",\"更新年度\":2023,\"前年同一\":true},[{\"筆ポリゴンID\":\"e98c5784-5f58-4f4d-ba51-f7e8bdacf8c1\",\"更新年度\":2022,\"前年同一\":true},[{\"筆ポリゴンID\":\"e9aa4e86-6194-4396-b89a-8a6ef030f5bd\",\"更新年度\":2021,\"前年同一\":true},{\"筆ポリゴンID\":\"e9aa4e86-6194-4396-b89a-8a6ef030f5bd\",\"発生年度\":2020}]]]","last_polygon_uuid":"2d259169-3bc3-40eb-bd70-5adcba1ca35f","prev_last_polygon_uuid":"e98c5784-5f58-4f4d-ba51-f7e8bdacf8c1","local_government_cd":"013315","point_lng":140.041398243,"point_lat":41.452498871}},{"arcs":[[855]],"type":"Polygon","properties":{"polygon_uuid":"6aea3a46-4fa3-4b16-a634-65a38b37e58d","land_type":200,"issue_year":2024,"edit_year":2020,"history":"[{\"筆ポリゴンID\":\"030d0674-7bd7-49fb-b677-810086ef93f1\",\"更新年度\":2023,\"前年同一\":true},[{\"筆ポリゴンID\":\"0c41d600-8c2d-4630-b18b-921da3ad75db\",\"更新年度\":2022,\"前年同一\":true},[{\"筆ポリゴンID\":\"329f2c00-3b3f-4fbe-bdbc-cc02dd162405\",\"更新年度\":2021,\"前年同一\":true},{\"筆ポリゴンID\":\"329f2c00-3b3f-4fbe-bdbc-cc02dd162405\",\"発生年度\":2020}]]]","last_polygon_uuid":"030d0674-7bd7-49fb-b677-810086ef93f1","prev_last_polygon_uuid":"0c41d600-8c2d-4630-b18b-921da3ad75db","local_government_cd":"013315","point_lng":140.104951212,"point_lat":41.431232308}},{"arcs":[[856]],"type":"Polygon","properties":{"polygon_uuid":"b7ba0caf-077e-4918-94f0-7f7df279bdaf","land_type":200,"issue_year":2024,"edit_year":2020,"history":"[{\"筆ポリゴンID\":\"f807519a-9395-467e-958a-b783d53a8545\",\"更新年度\":2023,\"前年同一\":true},[{\"筆ポリゴンID\":\"295900a1-9d6c-4a54-ae0c-4b4d913f4239\",\"更新年度\":2022,\"前年同一\":true},[{\"筆ポリゴンID\":\"eddcfd7f-e0ba-4311-893f-9ad141e4a8ce\",\"更新年度\":2021,\"前年同一\":true},{\"筆ポリゴンID\":\"eddcfd7f-e0ba-4311-893f-9ad141e4a8ce\",\"発生年度\":2020}]]]","last_polygon_uuid":"f807519a-9395-467e-958a-b783d53a8545","prev_last_polygon_uuid":"295900a1-9d6c-4a54-ae0c-4b4d913f4239","local_government_cd":"013315","point_lng":140.171662542,"point_lat":41.413854855}},{"arcs":[[857]],"type":"Polygon","properties":{"polygon_uuid":"a421905f-af96-4256-86e8-40fd27e85550","land_type":200,"issue_year":2024,"edit_year":2020,"history":"[{\"筆ポリゴンID\":\"efe5e532-1936-4507-83e8-ffe5b91c4786\",\"更新年度\":2023,\"前年同一\":true},[{\"筆ポリゴンID\":\"5a9452bd-0e34-4f25-bf95-89e677436691\",\"更新年度\":2022,\"前年同一\":true},[{\"筆ポリゴンID\":\"69c24856-7867-4b88-a3b9-eaffa5aa1002\",\"更新年度\":2021,\"前年同一\":true},{\"筆ポリゴンID\":\"69c24856-7867-4b88-a3b9-eaffa5aa1002\",\"発生年度\":2020}]]]","last_polygon_uuid":"efe5e532-1936-4507-83e8-ffe5b91c4786","prev_last_polygon_uuid":"5a9452bd-0e34-4f25-bf95-89e677436691","local_government_cd":"013315","point_lng":140.099130156,"point_lat":41.426626713}},{"arcs":[[858]],"type":"Polygon","properties":{"polygon_uuid":"76df98e4-9653-40b1-bf09-10df816502fb","land_type":200,"issue_year":2024,"edit_year":2020,"history":"[{\"筆ポリゴンID\":\"5fbafa6b-79ff-448b-a0d9-4554ff4df335\",\"更新年度\":2023,\"前年同一\":true},[{\"筆ポリゴンID\":\"a3917bf6-4008-434a-9ef6-0b2ecd581187\",\"更新年度\":2022,\"前年同一\":true},[{\"筆ポリゴンID\":\"2b0f6c8a-44cf-4867-8632-447c9a9b089d\",\"更新年度\":2021,\"前年同一\":true},{\"筆ポリゴンID\":\"2b0f6c8a-44cf-4867-8632-447c9a9b089d\",\"発生年度\":2020}]]]","last_polygon_uuid":"5fbafa6b-79ff-448b-a0d9-4554ff4df335","prev_last_polygon_uuid":"a3917bf6-4008-434a-9ef6-0b2ecd581187","local_government_cd":"013315","point_lng":140.054274664,"point_lat":41.443481984}},{"arcs":[[859]],"type":"Polygon","properties":{"polygon_uuid":"cdcc29e5-dcd2-4fd3-a719-4ab646409ee8","land_type":200,"issue_year":2024,"edit_year":2020,"history":"[{\"筆ポリゴンID\":\"9ce5ecac-a07c-4aaa-b7ca-ad673132df9e\",\"更新年度\":2023,\"前年同一\":true},[{\"筆ポリゴンID\":\"6315f1f3-2e3f-4177-8243-df2d1eb2b63f\",\"更新年度\":2022,\"前年同一\":true},[{\"筆ポリゴンID\":\"da9b8020-f647-4b1d-962b-d978b573b5c7\",\"更新年度\":2021,\"前年同一\":true},{\"筆ポリゴンID\":\"da9b8020-f647-4b1d-962b-d978b573b5c7\",\"発生年度\":2020}]]]","last_polygon_uuid":"9ce5ecac-a07c-4aaa-b7ca-ad673132df9e","prev_last_polygon_uuid":"6315f1f3-2e3f-4177-8243-df2d1eb2b63f","local_government_cd":"013315","point_lng":140.088330524,"point_lat":41.421897578}},{"arcs":[[860]],"type":"Polygon","properties":{"polygon_uuid":"64ee99bd-4151-45e8-b449-9d277db4d741","land_type":200,"issue_year":2024,"edit_year":2020,"history":"[{\"筆ポリゴンID\":\"3379a09d-c096-427d-bdac-f3eb4f1bb7ea\",\"更新年度\":2023,\"前年同一\":true},[{\"筆ポリゴンID\":\"76f92a25-681c-4ef2-aa7a-ac88dd570cc3\",\"更新年度\":2022,\"前年同一\":true},[{\"筆ポリゴンID\":\"45fbe86e-28af-4777-8ad1-8111b8a3e89b\",\"更新年度\":2021,\"前年同一\":true},{\"筆ポリゴンID\":\"45fbe86e-28af-4777-8ad1-8111b8a3e89b\",\"発生年度\":2020}]]]","last_polygon_uuid":"3379a09d-c096-427d-bdac-f3eb4f1bb7ea","prev_last_polygon_uuid":"76f92a25-681c-4ef2-aa7a-ac88dd570cc3","local_government_cd":"013315","point_lng":140.098234307,"point_lat":41.429926895}},{"arcs":[[861]],"type":"Polygon","properties":{"polygon_uuid":"c5e560d8-1b38-4820-bd48-a231cfa0e9f7","land_type":200,"issue_year":2024,"edit_year":2020,"history":"[{\"筆ポリゴンID\":\"5e793df2-4ba6-4da4-9d8a-9103bdb5c2ed\",\"更新年度\":2023,\"前年同一\":true},[{\"筆ポリゴンID\":\"d53a9ad5-8d0d-4961-b11e-b52de1a5b158\",\"更新年度\":2022,\"前年同一\":true},[{\"筆ポリゴンID\":\"502d081b-d4bd-4701-93fe-86c12ddf6bc6\",\"更新年度\":2021,\"前年同一\":true},{\"筆ポリゴンID\":\"502d081b-d4bd-4701-93fe-86c12ddf6bc6\",\"発生年度\":2020}]]]","last_polygon_uuid":"5e793df2-4ba6-4da4-9d8a-9103bdb5c2ed","prev_last_polygon_uuid":"d53a9ad5-8d0d-4961-b11e-b52de1a5b158","local_government_cd":"013315","point_lng":139.985831939,"point_lat":41.597726159}},{"arcs":[[862]],"type":"Polygon","properties":{"polygon_uuid":"e7e067fd-2976-4cc8-8d5b-835d7a277930","land_type":200,"issue_year":2024,"edit_year":2020,"history":"[{\"筆ポリゴンID\":\"18d4fca5-88c2-4e0a-8852-3e0f754d86a5\",\"更新年度\":2023,\"前年同一\":true},[{\"筆ポリゴンID\":\"adb54584-27e5-43e1-9d65-95969112f9d1\",\"更新年度\":2022,\"前年同一\":true},[{\"筆ポリゴンID\":\"cb57e3a7-4b6f-4aee-8c99-73cd75fc1a29\",\"更新年度\":2021,\"前年同一\":true},{\"筆ポリゴンID\":\"cb57e3a7-4b6f-4aee-8c99-73cd75fc1a29\",\"発生年度\":2020}]]]","last_polygon_uuid":"18d4fca5-88c2-4e0a-8852-3e0f754d86a5","prev_last_polygon_uuid":"adb54584-27e5-43e1-9d65-95969112f9d1","local_government_cd":"013315","point_lng":140.147170033,"point_lat":41.427989206}},{"arcs":[[863]],"type":"Polygon","properties":{"polygon_uuid":"1726b9f6-15cc-4b64-9e9a-bccff33bf88c","land_type":200,"issue_year":2024,"edit_year":2020,"history":"[{\"筆ポリゴンID\":\"b79ebdd9-839d-4fe0-893a-91537aaa2d73\",\"更新年度\":2023,\"前年同一\":true},[{\"筆ポリゴンID\":\"99d969af-161e-4ff1-abbc-d19106e5f8b0\",\"更新年度\":2022,\"前年同一\":true},[{\"筆ポリゴンID\":\"c7ebd87d-732b-484d-9d23-7bbcd209cfed\",\"更新年度\":2021,\"前年同一\":true},{\"筆ポリゴンID\":\"c7ebd87d-732b-484d-9d23-7bbcd209cfed\",\"発生年度\":2020}]]]","last_polygon_uuid":"b79ebdd9-839d-4fe0-893a-91537aaa2d73","prev_last_polygon_uuid":"99d969af-161e-4ff1-abbc-d19106e5f8b0","local_government_cd":"013315","point_lng":140.116615409,"point_lat":41.43223601}},{"arcs":[[864]],"type":"Polygon","properties":{"polygon_uuid":"fde775e5-e622-45b8-b654-2cc6ce30e9e5","land_type":200,"issue_year":2024,"edit_year":2020,"history":"[{\"筆ポリゴンID\":\"c453920f-0a7c-431f-a905-7bafd49eef28\",\"更新年度\":2023,\"前年同一\":true},[{\"筆ポリゴンID\":\"ce4b7225-076c-474d-9b43-d6e0b628b94e\",\"更新年度\":2022,\"前年同一\":true},[{\"筆ポリゴンID\":\"13e8ca82-bb5f-4237-b60e-630ed1ec2880\",\"更新年度\":2021,\"前年同一\":true},{\"筆ポリゴンID\":\"13e8ca82-bb5f-4237-b60e-630ed1ec2880\",\"発生年度\":2020}]]]","last_polygon_uuid":"c453920f-0a7c-431f-a905-7bafd49eef28","prev_last_polygon_uuid":"ce4b7225-076c-474d-9b43-d6e0b628b94e","local_government_cd":"013315","point_lng":140.042934514,"point_lat":41.451548826}},{"arcs":[[865]],"type":"Polygon","properties":{"polygon_uuid":"c9a4bc8d-0a02-4903-a8e4-4711af19690f","land_type":200,"issue_year":2024,"edit_year":2020,"history":"[{\"筆ポリゴンID\":\"a0e08943-bdd2-402a-9658-78296a2272b5\",\"更新年度\":2023,\"前年同一\":true},[{\"筆ポリゴンID\":\"7e48ebe3-87a0-4287-927f-6960906d3fa8\",\"更新年度\":2022,\"前年同一\":true},[{\"筆ポリゴンID\":\"0f68f1bd-99bb-4b55-9215-c7eab82ffc45\",\"更新年度\":2021,\"前年同一\":true},{\"筆ポリゴンID\":\"0f68f1bd-99bb-4b55-9215-c7eab82ffc45\",\"発生年度\":2020}]]]","last_polygon_uuid":"a0e08943-bdd2-402a-9658-78296a2272b5","prev_last_polygon_uuid":"7e48ebe3-87a0-4287-927f-6960906d3fa8","local_government_cd":"013315","point_lng":140.021659723,"point_lat":41.486433729}},{"arcs":[[866,-663,867]],"type":"Polygon","properties":{"polygon_uuid":"25ac9d0e-6349-4402-bb86-7711809bceb0","land_type":200,"issue_year":2024,"edit_year":2020,"history":"[{\"筆ポリゴンID\":\"21720b43-dbbb-48cb-af8c-2bb64dfea8ac\",\"更新年度\":2023,\"前年同一\":true},[{\"筆ポリゴンID\":\"0754743f-4330-4127-9d6b-ce0e39bb63d7\",\"更新年度\":2022,\"前年同一\":true},[{\"筆ポリゴンID\":\"2bbd060a-5a80-485f-822e-e04a38b3dc05\",\"更新年度\":2021,\"前年同一\":true},{\"筆ポリゴンID\":\"2bbd060a-5a80-485f-822e-e04a38b3dc05\",\"発生年度\":2020}]]]","last_polygon_uuid":"21720b43-dbbb-48cb-af8c-2bb64dfea8ac","prev_last_polygon_uuid":"0754743f-4330-4127-9d6b-ce0e39bb63d7","local_government_cd":"013315","point_lng":140.125400911,"point_lat":41.430706765}},{"arcs":[[868]],"type":"Polygon","properties":{"polygon_uuid":"055fb41b-965b-4732-b6e7-e938cdb190b4","land_type":200,"issue_year":2024,"edit_year":2020,"history":"[{\"筆ポリゴンID\":\"081bb558-bca2-4a3f-8410-846baea57b34\",\"更新年度\":2023,\"前年同一\":true},[{\"筆ポリゴンID\":\"f65665cc-b969-4592-9ee6-a587dc3265ae\",\"更新年度\":2022,\"前年同一\":true},[{\"筆ポリゴンID\":\"0682ee2e-7374-40d3-a189-fda6a4d76d67\",\"更新年度\":2021,\"前年同一\":true},{\"筆ポリゴンID\":\"0682ee2e-7374-40d3-a189-fda6a4d76d67\",\"発生年度\":2020}]]]","last_polygon_uuid":"081bb558-bca2-4a3f-8410-846baea57b34","prev_last_polygon_uuid":"f65665cc-b969-4592-9ee6-a587dc3265ae","local_government_cd":"013315","point_lng":140.014533568,"point_lat":41.505450603}},{"arcs":[[869,-28,-79,870,-256]],"type":"Polygon","properties":{"polygon_uuid":"33bd4d4e-7efd-41a2-a663-739e3ecd2add","land_type":200,"issue_year":2024,"edit_year":2020,"history":"[{\"筆ポリゴンID\":\"8e8205ee-9a67-49b1-adcf-b9ec50c730f7\",\"更新年度\":2023,\"前年同一\":true},[{\"筆ポリゴンID\":\"d38814df-fb05-4962-abd1-a41a6d8a653a\",\"更新年度\":2022,\"前年同一\":true},[{\"筆ポリゴンID\":\"080c04d6-bc89-4ad9-8976-49604f775844\",\"更新年度\":2021,\"前年同一\":true},{\"筆ポリゴンID\":\"080c04d6-bc89-4ad9-8976-49604f775844\",\"発生年度\":2020}]]]","last_polygon_uuid":"8e8205ee-9a67-49b1-adcf-b9ec50c730f7","prev_last_polygon_uuid":"d38814df-fb05-4962-abd1-a41a6d8a653a","local_government_cd":"013315","point_lng":140.02353937,"point_lat":41.490294021}},{"arcs":[[871]],"type":"Polygon","properties":{"polygon_uuid":"6c253efc-6e7b-4997-875d-e5f4dc080fe1","land_type":200,"issue_year":2024,"edit_year":2020,"history":"[{\"筆ポリゴンID\":\"a58f4a8e-0dc6-4b15-841d-1df61b3e74c3\",\"更新年度\":2023,\"前年同一\":true},[{\"筆ポリゴンID\":\"51a27d2b-30fe-48f8-84df-e001c8b1d39f\",\"更新年度\":2022,\"前年同一\":true},[{\"筆ポリゴンID\":\"9b336a92-7c30-4ccd-ae29-a8e332d75f9b\",\"更新年度\":2021,\"前年同一\":true},{\"筆ポリゴンID\":\"9b336a92-7c30-4ccd-ae29-a8e332d75f9b\",\"発生年度\":2020}]]]","last_polygon_uuid":"a58f4a8e-0dc6-4b15-841d-1df61b3e74c3","prev_last_polygon_uuid":"51a27d2b-30fe-48f8-84df-e001c8b1d39f","local_government_cd":"013315","point_lng":140.113518888,"point_lat":41.432182062}},{"arcs":[[872]],"type":"Polygon","properties":{"polygon_uuid":"8278eade-b901-43e7-ab3b-7977c264ce43","land_type":200,"issue_year":2024,"edit_year":2020,"history":"[{\"筆ポリゴンID\":\"13d101b1-895f-401b-ac28-6fd1052ea18b\",\"更新年度\":2023,\"前年同一\":true},[{\"筆ポリゴンID\":\"171b440e-f78b-4cc7-9d98-b68c0000465a\",\"更新年度\":2022,\"前年同一\":true},[{\"筆ポリゴンID\":\"a6c2429c-e201-492e-9d4c-e3508c492023\",\"更新年度\":2021,\"前年同一\":true},{\"筆ポリゴンID\":\"a6c2429c-e201-492e-9d4c-e3508c492023\",\"発生年度\":2020}]]]","last_polygon_uuid":"13d101b1-895f-401b-ac28-6fd1052ea18b","prev_last_polygon_uuid":"171b440e-f78b-4cc7-9d98-b68c0000465a","local_government_cd":"013315","point_lng":140.097404895,"point_lat":41.428740928}},{"arcs":[[873,-773]],"type":"Polygon","properties":{"polygon_uuid":"d6141eaa-79f0-4a14-8844-4515ce9b9590","land_type":200,"issue_year":2024,"edit_year":2020,"history":"[{\"筆ポリゴンID\":\"afc4caa4-ab69-4221-a038-259c796fd44b\",\"更新年度\":2023,\"前年同一\":true},[{\"筆ポリゴンID\":\"4fae91a7-5f8e-4a2d-960f-805b9e8a2aae\",\"更新年度\":2022,\"前年同一\":true},[{\"筆ポリゴンID\":\"27ce893b-46bb-474a-b022-c2b6fc0c60da\",\"更新年度\":2021,\"前年同一\":true},{\"筆ポリゴンID\":\"27ce893b-46bb-474a-b022-c2b6fc0c60da\",\"発生年度\":2020}]]]","last_polygon_uuid":"afc4caa4-ab69-4221-a038-259c796fd44b","prev_last_polygon_uuid":"4fae91a7-5f8e-4a2d-960f-805b9e8a2aae","local_government_cd":"013315","point_lng":140.093999591,"point_lat":41.427722664}},{"arcs":[[874]],"type":"Polygon","properties":{"polygon_uuid":"f29a4c63-5d19-4820-8f68-f65ca6fe42be","land_type":200,"issue_year":2024,"edit_year":2020,"history":"[{\"筆ポリゴンID\":\"e9c6a6fa-1ef2-46dc-a0bf-951909cef6fb\",\"更新年度\":2023,\"前年同一\":true},[{\"筆ポリゴンID\":\"7362c982-53e9-4da5-94e5-58607e651696\",\"更新年度\":2022,\"前年同一\":true},[{\"筆ポリゴンID\":\"c8922058-43fd-4ea0-ac09-a23c054d24f6\",\"更新年度\":2021,\"前年同一\":true},{\"筆ポリゴンID\":\"c8922058-43fd-4ea0-ac09-a23c054d24f6\",\"発生年度\":2020}]]]","last_polygon_uuid":"e9c6a6fa-1ef2-46dc-a0bf-951909cef6fb","prev_last_polygon_uuid":"7362c982-53e9-4da5-94e5-58607e651696","local_government_cd":"013315","point_lng":140.032985349,"point_lat":41.462388618}},{"arcs":[[875]],"type":"Polygon","properties":{"polygon_uuid":"9fbe1ebd-4350-4bf0-a8c1-ffdae16d28cd","land_type":200,"issue_year":2024,"edit_year":2020,"history":"[{\"筆ポリゴンID\":\"8f5ffb40-35a4-4e2e-8480-3bd0921e006c\",\"更新年度\":2023,\"前年同一\":true},[{\"筆ポリゴンID\":\"cf6cba2a-a276-417b-95fc-549f49c84337\",\"更新年度\":2022,\"前年同一\":true},[{\"筆ポリゴンID\":\"2a2dd80d-f656-46f8-95cc-e268c4b78309\",\"更新年度\":2021,\"前年同一\":true},{\"筆ポリゴンID\":\"2a2dd80d-f656-46f8-95cc-e268c4b78309\",\"発生年度\":2020}]]]","last_polygon_uuid":"8f5ffb40-35a4-4e2e-8480-3bd0921e006c","prev_last_polygon_uuid":"cf6cba2a-a276-417b-95fc-549f49c84337","local_government_cd":"013315","point_lng":140.17356608,"point_lat":41.412617936}},{"arcs":[[876]],"type":"Polygon","properties":{"polygon_uuid":"c9468273-8170-4186-9285-e5b312d0192c","land_type":200,"issue_year":2024,"edit_year":2020,"history":"[{\"筆ポリゴンID\":\"5b7164fe-b09b-44a5-a531-6a9ca5d39fb7\",\"更新年度\":2023,\"前年同一\":true},[{\"筆ポリゴンID\":\"dc55627b-6d70-4580-9a19-cbd551e1b614\",\"更新年度\":2022,\"前年同一\":true},[{\"筆ポリゴンID\":\"28753e80-eabc-4c60-aa68-66525d508472\",\"更新年度\":2021,\"前年同一\":true},{\"筆ポリゴンID\":\"28753e80-eabc-4c60-aa68-66525d508472\",\"発生年度\":2020}]]]","last_polygon_uuid":"5b7164fe-b09b-44a5-a531-6a9ca5d39fb7","prev_last_polygon_uuid":"dc55627b-6d70-4580-9a19-cbd551e1b614","local_government_cd":"013315","point_lng":140.163347496,"point_lat":41.420870406}},{"arcs":[[877,-457]],"type":"Polygon","properties":{"polygon_uuid":"5418e462-f957-452c-a437-2ce06fb4ceb1","land_type":200,"issue_year":2024,"edit_year":2020,"history":"[{\"筆ポリゴンID\":\"4ebaecd8-d738-45ce-be37-7d05b814f6e4\",\"更新年度\":2023,\"前年同一\":true},[{\"筆ポリゴンID\":\"ec708ae2-7d66-4c11-b934-6baeaa858150\",\"更新年度\":2022,\"前年同一\":true},[{\"筆ポリゴンID\":\"ad131aff-25ad-486e-8054-4e46eaeba913\",\"更新年度\":2021,\"前年同一\":true},{\"筆ポリゴンID\":\"ad131aff-25ad-486e-8054-4e46eaeba913\",\"発生年度\":2020}]]]","last_polygon_uuid":"4ebaecd8-d738-45ce-be37-7d05b814f6e4","prev_last_polygon_uuid":"ec708ae2-7d66-4c11-b934-6baeaa858150","local_government_cd":"013315","point_lng":140.174212667,"point_lat":41.413516059}},{"arcs":[[878]],"type":"Polygon","properties":{"polygon_uuid":"df57f353-9451-4b9c-b50a-cbae0d1a8274","land_type":200,"issue_year":2024,"edit_year":2020,"history":"[{\"筆ポリゴンID\":\"d0e718a5-6e48-424e-89a5-610bd5b284a2\",\"更新年度\":2023,\"前年同一\":true},[{\"筆ポリゴンID\":\"e99a91a9-d46b-4536-93b0-215153d20b30\",\"更新年度\":2022,\"前年同一\":true},[{\"筆ポリゴンID\":\"7843904f-f97a-40a4-9c04-a531be37811c\",\"更新年度\":2021,\"前年同一\":true},{\"筆ポリゴンID\":\"7843904f-f97a-40a4-9c04-a531be37811c\",\"発生年度\":2020}]]]","last_polygon_uuid":"d0e718a5-6e48-424e-89a5-610bd5b284a2","prev_last_polygon_uuid":"e99a91a9-d46b-4536-93b0-215153d20b30","local_government_cd":"013315","point_lng":140.175522147,"point_lat":41.412050208}},{"arcs":[[879]],"type":"Polygon","properties":{"polygon_uuid":"cdb5bbeb-5ea0-4f18-ad59-a1a1c52ce607","land_type":200,"issue_year":2024,"edit_year":2020,"history":"[{\"筆ポリゴンID\":\"bc303dd4-6e91-41b9-b00b-eff898b7dcd1\",\"更新年度\":2023,\"前年同一\":true},[{\"筆ポリゴンID\":\"8045896b-4b3e-4d29-9bd5-46fa8d448b1c\",\"更新年度\":2022,\"前年同一\":true},[{\"筆ポリゴンID\":\"559e1378-002c-4a73-bebc-1ac87ae26234\",\"更新年度\":2021,\"前年同一\":true},{\"筆ポリゴンID\":\"559e1378-002c-4a73-bebc-1ac87ae26234\",\"発生年度\":2020}]]]","last_polygon_uuid":"bc303dd4-6e91-41b9-b00b-eff898b7dcd1","prev_last_polygon_uuid":"8045896b-4b3e-4d29-9bd5-46fa8d448b1c","local_government_cd":"013315","point_lng":139.987166105,"point_lat":41.59625995}},{"arcs":[[880,881,-796,-545,882]],"type":"Polygon","properties":{"polygon_uuid":"3f2750c3-73b0-4933-bf6e-667750518786","land_type":200,"issue_year":2024,"edit_year":2020,"history":"[{\"筆ポリゴンID\":\"facf7b65-e16d-40a9-95f0-5691a8d86559\",\"更新年度\":2023,\"前年同一\":true},[{\"筆ポリゴンID\":\"11c2a2be-a7b8-4663-afc7-6df2f27bad96\",\"更新年度\":2022,\"前年同一\":true},[{\"筆ポリゴンID\":\"cf5cf2e6-2d48-47c9-8dec-8df792f80651\",\"更新年度\":2021,\"前年同一\":true},{\"筆ポリゴンID\":\"cf5cf2e6-2d48-47c9-8dec-8df792f80651\",\"発生年度\":2020}]]]","last_polygon_uuid":"facf7b65-e16d-40a9-95f0-5691a8d86559","prev_last_polygon_uuid":"11c2a2be-a7b8-4663-afc7-6df2f27bad96","local_government_cd":"013315","point_lng":140.124854514,"point_lat":41.431017708}},{"arcs":[[883]],"type":"Polygon","properties":{"polygon_uuid":"2e5a2307-3781-4096-934a-58804e6944bc","land_type":200,"issue_year":2024,"edit_year":2020,"history":"[{\"筆ポリゴンID\":\"a7c61812-1b39-412c-9e81-471d0daa21bd\",\"更新年度\":2023,\"前年同一\":true},[{\"筆ポリゴンID\":\"37ab16b5-096e-41b9-b27a-9755dc40024d\",\"更新年度\":2022,\"前年同一\":true},[{\"筆ポリゴンID\":\"8c3290ce-ebdb-4f95-aba4-cfa0cce6a0c9\",\"更新年度\":2021,\"前年同一\":true},{\"筆ポリゴンID\":\"8c3290ce-ebdb-4f95-aba4-cfa0cce6a0c9\",\"発生年度\":2020}]]]","last_polygon_uuid":"a7c61812-1b39-412c-9e81-471d0daa21bd","prev_last_polygon_uuid":"37ab16b5-096e-41b9-b27a-9755dc40024d","local_government_cd":"013315","point_lng":140.025158683,"point_lat":41.485198137}},{"arcs":[[884,-838,885,886]],"type":"Polygon","properties":{"polygon_uuid":"6af4f931-7f66-49d8-bda8-d83eee13f058","land_type":200,"issue_year":2024,"edit_year":2020,"history":"[{\"筆ポリゴンID\":\"62033520-d159-476c-949b-d2fc1ee4a3df\",\"更新年度\":2023,\"前年同一\":true},[{\"筆ポリゴンID\":\"09cec1d0-4e28-4ed2-97fd-bf961bacbf73\",\"更新年度\":2022,\"前年同一\":true},[{\"筆ポリゴンID\":\"2cbd7506-fae9-406b-9f21-1fef0fc2a156\",\"更新年度\":2021,\"前年同一\":true},{\"筆ポリゴンID\":\"2cbd7506-fae9-406b-9f21-1fef0fc2a156\",\"発生年度\":2020}]]]","last_polygon_uuid":"62033520-d159-476c-949b-d2fc1ee4a3df","prev_last_polygon_uuid":"09cec1d0-4e28-4ed2-97fd-bf961bacbf73","local_government_cd":"013315","point_lng":140.124680937,"point_lat":41.431615263}},{"arcs":[[-790,-479,887]],"type":"Polygon","properties":{"polygon_uuid":"1a8d403e-8532-4a2e-a252-531cc8bf5731","land_type":200,"issue_year":2024,"edit_year":2020,"history":"[{\"筆ポリゴンID\":\"a7acfd19-283b-4c85-abee-4d78fb11adb2\",\"更新年度\":2023,\"前年同一\":true},[{\"筆ポリゴンID\":\"45a936bc-a1aa-4aaf-a2d3-7d22294a91a6\",\"更新年度\":2022,\"前年同一\":true},[{\"筆ポリゴンID\":\"8b13dacb-48c3-44d3-987c-6e2c6a454d6c\",\"更新年度\":2021,\"前年同一\":true},{\"筆ポリゴンID\":\"8b13dacb-48c3-44d3-987c-6e2c6a454d6c\",\"発生年度\":2020}]]]","last_polygon_uuid":"a7acfd19-283b-4c85-abee-4d78fb11adb2","prev_last_polygon_uuid":"45a936bc-a1aa-4aaf-a2d3-7d22294a91a6","local_government_cd":"013315","point_lng":140.092955711,"point_lat":41.428077259}},{"arcs":[[888]],"type":"Polygon","properties":{"polygon_uuid":"a2d54d87-a5df-411a-9e97-41c9d990ea46","land_type":200,"issue_year":2024,"edit_year":2020,"history":"[{\"筆ポリゴンID\":\"a9cbbe00-1472-47c1-9ab7-0d39c16961b5\",\"更新年度\":2023,\"前年同一\":true},[{\"筆ポリゴンID\":\"77e46f40-22d4-4314-b462-fcb305036bb3\",\"更新年度\":2022,\"前年同一\":true},[{\"筆ポリゴンID\":\"53a88658-1ac3-4621-8f2c-9f59d12fb4f8\",\"更新年度\":2021,\"前年同一\":true},{\"筆ポリゴンID\":\"53a88658-1ac3-4621-8f2c-9f59d12fb4f8\",\"発生年度\":2020}]]]","last_polygon_uuid":"a9cbbe00-1472-47c1-9ab7-0d39c16961b5","prev_last_polygon_uuid":"77e46f40-22d4-4314-b462-fcb305036bb3","local_government_cd":"013315","point_lng":140.12434874,"point_lat":41.433013145}},{"arcs":[[889]],"type":"Polygon","properties":{"polygon_uuid":"12d13593-79b0-4328-abda-75aae552e7ac","land_type":200,"issue_year":2024,"edit_year":2020,"history":"[{\"筆ポリゴンID\":\"7aff911a-e4d8-455d-a5b0-85b425628eda\",\"更新年度\":2023,\"前年同一\":true},[{\"筆ポリゴンID\":\"adf5c52c-e85c-42c1-a30d-b36eb9fc95e8\",\"更新年度\":2022,\"前年同一\":true},[{\"筆ポリゴンID\":\"515f7e2b-7eda-4b99-ac4a-e5a225b1d416\",\"更新年度\":2021,\"前年同一\":true},{\"筆ポリゴンID\":\"515f7e2b-7eda-4b99-ac4a-e5a225b1d416\",\"発生年度\":2020}]]]","last_polygon_uuid":"7aff911a-e4d8-455d-a5b0-85b425628eda","prev_last_polygon_uuid":"adf5c52c-e85c-42c1-a30d-b36eb9fc95e8","local_government_cd":"013315","point_lng":140.029640938,"point_lat":41.462162544}},{"arcs":[[890,-672]],"type":"Polygon","properties":{"polygon_uuid":"560d46dd-dc43-4875-ae7b-82ef2ef1b3fd","land_type":200,"issue_year":2024,"edit_year":2020,"history":"[{\"筆ポリゴンID\":\"12138690-87b2-498e-a444-a3857bace288\",\"更新年度\":2023,\"前年同一\":true},[{\"筆ポリゴンID\":\"fca77dd7-32d3-4014-aa28-75cbd04921da\",\"更新年度\":2022,\"前年同一\":true},[{\"筆ポリゴンID\":\"5bc3f810-c4db-4793-a4fe-aff5bfc403aa\",\"更新年度\":2021,\"前年同一\":true},{\"筆ポリゴンID\":\"5bc3f810-c4db-4793-a4fe-aff5bfc403aa\",\"発生年度\":2020}]]]","last_polygon_uuid":"12138690-87b2-498e-a444-a3857bace288","prev_last_polygon_uuid":"fca77dd7-32d3-4014-aa28-75cbd04921da","local_government_cd":"013315","point_lng":140.022195706,"point_lat":41.48723819}},{"arcs":[[891]],"type":"Polygon","properties":{"polygon_uuid":"1fe6195e-f23b-422c-af16-2dbb2eb61dbb","land_type":200,"issue_year":2024,"edit_year":2020,"history":"[{\"筆ポリゴンID\":\"8f2de6f8-9486-4880-b206-99dbe0970540\",\"更新年度\":2023,\"前年同一\":true},[{\"筆ポリゴンID\":\"3dd20d82-a297-4386-b363-30e1f0c6e769\",\"更新年度\":2022,\"前年同一\":true},[{\"筆ポリゴンID\":\"fa28adf1-9564-4837-8147-61a34a6e43ab\",\"更新年度\":2021,\"前年同一\":true},{\"筆ポリゴンID\":\"fa28adf1-9564-4837-8147-61a34a6e43ab\",\"発生年度\":2020}]]]","last_polygon_uuid":"8f2de6f8-9486-4880-b206-99dbe0970540","prev_last_polygon_uuid":"3dd20d82-a297-4386-b363-30e1f0c6e769","local_government_cd":"013315","point_lng":140.003942928,"point_lat":41.525463438}},{"arcs":[[892]],"type":"Polygon","properties":{"polygon_uuid":"b5dda394-286b-4af1-b51b-5d25dc8bed77","land_type":200,"issue_year":2024,"edit_year":2020,"history":"[{\"筆ポリゴンID\":\"65a8110e-d3bd-4782-8e82-878edb74daa5\",\"更新年度\":2023,\"前年同一\":true},[{\"筆ポリゴンID\":\"449c5977-41a9-4a0c-bb46-1161977ac7f6\",\"更新年度\":2022,\"前年同一\":true},[{\"筆ポリゴンID\":\"76395b32-ff88-4b80-a450-4992a1e06ecc\",\"更新年度\":2021,\"前年同一\":true},{\"筆ポリゴンID\":\"76395b32-ff88-4b80-a450-4992a1e06ecc\",\"発生年度\":2020}]]]","last_polygon_uuid":"65a8110e-d3bd-4782-8e82-878edb74daa5","prev_last_polygon_uuid":"449c5977-41a9-4a0c-bb46-1161977ac7f6","local_government_cd":"013315","point_lng":140.001005676,"point_lat":41.535750159}},{"arcs":[[893]],"type":"Polygon","properties":{"polygon_uuid":"6be2eaaa-0348-48f1-a93a-32ac43404346","land_type":200,"issue_year":2024,"edit_year":2020,"history":"[{\"筆ポリゴンID\":\"a7af81f7-f351-46af-acae-1d0d465fbce0\",\"更新年度\":2023,\"前年同一\":true},[{\"筆ポリゴンID\":\"0c6aabfb-9ac6-4a2f-aa00-f5feed949f00\",\"更新年度\":2022,\"前年同一\":true},[{\"筆ポリゴンID\":\"a472dff7-9563-41d5-9d9b-8f763a425dcb\",\"更新年度\":2021,\"前年同一\":true},{\"筆ポリゴンID\":\"a472dff7-9563-41d5-9d9b-8f763a425dcb\",\"発生年度\":2020}]]]","last_polygon_uuid":"a7af81f7-f351-46af-acae-1d0d465fbce0","prev_last_polygon_uuid":"0c6aabfb-9ac6-4a2f-aa00-f5feed949f00","local_government_cd":"013315","point_lng":140.045746093,"point_lat":41.450413019}},{"arcs":[[894]],"type":"Polygon","properties":{"polygon_uuid":"209642f2-bed1-4dc2-95c7-a04ec030c07e","land_type":200,"issue_year":2024,"edit_year":2020,"history":"[{\"筆ポリゴンID\":\"254bcb84-d920-4572-a1c3-3539b48b6681\",\"更新年度\":2023,\"前年同一\":true},[{\"筆ポリゴンID\":\"299c037d-4a90-4641-8b14-5cc14fbe087e\",\"更新年度\":2022,\"前年同一\":true},[{\"筆ポリゴンID\":\"1fe184f8-e156-4f9c-be1a-2c4a4e52a589\",\"更新年度\":2021,\"前年同一\":true},{\"筆ポリゴンID\":\"1fe184f8-e156-4f9c-be1a-2c4a4e52a589\",\"発生年度\":2020}]]]","last_polygon_uuid":"254bcb84-d920-4572-a1c3-3539b48b6681","prev_last_polygon_uuid":"299c037d-4a90-4641-8b14-5cc14fbe087e","local_government_cd":"013315","point_lng":140.131834774,"point_lat":41.436862973}},{"arcs":[[895]],"type":"Polygon","properties":{"polygon_uuid":"56ee0f33-f2fe-4541-89c0-e75f033bd773","land_type":200,"issue_year":2024,"edit_year":2020,"history":"[{\"筆ポリゴンID\":\"571af6cb-08eb-419e-ba80-110945746c12\",\"更新年度\":2023,\"前年同一\":true},[{\"筆ポリゴンID\":\"d559ee10-ec9c-4990-a8bd-35137fccaf81\",\"更新年度\":2022,\"前年同一\":true},[{\"筆ポリゴンID\":\"cb3b5d94-3339-4580-842e-e1119ea7cdb3\",\"更新年度\":2021,\"前年同一\":true},{\"筆ポリゴンID\":\"cb3b5d94-3339-4580-842e-e1119ea7cdb3\",\"発生年度\":2020}]]]","last_polygon_uuid":"571af6cb-08eb-419e-ba80-110945746c12","prev_last_polygon_uuid":"d559ee10-ec9c-4990-a8bd-35137fccaf81","local_government_cd":"013315","point_lng":140.149463866,"point_lat":41.430875309}},{"arcs":[[896]],"type":"Polygon","properties":{"polygon_uuid":"6d8dfddd-5626-40e8-8dfb-523920008ab1","land_type":200,"issue_year":2024,"edit_year":2020,"history":"[{\"筆ポリゴンID\":\"6b1c612a-db77-4685-8e51-23e20f926e6d\",\"更新年度\":2023,\"前年同一\":true},[{\"筆ポリゴンID\":\"3eed8f9e-b52e-4add-83b5-7c41b7231cc8\",\"更新年度\":2022,\"前年同一\":true},[{\"筆ポリゴンID\":\"bebcca00-560a-41cf-8a5b-79a63ce6ae5b\",\"更新年度\":2021,\"前年同一\":true},{\"筆ポリゴンID\":\"bebcca00-560a-41cf-8a5b-79a63ce6ae5b\",\"発生年度\":2020}]]]","last_polygon_uuid":"6b1c612a-db77-4685-8e51-23e20f926e6d","prev_last_polygon_uuid":"3eed8f9e-b52e-4add-83b5-7c41b7231cc8","local_government_cd":"013315","point_lng":140.148352664,"point_lat":41.434780153}},{"arcs":[[897,-784,898,-212]],"type":"Polygon","properties":{"polygon_uuid":"de365dec-217e-4320-8765-5a6370d99871","land_type":200,"issue_year":2024,"edit_year":2020,"history":"[{\"筆ポリゴンID\":\"44ed6863-434d-4356-98a8-42bd681cb9f5\",\"更新年度\":2023,\"前年同一\":true},[{\"筆ポリゴンID\":\"1405deb1-14aa-4298-a3e0-c663e0c4057d\",\"更新年度\":2022,\"前年同一\":true},[{\"筆ポリゴンID\":\"61b743bd-f68e-41da-8a38-8c153f3b5f82\",\"更新年度\":2021,\"前年同一\":true},{\"筆ポリゴンID\":\"61b743bd-f68e-41da-8a38-8c153f3b5f82\",\"発生年度\":2020}]]]","last_polygon_uuid":"44ed6863-434d-4356-98a8-42bd681cb9f5","prev_last_polygon_uuid":"1405deb1-14aa-4298-a3e0-c663e0c4057d","local_government_cd":"013315","point_lng":140.140222238,"point_lat":41.428717851}},{"arcs":[[899]],"type":"Polygon","properties":{"polygon_uuid":"7b6ab11e-682e-4ba3-89ed-b77c3672af89","land_type":200,"issue_year":2024,"edit_year":2020,"history":"[{\"筆ポリゴンID\":\"f0ad29fd-6ed1-4070-8a7c-fc2586d3d9e7\",\"更新年度\":2023,\"前年同一\":true},[{\"筆ポリゴンID\":\"9a88a853-e1a0-4462-a737-92ecda56dcde\",\"更新年度\":2022,\"前年同一\":true},[{\"筆ポリゴンID\":\"28c0ccf1-a1d3-4ea5-b69e-01113e2de420\",\"更新年度\":2021,\"前年同一\":true},{\"筆ポリゴンID\":\"28c0ccf1-a1d3-4ea5-b69e-01113e2de420\",\"発生年度\":2020}]]]","last_polygon_uuid":"f0ad29fd-6ed1-4070-8a7c-fc2586d3d9e7","prev_last_polygon_uuid":"9a88a853-e1a0-4462-a737-92ecda56dcde","local_government_cd":"013315","point_lng":140.173126677,"point_lat":41.415412638}},{"arcs":[[-385,900]],"type":"Polygon","properties":{"polygon_uuid":"12cec57f-cfd7-40ae-949d-4dcfa94b3e06","land_type":200,"issue_year":2024,"edit_year":2020,"history":"[{\"筆ポリゴンID\":\"b2dbf53c-78ba-4c35-9179-6dd35fb6c0aa\",\"更新年度\":2023,\"前年同一\":true},[{\"筆ポリゴンID\":\"84d5ee11-9508-431a-b0a3-df260a3de03e\",\"更新年度\":2022,\"前年同一\":true},[{\"筆ポリゴンID\":\"df66bada-0d63-433a-a0e7-17cd1953024b\",\"更新年度\":2021,\"前年同一\":true},{\"筆ポリゴンID\":\"df66bada-0d63-433a-a0e7-17cd1953024b\",\"発生年度\":2020}]]]","last_polygon_uuid":"b2dbf53c-78ba-4c35-9179-6dd35fb6c0aa","prev_last_polygon_uuid":"84d5ee11-9508-431a-b0a3-df260a3de03e","local_government_cd":"013315","point_lng":140.095871936,"point_lat":41.425959631}},{"arcs":[[-483,-751,901]],"type":"Polygon","properties":{"polygon_uuid":"624bfad9-ebdf-4d9a-9f3d-467620519401","land_type":200,"issue_year":2024,"edit_year":2020,"history":"[{\"筆ポリゴンID\":\"c6693fe1-0a21-4024-ad4d-017966466e16\",\"更新年度\":2023,\"前年同一\":true},[{\"筆ポリゴンID\":\"4df902c5-3cb2-4cd1-8f0a-66ee1df2cfa2\",\"更新年度\":2022,\"前年同一\":true},[{\"筆ポリゴンID\":\"94455681-03ea-4bdf-9c10-12559da52000\",\"更新年度\":2021,\"前年同一\":true},{\"筆ポリゴンID\":\"94455681-03ea-4bdf-9c10-12559da52000\",\"発生年度\":2020}]]]","last_polygon_uuid":"c6693fe1-0a21-4024-ad4d-017966466e16","prev_last_polygon_uuid":"4df902c5-3cb2-4cd1-8f0a-66ee1df2cfa2","local_government_cd":"013315","point_lng":140.126744383,"point_lat":41.431822681}},{"arcs":[[902]],"type":"Polygon","properties":{"polygon_uuid":"f81cb2b5-a6d0-48f0-a719-a521767de900","land_type":200,"issue_year":2024,"edit_year":2020,"history":"[{\"筆ポリゴンID\":\"8a149fcb-e884-4b99-8da4-218a20025600\",\"更新年度\":2023,\"前年同一\":true},[{\"筆ポリゴンID\":\"913f34c8-fc3b-4a4a-86c9-2d6b2955c0ff\",\"更新年度\":2022,\"前年同一\":true},[{\"筆ポリゴンID\":\"0ba4d526-be75-454e-b991-14fe3692b24e\",\"更新年度\":2021,\"前年同一\":true},{\"筆ポリゴンID\":\"0ba4d526-be75-454e-b991-14fe3692b24e\",\"発生年度\":2020}]]]","last_polygon_uuid":"8a149fcb-e884-4b99-8da4-218a20025600","prev_last_polygon_uuid":"913f34c8-fc3b-4a4a-86c9-2d6b2955c0ff","local_government_cd":"013315","point_lng":140.102555666,"point_lat":41.4302028}},{"arcs":[[-815,903,-881,904,-661,905]],"type":"Polygon","properties":{"polygon_uuid":"6c0ead77-6c8c-4de5-aeb3-ce470357eb04","land_type":200,"issue_year":2024,"edit_year":2020,"history":"[{\"筆ポリゴンID\":\"39b68362-dca0-4341-93d7-f027362b4f3a\",\"更新年度\":2023,\"前年同一\":true},[{\"筆ポリゴンID\":\"4c8fc76c-9da3-4969-a30e-6098c9ad3c03\",\"更新年度\":2022,\"前年同一\":true},[{\"筆ポリゴンID\":\"80d98ef4-990b-45bb-9970-274e4ba7aba3\",\"更新年度\":2021,\"前年同一\":true},{\"筆ポリゴンID\":\"80d98ef4-990b-45bb-9970-274e4ba7aba3\",\"発生年度\":2020}]]]","last_polygon_uuid":"39b68362-dca0-4341-93d7-f027362b4f3a","prev_last_polygon_uuid":"4c8fc76c-9da3-4969-a30e-6098c9ad3c03","local_government_cd":"013315","point_lng":140.124972115,"point_lat":41.430742615}},{"arcs":[[906]],"type":"Polygon","properties":{"polygon_uuid":"946fa3a4-94de-4df9-b116-3ab7ecc11ec3","land_type":200,"issue_year":2024,"edit_year":2020,"history":"[{\"筆ポリゴンID\":\"9dd82312-c37a-4fda-a7ba-6eb55d6fca22\",\"更新年度\":2023,\"前年同一\":true},[{\"筆ポリゴンID\":\"ec8b393e-4490-44f5-b5e5-8548e76ff5bb\",\"更新年度\":2022,\"前年同一\":true},[{\"筆ポリゴンID\":\"473496ec-6475-4b4f-abe8-b401de7903f6\",\"更新年度\":2021,\"前年同一\":true},{\"筆ポリゴンID\":\"473496ec-6475-4b4f-abe8-b401de7903f6\",\"発生年度\":2020}]]]","last_polygon_uuid":"9dd82312-c37a-4fda-a7ba-6eb55d6fca22","prev_last_polygon_uuid":"ec8b393e-4490-44f5-b5e5-8548e76ff5bb","local_government_cd":"013315","point_lng":140.106678905,"point_lat":41.433669275}},{"arcs":[[907]],"type":"Polygon","properties":{"polygon_uuid":"7389f5d7-9f72-46bd-b0df-c6a14136f556","land_type":200,"issue_year":2024,"edit_year":2020,"history":"[{\"筆ポリゴンID\":\"62870a38-ebea-4bef-9440-f52b08104932\",\"更新年度\":2023,\"前年同一\":true},[{\"筆ポリゴンID\":\"9b039ec0-3b0f-42ac-9a81-95b879955094\",\"更新年度\":2022,\"前年同一\":true},[{\"筆ポリゴンID\":\"4045c4f6-b47a-42bc-9eda-0467c130c318\",\"更新年度\":2021,\"前年同一\":true},{\"筆ポリゴンID\":\"4045c4f6-b47a-42bc-9eda-0467c130c318\",\"発生年度\":2020}]]]","last_polygon_uuid":"62870a38-ebea-4bef-9440-f52b08104932","prev_last_polygon_uuid":"9b039ec0-3b0f-42ac-9a81-95b879955094","local_government_cd":"013315","point_lng":140.027861879,"point_lat":41.479506893}},{"arcs":[[908]],"type":"Polygon","properties":{"polygon_uuid":"f2dc0d41-a214-4a09-aaee-81d0839868c2","land_type":200,"issue_year":2024,"edit_year":2020,"history":"[{\"筆ポリゴンID\":\"5c37704d-3f83-4cde-9d48-e8d668aa3d8d\",\"更新年度\":2023,\"前年同一\":true},[{\"筆ポリゴンID\":\"4ffe4d3c-d21b-4cd7-bde1-bc23da628786\",\"更新年度\":2022,\"前年同一\":true},[{\"筆ポリゴンID\":\"ba971a3f-3156-4a5a-9cbf-9efcd6d335ad\",\"更新年度\":2021,\"前年同一\":true},{\"筆ポリゴンID\":\"ba971a3f-3156-4a5a-9cbf-9efcd6d335ad\",\"発生年度\":2020}]]]","last_polygon_uuid":"5c37704d-3f83-4cde-9d48-e8d668aa3d8d","prev_last_polygon_uuid":"4ffe4d3c-d21b-4cd7-bde1-bc23da628786","local_government_cd":"013315","point_lng":140.032000481,"point_lat":41.461759126}},{"arcs":[[909]],"type":"Polygon","properties":{"polygon_uuid":"588b55b1-feff-4504-adf9-1dd2179a938c","land_type":200,"issue_year":2024,"edit_year":2020,"history":"[{\"筆ポリゴンID\":\"147ca8e8-cf6e-4b3d-9e87-9976c34ba166\",\"更新年度\":2023,\"前年同一\":true},[{\"筆ポリゴンID\":\"2c8f2072-2521-4b52-bc3b-7c57a302a376\",\"更新年度\":2022,\"前年同一\":true},[{\"筆ポリゴンID\":\"39c65d4b-d634-475c-a798-106188bf1f56\",\"更新年度\":2021,\"前年同一\":true},{\"筆ポリゴンID\":\"39c65d4b-d634-475c-a798-106188bf1f56\",\"発生年度\":2020}]]]","last_polygon_uuid":"147ca8e8-cf6e-4b3d-9e87-9976c34ba166","prev_last_polygon_uuid":"2c8f2072-2521-4b52-bc3b-7c57a302a376","local_government_cd":"013315","point_lng":140.050040903,"point_lat":41.446078935}},{"arcs":[[910,911,912]],"type":"Polygon","properties":{"polygon_uuid":"ab9a0fef-cb9f-42f6-8a19-990eb23cf5f7","land_type":200,"issue_year":2024,"edit_year":2020,"history":"[{\"筆ポリゴンID\":\"c07d5ec1-4c7c-4c66-a726-99531e2b6bed\",\"更新年度\":2023,\"前年同一\":true},[{\"筆ポリゴンID\":\"d90440e4-f9f9-42bc-8a5d-0132761979a6\",\"更新年度\":2022,\"前年同一\":true},[{\"筆ポリゴンID\":\"84d0e9c2-6fb7-41b7-9232-6d35874f0cb1\",\"更新年度\":2021,\"前年同一\":true},{\"筆ポリゴンID\":\"84d0e9c2-6fb7-41b7-9232-6d35874f0cb1\",\"発生年度\":2020}]]]","last_polygon_uuid":"c07d5ec1-4c7c-4c66-a726-99531e2b6bed","prev_last_polygon_uuid":"d90440e4-f9f9-42bc-8a5d-0132761979a6","local_government_cd":"013315","point_lng":140.12126008,"point_lat":41.431395454}},{"arcs":[[913,914]],"type":"Polygon","properties":{"polygon_uuid":"94e70d1c-fde2-42e6-9ef7-eb7cab4757d6","land_type":200,"issue_year":2024,"edit_year":2020,"history":"[{\"筆ポリゴンID\":\"afd1def3-a716-45a3-95bc-e54d7f2f948a\",\"更新年度\":2023,\"前年同一\":true},[{\"筆ポリゴンID\":\"44dd4747-e7c1-4a9c-b7d9-99816b11b9b9\",\"更新年度\":2022,\"前年同一\":true},[{\"筆ポリゴンID\":\"f09acb97-c86e-4d99-b057-c8490056b5fa\",\"更新年度\":2021,\"前年同一\":true},{\"筆ポリゴンID\":\"f09acb97-c86e-4d99-b057-c8490056b5fa\",\"発生年度\":2020}]]]","last_polygon_uuid":"afd1def3-a716-45a3-95bc-e54d7f2f948a","prev_last_polygon_uuid":"44dd4747-e7c1-4a9c-b7d9-99816b11b9b9","local_government_cd":"013315","point_lng":140.175015605,"point_lat":41.413183856}},{"arcs":[[915]],"type":"Polygon","properties":{"polygon_uuid":"aa16ec66-ccde-4766-8844-4857964b102e","land_type":200,"issue_year":2024,"edit_year":2020,"history":"[{\"筆ポリゴンID\":\"e57b41a0-d26c-4133-b688-025c70513c25\",\"更新年度\":2023,\"前年同一\":true},[{\"筆ポリゴンID\":\"8117715e-da69-462d-816b-e7073353fb4f\",\"更新年度\":2022,\"前年同一\":true},[{\"筆ポリゴンID\":\"e9ad6aec-0123-412b-944f-e93226e4b569\",\"更新年度\":2021,\"前年同一\":true},{\"筆ポリゴンID\":\"e9ad6aec-0123-412b-944f-e93226e4b569\",\"発生年度\":2020}]]]","last_polygon_uuid":"e57b41a0-d26c-4133-b688-025c70513c25","prev_last_polygon_uuid":"8117715e-da69-462d-816b-e7073353fb4f","local_government_cd":"013315","point_lng":140.113512395,"point_lat":41.434478315}},{"arcs":[[916]],"type":"Polygon","properties":{"polygon_uuid":"b9540121-8927-4561-a37c-421679a872ae","land_type":200,"issue_year":2024,"edit_year":2020,"history":"[{\"筆ポリゴンID\":\"dca13a22-bb3d-4da9-b152-8f88a637eaae\",\"更新年度\":2023,\"前年同一\":true},[{\"筆ポリゴンID\":\"18646c8b-ad1c-496d-bd7a-35697bdc45f9\",\"更新年度\":2022,\"前年同一\":true},[{\"筆ポリゴンID\":\"058f1086-c776-4bdf-86c1-eabf19fcbcb3\",\"更新年度\":2021,\"前年同一\":true},{\"筆ポリゴンID\":\"058f1086-c776-4bdf-86c1-eabf19fcbcb3\",\"発生年度\":2020}]]]","last_polygon_uuid":"dca13a22-bb3d-4da9-b152-8f88a637eaae","prev_last_polygon_uuid":"18646c8b-ad1c-496d-bd7a-35697bdc45f9","local_government_cd":"013315","point_lng":140.102272365,"point_lat":41.431995334}},{"arcs":[[917]],"type":"Polygon","properties":{"polygon_uuid":"55bc2953-3caa-4fe7-b96d-d1c9923fa136","land_type":200,"issue_year":2024,"edit_year":2020,"history":"[{\"筆ポリゴンID\":\"a64479d2-1bba-42c8-91a1-01463c2799e2\",\"更新年度\":2023,\"前年同一\":true},[{\"筆ポリゴンID\":\"3ada245f-563a-4e2c-9303-fd3304233abb\",\"更新年度\":2022,\"前年同一\":true},[{\"筆ポリゴンID\":\"9c7b529d-79fe-4af8-93e2-fc7404f46ab7\",\"更新年度\":2021,\"前年同一\":true},{\"筆ポリゴンID\":\"9c7b529d-79fe-4af8-93e2-fc7404f46ab7\",\"発生年度\":2020}]]]","last_polygon_uuid":"a64479d2-1bba-42c8-91a1-01463c2799e2","prev_last_polygon_uuid":"3ada245f-563a-4e2c-9303-fd3304233abb","local_government_cd":"013315","point_lng":140.033819006,"point_lat":41.461952591}},{"arcs":[[918]],"type":"Polygon","properties":{"polygon_uuid":"e4187eda-911b-41cc-ba6a-df4f6ffd35a2","land_type":200,"issue_year":2024,"edit_year":2020,"history":"[{\"筆ポリゴンID\":\"44003344-3b0f-448f-8067-5492c8f5f0b7\",\"更新年度\":2023,\"前年同一\":true},[{\"筆ポリゴンID\":\"e690dcf8-fdbb-4adb-9c07-1330ff904cc8\",\"更新年度\":2022,\"前年同一\":true},[{\"筆ポリゴンID\":\"05ac6dc7-e75b-4674-b8a7-1be98e0e422b\",\"更新年度\":2021,\"前年同一\":true},{\"筆ポリゴンID\":\"05ac6dc7-e75b-4674-b8a7-1be98e0e422b\",\"発生年度\":2020}]]]","last_polygon_uuid":"44003344-3b0f-448f-8067-5492c8f5f0b7","prev_last_polygon_uuid":"e690dcf8-fdbb-4adb-9c07-1330ff904cc8","local_government_cd":"013315","point_lng":140.107094099,"point_lat":41.433098248}},{"arcs":[[-883,-742,919,920]],"type":"Polygon","properties":{"polygon_uuid":"ea28305c-5421-448b-aabb-df560aa7f829","land_type":200,"issue_year":2024,"edit_year":2020,"history":"[{\"筆ポリゴンID\":\"05a3c47e-fbf8-4844-a75d-daf7a31add39\",\"更新年度\":2023,\"前年同一\":true},[{\"筆ポリゴンID\":\"a03701ba-2429-4e5b-ad89-3de29e55eb23\",\"更新年度\":2022,\"前年同一\":true},[{\"筆ポリゴンID\":\"515529ea-60da-41a7-89ab-3613641b026b\",\"更新年度\":2021,\"前年同一\":true},{\"筆ポリゴンID\":\"515529ea-60da-41a7-89ab-3613641b026b\",\"発生年度\":2020}]]]","last_polygon_uuid":"05a3c47e-fbf8-4844-a75d-daf7a31add39","prev_last_polygon_uuid":"a03701ba-2429-4e5b-ad89-3de29e55eb23","local_government_cd":"013315","point_lng":140.125070797,"point_lat":41.43105829}},{"arcs":[[921]],"type":"Polygon","properties":{"polygon_uuid":"fadc7cbe-ffe1-42fa-8b03-3c6969fd76bb","land_type":200,"issue_year":2024,"edit_year":2020,"history":"[{\"筆ポリゴンID\":\"bb861f2a-7d5d-44bc-b4b6-abd7a2d8afaa\",\"更新年度\":2023,\"前年同一\":true},[{\"筆ポリゴンID\":\"5db7d5cf-4f7b-43fc-af53-0a1568ccb18d\",\"更新年度\":2022,\"前年同一\":true},[{\"筆ポリゴンID\":\"6d3f908f-2eed-49f0-931f-571087cbd7a4\",\"更新年度\":2021,\"前年同一\":true},{\"筆ポリゴンID\":\"6d3f908f-2eed-49f0-931f-571087cbd7a4\",\"発生年度\":2020}]]]","last_polygon_uuid":"bb861f2a-7d5d-44bc-b4b6-abd7a2d8afaa","prev_last_polygon_uuid":"5db7d5cf-4f7b-43fc-af53-0a1568ccb18d","local_government_cd":"013315","point_lng":140.173303638,"point_lat":41.415010104}},{"arcs":[[-868,-662,-905,-921,922,-757,923]],"type":"Polygon","properties":{"polygon_uuid":"5207af89-13e6-4618-863f-651ca2d683c8","land_type":200,"issue_year":2024,"edit_year":2020,"history":"[{\"筆ポリゴンID\":\"8b8d6daf-274a-4c40-bac1-6b237a64d1ca\",\"更新年度\":2023,\"前年同一\":true},[{\"筆ポリゴンID\":\"4a767be7-fd71-4346-95de-3c74d38c263b\",\"更新年度\":2022,\"前年同一\":true},[{\"筆ポリゴンID\":\"5db59696-e491-4022-807d-358aac9b9a01\",\"更新年度\":2021,\"前年同一\":true},{\"筆ポリゴンID\":\"5db59696-e491-4022-807d-358aac9b9a01\",\"発生年度\":2020}]]]","last_polygon_uuid":"8b8d6daf-274a-4c40-bac1-6b237a64d1ca","prev_last_polygon_uuid":"4a767be7-fd71-4346-95de-3c74d38c263b","local_government_cd":"013315","point_lng":140.125321268,"point_lat":41.430920794}},{"arcs":[[924]],"type":"Polygon","properties":{"polygon_uuid":"1314ae93-c7ff-4092-9bc3-c752f45ba0f3","land_type":200,"issue_year":2024,"edit_year":2020,"history":"[{\"筆ポリゴンID\":\"e5b95504-88d3-4409-b788-5862beebf6a6\",\"更新年度\":2023,\"前年同一\":true},[{\"筆ポリゴンID\":\"4c2f6ecf-b1c3-4a14-9bc6-98712e49069b\",\"更新年度\":2022,\"前年同一\":true},[{\"筆ポリゴンID\":\"32f00108-1a28-4a16-84d9-44d6ed1c6152\",\"更新年度\":2021,\"前年同一\":true},{\"筆ポリゴンID\":\"32f00108-1a28-4a16-84d9-44d6ed1c6152\",\"発生年度\":2020}]]]","last_polygon_uuid":"e5b95504-88d3-4409-b788-5862beebf6a6","prev_last_polygon_uuid":"4c2f6ecf-b1c3-4a14-9bc6-98712e49069b","local_government_cd":"013315","point_lng":140.148587648,"point_lat":41.427902109}},{"arcs":[[925,926,927]],"type":"Polygon","properties":{"polygon_uuid":"df5b2ae5-bbc9-4a6e-b123-d1e2eaba4068","land_type":200,"issue_year":2024,"edit_year":2020,"history":"[{\"筆ポリゴンID\":\"00f37b88-f921-411f-bd99-2d4538633b19\",\"更新年度\":2023,\"前年同一\":true},[{\"筆ポリゴンID\":\"378a3f88-1847-4ce8-89e0-50d5e2ca1563\",\"更新年度\":2022,\"前年同一\":true},[{\"筆ポリゴンID\":\"c73e5b93-8b4b-4b9a-8447-895fee00b391\",\"更新年度\":2021,\"前年同一\":true},{\"筆ポリゴンID\":\"c73e5b93-8b4b-4b9a-8447-895fee00b391\",\"発生年度\":2020}]]]","last_polygon_uuid":"00f37b88-f921-411f-bd99-2d4538633b19","prev_last_polygon_uuid":"378a3f88-1847-4ce8-89e0-50d5e2ca1563","local_government_cd":"013315","point_lng":140.121797353,"point_lat":41.430311792}},{"arcs":[[928]],"type":"Polygon","properties":{"polygon_uuid":"bd885b4a-b700-456a-9f08-1ef1eba493ee","land_type":200,"issue_year":2024,"edit_year":2020,"history":"[{\"筆ポリゴンID\":\"da0535de-613e-4967-88c1-6b664e5a4bfb\",\"更新年度\":2023,\"前年同一\":true},[{\"筆ポリゴンID\":\"5deeccb6-a85a-4498-aaf9-22a32feb0546\",\"更新年度\":2022,\"前年同一\":true},[{\"筆ポリゴンID\":\"22bd6399-d5d3-42c1-acb7-09c4a51aa2c7\",\"更新年度\":2021,\"前年同一\":true},{\"筆ポリゴンID\":\"22bd6399-d5d3-42c1-acb7-09c4a51aa2c7\",\"発生年度\":2020}]]]","last_polygon_uuid":"da0535de-613e-4967-88c1-6b664e5a4bfb","prev_last_polygon_uuid":"5deeccb6-a85a-4498-aaf9-22a32feb0546","local_government_cd":"013315","point_lng":140.109406066,"point_lat":41.431367658}},{"arcs":[[929]],"type":"Polygon","properties":{"polygon_uuid":"b0aa425e-3748-424e-98bc-915e801b4199","land_type":200,"issue_year":2024,"edit_year":2020,"history":"[{\"筆ポリゴンID\":\"28784551-d2bb-494e-bf33-3f44412ed64f\",\"更新年度\":2023,\"前年同一\":true},[{\"筆ポリゴンID\":\"8e42a209-dea9-4a45-a508-b17216aa23e3\",\"更新年度\":2022,\"前年同一\":true},[{\"筆ポリゴンID\":\"654c460d-00ac-4d30-bb6b-95b42fae1391\",\"更新年度\":2021,\"前年同一\":true},{\"筆ポリゴンID\":\"654c460d-00ac-4d30-bb6b-95b42fae1391\",\"発生年度\":2020}]]]","last_polygon_uuid":"28784551-d2bb-494e-bf33-3f44412ed64f","prev_last_polygon_uuid":"8e42a209-dea9-4a45-a508-b17216aa23e3","local_government_cd":"013315","point_lng":140.143607042,"point_lat":41.429900689}},{"arcs":[[930,-529,-740,931,-761]],"type":"Polygon","properties":{"polygon_uuid":"a1e535ec-654a-486c-b52d-d6e15ad16944","land_type":200,"issue_year":2024,"edit_year":2020,"history":"[{\"筆ポリゴンID\":\"5a597ad2-c026-49b7-8300-d0690b2a1d0d\",\"更新年度\":2023,\"前年同一\":true},[{\"筆ポリゴンID\":\"3d130b68-d76a-4de9-a6d4-badf788ed1e8\",\"更新年度\":2022,\"前年同一\":true},[{\"筆ポリゴンID\":\"fcaf5c5c-d8b1-4971-9d71-d7959dc80d91\",\"更新年度\":2021,\"前年同一\":true},{\"筆ポリゴンID\":\"fcaf5c5c-d8b1-4971-9d71-d7959dc80d91\",\"発生年度\":2020}]]]","last_polygon_uuid":"5a597ad2-c026-49b7-8300-d0690b2a1d0d","prev_last_polygon_uuid":"3d130b68-d76a-4de9-a6d4-badf788ed1e8","local_government_cd":"013315","point_lng":140.125280164,"point_lat":41.431425462}},{"arcs":[[932]],"type":"Polygon","properties":{"polygon_uuid":"f954df81-d1e6-4da9-bd39-4ba75a44afe5","land_type":200,"issue_year":2024,"edit_year":2020,"history":"[{\"筆ポリゴンID\":\"5b5dcd79-7a44-4b00-a019-f1e1ba95820b\",\"更新年度\":2023,\"前年同一\":true},[{\"筆ポリゴンID\":\"3457a988-bb80-4486-aea2-971b3d6d762f\",\"更新年度\":2022,\"前年同一\":true},[{\"筆ポリゴンID\":\"e6a009df-f052-4e0c-8987-8d35119a50b1\",\"更新年度\":2021,\"前年同一\":true},{\"筆ポリゴンID\":\"e6a009df-f052-4e0c-8987-8d35119a50b1\",\"発生年度\":2020}]]]","last_polygon_uuid":"5b5dcd79-7a44-4b00-a019-f1e1ba95820b","prev_last_polygon_uuid":"3457a988-bb80-4486-aea2-971b3d6d762f","local_government_cd":"013315","point_lng":140.020701714,"point_lat":41.488117436}},{"arcs":[[933,934,-601,-421,-345,-634]],"type":"Polygon","properties":{"polygon_uuid":"74505222-1bb8-4b84-9038-b44a1851cff5","land_type":200,"issue_year":2024,"edit_year":2020,"history":"[{\"筆ポリゴンID\":\"ca521fe7-8853-48d4-abd3-3b633f2f29ce\",\"更新年度\":2023,\"前年同一\":true},[{\"筆ポリゴンID\":\"5193fb7a-e89e-451b-8aac-7f917f737a2f\",\"更新年度\":2022,\"前年同一\":true},[{\"筆ポリゴンID\":\"6a09285c-1a6e-43c9-a0c5-df722ff9315d\",\"更新年度\":2021,\"前年同一\":true},{\"筆ポリゴンID\":\"6a09285c-1a6e-43c9-a0c5-df722ff9315d\",\"発生年度\":2020}]]]","last_polygon_uuid":"ca521fe7-8853-48d4-abd3-3b633f2f29ce","prev_last_polygon_uuid":"5193fb7a-e89e-451b-8aac-7f917f737a2f","local_government_cd":"013315","point_lng":140.123489358,"point_lat":41.43061506}},{"arcs":[[935,-653,-677,-715]],"type":"Polygon","properties":{"polygon_uuid":"46ad2249-36cd-4a09-beb6-4b66a5f89346","land_type":200,"issue_year":2024,"edit_year":2020,"history":"[{\"筆ポリゴンID\":\"4fc5050f-6917-473d-87cc-93719dc4e350\",\"更新年度\":2023,\"前年同一\":true},[{\"筆ポリゴンID\":\"f00828c2-37eb-4dac-a5e9-c0ca230c5d8a\",\"更新年度\":2022,\"前年同一\":true},[{\"筆ポリゴンID\":\"4edd497d-3139-42e3-ab45-308503b7115f\",\"更新年度\":2021,\"前年同一\":true},{\"筆ポリゴンID\":\"4edd497d-3139-42e3-ab45-308503b7115f\",\"発生年度\":2020}]]]","last_polygon_uuid":"4fc5050f-6917-473d-87cc-93719dc4e350","prev_last_polygon_uuid":"f00828c2-37eb-4dac-a5e9-c0ca230c5d8a","local_government_cd":"013315","point_lng":140.125822346,"point_lat":41.431647895}},{"arcs":[[936,937]],"type":"Polygon","properties":{"polygon_uuid":"d329aa08-81b2-4cd6-80e9-aada84f6d2e5","land_type":200,"issue_year":2024,"edit_year":2020,"history":"[{\"筆ポリゴンID\":\"bd5d8a22-015d-4d6d-9bb0-fe4bab51d93d\",\"更新年度\":2023,\"前年同一\":true},[{\"筆ポリゴンID\":\"2774a02a-5519-4a95-9e96-95cf72d2172d\",\"更新年度\":2022,\"前年同一\":true},[{\"筆ポリゴンID\":\"dba9dc58-df49-4aca-91ba-3f35e42f8e5b\",\"更新年度\":2021,\"前年同一\":true},{\"筆ポリゴンID\":\"dba9dc58-df49-4aca-91ba-3f35e42f8e5b\",\"発生年度\":2020}]]]","last_polygon_uuid":"bd5d8a22-015d-4d6d-9bb0-fe4bab51d93d","prev_last_polygon_uuid":"2774a02a-5519-4a95-9e96-95cf72d2172d","local_government_cd":"013315","point_lng":140.092318442,"point_lat":41.426004819}},{"arcs":[[938]],"type":"Polygon","properties":{"polygon_uuid":"898fde80-0e0e-48ac-8b7d-8b2ad4e3298a","land_type":200,"issue_year":2024,"edit_year":2020,"history":"[{\"筆ポリゴンID\":\"eca86509-9ee2-4e28-8fec-af4caf01d9d4\",\"更新年度\":2023,\"前年同一\":true},[{\"筆ポリゴンID\":\"0e87deea-549b-4278-9367-7aa2912b0dbb\",\"更新年度\":2022,\"前年同一\":true},[{\"筆ポリゴンID\":\"3fa2ca39-4d03-4ff8-9af4-7cf6c2c10d60\",\"更新年度\":2021,\"前年同一\":true},{\"筆ポリゴンID\":\"3fa2ca39-4d03-4ff8-9af4-7cf6c2c10d60\",\"発生年度\":2020}]]]","last_polygon_uuid":"eca86509-9ee2-4e28-8fec-af4caf01d9d4","prev_last_polygon_uuid":"0e87deea-549b-4278-9367-7aa2912b0dbb","local_government_cd":"013315","point_lng":140.031498874,"point_lat":41.506535579}},{"arcs":[[939]],"type":"Polygon","properties":{"polygon_uuid":"60557f38-272d-44bf-9c67-96bd7f194cba","land_type":200,"issue_year":2024,"edit_year":2020,"history":"[{\"筆ポリゴンID\":\"2590bec6-07aa-4927-9657-f3cc7f0747b3\",\"更新年度\":2023,\"前年同一\":true},[{\"筆ポリゴンID\":\"d7b9e98a-aaea-4d4a-9d03-d072f9a1386c\",\"更新年度\":2022,\"前年同一\":true},[{\"筆ポリゴンID\":\"a6d2cd3a-a003-40f4-a6bf-4ae10899147a\",\"更新年度\":2021,\"前年同一\":true},{\"筆ポリゴンID\":\"a6d2cd3a-a003-40f4-a6bf-4ae10899147a\",\"発生年度\":2020}]]]","last_polygon_uuid":"2590bec6-07aa-4927-9657-f3cc7f0747b3","prev_last_polygon_uuid":"d7b9e98a-aaea-4d4a-9d03-d072f9a1386c","local_government_cd":"013315","point_lng":140.088916032,"point_lat":41.423392619}},{"arcs":[[940]],"type":"Polygon","properties":{"polygon_uuid":"fb3df54a-0506-4b15-b888-ed0d203891e3","land_type":200,"issue_year":2024,"edit_year":2020,"history":"[{\"筆ポリゴンID\":\"7de9a096-3532-465c-b063-99b693b5e3aa\",\"更新年度\":2023,\"前年同一\":true},[{\"筆ポリゴンID\":\"5f767be4-cf0e-44df-a1c4-f81ed5db3457\",\"更新年度\":2022,\"前年同一\":true},[{\"筆ポリゴンID\":\"765e76d8-7fc1-410d-84ab-2be3f978c243\",\"更新年度\":2021,\"前年同一\":true},{\"筆ポリゴンID\":\"765e76d8-7fc1-410d-84ab-2be3f978c243\",\"発生年度\":2020}]]]","last_polygon_uuid":"7de9a096-3532-465c-b063-99b693b5e3aa","prev_last_polygon_uuid":"5f767be4-cf0e-44df-a1c4-f81ed5db3457","local_government_cd":"013315","point_lng":140.006089678,"point_lat":41.526963217}},{"arcs":[[941]],"type":"Polygon","properties":{"polygon_uuid":"013c3aa5-9e2e-4f3c-93a8-591d580680f1","land_type":200,"issue_year":2024,"edit_year":2020,"history":"[{\"筆ポリゴンID\":\"f96df8c5-5718-422f-9874-531d1c7d1361\",\"更新年度\":2023,\"前年同一\":true},[{\"筆ポリゴンID\":\"ce7c583c-2d4d-492f-a316-7d1350a083b2\",\"更新年度\":2022,\"前年同一\":true},[{\"筆ポリゴンID\":\"92f30c3e-e3fd-4f5d-a6b5-82a7b92c5dab\",\"更新年度\":2021,\"前年同一\":true},{\"筆ポリゴンID\":\"92f30c3e-e3fd-4f5d-a6b5-82a7b92c5dab\",\"発生年度\":2020}]]]","last_polygon_uuid":"f96df8c5-5718-422f-9874-531d1c7d1361","prev_last_polygon_uuid":"ce7c583c-2d4d-492f-a316-7d1350a083b2","local_government_cd":"013315","point_lng":140.131006719,"point_lat":41.433322308}},{"arcs":[[942]],"type":"Polygon","properties":{"polygon_uuid":"422b75d6-951a-498f-a93b-47b827fee13c","land_type":200,"issue_year":2024,"edit_year":2020,"history":"[{\"筆ポリゴンID\":\"62b6ce69-b5e8-4aff-8017-40675055c9fc\",\"更新年度\":2023,\"前年同一\":true},[{\"筆ポリゴンID\":\"5b3de8cf-b127-46be-ad04-d0ba3b341801\",\"更新年度\":2022,\"前年同一\":true},[{\"筆ポリゴンID\":\"1dc114df-8e60-45c6-98a5-44584d1c92aa\",\"更新年度\":2021,\"前年同一\":true},{\"筆ポリゴンID\":\"1dc114df-8e60-45c6-98a5-44584d1c92aa\",\"発生年度\":2020}]]]","last_polygon_uuid":"62b6ce69-b5e8-4aff-8017-40675055c9fc","prev_last_polygon_uuid":"5b3de8cf-b127-46be-ad04-d0ba3b341801","local_government_cd":"013315","point_lng":140.00797798,"point_lat":41.526538599}},{"arcs":[[943]],"type":"Polygon","properties":{"polygon_uuid":"c2abf55a-8885-4619-941a-dacaaf428337","land_type":200,"issue_year":2024,"edit_year":2020,"history":"[{\"筆ポリゴンID\":\"0deaac8b-6bee-4360-b05c-57c8a045497a\",\"更新年度\":2023,\"前年同一\":true},[{\"筆ポリゴンID\":\"edc31d7e-7d6e-493b-88fd-76ac01659065\",\"更新年度\":2022,\"前年同一\":true},[{\"筆ポリゴンID\":\"42df1da8-d9e8-46b2-ab30-a6b12d17f1ba\",\"更新年度\":2021,\"前年同一\":true},{\"筆ポリゴンID\":\"42df1da8-d9e8-46b2-ab30-a6b12d17f1ba\",\"発生年度\":2020}]]]","last_polygon_uuid":"0deaac8b-6bee-4360-b05c-57c8a045497a","prev_last_polygon_uuid":"edc31d7e-7d6e-493b-88fd-76ac01659065","local_government_cd":"013315","point_lng":140.052947771,"point_lat":41.450980731}},{"arcs":[[-157,944]],"type":"Polygon","properties":{"polygon_uuid":"c164ab49-207d-4293-ae54-5fde1ba0b820","land_type":200,"issue_year":2024,"edit_year":2020,"history":"[{\"筆ポリゴンID\":\"01aa118b-aa6c-42e9-91c0-87eaec9a12da\",\"更新年度\":2023,\"前年同一\":true},[{\"筆ポリゴンID\":\"6f51afbf-3fd3-4687-93bc-e4ac3423a036\",\"更新年度\":2022,\"前年同一\":true},[{\"筆ポリゴンID\":\"2173fd8e-f801-41db-a0db-a8ea47b3bd77\",\"更新年度\":2021,\"前年同一\":true},{\"筆ポリゴンID\":\"2173fd8e-f801-41db-a0db-a8ea47b3bd77\",\"発生年度\":2020}]]]","last_polygon_uuid":"01aa118b-aa6c-42e9-91c0-87eaec9a12da","prev_last_polygon_uuid":"6f51afbf-3fd3-4687-93bc-e4ac3423a036","local_government_cd":"013315","point_lng":139.988891048,"point_lat":41.57348576}},{"arcs":[[945]],"type":"Polygon","properties":{"polygon_uuid":"36c57302-166b-4d68-827a-da16e81fca6d","land_type":200,"issue_year":2024,"edit_year":2020,"history":"[{\"筆ポリゴンID\":\"2bb2cd49-8616-403f-b6ae-289aa498b0cc\",\"更新年度\":2023,\"前年同一\":true},[{\"筆ポリゴンID\":\"726c4b66-9844-45fd-9223-7420b112b6d0\",\"更新年度\":2022,\"前年同一\":true},[{\"筆ポリゴンID\":\"40ab39a7-3fdf-41ea-8829-1daa76ace999\",\"更新年度\":2021,\"前年同一\":true},{\"筆ポリゴンID\":\"40ab39a7-3fdf-41ea-8829-1daa76ace999\",\"発生年度\":2020}]]]","last_polygon_uuid":"2bb2cd49-8616-403f-b6ae-289aa498b0cc","prev_last_polygon_uuid":"726c4b66-9844-45fd-9223-7420b112b6d0","local_government_cd":"013315","point_lng":140.003617943,"point_lat":41.527767308}},{"arcs":[[946]],"type":"Polygon","properties":{"polygon_uuid":"4cb2fa04-04e9-4ea4-9e71-3c010060e55a","land_type":200,"issue_year":2024,"edit_year":2020,"history":"[{\"筆ポリゴンID\":\"ef900c31-b8f2-4d61-bd5f-83090a330cc6\",\"更新年度\":2023,\"前年同一\":true},[{\"筆ポリゴンID\":\"9f8e0c27-a6ae-4307-91ca-60d962ae9744\",\"更新年度\":2022,\"前年同一\":true},[{\"筆ポリゴンID\":\"be81d319-0ef8-49ec-8f0d-8b16c0bb3ef2\",\"更新年度\":2021,\"前年同一\":true},{\"筆ポリゴンID\":\"be81d319-0ef8-49ec-8f0d-8b16c0bb3ef2\",\"発生年度\":2020}]]]","last_polygon_uuid":"ef900c31-b8f2-4d61-bd5f-83090a330cc6","prev_last_polygon_uuid":"9f8e0c27-a6ae-4307-91ca-60d962ae9744","local_government_cd":"013315","point_lng":140.049463358,"point_lat":41.454274913}},{"arcs":[[947]],"type":"Polygon","properties":{"polygon_uuid":"56ee6aa0-bd3a-44a5-8fca-aab8816c6eb1","land_type":200,"issue_year":2024,"edit_year":2020,"history":"[{\"筆ポリゴンID\":\"14748a60-4a8b-4f81-b2db-2513159bec7f\",\"更新年度\":2023,\"前年同一\":true},[{\"筆ポリゴンID\":\"037f3369-1a94-419f-bd5e-f76803030ed0\",\"更新年度\":2022,\"前年同一\":true},[{\"筆ポリゴンID\":\"6b085741-7ad9-441e-9e4d-53fe9c33cbd5\",\"更新年度\":2021,\"前年同一\":true},{\"筆ポリゴンID\":\"6b085741-7ad9-441e-9e4d-53fe9c33cbd5\",\"発生年度\":2020}]]]","last_polygon_uuid":"14748a60-4a8b-4f81-b2db-2513159bec7f","prev_last_polygon_uuid":"037f3369-1a94-419f-bd5e-f76803030ed0","local_government_cd":"013315","point_lng":139.985053709,"point_lat":41.606477644}},{"arcs":[[948]],"type":"Polygon","properties":{"polygon_uuid":"1d12f6d7-be08-41f3-944c-dd218c1418be","land_type":200,"issue_year":2024,"edit_year":2020,"history":"[{\"筆ポリゴンID\":\"88cb3a2c-d523-4d46-82ac-532288ef7c66\",\"更新年度\":2023,\"前年同一\":true},[{\"筆ポリゴンID\":\"5678f8d1-8418-478b-9615-f350a607bfad\",\"更新年度\":2022,\"前年同一\":true},[{\"筆ポリゴンID\":\"942c5ba7-5656-4361-b688-1a2189e74cc1\",\"更新年度\":2021,\"前年同一\":true},{\"筆ポリゴンID\":\"942c5ba7-5656-4361-b688-1a2189e74cc1\",\"発生年度\":2020}]]]","last_polygon_uuid":"88cb3a2c-d523-4d46-82ac-532288ef7c66","prev_last_polygon_uuid":"5678f8d1-8418-478b-9615-f350a607bfad","local_government_cd":"013315","point_lng":140.022597753,"point_lat":41.492664301}},{"arcs":[[949]],"type":"Polygon","properties":{"polygon_uuid":"59b5cdd3-0978-4e6f-afbf-7df225c833fb","land_type":200,"issue_year":2024,"edit_year":2020,"history":"[{\"筆ポリゴンID\":\"5bd1741f-7c48-4c18-aba1-879ed942b844\",\"更新年度\":2023,\"前年同一\":true},[{\"筆ポリゴンID\":\"93cca94e-d5e8-44a6-b031-5c59442a02f5\",\"更新年度\":2022,\"前年同一\":true},[{\"筆ポリゴンID\":\"c757a869-c9e2-4bb5-8df6-a912d2798130\",\"更新年度\":2021,\"前年同一\":true},{\"筆ポリゴンID\":\"c757a869-c9e2-4bb5-8df6-a912d2798130\",\"発生年度\":2020}]]]","last_polygon_uuid":"5bd1741f-7c48-4c18-aba1-879ed942b844","prev_last_polygon_uuid":"93cca94e-d5e8-44a6-b031-5c59442a02f5","local_government_cd":"013315","point_lng":140.140716944,"point_lat":41.434084129}},{"arcs":[[950]],"type":"Polygon","properties":{"polygon_uuid":"d0be12b2-9872-4444-ae32-297d8ba27ab3","land_type":200,"issue_year":2024,"edit_year":2020,"history":"[{\"筆ポリゴンID\":\"d03bb2bc-474f-4650-90cb-cdd396fe0108\",\"更新年度\":2023,\"前年同一\":true},[{\"筆ポリゴンID\":\"c2ed7206-fa44-4474-a9d7-b65a574e7789\",\"更新年度\":2022,\"前年同一\":true},[{\"筆ポリゴンID\":\"858c9de2-856a-4ec7-83b9-48c1b6673431\",\"更新年度\":2021,\"前年同一\":true},{\"筆ポリゴンID\":\"858c9de2-856a-4ec7-83b9-48c1b6673431\",\"発生年度\":2020}]]]","last_polygon_uuid":"d03bb2bc-474f-4650-90cb-cdd396fe0108","prev_last_polygon_uuid":"c2ed7206-fa44-4474-a9d7-b65a574e7789","local_government_cd":"013315","point_lng":140.149143823,"point_lat":41.429906116}},{"arcs":[[951]],"type":"Polygon","properties":{"polygon_uuid":"65129e38-9c0f-4d34-80a4-2ddf64cdbf7e","land_type":200,"issue_year":2024,"edit_year":2020,"history":"[{\"筆ポリゴンID\":\"13b494fb-40f3-4666-b8ec-39203f0ec7fe\",\"更新年度\":2023,\"前年同一\":true},[{\"筆ポリゴンID\":\"27bc3bee-c556-4427-b586-8be292b11121\",\"更新年度\":2022,\"前年同一\":true},[{\"筆ポリゴンID\":\"2ea1385c-e42b-4f5a-ad41-0bb76977a2f2\",\"更新年度\":2021,\"前年同一\":true},{\"筆ポリゴンID\":\"2ea1385c-e42b-4f5a-ad41-0bb76977a2f2\",\"発生年度\":2020}]]]","last_polygon_uuid":"13b494fb-40f3-4666-b8ec-39203f0ec7fe","prev_last_polygon_uuid":"27bc3bee-c556-4427-b586-8be292b11121","local_government_cd":"013315","point_lng":140.056523045,"point_lat":41.45855833}},{"arcs":[[952]],"type":"Polygon","properties":{"polygon_uuid":"96f9ed13-e59d-4f49-93e3-846368b476d1","land_type":200,"issue_year":2024,"edit_year":2020,"history":"[{\"筆ポリゴンID\":\"9cbda4d3-8cbb-4f27-b811-4bab66f3bc8f\",\"更新年度\":2023,\"前年同一\":true},[{\"筆ポリゴンID\":\"9d52d4a0-7fb4-4912-8e76-98c473e6e6c3\",\"更新年度\":2022,\"前年同一\":true},[{\"筆ポリゴンID\":\"57efd39d-4489-4dc6-91ac-a393bc34aaf1\",\"更新年度\":2021,\"前年同一\":true},{\"筆ポリゴンID\":\"57efd39d-4489-4dc6-91ac-a393bc34aaf1\",\"発生年度\":2020}]]]","last_polygon_uuid":"9cbda4d3-8cbb-4f27-b811-4bab66f3bc8f","prev_last_polygon_uuid":"9d52d4a0-7fb4-4912-8e76-98c473e6e6c3","local_government_cd":"013315","point_lng":140.01872047,"point_lat":41.505552549}},{"arcs":[[953]],"type":"Polygon","properties":{"polygon_uuid":"09e65a4e-2719-46b7-9dde-d20f36882b38","land_type":200,"issue_year":2024,"edit_year":2020,"history":"[{\"筆ポリゴンID\":\"b980f4bc-63ca-4b00-8781-fdcc20d87d7c\",\"更新年度\":2023,\"前年同一\":true},[{\"筆ポリゴンID\":\"2aea43f6-f60a-4420-a8dd-8ae4ca8aede6\",\"更新年度\":2022,\"前年同一\":true},[{\"筆ポリゴンID\":\"bb5de89f-8958-4f30-804d-570007a0786f\",\"更新年度\":2021,\"前年同一\":true},{\"筆ポリゴンID\":\"bb5de89f-8958-4f30-804d-570007a0786f\",\"発生年度\":2020}]]]","last_polygon_uuid":"b980f4bc-63ca-4b00-8781-fdcc20d87d7c","prev_last_polygon_uuid":"2aea43f6-f60a-4420-a8dd-8ae4ca8aede6","local_government_cd":"013315","point_lng":140.020695473,"point_lat":41.50136995}},{"arcs":[[954]],"type":"Polygon","properties":{"polygon_uuid":"69744274-8475-4a1e-95e5-e891c169a762","land_type":200,"issue_year":2024,"edit_year":2020,"history":"[{\"筆ポリゴンID\":\"22cde038-c87f-4a44-b237-801049c6cd58\",\"更新年度\":2023,\"前年同一\":true},[{\"筆ポリゴンID\":\"e27d129e-ac54-46c5-9ee9-1a30b64e8bb6\",\"更新年度\":2022,\"前年同一\":true},[{\"筆ポリゴンID\":\"3707be92-c2c8-4237-9cb9-7a93bba39646\",\"更新年度\":2021,\"前年同一\":true},{\"筆ポリゴンID\":\"3707be92-c2c8-4237-9cb9-7a93bba39646\",\"発生年度\":2020}]]]","last_polygon_uuid":"22cde038-c87f-4a44-b237-801049c6cd58","prev_last_polygon_uuid":"e27d129e-ac54-46c5-9ee9-1a30b64e8bb6","local_government_cd":"013315","point_lng":140.037412122,"point_lat":41.459855356}},{"arcs":[[955]],"type":"Polygon","properties":{"polygon_uuid":"12da864f-29f3-4fa2-921a-b891121d0ea3","land_type":200,"issue_year":2024,"edit_year":2020,"history":"[{\"筆ポリゴンID\":\"f72c5f94-3d03-4873-a279-1ddc96abc120\",\"更新年度\":2023,\"前年同一\":true},[{\"筆ポリゴンID\":\"bf232a9c-f58c-435e-bb31-f986cf7050af\",\"更新年度\":2022,\"前年同一\":true},[{\"筆ポリゴンID\":\"0b65ba76-1fca-4852-a957-3a037d264e28\",\"更新年度\":2021,\"前年同一\":true},{\"筆ポリゴンID\":\"0b65ba76-1fca-4852-a957-3a037d264e28\",\"発生年度\":2020}]]]","last_polygon_uuid":"f72c5f94-3d03-4873-a279-1ddc96abc120","prev_last_polygon_uuid":"bf232a9c-f58c-435e-bb31-f986cf7050af","local_government_cd":"013315","point_lng":140.02404243,"point_lat":41.498373423}},{"arcs":[[956]],"type":"Polygon","properties":{"polygon_uuid":"cecc82c6-2ca0-4a01-9896-0b5a01143dac","land_type":200,"issue_year":2024,"edit_year":2020,"history":"[{\"筆ポリゴンID\":\"e89b288a-92fb-4350-b1eb-d85aa7fe91f7\",\"更新年度\":2023,\"前年同一\":true},[{\"筆ポリゴンID\":\"953e908e-9fc5-4438-9734-1a35c0842d59\",\"更新年度\":2022,\"前年同一\":true},[{\"筆ポリゴンID\":\"e9ade7ed-1695-4ea3-a0c7-c35e5dd05f1d\",\"更新年度\":2021,\"前年同一\":true},{\"筆ポリゴンID\":\"e9ade7ed-1695-4ea3-a0c7-c35e5dd05f1d\",\"発生年度\":2020}]]]","last_polygon_uuid":"e89b288a-92fb-4350-b1eb-d85aa7fe91f7","prev_last_polygon_uuid":"953e908e-9fc5-4438-9734-1a35c0842d59","local_government_cd":"013315","point_lng":139.985633773,"point_lat":41.561995982}},{"arcs":[[957]],"type":"Polygon","properties":{"polygon_uuid":"bfea2877-3c35-4793-bcc9-4ac33d59f81d","land_type":200,"issue_year":2024,"edit_year":2020,"history":"[{\"筆ポリゴンID\":\"f250ce7c-00e6-40c4-88f6-e8999d24c4f6\",\"更新年度\":2023,\"前年同一\":true},[{\"筆ポリゴンID\":\"cb9e2867-ca68-4dff-80df-b55571a811de\",\"更新年度\":2022,\"前年同一\":true},[{\"筆ポリゴンID\":\"17c029bb-6d52-48d3-a3f3-b7891f85b606\",\"更新年度\":2021,\"前年同一\":true},{\"筆ポリゴンID\":\"17c029bb-6d52-48d3-a3f3-b7891f85b606\",\"発生年度\":2020}]]]","last_polygon_uuid":"f250ce7c-00e6-40c4-88f6-e8999d24c4f6","prev_last_polygon_uuid":"cb9e2867-ca68-4dff-80df-b55571a811de","local_government_cd":"013315","point_lng":140.055461412,"point_lat":41.445375708}},{"arcs":[[958]],"type":"Polygon","properties":{"polygon_uuid":"841bfc18-ad3a-4c75-aae6-7fe6a55f33fc","land_type":200,"issue_year":2024,"edit_year":2020,"history":"[{\"筆ポリゴンID\":\"ece8b8a0-b6dc-40c1-8dc0-4aa3c1294ceb\",\"更新年度\":2023,\"前年同一\":true},[{\"筆ポリゴンID\":\"82f5f8be-cd71-47d5-bc37-6ff04261a8a3\",\"更新年度\":2022,\"前年同一\":true},[{\"筆ポリゴンID\":\"8cb32cda-0c97-4ea8-8dde-75fedf612362\",\"更新年度\":2021,\"前年同一\":true},{\"筆ポリゴンID\":\"8cb32cda-0c97-4ea8-8dde-75fedf612362\",\"発生年度\":2020}]]]","last_polygon_uuid":"ece8b8a0-b6dc-40c1-8dc0-4aa3c1294ceb","prev_last_polygon_uuid":"82f5f8be-cd71-47d5-bc37-6ff04261a8a3","local_government_cd":"013315","point_lng":140.098165971,"point_lat":41.432790754}},{"arcs":[[959]],"type":"Polygon","properties":{"polygon_uuid":"5f8e701b-8d13-479d-9287-fce3c9ca3161","land_type":200,"issue_year":2024,"edit_year":2020,"history":"[{\"筆ポリゴンID\":\"30a8e57e-595b-4ec4-bca8-3a541a5faf44\",\"更新年度\":2023,\"前年同一\":true},[{\"筆ポリゴンID\":\"317bdaff-5b57-446b-aff2-c047ebba6364\",\"更新年度\":2022,\"前年同一\":true},[{\"筆ポリゴンID\":\"ee2298e9-c299-4a6c-98c7-71f860aa4e73\",\"更新年度\":2021,\"前年同一\":true},{\"筆ポリゴンID\":\"ee2298e9-c299-4a6c-98c7-71f860aa4e73\",\"発生年度\":2020}]]]","last_polygon_uuid":"30a8e57e-595b-4ec4-bca8-3a541a5faf44","prev_last_polygon_uuid":"317bdaff-5b57-446b-aff2-c047ebba6364","local_government_cd":"013315","point_lng":140.039627939,"point_lat":41.452362143}},{"arcs":[[960]],"type":"Polygon","properties":{"polygon_uuid":"00e4a54e-1516-4e61-ad16-3851939499fe","land_type":200,"issue_year":2024,"edit_year":2020,"history":"[{\"筆ポリゴンID\":\"ae061f5c-e125-40bb-aa1b-8547097e28a1\",\"更新年度\":2023,\"前年同一\":true},[{\"筆ポリゴンID\":\"2fb1245d-ff25-4685-9d38-e0477211c81d\",\"更新年度\":2022,\"前年同一\":true},[{\"筆ポリゴンID\":\"9c8cc2a7-853d-4206-9a32-a4ea1df40bf5\",\"更新年度\":2021,\"前年同一\":true},{\"筆ポリゴンID\":\"9c8cc2a7-853d-4206-9a32-a4ea1df40bf5\",\"発生年度\":2020}]]]","last_polygon_uuid":"ae061f5c-e125-40bb-aa1b-8547097e28a1","prev_last_polygon_uuid":"2fb1245d-ff25-4685-9d38-e0477211c81d","local_government_cd":"013315","point_lng":139.989261034,"point_lat":41.574360126}},{"arcs":[[-88,961]],"type":"Polygon","properties":{"polygon_uuid":"2a79f0b4-24c8-468e-9575-9f33fda93ede","land_type":200,"issue_year":2024,"edit_year":2020,"history":"[{\"筆ポリゴンID\":\"3e328dc8-aac6-4b67-a930-43dfa14cfad2\",\"更新年度\":2023,\"前年同一\":true},[{\"筆ポリゴンID\":\"775d5ac6-6818-4f64-b7cd-6013e8d6e910\",\"更新年度\":2022,\"前年同一\":true},[{\"筆ポリゴンID\":\"e9971bff-ec68-4181-9272-812d54660d18\",\"更新年度\":2021,\"前年同一\":true},{\"筆ポリゴンID\":\"e9971bff-ec68-4181-9272-812d54660d18\",\"発生年度\":2020}]]]","last_polygon_uuid":"3e328dc8-aac6-4b67-a930-43dfa14cfad2","prev_last_polygon_uuid":"775d5ac6-6818-4f64-b7cd-6013e8d6e910","local_government_cd":"013315","point_lng":139.98865888,"point_lat":41.572161519}},{"arcs":[[962]],"type":"Polygon","properties":{"polygon_uuid":"9c37a678-f699-4d69-9ef5-b51a8d7c240b","land_type":200,"issue_year":2024,"edit_year":2020,"history":"[{\"筆ポリゴンID\":\"c3f75d56-f5ea-4067-886c-dc9946766ce9\",\"更新年度\":2023,\"前年同一\":true},[{\"筆ポリゴンID\":\"a93ce6c5-93f4-45c6-9758-852fd0206764\",\"更新年度\":2022,\"前年同一\":true},[{\"筆ポリゴンID\":\"d674bb39-0ba6-4e1a-b142-6a7dd8158d14\",\"更新年度\":2021,\"前年同一\":true},{\"筆ポリゴンID\":\"d674bb39-0ba6-4e1a-b142-6a7dd8158d14\",\"発生年度\":2020}]]]","last_polygon_uuid":"c3f75d56-f5ea-4067-886c-dc9946766ce9","prev_last_polygon_uuid":"a93ce6c5-93f4-45c6-9758-852fd0206764","local_government_cd":"013315","point_lng":140.057526956,"point_lat":41.444229451}},{"arcs":[[963]],"type":"Polygon","properties":{"polygon_uuid":"60e01c12-68cf-4f09-97dd-20eb7619e40e","land_type":200,"issue_year":2024,"edit_year":2020,"history":"[{\"筆ポリゴンID\":\"4dc7d464-160c-482a-8621-a443a0c91a97\",\"更新年度\":2023,\"前年同一\":true},[{\"筆ポリゴンID\":\"6ad4ca65-fd61-4888-a986-75b3fdf33652\",\"更新年度\":2022,\"前年同一\":true},[{\"筆ポリゴンID\":\"2e15a35c-fb5b-4216-ba85-f634b724ca6b\",\"更新年度\":2021,\"前年同一\":true},{\"筆ポリゴンID\":\"2e15a35c-fb5b-4216-ba85-f634b724ca6b\",\"発生年度\":2020}]]]","last_polygon_uuid":"4dc7d464-160c-482a-8621-a443a0c91a97","prev_last_polygon_uuid":"6ad4ca65-fd61-4888-a986-75b3fdf33652","local_government_cd":"013315","point_lng":139.987742089,"point_lat":41.563352892}},{"arcs":[[964]],"type":"Polygon","properties":{"polygon_uuid":"6183fca6-de7b-4302-b5d7-57e4cebdd892","land_type":200,"issue_year":2024,"edit_year":2020,"history":"[{\"筆ポリゴンID\":\"4e54e3a0-b9f8-409f-b656-a3eb0bbd00af\",\"更新年度\":2023,\"前年同一\":true},[{\"筆ポリゴンID\":\"5ae338a5-aa52-4801-b649-0ff39235d15f\",\"更新年度\":2022,\"前年同一\":true},[{\"筆ポリゴンID\":\"76b3a6ce-c646-4d3d-b8a5-e75415314c61\",\"更新年度\":2021,\"前年同一\":true},{\"筆ポリゴンID\":\"76b3a6ce-c646-4d3d-b8a5-e75415314c61\",\"発生年度\":2020}]]]","last_polygon_uuid":"4e54e3a0-b9f8-409f-b656-a3eb0bbd00af","prev_last_polygon_uuid":"5ae338a5-aa52-4801-b649-0ff39235d15f","local_government_cd":"013315","point_lng":140.040380105,"point_lat":41.461177122}},{"arcs":[[965]],"type":"Polygon","properties":{"polygon_uuid":"bd25f7a7-ec8f-4108-80fd-9220fafb278c","land_type":200,"issue_year":2024,"edit_year":2020,"history":"[{\"筆ポリゴンID\":\"e602292e-5dd5-441b-8817-c5adb513d82b\",\"更新年度\":2023,\"前年同一\":true},[{\"筆ポリゴンID\":\"efa8badb-489a-4ad8-bcf3-c810ad176c2e\",\"更新年度\":2022,\"前年同一\":true},[{\"筆ポリゴンID\":\"99dc4c71-4302-43e1-81d7-5fe20d163d58\",\"更新年度\":2021,\"前年同一\":true},{\"筆ポリゴンID\":\"99dc4c71-4302-43e1-81d7-5fe20d163d58\",\"発生年度\":2020}]]]","last_polygon_uuid":"e602292e-5dd5-441b-8817-c5adb513d82b","prev_last_polygon_uuid":"efa8badb-489a-4ad8-bcf3-c810ad176c2e","local_government_cd":"013315","point_lng":140.040469011,"point_lat":41.454967202}},{"arcs":[[966]],"type":"Polygon","properties":{"polygon_uuid":"4c5202de-de92-4c75-b39b-6610575558e0","land_type":200,"issue_year":2024,"edit_year":2020,"history":"[{\"筆ポリゴンID\":\"4631b53a-b926-4222-bc64-fe2a9e81f225\",\"更新年度\":2023,\"前年同一\":true},[{\"筆ポリゴンID\":\"83f1a6d7-b880-42e5-87e5-e944a0eee222\",\"更新年度\":2022,\"前年同一\":true},[{\"筆ポリゴンID\":\"7d49e28a-20f8-4181-bba5-09b6dd64fa82\",\"更新年度\":2021,\"前年同一\":true},{\"筆ポリゴンID\":\"7d49e28a-20f8-4181-bba5-09b6dd64fa82\",\"発生年度\":2020}]]]","last_polygon_uuid":"4631b53a-b926-4222-bc64-fe2a9e81f225","prev_last_polygon_uuid":"83f1a6d7-b880-42e5-87e5-e944a0eee222","local_government_cd":"013315","point_lng":139.999581809,"point_lat":41.542442216}},{"arcs":[[967]],"type":"Polygon","properties":{"polygon_uuid":"2030f99a-d18f-477c-90a1-41417c109efb","land_type":200,"issue_year":2024,"edit_year":2020,"history":"[{\"筆ポリゴンID\":\"4629e72f-af79-4f8f-9047-b58aa8501b87\",\"更新年度\":2023,\"前年同一\":true},[{\"筆ポリゴンID\":\"26295af1-b9c5-4b66-adbb-1d7327e1dc89\",\"更新年度\":2022,\"前年同一\":true},[{\"筆ポリゴンID\":\"d8aa0ff7-07f7-433d-808f-43a8cfaf5500\",\"更新年度\":2021,\"前年同一\":true},{\"筆ポリゴンID\":\"d8aa0ff7-07f7-433d-808f-43a8cfaf5500\",\"発生年度\":2020}]]]","last_polygon_uuid":"4629e72f-af79-4f8f-9047-b58aa8501b87","prev_last_polygon_uuid":"26295af1-b9c5-4b66-adbb-1d7327e1dc89","local_government_cd":"013315","point_lng":140.060839754,"point_lat":41.441012389}},{"arcs":[[968]],"type":"Polygon","properties":{"polygon_uuid":"90a38d5a-23fe-43d6-81e5-d75a84953d22","land_type":200,"issue_year":2024,"edit_year":2020,"history":"[{\"筆ポリゴンID\":\"6ce85cd7-96ec-4f94-b364-2ed952ae8d6b\",\"更新年度\":2023,\"前年同一\":true},[{\"筆ポリゴンID\":\"7c306d5a-12ff-4bc7-b791-3eb6eff6e46b\",\"更新年度\":2022,\"前年同一\":true},[{\"筆ポリゴンID\":\"5d4d33b7-ee44-4d10-92c6-d78c3f0b6175\",\"更新年度\":2021,\"前年同一\":true},{\"筆ポリゴンID\":\"5d4d33b7-ee44-4d10-92c6-d78c3f0b6175\",\"発生年度\":2020}]]]","last_polygon_uuid":"6ce85cd7-96ec-4f94-b364-2ed952ae8d6b","prev_last_polygon_uuid":"7c306d5a-12ff-4bc7-b791-3eb6eff6e46b","local_government_cd":"013315","point_lng":139.990682471,"point_lat":41.551094118}},{"arcs":[[969]],"type":"Polygon","properties":{"polygon_uuid":"293c3797-c93f-4b68-b373-31e3c952d59d","land_type":200,"issue_year":2024,"edit_year":2020,"history":"[{\"筆ポリゴンID\":\"a54700f1-62f5-4a12-908e-de5372c5b554\",\"更新年度\":2023,\"前年同一\":true},[{\"筆ポリゴンID\":\"b7f8a0eb-1f92-4577-9d37-bf427f425dfa\",\"更新年度\":2022,\"前年同一\":true},[{\"筆ポリゴンID\":\"3c8b9a74-1689-4a4b-b179-22ba40305ce7\",\"更新年度\":2021,\"前年同一\":true},{\"筆ポリゴンID\":\"3c8b9a74-1689-4a4b-b179-22ba40305ce7\",\"発生年度\":2020}]]]","last_polygon_uuid":"a54700f1-62f5-4a12-908e-de5372c5b554","prev_last_polygon_uuid":"b7f8a0eb-1f92-4577-9d37-bf427f425dfa","local_government_cd":"013315","point_lng":140.117012189,"point_lat":41.429802752}},{"arcs":[[-489,970],[971],[972]],"type":"Polygon","properties":{"polygon_uuid":"d84c94d2-aafe-4004-b328-0f34f401036f","land_type":200,"issue_year":2024,"edit_year":2020,"history":"[{\"筆ポリゴンID\":\"c3e0c02c-a8e1-4f25-a2d7-9a91c36cb046\",\"更新年度\":2023,\"前年同一\":true},[{\"筆ポリゴンID\":\"67572569-cad2-4357-83f7-557de4b32553\",\"更新年度\":2022,\"前年同一\":true},[{\"筆ポリゴンID\":\"0759f390-5822-4e97-8632-fbe2952d959e\",\"更新年度\":2021,\"前年同一\":true},{\"筆ポリゴンID\":\"0759f390-5822-4e97-8632-fbe2952d959e\",\"発生年度\":2020}]]]","last_polygon_uuid":"c3e0c02c-a8e1-4f25-a2d7-9a91c36cb046","prev_last_polygon_uuid":"67572569-cad2-4357-83f7-557de4b32553","local_government_cd":"013315","point_lng":140.087681075,"point_lat":41.423187423}},{"arcs":[[973]],"type":"Polygon","properties":{"polygon_uuid":"c8b31e04-3922-488b-b034-77d017c478f0","land_type":200,"issue_year":2024,"edit_year":2020,"history":"[{\"筆ポリゴンID\":\"867694a5-d338-4e87-a0fd-339749de6e14\",\"更新年度\":2023,\"前年同一\":true},[{\"筆ポリゴンID\":\"9dd439b4-70b1-414a-abad-a1fbe3345df4\",\"更新年度\":2022,\"前年同一\":true},[{\"筆ポリゴンID\":\"819787da-1506-4306-a6aa-0ddfe9ae30a5\",\"更新年度\":2021,\"前年同一\":true},{\"筆ポリゴンID\":\"819787da-1506-4306-a6aa-0ddfe9ae30a5\",\"発生年度\":2020}]]]","last_polygon_uuid":"867694a5-d338-4e87-a0fd-339749de6e14","prev_last_polygon_uuid":"9dd439b4-70b1-414a-abad-a1fbe3345df4","local_government_cd":"013315","point_lng":140.118501618,"point_lat":41.430705325}},{"arcs":[[974,-193,975,-164]],"type":"Polygon","properties":{"polygon_uuid":"b849d425-0d1e-41bc-8ea7-53826449e756","land_type":200,"issue_year":2024,"edit_year":2020,"history":"[{\"筆ポリゴンID\":\"9dde6feb-a23a-4461-9f14-8d3f7aec92c8\",\"更新年度\":2023,\"前年同一\":true},[{\"筆ポリゴンID\":\"f7169c8e-bb6e-45dd-84c7-c035961b36ce\",\"更新年度\":2022,\"前年同一\":true},[{\"筆ポリゴンID\":\"44f2ac2a-cf8d-4af7-8742-bc16debe11f3\",\"更新年度\":2021,\"前年同一\":true},{\"筆ポリゴンID\":\"44f2ac2a-cf8d-4af7-8742-bc16debe11f3\",\"発生年度\":2020}]]]","last_polygon_uuid":"9dde6feb-a23a-4461-9f14-8d3f7aec92c8","prev_last_polygon_uuid":"f7169c8e-bb6e-45dd-84c7-c035961b36ce","local_government_cd":"013315","point_lng":140.046870366,"point_lat":41.467041714}},{"arcs":[[976]],"type":"Polygon","properties":{"polygon_uuid":"dbd97ef6-456a-4ab0-9566-8988a9db072e","land_type":200,"issue_year":2024,"edit_year":2020,"history":"[{\"筆ポリゴンID\":\"fd1908c3-5497-4fd5-8f83-124bf608b251\",\"更新年度\":2023,\"前年同一\":true},[{\"筆ポリゴンID\":\"70dbe387-051f-43c2-ab29-6ee3ec16b5dc\",\"更新年度\":2022,\"前年同一\":true},[{\"筆ポリゴンID\":\"8bbfc426-4fb5-48d9-baeb-60fe30c73e85\",\"更新年度\":2021,\"前年同一\":true},{\"筆ポリゴンID\":\"8bbfc426-4fb5-48d9-baeb-60fe30c73e85\",\"発生年度\":2020}]]]","last_polygon_uuid":"fd1908c3-5497-4fd5-8f83-124bf608b251","prev_last_polygon_uuid":"70dbe387-051f-43c2-ab29-6ee3ec16b5dc","local_government_cd":"013315","point_lng":140.026088665,"point_lat":41.494643243}},{"arcs":[[977]],"type":"Polygon","properties":{"polygon_uuid":"d45a5770-359a-489f-af48-97dff85fe7cf","land_type":200,"issue_year":2024,"edit_year":2020,"history":"[{\"筆ポリゴンID\":\"70f8a86a-4dda-4c79-94ae-583e736bd59a\",\"更新年度\":2023,\"前年同一\":true},[{\"筆ポリゴンID\":\"7af4e01a-1302-44f7-8307-d77e8cf6760e\",\"更新年度\":2022,\"前年同一\":true},[{\"筆ポリゴンID\":\"4d488419-7f2d-45b1-ba4f-92908c8101e3\",\"更新年度\":2021,\"前年同一\":true},{\"筆ポリゴンID\":\"4d488419-7f2d-45b1-ba4f-92908c8101e3\",\"発生年度\":2020}]]]","last_polygon_uuid":"70f8a86a-4dda-4c79-94ae-583e736bd59a","prev_last_polygon_uuid":"7af4e01a-1302-44f7-8307-d77e8cf6760e","local_government_cd":"013315","point_lng":140.053334684,"point_lat":41.452816929}},{"arcs":[[-322,-205,978]],"type":"Polygon","properties":{"polygon_uuid":"d0fbc827-a091-4b3e-82c1-1c93c8921059","land_type":200,"issue_year":2024,"edit_year":2020,"history":"[{\"筆ポリゴンID\":\"ff2c099a-3052-40a2-8ea0-a2ccee6adf78\",\"更新年度\":2023,\"前年同一\":true},[{\"筆ポリゴンID\":\"7011048a-5690-418c-aa40-237514c40b0f\",\"更新年度\":2022,\"前年同一\":true},[{\"筆ポリゴンID\":\"b23e9a72-86e9-412e-a0a6-5c6809c1c275\",\"更新年度\":2021,\"前年同一\":true},{\"筆ポリゴンID\":\"b23e9a72-86e9-412e-a0a6-5c6809c1c275\",\"発生年度\":2020}]]]","last_polygon_uuid":"ff2c099a-3052-40a2-8ea0-a2ccee6adf78","prev_last_polygon_uuid":"7011048a-5690-418c-aa40-237514c40b0f","local_government_cd":"013315","point_lng":139.986476661,"point_lat":41.601994033}},{"arcs":[[979]],"type":"Polygon","properties":{"polygon_uuid":"de478496-e965-495d-a051-4cd0fcaae13a","land_type":200,"issue_year":2024,"edit_year":2020,"history":"[{\"筆ポリゴンID\":\"f2b9cd9c-8d3e-4b04-a6f5-c57f550114a4\",\"更新年度\":2023,\"前年同一\":true},[{\"筆ポリゴンID\":\"ae557765-28c8-4fe6-b9b5-0c92b73f24f0\",\"更新年度\":2022,\"前年同一\":true},[{\"筆ポリゴンID\":\"3d858381-c458-41f4-b493-ee98ca6ecf66\",\"更新年度\":2021,\"前年同一\":true},{\"筆ポリゴンID\":\"3d858381-c458-41f4-b493-ee98ca6ecf66\",\"発生年度\":2020}]]]","last_polygon_uuid":"f2b9cd9c-8d3e-4b04-a6f5-c57f550114a4","prev_last_polygon_uuid":"ae557765-28c8-4fe6-b9b5-0c92b73f24f0","local_government_cd":"013315","point_lng":140.055123022,"point_lat":41.458514457}},{"arcs":[[980]],"type":"Polygon","properties":{"polygon_uuid":"8b40eb2a-b89a-4cda-8837-f96d78b1f608","land_type":200,"issue_year":2024,"edit_year":2020,"history":"[{\"筆ポリゴンID\":\"4e11cb77-427a-4920-929f-f8aba22ebaa0\",\"更新年度\":2023,\"前年同一\":true},[{\"筆ポリゴンID\":\"945ae5ef-f627-45f5-8655-45105e3840c6\",\"更新年度\":2022,\"前年同一\":true},[{\"筆ポリゴンID\":\"adbbc24b-9d57-49f5-9dac-faf66f227f42\",\"更新年度\":2021,\"前年同一\":true},{\"筆ポリゴンID\":\"adbbc24b-9d57-49f5-9dac-faf66f227f42\",\"発生年度\":2020}]]]","last_polygon_uuid":"4e11cb77-427a-4920-929f-f8aba22ebaa0","prev_last_polygon_uuid":"945ae5ef-f627-45f5-8655-45105e3840c6","local_government_cd":"013315","point_lng":140.18016219,"point_lat":41.408065157}},{"arcs":[[981]],"type":"Polygon","properties":{"polygon_uuid":"67bffe0f-b30a-4ee6-808b-83b06ce8d6c3","land_type":200,"issue_year":2024,"edit_year":2020,"history":"[{\"筆ポリゴンID\":\"9b5eaf26-1b3f-43db-94ef-e9e09935ee97\",\"更新年度\":2023,\"前年同一\":true},[{\"筆ポリゴンID\":\"d5f27143-bec9-4328-8603-c64dedf6cda9\",\"更新年度\":2022,\"前年同一\":true},[{\"筆ポリゴンID\":\"d73f0c96-6dab-46ab-ba11-ef3e8ff90ea2\",\"更新年度\":2021,\"前年同一\":true},{\"筆ポリゴンID\":\"d73f0c96-6dab-46ab-ba11-ef3e8ff90ea2\",\"発生年度\":2020}]]]","last_polygon_uuid":"9b5eaf26-1b3f-43db-94ef-e9e09935ee97","prev_last_polygon_uuid":"d5f27143-bec9-4328-8603-c64dedf6cda9","local_government_cd":"013315","point_lng":139.986793783,"point_lat":41.60777851}},{"arcs":[[982]],"type":"Polygon","properties":{"polygon_uuid":"e2244582-30c6-45ef-aecb-9ff55efeaf84","land_type":200,"issue_year":2024,"edit_year":2020,"history":"[{\"筆ポリゴンID\":\"24fc09ac-7870-445d-9634-adfb6bea8614\",\"更新年度\":2023,\"前年同一\":true},[{\"筆ポリゴンID\":\"9050b1a1-309d-4713-a113-e341434fefc7\",\"更新年度\":2022,\"前年同一\":true},[{\"筆ポリゴンID\":\"d6c00aa0-524a-445b-8a08-c2bac61e6cea\",\"更新年度\":2021,\"前年同一\":true},{\"筆ポリゴンID\":\"d6c00aa0-524a-445b-8a08-c2bac61e6cea\",\"発生年度\":2020}]]]","last_polygon_uuid":"24fc09ac-7870-445d-9634-adfb6bea8614","prev_last_polygon_uuid":"9050b1a1-309d-4713-a113-e341434fefc7","local_government_cd":"013315","point_lng":140.021796926,"point_lat":41.498223848}},{"arcs":[[983]],"type":"Polygon","properties":{"polygon_uuid":"63770078-4c5a-43d8-ad05-ee357230c0d9","land_type":200,"issue_year":2024,"edit_year":2020,"history":"[{\"筆ポリゴンID\":\"70e3bc35-df32-4b12-938c-0e580a770b1c\",\"更新年度\":2023,\"前年同一\":true},[{\"筆ポリゴンID\":\"9ddae9f4-11db-4fec-93ac-9a1dda6edcdf\",\"更新年度\":2022,\"前年同一\":true},[{\"筆ポリゴンID\":\"8ca22e9d-a44e-4e61-a246-c79ba5ab3373\",\"更新年度\":2021,\"前年同一\":true},{\"筆ポリゴンID\":\"8ca22e9d-a44e-4e61-a246-c79ba5ab3373\",\"発生年度\":2020}]]]","last_polygon_uuid":"70e3bc35-df32-4b12-938c-0e580a770b1c","prev_last_polygon_uuid":"9ddae9f4-11db-4fec-93ac-9a1dda6edcdf","local_government_cd":"013315","point_lng":140.002603499,"point_lat":41.539568643}},{"arcs":[[984]],"type":"Polygon","properties":{"polygon_uuid":"759a10a5-0d8e-4808-8a7f-de048a0b2301","land_type":200,"issue_year":2024,"edit_year":2020,"history":"[{\"筆ポリゴンID\":\"a613466e-494b-48d6-82fc-87e6738c3ab4\",\"更新年度\":2023,\"前年同一\":true},[{\"筆ポリゴンID\":\"59fc1b16-8583-4035-b9e0-b1a624a11e69\",\"更新年度\":2022,\"前年同一\":true},[{\"筆ポリゴンID\":\"40b9bd10-7331-4f57-aa7f-9f40b4f19fea\",\"更新年度\":2021,\"前年同一\":true},{\"筆ポリゴンID\":\"40b9bd10-7331-4f57-aa7f-9f40b4f19fea\",\"発生年度\":2020}]]]","last_polygon_uuid":"a613466e-494b-48d6-82fc-87e6738c3ab4","prev_last_polygon_uuid":"59fc1b16-8583-4035-b9e0-b1a624a11e69","local_government_cd":"013315","point_lng":140.057125084,"point_lat":41.454879884}},{"arcs":[[985]],"type":"Polygon","properties":{"polygon_uuid":"1b71dd99-3769-474d-99b0-6f318b290502","land_type":200,"issue_year":2024,"edit_year":2020,"history":"[{\"筆ポリゴンID\":\"0d198016-4d27-4e26-bfbe-ef87eb367bc7\",\"更新年度\":2023,\"前年同一\":true},[{\"筆ポリゴンID\":\"9968c1b3-3607-40ee-afe4-688d911eff14\",\"更新年度\":2022,\"前年同一\":true},[{\"筆ポリゴンID\":\"15c0fbfe-7884-4384-9bd3-cbce13d1fc7b\",\"更新年度\":2021,\"前年同一\":true},{\"筆ポリゴンID\":\"15c0fbfe-7884-4384-9bd3-cbce13d1fc7b\",\"発生年度\":2020}]]]","last_polygon_uuid":"0d198016-4d27-4e26-bfbe-ef87eb367bc7","prev_last_polygon_uuid":"9968c1b3-3607-40ee-afe4-688d911eff14","local_government_cd":"013315","point_lng":140.079234396,"point_lat":41.433132995}},{"arcs":[[986]],"type":"Polygon","properties":{"polygon_uuid":"82fa2ac0-1fa2-43c1-b2c7-2619ddc04f14","land_type":200,"issue_year":2024,"edit_year":2020,"history":"[{\"筆ポリゴンID\":\"c2e85ee4-828a-44a1-9ccb-1868d98ee11d\",\"更新年度\":2023,\"前年同一\":true},[{\"筆ポリゴンID\":\"b3d7294c-5360-47eb-9e67-c15df78fbd6f\",\"更新年度\":2022,\"前年同一\":true},[{\"筆ポリゴンID\":\"1210e74a-5f14-426d-8473-857b13d80def\",\"更新年度\":2021,\"前年同一\":true},{\"筆ポリゴンID\":\"1210e74a-5f14-426d-8473-857b13d80def\",\"発生年度\":2020}]]]","last_polygon_uuid":"c2e85ee4-828a-44a1-9ccb-1868d98ee11d","prev_last_polygon_uuid":"b3d7294c-5360-47eb-9e67-c15df78fbd6f","local_government_cd":"013315","point_lng":140.002166561,"point_lat":41.534663253}},{"arcs":[[987]],"type":"Polygon","properties":{"polygon_uuid":"8c20fac3-d69f-4c31-b6d6-4e1675fd4cf0","land_type":200,"issue_year":2024,"edit_year":2020,"history":"[{\"筆ポリゴンID\":\"d03a172e-8774-4977-bd34-037bd7bab279\",\"更新年度\":2023,\"前年同一\":true},[{\"筆ポリゴンID\":\"d3afba77-418f-4f9e-bf1d-53b2f902eb20\",\"更新年度\":2022,\"前年同一\":true},[{\"筆ポリゴンID\":\"e7584cbc-2705-44c9-84f5-0b07be97debd\",\"更新年度\":2021,\"前年同一\":true},{\"筆ポリゴンID\":\"e7584cbc-2705-44c9-84f5-0b07be97debd\",\"発生年度\":2020}]]]","last_polygon_uuid":"d03a172e-8774-4977-bd34-037bd7bab279","prev_last_polygon_uuid":"d3afba77-418f-4f9e-bf1d-53b2f902eb20","local_government_cd":"013315","point_lng":140.044522352,"point_lat":41.469600812}},{"arcs":[[988]],"type":"Polygon","properties":{"polygon_uuid":"5d6c11db-001f-49dd-a000-a97b5a6db692","land_type":200,"issue_year":2024,"edit_year":2020,"history":"[{\"筆ポリゴンID\":\"2e3c2b55-db98-4cfc-8c60-bf63b3a58689\",\"更新年度\":2023,\"前年同一\":true},[{\"筆ポリゴンID\":\"c25e8671-e706-4470-9092-da8e0581c34d\",\"更新年度\":2022,\"前年同一\":true},[{\"筆ポリゴンID\":\"38098729-043d-40f1-a675-ae28a76b2b7f\",\"更新年度\":2021,\"前年同一\":true},{\"筆ポリゴンID\":\"38098729-043d-40f1-a675-ae28a76b2b7f\",\"発生年度\":2020}]]]","last_polygon_uuid":"2e3c2b55-db98-4cfc-8c60-bf63b3a58689","prev_last_polygon_uuid":"c25e8671-e706-4470-9092-da8e0581c34d","local_government_cd":"013315","point_lng":140.140531875,"point_lat":41.451067516}},{"arcs":[[989]],"type":"Polygon","properties":{"polygon_uuid":"ef141a54-bebc-46ad-9072-bb9d746f37bd","land_type":200,"issue_year":2024,"edit_year":2020,"history":"[{\"筆ポリゴンID\":\"2250405d-f429-48fb-8ff8-b16dc9d3d81a\",\"更新年度\":2023,\"前年同一\":true},[{\"筆ポリゴンID\":\"c31749cc-af35-4458-bdf5-db0f4b4c1a3a\",\"更新年度\":2022,\"前年同一\":true},[{\"筆ポリゴンID\":\"94d1a584-c52e-4ebf-bb22-870a48984f30\",\"更新年度\":2021,\"前年同一\":true},{\"筆ポリゴンID\":\"94d1a584-c52e-4ebf-bb22-870a48984f30\",\"発生年度\":2020}]]]","last_polygon_uuid":"2250405d-f429-48fb-8ff8-b16dc9d3d81a","prev_last_polygon_uuid":"c31749cc-af35-4458-bdf5-db0f4b4c1a3a","local_government_cd":"013315","point_lng":140.058609425,"point_lat":41.454592963}},{"arcs":[[990]],"type":"Polygon","properties":{"polygon_uuid":"c832d9b5-276b-4a2e-9e41-eeee2cce6a57","land_type":200,"issue_year":2024,"edit_year":2020,"history":"[{\"筆ポリゴンID\":\"df670390-20c0-4425-a344-4642ab8e46e1\",\"更新年度\":2023,\"前年同一\":true},[{\"筆ポリゴンID\":\"3c68ee4f-5bf1-4750-abc1-d4dfc0a07830\",\"更新年度\":2022,\"前年同一\":true},[{\"筆ポリゴンID\":\"86ab939e-2d31-4caa-b323-053ff5d99d09\",\"更新年度\":2021,\"前年同一\":true},{\"筆ポリゴンID\":\"86ab939e-2d31-4caa-b323-053ff5d99d09\",\"発生年度\":2020}]]]","last_polygon_uuid":"df670390-20c0-4425-a344-4642ab8e46e1","prev_last_polygon_uuid":"3c68ee4f-5bf1-4750-abc1-d4dfc0a07830","local_government_cd":"013315","point_lng":140.141459524,"point_lat":41.453680693}},{"arcs":[[991]],"type":"Polygon","properties":{"polygon_uuid":"be211c7a-5046-4e9c-b095-3d53de584424","land_type":200,"issue_year":2024,"edit_year":2020,"history":"[{\"筆ポリゴンID\":\"1ceb536a-e738-4f44-b634-a9c247d7a70e\",\"更新年度\":2023,\"前年同一\":true},[{\"筆ポリゴンID\":\"d874c2fb-109a-43c2-b212-af17685928f8\",\"更新年度\":2022,\"前年同一\":true},[{\"筆ポリゴンID\":\"49572cf5-4f4c-4c00-a9b5-1467704636bb\",\"更新年度\":2021,\"前年同一\":true},{\"筆ポリゴンID\":\"49572cf5-4f4c-4c00-a9b5-1467704636bb\",\"発生年度\":2020}]]]","last_polygon_uuid":"1ceb536a-e738-4f44-b634-a9c247d7a70e","prev_last_polygon_uuid":"d874c2fb-109a-43c2-b212-af17685928f8","local_government_cd":"013315","point_lng":140.02176155,"point_lat":41.50411284}},{"arcs":[[992]],"type":"Polygon","properties":{"polygon_uuid":"d72b579a-6846-4379-9a70-f1b0ef781fdf","land_type":200,"issue_year":2024,"edit_year":2020,"history":"[{\"筆ポリゴンID\":\"ee3c90a7-892a-4623-b0c8-63a8e68ef737\",\"更新年度\":2023,\"前年同一\":true},[{\"筆ポリゴンID\":\"aa844e1f-3f81-41c4-a98c-416f666ae3f0\",\"更新年度\":2022,\"前年同一\":true},[{\"筆ポリゴンID\":\"465efd8d-9415-48e4-aec2-75448b0408c4\",\"更新年度\":2021,\"前年同一\":true},{\"筆ポリゴンID\":\"465efd8d-9415-48e4-aec2-75448b0408c4\",\"発生年度\":2020}]]]","last_polygon_uuid":"ee3c90a7-892a-4623-b0c8-63a8e68ef737","prev_last_polygon_uuid":"aa844e1f-3f81-41c4-a98c-416f666ae3f0","local_government_cd":"013315","point_lng":140.025553142,"point_lat":41.482569761}},{"arcs":[[993]],"type":"Polygon","properties":{"polygon_uuid":"6891332f-a2e3-4713-af52-4eb9a664a73c","land_type":200,"issue_year":2024,"edit_year":2020,"history":"[{\"筆ポリゴンID\":\"ca1ae4ce-0301-4321-9b48-9abfc6b758ad\",\"更新年度\":2023,\"前年同一\":true},[{\"筆ポリゴンID\":\"9803078e-4a26-46ab-81c5-20efab651d5f\",\"更新年度\":2022,\"前年同一\":true},[{\"筆ポリゴンID\":\"0a48e155-5f4a-4a66-9eae-eed52228c3db\",\"更新年度\":2021,\"前年同一\":true},{\"筆ポリゴンID\":\"0a48e155-5f4a-4a66-9eae-eed52228c3db\",\"発生年度\":2020}]]]","last_polygon_uuid":"ca1ae4ce-0301-4321-9b48-9abfc6b758ad","prev_last_polygon_uuid":"9803078e-4a26-46ab-81c5-20efab651d5f","local_government_cd":"013315","point_lng":139.998230481,"point_lat":41.546475114}},{"arcs":[[-232,-576,-844,994,-831,995]],"type":"Polygon","properties":{"polygon_uuid":"be12635e-7759-4c2b-a58c-661a56b008a8","land_type":200,"issue_year":2024,"edit_year":2020,"history":"[{\"筆ポリゴンID\":\"d8bbf797-ed77-4f81-98c0-218cd8deee56\",\"更新年度\":2023,\"前年同一\":true},[{\"筆ポリゴンID\":\"36a2b090-f8ad-4d14-8ad5-eb3541e6a0a0\",\"更新年度\":2022,\"前年同一\":true},[{\"筆ポリゴンID\":\"e5e19853-f911-4821-815c-6b6c63f6f897\",\"更新年度\":2021,\"前年同一\":true},{\"筆ポリゴンID\":\"e5e19853-f911-4821-815c-6b6c63f6f897\",\"発生年度\":2020}]]]","last_polygon_uuid":"d8bbf797-ed77-4f81-98c0-218cd8deee56","prev_last_polygon_uuid":"36a2b090-f8ad-4d14-8ad5-eb3541e6a0a0","local_government_cd":"013315","point_lng":140.005854791,"point_lat":41.522702424}},{"arcs":[[996,-71,-140]],"type":"Polygon","properties":{"polygon_uuid":"b8c694c8-6b02-4c8f-872d-3c5a1713cdd3","land_type":200,"issue_year":2024,"edit_year":2020,"history":"[{\"筆ポリゴンID\":\"aee8af25-7b3b-41bd-9a59-a8073d14217f\",\"更新年度\":2023,\"前年同一\":true},[{\"筆ポリゴンID\":\"04ac05f4-7a27-4b10-b2db-aae7d090566b\",\"更新年度\":2022,\"前年同一\":true},[{\"筆ポリゴンID\":\"b375e030-2d49-480e-acfc-713c6bbd0f56\",\"更新年度\":2021,\"前年同一\":true},{\"筆ポリゴンID\":\"b375e030-2d49-480e-acfc-713c6bbd0f56\",\"発生年度\":2020}]]]","last_polygon_uuid":"aee8af25-7b3b-41bd-9a59-a8073d14217f","prev_last_polygon_uuid":"04ac05f4-7a27-4b10-b2db-aae7d090566b","local_government_cd":"013315","point_lng":140.008769,"point_lat":41.524739803}},{"arcs":[[997]],"type":"Polygon","properties":{"polygon_uuid":"1a922773-14f5-4157-bc55-10f7a2b3acb8","land_type":200,"issue_year":2024,"edit_year":2020,"history":"[{\"筆ポリゴンID\":\"a0b1e44d-0358-4513-a122-f6d0da397a24\",\"更新年度\":2023,\"前年同一\":true},[{\"筆ポリゴンID\":\"0235c639-31a8-4469-a5f9-2a2244be5401\",\"更新年度\":2022,\"前年同一\":true},[{\"筆ポリゴンID\":\"dd267bb3-0d96-4d0f-9cd8-135e8cd4e39a\",\"更新年度\":2021,\"前年同一\":true},{\"筆ポリゴンID\":\"dd267bb3-0d96-4d0f-9cd8-135e8cd4e39a\",\"発生年度\":2020}]]]","last_polygon_uuid":"a0b1e44d-0358-4513-a122-f6d0da397a24","prev_last_polygon_uuid":"0235c639-31a8-4469-a5f9-2a2244be5401","local_government_cd":"013315","point_lng":140.103191914,"point_lat":41.430672555}},{"arcs":[[998]],"type":"Polygon","properties":{"polygon_uuid":"5a5513d7-ce9a-4271-a92c-c00450aa406b","land_type":200,"issue_year":2024,"edit_year":2021,"history":"[{\"筆ポリゴンID\":\"3c208ba5-6775-42df-8e3c-53e2b0373937\",\"更新年度\":2023,\"前年同一\":true},[{\"筆ポリゴンID\":\"ba28d951-bfd4-42bb-9e76-5bd811be48c2\",\"更新年度\":2022,\"前年同一\":true},[{\"筆ポリゴンID\":\"c9429d1f-e794-4ab1-9805-03c093c20c66\",\"更新年度\":2021,\"関連\":true},{\"筆ポリゴンID\":\"c9429d1f-e794-4ab1-9805-03c093c20c66\",\"発生年度\":2020}]]]","last_polygon_uuid":"3c208ba5-6775-42df-8e3c-53e2b0373937","prev_last_polygon_uuid":"ba28d951-bfd4-42bb-9e76-5bd811be48c2","local_government_cd":"013315","point_lng":140.115893179,"point_lat":41.430976549}},{"arcs":[[999]],"type":"Polygon","properties":{"polygon_uuid":"87252e5c-4127-4fa1-8cd8-c04062f39b63","land_type":200,"issue_year":2024,"edit_year":2021,"history":"[{\"筆ポリゴンID\":\"60e2d990-c84c-4526-9d10-c6f8c6f2a535\",\"更新年度\":2023,\"前年同一\":true},[{\"筆ポリゴンID\":\"49a7a6ed-fe7d-4cf6-9fa0-e8989204b179\",\"更新年度\":2022,\"前年同一\":true},[{\"筆ポリゴンID\":\"ad2234f4-5693-4181-8eb6-88b4d1ad141b\",\"更新年度\":2021,\"関連\":true},{\"筆ポリゴンID\":\"ad2234f4-5693-4181-8eb6-88b4d1ad141b\",\"発生年度\":2020}]]]","last_polygon_uuid":"60e2d990-c84c-4526-9d10-c6f8c6f2a535","prev_last_polygon_uuid":"49a7a6ed-fe7d-4cf6-9fa0-e8989204b179","local_government_cd":"013315","point_lng":139.9911475,"point_lat":41.549265532}},{"arcs":[[1000]],"type":"Polygon","properties":{"polygon_uuid":"6e8e3403-5040-45f4-abf2-de8bc744fed8","land_type":200,"issue_year":2024,"edit_year":2021,"history":"[{\"筆ポリゴンID\":\"2ac93b19-76de-4924-9464-7866b07325d5\",\"更新年度\":2023,\"前年同一\":true},[{\"筆ポリゴンID\":\"2354f964-1f10-402b-bf2f-91295af2203b\",\"更新年度\":2022,\"前年同一\":true},[{\"筆ポリゴンID\":\"f089bc30-2e37-469c-8c85-b0e75ecfcc1b\",\"更新年度\":2021,\"関連\":true},{\"筆ポリゴンID\":\"f089bc30-2e37-469c-8c85-b0e75ecfcc1b\",\"発生年度\":2020}]]]","last_polygon_uuid":"2ac93b19-76de-4924-9464-7866b07325d5","prev_last_polygon_uuid":"2354f964-1f10-402b-bf2f-91295af2203b","local_government_cd":"013315","point_lng":139.988690692,"point_lat":41.554061126}},{"arcs":[[1001]],"type":"Polygon","properties":{"polygon_uuid":"ac6c8db8-0e14-4b7a-baea-8bb55f610769","land_type":200,"issue_year":2024,"edit_year":2021,"history":"[{\"筆ポリゴンID\":\"edc2ce05-edbf-4433-b18b-ded125fda1f1\",\"更新年度\":2023,\"前年同一\":true},[{\"筆ポリゴンID\":\"6b6ae1f6-6476-4315-8f7a-b77fd9c9aadb\",\"更新年度\":2022,\"前年同一\":true},[{\"筆ポリゴンID\":\"65dd8e45-0366-4893-b99e-0f3167070f08\",\"更新年度\":2021,\"関連\":true},{\"筆ポリゴンID\":\"65dd8e45-0366-4893-b99e-0f3167070f08\",\"発生年度\":2020}]]]","last_polygon_uuid":"edc2ce05-edbf-4433-b18b-ded125fda1f1","prev_last_polygon_uuid":"6b6ae1f6-6476-4315-8f7a-b77fd9c9aadb","local_government_cd":"013315","point_lng":140.177986441,"point_lat":41.408442821}},{"arcs":[[1002]],"type":"Polygon","properties":{"polygon_uuid":"86c1fa89-b37a-4235-834f-bb55c1e3f87d","land_type":200,"issue_year":2024,"edit_year":2021,"history":"[{\"筆ポリゴンID\":\"ed4ce488-ee98-4998-abed-2b1a8677c390\",\"更新年度\":2023,\"前年同一\":true},[{\"筆ポリゴンID\":\"9058485e-ba2f-4cd6-a8f3-786fb57ddeea\",\"更新年度\":2022,\"前年同一\":true},[{\"筆ポリゴンID\":\"81d8e0aa-09b9-4446-b3b3-ac23d24ba457\",\"更新年度\":2021,\"関連\":true},{\"筆ポリゴンID\":\"81d8e0aa-09b9-4446-b3b3-ac23d24ba457\",\"発生年度\":2020}]]]","last_polygon_uuid":"ed4ce488-ee98-4998-abed-2b1a8677c390","prev_last_polygon_uuid":"9058485e-ba2f-4cd6-a8f3-786fb57ddeea","local_government_cd":"013315","point_lng":140.13012817,"point_lat":41.4325162}},{"arcs":[[1003]],"type":"Polygon","properties":{"polygon_uuid":"e07aea62-01c9-4c1d-bee0-6b942c4bef8c","land_type":200,"issue_year":2024,"edit_year":2021,"history":"[{\"筆ポリゴンID\":\"2fbba1f6-b70d-4ae3-a8f9-52079d107745\",\"更新年度\":2023,\"前年同一\":true},[{\"筆ポリゴンID\":\"d04bcf67-5252-4adf-8458-4d5d30b56c3a\",\"更新年度\":2022,\"前年同一\":true},[{\"筆ポリゴンID\":\"ce41f604-48b8-4d55-87a0-605c3cf1573c\",\"更新年度\":2021,\"関連\":true},{\"筆ポリゴンID\":\"ce41f604-48b8-4d55-87a0-605c3cf1573c\",\"発生年度\":2020}]]]","last_polygon_uuid":"2fbba1f6-b70d-4ae3-a8f9-52079d107745","prev_last_polygon_uuid":"d04bcf67-5252-4adf-8458-4d5d30b56c3a","local_government_cd":"013315","point_lng":139.994376144,"point_lat":41.544499906}},{"arcs":[[1004]],"type":"Polygon","properties":{"polygon_uuid":"a1cf0f85-0d57-4a9a-a382-49bcca0baa31","land_type":200,"issue_year":2024,"edit_year":2021,"history":"[{\"筆ポリゴンID\":\"3a47bb00-ba40-4c19-8f7c-dae362e53eea\",\"更新年度\":2023,\"前年同一\":true},[{\"筆ポリゴンID\":\"60b79092-4dea-42fb-8e03-6a1b11251cd9\",\"更新年度\":2022,\"前年同一\":true},[{\"筆ポリゴンID\":\"38084890-bf95-4c3a-9d42-0c1f0fe2b88f\",\"更新年度\":2021,\"関連\":true},{\"筆ポリゴンID\":\"38084890-bf95-4c3a-9d42-0c1f0fe2b88f\",\"発生年度\":2020}]]]","last_polygon_uuid":"3a47bb00-ba40-4c19-8f7c-dae362e53eea","prev_last_polygon_uuid":"60b79092-4dea-42fb-8e03-6a1b11251cd9","local_government_cd":"013315","point_lng":139.995675121,"point_lat":41.54289188}},{"arcs":[[1005]],"type":"Polygon","properties":{"polygon_uuid":"e4c2244f-a3ad-4262-a66f-8c58c4e012a4","land_type":200,"issue_year":2024,"edit_year":2021,"history":"[{\"筆ポリゴンID\":\"e84a239b-dfb0-482b-bff3-9856dc152dcb\",\"更新年度\":2023,\"前年同一\":true},[{\"筆ポリゴンID\":\"ae1ff313-a945-4511-a05d-6c9a8a2c7d1d\",\"更新年度\":2022,\"前年同一\":true},[{\"筆ポリゴンID\":\"dc7db77c-ba75-420b-8d90-45000d1c11b4\",\"更新年度\":2021,\"関連\":true},{\"筆ポリゴンID\":\"dc7db77c-ba75-420b-8d90-45000d1c11b4\",\"発生年度\":2020}]]]","last_polygon_uuid":"e84a239b-dfb0-482b-bff3-9856dc152dcb","prev_last_polygon_uuid":"ae1ff313-a945-4511-a05d-6c9a8a2c7d1d","local_government_cd":"013315","point_lng":140.015076871,"point_lat":41.503339388}},{"arcs":[[-825,1006,-53,1007]],"type":"Polygon","properties":{"polygon_uuid":"f1d8caf5-4a80-4898-ba6e-82c0570d616a","land_type":200,"issue_year":2024,"edit_year":2021,"history":"[{\"筆ポリゴンID\":\"3411b8c5-8446-4e83-86ee-a9c8831eaac7\",\"更新年度\":2023,\"前年同一\":true},[{\"筆ポリゴンID\":\"c43dae05-526d-4403-ae2c-6d0c5de1b66d\",\"更新年度\":2022,\"前年同一\":true},{\"筆ポリゴンID\":\"c43dae05-526d-4403-ae2c-6d0c5de1b66d\",\"発生年度\":2021}]]","last_polygon_uuid":"3411b8c5-8446-4e83-86ee-a9c8831eaac7","prev_last_polygon_uuid":"c43dae05-526d-4403-ae2c-6d0c5de1b66d","local_government_cd":"013315","point_lng":139.995358364,"point_lat":41.549769145}},{"arcs":[[-176,1008]],"type":"Polygon","properties":{"polygon_uuid":"fa16a8e7-7daa-43d3-a283-fd49b42d3409","land_type":200,"issue_year":2024,"edit_year":2021,"history":"[{\"筆ポリゴンID\":\"5b773d32-7b02-4f69-a392-8ae66dfdc39e\",\"更新年度\":2023,\"前年同一\":true},[{\"筆ポリゴンID\":\"27ea1fec-d35b-4a96-9b86-ae9200da6628\",\"更新年度\":2022,\"前年同一\":true},[{\"筆ポリゴンID\":\"f5dd3644-74eb-4a85-bc85-c93bf54a55be\",\"更新年度\":2021,\"関連\":true},{\"筆ポリゴンID\":\"f5dd3644-74eb-4a85-bc85-c93bf54a55be\",\"発生年度\":2020}]]]","last_polygon_uuid":"5b773d32-7b02-4f69-a392-8ae66dfdc39e","prev_last_polygon_uuid":"27ea1fec-d35b-4a96-9b86-ae9200da6628","local_government_cd":"013315","point_lng":140.057433395,"point_lat":41.442526876}},{"arcs":[[1009]],"type":"Polygon","properties":{"polygon_uuid":"892b72cc-b48c-468a-a179-77e212513aa9","land_type":200,"issue_year":2024,"edit_year":2021,"history":"[{\"筆ポリゴンID\":\"1cfc7fb2-62e7-466a-877f-7166d41ba30f\",\"更新年度\":2023,\"前年同一\":true},[{\"筆ポリゴンID\":\"03c8b4bc-433f-48d2-ab25-0d823490f90e\",\"更新年度\":2022,\"前年同一\":true},[{\"筆ポリゴンID\":\"bfd00de2-4300-4838-8b1a-7dc114e6fda8\",\"更新年度\":2021,\"関連\":true},{\"筆ポリゴンID\":\"bfd00de2-4300-4838-8b1a-7dc114e6fda8\",\"発生年度\":2020}]]]","last_polygon_uuid":"1cfc7fb2-62e7-466a-877f-7166d41ba30f","prev_last_polygon_uuid":"03c8b4bc-433f-48d2-ab25-0d823490f90e","local_government_cd":"013315","point_lng":140.017089325,"point_lat":41.490651759}},{"arcs":[[1010]],"type":"Polygon","properties":{"polygon_uuid":"579f869e-dcad-4fc5-90a0-0fbb7b7d8480","land_type":200,"issue_year":2024,"edit_year":2021,"history":"[{\"筆ポリゴンID\":\"7a552ceb-7c4f-4034-b47b-da885e35df7e\",\"更新年度\":2023,\"前年同一\":true},[{\"筆ポリゴンID\":\"22538b74-95cf-4a8e-b574-c9c99ec913b8\",\"更新年度\":2022,\"前年同一\":true},[{\"筆ポリゴンID\":\"24d80034-2a67-4c34-a836-80ed3e77960a\",\"更新年度\":2021,\"関連\":true},{\"筆ポリゴンID\":\"24d80034-2a67-4c34-a836-80ed3e77960a\",\"発生年度\":2020}]]]","last_polygon_uuid":"7a552ceb-7c4f-4034-b47b-da885e35df7e","prev_last_polygon_uuid":"22538b74-95cf-4a8e-b574-c9c99ec913b8","local_government_cd":"013315","point_lng":140.043245703,"point_lat":41.468205179}},{"arcs":[[1011]],"type":"Polygon","properties":{"polygon_uuid":"5a290b0b-45eb-4456-a950-b39f325021ca","land_type":200,"issue_year":2024,"edit_year":2021,"history":"[{\"筆ポリゴンID\":\"61f6d1f9-d610-4921-8722-0c4580a1deb6\",\"更新年度\":2023,\"前年同一\":true},[{\"筆ポリゴンID\":\"1855a2ee-244d-48cd-9142-089f0deed5b1\",\"更新年度\":2022,\"前年同一\":true},[{\"筆ポリゴンID\":\"ea32684a-63ad-482b-bb74-87514ea8153c\",\"更新年度\":2021,\"関連\":true},{\"筆ポリゴンID\":\"ea32684a-63ad-482b-bb74-87514ea8153c\",\"発生年度\":2020}]]]","last_polygon_uuid":"61f6d1f9-d610-4921-8722-0c4580a1deb6","prev_last_polygon_uuid":"1855a2ee-244d-48cd-9142-089f0deed5b1","local_government_cd":"013315","point_lng":140.028244816,"point_lat":41.475909103}},{"arcs":[[1012]],"type":"Polygon","properties":{"polygon_uuid":"9cac9c98-37a0-486b-8b56-0dffa1e9bd50","land_type":200,"issue_year":2024,"edit_year":2021,"history":"[{\"筆ポリゴンID\":\"26c157aa-53b5-425f-bf98-009bdc3027fe\",\"更新年度\":2023,\"前年同一\":true},[{\"筆ポリゴンID\":\"6adee39e-c560-482e-9474-4e9a28ec8ebb\",\"更新年度\":2022,\"前年同一\":true},[{\"筆ポリゴンID\":\"dc7db77c-ba75-420b-8d90-45000d1c11b4\",\"更新年度\":2021,\"関連\":true},{\"筆ポリゴンID\":\"dc7db77c-ba75-420b-8d90-45000d1c11b4\",\"発生年度\":2020}]]]","last_polygon_uuid":"26c157aa-53b5-425f-bf98-009bdc3027fe","prev_last_polygon_uuid":"6adee39e-c560-482e-9474-4e9a28ec8ebb","local_government_cd":"013315","point_lng":140.015017231,"point_lat":41.503642868}},{"arcs":[[1013]],"type":"Polygon","properties":{"polygon_uuid":"b7cac534-c0e8-4641-a0fb-b15e95023839","land_type":200,"issue_year":2024,"edit_year":2021,"history":"[{\"筆ポリゴンID\":\"d578f83e-8a9e-4703-947f-8f5bcf92f1ea\",\"更新年度\":2023,\"前年同一\":true},[{\"筆ポリゴンID\":\"4bc0b0b1-2ee7-4c0d-bdef-119ff52dd0b7\",\"更新年度\":2022,\"前年同一\":true},[{\"筆ポリゴンID\":\"24d80034-2a67-4c34-a836-80ed3e77960a\",\"更新年度\":2021,\"関連\":true},{\"筆ポリゴンID\":\"24d80034-2a67-4c34-a836-80ed3e77960a\",\"発生年度\":2020}]]]","last_polygon_uuid":"d578f83e-8a9e-4703-947f-8f5bcf92f1ea","prev_last_polygon_uuid":"4bc0b0b1-2ee7-4c0d-bdef-119ff52dd0b7","local_government_cd":"013315","point_lng":140.039612437,"point_lat":41.467510861}},{"arcs":[[1014]],"type":"Polygon","properties":{"polygon_uuid":"2995b421-a215-463f-962a-670532b5b034","land_type":200,"issue_year":2024,"edit_year":2021,"history":"[{\"筆ポリゴンID\":\"3a290a7c-8a89-41ff-985b-8ee1169f0114\",\"更新年度\":2023,\"前年同一\":true},[{\"筆ポリゴンID\":\"b0b6c3d6-e6f7-4db3-a67f-33972a95642a\",\"更新年度\":2022,\"前年同一\":true},[{\"筆ポリゴンID\":\"5e8306cd-7ba4-4077-829c-9a48c1cecc43\",\"更新年度\":2021,\"関連\":true},{\"筆ポリゴンID\":\"5e8306cd-7ba4-4077-829c-9a48c1cecc43\",\"発生年度\":2020}]]]","last_polygon_uuid":"3a290a7c-8a89-41ff-985b-8ee1169f0114","prev_last_polygon_uuid":"b0b6c3d6-e6f7-4db3-a67f-33972a95642a","local_government_cd":"013315","point_lng":140.017342052,"point_lat":41.506100611}},{"arcs":[[1015]],"type":"Polygon","properties":{"polygon_uuid":"d3146a4c-6f59-40d8-8bc8-1763b3ca11d9","land_type":200,"issue_year":2024,"edit_year":2021,"history":"[{\"筆ポリゴンID\":\"426fca0f-3a27-4826-b5aa-f3a2ca4b714a\",\"更新年度\":2023,\"前年同一\":true},[{\"筆ポリゴンID\":\"e549eeef-bb85-4066-9fb4-2d0a7d4c04d7\",\"更新年度\":2022,\"前年同一\":true},[{\"筆ポリゴンID\":\"2903c207-966c-453a-a4b1-ef63c93bf4e8\",\"更新年度\":2021,\"関連\":true},{\"筆ポリゴンID\":\"2903c207-966c-453a-a4b1-ef63c93bf4e8\",\"発生年度\":2020}]]]","last_polygon_uuid":"426fca0f-3a27-4826-b5aa-f3a2ca4b714a","prev_last_polygon_uuid":"e549eeef-bb85-4066-9fb4-2d0a7d4c04d7","local_government_cd":"013315","point_lng":140.179782039,"point_lat":41.407272401}},{"arcs":[[1016]],"type":"Polygon","properties":{"polygon_uuid":"97d305fe-8d30-474b-9fda-075911f3c847","land_type":200,"issue_year":2024,"edit_year":2021,"history":"[{\"筆ポリゴンID\":\"0be2142d-d763-4b12-b141-e720e3e87a7f\",\"更新年度\":2023,\"前年同一\":true},[{\"筆ポリゴンID\":\"2849b6b8-1fb6-4c24-a277-5c334a33c14f\",\"更新年度\":2022,\"前年同一\":true},[{\"筆ポリゴンID\":\"4ad41ee7-7f22-4bb9-8e47-6afee86528bf\",\"更新年度\":2021,\"関連\":true},{\"筆ポリゴンID\":\"4ad41ee7-7f22-4bb9-8e47-6afee86528bf\",\"発生年度\":2020}]]]","last_polygon_uuid":"0be2142d-d763-4b12-b141-e720e3e87a7f","prev_last_polygon_uuid":"2849b6b8-1fb6-4c24-a277-5c334a33c14f","local_government_cd":"013315","point_lng":140.178264043,"point_lat":41.408156646}},{"arcs":[[1017,1018]],"type":"Polygon","properties":{"polygon_uuid":"c8f3934f-f0d5-4944-814b-c7e86f3fac7c","land_type":200,"issue_year":2024,"edit_year":2021,"history":"[{\"筆ポリゴンID\":\"3abeb80f-8bcd-4a56-881f-7817cbc86a4c\",\"更新年度\":2023,\"前年同一\":true},[{\"筆ポリゴンID\":\"c0f45344-3d1a-4c7b-85de-46cce0d55bee\",\"更新年度\":2022,\"前年同一\":true},[{\"筆ポリゴンID\":\"fac6031c-8321-4ed2-b124-286285b8b4f6\",\"更新年度\":2021,\"関連\":true},{\"筆ポリゴンID\":\"fac6031c-8321-4ed2-b124-286285b8b4f6\",\"発生年度\":2020}]]]","last_polygon_uuid":"3abeb80f-8bcd-4a56-881f-7817cbc86a4c","prev_last_polygon_uuid":"c0f45344-3d1a-4c7b-85de-46cce0d55bee","local_government_cd":"013315","point_lng":140.106894825,"point_lat":41.43431359}},{"arcs":[[1019]],"type":"Polygon","properties":{"polygon_uuid":"6a6c06d8-f80f-4650-9fe2-00179123ffc9","land_type":200,"issue_year":2024,"edit_year":2021,"history":"[{\"筆ポリゴンID\":\"3c1fbb54-7c11-41a2-bb6d-006d4168e173\",\"更新年度\":2023,\"前年同一\":true},[{\"筆ポリゴンID\":\"de3c0980-6586-4710-b11f-e9790db7115d\",\"更新年度\":2022,\"前年同一\":true},[{\"筆ポリゴンID\":\"188024c9-9089-4eec-931f-633118879a31\",\"更新年度\":2021,\"関連\":true},{\"筆ポリゴンID\":\"188024c9-9089-4eec-931f-633118879a31\",\"発生年度\":2020}]]]","last_polygon_uuid":"3c1fbb54-7c11-41a2-bb6d-006d4168e173","prev_last_polygon_uuid":"de3c0980-6586-4710-b11f-e9790db7115d","local_government_cd":"013315","point_lng":140.039870562,"point_lat":41.451476871}},{"arcs":[[1020]],"type":"Polygon","properties":{"polygon_uuid":"f813f957-f5f1-4417-b289-f2fead531e3a","land_type":200,"issue_year":2024,"edit_year":2021,"history":"[{\"筆ポリゴンID\":\"d8dcfae3-0b82-4ed9-ae1a-000b36063303\",\"更新年度\":2023,\"前年同一\":true},[{\"筆ポリゴンID\":\"14ce2e29-7700-467f-bb1e-6d430c2a9d36\",\"更新年度\":2022,\"前年同一\":true},[{\"筆ポリゴンID\":\"df116211-c71d-4ad7-90bd-2467d4b9d5eb\",\"更新年度\":2021,\"関連\":true},{\"筆ポリゴンID\":\"df116211-c71d-4ad7-90bd-2467d4b9d5eb\",\"発生年度\":2020}]]]","last_polygon_uuid":"d8dcfae3-0b82-4ed9-ae1a-000b36063303","prev_last_polygon_uuid":"14ce2e29-7700-467f-bb1e-6d430c2a9d36","local_government_cd":"013315","point_lng":140.042624946,"point_lat":41.452089305}},{"arcs":[[1021,-1018]],"type":"Polygon","properties":{"polygon_uuid":"bee8b848-cad8-415d-8721-39c3536b88fe","land_type":200,"issue_year":2024,"edit_year":2021,"history":"[{\"筆ポリゴンID\":\"3b3c3c6e-f2fc-4ce9-a251-1e4ffce141fa\",\"更新年度\":2023,\"前年同一\":true},[{\"筆ポリゴンID\":\"79f449cd-d4d8-42b0-b2e3-01f87ccc2c8d\",\"更新年度\":2022,\"前年同一\":true},[{\"筆ポリゴンID\":\"fac6031c-8321-4ed2-b124-286285b8b4f6\",\"更新年度\":2021,\"関連\":true},{\"筆ポリゴンID\":\"fac6031c-8321-4ed2-b124-286285b8b4f6\",\"発生年度\":2020}]]]","last_polygon_uuid":"3b3c3c6e-f2fc-4ce9-a251-1e4ffce141fa","prev_last_polygon_uuid":"79f449cd-d4d8-42b0-b2e3-01f87ccc2c8d","local_government_cd":"013315","point_lng":140.106470905,"point_lat":41.434081792}},{"arcs":[[1022,-447,-539,-436,-428]],"type":"Polygon","properties":{"polygon_uuid":"14e6d75c-4e18-4993-994e-54bc1f82c40b","land_type":200,"issue_year":2024,"edit_year":2021,"history":"[{\"筆ポリゴンID\":\"d74df523-20c5-4c38-85e9-8cd694c7cbf4\",\"更新年度\":2023,\"前年同一\":true},[{\"筆ポリゴンID\":\"3fbd3f16-adb6-40c7-8c8a-6648ca508d1e\",\"更新年度\":2022,\"前年同一\":true},[[{\"筆ポリゴンID\":\"950ff12a-edfe-4fb7-b9d5-1d6654b92d81\",\"更新年度\":2021,\"関連\":true},{\"筆ポリゴンID\":\"950ff12a-edfe-4fb7-b9d5-1d6654b92d81\",\"発生年度\":2020}],[{\"筆ポリゴンID\":\"01cc2444-3a89-4376-b61f-cc2d8368ecb0\",\"更新年度\":2021,\"関連\":true},{\"筆ポリゴンID\":\"01cc2444-3a89-4376-b61f-cc2d8368ecb0\",\"発生年度\":2020}]]]]","last_polygon_uuid":"d74df523-20c5-4c38-85e9-8cd694c7cbf4","prev_last_polygon_uuid":"3fbd3f16-adb6-40c7-8c8a-6648ca508d1e","local_government_cd":"013315","point_lng":140.122557961,"point_lat":41.430274854}},{"arcs":[[1023]],"type":"Polygon","properties":{"polygon_uuid":"04da9894-e3f1-4fc9-8060-9031dfe4618d","land_type":200,"issue_year":2024,"edit_year":2021,"history":"[{\"筆ポリゴンID\":\"6ff929d8-0a69-420e-9622-d02fd5cd2d03\",\"更新年度\":2023,\"前年同一\":true},[{\"筆ポリゴンID\":\"f16b02a5-e372-4f87-bc23-e1c7dd5d2150\",\"更新年度\":2022,\"前年同一\":true},[{\"筆ポリゴンID\":\"bcd2c1aa-8692-427f-a020-6749ed2d5339\",\"更新年度\":2021,\"関連\":true},{\"筆ポリゴンID\":\"bcd2c1aa-8692-427f-a020-6749ed2d5339\",\"発生年度\":2020}]]]","last_polygon_uuid":"6ff929d8-0a69-420e-9622-d02fd5cd2d03","prev_last_polygon_uuid":"f16b02a5-e372-4f87-bc23-e1c7dd5d2150","local_government_cd":"013315","point_lng":140.117592982,"point_lat":41.431156618}},{"arcs":[[1024]],"type":"Polygon","properties":{"polygon_uuid":"80b647bd-86de-4373-8e10-442cd5d0d385","land_type":200,"issue_year":2024,"edit_year":2021,"history":"[{\"筆ポリゴンID\":\"f0c82f73-5371-4397-83d8-15b60c73dfac\",\"更新年度\":2023,\"前年同一\":true},[{\"筆ポリゴンID\":\"0ecc89c2-3cf8-4a8c-9d1b-86edc4b8cbce\",\"更新年度\":2022,\"前年同一\":true},[{\"筆ポリゴンID\":\"8fe9bc4f-efc2-4081-9d5a-33a39dcf7863\",\"更新年度\":2021,\"関連\":true},{\"筆ポリゴンID\":\"8fe9bc4f-efc2-4081-9d5a-33a39dcf7863\",\"発生年度\":2020}]]]","last_polygon_uuid":"f0c82f73-5371-4397-83d8-15b60c73dfac","prev_last_polygon_uuid":"0ecc89c2-3cf8-4a8c-9d1b-86edc4b8cbce","local_government_cd":"013315","point_lng":140.160971309,"point_lat":41.423912013}},{"arcs":[[-68,1025]],"type":"Polygon","properties":{"polygon_uuid":"286919fa-a7ca-433a-8783-baf91994dc02","land_type":200,"issue_year":2024,"edit_year":2021,"history":"[{\"筆ポリゴンID\":\"09c57181-c05d-43cf-86d8-1bfb18b92b7c\",\"更新年度\":2023,\"前年同一\":true},[{\"筆ポリゴンID\":\"76f02852-26db-4858-99b9-b3709b242a69\",\"更新年度\":2022,\"前年同一\":true},[[{\"筆ポリゴンID\":\"fdf114cc-df8f-4de8-ba17-499b9c8a1623\",\"更新年度\":2021,\"関連\":true},{\"筆ポリゴンID\":\"fdf114cc-df8f-4de8-ba17-499b9c8a1623\",\"発生年度\":2020}],[{\"筆ポリゴンID\":\"7db2a0d6-a6a9-4d6b-8b46-91dfa1c8234a\",\"更新年度\":2021,\"関連\":true},{\"筆ポリゴンID\":\"7db2a0d6-a6a9-4d6b-8b46-91dfa1c8234a\",\"発生年度\":2020}]]]]","last_polygon_uuid":"09c57181-c05d-43cf-86d8-1bfb18b92b7c","prev_last_polygon_uuid":"76f02852-26db-4858-99b9-b3709b242a69","local_government_cd":"013315","point_lng":140.007831147,"point_lat":41.523294931}},{"arcs":[[1026]],"type":"Polygon","properties":{"polygon_uuid":"5a351b2c-9ea6-4b2c-9a11-3c58b12510f8","land_type":200,"issue_year":2024,"edit_year":2021,"history":"[{\"筆ポリゴンID\":\"d2af2643-ea59-46e3-bf1f-3e141e800112\",\"更新年度\":2023,\"前年同一\":true},[{\"筆ポリゴンID\":\"58815f5d-3b16-417f-a77f-2dfb5a4f452e\",\"更新年度\":2022,\"前年同一\":true},[{\"筆ポリゴンID\":\"7346b9bf-0dc0-4908-a4f4-f242841e209b\",\"更新年度\":2021,\"関連\":true},{\"筆ポリゴンID\":\"7346b9bf-0dc0-4908-a4f4-f242841e209b\",\"発生年度\":2020}]]]","last_polygon_uuid":"d2af2643-ea59-46e3-bf1f-3e141e800112","prev_last_polygon_uuid":"58815f5d-3b16-417f-a77f-2dfb5a4f452e","local_government_cd":"013315","point_lng":139.987826508,"point_lat":41.559133393}},{"arcs":[[1027,1028]],"type":"Polygon","properties":{"polygon_uuid":"394fd3b4-5713-40b6-a6e5-4f9d0251d38e","land_type":200,"issue_year":2024,"edit_year":2020,"history":"[{\"筆ポリゴンID\":\"002ae175-f5d7-49f1-8029-c2ca3d20b600\",\"更新年度\":2023,\"前年同一\":true},[{\"筆ポリゴンID\":\"a8fc53c1-a612-43dd-82c5-a5ac0fb60ba9\",\"更新年度\":2022,\"前年同一\":true},[{\"筆ポリゴンID\":\"c1ab98fd-a696-4f69-8715-84caa20fe42e\",\"更新年度\":2021,\"前年同一\":true},{\"筆ポリゴンID\":\"c1ab98fd-a696-4f69-8715-84caa20fe42e\",\"発生年度\":2020}]]]","last_polygon_uuid":"002ae175-f5d7-49f1-8029-c2ca3d20b600","prev_last_polygon_uuid":"a8fc53c1-a612-43dd-82c5-a5ac0fb60ba9","local_government_cd":"013315","point_lng":140.162409989,"point_lat":41.420749205}},{"arcs":[[1029]],"type":"Polygon","properties":{"polygon_uuid":"7003e7c3-eb0f-4e38-b35b-ac68f272cf5a","land_type":200,"issue_year":2024,"edit_year":2020,"history":"[{\"筆ポリゴンID\":\"e0fbe97c-cec7-4595-9b6b-505c0513eb22\",\"更新年度\":2023,\"前年同一\":true},[{\"筆ポリゴンID\":\"528a9616-a840-405e-9f35-a7888da9d947\",\"更新年度\":2022,\"前年同一\":true},[{\"筆ポリゴンID\":\"31e05645-b81a-45ce-aff5-95d4e70112cc\",\"更新年度\":2021,\"前年同一\":true},{\"筆ポリゴンID\":\"31e05645-b81a-45ce-aff5-95d4e70112cc\",\"発生年度\":2020}]]]","last_polygon_uuid":"e0fbe97c-cec7-4595-9b6b-505c0513eb22","prev_last_polygon_uuid":"528a9616-a840-405e-9f35-a7888da9d947","local_government_cd":"013315","point_lng":139.986284702,"point_lat":41.560227114}},{"arcs":[[1030]],"type":"Polygon","properties":{"polygon_uuid":"5692db2b-d977-457e-8009-9d1b7c5c41e6","land_type":200,"issue_year":2024,"edit_year":2020,"history":"[{\"筆ポリゴンID\":\"9cb60d91-5d25-47f7-a5d8-a94106be3522\",\"更新年度\":2023,\"前年同一\":true},[{\"筆ポリゴンID\":\"b6251cd7-bcca-4967-9255-8b48ba89d520\",\"更新年度\":2022,\"前年同一\":true},[{\"筆ポリゴンID\":\"fc25df71-ada9-45cd-9f19-6fe9f8581fb5\",\"更新年度\":2021,\"前年同一\":true},{\"筆ポリゴンID\":\"fc25df71-ada9-45cd-9f19-6fe9f8581fb5\",\"発生年度\":2020}]]]","last_polygon_uuid":"9cb60d91-5d25-47f7-a5d8-a94106be3522","prev_last_polygon_uuid":"b6251cd7-bcca-4967-9255-8b48ba89d520","local_government_cd":"013315","point_lng":140.047632728,"point_lat":41.44709027}},{"arcs":[[1031,1032,1033,1034]],"type":"Polygon","properties":{"polygon_uuid":"a34ed50a-4845-41c7-aa4b-4a6d1fc61a3a","land_type":200,"issue_year":2024,"edit_year":2020,"history":"[{\"筆ポリゴンID\":\"01f851c8-a7dd-4c6b-a611-971ff3bb37ac\",\"更新年度\":2023,\"前年同一\":true},[{\"筆ポリゴンID\":\"b12661d6-7f1c-4927-8310-e33978ee1145\",\"更新年度\":2022,\"前年同一\":true},[{\"筆ポリゴンID\":\"184fad80-9fba-4ce9-b707-e4d1ee5b7b0e\",\"更新年度\":2021,\"前年同一\":true},{\"筆ポリゴンID\":\"184fad80-9fba-4ce9-b707-e4d1ee5b7b0e\",\"発生年度\":2020}]]]","last_polygon_uuid":"01f851c8-a7dd-4c6b-a611-971ff3bb37ac","prev_last_polygon_uuid":"b12661d6-7f1c-4927-8310-e33978ee1145","local_government_cd":"013315","point_lng":140.096144406,"point_lat":41.425997432}},{"arcs":[[1035,1036]],"type":"Polygon","properties":{"polygon_uuid":"1d1f1ce2-7318-4a70-9f63-5da748ae93c9","land_type":200,"issue_year":2024,"edit_year":2020,"history":"[{\"筆ポリゴンID\":\"908d2d4d-0f9c-4db5-96c3-4e26b6352350\",\"更新年度\":2023,\"前年同一\":true},[{\"筆ポリゴンID\":\"5185108d-01d9-457f-8c9c-90a425993a53\",\"更新年度\":2022,\"前年同一\":true},[{\"筆ポリゴンID\":\"8ef3c4d4-43b7-4e86-b53a-0eae0b70ea59\",\"更新年度\":2021,\"前年同一\":true},{\"筆ポリゴンID\":\"8ef3c4d4-43b7-4e86-b53a-0eae0b70ea59\",\"発生年度\":2020}]]]","last_polygon_uuid":"908d2d4d-0f9c-4db5-96c3-4e26b6352350","prev_last_polygon_uuid":"5185108d-01d9-457f-8c9c-90a425993a53","local_government_cd":"013315","point_lng":140.09391194,"point_lat":41.425908897}},{"arcs":[[1037]],"type":"Polygon","properties":{"polygon_uuid":"770ece00-37f2-4ff1-9f7c-c407f175c29f","land_type":200,"issue_year":2024,"edit_year":2020,"history":"[{\"筆ポリゴンID\":\"91d36ab0-4d39-4953-97ae-b039d89d7ebb\",\"更新年度\":2023,\"前年同一\":true},[{\"筆ポリゴンID\":\"cd58036f-aec9-4212-9325-53661cc68bce\",\"更新年度\":2022,\"前年同一\":true},[{\"筆ポリゴンID\":\"7d91dd60-012d-410d-88d0-d561cede04fc\",\"更新年度\":2021,\"前年同一\":true},{\"筆ポリゴンID\":\"7d91dd60-012d-410d-88d0-d561cede04fc\",\"発生年度\":2020}]]]","last_polygon_uuid":"91d36ab0-4d39-4953-97ae-b039d89d7ebb","prev_last_polygon_uuid":"cd58036f-aec9-4212-9325-53661cc68bce","local_government_cd":"013315","point_lng":139.987893891,"point_lat":41.598804122}},{"arcs":[[1038,1039,1040,1041,1042]],"type":"Polygon","properties":{"polygon_uuid":"6778ea6a-dd77-44d8-8107-a0e5b49a4e96","land_type":200,"issue_year":2024,"edit_year":2020,"history":"[{\"筆ポリゴンID\":\"217be983-6afb-475f-982e-84cd67a23bbc\",\"更新年度\":2023,\"前年同一\":true},[{\"筆ポリゴンID\":\"f806e757-d244-4f4b-8f45-8e01c9a1c1a8\",\"更新年度\":2022,\"前年同一\":true},[{\"筆ポリゴンID\":\"abd87764-0dbf-48c1-876e-59602bff043d\",\"更新年度\":2021,\"前年同一\":true},{\"筆ポリゴンID\":\"abd87764-0dbf-48c1-876e-59602bff043d\",\"発生年度\":2020}]]]","last_polygon_uuid":"217be983-6afb-475f-982e-84cd67a23bbc","prev_last_polygon_uuid":"f806e757-d244-4f4b-8f45-8e01c9a1c1a8","local_government_cd":"013315","point_lng":140.124065407,"point_lat":41.431471509}},{"arcs":[[1043,1044,1045,1046]],"type":"Polygon","properties":{"polygon_uuid":"0c9f0f76-6b20-430c-9bdb-b59b4a993408","land_type":200,"issue_year":2024,"edit_year":2020,"history":"[{\"筆ポリゴンID\":\"a83e94d7-ad1b-4383-bcb6-61bbabe0a12e\",\"更新年度\":2023,\"前年同一\":true},[{\"筆ポリゴンID\":\"98406a44-54e4-41a9-b5e2-371996ea3e9c\",\"更新年度\":2022,\"前年同一\":true},[{\"筆ポリゴンID\":\"978f373d-eb4d-43d9-bcaf-7b3023d60b23\",\"更新年度\":2021,\"前年同一\":true},{\"筆ポリゴンID\":\"978f373d-eb4d-43d9-bcaf-7b3023d60b23\",\"発生年度\":2020}]]]","last_polygon_uuid":"a83e94d7-ad1b-4383-bcb6-61bbabe0a12e","prev_last_polygon_uuid":"98406a44-54e4-41a9-b5e2-371996ea3e9c","local_government_cd":"013315","point_lng":140.173077713,"point_lat":41.413362728}},{"arcs":[[1047]],"type":"Polygon","properties":{"polygon_uuid":"9181bd1d-b029-452b-beb0-3155c026a228","land_type":200,"issue_year":2024,"edit_year":2020,"history":"[{\"筆ポリゴンID\":\"3e0351fe-7a0d-4287-b29b-ecf451369209\",\"更新年度\":2023,\"前年同一\":true},[{\"筆ポリゴンID\":\"9b703b2f-f8e6-4404-b572-1abe08aaf198\",\"更新年度\":2022,\"前年同一\":true},[{\"筆ポリゴンID\":\"1601b4d0-9eac-4f2e-8d9b-db37a543bbec\",\"更新年度\":2021,\"前年同一\":true},{\"筆ポリゴンID\":\"1601b4d0-9eac-4f2e-8d9b-db37a543bbec\",\"発生年度\":2020}]]]","last_polygon_uuid":"3e0351fe-7a0d-4287-b29b-ecf451369209","prev_last_polygon_uuid":"9b703b2f-f8e6-4404-b572-1abe08aaf198","local_government_cd":"013315","point_lng":140.16065297,"point_lat":41.42154451}},{"arcs":[[1048]],"type":"Polygon","properties":{"polygon_uuid":"c2dbd460-ac02-4590-9103-090aa293f368","land_type":200,"issue_year":2024,"edit_year":2020,"history":"[{\"筆ポリゴンID\":\"f4da95a8-3521-4396-b0ac-15475609ddf7\",\"更新年度\":2023,\"前年同一\":true},[{\"筆ポリゴンID\":\"9923d772-66ea-4a6e-a87d-eed82c610132\",\"更新年度\":2022,\"前年同一\":true},[{\"筆ポリゴンID\":\"953b64e2-1563-46cd-9808-27a02aa0b8fc\",\"更新年度\":2021,\"前年同一\":true},{\"筆ポリゴンID\":\"953b64e2-1563-46cd-9808-27a02aa0b8fc\",\"発生年度\":2020}]]]","last_polygon_uuid":"f4da95a8-3521-4396-b0ac-15475609ddf7","prev_last_polygon_uuid":"9923d772-66ea-4a6e-a87d-eed82c610132","local_government_cd":"013315","point_lng":140.107200545,"point_lat":41.431109946}},{"arcs":[[1049]],"type":"Polygon","properties":{"polygon_uuid":"5a4c30a7-8ac2-479c-8b21-886d8e9182de","land_type":200,"issue_year":2024,"edit_year":2020,"history":"[{\"筆ポリゴンID\":\"f6c6c9be-f82e-41c7-96b3-c999746433c5\",\"更新年度\":2023,\"前年同一\":true},[{\"筆ポリゴンID\":\"004aad6a-55f1-48b2-beac-4e585af610e1\",\"更新年度\":2022,\"前年同一\":true},[{\"筆ポリゴンID\":\"b201970b-7286-4a4a-8595-3b108e6be0bd\",\"更新年度\":2021,\"前年同一\":true},{\"筆ポリゴンID\":\"b201970b-7286-4a4a-8595-3b108e6be0bd\",\"発生年度\":2020}]]]","last_polygon_uuid":"f6c6c9be-f82e-41c7-96b3-c999746433c5","prev_last_polygon_uuid":"004aad6a-55f1-48b2-beac-4e585af610e1","local_government_cd":"013315","point_lng":140.029332453,"point_lat":41.46449933}},{"arcs":[[1050]],"type":"Polygon","properties":{"polygon_uuid":"0acf0dda-7633-4faa-801c-c33b6c0536cf","land_type":200,"issue_year":2024,"edit_year":2020,"history":"[{\"筆ポリゴンID\":\"7d006430-27ab-4c6e-ae61-98d988c0dbee\",\"更新年度\":2023,\"前年同一\":true},[{\"筆ポリゴンID\":\"7423ec22-2f96-4a5c-ae8f-17ee61bd1b3b\",\"更新年度\":2022,\"前年同一\":true},[{\"筆ポリゴンID\":\"8c68c4a7-c2e9-426c-98c4-9043474bcd09\",\"更新年度\":2021,\"前年同一\":true},{\"筆ポリゴンID\":\"8c68c4a7-c2e9-426c-98c4-9043474bcd09\",\"発生年度\":2020}]]]","last_polygon_uuid":"7d006430-27ab-4c6e-ae61-98d988c0dbee","prev_last_polygon_uuid":"7423ec22-2f96-4a5c-ae8f-17ee61bd1b3b","local_government_cd":"013315","point_lng":140.146789078,"point_lat":41.428366479}},{"arcs":[[-731,1051,1052]],"type":"Polygon","properties":{"polygon_uuid":"84a4be7c-88df-44b5-999b-d7f700d1e641","land_type":200,"issue_year":2024,"edit_year":2020,"history":"[{\"筆ポリゴンID\":\"d2cc28a9-a916-4e47-b1c6-ad8536ebddc1\",\"更新年度\":2023,\"前年同一\":true},[{\"筆ポリゴンID\":\"8501fba7-304c-43b2-add1-d3127ab9d742\",\"更新年度\":2022,\"前年同一\":true},[{\"筆ポリゴンID\":\"8561051d-d899-435a-9be6-219c3aa0ba86\",\"更新年度\":2021,\"前年同一\":true},{\"筆ポリゴンID\":\"8561051d-d899-435a-9be6-219c3aa0ba86\",\"発生年度\":2020}]]]","last_polygon_uuid":"d2cc28a9-a916-4e47-b1c6-ad8536ebddc1","prev_last_polygon_uuid":"8501fba7-304c-43b2-add1-d3127ab9d742","local_government_cd":"013315","point_lng":140.095908307,"point_lat":41.428106422}},{"arcs":[[-567,-707,1053,-699]],"type":"Polygon","properties":{"polygon_uuid":"467dc93e-9ee2-49fe-ac56-142d3335ae4f","land_type":200,"issue_year":2024,"edit_year":2020,"history":"[{\"筆ポリゴンID\":\"755ee92d-25b9-4777-9e9d-d78c756912af\",\"更新年度\":2023,\"前年同一\":true},[{\"筆ポリゴンID\":\"58d1009f-de25-47f6-a2b4-6b0ce8e36aed\",\"更新年度\":2022,\"前年同一\":true},[{\"筆ポリゴンID\":\"51068baf-5392-4502-b778-5139f874902c\",\"更新年度\":2021,\"前年同一\":true},{\"筆ポリゴンID\":\"51068baf-5392-4502-b778-5139f874902c\",\"発生年度\":2020}]]]","last_polygon_uuid":"755ee92d-25b9-4777-9e9d-d78c756912af","prev_last_polygon_uuid":"58d1009f-de25-47f6-a2b4-6b0ce8e36aed","local_government_cd":"013315","point_lng":140.124290989,"point_lat":41.430456996}},{"arcs":[[1054]],"type":"Polygon","properties":{"polygon_uuid":"b889910b-1a83-4bb0-9783-4a062b34f622","land_type":200,"issue_year":2024,"edit_year":2020,"history":"[{\"筆ポリゴンID\":\"075d2cf8-d0b5-4dfa-9887-2884d7cd7282\",\"更新年度\":2023,\"前年同一\":true},[{\"筆ポリゴンID\":\"83d525ef-6022-4117-9591-1ca37616d073\",\"更新年度\":2022,\"前年同一\":true},[{\"筆ポリゴンID\":\"94a5ec99-a523-4592-8f33-27f0c6edb3ef\",\"更新年度\":2021,\"前年同一\":true},{\"筆ポリゴンID\":\"94a5ec99-a523-4592-8f33-27f0c6edb3ef\",\"発生年度\":2020}]]]","last_polygon_uuid":"075d2cf8-d0b5-4dfa-9887-2884d7cd7282","prev_last_polygon_uuid":"83d525ef-6022-4117-9591-1ca37616d073","local_government_cd":"013315","point_lng":140.028903662,"point_lat":41.462101714}},{"arcs":[[1055,-886,-837,1056]],"type":"Polygon","properties":{"polygon_uuid":"14f18ad9-a286-4630-980e-96fd9a45baa0","land_type":200,"issue_year":2024,"edit_year":2020,"history":"[{\"筆ポリゴンID\":\"507481b1-1ab1-40b0-bbb7-1ec6fbb05c4c\",\"更新年度\":2023,\"前年同一\":true},[{\"筆ポリゴンID\":\"e7ef2d2e-dde2-45f0-83df-99b08f979e7a\",\"更新年度\":2022,\"前年同一\":true},[{\"筆ポリゴンID\":\"2b2038f8-9bba-4d50-8227-3f2d695b0556\",\"更新年度\":2021,\"前年同一\":true},{\"筆ポリゴンID\":\"2b2038f8-9bba-4d50-8227-3f2d695b0556\",\"発生年度\":2020}]]]","last_polygon_uuid":"507481b1-1ab1-40b0-bbb7-1ec6fbb05c4c","prev_last_polygon_uuid":"e7ef2d2e-dde2-45f0-83df-99b08f979e7a","local_government_cd":"013315","point_lng":140.124512032,"point_lat":41.431566706}},{"arcs":[[-1043,1057,1058]],"type":"Polygon","properties":{"polygon_uuid":"54ea5ccf-6be3-43b8-9e57-21ec2101649e","land_type":200,"issue_year":2024,"edit_year":2020,"history":"[{\"筆ポリゴンID\":\"37e75360-cb05-4185-88b2-8763f6785cc5\",\"更新年度\":2023,\"前年同一\":true},[{\"筆ポリゴンID\":\"a5f46b5b-44f8-41c5-b219-6891866f2ffd\",\"更新年度\":2022,\"前年同一\":true},[{\"筆ポリゴンID\":\"400a84af-8750-40d1-848e-b10cfa1bd12c\",\"更新年度\":2021,\"前年同一\":true},{\"筆ポリゴンID\":\"400a84af-8750-40d1-848e-b10cfa1bd12c\",\"発生年度\":2020}]]]","last_polygon_uuid":"37e75360-cb05-4185-88b2-8763f6785cc5","prev_last_polygon_uuid":"a5f46b5b-44f8-41c5-b219-6891866f2ffd","local_government_cd":"013315","point_lng":140.123795411,"point_lat":41.431393274}},{"arcs":[[-399,1059,1060]],"type":"Polygon","properties":{"polygon_uuid":"8b49bcd4-48f0-4783-b3fa-5227c3a1a45b","land_type":200,"issue_year":2024,"edit_year":2020,"history":"[{\"筆ポリゴンID\":\"b3ade59f-f2ad-4c1e-b593-a47e9a0a0cf0\",\"更新年度\":2023,\"前年同一\":true},[{\"筆ポリゴンID\":\"86095b0c-15c2-4322-87c3-1aee32d2837e\",\"更新年度\":2022,\"前年同一\":true},[{\"筆ポリゴンID\":\"8866f705-15b4-431a-9ffb-8816b3032e0a\",\"更新年度\":2021,\"前年同一\":true},{\"筆ポリゴンID\":\"8866f705-15b4-431a-9ffb-8816b3032e0a\",\"発生年度\":2020}]]]","last_polygon_uuid":"b3ade59f-f2ad-4c1e-b593-a47e9a0a0cf0","prev_last_polygon_uuid":"86095b0c-15c2-4322-87c3-1aee32d2837e","local_government_cd":"013315","point_lng":140.124018285,"point_lat":41.430119374}},{"arcs":[[1061,1062,1063,1064]],"type":"Polygon","properties":{"polygon_uuid":"7cfe4844-0357-48c9-9fe4-c919f1cf401e","land_type":200,"issue_year":2024,"edit_year":2020,"history":"[{\"筆ポリゴンID\":\"bdcd96bf-a999-4cf6-a2e3-536b88a8bda4\",\"更新年度\":2023,\"前年同一\":true},[{\"筆ポリゴンID\":\"e31befc6-076f-46b2-b34b-b1074acce603\",\"更新年度\":2022,\"前年同一\":true},[{\"筆ポリゴンID\":\"d4719534-5a27-44d0-b7c0-b6cd917481e8\",\"更新年度\":2021,\"前年同一\":true},{\"筆ポリゴンID\":\"d4719534-5a27-44d0-b7c0-b6cd917481e8\",\"発生年度\":2020}]]]","last_polygon_uuid":"bdcd96bf-a999-4cf6-a2e3-536b88a8bda4","prev_last_polygon_uuid":"e31befc6-076f-46b2-b34b-b1074acce603","local_government_cd":"013315","point_lng":140.164367585,"point_lat":41.419206672}},{"arcs":[[1065]],"type":"Polygon","properties":{"polygon_uuid":"b66a5b1c-3a6e-4c91-ad34-88ae7c8fc607","land_type":200,"issue_year":2024,"edit_year":2020,"history":"[{\"筆ポリゴンID\":\"516e3a26-a08a-4b2d-886a-b2a59a68fac1\",\"更新年度\":2023,\"前年同一\":true},[{\"筆ポリゴンID\":\"a7353755-bea8-4c79-b7c0-560d67186cba\",\"更新年度\":2022,\"前年同一\":true},[{\"筆ポリゴンID\":\"16cc766e-433b-43b4-a8fd-13b4c00cb03d\",\"更新年度\":2021,\"前年同一\":true},{\"筆ポリゴンID\":\"16cc766e-433b-43b4-a8fd-13b4c00cb03d\",\"発生年度\":2020}]]]","last_polygon_uuid":"516e3a26-a08a-4b2d-886a-b2a59a68fac1","prev_last_polygon_uuid":"a7353755-bea8-4c79-b7c0-560d67186cba","local_government_cd":"013315","point_lng":140.095231126,"point_lat":41.426442361}},{"arcs":[[1066,1067,1068]],"type":"Polygon","properties":{"polygon_uuid":"681976bc-58fc-4534-b942-786305aaba12","land_type":200,"issue_year":2024,"edit_year":2020,"history":"[{\"筆ポリゴンID\":\"cb9d00dd-a7c1-49c1-b49f-30289d784e29\",\"更新年度\":2023,\"前年同一\":true},[{\"筆ポリゴンID\":\"7f1f3b32-3ee8-4671-ae29-d4d1a3ef7336\",\"更新年度\":2022,\"前年同一\":true},[{\"筆ポリゴンID\":\"eb99ae37-2868-4491-bcf7-49fa5c929e43\",\"更新年度\":2021,\"前年同一\":true},{\"筆ポリゴンID\":\"eb99ae37-2868-4491-bcf7-49fa5c929e43\",\"発生年度\":2020}]]]","last_polygon_uuid":"cb9d00dd-a7c1-49c1-b49f-30289d784e29","prev_last_polygon_uuid":"7f1f3b32-3ee8-4671-ae29-d4d1a3ef7336","local_government_cd":"013315","point_lng":140.121757804,"point_lat":41.431208313}},{"arcs":[[-383,-547,-799,1069,1070,-656]],"type":"Polygon","properties":{"polygon_uuid":"454d5a95-f80e-49b3-b00e-2b256ea7c4c5","land_type":200,"issue_year":2024,"edit_year":2020,"history":"[{\"筆ポリゴンID\":\"505f974d-dbda-4874-bb5e-ff87f05e920d\",\"更新年度\":2023,\"前年同一\":true},[{\"筆ポリゴンID\":\"2ad28778-6fdf-44e5-b5f4-3a7d41604e97\",\"更新年度\":2022,\"前年同一\":true},[{\"筆ポリゴンID\":\"827a38ef-4893-4d50-8fba-6795b3fbbf38\",\"更新年度\":2021,\"前年同一\":true},{\"筆ポリゴンID\":\"827a38ef-4893-4d50-8fba-6795b3fbbf38\",\"発生年度\":2020}]]]","last_polygon_uuid":"505f974d-dbda-4874-bb5e-ff87f05e920d","prev_last_polygon_uuid":"2ad28778-6fdf-44e5-b5f4-3a7d41604e97","local_government_cd":"013315","point_lng":140.124365995,"point_lat":41.430938708}},{"arcs":[[1071,1072]],"type":"Polygon","properties":{"polygon_uuid":"6b17cfb7-be3d-4b11-9d4a-a3163426dc4d","land_type":200,"issue_year":2024,"edit_year":2020,"history":"[{\"筆ポリゴンID\":\"9a8ba7eb-7b5e-4538-9ec3-9523dab80d88\",\"更新年度\":2023,\"前年同一\":true},[{\"筆ポリゴンID\":\"3ddd089d-0add-4b67-be64-06dfd20293e7\",\"更新年度\":2022,\"前年同一\":true},[{\"筆ポリゴンID\":\"765b5e18-1cc3-4051-9379-0165e1645c8b\",\"更新年度\":2021,\"前年同一\":true},{\"筆ポリゴンID\":\"765b5e18-1cc3-4051-9379-0165e1645c8b\",\"発生年度\":2020}]]]","last_polygon_uuid":"9a8ba7eb-7b5e-4538-9ec3-9523dab80d88","prev_last_polygon_uuid":"3ddd089d-0add-4b67-be64-06dfd20293e7","local_government_cd":"013315","point_lng":140.175728076,"point_lat":41.412427556}},{"arcs":[[1073]],"type":"Polygon","properties":{"polygon_uuid":"8b9e1206-164e-4d58-8265-82b1808aac92","land_type":200,"issue_year":2024,"edit_year":2020,"history":"[{\"筆ポリゴンID\":\"996e692c-6a5d-403b-bbb5-f9acd90ae29b\",\"更新年度\":2023,\"前年同一\":true},[{\"筆ポリゴンID\":\"b8b1df9b-de0a-4b12-8dc0-8dd347924f0c\",\"更新年度\":2022,\"前年同一\":true},[{\"筆ポリゴンID\":\"57a7be44-70ea-4a47-b485-cd2d46fe3b3e\",\"更新年度\":2021,\"前年同一\":true},{\"筆ポリゴンID\":\"57a7be44-70ea-4a47-b485-cd2d46fe3b3e\",\"発生年度\":2020}]]]","last_polygon_uuid":"996e692c-6a5d-403b-bbb5-f9acd90ae29b","prev_last_polygon_uuid":"b8b1df9b-de0a-4b12-8dc0-8dd347924f0c","local_government_cd":"013315","point_lng":140.135961592,"point_lat":41.431099467}},{"arcs":[[1074]],"type":"Polygon","properties":{"polygon_uuid":"c5ba35c2-4cc6-48f7-8050-4a18b250291e","land_type":200,"issue_year":2024,"edit_year":2020,"history":"[{\"筆ポリゴンID\":\"8b362f04-0f0f-47e9-aea2-084843ef81dc\",\"更新年度\":2023,\"前年同一\":true},[{\"筆ポリゴンID\":\"5d3df024-f669-47e6-8ea5-b31b5bb47416\",\"更新年度\":2022,\"前年同一\":true},[{\"筆ポリゴンID\":\"fdc088a9-f360-4680-ace8-b8f6183fd7b9\",\"更新年度\":2021,\"前年同一\":true},{\"筆ポリゴンID\":\"fdc088a9-f360-4680-ace8-b8f6183fd7b9\",\"発生年度\":2020}]]]","last_polygon_uuid":"8b362f04-0f0f-47e9-aea2-084843ef81dc","prev_last_polygon_uuid":"5d3df024-f669-47e6-8ea5-b31b5bb47416","local_government_cd":"013315","point_lng":140.121176277,"point_lat":41.431963937}},{"arcs":[[1075]],"type":"Polygon","properties":{"polygon_uuid":"69ad08fc-196b-4ea7-bb4d-b6fc3326c690","land_type":200,"issue_year":2024,"edit_year":2020,"history":"[{\"筆ポリゴンID\":\"d9b98073-71cf-424d-953c-b4774f945974\",\"更新年度\":2023,\"前年同一\":true},[{\"筆ポリゴンID\":\"9a3990ca-decc-47b8-8ead-58017e5833de\",\"更新年度\":2022,\"前年同一\":true},[{\"筆ポリゴンID\":\"93bef9cc-8de5-4bbf-b369-f55d899d2b50\",\"更新年度\":2021,\"前年同一\":true},{\"筆ポリゴンID\":\"93bef9cc-8de5-4bbf-b369-f55d899d2b50\",\"発生年度\":2020}]]]","last_polygon_uuid":"d9b98073-71cf-424d-953c-b4774f945974","prev_last_polygon_uuid":"9a3990ca-decc-47b8-8ead-58017e5833de","local_government_cd":"013315","point_lng":139.997732381,"point_lat":41.551333688}},{"arcs":[[1076]],"type":"Polygon","properties":{"polygon_uuid":"e2fa4321-37de-4531-a37f-db61a96e4809","land_type":200,"issue_year":2024,"edit_year":2020,"history":"[{\"筆ポリゴンID\":\"affde234-d110-4776-9a45-5a6d61794175\",\"更新年度\":2023,\"前年同一\":true},[{\"筆ポリゴンID\":\"15aeb977-ce06-4178-8f37-b9928720d2c8\",\"更新年度\":2022,\"前年同一\":true},[{\"筆ポリゴンID\":\"052cf928-8a4d-4bc1-a091-373fc454c271\",\"更新年度\":2021,\"前年同一\":true},{\"筆ポリゴンID\":\"052cf928-8a4d-4bc1-a091-373fc454c271\",\"発生年度\":2020}]]]","last_polygon_uuid":"affde234-d110-4776-9a45-5a6d61794175","prev_last_polygon_uuid":"15aeb977-ce06-4178-8f37-b9928720d2c8","local_government_cd":"013315","point_lng":140.030202261,"point_lat":41.465861563}},{"arcs":[[1077,1078,-581,1079]],"type":"Polygon","properties":{"polygon_uuid":"a29b6023-219a-4406-be33-7f26ea1ea07e","land_type":200,"issue_year":2024,"edit_year":2020,"history":"[{\"筆ポリゴンID\":\"3ec820b0-1f14-4deb-888c-7de2e41b54a5\",\"更新年度\":2023,\"前年同一\":true},[{\"筆ポリゴンID\":\"e81f5360-5b1a-4776-a72b-421eda93659e\",\"更新年度\":2022,\"前年同一\":true},[{\"筆ポリゴンID\":\"c7202c26-9a78-4584-8849-922595a37e40\",\"更新年度\":2021,\"前年同一\":true},{\"筆ポリゴンID\":\"c7202c26-9a78-4584-8849-922595a37e40\",\"発生年度\":2020}]]]","last_polygon_uuid":"3ec820b0-1f14-4deb-888c-7de2e41b54a5","prev_last_polygon_uuid":"e81f5360-5b1a-4776-a72b-421eda93659e","local_government_cd":"013315","point_lng":140.096474431,"point_lat":41.428624565}},{"arcs":[[1080,-797,-882,-904,-814]],"type":"Polygon","properties":{"polygon_uuid":"b88bc61e-cab0-4e01-93dc-f2f5367f5a24","land_type":200,"issue_year":2024,"edit_year":2020,"history":"[{\"筆ポリゴンID\":\"44a64caf-df8e-46c9-9062-d6b409797f94\",\"更新年度\":2023,\"前年同一\":true},[{\"筆ポリゴンID\":\"d0417666-c983-4188-b686-02078e50c8ce\",\"更新年度\":2022,\"前年同一\":true},[{\"筆ポリゴンID\":\"46fd9eb0-5f05-4a33-973b-c6a7455eb469\",\"更新年度\":2021,\"前年同一\":true},{\"筆ポリゴンID\":\"46fd9eb0-5f05-4a33-973b-c6a7455eb469\",\"発生年度\":2020}]]]","last_polygon_uuid":"44a64caf-df8e-46c9-9062-d6b409797f94","prev_last_polygon_uuid":"d0417666-c983-4188-b686-02078e50c8ce","local_government_cd":"013315","point_lng":140.124750425,"point_lat":41.430795902}},{"arcs":[[-1035,1081]],"type":"Polygon","properties":{"polygon_uuid":"247301fa-c8e1-45cf-a819-bd4815e7acd6","land_type":200,"issue_year":2024,"edit_year":2020,"history":"[{\"筆ポリゴンID\":\"d483a470-413a-4446-b568-71d941ca043d\",\"更新年度\":2023,\"前年同一\":true},[{\"筆ポリゴンID\":\"f2d25580-864c-45f9-a260-973016e7f8bb\",\"更新年度\":2022,\"前年同一\":true},[{\"筆ポリゴンID\":\"2255eee0-b3e4-4844-ae40-114e633349da\",\"更新年度\":2021,\"前年同一\":true},{\"筆ポリゴンID\":\"2255eee0-b3e4-4844-ae40-114e633349da\",\"発生年度\":2020}]]]","last_polygon_uuid":"d483a470-413a-4446-b568-71d941ca043d","prev_last_polygon_uuid":"f2d25580-864c-45f9-a260-973016e7f8bb","local_government_cd":"013315","point_lng":140.096190668,"point_lat":41.426113423}},{"arcs":[[1082]],"type":"Polygon","properties":{"polygon_uuid":"03c4a875-85f8-4b73-9deb-5a266eee1db1","land_type":200,"issue_year":2024,"edit_year":2020,"history":"[{\"筆ポリゴンID\":\"204a7a2e-d845-4c1d-9c4c-2dd9f43dccd1\",\"更新年度\":2023,\"前年同一\":true},[{\"筆ポリゴンID\":\"d1f6d74b-510c-4f0d-aa56-1cb77d8b6175\",\"更新年度\":2022,\"前年同一\":true},[{\"筆ポリゴンID\":\"a443158d-37d6-444d-ad85-592a30acefff\",\"更新年度\":2021,\"前年同一\":true},{\"筆ポリゴンID\":\"a443158d-37d6-444d-ad85-592a30acefff\",\"発生年度\":2020}]]]","last_polygon_uuid":"204a7a2e-d845-4c1d-9c4c-2dd9f43dccd1","prev_last_polygon_uuid":"d1f6d74b-510c-4f0d-aa56-1cb77d8b6175","local_government_cd":"013315","point_lng":139.98512615,"point_lat":41.605816021}},{"arcs":[[1083]],"type":"Polygon","properties":{"polygon_uuid":"81b7ab8d-a5f3-42e3-875d-1a064332726c","land_type":200,"issue_year":2024,"edit_year":2020,"history":"[{\"筆ポリゴンID\":\"ed8d66ad-0a29-45b8-b07e-26e4ad053201\",\"更新年度\":2023,\"前年同一\":true},[{\"筆ポリゴンID\":\"6b19a1c0-91e5-42b3-8c76-3c7f9e8db4bf\",\"更新年度\":2022,\"前年同一\":true},[{\"筆ポリゴンID\":\"9b91761d-98b2-43ec-a28f-b47c25473aec\",\"更新年度\":2021,\"前年同一\":true},{\"筆ポリゴンID\":\"9b91761d-98b2-43ec-a28f-b47c25473aec\",\"発生年度\":2020}]]]","last_polygon_uuid":"ed8d66ad-0a29-45b8-b07e-26e4ad053201","prev_last_polygon_uuid":"6b19a1c0-91e5-42b3-8c76-3c7f9e8db4bf","local_government_cd":"013315","point_lng":140.032765339,"point_lat":41.46785308}},{"arcs":[[1084]],"type":"Polygon","properties":{"polygon_uuid":"26ee1817-5e2e-47f9-a5d3-c92952dbabf1","land_type":200,"issue_year":2024,"edit_year":2020,"history":"[{\"筆ポリゴンID\":\"f08e390e-e488-4322-85c8-0f8c2f3e43d7\",\"更新年度\":2023,\"前年同一\":true},[{\"筆ポリゴンID\":\"40adaca7-443b-4eda-9679-4965962f64cd\",\"更新年度\":2022,\"前年同一\":true},[{\"筆ポリゴンID\":\"4ffcd1a4-9092-4f1e-a076-d39ada250a87\",\"更新年度\":2021,\"前年同一\":true},{\"筆ポリゴンID\":\"4ffcd1a4-9092-4f1e-a076-d39ada250a87\",\"発生年度\":2020}]]]","last_polygon_uuid":"f08e390e-e488-4322-85c8-0f8c2f3e43d7","prev_last_polygon_uuid":"40adaca7-443b-4eda-9679-4965962f64cd","local_government_cd":"013315","point_lng":140.092507653,"point_lat":41.427636483}},{"arcs":[[1085]],"type":"Polygon","properties":{"polygon_uuid":"575b5925-c42c-41c3-8a67-6adf509abaf6","land_type":200,"issue_year":2024,"edit_year":2020,"history":"[{\"筆ポリゴンID\":\"ff1f81fb-f449-4b5f-8d95-54dd33bde820\",\"更新年度\":2023,\"前年同一\":true},[{\"筆ポリゴンID\":\"29e61806-7d14-4375-b773-cf2989531649\",\"更新年度\":2022,\"前年同一\":true},[{\"筆ポリゴンID\":\"ee3b6df0-386f-439b-9884-01428e655ba4\",\"更新年度\":2021,\"前年同一\":true},{\"筆ポリゴンID\":\"ee3b6df0-386f-439b-9884-01428e655ba4\",\"発生年度\":2020}]]]","last_polygon_uuid":"ff1f81fb-f449-4b5f-8d95-54dd33bde820","prev_last_polygon_uuid":"29e61806-7d14-4375-b773-cf2989531649","local_government_cd":"013315","point_lng":140.10340219,"point_lat":41.430899057}},{"arcs":[[1086]],"type":"Polygon","properties":{"polygon_uuid":"01738a7f-e947-493d-8ff7-8f602e9a8b0b","land_type":200,"issue_year":2024,"edit_year":2020,"history":"[{\"筆ポリゴンID\":\"e028cb8c-41b0-433b-8e5c-3272ed855c2f\",\"更新年度\":2023,\"前年同一\":true},[{\"筆ポリゴンID\":\"1b650ad3-9063-4a1a-a25c-c49494e7c532\",\"更新年度\":2022,\"前年同一\":true},[{\"筆ポリゴンID\":\"16c54d06-a7cb-4b04-89b0-59e0e58e615a\",\"更新年度\":2021,\"前年同一\":true},{\"筆ポリゴンID\":\"16c54d06-a7cb-4b04-89b0-59e0e58e615a\",\"発生年度\":2020}]]]","last_polygon_uuid":"e028cb8c-41b0-433b-8e5c-3272ed855c2f","prev_last_polygon_uuid":"1b650ad3-9063-4a1a-a25c-c49494e7c532","local_government_cd":"013315","point_lng":139.986142846,"point_lat":41.608801368}},{"arcs":[[1087,-389,1088,-1036]],"type":"Polygon","properties":{"polygon_uuid":"5d244b9d-0467-47ef-8596-2d56516101a2","land_type":200,"issue_year":2024,"edit_year":2020,"history":"[{\"筆ポリゴンID\":\"e3ac39f8-4cbf-435d-90f7-d5a15f56da8d\",\"更新年度\":2023,\"前年同一\":true},[{\"筆ポリゴンID\":\"f025408d-9ec6-4fb7-a33f-b3dfa748e888\",\"更新年度\":2022,\"前年同一\":true},[{\"筆ポリゴンID\":\"272c924d-a92a-465f-8f85-8359b85f0e7b\",\"更新年度\":2021,\"前年同一\":true},{\"筆ポリゴンID\":\"272c924d-a92a-465f-8f85-8359b85f0e7b\",\"発生年度\":2020}]]]","last_polygon_uuid":"e3ac39f8-4cbf-435d-90f7-d5a15f56da8d","prev_last_polygon_uuid":"f025408d-9ec6-4fb7-a33f-b3dfa748e888","local_government_cd":"013315","point_lng":140.094040197,"point_lat":41.425951976}},{"arcs":[[1089,1090,-380,1091]],"type":"Polygon","properties":{"polygon_uuid":"82bb1445-de22-42d3-855b-1fbb1717d328","land_type":200,"issue_year":2024,"edit_year":2020,"history":"[{\"筆ポリゴンID\":\"7644fc06-8b40-4f05-8631-aad7394f9e06\",\"更新年度\":2023,\"前年同一\":true},[{\"筆ポリゴンID\":\"25a23910-ae40-4d2c-885e-d535f53ffb44\",\"更新年度\":2022,\"前年同一\":true},[{\"筆ポリゴンID\":\"aef2014f-5506-4863-a6f3-32e46f801b8d\",\"更新年度\":2021,\"前年同一\":true},{\"筆ポリゴンID\":\"aef2014f-5506-4863-a6f3-32e46f801b8d\",\"発生年度\":2020}]]]","last_polygon_uuid":"7644fc06-8b40-4f05-8631-aad7394f9e06","prev_last_polygon_uuid":"25a23910-ae40-4d2c-885e-d535f53ffb44","local_government_cd":"013315","point_lng":140.124091768,"point_lat":41.431288217}},{"arcs":[[1092]],"type":"Polygon","properties":{"polygon_uuid":"06f6ad1a-7a11-49b3-8e67-9a5523b186e9","land_type":200,"issue_year":2024,"edit_year":2020,"history":"[{\"筆ポリゴンID\":\"f11e374e-7364-4592-a1b0-0fb8b4eefc6a\",\"更新年度\":2023,\"前年同一\":true},[{\"筆ポリゴンID\":\"0c6b7536-5781-4f46-9b03-46b8f755bf63\",\"更新年度\":2022,\"前年同一\":true},[{\"筆ポリゴンID\":\"b589df92-5e92-4049-b212-e0a1dd30b7f9\",\"更新年度\":2021,\"前年同一\":true},{\"筆ポリゴンID\":\"b589df92-5e92-4049-b212-e0a1dd30b7f9\",\"発生年度\":2020}]]]","last_polygon_uuid":"f11e374e-7364-4592-a1b0-0fb8b4eefc6a","prev_last_polygon_uuid":"0c6b7536-5781-4f46-9b03-46b8f755bf63","local_government_cd":"013315","point_lng":140.16807991,"point_lat":41.416827302}},{"arcs":[[1093]],"type":"Polygon","properties":{"polygon_uuid":"64b11628-e23e-48d1-9db1-a31d8ed4de34","land_type":200,"issue_year":2024,"edit_year":2020,"history":"[{\"筆ポリゴンID\":\"b0e0eefa-7644-488f-909d-1083f46c1048\",\"更新年度\":2023,\"前年同一\":true},[{\"筆ポリゴンID\":\"5818c989-c16f-4692-bd2e-78a3c6eb3d4b\",\"更新年度\":2022,\"前年同一\":true},[{\"筆ポリゴンID\":\"a3749f19-0996-43d6-a571-8545da7d7ad0\",\"更新年度\":2021,\"前年同一\":true},{\"筆ポリゴンID\":\"a3749f19-0996-43d6-a571-8545da7d7ad0\",\"発生年度\":2020}]]]","last_polygon_uuid":"b0e0eefa-7644-488f-909d-1083f46c1048","prev_last_polygon_uuid":"5818c989-c16f-4692-bd2e-78a3c6eb3d4b","local_government_cd":"013315","point_lng":140.122704742,"point_lat":41.431027811}},{"arcs":[[1094,1095]],"type":"Polygon","properties":{"polygon_uuid":"a6d9fe50-02db-4562-bc69-513662f7ccc0","land_type":200,"issue_year":2024,"edit_year":2020,"history":"[{\"筆ポリゴンID\":\"86374497-6f89-4496-81ed-da46c0c13ea1\",\"更新年度\":2023,\"前年同一\":true},[{\"筆ポリゴンID\":\"b7a442bc-c9bd-4a02-8a1e-5b88cd6831e4\",\"更新年度\":2022,\"前年同一\":true},[{\"筆ポリゴンID\":\"49882944-77eb-43e5-b77c-c05dc8c98280\",\"更新年度\":2021,\"前年同一\":true},{\"筆ポリゴンID\":\"49882944-77eb-43e5-b77c-c05dc8c98280\",\"発生年度\":2020}]]]","last_polygon_uuid":"86374497-6f89-4496-81ed-da46c0c13ea1","prev_last_polygon_uuid":"b7a442bc-c9bd-4a02-8a1e-5b88cd6831e4","local_government_cd":"013315","point_lng":140.126673166,"point_lat":41.432177234}},{"arcs":[[1096]],"type":"Polygon","properties":{"polygon_uuid":"82432cb8-1f9c-4bbf-b213-0b67b67694eb","land_type":200,"issue_year":2024,"edit_year":2020,"history":"[{\"筆ポリゴンID\":\"b6529966-6a4f-40b3-b90f-5213ba2f4bb4\",\"更新年度\":2023,\"前年同一\":true},[{\"筆ポリゴンID\":\"4cb7b4e7-a496-46b6-8bbe-d94551e8af71\",\"更新年度\":2022,\"前年同一\":true},[{\"筆ポリゴンID\":\"12e5c7cc-5433-49c3-b368-80f0f2f509a4\",\"更新年度\":2021,\"前年同一\":true},{\"筆ポリゴンID\":\"12e5c7cc-5433-49c3-b368-80f0f2f509a4\",\"発生年度\":2020}]]]","last_polygon_uuid":"b6529966-6a4f-40b3-b90f-5213ba2f4bb4","prev_last_polygon_uuid":"4cb7b4e7-a496-46b6-8bbe-d94551e8af71","local_government_cd":"013315","point_lng":140.028687746,"point_lat":41.48072234}},{"arcs":[[1097]],"type":"Polygon","properties":{"polygon_uuid":"c892fb53-b846-48e0-ab07-87b85b8f01e5","land_type":200,"issue_year":2024,"edit_year":2020,"history":"[{\"筆ポリゴンID\":\"b93da0a3-7717-4e4d-98cc-90573f51e91c\",\"更新年度\":2023,\"前年同一\":true},[{\"筆ポリゴンID\":\"c325cc34-b65b-4747-a96f-cb4f45ebd988\",\"更新年度\":2022,\"前年同一\":true},[{\"筆ポリゴンID\":\"be071c78-c446-4104-bb76-d3fc1a72b307\",\"更新年度\":2021,\"前年同一\":true},{\"筆ポリゴンID\":\"be071c78-c446-4104-bb76-d3fc1a72b307\",\"発生年度\":2020}]]]","last_polygon_uuid":"b93da0a3-7717-4e4d-98cc-90573f51e91c","prev_last_polygon_uuid":"c325cc34-b65b-4747-a96f-cb4f45ebd988","local_government_cd":"013315","point_lng":140.133269375,"point_lat":41.438259519}},{"arcs":[[-1060,-398,1098]],"type":"Polygon","properties":{"polygon_uuid":"f37e0824-d60f-41f7-b48a-20f2dba0b532","land_type":200,"issue_year":2024,"edit_year":2020,"history":"[{\"筆ポリゴンID\":\"8306fc22-7e27-4a83-b0bd-23a0a30ea0ac\",\"更新年度\":2023,\"前年同一\":true},[{\"筆ポリゴンID\":\"49721ff5-1d30-41f3-9b8b-d199df064a97\",\"更新年度\":2022,\"前年同一\":true},[{\"筆ポリゴンID\":\"dba207cd-b569-45c8-ac5a-dd3e075b5438\",\"更新年度\":2021,\"前年同一\":true},{\"筆ポリゴンID\":\"dba207cd-b569-45c8-ac5a-dd3e075b5438\",\"発生年度\":2020}]]]","last_polygon_uuid":"8306fc22-7e27-4a83-b0bd-23a0a30ea0ac","prev_last_polygon_uuid":"49721ff5-1d30-41f3-9b8b-d199df064a97","local_government_cd":"013315","point_lng":140.123699014,"point_lat":41.43008529}},{"arcs":[[1099]],"type":"Polygon","properties":{"polygon_uuid":"57791e35-be20-4b75-a2c7-a86322770a33","land_type":200,"issue_year":2024,"edit_year":2020,"history":"[{\"筆ポリゴンID\":\"e96f5e17-f26e-49bd-b3dd-41fb51c76860\",\"更新年度\":2023,\"前年同一\":true},[{\"筆ポリゴンID\":\"8671fdc6-3215-434b-9e40-6814d7dd3931\",\"更新年度\":2022,\"前年同一\":true},[{\"筆ポリゴンID\":\"c34c64cc-3cdb-46c2-9b76-c4d1d74fd9b8\",\"更新年度\":2021,\"前年同一\":true},{\"筆ポリゴンID\":\"c34c64cc-3cdb-46c2-9b76-c4d1d74fd9b8\",\"発生年度\":2020}]]]","last_polygon_uuid":"e96f5e17-f26e-49bd-b3dd-41fb51c76860","prev_last_polygon_uuid":"8671fdc6-3215-434b-9e40-6814d7dd3931","local_government_cd":"013315","point_lng":140.130920833,"point_lat":41.432236916}},{"arcs":[[1100]],"type":"Polygon","properties":{"polygon_uuid":"b852ed82-c285-4984-a82f-d6787ecc4811","land_type":200,"issue_year":2024,"edit_year":2020,"history":"[{\"筆ポリゴンID\":\"ef65c7b7-a007-4375-a43a-ba50a33c77bc\",\"更新年度\":2023,\"前年同一\":true},[{\"筆ポリゴンID\":\"d15bc189-f16d-4a3a-8d1a-b7ddf5d463ac\",\"更新年度\":2022,\"前年同一\":true},[{\"筆ポリゴンID\":\"b7525568-435b-4c21-a90a-5bd5252b52fe\",\"更新年度\":2021,\"前年同一\":true},{\"筆ポリゴンID\":\"b7525568-435b-4c21-a90a-5bd5252b52fe\",\"発生年度\":2020}]]]","last_polygon_uuid":"ef65c7b7-a007-4375-a43a-ba50a33c77bc","prev_last_polygon_uuid":"d15bc189-f16d-4a3a-8d1a-b7ddf5d463ac","local_government_cd":"013315","point_lng":139.985663652,"point_lat":41.597975}},{"arcs":[[1101]],"type":"Polygon","properties":{"polygon_uuid":"d785e474-c775-43fe-84fb-8cb9cb6d35aa","land_type":200,"issue_year":2024,"edit_year":2020,"history":"[{\"筆ポリゴンID\":\"42f7f91e-942b-479c-bec8-b47319cf01cd\",\"更新年度\":2023,\"前年同一\":true},[{\"筆ポリゴンID\":\"0dab146c-7a49-4860-b605-cc17eacf73de\",\"更新年度\":2022,\"前年同一\":true},[{\"筆ポリゴンID\":\"6da68750-ef20-4207-9bc9-69b6ad3ad6a0\",\"更新年度\":2021,\"前年同一\":true},{\"筆ポリゴンID\":\"6da68750-ef20-4207-9bc9-69b6ad3ad6a0\",\"発生年度\":2020}]]]","last_polygon_uuid":"42f7f91e-942b-479c-bec8-b47319cf01cd","prev_last_polygon_uuid":"0dab146c-7a49-4860-b605-cc17eacf73de","local_government_cd":"013315","point_lng":140.092345241,"point_lat":41.427883834}},{"arcs":[[1102]],"type":"Polygon","properties":{"polygon_uuid":"1a04eef7-8c92-4756-a52e-45e9d3f246f7","land_type":200,"issue_year":2024,"edit_year":2020,"history":"[{\"筆ポリゴンID\":\"74689b9c-05cd-40d2-84ff-b4ef2cc418f5\",\"更新年度\":2023,\"前年同一\":true},[{\"筆ポリゴンID\":\"ae5db18d-1dac-4dd2-8bba-7883dd4cc452\",\"更新年度\":2022,\"前年同一\":true},[{\"筆ポリゴンID\":\"7b6a12d2-0e35-4ef4-8dab-1b2778f1761c\",\"更新年度\":2021,\"前年同一\":true},{\"筆ポリゴンID\":\"7b6a12d2-0e35-4ef4-8dab-1b2778f1761c\",\"発生年度\":2020}]]]","last_polygon_uuid":"74689b9c-05cd-40d2-84ff-b4ef2cc418f5","prev_last_polygon_uuid":"ae5db18d-1dac-4dd2-8bba-7883dd4cc452","local_government_cd":"013315","point_lng":140.043803195,"point_lat":41.448229795}},{"arcs":[[1103]],"type":"Polygon","properties":{"polygon_uuid":"1f6cf449-9768-47d7-a876-16565bf2d634","land_type":200,"issue_year":2024,"edit_year":2020,"history":"[{\"筆ポリゴンID\":\"8fb53716-6a9b-493e-b087-7d6a13b7d860\",\"更新年度\":2023,\"前年同一\":true},[{\"筆ポリゴンID\":\"6ab82b78-4b19-4356-9a24-28d38fa3df83\",\"更新年度\":2022,\"前年同一\":true},[{\"筆ポリゴンID\":\"ec5a4061-ac6b-4525-bc5a-bd3cc9857f4f\",\"更新年度\":2021,\"前年同一\":true},{\"筆ポリゴンID\":\"ec5a4061-ac6b-4525-bc5a-bd3cc9857f4f\",\"発生年度\":2020}]]]","last_polygon_uuid":"8fb53716-6a9b-493e-b087-7d6a13b7d860","prev_last_polygon_uuid":"6ab82b78-4b19-4356-9a24-28d38fa3df83","local_government_cd":"013315","point_lng":140.017565549,"point_lat":41.492935144}},{"arcs":[[1104,-306]],"type":"Polygon","properties":{"polygon_uuid":"6bf17f56-8eee-4fc9-9e29-951db42ea897","land_type":200,"issue_year":2024,"edit_year":2020,"history":"[{\"筆ポリゴンID\":\"36d4c139-801e-4567-bb2a-a60368ec6aa8\",\"更新年度\":2023,\"前年同一\":true},[{\"筆ポリゴンID\":\"89039388-c5ad-4aac-8dcd-f87730c094ab\",\"更新年度\":2022,\"前年同一\":true},[{\"筆ポリゴンID\":\"9ffab452-22c0-4fca-b822-bb09ad7ac9ae\",\"更新年度\":2021,\"前年同一\":true},{\"筆ポリゴンID\":\"9ffab452-22c0-4fca-b822-bb09ad7ac9ae\",\"発生年度\":2020}]]]","last_polygon_uuid":"36d4c139-801e-4567-bb2a-a60368ec6aa8","prev_last_polygon_uuid":"89039388-c5ad-4aac-8dcd-f87730c094ab","local_government_cd":"013315","point_lng":139.998056265,"point_lat":41.5429984}},{"arcs":[[1105]],"type":"Polygon","properties":{"polygon_uuid":"04435719-7340-484a-89ab-115a25f46805","land_type":200,"issue_year":2024,"edit_year":2020,"history":"[{\"筆ポリゴンID\":\"7f7fbf0f-991e-4aca-b70d-07a39a53786d\",\"更新年度\":2023,\"前年同一\":true},[{\"筆ポリゴンID\":\"4e331dff-b49a-44d2-93ea-053d182f6585\",\"更新年度\":2022,\"前年同一\":true},[{\"筆ポリゴンID\":\"5b1d5283-4ae7-482b-a786-582025e2f7bc\",\"更新年度\":2021,\"前年同一\":true},{\"筆ポリゴンID\":\"5b1d5283-4ae7-482b-a786-582025e2f7bc\",\"発生年度\":2020}]]]","last_polygon_uuid":"7f7fbf0f-991e-4aca-b70d-07a39a53786d","prev_last_polygon_uuid":"4e331dff-b49a-44d2-93ea-053d182f6585","local_government_cd":"013315","point_lng":139.993983702,"point_lat":41.545875441}},{"arcs":[[1106]],"type":"Polygon","properties":{"polygon_uuid":"08e62d0f-d691-47d7-b6be-b718ce7f66cc","land_type":200,"issue_year":2024,"edit_year":2020,"history":"[{\"筆ポリゴンID\":\"6b7158ce-1487-487a-aa8d-4a4dd3b8fbb2\",\"更新年度\":2023,\"前年同一\":true},[{\"筆ポリゴンID\":\"3576ff93-d9d5-4a1b-9382-d7c4566652e0\",\"更新年度\":2022,\"前年同一\":true},[{\"筆ポリゴンID\":\"399606b9-cc50-4a80-a92a-e90477a7dfea\",\"更新年度\":2021,\"前年同一\":true},{\"筆ポリゴンID\":\"399606b9-cc50-4a80-a92a-e90477a7dfea\",\"発生年度\":2020}]]]","last_polygon_uuid":"6b7158ce-1487-487a-aa8d-4a4dd3b8fbb2","prev_last_polygon_uuid":"3576ff93-d9d5-4a1b-9382-d7c4566652e0","local_government_cd":"013315","point_lng":140.176309075,"point_lat":41.410029799}},{"arcs":[[1107]],"type":"Polygon","properties":{"polygon_uuid":"0d878d3b-4985-4307-8f58-fd0cb6a11512","land_type":200,"issue_year":2024,"edit_year":2020,"history":"[{\"筆ポリゴンID\":\"93e6460e-355c-4684-8030-f06b4ab2a652\",\"更新年度\":2023,\"前年同一\":true},[{\"筆ポリゴンID\":\"491e4716-7643-4439-bddd-0dfabf064a3e\",\"更新年度\":2022,\"前年同一\":true},[{\"筆ポリゴンID\":\"23eb23a8-e564-4a6a-b4b1-06badfae5c08\",\"更新年度\":2021,\"前年同一\":true},{\"筆ポリゴンID\":\"23eb23a8-e564-4a6a-b4b1-06badfae5c08\",\"発生年度\":2020}]]]","last_polygon_uuid":"93e6460e-355c-4684-8030-f06b4ab2a652","prev_last_polygon_uuid":"491e4716-7643-4439-bddd-0dfabf064a3e","local_government_cd":"013315","point_lng":140.109463332,"point_lat":41.431768507}},{"arcs":[[1108]],"type":"Polygon","properties":{"polygon_uuid":"f2f527d9-f286-4f25-a686-6dc8cf812074","land_type":200,"issue_year":2024,"edit_year":2020,"history":"[{\"筆ポリゴンID\":\"1ae3d89f-d283-4d92-97cc-c9a156819f10\",\"更新年度\":2023,\"前年同一\":true},[{\"筆ポリゴンID\":\"6c45678b-85de-4952-a3c6-1ffff3fb7f4a\",\"更新年度\":2022,\"前年同一\":true},[{\"筆ポリゴンID\":\"dfdc033e-6b87-4479-a149-f2090617ad77\",\"更新年度\":2021,\"前年同一\":true},{\"筆ポリゴンID\":\"dfdc033e-6b87-4479-a149-f2090617ad77\",\"発生年度\":2020}]]]","last_polygon_uuid":"1ae3d89f-d283-4d92-97cc-c9a156819f10","prev_last_polygon_uuid":"6c45678b-85de-4952-a3c6-1ffff3fb7f4a","local_government_cd":"013315","point_lng":140.016653458,"point_lat":41.505487671}},{"arcs":[[1109]],"type":"Polygon","properties":{"polygon_uuid":"af01deda-d71c-487e-a446-3f2f2c36bc18","land_type":200,"issue_year":2024,"edit_year":2020,"history":"[{\"筆ポリゴンID\":\"f04a1d2f-6bcd-4b2c-a9be-55c3f7532f8f\",\"更新年度\":2023,\"前年同一\":true},[{\"筆ポリゴンID\":\"6141d3a5-b559-4638-8988-3c9afc74b1f4\",\"更新年度\":2022,\"前年同一\":true},[{\"筆ポリゴンID\":\"bb09a77b-6a60-4897-bff9-4e233502cad6\",\"更新年度\":2021,\"前年同一\":true},{\"筆ポリゴンID\":\"bb09a77b-6a60-4897-bff9-4e233502cad6\",\"発生年度\":2020}]]]","last_polygon_uuid":"f04a1d2f-6bcd-4b2c-a9be-55c3f7532f8f","prev_last_polygon_uuid":"6141d3a5-b559-4638-8988-3c9afc74b1f4","local_government_cd":"013315","point_lng":140.104088958,"point_lat":41.430735577}},{"arcs":[[-496,1110,-295]],"type":"Polygon","properties":{"polygon_uuid":"d509eb57-7835-41da-8f73-3edb19e9407d","land_type":200,"issue_year":2024,"edit_year":2020,"history":"[{\"筆ポリゴンID\":\"8bcb2d8e-81a9-47a6-a725-c3975ca3cafc\",\"更新年度\":2023,\"前年同一\":true},[{\"筆ポリゴンID\":\"e76bf8f5-e141-475c-ac2f-0827d9d3ef66\",\"更新年度\":2022,\"前年同一\":true},[{\"筆ポリゴンID\":\"33b88e5f-3707-4863-935b-a1d66e43d96f\",\"更新年度\":2021,\"前年同一\":true},{\"筆ポリゴンID\":\"33b88e5f-3707-4863-935b-a1d66e43d96f\",\"発生年度\":2020}]]]","last_polygon_uuid":"8bcb2d8e-81a9-47a6-a725-c3975ca3cafc","prev_last_polygon_uuid":"e76bf8f5-e141-475c-ac2f-0827d9d3ef66","local_government_cd":"013315","point_lng":140.02275788,"point_lat":41.488027627}},{"arcs":[[1111,-1057,1112,-1040]],"type":"Polygon","properties":{"polygon_uuid":"1b26397c-6714-4152-857e-f27f71d05f32","land_type":200,"issue_year":2024,"edit_year":2020,"history":"[{\"筆ポリゴンID\":\"cf9d57e3-08ce-4602-89b4-810510092e1a\",\"更新年度\":2023,\"前年同一\":true},[{\"筆ポリゴンID\":\"9ebc21cc-7992-4195-8f37-5a0cd3820f64\",\"更新年度\":2022,\"前年同一\":true},[{\"筆ポリゴンID\":\"0b586ebd-33ce-4aca-acd9-9e2e0f8f2dc8\",\"更新年度\":2021,\"前年同一\":true},{\"筆ポリゴンID\":\"0b586ebd-33ce-4aca-acd9-9e2e0f8f2dc8\",\"発生年度\":2020}]]]","last_polygon_uuid":"cf9d57e3-08ce-4602-89b4-810510092e1a","prev_last_polygon_uuid":"9ebc21cc-7992-4195-8f37-5a0cd3820f64","local_government_cd":"013315","point_lng":140.124327763,"point_lat":41.431563513}},{"arcs":[[1113]],"type":"Polygon","properties":{"polygon_uuid":"d8ae874d-6430-4a9b-8433-3375555ce4fe","land_type":200,"issue_year":2024,"edit_year":2020,"history":"[{\"筆ポリゴンID\":\"bf3a0496-a660-4b8c-aeba-212b580c9133\",\"更新年度\":2023,\"前年同一\":true},[{\"筆ポリゴンID\":\"cd1b0e06-755d-4de3-965f-de0e89a9c09b\",\"更新年度\":2022,\"前年同一\":true},[{\"筆ポリゴンID\":\"5cb92719-a74f-439f-88cc-2dbddd8c4855\",\"更新年度\":2021,\"前年同一\":true},{\"筆ポリゴンID\":\"5cb92719-a74f-439f-88cc-2dbddd8c4855\",\"発生年度\":2020}]]]","last_polygon_uuid":"bf3a0496-a660-4b8c-aeba-212b580c9133","prev_last_polygon_uuid":"cd1b0e06-755d-4de3-965f-de0e89a9c09b","local_government_cd":"013315","point_lng":139.985555896,"point_lat":41.608795621}},{"arcs":[[1114,1115,-435,1116,1117]],"type":"Polygon","properties":{"polygon_uuid":"1a637c47-9e36-4c58-af9d-ffd70cccb4c2","land_type":200,"issue_year":2024,"edit_year":2020,"history":"[{\"筆ポリゴンID\":\"0b5143e9-0aaa-4ffb-af7a-1108de7bf375\",\"更新年度\":2023,\"前年同一\":true},[{\"筆ポリゴンID\":\"db625f62-849c-49b7-bab4-a796fd0849bf\",\"更新年度\":2022,\"前年同一\":true},[{\"筆ポリゴンID\":\"fb336974-6e10-44ae-9b83-746c2dd9229c\",\"更新年度\":2021,\"前年同一\":true},{\"筆ポリゴンID\":\"fb336974-6e10-44ae-9b83-746c2dd9229c\",\"発生年度\":2020}]]]","last_polygon_uuid":"0b5143e9-0aaa-4ffb-af7a-1108de7bf375","prev_last_polygon_uuid":"db625f62-849c-49b7-bab4-a796fd0849bf","local_government_cd":"013315","point_lng":140.094836589,"point_lat":41.427589891}},{"arcs":[[1118]],"type":"Polygon","properties":{"polygon_uuid":"6ecee0a4-3d34-4a4a-b344-0bf69a251956","land_type":200,"issue_year":2024,"edit_year":2020,"history":"[{\"筆ポリゴンID\":\"52791034-5fc1-4840-ab63-a265b8dc0729\",\"更新年度\":2023,\"前年同一\":true},[{\"筆ポリゴンID\":\"76005971-bcf1-4545-9aff-42807314ff28\",\"更新年度\":2022,\"前年同一\":true},[{\"筆ポリゴンID\":\"83656387-b2cd-427f-ace8-28a1afc9e79e\",\"更新年度\":2021,\"前年同一\":true},{\"筆ポリゴンID\":\"83656387-b2cd-427f-ace8-28a1afc9e79e\",\"発生年度\":2020}]]]","last_polygon_uuid":"52791034-5fc1-4840-ab63-a265b8dc0729","prev_last_polygon_uuid":"76005971-bcf1-4545-9aff-42807314ff28","local_government_cd":"013315","point_lng":139.991997434,"point_lat":41.550092523}},{"arcs":[[1119,-670,1120,1121]],"type":"Polygon","properties":{"polygon_uuid":"b1cb118e-95c8-487f-b024-e81b2464f043","land_type":200,"issue_year":2024,"edit_year":2020,"history":"[{\"筆ポリゴンID\":\"875f8921-6c90-47e7-811d-52a8fd99a5d1\",\"更新年度\":2023,\"前年同一\":true},[{\"筆ポリゴンID\":\"96d6496d-edf7-4998-babf-52bfda5084fc\",\"更新年度\":2022,\"前年同一\":true},[{\"筆ポリゴンID\":\"fcfd3d5b-731c-4f83-9946-dd554a866795\",\"更新年度\":2021,\"前年同一\":true},{\"筆ポリゴンID\":\"fcfd3d5b-731c-4f83-9946-dd554a866795\",\"発生年度\":2020}]]]","last_polygon_uuid":"875f8921-6c90-47e7-811d-52a8fd99a5d1","prev_last_polygon_uuid":"96d6496d-edf7-4998-babf-52bfda5084fc","local_government_cd":"013315","point_lng":140.162583852,"point_lat":41.420884631}},{"arcs":[[-1113,-842,1122,-1091,1123,-1041]],"type":"Polygon","properties":{"polygon_uuid":"6b95f774-7ec2-44f9-9069-4c8606289979","land_type":200,"issue_year":2024,"edit_year":2020,"history":"[{\"筆ポリゴンID\":\"335648e0-2cf3-4ca8-98ab-5d5ed7846ad2\",\"更新年度\":2023,\"前年同一\":true},[{\"筆ポリゴンID\":\"d94fac6a-139a-4a79-8d4d-270e300b13b9\",\"更新年度\":2022,\"前年同一\":true},[{\"筆ポリゴンID\":\"c5b4f698-99bd-415f-a935-3a7f467a4945\",\"更新年度\":2021,\"前年同一\":true},{\"筆ポリゴンID\":\"c5b4f698-99bd-415f-a935-3a7f467a4945\",\"発生年度\":2020}]]]","last_polygon_uuid":"335648e0-2cf3-4ca8-98ab-5d5ed7846ad2","prev_last_polygon_uuid":"d94fac6a-139a-4a79-8d4d-270e300b13b9","local_government_cd":"013315","point_lng":140.124339404,"point_lat":41.431392038}},{"arcs":[[1124]],"type":"Polygon","properties":{"polygon_uuid":"4e11cc81-3f1e-485d-a7bc-748bb9c721e7","land_type":200,"issue_year":2024,"edit_year":2020,"history":"[{\"筆ポリゴンID\":\"eb0350f9-93e4-4d89-9119-0cba6fac2fa7\",\"更新年度\":2023,\"前年同一\":true},[{\"筆ポリゴンID\":\"de7c6cc5-771e-44dc-b0d9-49928782793a\",\"更新年度\":2022,\"前年同一\":true},[{\"筆ポリゴンID\":\"f18a4e6a-26de-49e8-b916-4112be72cfb5\",\"更新年度\":2021,\"前年同一\":true},{\"筆ポリゴンID\":\"f18a4e6a-26de-49e8-b916-4112be72cfb5\",\"発生年度\":2020}]]]","last_polygon_uuid":"eb0350f9-93e4-4d89-9119-0cba6fac2fa7","prev_last_polygon_uuid":"de7c6cc5-771e-44dc-b0d9-49928782793a","local_government_cd":"013315","point_lng":140.041705237,"point_lat":41.449195024}},{"arcs":[[-335,1125,1126,-926]],"type":"Polygon","properties":{"polygon_uuid":"aa494a53-dd89-48a0-9010-d3245f0c93e7","land_type":200,"issue_year":2024,"edit_year":2020,"history":"[{\"筆ポリゴンID\":\"aec71424-b69c-4625-8180-9adc6c413b05\",\"更新年度\":2023,\"前年同一\":true},[{\"筆ポリゴンID\":\"9b4ed7ba-87c1-4e3e-9009-e5dc09f8d05d\",\"更新年度\":2022,\"前年同一\":true},[{\"筆ポリゴンID\":\"d6e8e235-8d22-458b-8690-3045786133dd\",\"更新年度\":2021,\"前年同一\":true},{\"筆ポリゴンID\":\"d6e8e235-8d22-458b-8690-3045786133dd\",\"発生年度\":2020}]]]","last_polygon_uuid":"aec71424-b69c-4625-8180-9adc6c413b05","prev_last_polygon_uuid":"9b4ed7ba-87c1-4e3e-9009-e5dc09f8d05d","local_government_cd":"013315","point_lng":140.122003561,"point_lat":41.43035924}},{"arcs":[[1127]],"type":"Polygon","properties":{"polygon_uuid":"1802a49d-c338-4f61-a120-0ebee37d7833","land_type":200,"issue_year":2024,"edit_year":2020,"history":"[{\"筆ポリゴンID\":\"957bdbb9-6d09-4a7f-ac19-dac553776848\",\"更新年度\":2023,\"前年同一\":true},[{\"筆ポリゴンID\":\"6cd9657d-b874-4b36-96cf-a4da67936fab\",\"更新年度\":2022,\"前年同一\":true},[{\"筆ポリゴンID\":\"27a28330-371f-489b-b191-d5a5e131912c\",\"更新年度\":2021,\"前年同一\":true},{\"筆ポリゴンID\":\"27a28330-371f-489b-b191-d5a5e131912c\",\"発生年度\":2020}]]]","last_polygon_uuid":"957bdbb9-6d09-4a7f-ac19-dac553776848","prev_last_polygon_uuid":"6cd9657d-b874-4b36-96cf-a4da67936fab","local_government_cd":"013315","point_lng":140.177688703,"point_lat":41.408942153}},{"arcs":[[1128,1129,-912,1130]],"type":"Polygon","properties":{"polygon_uuid":"90c724bd-c381-4b24-96d5-41cd963a1b5c","land_type":200,"issue_year":2024,"edit_year":2020,"history":"[{\"筆ポリゴンID\":\"4026d37d-a4bc-4a3c-a8ea-97967105f4fb\",\"更新年度\":2023,\"前年同一\":true},[{\"筆ポリゴンID\":\"d002536c-3d42-40e4-be11-595cd411b073\",\"更新年度\":2022,\"前年同一\":true},[{\"筆ポリゴンID\":\"94677bee-ec89-4531-a354-d089e30a78cc\",\"更新年度\":2021,\"前年同一\":true},{\"筆ポリゴンID\":\"94677bee-ec89-4531-a354-d089e30a78cc\",\"発生年度\":2020}]]]","last_polygon_uuid":"4026d37d-a4bc-4a3c-a8ea-97967105f4fb","prev_last_polygon_uuid":"d002536c-3d42-40e4-be11-595cd411b073","local_government_cd":"013315","point_lng":140.121244534,"point_lat":41.431591543}},{"arcs":[[1131]],"type":"Polygon","properties":{"polygon_uuid":"80762cb9-0e8a-424f-95d8-18d7433a8457","land_type":200,"issue_year":2024,"edit_year":2020,"history":"[{\"筆ポリゴンID\":\"e808918a-1db0-4f75-be72-09fbd31d974a\",\"更新年度\":2023,\"前年同一\":true},[{\"筆ポリゴンID\":\"4fdc9255-ae8b-471c-95fa-c66572c743ec\",\"更新年度\":2022,\"前年同一\":true},[{\"筆ポリゴンID\":\"16491743-6e03-46ee-bcc9-6b553d79cb11\",\"更新年度\":2021,\"前年同一\":true},{\"筆ポリゴンID\":\"16491743-6e03-46ee-bcc9-6b553d79cb11\",\"発生年度\":2020}]]]","last_polygon_uuid":"e808918a-1db0-4f75-be72-09fbd31d974a","prev_last_polygon_uuid":"4fdc9255-ae8b-471c-95fa-c66572c743ec","local_government_cd":"013315","point_lng":140.114355587,"point_lat":41.432824257}},{"arcs":[[-920,-741,-527,-758,-923]],"type":"Polygon","properties":{"polygon_uuid":"c01740b2-b48d-4770-be2f-d62ead91edf1","land_type":200,"issue_year":2024,"edit_year":2020,"history":"[{\"筆ポリゴンID\":\"91392d9d-962e-4f39-9d66-eab6c53758ba\",\"更新年度\":2023,\"前年同一\":true},[{\"筆ポリゴンID\":\"e03d586d-8a22-48ed-9482-1d786f4c42ea\",\"更新年度\":2022,\"前年同一\":true},[{\"筆ポリゴンID\":\"445cea4b-ad67-4246-a4bd-8a9e84140693\",\"更新年度\":2021,\"前年同一\":true},{\"筆ポリゴンID\":\"445cea4b-ad67-4246-a4bd-8a9e84140693\",\"発生年度\":2020}]]]","last_polygon_uuid":"91392d9d-962e-4f39-9d66-eab6c53758ba","prev_last_polygon_uuid":"e03d586d-8a22-48ed-9482-1d786f4c42ea","local_government_cd":"013315","point_lng":140.125247744,"point_lat":41.431068223}},{"arcs":[[1132]],"type":"Polygon","properties":{"polygon_uuid":"012e583e-8170-4af2-824b-e2b38ce3010b","land_type":200,"issue_year":2024,"edit_year":2020,"history":"[{\"筆ポリゴンID\":\"968bc7d9-ad7d-43bf-a0d6-ad722adfa507\",\"更新年度\":2023,\"前年同一\":true},[{\"筆ポリゴンID\":\"e79f0f87-3918-48db-afc4-70300813d117\",\"更新年度\":2022,\"前年同一\":true},[{\"筆ポリゴンID\":\"02375415-c413-48ce-8be5-e40f58a11002\",\"更新年度\":2021,\"前年同一\":true},{\"筆ポリゴンID\":\"02375415-c413-48ce-8be5-e40f58a11002\",\"発生年度\":2020}]]]","last_polygon_uuid":"968bc7d9-ad7d-43bf-a0d6-ad722adfa507","prev_last_polygon_uuid":"e79f0f87-3918-48db-afc4-70300813d117","local_government_cd":"013315","point_lng":140.053923333,"point_lat":41.442453357}},{"arcs":[[-786,1133,-735,1134]],"type":"Polygon","properties":{"polygon_uuid":"3d762589-84e4-415c-a2c1-94286636a7f6","land_type":200,"issue_year":2024,"edit_year":2020,"history":"[{\"筆ポリゴンID\":\"bab97c7b-f463-48f9-b8e1-ac3b30e3ab88\",\"更新年度\":2023,\"前年同一\":true},[{\"筆ポリゴンID\":\"ecaf9450-d98a-4f82-adba-f04a70ed244b\",\"更新年度\":2022,\"前年同一\":true},[{\"筆ポリゴンID\":\"9d592a42-a2e8-4eb9-988b-469ed07c11c7\",\"更新年度\":2021,\"前年同一\":true},{\"筆ポリゴンID\":\"9d592a42-a2e8-4eb9-988b-469ed07c11c7\",\"発生年度\":2020}]]]","last_polygon_uuid":"bab97c7b-f463-48f9-b8e1-ac3b30e3ab88","prev_last_polygon_uuid":"ecaf9450-d98a-4f82-adba-f04a70ed244b","local_government_cd":"013315","point_lng":140.140103908,"point_lat":41.428507188}},{"arcs":[[1135,1136,1137]],"type":"Polygon","properties":{"polygon_uuid":"77c5c635-88e6-497b-b0f1-a9c003773c61","land_type":200,"issue_year":2024,"edit_year":2020,"history":"[{\"筆ポリゴンID\":\"b11e700c-d9d7-4eb3-ad52-2a35dab0f2c6\",\"更新年度\":2023,\"前年同一\":true},[{\"筆ポリゴンID\":\"7b72b306-4a81-4997-bf19-330335769b86\",\"更新年度\":2022,\"前年同一\":true},[{\"筆ポリゴンID\":\"690ba1b4-e9ca-4052-88d0-0df79ec77f06\",\"更新年度\":2021,\"前年同一\":true},{\"筆ポリゴンID\":\"690ba1b4-e9ca-4052-88d0-0df79ec77f06\",\"発生年度\":2020}]]]","last_polygon_uuid":"b11e700c-d9d7-4eb3-ad52-2a35dab0f2c6","prev_last_polygon_uuid":"7b72b306-4a81-4997-bf19-330335769b86","local_government_cd":"013315","point_lng":140.177025064,"point_lat":41.409684884}},{"arcs":[[1138,1139,1140,1141]],"type":"Polygon","properties":{"polygon_uuid":"43e2d7c9-319a-401d-a902-a414a3168475","land_type":200,"issue_year":2024,"edit_year":2020,"history":"[{\"筆ポリゴンID\":\"a3dece45-2280-467d-9615-0c8f9636ad3d\",\"更新年度\":2023,\"前年同一\":true},[{\"筆ポリゴンID\":\"cb7f40a7-72e3-482a-a793-1a5105715653\",\"更新年度\":2022,\"前年同一\":true},[{\"筆ポリゴンID\":\"4bceb1de-6e2f-4f51-a0af-4cce607fc4a8\",\"更新年度\":2021,\"前年同一\":true},{\"筆ポリゴンID\":\"4bceb1de-6e2f-4f51-a0af-4cce607fc4a8\",\"発生年度\":2020}]]]","last_polygon_uuid":"a3dece45-2280-467d-9615-0c8f9636ad3d","prev_last_polygon_uuid":"cb7f40a7-72e3-482a-a793-1a5105715653","local_government_cd":"013315","point_lng":140.173288302,"point_lat":41.413139533}},{"arcs":[[1142,1143,-690,1144,1145]],"type":"Polygon","properties":{"polygon_uuid":"bfe7ec92-2e17-4161-b28a-d3c032cc3163","land_type":200,"issue_year":2024,"edit_year":2020,"history":"[{\"筆ポリゴンID\":\"1ca5d9fa-3fd6-49da-879a-a1c4bde450f5\",\"更新年度\":2023,\"前年同一\":true},[{\"筆ポリゴンID\":\"8f2dcc5a-004e-45ef-8239-a903f00a0e0c\",\"更新年度\":2022,\"前年同一\":true},[{\"筆ポリゴンID\":\"df0b8a42-73e0-43a8-b30d-c2f25b932cf7\",\"更新年度\":2021,\"前年同一\":true},{\"筆ポリゴンID\":\"df0b8a42-73e0-43a8-b30d-c2f25b932cf7\",\"発生年度\":2020}]]]","last_polygon_uuid":"1ca5d9fa-3fd6-49da-879a-a1c4bde450f5","prev_last_polygon_uuid":"8f2dcc5a-004e-45ef-8239-a903f00a0e0c","local_government_cd":"013315","point_lng":140.173603697,"point_lat":41.413618101}},{"arcs":[[1146,-1080,-580,-638]],"type":"Polygon","properties":{"polygon_uuid":"bc1ee20d-a557-4d15-b72f-b8d43cf87f7e","land_type":200,"issue_year":2024,"edit_year":2020,"history":"[{\"筆ポリゴンID\":\"8752e983-17b0-4c61-99c5-fb3075d77e5e\",\"更新年度\":2023,\"前年同一\":true},[{\"筆ポリゴンID\":\"ae95c0b6-e4b9-4dc7-9349-7805edc59c1f\",\"更新年度\":2022,\"前年同一\":true},[{\"筆ポリゴンID\":\"2b924400-a3a5-4a1d-863e-c4c28240d769\",\"更新年度\":2021,\"前年同一\":true},{\"筆ポリゴンID\":\"2b924400-a3a5-4a1d-863e-c4c28240d769\",\"発生年度\":2020}]]]","last_polygon_uuid":"8752e983-17b0-4c61-99c5-fb3075d77e5e","prev_last_polygon_uuid":"ae95c0b6-e4b9-4dc7-9349-7805edc59c1f","local_government_cd":"013315","point_lng":140.096342929,"point_lat":41.428600176}},{"arcs":[[1147]],"type":"Polygon","properties":{"polygon_uuid":"96452a46-2176-4354-8ca2-9b5204367aeb","land_type":200,"issue_year":2024,"edit_year":2020,"history":"[{\"筆ポリゴンID\":\"e685eb6a-6bc6-4fdf-a127-17104b0b83f3\",\"更新年度\":2023,\"前年同一\":true},[{\"筆ポリゴンID\":\"e6fc2218-3096-451e-b83b-8bf87327dc3d\",\"更新年度\":2022,\"前年同一\":true},[{\"筆ポリゴンID\":\"f60d3bb7-7175-4850-8a15-cedbc31e51d0\",\"更新年度\":2021,\"前年同一\":true},{\"筆ポリゴンID\":\"f60d3bb7-7175-4850-8a15-cedbc31e51d0\",\"発生年度\":2020}]]]","last_polygon_uuid":"e685eb6a-6bc6-4fdf-a127-17104b0b83f3","prev_last_polygon_uuid":"e6fc2218-3096-451e-b83b-8bf87327dc3d","local_government_cd":"013315","point_lng":140.088370315,"point_lat":41.422254222}},{"arcs":[[1148]],"type":"Polygon","properties":{"polygon_uuid":"37527bba-61bb-4105-a94e-49eae3a00f65","land_type":200,"issue_year":2024,"edit_year":2020,"history":"[{\"筆ポリゴンID\":\"627f11f3-e0b8-4cc7-917c-cd120b7db31a\",\"更新年度\":2023,\"前年同一\":true},[{\"筆ポリゴンID\":\"5571a5bc-7702-4a43-b5ce-1e89f7d12659\",\"更新年度\":2022,\"前年同一\":true},[{\"筆ポリゴンID\":\"437adf05-b9ac-4c1a-8391-6d23865089d4\",\"更新年度\":2021,\"前年同一\":true},{\"筆ポリゴンID\":\"437adf05-b9ac-4c1a-8391-6d23865089d4\",\"発生年度\":2020}]]]","last_polygon_uuid":"627f11f3-e0b8-4cc7-917c-cd120b7db31a","prev_last_polygon_uuid":"5571a5bc-7702-4a43-b5ce-1e89f7d12659","local_government_cd":"013315","point_lng":140.162262127,"point_lat":41.422212865}},{"arcs":[[1149,1150,1151,-1072]],"type":"Polygon","properties":{"polygon_uuid":"ecbb3a19-97fd-41e5-8d7f-bfe410e39af3","land_type":200,"issue_year":2024,"edit_year":2020,"history":"[{\"筆ポリゴンID\":\"7145d628-93ce-4080-9286-8fdf9b0e40cf\",\"更新年度\":2023,\"前年同一\":true},[{\"筆ポリゴンID\":\"75f93947-d90f-40ea-962e-899c699c43bb\",\"更新年度\":2022,\"前年同一\":true},[{\"筆ポリゴンID\":\"4fdc82b6-7623-4e93-836f-12f2fd4ba840\",\"更新年度\":2021,\"前年同一\":true},{\"筆ポリゴンID\":\"4fdc82b6-7623-4e93-836f-12f2fd4ba840\",\"発生年度\":2020}]]]","last_polygon_uuid":"7145d628-93ce-4080-9286-8fdf9b0e40cf","prev_last_polygon_uuid":"75f93947-d90f-40ea-962e-899c699c43bb","local_government_cd":"013315","point_lng":140.175819625,"point_lat":41.412371615}},{"arcs":[[1152,-1063]],"type":"Polygon","properties":{"polygon_uuid":"5cb19af7-9b2c-4f76-9c28-3eb4690b5968","land_type":200,"issue_year":2024,"edit_year":2020,"history":"[{\"筆ポリゴンID\":\"3ca6843f-4e80-4405-8add-f44623d81268\",\"更新年度\":2023,\"前年同一\":true},[{\"筆ポリゴンID\":\"9d815c0a-db18-4261-909b-55f7803ef41f\",\"更新年度\":2022,\"前年同一\":true},[{\"筆ポリゴンID\":\"51c4bdc1-043a-4be2-8a19-297851c1c05d\",\"更新年度\":2021,\"前年同一\":true},{\"筆ポリゴンID\":\"51c4bdc1-043a-4be2-8a19-297851c1c05d\",\"発生年度\":2020}]]]","last_polygon_uuid":"3ca6843f-4e80-4405-8add-f44623d81268","prev_last_polygon_uuid":"9d815c0a-db18-4261-909b-55f7803ef41f","local_government_cd":"013315","point_lng":140.164506483,"point_lat":41.419192139}},{"arcs":[[1153,-913,-1130,1154]],"type":"Polygon","properties":{"polygon_uuid":"e1a9de57-7779-4cb6-93af-f9da0d18cc39","land_type":200,"issue_year":2024,"edit_year":2020,"history":"[{\"筆ポリゴンID\":\"62cc4993-217f-450c-a4ed-34ba5c133dd3\",\"更新年度\":2023,\"前年同一\":true},[{\"筆ポリゴンID\":\"956288b0-bdbc-4e92-adb7-7e0fcf7b9f46\",\"更新年度\":2022,\"前年同一\":true},[{\"筆ポリゴンID\":\"6083e3f9-99a0-435d-ac35-cf306227fd2d\",\"更新年度\":2021,\"前年同一\":true},{\"筆ポリゴンID\":\"6083e3f9-99a0-435d-ac35-cf306227fd2d\",\"発生年度\":2020}]]]","last_polygon_uuid":"62cc4993-217f-450c-a4ed-34ba5c133dd3","prev_last_polygon_uuid":"956288b0-bdbc-4e92-adb7-7e0fcf7b9f46","local_government_cd":"013315","point_lng":140.121483497,"point_lat":41.431528445}},{"arcs":[[1155]],"type":"Polygon","properties":{"polygon_uuid":"6f4d2ef4-6d5c-4257-8201-987f7423d4a5","land_type":200,"issue_year":2024,"edit_year":2020,"history":"[{\"筆ポリゴンID\":\"883fcc2b-c487-40fb-bb64-0340e817921a\",\"更新年度\":2023,\"前年同一\":true},[{\"筆ポリゴンID\":\"4ae159f1-0622-4970-84d3-400442496747\",\"更新年度\":2022,\"前年同一\":true},[{\"筆ポリゴンID\":\"1f4fc313-6a8e-4302-b37e-41d2c8145762\",\"更新年度\":2021,\"前年同一\":true},{\"筆ポリゴンID\":\"1f4fc313-6a8e-4302-b37e-41d2c8145762\",\"発生年度\":2020}]]]","last_polygon_uuid":"883fcc2b-c487-40fb-bb64-0340e817921a","prev_last_polygon_uuid":"4ae159f1-0622-4970-84d3-400442496747","local_government_cd":"013315","point_lng":140.005790377,"point_lat":41.524679265}},{"arcs":[[1156,1157,1158,1159]],"type":"Polygon","properties":{"polygon_uuid":"aa9c5d44-2288-4600-b6ee-8cbe1b251cb8","land_type":200,"issue_year":2024,"edit_year":2020,"history":"[{\"筆ポリゴンID\":\"cd9d16d1-a771-4a6b-af9e-58e03427e389\",\"更新年度\":2023,\"前年同一\":true},[{\"筆ポリゴンID\":\"0ce1be5f-0af8-448d-b1ae-5103657e4a22\",\"更新年度\":2022,\"前年同一\":true},[{\"筆ポリゴンID\":\"795e2f39-d799-44dd-a748-c285bf1ad5d5\",\"更新年度\":2021,\"前年同一\":true},{\"筆ポリゴンID\":\"795e2f39-d799-44dd-a748-c285bf1ad5d5\",\"発生年度\":2020}]]]","last_polygon_uuid":"cd9d16d1-a771-4a6b-af9e-58e03427e389","prev_last_polygon_uuid":"0ce1be5f-0af8-448d-b1ae-5103657e4a22","local_government_cd":"013315","point_lng":140.094388134,"point_lat":41.428349401}},{"arcs":[[1160]],"type":"Polygon","properties":{"polygon_uuid":"4e997f56-10f2-434e-abc8-8ec33f37f995","land_type":200,"issue_year":2024,"edit_year":2020,"history":"[{\"筆ポリゴンID\":\"94d9f30f-cef2-4ca6-a62d-9eaffc146193\",\"更新年度\":2023,\"前年同一\":true},[{\"筆ポリゴンID\":\"8870d6ba-5045-4468-a7e5-29af20d7b76d\",\"更新年度\":2022,\"前年同一\":true},[{\"筆ポリゴンID\":\"d0f2440d-1f1b-42bb-b044-fad55bdc1244\",\"更新年度\":2021,\"前年同一\":true},{\"筆ポリゴンID\":\"d0f2440d-1f1b-42bb-b044-fad55bdc1244\",\"発生年度\":2020}]]]","last_polygon_uuid":"94d9f30f-cef2-4ca6-a62d-9eaffc146193","prev_last_polygon_uuid":"8870d6ba-5045-4468-a7e5-29af20d7b76d","local_government_cd":"013315","point_lng":139.995039469,"point_lat":41.544746268}},{"arcs":[[1161]],"type":"Polygon","properties":{"polygon_uuid":"fadca7af-0d06-4661-989f-f8fbb061a20d","land_type":200,"issue_year":2024,"edit_year":2020,"history":"[{\"筆ポリゴンID\":\"3b581cd1-a392-4750-badb-5200c98a326f\",\"更新年度\":2023,\"前年同一\":true},[{\"筆ポリゴンID\":\"bbba45d7-4bc9-4e26-b14b-722bdbcaf909\",\"更新年度\":2022,\"前年同一\":true},[{\"筆ポリゴンID\":\"5835f1c2-7757-41b7-9e1d-fe24663e58d9\",\"更新年度\":2021,\"前年同一\":true},{\"筆ポリゴンID\":\"5835f1c2-7757-41b7-9e1d-fe24663e58d9\",\"発生年度\":2020}]]]","last_polygon_uuid":"3b581cd1-a392-4750-badb-5200c98a326f","prev_last_polygon_uuid":"bbba45d7-4bc9-4e26-b14b-722bdbcaf909","local_government_cd":"013315","point_lng":140.172654042,"point_lat":41.415610853}},{"arcs":[[1162]],"type":"Polygon","properties":{"polygon_uuid":"48d5c0bd-a57b-4527-b7d5-f35b8f1c4544","land_type":200,"issue_year":2024,"edit_year":2020,"history":"[{\"筆ポリゴンID\":\"36ca6012-87da-49c4-852d-6b0307a867e3\",\"更新年度\":2023,\"前年同一\":true},[{\"筆ポリゴンID\":\"abff4719-0a52-4841-a2dc-5c6c8a7aa49e\",\"更新年度\":2022,\"前年同一\":true},[{\"筆ポリゴンID\":\"e408d3ab-82de-429e-ae27-c705b415cf5f\",\"更新年度\":2021,\"前年同一\":true},{\"筆ポリゴンID\":\"e408d3ab-82de-429e-ae27-c705b415cf5f\",\"発生年度\":2020}]]]","last_polygon_uuid":"36ca6012-87da-49c4-852d-6b0307a867e3","prev_last_polygon_uuid":"abff4719-0a52-4841-a2dc-5c6c8a7aa49e","local_government_cd":"013315","point_lng":140.103081445,"point_lat":41.43038302}},{"arcs":[[1163]],"type":"Polygon","properties":{"polygon_uuid":"d4e8cb3a-be14-433f-9c30-7ee5c6007db9","land_type":200,"issue_year":2024,"edit_year":2020,"history":"[{\"筆ポリゴンID\":\"35bcc201-5211-410e-9101-24da6175ec75\",\"更新年度\":2023,\"前年同一\":true},[{\"筆ポリゴンID\":\"20a4b6a4-e36a-42df-a0cd-9ced38f5cd21\",\"更新年度\":2022,\"前年同一\":true},[{\"筆ポリゴンID\":\"7db2bf14-b032-4a2f-92e5-a42577ba3b03\",\"更新年度\":2021,\"前年同一\":true},{\"筆ポリゴンID\":\"7db2bf14-b032-4a2f-92e5-a42577ba3b03\",\"発生年度\":2020}]]]","last_polygon_uuid":"35bcc201-5211-410e-9101-24da6175ec75","prev_last_polygon_uuid":"20a4b6a4-e36a-42df-a0cd-9ced38f5cd21","local_government_cd":"013315","point_lng":140.087218358,"point_lat":41.425902459}},{"arcs":[[1164,1165]],"type":"Polygon","properties":{"polygon_uuid":"7abc04f3-3580-4639-bd08-087e15dea664","land_type":200,"issue_year":2024,"edit_year":2020,"history":"[{\"筆ポリゴンID\":\"f9dcc98e-2ea0-4cc6-aabb-330f9151f8e9\",\"更新年度\":2023,\"前年同一\":true},[{\"筆ポリゴンID\":\"c58a40fc-8e02-48ff-862e-fdadda09db90\",\"更新年度\":2022,\"前年同一\":true},[{\"筆ポリゴンID\":\"8294f239-f8fb-4ad3-90ec-41b07d4d0232\",\"更新年度\":2021,\"前年同一\":true},{\"筆ポリゴンID\":\"8294f239-f8fb-4ad3-90ec-41b07d4d0232\",\"発生年度\":2020}]]]","last_polygon_uuid":"f9dcc98e-2ea0-4cc6-aabb-330f9151f8e9","prev_last_polygon_uuid":"c58a40fc-8e02-48ff-862e-fdadda09db90","local_government_cd":"013315","point_lng":140.094003358,"point_lat":41.428288685}},{"arcs":[[1166,-1136,1167]],"type":"Polygon","properties":{"polygon_uuid":"9b6d9a01-9096-406f-b921-b6f7716dfc48","land_type":200,"issue_year":2024,"edit_year":2020,"history":"[{\"筆ポリゴンID\":\"9e1362a5-d596-46a9-adac-283accc4285d\",\"更新年度\":2023,\"前年同一\":true},[{\"筆ポリゴンID\":\"eb7a3e49-80a8-41f2-a9ea-4cac73e61a88\",\"更新年度\":2022,\"前年同一\":true},[{\"筆ポリゴンID\":\"cfb47c66-3224-4e93-87d8-d7d2fece0b25\",\"更新年度\":2021,\"前年同一\":true},{\"筆ポリゴンID\":\"cfb47c66-3224-4e93-87d8-d7d2fece0b25\",\"発生年度\":2020}]]]","last_polygon_uuid":"9e1362a5-d596-46a9-adac-283accc4285d","prev_last_polygon_uuid":"eb7a3e49-80a8-41f2-a9ea-4cac73e61a88","local_government_cd":"013315","point_lng":140.176885139,"point_lat":41.409514429}},{"arcs":[[1168,1169,-1157,1170]],"type":"Polygon","properties":{"polygon_uuid":"94f3eca6-404f-4a32-a6e1-2e11180ea702","land_type":200,"issue_year":2024,"edit_year":2020,"history":"[{\"筆ポリゴンID\":\"3e6dc2f9-4159-484b-8075-f92d1a32f00b\",\"更新年度\":2023,\"前年同一\":true},[{\"筆ポリゴンID\":\"64d06b1e-10e0-46c0-95fa-a61b5fde7a08\",\"更新年度\":2022,\"前年同一\":true},[{\"筆ポリゴンID\":\"3aeb74a5-9871-442a-b5c4-b7b1a7e3ac4c\",\"更新年度\":2021,\"前年同一\":true},{\"筆ポリゴンID\":\"3aeb74a5-9871-442a-b5c4-b7b1a7e3ac4c\",\"発生年度\":2020}]]]","last_polygon_uuid":"3e6dc2f9-4159-484b-8075-f92d1a32f00b","prev_last_polygon_uuid":"64d06b1e-10e0-46c0-95fa-a61b5fde7a08","local_government_cd":"013315","point_lng":140.094399705,"point_lat":41.42828672}},{"arcs":[[1171]],"type":"Polygon","properties":{"polygon_uuid":"dc1f37be-bc20-4b1b-a50b-1e35b4f03c21","land_type":200,"issue_year":2024,"edit_year":2020,"history":"[{\"筆ポリゴンID\":\"1bc037fa-ef84-4500-bb4b-51fdcd81cffe\",\"更新年度\":2023,\"前年同一\":true},[{\"筆ポリゴンID\":\"66be27dc-6f20-483d-b0ca-d70690cfa731\",\"更新年度\":2022,\"前年同一\":true},[{\"筆ポリゴンID\":\"1c7a1302-18c1-4dd2-a183-8f57e42e16da\",\"更新年度\":2021,\"前年同一\":true},{\"筆ポリゴンID\":\"1c7a1302-18c1-4dd2-a183-8f57e42e16da\",\"発生年度\":2020}]]]","last_polygon_uuid":"1bc037fa-ef84-4500-bb4b-51fdcd81cffe","prev_last_polygon_uuid":"66be27dc-6f20-483d-b0ca-d70690cfa731","local_government_cd":"013315","point_lng":140.1153504,"point_lat":41.43235938}},{"arcs":[[1172]],"type":"Polygon","properties":{"polygon_uuid":"3568b6b9-16a3-4350-8dc4-c0ea78218a38","land_type":200,"issue_year":2024,"edit_year":2020,"history":"[{\"筆ポリゴンID\":\"395e7064-65ed-4b34-9e22-0c3eb69e94ce\",\"更新年度\":2023,\"前年同一\":true},[{\"筆ポリゴンID\":\"1f55b292-59b3-4a62-823e-d0b85225050a\",\"更新年度\":2022,\"前年同一\":true},[{\"筆ポリゴンID\":\"f1541110-9125-49ac-b1bb-fdf849b7d567\",\"更新年度\":2021,\"前年同一\":true},{\"筆ポリゴンID\":\"f1541110-9125-49ac-b1bb-fdf849b7d567\",\"発生年度\":2020}]]]","last_polygon_uuid":"395e7064-65ed-4b34-9e22-0c3eb69e94ce","prev_last_polygon_uuid":"1f55b292-59b3-4a62-823e-d0b85225050a","local_government_cd":"013315","point_lng":140.015297367,"point_lat":41.504252429}},{"arcs":[[1173]],"type":"Polygon","properties":{"polygon_uuid":"76178701-dbdc-4455-989d-234b74ca8ab7","land_type":200,"issue_year":2024,"edit_year":2020,"history":"[{\"筆ポリゴンID\":\"c9838049-08f4-4b47-9dca-a0e10a52256a\",\"更新年度\":2023,\"前年同一\":true},[{\"筆ポリゴンID\":\"3a529b17-1ee6-48e1-959c-84c4789f318d\",\"更新年度\":2022,\"前年同一\":true},[{\"筆ポリゴンID\":\"82f68297-211f-4bb1-b35c-5030c375cf9b\",\"更新年度\":2021,\"前年同一\":true},{\"筆ポリゴンID\":\"82f68297-211f-4bb1-b35c-5030c375cf9b\",\"発生年度\":2020}]]]","last_polygon_uuid":"c9838049-08f4-4b47-9dca-a0e10a52256a","prev_last_polygon_uuid":"3a529b17-1ee6-48e1-959c-84c4789f318d","local_government_cd":"013315","point_lng":140.018393882,"point_lat":41.501625887}},{"arcs":[[1174]],"type":"Polygon","properties":{"polygon_uuid":"7d82abc4-10a6-4e64-9f9f-0f0c7a6574c2","land_type":200,"issue_year":2024,"edit_year":2020,"history":"[{\"筆ポリゴンID\":\"ecdefe96-a0f8-46e2-9f0a-a04763350f80\",\"更新年度\":2023,\"前年同一\":true},[{\"筆ポリゴンID\":\"cb5e6cb4-6212-439f-8811-ea33a6b1db5b\",\"更新年度\":2022,\"前年同一\":true},[{\"筆ポリゴンID\":\"3763e1f6-b687-49b3-b729-95a20922a1d9\",\"更新年度\":2021,\"前年同一\":true},{\"筆ポリゴンID\":\"3763e1f6-b687-49b3-b729-95a20922a1d9\",\"発生年度\":2020}]]]","last_polygon_uuid":"ecdefe96-a0f8-46e2-9f0a-a04763350f80","prev_last_polygon_uuid":"cb5e6cb4-6212-439f-8811-ea33a6b1db5b","local_government_cd":"013315","point_lng":139.986959558,"point_lat":41.599135255}},{"arcs":[[-1115,1175]],"type":"Polygon","properties":{"polygon_uuid":"db42c8ef-8034-4c4c-a2e0-c5a2db4104d0","land_type":200,"issue_year":2024,"edit_year":2020,"history":"[{\"筆ポリゴンID\":\"671a073c-2886-400b-b0b5-4ae8ebaef17f\",\"更新年度\":2023,\"前年同一\":true},[{\"筆ポリゴンID\":\"0d0bdde3-28a1-4b81-950e-0f3f191f5019\",\"更新年度\":2022,\"前年同一\":true},[{\"筆ポリゴンID\":\"79061a48-1efe-48a7-a1c4-f73cf10670d4\",\"更新年度\":2021,\"前年同一\":true},{\"筆ポリゴンID\":\"79061a48-1efe-48a7-a1c4-f73cf10670d4\",\"発生年度\":2020}]]]","last_polygon_uuid":"671a073c-2886-400b-b0b5-4ae8ebaef17f","prev_last_polygon_uuid":"0d0bdde3-28a1-4b81-950e-0f3f191f5019","local_government_cd":"013315","point_lng":140.09480923,"point_lat":41.427673804}},{"arcs":[[1176,-1165,1177]],"type":"Polygon","properties":{"polygon_uuid":"4a14881c-fcd9-441c-873a-42a8067bb520","land_type":200,"issue_year":2024,"edit_year":2020,"history":"[{\"筆ポリゴンID\":\"dc20e1dd-17ae-403e-a7b0-20a197250dd7\",\"更新年度\":2023,\"前年同一\":true},[{\"筆ポリゴンID\":\"044448e0-3367-473e-8f53-903855451b26\",\"更新年度\":2022,\"前年同一\":true},[{\"筆ポリゴンID\":\"66237cac-b87f-4ecd-9a63-d269dd1b6b3d\",\"更新年度\":2021,\"前年同一\":true},{\"筆ポリゴンID\":\"66237cac-b87f-4ecd-9a63-d269dd1b6b3d\",\"発生年度\":2020}]]]","last_polygon_uuid":"dc20e1dd-17ae-403e-a7b0-20a197250dd7","prev_last_polygon_uuid":"044448e0-3367-473e-8f53-903855451b26","local_government_cd":"013315","point_lng":140.094010229,"point_lat":41.428208463}},{"arcs":[[1178,1179,1180,1181,-1068]],"type":"Polygon","properties":{"polygon_uuid":"636b7a43-d128-4255-9b03-772257a96260","land_type":200,"issue_year":2024,"edit_year":2020,"history":"[{\"筆ポリゴンID\":\"14b1e60a-ac38-4f2f-8249-4a93744a81cc\",\"更新年度\":2023,\"前年同一\":true},[{\"筆ポリゴンID\":\"d5268ed0-3394-47fe-8c75-42b27e13e868\",\"更新年度\":2022,\"前年同一\":true},[{\"筆ポリゴンID\":\"7ed9f4dd-ba07-4f2b-ae2e-a57f6ca78aa3\",\"更新年度\":2021,\"前年同一\":true},{\"筆ポリゴンID\":\"7ed9f4dd-ba07-4f2b-ae2e-a57f6ca78aa3\",\"発生年度\":2020}]]]","last_polygon_uuid":"14b1e60a-ac38-4f2f-8249-4a93744a81cc","prev_last_polygon_uuid":"d5268ed0-3394-47fe-8c75-42b27e13e868","local_government_cd":"013315","point_lng":140.121756784,"point_lat":41.431118855}},{"arcs":[[1182]],"type":"Polygon","properties":{"polygon_uuid":"7fee49e0-bfb7-483d-bdc9-fc58d1ea1ef7","land_type":200,"issue_year":2024,"edit_year":2020,"history":"[{\"筆ポリゴンID\":\"9da25f24-58e5-45e4-8736-7420fc165209\",\"更新年度\":2023,\"前年同一\":true},[{\"筆ポリゴンID\":\"a00e8e5b-36b1-4943-b6b4-701a9e6468a8\",\"更新年度\":2022,\"前年同一\":true},[{\"筆ポリゴンID\":\"22214a9f-e95e-429e-9b0a-95491085d538\",\"更新年度\":2021,\"前年同一\":true},{\"筆ポリゴンID\":\"22214a9f-e95e-429e-9b0a-95491085d538\",\"発生年度\":2020}]]]","last_polygon_uuid":"9da25f24-58e5-45e4-8736-7420fc165209","prev_last_polygon_uuid":"a00e8e5b-36b1-4943-b6b4-701a9e6468a8","local_government_cd":"013315","point_lng":140.03113121,"point_lat":41.469872057}},{"arcs":[[1183,1184,-1169]],"type":"Polygon","properties":{"polygon_uuid":"f9fc9e37-23b8-444c-bbdf-59dff6e207c6","land_type":200,"issue_year":2024,"edit_year":2020,"history":"[{\"筆ポリゴンID\":\"6fbbd28b-2e5e-423a-b923-c5f577a56608\",\"更新年度\":2023,\"前年同一\":true},[{\"筆ポリゴンID\":\"419a5d34-3060-4509-963a-4d3c9ee3077e\",\"更新年度\":2022,\"前年同一\":true},[{\"筆ポリゴンID\":\"07ea3c70-2da4-4193-b534-f1a6ebb0cb3a\",\"更新年度\":2021,\"前年同一\":true},{\"筆ポリゴンID\":\"07ea3c70-2da4-4193-b534-f1a6ebb0cb3a\",\"発生年度\":2020}]]]","last_polygon_uuid":"6fbbd28b-2e5e-423a-b923-c5f577a56608","prev_last_polygon_uuid":"419a5d34-3060-4509-963a-4d3c9ee3077e","local_government_cd":"013315","point_lng":140.094409972,"point_lat":41.428235363}},{"arcs":[[-348,-725,1185]],"type":"Polygon","properties":{"polygon_uuid":"6d498098-ac83-4702-bb80-d43fd70ac3e6","land_type":200,"issue_year":2024,"edit_year":2020,"history":"[{\"筆ポリゴンID\":\"f81d3437-a039-4cae-9f51-6589810bb793\",\"更新年度\":2023,\"前年同一\":true},[{\"筆ポリゴンID\":\"e67c8ccb-3717-46ef-8c1a-2710db6ea165\",\"更新年度\":2022,\"前年同一\":true},[{\"筆ポリゴンID\":\"9c88bb8e-3a21-4d5c-b4da-251181247950\",\"更新年度\":2021,\"前年同一\":true},{\"筆ポリゴンID\":\"9c88bb8e-3a21-4d5c-b4da-251181247950\",\"発生年度\":2020}]]]","last_polygon_uuid":"f81d3437-a039-4cae-9f51-6589810bb793","prev_last_polygon_uuid":"e67c8ccb-3717-46ef-8c1a-2710db6ea165","local_government_cd":"013315","point_lng":140.123773853,"point_lat":41.430218697}},{"arcs":[[1186]],"type":"Polygon","properties":{"polygon_uuid":"cbfc1c71-f6ed-4dc5-8e02-cc0e258d56f9","land_type":200,"issue_year":2024,"edit_year":2020,"history":"[{\"筆ポリゴンID\":\"88384565-5e80-4c5c-a34b-6bb13b7caeda\",\"更新年度\":2023,\"前年同一\":true},[{\"筆ポリゴンID\":\"d48b7020-b4ce-4ff5-b76b-35553242209f\",\"更新年度\":2022,\"前年同一\":true},[{\"筆ポリゴンID\":\"7aa483a5-15e9-46f6-a0d0-4bfd5b7d36b8\",\"更新年度\":2021,\"前年同一\":true},{\"筆ポリゴンID\":\"7aa483a5-15e9-46f6-a0d0-4bfd5b7d36b8\",\"発生年度\":2020}]]]","last_polygon_uuid":"88384565-5e80-4c5c-a34b-6bb13b7caeda","prev_last_polygon_uuid":"d48b7020-b4ce-4ff5-b76b-35553242209f","local_government_cd":"013315","point_lng":140.134405939,"point_lat":41.429158787}},{"arcs":[[1187]],"type":"Polygon","properties":{"polygon_uuid":"5acde08f-dd94-488f-8b96-67b7721740b2","land_type":200,"issue_year":2024,"edit_year":2020,"history":"[{\"筆ポリゴンID\":\"5632df1b-d625-4897-8631-b673c1acc8a7\",\"更新年度\":2023,\"前年同一\":true},[{\"筆ポリゴンID\":\"9f85a3a7-e9ef-4de1-aee4-e0e3467b5bc5\",\"更新年度\":2022,\"前年同一\":true},[{\"筆ポリゴンID\":\"d628ef2b-e2c2-41fd-93cf-98accde3afcc\",\"更新年度\":2021,\"前年同一\":true},{\"筆ポリゴンID\":\"d628ef2b-e2c2-41fd-93cf-98accde3afcc\",\"発生年度\":2020}]]]","last_polygon_uuid":"5632df1b-d625-4897-8631-b673c1acc8a7","prev_last_polygon_uuid":"9f85a3a7-e9ef-4de1-aee4-e0e3467b5bc5","local_government_cd":"013315","point_lng":139.994861497,"point_lat":41.544715024}},{"arcs":[[1188]],"type":"Polygon","properties":{"polygon_uuid":"0599ed07-63c7-4925-9451-baeaf58d7543","land_type":200,"issue_year":2024,"edit_year":2020,"history":"[{\"筆ポリゴンID\":\"51d4ac10-c6be-428a-9fcd-34687156013f\",\"更新年度\":2023,\"前年同一\":true},[{\"筆ポリゴンID\":\"5274ebf1-ce2b-416e-a5ed-c995031967f3\",\"更新年度\":2022,\"前年同一\":true},[{\"筆ポリゴンID\":\"03fb8ef8-534f-4e87-b2aa-a9b53034ee08\",\"更新年度\":2021,\"前年同一\":true},{\"筆ポリゴンID\":\"03fb8ef8-534f-4e87-b2aa-a9b53034ee08\",\"発生年度\":2020}]]]","last_polygon_uuid":"51d4ac10-c6be-428a-9fcd-34687156013f","prev_last_polygon_uuid":"5274ebf1-ce2b-416e-a5ed-c995031967f3","local_government_cd":"013315","point_lng":140.047742984,"point_lat":41.447017709}},{"arcs":[[1189]],"type":"Polygon","properties":{"polygon_uuid":"0074a2f2-8a51-49a5-9325-ba713519ad80","land_type":200,"issue_year":2024,"edit_year":2020,"history":"[{\"筆ポリゴンID\":\"bee3a122-8142-4600-a7ba-3c8195998bf1\",\"更新年度\":2023,\"前年同一\":true},[{\"筆ポリゴンID\":\"dc35103a-1f9b-49c1-aa6b-f2ff5d8ad330\",\"更新年度\":2022,\"前年同一\":true},[{\"筆ポリゴンID\":\"d084e107-ad8b-479a-bf73-89b80c1d584b\",\"更新年度\":2021,\"前年同一\":true},{\"筆ポリゴンID\":\"d084e107-ad8b-479a-bf73-89b80c1d584b\",\"発生年度\":2020}]]]","last_polygon_uuid":"bee3a122-8142-4600-a7ba-3c8195998bf1","prev_last_polygon_uuid":"dc35103a-1f9b-49c1-aa6b-f2ff5d8ad330","local_government_cd":"013315","point_lng":139.987562735,"point_lat":41.555010901}},{"arcs":[[1190]],"type":"Polygon","properties":{"polygon_uuid":"65a3874a-807a-4ec3-9ffe-28c4d7deb4b0","land_type":200,"issue_year":2024,"edit_year":2020,"history":"[{\"筆ポリゴンID\":\"d6432b34-6241-4fd7-a472-897798bd6fbe\",\"更新年度\":2023,\"前年同一\":true},[{\"筆ポリゴンID\":\"ee21660e-3fd6-42fb-8fe9-b899ebabdf8a\",\"更新年度\":2022,\"前年同一\":true},[{\"筆ポリゴンID\":\"3b86985a-ff05-4446-a2ae-081efc3931e2\",\"更新年度\":2021,\"前年同一\":true},{\"筆ポリゴンID\":\"3b86985a-ff05-4446-a2ae-081efc3931e2\",\"発生年度\":2020}]]]","last_polygon_uuid":"d6432b34-6241-4fd7-a472-897798bd6fbe","prev_last_polygon_uuid":"ee21660e-3fd6-42fb-8fe9-b899ebabdf8a","local_government_cd":"013315","point_lng":139.987972764,"point_lat":41.554908462}},{"arcs":[[1191,-1033]],"type":"Polygon","properties":{"polygon_uuid":"8b168e41-c497-4b22-bbe5-189d485b65dd","land_type":200,"issue_year":2024,"edit_year":2020,"history":"[{\"筆ポリゴンID\":\"ce4b1293-d12f-40a1-94ad-c08120e1d6b6\",\"更新年度\":2023,\"前年同一\":true},[{\"筆ポリゴンID\":\"19cf6e57-df0a-4ef2-b4e4-55ac9e875f20\",\"更新年度\":2022,\"前年同一\":true},[{\"筆ポリゴンID\":\"28c0ae18-94ae-4dbf-8b64-c46d5d8a933b\",\"更新年度\":2021,\"前年同一\":true},{\"筆ポリゴンID\":\"28c0ae18-94ae-4dbf-8b64-c46d5d8a933b\",\"発生年度\":2020}]]]","last_polygon_uuid":"ce4b1293-d12f-40a1-94ad-c08120e1d6b6","prev_last_polygon_uuid":"19cf6e57-df0a-4ef2-b4e4-55ac9e875f20","local_government_cd":"013315","point_lng":140.096190446,"point_lat":41.425907535}},{"arcs":[[-565,1192,-1070,1193,-708]],"type":"Polygon","properties":{"polygon_uuid":"a3f88684-ec58-4f5a-9185-f4b2ac93e6f6","land_type":200,"issue_year":2024,"edit_year":2020,"history":"[{\"筆ポリゴンID\":\"232beaf8-f138-436a-88a1-84668d083d34\",\"更新年度\":2023,\"前年同一\":true},[{\"筆ポリゴンID\":\"36129720-9086-400d-8ced-17fd1c781eda\",\"更新年度\":2022,\"前年同一\":true},[{\"筆ポリゴンID\":\"d26076bf-962d-45ed-8a86-9e6e89fde33a\",\"更新年度\":2021,\"前年同一\":true},{\"筆ポリゴンID\":\"d26076bf-962d-45ed-8a86-9e6e89fde33a\",\"発生年度\":2020}]]]","last_polygon_uuid":"232beaf8-f138-436a-88a1-84668d083d34","prev_last_polygon_uuid":"36129720-9086-400d-8ced-17fd1c781eda","local_government_cd":"013315","point_lng":140.124425389,"point_lat":41.430743262}},{"arcs":[[1194]],"type":"Polygon","properties":{"polygon_uuid":"cdc95b97-d337-482a-b276-ee2c6037f2af","land_type":200,"issue_year":2024,"edit_year":2020,"history":"[{\"筆ポリゴンID\":\"a1138afb-de9d-4426-b307-cc47767a5f6d\",\"更新年度\":2023,\"前年同一\":true},[{\"筆ポリゴンID\":\"711ec5bd-b517-464f-b375-3b5919888780\",\"更新年度\":2022,\"前年同一\":true},[{\"筆ポリゴンID\":\"16039984-6f92-4ee6-80bb-f0c3a9b52656\",\"更新年度\":2021,\"前年同一\":true},{\"筆ポリゴンID\":\"16039984-6f92-4ee6-80bb-f0c3a9b52656\",\"発生年度\":2020}]]]","last_polygon_uuid":"a1138afb-de9d-4426-b307-cc47767a5f6d","prev_last_polygon_uuid":"711ec5bd-b517-464f-b375-3b5919888780","local_government_cd":"013315","point_lng":140.015522584,"point_lat":41.504347214}},{"arcs":[[1195]],"type":"Polygon","properties":{"polygon_uuid":"14dc88f5-1f9a-4b40-8067-66a9a3a082e3","land_type":200,"issue_year":2024,"edit_year":2020,"history":"[{\"筆ポリゴンID\":\"5a77a49c-719f-41be-bbb0-12930a2b94ba\",\"更新年度\":2023,\"前年同一\":true},[{\"筆ポリゴンID\":\"bdf96303-0559-455b-a5de-439f0a3eccb0\",\"更新年度\":2022,\"前年同一\":true},[{\"筆ポリゴンID\":\"eaf851ef-2263-4892-b360-3f50f48b09b2\",\"更新年度\":2021,\"前年同一\":true},{\"筆ポリゴンID\":\"eaf851ef-2263-4892-b360-3f50f48b09b2\",\"発生年度\":2020}]]]","last_polygon_uuid":"5a77a49c-719f-41be-bbb0-12930a2b94ba","prev_last_polygon_uuid":"bdf96303-0559-455b-a5de-439f0a3eccb0","local_government_cd":"013315","point_lng":139.989130952,"point_lat":41.550579543}},{"arcs":[[1196]],"type":"Polygon","properties":{"polygon_uuid":"604b3e07-d343-40c3-bfa6-069b259ecaaf","land_type":200,"issue_year":2024,"edit_year":2020,"history":"[{\"筆ポリゴンID\":\"5b13fb5b-992a-4362-bd37-347f11cc66f4\",\"更新年度\":2023,\"前年同一\":true},[{\"筆ポリゴンID\":\"b8dd62a0-daa5-4d6c-bd31-7ecc903b00ba\",\"更新年度\":2022,\"前年同一\":true},[{\"筆ポリゴンID\":\"5bbf3851-e30b-4bee-8152-3068ffeaf3c4\",\"更新年度\":2021,\"前年同一\":true},{\"筆ポリゴンID\":\"5bbf3851-e30b-4bee-8152-3068ffeaf3c4\",\"発生年度\":2020}]]]","last_polygon_uuid":"5b13fb5b-992a-4362-bd37-347f11cc66f4","prev_last_polygon_uuid":"b8dd62a0-daa5-4d6c-bd31-7ecc903b00ba","local_government_cd":"013315","point_lng":140.023439512,"point_lat":41.484905224}},{"arcs":[[1197]],"type":"Polygon","properties":{"polygon_uuid":"cd69f3ad-245a-42ae-b807-ca4bb3618319","land_type":200,"issue_year":2024,"edit_year":2020,"history":"[{\"筆ポリゴンID\":\"060477c5-da87-428c-85be-acaf2ad7bb24\",\"更新年度\":2023,\"前年同一\":true},[{\"筆ポリゴンID\":\"43b1268b-17c3-4017-b4b6-1e4b946845b1\",\"更新年度\":2022,\"前年同一\":true},[{\"筆ポリゴンID\":\"3c230764-bc41-40f2-a60e-f3705d5aa391\",\"更新年度\":2021,\"前年同一\":true},{\"筆ポリゴンID\":\"3c230764-bc41-40f2-a60e-f3705d5aa391\",\"発生年度\":2020}]]]","last_polygon_uuid":"060477c5-da87-428c-85be-acaf2ad7bb24","prev_last_polygon_uuid":"43b1268b-17c3-4017-b4b6-1e4b946845b1","local_government_cd":"013315","point_lng":140.146313601,"point_lat":41.428751296}},{"arcs":[[1198]],"type":"Polygon","properties":{"polygon_uuid":"dffa692d-231a-41ab-94ee-a6919afaf22f","land_type":200,"issue_year":2024,"edit_year":2020,"history":"[{\"筆ポリゴンID\":\"5a9559e6-e01b-48d4-b3f8-51aac1636e09\",\"更新年度\":2023,\"前年同一\":true},[{\"筆ポリゴンID\":\"a8dbed35-2693-4fa2-bca6-f493878ce30f\",\"更新年度\":2022,\"前年同一\":true},[{\"筆ポリゴンID\":\"c4b5a425-d5e3-4a3e-8ad2-dea28d697e52\",\"更新年度\":2021,\"前年同一\":true},{\"筆ポリゴンID\":\"c4b5a425-d5e3-4a3e-8ad2-dea28d697e52\",\"発生年度\":2020}]]]","last_polygon_uuid":"5a9559e6-e01b-48d4-b3f8-51aac1636e09","prev_last_polygon_uuid":"a8dbed35-2693-4fa2-bca6-f493878ce30f","local_government_cd":"013315","point_lng":140.055004618,"point_lat":41.441118508}},{"arcs":[[1199]],"type":"Polygon","properties":{"polygon_uuid":"c69f8b62-3e68-4066-bbf0-528c3c301177","land_type":200,"issue_year":2024,"edit_year":2020,"history":"[{\"筆ポリゴンID\":\"6cc810ca-c723-4e3b-bdda-d2b5b1d35947\",\"更新年度\":2023,\"前年同一\":true},[{\"筆ポリゴンID\":\"aa4cfb93-5792-48af-9d05-eaf1e32973f4\",\"更新年度\":2022,\"前年同一\":true},[{\"筆ポリゴンID\":\"94631b5a-5b6e-4d6b-93ea-c59eb348bd76\",\"更新年度\":2021,\"前年同一\":true},{\"筆ポリゴンID\":\"94631b5a-5b6e-4d6b-93ea-c59eb348bd76\",\"発生年度\":2020}]]]","last_polygon_uuid":"6cc810ca-c723-4e3b-bdda-d2b5b1d35947","prev_last_polygon_uuid":"aa4cfb93-5792-48af-9d05-eaf1e32973f4","local_government_cd":"013315","point_lng":140.149155274,"point_lat":41.426205885}},{"arcs":[[-696,1200]],"type":"Polygon","properties":{"polygon_uuid":"ec4993c4-8cfb-4970-a8d9-a5820dae89fc","land_type":200,"issue_year":2024,"edit_year":2020,"history":"[{\"筆ポリゴンID\":\"64fd45cc-ddba-4a51-bfa7-63c34b266778\",\"更新年度\":2023,\"前年同一\":true},[{\"筆ポリゴンID\":\"fa01ca99-21a1-4b1d-9487-af24cd0b83ba\",\"更新年度\":2022,\"前年同一\":true},[{\"筆ポリゴンID\":\"3258ab5b-daf4-4636-9c88-7ae6245d80fa\",\"更新年度\":2021,\"前年同一\":true},{\"筆ポリゴンID\":\"3258ab5b-daf4-4636-9c88-7ae6245d80fa\",\"発生年度\":2020}]]]","last_polygon_uuid":"64fd45cc-ddba-4a51-bfa7-63c34b266778","prev_last_polygon_uuid":"fa01ca99-21a1-4b1d-9487-af24cd0b83ba","local_government_cd":"013315","point_lng":140.140810892,"point_lat":41.42885025}},{"arcs":[[1201]],"type":"Polygon","properties":{"polygon_uuid":"627afb6c-1b86-411b-a012-f270fd0a824b","land_type":200,"issue_year":2024,"edit_year":2020,"history":"[{\"筆ポリゴンID\":\"794a23aa-a848-41db-8383-7e1bd60cf035\",\"更新年度\":2023,\"前年同一\":true},[{\"筆ポリゴンID\":\"51d403ae-377a-487c-b956-7fe7d8a19569\",\"更新年度\":2022,\"前年同一\":true},[{\"筆ポリゴンID\":\"ef74072e-294c-4087-aaff-4dfb6046a9f2\",\"更新年度\":2021,\"前年同一\":true},{\"筆ポリゴンID\":\"ef74072e-294c-4087-aaff-4dfb6046a9f2\",\"発生年度\":2020}]]]","last_polygon_uuid":"794a23aa-a848-41db-8383-7e1bd60cf035","prev_last_polygon_uuid":"51d403ae-377a-487c-b956-7fe7d8a19569","local_government_cd":"013315","point_lng":139.994578278,"point_lat":41.546920171}},{"arcs":[[1202]],"type":"Polygon","properties":{"polygon_uuid":"5d909ab2-b3fd-4a3c-ae4b-24ee7f40fee2","land_type":200,"issue_year":2024,"edit_year":2020,"history":"[{\"筆ポリゴンID\":\"bb0bb6e0-5827-480f-b603-d72893a03d24\",\"更新年度\":2023,\"前年同一\":true},[{\"筆ポリゴンID\":\"2ab00556-d9ca-4dcd-b620-b75daa2cc56a\",\"更新年度\":2022,\"前年同一\":true},[{\"筆ポリゴンID\":\"e078222f-f72e-4ff9-bbc8-0be29a2d8820\",\"更新年度\":2021,\"前年同一\":true},{\"筆ポリゴンID\":\"e078222f-f72e-4ff9-bbc8-0be29a2d8820\",\"発生年度\":2020}]]]","last_polygon_uuid":"bb0bb6e0-5827-480f-b603-d72893a03d24","prev_last_polygon_uuid":"2ab00556-d9ca-4dcd-b620-b75daa2cc56a","local_government_cd":"013315","point_lng":140.042870052,"point_lat":41.449190096}},{"arcs":[[1203]],"type":"Polygon","properties":{"polygon_uuid":"bd536793-c2b4-4546-adaf-182784d5c432","land_type":200,"issue_year":2024,"edit_year":2020,"history":"[{\"筆ポリゴンID\":\"9c29ff09-5e82-4c88-8ad7-48775f72ccb1\",\"更新年度\":2023,\"前年同一\":true},[{\"筆ポリゴンID\":\"6b0f0a5d-991b-4fac-895f-e96bdcf16b75\",\"更新年度\":2022,\"前年同一\":true},[{\"筆ポリゴンID\":\"37cd6df8-5444-424d-ae84-87362219e029\",\"更新年度\":2021,\"前年同一\":true},{\"筆ポリゴンID\":\"37cd6df8-5444-424d-ae84-87362219e029\",\"発生年度\":2020}]]]","last_polygon_uuid":"9c29ff09-5e82-4c88-8ad7-48775f72ccb1","prev_last_polygon_uuid":"6b0f0a5d-991b-4fac-895f-e96bdcf16b75","local_government_cd":"013315","point_lng":139.983195858,"point_lat":41.599554952}},{"arcs":[[1204,1205]],"type":"Polygon","properties":{"polygon_uuid":"8d0a6bb4-aff1-461a-ba18-228b9ed913ce","land_type":200,"issue_year":2024,"edit_year":2020,"history":"[{\"筆ポリゴンID\":\"f43c0d0f-1d58-47ad-9dfd-d512043a7b63\",\"更新年度\":2023,\"前年同一\":true},[{\"筆ポリゴンID\":\"e1efd922-fdec-471a-98c7-2f2467b91743\",\"更新年度\":2022,\"前年同一\":true},[{\"筆ポリゴンID\":\"f3737329-9f85-458f-bc31-a4c0787195be\",\"更新年度\":2021,\"前年同一\":true},{\"筆ポリゴンID\":\"f3737329-9f85-458f-bc31-a4c0787195be\",\"発生年度\":2020}]]]","last_polygon_uuid":"f43c0d0f-1d58-47ad-9dfd-d512043a7b63","prev_last_polygon_uuid":"e1efd922-fdec-471a-98c7-2f2467b91743","local_government_cd":"013315","point_lng":139.985352201,"point_lat":41.599549802}},{"arcs":[[1206]],"type":"Polygon","properties":{"polygon_uuid":"345db853-418b-4053-8132-360f9ead474c","land_type":200,"issue_year":2024,"edit_year":2020,"history":"[{\"筆ポリゴンID\":\"f2052a9c-feb9-4df7-bc9a-c60d4f3cf106\",\"更新年度\":2023,\"前年同一\":true},[{\"筆ポリゴンID\":\"27de16cb-1433-40ab-bc7f-e25d6dbb03c1\",\"更新年度\":2022,\"前年同一\":true},[{\"筆ポリゴンID\":\"64622e78-c73c-44f7-b2c9-bb8b77679794\",\"更新年度\":2021,\"前年同一\":true},{\"筆ポリゴンID\":\"64622e78-c73c-44f7-b2c9-bb8b77679794\",\"発生年度\":2020}]]]","last_polygon_uuid":"f2052a9c-feb9-4df7-bc9a-c60d4f3cf106","prev_last_polygon_uuid":"27de16cb-1433-40ab-bc7f-e25d6dbb03c1","local_government_cd":"013315","point_lng":140.119286537,"point_lat":41.433276536}},{"arcs":[[1207]],"type":"Polygon","properties":{"polygon_uuid":"adbe1b6a-006a-4109-9fa7-153470d93719","land_type":200,"issue_year":2024,"edit_year":2020,"history":"[{\"筆ポリゴンID\":\"f27e57b4-a9a3-43b2-9f74-acd624bd9c2e\",\"更新年度\":2023,\"前年同一\":true},[{\"筆ポリゴンID\":\"21fd4035-b0b8-48d9-aeac-4537388275ef\",\"更新年度\":2022,\"前年同一\":true},[{\"筆ポリゴンID\":\"ceb5a2d7-0bee-42d5-a077-72300a7290eb\",\"更新年度\":2021,\"前年同一\":true},{\"筆ポリゴンID\":\"ceb5a2d7-0bee-42d5-a077-72300a7290eb\",\"発生年度\":2020}]]]","last_polygon_uuid":"f27e57b4-a9a3-43b2-9f74-acd624bd9c2e","prev_last_polygon_uuid":"21fd4035-b0b8-48d9-aeac-4537388275ef","local_government_cd":"013315","point_lng":140.054747795,"point_lat":41.442589082}},{"arcs":[[1208,1209]],"type":"Polygon","properties":{"polygon_uuid":"f4a8f5f8-7087-41f9-820f-f14419c7821c","land_type":200,"issue_year":2024,"edit_year":2020,"history":"[{\"筆ポリゴンID\":\"5d4ff11b-ae7e-4c83-a4c8-be8c93e47658\",\"更新年度\":2023,\"前年同一\":true},[{\"筆ポリゴンID\":\"0cd64a3c-32f1-46c4-98c6-703d593f6dc1\",\"更新年度\":2022,\"前年同一\":true},[{\"筆ポリゴンID\":\"7358ac70-fa5b-45fa-8d9f-377352104daf\",\"更新年度\":2021,\"前年同一\":true},{\"筆ポリゴンID\":\"7358ac70-fa5b-45fa-8d9f-377352104daf\",\"発生年度\":2020}]]]","last_polygon_uuid":"5d4ff11b-ae7e-4c83-a4c8-be8c93e47658","prev_last_polygon_uuid":"0cd64a3c-32f1-46c4-98c6-703d593f6dc1","local_government_cd":"013315","point_lng":139.986135954,"point_lat":41.598672313}},{"arcs":[[1210,-476,-599]],"type":"Polygon","properties":{"polygon_uuid":"5cc58be0-fd62-4518-b55f-c1c4db637a7d","land_type":200,"issue_year":2024,"edit_year":2020,"history":"[{\"筆ポリゴンID\":\"c770d81b-2aaf-4ebb-b557-f9cc55e54621\",\"更新年度\":2023,\"前年同一\":true},[{\"筆ポリゴンID\":\"7c87bb4a-3876-4739-b116-49c7a67db24e\",\"更新年度\":2022,\"前年同一\":true},[{\"筆ポリゴンID\":\"eb89c232-c7f6-431d-a693-a5fea0729f61\",\"更新年度\":2021,\"前年同一\":true},{\"筆ポリゴンID\":\"eb89c232-c7f6-431d-a693-a5fea0729f61\",\"発生年度\":2020}]]]","last_polygon_uuid":"c770d81b-2aaf-4ebb-b557-f9cc55e54621","prev_last_polygon_uuid":"7c87bb4a-3876-4739-b116-49c7a67db24e","local_government_cd":"013315","point_lng":140.123692948,"point_lat":41.431080752}},{"arcs":[[1211]],"type":"Polygon","properties":{"polygon_uuid":"6459e97a-cbc5-4d4b-a953-6bccb0634958","land_type":200,"issue_year":2024,"edit_year":2020,"history":"[{\"筆ポリゴンID\":\"9b3989e2-fa76-4c6f-b025-0891c9bfb6e5\",\"更新年度\":2023,\"前年同一\":true},[{\"筆ポリゴンID\":\"72102946-f3de-4d53-a10b-7ed6106a7492\",\"更新年度\":2022,\"前年同一\":true},[{\"筆ポリゴンID\":\"7add3b29-0a97-4b81-a551-21aa09fe59c6\",\"更新年度\":2021,\"前年同一\":true},{\"筆ポリゴンID\":\"7add3b29-0a97-4b81-a551-21aa09fe59c6\",\"発生年度\":2020}]]]","last_polygon_uuid":"9b3989e2-fa76-4c6f-b025-0891c9bfb6e5","prev_last_polygon_uuid":"72102946-f3de-4d53-a10b-7ed6106a7492","local_government_cd":"013315","point_lng":140.019915376,"point_lat":41.489760182}},{"arcs":[[1212]],"type":"Polygon","properties":{"polygon_uuid":"89cf3b0d-08ee-49c8-9c25-221f61453a19","land_type":200,"issue_year":2024,"edit_year":2020,"history":"[{\"筆ポリゴンID\":\"11387c3f-7eeb-458f-84c7-b7b52872f3ff\",\"更新年度\":2023,\"前年同一\":true},[{\"筆ポリゴンID\":\"40a6fc5f-0a32-4fa0-8962-00374db17b6d\",\"更新年度\":2022,\"前年同一\":true},[{\"筆ポリゴンID\":\"c74223db-9472-46c8-96be-2bdeb855347a\",\"更新年度\":2021,\"前年同一\":true},{\"筆ポリゴンID\":\"c74223db-9472-46c8-96be-2bdeb855347a\",\"発生年度\":2020}]]]","last_polygon_uuid":"11387c3f-7eeb-458f-84c7-b7b52872f3ff","prev_last_polygon_uuid":"40a6fc5f-0a32-4fa0-8962-00374db17b6d","local_government_cd":"013315","point_lng":140.00723853,"point_lat":41.525498317}},{"arcs":[[1213]],"type":"Polygon","properties":{"polygon_uuid":"0f9efa63-8576-4f1a-84d8-d911f0a1c989","land_type":200,"issue_year":2024,"edit_year":2020,"history":"[{\"筆ポリゴンID\":\"65a94292-c999-476c-b2bd-f6f61240ca0b\",\"更新年度\":2023,\"前年同一\":true},[{\"筆ポリゴンID\":\"89a44844-168a-4543-8cdc-2f2df64e6886\",\"更新年度\":2022,\"前年同一\":true},[{\"筆ポリゴンID\":\"580f1336-8395-482a-9a0d-e517763c4a9e\",\"更新年度\":2021,\"前年同一\":true},{\"筆ポリゴンID\":\"580f1336-8395-482a-9a0d-e517763c4a9e\",\"発生年度\":2020}]]]","last_polygon_uuid":"65a94292-c999-476c-b2bd-f6f61240ca0b","prev_last_polygon_uuid":"89a44844-168a-4543-8cdc-2f2df64e6886","local_government_cd":"013315","point_lng":140.017400785,"point_lat":41.492759689}},{"arcs":[[-709,-1194,-798,-1081]],"type":"Polygon","properties":{"polygon_uuid":"cd2ac38e-a2b7-4811-9012-2f6e22fd5ded","land_type":200,"issue_year":2024,"edit_year":2020,"history":"[{\"筆ポリゴンID\":\"4ed942c4-b89c-4047-908e-e3aea4569cc6\",\"更新年度\":2023,\"前年同一\":true},[{\"筆ポリゴンID\":\"3c0f61c4-9efc-4934-a0b6-fc223acb1dbe\",\"更新年度\":2022,\"前年同一\":true},[{\"筆ポリゴンID\":\"9e716139-f7ca-4885-ad6d-4d893982c643\",\"更新年度\":2021,\"前年同一\":true},{\"筆ポリゴンID\":\"9e716139-f7ca-4885-ad6d-4d893982c643\",\"発生年度\":2020}]]]","last_polygon_uuid":"4ed942c4-b89c-4047-908e-e3aea4569cc6","prev_last_polygon_uuid":"3c0f61c4-9efc-4934-a0b6-fc223acb1dbe","local_government_cd":"013315","point_lng":140.124570699,"point_lat":41.430770664}},{"arcs":[[-590,-915,1214]],"type":"Polygon","properties":{"polygon_uuid":"e92bb9bd-9366-43b5-9538-c21e1f6af74c","land_type":200,"issue_year":2024,"edit_year":2020,"history":"[{\"筆ポリゴンID\":\"5642dc6b-4f72-478d-bf5d-ec7b9c41f9b6\",\"更新年度\":2023,\"前年同一\":true},[{\"筆ポリゴンID\":\"72bce177-11d1-4c0c-9917-4572a4c421bd\",\"更新年度\":2022,\"前年同一\":true},[{\"筆ポリゴンID\":\"cb987983-e768-426e-8b33-6afa26920b6c\",\"更新年度\":2021,\"前年同一\":true},{\"筆ポリゴンID\":\"cb987983-e768-426e-8b33-6afa26920b6c\",\"発生年度\":2020}]]]","last_polygon_uuid":"5642dc6b-4f72-478d-bf5d-ec7b9c41f9b6","prev_last_polygon_uuid":"72bce177-11d1-4c0c-9917-4572a4c421bd","local_government_cd":"013315","point_lng":140.175260089,"point_lat":41.41295049}},{"arcs":[[1215]],"type":"Polygon","properties":{"polygon_uuid":"f4306167-2607-4db1-ab38-b943071fd6d8","land_type":200,"issue_year":2024,"edit_year":2020,"history":"[{\"筆ポリゴンID\":\"3a0461a3-9573-491d-9a0c-24bcb6c45b82\",\"更新年度\":2023,\"前年同一\":true},[{\"筆ポリゴンID\":\"65e195d7-b003-46e0-a528-1840a12da27a\",\"更新年度\":2022,\"前年同一\":true},[{\"筆ポリゴンID\":\"bc5519e9-e5d6-4fee-ae74-993f1b41efa7\",\"更新年度\":2021,\"前年同一\":true},{\"筆ポリゴンID\":\"bc5519e9-e5d6-4fee-ae74-993f1b41efa7\",\"発生年度\":2020}]]]","last_polygon_uuid":"3a0461a3-9573-491d-9a0c-24bcb6c45b82","prev_last_polygon_uuid":"65e195d7-b003-46e0-a528-1840a12da27a","local_government_cd":"013315","point_lng":140.130561359,"point_lat":41.434810803}},{"arcs":[[-906,-660,1216,-683]],"type":"Polygon","properties":{"polygon_uuid":"3f47f71e-3663-465e-aa93-883c4c2b3379","land_type":200,"issue_year":2024,"edit_year":2020,"history":"[{\"筆ポリゴンID\":\"ca27b8fa-146b-4aab-a983-f16262a03040\",\"更新年度\":2023,\"前年同一\":true},[{\"筆ポリゴンID\":\"45876366-7470-445d-b9e6-02c26dec19f9\",\"更新年度\":2022,\"前年同一\":true},[{\"筆ポリゴンID\":\"c6cff48b-7f6a-4164-9171-6a2e048e5043\",\"更新年度\":2021,\"前年同一\":true},{\"筆ポリゴンID\":\"c6cff48b-7f6a-4164-9171-6a2e048e5043\",\"発生年度\":2020}]]]","last_polygon_uuid":"ca27b8fa-146b-4aab-a983-f16262a03040","prev_last_polygon_uuid":"45876366-7470-445d-b9e6-02c26dec19f9","local_government_cd":"013315","point_lng":140.125095245,"point_lat":41.43047691}},{"arcs":[[1217]],"type":"Polygon","properties":{"polygon_uuid":"7ebea30e-0e34-4f79-bcbf-655f72a13be1","land_type":200,"issue_year":2024,"edit_year":2020,"history":"[{\"筆ポリゴンID\":\"3140aa54-b6dd-4ffb-9426-1c95cdb9d316\",\"更新年度\":2023,\"前年同一\":true},[{\"筆ポリゴンID\":\"e099e0ed-693e-4733-9470-1b6f555f5552\",\"更新年度\":2022,\"前年同一\":true},[{\"筆ポリゴンID\":\"717de082-0423-47c1-a155-58178f21cb2e\",\"更新年度\":2021,\"前年同一\":true},{\"筆ポリゴンID\":\"717de082-0423-47c1-a155-58178f21cb2e\",\"発生年度\":2020}]]]","last_polygon_uuid":"3140aa54-b6dd-4ffb-9426-1c95cdb9d316","prev_last_polygon_uuid":"e099e0ed-693e-4733-9470-1b6f555f5552","local_government_cd":"013315","point_lng":139.996085621,"point_lat":41.543645312}},{"arcs":[[1218]],"type":"Polygon","properties":{"polygon_uuid":"3e38d193-c94a-406f-9dc4-d4b319191542","land_type":200,"issue_year":2024,"edit_year":2020,"history":"[{\"筆ポリゴンID\":\"dda198c0-dba7-41c5-bbf5-9971672ef976\",\"更新年度\":2023,\"前年同一\":true},[{\"筆ポリゴンID\":\"2c008f64-6a43-422c-b61f-1a265238b7cf\",\"更新年度\":2022,\"前年同一\":true},[{\"筆ポリゴンID\":\"c96f2c24-acd1-4c92-8cf9-2b7bf2155b27\",\"更新年度\":2021,\"前年同一\":true},{\"筆ポリゴンID\":\"c96f2c24-acd1-4c92-8cf9-2b7bf2155b27\",\"発生年度\":2020}]]]","last_polygon_uuid":"dda198c0-dba7-41c5-bbf5-9971672ef976","prev_last_polygon_uuid":"2c008f64-6a43-422c-b61f-1a265238b7cf","local_government_cd":"013315","point_lng":139.993788906,"point_lat":41.551646316}},{"arcs":[[1219]],"type":"Polygon","properties":{"polygon_uuid":"1819bd07-59f0-45be-b311-e881f1fdddfd","land_type":200,"issue_year":2024,"edit_year":2020,"history":"[{\"筆ポリゴンID\":\"3d3120a6-6fde-4d6e-9c7a-fea3a7c033d6\",\"更新年度\":2023,\"前年同一\":true},[{\"筆ポリゴンID\":\"8d628ccf-0cc5-4647-b7b7-325d9d69d428\",\"更新年度\":2022,\"前年同一\":true},[{\"筆ポリゴンID\":\"33dff19d-ed12-4244-af3a-63985e999f47\",\"更新年度\":2021,\"前年同一\":true},{\"筆ポリゴンID\":\"33dff19d-ed12-4244-af3a-63985e999f47\",\"発生年度\":2020}]]]","last_polygon_uuid":"3d3120a6-6fde-4d6e-9c7a-fea3a7c033d6","prev_last_polygon_uuid":"8d628ccf-0cc5-4647-b7b7-325d9d69d428","local_government_cd":"013315","point_lng":140.087377396,"point_lat":41.426627564}},{"arcs":[[1220]],"type":"Polygon","properties":{"polygon_uuid":"754d6820-c1cf-41bb-8383-31649c7d5797","land_type":200,"issue_year":2024,"edit_year":2020,"history":"[{\"筆ポリゴンID\":\"ff70cca7-8232-4cce-9021-fb04f598fa05\",\"更新年度\":2023,\"前年同一\":true},[{\"筆ポリゴンID\":\"937c1cac-c272-4ac5-836d-d38819c8c17a\",\"更新年度\":2022,\"前年同一\":true},[{\"筆ポリゴンID\":\"8b3f89f7-98d5-49eb-9e77-e967a7340f8d\",\"更新年度\":2021,\"前年同一\":true},{\"筆ポリゴンID\":\"8b3f89f7-98d5-49eb-9e77-e967a7340f8d\",\"発生年度\":2020}]]]","last_polygon_uuid":"ff70cca7-8232-4cce-9021-fb04f598fa05","prev_last_polygon_uuid":"937c1cac-c272-4ac5-836d-d38819c8c17a","local_government_cd":"013315","point_lng":140.165318289,"point_lat":41.418370855}},{"arcs":[[1221]],"type":"Polygon","properties":{"polygon_uuid":"a702053e-233f-454d-b135-209a581e007a","land_type":200,"issue_year":2024,"edit_year":2020,"history":"[{\"筆ポリゴンID\":\"503066c7-18ec-49d9-b4dd-399bfcaee697\",\"更新年度\":2023,\"前年同一\":true},[{\"筆ポリゴンID\":\"54a8461b-6bef-4346-8fd9-1e3c517e107c\",\"更新年度\":2022,\"前年同一\":true},[{\"筆ポリゴンID\":\"22122833-2a5e-4138-a748-0b29576ff215\",\"更新年度\":2021,\"前年同一\":true},{\"筆ポリゴンID\":\"22122833-2a5e-4138-a748-0b29576ff215\",\"発生年度\":2020}]]]","last_polygon_uuid":"503066c7-18ec-49d9-b4dd-399bfcaee697","prev_last_polygon_uuid":"54a8461b-6bef-4346-8fd9-1e3c517e107c","local_government_cd":"013315","point_lng":140.122080367,"point_lat":41.431471864}},{"arcs":[[1222]],"type":"Polygon","properties":{"polygon_uuid":"debf8209-f02b-4fa1-b344-fb2c334e737f","land_type":200,"issue_year":2024,"edit_year":2020,"history":"[{\"筆ポリゴンID\":\"bca56d35-4bbb-48b4-a497-70f866f6bab5\",\"更新年度\":2023,\"前年同一\":true},[{\"筆ポリゴンID\":\"8ca2b11e-737e-4967-a5da-e28aa7f7ea49\",\"更新年度\":2022,\"前年同一\":true},[{\"筆ポリゴンID\":\"428d0528-18c7-4b97-8211-56c14302c7cd\",\"更新年度\":2021,\"前年同一\":true},{\"筆ポリゴンID\":\"428d0528-18c7-4b97-8211-56c14302c7cd\",\"発生年度\":2020}]]]","last_polygon_uuid":"bca56d35-4bbb-48b4-a497-70f866f6bab5","prev_last_polygon_uuid":"8ca2b11e-737e-4967-a5da-e28aa7f7ea49","local_government_cd":"013315","point_lng":140.121505287,"point_lat":41.431014783}},{"arcs":[[1223,-692,1224,-411]],"type":"Polygon","properties":{"polygon_uuid":"32312d95-1a93-49bc-8b96-6361f4852e81","land_type":200,"issue_year":2024,"edit_year":2020,"history":"[{\"筆ポリゴンID\":\"e6ea7e0e-6bb9-4ea6-8ada-fdc415febc71\",\"更新年度\":2023,\"前年同一\":true},[{\"筆ポリゴンID\":\"b0fc3ef0-be9c-4b98-a0ef-1cfba75214d4\",\"更新年度\":2022,\"前年同一\":true},[{\"筆ポリゴンID\":\"f4dd2010-aa01-4418-ae29-9cb22729834c\",\"更新年度\":2021,\"前年同一\":true},{\"筆ポリゴンID\":\"f4dd2010-aa01-4418-ae29-9cb22729834c\",\"発生年度\":2020}]]]","last_polygon_uuid":"e6ea7e0e-6bb9-4ea6-8ada-fdc415febc71","prev_last_polygon_uuid":"b0fc3ef0-be9c-4b98-a0ef-1cfba75214d4","local_government_cd":"013315","point_lng":140.173441764,"point_lat":41.413548208}},{"arcs":[[1225,-649,1226]],"type":"Polygon","properties":{"polygon_uuid":"cf5eaaed-f692-4f08-9296-4a005de6a1e6","land_type":200,"issue_year":2024,"edit_year":2020,"history":"[{\"筆ポリゴンID\":\"021572b7-263b-4a53-93e5-ec66f4b3af93\",\"更新年度\":2023,\"前年同一\":true},[{\"筆ポリゴンID\":\"85b08b3f-fc63-40fa-8e64-dc3ed27f8225\",\"更新年度\":2022,\"前年同一\":true},[{\"筆ポリゴンID\":\"40f95abe-f0ca-4263-8375-86afb8ffabc6\",\"更新年度\":2021,\"前年同一\":true},{\"筆ポリゴンID\":\"40f95abe-f0ca-4263-8375-86afb8ffabc6\",\"発生年度\":2020}]]]","last_polygon_uuid":"021572b7-263b-4a53-93e5-ec66f4b3af93","prev_last_polygon_uuid":"85b08b3f-fc63-40fa-8e64-dc3ed27f8225","local_government_cd":"013315","point_lng":140.093686362,"point_lat":41.427522957}},{"arcs":[[1227,1228]],"type":"Polygon","properties":{"polygon_uuid":"e86a196f-7e8e-4ac5-9ad4-c2dffddaaeb5","land_type":200,"issue_year":2024,"edit_year":2020,"history":"[{\"筆ポリゴンID\":\"908317a5-c055-460d-b774-2d1d2ede7115\",\"更新年度\":2023,\"前年同一\":true},[{\"筆ポリゴンID\":\"dd9f6d97-f589-4f8e-8542-2f21009e571e\",\"更新年度\":2022,\"前年同一\":true},[{\"筆ポリゴンID\":\"62724d93-2a94-4dec-bb11-2aace38301dd\",\"更新年度\":2021,\"前年同一\":true},{\"筆ポリゴンID\":\"62724d93-2a94-4dec-bb11-2aace38301dd\",\"発生年度\":2020}]]]","last_polygon_uuid":"908317a5-c055-460d-b774-2d1d2ede7115","prev_last_polygon_uuid":"dd9f6d97-f589-4f8e-8542-2f21009e571e","local_government_cd":"013315","point_lng":140.177162207,"point_lat":41.409319463}},{"arcs":[[1229]],"type":"Polygon","properties":{"polygon_uuid":"785aac94-79f1-46ef-858f-7dc1252b058f","land_type":200,"issue_year":2024,"edit_year":2020,"history":"[{\"筆ポリゴンID\":\"69a4eb7c-b5c9-45a7-9b2d-e48a0e887485\",\"更新年度\":2023,\"前年同一\":true},[{\"筆ポリゴンID\":\"f0a219bf-7c63-40e4-9fc7-a7d6602da788\",\"更新年度\":2022,\"前年同一\":true},[{\"筆ポリゴンID\":\"c12d042c-af3f-4cc9-b643-0117716ed3ff\",\"更新年度\":2021,\"前年同一\":true},{\"筆ポリゴンID\":\"c12d042c-af3f-4cc9-b643-0117716ed3ff\",\"発生年度\":2020}]]]","last_polygon_uuid":"69a4eb7c-b5c9-45a7-9b2d-e48a0e887485","prev_last_polygon_uuid":"f0a219bf-7c63-40e4-9fc7-a7d6602da788","local_government_cd":"013315","point_lng":140.115384634,"point_lat":41.432529055}},{"arcs":[[1230,-1227,-648,1231,-620]],"type":"Polygon","properties":{"polygon_uuid":"c2d8bd63-51d1-48e1-a45d-e92d13356e6f","land_type":200,"issue_year":2024,"edit_year":2020,"history":"[{\"筆ポリゴンID\":\"e72c891c-3c64-47fd-b71c-753b4fe76153\",\"更新年度\":2023,\"前年同一\":true},[{\"筆ポリゴンID\":\"f77f9428-8a43-4ed7-9681-a3b949284fe9\",\"更新年度\":2022,\"前年同一\":true},[{\"筆ポリゴンID\":\"5a17f271-5bb2-4bb2-b288-10b3c9973811\",\"更新年度\":2021,\"前年同一\":true},{\"筆ポリゴンID\":\"5a17f271-5bb2-4bb2-b288-10b3c9973811\",\"発生年度\":2020}]]]","last_polygon_uuid":"e72c891c-3c64-47fd-b71c-753b4fe76153","prev_last_polygon_uuid":"f77f9428-8a43-4ed7-9681-a3b949284fe9","local_government_cd":"013315","point_lng":140.093720521,"point_lat":41.427409011}},{"arcs":[[1232]],"type":"Polygon","properties":{"polygon_uuid":"5653f26c-afc5-4cd2-9efa-e9e8f8f0404b","land_type":200,"issue_year":2024,"edit_year":2020,"history":"[{\"筆ポリゴンID\":\"054daf60-45ef-4738-9ad7-07d70fea9df3\",\"更新年度\":2023,\"前年同一\":true},[{\"筆ポリゴンID\":\"fe604c39-c532-40f4-a68d-eb8657e168d0\",\"更新年度\":2022,\"前年同一\":true},[{\"筆ポリゴンID\":\"234a7fa7-3c7e-4972-9424-4dfcc8b6c8fa\",\"更新年度\":2021,\"前年同一\":true},{\"筆ポリゴンID\":\"234a7fa7-3c7e-4972-9424-4dfcc8b6c8fa\",\"発生年度\":2020}]]]","last_polygon_uuid":"054daf60-45ef-4738-9ad7-07d70fea9df3","prev_last_polygon_uuid":"fe604c39-c532-40f4-a68d-eb8657e168d0","local_government_cd":"013315","point_lng":140.116242166,"point_lat":41.428519458}},{"arcs":[[-664,1233]],"type":"Polygon","properties":{"polygon_uuid":"6fdd9cfb-e72f-41c6-9893-7b71db479e65","land_type":200,"issue_year":2024,"edit_year":2020,"history":"[{\"筆ポリゴンID\":\"b32abce1-0d39-474e-bea9-7c4fef63d000\",\"更新年度\":2023,\"前年同一\":true},[{\"筆ポリゴンID\":\"b4acc3b5-620a-4b5b-b834-016d71950d1c\",\"更新年度\":2022,\"前年同一\":true},[{\"筆ポリゴンID\":\"47a95710-16b3-4d95-9cfe-6c7da113ea2b\",\"更新年度\":2021,\"前年同一\":true},{\"筆ポリゴンID\":\"47a95710-16b3-4d95-9cfe-6c7da113ea2b\",\"発生年度\":2020}]]]","last_polygon_uuid":"b32abce1-0d39-474e-bea9-7c4fef63d000","prev_last_polygon_uuid":"b4acc3b5-620a-4b5b-b834-016d71950d1c","local_government_cd":"013315","point_lng":140.141575277,"point_lat":41.428585247}},{"arcs":[[1234]],"type":"Polygon","properties":{"polygon_uuid":"5ffe1737-50d0-4b68-aeab-1e915bff2021","land_type":200,"issue_year":2024,"edit_year":2020,"history":"[{\"筆ポリゴンID\":\"7c95517f-bb41-4fa8-8543-5b04eda992de\",\"更新年度\":2023,\"前年同一\":true},[{\"筆ポリゴンID\":\"8b57d4c9-473c-4aaa-acda-0858f62e046a\",\"更新年度\":2022,\"前年同一\":true},[{\"筆ポリゴンID\":\"217605b6-0cda-421a-8850-3c0fa7882aec\",\"更新年度\":2021,\"前年同一\":true},{\"筆ポリゴンID\":\"217605b6-0cda-421a-8850-3c0fa7882aec\",\"発生年度\":2020}]]]","last_polygon_uuid":"7c95517f-bb41-4fa8-8543-5b04eda992de","prev_last_polygon_uuid":"8b57d4c9-473c-4aaa-acda-0858f62e046a","local_government_cd":"013315","point_lng":140.044557369,"point_lat":41.448802508}},{"arcs":[[1235]],"type":"Polygon","properties":{"polygon_uuid":"a07bb6eb-8c42-4733-a70f-b75714d190f9","land_type":200,"issue_year":2024,"edit_year":2020,"history":"[{\"筆ポリゴンID\":\"7d5d1f30-d622-428a-8c47-644aa9737fdd\",\"更新年度\":2023,\"前年同一\":true},[{\"筆ポリゴンID\":\"74443547-855c-4eb0-b7d3-54bb341c3fb1\",\"更新年度\":2022,\"前年同一\":true},[{\"筆ポリゴンID\":\"17627a14-a5fa-4b5a-b003-f68b492d8933\",\"更新年度\":2021,\"前年同一\":true},{\"筆ポリゴンID\":\"17627a14-a5fa-4b5a-b003-f68b492d8933\",\"発生年度\":2020}]]]","last_polygon_uuid":"7d5d1f30-d622-428a-8c47-644aa9737fdd","prev_last_polygon_uuid":"74443547-855c-4eb0-b7d3-54bb341c3fb1","local_government_cd":"013315","point_lng":140.018764224,"point_lat":41.491097128}},{"arcs":[[-1052,-730,1236]],"type":"Polygon","properties":{"polygon_uuid":"1d29be0b-00bc-4186-9cc7-65e6915f1a73","land_type":200,"issue_year":2024,"edit_year":2020,"history":"[{\"筆ポリゴンID\":\"cd04e12e-26df-4162-9b45-a2cf496a425a\",\"更新年度\":2023,\"前年同一\":true},[{\"筆ポリゴンID\":\"4ba114bf-6f8f-49ef-9a0c-577ef3505a34\",\"更新年度\":2022,\"前年同一\":true},[{\"筆ポリゴンID\":\"73f2aab9-1145-4dd5-93c8-fea71ad10207\",\"更新年度\":2021,\"前年同一\":true},{\"筆ポリゴンID\":\"73f2aab9-1145-4dd5-93c8-fea71ad10207\",\"発生年度\":2020}]]]","last_polygon_uuid":"cd04e12e-26df-4162-9b45-a2cf496a425a","prev_last_polygon_uuid":"4ba114bf-6f8f-49ef-9a0c-577ef3505a34","local_government_cd":"013315","point_lng":140.095975218,"point_lat":41.428001988}},{"arcs":[[1237]],"type":"Polygon","properties":{"polygon_uuid":"fd092439-fae4-4638-b492-12dc10ce7516","land_type":200,"issue_year":2024,"edit_year":2020,"history":"[{\"筆ポリゴンID\":\"7e13ca47-f4da-44cd-ba16-749d2b974840\",\"更新年度\":2023,\"前年同一\":true},[{\"筆ポリゴンID\":\"87cbd2d5-10a5-47b8-b79e-fb33245b3677\",\"更新年度\":2022,\"前年同一\":true},[{\"筆ポリゴンID\":\"65566aa7-0721-4f30-b48f-bac9ecb94237\",\"更新年度\":2021,\"前年同一\":true},{\"筆ポリゴンID\":\"65566aa7-0721-4f30-b48f-bac9ecb94237\",\"発生年度\":2020}]]]","last_polygon_uuid":"7e13ca47-f4da-44cd-ba16-749d2b974840","prev_last_polygon_uuid":"87cbd2d5-10a5-47b8-b79e-fb33245b3677","local_government_cd":"013315","point_lng":140.019148442,"point_lat":41.502770222}},{"arcs":[[1238]],"type":"Polygon","properties":{"polygon_uuid":"89a9fb7a-cfe2-473e-ade9-afdc448a005e","land_type":200,"issue_year":2024,"edit_year":2020,"history":"[{\"筆ポリゴンID\":\"b8042e22-6231-40b4-bf2c-ee633e6ca145\",\"更新年度\":2023,\"前年同一\":true},[{\"筆ポリゴンID\":\"c5fb5f26-540b-4c03-9487-f30e09f26de3\",\"更新年度\":2022,\"前年同一\":true},[{\"筆ポリゴンID\":\"815840c5-e24f-4b78-9643-d1c0fc55c6d4\",\"更新年度\":2021,\"前年同一\":true},{\"筆ポリゴンID\":\"815840c5-e24f-4b78-9643-d1c0fc55c6d4\",\"発生年度\":2020}]]]","last_polygon_uuid":"b8042e22-6231-40b4-bf2c-ee633e6ca145","prev_last_polygon_uuid":"c5fb5f26-540b-4c03-9487-f30e09f26de3","local_government_cd":"013315","point_lng":139.983000733,"point_lat":41.599638272}},{"arcs":[[-1065,1239]],"type":"Polygon","properties":{"polygon_uuid":"437be4e7-01fd-4483-91c4-e3fe52fd1774","land_type":200,"issue_year":2024,"edit_year":2020,"history":"[{\"筆ポリゴンID\":\"c796d2fa-9d3c-4163-a9c8-d2ef88f40521\",\"更新年度\":2023,\"前年同一\":true},[{\"筆ポリゴンID\":\"81e55d2d-708b-447f-97f5-1a01333854d6\",\"更新年度\":2022,\"前年同一\":true},[{\"筆ポリゴンID\":\"698c46da-a43e-475a-a265-61e1733c87e4\",\"更新年度\":2021,\"前年同一\":true},{\"筆ポリゴンID\":\"698c46da-a43e-475a-a265-61e1733c87e4\",\"発生年度\":2020}]]]","last_polygon_uuid":"c796d2fa-9d3c-4163-a9c8-d2ef88f40521","prev_last_polygon_uuid":"81e55d2d-708b-447f-97f5-1a01333854d6","local_government_cd":"013315","point_lng":140.1643195,"point_lat":41.419174788}},{"arcs":[[-300,-270,1240]],"type":"Polygon","properties":{"polygon_uuid":"63676f41-b0fe-41c4-bc36-66ad8c94c6ae","land_type":200,"issue_year":2024,"edit_year":2020,"history":"[{\"筆ポリゴンID\":\"3a410768-393e-44c2-96de-5959f977ae98\",\"更新年度\":2023,\"前年同一\":true},[{\"筆ポリゴンID\":\"cf18473e-ffb2-462c-ab17-b576e9f3f60d\",\"更新年度\":2022,\"前年同一\":true},[{\"筆ポリゴンID\":\"a2ad80de-9dcc-43fe-8a71-e002fe6f8118\",\"更新年度\":2021,\"前年同一\":true},{\"筆ポリゴンID\":\"a2ad80de-9dcc-43fe-8a71-e002fe6f8118\",\"発生年度\":2020}]]]","last_polygon_uuid":"3a410768-393e-44c2-96de-5959f977ae98","prev_last_polygon_uuid":"cf18473e-ffb2-462c-ab17-b576e9f3f60d","local_government_cd":"013315","point_lng":140.024763063,"point_lat":41.484593059}},{"arcs":[[1241]],"type":"Polygon","properties":{"polygon_uuid":"d8bf98c1-9075-4777-8b83-6aaa0a76a575","land_type":200,"issue_year":2024,"edit_year":2020,"history":"[{\"筆ポリゴンID\":\"e2284548-61c0-43ad-bda9-6ee9d483b8e9\",\"更新年度\":2023,\"前年同一\":true},[{\"筆ポリゴンID\":\"f4fb8172-b1af-4c94-992b-66c4885af3fd\",\"更新年度\":2022,\"前年同一\":true},[{\"筆ポリゴンID\":\"f177d41e-3457-4052-acce-49ee0bc00645\",\"更新年度\":2021,\"前年同一\":true},{\"筆ポリゴンID\":\"f177d41e-3457-4052-acce-49ee0bc00645\",\"発生年度\":2020}]]]","last_polygon_uuid":"e2284548-61c0-43ad-bda9-6ee9d483b8e9","prev_last_polygon_uuid":"f4fb8172-b1af-4c94-992b-66c4885af3fd","local_government_cd":"013315","point_lng":140.04420796,"point_lat":41.448535925}},{"arcs":[[1242,-763,1243,-839,-885]],"type":"Polygon","properties":{"polygon_uuid":"6d3ec1c5-dbb5-4dd2-bd00-ce4075b50cc8","land_type":200,"issue_year":2024,"edit_year":2020,"history":"[{\"筆ポリゴンID\":\"6ef98a64-ec5c-4eda-a170-e0895a619e64\",\"更新年度\":2023,\"前年同一\":true},[{\"筆ポリゴンID\":\"93f51850-1452-467a-8adc-1327cbae4656\",\"更新年度\":2022,\"前年同一\":true},[{\"筆ポリゴンID\":\"810bcb6e-08c0-4260-8d6d-852d6dea2777\",\"更新年度\":2021,\"前年同一\":true},{\"筆ポリゴンID\":\"810bcb6e-08c0-4260-8d6d-852d6dea2777\",\"発生年度\":2020}]]]","last_polygon_uuid":"6ef98a64-ec5c-4eda-a170-e0895a619e64","prev_last_polygon_uuid":"93f51850-1452-467a-8adc-1327cbae4656","local_government_cd":"013315","point_lng":140.124956151,"point_lat":41.431554694}},{"arcs":[[1244,-1140]],"type":"Polygon","properties":{"polygon_uuid":"75ccab8a-d11b-4e79-8a92-3825ff27ca22","land_type":200,"issue_year":2024,"edit_year":2020,"history":"[{\"筆ポリゴンID\":\"48a4c017-8a61-4bf7-ae8b-63e412dacccb\",\"更新年度\":2023,\"前年同一\":true},[{\"筆ポリゴンID\":\"f3b69328-a472-44f6-93ef-8617f9a3f3b2\",\"更新年度\":2022,\"前年同一\":true},[{\"筆ポリゴンID\":\"10535515-c8a6-4267-80b8-e1bf31cd59e0\",\"更新年度\":2021,\"前年同一\":true},{\"筆ポリゴンID\":\"10535515-c8a6-4267-80b8-e1bf31cd59e0\",\"発生年度\":2020}]]]","last_polygon_uuid":"48a4c017-8a61-4bf7-ae8b-63e412dacccb","prev_last_polygon_uuid":"f3b69328-a472-44f6-93ef-8617f9a3f3b2","local_government_cd":"013315","point_lng":140.173448136,"point_lat":41.413181979}},{"arcs":[[1245]],"type":"Polygon","properties":{"polygon_uuid":"b3bbe449-7c3a-46e5-bda3-4d6bd64df268","land_type":200,"issue_year":2024,"edit_year":2020,"history":"[{\"筆ポリゴンID\":\"b47f963e-d48f-4a23-aa19-5908c30b94ef\",\"更新年度\":2023,\"前年同一\":true},[{\"筆ポリゴンID\":\"371f4618-faa7-4907-96a4-ef7d6c1a9a7e\",\"更新年度\":2022,\"前年同一\":true},[{\"筆ポリゴンID\":\"b4288707-1de6-46da-8773-8322c792f65c\",\"更新年度\":2021,\"前年同一\":true},{\"筆ポリゴンID\":\"b4288707-1de6-46da-8773-8322c792f65c\",\"発生年度\":2020}]]]","last_polygon_uuid":"b47f963e-d48f-4a23-aa19-5908c30b94ef","prev_last_polygon_uuid":"371f4618-faa7-4907-96a4-ef7d6c1a9a7e","local_government_cd":"013315","point_lng":140.029113236,"point_lat":41.481014485}},{"arcs":[[-750,1246,-1095,1247]],"type":"Polygon","properties":{"polygon_uuid":"84005e4e-b483-4830-9897-8dcb4781e113","land_type":200,"issue_year":2024,"edit_year":2020,"history":"[{\"筆ポリゴンID\":\"4f4798c9-e574-4983-a86c-06160795fe3d\",\"更新年度\":2023,\"前年同一\":true},[{\"筆ポリゴンID\":\"58da4a45-ecb4-4ef8-9d69-1abaa5498b94\",\"更新年度\":2022,\"前年同一\":true},[{\"筆ポリゴンID\":\"31828777-13a6-41e1-ae7e-3184279c6272\",\"更新年度\":2021,\"前年同一\":true},{\"筆ポリゴンID\":\"31828777-13a6-41e1-ae7e-3184279c6272\",\"発生年度\":2020}]]]","last_polygon_uuid":"4f4798c9-e574-4983-a86c-06160795fe3d","prev_last_polygon_uuid":"58da4a45-ecb4-4ef8-9d69-1abaa5498b94","local_government_cd":"013315","point_lng":140.126597595,"point_lat":41.432110791}},{"arcs":[[1248]],"type":"Polygon","properties":{"polygon_uuid":"4c3ebad5-5638-4eae-875f-135816a5b1eb","land_type":200,"issue_year":2024,"edit_year":2020,"history":"[{\"筆ポリゴンID\":\"c98f072e-a89b-4a60-a26f-fbc1381a49ab\",\"更新年度\":2023,\"前年同一\":true},[{\"筆ポリゴンID\":\"d389097f-8204-44b6-a23a-e18521eb7047\",\"更新年度\":2022,\"前年同一\":true},[{\"筆ポリゴンID\":\"d0095fca-bf47-42da-b3bb-7ffa453031a7\",\"更新年度\":2021,\"前年同一\":true},{\"筆ポリゴンID\":\"d0095fca-bf47-42da-b3bb-7ffa453031a7\",\"発生年度\":2020}]]]","last_polygon_uuid":"c98f072e-a89b-4a60-a26f-fbc1381a49ab","prev_last_polygon_uuid":"d389097f-8204-44b6-a23a-e18521eb7047","local_government_cd":"013315","point_lng":139.983682019,"point_lat":41.599335576}},{"arcs":[[1249]],"type":"Polygon","properties":{"polygon_uuid":"0d3407ba-8758-4089-8b2a-dc13371310e7","land_type":200,"issue_year":2024,"edit_year":2020,"history":"[{\"筆ポリゴンID\":\"606029cc-33b8-4daf-99ec-9785cd45ca9c\",\"更新年度\":2023,\"前年同一\":true},[{\"筆ポリゴンID\":\"f8aec92a-c1eb-4c6f-95b9-9e15849ce210\",\"更新年度\":2022,\"前年同一\":true},[{\"筆ポリゴンID\":\"dc08c022-3808-4fa0-acfb-9ed25eea8b26\",\"更新年度\":2021,\"前年同一\":true},{\"筆ポリゴンID\":\"dc08c022-3808-4fa0-acfb-9ed25eea8b26\",\"発生年度\":2020}]]]","last_polygon_uuid":"606029cc-33b8-4daf-99ec-9785cd45ca9c","prev_last_polygon_uuid":"f8aec92a-c1eb-4c6f-95b9-9e15849ce210","local_government_cd":"013315","point_lng":140.014531468,"point_lat":41.502684472}},{"arcs":[[1250]],"type":"Polygon","properties":{"polygon_uuid":"0914b898-5ff1-47e9-8c62-ab2f09b34246","land_type":200,"issue_year":2024,"edit_year":2020,"history":"[{\"筆ポリゴンID\":\"33032e37-f2eb-4261-8f6d-79db1d29011c\",\"更新年度\":2023,\"前年同一\":true},[{\"筆ポリゴンID\":\"2b0fdf3e-5ceb-47d2-a3ce-5f76e6172860\",\"更新年度\":2022,\"前年同一\":true},[{\"筆ポリゴンID\":\"16346604-33ab-4b81-9f48-54ec54a32c50\",\"更新年度\":2021,\"前年同一\":true},{\"筆ポリゴンID\":\"16346604-33ab-4b81-9f48-54ec54a32c50\",\"発生年度\":2020}]]]","last_polygon_uuid":"33032e37-f2eb-4261-8f6d-79db1d29011c","prev_last_polygon_uuid":"2b0fdf3e-5ceb-47d2-a3ce-5f76e6172860","local_government_cd":"013315","point_lng":139.996794754,"point_lat":41.542565293}},{"arcs":[[1251]],"type":"Polygon","properties":{"polygon_uuid":"c9b6f763-dc84-4c2e-b1ef-3857d4f3d27e","land_type":200,"issue_year":2024,"edit_year":2020,"history":"[{\"筆ポリゴンID\":\"621d5b16-c8dd-4225-a932-48df6e370c01\",\"更新年度\":2023,\"前年同一\":true},[{\"筆ポリゴンID\":\"42209a74-d073-444c-ba9d-b4373437697d\",\"更新年度\":2022,\"前年同一\":true},[{\"筆ポリゴンID\":\"dfc91ee9-ffcb-4f28-a8b8-29ab28c502dd\",\"更新年度\":2021,\"前年同一\":true},{\"筆ポリゴンID\":\"dfc91ee9-ffcb-4f28-a8b8-29ab28c502dd\",\"発生年度\":2020}]]]","last_polygon_uuid":"621d5b16-c8dd-4225-a932-48df6e370c01","prev_last_polygon_uuid":"42209a74-d073-444c-ba9d-b4373437697d","local_government_cd":"013315","point_lng":140.040856152,"point_lat":41.451878097}},{"arcs":[[1252]],"type":"Polygon","properties":{"polygon_uuid":"79c7d994-4cf2-4d3e-a6b7-193dfdb55f59","land_type":200,"issue_year":2024,"edit_year":2020,"history":"[{\"筆ポリゴンID\":\"f2dacdb3-fe56-49d8-be44-68132815ca8d\",\"更新年度\":2023,\"前年同一\":true},[{\"筆ポリゴンID\":\"c3ffedab-3afa-4216-abb3-7b194d7de377\",\"更新年度\":2022,\"前年同一\":true},[{\"筆ポリゴンID\":\"9edccbf0-9bf9-4770-a667-b3f6b70fe1bb\",\"更新年度\":2021,\"前年同一\":true},{\"筆ポリゴンID\":\"9edccbf0-9bf9-4770-a667-b3f6b70fe1bb\",\"発生年度\":2020}]]]","last_polygon_uuid":"f2dacdb3-fe56-49d8-be44-68132815ca8d","prev_last_polygon_uuid":"c3ffedab-3afa-4216-abb3-7b194d7de377","local_government_cd":"013315","point_lng":140.029923688,"point_lat":41.465899607}},{"arcs":[[1253]],"type":"Polygon","properties":{"polygon_uuid":"19491f5c-7057-45b4-8b9a-f1e8902f5351","land_type":200,"issue_year":2024,"edit_year":2020,"history":"[{\"筆ポリゴンID\":\"41fae9a0-dd81-4917-815e-19b1fe361803\",\"更新年度\":2023,\"前年同一\":true},[{\"筆ポリゴンID\":\"b3e57cdf-f2ef-4d42-8a3e-6f1efacf5bd1\",\"更新年度\":2022,\"前年同一\":true},[{\"筆ポリゴンID\":\"43479566-7d33-4d88-b76f-8955e05a2d0d\",\"更新年度\":2021,\"前年同一\":true},{\"筆ポリゴンID\":\"43479566-7d33-4d88-b76f-8955e05a2d0d\",\"発生年度\":2020}]]]","last_polygon_uuid":"41fae9a0-dd81-4917-815e-19b1fe361803","prev_last_polygon_uuid":"b3e57cdf-f2ef-4d42-8a3e-6f1efacf5bd1","local_government_cd":"013315","point_lng":139.994046953,"point_lat":41.543902148}},{"arcs":[[1254]],"type":"Polygon","properties":{"polygon_uuid":"66bf84f3-7e7a-4a7e-a0c6-525052e35af7","land_type":200,"issue_year":2024,"edit_year":2020,"history":"[{\"筆ポリゴンID\":\"729ce91d-3f64-4644-b382-d703439c7978\",\"更新年度\":2023,\"前年同一\":true},[{\"筆ポリゴンID\":\"6b8dee28-1cbd-4727-8af0-c0f62ef1b3b0\",\"更新年度\":2022,\"前年同一\":true},[{\"筆ポリゴンID\":\"0e011712-cd15-4b84-85df-1a37e6d00188\",\"更新年度\":2021,\"前年同一\":true},{\"筆ポリゴンID\":\"0e011712-cd15-4b84-85df-1a37e6d00188\",\"発生年度\":2020}]]]","last_polygon_uuid":"729ce91d-3f64-4644-b382-d703439c7978","prev_last_polygon_uuid":"6b8dee28-1cbd-4727-8af0-c0f62ef1b3b0","local_government_cd":"013315","point_lng":140.101480536,"point_lat":41.429752326}},{"arcs":[[1255,-716,-679,1256,-755]],"type":"Polygon","properties":{"polygon_uuid":"0491b1a2-636a-4a8e-9b4a-bc0d59485d55","land_type":200,"issue_year":2024,"edit_year":2020,"history":"[{\"筆ポリゴンID\":\"897b9d5b-3e08-4f9b-8bd9-2b713b8537a8\",\"更新年度\":2023,\"前年同一\":true},[{\"筆ポリゴンID\":\"88c368de-0919-470c-aaec-9dac3b3bf83a\",\"更新年度\":2022,\"前年同一\":true},[{\"筆ポリゴンID\":\"326a0dcd-9cd6-4670-a7ef-1640dc97634f\",\"更新年度\":2021,\"前年同一\":true},{\"筆ポリゴンID\":\"326a0dcd-9cd6-4670-a7ef-1640dc97634f\",\"発生年度\":2020}]]]","last_polygon_uuid":"897b9d5b-3e08-4f9b-8bd9-2b713b8537a8","prev_last_polygon_uuid":"88c368de-0919-470c-aaec-9dac3b3bf83a","local_government_cd":"013315","point_lng":140.125812607,"point_lat":41.431199803}},{"arcs":[[-450,1257]],"type":"Polygon","properties":{"polygon_uuid":"870ccd5f-9223-49f9-a13b-1453fd495c48","land_type":200,"issue_year":2024,"edit_year":2020,"history":"[{\"筆ポリゴンID\":\"5d89412d-3e4c-48a8-8ed8-64b8274ccede\",\"更新年度\":2023,\"前年同一\":true},[{\"筆ポリゴンID\":\"e3ecc98f-2a34-4228-a8f2-90e430af3e1d\",\"更新年度\":2022,\"前年同一\":true},[{\"筆ポリゴンID\":\"0450f5ef-9fbb-4c10-a9a8-64df82bcb5a7\",\"更新年度\":2021,\"前年同一\":true},{\"筆ポリゴンID\":\"0450f5ef-9fbb-4c10-a9a8-64df82bcb5a7\",\"発生年度\":2020}]]]","last_polygon_uuid":"5d89412d-3e4c-48a8-8ed8-64b8274ccede","prev_last_polygon_uuid":"e3ecc98f-2a34-4228-a8f2-90e430af3e1d","local_government_cd":"013315","point_lng":140.020407655,"point_lat":41.488811018}},{"arcs":[[1258]],"type":"Polygon","properties":{"polygon_uuid":"a1406df8-9fb3-4237-b836-9e3513b46375","land_type":200,"issue_year":2024,"edit_year":2020,"history":"[{\"筆ポリゴンID\":\"59b94972-735f-455f-885a-81f4aeb9bfb4\",\"更新年度\":2023,\"前年同一\":true},[{\"筆ポリゴンID\":\"57774938-6f5b-40bd-bd71-4a21e5e73a79\",\"更新年度\":2022,\"前年同一\":true},[{\"筆ポリゴンID\":\"033b18e7-710f-46d0-8984-b32a21ff9b5e\",\"更新年度\":2021,\"前年同一\":true},{\"筆ポリゴンID\":\"033b18e7-710f-46d0-8984-b32a21ff9b5e\",\"発生年度\":2020}]]]","last_polygon_uuid":"59b94972-735f-455f-885a-81f4aeb9bfb4","prev_last_polygon_uuid":"57774938-6f5b-40bd-bd71-4a21e5e73a79","local_government_cd":"013315","point_lng":140.136391404,"point_lat":41.427586187}},{"arcs":[[-186,1259]],"type":"Polygon","properties":{"polygon_uuid":"a47b8345-a3cb-47c6-bd04-ac1325e3aeca","land_type":200,"issue_year":2024,"edit_year":2020,"history":"[{\"筆ポリゴンID\":\"960a1269-a2e3-447c-871b-78dcb59ca575\",\"更新年度\":2023,\"前年同一\":true},[{\"筆ポリゴンID\":\"7283d9bd-37e1-4d67-ae7d-6c7ac83b94d1\",\"更新年度\":2022,\"前年同一\":true},[{\"筆ポリゴンID\":\"6b508ca7-2233-4581-9f8e-6fc6a7da8256\",\"更新年度\":2021,\"前年同一\":true},{\"筆ポリゴンID\":\"6b508ca7-2233-4581-9f8e-6fc6a7da8256\",\"発生年度\":2020}]]]","last_polygon_uuid":"960a1269-a2e3-447c-871b-78dcb59ca575","prev_last_polygon_uuid":"7283d9bd-37e1-4d67-ae7d-6c7ac83b94d1","local_government_cd":"013315","point_lng":139.996794248,"point_lat":41.54362315}},{"arcs":[[1260]],"type":"Polygon","properties":{"polygon_uuid":"3bda24fd-2282-4ef9-93b4-9820e797bf68","land_type":200,"issue_year":2024,"edit_year":2020,"history":"[{\"筆ポリゴンID\":\"89c5a40c-a88c-4cb7-bd83-bea70417e8a0\",\"更新年度\":2023,\"前年同一\":true},[{\"筆ポリゴンID\":\"15945dbc-f13e-400f-8811-9bbb7ed19b09\",\"更新年度\":2022,\"前年同一\":true},[{\"筆ポリゴンID\":\"556ef4b5-b8af-428c-8aec-3e418b4833ed\",\"更新年度\":2021,\"前年同一\":true},{\"筆ポリゴンID\":\"556ef4b5-b8af-428c-8aec-3e418b4833ed\",\"発生年度\":2020}]]]","last_polygon_uuid":"89c5a40c-a88c-4cb7-bd83-bea70417e8a0","prev_last_polygon_uuid":"15945dbc-f13e-400f-8811-9bbb7ed19b09","local_government_cd":"013315","point_lng":140.102695321,"point_lat":41.431902819}},{"arcs":[[1261]],"type":"Polygon","properties":{"polygon_uuid":"a4b5f1bd-f731-479f-988f-ceb8cb96d692","land_type":200,"issue_year":2024,"edit_year":2020,"history":"[{\"筆ポリゴンID\":\"a5e026cb-f708-4924-be08-24a92dd7fd61\",\"更新年度\":2023,\"前年同一\":true},[{\"筆ポリゴンID\":\"b28e1321-f0dd-4bfa-b9a8-4d67c88fcf9d\",\"更新年度\":2022,\"前年同一\":true},[{\"筆ポリゴンID\":\"6b7e682c-14eb-4e2c-b872-6e3ec5c2a39d\",\"更新年度\":2021,\"前年同一\":true},{\"筆ポリゴンID\":\"6b7e682c-14eb-4e2c-b872-6e3ec5c2a39d\",\"発生年度\":2020}]]]","last_polygon_uuid":"a5e026cb-f708-4924-be08-24a92dd7fd61","prev_last_polygon_uuid":"b28e1321-f0dd-4bfa-b9a8-4d67c88fcf9d","local_government_cd":"013315","point_lng":140.024108325,"point_lat":41.484902533}},{"arcs":[[1262]],"type":"Polygon","properties":{"polygon_uuid":"a059b176-de9d-475d-942f-3d863880b3a6","land_type":200,"issue_year":2024,"edit_year":2020,"history":"[{\"筆ポリゴンID\":\"85fc58ed-5c7f-477e-8e5a-634c310efcab\",\"更新年度\":2023,\"前年同一\":true},[{\"筆ポリゴンID\":\"3ccb5415-aaf2-4024-91b6-1bbea0e632ab\",\"更新年度\":2022,\"前年同一\":true},[{\"筆ポリゴンID\":\"2c32dc66-6016-4db4-9c83-57b9d0b43103\",\"更新年度\":2021,\"前年同一\":true},{\"筆ポリゴンID\":\"2c32dc66-6016-4db4-9c83-57b9d0b43103\",\"発生年度\":2020}]]]","last_polygon_uuid":"85fc58ed-5c7f-477e-8e5a-634c310efcab","prev_last_polygon_uuid":"3ccb5415-aaf2-4024-91b6-1bbea0e632ab","local_government_cd":"013315","point_lng":140.05358251,"point_lat":41.44273849}},{"arcs":[[1263,-657,-1071,-1193,-564]],"type":"Polygon","properties":{"polygon_uuid":"dcced5ba-0551-4bac-9cd7-b61f414b138c","land_type":200,"issue_year":2024,"edit_year":2020,"history":"[{\"筆ポリゴンID\":\"cea376d0-cef5-4238-9773-0d7fe24bb125\",\"更新年度\":2023,\"前年同一\":true},[{\"筆ポリゴンID\":\"97bf09de-6a41-4462-afb5-9750230c316b\",\"更新年度\":2022,\"前年同一\":true},[{\"筆ポリゴンID\":\"45d21b28-270f-4c06-bb27-02b6c90a9943\",\"更新年度\":2021,\"前年同一\":true},{\"筆ポリゴンID\":\"45d21b28-270f-4c06-bb27-02b6c90a9943\",\"発生年度\":2020}]]]","last_polygon_uuid":"cea376d0-cef5-4238-9773-0d7fe24bb125","prev_last_polygon_uuid":"97bf09de-6a41-4462-afb5-9750230c316b","local_government_cd":"013315","point_lng":140.124279234,"point_lat":41.430714912}},{"arcs":[[-459,1264,-1146,1265,1266]],"type":"Polygon","properties":{"polygon_uuid":"0f507c45-6b45-4254-bd8f-34ac4d258422","land_type":200,"issue_year":2024,"edit_year":2020,"history":"[{\"筆ポリゴンID\":\"20403dcf-f6f9-4510-8d18-93bf164b09ca\",\"更新年度\":2023,\"前年同一\":true},[{\"筆ポリゴンID\":\"957070ab-b461-4f2e-9bc1-29662e7b74eb\",\"更新年度\":2022,\"前年同一\":true},[{\"筆ポリゴンID\":\"885706ad-4f2a-49e2-9ba7-fbf86ec3fa8a\",\"更新年度\":2021,\"前年同一\":true},{\"筆ポリゴンID\":\"885706ad-4f2a-49e2-9ba7-fbf86ec3fa8a\",\"発生年度\":2020}]]]","last_polygon_uuid":"20403dcf-f6f9-4510-8d18-93bf164b09ca","prev_last_polygon_uuid":"957070ab-b461-4f2e-9bc1-29662e7b74eb","local_government_cd":"013315","point_lng":140.173794842,"point_lat":41.413617894}},{"arcs":[[1267]],"type":"Polygon","properties":{"polygon_uuid":"29132036-b433-4aa5-8983-9076dfa93a91","land_type":200,"issue_year":2024,"edit_year":2020,"history":"[{\"筆ポリゴンID\":\"f2644721-825a-4efe-a1e7-caa069be28ec\",\"更新年度\":2023,\"前年同一\":true},[{\"筆ポリゴンID\":\"0cb2f035-5436-45dc-bbff-d78b7d993742\",\"更新年度\":2022,\"前年同一\":true},[{\"筆ポリゴンID\":\"86afd773-9399-4a22-b306-f59b7dd98054\",\"更新年度\":2021,\"前年同一\":true},{\"筆ポリゴンID\":\"86afd773-9399-4a22-b306-f59b7dd98054\",\"発生年度\":2020}]]]","last_polygon_uuid":"f2644721-825a-4efe-a1e7-caa069be28ec","prev_last_polygon_uuid":"0cb2f035-5436-45dc-bbff-d78b7d993742","local_government_cd":"013315","point_lng":140.116210643,"point_lat":41.428704667}},{"arcs":[[1268]],"type":"Polygon","properties":{"polygon_uuid":"f214a88e-8130-48a3-b5a3-7aa24c3d59b9","land_type":200,"issue_year":2024,"edit_year":2020,"history":"[{\"筆ポリゴンID\":\"5e7267a6-76a8-4710-afb4-f9850c2113db\",\"更新年度\":2023,\"前年同一\":true},[{\"筆ポリゴンID\":\"2c5427f2-a791-41e8-a639-e69078618ce9\",\"更新年度\":2022,\"前年同一\":true},[{\"筆ポリゴンID\":\"3d7a415a-2f6a-4237-944a-3a27f13d6081\",\"更新年度\":2021,\"前年同一\":true},{\"筆ポリゴンID\":\"3d7a415a-2f6a-4237-944a-3a27f13d6081\",\"発生年度\":2020}]]]","last_polygon_uuid":"5e7267a6-76a8-4710-afb4-f9850c2113db","prev_last_polygon_uuid":"2c5427f2-a791-41e8-a639-e69078618ce9","local_government_cd":"013315","point_lng":140.11367397,"point_lat":41.433646209}},{"arcs":[[1269]],"type":"Polygon","properties":{"polygon_uuid":"70941d8a-994e-4332-86a7-4c3fda7b9e47","land_type":200,"issue_year":2024,"edit_year":2020,"history":"[{\"筆ポリゴンID\":\"54c42b6f-ec73-405b-bbf8-48edde4f5aeb\",\"更新年度\":2023,\"前年同一\":true},[{\"筆ポリゴンID\":\"0440c343-3d7c-4445-afcf-f48cb110c685\",\"更新年度\":2022,\"前年同一\":true},[{\"筆ポリゴンID\":\"258c6536-2946-4da3-8c59-063031d85f20\",\"更新年度\":2021,\"前年同一\":true},{\"筆ポリゴンID\":\"258c6536-2946-4da3-8c59-063031d85f20\",\"発生年度\":2020}]]]","last_polygon_uuid":"54c42b6f-ec73-405b-bbf8-48edde4f5aeb","prev_last_polygon_uuid":"0440c343-3d7c-4445-afcf-f48cb110c685","local_government_cd":"013315","point_lng":139.999357072,"point_lat":41.544415149}},{"arcs":[[1270]],"type":"Polygon","properties":{"polygon_uuid":"6fb892cc-5c36-457d-bdd4-e707318aa072","land_type":200,"issue_year":2024,"edit_year":2020,"history":"[{\"筆ポリゴンID\":\"d94a0cb5-c133-4bf7-9f71-49eb62bbc7a0\",\"更新年度\":2023,\"前年同一\":true},[{\"筆ポリゴンID\":\"cf4b64cb-97ba-4f10-a68f-6194e3d3e8ee\",\"更新年度\":2022,\"前年同一\":true},[{\"筆ポリゴンID\":\"ba61f83a-94fd-43a6-b0dc-a23fb073c8a8\",\"更新年度\":2021,\"前年同一\":true},{\"筆ポリゴンID\":\"ba61f83a-94fd-43a6-b0dc-a23fb073c8a8\",\"発生年度\":2020}]]]","last_polygon_uuid":"d94a0cb5-c133-4bf7-9f71-49eb62bbc7a0","prev_last_polygon_uuid":"cf4b64cb-97ba-4f10-a68f-6194e3d3e8ee","local_government_cd":"013315","point_lng":140.055608346,"point_lat":41.442452003}},{"arcs":[[1271,-777]],"type":"Polygon","properties":{"polygon_uuid":"e15a9dc1-6711-45f2-ba6d-6dae9eb71fc3","land_type":200,"issue_year":2024,"edit_year":2020,"history":"[{\"筆ポリゴンID\":\"90c88e1a-9581-4541-9e57-1353360f426b\",\"更新年度\":2023,\"前年同一\":true},[{\"筆ポリゴンID\":\"4f107c22-6fd6-4a46-bef2-a44cefc2ef88\",\"更新年度\":2022,\"前年同一\":true},[{\"筆ポリゴンID\":\"9a9a2c45-d2e3-4b5f-a8ed-ba8e00b8f5fb\",\"更新年度\":2021,\"前年同一\":true},{\"筆ポリゴンID\":\"9a9a2c45-d2e3-4b5f-a8ed-ba8e00b8f5fb\",\"発生年度\":2020}]]]","last_polygon_uuid":"90c88e1a-9581-4541-9e57-1353360f426b","prev_last_polygon_uuid":"4f107c22-6fd6-4a46-bef2-a44cefc2ef88","local_government_cd":"013315","point_lng":140.040172084,"point_lat":41.451310037}},{"arcs":[[1272]],"type":"Polygon","properties":{"polygon_uuid":"639de538-0991-4dfd-ae10-9e8102c9a462","land_type":200,"issue_year":2024,"edit_year":2020,"history":"[{\"筆ポリゴンID\":\"747a3a60-7501-4af5-8f14-d90d372b69f2\",\"更新年度\":2023,\"前年同一\":true},[{\"筆ポリゴンID\":\"1e2a96b2-1089-4c46-bc9c-3544ebb24446\",\"更新年度\":2022,\"前年同一\":true},[{\"筆ポリゴンID\":\"e730a161-fe63-417e-8a2b-1e7ac9163f9f\",\"更新年度\":2021,\"前年同一\":true},{\"筆ポリゴンID\":\"e730a161-fe63-417e-8a2b-1e7ac9163f9f\",\"発生年度\":2020}]]]","last_polygon_uuid":"747a3a60-7501-4af5-8f14-d90d372b69f2","prev_last_polygon_uuid":"1e2a96b2-1089-4c46-bc9c-3544ebb24446","local_government_cd":"013315","point_lng":140.020170067,"point_lat":41.487277529}},{"arcs":[[-1042,-1124,-1090,-1058]],"type":"Polygon","properties":{"polygon_uuid":"931b4925-d0fe-4670-b48e-489ba20efa00","land_type":200,"issue_year":2024,"edit_year":2020,"history":"[{\"筆ポリゴンID\":\"d433507f-4e09-451a-8484-767061997447\",\"更新年度\":2023,\"前年同一\":true},[{\"筆ポリゴンID\":\"840d0cab-5894-4914-b0bc-3cdd22e3ec7c\",\"更新年度\":2022,\"前年同一\":true},[{\"筆ポリゴンID\":\"b243f21a-9d84-4244-b73b-7532f413d013\",\"更新年度\":2021,\"前年同一\":true},{\"筆ポリゴンID\":\"b243f21a-9d84-4244-b73b-7532f413d013\",\"発生年度\":2020}]]]","last_polygon_uuid":"d433507f-4e09-451a-8484-767061997447","prev_last_polygon_uuid":"840d0cab-5894-4914-b0bc-3cdd22e3ec7c","local_government_cd":"013315","point_lng":140.124079677,"point_lat":41.431372199}},{"arcs":[[1273,-1151]],"type":"Polygon","properties":{"polygon_uuid":"84c3d343-e95b-436f-8e03-5275ddeae762","land_type":200,"issue_year":2024,"edit_year":2020,"history":"[{\"筆ポリゴンID\":\"035423e9-a53d-46ab-a59e-5d746476ae5f\",\"更新年度\":2023,\"前年同一\":true},[{\"筆ポリゴンID\":\"ff0bddef-ee00-4195-8038-84f4bf2abefd\",\"更新年度\":2022,\"前年同一\":true},[{\"筆ポリゴンID\":\"0857eb75-9d26-4e3d-bd83-b34bd5911b7d\",\"更新年度\":2021,\"前年同一\":true},{\"筆ポリゴンID\":\"0857eb75-9d26-4e3d-bd83-b34bd5911b7d\",\"発生年度\":2020}]]]","last_polygon_uuid":"035423e9-a53d-46ab-a59e-5d746476ae5f","prev_last_polygon_uuid":"ff0bddef-ee00-4195-8038-84f4bf2abefd","local_government_cd":"013315","point_lng":140.175913821,"point_lat":41.412320687}},{"arcs":[[1274]],"type":"Polygon","properties":{"polygon_uuid":"2a256b63-1094-4acf-87b0-b20e5d85e0c9","land_type":200,"issue_year":2024,"edit_year":2020,"history":"[{\"筆ポリゴンID\":\"b0a7551d-9435-4785-a45f-81a10bd1bd7f\",\"更新年度\":2023,\"前年同一\":true},[{\"筆ポリゴンID\":\"b075cc28-0a9e-4a7d-9e7e-46223c0ef6e9\",\"更新年度\":2022,\"前年同一\":true},[{\"筆ポリゴンID\":\"ede25f54-812c-4f79-bd5c-48a8a05cd31e\",\"更新年度\":2021,\"前年同一\":true},{\"筆ポリゴンID\":\"ede25f54-812c-4f79-bd5c-48a8a05cd31e\",\"発生年度\":2020}]]]","last_polygon_uuid":"b0a7551d-9435-4785-a45f-81a10bd1bd7f","prev_last_polygon_uuid":"b075cc28-0a9e-4a7d-9e7e-46223c0ef6e9","local_government_cd":"013315","point_lng":139.999618176,"point_lat":41.546605533}},{"arcs":[[1275,1276,-1180,1277]],"type":"Polygon","properties":{"polygon_uuid":"dea227c2-733c-4d45-913d-99a31b2655e0","land_type":200,"issue_year":2024,"edit_year":2020,"history":"[{\"筆ポリゴンID\":\"7d94f951-2b4e-44d5-bec8-8e6e2ddbeba6\",\"更新年度\":2023,\"前年同一\":true},[{\"筆ポリゴンID\":\"14951f60-ff45-40a2-a475-5d631968f7f8\",\"更新年度\":2022,\"前年同一\":true},[{\"筆ポリゴンID\":\"92267785-506c-49d2-aa6c-5e57794fa1df\",\"更新年度\":2021,\"前年同一\":true},{\"筆ポリゴンID\":\"92267785-506c-49d2-aa6c-5e57794fa1df\",\"発生年度\":2020}]]]","last_polygon_uuid":"7d94f951-2b4e-44d5-bec8-8e6e2ddbeba6","prev_last_polygon_uuid":"14951f60-ff45-40a2-a475-5d631968f7f8","local_government_cd":"013315","point_lng":140.121914408,"point_lat":41.431047079}},{"arcs":[[1278,-1122,1279,-1028]],"type":"Polygon","properties":{"polygon_uuid":"cc3f0cc6-3956-4cd2-ba00-a89bd28d6bf0","land_type":200,"issue_year":2024,"edit_year":2020,"history":"[{\"筆ポリゴンID\":\"97093588-0a6f-49a1-8f3d-368073b53923\",\"更新年度\":2023,\"前年同一\":true},[{\"筆ポリゴンID\":\"616efea9-b7b5-4205-ab2b-448cbd64f82d\",\"更新年度\":2022,\"前年同一\":true},[{\"筆ポリゴンID\":\"4d0a27d7-09fe-4ca9-86b5-f03c43ece5c3\",\"更新年度\":2021,\"前年同一\":true},{\"筆ポリゴンID\":\"4d0a27d7-09fe-4ca9-86b5-f03c43ece5c3\",\"発生年度\":2020}]]]","last_polygon_uuid":"97093588-0a6f-49a1-8f3d-368073b53923","prev_last_polygon_uuid":"616efea9-b7b5-4205-ab2b-448cbd64f82d","local_government_cd":"013315","point_lng":140.162516343,"point_lat":41.420816729}},{"arcs":[[-582,-1079,1280]],"type":"Polygon","properties":{"polygon_uuid":"c86fb167-8e65-4b7f-956b-7668ae09fa04","land_type":200,"issue_year":2024,"edit_year":2020,"history":"[{\"筆ポリゴンID\":\"c25939ef-f73c-48bc-a98e-52dd5d88f689\",\"更新年度\":2023,\"前年同一\":true},[{\"筆ポリゴンID\":\"487cc06f-e1c1-4649-ad74-fac60a1b583d\",\"更新年度\":2022,\"前年同一\":true},[{\"筆ポリゴンID\":\"9fdc09e0-537d-4ded-b746-e75fe31c04f8\",\"更新年度\":2021,\"前年同一\":true},{\"筆ポリゴンID\":\"9fdc09e0-537d-4ded-b746-e75fe31c04f8\",\"発生年度\":2020}]]]","last_polygon_uuid":"c25939ef-f73c-48bc-a98e-52dd5d88f689","prev_last_polygon_uuid":"487cc06f-e1c1-4649-ad74-fac60a1b583d","local_government_cd":"013315","point_lng":140.0965902,"point_lat":41.428639043}},{"arcs":[[1281]],"type":"Polygon","properties":{"polygon_uuid":"61eb0124-723c-4a33-af71-2139f8ab0a8e","land_type":200,"issue_year":2024,"edit_year":2020,"history":"[{\"筆ポリゴンID\":\"5f07c008-c8de-4d1e-b752-598b47b0ff9d\",\"更新年度\":2023,\"前年同一\":true},[{\"筆ポリゴンID\":\"e4b987f5-8701-4bfc-857f-88d58e5cfc00\",\"更新年度\":2022,\"前年同一\":true},[{\"筆ポリゴンID\":\"adbd4d89-cd80-409a-8012-1682e88c2270\",\"更新年度\":2021,\"前年同一\":true},{\"筆ポリゴンID\":\"adbd4d89-cd80-409a-8012-1682e88c2270\",\"発生年度\":2020}]]]","last_polygon_uuid":"5f07c008-c8de-4d1e-b752-598b47b0ff9d","prev_last_polygon_uuid":"e4b987f5-8701-4bfc-857f-88d58e5cfc00","local_government_cd":"013315","point_lng":139.988881621,"point_lat":41.557002517}},{"arcs":[[1282]],"type":"Polygon","properties":{"polygon_uuid":"54aa04d4-492c-4067-8426-202b45447f31","land_type":200,"issue_year":2024,"edit_year":2020,"history":"[{\"筆ポリゴンID\":\"434c2af4-518c-4c61-af6c-def342058605\",\"更新年度\":2023,\"前年同一\":true},[{\"筆ポリゴンID\":\"0260e916-090f-42cc-be60-a1a252b82811\",\"更新年度\":2022,\"前年同一\":true},[{\"筆ポリゴンID\":\"6f7e46ee-6d6a-46c7-8b30-befd821d8b23\",\"更新年度\":2021,\"前年同一\":true},{\"筆ポリゴンID\":\"6f7e46ee-6d6a-46c7-8b30-befd821d8b23\",\"発生年度\":2020}]]]","last_polygon_uuid":"434c2af4-518c-4c61-af6c-def342058605","prev_last_polygon_uuid":"0260e916-090f-42cc-be60-a1a252b82811","local_government_cd":"013315","point_lng":139.993125942,"point_lat":41.55118184}},{"arcs":[[1283,-802,1284,-1209,1285]],"type":"Polygon","properties":{"polygon_uuid":"dbb924c9-7301-4214-bfb8-c9828d59d9a0","land_type":200,"issue_year":2024,"edit_year":2020,"history":"[{\"筆ポリゴンID\":\"c416c464-7de2-4215-ab9c-a4e46e021b60\",\"更新年度\":2023,\"前年同一\":true},[{\"筆ポリゴンID\":\"00fdbf7f-9543-42d1-8e64-4005760b4f10\",\"更新年度\":2022,\"前年同一\":true},[{\"筆ポリゴンID\":\"1fb0387f-097c-42f6-acfb-b0d1c4cbce88\",\"更新年度\":2021,\"前年同一\":true},{\"筆ポリゴンID\":\"1fb0387f-097c-42f6-acfb-b0d1c4cbce88\",\"発生年度\":2020}]]]","last_polygon_uuid":"c416c464-7de2-4215-ab9c-a4e46e021b60","prev_last_polygon_uuid":"00fdbf7f-9543-42d1-8e64-4005760b4f10","local_government_cd":"013315","point_lng":139.986050659,"point_lat":41.598718759}},{"arcs":[[1286,-1159]],"type":"Polygon","properties":{"polygon_uuid":"04a25e09-c31f-452c-86c7-47e130f405a7","land_type":200,"issue_year":2024,"edit_year":2020,"history":"[{\"筆ポリゴンID\":\"86d5533f-e641-4fe4-aa87-2935890a91e1\",\"更新年度\":2023,\"前年同一\":true},[{\"筆ポリゴンID\":\"6d79ef6f-ce73-4461-b34b-f63b3980a0e7\",\"更新年度\":2022,\"前年同一\":true},[{\"筆ポリゴンID\":\"e799ea23-5f4a-4d9e-9abb-ad4c8925d342\",\"更新年度\":2021,\"前年同一\":true},{\"筆ポリゴンID\":\"e799ea23-5f4a-4d9e-9abb-ad4c8925d342\",\"発生年度\":2020}]]]","last_polygon_uuid":"86d5533f-e641-4fe4-aa87-2935890a91e1","prev_last_polygon_uuid":"6d79ef6f-ce73-4461-b34b-f63b3980a0e7","local_government_cd":"013315","point_lng":140.094376125,"point_lat":41.428420067}},{"arcs":[[-423,-658,-1264,-563]],"type":"Polygon","properties":{"polygon_uuid":"5dff2028-a05e-4a49-9729-7b5dca92416b","land_type":200,"issue_year":2024,"edit_year":2020,"history":"[{\"筆ポリゴンID\":\"28e6fe87-da05-48d0-bb3b-cb07d75595d2\",\"更新年度\":2023,\"前年同一\":true},[{\"筆ポリゴンID\":\"885db854-b328-4012-ad52-962e12b078ca\",\"更新年度\":2022,\"前年同一\":true},[{\"筆ポリゴンID\":\"511b65fa-aeac-411c-b22d-d542fbaf73cc\",\"更新年度\":2021,\"前年同一\":true},{\"筆ポリゴンID\":\"511b65fa-aeac-411c-b22d-d542fbaf73cc\",\"発生年度\":2020}]]]","last_polygon_uuid":"28e6fe87-da05-48d0-bb3b-cb07d75595d2","prev_last_polygon_uuid":"885db854-b328-4012-ad52-962e12b078ca","local_government_cd":"013315","point_lng":140.124107539,"point_lat":41.430690666}},{"arcs":[[1287]],"type":"Polygon","properties":{"polygon_uuid":"948aaf1f-7f07-444f-964f-55d737e48eda","land_type":200,"issue_year":2024,"edit_year":2020,"history":"[{\"筆ポリゴンID\":\"5b3636fc-bd23-4d7a-b794-e22573d4f412\",\"更新年度\":2023,\"前年同一\":true},[{\"筆ポリゴンID\":\"29dd58c0-44a1-49d3-ae25-7595f865065b\",\"更新年度\":2022,\"前年同一\":true},[{\"筆ポリゴンID\":\"403811cf-5b6e-4632-bafc-faad4c5c135d\",\"更新年度\":2021,\"前年同一\":true},{\"筆ポリゴンID\":\"403811cf-5b6e-4632-bafc-faad4c5c135d\",\"発生年度\":2020}]]]","last_polygon_uuid":"5b3636fc-bd23-4d7a-b794-e22573d4f412","prev_last_polygon_uuid":"29dd58c0-44a1-49d3-ae25-7595f865065b","local_government_cd":"013315","point_lng":140.101619428,"point_lat":41.430692621}},{"arcs":[[1288]],"type":"Polygon","properties":{"polygon_uuid":"9314bc6c-2d44-442a-a8c3-8189034671a9","land_type":200,"issue_year":2024,"edit_year":2020,"history":"[{\"筆ポリゴンID\":\"916e6f63-f82f-4a18-8008-443ef45b4ff5\",\"更新年度\":2023,\"前年同一\":true},[{\"筆ポリゴンID\":\"65c52a9b-6fea-401b-9faf-2254e1737dab\",\"更新年度\":2022,\"前年同一\":true},[{\"筆ポリゴンID\":\"79f36c48-68df-415d-8b2f-313705d0fd9e\",\"更新年度\":2021,\"前年同一\":true},{\"筆ポリゴンID\":\"79f36c48-68df-415d-8b2f-313705d0fd9e\",\"発生年度\":2020}]]]","last_polygon_uuid":"916e6f63-f82f-4a18-8008-443ef45b4ff5","prev_last_polygon_uuid":"65c52a9b-6fea-401b-9faf-2254e1737dab","local_government_cd":"013315","point_lng":140.172067497,"point_lat":41.413854286}},{"arcs":[[1289,-841,1290,-738,-543]],"type":"Polygon","properties":{"polygon_uuid":"58665477-7e0f-44b4-82d4-8105465b0dd4","land_type":200,"issue_year":2024,"edit_year":2020,"history":"[{\"筆ポリゴンID\":\"12759e09-fbb1-4411-9a88-4e269f9ed08e\",\"更新年度\":2023,\"前年同一\":true},[{\"筆ポリゴンID\":\"2403921a-d685-4ed6-b165-23363b77adef\",\"更新年度\":2022,\"前年同一\":true},[{\"筆ポリゴンID\":\"96f42195-3008-4bdf-a20d-260e89c73629\",\"更新年度\":2021,\"前年同一\":true},{\"筆ポリゴンID\":\"96f42195-3008-4bdf-a20d-260e89c73629\",\"発生年度\":2020}]]]","last_polygon_uuid":"12759e09-fbb1-4411-9a88-4e269f9ed08e","prev_last_polygon_uuid":"2403921a-d685-4ed6-b165-23363b77adef","local_government_cd":"013315","point_lng":140.124686011,"point_lat":41.431345748}},{"arcs":[[1291,-1181,-1277]],"type":"Polygon","properties":{"polygon_uuid":"af2c1328-284c-43e0-b5fc-bff6dd127cbf","land_type":200,"issue_year":2024,"edit_year":2020,"history":"[{\"筆ポリゴンID\":\"954e116c-ae12-455e-90f0-50ba6410873d\",\"更新年度\":2023,\"前年同一\":true},[{\"筆ポリゴンID\":\"17307222-844f-4052-965a-c29ac0cf92e1\",\"更新年度\":2022,\"前年同一\":true},[{\"筆ポリゴンID\":\"0864ae1e-e0cf-4fd4-8628-ff94434f7120\",\"更新年度\":2021,\"前年同一\":true},{\"筆ポリゴンID\":\"0864ae1e-e0cf-4fd4-8628-ff94434f7120\",\"発生年度\":2020}]]]","last_polygon_uuid":"954e116c-ae12-455e-90f0-50ba6410873d","prev_last_polygon_uuid":"17307222-844f-4052-965a-c29ac0cf92e1","local_government_cd":"013315","point_lng":140.121773171,"point_lat":41.431018639}},{"arcs":[[-1047,1292]],"type":"Polygon","properties":{"polygon_uuid":"fc7aa4a8-a83c-4a20-85be-55cdda82f729","land_type":200,"issue_year":2024,"edit_year":2020,"history":"[{\"筆ポリゴンID\":\"6911e30a-8644-4dba-9d4b-252f2c8a43ea\",\"更新年度\":2023,\"前年同一\":true},[{\"筆ポリゴンID\":\"96eeba34-8dc7-453c-868a-6b9f1e102db3\",\"更新年度\":2022,\"前年同一\":true},[{\"筆ポリゴンID\":\"b9340db3-97a9-408f-b76e-ef94466c3fdf\",\"更新年度\":2021,\"前年同一\":true},{\"筆ポリゴンID\":\"b9340db3-97a9-408f-b76e-ef94466c3fdf\",\"発生年度\":2020}]]]","last_polygon_uuid":"6911e30a-8644-4dba-9d4b-252f2c8a43ea","prev_last_polygon_uuid":"96eeba34-8dc7-453c-868a-6b9f1e102db3","local_government_cd":"013315","point_lng":140.173002363,"point_lat":41.413451361}},{"arcs":[[1293,-338]],"type":"Polygon","properties":{"polygon_uuid":"6f5a91f7-579a-4e6a-80f2-8bcf82b82c56","land_type":200,"issue_year":2024,"edit_year":2020,"history":"[{\"筆ポリゴンID\":\"97bf8664-0639-4cc9-ad08-5269120adff1\",\"更新年度\":2023,\"前年同一\":true},[{\"筆ポリゴンID\":\"af6a9e1a-d254-41eb-b187-988bcaf04e4c\",\"更新年度\":2022,\"前年同一\":true},[{\"筆ポリゴンID\":\"4c85dc06-5fab-40ba-bb64-0a623925b54a\",\"更新年度\":2021,\"前年同一\":true},{\"筆ポリゴンID\":\"4c85dc06-5fab-40ba-bb64-0a623925b54a\",\"発生年度\":2020}]]]","last_polygon_uuid":"97bf8664-0639-4cc9-ad08-5269120adff1","prev_last_polygon_uuid":"af6a9e1a-d254-41eb-b187-988bcaf04e4c","local_government_cd":"013315","point_lng":140.021450211,"point_lat":41.488823307}},{"arcs":[[1294]],"type":"Polygon","properties":{"polygon_uuid":"6656f898-36c2-4aa5-8636-099382d05be6","land_type":200,"issue_year":2024,"edit_year":2020,"history":"[{\"筆ポリゴンID\":\"ce3c8590-2247-4af2-8ba2-a157bdf3f28e\",\"更新年度\":2023,\"前年同一\":true},[{\"筆ポリゴンID\":\"a5422edb-c597-46bc-a826-862b7f1fdbad\",\"更新年度\":2022,\"前年同一\":true},[{\"筆ポリゴンID\":\"44d57638-0588-44e6-a3c7-d0e3c5c9d019\",\"更新年度\":2021,\"前年同一\":true},{\"筆ポリゴンID\":\"44d57638-0588-44e6-a3c7-d0e3c5c9d019\",\"発生年度\":2020}]]]","last_polygon_uuid":"ce3c8590-2247-4af2-8ba2-a157bdf3f28e","prev_last_polygon_uuid":"a5422edb-c597-46bc-a826-862b7f1fdbad","local_government_cd":"013315","point_lng":140.018653915,"point_lat":41.492843123}},{"arcs":[[1295]],"type":"Polygon","properties":{"polygon_uuid":"96989e85-8a18-41d6-bde4-df6f0aae3519","land_type":200,"issue_year":2024,"edit_year":2020,"history":"[{\"筆ポリゴンID\":\"9aa3ce05-e3aa-4850-8430-46340d189924\",\"更新年度\":2023,\"前年同一\":true},[{\"筆ポリゴンID\":\"79d5383a-db53-4557-abe9-0131d2d47780\",\"更新年度\":2022,\"前年同一\":true},[{\"筆ポリゴンID\":\"0778b4bb-c0f3-46fd-bcd4-d31e1f7bb3c5\",\"更新年度\":2021,\"前年同一\":true},{\"筆ポリゴンID\":\"0778b4bb-c0f3-46fd-bcd4-d31e1f7bb3c5\",\"発生年度\":2020}]]]","last_polygon_uuid":"9aa3ce05-e3aa-4850-8430-46340d189924","prev_last_polygon_uuid":"79d5383a-db53-4557-abe9-0131d2d47780","local_government_cd":"013315","point_lng":139.982620617,"point_lat":41.600318191}},{"arcs":[[1296]],"type":"Polygon","properties":{"polygon_uuid":"e9921a22-e299-45dc-872b-aa3cbca8c78b","land_type":200,"issue_year":2024,"edit_year":2020,"history":"[{\"筆ポリゴンID\":\"0fae33c9-e147-4f25-b1c2-66327ef245ee\",\"更新年度\":2023,\"前年同一\":true},[{\"筆ポリゴンID\":\"3569bf1a-af3b-4082-8f9c-ced2be5517b0\",\"更新年度\":2022,\"前年同一\":true},[{\"筆ポリゴンID\":\"6ef0f690-87aa-4522-aa44-5e32a6e0b15b\",\"更新年度\":2021,\"前年同一\":true},{\"筆ポリゴンID\":\"6ef0f690-87aa-4522-aa44-5e32a6e0b15b\",\"発生年度\":2020}]]]","last_polygon_uuid":"0fae33c9-e147-4f25-b1c2-66327ef245ee","prev_last_polygon_uuid":"3569bf1a-af3b-4082-8f9c-ced2be5517b0","local_government_cd":"013315","point_lng":139.989648942,"point_lat":41.550228553}},{"arcs":[[1297]],"type":"Polygon","properties":{"polygon_uuid":"7f6d8963-03da-47cb-b66b-d2da771a8b56","land_type":200,"issue_year":2024,"edit_year":2020,"history":"[{\"筆ポリゴンID\":\"13a7bae9-d919-4878-a1bb-45268d6a8cf6\",\"更新年度\":2023,\"前年同一\":true},[{\"筆ポリゴンID\":\"c6a3a879-c1c2-4ca4-b0cc-bcbf583fa6cf\",\"更新年度\":2022,\"前年同一\":true},[{\"筆ポリゴンID\":\"d2ee7b8c-f25c-48d7-876c-fa4596a0c757\",\"更新年度\":2021,\"前年同一\":true},{\"筆ポリゴンID\":\"d2ee7b8c-f25c-48d7-876c-fa4596a0c757\",\"発生年度\":2020}]]]","last_polygon_uuid":"13a7bae9-d919-4878-a1bb-45268d6a8cf6","prev_last_polygon_uuid":"c6a3a879-c1c2-4ca4-b0cc-bcbf583fa6cf","local_government_cd":"013315","point_lng":140.091964801,"point_lat":41.427623653}},{"arcs":[[1298,-1155,-1129]],"type":"Polygon","properties":{"polygon_uuid":"e091389d-0a56-44e0-99e2-00b14cfc3525","land_type":200,"issue_year":2024,"edit_year":2020,"history":"[{\"筆ポリゴンID\":\"1cd88742-acff-446b-8163-4c4f11de5e5b\",\"更新年度\":2023,\"前年同一\":true},[{\"筆ポリゴンID\":\"4c3aa39c-3e8c-4578-88b3-d0bc218609e3\",\"更新年度\":2022,\"前年同一\":true},[{\"筆ポリゴンID\":\"cc8c99f8-cf89-4ee8-a80e-bd28261e8448\",\"更新年度\":2021,\"前年同一\":true},{\"筆ポリゴンID\":\"cc8c99f8-cf89-4ee8-a80e-bd28261e8448\",\"発生年度\":2020}]]]","last_polygon_uuid":"1cd88742-acff-446b-8163-4c4f11de5e5b","prev_last_polygon_uuid":"4c3aa39c-3e8c-4578-88b3-d0bc218609e3","local_government_cd":"013315","point_lng":140.121479269,"point_lat":41.431620565}},{"arcs":[[-762,-932,-739,-1291,-840,-1244]],"type":"Polygon","properties":{"polygon_uuid":"9b978192-db01-4a2a-88f6-a7100c220ef3","land_type":200,"issue_year":2024,"edit_year":2020,"history":"[{\"筆ポリゴンID\":\"f00adc3b-9cad-40f3-9639-7e7dd932533c\",\"更新年度\":2023,\"前年同一\":true},[{\"筆ポリゴンID\":\"2ab716e8-ca0a-44ca-b57e-1c54965b3af0\",\"更新年度\":2022,\"前年同一\":true},[{\"筆ポリゴンID\":\"e05da2e5-6caf-443b-a642-bb7feefaebc5\",\"更新年度\":2021,\"前年同一\":true},{\"筆ポリゴンID\":\"e05da2e5-6caf-443b-a642-bb7feefaebc5\",\"発生年度\":2020}]]]","last_polygon_uuid":"f00adc3b-9cad-40f3-9639-7e7dd932533c","prev_last_polygon_uuid":"2ab716e8-ca0a-44ca-b57e-1c54965b3af0","local_government_cd":"013315","point_lng":140.124999396,"point_lat":41.431421024}},{"arcs":[[1299,1300,-934,-633,-469]],"type":"Polygon","properties":{"polygon_uuid":"b062998c-d452-43e2-b526-13a785777dd5","land_type":200,"issue_year":2024,"edit_year":2020,"history":"[{\"筆ポリゴンID\":\"86664a48-2595-4ef2-b8ff-c2becb452724\",\"更新年度\":2023,\"前年同一\":true},[{\"筆ポリゴンID\":\"5be20866-2173-461d-b8ce-a92f6a6ebe83\",\"更新年度\":2022,\"前年同一\":true},[{\"筆ポリゴンID\":\"e07d7fa2-3c93-429a-b9f4-193ad64794a1\",\"更新年度\":2021,\"前年同一\":true},{\"筆ポリゴンID\":\"e07d7fa2-3c93-429a-b9f4-193ad64794a1\",\"発生年度\":2020}]]]","last_polygon_uuid":"86664a48-2595-4ef2-b8ff-c2becb452724","prev_last_polygon_uuid":"5be20866-2173-461d-b8ce-a92f6a6ebe83","local_government_cd":"013315","point_lng":140.123379108,"point_lat":41.430836931}},{"arcs":[[1301,-623,-1278,-1179,-1067]],"type":"Polygon","properties":{"polygon_uuid":"dc5f419b-bc9f-47a5-8705-f677180e068c","land_type":200,"issue_year":2024,"edit_year":2020,"history":"[{\"筆ポリゴンID\":\"3fbd8bc1-694d-498a-be06-75e13dc7fceb\",\"更新年度\":2023,\"前年同一\":true},[{\"筆ポリゴンID\":\"63a39bba-2c37-4d8a-932e-db2c2b9e1d5c\",\"更新年度\":2022,\"前年同一\":true},[{\"筆ポリゴンID\":\"09a68001-b6fa-44a6-8a20-8318801f8b28\",\"更新年度\":2021,\"前年同一\":true},{\"筆ポリゴンID\":\"09a68001-b6fa-44a6-8a20-8318801f8b28\",\"発生年度\":2020}]]]","last_polygon_uuid":"3fbd8bc1-694d-498a-be06-75e13dc7fceb","prev_last_polygon_uuid":"63a39bba-2c37-4d8a-932e-db2c2b9e1d5c","local_government_cd":"013315","point_lng":140.121910782,"point_lat":41.431200192}},{"arcs":[[-381,-1123,-1290,-542]],"type":"Polygon","properties":{"polygon_uuid":"bf7bc09e-82b4-49e3-a688-cb386d9d01f0","land_type":200,"issue_year":2024,"edit_year":2020,"history":"[{\"筆ポリゴンID\":\"93236bde-3bf2-4c0a-b247-6943c7ead0a1\",\"更新年度\":2023,\"前年同一\":true},[{\"筆ポリゴンID\":\"98d6efaa-301b-4f19-9681-75e97684a021\",\"更新年度\":2022,\"前年同一\":true},[{\"筆ポリゴンID\":\"43ff2a62-e26c-4985-b18c-20d26ea9cbea\",\"更新年度\":2021,\"前年同一\":true},{\"筆ポリゴンID\":\"43ff2a62-e26c-4985-b18c-20d26ea9cbea\",\"発生年度\":2020}]]]","last_polygon_uuid":"93236bde-3bf2-4c0a-b247-6943c7ead0a1","prev_last_polygon_uuid":"98d6efaa-301b-4f19-9681-75e97684a021","local_government_cd":"013315","point_lng":140.124414464,"point_lat":41.431276504}},{"arcs":[[1302]],"type":"Polygon","properties":{"polygon_uuid":"873e18d5-ac6b-42fd-bce2-fe1a6be2e2b5","land_type":200,"issue_year":2024,"edit_year":2020,"history":"[{\"筆ポリゴンID\":\"793b884f-7b46-4556-bcd0-6b8a459d41d2\",\"更新年度\":2023,\"前年同一\":true},[{\"筆ポリゴンID\":\"1b2efbbc-5dcf-4701-9f67-5c11db207680\",\"更新年度\":2022,\"前年同一\":true},[{\"筆ポリゴンID\":\"886c4805-e043-4edc-a463-18ccc9599610\",\"更新年度\":2021,\"前年同一\":true},{\"筆ポリゴンID\":\"886c4805-e043-4edc-a463-18ccc9599610\",\"発生年度\":2020}]]]","last_polygon_uuid":"793b884f-7b46-4556-bcd0-6b8a459d41d2","prev_last_polygon_uuid":"1b2efbbc-5dcf-4701-9f67-5c11db207680","local_government_cd":"013315","point_lng":140.102155064,"point_lat":41.430306109}},{"arcs":[[-694,1303]],"type":"Polygon","properties":{"polygon_uuid":"58cdc32c-f5aa-450d-aa8e-62f74ac04cac","land_type":200,"issue_year":2024,"edit_year":2020,"history":"[{\"筆ポリゴンID\":\"e9b64f0a-b148-487f-9864-34c33eaca5bf\",\"更新年度\":2023,\"前年同一\":true},[{\"筆ポリゴンID\":\"dc488609-5e53-4304-affc-943fe189797c\",\"更新年度\":2022,\"前年同一\":true},[{\"筆ポリゴンID\":\"c6e6dc1d-5082-49a8-90c3-345d7db2368a\",\"更新年度\":2021,\"前年同一\":true},{\"筆ポリゴンID\":\"c6e6dc1d-5082-49a8-90c3-345d7db2368a\",\"発生年度\":2020}]]]","last_polygon_uuid":"e9b64f0a-b148-487f-9864-34c33eaca5bf","prev_last_polygon_uuid":"dc488609-5e53-4304-affc-943fe189797c","local_government_cd":"013315","point_lng":140.173318957,"point_lat":41.413843441}},{"arcs":[[1304,-1205]],"type":"Polygon","properties":{"polygon_uuid":"b42fca7b-fe65-4a07-8892-76e9cfbdd1a4","land_type":200,"issue_year":2024,"edit_year":2020,"history":"[{\"筆ポリゴンID\":\"be4ebedf-af1e-4bd8-85dd-d88212d10a01\",\"更新年度\":2023,\"前年同一\":true},[{\"筆ポリゴンID\":\"3d00f908-d08a-408f-bf58-38bb80921df4\",\"更新年度\":2022,\"前年同一\":true},[{\"筆ポリゴンID\":\"ca1a6f27-89c8-4410-950b-9def8329f7c2\",\"更新年度\":2021,\"前年同一\":true},{\"筆ポリゴンID\":\"ca1a6f27-89c8-4410-950b-9def8329f7c2\",\"発生年度\":2020}]]]","last_polygon_uuid":"be4ebedf-af1e-4bd8-85dd-d88212d10a01","prev_last_polygon_uuid":"3d00f908-d08a-408f-bf58-38bb80921df4","local_government_cd":"013315","point_lng":139.985463271,"point_lat":41.599631351}},{"arcs":[[-1137,-1167,1305]],"type":"Polygon","properties":{"polygon_uuid":"da56688d-da16-407d-af70-a4a0641f67a5","land_type":200,"issue_year":2024,"edit_year":2020,"history":"[{\"筆ポリゴンID\":\"ed158fb5-191d-46fc-982e-da9dc2013aa9\",\"更新年度\":2023,\"前年同一\":true},[{\"筆ポリゴンID\":\"321e6710-cd05-45eb-b842-d591cb60e333\",\"更新年度\":2022,\"前年同一\":true},[{\"筆ポリゴンID\":\"614d6cbe-6056-461f-9a85-779c2d13f976\",\"更新年度\":2021,\"前年同一\":true},{\"筆ポリゴンID\":\"614d6cbe-6056-461f-9a85-779c2d13f976\",\"発生年度\":2020}]]]","last_polygon_uuid":"ed158fb5-191d-46fc-982e-da9dc2013aa9","prev_last_polygon_uuid":"321e6710-cd05-45eb-b842-d591cb60e333","local_government_cd":"013315","point_lng":140.176833062,"point_lat":41.409690093}},{"arcs":[[1306]],"type":"Polygon","properties":{"polygon_uuid":"88e235f3-bea1-4a37-9e1e-7e9fc46ae665","land_type":200,"issue_year":2024,"edit_year":2020,"history":"[{\"筆ポリゴンID\":\"6eaed18f-8c64-401b-a993-1cee7c409e45\",\"更新年度\":2023,\"前年同一\":true},[{\"筆ポリゴンID\":\"2af0d219-83d2-4101-8e5d-13b365f97854\",\"更新年度\":2022,\"前年同一\":true},[{\"筆ポリゴンID\":\"88743a72-d17e-4c7d-bd82-766fe87a1e65\",\"更新年度\":2021,\"前年同一\":true},{\"筆ポリゴンID\":\"88743a72-d17e-4c7d-bd82-766fe87a1e65\",\"発生年度\":2020}]]]","last_polygon_uuid":"6eaed18f-8c64-401b-a993-1cee7c409e45","prev_last_polygon_uuid":"2af0d219-83d2-4101-8e5d-13b365f97854","local_government_cd":"013315","point_lng":139.985676053,"point_lat":41.598585137}},{"arcs":[[1307]],"type":"Polygon","properties":{"polygon_uuid":"37533045-0a9d-4580-a0d8-057af57018de","land_type":200,"issue_year":2024,"edit_year":2020,"history":"[{\"筆ポリゴンID\":\"c8eea008-4260-4133-b2b4-4f4b5ffaea52\",\"更新年度\":2023,\"前年同一\":true},[{\"筆ポリゴンID\":\"2ab25c50-f940-4903-863f-07b0c6d25d85\",\"更新年度\":2022,\"前年同一\":true},[{\"筆ポリゴンID\":\"8bfd80ed-041c-4eb6-9e85-510282b39b40\",\"更新年度\":2021,\"前年同一\":true},{\"筆ポリゴンID\":\"8bfd80ed-041c-4eb6-9e85-510282b39b40\",\"発生年度\":2020}]]]","last_polygon_uuid":"c8eea008-4260-4133-b2b4-4f4b5ffaea52","prev_last_polygon_uuid":"2ab25c50-f940-4903-863f-07b0c6d25d85","local_government_cd":"013315","point_lng":139.989687606,"point_lat":41.550036027}},{"arcs":[[1308]],"type":"Polygon","properties":{"polygon_uuid":"8b060b28-60bd-47fe-ba6e-3a239dbcf07a","land_type":200,"issue_year":2024,"edit_year":2020,"history":"[{\"筆ポリゴンID\":\"0205c753-3bdd-4c45-8e4b-b62b2b915409\",\"更新年度\":2023,\"前年同一\":true},[{\"筆ポリゴンID\":\"7d42b782-8157-4f3f-b79a-693a04e7d62a\",\"更新年度\":2022,\"前年同一\":true},[{\"筆ポリゴンID\":\"a91d1ab8-de01-4009-85ad-149ccb8acfe0\",\"更新年度\":2021,\"前年同一\":true},{\"筆ポリゴンID\":\"a91d1ab8-de01-4009-85ad-149ccb8acfe0\",\"発生年度\":2020}]]]","last_polygon_uuid":"0205c753-3bdd-4c45-8e4b-b62b2b915409","prev_last_polygon_uuid":"7d42b782-8157-4f3f-b79a-693a04e7d62a","local_government_cd":"013315","point_lng":140.049696004,"point_lat":41.445499027}},{"arcs":[[1309,-937]],"type":"Polygon","properties":{"polygon_uuid":"8ccb75bb-2f1d-4c27-9258-3b5ca48f0539","land_type":200,"issue_year":2024,"edit_year":2020,"history":"[{\"筆ポリゴンID\":\"7891f1ee-6d1f-42e8-a432-f1cd6b0b0f12\",\"更新年度\":2023,\"前年同一\":true},[{\"筆ポリゴンID\":\"4c746e99-58f5-4e21-b1c8-a3f9f6325ec2\",\"更新年度\":2022,\"前年同一\":true},[{\"筆ポリゴンID\":\"a569fcd1-a278-4d2b-9904-06e5c2810365\",\"更新年度\":2021,\"前年同一\":true},{\"筆ポリゴンID\":\"a569fcd1-a278-4d2b-9904-06e5c2810365\",\"発生年度\":2020}]]]","last_polygon_uuid":"7891f1ee-6d1f-42e8-a432-f1cd6b0b0f12","prev_last_polygon_uuid":"4c746e99-58f5-4e21-b1c8-a3f9f6325ec2","local_government_cd":"013315","point_lng":140.092198384,"point_lat":41.425863222}},{"arcs":[[1310]],"type":"Polygon","properties":{"polygon_uuid":"d52e212a-34e8-4568-9416-49d78cc68bb6","land_type":200,"issue_year":2024,"edit_year":2020,"history":"[{\"筆ポリゴンID\":\"3e355626-425d-451f-8290-912be946a8c0\",\"更新年度\":2023,\"前年同一\":true},[{\"筆ポリゴンID\":\"07da7110-2115-4360-8faa-487cfb9afdeb\",\"更新年度\":2022,\"前年同一\":true},[{\"筆ポリゴンID\":\"8ff0577a-9c9b-487f-ad87-419a0c272745\",\"更新年度\":2021,\"前年同一\":true},{\"筆ポリゴンID\":\"8ff0577a-9c9b-487f-ad87-419a0c272745\",\"発生年度\":2020}]]]","last_polygon_uuid":"3e355626-425d-451f-8290-912be946a8c0","prev_last_polygon_uuid":"07da7110-2115-4360-8faa-487cfb9afdeb","local_government_cd":"013315","point_lng":140.021719709,"point_lat":41.486656443}},{"arcs":[[-1228,1311]],"type":"Polygon","properties":{"polygon_uuid":"a672c729-04da-419d-8f55-52e7d4847e56","land_type":200,"issue_year":2024,"edit_year":2020,"history":"[{\"筆ポリゴンID\":\"a0b0aba5-4a4d-431e-86d2-d8e91f4bf65a\",\"更新年度\":2023,\"前年同一\":true},[{\"筆ポリゴンID\":\"32a02223-1532-43a9-a6fd-66f4d930ccb3\",\"更新年度\":2022,\"前年同一\":true},[{\"筆ポリゴンID\":\"9baa0307-0011-470e-b1ab-a6f966ddd449\",\"更新年度\":2021,\"前年同一\":true},{\"筆ポリゴンID\":\"9baa0307-0011-470e-b1ab-a6f966ddd449\",\"発生年度\":2020}]]]","last_polygon_uuid":"a0b0aba5-4a4d-431e-86d2-d8e91f4bf65a","prev_last_polygon_uuid":"32a02223-1532-43a9-a6fd-66f4d930ccb3","local_government_cd":"013315","point_lng":140.177373122,"point_lat":41.409422026}},{"arcs":[[1312]],"type":"Polygon","properties":{"polygon_uuid":"504f2e75-e6da-4293-a513-b0b6708794d9","land_type":200,"issue_year":2024,"edit_year":2020,"history":"[{\"筆ポリゴンID\":\"145ed0da-c5c8-4b11-9771-ffc10d3fcded\",\"更新年度\":2023,\"前年同一\":true},[{\"筆ポリゴンID\":\"2ec50711-f150-41b4-9c85-ed03ee1d6d9c\",\"更新年度\":2022,\"前年同一\":true},[{\"筆ポリゴンID\":\"f1d058ef-888d-4119-9d1a-951d30030f85\",\"更新年度\":2021,\"前年同一\":true},{\"筆ポリゴンID\":\"f1d058ef-888d-4119-9d1a-951d30030f85\",\"発生年度\":2020}]]]","last_polygon_uuid":"145ed0da-c5c8-4b11-9771-ffc10d3fcded","prev_last_polygon_uuid":"2ec50711-f150-41b4-9c85-ed03ee1d6d9c","local_government_cd":"013315","point_lng":140.02359302,"point_lat":41.485385645}},{"arcs":[[1313]],"type":"Polygon","properties":{"polygon_uuid":"16638287-3151-4fbf-be68-276cef6006dd","land_type":200,"issue_year":2024,"edit_year":2020,"history":"[{\"筆ポリゴンID\":\"ad2ad814-afba-4a47-9e11-79d4d8a9337d\",\"更新年度\":2023,\"前年同一\":true},[{\"筆ポリゴンID\":\"e29f9847-dc80-4a43-9b66-3d99676da657\",\"更新年度\":2022,\"前年同一\":true},[{\"筆ポリゴンID\":\"9c4e6d33-784d-45c1-8aec-77f3f4f55f20\",\"更新年度\":2021,\"前年同一\":true},{\"筆ポリゴンID\":\"9c4e6d33-784d-45c1-8aec-77f3f4f55f20\",\"発生年度\":2020}]]]","last_polygon_uuid":"ad2ad814-afba-4a47-9e11-79d4d8a9337d","prev_last_polygon_uuid":"e29f9847-dc80-4a43-9b66-3d99676da657","local_government_cd":"013315","point_lng":140.017964802,"point_lat":41.490949305}},{"arcs":[[1314,-1142,1315,-1045]],"type":"Polygon","properties":{"polygon_uuid":"2cd520c2-400a-4a1f-a7d7-78597be8a652","land_type":200,"issue_year":2024,"edit_year":2020,"history":"[{\"筆ポリゴンID\":\"9cd09f09-1837-4084-afce-45df029c63b2\",\"更新年度\":2023,\"前年同一\":true},[{\"筆ポリゴンID\":\"27776286-507e-48e6-9716-ae3ca6cdcfac\",\"更新年度\":2022,\"前年同一\":true},[{\"筆ポリゴンID\":\"7296875a-8534-47b2-9178-f31ba04f6ac7\",\"更新年度\":2021,\"前年同一\":true},{\"筆ポリゴンID\":\"7296875a-8534-47b2-9178-f31ba04f6ac7\",\"発生年度\":2020}]]]","last_polygon_uuid":"9cd09f09-1837-4084-afce-45df029c63b2","prev_last_polygon_uuid":"27776286-507e-48e6-9716-ae3ca6cdcfac","local_government_cd":"013315","point_lng":140.173143977,"point_lat":41.413276071}},{"arcs":[[1316,-1266,-1145,-689]],"type":"Polygon","properties":{"polygon_uuid":"7925b4af-2bb9-4756-b28e-b9f8c8339e23","land_type":200,"issue_year":2024,"edit_year":2020,"history":"[{\"筆ポリゴンID\":\"286b617d-4a13-47cd-9b97-cde9f45414a8\",\"更新年度\":2023,\"前年同一\":true},[{\"筆ポリゴンID\":\"513c9d72-2828-4092-8239-4141d6bc030a\",\"更新年度\":2022,\"前年同一\":true},[{\"筆ポリゴンID\":\"5cb8a35a-bb68-4bee-a024-d536582bca57\",\"更新年度\":2021,\"前年同一\":true},{\"筆ポリゴンID\":\"5cb8a35a-bb68-4bee-a024-d536582bca57\",\"発生年度\":2020}]]]","last_polygon_uuid":"286b617d-4a13-47cd-9b97-cde9f45414a8","prev_last_polygon_uuid":"513c9d72-2828-4092-8239-4141d6bc030a","local_government_cd":"013315","point_lng":140.173660055,"point_lat":41.413759704}},{"arcs":[[1317]],"type":"Polygon","properties":{"polygon_uuid":"0ecd25ac-514f-4160-8cf9-4af417b3ee22","land_type":200,"issue_year":2024,"edit_year":2020,"history":"[{\"筆ポリゴンID\":\"67d49e48-84c6-456c-911f-6af2967053e4\",\"更新年度\":2023,\"前年同一\":true},[{\"筆ポリゴンID\":\"5f054992-0e29-4377-9493-0ecc359430b2\",\"更新年度\":2022,\"前年同一\":true},[{\"筆ポリゴンID\":\"a3b774a3-fc8a-4377-9c89-953e8e45bc86\",\"更新年度\":2021,\"前年同一\":true},{\"筆ポリゴンID\":\"a3b774a3-fc8a-4377-9c89-953e8e45bc86\",\"発生年度\":2020}]]]","last_polygon_uuid":"67d49e48-84c6-456c-911f-6af2967053e4","prev_last_polygon_uuid":"5f054992-0e29-4377-9493-0ecc359430b2","local_government_cd":"013315","point_lng":140.048906618,"point_lat":41.446118081}},{"arcs":[[1318]],"type":"Polygon","properties":{"polygon_uuid":"378043f7-8498-4001-984a-a3d4886d8149","land_type":200,"issue_year":2024,"edit_year":2020,"history":"[{\"筆ポリゴンID\":\"91396199-e9b3-4064-b322-759d0681c0a5\",\"更新年度\":2023,\"前年同一\":true},[{\"筆ポリゴンID\":\"b1a6640d-beb2-40cb-89d2-b09a56f34833\",\"更新年度\":2022,\"前年同一\":true},[{\"筆ポリゴンID\":\"44cb6281-ea25-44ad-886e-98df5a58ce09\",\"更新年度\":2021,\"前年同一\":true},{\"筆ポリゴンID\":\"44cb6281-ea25-44ad-886e-98df5a58ce09\",\"発生年度\":2020}]]]","last_polygon_uuid":"91396199-e9b3-4064-b322-759d0681c0a5","prev_last_polygon_uuid":"b1a6640d-beb2-40cb-89d2-b09a56f34833","local_government_cd":"013315","point_lng":140.055228436,"point_lat":41.442469564}},{"arcs":[[-533,1319,-1184,1320]],"type":"Polygon","properties":{"polygon_uuid":"ad7230bf-558f-4f5f-a1a1-0f697f47b2d6","land_type":200,"issue_year":2024,"edit_year":2020,"history":"[{\"筆ポリゴンID\":\"432af229-1ead-471a-88f0-fc85832fc7c8\",\"更新年度\":2023,\"前年同一\":true},[{\"筆ポリゴンID\":\"98d3f2e4-93d2-44f2-bce2-4be33b142381\",\"更新年度\":2022,\"前年同一\":true},[{\"筆ポリゴンID\":\"c2780e71-19c5-4335-9704-f802f48d9c9a\",\"更新年度\":2021,\"前年同一\":true},{\"筆ポリゴンID\":\"c2780e71-19c5-4335-9704-f802f48d9c9a\",\"発生年度\":2020}]]]","last_polygon_uuid":"432af229-1ead-471a-88f0-fc85832fc7c8","prev_last_polygon_uuid":"98d3f2e4-93d2-44f2-bce2-4be33b142381","local_government_cd":"013315","point_lng":140.094566192,"point_lat":41.428211893}},{"arcs":[[1321,-602,-935,-1301]],"type":"Polygon","properties":{"polygon_uuid":"b30e36a2-cb06-4aea-96a5-4d7edaf5ce4b","land_type":200,"issue_year":2024,"edit_year":2020,"history":"[{\"筆ポリゴンID\":\"61415d70-c300-49f3-89d9-ef9c8cb28959\",\"更新年度\":2023,\"前年同一\":true},[{\"筆ポリゴンID\":\"cff14084-f2a0-4fe0-9ddb-471a579f19d4\",\"更新年度\":2022,\"前年同一\":true},[{\"筆ポリゴンID\":\"dffb0a8e-ab17-4a26-9435-8e201aaedcab\",\"更新年度\":2021,\"前年同一\":true},{\"筆ポリゴンID\":\"dffb0a8e-ab17-4a26-9435-8e201aaedcab\",\"発生年度\":2020}]]]","last_polygon_uuid":"61415d70-c300-49f3-89d9-ef9c8cb28959","prev_last_polygon_uuid":"cff14084-f2a0-4fe0-9ddb-471a579f19d4","local_government_cd":"013315","point_lng":140.12347102,"point_lat":41.430842514}},{"arcs":[[1322,-927,-1127,1323]],"type":"Polygon","properties":{"polygon_uuid":"8d995a37-6998-48b6-a9e3-b8da67185dbf","land_type":200,"issue_year":2024,"edit_year":2020,"history":"[{\"筆ポリゴンID\":\"59137853-7cec-40e0-8e83-c5ecda3632fe\",\"更新年度\":2023,\"前年同一\":true},[{\"筆ポリゴンID\":\"b399b5de-cb10-4bd1-93a0-1eeab19ebf13\",\"更新年度\":2022,\"前年同一\":true},[{\"筆ポリゴンID\":\"bcd72f28-704e-40e8-91e9-42db7299d8a6\",\"更新年度\":2021,\"前年同一\":true},{\"筆ポリゴンID\":\"bcd72f28-704e-40e8-91e9-42db7299d8a6\",\"発生年度\":2020}]]]","last_polygon_uuid":"59137853-7cec-40e0-8e83-c5ecda3632fe","prev_last_polygon_uuid":"b399b5de-cb10-4bd1-93a0-1eeab19ebf13","local_government_cd":"013315","point_lng":140.12201742,"point_lat":41.430221606}},{"arcs":[[-412,-1225,-691,-1144]],"type":"Polygon","properties":{"polygon_uuid":"402319da-29bd-4769-8bc3-928b68466d21","land_type":200,"issue_year":2024,"edit_year":2020,"history":"[{\"筆ポリゴンID\":\"38c97bde-faf9-48fe-8497-084f336a03a4\",\"更新年度\":2023,\"前年同一\":true},[{\"筆ポリゴンID\":\"c2c425a1-a2ef-4034-a057-dfe7517cd80d\",\"更新年度\":2022,\"前年同一\":true},[{\"筆ポリゴンID\":\"0a714d7a-34ab-4031-afb6-87818d14da9f\",\"更新年度\":2021,\"前年同一\":true},{\"筆ポリゴンID\":\"0a714d7a-34ab-4031-afb6-87818d14da9f\",\"発生年度\":2020}]]]","last_polygon_uuid":"38c97bde-faf9-48fe-8497-084f336a03a4","prev_last_polygon_uuid":"c2c425a1-a2ef-4034-a057-dfe7517cd80d","local_government_cd":"013315","point_lng":140.173531988,"point_lat":41.413570037}},{"arcs":[[1324]],"type":"Polygon","properties":{"polygon_uuid":"f1c090aa-46cc-46e4-8dc9-5a13ea7c0d13","land_type":200,"issue_year":2024,"edit_year":2020,"history":"[{\"筆ポリゴンID\":\"27d7655b-9777-4617-8be1-0301c0079f8f\",\"更新年度\":2023,\"前年同一\":true},[{\"筆ポリゴンID\":\"6ae8205b-db5d-4096-8450-7c9c317ba01d\",\"更新年度\":2022,\"前年同一\":true},[{\"筆ポリゴンID\":\"ea152fd1-1557-44d1-a7df-9afd81869377\",\"更新年度\":2021,\"前年同一\":true},{\"筆ポリゴンID\":\"ea152fd1-1557-44d1-a7df-9afd81869377\",\"発生年度\":2020}]]]","last_polygon_uuid":"27d7655b-9777-4617-8be1-0301c0079f8f","prev_last_polygon_uuid":"6ae8205b-db5d-4096-8450-7c9c317ba01d","local_government_cd":"013315","point_lng":140.138486552,"point_lat":41.42829519}},{"arcs":[[-334,-747,-445,1325,-1324,-1126]],"type":"Polygon","properties":{"polygon_uuid":"98af10f0-ad13-4639-a2d6-554fc659a2f6","land_type":200,"issue_year":2024,"edit_year":2020,"history":"[{\"筆ポリゴンID\":\"66be4be0-5d82-4f07-8a57-09740c482dd9\",\"更新年度\":2023,\"前年同一\":true},[{\"筆ポリゴンID\":\"883b7d90-6442-425d-9e74-701872c0fc7a\",\"更新年度\":2022,\"前年同一\":true},[{\"筆ポリゴンID\":\"dacb096d-7bcc-4976-8a36-a750ab57a560\",\"更新年度\":2021,\"前年同一\":true},{\"筆ポリゴンID\":\"dacb096d-7bcc-4976-8a36-a750ab57a560\",\"発生年度\":2020}]]]","last_polygon_uuid":"66be4be0-5d82-4f07-8a57-09740c482dd9","prev_last_polygon_uuid":"883b7d90-6442-425d-9e74-701872c0fc7a","local_government_cd":"013315","point_lng":140.122170693,"point_lat":41.430294404}},{"arcs":[[1326,-340]],"type":"Polygon","properties":{"polygon_uuid":"6a0677b2-2a20-4eb4-ba2f-943dfee20fa2","land_type":200,"issue_year":2024,"edit_year":2020,"history":"[{\"筆ポリゴンID\":\"f8d7b75a-c957-4647-828e-33699e63ec35\",\"更新年度\":2023,\"前年同一\":true},[{\"筆ポリゴンID\":\"d2f15858-0aec-46f0-911c-377d5d268407\",\"更新年度\":2022,\"前年同一\":true},[{\"筆ポリゴンID\":\"aa547934-69de-4898-9c1e-5437324399ed\",\"更新年度\":2021,\"前年同一\":true},{\"筆ポリゴンID\":\"aa547934-69de-4898-9c1e-5437324399ed\",\"発生年度\":2020}]]]","last_polygon_uuid":"f8d7b75a-c957-4647-828e-33699e63ec35","prev_last_polygon_uuid":"d2f15858-0aec-46f0-911c-377d5d268407","local_government_cd":"013315","point_lng":140.021518367,"point_lat":41.488279169}},{"arcs":[[-434,1327,-1117]],"type":"Polygon","properties":{"polygon_uuid":"a55d3ffa-55eb-4e07-ac30-2ca062b82629","land_type":200,"issue_year":2024,"edit_year":2020,"history":"[{\"筆ポリゴンID\":\"5b081450-ffdb-4726-88c0-3034956d6afd\",\"更新年度\":2023,\"前年同一\":true},[{\"筆ポリゴンID\":\"d7b94bc7-04c9-4894-869e-decfa269abac\",\"更新年度\":2022,\"前年同一\":true},[{\"筆ポリゴンID\":\"49dc07a1-0f6d-40cb-9669-656dde3f9129\",\"更新年度\":2021,\"前年同一\":true},{\"筆ポリゴンID\":\"49dc07a1-0f6d-40cb-9669-656dde3f9129\",\"発生年度\":2020}]]]","last_polygon_uuid":"5b081450-ffdb-4726-88c0-3034956d6afd","prev_last_polygon_uuid":"d7b94bc7-04c9-4894-869e-decfa269abac","local_government_cd":"013315","point_lng":140.094825501,"point_lat":41.427501811}}]}}}