{"type":"Topology","arcs":[[[29875,38141],[104,36],[10,-7],[29,-103],[-1,-7],[-93,-35],[-10,-1],[-3,2],[-35,105],[-1,10]],[[29245,44840],[18,-3],[24,-9],[8,-6],[-27,-124],[-2,-6],[-69,-47],[-21,6],[-4,6],[3,79],[44,-2],[26,106]],[[15163,43088],[103,-28],[-44,-101],[-91,25],[15,47],[17,57]],[[38823,40801],[-18,15],[-4,16],[-11,107],[28,11],[31,-7],[25,-31],[15,-25],[9,-73],[-20,-5],[-18,5],[-21,-5],[-16,-8]],[[34774,24270],[216,-71],[-11,-47],[-216,80],[11,38]],[[16381,25231],[43,3],[23,-7],[175,-52],[34,-21],[-15,-66],[-33,-40],[-118,28],[-98,45],[-70,12],[-2,22],[21,35],[40,41]],[[14933,33098],[30,-139],[-3,-7],[-84,-17],[-8,47],[-11,30],[3,30],[7,34],[42,17],[24,5]],[[32183,43798],[47,-125],[-139,-39],[-140,-34],[-36,127],[166,45],[37,14],[65,12]],[[16014,18583],[81,73],[15,-14],[-32,-39],[19,-20],[-10,-10],[-2,-13],[-32,-25],[-39,48]],[[15294,17548],[88,-18],[-12,-50],[-46,1],[-20,9],[-12,22],[0,16],[2,20]],[[31956,56540],[-7,12],[29,9],[-3,8],[37,11],[48,-53],[-44,-39],[-60,52]],[[7107,21895],[17,-12],[11,-7],[-42,-68],[9,-6],[-22,-42]],[[7080,21760],[-41,31],[68,104]],[[30779,57903],[78,-10],[6,23],[29,-8],[-18,-50],[-10,-5],[-91,14],[6,36]],[[18011,21405],[41,7],[14,-60],[-5,-53],[-35,6],[-8,64],[-7,36]],[[16269,34254],[44,-12],[16,60],[25,-6],[-39,-143],[-25,14],[-21,3],[-17,6],[17,78]],[[4280,48986],[960,66],[68,-50],[33,-295],[-23,-68],[-959,-83],[-79,430]],[[19349,57920],[21,-10],[746,-721],[18,-36],[-29,-17],[-129,-92],[-23,14],[-143,138],[-527,538],[3,29],[48,138],[15,19]],[[14762,17014],[197,-24],[13,97]],[[14972,17087],[14,2],[23,-5],[29,-2],[28,-5],[39,-8],[42,-7],[40,-5],[37,-5],[24,0],[23,-7],[2,-15],[0,-26],[-15,-34],[-35,-39],[-32,-55],[0,-22],[-15,-41],[-17,-46],[-25,-63],[-32,-56],[-43,-55],[-116,-102],[-131,-106],[-40,-29],[-20,-31],[-10,-39],[-27,-56],[-60,-60],[-101,-164],[-63,-114],[-34,-63],[-35,-58],[-22,-29],[-20,-29],[-15,-27],[-13,-16],[-29,0],[-45,9],[-47,17],[-34,13],[-27,22],[-8,19],[0,27],[15,31],[80,225],[2,27],[-4,29],[-3,29],[5,31],[5,44],[5,43],[-7,54],[-15,26],[-10,27],[1,34],[7,31],[-10,109],[41,205],[27,81],[28,96],[101,-34],[32,-17],[34,-14],[27,-22],[50,-17],[42,-22],[37,-5],[34,2],[30,12],[62,36],[40,37],[2,29],[0,24],[-58,106]],[[92294,3773],[98,-114],[211,-261],[22,-26],[52,-42],[44,-17],[30,-22],[14,-27],[5,-29],[-10,-53],[-25,-48],[-35,-70],[-40,-65],[-25,-61],[-17,-31],[-60,-87],[-30,-43],[-32,-37],[-60,-11],[-52,-10],[-57,-14],[-32,-17],[-32,-9],[-37,0],[-42,15],[-27,17],[-22,29],[-35,41],[-54,66],[-17,39],[-37,31],[-24,10],[-22,15],[-15,24],[-5,46],[-7,44],[-7,24],[-15,27],[-5,29],[5,31],[13,29],[22,24],[15,56],[-7,34],[-37,41],[-39,37],[0,29],[8,17],[17,24],[20,17],[17,21],[1,29],[0,39],[-25,51],[-17,15],[-15,29],[1,19],[0,20],[15,14],[24,5],[25,0],[25,0],[27,12],[23,55],[52,116],[5,27],[8,29],[5,24],[0,22],[0,24],[5,31],[10,27],[13,19],[19,7],[50,-10],[17,-14],[10,-17],[17,-27],[22,-44],[0,-38],[7,-63],[17,-51],[27,-73]],[[92484,2897],[-9,56],[-19,29],[-114,134],[-32,25],[-24,0],[-4,-20],[13,-38],[112,-103],[24,-58],[38,-30],[15,5]],[[40355,41035],[-18,-229],[-12,-1],[-36,-272],[-1,-109],[-25,-105],[5,-82],[-12,-28],[-78,39],[-22,29],[-17,22],[-67,22],[-39,46],[-47,90],[-31,68],[-57,72],[-80,62],[-31,21],[-101,78],[-80,43],[-37,113],[4,39],[35,18],[48,13],[75,1],[51,18],[400,67],[76,10],[26,-27],[71,-18]],[[3745,44356],[2,20],[92,51],[91,18],[142,2],[176,-1135],[-262,-12],[-193,837],[-48,219]],[[4164,43653],[-2,16],[-135,-16],[2,-15],[135,15]],[[11338,23275],[-29,21],[-25,19],[-20,14],[-7,22],[2,46],[15,24],[28,-2],[52,-7],[91,-39],[142,-47],[127,-41],[57,-32],[99,-24],[47,-22],[35,-12],[98,-32],[42,-20],[23,-9],[-27,-124],[-34,14],[-55,20],[-95,33],[-115,20],[-167,60],[-35,19],[-65,37],[-33,12],[15,60],[-98,33],[-18,-57],[-50,14]],[[88144,5719],[-29,19],[-14,44],[-113,350],[-23,77],[-35,96],[-18,46],[-26,71],[-24,80],[-4,30],[-29,57],[-38,119],[-23,59],[-25,74],[-9,63],[37,20],[60,0],[76,5],[158,-20],[105,-3],[42,-54],[-1,-43],[3,-62],[-4,-67],[-9,-170],[13,-51],[1,-47],[0,-47],[-3,-47],[-6,-24],[-10,-40],[-5,-48],[-2,-31],[7,-124],[-4,-93],[4,-66],[13,-63],[6,-63],[-6,-38],[-10,-7],[-22,1],[-33,-3]],[[15825,17224],[59,-46],[8,22],[30,95],[6,21],[87,21],[18,-2],[23,-41],[-65,-174],[-27,-11],[4,-8],[-15,-22],[-10,-24],[-20,-38],[-17,-39],[-17,-32],[-10,-7],[-27,0],[-181,81],[-69,26],[-32,20],[-44,31],[-40,30],[-19,99],[-59,56],[-25,37],[64,98],[77,73],[54,-3],[15,0],[18,-2],[24,-10],[32,-12],[28,-13],[32,-31],[34,-61],[6,-28],[29,-65],[29,-41]],[[3507,43260],[-12,67],[-55,133],[-27,36],[-1,31],[65,192],[-9,37],[-46,85],[12,34],[0,57],[31,45],[124,160],[41,9],[28,-15],[46,-18],[52,0],[197,-793],[3,-20],[-449,-40]],[[3652,43732],[-2,25],[-147,-39],[-8,-8],[10,-4],[147,26]],[[11501,26578],[-14,-42],[-34,-71],[-75,-221],[-16,-66],[0,-69],[33,-52],[23,-60],[-38,-183],[-45,9],[-52,16],[-35,18],[-55,19],[-67,3],[-44,-31],[-71,-38],[-41,0],[-48,2],[-24,17],[28,107],[67,202],[45,60],[35,63],[43,147],[25,26],[107,75],[58,49],[59,20],[58,-6],[34,34],[36,1],[8,-29]],[[11301,26414],[26,-8],[6,33],[-27,8],[-5,-33]],[[31477,50053],[18,-12],[5,-8],[9,-17],[9,-20],[9,-18],[4,-19],[0,-27],[0,-38],[-1,-24],[0,-30],[7,-23],[11,-24],[10,-26],[5,-34],[5,-57],[-5,-75],[0,-28],[-1,-22],[-1,-23],[0,-27],[0,-33],[4,-68],[0,-48],[7,-39],[-9,-29],[-6,-14],[-22,-50],[-13,-15],[-22,0],[-23,5],[-13,12],[-18,16],[-7,18],[0,21],[2,32],[14,77],[23,133],[-3,29],[0,22],[-3,28],[-8,82],[2,21],[-2,24],[0,16],[-2,16],[-13,33],[-8,64],[-6,55],[0,57],[3,32],[2,11],[3,12],[5,11],[10,10],[9,9],[10,2]],[[37368,40565],[-10,49],[190,522]],[[37548,41136],[30,85],[10,24],[13,19],[12,20],[15,26],[13,39],[5,44],[20,41],[7,24],[58,140],[12,39],[45,21],[57,-9],[24,-20],[55,-22],[227,-85],[15,-27],[2,-70],[7,-44],[15,-53],[12,-68],[-12,-65],[-23,-68],[-35,-85],[-10,-41],[-232,-614],[-28,-44],[-34,-28],[-45,-29],[-52,-27],[-32,-2],[-30,5],[-27,17],[-25,29],[-29,39],[-42,46],[-32,41],[-37,34],[-35,27],[-39,36],[-35,34]],[[4763,46687],[-153,-163],[-3,0],[-245,-13],[-657,558],[276,300],[782,-682]],[[42189,36985],[-75,31],[-136,25],[-52,8],[-71,32]],[[41855,37081],[8,94],[61,132],[48,42],[15,21],[24,7],[23,8],[42,9],[37,7],[22,5],[15,0],[7,-19],[3,-15],[0,-22],[2,-19],[32,-63],[102,-17],[34,14],[67,101],[5,37],[6,26],[2,32],[18,36],[40,92],[5,39],[-5,48],[0,29],[3,39],[2,34],[18,51],[25,48],[17,27],[12,14],[20,12],[57,0],[22,0],[33,-17],[29,-20],[2,-65],[-20,-61],[-10,-38],[-12,-56],[-13,-56],[-20,-62],[-15,-66],[-15,-53],[14,-94],[8,-59],[-147,-384],[-159,32],[-130,54]],[[42574,37659],[-17,-7],[-3,-17],[5,-8],[10,-2],[10,7],[5,10],[0,10],[-10,7]],[[26646,38418],[-23,36],[-7,18]],[[26616,38472],[3,5],[5,6],[9,7],[9,10],[1,9],[-4,11],[-7,10],[-11,17],[-3,10],[0,9],[1,7],[7,5],[29,11],[23,-7],[9,-7],[10,-13],[10,-16],[9,-18],[9,-16],[4,-8],[-52,-72],[-13,-13],[-15,-1],[-3,0]],[[2907,46582],[1,15],[11,11],[335,68],[45,-9],[21,-14],[8,-27],[-69,-426],[-58,-450],[-19,-14],[-88,3],[-11,6],[0,18],[16,39],[-4,74],[-24,29],[-39,25],[-43,31],[-10,56],[7,40],[21,45],[5,32],[-11,16],[-6,20],[1,26],[20,33],[17,67],[5,68],[-23,21],[-96,67],[-8,27],[2,35],[1,37],[-7,31]],[[33952,36615],[-130,32]],[[33822,36647],[-23,6],[-11,19],[32,88],[153,-44],[5,-8],[-26,-93]],[[2537,47347],[-13,44],[10,40],[372,323],[8,-13],[-26,-104],[12,-25],[21,-39],[-3,-39],[-47,-45],[-37,-67],[-26,-36],[-8,-30],[-10,-38],[-40,-38],[-59,-22],[-12,-14],[-12,-32],[1,-31],[38,-43],[6,-27],[17,-36],[15,-46],[26,-50],[4,-25],[-12,-55],[3,-39],[20,-16],[17,-8],[13,-38],[26,-43],[5,-58],[26,-23],[20,-41],[-9,-42],[12,-53],[-5,-30],[1,-35],[-8,-4],[-49,44],[-53,3],[-34,35],[-33,34],[-18,26],[-22,53],[-32,31],[-21,46],[-28,32],[-27,15],[-46,23],[8,32],[22,54],[4,112],[-1,48],[7,43],[6,31],[18,23],[9,34],[6,65],[-3,38],[-23,29],[-36,27]],[[2765,45707],[-35,29],[-259,601],[-67,85],[-197,255],[-56,91],[24,244],[66,520],[-6,13],[-58,54],[45,42],[34,-41],[33,4],[30,25],[188,-209],[-3,-42],[30,-52],[40,-37],[7,-30],[-9,-76],[-8,-28],[-14,-28],[-7,-33],[-8,-44],[5,-59],[-5,-56],[-1,-41],[-30,-60],[2,-36],[27,-16],[42,-19],[25,-27],[20,-32],[24,-33],[22,-27],[31,-63],[30,-38],[28,-36],[25,-22],[12,1],[34,3],[34,-21],[109,-89],[35,-29],[-5,-44],[-23,-69],[-15,-27],[-2,-32],[9,-30],[6,-42],[-30,-59],[0,-26],[5,-57],[19,-33],[41,-31],[42,-42],[0,-39],[-17,-89],[-102,-14],[-167,-9]],[[88535,10963],[-137,-191],[-100,50],[85,205],[29,56],[42,44],[114,99],[54,52],[89,34],[64,48],[58,74],[76,71],[84,65],[147,184],[47,50],[24,26],[89,95],[127,97],[33,4],[21,4],[27,-16],[37,-56],[20,-58],[16,-56],[34,-69],[19,-58],[17,-58],[11,-53],[22,-122],[2,-119],[-5,-137],[2,-26],[-115,-17],[-144,-8],[-478,-25],[-116,-2],[-90,-8],[-60,-47],[-57,-47],[-53,-49],[-35,-36]],[[89039,11939],[-152,352],[-146,173],[-85,154],[-11,204],[68,34],[420,136],[68,-274],[102,-239],[155,-324],[22,-45],[-201,-149],[-123,-129],[-86,-107],[-25,188],[-6,26]],[[89461,12316],[-41,67],[-88,165],[-11,54],[-9,23],[1041,138],[0,55],[-1057,-152],[-11,27],[-22,48],[-16,35],[-19,64],[-48,173],[-14,60],[-7,49],[-17,95],[81,6],[52,0],[127,11],[46,-7],[146,4],[204,13],[291,7],[291,7],[147,-1],[104,-17],[51,-28],[14,-55],[1,-105],[-27,-31],[36,-34],[-8,-27],[2,-75],[10,-257],[-11,-33],[-43,-54],[9,-46],[26,2],[12,-31],[5,-28],[-1,-40],[-11,-81],[-35,-116],[-61,-121],[-69,-99],[-48,-72],[-90,-150],[-125,124],[-64,95],[-41,-38],[-385,-232],[-50,-27],[-185,428],[-21,51],[-61,156]],[[90948,2397],[-21,-1],[-52,15],[-27,6],[-37,9],[-39,4],[-37,15],[-39,17],[-32,15],[-23,17],[-28,29],[-45,66],[-17,59],[-15,56],[-2,54],[-2,51],[0,51],[16,63],[14,41],[15,24],[15,24],[13,20],[27,4],[12,0],[15,-12],[5,-29],[-10,-53],[-9,-32],[3,-26],[5,-20],[23,-27],[39,-28],[66,-18],[148,-34],[72,-9],[48,-12],[45,-12],[18,-27],[10,-22],[-9,-31],[-14,-37],[-7,-26],[-92,-173],[-31,-8],[-21,-3]],[[4576,48068],[2,-16],[-80,-75],[-31,-11],[-20,-10],[-212,-241],[-210,-224],[-131,-137],[-317,-338],[-15,-8],[-16,0],[-14,4],[-26,20],[-20,23],[2,39],[5,29],[5,19],[0,29],[0,28],[-29,61],[-12,24],[-16,29],[-12,20],[-23,13],[-17,11],[-8,11],[-1,15],[3,14],[137,147],[60,72],[87,87],[17,28],[31,48],[313,350],[101,114],[130,64],[0,27],[-183,-91],[-109,-114],[-534,-587],[-17,-11],[-15,-6],[-13,0],[-18,6],[-16,15],[-14,24],[-11,229],[4,29],[1,31],[5,24],[7,21],[7,18],[13,18],[12,12],[16,18],[81,74],[18,28],[17,32],[13,73],[-3,22],[-2,15],[0,18],[4,22],[334,354],[339,379],[33,8],[103,-434],[3,-59],[-43,-150],[10,-58],[222,-172],[53,-54]],[[33952,36615],[-14,-43],[-75,-219],[-20,6],[-24,-63],[-20,-40],[-21,-11],[-18,-18],[-8,-14],[-7,-17],[-43,15],[0,15],[-20,6],[89,315],[20,0],[31,100]],[[87909,4201],[-15,-166],[-13,-58],[-31,-46],[-48,-30],[-82,-32],[-33,-16],[-30,-7],[-73,-25],[-65,-11],[-77,-27],[-68,-27],[-87,-33],[-165,-47],[-40,18],[-52,196],[-20,84],[-26,121],[-3,61],[-10,55],[-16,53],[-8,79],[4,45],[30,36],[57,50],[39,59],[6,40],[-18,42],[-19,50],[-26,60],[-24,73],[10,24],[93,19],[72,10],[76,17],[121,30],[44,3],[84,18],[126,26],[102,23],[94,18],[26,102],[23,72],[17,61],[14,56],[-2,49],[22,31],[37,5],[40,8],[0,31],[-59,-5],[3,83],[3,60],[-11,53],[-27,68],[-14,64],[-8,75],[-25,92],[-28,106],[-36,271],[-50,158],[-131,223],[-43,54],[-25,45],[-32,54],[-24,39],[-10,32],[-7,29],[20,28],[25,11],[22,3],[60,-5],[24,-46],[186,-517],[209,-613],[23,-79],[-3,-71],[-8,-188],[-54,-522],[-7,-61],[-29,-273],[-30,-368]],[[87316,4325],[86,-98],[80,-95],[81,-99],[95,-109],[24,-36],[5,-14],[18,-2],[3,15],[-386,447],[-6,-9]],[[98702,13668],[26,2],[47,-24],[47,-16],[41,-35],[138,-59],[56,-14],[105,-20],[50,-8],[57,-27],[35,-25],[100,-24],[46,-39],[9,-34],[-4,-26],[-24,-54],[-19,-47],[-35,-28],[-48,5],[-70,30],[-40,14],[-45,22],[-67,23],[-48,50],[-48,33],[-57,18],[-31,17],[-45,14],[-45,17],[-35,17],[-24,13],[-47,50],[-17,36],[-8,119]],[[92879,4078],[-55,-12],[-25,-9],[-24,-7],[-35,-7],[-37,-3],[-35,3],[-27,5],[-27,24],[-22,17],[-27,20],[-47,24],[-37,15],[-25,8],[-54,10],[-25,9],[-22,15],[-24,27],[-12,24],[-5,34],[5,34],[25,26],[17,22],[20,19],[10,34],[0,49],[-2,65],[5,51],[-11,155],[10,51],[23,24],[17,14],[25,10],[17,12],[20,4],[15,3],[0,14],[-17,12],[-35,10],[-35,15],[-19,27],[-41,208],[-2,24],[0,17],[10,22],[10,15],[15,12],[14,2],[28,0],[19,0],[40,-5],[64,-25],[121,-20],[60,-25],[108,56],[84,-15],[88,-25],[32,-49],[6,-48],[24,-19],[77,-40],[46,-19],[28,-12],[32,-15],[37,-15],[27,-17],[32,-3],[20,0],[17,-14],[12,-22],[0,-27],[-5,-24],[-135,-287],[-5,-32],[-6,-51],[-2,-36],[-19,-28],[55,-193],[-43,-106],[-130,-35],[-206,3],[-37,0]],[[88694,9122],[-56,129],[-29,68],[-7,54],[394,305],[49,-59],[48,-66],[54,-83],[11,-45],[11,-49],[0,-95],[22,-88],[35,-66],[28,-46],[11,-47],[8,-67],[44,-16],[37,-14],[58,-22],[39,-26],[42,-31],[1,-26],[-34,-39],[-26,-52],[-11,-42],[-20,-41],[-6,-58],[13,-50],[19,-54],[9,-26],[5,-33],[-31,-53],[-25,-50],[-29,-19],[-34,-45],[-27,-24],[-34,-3],[-35,18],[-279,407],[-45,93],[-11,39],[-29,31],[-30,85],[25,13],[-26,43],[105,48],[-77,154],[-157,-68],[-10,16]],[[88202,9084],[16,14],[64,-28],[88,-149],[-11,-1],[-48,3],[-40,-5],[-65,-22],[-36,-16],[-18,-39],[-6,-38],[28,-13],[28,34],[29,17],[39,19],[48,19],[60,3],[164,1],[64,-1],[20,3],[25,-4],[77,-53],[85,-76],[29,-27],[16,-16],[47,-79],[4,-29],[10,-23],[28,-27],[38,-57],[51,-77],[6,-25],[30,-14],[25,-36],[27,-43],[36,-55],[10,-30],[30,-43],[186,-252],[-18,-11],[-69,36],[-30,12],[-38,6],[-37,12],[-22,24],[-11,29],[-63,26],[-123,62],[-302,140],[-143,76],[-108,56],[-54,66],[-53,79],[-70,120],[-60,72],[-68,62],[-79,74],[-10,26],[-6,42],[31,38],[44,39],[105,79]],[[89754,11630],[18,34],[168,96],[64,26],[151,102],[40,27],[170,-160],[-12,-51],[-147,-256],[-28,-14],[-30,-39],[-159,110],[-99,64],[-120,-12],[-9,27],[-7,46]],[[6311,43869],[24,21],[33,9],[280,26],[321,32],[150,13],[20,-2],[8,-43],[37,-310],[-22,-35],[-202,-18],[-211,-17],[-375,-41],[-34,0],[-29,365]],[[82378,5158],[661,-488]],[[83039,4670],[-168,-169],[-351,254],[-9,-15],[343,-256],[-178,-179],[-188,102],[-68,51],[-84,64],[-62,39],[-43,25],[-37,30],[-36,56],[1,52],[20,58],[14,39],[26,47],[25,52],[32,69],[34,64],[52,53],[16,52]],[[4513,47968],[75,72],[21,-1],[17,-6],[13,-10],[11,-13],[12,-27],[33,-396],[-220,-247],[-38,-14],[-140,-140],[-21,-1],[-253,229],[460,510],[17,22],[13,22]],[[34690,24203],[20,17],[12,8],[67,-53],[100,-90],[12,-26],[-8,-35],[-160,-177],[-15,12],[-32,-33],[-177,179],[56,71],[81,72],[44,55]],[[3046,44431],[-50,41],[-60,83],[-58,27],[-42,68],[-9,56],[361,32],[52,-3],[237,30],[255,24],[32,-24],[34,-260],[-25,-35],[-28,15],[-638,-44],[-18,-18],[-43,8]],[[42809,45056],[24,35],[82,106],[39,122],[-2,130],[-3,143],[-55,66],[-66,-8],[-25,-10],[-27,-16],[-18,-32],[-13,-40],[-21,-29],[-26,-25],[-44,-30],[-28,-13],[-38,-9],[-53,-12],[-65,-32],[-54,-41],[-47,-13],[-29,19],[-17,42],[16,187],[2,51],[-7,36],[-18,27],[-39,67],[-20,50],[28,48],[32,32],[34,34],[34,37],[0,25],[-25,33],[-3,35],[-1,41],[-20,14],[-37,3],[-41,0],[-37,-4],[-68,-21],[-47,-14],[-38,-2],[-30,-1],[-46,12],[-31,20],[-34,19],[-23,44],[-8,46],[-3,59],[7,47],[1,44],[5,96],[-13,36],[-21,39],[-13,29],[0,52],[8,28],[-4,37],[-22,15],[-28,33],[-18,50],[-11,93],[-8,83],[10,70],[7,60],[9,66],[1,74],[4,60],[5,45],[8,40],[12,23],[25,16],[31,9],[40,16],[73,47],[48,29],[44,19],[37,16],[33,5],[26,6],[30,-6],[30,-12],[8,-24],[-20,-105],[6,-53],[13,-32],[25,-2],[162,72],[34,11],[30,5],[27,-7],[23,-11],[23,-19],[47,-127],[26,-9],[55,16],[83,19],[18,17],[30,79],[13,37],[13,38],[32,45],[23,29],[22,4],[26,-11],[23,-34],[30,-34],[24,-34],[20,-40],[18,-46],[24,-66],[7,-81],[26,-53],[41,-92],[34,-83],[23,-69],[8,-111],[10,-105],[-3,-119],[9,-71],[46,-189],[-9,-167],[47,-252],[31,-322],[-37,-45],[8,-61],[80,-317],[23,-201],[19,-58],[1,-40],[-10,-34],[-28,-40],[-31,-21],[-5,-174],[-17,-47],[-2,-101],[-25,-23],[-27,-35],[-35,-50],[-47,-97],[-88,-160],[-40,-55],[-28,-64],[-26,-50],[-37,-35],[-62,-25],[-45,-8],[-60,11],[-37,20],[3,38],[26,53],[51,74],[46,50],[12,29],[-94,49],[-61,24],[-104,33],[-51,18],[-53,14],[-43,15],[-49,20],[-39,21],[-22,13],[-29,7],[-28,12],[-23,6],[-34,16],[-20,16],[-6,38],[14,28],[29,26],[45,12],[45,0],[40,-19],[29,-10],[21,-10],[30,-14],[29,-13],[35,-10],[43,-4],[20,23],[16,40],[20,75],[12,50],[22,45],[29,63],[24,48],[22,33],[21,44],[22,58],[-10,38],[-26,9],[-24,10],[-48,-13],[-42,12],[-23,38],[17,39],[39,20],[37,17],[18,29]],[[42087,46741],[-41,-2],[-17,-1],[-19,-5],[-15,-6],[-9,-5],[-6,-10],[-2,-9],[-2,-12],[2,-13],[7,-8],[8,-9],[18,-5],[28,0],[36,6],[27,10],[28,11],[40,4],[38,7],[166,30],[28,9],[25,5],[15,15],[3,16],[2,16],[-15,13],[-31,0],[-43,-3],[-43,-8],[-36,-6],[-43,-8],[-41,-5],[-43,-5],[-27,-4],[-38,-18]],[[42872,46173],[-13,-21],[10,-24],[43,-12],[61,-13],[56,-2],[43,10],[18,16],[-2,27],[-21,15],[-23,9],[-39,0],[-35,3],[-28,9],[-28,2],[-42,-19]],[[29728,42685],[26,25],[46,66],[105,78],[15,32],[25,29],[27,41],[12,53],[19,54],[27,52],[57,32],[19,0],[39,2],[38,-2],[38,-8],[34,-19],[38,-40],[25,-37],[25,-29],[20,-31],[22,-22],[1,-37],[-44,-79],[-135,-287],[-55,-38],[-192,20],[-95,26],[-64,25],[-53,23],[-18,19],[-5,31],[3,21]],[[34270,52464],[36,-16],[68,32],[18,-32],[10,-67],[31,-55],[39,-92],[26,-36],[31,-22],[48,-17],[37,11],[31,28],[54,27],[22,3],[40,-3],[17,-41],[25,-50],[14,-42],[6,-47],[-3,-52],[-40,-63],[-42,-17],[-69,-2],[-65,10],[-62,12],[-54,3],[-69,-15],[-75,-21],[-79,-22],[-22,-24],[-52,-3],[-50,-31],[-69,-21],[-57,-12],[-122,-24],[-72,-24],[-47,-41],[-17,-39],[-146,27],[-65,25],[-64,46],[-58,35],[0,-36],[19,-194],[-54,-212],[-32,-56],[-134,-69],[-92,-19],[-34,-49],[-26,-42],[-45,-5],[-37,11],[-56,69],[43,404],[9,76],[88,19],[62,43],[154,182],[99,145],[94,222],[34,76],[33,131],[33,106],[37,110],[27,78],[0,39],[-39,77],[0,47],[6,50],[11,44],[34,78],[26,66],[50,-30],[68,-22],[54,11],[59,24],[57,20],[23,-1],[42,-44],[-29,-50],[-25,-58],[-18,-108],[-25,-20],[-29,-27],[3,-33],[45,-23],[68,11],[34,44],[43,61],[57,22],[17,-8],[22,-47],[25,-61],[-53,-14],[-3,-66],[5,-56],[11,-55],[0,-58],[3,-64],[33,-42],[49,-25]],[[33903,52304],[-15,71],[-28,35],[-62,-16],[-19,-59],[11,-73],[61,-13],[52,55]],[[3074,43229],[34,61],[15,49],[-46,63],[-31,49],[9,43],[19,47],[-11,87],[-23,70],[-66,42],[-73,19],[-18,24],[8,26],[26,85],[19,24],[66,55],[25,81],[64,75],[15,128],[-12,137],[10,11],[616,35],[-37,-30],[-33,-32],[5,-42],[6,-57],[-6,-52],[-47,4],[-49,-36],[-13,-11],[-43,-83],[-50,-53],[-58,-32],[-17,-48],[-17,-150],[37,-81],[13,-49],[-14,-60],[-25,-41],[-22,-63],[28,-72],[36,-49],[26,-81],[37,-39],[7,-30],[-42,-2],[-368,-22]],[[42801,43197],[-38,17],[-32,21],[-9,25],[1,33],[18,41],[21,49],[56,67],[79,105],[34,21],[43,9],[56,-3],[49,-10],[45,-16],[34,-34],[25,-32],[33,-17],[41,-3],[89,21],[51,4],[17,15],[25,27],[28,16],[30,5],[41,-7],[26,-21],[8,-32],[7,-50],[5,-83],[16,-275],[17,-47],[32,-401],[8,-117],[-14,-66],[-26,-100],[8,-66],[5,-74],[-25,-62],[-51,-33],[-61,-34],[-112,-37],[-84,-25],[-58,5],[-47,8],[-77,25],[-56,17],[-81,16],[-66,24],[-44,11],[-58,13],[-168,84],[-167,68],[-35,15],[-42,80],[-39,122],[-12,225],[-29,103],[18,57],[90,51],[51,30],[80,31],[123,12],[150,-18],[44,-32],[21,-43],[48,-36],[40,-17],[42,11],[57,88],[3,64],[-5,61],[1,24],[-5,31],[-123,29],[-121,7],[-31,3]],[[13983,28197],[23,82],[116,393],[180,-33],[149,-24],[-28,-85],[-25,-132],[14,-120],[11,-42],[25,-79],[45,-124],[-64,-71],[-93,17],[-208,74],[-159,95],[14,49]],[[15282,27541],[15,36],[1,55],[22,13],[20,-20],[13,-3],[18,29],[-23,16],[9,14],[10,32],[5,29],[12,36],[3,34],[27,39],[12,2],[100,-34],[-1,-27],[-9,-26],[-20,-32],[-33,-24],[-32,-24],[-25,-27],[-19,-29],[-8,-34],[-3,-48],[3,-39],[19,-39],[23,-38],[24,-29],[32,-32],[67,-61],[27,-31],[20,-24],[12,-66],[-10,-39],[-22,-43],[-28,-39],[-22,-38],[-12,-29],[-3,-32],[-17,-22],[-23,-4],[-29,0],[-30,12],[-37,14],[-89,39],[-35,13],[-34,14],[-32,17],[-22,22],[0,27],[15,53],[77,281],[5,26],[17,34],[10,46]],[[28719,43636],[-108,148],[-15,24],[-5,24],[3,29],[14,36],[33,12],[29,8],[471,83],[27,-36],[12,-32],[18,-48],[80,-318],[17,-97],[-7,-89],[-23,-145],[-15,-39],[-15,-29],[-17,0],[-33,15],[-24,26],[-30,46],[-54,44],[-52,46],[-54,49],[-99,107],[-15,24],[-108,85],[-30,27]],[[17872,26291],[23,94],[64,124],[78,57],[0,-186],[0,-353],[-103,1],[-108,8],[-29,1],[-11,31],[19,88],[21,26],[20,38],[26,71]],[[18387,26015],[17,78],[115,116],[83,134],[39,-1],[-32,-106],[-18,-46],[-41,-57],[-97,-88],[-48,-31],[-18,1]],[[39716,40176],[-29,-11],[-26,-14],[-30,44],[-30,29],[-10,7],[-22,-11],[-68,48],[-43,56],[80,57],[21,-19],[25,18],[11,-13],[12,8],[16,-13],[28,22],[28,6],[10,-17],[14,-9],[33,-8],[17,-26],[1,-12],[5,-21],[2,-21],[3,-31],[-7,-52],[-41,-17]],[[29639,56650],[18,53],[9,7],[17,2],[16,-3],[42,-10],[143,-96],[-171,-187],[-49,-14],[-36,14],[-13,-18],[-7,-14],[-11,-15],[-38,41],[-83,122],[-39,218],[32,119],[102,-6],[10,-59],[-20,-39],[-17,-74],[95,-41]],[[513,44856],[-9,30],[-23,64],[-33,134],[-32,67],[-56,104],[-90,104],[-13,20],[-22,16],[-12,20],[3,14],[13,12],[108,86],[22,4],[8,-23],[10,-29],[12,-39],[11,-26],[8,-24],[18,-34],[75,-84],[112,-100],[101,-87],[73,-57],[19,-21],[18,-19],[13,-16],[8,-19],[1,-18],[-22,-21],[-76,-64],[-34,-24],[-87,-71],[-17,-11],[-161,-115],[0,47],[37,96],[31,56],[-14,28]],[[426,44479],[15,67],[14,47],[49,44],[113,76],[18,-16],[180,-170],[-149,-148],[9,-19],[56,51],[105,95],[10,-6],[328,-304],[-59,-21],[-118,-32],[-65,-22],[-85,-45],[-55,-58],[-113,-107],[-75,-85],[-56,-32],[-63,-26],[-81,9],[-116,72],[-278,242],[-10,25],[1,26],[69,83],[33,12],[51,12],[70,23],[82,40],[42,34],[36,43],[42,90]],[[42189,36985],[-16,-44],[9,-25],[-19,-43],[-39,20],[-158,-222],[-38,6],[-53,-80],[-200,132],[-48,56],[22,44],[-4,38],[20,66],[48,39],[89,19],[53,90]],[[11142,20995],[32,-26],[37,7],[37,19],[25,-2],[19,-15],[-10,-33],[-33,-80],[-32,-69],[-64,-61],[-40,-20],[-138,6],[-16,-30],[18,-17],[117,-77],[87,-68],[10,-42],[-15,-54],[-78,-256],[-16,-63],[-10,-142],[8,-51],[-18,-178],[178,-99],[59,-6],[41,15],[156,158],[25,10],[36,-11],[41,-34],[53,-48],[49,-22],[154,-112],[81,-67],[40,-25],[32,-39],[29,-55],[35,-102],[7,-34],[32,-30],[62,-26],[116,-87],[19,-36],[-34,-45],[-38,-70],[-37,-77],[-20,-108],[-4,-58],[-2,-56],[-50,-6],[-306,126],[-50,72],[-51,28],[-67,8],[-41,-28],[-160,36],[-102,31],[-2,40],[22,28],[79,90],[11,56],[-2,40],[-50,57],[-115,95],[-94,99],[-52,94],[-88,63],[-63,2],[-128,-3],[-156,-26],[-69,-49],[-71,-60],[-104,-70],[-89,20],[-22,18],[3,48],[2,49],[-31,13],[-43,7],[-46,47],[-14,96],[-35,8],[-37,-24],[-14,-34],[-16,-88],[-85,-9],[-15,-20],[7,-61],[21,-30],[20,-40],[27,-50],[12,-36],[-8,-27],[-22,-12],[-27,-2],[-30,7],[-24,12],[-62,7],[-75,33],[-115,62],[-45,20],[-79,35],[-58,20],[-67,23],[-72,16],[-160,60],[-190,82],[-51,26],[-69,24],[-42,7],[-54,10],[-33,0],[-32,3],[-83,17],[-156,71],[-171,68],[-92,37],[-12,53],[10,38],[30,143],[48,215],[25,114],[15,66],[61,137],[21,40],[32,20],[142,-45],[46,20],[30,111],[17,78],[33,152],[-59,172],[-78,148],[-23,56],[4,56],[76,277],[30,69],[35,15],[52,-12],[31,-23],[25,-20],[16,-26],[56,-25],[30,18],[55,6],[32,-6],[99,-48],[175,-74],[179,-54],[113,-40],[51,-17],[32,-44],[21,-49],[6,-68],[17,-107],[-43,-49],[-163,-91],[-63,-50],[-132,-34],[-118,-70],[-29,-33],[-36,-53],[-80,-91],[-173,-221],[-112,-147],[-73,-109],[-63,-111],[-36,-61],[-55,-63],[-12,-61],[38,-41],[278,-153],[79,-22],[171,-38],[167,-44],[150,-8],[149,-20],[117,-40],[50,-12],[42,0],[39,2],[40,5],[47,27],[52,70],[26,23],[140,115],[35,70],[19,165],[40,141],[50,103],[65,74],[86,76],[147,86],[88,-6],[56,30],[19,31],[3,42],[27,29],[35,65],[5,44],[-5,24],[-17,34],[-25,46],[-24,56],[-20,48],[-5,37],[0,70],[20,138],[1,58],[-18,62],[-19,41],[-15,24],[-27,40],[-35,42],[-22,55],[-51,154],[-8,43],[-2,102],[0,158],[-14,55],[-38,33],[-55,28],[-59,35],[-71,56],[-22,34],[-3,35],[19,49],[77,151],[51,126],[6,71],[22,31],[37,0],[5,-7],[2,-12],[5,-24],[5,-32],[10,-34],[26,-46],[18,-54],[82,-61],[12,-18],[7,-37],[12,-36],[22,-34],[61,-75],[53,-37],[24,-44],[23,-53],[13,-76],[3,-72],[-4,-59],[10,-35],[61,-22],[-8,-38],[-2,-38],[25,-34],[24,-57],[37,-34],[46,-42],[46,-39],[19,-29],[30,-42],[22,-34],[41,-64],[18,-13],[26,-25],[0,-42],[-11,-87],[-12,-60],[-52,-42],[-40,-46],[-29,-32],[-8,-37],[6,-69]],[[8593,20428],[-1,15],[19,7],[-6,32],[-108,6],[-1,-60],[97,0]],[[14690,17705],[-112,41],[-123,37],[-99,36],[38,121],[36,105],[10,31],[194,-72],[-3,-42],[58,-29],[50,-17],[105,-38],[47,-41],[59,-61],[-7,-110],[-18,-27],[-75,33],[-15,-15],[-46,10],[-99,38]],[[15628,26104],[30,113],[3,26],[15,79],[7,31],[-9,46],[22,11],[427,-201],[64,-48],[89,-100],[0,-20],[-132,-154],[-140,-182],[-124,101],[-24,6],[-61,71],[-69,60],[-69,87],[-29,74]],[[34333,52921],[21,103],[5,58],[29,12],[51,-59],[28,-33],[31,-12],[-1,-36],[16,-59],[-9,-15],[-12,-4],[-24,29],[-30,11],[-55,7],[-50,-2]],[[29573,41717],[-70,-12],[-37,-2],[-38,0],[-39,0],[-40,-2],[-49,-17],[-52,-17],[-40,3],[-15,14],[-2,17],[7,29],[20,37],[75,210],[28,118],[0,44],[-5,56],[-7,65],[-2,51],[12,75],[10,34],[13,41],[17,48],[3,32],[-5,43],[-2,32],[0,29],[5,27],[15,33],[15,25],[22,19],[17,2],[47,-12],[8,-7],[19,-12],[28,-22],[24,-27],[32,-32],[32,-34],[52,-46],[32,-46],[27,-39],[20,-41],[0,-31],[-25,-78],[-20,-48],[-69,-392],[-21,-1],[-42,-166]],[[31873,52685],[55,136],[165,365],[42,22],[68,-20],[54,-11],[51,-3],[48,-11],[59,-17],[57,-22],[28,-28],[155,-89],[9,-32],[-117,-178],[-191,-101],[-129,-53],[-31,-22],[-82,-89],[-86,-165],[20,-92],[-1,-49],[0,-75],[126,-338],[-34,-25],[-90,39],[-107,64],[-68,75],[-28,17],[-23,55],[-11,64],[-25,138],[28,6],[23,13],[43,33],[51,50],[8,42],[35,141],[-8,23],[-107,73],[13,64]],[[7143,44277],[-21,-268],[-64,-10],[-100,-7],[-316,-26],[-332,-26],[-438,-30],[-25,0],[-55,-11],[-12,0],[-38,-3],[-46,-7],[-84,-13],[-29,-1],[-4,34],[-1,70],[8,162],[-2,36],[2,27],[32,13],[21,5],[69,6],[30,1],[23,-4],[35,6],[0,23],[23,8],[1140,74],[184,12],[0,-71]],[[5772,44140],[13,-140],[11,1],[-7,145],[-17,-6]],[[33138,52291],[-106,-148],[17,-64],[-26,-163],[-37,-14],[-316,130],[-85,-65],[-109,-120],[-5,-130],[-135,-12],[-32,65],[-102,251],[-23,44],[-30,87],[18,69],[91,41],[142,167],[-13,31],[49,47],[145,117],[59,45],[80,92],[42,-20],[26,-20],[53,-63],[37,2],[23,17],[48,49],[91,119],[-14,36],[34,172],[-107,86],[83,124],[51,97],[99,127],[26,-1],[28,-19],[42,14],[29,-9],[14,-25],[-23,-22],[-37,-27],[-34,-39],[-45,-61],[-40,-77],[-34,-88],[-26,-116],[-3,-61],[8,-31],[48,-5],[57,-12],[60,-10],[11,-119],[-12,-114],[-47,-162],[-70,-212]],[[39701,40099],[32,-17],[74,-18],[77,-105],[18,31],[33,8],[36,-6],[16,-30],[6,-55],[6,-53],[22,-41],[25,-58],[8,-64],[16,-71],[10,-70],[-45,-47],[-37,-23],[-19,-21],[-23,-28],[-12,-29],[-23,-39],[-10,-15],[-26,-35],[-30,-10],[-23,7],[-17,25],[-16,33],[-26,25],[-8,44],[-25,50],[-28,47],[-17,45],[-40,56],[-83,7],[-38,-30],[-71,-30],[-31,-55],[-18,-113],[23,-138],[33,-140],[18,-129],[6,-56],[-19,-81],[-27,-65],[-16,-36],[21,-77],[-74,-48],[-171,-106],[-110,70],[10,98],[18,155],[4,186],[9,188],[1,113],[-8,103],[0,71],[23,50],[56,15],[53,9],[46,2],[28,5],[24,0],[33,6],[31,15],[34,27],[18,26],[24,24],[18,36],[14,44],[9,45],[0,55],[6,84],[8,46],[13,35],[19,23],[33,12],[59,16],[20,2]],[[38208,36441],[20,22],[65,60],[122,140],[94,126],[24,92],[-15,96],[14,54],[26,24],[38,8],[271,-261],[82,-83],[173,-143],[19,-24],[0,-20],[-10,-19],[-22,-17],[-32,-12],[-54,-24],[-86,-32],[-101,-29],[-111,-47],[-89,-41],[-79,-56],[-81,-47],[-57,-32],[-39,-17],[-25,-1],[-34,12],[-17,19],[-13,22],[-9,26],[-15,27],[-17,27],[-30,31],[-17,25],[-17,21],[-30,49],[52,24]],[[14762,17014],[-10,67],[12,81],[-19,5],[12,83],[-60,1],[-34,10],[47,199],[66,-13],[-14,-75],[87,-9],[37,-7],[69,-5],[50,-9],[-16,-126],[-17,-86],[0,-43]],[[1947,42915],[-83,73],[-74,157],[-40,100],[-74,212],[-24,149],[5,138],[0,54],[11,40],[21,55],[18,49],[12,43],[47,42],[49,58],[67,63],[43,6],[43,12],[45,24],[55,38],[203,205],[273,-372],[-539,-305],[17,-35],[556,303],[15,-24],[176,-324],[-728,-232],[10,-31],[735,215],[10,-22],[90,-236],[15,-160],[-24,-2],[-195,-18],[-294,-18],[-97,-10],[-98,-3],[-216,-194],[7,-18],[-37,-32]],[[32659,55318],[161,-128],[-49,-61],[-28,-44],[-101,-146],[-74,-99],[-33,-6],[-27,24],[1,24],[-11,16],[-20,-9],[-104,126],[6,13],[-39,51],[-40,16],[-6,34],[42,74],[87,143],[36,58],[41,60],[39,-45],[-61,-85],[-13,-30],[30,-40],[33,-29],[30,-23],[-2,-22],[-13,-22],[-23,-11],[-45,-19],[-28,-8],[-21,-6],[-16,-30],[-24,-22],[-5,-15],[13,-5],[12,12],[22,30],[23,17],[20,10],[28,11],[28,6],[30,25],[19,35],[0,26],[-87,88],[88,101],[24,-22],[-4,-24],[61,-49]],[[42116,38126],[29,-17],[78,-30],[13,-58],[-10,-47],[5,-32],[15,-44],[22,-31],[17,-22],[37,-29],[25,-37],[7,-24],[0,-24],[-10,-36],[-17,-41],[-18,-39],[-62,-56],[-22,-14],[-30,0],[-62,22],[-32,24],[-42,27],[-32,32],[-52,41],[-220,95],[-23,161],[94,169],[134,30],[27,3],[27,0],[62,-5],[40,-18]],[[2667,43976],[-163,206],[-7,19],[282,213],[-23,25],[-275,-204],[-153,223],[-24,50],[178,163],[126,31],[113,4],[32,-14],[-12,-25],[99,-157],[47,-4],[100,-131],[41,-84],[-3,-97],[-25,-58],[-44,-37],[-182,-85],[-107,-38]],[[43706,41959],[14,-77],[44,-391],[0,-116],[-1,-25],[-25,-52],[-32,-19],[-33,-36],[-60,-44],[-121,-126],[-177,-89],[3,-51],[-43,-79],[-14,-102],[-26,-47],[-178,-61],[-26,-19],[-43,-99],[-25,-14],[-48,-3],[-31,12],[-88,41],[-70,42],[-68,56],[-59,36],[-46,28],[-22,47],[-6,41],[9,47],[23,64],[-5,50],[-12,41],[-36,53],[-9,53],[3,44],[-13,50],[-14,52],[-48,122],[-25,64],[-3,64],[-8,105],[-34,72],[-45,94],[6,39],[82,77],[111,119],[51,0],[51,-36],[82,-47],[91,-46],[39,-14],[30,-9],[26,9],[40,25],[36,23],[32,8],[64,-14],[58,-13],[76,7],[85,-18],[70,3],[94,55],[116,71],[49,28],[29,12],[29,2],[23,-12],[20,-39],[8,-58]],[[43092,41541],[156,24],[-8,51],[-133,-14],[-89,-30],[29,-45],[45,14]],[[7000,46065],[35,-5],[10,-2],[7,-8],[5,-15],[9,-58],[39,-258],[8,-53],[-14,-21],[-133,-9],[-1257,-97],[-24,365],[7,37],[62,23],[1213,97],[33,4]],[[4898,50073],[-516,1090],[-25,58],[-23,34],[17,22],[51,27],[51,39],[68,61],[26,22],[37,38],[54,45],[167,-325],[478,-932],[-385,-179]],[[3666,47024],[17,0],[35,-6],[415,-369],[13,-15],[16,-12],[20,-25],[64,-43],[27,-83],[-4,-22],[-10,-15],[-133,-120],[-277,-21],[-237,-16],[-220,-19],[-24,0],[-15,5],[-5,20],[28,180],[9,34],[45,228],[-4,14],[2,15],[7,24],[18,27],[213,219]],[[4819,47221],[38,6],[550,46],[21,7],[26,-9],[10,-21],[10,-27],[10,-51],[-1,-48],[6,-84],[4,-50],[-7,-32],[-20,-23],[-60,-10],[-447,-40],[-28,-3],[-12,32],[-85,205],[-21,83],[6,19]],[[1659,47002],[28,-5],[28,-21],[331,-313],[4,-10],[0,-11],[-4,-14],[-8,-13],[-13,-13],[-12,-15],[-13,-14],[-17,-13],[-19,-19],[-32,-23],[-25,-26],[-36,-37],[-41,-48],[-104,-99],[-14,-20],[-23,-45],[-76,-74],[-149,-163],[-15,-14],[-15,-13],[-18,-10],[-31,-29],[-17,-37],[-76,-95],[-489,-527],[-14,-6],[-19,-8],[-17,-3],[-21,0],[-23,8],[-195,182],[-8,15],[-8,18],[-10,17],[-2,21],[-3,26],[12,41],[18,53],[28,45],[28,37],[91,111],[60,65],[18,17],[13,18],[20,23],[51,69],[17,27],[182,223],[130,158],[83,87],[51,63],[141,160],[40,26],[33,46],[102,108],[58,74]],[[4067,49544],[247,104],[221,108],[90,0],[37,44],[300,144],[114,-7],[97,-40],[69,-70],[0,-47],[-234,-125],[-829,-378],[-112,267]],[[2102,46590],[33,-5],[9,-4],[13,-9],[255,-249],[8,-13],[5,-13],[-3,-16],[-17,-25],[-61,-73],[-74,-71],[-210,-218],[-164,-182],[-129,-136],[-35,-25],[-36,-49],[-128,-137],[-26,-16],[-20,-22],[-229,-247],[-177,-191],[19,25],[-232,161],[-25,29],[-11,9],[-17,15],[-11,11],[-7,21],[-3,15],[-2,24],[-16,37],[10,11],[72,79],[148,151],[64,68],[73,79],[23,24],[40,39],[38,25],[76,86],[35,42],[39,40],[61,58],[60,63],[55,66],[43,51],[38,38],[10,7],[16,-5],[107,-86],[68,94],[-87,77],[-12,18],[200,211],[42,44],[72,74]],[[1908,46008],[-10,-13],[115,-112],[10,21],[-115,104]],[[6815,47312],[5,-20],[438,-544],[32,-183],[-314,-40],[-28,96],[-28,72],[-240,287],[-297,392],[-32,83],[-76,298],[-105,367],[228,8],[16,-96],[52,-81],[53,-47],[155,-127],[223,-183],[126,-103],[-308,-29],[5,-35],[326,29],[108,-125],[44,-99],[52,-184],[204,-187],[154,-148],[130,-104],[-12,-35],[-102,8],[-301,-16],[-37,194],[-459,556],[-12,-4]],[[3983,46275],[69,2],[37,-7],[-1,-26],[-63,-63],[-154,-152],[-26,-29],[-9,-16],[9,-110],[-1,-51],[-57,-16],[-352,-22],[-127,-10],[-9,18],[1,15],[-6,38],[2,29],[45,298],[-5,19],[7,13],[10,5],[37,8],[455,40],[138,17]],[[5004,51942],[191,198],[111,-33],[37,44],[322,-89],[78,-73],[29,-65],[99,-97],[53,-105],[82,-68],[95,-130],[58,-133],[28,-149],[-4,-138],[-26,-225],[-41,-190],[-33,-73],[-397,-164],[-214,440],[9,32],[586,253],[-12,12],[-587,-240],[-33,12],[-192,468],[0,45],[578,241],[0,12],[-25,4],[-574,-237],[-218,448]],[[4734,48020],[268,22],[353,30],[36,-20],[29,-273],[-20,-28],[-21,-26],[-299,-20],[-331,-42],[-16,25],[-26,303],[27,29]],[[4096,50877],[241,281],[521,-1087],[-9,-85],[-226,-91],[-37,79],[-44,15],[-446,888]],[[5563,47314],[29,12],[727,61],[23,-14],[270,-345],[-11,-37],[-818,-69],[-179,-11],[-11,38],[-2,38],[-28,327]],[[2450,46255],[25,-27],[4,-11],[10,-15],[50,-142],[108,-237],[5,-31],[-7,-27],[-177,-188],[-369,-393],[-26,-11],[-82,-87],[-465,-493],[-23,-12],[-20,4],[-202,174],[65,59],[-108,79],[-5,19],[8,28],[123,135],[538,593],[548,583]],[[4992,46869],[58,1],[356,31],[53,3],[29,-5],[16,-27],[23,-273],[1,-29],[-5,-15],[-118,-10],[-387,-34],[-12,12],[-9,77],[-8,154],[-13,85],[16,30]],[[2777,48900],[-17,37],[-25,-19],[-72,-75],[-305,-327],[-27,1],[-13,4],[-22,13],[-25,24],[-22,24],[-17,19],[-20,17],[-17,17],[-20,20],[-20,10],[-22,17],[-8,14],[10,27],[177,198],[203,222],[25,22],[17,24],[18,27],[39,46],[35,33],[17,17],[13,0],[10,-12],[7,-19],[5,-24],[12,-34],[10,-27],[27,-31],[47,-49],[72,-81],[17,-14],[27,-27],[40,-58],[121,-109],[37,-29],[0,-22],[-89,-109],[-340,-367],[-28,-20],[-44,12],[-30,15],[-20,17],[-155,131],[0,24],[372,421]],[[3906,50142],[20,-59],[39,-426],[-3,-24],[-15,-41],[-69,-29],[-40,-22],[-32,-19],[-22,-27],[-531,-587],[-35,-24],[-27,0],[-40,29],[-27,15],[-32,22],[-22,17],[-30,19],[-27,22],[-18,12],[-19,24],[-23,15],[-2,22],[15,29],[595,645],[48,48],[77,82],[32,41],[188,216]],[[2756,47037],[-20,59],[-15,27],[-3,33],[-34,38],[2,31],[11,18],[47,17],[73,52],[6,26],[21,54],[20,27],[32,59],[17,28],[27,36],[-1,64],[-25,23],[-6,45],[20,95],[53,69],[85,-43],[157,-97],[24,-31],[0,-47],[12,-254],[17,-50],[29,-46],[66,-85],[14,-57],[-629,-91]],[[5386,49412],[20,41],[750,62],[31,-36],[19,-365],[-29,-20],[-728,-63],[-30,15],[-33,366]],[[5192,50087],[222,119],[647,284],[34,2],[6,-44],[34,-447],[-9,-27],[-736,-61],[-57,3],[-73,63],[-68,108]],[[2315,48396],[45,-22],[156,-134],[14,-17],[10,-17],[3,-21],[0,-32],[-28,-39],[-278,-302],[-116,-125],[-142,-148],[-91,-87],[-20,-7],[-25,7],[-185,180],[2,17],[13,29],[474,517],[106,123],[30,41],[32,37]],[[2051,48641],[41,-27],[27,-19],[24,-20],[33,-29],[90,-75],[15,-32],[-30,-41],[-37,-41],[-56,-77],[-303,-336],[-102,-114],[-57,-58],[-82,-89],[-42,-39],[-186,-200],[-290,-329],[-47,-48],[-30,-42],[-25,-19],[-25,0],[-195,172],[-12,25],[5,24],[20,31],[1264,1383]],[[7565,45899],[-36,99],[-48,291],[-41,-16],[93,-386],[-90,-16],[0,-20],[33,-4],[12,-40],[44,-326],[24,8],[-52,350],[200,28],[20,-4],[20,-231],[40,-431],[-25,-7],[-150,-4],[-171,-12],[-208,-19],[-8,52],[-28,259],[-16,183],[-40,199],[-149,630],[28,3],[358,32],[350,24],[6,-64],[15,-57],[73,-48],[77,-88],[33,-35],[-5,-32],[-12,-132],[0,-123],[-118,-24],[-229,-39]],[[5637,46865],[41,10],[808,71],[82,13],[73,3],[36,-16],[227,-274],[15,-43],[8,-44],[-1,-27],[-22,-5],[-1273,-110],[-14,145],[-11,123],[1,77],[10,55],[20,22]],[[3804,50523],[248,290],[24,6],[421,-899],[-12,-55],[-55,-45],[-360,-162],[-47,2],[-34,56],[-25,403],[-30,123],[-130,281]],[[3841,49403],[271,-440],[-259,-288],[-309,-339],[-82,156],[-166,301],[545,610]],[[5537,48526],[614,52],[10,-17],[-18,-356],[-30,-33],[-497,-36],[-47,13],[-13,43],[-19,334]],[[34224,34956],[38,-3],[-4,-138],[-114,-100],[-17,15],[104,100],[-7,126]],[[19453,42837],[137,87],[33,-44],[-131,-88],[-39,45]],[[33607,23633],[64,-61],[-73,-75],[-61,58],[70,78]],[[16581,21592],[7,36],[83,-6],[117,-14],[-1,-37],[-12,-38],[-27,-13],[-118,13],[-45,24],[-4,35]],[[33382,23377],[56,-59],[-34,-60],[-15,9],[-79,-80],[-24,12],[-38,28],[-5,27],[52,59],[18,-5],[38,29],[31,40]],[[23395,45542],[33,-23],[1,-10],[-11,-58],[-16,-1],[-25,4],[5,46],[3,24],[10,18]],[[14939,27447],[13,73],[40,-9],[-11,-73],[-42,9]],[[15671,18459],[35,-8],[6,-13],[-20,-66],[-41,11],[12,65],[8,11]],[[17795,23426],[73,-16],[-3,-26],[-35,-5],[-43,8],[8,39]],[[16019,19549],[44,-16],[3,6],[24,-10],[-9,-33],[-29,8],[-7,-23],[-46,24],[20,44]],[[16119,19631],[57,7],[11,-59],[-60,-10],[-8,62]],[[87129,8430],[42,10],[33,-60],[-6,-10],[-14,-5],[-15,-6],[-40,71]],[[15870,21069],[15,-8],[-9,-28],[32,-23],[-15,-32],[-16,6],[-38,22],[31,63]],[[29941,37312],[128,-147],[-235,-182],[-135,148],[92,83],[150,98]],[[25405,45919],[143,-14],[7,-8],[0,-102],[-156,11],[0,5],[6,108]],[[11980,28832],[15,41],[85,-27],[-10,-42],[-90,28]],[[7080,21760],[-30,-9],[-12,-6],[-19,-17],[-86,81],[105,115],[69,-29]],[[14815,27047],[4,20],[11,12],[20,2],[62,-22],[35,-86],[0,-12],[-11,-22],[-139,42],[18,66]],[[26691,38329],[120,121],[60,-64],[-116,-112],[-64,55]],[[20742,21880],[84,1],[27,-12],[-12,-44],[-57,-283],[-24,-64],[-16,-19],[-34,-6],[-61,7],[3,36],[90,384]],[[17952,23972],[9,68],[15,46],[17,41],[16,26],[26,26],[40,13],[66,-7],[26,-26],[37,-5],[-16,-178],[-236,-4]],[[96673,16474],[20,38],[-2,52],[9,22],[19,15],[45,3],[33,-12],[65,-5],[48,-9],[57,-1],[60,14],[51,13],[53,-6],[57,-11],[59,-11],[85,-4],[51,0],[59,3],[45,19],[46,77],[23,36],[39,16],[60,5],[56,-16],[76,-17],[74,-31],[34,-9],[45,19],[62,36],[46,36],[51,22],[39,2],[40,-11],[19,-22],[4,-27],[7,-27],[-3,-23],[-34,-17],[-28,-22],[-23,-9],[-22,-15],[-23,-9],[-48,-22],[-54,-19],[-51,0],[-36,11],[-43,-8],[-68,-8],[-45,6],[-65,-33],[-111,-74],[-65,-41],[-96,-45],[-77,-31],[-31,-22],[-55,-42],[-18,-55],[-19,-36],[-31,-44],[-34,-36],[-34,-30],[-40,-55],[-17,-33],[-20,-39],[-17,-41],[-11,-36],[-35,-55],[-7,-48],[86,9],[45,-26],[14,-41],[-23,-55],[-105,-69],[-90,-47],[-54,-2],[-56,22],[-31,31],[-19,52],[4,33],[46,45],[40,36],[-2,58],[-19,41],[-29,45],[-48,39],[-46,55],[-46,47],[-73,43],[-43,33],[-61,38],[-71,51],[-34,72],[-8,39],[-28,72],[26,53],[48,22],[34,11],[40,13],[39,3],[43,5],[51,-17],[42,-3],[54,14]],[[98023,14456],[-51,-30],[-22,-50],[-28,-46],[-19,-50],[-20,-22],[-28,-39],[-34,-11],[-57,6],[-101,6],[-155,62],[-101,70],[-65,16],[-54,31],[-56,81],[-30,97],[-70,111],[-64,150],[-81,238],[-22,69],[-87,172],[-22,58],[3,61],[34,20],[40,-12],[42,31],[48,27],[54,2],[68,-3],[88,19],[59,-17],[70,-33],[99,-48],[72,-45],[63,-25],[65,16],[107,-44],[48,-31],[67,13],[46,-14],[22,-36],[42,-33],[48,8],[71,-20],[82,-12],[48,-25],[5,-46],[6,-174],[-7,-61],[10,-58],[-4,-82],[7,-80],[-1,-70],[6,-134],[3,-177],[-1,-51],[13,-218],[3,-109],[20,-114],[-7,-83],[-28,-11],[-40,-19],[-59,-11],[-56,-2],[-60,-3],[-51,26],[-50,33],[-42,133],[-33,83],[-14,57],[-25,42],[-25,50],[22,39],[35,43],[53,31],[49,42],[31,40],[25,30],[26,50],[-14,42],[-16,44]],[[96230,16124],[12,23],[30,14],[32,2],[37,-17],[30,-29],[31,-25],[37,-28],[28,-19],[51,-23],[28,-25],[36,-28],[51,-44],[83,-93],[20,-52],[-17,-60],[-37,-42],[-25,-33],[-228,232],[-199,247]],[[96287,16746],[29,-12],[3,-27],[-24,-30],[-31,-50],[-17,-14],[-14,-38],[-20,-52],[-12,-70],[13,-105],[3,-53],[-26,-36],[-28,-27],[-26,20],[-16,82],[-11,59],[-2,60],[20,92],[37,66],[54,60],[68,75]],[[96917,17156],[48,14],[31,11],[28,8],[65,13],[51,-25],[98,-6],[21,-41],[29,-9],[38,-20],[43,14],[84,-1],[66,14],[65,16],[119,33],[48,16],[45,11],[37,0],[11,-31],[-51,-38],[-142,-55],[-54,-24],[-53,11],[-48,6],[-34,0],[-68,-3],[-79,4],[-42,16],[-35,21],[-48,2],[-36,0],[-56,-18],[-52,-22],[-53,-21],[-42,-24],[-46,-7],[-45,-16],[-60,-47],[-28,-38],[-38,-37],[-42,-38],[-63,-47],[-74,-91],[-40,-38],[-35,-41],[-28,-15],[-27,-18],[-38,-6],[-40,3],[7,63],[37,24],[20,43],[-34,39],[20,33],[28,21],[47,29],[53,47],[52,32],[34,36],[88,71],[53,44],[54,27],[68,28],[43,27]],[[33720,39046],[22,-1],[35,-7],[28,-8],[-15,-11],[-90,3],[20,24]],[[35559,34803],[73,-8],[34,-23],[-138,-609],[-131,15],[-46,200],[139,-3],[8,83],[20,107],[6,70],[6,60],[29,108]],[[10267,46457],[-319,-249],[-45,5],[-62,66],[330,260],[96,-82]],[[11224,26863],[110,20],[41,-3],[15,21],[65,0],[9,-66],[38,-28],[-10,-49],[-9,-57],[-13,-31],[-44,-26],[-185,44],[-68,19],[-8,25],[17,55],[23,47],[19,29]],[[29170,42187],[10,-30],[0,-13],[-4,-22],[-4,-18],[-13,-27],[-20,-29],[-13,-25],[-22,-81],[-7,-19],[0,-27],[-29,-19],[-37,-28],[-12,-18],[-14,-27],[-1,-25],[-3,-26],[-13,-29],[-17,-21],[-14,-26],[-12,-23],[-16,-42],[-13,-28],[-18,-24],[-16,-19],[-13,-18],[-9,-15],[-14,-3],[-12,3],[9,28],[109,332],[109,293],[7,11],[8,14],[10,10],[15,5],[16,-3],[15,3],[15,0],[23,-14]],[[31125,45209],[22,-30],[47,-52],[30,-36],[10,-24],[2,-25],[-10,-90],[-8,-63],[-13,-42],[-20,-41],[-37,-23],[-47,-2],[-37,9],[-22,165],[-12,220],[3,20],[21,3],[27,3],[44,8]],[[28187,39791],[23,4],[105,-41],[54,-15],[-8,-36],[-5,-43],[-16,-58],[-11,-82],[-45,28],[-83,41],[-118,61],[-5,20],[40,44],[41,16],[16,8],[9,21],[0,13],[0,9],[3,10]],[[21408,54859],[141,-44],[-25,-38],[-29,-82],[-50,-95],[-10,-117],[-43,-158],[-19,-184],[-2,-60],[6,-51],[19,-65],[-14,-17],[-48,8],[-14,24],[-7,38],[-5,58],[1,112],[7,179],[10,170],[73,236],[9,86]],[[84546,6702],[26,6],[18,-13],[22,-105],[8,-47],[5,-36],[22,-65],[21,-44],[-1,-36],[-6,-56],[-16,-61],[-16,-55],[-14,-45],[-148,-8],[-15,25],[17,133],[4,97],[19,123],[27,108],[10,58],[17,21]],[[86271,3429],[25,8],[42,-10],[178,-67],[0,-17],[-57,-117],[-125,-230],[-6,-27],[-28,-18],[-23,7],[-10,21],[0,21],[74,227],[-69,183],[-1,19]],[[33307,55713],[27,-15],[31,-17],[41,-22],[15,-17],[3,-26],[-23,-29],[-28,-37],[-22,-17],[-15,-18],[-13,-23],[2,-19],[32,-27],[107,-86],[46,-42],[15,-18],[8,-25],[-6,-40],[-25,0],[-87,54],[-66,47],[-143,86],[-81,63],[-9,27],[21,34],[12,13],[11,21],[22,22],[41,23],[35,27],[25,34],[24,27]],[[42138,42541],[20,26],[38,24],[33,11],[27,-22],[27,-42],[42,-83],[25,-83],[53,-117],[-61,16],[-56,7],[-27,1],[-62,13],[-34,39],[-14,56],[-4,101],[-7,53]],[[32252,37666],[18,3],[58,-38],[42,-20],[55,-20],[97,-64],[53,-36],[-77,-110],[-48,22],[-50,31],[-57,25],[-45,21],[-103,50],[57,136]],[[19221,22120],[66,-9],[40,-68],[47,-11],[56,-14],[68,-42],[-10,-107],[-34,-3],[-47,21],[-76,27],[-129,36],[-103,37],[-56,21],[-35,12],[-16,11],[-7,18],[-10,19],[0,24],[3,22],[27,17],[216,-11]],[[27637,39110],[35,27],[29,25],[75,-14],[22,-18],[13,-16],[-75,-326],[-191,39],[17,93],[23,122],[45,25],[7,43]],[[22789,53429],[52,12],[109,2],[28,-28],[19,-84],[9,-44],[5,-55],[0,-41],[2,-16],[-4,-22],[-6,-24],[-35,-86],[-21,-40],[-27,3],[-18,42],[-19,45],[-19,45],[-12,41],[-20,44],[-18,71],[-11,48],[-12,54],[-2,33]],[[31050,51331],[15,-20],[11,-27],[85,-176],[117,-209],[33,-81],[11,-11],[14,-20],[2,-25],[-56,-18],[-25,-7],[-17,5],[-8,15],[-21,44],[-8,25],[-3,30],[3,19],[-9,20],[-25,46],[-11,21],[-9,23],[-23,42],[-14,32],[-29,50],[-34,64],[-40,72],[-26,50],[5,23],[19,6],[10,5],[33,2]],[[91868,4994],[42,-20],[2,-17],[10,-24],[10,-17],[37,-19],[59,-20],[29,-10],[40,-12],[27,-8],[27,-14],[17,-17],[30,-39],[17,-27],[7,-31],[-5,-39],[-22,-34],[-30,-26],[-22,-22],[-20,-10],[-25,3],[-27,24],[-25,25],[-22,17],[-49,24],[-27,24],[-17,27],[-15,32],[-10,34],[-12,31],[-10,27],[-22,39],[-17,29],[-12,29],[0,27],[35,14]],[[35334,26167],[137,-136],[-204,-205],[-151,141],[218,200]],[[28034,38616],[23,-1],[20,4],[8,9],[20,18],[26,-2],[37,0],[51,-15],[36,-14],[23,-29],[14,-31],[-5,-19],[-97,-45],[-38,-16],[-16,-5],[-50,-24],[-34,-11],[-22,-1],[-24,-21],[-25,-13],[-43,57],[-8,25],[4,40],[13,36],[23,26],[33,19],[31,13]],[[17553,20468],[31,8],[275,-18],[42,-11],[-41,-186],[-42,2],[-110,5],[-77,6],[-62,25],[-11,20],[-14,104],[9,45]],[[90134,7539],[62,-17],[70,-31],[73,-19],[69,-17],[73,-16],[76,-10],[48,-3],[45,-3],[34,0],[46,-11],[16,-28],[-5,-32],[-24,-32],[-31,-35],[-40,-92],[-9,42],[18,42],[5,29],[-25,29],[-45,21],[-38,-3],[-58,-30],[-48,-40],[-37,-5],[-22,20],[-2,50],[-28,22],[-69,5],[-65,9],[-51,22],[-56,39],[-42,59],[60,35]],[[28827,43162],[29,-17],[3,-10],[2,-17],[-10,-22],[0,-31],[5,-34],[27,-49],[25,-24],[39,-19],[30,-10],[32,-20],[5,-26],[-13,-32],[-24,-19],[-33,-19],[-32,-7],[-30,5],[-17,12],[-25,24],[-39,29],[-42,29],[-32,27],[-37,17],[-25,20],[-17,26],[-10,22],[28,169],[17,12],[10,3],[27,0],[30,-10],[27,-10],[50,-19]],[[18667,22626],[22,-11],[30,-5],[78,9],[24,-3],[10,-26],[4,-34],[-37,-25],[-22,-19],[-17,-24],[-6,-52],[-21,-19],[-43,-9],[-32,-7],[-47,2],[-27,4],[-27,2],[-56,4],[-59,2],[-58,13],[-55,-33],[-40,-3],[-14,7],[-8,15],[3,15],[22,14],[20,5],[35,17],[39,9],[25,12],[27,10],[22,12],[18,19],[17,17],[22,22],[23,19],[17,17],[41,32],[35,2],[35,-10]],[[16080,25768],[30,7],[69,-40],[36,-53],[101,-44],[44,-24],[18,-19],[11,-23],[10,-35],[-57,-121],[-19,-11],[-44,8],[-80,48],[-45,19],[-57,50],[-42,36],[-16,15],[18,65],[23,122]],[[17980,21231],[29,-15],[90,-114],[133,-190],[71,-78],[-137,-152],[-25,-6],[-33,30],[-10,39],[-9,63],[-1,35],[-64,94],[-94,205],[-3,35],[12,28],[16,17],[25,9]],[[84971,7681],[21,-10],[32,-24],[19,-14],[19,-22],[4,-22],[-1,-15],[-16,-21],[-31,-36],[-51,-55],[-38,-40],[-73,-93],[-62,-86],[-28,-5],[-54,31],[0,14],[120,171],[53,87],[86,140]],[[35394,34842],[99,-25],[-61,-181],[44,-19],[-33,-192],[-145,7],[16,112],[-29,18],[14,75],[34,-1],[61,206]],[[17560,21910],[33,-15],[36,-22],[39,-29],[-7,-38],[-48,-45],[-29,-26],[0,-32],[-10,-55],[-10,-32],[-17,-38],[-12,-24],[5,-30],[100,-15],[80,3],[19,-10],[6,-30],[0,-36],[-14,-21],[-36,-5],[-143,25],[-138,13],[-24,12],[45,135],[85,272],[32,8],[8,35]],[[84688,7224],[51,-27],[-20,-44],[-25,-45],[-52,-68],[-31,-50],[-57,-115],[-51,-116],[-23,-74],[-27,-84],[-34,-19],[-36,10],[-23,16],[-7,20],[5,32],[23,141],[29,55],[247,349],[31,19]],[[17866,23722],[28,3],[13,-3],[17,-5],[18,-10],[21,-5],[23,-1],[22,-5],[21,-2],[41,0],[12,6],[10,8],[18,2],[20,0],[19,-2],[5,-11],[-5,-18],[-3,-14],[0,-18],[-5,-26],[-3,-21],[-9,-32],[-8,-32],[-8,-12],[-10,-1],[-20,0],[-28,0],[-15,0],[-20,8],[-11,-1],[-13,1],[-18,3],[-22,5],[-20,4],[-24,5],[-17,4],[-16,7],[-27,0],[-19,0],[-20,13],[53,150]],[[30152,39161],[38,-24],[19,-71],[31,-19],[31,-13],[51,-54],[15,-29],[22,-19],[15,-13],[0,-16],[-6,-11],[-13,-10],[-16,-11],[-12,-12],[-15,-5],[-18,0],[-22,0],[-21,-2],[-16,-8],[-27,-21],[-20,-13],[-25,0],[-20,4],[-15,10],[-18,9],[-25,6],[-27,64],[-77,186],[171,72]],[[30040,44084],[24,0],[15,8],[10,19],[15,27],[28,24],[12,0],[24,-14],[-16,-26],[-23,-41],[-24,-42],[-22,-47],[-24,-39],[-42,-65],[-69,-82],[-75,-74],[-31,10],[-11,37],[-13,45],[-39,102],[42,24],[13,19],[25,26],[44,58],[23,32],[20,19],[22,10],[27,0],[22,-10],[23,-20]],[[16635,21337],[-3,56],[124,-20],[124,-15],[-6,-56],[-2,-33],[-3,-78],[-15,-82],[-13,-59],[-64,11],[-1,53],[-93,4],[-24,78],[-15,58],[-9,83]],[[18812,21360],[166,-107],[-14,-64],[-7,-71],[-27,-77],[-52,9],[-164,101],[55,90],[24,88],[19,31]],[[13307,22694],[22,1],[31,-20],[66,-58],[101,-77],[52,-47],[0,-37],[-38,-32],[-59,-20],[-35,17],[-36,19],[-29,37],[-41,26],[-24,15],[-47,30],[-19,42],[-8,27],[30,40],[34,37]],[[30121,37155],[146,-101],[1,-44],[-209,-107],[-125,-88],[-31,-18],[-30,13],[-11,136],[14,39],[48,29],[11,17],[186,124]],[[86722,4140],[24,32],[21,26],[25,31],[23,9],[28,-15],[17,-12],[17,-25],[17,-18],[5,-34],[22,-17],[23,-51],[19,-45],[26,-76],[4,-35],[-22,-11],[-46,-4],[-177,6],[-44,2],[-9,11],[-10,17],[-21,21],[-57,9],[-18,22],[6,31],[35,29],[15,-3],[15,17],[11,34],[26,22],[25,27]],[[22086,46703],[28,5],[10,-5],[106,-19],[5,-5],[0,-13],[-39,-287],[-3,-26],[-10,-37],[-15,-5],[-26,-3],[-18,0],[-12,10],[-4,19],[-22,366]],[[89768,11184],[127,3],[54,1],[26,-8],[11,-25],[0,-18],[-96,-172],[-30,-48],[-25,-25],[-32,-8],[-59,40],[-55,19],[-5,11],[28,129],[31,81],[25,20]],[[23098,54168],[55,-9],[14,-29],[-3,-54],[-19,-79],[-52,-27],[-69,-17],[-37,-11],[-42,-2],[-37,12],[-22,27],[-18,25],[-26,34],[-18,46],[57,7],[62,0],[38,13],[117,64]],[[32200,56505],[16,-11],[26,-20],[59,-34],[46,-37],[18,-19],[0,-24],[-3,-44],[-17,-38],[-20,-55],[-15,-61],[-18,-32],[-31,-21],[-43,29],[-8,4],[-38,20],[17,23],[16,25],[23,28],[0,16],[-13,13],[-18,11],[-5,16],[4,32],[5,18],[-10,29],[-8,11],[-2,24],[7,12],[-5,17],[-7,18],[-4,24],[28,26]],[[23809,52340],[33,15],[70,-16],[30,-16],[1,-43],[-81,-45],[-79,-27],[-65,-30],[-85,-26],[-58,16],[-12,40],[-25,49],[12,29],[66,23],[95,12],[98,19]],[[15396,24333],[63,-41],[36,-39],[-1,-46],[92,-117],[39,-62],[59,-47],[29,-29],[36,-18],[139,-94],[73,-43],[1,-25],[-30,-64],[-41,-5],[-43,30],[-37,26],[-58,47],[-73,54],[-79,73],[-46,66],[-74,99],[-71,65],[-45,40],[-14,30],[6,47],[0,52],[39,1]],[[21207,47363],[185,-21],[-7,-95],[-15,-106],[-204,15],[-12,12],[-3,13],[23,86],[33,96]],[[14124,17239],[42,-5],[22,-12],[27,-15],[37,-17],[35,-12],[52,-25],[49,-26],[27,-20],[3,-29],[-38,-97],[-22,-43],[-25,-2],[-34,7],[-35,12],[-32,15],[-44,12],[-45,15],[-30,9],[-37,17],[-27,22],[0,22],[75,172]],[[31207,50347],[-2,-29],[-14,-39],[-19,-38],[-43,-40],[-55,-22],[-48,-19],[-37,-4],[-27,20],[-25,-2],[-36,-10],[-32,-11],[-23,3],[-3,15],[24,20],[4,21],[0,24],[0,20],[20,33],[10,42],[19,31],[15,42],[45,32],[30,25],[19,30],[20,14],[18,4],[19,-1],[6,-16],[19,-14],[31,9],[29,-11],[11,-15],[7,-45],[-12,-22],[13,-17],[17,-30]],[[90786,12261],[49,23],[46,3],[62,8],[31,-6],[37,5],[82,16],[-27,-156],[-13,-24],[-71,-49],[-44,-3],[-32,-9],[-26,-9],[-21,-4],[-18,-3],[-24,-20],[-20,-4],[-28,16],[-31,-16],[-13,-7],[-31,5],[-2,18],[31,52],[21,27],[14,16],[0,37],[28,84]],[[18668,27387],[20,11],[36,-2],[7,-35],[10,-27],[2,-44],[3,-34],[5,-51],[12,-30],[2,-30],[-18,-40],[-28,5],[-38,11],[-44,3],[-45,7],[-53,18],[-6,45],[-17,27],[5,25],[-9,-2],[17,36],[-25,37],[-15,18],[2,17],[18,22],[14,12],[40,17],[25,12],[22,9],[26,5],[15,-43],[17,1]],[[87295,7523],[13,-21],[118,-209],[170,-281],[5,-39],[-14,-2],[-8,-11],[-12,-1],[-24,0],[-27,6],[-23,13],[-8,18],[-26,57],[-11,24],[-13,19],[-23,14],[-28,19],[-22,15],[-27,14],[-33,39],[-12,36],[6,89],[-26,105],[-15,38],[-8,12],[-5,15],[2,23],[20,10],[6,7],[15,-1],[10,-8]],[[10553,23846],[60,4],[22,-5],[32,-7],[37,-12],[62,-53],[178,-122],[153,-107],[47,-29],[14,-26],[-15,-41],[-42,3],[-64,34],[-65,40],[-34,31],[-57,34],[-83,69],[-40,26],[-41,7],[-102,38],[-87,37],[-47,14],[-15,23],[34,14],[53,28]],[[8837,40586],[12,-60],[6,-50],[-341,-61],[-304,-55],[-10,58],[-6,50],[643,118]],[[13228,23010],[33,-36],[120,-96],[28,-36],[26,-27],[182,-173],[64,-85],[-36,-24],[-33,3],[-150,114],[-58,55],[-55,38],[-22,21],[-28,20],[-165,130],[-6,34],[2,24],[12,28],[24,17],[20,4],[42,-11]],[[19417,22629],[22,-19],[7,-17],[5,-22],[3,-32],[2,-41],[9,-63],[-27,-2],[-17,-2],[-45,-5],[-68,-10],[-49,-7],[-33,-5],[-52,-9],[-42,10],[-15,9],[0,5],[-5,22],[0,29],[-5,26],[5,30],[18,24],[11,15],[18,19],[22,10],[236,35]],[[30967,21255],[18,19],[14,7],[14,7],[23,11],[26,13],[17,11],[14,12],[22,17],[19,13],[28,13],[31,13],[20,5],[18,2],[17,0],[16,-5],[-1,-11],[-12,-16],[-22,-17],[-102,-60],[-121,-73],[-99,-64],[-86,-48],[-41,-41],[-16,-23],[-16,-21],[-10,-15],[-7,-9],[-12,-6],[-14,1],[-12,5],[-6,9],[2,14],[-1,31],[6,9],[2,9],[7,13],[10,13],[12,13],[11,14],[14,12],[17,12],[21,17],[24,15],[75,40],[80,39]],[[21742,55745],[58,-70],[180,-215],[5,-36],[-80,-49],[-170,220],[-65,84],[-10,22],[63,49],[19,-5]],[[75342,7801],[42,-25],[22,-43],[23,-143],[52,-130],[5,-77],[-70,39],[-29,29],[-30,30],[-40,23],[-41,124],[12,75],[42,47],[12,51]],[[32358,55980],[26,-1],[34,-20],[53,-44],[71,-40],[131,-88],[74,-43],[18,-13],[3,-18],[-3,-19],[-21,-15],[-19,-13],[-34,-36],[-46,-70],[-77,-81],[-34,-35],[-79,56],[-97,80],[-94,75],[-45,26],[-56,37],[-49,45],[14,24],[14,24],[14,17],[16,11],[23,29],[23,58],[25,34],[41,30],[45,-27],[29,17]],[[29226,41508],[48,9],[148,13],[146,1],[24,-7],[6,-26],[0,-55],[-7,-100],[0,-101],[-30,-10],[-64,-25],[-92,-33],[-78,-12],[-57,-9],[-62,0],[-93,1],[-68,-14],[-56,0],[-4,29],[21,159],[6,64],[20,34],[42,17],[53,10],[47,25],[50,30]],[[11674,33716],[971,-456],[-35,-65],[-51,-64],[-37,3],[-936,412],[-24,29],[75,104],[37,37]],[[92242,5790],[24,17],[54,19],[71,27],[64,19],[48,-1],[154,-79],[109,-47],[117,-60],[16,-18],[-4,-24],[-314,-129],[-80,-34],[-85,-53],[-41,-14],[-44,5],[-24,20],[-66,322],[1,30]],[[87551,609],[45,11],[31,31],[31,22],[37,-52],[59,-10],[37,-8],[9,-32],[0,-30],[-7,-20],[-11,-17],[2,-26],[-4,-21],[0,-26],[-5,-41],[-7,-39],[-5,-41],[-8,-39],[-28,-17],[-50,15],[-77,19],[-116,26],[-144,25],[-110,23],[-87,14],[-84,58],[-29,26],[0,55],[6,61],[29,28],[54,13],[56,8],[52,8],[71,7],[97,-8],[60,-3],[96,-20]],[[17577,25584],[19,20],[6,20],[-4,15],[0,15],[0,24],[12,15],[31,-1],[26,-11],[9,-26],[-7,-32],[-26,-19],[-15,-9],[1,-33],[22,-14],[30,8],[2,16],[-8,8],[6,16],[31,5],[30,10],[12,10],[2,14],[18,8],[24,-6],[61,-27],[-6,-24],[-27,-21],[-27,-31],[-16,-31],[-2,-23],[6,-11],[-1,-19],[-46,-21],[-8,-42],[18,-24],[-18,-5],[-25,2],[-11,-20],[16,-24],[15,-11],[26,-25],[13,-41],[-2,-31],[6,-28],[-7,-39],[-21,-31],[45,-13],[-1,-29],[-21,-14],[-7,-6],[-20,-13],[-17,-8],[-16,0],[-17,-30],[-30,-12],[-30,15],[-26,27],[-155,42],[-29,27],[-18,47],[-5,42],[-13,36],[-20,18],[-15,22],[14,49],[40,47],[53,50],[123,177]],[[29332,39517],[198,-423],[-163,-70],[-91,224],[-10,0],[-22,-9],[113,-284],[-38,-19],[-71,-24],[-66,-14],[-21,33],[-141,354],[-21,66],[32,36],[43,22],[258,108]],[[10838,25652],[246,7],[38,-12],[46,-3],[146,-48],[222,-67],[113,-47],[51,-23],[-11,-27],[-112,-109],[-51,-36],[-48,0],[-98,29],[-196,43],[-133,23],[-87,10],[-135,2],[-22,47],[-11,42],[2,35],[19,89],[21,45]],[[28838,37994],[52,7],[16,-11],[37,-22],[41,-28],[42,-24],[48,-38],[23,-29],[79,-81],[30,-17],[27,-22],[39,-34],[37,-49],[25,-33],[50,-34],[21,-29],[45,-1],[62,-31],[40,-17],[44,-5],[37,-5],[32,0],[36,-5],[24,-19],[10,-23],[-14,-20],[-45,-37],[-18,-18],[-15,-23],[-30,-31],[-30,-23],[-27,-17],[-18,-12],[-21,-16],[-27,-22],[-15,-17],[-28,2],[-13,8],[-35,8],[-17,17],[-6,9],[9,41],[8,22],[6,36],[-5,37],[2,55],[-13,19],[-22,27],[-20,22],[-27,22],[-39,14],[-36,4],[-41,6],[-34,5],[-12,-8],[-32,-3],[-39,2],[-19,7],[-22,3],[-31,5],[-31,36],[0,19],[-13,12],[-23,40],[-8,36],[-15,35],[-34,40],[-17,30],[-13,33],[-22,26],[-23,30],[-7,17],[3,14],[10,24],[22,34]],[[14428,26356],[45,0],[94,14],[35,39],[74,1],[3,-40],[17,-93],[54,5],[19,-1],[17,-12],[22,-30],[1,-53],[-35,-100],[-61,-102],[-139,-44],[-171,-18],[-42,3],[-39,70],[-51,18],[-26,70],[-8,92],[8,95],[4,49],[18,5],[30,24],[97,-5],[34,13]],[[90850,11940],[63,-6],[47,-25],[22,-11],[133,-106],[25,-47],[20,-35],[14,-65],[-38,-53],[-65,18],[-106,23],[-51,5],[-29,-13],[-39,-6],[-54,-10],[-45,-20],[-57,-21],[-51,-31],[-45,-13],[-54,-5],[-31,-11],[-54,-22],[-59,-11],[-40,25],[4,44],[65,100],[48,13],[51,39],[26,33],[23,41],[-11,58],[22,44],[49,43],[27,16],[38,5],[42,2],[37,11],[34,0],[39,-9]],[[31456,40114],[-9,-155],[192,42],[72,100],[105,-11],[54,-87],[-49,-86],[-171,-10],[8,-32],[135,-11],[-190,-129],[-248,-69],[-80,-99],[-88,-35],[-23,94],[-40,257],[4,88],[113,-3],[215,146]],[[18385,19093],[22,-1],[85,-18],[35,-12],[54,-12],[41,-20],[104,-78],[43,-34],[37,-21],[36,-28],[-66,-73],[-29,-34],[-25,-43],[-31,-38],[-19,-52],[-9,-55],[-22,-40],[-19,-17],[-30,4],[-75,33],[-168,93],[-50,32],[17,56],[7,40],[12,45],[10,34],[-2,40],[-3,43],[-1,49],[22,55],[24,52]],[[77767,6483],[15,51],[92,91],[101,75],[65,29],[30,0],[39,13],[35,-7],[44,-36],[-17,-75],[-102,-126],[-149,-170],[-149,-174],[-8,-131],[-55,-57],[-119,-65],[-44,1],[-96,82],[7,47],[93,40],[100,105],[119,169],[16,56],[-3,39],[-14,43]],[[18269,19908],[44,-19],[35,-21],[56,-31],[117,-38],[-9,-34],[8,-28],[117,6],[76,14],[71,-5],[41,-20],[14,-38],[-71,-155],[-656,-51],[-16,24],[119,322],[38,56],[16,18]],[[16479,24288],[33,9],[111,-12],[228,-32],[24,-3],[14,-12],[20,-25],[1,-54],[17,-152],[27,-114],[-16,-11],[-44,11],[-184,14],[-29,14],[-15,15],[-32,17],[-32,0],[-17,-26],[-7,-52],[-17,-87],[-88,-25],[-80,-10],[-57,20],[-16,26],[-10,45],[7,32],[23,65],[28,32],[25,38],[22,38],[31,182],[11,32],[22,25]],[[84454,6123],[90,0],[76,-4],[-27,-156],[-21,-43],[-3,-54],[-18,-72],[-33,-66],[-21,-72],[-33,-75],[-18,-66],[-9,-46],[-9,-39],[-12,-23],[-12,-43],[-20,-32],[-9,-37],[-3,-37],[-21,-26],[-18,-26],[-11,-38],[-4,-47],[-10,-31],[-18,-41],[-38,-13],[-64,24],[-66,20],[-41,15],[-51,21],[-31,60],[-5,40],[9,26],[23,17],[28,36],[28,38],[63,47],[48,65],[52,72],[59,75],[76,70],[21,46],[11,55],[1,75],[12,141],[15,84],[14,60]],[[16584,23727],[44,16],[313,71],[32,0],[7,-5],[12,-34],[16,-78],[9,-43],[-8,-50],[-107,-254],[-25,-27],[-42,3],[-303,147],[-34,5],[-31,19],[14,26],[88,176],[15,28]],[[88034,4609],[6,71],[8,52],[2,39],[17,75],[28,327],[5,258],[14,141],[5,71],[12,24],[16,10],[25,3],[31,-2],[11,-24],[5,-72],[-6,-97],[-18,-85],[3,-131],[2,-89],[24,-53],[-3,-33],[0,-39],[15,-67],[-2,-37],[0,-24],[-3,-41],[3,-36],[-12,-37],[-2,-30],[0,-22],[10,-38],[-1,-29],[-15,-34],[3,-40],[4,-33],[-7,-30],[-8,-113],[0,-66],[5,-76],[-11,-96],[-23,-15],[-22,-8],[-57,-2],[-66,4],[-26,20],[-4,42],[32,362]],[[901,44915],[755,-683],[16,-30],[-11,-25],[-62,-10],[-62,17],[-61,13],[-108,14],[-83,-7],[-68,-14],[-572,531],[219,174],[19,15],[18,5]],[[4377,48512],[925,85],[59,-58],[30,-397],[4,-29],[-717,-56],[-97,71],[-183,135],[-21,249]],[[5482,44147],[24,-2],[12,-14],[3,-31],[4,-96],[1,-42],[-5,-113],[-1,-145],[-6,-45],[-4,-111],[-5,-160],[-107,-12],[-75,-6],[-9,28],[-25,151],[-38,204],[-3,50],[-40,256],[-5,44],[4,22],[13,3],[36,1],[33,9],[25,6],[25,3],[61,-2],[39,1],[43,1]],[[17246,23021],[28,2],[52,0],[34,54],[51,60],[39,10],[27,-13],[18,-25],[-12,-34],[-38,-82],[-2,-34],[36,-35],[2,-33],[-7,-61],[-25,-61],[-41,-12],[-95,8],[-211,16],[1,-13],[105,-22],[90,-13],[41,-16],[22,-22],[16,-37],[0,-56],[-19,-73],[-28,-3],[-84,36],[-100,31],[-46,10],[-79,32],[-61,19],[-67,20],[-20,31],[7,37],[5,27],[0,36],[-3,27],[-7,36],[-15,39],[-4,38],[9,20],[23,-5],[17,-23],[20,-37],[31,-25],[25,-20],[47,-39],[50,-14],[58,57],[110,162]],[[87024,9162],[30,14],[195,16],[128,27],[124,30],[20,0],[33,-19],[29,12],[27,9],[27,-9],[17,-58],[28,-61],[-27,-33],[-36,-53],[-93,-65],[-69,-50],[-92,-57],[-153,-76],[-117,206],[-69,129],[-2,38]],[[25621,64803],[109,42],[23,9],[-21,74],[2,44],[58,85],[137,60],[127,15],[110,20],[113,42],[60,-122],[20,-40],[-101,-57],[-90,-66],[-49,-35],[-45,-24],[-91,-72],[-91,-75],[-74,-43],[-89,-60],[-13,0],[-30,53],[-65,150]],[[10631,24393],[78,42],[88,36],[74,18],[105,-9],[135,-20],[73,-6],[199,-13],[22,-22],[0,-17],[-21,-43],[-35,-37],[-26,-62],[-62,-65],[-62,-43],[-39,-24],[-45,21],[-45,24],[-95,15],[-85,6],[-126,-35],[-133,234]],[[15101,28255],[94,-13],[-6,-29],[-91,18],[3,24]],[[30827,57923],[29,-3],[-5,-21],[-28,2],[4,22]],[[17888,23778],[52,-13],[-7,-32],[-55,18],[10,27]],[[31922,56566],[22,-22],[13,-15],[6,-53],[-8,-27],[-10,-59],[-44,-80],[-42,22],[-68,46],[-2,20],[16,22],[117,146]],[[17876,23407],[142,-37],[-3,-24],[42,-6],[-20,-81],[-4,0],[-5,-1],[-181,45],[29,104]],[[30938,57459],[29,65],[50,-21],[-2,-19],[33,-17],[-54,-108],[-12,4],[-18,-7],[-14,-17],[-14,-8],[-20,-10],[-17,-32],[-34,18],[29,55],[4,20],[10,28],[15,20],[15,29]],[[34937,39356],[78,47],[105,-103],[117,-137],[-81,-57],[-219,250]],[[34007,34848],[18,19],[20,-24],[9,8],[23,-12],[25,26],[62,-59],[-83,-80],[-79,80],[25,20],[-20,22]],[[46766,40967],[17,-18],[4,-8],[7,-10],[11,-16],[9,-16],[5,-28],[5,-23],[9,-21],[13,-16],[10,-29],[1,-18],[1,-29],[2,-24],[3,-20],[-26,-8],[-32,7],[-15,10],[-16,4],[-16,8],[1,27],[-1,14],[5,60],[0,33],[-11,27],[-11,5],[-5,19],[-4,14],[-9,7],[-11,15],[-23,3],[23,25],[18,20],[23,-7],[13,-7]],[[16356,25404],[17,29],[250,-95],[58,-15],[55,-20],[-19,-22],[-60,7],[-69,21],[-196,65],[-36,30]],[[33667,39065],[19,-5],[16,-10],[-9,-15],[-8,0],[-12,11],[-6,19]],[[27714,39744],[33,-10],[155,-50],[33,-15],[-63,-104],[-17,-15],[-13,-7],[-15,-2],[-17,4],[-25,8],[-61,17],[-25,0],[-40,7],[-14,20],[0,17],[5,24],[15,31],[24,46],[25,29]],[[10514,25505],[22,44],[38,5],[20,26],[38,45],[34,18],[41,5],[34,-3],[32,-34],[-9,-66],[-37,-50],[-37,-21],[-85,-1],[-58,3],[-33,29]],[[23138,45456],[11,-5],[33,-10],[26,-6],[22,13],[11,5],[37,-5],[12,-8],[-7,-65],[-7,-7],[-20,-5],[-126,17],[-16,12],[-12,23],[-6,9],[32,3],[11,5],[-1,24]],[[18040,23252],[-12,-52],[-52,-69],[-43,-72],[-123,98],[-8,21],[-18,38],[-19,48],[3,33],[48,-15],[5,19],[219,-49]],[[16177,25389],[36,15],[99,-31],[9,-26],[-55,-145],[-22,-21],[-36,2],[-32,12],[-29,11],[-29,17],[59,166]],[[16512,25986],[26,20],[88,-45],[8,-27],[-22,-33],[-90,-99],[-34,-8],[-52,37],[3,17],[73,138]],[[28832,38988],[24,-27],[26,-49],[30,-50],[7,-17],[-20,-22],[-104,-56],[-24,-2],[-9,-3],[-75,137],[27,16],[58,34],[60,39]],[[15829,21175],[41,-21],[-1,-45],[-58,-145],[-57,30],[40,93],[25,48],[10,40]],[[16410,21110],[115,-76],[16,-33],[-2,-27],[5,-25],[80,-46],[-21,-66],[-14,-65],[-14,-5],[-60,33],[-3,34],[6,25],[4,37],[-137,81],[-48,32],[3,36],[11,37],[59,28]],[[33298,35002],[18,-4],[10,-13],[20,-13],[21,-18],[25,-21],[13,-19],[1,-20],[-5,-14],[-8,-15],[-25,-24],[-29,12],[-109,56],[-26,16],[94,77]],[[11121,27118],[47,-30],[64,-31],[7,-19],[-6,-47],[-17,-47],[-32,-3],[-128,33],[-207,62],[-10,32],[-18,148],[78,9],[15,-139],[24,-24],[61,-25],[95,-31],[27,112]],[[10458,25359],[16,17],[192,-32],[3,-72],[-26,-51],[-39,-39],[-32,-21],[-36,-5],[-57,-2],[-56,22],[35,183]],[[30341,39636],[13,1],[3,6],[19,-1],[4,12],[30,0],[2,29],[30,0],[5,-29],[3,-148],[-96,-15],[-7,57],[-5,48],[-1,40]],[[19175,26706],[-13,-51],[96,-20],[5,-5],[-26,-93],[-3,-44],[-12,-5],[-26,-4],[-49,7],[-30,12],[-16,19],[-7,20],[2,41],[27,-1],[15,57],[-11,3],[-9,6],[-9,16],[2,27],[10,15],[7,13],[30,-1],[17,-12]],[[89731,7724],[28,30],[25,-5],[34,-21],[31,-21],[43,-32],[53,-32],[41,-18],[27,-13],[27,-42],[-32,-30],[-41,3],[-41,26],[-67,45],[-48,36],[-50,38],[-30,36]],[[33449,57460],[-89,70],[84,101],[25,-30],[15,-37],[0,-25],[-18,-50],[-17,-29]],[[31335,50752],[25,-15],[13,-16],[13,-17],[5,-18],[0,-36],[15,-30],[5,-28],[-10,-18],[-15,2],[-12,5],[-5,13],[-1,16],[-4,14],[-6,23],[-10,11],[-13,15],[-10,6],[-8,1],[-8,-10],[-20,-10],[-12,4],[-5,12],[-8,18],[-3,20],[6,14],[20,8],[48,16]],[[15772,25553],[35,-14],[6,-28],[-16,-54],[-87,-44],[-14,38],[-4,76],[80,26]],[[18099,21449],[19,-1],[86,-25],[-3,-34],[2,-33],[29,-52],[12,-29],[-33,-78],[-70,1],[-19,14],[-21,64],[-2,38],[7,67],[-17,6],[-16,27],[5,29],[21,6]],[[27759,38724],[75,-17],[49,-4],[-5,-59],[-33,-57],[-35,3],[-35,-87],[-41,4],[-36,13],[36,105],[25,99]],[[15357,19665],[-88,25],[-27,-72],[-98,36],[44,109],[9,-2],[16,41],[165,-60],[-21,-77]],[[46107,40155],[117,-104],[-47,-31],[-65,-32],[-26,7],[-36,44],[-20,39],[-18,34],[56,26],[39,17]],[[29790,37441],[101,-110],[-201,-151],[-32,38],[-112,-19],[-7,22],[28,50],[223,170]],[[38825,40572],[16,-25],[10,-18],[8,-19],[2,-19],[0,-21],[-2,-28],[-2,-26],[-6,-22],[-17,-10],[-26,0],[-20,5],[-13,15],[-12,18],[-10,14],[-16,18],[-12,15],[-4,11],[1,18],[5,13],[15,14],[12,10],[20,14],[18,13],[33,10]],[[27082,57514],[23,-2],[-48,-315],[-140,33],[47,215],[101,-22],[17,91]],[[33826,39035],[55,6],[6,-48],[23,-54],[-157,-64],[-12,3],[-19,32],[-8,24],[-4,13],[7,10],[17,-6],[37,3],[13,9],[16,4],[27,14],[7,18],[0,21],[-8,15]],[[90734,7210],[42,-28],[36,-20],[42,-31],[37,-18],[7,-28],[-5,-21],[-19,-21],[-28,-3],[-71,42],[-80,45],[-10,27],[3,25],[19,28],[27,3]],[[28890,44184],[47,67],[67,13],[7,-1],[10,-137],[-78,-6],[-52,17],[-1,47]],[[26646,38418],[16,-19],[-66,-51],[-44,75],[57,51],[7,-2]],[[15913,25332],[151,18],[28,-6],[5,-10],[0,-21],[-5,-12],[-6,-12],[3,-23],[-126,-12],[-27,14],[-30,3],[-3,23],[7,17],[3,21]],[[16100,18549],[97,-63],[-34,-67],[-111,70],[48,60]],[[98829,11224],[42,32],[79,-8],[-37,-39],[-84,15]],[[30607,57941],[26,-5],[-16,-52],[-32,15],[22,42]],[[27808,39817],[11,-7],[-5,-15],[18,-5],[28,-12],[27,-4],[22,-5],[12,-3],[13,-9],[9,-5],[11,-4],[26,-14],[-4,-12],[-15,-25],[-10,-15],[-36,12],[-86,28],[-104,27],[15,20],[-4,-2],[9,10],[25,17],[11,9],[27,14]],[[16404,25338],[33,-6],[136,-44],[88,-26],[40,-16],[-12,-32],[-24,-5],[-66,17],[-180,53],[-27,25],[-10,10],[-1,19],[8,5],[15,0]],[[28641,38877],[18,-9],[15,-15],[40,-60],[9,-30],[9,-20],[11,-21],[-57,-20],[-34,-17],[-70,-24],[-35,-8],[-34,-6],[-26,24],[-27,23],[181,183]],[[85164,7833],[28,-6],[5,-5],[6,-8],[20,-13],[18,-16],[28,-26],[-30,-19],[-21,-23],[-32,-19],[-31,-23],[-36,-7],[-17,-17],[-18,-4],[-17,9],[-11,3],[-18,10],[-19,19],[-14,12],[0,17],[10,5],[5,10],[16,15],[60,52],[68,34]],[[33866,34766],[69,63],[141,-156],[-55,-61],[-155,154]],[[22511,54456],[17,-19],[11,-61],[36,-50],[106,-152],[61,-87],[34,-73],[49,-154],[22,-69],[27,1],[283,59],[36,-6],[17,-37],[-9,-41],[-32,-47],[-33,-49],[-74,-39],[-47,-17],[-54,-32],[-19,-42],[-19,-51],[-30,-18],[-107,-4],[-23,23],[-10,17],[-3,24],[-17,39],[-34,73],[-136,298],[-66,131],[-55,70],[-42,47],[-83,133],[-11,18],[17,28],[167,79],[21,8]],[[7765,45884],[216,40],[61,-136],[32,-83],[0,-112],[-21,-111],[-61,-179],[-21,-98],[0,-58],[-33,-83],[-8,-128],[16,-36],[-151,-27],[-16,60],[-49,79],[-40,40],[-86,60],[-52,36],[-5,20],[277,15],[-35,498],[-24,203]],[[19152,27528],[40,4],[37,-15],[34,-5],[84,-29],[104,-42],[92,-34],[81,-46],[25,-24],[15,-39],[-1,-53],[-5,-34],[-12,-41],[-15,-49],[17,-67],[-10,-37],[-15,-41],[-17,-31],[-35,-32],[-12,-31],[-5,-22],[14,-24],[42,-32],[-37,-109],[-13,-9],[-7,0],[-15,5],[-17,9],[-32,15],[-32,12],[-30,5],[-20,5],[-44,12],[-25,12],[0,10],[10,27],[15,19],[17,22],[15,7],[17,0],[15,2],[10,17],[-7,46],[-30,20],[10,46],[15,44],[-145,51],[-47,10],[-10,15],[2,12],[20,33],[0,27],[0,34],[-7,24],[-15,32],[-5,26],[-15,34],[-19,15],[-30,5],[-12,-3],[-18,-12],[-10,-26],[0,-24],[-12,-25],[-18,-33],[-24,-42],[-10,-43],[-1,-49],[10,-41],[20,-17],[20,-24],[-23,-41],[-34,-27],[-32,5],[-30,15],[-15,56],[13,50],[174,470]],[[31232,56560],[113,-39],[48,-31],[17,-39],[9,-36],[31,-25],[59,-30],[25,-89],[39,-119],[0,-55],[-122,-158],[-40,-49],[-59,-50],[-40,-11],[-37,-2],[-34,8],[-36,42],[-43,44],[-31,44],[-5,36],[14,39],[-11,30],[-23,42],[-2,64],[105,318],[23,66]],[[11490,24386],[49,36],[92,55],[40,3],[47,-5],[86,-54],[127,-79],[77,-66],[9,-57],[-41,-138],[-68,-115],[-34,-29],[-411,-78],[-36,6],[-22,25],[-6,48],[4,53],[9,68],[19,57],[31,45],[29,39],[11,63],[-19,60],[7,63]],[[42087,44217],[21,18],[30,3],[36,-6],[43,-10],[55,-9],[44,-27],[37,-45],[34,-58],[34,-36],[39,-80],[22,-59],[19,-47],[16,-68],[0,-58],[-13,-44],[-17,-45],[-26,-26],[-32,-25],[-36,-34],[-33,-14],[-35,-25],[-37,-28],[-49,-18],[-36,-13],[-43,2],[-30,15],[-13,24],[7,50],[13,42],[14,45],[6,39],[-19,50],[-5,43],[-7,42],[-3,62],[-6,58],[-7,37],[-9,31],[-16,182],[2,32]],[[3843,45321],[152,26],[10,-32],[79,-238],[27,-110],[-1,-23],[-84,-17],[-71,-3],[-70,-5],[-43,-7],[-159,-7],[-245,-24],[-66,-4],[-33,6],[0,29],[-19,36],[4,25],[10,14],[45,52],[29,39],[20,48],[9,47],[-2,43],[-7,33],[-4,17],[12,6],[114,16],[229,21],[64,12]],[[27545,56530],[40,-20],[12,-36],[39,-182],[0,-26],[-7,-24],[-8,-17],[-7,-8],[-28,-9],[-34,-7],[-40,-5],[-40,-15],[-62,-16],[-42,-17],[-39,-15],[-35,-14],[-57,-53],[-28,-34],[-24,-43],[-18,-39],[-17,-48],[-18,-34],[-10,-29],[-20,-15],[-27,-17],[-35,-2],[-59,7],[-42,20],[-52,19],[-22,27],[32,80],[18,85],[20,41],[10,36],[17,44],[25,33],[30,22],[57,36],[25,24],[27,29],[32,20],[95,23],[104,51],[188,128]],[[44898,43049],[45,-74],[45,-81],[54,-119],[8,-36],[-20,-41],[0,-36],[19,-50],[20,-39],[40,-39],[18,-28],[15,-9],[22,3],[25,23],[44,-59],[135,-183],[5,-27],[-11,-47],[-23,-47],[-34,-33],[-34,-53],[-59,-70],[-18,-26],[-40,3],[-30,17],[-37,17],[-7,42],[15,28],[78,103],[-6,22],[-26,14],[-17,-11],[-30,-72],[-23,-21],[-13,-4],[-16,8],[-26,11],[-39,18],[-62,17],[-26,13],[-28,95],[12,77],[14,69],[-5,97],[-16,147],[-17,122],[-2,127],[-8,113],[59,19]],[[32848,55194],[10,18],[-13,17],[-24,15],[-158,114],[-15,21],[8,27],[144,178],[14,15],[30,4],[32,-5],[30,-12],[93,-65],[50,-41],[29,-34],[25,-53],[9,-58],[-10,-91],[-22,-90],[-60,-200],[-250,-202],[-62,-50],[-22,-5],[-23,3],[-83,89],[-12,29],[13,14],[91,126],[3,18],[49,68],[20,27],[37,29],[39,43],[28,51]],[[86542,3890],[48,-33],[42,-14],[43,10],[45,28],[212,-4],[60,-4],[7,-46],[23,-44],[13,-48],[-3,-41],[-39,-22],[-46,-25],[-17,-38],[-280,-96],[-114,-126],[-233,84],[-26,36],[-5,30],[56,76],[38,51],[11,33],[103,163],[28,22],[34,8]],[[27890,41565],[33,10],[17,0],[15,-5],[17,-5],[275,-89],[20,-15],[10,-15],[12,-243],[5,-21],[11,-19],[5,-13],[12,-12],[23,-14],[31,-8],[39,-9],[37,-7],[82,-8],[34,-6],[13,-6],[12,-13],[-106,12],[-60,6],[-47,0],[-32,-2],[-23,-5],[-14,-10],[-24,-17],[-23,-23],[-29,-25],[-69,-55],[-30,-16],[-131,102],[-23,15],[-19,20],[-17,29],[-17,40],[-32,54],[-16,29],[-8,16],[-9,19],[-11,22],[-12,29],[-12,20],[-16,29],[-11,26],[-11,26],[-8,36],[5,22],[102,99]],[[3674,45776],[25,2],[105,24],[40,-1],[15,-35],[12,-149],[35,-84],[62,-130],[-12,-41],[-112,6],[-386,-28],[-49,-1],[-33,44],[-77,291],[0,14],[0,19],[5,17],[8,14],[14,6],[54,9],[294,23]],[[12422,24163],[8,-36],[-27,-190],[8,-60],[111,-180],[44,-70],[-18,-160],[-16,-5],[-15,0],[-25,17],[-17,19],[-32,20],[-25,12],[-24,0],[-27,-19],[-30,-14],[-70,-1],[-85,17],[-78,26],[-26,16],[7,97],[55,502],[282,9]],[[86651,9073],[51,39],[48,24],[57,25],[86,10],[65,11],[32,-29],[184,-362],[-40,-33],[-48,-14],[-118,-51],[-93,-39],[-63,-44],[-82,-60],[-68,6],[-85,-13],[-8,42],[-16,71],[-6,69],[-22,69],[15,122],[32,94],[28,39],[51,24]],[[19371,20156],[185,-144],[22,-40],[42,-107],[-1,-130],[-2,-39],[-17,-62],[-36,-6],[-102,42],[-38,1],[-14,-26],[-17,-89],[-19,-24],[-17,-10],[-55,17],[-142,85],[1,45],[-35,132],[-20,62],[-46,37],[115,117],[104,87],[92,52]],[[84241,6999],[28,-18],[79,-90],[-2,-25],[-35,-57],[-21,-39],[-35,-34],[-20,-27],[-21,-38],[-64,4],[-44,6],[-47,-8],[-62,-4],[-117,-14],[-140,15],[-55,-19],[-34,-1],[-35,6],[-40,0],[-51,-12],[-52,5],[-66,16],[-73,1],[-59,5],[-51,0],[-61,12],[-179,32],[-45,32],[-7,85],[14,32],[53,48],[170,1],[83,-4],[96,-15],[90,-14],[68,-14],[68,-25],[64,-34],[79,-6],[88,-6],[140,6],[71,30],[41,49],[57,49],[96,64],[31,6]],[[11532,26589],[279,-63],[26,-27],[-14,-49],[-277,-841],[-31,-35],[-22,-8],[-73,19],[-47,21],[-6,40],[17,56],[47,278],[78,524],[6,63],[17,22]],[[28254,56607],[58,-12],[66,-22],[66,-20],[84,-32],[50,-29],[59,-24],[55,-30],[62,-30],[66,-19],[69,-24],[42,-7],[65,-15],[71,1],[221,-46],[151,-40],[37,-18],[-3,-17],[-10,-19],[-24,-12],[-18,9],[-24,13],[-35,9],[-21,-7],[-149,-197],[-31,-18],[-18,0],[-19,13],[-25,21],[-35,20],[-34,17],[-20,7],[-20,0],[-20,-2],[-30,0],[-22,12],[-12,24],[-17,22],[-23,22],[-14,24],[-18,32],[-7,34],[-5,34],[-10,19],[-56,24],[-55,18],[-45,2],[-61,29],[-46,-4],[-37,-17],[-44,-53],[-38,-27],[-90,-1],[-42,6],[-13,22],[-5,29],[-17,54],[-20,25],[-31,26],[-16,31],[-17,51],[-5,27],[0,19],[5,19],[15,17],[27,10],[33,0]],[[43379,40660],[26,36],[51,33],[24,13],[29,-7],[27,-18],[25,-2],[15,40],[47,57],[40,9],[33,-11],[17,-35],[-16,-50],[-24,-47],[18,-42],[-2,-54],[-50,-64],[-51,-39],[-30,-42],[-18,-43],[-37,-93],[-40,38],[-28,0],[-12,-42],[34,-9],[30,-1],[-21,-26],[-19,-17],[-25,-18],[-42,-28],[-67,-12],[-29,20],[-12,27],[-19,19],[-31,17],[-8,29],[8,42],[26,56],[29,46],[8,50],[-9,31],[13,42],[90,95]],[[30167,58716],[204,-133],[211,36],[5,-3],[26,-266],[13,-71],[7,-60],[0,-27],[-2,-24],[4,-28],[-5,-9],[-15,-3],[-36,3],[-84,44],[-1,11],[-3,11],[39,66],[-7,27],[-22,28],[-45,42],[-29,21],[-7,6],[-19,0],[-83,4],[-26,6],[-49,17],[-256,111],[-22,10],[-5,12],[11,19],[18,25],[37,59],[11,6],[12,1],[25,-6],[28,3],[65,62]],[[38983,40202],[29,17],[42,-5],[49,-10],[37,-7],[47,-10],[5,-61],[27,-37],[-5,-31],[41,-19],[35,-28],[-3,-33],[-18,-23],[-13,-42],[6,-48],[-36,-9],[-22,-2],[-30,-15],[-40,-18],[-21,-24],[-16,-33],[-9,-20],[0,-30],[-18,-30],[-49,-12],[-46,9],[-18,30],[-45,45],[-46,66],[-33,42],[0,38],[12,39],[31,30],[52,53],[39,66],[-11,45],[27,67]],[[30853,22048],[36,6],[30,-2],[65,-12],[87,-12],[45,-7],[68,-11],[38,-5],[39,-7],[14,-10],[2,-12],[-13,-11],[-17,-20],[-41,-21],[-34,-14],[-29,-14],[-19,-22],[-11,-20],[34,-42],[25,-18],[8,-26],[2,-27],[-1,-29],[-8,-29],[-11,-18],[-19,-13],[-25,1],[-20,6],[-31,13],[-30,16],[-25,14],[-20,14],[-20,23],[-26,16],[-28,18],[-33,21],[-39,11],[-28,9],[-34,9],[-22,8],[-25,10],[-20,10],[-10,13],[121,45],[14,14],[1,7],[-130,-49],[-21,-1],[-5,27],[6,30],[7,17],[12,18],[19,18],[13,16],[23,8],[19,10],[37,18],[30,6]],[[82728,3474],[305,83],[94,20],[22,-29],[11,-24],[7,-28],[19,-28],[16,-45],[24,-34],[33,-51],[36,-72],[20,-29],[15,-34],[-37,-6],[-18,-3],[-34,-6],[-42,-8],[-48,-12],[-212,-61],[-68,89],[-101,158],[-29,60],[-13,60]],[[45788,42363],[-6,-31],[-15,-12],[-1,-13],[-5,-16],[-3,-20],[0,-21],[5,-18],[1,-23],[15,1],[21,-12],[13,-3],[8,12],[19,14],[17,14],[34,20],[17,10],[25,17],[20,7],[18,-4],[38,-26],[34,-24],[53,-36],[117,-70],[84,-58],[15,-12],[8,-17],[0,-18],[0,-21],[-2,-27],[-2,-25],[-10,-22],[-24,-20],[-14,-9],[-20,-24],[-15,-26],[-16,-18],[-13,-8],[-20,7],[-10,9],[-16,20],[-14,14],[-16,18],[-19,18],[-19,18],[-20,19],[-14,25],[-18,21],[-19,14],[-21,15],[-18,6],[-20,2],[-30,4],[-21,4],[-35,12],[-32,22],[-7,5],[-12,15],[-19,10],[-17,9],[-11,15],[-12,14],[-11,16],[-5,14],[-5,23],[-12,-4],[-7,-12],[-6,-19],[-15,-3],[-22,15],[-6,10],[-8,24],[5,18],[5,11],[18,30],[-4,48],[-4,37],[2,19],[2,16],[5,18],[8,15],[13,9],[15,3],[20,-10],[13,-10],[15,-11],[8,-34]],[[86843,8469],[79,8],[54,-9],[29,-23],[26,-22],[18,-30],[17,-22],[39,-69],[83,-122],[126,-187],[-5,-21],[-106,-41],[-81,-23],[-23,23],[-86,74],[-190,177],[-68,64],[-46,33],[-14,36],[31,47],[37,52],[43,19],[37,36]],[[19193,18678],[21,9],[93,18],[57,-2],[89,-10],[19,-15],[-58,-180],[-51,-28],[-16,-79],[15,-22],[33,-4],[-32,-105],[-18,-66],[19,-9],[16,-7],[9,-29],[-7,-26],[-19,-19],[-53,16],[-174,46],[-39,22],[-23,21],[-21,11],[54,189],[14,56],[3,41],[18,45],[51,127]],[[18844,18841],[61,-44],[41,-33],[97,-73],[42,-35],[-33,-116],[-82,-266],[-17,-12],[-50,5],[-90,34],[-167,70],[-17,24],[8,40],[12,36],[20,36],[16,59],[16,27],[11,27],[37,13],[21,33],[-17,36],[3,19],[88,120]],[[32656,35417],[33,-3],[11,-3],[48,-37],[127,-97],[25,-22],[65,-52],[30,-10],[43,-10],[38,-13],[26,-16],[5,-19],[0,-23],[-7,-32],[8,-25],[17,-14],[23,-23],[11,-21],[4,-19],[-2,-18],[-5,-14],[-13,-13],[-15,-12],[-20,-9],[-25,-10],[-16,-1],[-20,1],[-25,10],[-28,18],[-24,15],[-32,21],[-46,27],[-36,20],[-38,19],[-31,15],[-33,11],[-66,28],[-35,11],[-47,18],[-33,13],[-33,15],[-33,10],[-22,11],[-19,24],[0,21],[46,55],[69,77],[19,23],[8,11],[13,13],[22,16],[13,13]],[[19772,57143],[28,-4],[189,-184],[37,-36],[28,-29],[55,-46],[136,-143],[-2,-22],[-103,-53],[-34,-20],[-144,42],[-9,27],[-7,93],[-26,17],[64,116],[-11,14],[-48,-50],[-44,-65],[-24,-6],[-50,9],[-141,44],[-25,26],[-16,48],[90,140],[57,82]],[[32968,54868],[32,-32],[228,-365],[-7,-22],[-144,-80],[-44,-24],[-32,-6],[-39,24],[-12,32],[-43,14],[-153,179],[-9,24],[2,27],[22,24],[10,41],[10,29],[179,135]],[[91172,7594],[27,32],[36,5],[20,0],[37,-25],[49,-47],[23,-112],[23,-71],[25,-43],[-6,-49],[-40,-33],[-151,-59],[-98,-42],[-66,-36],[-82,-56],[-17,-17],[-17,1],[5,24],[-5,21],[9,29],[9,13],[9,17],[2,38],[-13,27],[-15,32],[4,27],[9,43],[5,15],[32,70],[22,49],[47,73],[76,22],[41,52]],[[85723,1707],[-30,48],[-2,44],[107,147],[56,31],[34,11],[23,-9],[11,-21],[10,-26],[16,-32],[11,-32],[23,-38],[124,-230],[18,-52],[-2,-42],[2,-45],[-38,-8],[-139,-81],[-68,-27],[-31,11],[-16,26],[-43,105],[5,19],[240,91],[40,3],[1,19],[-43,-1],[-247,-99],[-41,100],[-13,47],[-8,41]],[[87018,8617],[17,47],[96,39],[82,32],[99,50],[96,50],[146,95],[125,105],[19,1],[42,48],[48,-66],[34,-67],[11,-30],[-3,-25],[-62,-53],[-65,-52],[-154,-107],[-68,-33],[-65,-30],[-89,-35],[-58,-11],[-77,0],[-169,-5],[-5,47]],[[4179,49258],[897,394],[112,50],[60,-11],[28,-86],[19,-451],[-68,-58],[-937,-89],[-111,251]],[[29193,38831],[10,-4],[5,-8],[4,-12],[5,-15],[8,-16],[11,-1],[7,1],[6,7],[-2,7],[-9,17],[-6,9],[-3,19],[24,17],[17,3],[22,2],[34,-1],[25,-1],[22,-2],[21,-13],[19,-19],[10,-15],[13,-23],[12,-23],[10,-15],[6,-18],[-2,-20],[-13,-21],[-22,-12],[-22,-10],[-26,-12],[-29,-12],[-30,-14],[-24,1],[-10,9],[-13,22],[-4,18],[-7,53],[-4,12],[-8,5],[-9,0],[-7,-1],[4,-17],[21,-79],[0,-21],[-6,-15],[-9,-20],[-13,-14],[-32,-18],[-20,-9],[-14,-5],[-17,-5],[-23,-2],[-26,3],[-19,7],[-26,6],[-17,3],[-18,0],[-21,0],[-37,-14],[-21,-5],[-22,5],[-17,5],[-17,6],[-26,2],[-22,-1],[-19,-1],[-24,-3],[-21,-2],[-18,-5],[-11,-10],[0,-13],[-1,-18],[-4,-20],[-14,-8],[-20,0],[-26,4],[-18,8],[-26,10],[-17,9],[-13,4],[-21,-7],[-20,-10],[-15,-12],[-20,-16],[-21,-1],[-20,4],[-16,10],[-5,14],[0,12],[0,14],[2,12],[7,17],[9,9],[15,8],[23,11],[70,18],[40,12],[23,8],[25,10],[26,11],[34,10],[27,11],[37,12],[32,10],[32,8],[19,9],[25,7],[38,12],[175,74],[34,17],[34,25]],[[30959,57118],[50,19],[72,32],[48,19],[23,3],[37,0],[58,19],[47,33],[39,-34],[121,-115],[-85,-48],[-72,-52],[-56,-38],[-31,-34],[-22,-50],[-17,-82],[-17,-33],[-35,-19],[-40,-1],[-44,11],[-79,22],[-51,20],[-38,24],[-28,10],[21,107],[11,74],[36,61],[23,35],[29,17]],[[35714,34781],[79,-3],[86,-16],[54,-22],[-14,-52],[-13,-21],[-42,-31],[22,-102],[8,-61],[0,-39],[3,-61],[4,-51],[-11,-29],[-36,-48],[-20,-37],[-28,-48],[-72,-93],[-157,32],[44,220],[93,462]],[[46841,39626],[-62,-156],[-52,-137],[-105,105],[-42,50],[-22,12],[-127,99],[-16,7],[-23,34],[1,60],[-10,17],[-42,30],[-20,33],[14,5],[62,6],[35,4],[10,38],[19,26],[52,27],[25,10],[16,-5],[23,-55],[86,-64],[62,-42],[75,-71],[41,-33]],[[32537,36927],[22,-36],[-29,-80],[22,-52],[-58,-114],[-59,-83],[-49,-85],[-56,-42],[-57,25],[-57,42],[-51,40],[-22,93],[-71,-55],[-41,100],[23,49],[71,41],[44,75],[37,33],[53,30],[79,8],[74,-52],[42,-12],[57,64],[26,11]],[[18357,26007],[9,-42],[-169,-136],[-103,-106],[-48,-52],[-22,-6],[-51,4],[-64,31],[-49,49],[-36,11],[-71,23],[-44,11],[-19,16],[-4,24],[41,134],[11,38],[15,21],[73,0],[164,-7],[161,-3],[206,-10]],[[46651,40752],[-24,-17],[-8,-10],[-9,-26],[-8,-34],[-4,-22],[-3,-31],[2,-34],[1,-24],[13,-24],[5,-33],[13,-21],[52,79],[29,41],[12,12],[13,26],[10,23],[20,14],[18,8],[27,2],[23,-2],[18,-2],[25,-5],[19,-19],[35,-52],[74,-87],[36,-37],[13,-9],[12,0],[13,2],[2,10],[-4,9],[-8,4],[-25,14],[-23,21],[-27,34],[-48,76],[-17,15],[-13,18],[-13,29],[-16,90],[-8,110],[2,21],[5,18],[12,16],[16,6],[15,8],[12,7],[-5,22],[-17,10],[-5,16],[9,13],[15,10],[19,9],[40,15],[25,9],[25,8],[18,0],[3,-9],[10,-22],[0,-32],[0,-24],[8,-8],[5,-11],[5,-15],[0,-16],[-5,-18],[-10,-13],[-9,-11],[-10,-13],[-18,-19],[-11,-23],[-2,-30],[31,-42],[26,-15],[20,-13],[8,-11],[10,-20],[0,-24],[-7,-24],[-13,-28],[-5,-27],[0,-37],[6,-31],[12,-22],[10,-9],[11,8],[5,9],[9,14],[11,26],[-16,143],[-6,18],[-7,49],[-6,80],[-5,97],[-13,25],[-8,29],[-14,88],[3,31],[15,6],[46,-62],[110,-139],[15,-24],[6,-33],[11,-113],[-7,-38],[-16,-44],[-14,-38],[5,-33],[5,-27],[0,-29],[-17,-31],[-18,-16],[-16,-5],[-23,0],[-14,-1],[-13,-10],[-7,-18],[-3,-24],[-8,-37],[-12,-26],[-53,-80],[-18,-11],[-13,-5],[-19,-10],[-19,-8],[-17,-6],[-18,-18],[-13,-21],[-7,-26],[0,-48],[-1,-42],[5,-24],[9,-25],[11,-19],[11,-19],[20,-50],[3,-33],[0,-22],[-2,-20],[-5,-40],[-8,-29],[-12,-27],[-8,-18],[-12,-13],[-13,-10],[-18,-8],[-31,0],[-18,7],[-19,15],[-19,17],[-23,17],[-18,17],[-22,26],[-67,117],[-34,39],[-20,16],[-22,18],[-26,38],[-5,21],[-1,42],[-3,25],[-14,27],[-27,49],[-10,27],[-31,29],[-20,20],[-26,19],[-61,31],[-23,11],[-15,13],[-8,13],[1,20],[23,17],[20,15],[19,22],[15,36],[28,55],[8,22],[-5,52],[0,35],[43,138],[26,22],[19,-8],[27,-7],[19,-7],[22,-7],[15,-19],[-4,-38],[-2,-14]],[[34665,34194],[222,50],[107,49],[50,32],[49,10],[65,-34],[54,-33],[49,-38],[21,-65],[37,-149],[20,-94],[15,-170],[-37,-99],[-73,-151],[-58,-43],[-52,-12],[-70,6],[-58,15],[-195,48],[-168,94],[-15,79],[-275,166],[110,175],[107,113],[95,51]],[[88143,10409],[395,17],[721,38],[-54,-55],[-68,-86],[-100,-93],[-124,-77],[-97,-66],[-136,-66],[-209,-79],[-151,-96],[-149,-114],[-99,-113],[-199,-259],[-103,-141],[-54,-33],[-47,139],[54,60],[17,50],[37,25],[80,77],[40,61],[34,60],[40,61],[11,64],[-16,80],[77,160],[47,82],[26,105],[15,138],[12,61]],[[4138,44803],[40,10],[58,4],[181,19],[668,56],[128,12],[189,10],[199,19],[27,3],[21,-3],[13,-7],[12,-14],[14,-197],[5,-39],[-6,-16],[-15,-11],[-29,-18],[-241,-20],[-623,-51],[-648,-58],[-262,-23],[-40,288],[260,25],[17,10],[32,1]],[[82378,5158],[74,108],[69,-10],[58,-10],[59,-20],[71,10],[94,25],[80,72],[36,22],[107,38],[63,47],[76,77],[82,11],[99,10],[118,-1],[120,-6],[84,-11],[71,-28],[33,-42],[-25,-36],[-43,-46],[-665,-698]],[[37458,36930],[41,12],[17,0],[15,2],[15,0],[34,-12],[40,-34],[32,-44],[22,-41],[34,-39],[37,-48],[27,-44],[32,-51],[42,-46],[45,-44],[91,-140],[47,-68],[69,-105],[22,-31],[7,-32],[-3,-29],[-12,-31],[-30,-24],[-17,-34],[2,-27],[2,-43],[-218,-203],[-25,-12],[-29,-12],[-20,-3],[-23,10],[-27,22],[-108,117],[-20,19],[13,27],[240,214],[30,56],[-9,41],[-17,20],[-22,26],[-20,34],[-24,37],[-25,26],[-20,29],[-17,20],[-22,10],[-37,-3],[-28,-21],[-32,-3],[-17,20],[-32,31],[-40,27],[-37,10],[-22,2],[-22,0],[-25,1],[-59,0],[-94,-7],[14,-12],[47,-22],[37,-29],[20,-27],[-7,-32],[-5,-38],[-1,-46],[8,-49],[-5,-43],[-18,-54],[-27,-43],[-30,-41],[-37,-53],[-18,-29],[-17,-24],[-25,2],[-32,17],[-25,24],[-24,30],[-35,38],[-39,32],[-28,32],[-41,34],[-18,29],[82,96],[15,46],[13,24],[5,29],[-8,20],[-14,19],[-18,32],[-22,14],[-15,10],[0,20],[465,412]],[[91758,6415],[-27,70],[-24,38],[-10,42],[-24,21],[-31,36],[-4,24],[50,33],[-29,25],[-20,45],[22,86],[11,87],[3,44],[12,37],[59,38],[-7,-30],[-35,-49],[127,13],[152,-53],[56,-42],[-3,-43],[-93,-64],[-85,4],[-39,-43],[100,-23],[80,21],[40,33],[44,22],[87,-26],[35,68],[-4,76],[20,50],[42,19],[80,19],[101,10],[68,10],[43,-22],[-4,-36],[-29,-23],[-57,-28],[-10,-41],[-28,-80],[0,-124],[-32,-20],[-63,-17],[-7,-27],[-8,-137],[26,-131],[1,-47],[-32,-34],[-28,-22],[-23,-18],[-5,-26],[20,-66],[-15,-47],[-27,-12],[-66,-29],[-30,-19],[-39,-5],[-81,58],[-70,66],[-44,48],[-4,30],[18,33],[-65,36],[-95,142]],[[10777,25200],[29,34],[39,49],[45,25],[83,-25],[157,-45],[99,-47],[82,-39],[46,-25],[17,-54],[41,-71],[59,-32],[107,-56],[31,-20],[-2,-44],[-17,-47],[-17,-58],[-17,-50],[-33,-123],[-19,-51],[-45,-11],[-46,-6],[-482,39],[-37,24],[-26,38],[-88,17],[-27,20],[-26,33],[-11,67],[12,198],[0,68],[46,192]],[[19422,21191],[18,7],[272,-147],[0,-21],[-15,-43],[-27,-35],[-16,-42],[-8,-37],[20,-51],[49,-80],[69,-58],[80,-28],[42,-26],[72,-56],[-6,-41],[15,-33],[21,-18],[30,4],[22,40],[30,-3],[42,-23],[67,-33],[113,-28],[57,-12],[45,-20],[5,-16],[-19,-20],[-31,-35],[-120,-98],[-274,-251],[-52,-45],[-54,-37],[-12,-46],[-35,-75],[-15,-34],[-27,-5],[0,75],[-5,39],[-12,47],[-19,53],[-42,87],[-13,26],[-27,32],[-37,46],[-22,36],[-101,90],[-15,17],[0,25],[46,26],[31,31],[5,32],[-12,55],[-15,27],[-37,55],[-64,64],[-99,72],[-69,33],[-15,21],[30,78],[47,131],[87,248]],[[91903,4269],[35,-12],[7,-13],[13,-21],[-1,-25],[-2,-38],[-13,-51],[-17,-56],[-8,-43],[-13,-44],[-25,-38],[-22,-29],[-42,-41],[-40,-24],[-10,2],[-34,13],[-37,0],[-20,-22],[-18,-51],[17,-29],[27,-17],[8,-31],[-111,-276],[-27,-43],[-23,-37],[-32,-24],[-17,-14],[-27,-14],[-35,-10],[-12,-10],[-35,-24],[-30,-24],[-10,-21],[-20,-12],[-62,-7],[-32,2],[-34,8],[-15,14],[-27,17],[-15,20],[-17,22],[-22,31],[-10,34],[-22,47],[-27,14],[-30,0],[-24,0],[-44,23],[-40,2],[-27,17],[-10,27],[17,21],[13,15],[20,14],[22,5],[15,2],[37,0],[44,22],[55,55],[35,109],[28,164],[-2,44],[15,36],[40,41],[102,84],[39,39],[45,22],[50,16],[44,15],[27,9],[20,12],[47,26],[40,10],[74,4],[77,17],[128,26]],[[91304,3628],[82,-34],[39,-22],[37,-3],[15,12],[3,15],[-3,19],[-19,17],[-18,17],[-66,29],[-30,5],[-25,-14],[-10,-14],[-5,-27]],[[91586,4043],[69,-25],[30,-14],[39,-13],[22,-2],[25,17],[0,21],[-20,15],[-41,25],[-30,14],[-39,8],[-23,0],[-10,-10],[-22,-36]],[[89825,10680],[69,-69],[75,-31],[23,-43],[-42,-231],[-3,-629],[-40,-11],[-59,-10],[-60,-19],[-50,22],[-43,-3],[-88,-29],[-82,-33],[-56,-22],[-65,28],[-76,31],[-106,205],[79,85],[114,152],[410,607]],[[91390,6264],[36,48],[28,13],[64,26],[73,26],[54,-3],[34,-8],[23,-26],[24,-49],[90,-147],[132,-145],[95,-83],[17,-30],[10,-41],[-1,-48],[-32,-47],[-121,-78],[-136,-85],[-56,-12],[-41,-3],[-74,17],[-44,7],[-32,21],[-25,33],[-24,48],[-14,34],[1,27],[6,40],[19,88],[-10,9],[-45,-13],[-39,-3],[-40,11],[-22,23],[-23,36],[-59,6],[-42,5],[-32,-5],[-28,-11],[-23,-36],[-25,-30],[-26,-19],[-31,7],[-27,5],[-29,27],[-34,31],[-23,28],[-23,24],[-35,37],[-31,41],[-6,33],[18,17],[25,0],[34,-23],[73,-69],[39,-47],[26,-15],[39,-2],[31,36],[3,38],[-39,59],[-42,41],[0,28],[25,16],[88,44],[61,21],[50,15],[42,16],[74,-4]],[[33378,46045],[60,45],[45,-1],[39,12],[60,-9],[28,-33],[73,-133],[14,-36],[-6,-39],[-19,-44],[-18,-56],[-170,-182],[-48,-44],[-48,-44],[-100,-138],[-210,-221],[-54,-58],[-61,-62],[-30,21],[9,80],[-6,71],[1,84],[-20,45],[-33,50],[-26,49],[-5,42],[-6,83],[-8,69],[8,38],[18,40],[48,2],[60,-9],[70,6],[37,41],[20,64],[20,64],[11,30],[19,11],[14,7],[25,3],[-21,65],[-28,50],[-31,25],[-11,24],[2,62],[8,32],[10,27],[14,16],[21,11],[26,3],[29,-2],[40,-36],[37,-47],[25,-22],[26,-16],[42,-40]],[[11905,34093],[927,-421],[2,-39],[-168,-332],[-18,-6],[-955,433],[-3,24],[215,341]],[[7159,44730],[37,-15],[-6,-306],[-223,-21],[-1052,-79],[-42,0],[-27,7],[-25,10],[-27,240],[10,27],[8,16],[25,20],[1122,87],[200,14]],[[98210,13579],[54,8],[59,8],[30,28],[2,77],[48,36],[42,0],[57,-14],[62,-9],[82,-23],[2,-36],[5,-36],[10,-38],[-4,-51],[25,-66],[5,-72],[-24,-83],[-14,-45],[6,-44],[7,-31],[-7,-75],[-28,-71],[-25,-37],[-42,-48],[-42,-47],[-42,-48],[-35,-61],[-56,-61],[-42,-55],[-22,-47],[-16,-39],[-27,-24],[-35,-10],[-30,1],[-47,-12],[-32,-17],[-27,-39],[-40,5],[-22,18],[1,47],[21,58],[14,47],[32,67],[7,72],[4,51],[18,54],[14,66],[22,190],[-20,130],[-22,72],[-28,72],[-14,58],[15,36],[48,19],[51,19]],[[86894,300],[-23,23],[-58,48],[-46,29],[-41,21],[-66,44],[-121,95],[-146,150],[-25,51],[48,58],[59,72],[-17,15],[-96,-109],[-29,-12],[-48,17],[-43,14],[-48,27],[-34,29],[-21,24],[-17,18],[-11,34],[-15,45],[-6,47],[-6,44],[-10,40],[-16,28],[-17,37],[-24,21],[-27,13],[-16,16],[-11,26],[-12,34],[-14,39],[152,86],[33,6],[15,12],[21,-8],[5,-51],[13,-43],[16,-60],[23,-57],[31,-47],[32,-35],[33,-31],[56,-63],[180,-189],[39,-39],[182,-195],[137,-135],[73,-90],[85,-67],[71,-33],[107,-23],[124,-20],[144,-20],[93,-20],[124,-14],[17,-39],[2,-50],[-11,-45],[-10,-49],[-41,-19],[-65,6],[-76,11],[-59,3],[-63,12],[-33,33],[-48,50],[-54,9],[-46,15],[-62,7],[-69,28],[-43,23],[-36,8],[-40,23],[-36,27],[-59,45]],[[88020,9461],[44,-36],[48,-112],[54,-110],[19,-49],[-221,-157],[-33,-21],[-26,8],[-22,29],[-35,51],[-8,20],[-8,63],[3,47],[15,25],[16,25],[154,217]],[[45282,42796],[34,-11],[11,-22],[23,-50],[5,-44],[20,-45],[25,-38],[25,-31],[34,-33],[26,-20],[50,-16],[26,-1],[40,0],[26,-1],[33,-9],[15,-9],[8,-16],[-2,-23],[-15,-44],[-26,-42],[-37,-2],[-35,11],[-56,42],[-26,9],[-23,-6],[-38,-36],[-36,-48],[-17,-4],[-12,13],[-238,325],[20,21],[38,12],[20,25],[22,35],[26,31],[34,27]],[[90786,12495],[36,21],[38,-5],[113,13],[9,16],[-48,25],[-29,27],[-6,27],[24,13],[4,20],[10,15],[23,1],[23,2],[23,16],[38,-31],[87,-112],[96,-114],[3,-18],[-109,-70],[-28,-24],[-112,6],[-43,2],[-54,-8],[-46,1],[-37,13],[-17,102],[2,62]],[[35574,35330],[25,-4],[21,-13],[21,-27],[30,-15],[45,-33],[218,-300],[47,-60],[-49,-70],[-132,0],[-66,5],[-153,327],[-34,83],[-19,48],[46,59]],[[21501,56787],[21,18],[16,-2],[105,-57],[45,-31],[30,-21],[10,-14],[-15,-37],[-77,-50],[-34,-43],[-77,-85],[-43,-43],[-39,-44],[-25,-38],[-13,-5],[-10,8],[-124,135],[-60,66],[-2,17],[62,25],[77,23],[46,33],[64,46],[19,39],[24,60]],[[89770,11231],[-12,55],[0,53],[0,71],[-1,54],[1,56],[138,16],[68,-59],[40,-22],[47,-14],[60,-46],[11,-40],[-13,-48],[-32,-42],[-37,-14],[-73,-32],[-162,-13],[-35,25]],[[31397,56977],[57,-6],[30,3],[24,14],[33,18],[22,1],[30,8],[19,-25],[66,-66],[19,-39],[-8,-42],[-23,-30],[-37,-36],[-59,-77],[-37,-33],[-34,-39],[-31,-27],[-75,39],[-84,45],[-62,30],[-26,7],[-12,25],[0,56],[7,36],[23,39],[26,27],[22,28],[26,17],[33,7],[51,20]],[[78011,7388],[41,-34],[-5,-60],[81,-86],[-8,-141],[-5,-93],[-85,28],[-67,59],[-88,39],[-58,5],[-37,18],[-13,138],[78,36],[29,27],[52,33],[23,-17],[12,24],[50,24]],[[13656,23070],[5,-47],[8,-20],[12,-19],[20,-39],[56,-87],[27,-17],[37,-20],[25,-21],[12,-29],[-17,-25],[-57,-3],[-58,4],[-83,7],[-43,19],[-83,57],[-20,42],[-86,88],[-24,40],[-19,41],[8,25],[29,17],[33,7],[91,-2],[61,-3],[43,0],[23,-15]],[[16302,19937],[22,-10],[59,-41],[25,-24],[32,-17],[178,-10],[22,-4],[-4,-39],[-17,-109],[-16,-75],[-28,-10],[-23,-68],[-11,-35],[-3,-16],[-41,3],[-40,2],[-42,10],[-39,9],[-42,7],[-19,13],[-12,15],[-27,116],[-19,138],[9,38],[36,107]],[[42182,42028],[13,27],[18,11],[25,7],[63,-2],[75,-2],[33,-8],[-3,-20],[-170,-97],[-15,-21],[-10,-26],[7,-65],[67,-244],[34,-86],[22,-116],[17,-72],[8,-64],[11,-58],[-6,-94],[-45,-42],[-57,1],[-20,33],[-14,66],[1,81],[-3,80],[-5,88],[-6,70],[3,49],[5,66],[-10,89],[-14,59],[-23,169],[-1,121]],[[82746,5647],[24,-2],[60,-29],[46,-34],[83,-56],[59,-58],[17,-25],[1,-12],[-8,-8],[-39,-13],[-60,-27],[-55,-27],[-61,-52],[-24,-23],[-38,-18],[-45,-9],[-55,-4],[-19,6],[-64,18],[-102,13],[9,20],[54,72],[31,39],[30,39],[79,101],[46,47],[31,42]],[[34898,23772],[99,110],[322,-299],[88,101],[55,-38],[-74,-81],[-57,-75],[-44,-65],[-60,17],[-320,294],[-9,36]],[[46719,41446],[1,30],[-3,16],[-5,18],[-1,22],[-8,24],[-5,20],[-2,27],[10,12],[30,-2],[31,-12],[95,-121],[63,-78],[108,-138],[8,-18],[0,-16],[-3,-8],[-20,-17],[-12,-8],[-18,-8],[-25,-15],[-21,-13],[-22,-13],[-51,-20],[-28,3],[-23,10],[-16,14],[-15,23],[-12,19],[-14,25],[-10,22],[-13,46],[-31,45],[-13,16],[-9,19],[-1,12],[3,17],[18,17],[14,30]],[[82566,3662],[53,39],[88,61],[43,52],[48,19],[36,25],[42,29],[24,-1],[19,-30],[22,-39],[19,-37],[35,-46],[34,-45],[37,-47],[12,-16],[33,-26],[-412,-119],[-102,109],[-14,37],[-17,35]],[[35152,25846],[227,-182],[-185,-241],[-164,106],[-26,39],[35,122],[113,156]],[[28912,55671],[35,26],[20,-5],[9,-17],[13,-29],[9,-92],[18,-44],[24,-43],[22,-34],[32,-66],[13,-39],[6,-57],[-2,-103],[-14,-25],[-28,-14],[-68,9],[-69,26],[-31,17],[-18,54],[-7,39],[-10,87],[-9,22],[5,31],[10,36],[7,37],[15,58],[3,36],[5,46],[10,44]],[[35460,34090],[63,5],[87,-14],[148,-41],[-6,-37],[-61,-88],[-65,-108],[-29,-42],[-29,-57],[-56,-89],[-76,17],[-17,56],[32,113],[-5,257],[14,28]],[[5465,48978],[712,72],[26,-22],[-30,-396],[-34,-10],[-611,-41],[-61,7],[-24,347],[22,43]],[[78564,7084],[-66,26],[-124,111],[15,70],[61,116],[-19,151],[68,138],[7,14],[81,-47],[51,-48],[-72,-90],[5,-66],[23,-111],[14,-105],[31,-66],[104,-74],[92,-26],[10,-25],[-33,-19],[-71,13],[-103,-12],[-74,50]],[[29442,58807],[11,6],[331,-107],[17,-9],[5,-12],[10,-217],[-5,-26],[-15,-2],[-169,72],[-18,17],[-17,15],[-145,74],[-15,12],[-3,19],[13,158]],[[9182,44822],[24,0],[30,-25],[13,-29],[-17,-44],[-34,-29],[-137,-318],[-23,-96],[40,-66],[42,-92],[-101,-79],[31,-43],[-52,-28],[-36,-21],[-30,-18],[-24,-19],[-28,-26],[-54,-45],[-27,-5],[-22,5],[-21,36],[-8,24],[7,27],[27,18],[22,19],[23,9],[13,20],[208,532],[75,177],[2,15],[23,72],[16,20],[18,9]],[[19365,19227],[-9,76],[10,0],[59,-3],[25,-15],[72,-34],[43,-35],[36,-102],[38,-108],[-4,-78],[-50,-121],[-18,-3],[-13,-16],[-27,4],[-10,5],[-16,24],[-35,13],[-42,-4],[-59,50],[-53,51],[-44,16],[-2,39],[0,38],[28,41],[44,-19],[27,17],[19,12],[22,40],[5,50],[14,25],[-16,24],[-44,13]],[[28556,41876],[30,-9],[47,-7],[146,-38],[77,-20],[-76,-245],[-26,-59],[-10,-40],[-27,-4],[-36,4],[-48,11],[-61,11],[-62,18],[-29,45],[-4,57],[13,65],[34,123],[17,63],[15,25]],[[89597,7667],[35,-4],[21,-18],[41,-29],[195,-153],[8,-31],[-25,-41],[-43,-31],[-56,-32],[-165,-123],[-34,-9],[-29,42],[23,379],[14,33],[15,17]],[[28695,42212],[86,-21],[215,-46],[-65,-180],[-52,-120],[-99,18],[-141,38],[-46,11],[15,54],[11,34],[29,93],[47,119]],[[23009,52825],[-9,25],[-6,22],[0,13],[13,35],[14,30],[8,17],[21,15],[13,0],[3,-15],[8,-13],[11,-18],[16,-16],[23,-11],[28,-19],[38,-25],[19,-30],[17,-23],[13,-28],[17,-20],[12,-24],[19,-58],[11,-25],[18,-42],[56,-196],[20,-89],[5,-69],[-31,-39],[-26,-6],[-31,37],[-16,47],[-91,182],[-85,175],[-36,49],[-72,119]],[[19809,19126],[37,-3],[145,-6],[25,-8],[10,-9],[0,-20],[-5,-22],[-13,-36],[-18,-74],[-20,-70],[-25,-65],[-45,-18],[-24,-2],[-25,1],[-22,-43],[-52,-16],[-90,16],[-11,17],[37,95],[13,68],[64,166],[19,29]],[[28305,41418],[34,-1],[12,-3],[17,-6],[22,-9],[34,-11],[209,-85],[24,-12],[13,-9],[14,-13],[4,-13],[0,-24],[-4,-41],[-7,-37],[-2,-27],[-10,-21],[-27,-8],[-18,3],[-21,4],[-29,1],[-21,0],[-33,1],[-33,3],[-133,36],[-8,1],[-13,11],[-10,11],[-7,12],[-2,16],[0,13],[0,18],[0,20],[-1,27],[-1,65],[-3,78]],[[33331,36449],[33,34],[50,69],[26,37],[17,22],[34,20],[122,115],[99,101],[25,26],[20,22],[48,81],[15,14],[13,6],[18,4],[13,-4],[17,-8],[5,-13],[-50,-156],[-12,-19],[-16,-21],[-14,-17],[-23,-20],[-23,-16],[-24,-12],[-32,-24],[-21,-20],[-27,-35],[-47,-85],[-17,-39],[-15,-45],[-9,-42],[-16,-43],[-17,-24],[-23,-16],[-21,0],[-39,1],[-17,2],[-26,10],[-8,29],[-18,28],[-13,19],[-27,19]],[[10206,23604],[25,-27],[12,-16],[10,-15],[32,-30],[12,-6],[20,17],[15,16],[13,17],[10,22],[32,12],[10,-7],[12,-24],[-7,-34],[-26,-36],[-83,-57],[-13,-35],[-168,-158],[-43,-28],[-40,-1],[-115,-1],[-74,26],[-14,21],[86,80],[118,109],[10,10],[40,22],[30,24],[27,29],[22,36],[47,34]],[[32214,54995],[45,19],[29,0],[22,-19],[242,-316],[-25,-25],[-26,-36],[-11,-31],[5,-41],[-11,-36],[-17,-22],[-17,-36],[-49,-28],[-60,-16],[-30,-1],[-37,29],[-73,61],[-62,56],[-31,24],[-45,20],[-50,17],[-39,29],[-51,31],[-75,33],[-72,37],[-55,24],[-75,31],[-63,28],[-56,21],[-68,33],[-89,43],[-67,41],[-31,23],[13,58],[11,44],[-14,55],[-62,280],[-17,50],[12,44],[28,44],[32,53],[167,265],[43,55],[40,30],[31,53],[100,150],[39,61],[23,16],[31,8],[23,0],[39,-19],[65,-34],[51,-39],[37,-27],[0,-20],[-14,-36],[-40,-60],[-51,-72],[-23,-55],[-23,-42],[-23,-36],[-8,-63],[19,-122],[36,-105],[46,-61],[48,-39],[50,-42],[23,-38],[36,-106],[23,-20],[17,-47],[59,-83],[45,-64],[30,-29]],[[5631,46397],[1290,120],[18,-11],[82,-329],[8,-41],[-2,-27],[-18,-20],[-51,-4],[-1281,-102],[-8,212],[-38,202]],[[20590,56454],[-96,75],[-85,58],[-97,91],[-33,24],[-43,53],[-78,81],[-61,67],[-66,72],[-36,31],[13,18],[162,120],[20,-3],[358,-300],[807,-727],[6,16],[-57,62],[-877,774],[-215,195],[-33,20],[-26,0],[-21,14],[-775,761],[21,51],[23,113],[2,18],[5,11],[10,12],[8,3],[17,-8],[237,-237],[11,-21],[17,-16],[1,-10],[0,-14],[13,-18],[51,-60],[27,-14],[34,-2],[37,-39],[27,-48],[94,-99],[35,-29],[57,-60],[22,-24],[60,-57],[35,-43],[43,-38],[26,9],[83,-66],[53,29],[65,16],[22,-14],[909,-1008],[76,-77],[22,-29],[42,-69],[75,-117],[91,-138],[33,-38],[-3,-32],[-81,-54],[-113,-95],[-40,-17],[-73,79],[-54,51],[-78,85],[-127,155],[-64,79],[-27,29],[-60,40],[-88,40],[-92,58],[-143,118],[-108,93]],[[10357,25682],[9,-30],[-9,-63],[-22,-79],[-70,-202],[-21,-23],[-23,-17],[-34,3],[-45,56],[-20,25],[-19,16],[-58,6],[-25,-37],[-10,-38],[-34,-65],[-52,23],[-77,51],[-79,80],[-29,10],[-16,-19],[12,-26],[3,-34],[0,-49],[14,-48],[56,-5],[65,-14],[34,-17],[68,-30],[48,-36],[37,-28],[11,-40],[24,-10],[-11,-33],[-46,-15],[-8,-61],[-1,-22],[37,-38],[49,-50],[14,-32],[-10,-34],[-14,-23],[-24,-16],[-29,-17],[-16,-33],[17,-45],[17,-23],[8,-27],[-1,-17],[-8,-34],[-35,-28],[-32,0],[-26,3],[-35,-6],[-12,-20],[-26,-34],[-32,-3],[-29,40],[3,29],[6,39],[-23,23],[-27,-9],[-25,-8],[-41,-14],[-17,-31],[0,-23],[0,-31],[26,-28],[20,-15],[15,-38],[2,-38],[-9,-26],[-50,-18],[-52,-7],[-62,9],[-30,2],[-29,-17],[-35,6],[-43,17],[-41,3],[-40,6],[-39,11],[-51,15],[-23,51],[-61,51],[-26,57],[-34,74],[-58,57],[-46,102],[12,69],[45,103],[32,74],[17,83],[14,50],[43,58],[14,83],[44,24],[3,54],[20,45],[64,108],[15,34],[17,68],[50,22],[35,0],[23,9],[11,37],[1,42],[32,60],[49,22],[46,29],[41,11],[75,14],[108,14],[52,-9],[72,-25],[70,-32],[34,-62],[18,-43],[44,10],[83,18],[60,9],[26,-4],[35,-16]],[[11691,26943],[-55,47],[-47,57],[-25,52],[-13,76],[0,80],[-5,77],[12,141],[12,60],[23,7],[182,-42],[40,3],[49,125],[39,6],[466,-138],[87,-56],[31,-68],[273,-175],[22,-28],[-133,-420],[-73,-215],[-35,-67],[-20,-63],[-34,-22],[-460,107],[-40,14],[-159,44],[-265,57],[12,68],[13,35],[22,31],[55,61],[26,146]],[[3247,49943],[30,30],[504,526],[128,-275],[4,-51],[-220,-236],[-739,-802],[-20,-15],[-22,0],[-23,7],[-22,15],[-27,24],[-27,25],[-20,50],[-35,95],[-17,29],[-2,19],[12,34],[496,525]],[[37368,40565],[-134,121],[-342,393],[181,527],[110,39],[144,36],[153,1],[-6,-133],[22,-45],[46,-15],[-25,-117],[52,-28],[-62,-186],[41,-22]],[[2675,45744],[24,-11],[17,-25],[159,-353],[7,-23],[1,-17],[-1,-17],[-5,-14],[-14,-16],[-18,-18],[-16,-18],[-27,-17],[-28,-28],[-40,-37],[-56,-63],[-44,-32],[-20,-23],[-58,-58],[-46,-57],[-99,-104],[-38,-25],[-22,-21],[-33,-49],[-12,-15],[-19,-13],[-30,-30],[-25,-46],[-122,-103],[-18,-34],[-116,-124],[-64,-51],[-53,-5],[-63,4],[-206,179],[-18,23],[56,78],[73,112],[351,388],[157,162],[24,19],[15,10],[18,11],[23,13],[9,14],[6,28],[371,406]],[[7099,45615],[32,-11],[7,-11],[7,-18],[14,-102],[-8,-40],[-12,-18],[-21,-6],[-150,-13],[-1065,-85],[-3,-14],[1,-9],[1064,84],[158,14],[8,-2],[16,-6],[12,-8],[10,-15],[11,-22],[12,-105],[-4,-23],[-6,-14],[-32,-10],[-188,-16],[-1167,-96],[-21,5],[-22,10],[-49,382],[11,35],[1252,113],[133,1]],[[19387,26290],[-28,-51],[-19,-128],[35,-133],[-56,-215],[31,-79],[-67,-140],[-38,-106],[-8,-152],[-150,8],[-130,29],[-359,126],[-95,40],[-9,81],[-7,54],[52,68],[-15,44],[15,65],[35,25],[51,-9],[28,12],[-2,110],[24,30],[68,90],[56,27],[102,-6],[31,52],[24,19],[41,-18],[39,-2],[21,31],[5,77],[5,25],[75,87],[36,17],[209,-78]],[[86076,1797],[28,7],[79,-13],[82,-21],[80,-16],[87,-50],[133,-72],[121,-8],[161,-14],[68,17],[68,44],[74,38],[45,19],[76,5],[25,-25],[7,-30],[20,-26],[25,-61],[4,-28],[13,-42],[168,-338],[-70,-27],[-156,-48],[-152,-52],[-99,-30],[-89,-37],[-76,-34],[-35,-15],[-39,39],[-33,14],[-31,25],[-32,16],[-41,-3],[-55,-26],[-23,-8],[-49,54],[-57,50],[-72,72],[-50,69],[-26,51],[-11,80],[-13,88],[-17,75],[-67,125],[-45,84],[-26,52]],[[13149,20045],[22,4],[26,-10],[24,-10],[30,-7],[23,-8],[34,0],[30,-1],[18,-7],[29,-10],[54,-16],[26,-9],[38,-1],[67,2],[29,-11],[47,-13],[59,1],[82,24],[52,11],[23,-14],[29,-14],[33,-30],[8,-32],[15,-113],[10,-39],[10,-29],[27,-17],[25,0],[30,4],[24,10],[23,10],[32,14],[34,15],[30,12],[37,9],[32,0],[28,-2],[27,-5],[10,-20],[12,-31],[7,-298],[-6,-160],[-12,-22],[-12,-6],[-27,3],[-75,21],[-99,29],[-82,20],[-54,7],[-107,8],[-168,44],[-191,66],[-297,112],[-25,21],[-15,24],[-12,27],[-25,5],[-22,-7],[-35,-7],[-45,3],[-61,18],[-1,14],[63,192],[112,219]],[[4324,46445],[1081,76],[69,6],[45,-4],[16,-47],[22,-279],[0,-79],[-39,-69],[-114,-14],[-1500,-125],[-28,3],[-9,72],[457,460]],[[88214,10633],[32,5],[76,-3],[318,391],[80,72],[37,13],[67,-3],[-11,-39],[-6,-49],[0,-45],[11,-33],[52,-360],[17,14],[-46,365],[11,72],[34,47],[18,30],[79,11],[434,22],[247,16],[-48,-168],[-36,-80],[-82,-144],[-103,-118],[-93,-124],[-49,-25],[-938,-59],[-90,-8],[-68,14],[3,45],[34,96],[20,45]],[[4637,46525],[136,153],[134,144],[31,-67],[17,-208],[-318,-22]],[[1530,47493],[15,-10],[100,-91],[71,-75],[44,-49],[-14,-17],[-32,-42],[-95,-99],[-36,-34],[-48,-41],[-100,-115],[-52,-58],[-20,-21],[-36,8],[-168,149],[-43,41],[3,14],[18,21],[45,47],[157,164],[88,106],[43,48],[60,54]],[[3216,48700],[148,-296],[33,-254],[-7,-15],[-263,-302],[-81,43],[-26,67],[-2,186],[-32,301],[8,22],[222,248]],[[5529,46015],[28,-24],[29,-41],[20,-197],[-5,-152],[-17,-42],[-30,-19],[-150,-9],[-753,-65],[-296,-21],[-309,-26],[-34,-3],[-12,10],[-102,212],[-13,134],[-5,82],[8,24],[25,10],[1491,121],[125,6]],[[4730,44513],[22,-7],[28,5],[17,4],[39,5],[119,10],[87,11],[55,-1],[24,-6],[3,-18],[-6,-12],[70,-641],[57,-315],[23,-126],[0,-16],[4,-21],[-14,-11],[-18,-10],[-48,-4],[-62,-7],[-80,-5],[-25,4],[-37,-1],[-39,-4],[-232,-22],[-25,-9],[-30,7],[-18,19],[-2,10],[-8,21],[-23,177],[-11,81],[-5,35],[0,46],[-26,172],[-21,88],[-20,74],[-80,349],[-11,52],[-5,21],[-2,14],[17,5],[33,6],[87,7],[50,6],[72,7],[41,0]],[[4766,44491],[-10,-11],[2,-37],[53,-266],[14,-77],[22,-76],[41,-133],[15,-65],[13,-33],[27,2],[15,11],[6,16],[-8,33],[-6,21],[-72,271],[-10,31],[-2,30],[-22,110],[-30,102],[-8,47],[-8,20],[-19,8],[-13,-4]],[[4972,43770],[-18,4],[-16,-6],[-8,-7],[17,-122],[13,-89],[18,-162],[14,-23],[23,-4],[17,12],[0,32],[-7,37],[-13,108],[-28,193],[-12,27]],[[9817,23092],[53,-17],[74,-29],[110,6],[53,4],[49,-6],[58,-12],[64,-10],[41,-24],[74,-61],[47,-12],[32,9],[12,-18],[-7,-40],[-21,-51],[-24,-29],[-13,-57],[-3,-42],[-66,-138],[-44,-70],[-48,-90],[-14,-63],[8,-37],[33,-43],[32,-34],[30,-33],[14,-37],[-2,-46],[-18,-51],[-27,-41],[-60,-37],[-66,-8],[-35,4],[-56,15],[-33,14],[-53,12],[-30,-8],[-19,-66],[-19,-37],[-57,-7],[-36,12],[0,46],[5,63],[-23,36],[-30,23],[-61,22],[-54,-2],[-44,-32],[-28,6],[-20,43],[-82,41],[-42,34],[-38,33],[-8,31],[70,88],[171,204],[24,63],[67,269],[19,193],[17,8],[24,9]],[[5552,45515],[40,-1],[22,-16],[17,-30],[24,-349],[6,-46],[-4,-21],[-28,-17],[-226,-19],[-107,-7],[-348,-28],[-356,-31],[-304,-27],[-34,1],[-33,16],[-16,21],[-52,115],[-118,265],[-2,22],[9,19],[18,10],[1343,111],[149,12]],[[7288,44530],[17,149],[-40,368],[13,15],[15,8],[26,8],[104,9],[36,-2],[14,-5],[188,-159],[347,-1289],[-355,-21],[-100,744],[6,150],[-43,10],[4,-155],[108,-759],[-365,-16],[-57,344],[-3,20],[0,29],[3,32],[82,520]],[[86358,2793],[30,9],[87,-36],[47,-31],[118,-140],[51,-149],[86,-154],[101,-95],[116,-66],[34,-54],[30,-58],[47,-102],[16,-42],[-17,-48],[-38,-5],[-57,-32],[-40,-42],[-12,-40],[-40,-27],[-43,-27],[-69,-5],[-90,7],[-77,0],[-76,17],[-84,45],[-93,41],[-54,28],[-101,23],[-102,9],[-55,16],[-33,25],[-21,37],[-13,33],[-6,47],[1,34],[9,39],[8,29],[32,75],[37,35],[5,29],[83,173],[33,48],[47,87],[49,102],[32,131],[22,34]],[[89943,7387],[42,0],[57,-27],[73,-37],[88,-53],[90,-55],[115,-59],[113,-59],[165,-88],[18,-26],[-5,-31],[-157,-57],[-34,-19],[17,-67],[39,-80],[18,-73],[-27,-46],[-37,-36],[-20,-34],[-6,-41],[17,-42],[13,-41],[-62,-26],[-50,-24],[-44,-31],[-56,-57],[-51,-35],[-34,-9],[-29,6],[-48,55],[-53,62],[-36,67],[-51,64],[-47,62],[-37,58],[-3,75],[-30,0],[-51,-3],[-76,70],[-109,125],[-43,50],[-19,55],[-22,47],[-3,45],[5,26],[21,32],[306,241],[43,16]],[[5746,44921],[18,36],[10,4],[13,4],[80,6],[198,17],[158,10],[287,15],[65,5],[69,8],[324,29],[128,10],[43,0],[15,-3],[42,-279],[-234,-21],[-347,-30],[-604,-55],[-163,-8],[-25,2],[-20,5],[-8,6],[-5,13],[-5,19],[-8,9],[-11,19],[-9,23],[-11,156]],[[27715,56210],[-5,45],[-10,27],[-2,38],[-7,29],[-10,51],[-17,46],[-17,63],[-18,41],[-32,34],[-46,124],[-8,41],[-7,25],[-5,31],[0,27],[30,24],[244,-32],[75,-13],[14,-34],[-1,-36],[1,-41],[1,-97],[12,-56],[24,-97],[15,-89],[19,-137],[5,-37],[0,-34],[2,-43],[18,-34],[39,-20],[20,-9],[12,-34],[10,-49],[12,-60],[34,-109],[18,-34],[24,-73],[8,-39],[4,-46],[15,-65],[6,-87],[7,-163],[-11,-141],[-7,-85],[-20,-75],[-89,0],[-26,10],[-5,45],[20,102],[5,188],[3,73],[-10,73],[-24,97],[-39,84],[-64,93],[-50,70],[-22,17],[-37,53],[-34,61],[-15,70],[-59,187]],[[83076,4618],[91,-83],[23,-31],[137,-144],[3,-30],[-13,-21],[-24,-29],[-46,-17],[-68,-13],[-57,-17],[-68,-39],[-50,-32],[-4,-47],[-11,-31],[-21,-28],[-28,-33],[-46,-24],[-30,-31],[-30,-36],[-48,-40],[-119,-100],[-78,-52],[-51,-38],[-43,-3],[-149,181],[-8,47],[34,41],[57,55],[406,366],[241,229]],[[18872,27437],[16,35],[22,-22],[20,-100],[1,-65],[-106,-39],[-14,12],[-17,78],[-20,135],[98,-34]],[[89074,9640],[-40,48],[54,11],[10,41],[92,71],[32,-35],[110,-188],[42,-9],[44,-15],[65,-17],[64,24],[52,21],[62,19],[42,17],[43,-8],[45,-11],[36,14],[47,14],[69,9],[-12,-52],[11,-30],[-2,-41],[-3,-44],[-15,-30],[-31,-49],[-34,-28],[-24,-24],[-13,-19],[-58,-62],[-139,-173],[-44,-78],[-70,-24],[-69,15],[-65,28],[-31,39],[-39,31],[-45,39],[-35,46],[-25,77],[-5,68],[5,54],[-30,92],[-28,52],[-46,65],[-22,42]],[[82827,5674],[21,29],[99,43],[70,26],[62,19],[82,28],[119,52],[105,47],[76,24],[68,22],[80,30],[17,-9],[23,-24],[33,-13],[36,20],[25,-8],[46,-14],[42,-3],[34,-19],[7,-35],[44,-29],[21,-36],[21,-38],[-17,-38],[-35,-60],[-25,-72],[-27,-66],[-38,-63],[-31,-2],[-78,51],[-77,19],[-61,4],[-49,5],[-71,10],[-66,-3],[-107,-11],[-64,4],[-46,-14],[-57,-47],[-51,-40],[-59,57],[-72,58],[-48,38],[-52,58]],[[84494,7575],[-20,67],[-36,65],[-8,30],[-7,32],[4,16],[26,4],[11,12],[13,23],[19,16],[27,11],[31,6],[28,15],[44,20],[48,19],[25,2],[21,10],[22,10],[109,72],[25,18],[15,0],[26,-6],[12,-17],[16,-8],[22,2],[196,-86],[-40,-28],[-132,-101],[-23,-18],[-20,-15],[-26,12],[-34,11],[-30,-2],[-44,-15],[-35,-13],[-51,-8],[-29,-6],[-24,2],[-127,53],[-13,-10],[8,-16],[131,-48],[42,7],[38,5],[40,9],[47,13],[43,1],[40,-10],[-5,-19],[-15,-33],[-47,-78],[-79,-138],[-137,-193],[-77,-113],[-182,-229],[-33,-4],[-52,65],[-70,51],[-89,44],[-10,24],[5,26],[92,80],[57,52],[85,64],[82,59],[58,43],[4,26],[-8,50],[-9,67]],[[88637,9955],[108,47],[218,120],[148,108],[176,184],[105,138],[24,19],[181,220],[57,89],[80,-31],[44,-36],[16,-20],[-177,-275],[-194,-7],[0,-23],[164,-1],[2,-36],[-82,-129],[-103,-160],[-45,-11],[-14,-47],[-171,-190],[-98,111],[-57,47],[-33,25],[-12,-22],[29,-34],[31,-28],[26,-31],[36,-19],[39,-39],[20,-50],[-69,-57],[-62,-33],[-43,-46],[-77,-61],[-65,-22],[-62,70],[-70,91],[-64,89],[-6,50]],[[10650,26837],[1,29],[21,29],[38,-11],[116,-23],[223,-55],[59,-36],[9,-33],[-15,-64],[-31,-102],[-62,-195],[-25,-75],[-38,-192],[-27,-117],[-51,-105],[-28,-18],[-54,-20],[-64,-15],[-76,-8],[-5,46],[6,28],[24,59],[-15,81],[-51,109],[-52,45],[-28,34],[-8,89],[5,37],[16,35],[33,42],[18,61],[17,65],[14,57],[25,80],[8,67],[-3,76]],[[92225,4253],[34,-39],[27,-27],[22,-27],[32,-14],[30,-3],[32,-10],[34,-12],[57,-25],[57,-31],[37,-42],[7,-12],[20,-17],[34,-15],[32,-17],[27,-2],[30,-1],[30,0],[27,7],[27,10],[23,10],[32,9],[52,2],[34,-12],[45,-12],[39,-15],[44,-39],[0,-39],[-5,-29],[-15,-24],[-17,-22],[-20,-43],[-6,-37],[-32,-41],[-22,-31],[-33,-26],[-27,-24],[0,-32],[0,-51],[-10,-31],[-18,-24],[-22,-20],[-27,-14],[-15,-17],[-30,-17],[-37,-14],[-37,5],[-50,22],[-37,27],[-73,80],[-167,200],[-17,46],[-32,58],[-20,37],[-14,53],[-19,97],[-35,82],[-22,42],[-22,9],[-17,15],[-25,17],[-19,22],[-20,32],[15,41],[45,14],[37,-29]],[[30141,58878],[-23,60],[9,108],[-11,182],[-10,180],[0,45],[25,38],[57,72],[162,182],[42,3],[37,-20],[50,-301],[36,-381],[-3,-53],[64,-274],[-11,-47],[-32,-25],[-42,-22],[-54,0],[-51,14],[-56,20],[-184,150],[-5,69]],[[89256,7796],[22,46],[32,22],[39,-8],[32,-20],[19,-25],[31,-30],[46,-33],[46,-31],[35,-16],[-12,-64],[-29,-147],[-48,-440],[-7,-45],[-22,-21],[-83,-9],[-54,-24],[-80,-29],[-122,-30],[-62,5],[-48,14],[-39,31],[-28,58],[-2,31],[19,61],[118,314],[80,191],[46,81],[36,40],[35,78]],[[90081,11102],[47,85],[36,20],[442,12],[83,-83],[18,-176],[-73,-175],[-35,-75],[-64,-81],[-196,-17],[-121,39],[-88,-21],[-187,-19],[-73,52],[-25,67],[236,372]],[[5505,48064],[18,16],[596,47],[25,-19],[63,-279],[-13,-46],[-650,-48],[-12,25],[-27,304]],[[33982,45459],[56,9],[36,54],[1,40],[-23,129],[-47,37],[-59,34],[-104,-7],[-38,10],[-14,44],[3,44],[3,61],[6,31],[-14,80],[9,36],[20,23],[25,22],[44,8],[107,16],[132,21],[102,-33],[161,-48],[57,-11],[19,-31],[40,-39],[50,-94],[96,-138],[28,-23],[51,-14],[40,8],[34,1],[37,-1],[19,-44],[0,-47],[-14,-138],[-11,-156],[-275,-77],[-147,-37],[-48,-5],[-177,-35],[-191,-52],[-38,-27],[-47,-4],[-71,-7],[-107,-27],[-74,-12],[-75,-16],[-81,-15],[-90,-23],[-91,-20],[-94,-19],[-65,-12],[-64,3],[-30,12],[3,32],[156,171],[174,186],[23,22],[27,9],[181,2],[52,5],[29,-12],[32,-29],[62,-56],[121,26],[16,84],[11,25],[26,24]],[[4325,47140],[3,26],[369,399],[24,-288],[10,-31],[167,-407],[-110,-117],[-463,418]],[[87356,7596],[58,36],[65,24],[28,6],[34,27],[20,80],[17,58],[-53,125],[-53,56],[51,8],[76,-61],[54,-49],[53,-35],[25,-44],[42,-48],[48,-24],[35,-21],[42,-24],[75,5],[62,-9],[54,-3],[62,-28],[23,-24],[69,-25],[76,-16],[58,-14],[28,-14],[27,-31],[-11,-43],[4,-42],[0,-32],[24,-51],[-3,-30],[-17,-28],[-40,-39],[-34,-46],[-6,-56],[19,-58],[26,-47],[8,-56],[52,-33],[39,-63],[55,-74],[62,-61],[62,-64],[13,-66],[-17,-58],[-29,-63],[-48,-47],[-119,-66],[-42,-47],[-52,-60],[-28,-36],[-48,-39],[-9,45],[1,80],[-8,58],[-20,83],[9,97],[-7,213],[-8,69],[-22,45],[-400,17],[-102,3],[-32,13],[-16,14],[-36,76],[-256,469],[-40,68]],[[88509,7611],[-30,58],[-82,36],[-71,18],[-71,20],[-103,23],[-112,20],[-99,13],[-46,13],[-59,20],[-19,43],[-24,40],[-18,35],[-24,54],[225,189],[50,55],[254,228],[33,-55],[33,-34],[54,-49],[54,-38],[95,-42],[231,-117],[259,-120],[54,-31],[64,-52],[11,-42],[6,-42],[-15,-61],[-42,-74],[-52,-105],[-37,-105],[-123,-287],[-25,-67],[-22,-27],[-34,2],[-150,118],[-34,42],[-31,52],[-36,86],[-31,59],[-33,124]],[[12034,44123],[-133,180],[162,94],[-11,28],[63,49],[92,-116],[55,-79],[84,-118],[-53,-40],[-60,69],[-17,-13],[87,-108],[-155,-107],[-85,135],[-29,26]],[[11611,25306],[25,31],[40,47],[60,71],[741,-240],[42,-11],[13,-57],[-17,-169],[99,-65],[21,-23],[-13,-52],[-38,-8],[10,-25],[-4,-49],[36,-75],[-28,-148],[-79,-222],[-46,-79],[-272,-33],[-96,61],[-171,169],[-147,77],[-115,43],[-40,49],[8,60],[82,172],[0,42],[-12,94],[-93,41],[-105,59],[-1,34],[49,134],[51,72]],[[4750,47615],[21,18],[50,8],[267,17],[228,16],[58,3],[39,-5],[13,-37],[18,-297],[-25,-7],[-317,-28],[-287,-24],[-45,4],[-27,300],[7,32]],[[1068,47005],[23,20],[65,-57],[160,-133],[14,-26],[-15,-42],[-26,-23],[-12,-3],[-19,8],[-238,198],[15,24],[33,34]],[[5532,47658],[16,28],[30,10],[662,50],[58,-300],[-4,-34],[-664,-55],[-48,0],[-24,39],[-26,262]],[[2771,47014],[0,8],[7,3],[598,81],[17,-24],[-62,-385],[-37,-7],[-46,11],[-30,7],[-274,-66],[-23,7],[-30,47],[-18,22],[-15,66],[-24,36],[-13,35],[-24,10],[-10,17],[-2,25],[7,66],[-3,18],[-18,23]],[[5367,49865],[753,57],[28,-22],[23,-309],[-21,-32],[-719,-68],[-68,31],[-19,296],[23,47]],[[2933,48382],[58,-59],[-7,-379],[-2,-63],[-41,-61],[-414,-380],[-236,254],[589,646],[29,25],[24,17]],[[16230,18488],[80,-56],[-4,-53],[-22,-6],[-93,53],[39,62]],[[15098,27955],[-8,7],[-3,11],[38,77],[-6,67],[-12,58],[-7,20],[138,-25],[-18,-269],[-122,54]],[[26365,38380],[20,-16],[5,-8],[5,-7],[10,-18],[-3,-12],[-79,-54],[-2,1],[-14,15],[-3,10],[4,6],[15,14],[13,10],[1,12],[-1,12],[-3,13],[5,11],[27,11]],[[15281,17693],[14,-116],[-35,0],[-50,78],[5,6],[66,32]],[[33803,35259],[92,-11],[-3,-68],[3,-58],[7,-60],[26,-62],[10,-35],[-3,-21],[-90,13],[-13,46],[-28,83],[0,62],[-3,87],[2,24]],[[30633,39211],[192,-57],[99,-38],[26,-14],[31,-49],[17,-20],[26,-13],[47,-21],[58,-23],[24,-16],[7,-17],[0,-19],[-7,-15],[-16,-12],[-24,-11],[-23,-15],[-22,-21],[-15,-25],[-20,-31],[-20,-28],[-39,-42],[-25,-16],[-24,-3],[-29,0],[-22,4],[-43,11],[-27,8],[-31,21],[-18,12],[-31,13],[-29,21],[-35,35],[-4,23],[-4,19],[-6,21],[-11,13],[-20,2],[-37,-9],[-18,-6],[-22,-7],[-41,-4],[-25,0],[-35,8],[-28,11],[-27,35],[-40,54],[-71,65],[-15,11],[-16,16],[-8,13],[-10,13],[-3,18],[0,17],[9,29],[94,36],[20,1],[23,6],[45,11],[24,4],[107,-4],[92,-15]],[[4669,51543],[25,65],[91,109],[58,84],[66,65],[62,32],[682,-1470],[-347,-161],[-353,715],[-33,85],[-45,64],[-37,89],[-169,323]],[[32384,56361],[29,-20],[21,-16],[68,-47],[245,-146],[132,-100],[14,-14],[9,-16],[20,-20],[35,-11],[41,-23],[37,-27],[102,-79],[54,-39],[7,-18],[28,-21],[38,-18],[26,-21],[-12,-21],[-23,-20],[-16,-24],[-42,-33],[-37,-28],[-43,-55],[-15,-16],[-18,-6],[-27,13],[-28,25],[-69,46],[-52,34],[-38,33],[-61,57],[-24,22],[-25,22],[-79,47],[-65,33],[-55,34],[-60,35],[-58,44],[-62,50],[-41,21],[-35,32],[-18,15],[0,17],[20,23],[18,30],[12,34],[5,29],[12,27],[10,42],[14,44],[6,30]],[[27132,39507],[150,-31],[109,111],[22,-38],[1,-25],[2,-45],[-32,-35],[45,1],[59,-26],[56,-29],[69,-60],[45,-58],[-75,-179],[-66,16],[-40,0],[-2,-69],[23,-24],[4,-26],[-38,-24],[-62,-18],[-26,20],[-10,43],[-47,7],[-100,-24],[-92,-29],[-76,-11],[-20,26],[-38,3],[-13,33],[-36,24],[-51,53],[-38,36],[-1,76],[13,38],[47,58],[31,46],[41,25],[35,18],[101,4],[74,5],[38,-24],[46,11],[53,27],[-97,12],[-117,24],[13,58]],[[13055,27094],[49,37],[34,44],[28,39],[42,27],[42,-15],[262,-82],[52,-23],[-96,-296],[-23,-64],[-58,-144],[-54,-33],[-56,-38],[-45,-78],[-42,-6],[-91,28],[-69,80],[-38,52],[-3,68],[6,47],[-3,42],[-11,69],[-2,83],[8,50],[26,49],[42,64]],[[83860,5414],[38,-15],[69,-35],[31,-22],[17,-14],[-17,-38],[-35,-39],[-8,-47],[19,-51],[9,-46],[9,-40],[-24,-35],[-65,-11],[-53,-20],[-79,-77],[-18,-49],[-13,-29],[-23,-26],[-56,-18],[-64,-12],[-57,-47],[-43,-67],[0,-68],[16,-33],[10,-35],[-23,-26],[-24,-29],[-44,-40],[-42,-29],[-48,-37],[-212,212],[-22,38],[10,31],[214,225],[528,529]],[[92110,5713],[39,-75],[24,-51],[87,-375],[11,-100],[23,-48],[5,-34],[-15,-56],[-52,-22],[-81,-6],[-68,20],[-56,6],[-66,6],[-19,42],[-28,19],[-34,11],[-13,44],[8,81],[3,64],[-16,38],[-56,42],[-45,45],[-23,41],[-2,50],[3,36],[15,29],[53,51],[96,60],[63,42],[73,47],[36,9],[35,-16]],[[13235,28313],[146,-52],[244,-65],[14,-13],[-33,-97],[112,-46],[25,72],[30,6],[25,-17],[3,-18],[-39,-159],[-113,-72],[-69,13],[-55,14],[-63,-145],[-28,-35],[-36,-22],[-19,0],[-44,6],[-52,-8],[-38,-27],[-23,-40],[-8,-62],[-14,-48],[-49,-16],[-157,48],[-5,25],[39,145],[22,21],[19,62],[11,67],[-3,54],[158,409]],[[33566,55076],[172,-3],[106,31],[121,-97],[34,-80],[-44,-46],[-225,-136],[-205,-96],[-92,-63],[-185,-120],[-248,401],[12,20],[17,33],[20,22],[23,19],[42,22],[27,12],[12,2],[25,0],[27,-12],[20,-19],[22,-15],[27,-10],[34,-19],[35,-31],[39,-25],[30,-5],[27,0],[17,3],[18,16],[20,32],[5,26],[42,106],[25,32]],[[5608,43833],[51,5],[25,7],[535,45],[34,-5],[20,-7],[10,-22],[5,-41],[3,-271],[1,-44],[-34,-39],[-685,-52],[-27,21],[-5,121],[20,229],[18,38],[29,15]],[[21892,55319],[19,-7],[229,-157],[420,-10],[27,-13],[-21,-32],[-216,-175],[-13,-21],[139,-257],[43,-157],[-55,-20],[-172,-92],[-157,305],[-48,69],[-155,190],[-180,265],[140,112]],[[85432,8026],[70,33],[85,30],[108,47],[130,51],[122,55],[122,58],[104,32],[116,16],[97,36],[118,46],[85,17],[25,-32],[-41,-61],[-42,-50],[-49,-60],[-49,-46],[-43,-19],[-39,-2],[-20,-47],[-35,-22],[-62,-64],[-54,-22],[-54,-27],[-56,-27],[-40,-17],[-51,-30],[-54,0],[-56,-16],[-62,-11],[-31,-11],[-57,-21],[-59,-8],[-57,-14],[-46,-12],[-44,-14],[-73,-26],[-60,-29],[-34,-13],[-15,11],[-63,97],[0,17],[10,31],[63,55],[91,69]],[[12153,34322],[777,-373],[37,-30],[3,-51],[-89,-164],[-25,-27],[-933,430],[-6,29],[42,77],[41,37],[51,38],[102,34]],[[4318,44475],[28,-7],[6,-19],[0,-23],[22,0],[28,-24],[73,-362],[108,-614],[8,-48],[-2,-32],[-10,-10],[-31,-1],[-28,0],[-25,0],[-39,-2],[-28,-3],[-33,-6],[-30,-2],[-30,3],[-26,7],[-15,9],[-18,15],[-13,65],[-3,48],[-7,45],[-6,34],[-2,29],[-2,39],[0,50],[-48,278],[-61,392],[0,31],[4,35],[1,18],[2,13],[7,14],[16,5],[47,13],[21,8],[36,2],[50,0]],[[86679,842],[40,33],[99,52],[119,60],[124,47],[136,46],[153,41],[96,33],[35,-47],[24,-65],[56,-94],[49,-109],[26,-61],[2,-29],[-33,-41],[-26,-24],[-48,-39],[-54,9],[-62,9],[-163,1],[-80,-3],[-62,-16],[-107,-30],[-32,-75],[-50,20],[-234,249],[-8,33]],[[84048,5798],[18,86],[14,80],[20,103],[41,142],[71,193],[29,93],[26,69],[70,-6],[105,-36],[16,-33],[-17,-75],[-6,-80],[-6,-44],[1,-65],[-4,-93],[-23,-105],[-27,-255],[-6,-58],[-37,-50],[-54,-44],[-68,-85],[-49,-55],[-31,-42],[-77,-67],[-41,2],[-138,68],[59,92],[66,146],[48,119]],[[86577,3300],[73,98],[66,48],[454,161],[241,80],[124,43],[147,49],[29,6],[48,2],[31,24],[108,53],[59,58],[24,63],[12,110],[16,45],[40,25],[99,-4],[36,-14],[11,-36],[3,-41],[-5,-41],[-13,-61],[-18,-67],[-29,-18],[-62,-36],[-35,-10],[-40,-18],[-43,-17],[-52,-14],[-55,-26],[-50,-15],[-40,-12],[-37,-11],[-43,-10],[-53,-31],[-82,-13],[-74,-12],[-71,-20],[-96,-33],[-464,-205],[-139,-99],[-34,-50],[-23,-70],[-5,-86],[22,-229],[18,-66],[63,-104],[28,-91],[-42,-29],[-45,-3],[-140,197],[-156,68],[-13,47],[207,415]],[[14054,40979],[52,-24],[13,-15],[350,-562],[5,-20],[-5,-21],[-18,-17],[-32,-10],[-17,10],[-54,111],[-15,12],[-18,0],[-106,-57],[5,-17],[12,-27],[20,-32],[27,-72],[-3,-29],[-111,-41],[-20,5],[-17,19],[-25,12],[-37,20],[-47,56],[-276,463],[-39,80],[-3,21],[0,20],[8,9],[17,10],[52,29],[84,34],[35,14],[27,15],[33,12],[14,2],[28,0],[24,-5],[37,-5]],[[15559,20123],[74,-26],[-36,-80],[-65,24],[27,82]],[[34194,35255],[15,17],[71,-19],[-18,-73],[-81,15],[13,60]],[[16310,33912],[52,-16],[-44,-115],[-50,21],[42,110]],[[15974,19462],[45,-15],[-32,-115],[-24,11],[2,9],[-24,11],[7,23],[-18,8],[21,54],[17,-3],[6,17]],[[30010,38848],[34,11],[13,-2],[27,-84],[-65,-24],[-26,75],[17,24]],[[15321,17751],[168,-51],[-7,-31],[-92,28],[-4,-9],[-81,27],[16,36]],[[28856,37627],[13,-11],[29,-20],[45,-57],[19,-28],[-38,-22],[-30,-10],[-29,-23],[-39,-9],[-22,20],[-11,29],[-17,78],[25,26],[23,16],[32,11]],[[18269,45610],[8,46],[109,29],[20,-44],[-137,-31]],[[35169,39298],[42,22],[65,-95],[-36,-27],[-71,100]],[[33896,36977],[23,-20],[30,-29],[-52,-165],[-70,20],[69,194]]],"transform":{"scale":[0.000003149696809740538,0.0000023610815872625967],"translate":[144.409783843,42.95727866]},"objects":{"2024_016616":{"type":"GeometryCollection","geometries":[{"arcs":[[0]],"type":"Polygon","properties":{"polygon_uuid":"215e40e0-9448-4a5e-acae-6e31c6bc4e55","land_type":200,"issue_year":2024,"edit_year":2020,"history":"[{\"筆ポリゴンID\":\"57e16da5-2511-4506-b600-59dbc863f04d\",\"更新年度\":2023,\"前年同一\":true},[{\"筆ポリゴンID\":\"75369aea-d392-4c97-b653-e0750ad93188\",\"更新年度\":2022,\"前年同一\":true},[{\"筆ポリゴンID\":\"de68eee5-fe38-4660-9431-60d15b308a7c\",\"更新年度\":2021,\"前年同一\":true},{\"筆ポリゴンID\":\"de68eee5-fe38-4660-9431-60d15b308a7c\",\"発生年度\":2020}]]]","last_polygon_uuid":"57e16da5-2511-4506-b600-59dbc863f04d","prev_last_polygon_uuid":"75369aea-d392-4c97-b653-e0750ad93188","local_government_cd":"016616","point_lng":144.504109909,"point_lat":43.047237739}},{"arcs":[[1]],"type":"Polygon","properties":{"polygon_uuid":"bec742d3-c0de-4601-a486-68239255f6f4","land_type":200,"issue_year":2024,"edit_year":2020,"history":"[{\"筆ポリゴンID\":\"167ecf8a-9208-494e-a1f3-43660d1645e4\",\"更新年度\":2023,\"前年同一\":true},[{\"筆ポリゴンID\":\"b3528619-0448-4fbe-afbe-a3de67191662\",\"更新年度\":2022,\"前年同一\":true},[{\"筆ポリゴンID\":\"ac4225cc-c0a1-4847-9d59-fff74d36a883\",\"更新年度\":2021,\"前年同一\":true},{\"筆ポリゴンID\":\"ac4225cc-c0a1-4847-9d59-fff74d36a883\",\"発生年度\":2020}]]]","last_polygon_uuid":"167ecf8a-9208-494e-a1f3-43660d1645e4","prev_last_polygon_uuid":"b3528619-0448-4fbe-afbe-a3de67191662","local_government_cd":"016616","point_lng":144.501864661,"point_lat":43.062904161}},{"arcs":[[2]],"type":"Polygon","properties":{"polygon_uuid":"36e7403f-d109-47dd-bde2-6416bde76889","land_type":200,"issue_year":2024,"edit_year":2020,"history":"[{\"筆ポリゴンID\":\"83fda1db-b7f6-43c2-9dad-af8132c0915d\",\"更新年度\":2023,\"前年同一\":true},[{\"筆ポリゴンID\":\"edb09e2c-67f4-441e-ab51-d23c21a08be5\",\"更新年度\":2022,\"前年同一\":true},[{\"筆ポリゴンID\":\"e5df0fbe-ece2-40b0-a132-032088e33dd1\",\"更新年度\":2021,\"前年同一\":true},{\"筆ポリゴンID\":\"e5df0fbe-ece2-40b0-a132-032088e33dd1\",\"発生年度\":2020}]]]","last_polygon_uuid":"83fda1db-b7f6-43c2-9dad-af8132c0915d","prev_last_polygon_uuid":"edb09e2c-67f4-441e-ab51-d23c21a08be5","local_government_cd":"016616","point_lng":144.457647053,"point_lat":43.058861725}},{"arcs":[[3]],"type":"Polygon","properties":{"polygon_uuid":"ca990d6c-c17f-4855-a335-190c70366710","land_type":200,"issue_year":2024,"edit_year":2020,"history":"[{\"筆ポリゴンID\":\"7dbd7194-f967-4cf0-9ae3-312f61c05fb6\",\"更新年度\":2023,\"前年同一\":true},[{\"筆ポリゴンID\":\"a1ba02b5-4f09-44b4-ab7e-aa88455586b1\",\"更新年度\":2022,\"前年同一\":true},[{\"筆ポリゴンID\":\"857da621-9a12-439e-a2e6-f75a0734fc76\",\"更新年度\":2021,\"前年同一\":true},{\"筆ポリゴンID\":\"857da621-9a12-439e-a2e6-f75a0734fc76\",\"発生年度\":2020}]]]","last_polygon_uuid":"7dbd7194-f967-4cf0-9ae3-312f61c05fb6","prev_last_polygon_uuid":"a1ba02b5-4f09-44b4-ab7e-aa88455586b1","local_government_cd":"016616","point_lng":144.532120514,"point_lat":43.053784388}},{"arcs":[[4]],"type":"Polygon","properties":{"polygon_uuid":"9bbe4c5a-3fca-48c5-8793-3102ea17648c","land_type":200,"issue_year":2024,"edit_year":2020,"history":"[{\"筆ポリゴンID\":\"7ea460d1-0453-463a-bfe8-751613767701\",\"更新年度\":2023,\"前年同一\":true},[{\"筆ポリゴンID\":\"5deb85b9-4e94-4653-9fde-04abe56edbdd\",\"更新年度\":2022,\"前年同一\":true},[{\"筆ポリゴンID\":\"eee8b36a-8526-4cd0-8a1c-88331626271c\",\"更新年度\":2021,\"前年同一\":true},{\"筆ポリゴンID\":\"eee8b36a-8526-4cd0-8a1c-88331626271c\",\"発生年度\":2020}]]]","last_polygon_uuid":"7ea460d1-0453-463a-bfe8-751613767701","prev_last_polygon_uuid":"5deb85b9-4e94-4653-9fde-04abe56edbdd","local_government_cd":"016616","point_lng":144.519645847,"point_lat":43.0144445}},{"arcs":[[5]],"type":"Polygon","properties":{"polygon_uuid":"eb4d259f-1235-43c9-bcd6-6892ae6cf8de","land_type":200,"issue_year":2024,"edit_year":2020,"history":"[{\"筆ポリゴンID\":\"47844e93-5a58-4fe8-bfac-287bf5b04788\",\"更新年度\":2023,\"前年同一\":true},[{\"筆ポリゴンID\":\"bb393fc5-4f8e-4794-84fb-9ec666517d9f\",\"更新年度\":2022,\"前年同一\":true},[{\"筆ポリゴンID\":\"86d7cc06-7ce1-4d0b-9519-228869a78ec5\",\"更新年度\":2021,\"前年同一\":true},{\"筆ポリゴンID\":\"86d7cc06-7ce1-4d0b-9519-228869a78ec5\",\"発生年度\":2020}]]]","last_polygon_uuid":"47844e93-5a58-4fe8-bfac-287bf5b04788","prev_last_polygon_uuid":"bb393fc5-4f8e-4794-84fb-9ec666517d9f","local_government_cd":"016616","point_lng":144.461738426,"point_lat":43.016648272}},{"arcs":[[6]],"type":"Polygon","properties":{"polygon_uuid":"c6381a31-fe2e-4041-be01-1d9350a7d034","land_type":200,"issue_year":2024,"edit_year":2020,"history":"[{\"筆ポリゴンID\":\"cf331af3-e1ef-46b7-bbaf-dff20f454665\",\"更新年度\":2023,\"前年同一\":true},[{\"筆ポリゴンID\":\"0d39a657-a60c-4162-94f6-f85698e8a928\",\"更新年度\":2022,\"前年同一\":true},[{\"筆ポリゴンID\":\"230605ba-08ee-423a-b3dd-7e2b22e1cd95\",\"更新年度\":2021,\"前年同一\":true},{\"筆ポリゴンID\":\"230605ba-08ee-423a-b3dd-7e2b22e1cd95\",\"発生年度\":2020}]]]","last_polygon_uuid":"cf331af3-e1ef-46b7-bbaf-dff20f454665","prev_last_polygon_uuid":"0d39a657-a60c-4162-94f6-f85698e8a928","local_government_cd":"016616","point_lng":144.456738373,"point_lat":43.035226007}},{"arcs":[[7]],"type":"Polygon","properties":{"polygon_uuid":"99c5fe05-bbf1-483d-98d8-16b954ab21e0","land_type":200,"issue_year":2024,"edit_year":2020,"history":"[{\"筆ポリゴンID\":\"da896668-b93e-48cd-b39c-e14a89f2b126\",\"更新年度\":2023,\"前年同一\":true},[{\"筆ポリゴンID\":\"c4345718-b118-45e2-a137-a54cd3b3a8f3\",\"更新年度\":2022,\"前年同一\":true},[{\"筆ポリゴンID\":\"e1f9f249-8803-400b-93aa-90c51663d990\",\"更新年度\":2021,\"前年同一\":true},{\"筆ポリゴンID\":\"e1f9f249-8803-400b-93aa-90c51663d990\",\"発生年度\":2020}]]]","last_polygon_uuid":"da896668-b93e-48cd-b39c-e14a89f2b126","prev_last_polygon_uuid":"c4345718-b118-45e2-a137-a54cd3b3a8f3","local_government_cd":"016616","point_lng":144.510795659,"point_lat":43.060456197}},{"arcs":[[8]],"type":"Polygon","properties":{"polygon_uuid":"70c6b113-0004-43c8-91bc-b8a6f95218e8","land_type":200,"issue_year":2024,"edit_year":2020,"history":"[{\"筆ポリゴンID\":\"23819a50-b17a-4bc3-a5b6-a563b29bbb62\",\"更新年度\":2023,\"前年同一\":true},[{\"筆ポリゴンID\":\"5c8b0c30-194b-46a4-9227-cc7296b75642\",\"更新年度\":2022,\"前年同一\":true},[{\"筆ポリゴンID\":\"eb9954c4-3e39-4db2-bb46-29207a1d846b\",\"更新年度\":2021,\"前年同一\":true},{\"筆ポリゴンID\":\"eb9954c4-3e39-4db2-bb46-29207a1d846b\",\"発生年度\":2020}]]]","last_polygon_uuid":"23819a50-b17a-4bc3-a5b6-a563b29bbb62","prev_last_polygon_uuid":"5c8b0c30-194b-46a4-9227-cc7296b75642","local_government_cd":"016616","point_lng":144.460377699,"point_lat":43.001175381}},{"arcs":[[9]],"type":"Polygon","properties":{"polygon_uuid":"5a9b301f-532a-4fdf-8e7c-7b7e331baa69","land_type":200,"issue_year":2024,"edit_year":2020,"history":"[{\"筆ポリゴンID\":\"2b451aac-7f83-4d4e-be8f-4a28fd7a181c\",\"更新年度\":2023,\"前年同一\":true},[{\"筆ポリゴンID\":\"dde12d9d-6b9b-4321-9792-96e42b4c6413\",\"更新年度\":2022,\"前年同一\":true},[{\"筆ポリゴンID\":\"7286828f-095c-4ebf-b9e1-57dac6931f6e\",\"更新年度\":2021,\"前年同一\":true},{\"筆ポリゴンID\":\"7286828f-095c-4ebf-b9e1-57dac6931f6e\",\"発生年度\":2020}]]]","last_polygon_uuid":"2b451aac-7f83-4d4e-be8f-4a28fd7a181c","prev_last_polygon_uuid":"dde12d9d-6b9b-4321-9792-96e42b4c6413","local_government_cd":"016616","point_lng":144.458083217,"point_lat":42.998626226}},{"arcs":[[10]],"type":"Polygon","properties":{"polygon_uuid":"536558f9-cbc0-4162-89d0-fc7389616338","land_type":200,"issue_year":2024,"edit_year":2020,"history":"[{\"筆ポリゴンID\":\"2e687d27-e9d1-4433-8fca-c27e01a1065b\",\"更新年度\":2023,\"前年同一\":true},[{\"筆ポリゴンID\":\"b9765d14-cd5f-4e69-9f9b-9d528feb1b40\",\"更新年度\":2022,\"前年同一\":true},[{\"筆ポリゴンID\":\"019280f0-fcc0-494e-8f5b-f5b129aad8a8\",\"更新年度\":2021,\"前年同一\":true},{\"筆ポリゴンID\":\"019280f0-fcc0-494e-8f5b-f5b129aad8a8\",\"発生年度\":2020}]]]","last_polygon_uuid":"2e687d27-e9d1-4433-8fca-c27e01a1065b","prev_last_polygon_uuid":"b9765d14-cd5f-4e69-9f9b-9d528feb1b40","local_government_cd":"016616","point_lng":144.510594958,"point_lat":43.090766643}},{"arcs":[[11,12]],"type":"Polygon","properties":{"polygon_uuid":"ad878c65-f19e-4a98-ba96-a1fdc7800a7e","land_type":200,"issue_year":2024,"edit_year":2020,"history":"[{\"筆ポリゴンID\":\"147ca641-e82d-4644-bde3-f265f8852421\",\"更新年度\":2023,\"前年同一\":true},[{\"筆ポリゴンID\":\"95bfd77d-5475-4d5a-809f-05ad6d340a60\",\"更新年度\":2022,\"前年同一\":true},[{\"筆ポリゴンID\":\"97209ed6-28d4-42ca-a377-c9e9ae3ad46c\",\"更新年度\":2021,\"前年同一\":true},{\"筆ポリゴンID\":\"97209ed6-28d4-42ca-a377-c9e9ae3ad46c\",\"発生年度\":2020}]]]","last_polygon_uuid":"147ca641-e82d-4644-bde3-f265f8852421","prev_last_polygon_uuid":"95bfd77d-5475-4d5a-809f-05ad6d340a60","local_government_cd":"016616","point_lng":144.432104798,"point_lat":43.008812547}},{"arcs":[[13]],"type":"Polygon","properties":{"polygon_uuid":"cba5aa16-281d-48eb-9359-f3a0a7da7fe8","land_type":200,"issue_year":2024,"edit_year":2020,"history":"[{\"筆ポリゴンID\":\"15bb0ca2-8ef6-4d9e-b2c7-bc9fbe7e39b7\",\"更新年度\":2023,\"前年同一\":true},[{\"筆ポリゴンID\":\"3ac372b8-258b-4e55-bc4e-4d4b459e220c\",\"更新年度\":2022,\"前年同一\":true},[{\"筆ポリゴンID\":\"2b01ffc7-01e6-4a2d-b96a-9350df7ed880\",\"更新年度\":2021,\"前年同一\":true},{\"筆ポリゴンID\":\"2b01ffc7-01e6-4a2d-b96a-9350df7ed880\",\"発生年度\":2020}]]]","last_polygon_uuid":"15bb0ca2-8ef6-4d9e-b2c7-bc9fbe7e39b7","prev_last_polygon_uuid":"3ac372b8-258b-4e55-bc4e-4d4b459e220c","local_government_cd":"016616","point_lng":144.506901631,"point_lat":43.093941012}},{"arcs":[[14]],"type":"Polygon","properties":{"polygon_uuid":"7a561b59-8be3-4ddc-b852-ab79ed7d6da4","land_type":200,"issue_year":2024,"edit_year":2020,"history":"[{\"筆ポリゴンID\":\"bc3a188b-d040-47eb-9e39-b70a61109782\",\"更新年度\":2023,\"前年同一\":true},[{\"筆ポリゴンID\":\"889114d1-3b09-44fa-959f-9301a86326ee\",\"更新年度\":2022,\"前年同一\":true},[{\"筆ポリゴンID\":\"ed74fc28-3d98-4d95-9f85-b74337c755d6\",\"更新年度\":2021,\"前年同一\":true},{\"筆ポリゴンID\":\"ed74fc28-3d98-4d95-9f85-b74337c755d6\",\"発生年度\":2020}]]]","last_polygon_uuid":"bc3a188b-d040-47eb-9e39-b70a61109782","prev_last_polygon_uuid":"889114d1-3b09-44fa-959f-9301a86326ee","local_government_cd":"016616","point_lng":144.46660538,"point_lat":43.007703646}},{"arcs":[[15]],"type":"Polygon","properties":{"polygon_uuid":"a0187d89-5541-4381-ba3a-a747269ffef1","land_type":200,"issue_year":2024,"edit_year":2020,"history":"[{\"筆ポリゴンID\":\"f4b977b6-f682-49c9-9e50-770ab1e561b9\",\"更新年度\":2023,\"前年同一\":true},[{\"筆ポリゴンID\":\"ac4ec23b-c07f-44da-b3f9-bbe0608ae7a7\",\"更新年度\":2022,\"前年同一\":true},[{\"筆ポリゴンID\":\"2c2d7484-bb81-4467-92c3-0a27d8d1b774\",\"更新年度\":2021,\"前年同一\":true},{\"筆ポリゴンID\":\"2c2d7484-bb81-4467-92c3-0a27d8d1b774\",\"発生年度\":2020}]]]","last_polygon_uuid":"f4b977b6-f682-49c9-9e50-770ab1e561b9","prev_last_polygon_uuid":"ac4ec23b-c07f-44da-b3f9-bbe0608ae7a7","local_government_cd":"016616","point_lng":144.461133037,"point_lat":43.038075231}},{"arcs":[[16]],"type":"Polygon","properties":{"polygon_uuid":"feeda87a-b2cd-48dc-86d3-da6c0ad7c50a","land_type":200,"issue_year":2024,"edit_year":2020,"history":"[{\"筆ポリゴンID\":\"0a6818b0-872b-4931-a11b-0f83b576373f\",\"更新年度\":2023,\"前年同一\":true},[{\"筆ポリゴンID\":\"a8c22ff9-17b4-40ae-9cd7-3e5af0a36287\",\"更新年度\":2022,\"前年同一\":true},[{\"筆ポリゴンID\":\"9369707c-772e-48a3-9ed6-4f5a194af795\",\"更新年度\":2021,\"前年同一\":true},{\"筆ポリゴンID\":\"9369707c-772e-48a3-9ed6-4f5a194af795\",\"発生年度\":2020}]]]","last_polygon_uuid":"0a6818b0-872b-4931-a11b-0f83b576373f","prev_last_polygon_uuid":"a8c22ff9-17b4-40ae-9cd7-3e5af0a36287","local_government_cd":"016616","point_lng":144.424951359,"point_lat":43.072523509}},{"arcs":[[17]],"type":"Polygon","properties":{"polygon_uuid":"599fd00b-6170-4a15-9b90-1aab329e551c","land_type":200,"issue_year":2024,"edit_year":2020,"history":"[{\"筆ポリゴンID\":\"b6411b77-8888-4e86-8a1a-8875ec0637c9\",\"更新年度\":2023,\"前年同一\":true},[{\"筆ポリゴンID\":\"d2618130-6662-4d4c-a11c-8c5815946dfb\",\"更新年度\":2022,\"前年同一\":true},[{\"筆ポリゴンID\":\"deb8f751-5819-4cb6-9616-fa5f1ba03690\",\"更新年度\":2021,\"前年同一\":true},{\"筆ポリゴンID\":\"deb8f751-5819-4cb6-9616-fa5f1ba03690\",\"発生年度\":2020}]]]","last_polygon_uuid":"b6411b77-8888-4e86-8a1a-8875ec0637c9","prev_last_polygon_uuid":"d2618130-6662-4d4c-a11c-8c5815946dfb","local_government_cd":"016616","point_lng":144.471807929,"point_lat":43.092951629}},{"arcs":[[18,19]],"type":"Polygon","properties":{"polygon_uuid":"a8f905a7-4b85-4244-9c72-8d02576a3b46","land_type":200,"issue_year":2024,"edit_year":2021,"history":"[{\"筆ポリゴンID\":\"eafd354d-cb0d-4190-86fb-2dffffb297df\",\"更新年度\":2023,\"前年同一\":true},[{\"筆ポリゴンID\":\"21dce939-650c-4f58-8753-cd675405a5b1\",\"更新年度\":2022,\"前年同一\":true},[{\"筆ポリゴンID\":\"304cbc98-3bd1-4413-aa4a-3fb86212a086\",\"更新年度\":2021,\"関連\":true},{\"筆ポリゴンID\":\"304cbc98-3bd1-4413-aa4a-3fb86212a086\",\"発生年度\":2020}]]]","last_polygon_uuid":"eafd354d-cb0d-4190-86fb-2dffffb297df","prev_last_polygon_uuid":"21dce939-650c-4f58-8753-cd675405a5b1","local_government_cd":"016616","point_lng":144.455835939,"point_lat":42.996174118}},{"arcs":[[20],[21]],"type":"Polygon","properties":{"polygon_uuid":"86d4a56b-c2a3-4c4d-95a4-c1f45cc1684f","land_type":200,"issue_year":2024,"edit_year":2021,"history":"[{\"筆ポリゴンID\":\"757e2170-cc2c-48d4-a074-1f3220311c8b\",\"更新年度\":2023,\"前年同一\":true},[{\"筆ポリゴンID\":\"bdbb65b1-92d0-41a9-9fb8-2a124f171ece\",\"更新年度\":2022,\"前年同一\":true},[{\"筆ポリゴンID\":\"99dfc582-8d56-41c6-acb0-c8faaaa51c01\",\"更新年度\":2021,\"関連\":true},{\"筆ポリゴンID\":\"99dfc582-8d56-41c6-acb0-c8faaaa51c01\",\"発生年度\":2020}]]]","last_polygon_uuid":"757e2170-cc2c-48d4-a074-1f3220311c8b","prev_last_polygon_uuid":"bdbb65b1-92d0-41a9-9fb8-2a124f171ece","local_government_cd":"016616","point_lng":144.700381333,"point_lat":42.965051218}},{"arcs":[[22]],"type":"Polygon","properties":{"polygon_uuid":"d499cf4d-625a-419f-b9dc-1b6f9ca5ab08","land_type":200,"issue_year":2024,"edit_year":2021,"history":"[{\"筆ポリゴンID\":\"975e8ddd-4a28-48b6-a6dc-f2892b051982\",\"更新年度\":2023,\"前年同一\":true},[{\"筆ポリゴンID\":\"837a5a02-472e-43de-9e99-540b6486b54b\",\"更新年度\":2022,\"前年同一\":true},[{\"筆ポリゴンID\":\"8e006f2e-f2de-47fc-b6ad-55fa77437314\",\"更新年度\":2021,\"関連\":true},{\"筆ポリゴンID\":\"8e006f2e-f2de-47fc-b6ad-55fa77437314\",\"発生年度\":2020}]]]","last_polygon_uuid":"975e8ddd-4a28-48b6-a6dc-f2892b051982","prev_last_polygon_uuid":"837a5a02-472e-43de-9e99-540b6486b54b","local_government_cd":"016616","point_lng":144.535900427,"point_lat":43.053470902}},{"arcs":[[23],[24]],"type":"Polygon","properties":{"polygon_uuid":"5d6e05dc-2a75-4d0b-acd2-bb7b902a6bf5","land_type":200,"issue_year":2024,"edit_year":2021,"history":"[{\"筆ポリゴンID\":\"6c91df74-893a-4dd0-bc48-db537960a6d6\",\"更新年度\":2023,\"前年同一\":true},[{\"筆ポリゴンID\":\"409cc779-638e-482c-b1c6-b3e136ffec30\",\"更新年度\":2022,\"前年同一\":true},[{\"筆ポリゴンID\":\"6b7f5e48-46fe-46d8-bb5b-59e72ac1ad72\",\"更新年度\":2021,\"関連\":true},{\"筆ポリゴンID\":\"6b7f5e48-46fe-46d8-bb5b-59e72ac1ad72\",\"発生年度\":2020}]]]","last_polygon_uuid":"6c91df74-893a-4dd0-bc48-db537960a6d6","prev_last_polygon_uuid":"409cc779-638e-482c-b1c6-b3e136ffec30","local_government_cd":"016616","point_lng":144.422398458,"point_lat":43.060917477}},{"arcs":[[25]],"type":"Polygon","properties":{"polygon_uuid":"84539446-ce5d-4916-8fcc-1037c1238b0f","land_type":200,"issue_year":2024,"edit_year":2021,"history":"[{\"筆ポリゴンID\":\"276c1cf3-1784-4630-a462-d4c594a4f44c\",\"更新年度\":2023,\"前年同一\":true},[{\"筆ポリゴンID\":\"772f71fd-465c-4afc-b1ea-040f9fe39719\",\"更新年度\":2022,\"前年同一\":true},[{\"筆ポリゴンID\":\"8337d4b9-a6dc-43ca-9c39-adbcf0485bb6\",\"更新年度\":2021,\"関連\":true},{\"筆ポリゴンID\":\"8337d4b9-a6dc-43ca-9c39-adbcf0485bb6\",\"発生年度\":2020}]]]","last_polygon_uuid":"276c1cf3-1784-4630-a462-d4c594a4f44c","prev_last_polygon_uuid":"772f71fd-465c-4afc-b1ea-040f9fe39719","local_government_cd":"016616","point_lng":144.446641225,"point_lat":43.012091804}},{"arcs":[[26]],"type":"Polygon","properties":{"polygon_uuid":"dc3d2f5e-dceb-4a35-8a6f-bc1d6ddaf2af","land_type":200,"issue_year":2024,"edit_year":2021,"history":"[{\"筆ポリゴンID\":\"3a288add-0d3f-40fb-a55f-594b53c43063\",\"更新年度\":2023,\"前年同一\":true},[{\"筆ポリゴンID\":\"4bce550b-a052-4149-a4a3-13cb2cfef9d3\",\"更新年度\":2022,\"前年同一\":true},[{\"筆ポリゴンID\":\"afaa3f1f-fa16-47c5-b4ce-1cf3ab6be64e\",\"更新年度\":2021,\"関連\":true},{\"筆ポリゴンID\":\"afaa3f1f-fa16-47c5-b4ce-1cf3ab6be64e\",\"発生年度\":2020}]]]","last_polygon_uuid":"3a288add-0d3f-40fb-a55f-594b53c43063","prev_last_polygon_uuid":"4bce550b-a052-4149-a4a3-13cb2cfef9d3","local_government_cd":"016616","point_lng":144.687077026,"point_lat":42.972544391}},{"arcs":[[27]],"type":"Polygon","properties":{"polygon_uuid":"ca44600a-b1e5-499a-b4fe-fb016d08c11f","land_type":200,"issue_year":2024,"edit_year":2021,"history":"[{\"筆ポリゴンID\":\"4a3e3ba6-8fe7-404a-bc04-3c701e97bb9e\",\"更新年度\":2023,\"前年同一\":true},[{\"筆ポリゴンID\":\"0f431e2f-b1a5-4097-9c40-68016638c8f2\",\"更新年度\":2022,\"前年同一\":true},[[{\"筆ポリゴンID\":\"5a4abbbf-e4a8-4e42-b415-c04ced73c758\",\"更新年度\":2021,\"関連\":true},{\"筆ポリゴンID\":\"5a4abbbf-e4a8-4e42-b415-c04ced73c758\",\"発生年度\":2020}],[{\"筆ポリゴンID\":\"aece4263-2cc5-4776-b866-c90deb6ef196\",\"更新年度\":2021,\"関連\":true},{\"筆ポリゴンID\":\"aece4263-2cc5-4776-b866-c90deb6ef196\",\"発生年度\":2020}],[{\"筆ポリゴンID\":\"e48c0dfd-5eb5-4e70-8cb5-9484cdd0a4ee\",\"更新年度\":2021,\"関連\":true},{\"筆ポリゴンID\":\"e48c0dfd-5eb5-4e70-8cb5-9484cdd0a4ee\",\"発生年度\":2020}]]]]","last_polygon_uuid":"4a3e3ba6-8fe7-404a-bc04-3c701e97bb9e","prev_last_polygon_uuid":"0f431e2f-b1a5-4097-9c40-68016638c8f2","local_government_cd":"016616","point_lng":144.459247021,"point_lat":42.997933072}},{"arcs":[[28],[29]],"type":"Polygon","properties":{"polygon_uuid":"4c5a0046-35ba-4627-9cc6-ef2be7ac3564","land_type":200,"issue_year":2024,"edit_year":2021,"history":"[{\"筆ポリゴンID\":\"1569063b-973a-41b9-aa02-bf528b39f9a0\",\"更新年度\":2023,\"前年同一\":true},[{\"筆ポリゴンID\":\"ffd03ffb-c919-4320-b01f-7f8de166dc13\",\"更新年度\":2022,\"前年同一\":true},[{\"筆ポリゴンID\":\"776faaa1-c466-4192-9517-45b767786b8b\",\"更新年度\":2021,\"関連\":true},{\"筆ポリゴンID\":\"776faaa1-c466-4192-9517-45b767786b8b\",\"発生年度\":2020}]]]","last_polygon_uuid":"1569063b-973a-41b9-aa02-bf528b39f9a0","prev_last_polygon_uuid":"ffd03ffb-c919-4320-b01f-7f8de166dc13","local_government_cd":"016616","point_lng":144.4213169,"point_lat":43.060357337}},{"arcs":[[30],[31]],"type":"Polygon","properties":{"polygon_uuid":"8ae784f3-fe85-4e1c-967d-68a5a1d8a24d","land_type":200,"issue_year":2024,"edit_year":2021,"history":"[{\"筆ポリゴンID\":\"71c0b307-e197-4e32-bb37-d809fe26ae53\",\"更新年度\":2023,\"前年同一\":true},[{\"筆ポリゴンID\":\"3bc1b587-3cec-47a6-a2fb-6146b78b6d73\",\"更新年度\":2022,\"前年同一\":true},[{\"筆ポリゴンID\":\"e0ab611d-cc42-4f42-bb8f-ce8718f542d7\",\"更新年度\":2021,\"関連\":true},{\"筆ポリゴンID\":\"e0ab611d-cc42-4f42-bb8f-ce8718f542d7\",\"発生年度\":2020}]]]","last_polygon_uuid":"71c0b307-e197-4e32-bb37-d809fe26ae53","prev_last_polygon_uuid":"3bc1b587-3cec-47a6-a2fb-6146b78b6d73","local_government_cd":"016616","point_lng":144.44510534,"point_lat":43.019037909}},{"arcs":[[32]],"type":"Polygon","properties":{"polygon_uuid":"3b9b3e1d-6d1b-48e1-9096-bed8d97fac44","land_type":200,"issue_year":2024,"edit_year":2021,"history":"[{\"筆ポリゴンID\":\"a683594d-3029-4f5b-8a27-ced60cdf7ae4\",\"更新年度\":2023,\"前年同一\":true},[{\"筆ポリゴンID\":\"b2447be8-5875-4962-9954-5e856dc36f7a\",\"更新年度\":2022,\"前年同一\":true},[{\"筆ポリゴンID\":\"177b3698-d245-41f2-8323-861eb18c799a\",\"更新年度\":2021,\"関連\":true},{\"筆ポリゴンID\":\"177b3698-d245-41f2-8323-861eb18c799a\",\"発生年度\":2020}]]]","last_polygon_uuid":"a683594d-3029-4f5b-8a27-ced60cdf7ae4","prev_last_polygon_uuid":"b2447be8-5875-4962-9954-5e856dc36f7a","local_government_cd":"016616","point_lng":144.509010195,"point_lat":43.074405567}},{"arcs":[[33,34]],"type":"Polygon","properties":{"polygon_uuid":"b5bbb543-fecb-4243-b242-b9986fcc6710","land_type":200,"issue_year":2024,"edit_year":2020,"history":"[{\"筆ポリゴンID\":\"59b8f719-5d48-4dd4-acdd-6b4103e2eb88\",\"更新年度\":2023,\"前年同一\":true},[{\"筆ポリゴンID\":\"d984aacd-5965-4216-810b-534a55d9d850\",\"更新年度\":2022,\"前年同一\":true},[{\"筆ポリゴンID\":\"45a1e913-78dd-4062-809c-a5db2584ea0f\",\"更新年度\":2021,\"前年同一\":true},{\"筆ポリゴンID\":\"45a1e913-78dd-4062-809c-a5db2584ea0f\",\"発生年度\":2020}]]]","last_polygon_uuid":"59b8f719-5d48-4dd4-acdd-6b4103e2eb88","prev_last_polygon_uuid":"d984aacd-5965-4216-810b-534a55d9d850","local_government_cd":"016616","point_lng":144.528829326,"point_lat":43.053995797}},{"arcs":[[35]],"type":"Polygon","properties":{"polygon_uuid":"b22237e8-17c0-42f9-b9ed-63766db1d1eb","land_type":200,"issue_year":2024,"edit_year":2020,"history":"[{\"筆ポリゴンID\":\"49c494e1-ecb9-47b1-b107-4227093b0083\",\"更新年度\":2023,\"前年同一\":true},[{\"筆ポリゴンID\":\"829537d0-81c8-4b1f-a5ee-b9d1bbeefe48\",\"更新年度\":2022,\"前年同一\":true},[{\"筆ポリゴンID\":\"c3c71724-4794-4a30-a647-de44cc3954e0\",\"更新年度\":2021,\"前年同一\":true},{\"筆ポリゴンID\":\"c3c71724-4794-4a30-a647-de44cc3954e0\",\"発生年度\":2020}]]]","last_polygon_uuid":"49c494e1-ecb9-47b1-b107-4227093b0083","prev_last_polygon_uuid":"829537d0-81c8-4b1f-a5ee-b9d1bbeefe48","local_government_cd":"016616","point_lng":144.423088207,"point_lat":43.068008372}},{"arcs":[[36,37],[38]],"type":"Polygon","properties":{"polygon_uuid":"eba5c3f6-4411-4a32-ac00-0ac10084e805","land_type":200,"issue_year":2024,"edit_year":2020,"history":"[{\"筆ポリゴンID\":\"b2e138a9-9f53-4dfc-9329-d119e271c8ec\",\"更新年度\":2023,\"前年同一\":true},[{\"筆ポリゴンID\":\"eda33ee0-965f-489e-a1e0-e0594558cfd4\",\"更新年度\":2022,\"前年同一\":true},[{\"筆ポリゴンID\":\"75877564-0d8e-42e3-9078-44dc58613fbd\",\"更新年度\":2021,\"前年同一\":true},{\"筆ポリゴンID\":\"75877564-0d8e-42e3-9078-44dc58613fbd\",\"発生年度\":2020}]]]","last_polygon_uuid":"b2e138a9-9f53-4dfc-9329-d119e271c8ec","prev_last_polygon_uuid":"eda33ee0-965f-489e-a1e0-e0594558cfd4","local_government_cd":"016616","point_lng":144.54316109,"point_lat":43.045371522}},{"arcs":[[39,40]],"type":"Polygon","properties":{"polygon_uuid":"e7ee1e81-8e0b-459e-b4bd-25b23a913b55","land_type":200,"issue_year":2024,"edit_year":2020,"history":"[{\"筆ポリゴンID\":\"2bdb6aed-7c52-4c8c-b17d-0a11aa250363\",\"更新年度\":2023,\"前年同一\":true},[{\"筆ポリゴンID\":\"540611e7-5038-49a3-a7de-c5ed5e93de7d\",\"更新年度\":2022,\"前年同一\":true},[{\"筆ポリゴンID\":\"a98d93ce-e88f-4e1e-8ffe-0b516a639a06\",\"更新年度\":2021,\"前年同一\":true},{\"筆ポリゴンID\":\"a98d93ce-e88f-4e1e-8ffe-0b516a639a06\",\"発生年度\":2020}]]]","last_polygon_uuid":"2bdb6aed-7c52-4c8c-b17d-0a11aa250363","prev_last_polygon_uuid":"540611e7-5038-49a3-a7de-c5ed5e93de7d","local_government_cd":"016616","point_lng":144.49377624,"point_lat":43.048196461}},{"arcs":[[41]],"type":"Polygon","properties":{"polygon_uuid":"2506662e-4968-4de8-85ce-5d12234c7374","land_type":200,"issue_year":2024,"edit_year":2020,"history":"[{\"筆ポリゴンID\":\"8e054a9a-4f68-4e7b-9a55-6d8a9ef6ff6f\",\"更新年度\":2023,\"前年同一\":true},[{\"筆ポリゴンID\":\"dd263e9f-1d69-4f9c-8df7-da066dcd17c8\",\"更新年度\":2022,\"前年同一\":true},[{\"筆ポリゴンID\":\"5f512a57-ae4a-403f-8e2e-cf0897f0c1e5\",\"更新年度\":2021,\"前年同一\":true},{\"筆ポリゴンID\":\"5f512a57-ae4a-403f-8e2e-cf0897f0c1e5\",\"発生年度\":2020}]]]","last_polygon_uuid":"8e054a9a-4f68-4e7b-9a55-6d8a9ef6ff6f","prev_last_polygon_uuid":"dd263e9f-1d69-4f9c-8df7-da066dcd17c8","local_government_cd":"016616","point_lng":144.419646315,"point_lat":43.066551182}},{"arcs":[[42,43]],"type":"Polygon","properties":{"polygon_uuid":"9ec64180-4dfa-442e-9469-d060e7d24fc3","land_type":200,"issue_year":2024,"edit_year":2020,"history":"[{\"筆ポリゴンID\":\"38bb4a2f-7ae7-4cfa-9305-51a0488c58ba\",\"更新年度\":2023,\"前年同一\":true},[{\"筆ポリゴンID\":\"661f327a-5b3a-4f05-a7a3-316f171dcca7\",\"更新年度\":2022,\"前年同一\":true},[{\"筆ポリゴンID\":\"b9faeb82-db54-4870-9e31-b581a3fa65bb\",\"更新年度\":2021,\"前年同一\":true},{\"筆ポリゴンID\":\"b9faeb82-db54-4870-9e31-b581a3fa65bb\",\"発生年度\":2020}]]]","last_polygon_uuid":"38bb4a2f-7ae7-4cfa-9305-51a0488c58ba","prev_last_polygon_uuid":"661f327a-5b3a-4f05-a7a3-316f171dcca7","local_government_cd":"016616","point_lng":144.516504831,"point_lat":43.043898554}},{"arcs":[[44]],"type":"Polygon","properties":{"polygon_uuid":"acdb51dc-8fec-4e57-a145-5b5d0f9f9a08","land_type":200,"issue_year":2024,"edit_year":2020,"history":"[{\"筆ポリゴンID\":\"f22b7b0f-4175-416f-9c98-bea90a121e91\",\"更新年度\":2023,\"前年同一\":true},[{\"筆ポリゴンID\":\"f625c0dc-be37-4acb-ba73-9e9340cd17f4\",\"更新年度\":2022,\"前年同一\":true},[{\"筆ポリゴンID\":\"753dad0d-5e6a-43cc-bffc-6b556fdeb7ff\",\"更新年度\":2021,\"前年同一\":true},{\"筆ポリゴンID\":\"753dad0d-5e6a-43cc-bffc-6b556fdeb7ff\",\"発生年度\":2020}]]]","last_polygon_uuid":"f22b7b0f-4175-416f-9c98-bea90a121e91","prev_last_polygon_uuid":"f625c0dc-be37-4acb-ba73-9e9340cd17f4","local_government_cd":"016616","point_lng":144.418328859,"point_lat":43.068497867}},{"arcs":[[45]],"type":"Polygon","properties":{"polygon_uuid":"25dee6e3-44a7-4fbd-835c-780ca780ea76","land_type":200,"issue_year":2024,"edit_year":2020,"history":"[{\"筆ポリゴンID\":\"73c2031c-0fe3-4e72-8987-ead7bf2a4a6f\",\"更新年度\":2023,\"前年同一\":true},[{\"筆ポリゴンID\":\"4084f38c-300c-44da-b839-b99f92b8eb15\",\"更新年度\":2022,\"前年同一\":true},[{\"筆ポリゴンID\":\"8a21bb2a-f6d8-4892-8d46-d203a040144b\",\"更新年度\":2021,\"前年同一\":true},{\"筆ポリゴンID\":\"8a21bb2a-f6d8-4892-8d46-d203a040144b\",\"発生年度\":2020}]]]","last_polygon_uuid":"73c2031c-0fe3-4e72-8987-ead7bf2a4a6f","prev_last_polygon_uuid":"4084f38c-300c-44da-b839-b99f92b8eb15","local_government_cd":"016616","point_lng":144.417835401,"point_lat":43.067320907}},{"arcs":[[46]],"type":"Polygon","properties":{"polygon_uuid":"2e9b08d1-b882-4281-b6c4-356c9af05e0c","land_type":200,"issue_year":2024,"edit_year":2021,"history":"[{\"筆ポリゴンID\":\"46b8ffa8-0bfd-4b9f-b214-89b24ae19075\",\"更新年度\":2023,\"前年同一\":true},[{\"筆ポリゴンID\":\"33a0f148-2b4c-481a-8dfa-596603013e4c\",\"更新年度\":2022,\"前年同一\":true},[{\"筆ポリゴンID\":\"d0a80f7f-5c88-4e46-bee5-e2ec7f40bef7\",\"更新年度\":2021,\"関連\":true},{\"筆ポリゴンID\":\"d0a80f7f-5c88-4e46-bee5-e2ec7f40bef7\",\"発生年度\":2020}]]]","last_polygon_uuid":"46b8ffa8-0bfd-4b9f-b214-89b24ae19075","prev_last_polygon_uuid":"33a0f148-2b4c-481a-8dfa-596603013e4c","local_government_cd":"016616","point_lng":144.690638904,"point_lat":42.98425619}},{"arcs":[[47]],"type":"Polygon","properties":{"polygon_uuid":"584d7c90-ff78-4987-9fcb-22ec5d233f0f","land_type":200,"issue_year":2024,"edit_year":2021,"history":"[{\"筆ポリゴンID\":\"34ffc8c2-bec3-4248-a4b0-faa533814879\",\"更新年度\":2023,\"前年同一\":true},[{\"筆ポリゴンID\":\"a6e6446c-794b-4c4c-ace4-2d34ff575f06\",\"更新年度\":2022,\"前年同一\":true},[{\"筆ポリゴンID\":\"de05e4c6-9062-42dd-8dfc-6d36b0679748\",\"更新年度\":2021,\"関連\":true},{\"筆ポリゴンID\":\"de05e4c6-9062-42dd-8dfc-6d36b0679748\",\"発生年度\":2020}]]]","last_polygon_uuid":"34ffc8c2-bec3-4248-a4b0-faa533814879","prev_last_polygon_uuid":"a6e6446c-794b-4c4c-ace4-2d34ff575f06","local_government_cd":"016616","point_lng":144.690278838,"point_lat":42.986631053}},{"arcs":[[48]],"type":"Polygon","properties":{"polygon_uuid":"fdd7cf44-191b-45a8-b08a-0681e85f3e94","land_type":200,"issue_year":2024,"edit_year":2021,"history":"[{\"筆ポリゴンID\":\"560b66ce-3601-4cae-a99e-d6740f4319cc\",\"更新年度\":2023,\"前年同一\":true},[{\"筆ポリゴンID\":\"7c5d0f1b-71cc-4923-adb5-da85411b0840\",\"更新年度\":2022,\"前年同一\":true},[[{\"筆ポリゴンID\":\"ff8e4208-4117-4f20-b2e3-7beee38b73f9\",\"更新年度\":2021,\"関連\":true},{\"筆ポリゴンID\":\"ff8e4208-4117-4f20-b2e3-7beee38b73f9\",\"発生年度\":2020}],[{\"筆ポリゴンID\":\"598b623d-1339-4392-a1ed-8c5b7e9b2fea\",\"更新年度\":2021,\"関連\":true},{\"筆ポリゴンID\":\"598b623d-1339-4392-a1ed-8c5b7e9b2fea\",\"発生年度\":2020}],[{\"筆ポリゴンID\":\"3a7fd54a-92d9-4d4f-a442-a8bbac763a18\",\"更新年度\":2021,\"関連\":true},{\"筆ポリゴンID\":\"3a7fd54a-92d9-4d4f-a442-a8bbac763a18\",\"発生年度\":2020}],[{\"筆ポリゴンID\":\"0746c2f9-efca-4c64-a205-1f06e90595dd\",\"更新年度\":2021,\"関連\":true},{\"筆ポリゴンID\":\"0746c2f9-efca-4c64-a205-1f06e90595dd\",\"発生年度\":2020}],[{\"筆ポリゴンID\":\"9cae7e22-6596-4b81-966a-005bafeaf8fe\",\"更新年度\":2021,\"関連\":true},{\"筆ポリゴンID\":\"9cae7e22-6596-4b81-966a-005bafeaf8fe\",\"発生年度\":2020}]]]]","last_polygon_uuid":"560b66ce-3601-4cae-a99e-d6740f4319cc","prev_last_polygon_uuid":"7c5d0f1b-71cc-4923-adb5-da85411b0840","local_government_cd":"016616","point_lng":144.69328111,"point_lat":42.987021151}},{"arcs":[[49]],"type":"Polygon","properties":{"polygon_uuid":"f49615ce-5a8f-4b2e-8534-6677cf8bffe2","land_type":200,"issue_year":2024,"edit_year":2021,"history":"[{\"筆ポリゴンID\":\"e1dc98c4-237b-4c19-bfbb-818f9dbf21b3\",\"更新年度\":2023,\"前年同一\":true},[{\"筆ポリゴンID\":\"933fc307-5de1-4024-9c37-4780834a992c\",\"更新年度\":2022,\"前年同一\":true},[{\"筆ポリゴンID\":\"a8099fd7-66fd-427a-bfe3-af16a08a4303\",\"更新年度\":2021,\"関連\":true},{\"筆ポリゴンID\":\"a8099fd7-66fd-427a-bfe3-af16a08a4303\",\"発生年度\":2020}]]]","last_polygon_uuid":"e1dc98c4-237b-4c19-bfbb-818f9dbf21b3","prev_last_polygon_uuid":"933fc307-5de1-4024-9c37-4780834a992c","local_government_cd":"016616","point_lng":144.695760445,"point_lat":42.96353888}},{"arcs":[[50]],"type":"Polygon","properties":{"polygon_uuid":"a8e7260f-266d-40c5-b8b6-33c58695d034","land_type":200,"issue_year":2024,"edit_year":2020,"history":"[{\"筆ポリゴンID\":\"b33a9c78-4332-4fec-a40e-9295d561b2cb\",\"更新年度\":2023,\"前年同一\":true},[{\"筆ポリゴンID\":\"062db3f4-ee7d-4453-98f4-8d1252212de7\",\"更新年度\":2022,\"前年同一\":true},[{\"筆ポリゴンID\":\"5f88b2a9-cac0-4f99-923e-ab8de9af897a\",\"更新年度\":2021,\"前年同一\":true},{\"筆ポリゴンID\":\"5f88b2a9-cac0-4f99-923e-ab8de9af897a\",\"発生年度\":2020}]]]","last_polygon_uuid":"b33a9c78-4332-4fec-a40e-9295d561b2cb","prev_last_polygon_uuid":"062db3f4-ee7d-4453-98f4-8d1252212de7","local_government_cd":"016616","point_lng":144.422056729,"point_lat":43.070573164}},{"arcs":[[-43,51]],"type":"Polygon","properties":{"polygon_uuid":"9138036f-d668-4d49-b635-06515d4033c1","land_type":200,"issue_year":2024,"edit_year":2021,"history":"[{\"筆ポリゴンID\":\"4ab36047-5ec7-4648-9079-956ab337647d\",\"更新年度\":2023,\"前年同一\":true},[{\"筆ポリゴンID\":\"3e376a1e-f723-4793-8605-e38d6d54912a\",\"更新年度\":2022,\"前年同一\":true},[{\"筆ポリゴンID\":\"8bb53646-041c-401f-a4d9-911b96d78ce5\",\"更新年度\":2021,\"関連\":true},{\"筆ポリゴンID\":\"8bb53646-041c-401f-a4d9-911b96d78ce5\",\"発生年度\":2020}]]]","last_polygon_uuid":"4ab36047-5ec7-4648-9079-956ab337647d","prev_last_polygon_uuid":"3e376a1e-f723-4793-8605-e38d6d54912a","local_government_cd":"016616","point_lng":144.516283003,"point_lat":43.043305845}},{"arcs":[[52],[53]],"type":"Polygon","properties":{"polygon_uuid":"61e5e418-216f-497e-97a7-8a3331f2e5d1","land_type":200,"issue_year":2024,"edit_year":2021,"history":"[{\"筆ポリゴンID\":\"0cf1b77e-db7b-4844-b757-46eef0df6376\",\"更新年度\":2023,\"前年同一\":true},[{\"筆ポリゴンID\":\"6bbfff5f-0da4-4ee6-aea6-044ab93224bb\",\"更新年度\":2022,\"前年同一\":true},[{\"筆ポリゴンID\":\"21977d9a-b008-4bcb-923e-1a38b5f53b25\",\"更新年度\":2021,\"関連\":true},{\"筆ポリゴンID\":\"21977d9a-b008-4bcb-923e-1a38b5f53b25\",\"発生年度\":2020}]]]","last_polygon_uuid":"0cf1b77e-db7b-4844-b757-46eef0df6376","prev_last_polygon_uuid":"6bbfff5f-0da4-4ee6-aea6-044ab93224bb","local_government_cd":"016616","point_lng":144.685469537,"point_lat":42.968193154}},{"arcs":[[54]],"type":"Polygon","properties":{"polygon_uuid":"bd1f0cb8-848e-4417-bb11-b3c1d015dae7","land_type":200,"issue_year":2024,"edit_year":2021,"history":"[{\"筆ポリゴンID\":\"9b9ea8ab-bf95-4088-84f0-af115bf05b23\",\"更新年度\":2023,\"前年同一\":true},[{\"筆ポリゴンID\":\"27e17c77-efd1-4857-bf3c-edc62b2a3a03\",\"更新年度\":2022,\"前年同一\":true},[{\"筆ポリゴンID\":\"7121d614-e35b-44fc-b831-2b799cca0c24\",\"更新年度\":2021,\"関連\":true},{\"筆ポリゴンID\":\"7121d614-e35b-44fc-b831-2b799cca0c24\",\"発生年度\":2020}]]]","last_polygon_uuid":"9b9ea8ab-bf95-4088-84f0-af115bf05b23","prev_last_polygon_uuid":"27e17c77-efd1-4857-bf3c-edc62b2a3a03","local_government_cd":"016616","point_lng":144.721916118,"point_lat":42.988956481}},{"arcs":[[55]],"type":"Polygon","properties":{"polygon_uuid":"02dfbb82-2a40-464b-8e38-e291ae996733","land_type":200,"issue_year":2024,"edit_year":2021,"history":"[{\"筆ポリゴンID\":\"e32327bb-836d-4e48-8005-8a44c07afe0b\",\"更新年度\":2023,\"前年同一\":true},[{\"筆ポリゴンID\":\"224818a6-ff57-4508-b9cf-9e274f5bbf2b\",\"更新年度\":2022,\"前年同一\":true},[{\"筆ポリゴンID\":\"bba15895-26dc-487d-9db5-00c35ebf0553\",\"更新年度\":2021,\"関連\":true},{\"筆ポリゴンID\":\"bba15895-26dc-487d-9db5-00c35ebf0553\",\"発生年度\":2020}]]]","last_polygon_uuid":"e32327bb-836d-4e48-8005-8a44c07afe0b","prev_last_polygon_uuid":"224818a6-ff57-4508-b9cf-9e274f5bbf2b","local_government_cd":"016616","point_lng":144.702170824,"point_lat":42.96819085}},{"arcs":[[56]],"type":"Polygon","properties":{"polygon_uuid":"2dc5962c-0b14-467e-b929-49ebf972cdd0","land_type":200,"issue_year":2024,"edit_year":2021,"history":"[{\"筆ポリゴンID\":\"93cd841c-1925-4789-a4a7-0ca47367f6c3\",\"更新年度\":2023,\"前年同一\":true},[{\"筆ポリゴンID\":\"600fb842-0e05-4416-99bc-d9902ab889d2\",\"更新年度\":2022,\"前年同一\":true},[{\"筆ポリゴンID\":\"641067dc-14e2-49f7-adef-4c73108884a9\",\"更新年度\":2021,\"関連\":true},{\"筆ポリゴンID\":\"641067dc-14e2-49f7-adef-4c73108884a9\",\"発生年度\":2020}]]]","last_polygon_uuid":"93cd841c-1925-4789-a4a7-0ca47367f6c3","prev_last_polygon_uuid":"600fb842-0e05-4416-99bc-d9902ab889d2","local_government_cd":"016616","point_lng":144.690345468,"point_lat":42.97846967}},{"arcs":[[57]],"type":"Polygon","properties":{"polygon_uuid":"8cc13952-1c6c-4a0d-bd2c-83a3b7ea0f2c","land_type":200,"issue_year":2024,"edit_year":2021,"history":"[{\"筆ポリゴンID\":\"a232dcd8-54bc-4cfd-9590-d61f97796d8c\",\"更新年度\":2023,\"前年同一\":true},[{\"筆ポリゴンID\":\"edb37a66-03ef-43a5-97ea-d6efad12695a\",\"更新年度\":2022,\"前年同一\":true},[{\"筆ポリゴンID\":\"4457b113-24e4-4c12-96e9-a95adbfd2db9\",\"更新年度\":2021,\"関連\":true},{\"筆ポリゴンID\":\"4457b113-24e4-4c12-96e9-a95adbfd2db9\",\"発生年度\":2020}]]]","last_polygon_uuid":"a232dcd8-54bc-4cfd-9590-d61f97796d8c","prev_last_polygon_uuid":"edb37a66-03ef-43a5-97ea-d6efad12695a","local_government_cd":"016616","point_lng":144.689021641,"point_lat":42.97743216}},{"arcs":[[58]],"type":"Polygon","properties":{"polygon_uuid":"030b1f29-6ae1-4496-b4ea-d03bcf58a29e","land_type":200,"issue_year":2024,"edit_year":2021,"history":"[{\"筆ポリゴンID\":\"4409fc1d-84db-49c6-a099-1f01c817b4e2\",\"更新年度\":2023,\"前年同一\":true},[{\"筆ポリゴンID\":\"9e4cee59-f249-4ef1-a94f-9dcf070606b2\",\"更新年度\":2022,\"前年同一\":true},[{\"筆ポリゴンID\":\"598b623d-1339-4392-a1ed-8c5b7e9b2fea\",\"更新年度\":2021,\"関連\":true},{\"筆ポリゴンID\":\"598b623d-1339-4392-a1ed-8c5b7e9b2fea\",\"発生年度\":2020}]]]","last_polygon_uuid":"4409fc1d-84db-49c6-a099-1f01c817b4e2","prev_last_polygon_uuid":"9e4cee59-f249-4ef1-a94f-9dcf070606b2","local_government_cd":"016616","point_lng":144.693550133,"point_lat":42.98480304}},{"arcs":[[59]],"type":"Polygon","properties":{"polygon_uuid":"14319860-abae-4c3e-9819-c08506a4773d","land_type":200,"issue_year":2024,"edit_year":2021,"history":"[{\"筆ポリゴンID\":\"25ca13e3-127a-4061-9b27-0e98813e8e1d\",\"更新年度\":2023,\"前年同一\":true},[{\"筆ポリゴンID\":\"90b6e4b0-acac-4181-8581-da7dceff9dfe\",\"更新年度\":2022,\"前年同一\":true},[{\"筆ポリゴンID\":\"6f48b4aa-f4d4-4375-afaf-3d647ba2a13f\",\"更新年度\":2021,\"関連\":true},{\"筆ポリゴンID\":\"6f48b4aa-f4d4-4375-afaf-3d647ba2a13f\",\"発生年度\":2020}]]]","last_polygon_uuid":"25ca13e3-127a-4061-9b27-0e98813e8e1d","prev_last_polygon_uuid":"90b6e4b0-acac-4181-8581-da7dceff9dfe","local_government_cd":"016616","point_lng":144.431027504,"point_lat":43.06054681}},{"arcs":[[60,61]],"type":"Polygon","properties":{"polygon_uuid":"c1b8e6b6-54e7-4320-a8f0-29ba97be1d01","land_type":200,"issue_year":2024,"edit_year":2021,"history":"[{\"筆ポリゴンID\":\"e0d0d8ce-c2b3-4d20-a0ec-30da64a79ed7\",\"更新年度\":2023,\"前年同一\":true},[{\"筆ポリゴンID\":\"534b6f8e-9cef-4658-a539-f8ee0efdd242\",\"更新年度\":2022,\"前年同一\":true},[{\"筆ポリゴンID\":\"4106e609-f147-4cf3-afa9-704d72d3b0c2\",\"更新年度\":2021,\"関連\":true},{\"筆ポリゴンID\":\"4106e609-f147-4cf3-afa9-704d72d3b0c2\",\"発生年度\":2020}]]]","last_polygon_uuid":"e0d0d8ce-c2b3-4d20-a0ec-30da64a79ed7","prev_last_polygon_uuid":"534b6f8e-9cef-4658-a539-f8ee0efdd242","local_government_cd":"016616","point_lng":144.669793848,"point_lat":42.968401951}},{"arcs":[[62]],"type":"Polygon","properties":{"polygon_uuid":"4d2e0037-2941-4299-b06c-f094042e3d3e","land_type":200,"issue_year":2024,"edit_year":2020,"history":"[{\"筆ポリゴンID\":\"bec7a99c-c06e-40a8-b2f7-5e55007332ab\",\"更新年度\":2023,\"前年同一\":true},[{\"筆ポリゴンID\":\"0534d159-8943-4c25-bd34-756c28d93286\",\"更新年度\":2022,\"前年同一\":true},[{\"筆ポリゴンID\":\"5a37f154-a8b9-440a-b231-322052c15c05\",\"更新年度\":2021,\"前年同一\":true},{\"筆ポリゴンID\":\"5a37f154-a8b9-440a-b231-322052c15c05\",\"発生年度\":2020}]]]","last_polygon_uuid":"bec7a99c-c06e-40a8-b2f7-5e55007332ab","prev_last_polygon_uuid":"0534d159-8943-4c25-bd34-756c28d93286","local_government_cd":"016616","point_lng":144.423678398,"point_lat":43.069627024}},{"arcs":[[63]],"type":"Polygon","properties":{"polygon_uuid":"fafa02e3-d64c-49b0-8b21-227ec2a86a52","land_type":200,"issue_year":2024,"edit_year":2021,"history":"[{\"筆ポリゴンID\":\"08bf8835-365c-479d-9786-d351459e0dee\",\"更新年度\":2023,\"前年同一\":true},[{\"筆ポリゴンID\":\"4b16167e-c892-4c75-bdb8-b925cae63646\",\"更新年度\":2022,\"前年同一\":true},[{\"筆ポリゴンID\":\"8417750d-5d81-40dd-a493-bb53025ccca4\",\"更新年度\":2021,\"関連\":true},{\"筆ポリゴンID\":\"8417750d-5d81-40dd-a493-bb53025ccca4\",\"発生年度\":2020}]]]","last_polygon_uuid":"08bf8835-365c-479d-9786-d351459e0dee","prev_last_polygon_uuid":"4b16167e-c892-4c75-bdb8-b925cae63646","local_government_cd":"016616","point_lng":144.519114315,"point_lat":43.0140082}},{"arcs":[[64]],"type":"Polygon","properties":{"polygon_uuid":"f32c2519-3564-43df-a83a-40e2f732180e","land_type":200,"issue_year":2024,"edit_year":2021,"history":"[{\"筆ポリゴンID\":\"2bb30881-9b3c-4f27-a39a-c7db49b74d6f\",\"更新年度\":2023,\"前年同一\":true},[{\"筆ポリゴンID\":\"813e04d2-2860-4d47-8cf7-30d5280c05c5\",\"更新年度\":2022,\"前年同一\":true},[{\"筆ポリゴンID\":\"b7bcfc3b-7dbf-43d0-aedc-3319ebc460f4\",\"更新年度\":2021,\"関連\":true},{\"筆ポリゴンID\":\"b7bcfc3b-7dbf-43d0-aedc-3319ebc460f4\",\"発生年度\":2020}]]]","last_polygon_uuid":"2bb30881-9b3c-4f27-a39a-c7db49b74d6f","prev_last_polygon_uuid":"813e04d2-2860-4d47-8cf7-30d5280c05c5","local_government_cd":"016616","point_lng":144.420330051,"point_lat":43.062604066}},{"arcs":[[65],[66],[67]],"type":"Polygon","properties":{"polygon_uuid":"0b952637-1829-470f-80a2-421358c8e948","land_type":200,"issue_year":2024,"edit_year":2021,"history":"[{\"筆ポリゴンID\":\"b3e92784-1e6d-4070-8380-8d7e99fb47a0\",\"更新年度\":2023,\"前年同一\":true},[{\"筆ポリゴンID\":\"e1d16126-3db6-4e07-97e0-8899017ad6e0\",\"更新年度\":2022,\"前年同一\":true},[{\"筆ポリゴンID\":\"867bc9ee-73c7-4a1f-85dc-ea3ff1b58175\",\"更新年度\":2021,\"関連\":true},{\"筆ポリゴンID\":\"867bc9ee-73c7-4a1f-85dc-ea3ff1b58175\",\"発生年度\":2020}]]]","last_polygon_uuid":"b3e92784-1e6d-4070-8380-8d7e99fb47a0","prev_last_polygon_uuid":"e1d16126-3db6-4e07-97e0-8899017ad6e0","local_government_cd":"016616","point_lng":144.544355612,"point_lat":43.065906573}},{"arcs":[[68]],"type":"Polygon","properties":{"polygon_uuid":"fcf5e11b-bc49-4a7d-90fe-6a204ece0e07","land_type":200,"issue_year":2024,"edit_year":2021,"history":"[{\"筆ポリゴンID\":\"66be2f41-e438-4d01-80aa-b03c795aee88\",\"更新年度\":2023,\"前年同一\":true},[{\"筆ポリゴンID\":\"532e1f0f-43ae-4521-b86b-83f3165f5bb5\",\"更新年度\":2022,\"前年同一\":true},[{\"筆ポリゴンID\":\"1ee656b7-f9a7-4b41-8e72-29f56586fbed\",\"更新年度\":2021,\"関連\":true},{\"筆ポリゴンID\":\"1ee656b7-f9a7-4b41-8e72-29f56586fbed\",\"発生年度\":2020}]]]","last_polygon_uuid":"66be2f41-e438-4d01-80aa-b03c795aee88","prev_last_polygon_uuid":"532e1f0f-43ae-4521-b86b-83f3165f5bb5","local_government_cd":"016616","point_lng":144.5045389,"point_lat":43.058365561}},{"arcs":[[69],[70]],"type":"Polygon","properties":{"polygon_uuid":"49ca085f-ec5c-4585-9992-6e1b4b91da27","land_type":200,"issue_year":2024,"edit_year":2021,"history":"[{\"筆ポリゴンID\":\"19f68248-4771-4c85-97b3-2e839d164d2c\",\"更新年度\":2023,\"前年同一\":true},[{\"筆ポリゴンID\":\"c712ead7-bc4e-4812-9e50-697c155d105f\",\"更新年度\":2022,\"前年同一\":true},[{\"筆ポリゴンID\":\"fa5e51de-9a84-4a3b-91de-3d51f1c952f4\",\"更新年度\":2021,\"関連\":true},{\"筆ポリゴンID\":\"fa5e51de-9a84-4a3b-91de-3d51f1c952f4\",\"発生年度\":2020}]]]","last_polygon_uuid":"19f68248-4771-4c85-97b3-2e839d164d2c","prev_last_polygon_uuid":"c712ead7-bc4e-4812-9e50-697c155d105f","local_government_cd":"016616","point_lng":144.516279111,"point_lat":43.080404515}},{"arcs":[[71]],"type":"Polygon","properties":{"polygon_uuid":"139d3435-ae4e-4b63-9cdd-ced844767c0c","land_type":200,"issue_year":2024,"edit_year":2021,"history":"[{\"筆ポリゴンID\":\"dec1ce24-fdf5-4a38-8397-bea9d3eef76b\",\"更新年度\":2023,\"前年同一\":true},[{\"筆ポリゴンID\":\"7c5f61f8-1921-48d4-b841-5b046fadb154\",\"更新年度\":2022,\"前年同一\":true},[{\"筆ポリゴンID\":\"a2b191bd-e8db-43c5-b5a4-2fa94cb54578\",\"更新年度\":2021,\"関連\":true},{\"筆ポリゴンID\":\"a2b191bd-e8db-43c5-b5a4-2fa94cb54578\",\"発生年度\":2020}]]]","last_polygon_uuid":"dec1ce24-fdf5-4a38-8397-bea9d3eef76b","prev_last_polygon_uuid":"7c5f61f8-1921-48d4-b841-5b046fadb154","local_government_cd":"016616","point_lng":144.420051397,"point_lat":43.060907444}},{"arcs":[[72]],"type":"Polygon","properties":{"polygon_uuid":"4b8ad715-1199-4ed1-9faf-7e614f91b4b5","land_type":200,"issue_year":2024,"edit_year":2021,"history":"[{\"筆ポリゴンID\":\"9fbb330e-a2ee-4fd6-bf36-6fcf27fe89db\",\"更新年度\":2023,\"前年同一\":true},[{\"筆ポリゴンID\":\"19289d38-c809-4f66-ad29-758e2843c8ca\",\"更新年度\":2022,\"前年同一\":true},[{\"筆ポリゴンID\":\"68b988a4-632e-4d7a-ae5d-fb95b09d6074\",\"更新年度\":2021,\"関連\":true},{\"筆ポリゴンID\":\"68b988a4-632e-4d7a-ae5d-fb95b09d6074\",\"発生年度\":2020}]]]","last_polygon_uuid":"9fbb330e-a2ee-4fd6-bf36-6fcf27fe89db","prev_last_polygon_uuid":"19289d38-c809-4f66-ad29-758e2843c8ca","local_government_cd":"016616","point_lng":144.545472085,"point_lat":43.058217909}},{"arcs":[[73]],"type":"Polygon","properties":{"polygon_uuid":"b2c63832-0115-4b47-903b-07f1395aa9c5","land_type":200,"issue_year":2024,"edit_year":2021,"history":"[{\"筆ポリゴンID\":\"4a36b77f-db31-42f0-bd75-ff9a30d07735\",\"更新年度\":2023,\"前年同一\":true},[{\"筆ポリゴンID\":\"996ee0d2-ae2a-4ede-a702-a65c5bd1b54d\",\"更新年度\":2022,\"前年同一\":true},[{\"筆ポリゴンID\":\"6322712d-4300-4143-83e1-40b51d728060\",\"更新年度\":2021,\"関連\":true},{\"筆ポリゴンID\":\"6322712d-4300-4143-83e1-40b51d728060\",\"発生年度\":2020}]]]","last_polygon_uuid":"4a36b77f-db31-42f0-bd75-ff9a30d07735","prev_last_polygon_uuid":"996ee0d2-ae2a-4ede-a702-a65c5bd1b54d","local_government_cd":"016616","point_lng":144.454636557,"point_lat":43.024117451}},{"arcs":[[74]],"type":"Polygon","properties":{"polygon_uuid":"733ff7f0-58dc-4675-b925-eb98074b04d3","land_type":200,"issue_year":2024,"edit_year":2021,"history":"[{\"筆ポリゴンID\":\"5f77e4f5-f14f-4674-a604-1bce94741761\",\"更新年度\":2023,\"前年同一\":true},[{\"筆ポリゴンID\":\"58f03853-8203-49df-966c-769b341bf0c2\",\"更新年度\":2022,\"前年同一\":true},[{\"筆ポリゴンID\":\"51396f91-73b5-4ab8-9a76-c458ad1745e4\",\"更新年度\":2021,\"関連\":true},{\"筆ポリゴンID\":\"51396f91-73b5-4ab8-9a76-c458ad1745e4\",\"発生年度\":2020}]]]","last_polygon_uuid":"5f77e4f5-f14f-4674-a604-1bce94741761","prev_last_polygon_uuid":"58f03853-8203-49df-966c-769b341bf0c2","local_government_cd":"016616","point_lng":144.458223427,"point_lat":43.021705787}},{"arcs":[[75]],"type":"Polygon","properties":{"polygon_uuid":"28a2a7a7-d577-423e-bd9e-26aedc45709f","land_type":200,"issue_year":2024,"edit_year":2021,"history":"[{\"筆ポリゴンID\":\"ced6074c-b443-437d-8d51-0c8f8234793f\",\"更新年度\":2023,\"前年同一\":true},[{\"筆ポリゴンID\":\"eff02a5f-19be-4a9a-920a-83149430d93b\",\"更新年度\":2022,\"前年同一\":true},[{\"筆ポリゴンID\":\"6e69d20c-ea90-4c3b-a017-4abbdcf5adea\",\"更新年度\":2021,\"関連\":true},{\"筆ポリゴンID\":\"6e69d20c-ea90-4c3b-a017-4abbdcf5adea\",\"発生年度\":2020}]]]","last_polygon_uuid":"ced6074c-b443-437d-8d51-0c8f8234793f","prev_last_polygon_uuid":"eff02a5f-19be-4a9a-920a-83149430d93b","local_government_cd":"016616","point_lng":144.501139881,"point_lat":43.060346802}},{"arcs":[[76]],"type":"Polygon","properties":{"polygon_uuid":"f9d6e9ad-0886-49bb-ab63-f0b466c5b09e","land_type":200,"issue_year":2024,"edit_year":2021,"history":"[{\"筆ポリゴンID\":\"4aa178cf-ac23-4b99-8a47-ea7a60df368f\",\"更新年度\":2023,\"前年同一\":true},[{\"筆ポリゴンID\":\"84f3d2e9-9fa8-4aee-b5bb-dba1b94cf957\",\"更新年度\":2022,\"前年同一\":true},[[{\"筆ポリゴンID\":\"5af95689-8382-4402-b0b1-062c1d62d7ca\",\"更新年度\":2021,\"関連\":true},{\"筆ポリゴンID\":\"5af95689-8382-4402-b0b1-062c1d62d7ca\",\"発生年度\":2020}],[{\"筆ポリゴンID\":\"ad91cf7d-aa2d-4d77-868c-c399a79cc035\",\"更新年度\":2021,\"関連\":true},{\"筆ポリゴンID\":\"ad91cf7d-aa2d-4d77-868c-c399a79cc035\",\"発生年度\":2020}]]]]","last_polygon_uuid":"4aa178cf-ac23-4b99-8a47-ea7a60df368f","prev_last_polygon_uuid":"84f3d2e9-9fa8-4aee-b5bb-dba1b94cf957","local_government_cd":"016616","point_lng":144.466300147,"point_lat":43.019227495}},{"arcs":[[77]],"type":"Polygon","properties":{"polygon_uuid":"2cf91508-4461-4f61-a3e8-4a2afd6ae98f","land_type":200,"issue_year":2024,"edit_year":2021,"history":"[{\"筆ポリゴンID\":\"9390c70c-55a1-49fd-be1c-57638e423762\",\"更新年度\":2023,\"前年同一\":true},[{\"筆ポリゴンID\":\"53e81ff9-e0ad-4f13-ad1e-9efda3761f52\",\"更新年度\":2022,\"前年同一\":true},[{\"筆ポリゴンID\":\"ad91cf7d-aa2d-4d77-868c-c399a79cc035\",\"更新年度\":2021,\"関連\":true},{\"筆ポリゴンID\":\"ad91cf7d-aa2d-4d77-868c-c399a79cc035\",\"発生年度\":2020}]]]","last_polygon_uuid":"9390c70c-55a1-49fd-be1c-57638e423762","prev_last_polygon_uuid":"53e81ff9-e0ad-4f13-ad1e-9efda3761f52","local_government_cd":"016616","point_lng":144.468113733,"point_lat":43.019068688}},{"arcs":[[78]],"type":"Polygon","properties":{"polygon_uuid":"ab0b6746-613d-4027-b2d8-018bffe2a5da","land_type":200,"issue_year":2024,"edit_year":2021,"history":"[{\"筆ポリゴンID\":\"f7812296-3c96-4bee-b3ca-ac276c1a3d95\",\"更新年度\":2023,\"前年同一\":true},[{\"筆ポリゴンID\":\"6d74e9a8-6381-44f1-b98b-b3d60a8b0bc9\",\"更新年度\":2022,\"前年同一\":true},[{\"筆ポリゴンID\":\"9a4a94d5-799c-4fef-a8c6-52778b25c626\",\"更新年度\":2021,\"関連\":true},{\"筆ポリゴンID\":\"9a4a94d5-799c-4fef-a8c6-52778b25c626\",\"発生年度\":2020}]]]","last_polygon_uuid":"f7812296-3c96-4bee-b3ca-ac276c1a3d95","prev_last_polygon_uuid":"6d74e9a8-6381-44f1-b98b-b3d60a8b0bc9","local_government_cd":"016616","point_lng":144.534620605,"point_lat":43.052392422}},{"arcs":[[79]],"type":"Polygon","properties":{"polygon_uuid":"1464efa4-209a-4304-b467-59db5e302380","land_type":200,"issue_year":2024,"edit_year":2021,"history":"[{\"筆ポリゴンID\":\"e48c718f-c5ae-481e-a6f8-7e1f4d654790\",\"更新年度\":2023,\"前年同一\":true},[{\"筆ポリゴンID\":\"1762e2e7-c02c-415b-9b92-63b501467ef8\",\"更新年度\":2022,\"前年同一\":true},[{\"筆ポリゴンID\":\"8343210e-043f-4ccc-ba88-8668c245a968\",\"更新年度\":2021,\"関連\":true},{\"筆ポリゴンID\":\"8343210e-043f-4ccc-ba88-8668c245a968\",\"発生年度\":2020}]]]","last_polygon_uuid":"e48c718f-c5ae-481e-a6f8-7e1f4d654790","prev_last_polygon_uuid":"1762e2e7-c02c-415b-9b92-63b501467ef8","local_government_cd":"016616","point_lng":144.50308198,"point_lat":43.090921859}},{"arcs":[[80]],"type":"Polygon","properties":{"polygon_uuid":"088e3d99-5788-4869-b74a-244ebf9c9a84","land_type":200,"issue_year":2024,"edit_year":2021,"history":"[{\"筆ポリゴンID\":\"a49a555d-ff9f-4ec0-b7e5-ccd2c0e59dc6\",\"更新年度\":2023,\"前年同一\":true},[{\"筆ポリゴンID\":\"c2bc8299-a8cb-4182-afec-15cb8d3543d1\",\"更新年度\":2022,\"前年同一\":true},[{\"筆ポリゴンID\":\"58d79d47-4a25-470b-b8a2-7e3606d4a179\",\"更新年度\":2021,\"関連\":true},{\"筆ポリゴンID\":\"58d79d47-4a25-470b-b8a2-7e3606d4a179\",\"発生年度\":2020}]]]","last_polygon_uuid":"a49a555d-ff9f-4ec0-b7e5-ccd2c0e59dc6","prev_last_polygon_uuid":"c2bc8299-a8cb-4182-afec-15cb8d3543d1","local_government_cd":"016616","point_lng":144.411505191,"point_lat":43.063686667}},{"arcs":[[81]],"type":"Polygon","properties":{"polygon_uuid":"8c1fc1a5-bada-4aa1-bc97-27f9c54a0c8e","land_type":200,"issue_year":2024,"edit_year":2021,"history":"[{\"筆ポリゴンID\":\"31bb0c24-7381-47c0-9f49-73a4a23af27e\",\"更新年度\":2023,\"前年同一\":true},[{\"筆ポリゴンID\":\"8266a830-d69d-47d7-8b5e-4c18a5aa53bc\",\"更新年度\":2022,\"前年同一\":true},[{\"筆ポリゴンID\":\"f66b200c-488d-4f12-9822-9ac26c8b5c17\",\"更新年度\":2021,\"関連\":true},{\"筆ポリゴンID\":\"f66b200c-488d-4f12-9822-9ac26c8b5c17\",\"発生年度\":2020}]]]","last_polygon_uuid":"31bb0c24-7381-47c0-9f49-73a4a23af27e","prev_last_polygon_uuid":"8266a830-d69d-47d7-8b5e-4c18a5aa53bc","local_government_cd":"016616","point_lng":144.411539397,"point_lat":43.061644889}},{"arcs":[[-37,82]],"type":"Polygon","properties":{"polygon_uuid":"9cefde4f-32a4-4b74-8a5a-60d80e4ff389","land_type":200,"issue_year":2024,"edit_year":2021,"history":"[{\"筆ポリゴンID\":\"b8c62a34-2d93-4f71-b5d8-d799d946e3e4\",\"更新年度\":2023,\"前年同一\":true},[{\"筆ポリゴンID\":\"ecb2c1f6-2c31-4d64-83d8-6b5db25750b6\",\"更新年度\":2022,\"前年同一\":true},[{\"筆ポリゴンID\":\"3935eb47-9fe9-47e5-9cc6-6a79c562522f\",\"更新年度\":2021,\"関連\":true},{\"筆ポリゴンID\":\"3935eb47-9fe9-47e5-9cc6-6a79c562522f\",\"発生年度\":2020}]]]","last_polygon_uuid":"b8c62a34-2d93-4f71-b5d8-d799d946e3e4","prev_last_polygon_uuid":"ecb2c1f6-2c31-4d64-83d8-6b5db25750b6","local_government_cd":"016616","point_lng":144.541726869,"point_lat":43.044302683}},{"arcs":[[83],[84]],"type":"Polygon","properties":{"polygon_uuid":"a32ce4d6-7f82-4423-9c7b-ce641da76635","land_type":200,"issue_year":2024,"edit_year":2021,"history":"[{\"筆ポリゴンID\":\"69692cb3-d23a-41d4-9d1d-4a9d96aada46\",\"更新年度\":2023,\"前年同一\":true},[{\"筆ポリゴンID\":\"37314bdc-aeb7-499c-bcd2-a1ffbfee147a\",\"更新年度\":2022,\"前年同一\":true},[{\"筆ポリゴンID\":\"84de2c76-07d3-4f27-89c0-2dc8f5ab9270\",\"更新年度\":2021,\"関連\":true},{\"筆ポリゴンID\":\"84de2c76-07d3-4f27-89c0-2dc8f5ab9270\",\"発生年度\":2020}]]]","last_polygon_uuid":"69692cb3-d23a-41d4-9d1d-4a9d96aada46","prev_last_polygon_uuid":"37314bdc-aeb7-499c-bcd2-a1ffbfee147a","local_government_cd":"016616","point_lng":144.442238476,"point_lat":43.005623437}},{"arcs":[[85]],"type":"Polygon","properties":{"polygon_uuid":"bdfd3005-804e-421a-bb8a-dbb717f8107d","land_type":200,"issue_year":2024,"edit_year":2021,"history":"[{\"筆ポリゴンID\":\"0851149e-da58-420f-8f85-46d7560d7320\",\"更新年度\":2023,\"前年同一\":true},[{\"筆ポリゴンID\":\"cef8c539-dd05-4b93-aa58-1189e38878db\",\"更新年度\":2022,\"前年同一\":true},[{\"筆ポリゴンID\":\"cebb56d9-348c-4d7f-9ce1-40fb59e9805d\",\"更新年度\":2021,\"関連\":true},{\"筆ポリゴンID\":\"cebb56d9-348c-4d7f-9ce1-40fb59e9805d\",\"発生年度\":2020}]]]","last_polygon_uuid":"0851149e-da58-420f-8f85-46d7560d7320","prev_last_polygon_uuid":"cef8c539-dd05-4b93-aa58-1189e38878db","local_government_cd":"016616","point_lng":144.455913253,"point_lat":42.999407683}},{"arcs":[[86]],"type":"Polygon","properties":{"polygon_uuid":"e677e579-5097-4b35-a3be-59c4fd7109d7","land_type":200,"issue_year":2024,"edit_year":2021,"history":"[{\"筆ポリゴンID\":\"350cb9f2-b66a-455d-bb86-c63c9b3f272d\",\"更新年度\":2023,\"前年同一\":true},[{\"筆ポリゴンID\":\"322074f5-a4d2-451d-84a7-5208c9b41c51\",\"更新年度\":2022,\"前年同一\":true},[{\"筆ポリゴンID\":\"e8916a55-9fe7-482a-b8be-356b94fe1ee4\",\"更新年度\":2021,\"関連\":true},{\"筆ポリゴンID\":\"e8916a55-9fe7-482a-b8be-356b94fe1ee4\",\"発生年度\":2020}]]]","last_polygon_uuid":"350cb9f2-b66a-455d-bb86-c63c9b3f272d","prev_last_polygon_uuid":"322074f5-a4d2-451d-84a7-5208c9b41c51","local_government_cd":"016616","point_lng":144.459943168,"point_lat":43.018823498}},{"arcs":[[87]],"type":"Polygon","properties":{"polygon_uuid":"5662dd05-ef99-438a-b77a-0b3d79f44bfb","land_type":200,"issue_year":2024,"edit_year":2021,"history":"[{\"筆ポリゴンID\":\"41093cd7-cb0a-4d7e-b71e-c7d78e3b725b\",\"更新年度\":2023,\"前年同一\":true},[{\"筆ポリゴンID\":\"c8b1b28f-3efb-4c44-99e5-441368c8f68e\",\"更新年度\":2022,\"前年同一\":true},[{\"筆ポリゴンID\":\"ecc6c7cb-48c7-4987-90d5-a796e4606f4a\",\"更新年度\":2021,\"関連\":true},{\"筆ポリゴンID\":\"ecc6c7cb-48c7-4987-90d5-a796e4606f4a\",\"発生年度\":2020}]]]","last_polygon_uuid":"41093cd7-cb0a-4d7e-b71e-c7d78e3b725b","prev_last_polygon_uuid":"c8b1b28f-3efb-4c44-99e5-441368c8f68e","local_government_cd":"016616","point_lng":144.518189712,"point_lat":43.082366206}},{"arcs":[[88]],"type":"Polygon","properties":{"polygon_uuid":"330e063e-196c-4e59-b994-f26623fb692f","land_type":200,"issue_year":2024,"edit_year":2021,"history":"[{\"筆ポリゴンID\":\"8fb812d4-4b1b-441a-928f-e7bebb35872d\",\"更新年度\":2023,\"前年同一\":true},[{\"筆ポリゴンID\":\"6d3acbec-3bd5-4214-a059-3e81a96d76d3\",\"更新年度\":2022,\"前年同一\":true},[{\"筆ポリゴンID\":\"5998f224-ea94-4097-b15c-c5e4aa4c7602\",\"更新年度\":2021,\"関連\":true},{\"筆ポリゴンID\":\"5998f224-ea94-4097-b15c-c5e4aa4c7602\",\"発生年度\":2020}]]]","last_polygon_uuid":"8fb812d4-4b1b-441a-928f-e7bebb35872d","prev_last_polygon_uuid":"6d3acbec-3bd5-4214-a059-3e81a96d76d3","local_government_cd":"016616","point_lng":144.502642716,"point_lat":43.056882656}},{"arcs":[[89]],"type":"Polygon","properties":{"polygon_uuid":"875d0de0-ea7b-4575-b0ab-0f582152cbaa","land_type":200,"issue_year":2024,"edit_year":2021,"history":"[{\"筆ポリゴンID\":\"47550bd5-3117-45c0-9839-5b6aa6d19902\",\"更新年度\":2023,\"前年同一\":true},[{\"筆ポリゴンID\":\"6e82c4b8-e7cc-412f-93a3-929614b5b0b5\",\"更新年度\":2022,\"前年同一\":true},[{\"筆ポリゴンID\":\"94d1fd01-7b5d-4847-ade5-c4b6762a070f\",\"更新年度\":2021,\"関連\":true},{\"筆ポリゴンID\":\"94d1fd01-7b5d-4847-ade5-c4b6762a070f\",\"発生年度\":2020}]]]","last_polygon_uuid":"47550bd5-3117-45c0-9839-5b6aa6d19902","prev_last_polygon_uuid":"6e82c4b8-e7cc-412f-93a3-929614b5b0b5","local_government_cd":"016616","point_lng":144.511064409,"point_lat":43.081599971}},{"arcs":[[90],[91]],"type":"Polygon","properties":{"polygon_uuid":"487cc4e6-2b2e-42c4-ada0-a1ca15e56d30","land_type":200,"issue_year":2024,"edit_year":2021,"history":"[{\"筆ポリゴンID\":\"16c81ef2-2155-4cc1-b640-924d6240b0fb\",\"更新年度\":2023,\"前年同一\":true},[{\"筆ポリゴンID\":\"cd46a176-8710-488c-8515-934e027677cb\",\"更新年度\":2022,\"前年同一\":true},[[{\"筆ポリゴンID\":\"6d2f6c6d-ac14-42a3-b181-56e03635aa51\",\"更新年度\":2021,\"関連\":true},{\"筆ポリゴンID\":\"6d2f6c6d-ac14-42a3-b181-56e03635aa51\",\"発生年度\":2020}],[{\"筆ポリゴンID\":\"2d459d22-13d6-44c4-8711-c1744bdf8c6b\",\"更新年度\":2021,\"関連\":true},{\"筆ポリゴンID\":\"2d459d22-13d6-44c4-8711-c1744bdf8c6b\",\"発生年度\":2020}]]]]","last_polygon_uuid":"16c81ef2-2155-4cc1-b640-924d6240b0fb","prev_last_polygon_uuid":"cd46a176-8710-488c-8515-934e027677cb","local_government_cd":"016616","point_lng":144.429816424,"point_lat":43.06144746}},{"arcs":[[92]],"type":"Polygon","properties":{"polygon_uuid":"e043661d-f8a9-414d-a2e3-f871f62e6a1c","land_type":200,"issue_year":2024,"edit_year":2021,"history":"[{\"筆ポリゴンID\":\"62db6c1a-2fcf-4454-b6ae-bef589bdf289\",\"更新年度\":2023,\"前年同一\":true},[{\"筆ポリゴンID\":\"cd73e500-ff1a-4e4a-bde9-8c334e481c55\",\"更新年度\":2022,\"前年同一\":true},[[{\"筆ポリゴンID\":\"454b020a-5263-43a4-950d-636e31b2bd20\",\"更新年度\":2021,\"関連\":true},{\"筆ポリゴンID\":\"454b020a-5263-43a4-950d-636e31b2bd20\",\"発生年度\":2020}],[{\"筆ポリゴンID\":\"0ab17950-ee0a-444d-bf6b-853d69ae690a\",\"更新年度\":2021,\"関連\":true},{\"筆ポリゴンID\":\"0ab17950-ee0a-444d-bf6b-853d69ae690a\",\"発生年度\":2020}]]]]","last_polygon_uuid":"62db6c1a-2fcf-4454-b6ae-bef589bdf289","prev_last_polygon_uuid":"cd73e500-ff1a-4e4a-bde9-8c334e481c55","local_government_cd":"016616","point_lng":144.512985342,"point_lat":43.080985492}},{"arcs":[[93]],"type":"Polygon","properties":{"polygon_uuid":"2149856d-c746-438a-92c4-8126816d56df","land_type":200,"issue_year":2024,"edit_year":2021,"history":"[{\"筆ポリゴンID\":\"cc01fae4-9a92-4227-b6de-771be92f0a22\",\"更新年度\":2023,\"前年同一\":true},[{\"筆ポリゴンID\":\"ba2cf2a1-8864-4c21-b327-ec1646977a12\",\"更新年度\":2022,\"前年同一\":true},[{\"筆ポリゴンID\":\"be285cc6-6596-4027-9aaf-9f6135fd4763\",\"更新年度\":2021,\"関連\":true},{\"筆ポリゴンID\":\"be285cc6-6596-4027-9aaf-9f6135fd4763\",\"発生年度\":2020}]]]","last_polygon_uuid":"cc01fae4-9a92-4227-b6de-771be92f0a22","prev_last_polygon_uuid":"ba2cf2a1-8864-4c21-b327-ec1646977a12","local_government_cd":"016616","point_lng":144.534275536,"point_lat":43.050276902}},{"arcs":[[94]],"type":"Polygon","properties":{"polygon_uuid":"955f84be-1aba-458f-924c-8c76a5cd69db","land_type":200,"issue_year":2024,"edit_year":2021,"history":"[{\"筆ポリゴンID\":\"4969913a-5211-489d-9f43-865717a9eadf\",\"更新年度\":2023,\"前年同一\":true},[{\"筆ポリゴンID\":\"518f2599-e78c-4588-a854-f16b20282c9f\",\"更新年度\":2022,\"前年同一\":true},[{\"筆ポリゴンID\":\"c857711b-d845-4e9a-b789-3985c114db45\",\"更新年度\":2021,\"関連\":true},{\"筆ポリゴンID\":\"c857711b-d845-4e9a-b789-3985c114db45\",\"発生年度\":2020}]]]","last_polygon_uuid":"4969913a-5211-489d-9f43-865717a9eadf","prev_last_polygon_uuid":"518f2599-e78c-4588-a854-f16b20282c9f","local_government_cd":"016616","point_lng":144.531449512,"point_lat":43.043611498}},{"arcs":[[-19,95]],"type":"Polygon","properties":{"polygon_uuid":"3addab1d-f4f2-49d5-870e-0f2382450eea","land_type":200,"issue_year":2024,"edit_year":2021,"history":"[{\"筆ポリゴンID\":\"30ede163-f734-47cc-87f5-8a7a7a8313d4\",\"更新年度\":2023,\"前年同一\":true},[{\"筆ポリゴンID\":\"cbc026b5-7865-4839-80f8-1d99b417e101\",\"更新年度\":2022,\"前年同一\":true},[[{\"筆ポリゴンID\":\"8f639e1c-b3db-48ec-b7ee-c209cc2f37a4\",\"更新年度\":2021,\"関連\":true},{\"筆ポリゴンID\":\"8f639e1c-b3db-48ec-b7ee-c209cc2f37a4\",\"発生年度\":2020}],[{\"筆ポリゴンID\":\"304cbc98-3bd1-4413-aa4a-3fb86212a086\",\"更新年度\":2021,\"関連\":true},{\"筆ポリゴンID\":\"304cbc98-3bd1-4413-aa4a-3fb86212a086\",\"発生年度\":2020}]]]]","last_polygon_uuid":"30ede163-f734-47cc-87f5-8a7a7a8313d4","prev_last_polygon_uuid":"cbc026b5-7865-4839-80f8-1d99b417e101","local_government_cd":"016616","point_lng":144.456542022,"point_lat":42.997918699}},{"arcs":[[96]],"type":"Polygon","properties":{"polygon_uuid":"a9368835-300d-4176-bd5c-2650a00d403a","land_type":200,"issue_year":2024,"edit_year":2021,"history":"[{\"筆ポリゴンID\":\"249eb4a2-7122-4dd5-89bc-41871535476f\",\"更新年度\":2023,\"前年同一\":true},[{\"筆ポリゴンID\":\"498da77e-ab70-49b2-b97a-c894226c3c06\",\"更新年度\":2022,\"前年同一\":true},[{\"筆ポリゴンID\":\"3e884ffc-e571-4f45-b9cb-dace6351670b\",\"更新年度\":2021,\"関連\":true},{\"筆ポリゴンID\":\"3e884ffc-e571-4f45-b9cb-dace6351670b\",\"発生年度\":2020}]]]","last_polygon_uuid":"249eb4a2-7122-4dd5-89bc-41871535476f","prev_last_polygon_uuid":"498da77e-ab70-49b2-b97a-c894226c3c06","local_government_cd":"016616","point_lng":144.416739828,"point_lat":43.060300692}},{"arcs":[[97]],"type":"Polygon","properties":{"polygon_uuid":"479df02a-f3ad-4c21-8286-baac2af6784b","land_type":200,"issue_year":2024,"edit_year":2021,"history":"[{\"筆ポリゴンID\":\"e1e4114f-7667-49f3-9b5b-dfd9dcf6994b\",\"更新年度\":2023,\"前年同一\":true},[{\"筆ポリゴンID\":\"60c4086f-c4e2-46fa-bead-4e96327a4b97\",\"更新年度\":2022,\"前年同一\":true},[{\"筆ポリゴンID\":\"4e139827-c32f-443a-bd1b-778092055291\",\"更新年度\":2021,\"関連\":true},{\"筆ポリゴンID\":\"4e139827-c32f-443a-bd1b-778092055291\",\"発生年度\":2020}]]]","last_polygon_uuid":"e1e4114f-7667-49f3-9b5b-dfd9dcf6994b","prev_last_polygon_uuid":"60c4086f-c4e2-46fa-bead-4e96327a4b97","local_government_cd":"016616","point_lng":144.51229442,"point_lat":43.087466578}},{"arcs":[[98]],"type":"Polygon","properties":{"polygon_uuid":"6484a4e6-bcbc-4236-a298-3cf763ad12f6","land_type":200,"issue_year":2024,"edit_year":2021,"history":"[{\"筆ポリゴンID\":\"417995fe-42f5-4afc-8c85-98b7dad34418\",\"更新年度\":2023,\"前年同一\":true},[{\"筆ポリゴンID\":\"6bfcb843-3a6f-4a92-903e-d09ac47ce9d8\",\"更新年度\":2022,\"前年同一\":true},[{\"筆ポリゴンID\":\"56f53ca8-0840-41bb-be6b-e6b51d80eafb\",\"更新年度\":2021,\"関連\":true},{\"筆ポリゴンID\":\"56f53ca8-0840-41bb-be6b-e6b51d80eafb\",\"発生年度\":2020}]]]","last_polygon_uuid":"417995fe-42f5-4afc-8c85-98b7dad34418","prev_last_polygon_uuid":"6bfcb843-3a6f-4a92-903e-d09ac47ce9d8","local_government_cd":"016616","point_lng":144.542219124,"point_lat":43.046682947}},{"arcs":[[99]],"type":"Polygon","properties":{"polygon_uuid":"d3f052a4-e47a-4ca7-904c-514434351af5","land_type":200,"issue_year":2024,"edit_year":2021,"history":"[{\"筆ポリゴンID\":\"9617e303-0890-45e8-a51d-f97a0574cde0\",\"更新年度\":2023,\"前年同一\":true},[{\"筆ポリゴンID\":\"83fc283a-75d6-47e2-9541-c4f8a319fee7\",\"更新年度\":2022,\"前年同一\":true},[[{\"筆ポリゴンID\":\"cd015e8a-d83d-4625-8319-0da98e79f1d1\",\"更新年度\":2021,\"関連\":true},{\"筆ポリゴンID\":\"cd015e8a-d83d-4625-8319-0da98e79f1d1\",\"発生年度\":2020}],[{\"筆ポリゴンID\":\"3a0fa38e-0c03-47e5-aa66-4ce7f2c0d518\",\"更新年度\":2021,\"関連\":true},{\"筆ポリゴンID\":\"3a0fa38e-0c03-47e5-aa66-4ce7f2c0d518\",\"発生年度\":2020}]]]]","last_polygon_uuid":"9617e303-0890-45e8-a51d-f97a0574cde0","prev_last_polygon_uuid":"83fc283a-75d6-47e2-9541-c4f8a319fee7","local_government_cd":"016616","point_lng":144.418242076,"point_lat":43.06200673}},{"arcs":[[100],[101]],"type":"Polygon","properties":{"polygon_uuid":"7abf2480-d279-4955-a09a-771cfc22eefd","land_type":200,"issue_year":2024,"edit_year":2021,"history":"[{\"筆ポリゴンID\":\"9d294e08-0e46-4db9-8e64-81551bf6d243\",\"更新年度\":2023,\"前年同一\":true},[{\"筆ポリゴンID\":\"535e778f-bada-4083-a3b8-2bd01c5337f9\",\"更新年度\":2022,\"前年同一\":true},[{\"筆ポリゴンID\":\"539f1490-1317-4922-bb5f-ffec0ef845f7\",\"更新年度\":2021,\"関連\":true},{\"筆ポリゴンID\":\"539f1490-1317-4922-bb5f-ffec0ef845f7\",\"発生年度\":2020}]]]","last_polygon_uuid":"9d294e08-0e46-4db9-8e64-81551bf6d243","prev_last_polygon_uuid":"535e778f-bada-4083-a3b8-2bd01c5337f9","local_government_cd":"016616","point_lng":144.545318532,"point_lat":43.054958401}},{"arcs":[[102]],"type":"Polygon","properties":{"polygon_uuid":"74e4e2eb-65e9-4c75-b907-5fdc3a3034c9","land_type":200,"issue_year":2024,"edit_year":2020,"history":"[{\"筆ポリゴンID\":\"7c4c67a4-a52f-4a2e-84c8-303fa992dae1\",\"更新年度\":2023,\"前年同一\":true},[{\"筆ポリゴンID\":\"b226a798-eed5-4bd2-870b-bfd95a6e66be\",\"更新年度\":2022,\"前年同一\":true},[{\"筆ポリゴンID\":\"1781100f-6399-4561-82c0-9b9193ead5f9\",\"更新年度\":2021,\"前年同一\":true},{\"筆ポリゴンID\":\"1781100f-6399-4561-82c0-9b9193ead5f9\",\"発生年度\":2020}]]]","last_polygon_uuid":"7c4c67a4-a52f-4a2e-84c8-303fa992dae1","prev_last_polygon_uuid":"b226a798-eed5-4bd2-870b-bfd95a6e66be","local_government_cd":"016616","point_lng":144.429914808,"point_lat":43.06542028}},{"arcs":[[103]],"type":"Polygon","properties":{"polygon_uuid":"8b453529-b26f-406d-a057-48ce2aaecfa0","land_type":200,"issue_year":2024,"edit_year":2020,"history":"[{\"筆ポリゴンID\":\"356af254-9e56-45c1-99ba-cbaffa701bb9\",\"更新年度\":2023,\"前年同一\":true},[{\"筆ポリゴンID\":\"53913eef-791c-4a5f-b890-fe21d3d5f3c5\",\"更新年度\":2022,\"前年同一\":true},[{\"筆ポリゴンID\":\"002dfb59-23a7-4d2f-84fc-326ce6d6a4b6\",\"更新年度\":2021,\"前年同一\":true},{\"筆ポリゴンID\":\"002dfb59-23a7-4d2f-84fc-326ce6d6a4b6\",\"発生年度\":2020}]]]","last_polygon_uuid":"356af254-9e56-45c1-99ba-cbaffa701bb9","prev_last_polygon_uuid":"53913eef-791c-4a5f-b890-fe21d3d5f3c5","local_government_cd":"016616","point_lng":144.424894724,"point_lat":43.077131143}},{"arcs":[[104]],"type":"Polygon","properties":{"polygon_uuid":"d56cb1cc-f754-4d6f-adf2-3fdc83850e54","land_type":200,"issue_year":2024,"edit_year":2020,"history":"[{\"筆ポリゴンID\":\"5b6a5aaf-7e60-4a94-b469-e95662fd0d0d\",\"更新年度\":2023,\"前年同一\":true},[{\"筆ポリゴンID\":\"2f41f279-ff5f-4b8d-af8b-f9845848c801\",\"更新年度\":2022,\"前年同一\":true},[{\"筆ポリゴンID\":\"c3b6abba-a1c1-4f33-8d54-f757b699e216\",\"更新年度\":2021,\"前年同一\":true},{\"筆ポリゴンID\":\"c3b6abba-a1c1-4f33-8d54-f757b699e216\",\"発生年度\":2020}]]]","last_polygon_uuid":"5b6a5aaf-7e60-4a94-b469-e95662fd0d0d","prev_last_polygon_uuid":"2f41f279-ff5f-4b8d-af8b-f9845848c801","local_government_cd":"016616","point_lng":144.42164077,"point_lat":43.067245368}},{"arcs":[[105]],"type":"Polygon","properties":{"polygon_uuid":"05cae782-a88f-4b52-8df4-a55b1ea66df7","land_type":200,"issue_year":2024,"edit_year":2020,"history":"[{\"筆ポリゴンID\":\"1aba4ffc-6946-4dde-8701-9ab462414394\",\"更新年度\":2023,\"前年同一\":true},[{\"筆ポリゴンID\":\"d3b4781d-4d41-47c1-b68e-5d6ccccd816d\",\"更新年度\":2022,\"前年同一\":true},[{\"筆ポリゴンID\":\"3071c076-80a3-4543-b599-6d7ba0065cb0\",\"更新年度\":2021,\"前年同一\":true},{\"筆ポリゴンID\":\"3071c076-80a3-4543-b599-6d7ba0065cb0\",\"発生年度\":2020}]]]","last_polygon_uuid":"1aba4ffc-6946-4dde-8701-9ab462414394","prev_last_polygon_uuid":"d3b4781d-4d41-47c1-b68e-5d6ccccd816d","local_government_cd":"016616","point_lng":144.426071574,"point_lat":43.068446931}},{"arcs":[[106]],"type":"Polygon","properties":{"polygon_uuid":"2279312f-19c8-466b-ba9b-a07a6fdd7d2c","land_type":200,"issue_year":2024,"edit_year":2020,"history":"[{\"筆ポリゴンID\":\"431670f2-c4b3-4358-adf2-bf33370d315d\",\"更新年度\":2023,\"前年同一\":true},[{\"筆ポリゴンID\":\"7076ab08-eb8f-434a-9a9d-ae712dbfdf0e\",\"更新年度\":2022,\"前年同一\":true},[{\"筆ポリゴンID\":\"57be954b-5e59-4910-a173-b17ee86b9914\",\"更新年度\":2021,\"前年同一\":true},{\"筆ポリゴンID\":\"57be954b-5e59-4910-a173-b17ee86b9914\",\"発生年度\":2020}]]]","last_polygon_uuid":"431670f2-c4b3-4358-adf2-bf33370d315d","prev_last_polygon_uuid":"7076ab08-eb8f-434a-9a9d-ae712dbfdf0e","local_government_cd":"016616","point_lng":144.413698139,"point_lat":43.066207959}},{"arcs":[[107]],"type":"Polygon","properties":{"polygon_uuid":"034039c1-c90b-4e88-b8f6-b5e5d5e3442a","land_type":200,"issue_year":2024,"edit_year":2020,"history":"[{\"筆ポリゴンID\":\"be52abc6-9281-4f57-bcee-c8215d51da0d\",\"更新年度\":2023,\"前年同一\":true},[{\"筆ポリゴンID\":\"1b563c8f-1e46-434d-b914-57d8e2f1cc78\",\"更新年度\":2022,\"前年同一\":true},[{\"筆ポリゴンID\":\"af656d13-3749-44bf-ac86-7bcb1f3803a7\",\"更新年度\":2021,\"前年同一\":true},{\"筆ポリゴンID\":\"af656d13-3749-44bf-ac86-7bcb1f3803a7\",\"発生年度\":2020}]]]","last_polygon_uuid":"be52abc6-9281-4f57-bcee-c8215d51da0d","prev_last_polygon_uuid":"1b563c8f-1e46-434d-b914-57d8e2f1cc78","local_government_cd":"016616","point_lng":144.424391282,"point_lat":43.074476632}},{"arcs":[[108],[109]],"type":"Polygon","properties":{"polygon_uuid":"49291acb-2cc9-4e62-bcc7-379b7d55c642","land_type":200,"issue_year":2024,"edit_year":2020,"history":"[{\"筆ポリゴンID\":\"175193e3-f504-431c-ac2a-2f9404f24185\",\"更新年度\":2023,\"前年同一\":true},[{\"筆ポリゴンID\":\"f2f2e9c2-becd-4579-95b5-b94731c5f748\",\"更新年度\":2022,\"前年同一\":true},[{\"筆ポリゴンID\":\"e5b0ff09-cb22-48e3-b722-eaff5eccedf6\",\"更新年度\":2021,\"前年同一\":true},{\"筆ポリゴンID\":\"e5b0ff09-cb22-48e3-b722-eaff5eccedf6\",\"発生年度\":2020}]]]","last_polygon_uuid":"175193e3-f504-431c-ac2a-2f9404f24185","prev_last_polygon_uuid":"f2f2e9c2-becd-4579-95b5-b94731c5f748","local_government_cd":"016616","point_lng":144.414854337,"point_lat":43.065275816}},{"arcs":[[110]],"type":"Polygon","properties":{"polygon_uuid":"4dbead91-ef07-47fa-b923-13ab766e69ff","land_type":200,"issue_year":2024,"edit_year":2020,"history":"[{\"筆ポリゴンID\":\"cdc9caf9-fd8e-44c1-a11a-f477f5acb48e\",\"更新年度\":2023,\"前年同一\":true},[{\"筆ポリゴンID\":\"17b9731b-3332-42e0-8ffa-d27b47cabb4c\",\"更新年度\":2022,\"前年同一\":true},[{\"筆ポリゴンID\":\"a4ca84f0-a2e1-46e0-86ac-b8ebd3f2efde\",\"更新年度\":2021,\"前年同一\":true},{\"筆ポリゴンID\":\"a4ca84f0-a2e1-46e0-86ac-b8ebd3f2efde\",\"発生年度\":2020}]]]","last_polygon_uuid":"cdc9caf9-fd8e-44c1-a11a-f477f5acb48e","prev_last_polygon_uuid":"17b9731b-3332-42e0-8ffa-d27b47cabb4c","local_government_cd":"016616","point_lng":144.431362831,"point_lat":43.068792306}},{"arcs":[[111]],"type":"Polygon","properties":{"polygon_uuid":"5c59e452-d32a-4469-9a6c-d0b7e010d1e5","land_type":200,"issue_year":2024,"edit_year":2020,"history":"[{\"筆ポリゴンID\":\"cea0c5fd-4e87-49bb-a308-74d353b6fad6\",\"更新年度\":2023,\"前年同一\":true},[{\"筆ポリゴンID\":\"f935df72-c954-46ce-a58f-e14a0b4e1069\",\"更新年度\":2022,\"前年同一\":true},[{\"筆ポリゴンID\":\"1e2df616-38dc-471f-80f9-fc3d6657f34c\",\"更新年度\":2021,\"前年同一\":true},{\"筆ポリゴンID\":\"1e2df616-38dc-471f-80f9-fc3d6657f34c\",\"発生年度\":2020}]]]","last_polygon_uuid":"cea0c5fd-4e87-49bb-a308-74d353b6fad6","prev_last_polygon_uuid":"f935df72-c954-46ce-a58f-e14a0b4e1069","local_government_cd":"016616","point_lng":144.421210193,"point_lat":43.065967815}},{"arcs":[[112]],"type":"Polygon","properties":{"polygon_uuid":"048492a0-b1eb-4f97-b5d1-67d00f1b61c4","land_type":200,"issue_year":2024,"edit_year":2020,"history":"[{\"筆ポリゴンID\":\"422cfd4d-d3cb-4a51-ac68-83b6630d2b86\",\"更新年度\":2023,\"前年同一\":true},[{\"筆ポリゴンID\":\"66de083f-2cf5-4dbc-9905-dc2ec5dfb27a\",\"更新年度\":2022,\"前年同一\":true},[{\"筆ポリゴンID\":\"675a5f3c-b931-49ec-aa3a-00adef2a24c2\",\"更新年度\":2021,\"前年同一\":true},{\"筆ポリゴンID\":\"675a5f3c-b931-49ec-aa3a-00adef2a24c2\",\"発生年度\":2020}]]]","last_polygon_uuid":"422cfd4d-d3cb-4a51-ac68-83b6630d2b86","prev_last_polygon_uuid":"66de083f-2cf5-4dbc-9905-dc2ec5dfb27a","local_government_cd":"016616","point_lng":144.427621999,"point_lat":43.078538136}},{"arcs":[[113]],"type":"Polygon","properties":{"polygon_uuid":"e55d0685-f1fe-4be5-93e7-d2d5ad19e76c","land_type":200,"issue_year":2024,"edit_year":2020,"history":"[{\"筆ポリゴンID\":\"cda4489f-a676-4693-a118-ca1b3a39a046\",\"更新年度\":2023,\"前年同一\":true},[{\"筆ポリゴンID\":\"bcdc5aa4-f97d-47c0-b73d-04e632914f86\",\"更新年度\":2022,\"前年同一\":true},[{\"筆ポリゴンID\":\"983adce9-4aec-411c-8840-13484b849356\",\"更新年度\":2021,\"前年同一\":true},{\"筆ポリゴンID\":\"983adce9-4aec-411c-8840-13484b849356\",\"発生年度\":2020}]]]","last_polygon_uuid":"cda4489f-a676-4693-a118-ca1b3a39a046","prev_last_polygon_uuid":"bcdc5aa4-f97d-47c0-b73d-04e632914f86","local_government_cd":"016616","point_lng":144.425722769,"point_lat":43.070309966}},{"arcs":[[114]],"type":"Polygon","properties":{"polygon_uuid":"da1f96bf-835c-46f0-ba21-aeb6e50752fe","land_type":200,"issue_year":2024,"edit_year":2020,"history":"[{\"筆ポリゴンID\":\"f8391370-d6fa-489a-a519-ea58d6d88e08\",\"更新年度\":2023,\"前年同一\":true},[{\"筆ポリゴンID\":\"876a37bf-9906-4071-8a30-c695f9c09b5a\",\"更新年度\":2022,\"前年同一\":true},[{\"筆ポリゴンID\":\"efa4afb8-d84b-46bd-a2bd-e55a60086f00\",\"更新年度\":2021,\"前年同一\":true},{\"筆ポリゴンID\":\"efa4afb8-d84b-46bd-a2bd-e55a60086f00\",\"発生年度\":2020}]]]","last_polygon_uuid":"f8391370-d6fa-489a-a519-ea58d6d88e08","prev_last_polygon_uuid":"876a37bf-9906-4071-8a30-c695f9c09b5a","local_government_cd":"016616","point_lng":144.423886131,"point_lat":43.076502443}},{"arcs":[[115]],"type":"Polygon","properties":{"polygon_uuid":"ea5bcb50-df0c-4439-9264-c3a0fb0151d4","land_type":200,"issue_year":2024,"edit_year":2020,"history":"[{\"筆ポリゴンID\":\"8d15f72d-4bd5-450a-9900-44253e445d2c\",\"更新年度\":2023,\"前年同一\":true},[{\"筆ポリゴンID\":\"e3bb4f9f-55b0-47f7-bea1-de5caedc744b\",\"更新年度\":2022,\"前年同一\":true},[{\"筆ポリゴンID\":\"b965a7e9-d278-46b9-9248-0f24b1305cb1\",\"更新年度\":2021,\"前年同一\":true},{\"筆ポリゴンID\":\"b965a7e9-d278-46b9-9248-0f24b1305cb1\",\"発生年度\":2020}]]]","last_polygon_uuid":"8d15f72d-4bd5-450a-9900-44253e445d2c","prev_last_polygon_uuid":"e3bb4f9f-55b0-47f7-bea1-de5caedc744b","local_government_cd":"016616","point_lng":144.428794801,"point_lat":43.068587688}},{"arcs":[[116]],"type":"Polygon","properties":{"polygon_uuid":"536fe577-b4d1-4a6a-92e3-73ea82aa35d9","land_type":200,"issue_year":2024,"edit_year":2020,"history":"[{\"筆ポリゴンID\":\"137d0b20-fc1d-40aa-9365-5f5383c9bac6\",\"更新年度\":2023,\"前年同一\":true},[{\"筆ポリゴンID\":\"d359b594-3b63-4212-a842-d6c56e87a42e\",\"更新年度\":2022,\"前年同一\":true},[{\"筆ポリゴンID\":\"d9fb934b-6b3f-4b34-94bc-43c0284db019\",\"更新年度\":2021,\"前年同一\":true},{\"筆ポリゴンID\":\"d9fb934b-6b3f-4b34-94bc-43c0284db019\",\"発生年度\":2020}]]]","last_polygon_uuid":"137d0b20-fc1d-40aa-9365-5f5383c9bac6","prev_last_polygon_uuid":"d359b594-3b63-4212-a842-d6c56e87a42e","local_government_cd":"016616","point_lng":144.415963195,"point_lat":43.064451325}},{"arcs":[[117]],"type":"Polygon","properties":{"polygon_uuid":"dc0e773d-ad6f-45b4-bfc3-068f6fe3d528","land_type":200,"issue_year":2024,"edit_year":2020,"history":"[{\"筆ポリゴンID\":\"8ac71cfb-e0a6-4427-9df0-7f49b0257da3\",\"更新年度\":2023,\"前年同一\":true},[{\"筆ポリゴンID\":\"ec832737-9ad3-4858-9a86-8970a8957468\",\"更新年度\":2022,\"前年同一\":true},[{\"筆ポリゴンID\":\"e7096465-7016-46b7-b350-2264fef61bda\",\"更新年度\":2021,\"前年同一\":true},{\"筆ポリゴンID\":\"e7096465-7016-46b7-b350-2264fef61bda\",\"発生年度\":2020}]]]","last_polygon_uuid":"8ac71cfb-e0a6-4427-9df0-7f49b0257da3","prev_last_polygon_uuid":"ec832737-9ad3-4858-9a86-8970a8957468","local_government_cd":"016616","point_lng":144.426329151,"point_lat":43.067563109}},{"arcs":[[118]],"type":"Polygon","properties":{"polygon_uuid":"89429e69-947d-4a06-abd0-1718ad4521a3","land_type":200,"issue_year":2024,"edit_year":2020,"history":"[{\"筆ポリゴンID\":\"824b12cc-aeb3-4b76-beb1-1924f87805b7\",\"更新年度\":2023,\"前年同一\":true},[{\"筆ポリゴンID\":\"5a65bdd5-ef88-4d49-bf6b-71a8ce214de6\",\"更新年度\":2022,\"前年同一\":true},[{\"筆ポリゴンID\":\"aa457269-852f-42a8-8643-1f198c41b9d5\",\"更新年度\":2021,\"前年同一\":true},{\"筆ポリゴンID\":\"aa457269-852f-42a8-8643-1f198c41b9d5\",\"発生年度\":2020}]]]","last_polygon_uuid":"824b12cc-aeb3-4b76-beb1-1924f87805b7","prev_last_polygon_uuid":"5a65bdd5-ef88-4d49-bf6b-71a8ce214de6","local_government_cd":"016616","point_lng":144.418062413,"point_lat":43.072420714}},{"arcs":[[119]],"type":"Polygon","properties":{"polygon_uuid":"fa770a29-7b56-4232-8352-b4b23daba40c","land_type":200,"issue_year":2024,"edit_year":2020,"history":"[{\"筆ポリゴンID\":\"c8aa9890-115c-4c89-8d18-97603e26dfe6\",\"更新年度\":2023,\"前年同一\":true},[{\"筆ポリゴンID\":\"7d708456-b4eb-4f3f-a8bc-0605c9db2b6c\",\"更新年度\":2022,\"前年同一\":true},[{\"筆ポリゴンID\":\"deba6859-5cf0-4ffc-8291-a36f4fe849c3\",\"更新年度\":2021,\"前年同一\":true},{\"筆ポリゴンID\":\"deba6859-5cf0-4ffc-8291-a36f4fe849c3\",\"発生年度\":2020}]]]","last_polygon_uuid":"c8aa9890-115c-4c89-8d18-97603e26dfe6","prev_last_polygon_uuid":"7d708456-b4eb-4f3f-a8bc-0605c9db2b6c","local_government_cd":"016616","point_lng":144.420831758,"point_lat":43.07403861}},{"arcs":[[120]],"type":"Polygon","properties":{"polygon_uuid":"526d943d-dc76-4325-86a0-e00e70fe8b8f","land_type":200,"issue_year":2024,"edit_year":2020,"history":"[{\"筆ポリゴンID\":\"8b8f7935-1ec4-456d-975f-75811c7055c4\",\"更新年度\":2023,\"前年同一\":true},[{\"筆ポリゴンID\":\"2b8d36f2-2f1d-4cf9-ae93-f7631df60c93\",\"更新年度\":2022,\"前年同一\":true},[{\"筆ポリゴンID\":\"ca4067df-8b54-4c0e-841b-a8503111fc79\",\"更新年度\":2021,\"前年同一\":true},{\"筆ポリゴンID\":\"ca4067df-8b54-4c0e-841b-a8503111fc79\",\"発生年度\":2020}]]]","last_polygon_uuid":"8b8f7935-1ec4-456d-975f-75811c7055c4","prev_last_polygon_uuid":"2b8d36f2-2f1d-4cf9-ae93-f7631df60c93","local_government_cd":"016616","point_lng":144.419365159,"point_lat":43.069124593}},{"arcs":[[121]],"type":"Polygon","properties":{"polygon_uuid":"147c5065-c053-4c40-b26d-aa6e4f198b5b","land_type":200,"issue_year":2024,"edit_year":2020,"history":"[{\"筆ポリゴンID\":\"b53300a6-5a4b-497e-bfa3-86aa4e320433\",\"更新年度\":2023,\"前年同一\":true},[{\"筆ポリゴンID\":\"60131364-88a3-46b3-afb3-e526a976ca9b\",\"更新年度\":2022,\"前年同一\":true},[{\"筆ポリゴンID\":\"84da1b5d-690c-4a9c-8543-c205acd656d3\",\"更新年度\":2021,\"前年同一\":true},{\"筆ポリゴンID\":\"84da1b5d-690c-4a9c-8543-c205acd656d3\",\"発生年度\":2020}]]]","last_polygon_uuid":"b53300a6-5a4b-497e-bfa3-86aa4e320433","prev_last_polygon_uuid":"60131364-88a3-46b3-afb3-e526a976ca9b","local_government_cd":"016616","point_lng":144.428045307,"point_lat":43.073617971}},{"arcs":[[122]],"type":"Polygon","properties":{"polygon_uuid":"3069f785-7024-4e75-a43a-8307ec25fd24","land_type":200,"issue_year":2024,"edit_year":2020,"history":"[{\"筆ポリゴンID\":\"4ae101af-e10e-4679-822b-364943380248\",\"更新年度\":2023,\"前年同一\":true},[{\"筆ポリゴンID\":\"6f333402-809e-4efb-9efd-bd00dd04febd\",\"更新年度\":2022,\"前年同一\":true},[{\"筆ポリゴンID\":\"d4ac9507-a855-45c4-8462-0c029af47094\",\"更新年度\":2021,\"前年同一\":true},{\"筆ポリゴンID\":\"d4ac9507-a855-45c4-8462-0c029af47094\",\"発生年度\":2020}]]]","last_polygon_uuid":"4ae101af-e10e-4679-822b-364943380248","prev_last_polygon_uuid":"6f333402-809e-4efb-9efd-bd00dd04febd","local_government_cd":"016616","point_lng":144.427869833,"point_lat":43.075673293}},{"arcs":[[123]],"type":"Polygon","properties":{"polygon_uuid":"72fa32d9-9d32-48f0-bf76-4e0b7c59e794","land_type":200,"issue_year":2024,"edit_year":2020,"history":"[{\"筆ポリゴンID\":\"9f9e7bc7-1064-4935-8061-c840a556644e\",\"更新年度\":2023,\"前年同一\":true},[{\"筆ポリゴンID\":\"77f0185f-0765-4cd3-896f-37b840e4e8af\",\"更新年度\":2022,\"前年同一\":true},[{\"筆ポリゴンID\":\"95eed3fe-05fc-422a-8604-d81535c0905d\",\"更新年度\":2021,\"前年同一\":true},{\"筆ポリゴンID\":\"95eed3fe-05fc-422a-8604-d81535c0905d\",\"発生年度\":2020}]]]","last_polygon_uuid":"9f9e7bc7-1064-4935-8061-c840a556644e","prev_last_polygon_uuid":"77f0185f-0765-4cd3-896f-37b840e4e8af","local_government_cd":"016616","point_lng":144.416426368,"point_lat":43.070411586}},{"arcs":[[124]],"type":"Polygon","properties":{"polygon_uuid":"9a17abd1-0b75-4129-be6e-fc23a356476b","land_type":200,"issue_year":2024,"edit_year":2020,"history":"[{\"筆ポリゴンID\":\"883e109f-9ee6-45bf-8edf-e7969ba39316\",\"更新年度\":2023,\"前年同一\":true},[{\"筆ポリゴンID\":\"8d1d5f4f-492c-4399-b4cf-32af5513293f\",\"更新年度\":2022,\"前年同一\":true},[{\"筆ポリゴンID\":\"63981123-7057-4c92-a547-23e3e842b07a\",\"更新年度\":2021,\"前年同一\":true},{\"筆ポリゴンID\":\"63981123-7057-4c92-a547-23e3e842b07a\",\"発生年度\":2020}]]]","last_polygon_uuid":"883e109f-9ee6-45bf-8edf-e7969ba39316","prev_last_polygon_uuid":"8d1d5f4f-492c-4399-b4cf-32af5513293f","local_government_cd":"016616","point_lng":144.414570563,"point_lat":43.070188344}},{"arcs":[[125]],"type":"Polygon","properties":{"polygon_uuid":"c88e9249-93ec-4118-b7b7-befa50d68a2e","land_type":200,"issue_year":2024,"edit_year":2020,"history":"[{\"筆ポリゴンID\":\"7a8a4068-3277-4293-a19c-0c69cda1ccff\",\"更新年度\":2023,\"前年同一\":true},[{\"筆ポリゴンID\":\"2ebfd919-3259-46c6-af8a-ffa1b7572e69\",\"更新年度\":2022,\"前年同一\":true},[{\"筆ポリゴンID\":\"ace71198-50a0-4f28-b34a-11297d707d67\",\"更新年度\":2021,\"前年同一\":true},{\"筆ポリゴンID\":\"ace71198-50a0-4f28-b34a-11297d707d67\",\"発生年度\":2020}]]]","last_polygon_uuid":"7a8a4068-3277-4293-a19c-0c69cda1ccff","prev_last_polygon_uuid":"2ebfd919-3259-46c6-af8a-ffa1b7572e69","local_government_cd":"016616","point_lng":144.43328367,"point_lat":43.065667488}},{"arcs":[[126]],"type":"Polygon","properties":{"polygon_uuid":"7d4bbbe0-321d-4631-9edc-43e8be21b7c8","land_type":200,"issue_year":2024,"edit_year":2020,"history":"[{\"筆ポリゴンID\":\"3fb5b16d-4c8e-428d-87ba-510d41cbdba9\",\"更新年度\":2023,\"前年同一\":true},[{\"筆ポリゴンID\":\"421ffa4f-3d2c-4ec3-84f4-8ae677c9fae9\",\"更新年度\":2022,\"前年同一\":true},[{\"筆ポリゴンID\":\"99e3df8f-852f-4d8c-9e75-978dcae8f318\",\"更新年度\":2021,\"前年同一\":true},{\"筆ポリゴンID\":\"99e3df8f-852f-4d8c-9e75-978dcae8f318\",\"発生年度\":2020}]]]","last_polygon_uuid":"3fb5b16d-4c8e-428d-87ba-510d41cbdba9","prev_last_polygon_uuid":"421ffa4f-3d2c-4ec3-84f4-8ae677c9fae9","local_government_cd":"016616","point_lng":144.429383282,"point_lat":43.067542037}},{"arcs":[[127]],"type":"Polygon","properties":{"polygon_uuid":"8e9c34b4-a5cd-4c38-b915-fe01009a9f2d","land_type":200,"issue_year":2024,"edit_year":2020,"history":"[{\"筆ポリゴンID\":\"0004398c-6929-4473-a6ef-35f0b52c0eff\",\"更新年度\":2023,\"前年同一\":true},[{\"筆ポリゴンID\":\"51cc1375-1fa3-458e-a61a-543e074ed566\",\"更新年度\":2022,\"前年同一\":true},[{\"筆ポリゴンID\":\"e897f1a2-6a3f-41ac-b802-2e9318169573\",\"更新年度\":2021,\"前年同一\":true},{\"筆ポリゴンID\":\"e897f1a2-6a3f-41ac-b802-2e9318169573\",\"発生年度\":2020}]]]","last_polygon_uuid":"0004398c-6929-4473-a6ef-35f0b52c0eff","prev_last_polygon_uuid":"51cc1375-1fa3-458e-a61a-543e074ed566","local_government_cd":"016616","point_lng":144.422807156,"point_lat":43.075775285}},{"arcs":[[128]],"type":"Polygon","properties":{"polygon_uuid":"0c2dc156-fac3-4f07-a43e-208c8c45cf4a","land_type":200,"issue_year":2024,"edit_year":2020,"history":"[{\"筆ポリゴンID\":\"1c722d7b-4f72-42d2-ada5-db8813b5743c\",\"更新年度\":2023,\"前年同一\":true},[{\"筆ポリゴンID\":\"8d533f12-abd9-4f2c-bb8d-7d277a873f92\",\"更新年度\":2022,\"前年同一\":true},[{\"筆ポリゴンID\":\"10ed7481-35f7-4e9a-ae32-45ab4fcbd536\",\"更新年度\":2021,\"前年同一\":true},{\"筆ポリゴンID\":\"10ed7481-35f7-4e9a-ae32-45ab4fcbd536\",\"発生年度\":2020}]]]","last_polygon_uuid":"1c722d7b-4f72-42d2-ada5-db8813b5743c","prev_last_polygon_uuid":"8d533f12-abd9-4f2c-bb8d-7d277a873f92","local_government_cd":"016616","point_lng":144.421438258,"point_lat":43.072672486}},{"arcs":[[129]],"type":"Polygon","properties":{"polygon_uuid":"e0b67a60-8d90-41ea-999d-d2909d67a314","land_type":200,"issue_year":2024,"edit_year":2020,"history":"[{\"筆ポリゴンID\":\"7071be12-cebd-42e9-97e3-5823e7d57551\",\"更新年度\":2023,\"前年同一\":true},[{\"筆ポリゴンID\":\"00a35b70-7bdb-4396-a609-6c8badb06d60\",\"更新年度\":2022,\"前年同一\":true},[{\"筆ポリゴンID\":\"ccc3d937-aec0-4030-ae95-8c678547b284\",\"更新年度\":2021,\"前年同一\":true},{\"筆ポリゴンID\":\"ccc3d937-aec0-4030-ae95-8c678547b284\",\"発生年度\":2020}]]]","last_polygon_uuid":"7071be12-cebd-42e9-97e3-5823e7d57551","prev_last_polygon_uuid":"00a35b70-7bdb-4396-a609-6c8badb06d60","local_government_cd":"016616","point_lng":144.42821435,"point_lat":43.071451583}},{"arcs":[[130]],"type":"Polygon","properties":{"polygon_uuid":"545b72c3-e5a0-4ad4-b8ca-c8a09209469b","land_type":200,"issue_year":2024,"edit_year":2020,"history":"[{\"筆ポリゴンID\":\"e691de5f-4cc8-4cc4-afe4-c045a8ce976e\",\"更新年度\":2023,\"前年同一\":true},[{\"筆ポリゴンID\":\"2d16e8ed-4791-47fe-beaa-b86650a450ad\",\"更新年度\":2022,\"前年同一\":true},[{\"筆ポリゴンID\":\"50897c0d-518e-440a-a86f-5666efcf16cb\",\"更新年度\":2021,\"前年同一\":true},{\"筆ポリゴンID\":\"50897c0d-518e-440a-a86f-5666efcf16cb\",\"発生年度\":2020}]]]","last_polygon_uuid":"e691de5f-4cc8-4cc4-afe4-c045a8ce976e","prev_last_polygon_uuid":"2d16e8ed-4791-47fe-beaa-b86650a450ad","local_government_cd":"016616","point_lng":144.517564709,"point_lat":43.039529782}},{"arcs":[[131]],"type":"Polygon","properties":{"polygon_uuid":"ac9aa31f-9adc-4cce-888a-622c714e07c4","land_type":200,"issue_year":2024,"edit_year":2020,"history":"[{\"筆ポリゴンID\":\"79e50e6f-de18-442b-ba7c-bad6e76534de\",\"更新年度\":2023,\"前年同一\":true},[{\"筆ポリゴンID\":\"2c97f032-8c8a-4806-a97e-dcbfcfcfad1c\",\"更新年度\":2022,\"前年同一\":true},[{\"筆ポリゴンID\":\"4bee7360-ef86-449c-90e3-a141ff5471a2\",\"更新年度\":2021,\"前年同一\":true},{\"筆ポリゴンID\":\"4bee7360-ef86-449c-90e3-a141ff5471a2\",\"発生年度\":2020}]]]","last_polygon_uuid":"79e50e6f-de18-442b-ba7c-bad6e76534de","prev_last_polygon_uuid":"2c97f032-8c8a-4806-a97e-dcbfcfcfad1c","local_government_cd":"016616","point_lng":144.471324731,"point_lat":43.058469359}},{"arcs":[[132]],"type":"Polygon","properties":{"polygon_uuid":"849262a9-d98a-4b7e-b49b-02239d9ffcd0","land_type":200,"issue_year":2024,"edit_year":2020,"history":"[{\"筆ポリゴンID\":\"19408b0c-2c31-4639-9ca1-f26f102ee5cd\",\"更新年度\":2023,\"前年同一\":true},[{\"筆ポリゴンID\":\"9baf5278-f0f6-4776-a222-5fccdadd1de3\",\"更新年度\":2022,\"前年同一\":true},[{\"筆ポリゴンID\":\"889abcd7-44c0-4c88-8376-2a75fe084016\",\"更新年度\":2021,\"前年同一\":true},{\"筆ポリゴンID\":\"889abcd7-44c0-4c88-8376-2a75fe084016\",\"発生年度\":2020}]]]","last_polygon_uuid":"19408b0c-2c31-4639-9ca1-f26f102ee5cd","prev_last_polygon_uuid":"9baf5278-f0f6-4776-a222-5fccdadd1de3","local_government_cd":"016616","point_lng":144.515624809,"point_lat":43.012917042}},{"arcs":[[133]],"type":"Polygon","properties":{"polygon_uuid":"c6f90266-0e3c-49a9-b480-cd05c40d4f07","land_type":200,"issue_year":2024,"edit_year":2020,"history":"[{\"筆ポリゴンID\":\"ef15ad19-5e01-4087-82df-3116450435ba\",\"更新年度\":2023,\"前年同一\":true},[{\"筆ポリゴンID\":\"f6a4ea06-4b3c-4ec2-ba23-d303755aae2d\",\"更新年度\":2022,\"前年同一\":true},[{\"筆ポリゴンID\":\"7c0d71f1-8fdb-49ea-994c-7b0b10203898\",\"更新年度\":2021,\"前年同一\":true},{\"筆ポリゴンID\":\"7c0d71f1-8fdb-49ea-994c-7b0b10203898\",\"発生年度\":2020}]]]","last_polygon_uuid":"ef15ad19-5e01-4087-82df-3116450435ba","prev_last_polygon_uuid":"f6a4ea06-4b3c-4ec2-ba23-d303755aae2d","local_government_cd":"016616","point_lng":144.462335476,"point_lat":43.008220103}},{"arcs":[[134]],"type":"Polygon","properties":{"polygon_uuid":"54fbb39f-d9e1-49e3-9a8e-b35fb6ce515b","land_type":200,"issue_year":2024,"edit_year":2020,"history":"[{\"筆ポリゴンID\":\"dd4a4a1c-bbb8-413d-a5ca-c6368d0c8261\",\"更新年度\":2023,\"前年同一\":true},[{\"筆ポリゴンID\":\"887697af-1fb2-4ec4-a1ee-c5179f096eae\",\"更新年度\":2022,\"前年同一\":true},[{\"筆ポリゴンID\":\"d297b9a2-8cfa-4f55-8d87-8b3cc6170f40\",\"更新年度\":2021,\"前年同一\":true},{\"筆ポリゴンID\":\"d297b9a2-8cfa-4f55-8d87-8b3cc6170f40\",\"発生年度\":2020}]]]","last_polygon_uuid":"dd4a4a1c-bbb8-413d-a5ca-c6368d0c8261","prev_last_polygon_uuid":"887697af-1fb2-4ec4-a1ee-c5179f096eae","local_government_cd":"016616","point_lng":144.514791684,"point_lat":43.012239255}},{"arcs":[[135]],"type":"Polygon","properties":{"polygon_uuid":"75f12601-795b-4468-abce-4e86c5b482ac","land_type":200,"issue_year":2024,"edit_year":2020,"history":"[{\"筆ポリゴンID\":\"14312b0b-3b69-420d-bf0a-dfe21cfe6756\",\"更新年度\":2023,\"前年同一\":true},[{\"筆ポリゴンID\":\"5a495640-284b-4ec7-88b5-2e49e9cc99e0\",\"更新年度\":2022,\"前年同一\":true},[{\"筆ポリゴンID\":\"5e2f192a-21e5-4b6d-9efe-1b7e98df9b53\",\"更新年度\":2021,\"前年同一\":true},{\"筆ポリゴンID\":\"5e2f192a-21e5-4b6d-9efe-1b7e98df9b53\",\"発生年度\":2020}]]]","last_polygon_uuid":"14312b0b-3b69-420d-bf0a-dfe21cfe6756","prev_last_polygon_uuid":"5a495640-284b-4ec7-88b5-2e49e9cc99e0","local_government_cd":"016616","point_lng":144.483494957,"point_lat":43.064688428}},{"arcs":[[136]],"type":"Polygon","properties":{"polygon_uuid":"9460951e-74af-4e5e-8ff7-af778c73c639","land_type":200,"issue_year":2024,"edit_year":2020,"history":"[{\"筆ポリゴンID\":\"b9273129-6bde-477b-a0a9-0864a64605b6\",\"更新年度\":2023,\"前年同一\":true},[{\"筆ポリゴンID\":\"fd155dbb-bd05-4bcd-b093-a88af9b1a07b\",\"更新年度\":2022,\"前年同一\":true},[{\"筆ポリゴンID\":\"ff73350c-09fc-4f21-af28-25ab1ec0c79b\",\"更新年度\":2021,\"前年同一\":true},{\"筆ポリゴンID\":\"ff73350c-09fc-4f21-af28-25ab1ec0c79b\",\"発生年度\":2020}]]]","last_polygon_uuid":"b9273129-6bde-477b-a0a9-0864a64605b6","prev_last_polygon_uuid":"fd155dbb-bd05-4bcd-b093-a88af9b1a07b","local_government_cd":"016616","point_lng":144.456921773,"point_lat":43.022158105}},{"arcs":[[137]],"type":"Polygon","properties":{"polygon_uuid":"3c831d99-fcc9-4729-8839-90a414806855","land_type":200,"issue_year":2024,"edit_year":2020,"history":"[{\"筆ポリゴンID\":\"7d08bed4-53ec-49dc-bbf2-69129bd19704\",\"更新年度\":2023,\"前年同一\":true},[{\"筆ポリゴンID\":\"a6927c7c-8de2-463d-959f-ff391814d04b\",\"更新年度\":2022,\"前年同一\":true},[{\"筆ポリゴンID\":\"5f365394-d587-4e22-973f-59bce8e5a993\",\"更新年度\":2021,\"前年同一\":true},{\"筆ポリゴンID\":\"5f365394-d587-4e22-973f-59bce8e5a993\",\"発生年度\":2020}]]]","last_polygon_uuid":"7d08bed4-53ec-49dc-bbf2-69129bd19704","prev_last_polygon_uuid":"a6927c7c-8de2-463d-959f-ff391814d04b","local_government_cd":"016616","point_lng":144.459174274,"point_lat":43.000760953}},{"arcs":[[138]],"type":"Polygon","properties":{"polygon_uuid":"bd529dfe-5473-4ee0-9415-96241fa00376","land_type":200,"issue_year":2024,"edit_year":2020,"history":"[{\"筆ポリゴンID\":\"ce8da3e3-3b0f-4770-b47c-f0a3f2c5d49b\",\"更新年度\":2023,\"前年同一\":true},[{\"筆ポリゴンID\":\"fe138062-5cc4-4d5b-8e34-036be60e2b75\",\"更新年度\":2022,\"前年同一\":true},[{\"筆ポリゴンID\":\"f5f0e68b-7a85-4d9c-91fe-37b620502e48\",\"更新年度\":2021,\"前年同一\":true},{\"筆ポリゴンID\":\"f5f0e68b-7a85-4d9c-91fe-37b620502e48\",\"発生年度\":2020}]]]","last_polygon_uuid":"ce8da3e3-3b0f-4770-b47c-f0a3f2c5d49b","prev_last_polygon_uuid":"fe138062-5cc4-4d5b-8e34-036be60e2b75","local_government_cd":"016616","point_lng":144.465931628,"point_lat":43.012529238}},{"arcs":[[139]],"type":"Polygon","properties":{"polygon_uuid":"26e28b7d-3bea-4e48-8a09-07cc6b32a2d1","land_type":200,"issue_year":2024,"edit_year":2020,"history":"[{\"筆ポリゴンID\":\"93c969a4-a902-4273-b943-9cb5baa958c9\",\"更新年度\":2023,\"前年同一\":true},[{\"筆ポリゴンID\":\"3c3d24d5-b589-4ca0-978b-ab966e496f11\",\"更新年度\":2022,\"前年同一\":true},[{\"筆ポリゴンID\":\"cad9e23e-8139-4964-bdc5-361a0ffa1e94\",\"更新年度\":2021,\"前年同一\":true},{\"筆ポリゴンID\":\"cad9e23e-8139-4964-bdc5-361a0ffa1e94\",\"発生年度\":2020}]]]","last_polygon_uuid":"93c969a4-a902-4273-b943-9cb5baa958c9","prev_last_polygon_uuid":"3c3d24d5-b589-4ca0-978b-ab966e496f11","local_government_cd":"016616","point_lng":144.460313912,"point_lat":43.003359095}},{"arcs":[[140]],"type":"Polygon","properties":{"polygon_uuid":"c873de64-0496-4d7c-8db8-cee7aff4e4cc","land_type":200,"issue_year":2024,"edit_year":2020,"history":"[{\"筆ポリゴンID\":\"0071aace-2b97-4016-9d18-5e566d3e3895\",\"更新年度\":2023,\"前年同一\":true},[{\"筆ポリゴンID\":\"407c0b69-a557-4770-bbaf-ec19fde4c8c8\",\"更新年度\":2022,\"前年同一\":true},[{\"筆ポリゴンID\":\"60f347d1-3a83-40d2-9c40-48e29c7ac874\",\"更新年度\":2021,\"前年同一\":true},{\"筆ポリゴンID\":\"60f347d1-3a83-40d2-9c40-48e29c7ac874\",\"発生年度\":2020}]]]","last_polygon_uuid":"0071aace-2b97-4016-9d18-5e566d3e3895","prev_last_polygon_uuid":"407c0b69-a557-4770-bbaf-ec19fde4c8c8","local_government_cd":"016616","point_lng":144.460658009,"point_lat":43.003565182}},{"arcs":[[141]],"type":"Polygon","properties":{"polygon_uuid":"843225a4-9d25-4a53-8803-568e1f8f6c64","land_type":200,"issue_year":2024,"edit_year":2020,"history":"[{\"筆ポリゴンID\":\"380e2146-c5fb-4ccd-ae00-87b1d1c03d8d\",\"更新年度\":2023,\"前年同一\":true},[{\"筆ポリゴンID\":\"b29dd62d-8c86-433d-ab4a-a657d5841a07\",\"更新年度\":2022,\"前年同一\":true},[{\"筆ポリゴンID\":\"8f62aae1-a069-46da-b58f-b43b0465caf0\",\"更新年度\":2021,\"前年同一\":true},{\"筆ポリゴンID\":\"8f62aae1-a069-46da-b58f-b43b0465caf0\",\"発生年度\":2020}]]]","last_polygon_uuid":"380e2146-c5fb-4ccd-ae00-87b1d1c03d8d","prev_last_polygon_uuid":"b29dd62d-8c86-433d-ab4a-a657d5841a07","local_government_cd":"016616","point_lng":144.684338281,"point_lat":42.977113905}},{"arcs":[[142]],"type":"Polygon","properties":{"polygon_uuid":"397e646d-2bd0-4d25-b8cd-aed32a9aec82","land_type":200,"issue_year":2024,"edit_year":2020,"history":"[{\"筆ポリゴンID\":\"1eccad48-8b08-4872-bc5c-b5be5f675ddc\",\"更新年度\":2023,\"前年同一\":true},[{\"筆ポリゴンID\":\"1011391a-25c2-4a38-aaec-0e7c1432538e\",\"更新年度\":2022,\"前年同一\":true},[{\"筆ポリゴンID\":\"c685eaf6-fddc-4511-ae88-14f5769df8a7\",\"更新年度\":2021,\"前年同一\":true},{\"筆ポリゴンID\":\"c685eaf6-fddc-4511-ae88-14f5769df8a7\",\"発生年度\":2020}]]]","last_polygon_uuid":"1eccad48-8b08-4872-bc5c-b5be5f675ddc","prev_last_polygon_uuid":"1011391a-25c2-4a38-aaec-0e7c1432538e","local_government_cd":"016616","point_lng":144.459779116,"point_lat":43.006901731}},{"arcs":[[143]],"type":"Polygon","properties":{"polygon_uuid":"59c83f79-0144-4374-bdd7-baf0fa8119dd","land_type":200,"issue_year":2024,"edit_year":2020,"history":"[{\"筆ポリゴンID\":\"6b9eb1a3-b2f3-4a2c-a58b-6cf91607d8a7\",\"更新年度\":2023,\"前年同一\":true},[{\"筆ポリゴンID\":\"38613721-60c7-47b9-8fd4-0caddb83a415\",\"更新年度\":2022,\"前年同一\":true},[{\"筆ポリゴンID\":\"09abae3d-8ff4-4f41-becc-3f5c768c2c2e\",\"更新年度\":2021,\"前年同一\":true},{\"筆ポリゴンID\":\"09abae3d-8ff4-4f41-becc-3f5c768c2c2e\",\"発生年度\":2020}]]]","last_polygon_uuid":"6b9eb1a3-b2f3-4a2c-a58b-6cf91607d8a7","prev_last_polygon_uuid":"38613721-60c7-47b9-8fd4-0caddb83a415","local_government_cd":"016616","point_lng":144.503905931,"point_lat":43.044991381}},{"arcs":[[144]],"type":"Polygon","properties":{"polygon_uuid":"51a69862-bf5a-4b96-a7dd-e56f9d35e55f","land_type":200,"issue_year":2024,"edit_year":2020,"history":"[{\"筆ポリゴンID\":\"ba9a8aa6-d977-4735-b12c-b31ca36d87d3\",\"更新年度\":2023,\"前年同一\":true},[{\"筆ポリゴンID\":\"432ada7e-3867-4222-b54a-aa099d229e17\",\"更新年度\":2022,\"前年同一\":true},[{\"筆ポリゴンID\":\"34474146-dc00-466f-bae3-28d63ed5dd07\",\"更新年度\":2021,\"前年同一\":true},{\"筆ポリゴンID\":\"34474146-dc00-466f-bae3-28d63ed5dd07\",\"発生年度\":2020}]]]","last_polygon_uuid":"ba9a8aa6-d977-4735-b12c-b31ca36d87d3","prev_last_polygon_uuid":"432ada7e-3867-4222-b54a-aa099d229e17","local_government_cd":"016616","point_lng":144.490031059,"point_lat":43.065547951}},{"arcs":[[145]],"type":"Polygon","properties":{"polygon_uuid":"df647ac0-8bb7-466e-b9d7-a02d56eb9afe","land_type":200,"issue_year":2024,"edit_year":2020,"history":"[{\"筆ポリゴンID\":\"75ee14ad-6387-489e-9afc-849ba9825414\",\"更新年度\":2023,\"前年同一\":true},[{\"筆ポリゴンID\":\"8d64728c-11d5-4775-bcae-cfc90dc418bb\",\"更新年度\":2022,\"前年同一\":true},[{\"筆ポリゴンID\":\"a847091d-60bc-44dd-9cc5-a901ecc63724\",\"更新年度\":2021,\"前年同一\":true},{\"筆ポリゴンID\":\"a847091d-60bc-44dd-9cc5-a901ecc63724\",\"発生年度\":2020}]]]","last_polygon_uuid":"75ee14ad-6387-489e-9afc-849ba9825414","prev_last_polygon_uuid":"8d64728c-11d5-4775-bcae-cfc90dc418bb","local_government_cd":"016616","point_lng":144.447678502,"point_lat":43.025369066}},{"arcs":[[-13,146]],"type":"Polygon","properties":{"polygon_uuid":"b308d3e3-c1b7-4aa0-9dec-adf0a9e8910f","land_type":200,"issue_year":2024,"edit_year":2020,"history":"[{\"筆ポリゴンID\":\"739fc334-e2f6-4b3f-b220-9e78ec70018e\",\"更新年度\":2023,\"前年同一\":true},[{\"筆ポリゴンID\":\"7e0942cf-412c-476f-b359-1cb7746fba1e\",\"更新年度\":2022,\"前年同一\":true},[{\"筆ポリゴンID\":\"1c4ebfa1-1c75-434c-8728-354a2428caea\",\"更新年度\":2021,\"前年同一\":true},{\"筆ポリゴンID\":\"1c4ebfa1-1c75-434c-8728-354a2428caea\",\"発生年度\":2020}]]]","last_polygon_uuid":"739fc334-e2f6-4b3f-b220-9e78ec70018e","prev_last_polygon_uuid":"7e0942cf-412c-476f-b359-1cb7746fba1e","local_government_cd":"016616","point_lng":144.431898712,"point_lat":43.008818406}},{"arcs":[[147]],"type":"Polygon","properties":{"polygon_uuid":"84c6855e-b03f-4e41-8612-2a03d7729057","land_type":200,"issue_year":2024,"edit_year":2020,"history":"[{\"筆ポリゴンID\":\"b11d1d57-fe5f-4c59-8d6d-51f2cdd0d407\",\"更新年度\":2023,\"前年同一\":true},[{\"筆ポリゴンID\":\"56353bac-813b-4040-b7e6-5d39157ce0b3\",\"更新年度\":2022,\"前年同一\":true},[{\"筆ポリゴンID\":\"a0213467-b3de-4207-8311-dc093d0adb50\",\"更新年度\":2021,\"前年同一\":true},{\"筆ポリゴンID\":\"a0213467-b3de-4207-8311-dc093d0adb50\",\"発生年度\":2020}]]]","last_polygon_uuid":"b11d1d57-fe5f-4c59-8d6d-51f2cdd0d407","prev_last_polygon_uuid":"56353bac-813b-4040-b7e6-5d39157ce0b3","local_government_cd":"016616","point_lng":144.456628866,"point_lat":43.021051623}},{"arcs":[[148]],"type":"Polygon","properties":{"polygon_uuid":"7517777e-8d43-476f-9b34-c747dc4b9425","land_type":200,"issue_year":2024,"edit_year":2020,"history":"[{\"筆ポリゴンID\":\"d6152911-4517-4e24-b53d-b7642bc15831\",\"更新年度\":2023,\"前年同一\":true},[{\"筆ポリゴンID\":\"9dafbc31-3bf0-435b-89e3-585d57c14695\",\"更新年度\":2022,\"前年同一\":true},[{\"筆ポリゴンID\":\"aa228897-db0b-437a-8f93-ad7442c2b07b\",\"更新年度\":2021,\"前年同一\":true},{\"筆ポリゴンID\":\"aa228897-db0b-437a-8f93-ad7442c2b07b\",\"発生年度\":2020}]]]","last_polygon_uuid":"d6152911-4517-4e24-b53d-b7642bc15831","prev_last_polygon_uuid":"9dafbc31-3bf0-435b-89e3-585d57c14695","local_government_cd":"016616","point_lng":144.494139033,"point_lat":43.04785104}},{"arcs":[[149]],"type":"Polygon","properties":{"polygon_uuid":"c5e61825-5823-4eeb-93fd-1932e16544fa","land_type":200,"issue_year":2024,"edit_year":2020,"history":"[{\"筆ポリゴンID\":\"ec2b485a-9c1a-4bc9-b1a4-6b6ca2f4f8f0\",\"更新年度\":2023,\"前年同一\":true},[{\"筆ポリゴンID\":\"42f15224-9c73-4de6-826f-46dd9b97c99e\",\"更新年度\":2022,\"前年同一\":true},[{\"筆ポリゴンID\":\"a9ba6321-9c33-4d3d-99ba-1dbb814760ab\",\"更新年度\":2021,\"前年同一\":true},{\"筆ポリゴンID\":\"a9ba6321-9c33-4d3d-99ba-1dbb814760ab\",\"発生年度\":2020}]]]","last_polygon_uuid":"ec2b485a-9c1a-4bc9-b1a4-6b6ca2f4f8f0","prev_last_polygon_uuid":"42f15224-9c73-4de6-826f-46dd9b97c99e","local_government_cd":"016616","point_lng":144.475140639,"point_lat":43.008436835}},{"arcs":[[150]],"type":"Polygon","properties":{"polygon_uuid":"62739908-a63c-41d7-809c-ac6941ae865c","land_type":200,"issue_year":2024,"edit_year":2020,"history":"[{\"筆ポリゴンID\":\"cc7c882a-95e7-48f0-a276-ae902cdb8153\",\"更新年度\":2023,\"前年同一\":true},[{\"筆ポリゴンID\":\"d73fd4b7-e617-4830-bdb4-2b5091b65081\",\"更新年度\":2022,\"前年同一\":true},[{\"筆ポリゴンID\":\"a3be4795-e1fd-4abe-a0d6-5fd266e84c55\",\"更新年度\":2021,\"前年同一\":true},{\"筆ポリゴンID\":\"a3be4795-e1fd-4abe-a0d6-5fd266e84c55\",\"発生年度\":2020}]]]","last_polygon_uuid":"cc7c882a-95e7-48f0-a276-ae902cdb8153","prev_last_polygon_uuid":"d73fd4b7-e617-4830-bdb4-2b5091b65081","local_government_cd":"016616","point_lng":144.466743808,"point_lat":43.014114471}},{"arcs":[[151]],"type":"Polygon","properties":{"polygon_uuid":"d0705ff8-cae5-4d79-b126-71eae4d965ec","land_type":200,"issue_year":2024,"edit_year":2020,"history":"[{\"筆ポリゴンID\":\"b10802fa-cd09-48f5-8dd2-887c2c5ef117\",\"更新年度\":2023,\"前年同一\":true},[{\"筆ポリゴンID\":\"f22dbaf3-c5ba-4b98-9563-12dbaa2df3ec\",\"更新年度\":2022,\"前年同一\":true},[{\"筆ポリゴンID\":\"372cb06b-2c02-4c04-bb0f-e324da74e74c\",\"更新年度\":2021,\"前年同一\":true},{\"筆ポリゴンID\":\"372cb06b-2c02-4c04-bb0f-e324da74e74c\",\"発生年度\":2020}]]]","last_polygon_uuid":"b10802fa-cd09-48f5-8dd2-887c2c5ef117","prev_last_polygon_uuid":"f22dbaf3-c5ba-4b98-9563-12dbaa2df3ec","local_government_cd":"016616","point_lng":144.715400841,"point_lat":42.995702208}},{"arcs":[[152]],"type":"Polygon","properties":{"polygon_uuid":"e5a316af-6b8f-44ab-a23b-10d079c53f4f","land_type":200,"issue_year":2024,"edit_year":2020,"history":"[{\"筆ポリゴンID\":\"74e8161f-c0a4-453f-9c9c-e003a6dd13c4\",\"更新年度\":2023,\"前年同一\":true},[{\"筆ポリゴンID\":\"442f2980-74fb-42e4-ab9d-dbd10409a0df\",\"更新年度\":2022,\"前年同一\":true},[{\"筆ポリゴンID\":\"ca56ffae-2365-414b-ab81-6f0b9b663c84\",\"更新年度\":2021,\"前年同一\":true},{\"筆ポリゴンID\":\"ca56ffae-2365-414b-ab81-6f0b9b663c84\",\"発生年度\":2020}]]]","last_polygon_uuid":"74e8161f-c0a4-453f-9c9c-e003a6dd13c4","prev_last_polygon_uuid":"442f2980-74fb-42e4-ab9d-dbd10409a0df","local_government_cd":"016616","point_lng":144.717476121,"point_lat":42.992071125}},{"arcs":[[153]],"type":"Polygon","properties":{"polygon_uuid":"50eb7a17-9d4f-4bae-ba47-c92383b3daff","land_type":200,"issue_year":2024,"edit_year":2020,"history":"[{\"筆ポリゴンID\":\"9dac76b4-09e1-4d7c-b8aa-1de3bbe4e2a8\",\"更新年度\":2023,\"前年同一\":true},[{\"筆ポリゴンID\":\"cee57129-43a5-40f3-9024-97ca5f60f0e6\",\"更新年度\":2022,\"前年同一\":true},[{\"筆ポリゴンID\":\"48b24d6f-f2d2-4c43-83fb-a295c7a5f7d2\",\"更新年度\":2021,\"前年同一\":true},{\"筆ポリゴンID\":\"48b24d6f-f2d2-4c43-83fb-a295c7a5f7d2\",\"発生年度\":2020}]]]","last_polygon_uuid":"9dac76b4-09e1-4d7c-b8aa-1de3bbe4e2a8","prev_last_polygon_uuid":"cee57129-43a5-40f3-9024-97ca5f60f0e6","local_government_cd":"016616","point_lng":144.713758465,"point_lat":42.994847162}},{"arcs":[[154]],"type":"Polygon","properties":{"polygon_uuid":"ef016d47-cac5-493e-9162-619fea84c9e8","land_type":200,"issue_year":2024,"edit_year":2020,"history":"[{\"筆ポリゴンID\":\"d95379f6-3e02-40a2-8b98-f9193d5b3448\",\"更新年度\":2023,\"前年同一\":true},[{\"筆ポリゴンID\":\"ad735201-05cd-4362-be82-0f2f719c9e27\",\"更新年度\":2022,\"前年同一\":true},[{\"筆ポリゴンID\":\"2b043703-3010-41ce-910d-4ba9a1a8d49e\",\"更新年度\":2021,\"前年同一\":true},{\"筆ポリゴンID\":\"2b043703-3010-41ce-910d-4ba9a1a8d49e\",\"発生年度\":2020}]]]","last_polygon_uuid":"d95379f6-3e02-40a2-8b98-f9193d5b3448","prev_last_polygon_uuid":"ad735201-05cd-4362-be82-0f2f719c9e27","local_government_cd":"016616","point_lng":144.712742101,"point_lat":42.996196803}},{"arcs":[[155]],"type":"Polygon","properties":{"polygon_uuid":"4cd62b44-74e6-40f7-a44d-2b81330f6c14","land_type":200,"issue_year":2024,"edit_year":2020,"history":"[{\"筆ポリゴンID\":\"5418d57f-a52a-4dbb-8e56-6005b6560476\",\"更新年度\":2023,\"前年同一\":true},[{\"筆ポリゴンID\":\"b8d929db-842f-408d-8c5b-a650ddae95dd\",\"更新年度\":2022,\"前年同一\":true},[{\"筆ポリゴンID\":\"4fcb8209-fa9f-4268-9a99-319a55cc7b9e\",\"更新年度\":2021,\"前年同一\":true},{\"筆ポリゴンID\":\"4fcb8209-fa9f-4268-9a99-319a55cc7b9e\",\"発生年度\":2020}]]]","last_polygon_uuid":"5418d57f-a52a-4dbb-8e56-6005b6560476","prev_last_polygon_uuid":"b8d929db-842f-408d-8c5b-a650ddae95dd","local_government_cd":"016616","point_lng":144.715026185,"point_lat":42.997352677}},{"arcs":[[156]],"type":"Polygon","properties":{"polygon_uuid":"ded4c4b7-8e4b-4714-98c4-63bb00a18aa9","land_type":200,"issue_year":2024,"edit_year":2020,"history":"[{\"筆ポリゴンID\":\"19ad5e9b-a526-4060-a9f5-5251c9e562cb\",\"更新年度\":2023,\"前年同一\":true},[{\"筆ポリゴンID\":\"64ac55b1-d46c-4492-b03d-b2352d3ab2bb\",\"更新年度\":2022,\"前年同一\":true},[{\"筆ポリゴンID\":\"76f37827-4f55-4a54-9859-a6bd44bbb337\",\"更新年度\":2021,\"前年同一\":true},{\"筆ポリゴンID\":\"76f37827-4f55-4a54-9859-a6bd44bbb337\",\"発生年度\":2020}]]]","last_polygon_uuid":"19ad5e9b-a526-4060-a9f5-5251c9e562cb","prev_last_polygon_uuid":"64ac55b1-d46c-4492-b03d-b2352d3ab2bb","local_government_cd":"016616","point_lng":144.516087672,"point_lat":43.04943343}},{"arcs":[[157]],"type":"Polygon","properties":{"polygon_uuid":"7af0111a-5a0e-4409-9b15-01f5765214a5","land_type":200,"issue_year":2024,"edit_year":2020,"history":"[{\"筆ポリゴンID\":\"e5dce36c-099c-4d43-84e5-21a7b63d62e8\",\"更新年度\":2023,\"前年同一\":true},[{\"筆ポリゴンID\":\"4c32b21b-ceb5-4b37-a199-9fea8b37fa08\",\"更新年度\":2022,\"前年同一\":true},[{\"筆ポリゴンID\":\"7cef294f-d3c3-4686-93f6-531e5563d73e\",\"更新年度\":2021,\"前年同一\":true},{\"筆ポリゴンID\":\"7cef294f-d3c3-4686-93f6-531e5563d73e\",\"発生年度\":2020}]]]","last_polygon_uuid":"e5dce36c-099c-4d43-84e5-21a7b63d62e8","prev_last_polygon_uuid":"4c32b21b-ceb5-4b37-a199-9fea8b37fa08","local_government_cd":"016616","point_lng":144.521672164,"point_lat":43.038625545}},{"arcs":[[158]],"type":"Polygon","properties":{"polygon_uuid":"a257b0a2-0011-4228-b7db-c878032719cf","land_type":200,"issue_year":2024,"edit_year":2020,"history":"[{\"筆ポリゴンID\":\"4f208b4d-4cd6-4ed7-9763-70532d3a702a\",\"更新年度\":2023,\"前年同一\":true},[{\"筆ポリゴンID\":\"f17054f8-5105-4f2a-b0e0-13b5c3c4b699\",\"更新年度\":2022,\"前年同一\":true},[{\"筆ポリゴンID\":\"ec7ed0b4-1fa1-40ce-9191-29a5d16a8ed2\",\"更新年度\":2021,\"前年同一\":true},{\"筆ポリゴンID\":\"ec7ed0b4-1fa1-40ce-9191-29a5d16a8ed2\",\"発生年度\":2020}]]]","last_polygon_uuid":"4f208b4d-4cd6-4ed7-9763-70532d3a702a","prev_last_polygon_uuid":"f17054f8-5105-4f2a-b0e0-13b5c3c4b699","local_government_cd":"016616","point_lng":144.441448581,"point_lat":43.066757795}},{"arcs":[[159]],"type":"Polygon","properties":{"polygon_uuid":"0d377a8f-d305-4fbe-8dcd-ba73a815410c","land_type":200,"issue_year":2024,"edit_year":2020,"history":"[{\"筆ポリゴンID\":\"1f9bde0d-c223-4245-82e5-f8a6385b87a7\",\"更新年度\":2023,\"前年同一\":true},[{\"筆ポリゴンID\":\"157825c0-3946-4027-a384-88c52478a3a4\",\"更新年度\":2022,\"前年同一\":true},[{\"筆ポリゴンID\":\"701defe3-bb2a-4166-ac96-873974c5cfa0\",\"更新年度\":2021,\"前年同一\":true},{\"筆ポリゴンID\":\"701defe3-bb2a-4166-ac96-873974c5cfa0\",\"発生年度\":2020}]]]","last_polygon_uuid":"1f9bde0d-c223-4245-82e5-f8a6385b87a7","prev_last_polygon_uuid":"157825c0-3946-4027-a384-88c52478a3a4","local_government_cd":"016616","point_lng":144.445514561,"point_lat":43.020489867}},{"arcs":[[160]],"type":"Polygon","properties":{"polygon_uuid":"20105275-2579-4655-9178-947fde93b190","land_type":200,"issue_year":2024,"edit_year":2020,"history":"[{\"筆ポリゴンID\":\"6bf6abe7-d2d2-485d-911f-6bcc90486833\",\"更新年度\":2023,\"前年同一\":true},[{\"筆ポリゴンID\":\"db225d65-3a74-42e0-bc58-95918edc0d7e\",\"更新年度\":2022,\"前年同一\":true},[{\"筆ポリゴンID\":\"490d331c-41cc-49f9-a27d-d1e5f8238973\",\"更新年度\":2021,\"前年同一\":true},{\"筆ポリゴンID\":\"490d331c-41cc-49f9-a27d-d1e5f8238973\",\"発生年度\":2020}]]]","last_polygon_uuid":"6bf6abe7-d2d2-485d-911f-6bcc90486833","prev_last_polygon_uuid":"db225d65-3a74-42e0-bc58-95918edc0d7e","local_government_cd":"016616","point_lng":144.501194148,"point_lat":43.056231586}},{"arcs":[[161]],"type":"Polygon","properties":{"polygon_uuid":"7aed8cfe-a76e-4a4b-9f88-2529165e9fa7","land_type":200,"issue_year":2024,"edit_year":2020,"history":"[{\"筆ポリゴンID\":\"abec1aad-e768-43c9-8509-03fa09e621db\",\"更新年度\":2023,\"前年同一\":true},[{\"筆ポリゴンID\":\"9ce712b8-728e-43a3-8ede-397e7a929a61\",\"更新年度\":2022,\"前年同一\":true},[{\"筆ポリゴンID\":\"06c1a6ec-cc1a-44cb-8aae-4f0132cf166c\",\"更新年度\":2021,\"前年同一\":true},{\"筆ポリゴンID\":\"06c1a6ec-cc1a-44cb-8aae-4f0132cf166c\",\"発生年度\":2020}]]]","last_polygon_uuid":"abec1aad-e768-43c9-8509-03fa09e621db","prev_last_polygon_uuid":"9ce712b8-728e-43a3-8ede-397e7a929a61","local_government_cd":"016616","point_lng":144.507824536,"point_lat":43.063515203}},{"arcs":[[162]],"type":"Polygon","properties":{"polygon_uuid":"f00d39ab-0f97-4130-bbc1-50c310edc136","land_type":200,"issue_year":2024,"edit_year":2020,"history":"[{\"筆ポリゴンID\":\"f98920d5-f95d-4ec1-a2c7-dba62de37179\",\"更新年度\":2023,\"前年同一\":true},[{\"筆ポリゴンID\":\"593fefd4-f8bb-4220-8303-4b7be0536b2f\",\"更新年度\":2022,\"前年同一\":true},[{\"筆ポリゴンID\":\"c5f6c03d-1d9b-4a53-9b83-aa23fbaff0aa\",\"更新年度\":2021,\"前年同一\":true},{\"筆ポリゴンID\":\"c5f6c03d-1d9b-4a53-9b83-aa23fbaff0aa\",\"発生年度\":2020}]]]","last_polygon_uuid":"f98920d5-f95d-4ec1-a2c7-dba62de37179","prev_last_polygon_uuid":"593fefd4-f8bb-4220-8303-4b7be0536b2f","local_government_cd":"016616","point_lng":144.498737978,"point_lat":43.050939576}},{"arcs":[[163]],"type":"Polygon","properties":{"polygon_uuid":"bb28b1fe-1bbb-4ae8-9a34-1ae6ee25f378","land_type":200,"issue_year":2024,"edit_year":2020,"history":"[{\"筆ポリゴンID\":\"027be589-b9cd-4df8-a50e-1bdd0b2705d2\",\"更新年度\":2023,\"前年同一\":true},[{\"筆ポリゴンID\":\"adf62366-422a-411a-a332-f27c3d3273f8\",\"更新年度\":2022,\"前年同一\":true},[{\"筆ポリゴンID\":\"6f0a0682-30b1-4510-bbfc-37d845c611ef\",\"更新年度\":2021,\"前年同一\":true},{\"筆ポリゴンID\":\"6f0a0682-30b1-4510-bbfc-37d845c611ef\",\"発生年度\":2020}]]]","last_polygon_uuid":"027be589-b9cd-4df8-a50e-1bdd0b2705d2","prev_last_polygon_uuid":"adf62366-422a-411a-a332-f27c3d3273f8","local_government_cd":"016616","point_lng":144.477154037,"point_lat":43.085858619}},{"arcs":[[164]],"type":"Polygon","properties":{"polygon_uuid":"57c499f2-4e8b-4031-840a-b133e9943606","land_type":200,"issue_year":2024,"edit_year":2020,"history":"[{\"筆ポリゴンID\":\"83e39555-cf38-4b9e-96bb-d6c887c94d32\",\"更新年度\":2023,\"前年同一\":true},[{\"筆ポリゴンID\":\"98bd0b5c-c1f0-4f15-9816-3d11738847be\",\"更新年度\":2022,\"前年同一\":true},[{\"筆ポリゴンID\":\"e072373f-0482-4d5a-ac6e-1c135c2196dd\",\"更新年度\":2021,\"前年同一\":true},{\"筆ポリゴンID\":\"e072373f-0482-4d5a-ac6e-1c135c2196dd\",\"発生年度\":2020}]]]","last_polygon_uuid":"83e39555-cf38-4b9e-96bb-d6c887c94d32","prev_last_polygon_uuid":"98bd0b5c-c1f0-4f15-9816-3d11738847be","local_government_cd":"016616","point_lng":144.676119482,"point_lat":42.9723457}},{"arcs":[[165]],"type":"Polygon","properties":{"polygon_uuid":"4ae1531d-6168-4e5d-a47e-4835bbd800d2","land_type":200,"issue_year":2024,"edit_year":2020,"history":"[{\"筆ポリゴンID\":\"9d48b430-db71-4910-9199-50294f5a0814\",\"更新年度\":2023,\"前年同一\":true},[{\"筆ポリゴンID\":\"3ae65075-da0c-4589-ac3d-08b7b2dc9677\",\"更新年度\":2022,\"前年同一\":true},[{\"筆ポリゴンID\":\"8b3aa71f-b5ff-4479-abbf-07b0a0284244\",\"更新年度\":2021,\"前年同一\":true},{\"筆ポリゴンID\":\"8b3aa71f-b5ff-4479-abbf-07b0a0284244\",\"発生年度\":2020}]]]","last_polygon_uuid":"9d48b430-db71-4910-9199-50294f5a0814","prev_last_polygon_uuid":"3ae65075-da0c-4589-ac3d-08b7b2dc9677","local_government_cd":"016616","point_lng":144.681833186,"point_lat":42.964920013}},{"arcs":[[166]],"type":"Polygon","properties":{"polygon_uuid":"79cfdfec-5469-4096-8ed7-85b439e8a188","land_type":200,"issue_year":2024,"edit_year":2020,"history":"[{\"筆ポリゴンID\":\"c3c73ae6-a0d4-4e27-b7f8-4262f2224b5c\",\"更新年度\":2023,\"前年同一\":true},[{\"筆ポリゴンID\":\"98daa8e0-ee0a-48df-bafc-130e15d19215\",\"更新年度\":2022,\"前年同一\":true},[{\"筆ポリゴンID\":\"abe71b03-53b1-4c64-9f32-b4cfe47a1754\",\"更新年度\":2021,\"前年同一\":true},{\"筆ポリゴンID\":\"abe71b03-53b1-4c64-9f32-b4cfe47a1754\",\"発生年度\":2020}]]]","last_polygon_uuid":"c3c73ae6-a0d4-4e27-b7f8-4262f2224b5c","prev_last_polygon_uuid":"98daa8e0-ee0a-48df-bafc-130e15d19215","local_government_cd":"016616","point_lng":144.514711166,"point_lat":43.088287831}},{"arcs":[[167]],"type":"Polygon","properties":{"polygon_uuid":"5e6d916e-8e18-47b1-8418-d4f592706483","land_type":200,"issue_year":2024,"edit_year":2020,"history":"[{\"筆ポリゴンID\":\"d5b83030-6baa-4f05-950b-c32b69a1748a\",\"更新年度\":2023,\"前年同一\":true},[{\"筆ポリゴンID\":\"91bd03d1-8ad2-48df-8359-fceaa07d6fe0\",\"更新年度\":2022,\"前年同一\":true},[{\"筆ポリゴンID\":\"0f2070c4-86cd-4657-b4e1-4413de220a94\",\"更新年度\":2021,\"前年同一\":true},{\"筆ポリゴンID\":\"0f2070c4-86cd-4657-b4e1-4413de220a94\",\"発生年度\":2020}]]]","last_polygon_uuid":"d5b83030-6baa-4f05-950b-c32b69a1748a","prev_last_polygon_uuid":"91bd03d1-8ad2-48df-8359-fceaa07d6fe0","local_government_cd":"016616","point_lng":144.542850524,"point_lat":43.057430221}},{"arcs":[[168]],"type":"Polygon","properties":{"polygon_uuid":"4e7572fc-e7b1-45d5-8592-1668b91c1735","land_type":200,"issue_year":2024,"edit_year":2020,"history":"[{\"筆ポリゴンID\":\"4cd94f83-a46f-4795-b7fd-80f2bfa66961\",\"更新年度\":2023,\"前年同一\":true},[{\"筆ポリゴンID\":\"62eecd42-023d-4f12-b3c0-b60616f3c6ef\",\"更新年度\":2022,\"前年同一\":true},[{\"筆ポリゴンID\":\"8b2414c9-73e6-420f-8f47-3265dac625cd\",\"更新年度\":2021,\"前年同一\":true},{\"筆ポリゴンID\":\"8b2414c9-73e6-420f-8f47-3265dac625cd\",\"発生年度\":2020}]]]","last_polygon_uuid":"4cd94f83-a46f-4795-b7fd-80f2bfa66961","prev_last_polygon_uuid":"62eecd42-023d-4f12-b3c0-b60616f3c6ef","local_government_cd":"016616","point_lng":144.511770878,"point_lat":43.04587514}},{"arcs":[[169]],"type":"Polygon","properties":{"polygon_uuid":"a7f93df5-4740-48b3-8eea-1e14398ad90d","land_type":200,"issue_year":2024,"edit_year":2020,"history":"[{\"筆ポリゴンID\":\"f44eff4b-2198-45ac-993f-dac01af77c56\",\"更新年度\":2023,\"前年同一\":true},[{\"筆ポリゴンID\":\"d670592f-a1b2-45bd-ac91-9ccd1c87424a\",\"更新年度\":2022,\"前年同一\":true},[{\"筆ポリゴンID\":\"cb4a772c-26a3-4bef-a79a-772fe2d4d155\",\"更新年度\":2021,\"前年同一\":true},{\"筆ポリゴンID\":\"cb4a772c-26a3-4bef-a79a-772fe2d4d155\",\"発生年度\":2020}]]]","last_polygon_uuid":"f44eff4b-2198-45ac-993f-dac01af77c56","prev_last_polygon_uuid":"d670592f-a1b2-45bd-ac91-9ccd1c87424a","local_government_cd":"016616","point_lng":144.470385408,"point_lat":43.009257143}},{"arcs":[[170]],"type":"Polygon","properties":{"polygon_uuid":"178f6d09-21ea-47b3-958e-bf066d78b434","land_type":200,"issue_year":2024,"edit_year":2020,"history":"[{\"筆ポリゴンID\":\"ecef40a6-7d43-4eb8-a133-f456f621caf5\",\"更新年度\":2023,\"前年同一\":true},[{\"筆ポリゴンID\":\"aead9409-654e-4e00-82b2-184792711f9d\",\"更新年度\":2022,\"前年同一\":true},[{\"筆ポリゴンID\":\"8282dbc1-968d-4508-8c19-ac9fc3d3ab60\",\"更新年度\":2021,\"前年同一\":true},{\"筆ポリゴンID\":\"8282dbc1-968d-4508-8c19-ac9fc3d3ab60\",\"発生年度\":2020}]]]","last_polygon_uuid":"ecef40a6-7d43-4eb8-a133-f456f621caf5","prev_last_polygon_uuid":"aead9409-654e-4e00-82b2-184792711f9d","local_government_cd":"016616","point_lng":144.496972729,"point_lat":43.049292679}},{"arcs":[[171]],"type":"Polygon","properties":{"polygon_uuid":"d0bd8e90-cafa-471b-865e-5a2033b17e3b","land_type":200,"issue_year":2024,"edit_year":2020,"history":"[{\"筆ポリゴンID\":\"4cecd5b1-3818-4623-a10b-ccffdc2db48a\",\"更新年度\":2023,\"前年同一\":true},[{\"筆ポリゴンID\":\"f5be1f64-ef47-47df-86c9-91fa9702c834\",\"更新年度\":2022,\"前年同一\":true},[{\"筆ポリゴンID\":\"26ee8d57-5592-4d11-b99a-9e19fc9ed3b5\",\"更新年度\":2021,\"前年同一\":true},{\"筆ポリゴンID\":\"26ee8d57-5592-4d11-b99a-9e19fc9ed3b5\",\"発生年度\":2020}]]]","last_polygon_uuid":"4cecd5b1-3818-4623-a10b-ccffdc2db48a","prev_last_polygon_uuid":"f5be1f64-ef47-47df-86c9-91fa9702c834","local_government_cd":"016616","point_lng":144.481953343,"point_lat":43.083023333}},{"arcs":[[172]],"type":"Polygon","properties":{"polygon_uuid":"ca92fca1-11b8-482e-bc43-1ea21f95f15a","land_type":200,"issue_year":2024,"edit_year":2020,"history":"[{\"筆ポリゴンID\":\"827c1920-ffc4-4146-b3c7-4f09b8aff323\",\"更新年度\":2023,\"前年同一\":true},[{\"筆ポリゴンID\":\"12ecbc65-ea60-41a7-b232-0f99d86c7d9a\",\"更新年度\":2022,\"前年同一\":true},[{\"筆ポリゴンID\":\"f3d5c148-1e4e-4f34-a4b2-afbe0c8134ef\",\"更新年度\":2021,\"前年同一\":true},{\"筆ポリゴンID\":\"f3d5c148-1e4e-4f34-a4b2-afbe0c8134ef\",\"発生年度\":2020}]]]","last_polygon_uuid":"827c1920-ffc4-4146-b3c7-4f09b8aff323","prev_last_polygon_uuid":"12ecbc65-ea60-41a7-b232-0f99d86c7d9a","local_government_cd":"016616","point_lng":144.507943351,"point_lat":43.077746577}},{"arcs":[[173]],"type":"Polygon","properties":{"polygon_uuid":"c25dfce5-c6c4-49f3-9a00-ea5e0eda02e4","land_type":200,"issue_year":2024,"edit_year":2020,"history":"[{\"筆ポリゴンID\":\"3e7b610c-67f6-49d8-aaad-5171cb3fb3c9\",\"更新年度\":2023,\"前年同一\":true},[{\"筆ポリゴンID\":\"9480bb72-afcf-4f39-9d02-3511625cafe8\",\"更新年度\":2022,\"前年同一\":true},[{\"筆ポリゴンID\":\"094fe166-a790-4aaa-b4e6-c556131289f3\",\"更新年度\":2021,\"前年同一\":true},{\"筆ポリゴンID\":\"094fe166-a790-4aaa-b4e6-c556131289f3\",\"発生年度\":2020}]]]","last_polygon_uuid":"3e7b610c-67f6-49d8-aaad-5171cb3fb3c9","prev_last_polygon_uuid":"9480bb72-afcf-4f39-9d02-3511625cafe8","local_government_cd":"016616","point_lng":144.699679621,"point_lat":42.968549777}},{"arcs":[[174]],"type":"Polygon","properties":{"polygon_uuid":"6c9d44b2-001d-48a1-87a8-9765a81f609d","land_type":200,"issue_year":2024,"edit_year":2020,"history":"[{\"筆ポリゴンID\":\"9ca8d9dd-e398-409f-8e9c-f5803159c7ad\",\"更新年度\":2023,\"前年同一\":true},[{\"筆ポリゴンID\":\"39a49791-36bb-4376-b212-6824c7e03564\",\"更新年度\":2022,\"前年同一\":true},[{\"筆ポリゴンID\":\"f51ab0b9-c5cd-471c-bebb-021cc3c72477\",\"更新年度\":2021,\"前年同一\":true},{\"筆ポリゴンID\":\"f51ab0b9-c5cd-471c-bebb-021cc3c72477\",\"発生年度\":2020}]]]","last_polygon_uuid":"9ca8d9dd-e398-409f-8e9c-f5803159c7ad","prev_last_polygon_uuid":"39a49791-36bb-4376-b212-6824c7e03564","local_government_cd":"016616","point_lng":144.52095374,"point_lat":43.018658795}},{"arcs":[[175]],"type":"Polygon","properties":{"polygon_uuid":"86fb07e2-5b0d-48a6-b61d-4bc4849d9d0d","land_type":200,"issue_year":2024,"edit_year":2020,"history":"[{\"筆ポリゴンID\":\"d6101479-0c2f-4b6e-8c38-7ff959f0965e\",\"更新年度\":2023,\"前年同一\":true},[{\"筆ポリゴンID\":\"6cec49af-0dd7-4eb6-8111-ec9cd0466d17\",\"更新年度\":2022,\"前年同一\":true},[{\"筆ポリゴンID\":\"7c324dda-8014-4786-8495-03e393608b46\",\"更新年度\":2021,\"前年同一\":true},{\"筆ポリゴンID\":\"7c324dda-8014-4786-8495-03e393608b46\",\"発生年度\":2020}]]]","last_polygon_uuid":"d6101479-0c2f-4b6e-8c38-7ff959f0965e","prev_last_polygon_uuid":"6cec49af-0dd7-4eb6-8111-ec9cd0466d17","local_government_cd":"016616","point_lng":144.498276473,"point_lat":43.048268549}},{"arcs":[[176]],"type":"Polygon","properties":{"polygon_uuid":"4fedadfb-39f3-408f-a272-a09ddc501b9f","land_type":200,"issue_year":2024,"edit_year":2020,"history":"[{\"筆ポリゴンID\":\"b93b07a6-34d6-45b8-aa33-e2e45be44870\",\"更新年度\":2023,\"前年同一\":true},[{\"筆ポリゴンID\":\"6d8b262d-ca08-4cf0-a285-d07470176755\",\"更新年度\":2022,\"前年同一\":true},[{\"筆ポリゴンID\":\"d5c7f719-194b-4f98-b907-a346ed23aa2f\",\"更新年度\":2021,\"前年同一\":true},{\"筆ポリゴンID\":\"d5c7f719-194b-4f98-b907-a346ed23aa2f\",\"発生年度\":2020}]]]","last_polygon_uuid":"b93b07a6-34d6-45b8-aa33-e2e45be44870","prev_last_polygon_uuid":"6d8b262d-ca08-4cf0-a285-d07470176755","local_government_cd":"016616","point_lng":144.465592265,"point_lat":43.005376971}},{"arcs":[[177]],"type":"Polygon","properties":{"polygon_uuid":"154225c3-5048-4226-bd09-3c667cf922d5","land_type":200,"issue_year":2024,"edit_year":2020,"history":"[{\"筆ポリゴンID\":\"381501fc-f5c5-4ae2-80b7-23f519c29238\",\"更新年度\":2023,\"前年同一\":true},[{\"筆ポリゴンID\":\"6cdf7446-49c2-4647-a951-d4aa35c72bce\",\"更新年度\":2022,\"前年同一\":true},[{\"筆ポリゴンID\":\"b32df4fe-75e4-4dd1-9fe6-a48875bbe98f\",\"更新年度\":2021,\"前年同一\":true},{\"筆ポリゴンID\":\"b32df4fe-75e4-4dd1-9fe6-a48875bbe98f\",\"発生年度\":2020}]]]","last_polygon_uuid":"381501fc-f5c5-4ae2-80b7-23f519c29238","prev_last_polygon_uuid":"6cdf7446-49c2-4647-a951-d4aa35c72bce","local_government_cd":"016616","point_lng":144.694568975,"point_lat":42.974754274}},{"arcs":[[178]],"type":"Polygon","properties":{"polygon_uuid":"80d72e22-7bac-4c9d-9011-a04e8df3b647","land_type":200,"issue_year":2024,"edit_year":2020,"history":"[{\"筆ポリゴンID\":\"db9408d8-5827-4c5e-82e8-9ae4146aeb0b\",\"更新年度\":2023,\"前年同一\":true},[{\"筆ポリゴンID\":\"bc588bee-e676-4127-88b2-667f64a89dee\",\"更新年度\":2022,\"前年同一\":true},[{\"筆ポリゴンID\":\"6fc42d09-402c-452a-a297-64684fa83081\",\"更新年度\":2021,\"前年同一\":true},{\"筆ポリゴンID\":\"6fc42d09-402c-452a-a297-64684fa83081\",\"発生年度\":2020}]]]","last_polygon_uuid":"db9408d8-5827-4c5e-82e8-9ae4146aeb0b","prev_last_polygon_uuid":"bc588bee-e676-4127-88b2-667f64a89dee","local_government_cd":"016616","point_lng":144.500500492,"point_lat":43.058808154}},{"arcs":[[179]],"type":"Polygon","properties":{"polygon_uuid":"bcd87802-617d-4d1a-acf6-4f8d3cef0a08","land_type":200,"issue_year":2024,"edit_year":2020,"history":"[{\"筆ポリゴンID\":\"34746cea-82c2-453d-8043-1caf0fea34fb\",\"更新年度\":2023,\"前年同一\":true},[{\"筆ポリゴンID\":\"6816e13a-7ecb-4c03-8ed7-fd6220850b38\",\"更新年度\":2022,\"前年同一\":true},[{\"筆ポリゴンID\":\"413659d5-2970-45da-8637-04599afe80dc\",\"更新年度\":2021,\"前年同一\":true},{\"筆ポリゴンID\":\"413659d5-2970-45da-8637-04599afe80dc\",\"発生年度\":2020}]]]","last_polygon_uuid":"34746cea-82c2-453d-8043-1caf0fea34fb","prev_last_polygon_uuid":"6816e13a-7ecb-4c03-8ed7-fd6220850b38","local_government_cd":"016616","point_lng":144.468359379,"point_lat":43.010411525}},{"arcs":[[180]],"type":"Polygon","properties":{"polygon_uuid":"22e43162-d80b-4191-b561-f313e67c7bc7","land_type":200,"issue_year":2024,"edit_year":2020,"history":"[{\"筆ポリゴンID\":\"a0968616-1208-49fb-bd3a-9f2302fb0482\",\"更新年度\":2023,\"前年同一\":true},[{\"筆ポリゴンID\":\"91f5b7de-5c7a-4d96-874f-2f703796f01f\",\"更新年度\":2022,\"前年同一\":true},[{\"筆ポリゴンID\":\"ac5a6911-4e46-449a-881f-33b198b0a459\",\"更新年度\":2021,\"前年同一\":true},{\"筆ポリゴンID\":\"ac5a6911-4e46-449a-881f-33b198b0a459\",\"発生年度\":2020}]]]","last_polygon_uuid":"a0968616-1208-49fb-bd3a-9f2302fb0482","prev_last_polygon_uuid":"91f5b7de-5c7a-4d96-874f-2f703796f01f","local_government_cd":"016616","point_lng":144.460852912,"point_lat":43.017674682}},{"arcs":[[181]],"type":"Polygon","properties":{"polygon_uuid":"2aa1091b-f3b1-4ccf-8604-0df58eab5e55","land_type":200,"issue_year":2024,"edit_year":2020,"history":"[{\"筆ポリゴンID\":\"978185c3-3766-45c8-ad2b-83703e06ce63\",\"更新年度\":2023,\"前年同一\":true},[{\"筆ポリゴンID\":\"0fa76ca5-3b54-466b-aa57-771d20133db6\",\"更新年度\":2022,\"前年同一\":true},[{\"筆ポリゴンID\":\"5f261731-41ec-45b8-84e8-88e15231645c\",\"更新年度\":2021,\"前年同一\":true},{\"筆ポリゴンID\":\"5f261731-41ec-45b8-84e8-88e15231645c\",\"発生年度\":2020}]]]","last_polygon_uuid":"978185c3-3766-45c8-ad2b-83703e06ce63","prev_last_polygon_uuid":"0fa76ca5-3b54-466b-aa57-771d20133db6","local_government_cd":"016616","point_lng":144.466811589,"point_lat":43.00673683}},{"arcs":[[182]],"type":"Polygon","properties":{"polygon_uuid":"5e23a6f5-ac62-4286-8a19-55864d24c97c","land_type":200,"issue_year":2024,"edit_year":2020,"history":"[{\"筆ポリゴンID\":\"c6c46275-d252-49a2-954d-bcc83f80eec5\",\"更新年度\":2023,\"前年同一\":true},[{\"筆ポリゴンID\":\"739eeade-379f-423b-8a1e-c868a87b9117\",\"更新年度\":2022,\"前年同一\":true},[{\"筆ポリゴンID\":\"f632f466-6125-4407-95aa-cf20abac02ab\",\"更新年度\":2021,\"前年同一\":true},{\"筆ポリゴンID\":\"f632f466-6125-4407-95aa-cf20abac02ab\",\"発生年度\":2020}]]]","last_polygon_uuid":"c6c46275-d252-49a2-954d-bcc83f80eec5","prev_last_polygon_uuid":"739eeade-379f-423b-8a1e-c868a87b9117","local_government_cd":"016616","point_lng":144.677186338,"point_lat":42.974899918}},{"arcs":[[183]],"type":"Polygon","properties":{"polygon_uuid":"88adec84-18c6-402d-bdd2-97ce54a05652","land_type":200,"issue_year":2024,"edit_year":2020,"history":"[{\"筆ポリゴンID\":\"4c2ac718-b196-4d12-a93c-6e13729c9822\",\"更新年度\":2023,\"前年同一\":true},[{\"筆ポリゴンID\":\"7dbc2c03-f49e-4a50-b8af-e6c0731f574e\",\"更新年度\":2022,\"前年同一\":true},[{\"筆ポリゴンID\":\"57daee56-d46b-422b-9623-9e239cae4a02\",\"更新年度\":2021,\"前年同一\":true},{\"筆ポリゴンID\":\"57daee56-d46b-422b-9623-9e239cae4a02\",\"発生年度\":2020}]]]","last_polygon_uuid":"4c2ac718-b196-4d12-a93c-6e13729c9822","prev_last_polygon_uuid":"7dbc2c03-f49e-4a50-b8af-e6c0731f574e","local_government_cd":"016616","point_lng":144.521259163,"point_lat":43.038997035}},{"arcs":[[184]],"type":"Polygon","properties":{"polygon_uuid":"0929a60b-f85e-4b87-a68f-f2b9b0642cda","land_type":200,"issue_year":2024,"edit_year":2020,"history":"[{\"筆ポリゴンID\":\"a82b163e-ed66-432c-a10b-386145659ec9\",\"更新年度\":2023,\"前年同一\":true},[{\"筆ポリゴンID\":\"8c87c872-b53b-4a22-93f9-4af459ace57f\",\"更新年度\":2022,\"前年同一\":true},[{\"筆ポリゴンID\":\"2da6a375-bf5f-4f2f-a13c-c96cc35a4f67\",\"更新年度\":2021,\"前年同一\":true},{\"筆ポリゴンID\":\"2da6a375-bf5f-4f2f-a13c-c96cc35a4f67\",\"発生年度\":2020}]]]","last_polygon_uuid":"a82b163e-ed66-432c-a10b-386145659ec9","prev_last_polygon_uuid":"8c87c872-b53b-4a22-93f9-4af459ace57f","local_government_cd":"016616","point_lng":144.465068487,"point_lat":43.008318596}},{"arcs":[[185]],"type":"Polygon","properties":{"polygon_uuid":"8d4acfdf-e2e4-4a22-a094-f1b070e76eda","land_type":200,"issue_year":2024,"edit_year":2020,"history":"[{\"筆ポリゴンID\":\"d55d2346-2487-46c2-aded-b2724a9065b5\",\"更新年度\":2023,\"前年同一\":true},[{\"筆ポリゴンID\":\"6de82cf8-8c2b-44b3-a9e7-1b41d7aa4264\",\"更新年度\":2022,\"前年同一\":true},[{\"筆ポリゴンID\":\"c9cab036-cda6-4146-a90e-b14e1d572e20\",\"更新年度\":2021,\"前年同一\":true},{\"筆ポリゴンID\":\"c9cab036-cda6-4146-a90e-b14e1d572e20\",\"発生年度\":2020}]]]","last_polygon_uuid":"d55d2346-2487-46c2-aded-b2724a9065b5","prev_last_polygon_uuid":"6de82cf8-8c2b-44b3-a9e7-1b41d7aa4264","local_government_cd":"016616","point_lng":144.675981327,"point_lat":42.973546325}},{"arcs":[[186]],"type":"Polygon","properties":{"polygon_uuid":"cc47227d-d2fa-41ae-8bee-b2f346904e22","land_type":200,"issue_year":2024,"edit_year":2020,"history":"[{\"筆ポリゴンID\":\"3668d1ef-8b81-4733-979b-93cb188d7e91\",\"更新年度\":2023,\"前年同一\":true},[{\"筆ポリゴンID\":\"c3d9c914-82b3-4c18-98e7-d179b45017c2\",\"更新年度\":2022,\"前年同一\":true},[{\"筆ポリゴンID\":\"5b08e6f2-83c8-47aa-a7b5-b3302b87243e\",\"更新年度\":2021,\"前年同一\":true},{\"筆ポリゴンID\":\"5b08e6f2-83c8-47aa-a7b5-b3302b87243e\",\"発生年度\":2020}]]]","last_polygon_uuid":"3668d1ef-8b81-4733-979b-93cb188d7e91","prev_last_polygon_uuid":"c3d9c914-82b3-4c18-98e7-d179b45017c2","local_government_cd":"016616","point_lng":144.466450065,"point_lat":43.013051653}},{"arcs":[[187]],"type":"Polygon","properties":{"polygon_uuid":"7d05c6ef-e3dc-4a45-a02a-2c6c1307ebaa","land_type":200,"issue_year":2024,"edit_year":2020,"history":"[{\"筆ポリゴンID\":\"56be17ff-68bd-4540-b6d1-e07f44158232\",\"更新年度\":2023,\"前年同一\":true},[{\"筆ポリゴンID\":\"f0679f1e-7961-4dd1-888c-dff4905dc422\",\"更新年度\":2022,\"前年同一\":true},[{\"筆ポリゴンID\":\"7a55c9d7-3ea4-446f-8588-bf76f1e6ad68\",\"更新年度\":2021,\"前年同一\":true},{\"筆ポリゴンID\":\"7a55c9d7-3ea4-446f-8588-bf76f1e6ad68\",\"発生年度\":2020}]]]","last_polygon_uuid":"56be17ff-68bd-4540-b6d1-e07f44158232","prev_last_polygon_uuid":"f0679f1e-7961-4dd1-888c-dff4905dc422","local_government_cd":"016616","point_lng":144.504797682,"point_lat":43.049301878}},{"arcs":[[188]],"type":"Polygon","properties":{"polygon_uuid":"3c336117-2100-4177-a011-6f992b59dffe","land_type":200,"issue_year":2024,"edit_year":2020,"history":"[{\"筆ポリゴンID\":\"19bce287-b658-4c16-b37f-d474c6f709fa\",\"更新年度\":2023,\"前年同一\":true},[{\"筆ポリゴンID\":\"30983d9b-edfe-456e-a4b7-669bd37cd092\",\"更新年度\":2022,\"前年同一\":true},[{\"筆ポリゴンID\":\"9877a812-b2ed-4a46-b4b0-13aaad0490dd\",\"更新年度\":2021,\"前年同一\":true},{\"筆ポリゴンID\":\"9877a812-b2ed-4a46-b4b0-13aaad0490dd\",\"発生年度\":2020}]]]","last_polygon_uuid":"19bce287-b658-4c16-b37f-d474c6f709fa","prev_last_polygon_uuid":"30983d9b-edfe-456e-a4b7-669bd37cd092","local_government_cd":"016616","point_lng":144.50411955,"point_lat":43.061053165}},{"arcs":[[189]],"type":"Polygon","properties":{"polygon_uuid":"29213de0-0bd5-4b3b-8c1d-b5e3c0e904c1","land_type":200,"issue_year":2024,"edit_year":2020,"history":"[{\"筆ポリゴンID\":\"495b580b-4f9d-46d7-a859-bdc645d383c7\",\"更新年度\":2023,\"前年同一\":true},[{\"筆ポリゴンID\":\"a69c21ff-1540-499f-862a-6e49ad0d7788\",\"更新年度\":2022,\"前年同一\":true},[{\"筆ポリゴンID\":\"3633cc6b-fb03-4cfd-87c0-ca70e4403774\",\"更新年度\":2021,\"前年同一\":true},{\"筆ポリゴンID\":\"3633cc6b-fb03-4cfd-87c0-ca70e4403774\",\"発生年度\":2020}]]]","last_polygon_uuid":"495b580b-4f9d-46d7-a859-bdc645d383c7","prev_last_polygon_uuid":"a69c21ff-1540-499f-862a-6e49ad0d7788","local_government_cd":"016616","point_lng":144.462576891,"point_lat":43.007429114}},{"arcs":[[190]],"type":"Polygon","properties":{"polygon_uuid":"52d5406e-43b4-46b9-a697-bbb663f06a60","land_type":200,"issue_year":2024,"edit_year":2020,"history":"[{\"筆ポリゴンID\":\"e1cd99a3-7905-463b-8703-46b2aa90fddd\",\"更新年度\":2023,\"前年同一\":true},[{\"筆ポリゴンID\":\"e4ee64ac-a21f-44b9-b33e-b5f1b69df18e\",\"更新年度\":2022,\"前年同一\":true},[{\"筆ポリゴンID\":\"e6abbc8a-8da7-4e7d-9cae-e0825a6c194a\",\"更新年度\":2021,\"前年同一\":true},{\"筆ポリゴンID\":\"e6abbc8a-8da7-4e7d-9cae-e0825a6c194a\",\"発生年度\":2020}]]]","last_polygon_uuid":"e1cd99a3-7905-463b-8703-46b2aa90fddd","prev_last_polygon_uuid":"e4ee64ac-a21f-44b9-b33e-b5f1b69df18e","local_government_cd":"016616","point_lng":144.469181114,"point_lat":43.007315575}},{"arcs":[[191]],"type":"Polygon","properties":{"polygon_uuid":"d7d1fcec-0b2f-4613-b0d0-5f1b662af68f","land_type":200,"issue_year":2024,"edit_year":2020,"history":"[{\"筆ポリゴンID\":\"6a942987-2c24-4050-9360-9e841c6c00ea\",\"更新年度\":2023,\"前年同一\":true},[{\"筆ポリゴンID\":\"9544a335-a83d-4dc5-b948-e91c8d49dd5e\",\"更新年度\":2022,\"前年同一\":true},[{\"筆ポリゴンID\":\"81733304-78ce-49c2-be10-303f1fd0dc59\",\"更新年度\":2021,\"前年同一\":true},{\"筆ポリゴンID\":\"81733304-78ce-49c2-be10-303f1fd0dc59\",\"発生年度\":2020}]]]","last_polygon_uuid":"6a942987-2c24-4050-9360-9e841c6c00ea","prev_last_polygon_uuid":"9544a335-a83d-4dc5-b948-e91c8d49dd5e","local_government_cd":"016616","point_lng":144.45201246,"point_lat":43.010506503}},{"arcs":[[192]],"type":"Polygon","properties":{"polygon_uuid":"e9214140-7ee8-4d70-871b-f4a5d3113d45","land_type":200,"issue_year":2024,"edit_year":2020,"history":"[{\"筆ポリゴンID\":\"0fa13b48-444d-404c-aa67-0c097ec8525e\",\"更新年度\":2023,\"前年同一\":true},[{\"筆ポリゴンID\":\"3170cb3d-2128-41be-ae26-aeaa93ebd2cb\",\"更新年度\":2022,\"前年同一\":true},[{\"筆ポリゴンID\":\"90568b78-7546-486a-9083-150971f99a90\",\"更新年度\":2021,\"前年同一\":true},{\"筆ポリゴンID\":\"90568b78-7546-486a-9083-150971f99a90\",\"発生年度\":2020}]]]","last_polygon_uuid":"0fa13b48-444d-404c-aa67-0c097ec8525e","prev_last_polygon_uuid":"3170cb3d-2128-41be-ae26-aeaa93ebd2cb","local_government_cd":"016616","point_lng":144.504417126,"point_lat":43.044604682}},{"arcs":[[193]],"type":"Polygon","properties":{"polygon_uuid":"8df1704e-43ac-4fe6-819f-88942f0ab1c9","land_type":200,"issue_year":2024,"edit_year":2020,"history":"[{\"筆ポリゴンID\":\"01e32769-1858-4208-aa12-3268d48099f4\",\"更新年度\":2023,\"前年同一\":true},[{\"筆ポリゴンID\":\"df8c50e3-3b8c-4f9e-9ea1-0b9d74b4d5c4\",\"更新年度\":2022,\"前年同一\":true},[{\"筆ポリゴンID\":\"b52fdc32-d9ce-44fa-a304-21da875829a7\",\"更新年度\":2021,\"前年同一\":true},{\"筆ポリゴンID\":\"b52fdc32-d9ce-44fa-a304-21da875829a7\",\"発生年度\":2020}]]]","last_polygon_uuid":"01e32769-1858-4208-aa12-3268d48099f4","prev_last_polygon_uuid":"df8c50e3-3b8c-4f9e-9ea1-0b9d74b4d5c4","local_government_cd":"016616","point_lng":144.683196676,"point_lat":42.966799783}},{"arcs":[[194]],"type":"Polygon","properties":{"polygon_uuid":"77cfacbf-628d-4e5b-ba49-8e81ec06fe21","land_type":200,"issue_year":2024,"edit_year":2020,"history":"[{\"筆ポリゴンID\":\"15836d98-906f-4b43-a9c7-2bf378e32441\",\"更新年度\":2023,\"前年同一\":true},[{\"筆ポリゴンID\":\"d410cdaa-d642-419d-8922-6febef410043\",\"更新年度\":2022,\"前年同一\":true},[{\"筆ポリゴンID\":\"8717b4ac-7538-4b27-9db7-8915c73d331a\",\"更新年度\":2021,\"前年同一\":true},{\"筆ポリゴンID\":\"8717b4ac-7538-4b27-9db7-8915c73d331a\",\"発生年度\":2020}]]]","last_polygon_uuid":"15836d98-906f-4b43-a9c7-2bf378e32441","prev_last_polygon_uuid":"d410cdaa-d642-419d-8922-6febef410043","local_government_cd":"016616","point_lng":144.479565702,"point_lat":43.067128602}},{"arcs":[[195]],"type":"Polygon","properties":{"polygon_uuid":"fc5db199-0ac9-4c0b-b6a9-29ab27a2ffdc","land_type":200,"issue_year":2024,"edit_year":2020,"history":"[{\"筆ポリゴンID\":\"4213d008-7bf6-434b-b984-22d7911f3be8\",\"更新年度\":2023,\"前年同一\":true},[{\"筆ポリゴンID\":\"651d0feb-f9ca-4655-ab33-569ada7224bd\",\"更新年度\":2022,\"前年同一\":true},[{\"筆ポリゴンID\":\"73a6eed0-fd20-49b6-b5d8-71685aa79f41\",\"更新年度\":2021,\"前年同一\":true},{\"筆ポリゴンID\":\"73a6eed0-fd20-49b6-b5d8-71685aa79f41\",\"発生年度\":2020}]]]","last_polygon_uuid":"4213d008-7bf6-434b-b984-22d7911f3be8","prev_last_polygon_uuid":"651d0feb-f9ca-4655-ab33-569ada7224bd","local_government_cd":"016616","point_lng":144.692709278,"point_lat":42.983379073}},{"arcs":[[196]],"type":"Polygon","properties":{"polygon_uuid":"afd9b5d8-9585-411a-a260-ed7a30588c5c","land_type":200,"issue_year":2024,"edit_year":2020,"history":"[{\"筆ポリゴンID\":\"c615754c-b28f-4cde-9ae5-86f09ec852d7\",\"更新年度\":2023,\"前年同一\":true},[{\"筆ポリゴンID\":\"baffba5d-e5c1-4f63-830d-5772b412437b\",\"更新年度\":2022,\"前年同一\":true},[{\"筆ポリゴンID\":\"44fab87f-50aa-4992-a780-82142f03975b\",\"更新年度\":2021,\"前年同一\":true},{\"筆ポリゴンID\":\"44fab87f-50aa-4992-a780-82142f03975b\",\"発生年度\":2020}]]]","last_polygon_uuid":"c615754c-b28f-4cde-9ae5-86f09ec852d7","prev_last_polygon_uuid":"baffba5d-e5c1-4f63-830d-5772b412437b","local_government_cd":"016616","point_lng":144.482278337,"point_lat":43.084887319}},{"arcs":[[197]],"type":"Polygon","properties":{"polygon_uuid":"14f32dfc-cfea-4fb2-9e8d-0f84f63ccee3","land_type":200,"issue_year":2024,"edit_year":2020,"history":"[{\"筆ポリゴンID\":\"fd75a67d-bcdd-44f0-b791-9171619c3e29\",\"更新年度\":2023,\"前年同一\":true},[{\"筆ポリゴンID\":\"5f83cdc1-5635-4045-8217-60aa9cd3b041\",\"更新年度\":2022,\"前年同一\":true},[{\"筆ポリゴンID\":\"9fd61fc3-8064-43c6-868d-7ee5705a5349\",\"更新年度\":2021,\"前年同一\":true},{\"筆ポリゴンID\":\"9fd61fc3-8064-43c6-868d-7ee5705a5349\",\"発生年度\":2020}]]]","last_polygon_uuid":"fd75a67d-bcdd-44f0-b791-9171619c3e29","prev_last_polygon_uuid":"5f83cdc1-5635-4045-8217-60aa9cd3b041","local_government_cd":"016616","point_lng":144.511405268,"point_lat":43.090231724}},{"arcs":[[198]],"type":"Polygon","properties":{"polygon_uuid":"2ff2d6b9-b6ed-4e81-bf7e-7aba774b8394","land_type":200,"issue_year":2024,"edit_year":2020,"history":"[{\"筆ポリゴンID\":\"3bfc127f-87cd-4d6f-9ea4-826bf005f6d5\",\"更新年度\":2023,\"前年同一\":true},[{\"筆ポリゴンID\":\"e3300807-e1c4-44e7-a6c8-0e647d0d08e8\",\"更新年度\":2022,\"前年同一\":true},[{\"筆ポリゴンID\":\"edd99baf-e7cb-4d70-8de1-5339559295d3\",\"更新年度\":2021,\"前年同一\":true},{\"筆ポリゴンID\":\"edd99baf-e7cb-4d70-8de1-5339559295d3\",\"発生年度\":2020}]]]","last_polygon_uuid":"3bfc127f-87cd-4d6f-9ea4-826bf005f6d5","prev_last_polygon_uuid":"e3300807-e1c4-44e7-a6c8-0e647d0d08e8","local_government_cd":"016616","point_lng":144.484526093,"point_lat":43.080667206}},{"arcs":[[199]],"type":"Polygon","properties":{"polygon_uuid":"bff55a9e-3cd3-41a9-9f15-fdd43d849711","land_type":200,"issue_year":2024,"edit_year":2020,"history":"[{\"筆ポリゴンID\":\"42b02b07-9946-4043-9a95-0af65cc3b695\",\"更新年度\":2023,\"前年同一\":true},[{\"筆ポリゴンID\":\"89ec89f1-a59f-46f4-897e-e34c92cfcafc\",\"更新年度\":2022,\"前年同一\":true},[{\"筆ポリゴンID\":\"5d7ca82c-ef95-4912-a269-e6b2c5465974\",\"更新年度\":2021,\"前年同一\":true},{\"筆ポリゴンID\":\"5d7ca82c-ef95-4912-a269-e6b2c5465974\",\"発生年度\":2020}]]]","last_polygon_uuid":"42b02b07-9946-4043-9a95-0af65cc3b695","prev_last_polygon_uuid":"89ec89f1-a59f-46f4-897e-e34c92cfcafc","local_government_cd":"016616","point_lng":144.459044073,"point_lat":43.013937093}},{"arcs":[[200]],"type":"Polygon","properties":{"polygon_uuid":"af225a2c-c147-43f9-87b6-f5de93c9df0b","land_type":200,"issue_year":2024,"edit_year":2020,"history":"[{\"筆ポリゴンID\":\"c749c2d5-c7e5-4475-b609-1d068994c61a\",\"更新年度\":2023,\"前年同一\":true},[{\"筆ポリゴンID\":\"0de97845-80fa-4bd5-865d-671431181109\",\"更新年度\":2022,\"前年同一\":true},[{\"筆ポリゴンID\":\"88076152-9b24-461b-9778-5f66caf76abf\",\"更新年度\":2021,\"前年同一\":true},{\"筆ポリゴンID\":\"88076152-9b24-461b-9778-5f66caf76abf\",\"発生年度\":2020}]]]","last_polygon_uuid":"c749c2d5-c7e5-4475-b609-1d068994c61a","prev_last_polygon_uuid":"0de97845-80fa-4bd5-865d-671431181109","local_government_cd":"016616","point_lng":144.476802559,"point_lat":43.068835987}},{"arcs":[[201]],"type":"Polygon","properties":{"polygon_uuid":"6de3e1da-5a7f-4434-9937-00e30c6b9527","land_type":200,"issue_year":2024,"edit_year":2020,"history":"[{\"筆ポリゴンID\":\"edd6b9eb-2f40-4b86-b301-b521091e8fa4\",\"更新年度\":2023,\"前年同一\":true},[{\"筆ポリゴンID\":\"e47ca2ec-d5d0-45a1-a53d-d54436e8aa45\",\"更新年度\":2022,\"前年同一\":true},[{\"筆ポリゴンID\":\"9f152e73-7f25-4132-a19b-06e754f03429\",\"更新年度\":2021,\"前年同一\":true},{\"筆ポリゴンID\":\"9f152e73-7f25-4132-a19b-06e754f03429\",\"発生年度\":2020}]]]","last_polygon_uuid":"edd6b9eb-2f40-4b86-b301-b521091e8fa4","prev_last_polygon_uuid":"e47ca2ec-d5d0-45a1-a53d-d54436e8aa45","local_government_cd":"016616","point_lng":144.4546148,"point_lat":42.997608449}},{"arcs":[[202]],"type":"Polygon","properties":{"polygon_uuid":"8f057c07-a0b2-4664-b82b-89ad180e89b8","land_type":200,"issue_year":2024,"edit_year":2020,"history":"[{\"筆ポリゴンID\":\"b9b3f579-edef-4262-a6b2-2c01c1c8b9ce\",\"更新年度\":2023,\"前年同一\":true},[{\"筆ポリゴンID\":\"ca9e828f-e514-44b6-ad4c-36f003d61e6c\",\"更新年度\":2022,\"前年同一\":true},[{\"筆ポリゴンID\":\"e16cd92d-a55b-4966-a578-333c7f6d9932\",\"更新年度\":2021,\"前年同一\":true},{\"筆ポリゴンID\":\"e16cd92d-a55b-4966-a578-333c7f6d9932\",\"発生年度\":2020}]]]","last_polygon_uuid":"b9b3f579-edef-4262-a6b2-2c01c1c8b9ce","prev_last_polygon_uuid":"ca9e828f-e514-44b6-ad4c-36f003d61e6c","local_government_cd":"016616","point_lng":144.507553159,"point_lat":43.076082663}},{"arcs":[[203]],"type":"Polygon","properties":{"polygon_uuid":"a24d1da5-d732-470d-8b39-0d169e70e380","land_type":200,"issue_year":2024,"edit_year":2020,"history":"[{\"筆ポリゴンID\":\"66a3f009-8181-4080-9491-e5a6d7a6678b\",\"更新年度\":2023,\"前年同一\":true},[{\"筆ポリゴンID\":\"c6dfe320-6a6f-444a-9124-c0c7cb8f74dd\",\"更新年度\":2022,\"前年同一\":true},[{\"筆ポリゴンID\":\"bb4425b5-5d62-4fbf-883c-674cbec51fae\",\"更新年度\":2021,\"前年同一\":true},{\"筆ポリゴンID\":\"bb4425b5-5d62-4fbf-883c-674cbec51fae\",\"発生年度\":2020}]]]","last_polygon_uuid":"66a3f009-8181-4080-9491-e5a6d7a6678b","prev_last_polygon_uuid":"c6dfe320-6a6f-444a-9124-c0c7cb8f74dd","local_government_cd":"016616","point_lng":144.696093872,"point_lat":42.986016781}},{"arcs":[[204]],"type":"Polygon","properties":{"polygon_uuid":"54005a22-43b1-4795-839f-963795968fc5","land_type":200,"issue_year":2024,"edit_year":2020,"history":"[{\"筆ポリゴンID\":\"bb6bfc8a-d270-46b6-a07c-4ebf2bfc5e1a\",\"更新年度\":2023,\"前年同一\":true},[{\"筆ポリゴンID\":\"0af61fd8-ae5a-495b-ace8-f0edc65ce848\",\"更新年度\":2022,\"前年同一\":true},[{\"筆ポリゴンID\":\"d5ddfc16-885e-4b9e-8a74-79ca8e0744ee\",\"更新年度\":2021,\"前年同一\":true},{\"筆ポリゴンID\":\"d5ddfc16-885e-4b9e-8a74-79ca8e0744ee\",\"発生年度\":2020}]]]","last_polygon_uuid":"bb6bfc8a-d270-46b6-a07c-4ebf2bfc5e1a","prev_last_polygon_uuid":"0af61fd8-ae5a-495b-ace8-f0edc65ce848","local_government_cd":"016616","point_lng":144.468476879,"point_lat":43.021651159}},{"arcs":[[205]],"type":"Polygon","properties":{"polygon_uuid":"271fd972-692b-4e8a-96f5-41146a7c8f41","land_type":200,"issue_year":2024,"edit_year":2020,"history":"[{\"筆ポリゴンID\":\"5b5c5646-588f-414e-b9ff-17dc5153cc41\",\"更新年度\":2023,\"前年同一\":true},[{\"筆ポリゴンID\":\"73467c2c-cf9a-4343-b322-1c2fccca9d37\",\"更新年度\":2022,\"前年同一\":true},[{\"筆ポリゴンID\":\"3fafed3a-adca-450e-aa58-daf0507d4041\",\"更新年度\":2021,\"前年同一\":true},{\"筆ポリゴンID\":\"3fafed3a-adca-450e-aa58-daf0507d4041\",\"発生年度\":2020}]]]","last_polygon_uuid":"5b5c5646-588f-414e-b9ff-17dc5153cc41","prev_last_polygon_uuid":"73467c2c-cf9a-4343-b322-1c2fccca9d37","local_government_cd":"016616","point_lng":144.685083355,"point_lat":42.974329558}},{"arcs":[[206]],"type":"Polygon","properties":{"polygon_uuid":"deb338b6-6170-4ada-85ab-92f47b95c007","land_type":200,"issue_year":2024,"edit_year":2020,"history":"[{\"筆ポリゴンID\":\"ba027847-c171-441e-a57b-c3825ccc331b\",\"更新年度\":2023,\"前年同一\":true},[{\"筆ポリゴンID\":\"e4d2a0b2-fee8-4c70-9b94-46a36acd67ac\",\"更新年度\":2022,\"前年同一\":true},[{\"筆ポリゴンID\":\"daedbeb7-8e4d-4bcc-89fe-37a502506e9f\",\"更新年度\":2021,\"前年同一\":true},{\"筆ポリゴンID\":\"daedbeb7-8e4d-4bcc-89fe-37a502506e9f\",\"発生年度\":2020}]]]","last_polygon_uuid":"ba027847-c171-441e-a57b-c3825ccc331b","prev_last_polygon_uuid":"e4d2a0b2-fee8-4c70-9b94-46a36acd67ac","local_government_cd":"016616","point_lng":144.443852677,"point_lat":43.013175688}},{"arcs":[[207]],"type":"Polygon","properties":{"polygon_uuid":"c86eb128-b0d4-4b06-81f5-c0288371fa24","land_type":200,"issue_year":2024,"edit_year":2020,"history":"[{\"筆ポリゴンID\":\"a5efe386-de36-4b2b-bbe8-6c5d70b78317\",\"更新年度\":2023,\"前年同一\":true},[{\"筆ポリゴンID\":\"97f87061-a97f-45f2-8c06-0dac0b922d6d\",\"更新年度\":2022,\"前年同一\":true},[{\"筆ポリゴンID\":\"7541b9c7-9481-485a-82dd-c39c31b54d6c\",\"更新年度\":2021,\"前年同一\":true},{\"筆ポリゴンID\":\"7541b9c7-9481-485a-82dd-c39c31b54d6c\",\"発生年度\":2020}]]]","last_polygon_uuid":"a5efe386-de36-4b2b-bbe8-6c5d70b78317","prev_last_polygon_uuid":"97f87061-a97f-45f2-8c06-0dac0b922d6d","local_government_cd":"016616","point_lng":144.436635561,"point_lat":43.052838365}},{"arcs":[[208]],"type":"Polygon","properties":{"polygon_uuid":"61f45e6a-63c5-4c3f-8adc-8e278a8e1910","land_type":200,"issue_year":2024,"edit_year":2020,"history":"[{\"筆ポリゴンID\":\"6cb903b1-6ef7-4541-983e-99add37db1a0\",\"更新年度\":2023,\"前年同一\":true},[{\"筆ポリゴンID\":\"8e195b2e-a4a0-4649-b2be-673028590ee5\",\"更新年度\":2022,\"前年同一\":true},[{\"筆ポリゴンID\":\"e5b3ceea-52f1-48b8-b3e9-f0fc1a7bcdcc\",\"更新年度\":2021,\"前年同一\":true},{\"筆ポリゴンID\":\"e5b3ceea-52f1-48b8-b3e9-f0fc1a7bcdcc\",\"発生年度\":2020}]]]","last_polygon_uuid":"6cb903b1-6ef7-4541-983e-99add37db1a0","prev_last_polygon_uuid":"8e195b2e-a4a0-4649-b2be-673028590ee5","local_government_cd":"016616","point_lng":144.451931402,"point_lat":43.011086552}},{"arcs":[[209]],"type":"Polygon","properties":{"polygon_uuid":"080769a2-77c0-477a-975b-8a979f167e6e","land_type":200,"issue_year":2024,"edit_year":2020,"history":"[{\"筆ポリゴンID\":\"509ea3cf-cb39-439e-ac34-dc14c8301c04\",\"更新年度\":2023,\"前年同一\":true},[{\"筆ポリゴンID\":\"459a20a7-6450-486f-ac13-6437f466b44d\",\"更新年度\":2022,\"前年同一\":true},[{\"筆ポリゴンID\":\"720ba772-40f4-4fd9-b9f6-13c32314e0c0\",\"更新年度\":2021,\"前年同一\":true},{\"筆ポリゴンID\":\"720ba772-40f4-4fd9-b9f6-13c32314e0c0\",\"発生年度\":2020}]]]","last_polygon_uuid":"509ea3cf-cb39-439e-ac34-dc14c8301c04","prev_last_polygon_uuid":"459a20a7-6450-486f-ac13-6437f466b44d","local_government_cd":"016616","point_lng":144.470532847,"point_lat":43.01042361}},{"arcs":[[210]],"type":"Polygon","properties":{"polygon_uuid":"483f720f-9dbd-4ca2-9cfe-bf9ab1966b07","land_type":200,"issue_year":2024,"edit_year":2020,"history":"[{\"筆ポリゴンID\":\"8a100836-822e-4149-90c3-d02200b6577d\",\"更新年度\":2023,\"前年同一\":true},[{\"筆ポリゴンID\":\"3c9ff657-470e-4ce7-a38d-4e3f7f418854\",\"更新年度\":2022,\"前年同一\":true},[{\"筆ポリゴンID\":\"f4c5dbc8-e825-4d16-a8dd-4a599109a073\",\"更新年度\":2021,\"前年同一\":true},{\"筆ポリゴンID\":\"f4c5dbc8-e825-4d16-a8dd-4a599109a073\",\"発生年度\":2020}]]]","last_polygon_uuid":"8a100836-822e-4149-90c3-d02200b6577d","prev_last_polygon_uuid":"3c9ff657-470e-4ce7-a38d-4e3f7f418854","local_government_cd":"016616","point_lng":144.507246531,"point_lat":43.007348025}},{"arcs":[[211]],"type":"Polygon","properties":{"polygon_uuid":"73d1d62f-cb92-4d67-a4c1-5fa2385be571","land_type":200,"issue_year":2024,"edit_year":2020,"history":"[{\"筆ポリゴンID\":\"80b36f9a-917d-4be0-83d4-d90e952fe710\",\"更新年度\":2023,\"前年同一\":true},[{\"筆ポリゴンID\":\"fadf20ea-5570-4a0f-95f3-d31349f7f4f8\",\"更新年度\":2022,\"前年同一\":true},[{\"筆ポリゴンID\":\"48112d51-4d4f-4635-aa96-0370669aecc9\",\"更新年度\":2021,\"前年同一\":true},{\"筆ポリゴンID\":\"48112d51-4d4f-4635-aa96-0370669aecc9\",\"発生年度\":2020}]]]","last_polygon_uuid":"80b36f9a-917d-4be0-83d4-d90e952fe710","prev_last_polygon_uuid":"fadf20ea-5570-4a0f-95f3-d31349f7f4f8","local_government_cd":"016616","point_lng":144.478528847,"point_lat":43.088466351}},{"arcs":[[212]],"type":"Polygon","properties":{"polygon_uuid":"04a00944-5b0c-4a2e-9806-3891a6a4198a","land_type":200,"issue_year":2024,"edit_year":2020,"history":"[{\"筆ポリゴンID\":\"2d8fd144-e677-41fc-a01e-aebc86af0fd1\",\"更新年度\":2023,\"前年同一\":true},[{\"筆ポリゴンID\":\"25189b05-2e4e-4379-a1d4-d5563dafc5d0\",\"更新年度\":2022,\"前年同一\":true},[{\"筆ポリゴンID\":\"e2420724-8f24-496b-adc7-7cdf2e0cd6eb\",\"更新年度\":2021,\"前年同一\":true},{\"筆ポリゴンID\":\"e2420724-8f24-496b-adc7-7cdf2e0cd6eb\",\"発生年度\":2020}]]]","last_polygon_uuid":"2d8fd144-e677-41fc-a01e-aebc86af0fd1","prev_last_polygon_uuid":"25189b05-2e4e-4379-a1d4-d5563dafc5d0","local_government_cd":"016616","point_lng":144.647194171,"point_lat":42.975199972}},{"arcs":[[213]],"type":"Polygon","properties":{"polygon_uuid":"a24d73d0-7df8-43d9-817d-e47934e047a0","land_type":200,"issue_year":2024,"edit_year":2020,"history":"[{\"筆ポリゴンID\":\"002327bc-b8cb-42f9-bdcc-ae90356425f6\",\"更新年度\":2023,\"前年同一\":true},[{\"筆ポリゴンID\":\"2e2daa9e-adea-4d1d-802d-5b8f22d92d98\",\"更新年度\":2022,\"前年同一\":true},[{\"筆ポリゴンID\":\"89f5f2d7-43de-4e55-932d-f04ea6ffaf81\",\"更新年度\":2021,\"前年同一\":true},{\"筆ポリゴンID\":\"89f5f2d7-43de-4e55-932d-f04ea6ffaf81\",\"発生年度\":2020}]]]","last_polygon_uuid":"002327bc-b8cb-42f9-bdcc-ae90356425f6","prev_last_polygon_uuid":"2e2daa9e-adea-4d1d-802d-5b8f22d92d98","local_government_cd":"016616","point_lng":144.511956354,"point_lat":43.088869864}},{"arcs":[[214]],"type":"Polygon","properties":{"polygon_uuid":"3909bc89-0ad6-4926-af3f-b6583b1a4147","land_type":200,"issue_year":2024,"edit_year":2020,"history":"[{\"筆ポリゴンID\":\"6e5c1d54-4436-4827-8354-7ec5be820b04\",\"更新年度\":2023,\"前年同一\":true},[{\"筆ポリゴンID\":\"f660c410-aedf-4c78-80a2-51f23fdd7564\",\"更新年度\":2022,\"前年同一\":true},[{\"筆ポリゴンID\":\"fc1f767a-f2ad-4301-a46d-fec38c9e58f9\",\"更新年度\":2021,\"前年同一\":true},{\"筆ポリゴンID\":\"fc1f767a-f2ad-4301-a46d-fec38c9e58f9\",\"発生年度\":2020}]]]","last_polygon_uuid":"6e5c1d54-4436-4827-8354-7ec5be820b04","prev_last_polygon_uuid":"f660c410-aedf-4c78-80a2-51f23fdd7564","local_government_cd":"016616","point_lng":144.502075938,"point_lat":43.054874086}},{"arcs":[[215]],"type":"Polygon","properties":{"polygon_uuid":"7feb1778-aba6-4e99-8f8f-563f7ef3c716","land_type":200,"issue_year":2024,"edit_year":2020,"history":"[{\"筆ポリゴンID\":\"900783b3-bf2c-4353-a5e0-a3a2b9ed5c21\",\"更新年度\":2023,\"前年同一\":true},[{\"筆ポリゴンID\":\"68ef15c4-4c56-43dc-afef-a0e6c8f3406f\",\"更新年度\":2022,\"前年同一\":true},[{\"筆ポリゴンID\":\"8941805c-de5b-46bf-9190-3663f6f7867a\",\"更新年度\":2021,\"前年同一\":true},{\"筆ポリゴンID\":\"8941805c-de5b-46bf-9190-3663f6f7867a\",\"発生年度\":2020}]]]","last_polygon_uuid":"900783b3-bf2c-4353-a5e0-a3a2b9ed5c21","prev_last_polygon_uuid":"68ef15c4-4c56-43dc-afef-a0e6c8f3406f","local_government_cd":"016616","point_lng":144.447873442,"point_lat":43.036186824}},{"arcs":[[216]],"type":"Polygon","properties":{"polygon_uuid":"a34b4839-1e5c-4e53-9ccb-80ec6a259dbc","land_type":200,"issue_year":2024,"edit_year":2020,"history":"[{\"筆ポリゴンID\":\"797eb9de-d9a3-4f0b-b06d-572c23f71444\",\"更新年度\":2023,\"前年同一\":true},[{\"筆ポリゴンID\":\"085ef1dd-6e9e-447a-8dba-c76b3e0731ae\",\"更新年度\":2022,\"前年同一\":true},[{\"筆ポリゴンID\":\"8a11f462-50a2-4480-9f2a-c6cdccb5f133\",\"更新年度\":2021,\"前年同一\":true},{\"筆ポリゴンID\":\"8a11f462-50a2-4480-9f2a-c6cdccb5f133\",\"発生年度\":2020}]]]","last_polygon_uuid":"797eb9de-d9a3-4f0b-b06d-572c23f71444","prev_last_polygon_uuid":"085ef1dd-6e9e-447a-8dba-c76b3e0731ae","local_government_cd":"016616","point_lng":144.701153445,"point_lat":42.970640858}},{"arcs":[[217]],"type":"Polygon","properties":{"polygon_uuid":"f1b3122a-bcd2-408e-873a-8a0bdff5c70c","land_type":200,"issue_year":2024,"edit_year":2020,"history":"[{\"筆ポリゴンID\":\"5bd4f396-6dfe-4e98-b087-3d17c0e5c5c0\",\"更新年度\":2023,\"前年同一\":true},[{\"筆ポリゴンID\":\"e3b8bee9-a45f-4e6d-80c6-de7db4bc9b9d\",\"更新年度\":2022,\"前年同一\":true},[{\"筆ポリゴンID\":\"85149c94-1d56-4fa8-b82c-8aa37082c5f0\",\"更新年度\":2021,\"前年同一\":true},{\"筆ポリゴンID\":\"85149c94-1d56-4fa8-b82c-8aa37082c5f0\",\"発生年度\":2020}]]]","last_polygon_uuid":"5bd4f396-6dfe-4e98-b087-3d17c0e5c5c0","prev_last_polygon_uuid":"e3b8bee9-a45f-4e6d-80c6-de7db4bc9b9d","local_government_cd":"016616","point_lng":144.685205725,"point_lat":42.958403204}},{"arcs":[[218]],"type":"Polygon","properties":{"polygon_uuid":"2d4d5961-6aca-40f3-a852-f24306def77c","land_type":200,"issue_year":2024,"edit_year":2020,"history":"[{\"筆ポリゴンID\":\"7876c9a6-02ad-4522-be1d-5e7c2295c0ab\",\"更新年度\":2023,\"前年同一\":true},[{\"筆ポリゴンID\":\"3fcc473b-9bcf-495f-8c42-f22b41d65b18\",\"更新年度\":2022,\"前年同一\":true},[{\"筆ポリゴンID\":\"a4e59e41-994d-495b-bd72-394700925743\",\"更新年度\":2021,\"前年同一\":true},{\"筆ポリゴンID\":\"a4e59e41-994d-495b-bd72-394700925743\",\"発生年度\":2020}]]]","last_polygon_uuid":"7876c9a6-02ad-4522-be1d-5e7c2295c0ab","prev_last_polygon_uuid":"3fcc473b-9bcf-495f-8c42-f22b41d65b18","local_government_cd":"016616","point_lng":144.465230289,"point_lat":43.017038689}},{"arcs":[[219]],"type":"Polygon","properties":{"polygon_uuid":"1c5b9bc7-2cda-430b-bdfb-4db4a9d1e31d","land_type":200,"issue_year":2024,"edit_year":2020,"history":"[{\"筆ポリゴンID\":\"523faa57-9825-41bb-8ab2-9b722aa85e4a\",\"更新年度\":2023,\"前年同一\":true},[{\"筆ポリゴンID\":\"cc3a4d3c-fc53-4546-a365-9e4a691538e0\",\"更新年度\":2022,\"前年同一\":true},[{\"筆ポリゴンID\":\"583738d5-e265-42dc-98e8-f9b2cba8ccbe\",\"更新年度\":2021,\"前年同一\":true},{\"筆ポリゴンID\":\"583738d5-e265-42dc-98e8-f9b2cba8ccbe\",\"発生年度\":2020}]]]","last_polygon_uuid":"523faa57-9825-41bb-8ab2-9b722aa85e4a","prev_last_polygon_uuid":"cc3a4d3c-fc53-4546-a365-9e4a691538e0","local_government_cd":"016616","point_lng":144.501918677,"point_lat":43.049867702}},{"arcs":[[220]],"type":"Polygon","properties":{"polygon_uuid":"c14eb05f-997a-4699-83a2-679c8743c225","land_type":200,"issue_year":2024,"edit_year":2020,"history":"[{\"筆ポリゴンID\":\"9da708a4-c094-4147-a232-d6138b2faa35\",\"更新年度\":2023,\"前年同一\":true},[{\"筆ポリゴンID\":\"a395b4a5-d63b-4cc2-bace-e19cd8be5b5d\",\"更新年度\":2022,\"前年同一\":true},[{\"筆ポリゴンID\":\"4d70f531-274f-456c-a3c3-060dd6f2c8d3\",\"更新年度\":2021,\"前年同一\":true},{\"筆ポリゴンID\":\"4d70f531-274f-456c-a3c3-060dd6f2c8d3\",\"発生年度\":2020}]]]","last_polygon_uuid":"9da708a4-c094-4147-a232-d6138b2faa35","prev_last_polygon_uuid":"a395b4a5-d63b-4cc2-bace-e19cd8be5b5d","local_government_cd":"016616","point_lng":144.445102236,"point_lat":43.017438489}},{"arcs":[[221]],"type":"Polygon","properties":{"polygon_uuid":"158ec2c7-bbea-4930-8015-32bba3001009","land_type":200,"issue_year":2024,"edit_year":2020,"history":"[{\"筆ポリゴンID\":\"7f103275-b7d0-4db1-9d71-2b8b7bc39a72\",\"更新年度\":2023,\"前年同一\":true},[{\"筆ポリゴンID\":\"73282b81-b252-4ba0-accd-40e84d34b54f\",\"更新年度\":2022,\"前年同一\":true},[{\"筆ポリゴンID\":\"faa5f658-8154-4c83-9ff3-37a4c7a54f6b\",\"更新年度\":2021,\"前年同一\":true},{\"筆ポリゴンID\":\"faa5f658-8154-4c83-9ff3-37a4c7a54f6b\",\"発生年度\":2020}]]]","last_polygon_uuid":"7f103275-b7d0-4db1-9d71-2b8b7bc39a72","prev_last_polygon_uuid":"73282b81-b252-4ba0-accd-40e84d34b54f","local_government_cd":"016616","point_lng":144.50187576,"point_lat":43.046068365}},{"arcs":[[222]],"type":"Polygon","properties":{"polygon_uuid":"56c61f9a-d526-49c9-9aa7-651f563307ff","land_type":200,"issue_year":2024,"edit_year":2020,"history":"[{\"筆ポリゴンID\":\"8562d3cb-f68a-44e5-b32f-0941ace156e6\",\"更新年度\":2023,\"前年同一\":true},[{\"筆ポリゴンID\":\"74001d6d-3796-4078-ab83-9c259ced1dcd\",\"更新年度\":2022,\"前年同一\":true},[{\"筆ポリゴンID\":\"49b1e5c6-6d03-46ec-9c76-1ca1bc1da1af\",\"更新年度\":2021,\"前年同一\":true},{\"筆ポリゴンID\":\"49b1e5c6-6d03-46ec-9c76-1ca1bc1da1af\",\"発生年度\":2020}]]]","last_polygon_uuid":"8562d3cb-f68a-44e5-b32f-0941ace156e6","prev_last_polygon_uuid":"74001d6d-3796-4078-ab83-9c259ced1dcd","local_government_cd":"016616","point_lng":144.455488514,"point_lat":43.019040152}},{"arcs":[[223]],"type":"Polygon","properties":{"polygon_uuid":"3ba9a534-9790-4e0b-ae99-46f20b29cec8","land_type":200,"issue_year":2024,"edit_year":2020,"history":"[{\"筆ポリゴンID\":\"00c44ed1-bbb1-49e0-b40e-8c2f9ebc9bf8\",\"更新年度\":2023,\"前年同一\":true},[{\"筆ポリゴンID\":\"555c0df3-b46f-48e3-8e74-5ffe1e66aa89\",\"更新年度\":2022,\"前年同一\":true},[{\"筆ポリゴンID\":\"d5958057-45bc-41e5-b225-b2260df810ea\",\"更新年度\":2021,\"前年同一\":true},{\"筆ポリゴンID\":\"d5958057-45bc-41e5-b225-b2260df810ea\",\"発生年度\":2020}]]]","last_polygon_uuid":"00c44ed1-bbb1-49e0-b40e-8c2f9ebc9bf8","prev_last_polygon_uuid":"555c0df3-b46f-48e3-8e74-5ffe1e66aa89","local_government_cd":"016616","point_lng":144.695691795,"point_lat":42.984957441}},{"arcs":[[224]],"type":"Polygon","properties":{"polygon_uuid":"06229c7d-4d13-43f6-800a-43360e6a38d9","land_type":200,"issue_year":2024,"edit_year":2020,"history":"[{\"筆ポリゴンID\":\"412de27c-d46e-47bd-bcfb-3daee8316149\",\"更新年度\":2023,\"前年同一\":true},[{\"筆ポリゴンID\":\"466533c0-d121-4451-b71d-a386abacd80f\",\"更新年度\":2022,\"前年同一\":true},[{\"筆ポリゴンID\":\"8c4bbfff-1464-45f6-998e-e9addb5179e9\",\"更新年度\":2021,\"前年同一\":true},{\"筆ポリゴンID\":\"8c4bbfff-1464-45f6-998e-e9addb5179e9\",\"発生年度\":2020}]]]","last_polygon_uuid":"412de27c-d46e-47bd-bcfb-3daee8316149","prev_last_polygon_uuid":"466533c0-d121-4451-b71d-a386abacd80f","local_government_cd":"016616","point_lng":144.508808504,"point_lat":43.051377869}},{"arcs":[[225]],"type":"Polygon","properties":{"polygon_uuid":"d006ceba-525c-47b7-a337-7d55fe2726e7","land_type":200,"issue_year":2024,"edit_year":2020,"history":"[{\"筆ポリゴンID\":\"249426f7-9e39-4fc0-866e-f972a1ab99cc\",\"更新年度\":2023,\"前年同一\":true},[{\"筆ポリゴンID\":\"a45c34a9-8d0b-41cc-918e-05bc376395b5\",\"更新年度\":2022,\"前年同一\":true},[{\"筆ポリゴンID\":\"58696038-6c72-48b5-8099-a401f40afe0c\",\"更新年度\":2021,\"前年同一\":true},{\"筆ポリゴンID\":\"58696038-6c72-48b5-8099-a401f40afe0c\",\"発生年度\":2020}]]]","last_polygon_uuid":"249426f7-9e39-4fc0-866e-f972a1ab99cc","prev_last_polygon_uuid":"a45c34a9-8d0b-41cc-918e-05bc376395b5","local_government_cd":"016616","point_lng":144.468172664,"point_lat":43.001703351}},{"arcs":[[226]],"type":"Polygon","properties":{"polygon_uuid":"50bc9050-22f3-4fef-b1be-0644023238c7","land_type":200,"issue_year":2024,"edit_year":2020,"history":"[{\"筆ポリゴンID\":\"b0b71b39-cde7-4b4e-b626-92e965612c25\",\"更新年度\":2023,\"前年同一\":true},[{\"筆ポリゴンID\":\"8bae23fa-0b52-4f3f-8766-a46e309f4cde\",\"更新年度\":2022,\"前年同一\":true},[{\"筆ポリゴンID\":\"c3e4f30f-5246-4c30-81fb-a77117835d15\",\"更新年度\":2021,\"前年同一\":true},{\"筆ポリゴンID\":\"c3e4f30f-5246-4c30-81fb-a77117835d15\",\"発生年度\":2020}]]]","last_polygon_uuid":"b0b71b39-cde7-4b4e-b626-92e965612c25","prev_last_polygon_uuid":"8bae23fa-0b52-4f3f-8766-a46e309f4cde","local_government_cd":"016616","point_lng":144.654935703,"point_lat":42.972258886}},{"arcs":[[227]],"type":"Polygon","properties":{"polygon_uuid":"5ecfd573-c8a3-46a3-8d73-e9631413050f","land_type":200,"issue_year":2024,"edit_year":2020,"history":"[{\"筆ポリゴンID\":\"5aace3bd-971d-4ae5-99ca-30e81bb23b02\",\"更新年度\":2023,\"前年同一\":true},[{\"筆ポリゴンID\":\"261e1783-d1c1-4162-a1eb-02faba464b36\",\"更新年度\":2022,\"前年同一\":true},[{\"筆ポリゴンID\":\"ddb2a247-fad6-4a21-b2bb-21b4fc58a8c4\",\"更新年度\":2021,\"前年同一\":true},{\"筆ポリゴンID\":\"ddb2a247-fad6-4a21-b2bb-21b4fc58a8c4\",\"発生年度\":2020}]]]","last_polygon_uuid":"5aace3bd-971d-4ae5-99ca-30e81bb23b02","prev_last_polygon_uuid":"261e1783-d1c1-4162-a1eb-02faba464b36","local_government_cd":"016616","point_lng":144.467860655,"point_lat":43.003698147}},{"arcs":[[228]],"type":"Polygon","properties":{"polygon_uuid":"c7c7f446-b86c-43d4-9985-b8f3d94f582e","land_type":200,"issue_year":2024,"edit_year":2020,"history":"[{\"筆ポリゴンID\":\"3392f3a6-9da0-43d3-bc94-968d48c8d18f\",\"更新年度\":2023,\"前年同一\":true},[{\"筆ポリゴンID\":\"8c907e5e-17d1-46c1-9362-816f44c174c2\",\"更新年度\":2022,\"前年同一\":true},[{\"筆ポリゴンID\":\"d1d19416-de1b-4a00-ae47-5acb77748fe6\",\"更新年度\":2021,\"前年同一\":true},{\"筆ポリゴンID\":\"d1d19416-de1b-4a00-ae47-5acb77748fe6\",\"発生年度\":2020}]]]","last_polygon_uuid":"3392f3a6-9da0-43d3-bc94-968d48c8d18f","prev_last_polygon_uuid":"8c907e5e-17d1-46c1-9362-816f44c174c2","local_government_cd":"016616","point_lng":144.462154843,"point_lat":43.014044434}},{"arcs":[[229]],"type":"Polygon","properties":{"polygon_uuid":"713aa87a-7003-4b0c-9875-cfabcf08c8c3","land_type":200,"issue_year":2024,"edit_year":2020,"history":"[{\"筆ポリゴンID\":\"2caca426-c874-4d08-804f-4932f642d051\",\"更新年度\":2023,\"前年同一\":true},[{\"筆ポリゴンID\":\"be51e2e9-e7a1-4c04-adf8-ce1cbb3b4950\",\"更新年度\":2022,\"前年同一\":true},[{\"筆ポリゴンID\":\"8f641874-35be-4cc0-964d-8192a0eddab4\",\"更新年度\":2021,\"前年同一\":true},{\"筆ポリゴンID\":\"8f641874-35be-4cc0-964d-8192a0eddab4\",\"発生年度\":2020}]]]","last_polygon_uuid":"2caca426-c874-4d08-804f-4932f642d051","prev_last_polygon_uuid":"be51e2e9-e7a1-4c04-adf8-ce1cbb3b4950","local_government_cd":"016616","point_lng":144.675388038,"point_lat":42.970282132}},{"arcs":[[230]],"type":"Polygon","properties":{"polygon_uuid":"4e5f8df5-3f6a-4bc9-b206-e26dadd3619f","land_type":200,"issue_year":2024,"edit_year":2020,"history":"[{\"筆ポリゴンID\":\"ff624f46-be3c-4e87-8666-9bc0d14f01d7\",\"更新年度\":2023,\"前年同一\":true},[{\"筆ポリゴンID\":\"29c62dd8-2db7-4ea5-9bff-2c8adda55a1f\",\"更新年度\":2022,\"前年同一\":true},[{\"筆ポリゴンID\":\"5efab880-979d-4b88-9a03-37b452b76472\",\"更新年度\":2021,\"前年同一\":true},{\"筆ポリゴンID\":\"5efab880-979d-4b88-9a03-37b452b76472\",\"発生年度\":2020}]]]","last_polygon_uuid":"ff624f46-be3c-4e87-8666-9bc0d14f01d7","prev_last_polygon_uuid":"29c62dd8-2db7-4ea5-9bff-2c8adda55a1f","local_government_cd":"016616","point_lng":144.462619567,"point_lat":43.012954873}},{"arcs":[[231]],"type":"Polygon","properties":{"polygon_uuid":"1e3cb48a-ffbd-4791-98e0-59d744be16e5","land_type":200,"issue_year":2024,"edit_year":2020,"history":"[{\"筆ポリゴンID\":\"242a0230-026b-489c-b0fe-bed340e16a91\",\"更新年度\":2023,\"前年同一\":true},[{\"筆ポリゴンID\":\"700e74b2-5469-40ab-b3cc-558a09eda8ea\",\"更新年度\":2022,\"前年同一\":true},[{\"筆ポリゴンID\":\"76147a5b-4586-4ba2-9ae7-551f3ec7f88f\",\"更新年度\":2021,\"前年同一\":true},{\"筆ポリゴンID\":\"76147a5b-4586-4ba2-9ae7-551f3ec7f88f\",\"発生年度\":2020}]]]","last_polygon_uuid":"242a0230-026b-489c-b0fe-bed340e16a91","prev_last_polygon_uuid":"700e74b2-5469-40ab-b3cc-558a09eda8ea","local_government_cd":"016616","point_lng":144.687383441,"point_lat":42.96866556}},{"arcs":[[232]],"type":"Polygon","properties":{"polygon_uuid":"c4eb0285-a4cd-4124-949a-01c17bb3a56e","land_type":200,"issue_year":2024,"edit_year":2020,"history":"[{\"筆ポリゴンID\":\"87bd4608-0e1f-4a5f-b093-728c7bcd5d47\",\"更新年度\":2023,\"前年同一\":true},[{\"筆ポリゴンID\":\"ac78e8c9-a0f9-44a1-b998-dacb2c149ed8\",\"更新年度\":2022,\"前年同一\":true},[{\"筆ポリゴンID\":\"85dd10d3-ba14-4c19-9f4d-21a768893b28\",\"更新年度\":2021,\"前年同一\":true},{\"筆ポリゴンID\":\"85dd10d3-ba14-4c19-9f4d-21a768893b28\",\"発生年度\":2020}]]]","last_polygon_uuid":"87bd4608-0e1f-4a5f-b093-728c7bcd5d47","prev_last_polygon_uuid":"ac78e8c9-a0f9-44a1-b998-dacb2c149ed8","local_government_cd":"016616","point_lng":144.413331041,"point_lat":43.062365571}},{"arcs":[[233]],"type":"Polygon","properties":{"polygon_uuid":"1e1eca5d-1a9a-48dc-9292-c369290a81ac","land_type":200,"issue_year":2024,"edit_year":2020,"history":"[{\"筆ポリゴンID\":\"fa4ac8c8-7aad-4fb8-9d0f-a82a77f39c19\",\"更新年度\":2023,\"前年同一\":true},[{\"筆ポリゴンID\":\"d0d7577f-4848-4154-af16-dde6cae97179\",\"更新年度\":2022,\"前年同一\":true},[{\"筆ポリゴンID\":\"c8dddad8-0a8a-4a4e-87b2-811d92bcbceb\",\"更新年度\":2021,\"前年同一\":true},{\"筆ポリゴンID\":\"c8dddad8-0a8a-4a4e-87b2-811d92bcbceb\",\"発生年度\":2020}]]]","last_polygon_uuid":"fa4ac8c8-7aad-4fb8-9d0f-a82a77f39c19","prev_last_polygon_uuid":"d0d7577f-4848-4154-af16-dde6cae97179","local_government_cd":"016616","point_lng":144.425257318,"point_lat":43.071385961}},{"arcs":[[234]],"type":"Polygon","properties":{"polygon_uuid":"061ba036-81dd-44a6-b08e-0705a80f25d7","land_type":200,"issue_year":2024,"edit_year":2020,"history":"[{\"筆ポリゴンID\":\"e009ffdc-d883-4b80-a458-c6d86948bda6\",\"更新年度\":2023,\"前年同一\":true},[{\"筆ポリゴンID\":\"d2e8c7d2-5b85-498f-aec1-8bace5c59934\",\"更新年度\":2022,\"前年同一\":true},[{\"筆ポリゴンID\":\"0948cb5d-fc03-4514-b35d-9ac04b34c86e\",\"更新年度\":2021,\"前年同一\":true},{\"筆ポリゴンID\":\"0948cb5d-fc03-4514-b35d-9ac04b34c86e\",\"発生年度\":2020}]]]","last_polygon_uuid":"e009ffdc-d883-4b80-a458-c6d86948bda6","prev_last_polygon_uuid":"d2e8c7d2-5b85-498f-aec1-8bace5c59934","local_government_cd":"016616","point_lng":144.42674359,"point_lat":43.060678853}},{"arcs":[[235]],"type":"Polygon","properties":{"polygon_uuid":"366ab2b1-f48f-4bd3-8346-f4c461e3c8e0","land_type":200,"issue_year":2024,"edit_year":2020,"history":"[{\"筆ポリゴンID\":\"a252383f-257f-49f9-813e-f08b233be6c8\",\"更新年度\":2023,\"前年同一\":true},[{\"筆ポリゴンID\":\"17065de6-fe36-48e2-aab6-73e6c138d1c7\",\"更新年度\":2022,\"前年同一\":true},[{\"筆ポリゴンID\":\"05cf627f-5828-40eb-92e0-a6c48fba23e0\",\"更新年度\":2021,\"前年同一\":true},{\"筆ポリゴンID\":\"05cf627f-5828-40eb-92e0-a6c48fba23e0\",\"発生年度\":2020}]]]","last_polygon_uuid":"a252383f-257f-49f9-813e-f08b233be6c8","prev_last_polygon_uuid":"17065de6-fe36-48e2-aab6-73e6c138d1c7","local_government_cd":"016616","point_lng":144.464003189,"point_lat":43.011123848}},{"arcs":[[236]],"type":"Polygon","properties":{"polygon_uuid":"5e6db7b1-4386-4d9e-ba84-4c442d25fa9c","land_type":200,"issue_year":2024,"edit_year":2020,"history":"[{\"筆ポリゴンID\":\"bcee047a-0b91-4cab-bc07-f6d7956b6aee\",\"更新年度\":2023,\"前年同一\":true},[{\"筆ポリゴンID\":\"1b482626-9466-45c4-b70f-6c15871f5d6b\",\"更新年度\":2022,\"前年同一\":true},[{\"筆ポリゴンID\":\"36164b57-bb4a-4297-a6b9-cdc1632d00e0\",\"更新年度\":2021,\"前年同一\":true},{\"筆ポリゴンID\":\"36164b57-bb4a-4297-a6b9-cdc1632d00e0\",\"発生年度\":2020}]]]","last_polygon_uuid":"bcee047a-0b91-4cab-bc07-f6d7956b6aee","prev_last_polygon_uuid":"1b482626-9466-45c4-b70f-6c15871f5d6b","local_government_cd":"016616","point_lng":144.684898717,"point_lat":42.978663073}},{"arcs":[[237]],"type":"Polygon","properties":{"polygon_uuid":"e71b9aed-7f31-49b9-9a9f-f2426ba05485","land_type":200,"issue_year":2024,"edit_year":2020,"history":"[{\"筆ポリゴンID\":\"f0dec870-da09-4278-91c4-7ab2a7d618ad\",\"更新年度\":2023,\"前年同一\":true},[{\"筆ポリゴンID\":\"17fbf35f-360a-406b-8f19-b25748112288\",\"更新年度\":2022,\"前年同一\":true},[{\"筆ポリゴンID\":\"88868b2d-a83a-4400-9fb1-495407f07013\",\"更新年度\":2021,\"前年同一\":true},{\"筆ポリゴンID\":\"88868b2d-a83a-4400-9fb1-495407f07013\",\"発生年度\":2020}]]]","last_polygon_uuid":"f0dec870-da09-4278-91c4-7ab2a7d618ad","prev_last_polygon_uuid":"17fbf35f-360a-406b-8f19-b25748112288","local_government_cd":"016616","point_lng":144.491566823,"point_lat":43.110580541}},{"arcs":[[238]],"type":"Polygon","properties":{"polygon_uuid":"448558f2-41da-4667-bd68-0cda043ec853","land_type":200,"issue_year":2024,"edit_year":2020,"history":"[{\"筆ポリゴンID\":\"37e6d497-1e5e-4909-b243-a8e790f0d689\",\"更新年度\":2023,\"前年同一\":true},[{\"筆ポリゴンID\":\"d67f42d5-71f6-4cf1-99e6-3ddc309fa085\",\"更新年度\":2022,\"前年同一\":true},[{\"筆ポリゴンID\":\"f995f899-cdbf-4bea-9c0c-c845d8a507e1\",\"更新年度\":2021,\"前年同一\":true},{\"筆ポリゴンID\":\"f995f899-cdbf-4bea-9c0c-c845d8a507e1\",\"発生年度\":2020}]]]","last_polygon_uuid":"37e6d497-1e5e-4909-b243-a8e790f0d689","prev_last_polygon_uuid":"d67f42d5-71f6-4cf1-99e6-3ddc309fa085","local_government_cd":"016616","point_lng":144.444481512,"point_lat":43.014714238}},{"arcs":[[239]],"type":"Polygon","properties":{"polygon_uuid":"cffe84d2-4c7e-4bfc-a236-b7b9d20ac2dc","land_type":200,"issue_year":2024,"edit_year":2020,"history":"[{\"筆ポリゴンID\":\"4f01d5bc-d6ff-4927-818c-16ba28c016e3\",\"更新年度\":2023,\"前年同一\":true},[{\"筆ポリゴンID\":\"3aa4188e-47c2-427c-a38c-2af9d8d8acd5\",\"更新年度\":2022,\"前年同一\":true},[{\"筆ポリゴンID\":\"5ae96862-a918-4116-8970-13082ef8ba25\",\"更新年度\":2021,\"前年同一\":true},{\"筆ポリゴンID\":\"5ae96862-a918-4116-8970-13082ef8ba25\",\"発生年度\":2020}]]]","last_polygon_uuid":"4f01d5bc-d6ff-4927-818c-16ba28c016e3","prev_last_polygon_uuid":"3aa4188e-47c2-427c-a38c-2af9d8d8acd5","local_government_cd":"016616","point_lng":144.457492776,"point_lat":43.023944436}},{"arcs":[[240]],"type":"Polygon","properties":{"polygon_uuid":"eef6c893-c50e-49b3-b1c2-c9686efac928","land_type":200,"issue_year":2024,"edit_year":2020,"history":"[{\"筆ポリゴンID\":\"66ba6bff-ec3e-48ab-8dd4-7f9875098ff8\",\"更新年度\":2023,\"前年同一\":true},[{\"筆ポリゴンID\":\"9f47aa40-01c9-4d59-aa4b-5e19777e5a76\",\"更新年度\":2022,\"前年同一\":true},[{\"筆ポリゴンID\":\"314ec62f-54d8-4f91-8a2f-0ba18d7e59c2\",\"更新年度\":2021,\"前年同一\":true},{\"筆ポリゴンID\":\"314ec62f-54d8-4f91-8a2f-0ba18d7e59c2\",\"発生年度\":2020}]]]","last_polygon_uuid":"66ba6bff-ec3e-48ab-8dd4-7f9875098ff8","prev_last_polygon_uuid":"9f47aa40-01c9-4d59-aa4b-5e19777e5a76","local_government_cd":"016616","point_lng":144.506918189,"point_lat":43.094010777}},{"arcs":[[241]],"type":"Polygon","properties":{"polygon_uuid":"f2251066-8bb3-4600-b39c-f14c54f179ea","land_type":200,"issue_year":2024,"edit_year":2020,"history":"[{\"筆ポリゴンID\":\"b26f9238-2c3c-457d-ace4-6a397e367e3e\",\"更新年度\":2023,\"前年同一\":true},[{\"筆ポリゴンID\":\"32abdb41-de53-4df4-8457-a3a5883370f5\",\"更新年度\":2022,\"前年同一\":true},[{\"筆ポリゴンID\":\"af17fc6c-12d6-4ce1-a3a2-488bc2910251\",\"更新年度\":2021,\"前年同一\":true},{\"筆ポリゴンID\":\"af17fc6c-12d6-4ce1-a3a2-488bc2910251\",\"発生年度\":2020}]]]","last_polygon_uuid":"b26f9238-2c3c-457d-ace4-6a397e367e3e","prev_last_polygon_uuid":"32abdb41-de53-4df4-8457-a3a5883370f5","local_government_cd":"016616","point_lng":144.466195558,"point_lat":43.013369097}},{"arcs":[[242]],"type":"Polygon","properties":{"polygon_uuid":"eae968b7-d61c-41ca-a154-c62a6eadab36","land_type":200,"issue_year":2024,"edit_year":2020,"history":"[{\"筆ポリゴンID\":\"5c0f1f04-9d36-4bf3-8246-e54042756101\",\"更新年度\":2023,\"前年同一\":true},[{\"筆ポリゴンID\":\"ddcfeaad-5066-486d-bfa2-c8894b194c60\",\"更新年度\":2022,\"前年同一\":true},[{\"筆ポリゴンID\":\"21de966c-252c-4605-8ec5-e2798347cc99\",\"更新年度\":2021,\"前年同一\":true},{\"筆ポリゴンID\":\"21de966c-252c-4605-8ec5-e2798347cc99\",\"発生年度\":2020}]]]","last_polygon_uuid":"5c0f1f04-9d36-4bf3-8246-e54042756101","prev_last_polygon_uuid":"ddcfeaad-5066-486d-bfa2-c8894b194c60","local_government_cd":"016616","point_lng":144.510222326,"point_lat":43.090514626}},{"arcs":[[243]],"type":"Polygon","properties":{"polygon_uuid":"1637b913-eb65-481e-b7d4-27aaf41901e2","land_type":200,"issue_year":2024,"edit_year":2020,"history":"[{\"筆ポリゴンID\":\"65b894e0-448b-443b-a013-22aca7d7bfbf\",\"更新年度\":2023,\"前年同一\":true},[{\"筆ポリゴンID\":\"682dc036-ec4e-4a6a-b60d-96621fcba6da\",\"更新年度\":2022,\"前年同一\":true},[{\"筆ポリゴンID\":\"7762cd67-c0b0-43c4-9f78-0664f53955ed\",\"更新年度\":2021,\"前年同一\":true},{\"筆ポリゴンID\":\"7762cd67-c0b0-43c4-9f78-0664f53955ed\",\"発生年度\":2020}]]]","last_polygon_uuid":"65b894e0-448b-443b-a013-22aca7d7bfbf","prev_last_polygon_uuid":"682dc036-ec4e-4a6a-b60d-96621fcba6da","local_government_cd":"016616","point_lng":144.466323247,"point_lat":43.012362402}},{"arcs":[[244]],"type":"Polygon","properties":{"polygon_uuid":"18ae122b-837c-44db-b978-829bd9c51a70","land_type":200,"issue_year":2024,"edit_year":2020,"history":"[{\"筆ポリゴンID\":\"503f7d2f-a9bb-43c7-a7d2-032315c0b91b\",\"更新年度\":2023,\"前年同一\":true},[{\"筆ポリゴンID\":\"ee0a7366-a3d9-490c-bd7a-3c2cf1f8420c\",\"更新年度\":2022,\"前年同一\":true},[{\"筆ポリゴンID\":\"bce2b928-b9a1-47fd-8cfd-274ccbdc6a4d\",\"更新年度\":2021,\"前年同一\":true},{\"筆ポリゴンID\":\"bce2b928-b9a1-47fd-8cfd-274ccbdc6a4d\",\"発生年度\":2020}]]]","last_polygon_uuid":"503f7d2f-a9bb-43c7-a7d2-032315c0b91b","prev_last_polygon_uuid":"ee0a7366-a3d9-490c-bd7a-3c2cf1f8420c","local_government_cd":"016616","point_lng":144.507296926,"point_lat":43.092831939}},{"arcs":[[245]],"type":"Polygon","properties":{"polygon_uuid":"53b95572-c07c-4ff3-8288-5ea5970f75af","land_type":200,"issue_year":2024,"edit_year":2020,"history":"[{\"筆ポリゴンID\":\"82cb9110-26ef-4985-9cd9-a329c4079a81\",\"更新年度\":2023,\"前年同一\":true},[{\"筆ポリゴンID\":\"b18c47c1-765e-4afd-ac98-27e837b5a7bd\",\"更新年度\":2022,\"前年同一\":true},[{\"筆ポリゴンID\":\"9efa3a7d-0d65-449a-8acd-8edbc9ead99c\",\"更新年度\":2021,\"前年同一\":true},{\"筆ポリゴンID\":\"9efa3a7d-0d65-449a-8acd-8edbc9ead99c\",\"発生年度\":2020}]]]","last_polygon_uuid":"82cb9110-26ef-4985-9cd9-a329c4079a81","prev_last_polygon_uuid":"b18c47c1-765e-4afd-ac98-27e837b5a7bd","local_government_cd":"016616","point_lng":144.520304186,"point_lat":43.049965031}},{"arcs":[[246]],"type":"Polygon","properties":{"polygon_uuid":"414e732e-1b7f-4954-9794-4831f58dccc7","land_type":200,"issue_year":2024,"edit_year":2020,"history":"[{\"筆ポリゴンID\":\"0b0ebdda-3433-4bac-a4f4-abfd2b334576\",\"更新年度\":2023,\"前年同一\":true},[{\"筆ポリゴンID\":\"ca1ffded-05ef-468c-8ac5-b01ae16fad71\",\"更新年度\":2022,\"前年同一\":true},[{\"筆ポリゴンID\":\"799a8b16-64fa-4e2d-9648-df7234541141\",\"更新年度\":2021,\"前年同一\":true},{\"筆ポリゴンID\":\"799a8b16-64fa-4e2d-9648-df7234541141\",\"発生年度\":2020}]]]","last_polygon_uuid":"0b0ebdda-3433-4bac-a4f4-abfd2b334576","prev_last_polygon_uuid":"ca1ffded-05ef-468c-8ac5-b01ae16fad71","local_government_cd":"016616","point_lng":144.517125855,"point_lat":43.039449635}},{"arcs":[[247]],"type":"Polygon","properties":{"polygon_uuid":"90612658-cb64-4e09-b595-da8253ebb245","land_type":200,"issue_year":2024,"edit_year":2020,"history":"[{\"筆ポリゴンID\":\"ecdef9fb-7a70-4659-826d-d4a2ff7dd469\",\"更新年度\":2023,\"前年同一\":true},[{\"筆ポリゴンID\":\"97619bd5-1b30-4e28-91d9-6daf4aa99582\",\"更新年度\":2022,\"前年同一\":true},[{\"筆ポリゴンID\":\"35b87a61-9cfb-43d0-a002-0d4ec9ef0975\",\"更新年度\":2021,\"前年同一\":true},{\"筆ポリゴンID\":\"35b87a61-9cfb-43d0-a002-0d4ec9ef0975\",\"発生年度\":2020}]]]","last_polygon_uuid":"ecdef9fb-7a70-4659-826d-d4a2ff7dd469","prev_last_polygon_uuid":"97619bd5-1b30-4e28-91d9-6daf4aa99582","local_government_cd":"016616","point_lng":144.557159771,"point_lat":43.053665316}},{"arcs":[[248]],"type":"Polygon","properties":{"polygon_uuid":"f9a93add-867d-410d-bd01-fc4f8715920d","land_type":200,"issue_year":2024,"edit_year":2020,"history":"[{\"筆ポリゴンID\":\"30eef317-c879-43e5-996e-7d26a3178dc9\",\"更新年度\":2023,\"前年同一\":true},[{\"筆ポリゴンID\":\"8a6464bb-5496-4d5e-b323-c2d97eb0c9b3\",\"更新年度\":2022,\"前年同一\":true},[{\"筆ポリゴンID\":\"369e3444-355a-47cf-b844-4e63e6decce7\",\"更新年度\":2021,\"前年同一\":true},{\"筆ポリゴンID\":\"369e3444-355a-47cf-b844-4e63e6decce7\",\"発生年度\":2020}]]]","last_polygon_uuid":"30eef317-c879-43e5-996e-7d26a3178dc9","prev_last_polygon_uuid":"8a6464bb-5496-4d5e-b323-c2d97eb0c9b3","local_government_cd":"016616","point_lng":144.461860481,"point_lat":43.017135064}},{"arcs":[[249]],"type":"Polygon","properties":{"polygon_uuid":"3cfcefde-572a-4d90-aa47-b5def6e212de","land_type":200,"issue_year":2024,"edit_year":2020,"history":"[{\"筆ポリゴンID\":\"49dab311-8172-4746-9dbb-5822d583bb24\",\"更新年度\":2023,\"前年同一\":true},[{\"筆ポリゴンID\":\"2eb025c8-4a32-41c7-a838-05f15b3606d0\",\"更新年度\":2022,\"前年同一\":true},[{\"筆ポリゴンID\":\"f238b790-86aa-4025-8c19-f291db32dc0e\",\"更新年度\":2021,\"前年同一\":true},{\"筆ポリゴンID\":\"f238b790-86aa-4025-8c19-f291db32dc0e\",\"発生年度\":2020}]]]","last_polygon_uuid":"49dab311-8172-4746-9dbb-5822d583bb24","prev_last_polygon_uuid":"2eb025c8-4a32-41c7-a838-05f15b3606d0","local_government_cd":"016616","point_lng":144.515878978,"point_lat":43.049477605}},{"arcs":[[250]],"type":"Polygon","properties":{"polygon_uuid":"6393042c-7e15-491a-8da5-6f19dd2839c2","land_type":200,"issue_year":2024,"edit_year":2020,"history":"[{\"筆ポリゴンID\":\"89b475e9-11ae-48bb-8697-23bbad9079e0\",\"更新年度\":2023,\"前年同一\":true},[{\"筆ポリゴンID\":\"ce683c9a-3390-4e9e-aa8c-6178c3116e17\",\"更新年度\":2022,\"前年同一\":true},[{\"筆ポリゴンID\":\"f778c845-89cf-493d-bb81-ae3c8574e28a\",\"更新年度\":2021,\"前年同一\":true},{\"筆ポリゴンID\":\"f778c845-89cf-493d-bb81-ae3c8574e28a\",\"発生年度\":2020}]]]","last_polygon_uuid":"89b475e9-11ae-48bb-8697-23bbad9079e0","prev_last_polygon_uuid":"ce683c9a-3390-4e9e-aa8c-6178c3116e17","local_government_cd":"016616","point_lng":144.497281273,"point_lat":43.050867668}},{"arcs":[[251]],"type":"Polygon","properties":{"polygon_uuid":"3cfdf15f-fa41-426f-9e7d-3489a9f7c194","land_type":200,"issue_year":2024,"edit_year":2020,"history":"[{\"筆ポリゴンID\":\"7cb6535a-caee-4ff6-ae22-507a35acc4a6\",\"更新年度\":2023,\"前年同一\":true},[{\"筆ポリゴンID\":\"16bdf43c-09a9-4a53-98a2-dae2f81e0aba\",\"更新年度\":2022,\"前年同一\":true},[{\"筆ポリゴンID\":\"67e4e58a-fbcf-4b7f-9566-6fc2558a8f6d\",\"更新年度\":2021,\"前年同一\":true},{\"筆ポリゴンID\":\"67e4e58a-fbcf-4b7f-9566-6fc2558a8f6d\",\"発生年度\":2020}]]]","last_polygon_uuid":"7cb6535a-caee-4ff6-ae22-507a35acc4a6","prev_last_polygon_uuid":"16bdf43c-09a9-4a53-98a2-dae2f81e0aba","local_government_cd":"016616","point_lng":144.443353758,"point_lat":43.017608015}},{"arcs":[[252]],"type":"Polygon","properties":{"polygon_uuid":"11f4d0d9-44c0-4ffb-aef8-fcde517cffe0","land_type":200,"issue_year":2024,"edit_year":2020,"history":"[{\"筆ポリゴンID\":\"b3fcdd52-68b8-48ba-bf80-cf6a471119a8\",\"更新年度\":2023,\"前年同一\":true},[{\"筆ポリゴンID\":\"da04dd46-74c7-45ea-86bc-e7ab5986b1a3\",\"更新年度\":2022,\"前年同一\":true},[{\"筆ポリゴンID\":\"62a398ff-e884-4b9a-922d-5daf1830134a\",\"更新年度\":2021,\"前年同一\":true},{\"筆ポリゴンID\":\"62a398ff-e884-4b9a-922d-5daf1830134a\",\"発生年度\":2020}]]]","last_polygon_uuid":"b3fcdd52-68b8-48ba-bf80-cf6a471119a8","prev_last_polygon_uuid":"da04dd46-74c7-45ea-86bc-e7ab5986b1a3","local_government_cd":"016616","point_lng":144.482872166,"point_lat":43.064491293}},{"arcs":[[253]],"type":"Polygon","properties":{"polygon_uuid":"02206a70-030f-4812-81bf-e3178e1e47ef","land_type":200,"issue_year":2024,"edit_year":2020,"history":"[{\"筆ポリゴンID\":\"66cbe2b6-1525-4077-bacd-3465b8f1698e\",\"更新年度\":2023,\"前年同一\":true},[{\"筆ポリゴンID\":\"bb8eb14b-cc04-458c-9a1f-89c2f3cf55d9\",\"更新年度\":2022,\"前年同一\":true},[{\"筆ポリゴンID\":\"47213f8b-57fd-4ba2-a5fe-6e9b46a4f481\",\"更新年度\":2021,\"前年同一\":true},{\"筆ポリゴンID\":\"47213f8b-57fd-4ba2-a5fe-6e9b46a4f481\",\"発生年度\":2020}]]]","last_polygon_uuid":"66cbe2b6-1525-4077-bacd-3465b8f1698e","prev_last_polygon_uuid":"bb8eb14b-cc04-458c-9a1f-89c2f3cf55d9","local_government_cd":"016616","point_lng":144.466163666,"point_lat":43.012055778}},{"arcs":[[254]],"type":"Polygon","properties":{"polygon_uuid":"e5c001fb-339f-426c-84e7-955bc42f0ab5","land_type":200,"issue_year":2024,"edit_year":2020,"history":"[{\"筆ポリゴンID\":\"dc1c7d5f-a1ea-4726-90ff-a8aa5d1c933f\",\"更新年度\":2023,\"前年同一\":true},[{\"筆ポリゴンID\":\"16a28661-2e3f-42f2-886d-ea9d558ae392\",\"更新年度\":2022,\"前年同一\":true},[{\"筆ポリゴンID\":\"70dfbac9-ddaf-442d-9812-6e6c9f89416b\",\"更新年度\":2021,\"前年同一\":true},{\"筆ポリゴンID\":\"70dfbac9-ddaf-442d-9812-6e6c9f89416b\",\"発生年度\":2020}]]]","last_polygon_uuid":"dc1c7d5f-a1ea-4726-90ff-a8aa5d1c933f","prev_last_polygon_uuid":"16a28661-2e3f-42f2-886d-ea9d558ae392","local_government_cd":"016616","point_lng":144.460875543,"point_lat":43.016994568}},{"arcs":[[255]],"type":"Polygon","properties":{"polygon_uuid":"4c5c78ba-8afe-4525-88a4-2b253a7abbff","land_type":200,"issue_year":2024,"edit_year":2020,"history":"[{\"筆ポリゴンID\":\"4472cb6f-3553-45d4-bc26-c1fd48eaa77a\",\"更新年度\":2023,\"前年同一\":true},[{\"筆ポリゴンID\":\"156cae58-2bed-497f-8495-17f952f6cd0d\",\"更新年度\":2022,\"前年同一\":true},[{\"筆ポリゴンID\":\"f4838fa1-2099-4281-bb2a-3c8b051079e5\",\"更新年度\":2021,\"前年同一\":true},{\"筆ポリゴンID\":\"f4838fa1-2099-4281-bb2a-3c8b051079e5\",\"発生年度\":2020}]]]","last_polygon_uuid":"4472cb6f-3553-45d4-bc26-c1fd48eaa77a","prev_last_polygon_uuid":"156cae58-2bed-497f-8495-17f952f6cd0d","local_government_cd":"016616","point_lng":144.461856026,"point_lat":43.018430046}},{"arcs":[[256]],"type":"Polygon","properties":{"polygon_uuid":"46ce82cf-dd7a-4aa4-8ed6-c8aac198ae46","land_type":200,"issue_year":2024,"edit_year":2020,"history":"[{\"筆ポリゴンID\":\"61213182-dff7-4d1b-891f-51eb095cb2cc\",\"更新年度\":2023,\"前年同一\":true},[{\"筆ポリゴンID\":\"5a11c456-0cf7-42af-84a2-dcf47ace1343\",\"更新年度\":2022,\"前年同一\":true},[{\"筆ポリゴンID\":\"a9bd1d8b-ece4-4e77-b1c2-ea0c7eb86061\",\"更新年度\":2021,\"前年同一\":true},{\"筆ポリゴンID\":\"a9bd1d8b-ece4-4e77-b1c2-ea0c7eb86061\",\"発生年度\":2020}]]]","last_polygon_uuid":"61213182-dff7-4d1b-891f-51eb095cb2cc","prev_last_polygon_uuid":"5a11c456-0cf7-42af-84a2-dcf47ace1343","local_government_cd":"016616","point_lng":144.500510535,"point_lat":43.049054825}},{"arcs":[[257]],"type":"Polygon","properties":{"polygon_uuid":"c701291d-2c27-41e3-8836-0fd09f67ed61","land_type":200,"issue_year":2024,"edit_year":2020,"history":"[{\"筆ポリゴンID\":\"e570d1d8-afd1-4ae8-a22c-b5822a7d2e63\",\"更新年度\":2023,\"前年同一\":true},[{\"筆ポリゴンID\":\"d5870008-3c03-4ec2-beca-d165b7b9fbab\",\"更新年度\":2022,\"前年同一\":true},[{\"筆ポリゴンID\":\"65f7cdd9-4ecc-4321-b59e-05bbccfe1367\",\"更新年度\":2021,\"前年同一\":true},{\"筆ポリゴンID\":\"65f7cdd9-4ecc-4321-b59e-05bbccfe1367\",\"発生年度\":2020}]]]","last_polygon_uuid":"e570d1d8-afd1-4ae8-a22c-b5822a7d2e63","prev_last_polygon_uuid":"d5870008-3c03-4ec2-beca-d165b7b9fbab","local_government_cd":"016616","point_lng":144.45960618,"point_lat":43.00701684}},{"arcs":[[258]],"type":"Polygon","properties":{"polygon_uuid":"ee5eda12-f48d-4336-86d6-30995bf71bee","land_type":200,"issue_year":2024,"edit_year":2020,"history":"[{\"筆ポリゴンID\":\"d3e3742c-c00f-4c52-b3b1-5b548ca0c02b\",\"更新年度\":2023,\"前年同一\":true},[{\"筆ポリゴンID\":\"4ea6ea92-8d91-4c5a-9da3-90928e751adf\",\"更新年度\":2022,\"前年同一\":true},[{\"筆ポリゴンID\":\"ba8de793-d561-460e-9db9-9a0354b3e924\",\"更新年度\":2021,\"前年同一\":true},{\"筆ポリゴンID\":\"ba8de793-d561-460e-9db9-9a0354b3e924\",\"発生年度\":2020}]]]","last_polygon_uuid":"d3e3742c-c00f-4c52-b3b1-5b548ca0c02b","prev_last_polygon_uuid":"4ea6ea92-8d91-4c5a-9da3-90928e751adf","local_government_cd":"016616","point_lng":144.461707793,"point_lat":43.006761378}},{"arcs":[[259]],"type":"Polygon","properties":{"polygon_uuid":"dbce2285-641a-49a6-8049-1b06aa927ae1","land_type":200,"issue_year":2024,"edit_year":2020,"history":"[{\"筆ポリゴンID\":\"b8b09f7c-7e7a-4d6d-91ae-dc81f4af3af4\",\"更新年度\":2023,\"前年同一\":true},[{\"筆ポリゴンID\":\"abbbc8e7-f8d7-4d55-9db6-053488afb933\",\"更新年度\":2022,\"前年同一\":true},[{\"筆ポリゴンID\":\"8bcbcc71-15fe-4807-ac5a-d22966a86611\",\"更新年度\":2021,\"前年同一\":true},{\"筆ポリゴンID\":\"8bcbcc71-15fe-4807-ac5a-d22966a86611\",\"発生年度\":2020}]]]","last_polygon_uuid":"b8b09f7c-7e7a-4d6d-91ae-dc81f4af3af4","prev_last_polygon_uuid":"abbbc8e7-f8d7-4d55-9db6-053488afb933","local_government_cd":"016616","point_lng":144.514723971,"point_lat":43.039729394}},{"arcs":[[260]],"type":"Polygon","properties":{"polygon_uuid":"f668ec94-9d19-4b22-963d-1e8e30f832b3","land_type":200,"issue_year":2024,"edit_year":2020,"history":"[{\"筆ポリゴンID\":\"98abb228-267f-4031-8430-4fb3e787bd81\",\"更新年度\":2023,\"前年同一\":true},[{\"筆ポリゴンID\":\"375a3915-daac-4fe7-ba2a-24a25f6bb5e1\",\"更新年度\":2022,\"前年同一\":true},[{\"筆ポリゴンID\":\"a4668548-1333-4e6d-b235-338d7f931ba1\",\"更新年度\":2021,\"前年同一\":true},{\"筆ポリゴンID\":\"a4668548-1333-4e6d-b235-338d7f931ba1\",\"発生年度\":2020}]]]","last_polygon_uuid":"98abb228-267f-4031-8430-4fb3e787bd81","prev_last_polygon_uuid":"375a3915-daac-4fe7-ba2a-24a25f6bb5e1","local_government_cd":"016616","point_lng":144.444510656,"point_lat":43.021159938}},{"arcs":[[261]],"type":"Polygon","properties":{"polygon_uuid":"9576b83f-7e9b-41bf-a19b-3168243087dd","land_type":200,"issue_year":2024,"edit_year":2020,"history":"[{\"筆ポリゴンID\":\"2a5f1363-f9e3-414e-a15a-fff42f2c2fcb\",\"更新年度\":2023,\"前年同一\":true},[{\"筆ポリゴンID\":\"951fa790-bd92-4e58-ba28-54573a34111f\",\"更新年度\":2022,\"前年同一\":true},[{\"筆ポリゴンID\":\"677c8ed2-b9bd-4df7-9d49-0425cfa822cc\",\"更新年度\":2021,\"前年同一\":true},{\"筆ポリゴンID\":\"677c8ed2-b9bd-4df7-9d49-0425cfa822cc\",\"発生年度\":2020}]]]","last_polygon_uuid":"2a5f1363-f9e3-414e-a15a-fff42f2c2fcb","prev_last_polygon_uuid":"951fa790-bd92-4e58-ba28-54573a34111f","local_government_cd":"016616","point_lng":144.44298973,"point_lat":43.016928685}},{"arcs":[[262]],"type":"Polygon","properties":{"polygon_uuid":"93a6cb98-9f55-4c62-a2e7-02f7ad4b8754","land_type":200,"issue_year":2024,"edit_year":2020,"history":"[{\"筆ポリゴンID\":\"1b80d8b9-d401-4a04-98fe-82c0613120f1\",\"更新年度\":2023,\"前年同一\":true},[{\"筆ポリゴンID\":\"4bdaf6a4-d62b-487e-8a15-af0ab350852d\",\"更新年度\":2022,\"前年同一\":true},[{\"筆ポリゴンID\":\"d9664065-8cd6-4a30-b672-9994755820dd\",\"更新年度\":2021,\"前年同一\":true},{\"筆ポリゴンID\":\"d9664065-8cd6-4a30-b672-9994755820dd\",\"発生年度\":2020}]]]","last_polygon_uuid":"1b80d8b9-d401-4a04-98fe-82c0613120f1","prev_last_polygon_uuid":"4bdaf6a4-d62b-487e-8a15-af0ab350852d","local_government_cd":"016616","point_lng":144.505532223,"point_lat":43.050732087}},{"arcs":[[263]],"type":"Polygon","properties":{"polygon_uuid":"3931e3eb-73df-4574-a36d-d1205798c4f2","land_type":200,"issue_year":2024,"edit_year":2020,"history":"[{\"筆ポリゴンID\":\"1b062f25-25f4-4c33-a1f6-096630408aa1\",\"更新年度\":2023,\"前年同一\":true},[{\"筆ポリゴンID\":\"22770144-9cf5-46b1-8f00-d31e53ff2bed\",\"更新年度\":2022,\"前年同一\":true},[{\"筆ポリゴンID\":\"7baf09ee-ce46-4ae5-a1f5-290b310d1d4b\",\"更新年度\":2021,\"前年同一\":true},{\"筆ポリゴンID\":\"7baf09ee-ce46-4ae5-a1f5-290b310d1d4b\",\"発生年度\":2020}]]]","last_polygon_uuid":"1b062f25-25f4-4c33-a1f6-096630408aa1","prev_last_polygon_uuid":"22770144-9cf5-46b1-8f00-d31e53ff2bed","local_government_cd":"016616","point_lng":144.47017334,"point_lat":43.020048229}},{"arcs":[[264]],"type":"Polygon","properties":{"polygon_uuid":"83ae6c23-3388-4d13-807d-533d6c5b10ec","land_type":200,"issue_year":2024,"edit_year":2020,"history":"[{\"筆ポリゴンID\":\"42b45198-0d9c-4fdc-b090-e1c6682f7c7e\",\"更新年度\":2023,\"前年同一\":true},[{\"筆ポリゴンID\":\"1bcb7db8-98fd-43bc-9ab0-ddcff1f9e97e\",\"更新年度\":2022,\"前年同一\":true},[{\"筆ポリゴンID\":\"0c284a02-24fd-4b57-95e7-c32f663f1535\",\"更新年度\":2021,\"前年同一\":true},{\"筆ポリゴンID\":\"0c284a02-24fd-4b57-95e7-c32f663f1535\",\"発生年度\":2020}]]]","last_polygon_uuid":"42b45198-0d9c-4fdc-b090-e1c6682f7c7e","prev_last_polygon_uuid":"1bcb7db8-98fd-43bc-9ab0-ddcff1f9e97e","local_government_cd":"016616","point_lng":144.692902828,"point_lat":42.975319533}},{"arcs":[[265]],"type":"Polygon","properties":{"polygon_uuid":"7cf6a53d-90ae-4257-9d46-ffe523ab3b97","land_type":200,"issue_year":2024,"edit_year":2020,"history":"[{\"筆ポリゴンID\":\"a1e596c2-8312-453a-99e7-09f138f0f954\",\"更新年度\":2023,\"前年同一\":true},[{\"筆ポリゴンID\":\"8ae6dad2-0328-4e19-af6c-7a580ff02ba0\",\"更新年度\":2022,\"前年同一\":true},[{\"筆ポリゴンID\":\"4153ec7c-8de4-4147-8301-c9910b07a692\",\"更新年度\":2021,\"前年同一\":true},{\"筆ポリゴンID\":\"4153ec7c-8de4-4147-8301-c9910b07a692\",\"発生年度\":2020}]]]","last_polygon_uuid":"a1e596c2-8312-453a-99e7-09f138f0f954","prev_last_polygon_uuid":"8ae6dad2-0328-4e19-af6c-7a580ff02ba0","local_government_cd":"016616","point_lng":144.515087804,"point_lat":43.093143433}},{"arcs":[[266]],"type":"Polygon","properties":{"polygon_uuid":"ea0d208b-c366-4687-8ffc-8b2cc272b36a","land_type":200,"issue_year":2024,"edit_year":2020,"history":"[{\"筆ポリゴンID\":\"15ce6d56-068c-4aaa-911e-bcdfb0272c73\",\"更新年度\":2023,\"前年同一\":true},[{\"筆ポリゴンID\":\"075ce3f4-58dd-4e4e-87c5-3231ac4bb1c1\",\"更新年度\":2022,\"前年同一\":true},[{\"筆ポリゴンID\":\"9a90cf8c-715a-4e3d-91d8-3dd684154f03\",\"更新年度\":2021,\"前年同一\":true},{\"筆ポリゴンID\":\"9a90cf8c-715a-4e3d-91d8-3dd684154f03\",\"発生年度\":2020}]]]","last_polygon_uuid":"15ce6d56-068c-4aaa-911e-bcdfb0272c73","prev_last_polygon_uuid":"075ce3f4-58dd-4e4e-87c5-3231ac4bb1c1","local_government_cd":"016616","point_lng":144.508500801,"point_lat":43.07693802}},{"arcs":[[267]],"type":"Polygon","properties":{"polygon_uuid":"04bacb03-d524-42b3-9922-23c54061a070","land_type":200,"issue_year":2024,"edit_year":2020,"history":"[{\"筆ポリゴンID\":\"70be9b99-0bd2-4345-bc06-66017950e25b\",\"更新年度\":2023,\"前年同一\":true},[{\"筆ポリゴンID\":\"0014049e-f0c1-46c1-8bc6-1d703c8da2b7\",\"更新年度\":2022,\"前年同一\":true},[{\"筆ポリゴンID\":\"cb68af6e-7a47-454f-885f-5ea93af61d62\",\"更新年度\":2021,\"前年同一\":true},{\"筆ポリゴンID\":\"cb68af6e-7a47-454f-885f-5ea93af61d62\",\"発生年度\":2020}]]]","last_polygon_uuid":"70be9b99-0bd2-4345-bc06-66017950e25b","prev_last_polygon_uuid":"0014049e-f0c1-46c1-8bc6-1d703c8da2b7","local_government_cd":"016616","point_lng":144.459387707,"point_lat":43.017461683}},{"arcs":[[268]],"type":"Polygon","properties":{"polygon_uuid":"2645d498-5e07-442a-a668-3eaf13f54d47","land_type":200,"issue_year":2024,"edit_year":2020,"history":"[{\"筆ポリゴンID\":\"87378a13-bb4b-47c4-949b-4a071e9f1342\",\"更新年度\":2023,\"前年同一\":true},[{\"筆ポリゴンID\":\"d6f9f4e3-78f1-4b88-accf-2e3b9922d04c\",\"更新年度\":2022,\"前年同一\":true},[{\"筆ポリゴンID\":\"c9eebd3d-2ed8-41e0-a2e0-5c92614f4d8d\",\"更新年度\":2021,\"前年同一\":true},{\"筆ポリゴンID\":\"c9eebd3d-2ed8-41e0-a2e0-5c92614f4d8d\",\"発生年度\":2020}]]]","last_polygon_uuid":"87378a13-bb4b-47c4-949b-4a071e9f1342","prev_last_polygon_uuid":"d6f9f4e3-78f1-4b88-accf-2e3b9922d04c","local_government_cd":"016616","point_lng":144.466977027,"point_lat":43.007617029}},{"arcs":[[269]],"type":"Polygon","properties":{"polygon_uuid":"4b72c9cc-c79c-440a-9ae8-809fcff22a9a","land_type":200,"issue_year":2024,"edit_year":2020,"history":"[{\"筆ポリゴンID\":\"0c68e2b0-1180-430d-bb2d-bcfb243a5738\",\"更新年度\":2023,\"前年同一\":true},[{\"筆ポリゴンID\":\"6af95d1c-03ee-45d4-bac8-ab0a5473047d\",\"更新年度\":2022,\"前年同一\":true},[{\"筆ポリゴンID\":\"225c6330-15d2-4d27-a21e-42577f2e36ee\",\"更新年度\":2021,\"前年同一\":true},{\"筆ポリゴンID\":\"225c6330-15d2-4d27-a21e-42577f2e36ee\",\"発生年度\":2020}]]]","last_polygon_uuid":"0c68e2b0-1180-430d-bb2d-bcfb243a5738","prev_last_polygon_uuid":"6af95d1c-03ee-45d4-bac8-ab0a5473047d","local_government_cd":"016616","point_lng":144.497310952,"point_lat":43.04846484}},{"arcs":[[270]],"type":"Polygon","properties":{"polygon_uuid":"f1a04d5a-822f-452c-82b7-a962c25dda6e","land_type":200,"issue_year":2024,"edit_year":2020,"history":"[{\"筆ポリゴンID\":\"f136c23c-0ea9-47c8-8d19-97870879c59c\",\"更新年度\":2023,\"前年同一\":true},[{\"筆ポリゴンID\":\"fc563c36-4dc0-4113-b102-70bdceff9a38\",\"更新年度\":2022,\"前年同一\":true},[{\"筆ポリゴンID\":\"0f3b6975-b023-43dc-949d-3ea18f3ddc4e\",\"更新年度\":2021,\"前年同一\":true},{\"筆ポリゴンID\":\"0f3b6975-b023-43dc-949d-3ea18f3ddc4e\",\"発生年度\":2020}]]]","last_polygon_uuid":"f136c23c-0ea9-47c8-8d19-97870879c59c","prev_last_polygon_uuid":"fc563c36-4dc0-4113-b102-70bdceff9a38","local_government_cd":"016616","point_lng":144.457830942,"point_lat":43.00382021}},{"arcs":[[271]],"type":"Polygon","properties":{"polygon_uuid":"21bc3e7e-57aa-4834-9dbd-12548ec8c47d","land_type":200,"issue_year":2024,"edit_year":2020,"history":"[{\"筆ポリゴンID\":\"5276420d-3a9a-4a3b-ba1c-64db60e3fe4e\",\"更新年度\":2023,\"前年同一\":true},[{\"筆ポリゴンID\":\"1dec0e15-782d-4439-bb1e-41fd2e93377f\",\"更新年度\":2022,\"前年同一\":true},[{\"筆ポリゴンID\":\"b453fa5f-5286-4552-8252-921aea4c1a33\",\"更新年度\":2021,\"前年同一\":true},{\"筆ポリゴンID\":\"b453fa5f-5286-4552-8252-921aea4c1a33\",\"発生年度\":2020}]]]","last_polygon_uuid":"5276420d-3a9a-4a3b-ba1c-64db60e3fe4e","prev_last_polygon_uuid":"1dec0e15-782d-4439-bb1e-41fd2e93377f","local_government_cd":"016616","point_lng":144.555021091,"point_lat":43.051887568}},{"arcs":[[272]],"type":"Polygon","properties":{"polygon_uuid":"2f4e51fb-2a4d-4abb-9066-3f12c1f7c395","land_type":200,"issue_year":2024,"edit_year":2020,"history":"[{\"筆ポリゴンID\":\"5e9d3250-495d-477c-a389-11940b7fa58a\",\"更新年度\":2023,\"前年同一\":true},[{\"筆ポリゴンID\":\"9e468b10-8631-4aaa-b5ea-ae0aabc39035\",\"更新年度\":2022,\"前年同一\":true},[{\"筆ポリゴンID\":\"d13573bb-4dfa-4278-9aa5-49384917d33d\",\"更新年度\":2021,\"前年同一\":true},{\"筆ポリゴンID\":\"d13573bb-4dfa-4278-9aa5-49384917d33d\",\"発生年度\":2020}]]]","last_polygon_uuid":"5e9d3250-495d-477c-a389-11940b7fa58a","prev_last_polygon_uuid":"9e468b10-8631-4aaa-b5ea-ae0aabc39035","local_government_cd":"016616","point_lng":144.503395918,"point_lat":43.04534884}},{"arcs":[[273]],"type":"Polygon","properties":{"polygon_uuid":"93607e9c-86ce-4bbb-aefb-6e015a84fa94","land_type":200,"issue_year":2024,"edit_year":2020,"history":"[{\"筆ポリゴンID\":\"40db3c9b-892d-4204-920d-225686cca800\",\"更新年度\":2023,\"前年同一\":true},[{\"筆ポリゴンID\":\"dc3eeb0c-b3ac-4d81-9e59-8c4d02692389\",\"更新年度\":2022,\"前年同一\":true},[{\"筆ポリゴンID\":\"bd184c12-dc5e-4d52-9537-6f25817d8369\",\"更新年度\":2021,\"前年同一\":true},{\"筆ポリゴンID\":\"bd184c12-dc5e-4d52-9537-6f25817d8369\",\"発生年度\":2020}]]]","last_polygon_uuid":"40db3c9b-892d-4204-920d-225686cca800","prev_last_polygon_uuid":"dc3eeb0c-b3ac-4d81-9e59-8c4d02692389","local_government_cd":"016616","point_lng":144.53199259,"point_lat":43.052845519}},{"arcs":[[274]],"type":"Polygon","properties":{"polygon_uuid":"01694d4c-c9d4-452e-b11f-6f1778b37f35","land_type":200,"issue_year":2024,"edit_year":2020,"history":"[{\"筆ポリゴンID\":\"c6b25420-945d-438d-a081-0ff032279304\",\"更新年度\":2023,\"前年同一\":true},[{\"筆ポリゴンID\":\"00842137-6fe7-44fe-9a68-5a64bcacbe38\",\"更新年度\":2022,\"前年同一\":true},[{\"筆ポリゴンID\":\"c3284059-a436-45aa-bf29-0c64fc4d6e5b\",\"更新年度\":2021,\"前年同一\":true},{\"筆ポリゴンID\":\"c3284059-a436-45aa-bf29-0c64fc4d6e5b\",\"発生年度\":2020}]]]","last_polygon_uuid":"c6b25420-945d-438d-a081-0ff032279304","prev_last_polygon_uuid":"00842137-6fe7-44fe-9a68-5a64bcacbe38","local_government_cd":"016616","point_lng":144.494865809,"point_lat":43.092641924}},{"arcs":[[275]],"type":"Polygon","properties":{"polygon_uuid":"7a63ba32-97bd-499a-ae44-fe61e8de20d1","land_type":200,"issue_year":2024,"edit_year":2020,"history":"[{\"筆ポリゴンID\":\"8bd4ab18-56ef-4c5b-98b0-8cd013c98994\",\"更新年度\":2023,\"前年同一\":true},[{\"筆ポリゴンID\":\"22f0aca7-804f-42b4-8662-a0c628b1c1b2\",\"更新年度\":2022,\"前年同一\":true},[{\"筆ポリゴンID\":\"b88a0a1e-7087-4505-a7a2-8b8a74ffb5a2\",\"更新年度\":2021,\"前年同一\":true},{\"筆ポリゴンID\":\"b88a0a1e-7087-4505-a7a2-8b8a74ffb5a2\",\"発生年度\":2020}]]]","last_polygon_uuid":"8bd4ab18-56ef-4c5b-98b0-8cd013c98994","prev_last_polygon_uuid":"22f0aca7-804f-42b4-8662-a0c628b1c1b2","local_government_cd":"016616","point_lng":144.516294966,"point_lat":43.049240975}},{"arcs":[[276]],"type":"Polygon","properties":{"polygon_uuid":"e061e3db-3d9c-4f25-a92e-283d7361d0db","land_type":200,"issue_year":2024,"edit_year":2020,"history":"[{\"筆ポリゴンID\":\"24b92a4a-9762-4d7d-9652-3d7f79f9ba9d\",\"更新年度\":2023,\"前年同一\":true},[{\"筆ポリゴンID\":\"55ef31fa-31ad-4c03-8dc0-2aa58b69c70b\",\"更新年度\":2022,\"前年同一\":true},[{\"筆ポリゴンID\":\"e17aa8be-ad2c-4ce6-8c52-db2361a76cc0\",\"更新年度\":2021,\"前年同一\":true},{\"筆ポリゴンID\":\"e17aa8be-ad2c-4ce6-8c52-db2361a76cc0\",\"発生年度\":2020}]]]","last_polygon_uuid":"24b92a4a-9762-4d7d-9652-3d7f79f9ba9d","prev_last_polygon_uuid":"55ef31fa-31ad-4c03-8dc0-2aa58b69c70b","local_government_cd":"016616","point_lng":144.695742931,"point_lat":42.974098491}},{"arcs":[[277]],"type":"Polygon","properties":{"polygon_uuid":"1b389e8e-1e80-44b4-ae49-e0dc77de2697","land_type":200,"issue_year":2024,"edit_year":2020,"history":"[{\"筆ポリゴンID\":\"13ae1093-7f27-4eba-8dc2-8a24ace71a93\",\"更新年度\":2023,\"前年同一\":true},[{\"筆ポリゴンID\":\"c199b892-58cb-42f7-b6b1-3ad52e22c9fa\",\"更新年度\":2022,\"前年同一\":true},[{\"筆ポリゴンID\":\"b265ff35-acd7-4d2c-b88e-cac26e5233fa\",\"更新年度\":2021,\"前年同一\":true},{\"筆ポリゴンID\":\"b265ff35-acd7-4d2c-b88e-cac26e5233fa\",\"発生年度\":2020}]]]","last_polygon_uuid":"13ae1093-7f27-4eba-8dc2-8a24ace71a93","prev_last_polygon_uuid":"c199b892-58cb-42f7-b6b1-3ad52e22c9fa","local_government_cd":"016616","point_lng":144.501000038,"point_lat":43.061603484}},{"arcs":[[-40,278]],"type":"Polygon","properties":{"polygon_uuid":"1161d1e7-4385-45ed-96fb-179531d014e0","land_type":200,"issue_year":2024,"edit_year":2021,"history":"[{\"筆ポリゴンID\":\"8f1b8d16-379b-4665-a41f-e6881f3595a7\",\"更新年度\":2023,\"前年同一\":true},[{\"筆ポリゴンID\":\"f686c4d4-58a7-4962-8daa-21730d3a2575\",\"更新年度\":2022,\"前年同一\":true},{\"筆ポリゴンID\":\"f686c4d4-58a7-4962-8daa-21730d3a2575\",\"発生年度\":2021}]]","last_polygon_uuid":"8f1b8d16-379b-4665-a41f-e6881f3595a7","prev_last_polygon_uuid":"f686c4d4-58a7-4962-8daa-21730d3a2575","local_government_cd":"016616","point_lng":144.493581816,"point_lat":43.047970171}},{"arcs":[[279]],"type":"Polygon","properties":{"polygon_uuid":"e3b70716-3555-4acf-8b14-723c07225f53","land_type":200,"issue_year":2024,"edit_year":2020,"history":"[{\"筆ポリゴンID\":\"ec86c516-584d-4f6f-a141-1bfd717318bf\",\"更新年度\":2023,\"前年同一\":true},[{\"筆ポリゴンID\":\"158c6f85-b2e1-47a4-adf5-429fbc25825a\",\"更新年度\":2022,\"前年同一\":true},[{\"筆ポリゴンID\":\"f881a70f-ffcf-4c82-84d0-106a65f79791\",\"更新年度\":2021,\"前年同一\":true},{\"筆ポリゴンID\":\"f881a70f-ffcf-4c82-84d0-106a65f79791\",\"発生年度\":2020}]]]","last_polygon_uuid":"ec86c516-584d-4f6f-a141-1bfd717318bf","prev_last_polygon_uuid":"158c6f85-b2e1-47a4-adf5-429fbc25825a","local_government_cd":"016616","point_lng":144.460191031,"point_lat":43.017018139}},{"arcs":[[280]],"type":"Polygon","properties":{"polygon_uuid":"ab4a067e-5b95-429e-8cd1-da1758ad9218","land_type":200,"issue_year":2024,"edit_year":2020,"history":"[{\"筆ポリゴンID\":\"ab4b9d2e-8296-4ef3-bd9e-fce14ee43425\",\"更新年度\":2023,\"前年同一\":true},[{\"筆ポリゴンID\":\"6a73a41f-4f08-4255-9b5c-0a765ad9d468\",\"更新年度\":2022,\"前年同一\":true},[{\"筆ポリゴンID\":\"23a751db-abba-4ac1-8dbb-be4049ced7a1\",\"更新年度\":2021,\"前年同一\":true},{\"筆ポリゴンID\":\"23a751db-abba-4ac1-8dbb-be4049ced7a1\",\"発生年度\":2020}]]]","last_polygon_uuid":"ab4b9d2e-8296-4ef3-bd9e-fce14ee43425","prev_last_polygon_uuid":"6a73a41f-4f08-4255-9b5c-0a765ad9d468","local_government_cd":"016616","point_lng":144.460579786,"point_lat":43.000923297}},{"arcs":[[281]],"type":"Polygon","properties":{"polygon_uuid":"2efed3ba-7664-4024-b6ac-f864ec157df6","land_type":200,"issue_year":2024,"edit_year":2020,"history":"[{\"筆ポリゴンID\":\"b813bcaa-b451-4ac6-a3a5-2024cc17fdbb\",\"更新年度\":2023,\"前年同一\":true},[{\"筆ポリゴンID\":\"d8c1782d-369a-466d-b9b0-1008f2838366\",\"更新年度\":2022,\"前年同一\":true},[{\"筆ポリゴンID\":\"0d0a41e4-c3c4-41c8-85c0-013abb882d78\",\"更新年度\":2021,\"前年同一\":true},{\"筆ポリゴンID\":\"0d0a41e4-c3c4-41c8-85c0-013abb882d78\",\"発生年度\":2020}]]]","last_polygon_uuid":"b813bcaa-b451-4ac6-a3a5-2024cc17fdbb","prev_last_polygon_uuid":"d8c1782d-369a-466d-b9b0-1008f2838366","local_government_cd":"016616","point_lng":144.721262491,"point_lat":42.983802367}},{"arcs":[[282]],"type":"Polygon","properties":{"polygon_uuid":"991f2d7e-05e0-49f5-a30b-f17c6bd50e4d","land_type":200,"issue_year":2024,"edit_year":2020,"history":"[{\"筆ポリゴンID\":\"8671d816-9dee-4e4d-944d-38eaeb12306c\",\"更新年度\":2023,\"前年同一\":true},[{\"筆ポリゴンID\":\"17a133e0-2346-4fad-ad8a-f443872f1dcc\",\"更新年度\":2022,\"前年同一\":true},[{\"筆ポリゴンID\":\"98414556-0d9b-4b9a-be0b-0b2900a8e5d3\",\"更新年度\":2021,\"前年同一\":true},{\"筆ポリゴンID\":\"98414556-0d9b-4b9a-be0b-0b2900a8e5d3\",\"発生年度\":2020}]]]","last_polygon_uuid":"8671d816-9dee-4e4d-944d-38eaeb12306c","prev_last_polygon_uuid":"17a133e0-2346-4fad-ad8a-f443872f1dcc","local_government_cd":"016616","point_lng":144.506197313,"point_lat":43.09401805}},{"arcs":[[283]],"type":"Polygon","properties":{"polygon_uuid":"a649a7ca-5ac6-41a2-885d-f36afc5b7a6c","land_type":200,"issue_year":2024,"edit_year":2020,"history":"[{\"筆ポリゴンID\":\"e08c87d9-fe30-4c0b-b170-8749996befe3\",\"更新年度\":2023,\"前年同一\":true},[{\"筆ポリゴンID\":\"0ec6aed8-442a-4a60-9150-5f0b07c50ba5\",\"更新年度\":2022,\"前年同一\":true},[{\"筆ポリゴンID\":\"955205c5-ac70-4164-8bd8-ff1fec4ead4e\",\"更新年度\":2021,\"前年同一\":true},{\"筆ポリゴンID\":\"955205c5-ac70-4164-8bd8-ff1fec4ead4e\",\"発生年度\":2020}]]]","last_polygon_uuid":"e08c87d9-fe30-4c0b-b170-8749996befe3","prev_last_polygon_uuid":"0ec6aed8-442a-4a60-9150-5f0b07c50ba5","local_government_cd":"016616","point_lng":144.497524605,"point_lat":43.051124386}},{"arcs":[[284]],"type":"Polygon","properties":{"polygon_uuid":"03a20468-bc6b-47ea-9f55-241cd90619d2","land_type":200,"issue_year":2024,"edit_year":2020,"history":"[{\"筆ポリゴンID\":\"58567705-f416-4d7e-b0b9-fc907c412847\",\"更新年度\":2023,\"前年同一\":true},[{\"筆ポリゴンID\":\"2889f34b-4b90-4bb2-b826-c30626475305\",\"更新年度\":2022,\"前年同一\":true},[{\"筆ポリゴンID\":\"670bf565-a3f1-4efe-8da6-776f2ae802e9\",\"更新年度\":2021,\"前年同一\":true},{\"筆ポリゴンID\":\"670bf565-a3f1-4efe-8da6-776f2ae802e9\",\"発生年度\":2020}]]]","last_polygon_uuid":"58567705-f416-4d7e-b0b9-fc907c412847","prev_last_polygon_uuid":"2889f34b-4b90-4bb2-b826-c30626475305","local_government_cd":"016616","point_lng":144.461872719,"point_lat":43.016949243}},{"arcs":[[285]],"type":"Polygon","properties":{"polygon_uuid":"f342e2ec-6e68-4dca-a12f-ee38de4691fb","land_type":200,"issue_year":2024,"edit_year":2020,"history":"[{\"筆ポリゴンID\":\"041f51d9-67a7-4899-a557-c81149bf62ca\",\"更新年度\":2023,\"前年同一\":true},[{\"筆ポリゴンID\":\"802f82e9-aa04-4eb6-ada8-8b2a984aa2bf\",\"更新年度\":2022,\"前年同一\":true},[{\"筆ポリゴンID\":\"7ed3c438-5615-487a-b0ab-5b48885d3385\",\"更新年度\":2021,\"前年同一\":true},{\"筆ポリゴンID\":\"7ed3c438-5615-487a-b0ab-5b48885d3385\",\"発生年度\":2020}]]]","last_polygon_uuid":"041f51d9-67a7-4899-a557-c81149bf62ca","prev_last_polygon_uuid":"802f82e9-aa04-4eb6-ada8-8b2a984aa2bf","local_government_cd":"016616","point_lng":144.499894645,"point_lat":43.048764235}},{"arcs":[[286]],"type":"Polygon","properties":{"polygon_uuid":"cb6c5f12-2b8c-42d0-8fbe-42487139d90e","land_type":200,"issue_year":2024,"edit_year":2020,"history":"[{\"筆ポリゴンID\":\"c25525c9-3fa8-4d7f-a9d4-71100f355416\",\"更新年度\":2023,\"前年同一\":true},[{\"筆ポリゴンID\":\"c4f51d8f-1928-4a59-8a7a-f4324ea0ab0b\",\"更新年度\":2022,\"前年同一\":true},[{\"筆ポリゴンID\":\"c639c655-1916-43d9-859e-8001407d0e4e\",\"更新年度\":2021,\"前年同一\":true},{\"筆ポリゴンID\":\"c639c655-1916-43d9-859e-8001407d0e4e\",\"発生年度\":2020}]]]","last_polygon_uuid":"c25525c9-3fa8-4d7f-a9d4-71100f355416","prev_last_polygon_uuid":"c4f51d8f-1928-4a59-8a7a-f4324ea0ab0b","local_government_cd":"016616","point_lng":144.67792187,"point_lat":42.975552321}},{"arcs":[[287]],"type":"Polygon","properties":{"polygon_uuid":"61db4855-3110-4b5f-bcdb-c6d9176f4202","land_type":200,"issue_year":2024,"edit_year":2020,"history":"[{\"筆ポリゴンID\":\"418b93f6-b7d6-4908-84c1-0d193b87c012\",\"更新年度\":2023,\"前年同一\":true},[{\"筆ポリゴンID\":\"22fadcac-92f8-4fdf-a2b5-e45a211a7700\",\"更新年度\":2022,\"前年同一\":true},[{\"筆ポリゴンID\":\"57053b6f-bf70-43db-bf62-8f76e63cb782\",\"更新年度\":2021,\"前年同一\":true},{\"筆ポリゴンID\":\"57053b6f-bf70-43db-bf62-8f76e63cb782\",\"発生年度\":2020}]]]","last_polygon_uuid":"418b93f6-b7d6-4908-84c1-0d193b87c012","prev_last_polygon_uuid":"22fadcac-92f8-4fdf-a2b5-e45a211a7700","local_government_cd":"016616","point_lng":144.516788653,"point_lat":43.039259167}},{"arcs":[[288]],"type":"Polygon","properties":{"polygon_uuid":"f4d3eaf5-d9eb-427c-923a-5bab0be94232","land_type":200,"issue_year":2024,"edit_year":2020,"history":"[{\"筆ポリゴンID\":\"4639c189-472a-4682-b599-fcde62f7e12d\",\"更新年度\":2023,\"前年同一\":true},[{\"筆ポリゴンID\":\"d0ac0c7d-48f6-42d8-8602-63b46641e24a\",\"更新年度\":2022,\"前年同一\":true},[{\"筆ポリゴンID\":\"beb44e13-3024-42da-83b0-4a0d4f756c6f\",\"更新年度\":2021,\"前年同一\":true},{\"筆ポリゴンID\":\"beb44e13-3024-42da-83b0-4a0d4f756c6f\",\"発生年度\":2020}]]]","last_polygon_uuid":"4639c189-472a-4682-b599-fcde62f7e12d","prev_last_polygon_uuid":"d0ac0c7d-48f6-42d8-8602-63b46641e24a","local_government_cd":"016616","point_lng":144.481380508,"point_lat":43.08458422}},{"arcs":[[289]],"type":"Polygon","properties":{"polygon_uuid":"c4cc2362-42a4-43c5-b8d8-50e2866913e9","land_type":200,"issue_year":2024,"edit_year":2020,"history":"[{\"筆ポリゴンID\":\"4de8298a-28b4-4ad1-8795-bee7cae68716\",\"更新年度\":2023,\"前年同一\":true},[{\"筆ポリゴンID\":\"29e96a80-7b28-46f0-b093-346d4f4c159b\",\"更新年度\":2022,\"前年同一\":true},[{\"筆ポリゴンID\":\"6dbb0f99-aee8-4134-8d29-a1a8a4f3d074\",\"更新年度\":2021,\"前年同一\":true},{\"筆ポリゴンID\":\"6dbb0f99-aee8-4134-8d29-a1a8a4f3d074\",\"発生年度\":2020}]]]","last_polygon_uuid":"4de8298a-28b4-4ad1-8795-bee7cae68716","prev_last_polygon_uuid":"29e96a80-7b28-46f0-b093-346d4f4c159b","local_government_cd":"016616","point_lng":144.434614577,"point_lat":43.064513748}},{"arcs":[[290]],"type":"Polygon","properties":{"polygon_uuid":"a9228099-4a91-4e2f-be1a-2b861e06a886","land_type":200,"issue_year":2024,"edit_year":2020,"history":"[{\"筆ポリゴンID\":\"56c2dba4-facf-40b7-a29a-70a73f8470c7\",\"更新年度\":2023,\"前年同一\":true},[{\"筆ポリゴンID\":\"2d3f6157-e1be-457d-abc3-1af299caa576\",\"更新年度\":2022,\"前年同一\":true},[{\"筆ポリゴンID\":\"0ad06584-9668-45fb-8477-ac4a9dcea009\",\"更新年度\":2021,\"前年同一\":true},{\"筆ポリゴンID\":\"0ad06584-9668-45fb-8477-ac4a9dcea009\",\"発生年度\":2020}]]]","last_polygon_uuid":"56c2dba4-facf-40b7-a29a-70a73f8470c7","prev_last_polygon_uuid":"2d3f6157-e1be-457d-abc3-1af299caa576","local_government_cd":"016616","point_lng":144.470848019,"point_lat":43.021411449}},{"arcs":[[291]],"type":"Polygon","properties":{"polygon_uuid":"292e7ab3-1cef-419c-815d-7b03292d3c74","land_type":200,"issue_year":2024,"edit_year":2020,"history":"[{\"筆ポリゴンID\":\"0523decb-0016-42ef-85e2-95101d81412e\",\"更新年度\":2023,\"前年同一\":true},[{\"筆ポリゴンID\":\"e6ba461c-2fa1-45af-a4ec-0935e06cd666\",\"更新年度\":2022,\"前年同一\":true},[{\"筆ポリゴンID\":\"5f3d24ee-0c96-40da-b10e-f05790319340\",\"更新年度\":2021,\"前年同一\":true},{\"筆ポリゴンID\":\"5f3d24ee-0c96-40da-b10e-f05790319340\",\"発生年度\":2020}]]]","last_polygon_uuid":"0523decb-0016-42ef-85e2-95101d81412e","prev_last_polygon_uuid":"e6ba461c-2fa1-45af-a4ec-0935e06cd666","local_government_cd":"016616","point_lng":144.508445774,"point_lat":43.089911598}},{"arcs":[[292]],"type":"Polygon","properties":{"polygon_uuid":"bc8aebdb-a8b7-4659-8c43-7807d28f6e52","land_type":200,"issue_year":2024,"edit_year":2020,"history":"[{\"筆ポリゴンID\":\"aeb8253b-7fb4-4537-8b8e-406e6c277992\",\"更新年度\":2023,\"前年同一\":true},[{\"筆ポリゴンID\":\"6b2c9288-cb57-4364-a262-96246fe52a1a\",\"更新年度\":2022,\"前年同一\":true},[{\"筆ポリゴンID\":\"04f598c4-2008-474f-8247-e416f6584b6f\",\"更新年度\":2021,\"前年同一\":true},{\"筆ポリゴンID\":\"04f598c4-2008-474f-8247-e416f6584b6f\",\"発生年度\":2020}]]]","last_polygon_uuid":"aeb8253b-7fb4-4537-8b8e-406e6c277992","prev_last_polygon_uuid":"6b2c9288-cb57-4364-a262-96246fe52a1a","local_government_cd":"016616","point_lng":144.446621266,"point_lat":43.014315817}},{"arcs":[[293]],"type":"Polygon","properties":{"polygon_uuid":"9c137510-3fd3-4bf0-a810-b6eec31ad758","land_type":200,"issue_year":2024,"edit_year":2020,"history":"[{\"筆ポリゴンID\":\"5232627e-9222-41ce-9e2c-d50bd26c1cda\",\"更新年度\":2023,\"前年同一\":true},[{\"筆ポリゴンID\":\"e9c94db5-a32b-4da0-bdf1-13888b31671a\",\"更新年度\":2022,\"前年同一\":true},[{\"筆ポリゴンID\":\"a8e92209-f74a-4306-b15e-7ce79153619d\",\"更新年度\":2021,\"前年同一\":true},{\"筆ポリゴンID\":\"a8e92209-f74a-4306-b15e-7ce79153619d\",\"発生年度\":2020}]]]","last_polygon_uuid":"5232627e-9222-41ce-9e2c-d50bd26c1cda","prev_last_polygon_uuid":"e9c94db5-a32b-4da0-bdf1-13888b31671a","local_government_cd":"016616","point_lng":144.542959587,"point_lat":43.060813492}},{"arcs":[[294]],"type":"Polygon","properties":{"polygon_uuid":"d046c99e-b055-4193-b1a7-26f3373362f9","land_type":200,"issue_year":2024,"edit_year":2020,"history":"[{\"筆ポリゴンID\":\"dcd51772-bc68-4e42-bd85-744a830507d0\",\"更新年度\":2023,\"前年同一\":true},[{\"筆ポリゴンID\":\"f2e96bb0-966d-4f0a-b00b-f2c892cdded5\",\"更新年度\":2022,\"前年同一\":true},[{\"筆ポリゴンID\":\"633b145d-a541-4411-9daa-81fb53d2d338\",\"更新年度\":2021,\"前年同一\":true},{\"筆ポリゴンID\":\"633b145d-a541-4411-9daa-81fb53d2d338\",\"発生年度\":2020}]]]","last_polygon_uuid":"dcd51772-bc68-4e42-bd85-744a830507d0","prev_last_polygon_uuid":"f2e96bb0-966d-4f0a-b00b-f2c892cdded5","local_government_cd":"016616","point_lng":144.421526394,"point_lat":43.063749422}},{"arcs":[[295]],"type":"Polygon","properties":{"polygon_uuid":"9edff558-16a6-48b5-874b-42229d4a9999","land_type":200,"issue_year":2024,"edit_year":2020,"history":"[{\"筆ポリゴンID\":\"15ec6c9e-215f-433d-acfa-f90082303ee8\",\"更新年度\":2023,\"前年同一\":true},[{\"筆ポリゴンID\":\"01cda695-c361-4fd0-9818-6453fcb641b1\",\"更新年度\":2022,\"前年同一\":true},[{\"筆ポリゴンID\":\"68fbe83f-972e-495e-9fa6-0793b0a365b0\",\"更新年度\":2021,\"前年同一\":true},{\"筆ポリゴンID\":\"68fbe83f-972e-495e-9fa6-0793b0a365b0\",\"発生年度\":2020}]]]","last_polygon_uuid":"15ec6c9e-215f-433d-acfa-f90082303ee8","prev_last_polygon_uuid":"01cda695-c361-4fd0-9818-6453fcb641b1","local_government_cd":"016616","point_lng":144.495578904,"point_lat":43.089899457}},{"arcs":[[296]],"type":"Polygon","properties":{"polygon_uuid":"70e0ed54-dd24-45c5-b301-64dfe14f0ee2","land_type":200,"issue_year":2024,"edit_year":2020,"history":"[{\"筆ポリゴンID\":\"e7c7adad-1198-430a-b482-f015a05fdd9f\",\"更新年度\":2023,\"前年同一\":true},[{\"筆ポリゴンID\":\"452341e9-ec01-48bb-bd85-1576e62bff6b\",\"更新年度\":2022,\"前年同一\":true},[{\"筆ポリゴンID\":\"1f2d34cb-1592-47da-a82a-e2741a094eda\",\"更新年度\":2021,\"前年同一\":true},{\"筆ポリゴンID\":\"1f2d34cb-1592-47da-a82a-e2741a094eda\",\"発生年度\":2020}]]]","last_polygon_uuid":"e7c7adad-1198-430a-b482-f015a05fdd9f","prev_last_polygon_uuid":"452341e9-ec01-48bb-bd85-1576e62bff6b","local_government_cd":"016616","point_lng":144.55170163,"point_lat":43.057460338}},{"arcs":[[297]],"type":"Polygon","properties":{"polygon_uuid":"ff214a91-8794-4a58-a7eb-4f51e1ebe8b2","land_type":200,"issue_year":2024,"edit_year":2020,"history":"[{\"筆ポリゴンID\":\"23d3d860-a640-4037-8b8d-e867a92cc329\",\"更新年度\":2023,\"前年同一\":true},[{\"筆ポリゴンID\":\"379a45ce-37ff-412f-a979-fc2245a73707\",\"更新年度\":2022,\"前年同一\":true},[{\"筆ポリゴンID\":\"73ce39b7-849e-42eb-8e60-c584fa421751\",\"更新年度\":2021,\"前年同一\":true},{\"筆ポリゴンID\":\"73ce39b7-849e-42eb-8e60-c584fa421751\",\"発生年度\":2020}]]]","last_polygon_uuid":"23d3d860-a640-4037-8b8d-e867a92cc329","prev_last_polygon_uuid":"379a45ce-37ff-412f-a979-fc2245a73707","local_government_cd":"016616","point_lng":144.513300333,"point_lat":43.087539536}},{"arcs":[[298]],"type":"Polygon","properties":{"polygon_uuid":"200a6819-b699-42f6-9b19-dd22c35e8adb","land_type":200,"issue_year":2024,"edit_year":2020,"history":"[{\"筆ポリゴンID\":\"096c1109-1dc8-487e-9477-bde83768b08d\",\"更新年度\":2023,\"前年同一\":true},[{\"筆ポリゴンID\":\"8cc2e661-2dfd-4d69-a18c-feff72750690\",\"更新年度\":2022,\"前年同一\":true},[{\"筆ポリゴンID\":\"cf114113-b0e3-4bb6-b498-118cd6138088\",\"更新年度\":2021,\"前年同一\":true},{\"筆ポリゴンID\":\"cf114113-b0e3-4bb6-b498-118cd6138088\",\"発生年度\":2020}]]]","last_polygon_uuid":"096c1109-1dc8-487e-9477-bde83768b08d","prev_last_polygon_uuid":"8cc2e661-2dfd-4d69-a18c-feff72750690","local_government_cd":"016616","point_lng":144.68268709,"point_lat":42.965942774}},{"arcs":[[299]],"type":"Polygon","properties":{"polygon_uuid":"e891c147-e72c-4cbe-a69a-7d279a76c099","land_type":200,"issue_year":2024,"edit_year":2020,"history":"[{\"筆ポリゴンID\":\"f91993b6-813d-4612-b069-f4a30af1ed95\",\"更新年度\":2023,\"前年同一\":true},[{\"筆ポリゴンID\":\"6adbb795-0e96-4694-b7ca-3d3025b68ed3\",\"更新年度\":2022,\"前年同一\":true},[{\"筆ポリゴンID\":\"0afd150e-103b-4d3f-970a-c87fa827d5ee\",\"更新年度\":2021,\"前年同一\":true},{\"筆ポリゴンID\":\"0afd150e-103b-4d3f-970a-c87fa827d5ee\",\"発生年度\":2020}]]]","last_polygon_uuid":"f91993b6-813d-4612-b069-f4a30af1ed95","prev_last_polygon_uuid":"6adbb795-0e96-4694-b7ca-3d3025b68ed3","local_government_cd":"016616","point_lng":144.498227967,"point_lat":43.054729208}},{"arcs":[[300]],"type":"Polygon","properties":{"polygon_uuid":"be6c316d-6ae3-46b4-80ea-22b765e3a0a7","land_type":200,"issue_year":2024,"edit_year":2020,"history":"[{\"筆ポリゴンID\":\"2bd09339-66ac-4549-aa0a-cafc6fb2e042\",\"更新年度\":2023,\"前年同一\":true},[{\"筆ポリゴンID\":\"936b9400-b4cf-4fdf-a580-e50843cf3f47\",\"更新年度\":2022,\"前年同一\":true},[{\"筆ポリゴンID\":\"84fce2fb-bfd3-4d5b-8c38-00671adbb914\",\"更新年度\":2021,\"前年同一\":true},{\"筆ポリゴンID\":\"84fce2fb-bfd3-4d5b-8c38-00671adbb914\",\"発生年度\":2020}]]]","last_polygon_uuid":"2bd09339-66ac-4549-aa0a-cafc6fb2e042","prev_last_polygon_uuid":"936b9400-b4cf-4fdf-a580-e50843cf3f47","local_government_cd":"016616","point_lng":144.421189459,"point_lat":43.064850908}},{"arcs":[[301]],"type":"Polygon","properties":{"polygon_uuid":"b246a330-117b-4d3a-ad06-36bbbe3a93c1","land_type":200,"issue_year":2024,"edit_year":2020,"history":"[{\"筆ポリゴンID\":\"b71f574a-2922-41a2-bab8-6fcbf80cfecd\",\"更新年度\":2023,\"前年同一\":true},[{\"筆ポリゴンID\":\"4e4b1358-4ac8-49ff-8879-53dde01321f6\",\"更新年度\":2022,\"前年同一\":true},[{\"筆ポリゴンID\":\"2737f75a-0543-425b-a671-174576ef4b7a\",\"更新年度\":2021,\"前年同一\":true},{\"筆ポリゴンID\":\"2737f75a-0543-425b-a671-174576ef4b7a\",\"発生年度\":2020}]]]","last_polygon_uuid":"b71f574a-2922-41a2-bab8-6fcbf80cfecd","prev_last_polygon_uuid":"4e4b1358-4ac8-49ff-8879-53dde01321f6","local_government_cd":"016616","point_lng":144.448512746,"point_lat":43.013459666}},{"arcs":[[302]],"type":"Polygon","properties":{"polygon_uuid":"6c8d0932-6f50-4a32-a237-b0301ca9a3f5","land_type":200,"issue_year":2024,"edit_year":2020,"history":"[{\"筆ポリゴンID\":\"b8db7aba-ac5b-497c-a513-4ec9f39c9479\",\"更新年度\":2023,\"前年同一\":true},[{\"筆ポリゴンID\":\"9e175b62-6482-48ee-b4b6-65059fae8878\",\"更新年度\":2022,\"前年同一\":true},[{\"筆ポリゴンID\":\"3c3663f5-2f96-4c5a-85fe-6b5efbe13d8e\",\"更新年度\":2021,\"前年同一\":true},{\"筆ポリゴンID\":\"3c3663f5-2f96-4c5a-85fe-6b5efbe13d8e\",\"発生年度\":2020}]]]","last_polygon_uuid":"b8db7aba-ac5b-497c-a513-4ec9f39c9479","prev_last_polygon_uuid":"9e175b62-6482-48ee-b4b6-65059fae8878","local_government_cd":"016616","point_lng":144.683216828,"point_lat":42.978211375}},{"arcs":[[303]],"type":"Polygon","properties":{"polygon_uuid":"27caf466-4656-4d75-b9c3-73f16f6b4113","land_type":200,"issue_year":2024,"edit_year":2020,"history":"[{\"筆ポリゴンID\":\"75c7de28-af5c-442b-a6f5-8dc4c8118fe5\",\"更新年度\":2023,\"前年同一\":true},[{\"筆ポリゴンID\":\"309f73c8-4b4f-4825-a468-74cd5683310f\",\"更新年度\":2022,\"前年同一\":true},[{\"筆ポリゴンID\":\"854a617a-21a8-4f0a-80e2-76adeecd909f\",\"更新年度\":2021,\"前年同一\":true},{\"筆ポリゴンID\":\"854a617a-21a8-4f0a-80e2-76adeecd909f\",\"発生年度\":2020}]]]","last_polygon_uuid":"75c7de28-af5c-442b-a6f5-8dc4c8118fe5","prev_last_polygon_uuid":"309f73c8-4b4f-4825-a468-74cd5683310f","local_government_cd":"016616","point_lng":144.470759823,"point_lat":43.004120633}},{"arcs":[[304]],"type":"Polygon","properties":{"polygon_uuid":"62aaade0-b668-403f-9409-8371324929b9","land_type":200,"issue_year":2024,"edit_year":2020,"history":"[{\"筆ポリゴンID\":\"d06363f4-8b93-48e9-8ea1-2086403795d7\",\"更新年度\":2023,\"前年同一\":true},[{\"筆ポリゴンID\":\"450ed5a5-a501-477b-a2d8-c6c490b187d0\",\"更新年度\":2022,\"前年同一\":true},[{\"筆ポリゴンID\":\"0f85628d-f2e6-4642-8f30-fc6ef99e10c3\",\"更新年度\":2021,\"前年同一\":true},{\"筆ポリゴンID\":\"0f85628d-f2e6-4642-8f30-fc6ef99e10c3\",\"発生年度\":2020}]]]","last_polygon_uuid":"d06363f4-8b93-48e9-8ea1-2086403795d7","prev_last_polygon_uuid":"450ed5a5-a501-477b-a2d8-c6c490b187d0","local_government_cd":"016616","point_lng":144.673197899,"point_lat":42.97329464}},{"arcs":[[305]],"type":"Polygon","properties":{"polygon_uuid":"7fcdfb21-203a-4d95-8fa7-470896b4d2f1","land_type":200,"issue_year":2024,"edit_year":2020,"history":"[{\"筆ポリゴンID\":\"366f1d68-f1b3-4ef9-8cef-1fc4396b00b9\",\"更新年度\":2023,\"前年同一\":true},[{\"筆ポリゴンID\":\"cc26253e-9779-48ff-930f-c72447493790\",\"更新年度\":2022,\"前年同一\":true},[{\"筆ポリゴンID\":\"9dd807af-6d97-40ce-98f0-dacae2c83e59\",\"更新年度\":2021,\"前年同一\":true},{\"筆ポリゴンID\":\"9dd807af-6d97-40ce-98f0-dacae2c83e59\",\"発生年度\":2020}]]]","last_polygon_uuid":"366f1d68-f1b3-4ef9-8cef-1fc4396b00b9","prev_last_polygon_uuid":"cc26253e-9779-48ff-930f-c72447493790","local_government_cd":"016616","point_lng":144.446256564,"point_lat":43.018953688}},{"arcs":[[306]],"type":"Polygon","properties":{"polygon_uuid":"3e122f13-0743-4413-86a3-1821df517044","land_type":200,"issue_year":2024,"edit_year":2020,"history":"[{\"筆ポリゴンID\":\"e47a0a01-c267-4dbe-8682-1ac88f4acc20\",\"更新年度\":2023,\"前年同一\":true},[{\"筆ポリゴンID\":\"cd333f0b-0323-43ea-8048-39bfd2a4d4bb\",\"更新年度\":2022,\"前年同一\":true},[{\"筆ポリゴンID\":\"28409d56-7471-4248-981f-dfa2860b882e\",\"更新年度\":2021,\"前年同一\":true},{\"筆ポリゴンID\":\"28409d56-7471-4248-981f-dfa2860b882e\",\"発生年度\":2020}]]]","last_polygon_uuid":"e47a0a01-c267-4dbe-8682-1ac88f4acc20","prev_last_polygon_uuid":"cd333f0b-0323-43ea-8048-39bfd2a4d4bb","local_government_cd":"016616","point_lng":144.500453096,"point_lat":43.090237417}},{"arcs":[[307]],"type":"Polygon","properties":{"polygon_uuid":"db79992f-738d-4417-bd57-bb2fd7913917","land_type":200,"issue_year":2024,"edit_year":2020,"history":"[{\"筆ポリゴンID\":\"79fb1b01-e6db-4e09-9bba-1247b653af6b\",\"更新年度\":2023,\"前年同一\":true},[{\"筆ポリゴンID\":\"a9d0f0c7-12e5-46af-8912-20e2f950e306\",\"更新年度\":2022,\"前年同一\":true},[{\"筆ポリゴンID\":\"3a26118c-0413-4c12-8792-f38fadb80d13\",\"更新年度\":2021,\"前年同一\":true},{\"筆ポリゴンID\":\"3a26118c-0413-4c12-8792-f38fadb80d13\",\"発生年度\":2020}]]]","last_polygon_uuid":"79fb1b01-e6db-4e09-9bba-1247b653af6b","prev_last_polygon_uuid":"a9d0f0c7-12e5-46af-8912-20e2f950e306","local_government_cd":"016616","point_lng":144.546657847,"point_lat":43.052909351}},{"arcs":[[308]],"type":"Polygon","properties":{"polygon_uuid":"bb59e1d8-87d1-49a4-aeb4-a647b163d365","land_type":200,"issue_year":2024,"edit_year":2020,"history":"[{\"筆ポリゴンID\":\"bc63e1b6-16b3-49f0-b829-30e3c6fefae3\",\"更新年度\":2023,\"前年同一\":true},[{\"筆ポリゴンID\":\"3e18573e-4031-451c-ae83-5781a75bc0e0\",\"更新年度\":2022,\"前年同一\":true},[{\"筆ポリゴンID\":\"4b919839-fc36-4c70-a446-b787f17cc270\",\"更新年度\":2021,\"前年同一\":true},{\"筆ポリゴンID\":\"4b919839-fc36-4c70-a446-b787f17cc270\",\"発生年度\":2020}]]]","last_polygon_uuid":"bc63e1b6-16b3-49f0-b829-30e3c6fefae3","prev_last_polygon_uuid":"3e18573e-4031-451c-ae83-5781a75bc0e0","local_government_cd":"016616","point_lng":144.505392676,"point_lat":43.095346116}},{"arcs":[[309]],"type":"Polygon","properties":{"polygon_uuid":"9a0734ab-5950-4429-b9c0-7cdd1cbb7e6b","land_type":200,"issue_year":2024,"edit_year":2020,"history":"[{\"筆ポリゴンID\":\"335b5a8a-3213-49ea-bc7d-8faac98c1365\",\"更新年度\":2023,\"前年同一\":true},[{\"筆ポリゴンID\":\"d03ff860-bd68-434e-8cf5-be0999c97eb1\",\"更新年度\":2022,\"前年同一\":true},[{\"筆ポリゴンID\":\"2f557b1d-ee45-4cef-b231-924587a78d97\",\"更新年度\":2021,\"前年同一\":true},{\"筆ポリゴンID\":\"2f557b1d-ee45-4cef-b231-924587a78d97\",\"発生年度\":2020}]]]","last_polygon_uuid":"335b5a8a-3213-49ea-bc7d-8faac98c1365","prev_last_polygon_uuid":"d03ff860-bd68-434e-8cf5-be0999c97eb1","local_government_cd":"016616","point_lng":144.532798637,"point_lat":43.051609021}},{"arcs":[[310]],"type":"Polygon","properties":{"polygon_uuid":"8f9373d0-7202-455d-891c-3320846f470d","land_type":200,"issue_year":2024,"edit_year":2020,"history":"[{\"筆ポリゴンID\":\"f560450c-b1e5-4098-b85b-4c21c85b32e3\",\"更新年度\":2023,\"前年同一\":true},[{\"筆ポリゴンID\":\"accd6b48-b816-4018-b4fa-c059281b7922\",\"更新年度\":2022,\"前年同一\":true},[{\"筆ポリゴンID\":\"a0790889-93bc-4030-b7af-e054eaaf0a99\",\"更新年度\":2021,\"前年同一\":true},{\"筆ポリゴンID\":\"a0790889-93bc-4030-b7af-e054eaaf0a99\",\"発生年度\":2020}]]]","last_polygon_uuid":"f560450c-b1e5-4098-b85b-4c21c85b32e3","prev_last_polygon_uuid":"accd6b48-b816-4018-b4fa-c059281b7922","local_government_cd":"016616","point_lng":144.507366933,"point_lat":43.008955984}},{"arcs":[[311]],"type":"Polygon","properties":{"polygon_uuid":"e3dc2ea3-92a0-4d66-95fd-7a6ebd0f135f","land_type":200,"issue_year":2024,"edit_year":2020,"history":"[{\"筆ポリゴンID\":\"ae03231b-0eb6-4b15-bcab-bdfdfce96682\",\"更新年度\":2023,\"前年同一\":true},[{\"筆ポリゴンID\":\"c2cf85fb-86b2-47b0-ac44-70812c85f5e9\",\"更新年度\":2022,\"前年同一\":true},[{\"筆ポリゴンID\":\"d9e4ed37-a342-4850-b73e-d6f199f21deb\",\"更新年度\":2021,\"前年同一\":true},{\"筆ポリゴンID\":\"d9e4ed37-a342-4850-b73e-d6f199f21deb\",\"発生年度\":2020}]]]","last_polygon_uuid":"ae03231b-0eb6-4b15-bcab-bdfdfce96682","prev_last_polygon_uuid":"c2cf85fb-86b2-47b0-ac44-70812c85f5e9","local_government_cd":"016616","point_lng":144.671275932,"point_lat":42.965171224}},{"arcs":[[312]],"type":"Polygon","properties":{"polygon_uuid":"de478efb-11f6-46af-a223-e9fb5b43d18a","land_type":200,"issue_year":2024,"edit_year":2020,"history":"[{\"筆ポリゴンID\":\"c5c4e3ce-f282-40e4-91f4-5ce605ace796\",\"更新年度\":2023,\"前年同一\":true},[{\"筆ポリゴンID\":\"5dbcc80a-df0a-4ed2-bdd2-fd45ab489a99\",\"更新年度\":2022,\"前年同一\":true},[{\"筆ポリゴンID\":\"22745878-59a9-410e-98ac-3044e034a50e\",\"更新年度\":2021,\"前年同一\":true},{\"筆ポリゴンID\":\"22745878-59a9-410e-98ac-3044e034a50e\",\"発生年度\":2020}]]]","last_polygon_uuid":"c5c4e3ce-f282-40e4-91f4-5ce605ace796","prev_last_polygon_uuid":"5dbcc80a-df0a-4ed2-bdd2-fd45ab489a99","local_government_cd":"016616","point_lng":144.55471897,"point_lat":43.056697621}},{"arcs":[[313]],"type":"Polygon","properties":{"polygon_uuid":"f88c32e6-ed88-488b-98bf-82e7751142b1","land_type":200,"issue_year":2024,"edit_year":2020,"history":"[{\"筆ポリゴンID\":\"9e6e2151-4833-4b99-9f37-ff936529350e\",\"更新年度\":2023,\"前年同一\":true},[{\"筆ポリゴンID\":\"04fea959-d422-4fc2-9d6b-54172116d36f\",\"更新年度\":2022,\"前年同一\":true},[{\"筆ポリゴンID\":\"c55e4b91-6ecd-4ae4-9d0f-c5accd633087\",\"更新年度\":2021,\"前年同一\":true},{\"筆ポリゴンID\":\"c55e4b91-6ecd-4ae4-9d0f-c5accd633087\",\"発生年度\":2020}]]]","last_polygon_uuid":"9e6e2151-4833-4b99-9f37-ff936529350e","prev_last_polygon_uuid":"04fea959-d422-4fc2-9d6b-54172116d36f","local_government_cd":"016616","point_lng":144.683813341,"point_lat":42.976648168}},{"arcs":[[314]],"type":"Polygon","properties":{"polygon_uuid":"22a716e7-6a1e-41ba-acaa-4cd8a0f8f08f","land_type":200,"issue_year":2024,"edit_year":2020,"history":"[{\"筆ポリゴンID\":\"6e28c7f6-ebb5-40ea-82b1-11efcaea1d4c\",\"更新年度\":2023,\"前年同一\":true},[{\"筆ポリゴンID\":\"adc3b90e-6b9a-48c1-8f36-b98600834483\",\"更新年度\":2022,\"前年同一\":true},[{\"筆ポリゴンID\":\"a912106a-bf0b-4778-85ff-2333902496cf\",\"更新年度\":2021,\"前年同一\":true},{\"筆ポリゴンID\":\"a912106a-bf0b-4778-85ff-2333902496cf\",\"発生年度\":2020}]]]","last_polygon_uuid":"6e28c7f6-ebb5-40ea-82b1-11efcaea1d4c","prev_last_polygon_uuid":"adc3b90e-6b9a-48c1-8f36-b98600834483","local_government_cd":"016616","point_lng":144.470445727,"point_lat":43.000760839}},{"arcs":[[315]],"type":"Polygon","properties":{"polygon_uuid":"63b2e719-5597-4ac2-b149-f52b50eb6ada","land_type":200,"issue_year":2024,"edit_year":2020,"history":"[{\"筆ポリゴンID\":\"cc7713f9-37c9-4f13-9cb5-c859c6df0aa3\",\"更新年度\":2023,\"前年同一\":true},[{\"筆ポリゴンID\":\"1465ad4e-8f34-4742-8a2d-499df26b91bd\",\"更新年度\":2022,\"前年同一\":true},[{\"筆ポリゴンID\":\"5e5634f8-0e46-4a9b-b882-6e90c15875f4\",\"更新年度\":2021,\"前年同一\":true},{\"筆ポリゴンID\":\"5e5634f8-0e46-4a9b-b882-6e90c15875f4\",\"発生年度\":2020}]]]","last_polygon_uuid":"cc7713f9-37c9-4f13-9cb5-c859c6df0aa3","prev_last_polygon_uuid":"1465ad4e-8f34-4742-8a2d-499df26b91bd","local_government_cd":"016616","point_lng":144.469202499,"point_lat":43.001028543}},{"arcs":[[316]],"type":"Polygon","properties":{"polygon_uuid":"d52f3c9f-16d8-44c3-9dcd-065b043a27bf","land_type":200,"issue_year":2024,"edit_year":2020,"history":"[{\"筆ポリゴンID\":\"bb83dd6c-ea8b-44a2-97a2-93f5c62b59aa\",\"更新年度\":2023,\"前年同一\":true},[{\"筆ポリゴンID\":\"4a748b18-9cc5-4674-9c57-74e4d6e95a76\",\"更新年度\":2022,\"前年同一\":true},[{\"筆ポリゴンID\":\"97ed45a5-b444-412b-985e-438018680928\",\"更新年度\":2021,\"前年同一\":true},{\"筆ポリゴンID\":\"97ed45a5-b444-412b-985e-438018680928\",\"発生年度\":2020}]]]","last_polygon_uuid":"bb83dd6c-ea8b-44a2-97a2-93f5c62b59aa","prev_last_polygon_uuid":"4a748b18-9cc5-4674-9c57-74e4d6e95a76","local_government_cd":"016616","point_lng":144.51315856,"point_lat":43.040285245}},{"arcs":[[317]],"type":"Polygon","properties":{"polygon_uuid":"89dfa28e-95e5-41bf-a2bf-28cabccb423c","land_type":200,"issue_year":2024,"edit_year":2020,"history":"[{\"筆ポリゴンID\":\"4780f7df-9c3f-4051-8f96-21ef095a602d\",\"更新年度\":2023,\"前年同一\":true},[{\"筆ポリゴンID\":\"ae516ec5-40c5-4728-bf3f-17fc07a7a458\",\"更新年度\":2022,\"前年同一\":true},[{\"筆ポリゴンID\":\"767bde52-9607-4ace-9b53-407806286ba2\",\"更新年度\":2021,\"前年同一\":true},{\"筆ポリゴンID\":\"767bde52-9607-4ace-9b53-407806286ba2\",\"発生年度\":2020}]]]","last_polygon_uuid":"4780f7df-9c3f-4051-8f96-21ef095a602d","prev_last_polygon_uuid":"ae516ec5-40c5-4728-bf3f-17fc07a7a458","local_government_cd":"016616","point_lng":144.472522581,"point_lat":43.091533019}},{"arcs":[[318]],"type":"Polygon","properties":{"polygon_uuid":"cf4f888e-3e11-4d3c-a804-bb4e81e139c3","land_type":200,"issue_year":2024,"edit_year":2020,"history":"[{\"筆ポリゴンID\":\"f8d1f749-c3e8-4a37-9d6d-9d36699d2e6a\",\"更新年度\":2023,\"前年同一\":true},[{\"筆ポリゴンID\":\"7aa77ed0-8eb4-4ecd-9e09-eb29a0b70db9\",\"更新年度\":2022,\"前年同一\":true},[{\"筆ポリゴンID\":\"67751df5-0377-42a7-8bdf-0b1e6a4062ae\",\"更新年度\":2021,\"前年同一\":true},{\"筆ポリゴンID\":\"67751df5-0377-42a7-8bdf-0b1e6a4062ae\",\"発生年度\":2020}]]]","last_polygon_uuid":"f8d1f749-c3e8-4a37-9d6d-9d36699d2e6a","prev_last_polygon_uuid":"7aa77ed0-8eb4-4ecd-9e09-eb29a0b70db9","local_government_cd":"016616","point_lng":144.513650849,"point_lat":43.086161057}},{"arcs":[[319]],"type":"Polygon","properties":{"polygon_uuid":"da675f58-6ed9-496c-b079-1188dd2d71ee","land_type":200,"issue_year":2024,"edit_year":2020,"history":"[{\"筆ポリゴンID\":\"b7ab6643-b5c5-4665-9fef-e4f30e0dbf18\",\"更新年度\":2023,\"前年同一\":true},[{\"筆ポリゴンID\":\"aabb4f7e-f12c-452c-a4c5-29506cc950ed\",\"更新年度\":2022,\"前年同一\":true},[{\"筆ポリゴンID\":\"8ccc013c-2892-4e53-977a-c89225ccb30d\",\"更新年度\":2021,\"前年同一\":true},{\"筆ポリゴンID\":\"8ccc013c-2892-4e53-977a-c89225ccb30d\",\"発生年度\":2020}]]]","last_polygon_uuid":"b7ab6643-b5c5-4665-9fef-e4f30e0dbf18","prev_last_polygon_uuid":"aabb4f7e-f12c-452c-a4c5-29506cc950ed","local_government_cd":"016616","point_lng":144.696922518,"point_lat":42.974637847}},{"arcs":[[320]],"type":"Polygon","properties":{"polygon_uuid":"a70c8706-541e-4483-98bf-51cf41df0b87","land_type":200,"issue_year":2024,"edit_year":2020,"history":"[{\"筆ポリゴンID\":\"bfa069c1-ffb8-4ad8-a96b-d409521f371e\",\"更新年度\":2023,\"前年同一\":true},[{\"筆ポリゴンID\":\"0106b11d-c7de-4d5f-9ea3-57d7ad002c90\",\"更新年度\":2022,\"前年同一\":true},[{\"筆ポリゴンID\":\"acaba5ad-09cf-4b1a-b39a-243f46a7d160\",\"更新年度\":2021,\"前年同一\":true},{\"筆ポリゴンID\":\"acaba5ad-09cf-4b1a-b39a-243f46a7d160\",\"発生年度\":2020}]]]","last_polygon_uuid":"bfa069c1-ffb8-4ad8-a96b-d409521f371e","prev_last_polygon_uuid":"0106b11d-c7de-4d5f-9ea3-57d7ad002c90","local_government_cd":"016616","point_lng":144.680343913,"point_lat":42.96118997}},{"arcs":[[321]],"type":"Polygon","properties":{"polygon_uuid":"924a717f-6be1-4b2e-8b2a-e7550df393c4","land_type":200,"issue_year":2024,"edit_year":2020,"history":"[{\"筆ポリゴンID\":\"748f0d99-6d5a-489e-bbfe-43d6f5e08b30\",\"更新年度\":2023,\"前年同一\":true},[{\"筆ポリゴンID\":\"0176fae3-2bf9-4fde-8d5c-606cf5e7233a\",\"更新年度\":2022,\"前年同一\":true},[{\"筆ポリゴンID\":\"9a1a1fbd-aa44-40ce-a82b-36301588c461\",\"更新年度\":2021,\"前年同一\":true},{\"筆ポリゴンID\":\"9a1a1fbd-aa44-40ce-a82b-36301588c461\",\"発生年度\":2020}]]]","last_polygon_uuid":"748f0d99-6d5a-489e-bbfe-43d6f5e08b30","prev_last_polygon_uuid":"0176fae3-2bf9-4fde-8d5c-606cf5e7233a","local_government_cd":"016616","point_lng":144.685268329,"point_lat":42.978003441}},{"arcs":[[322]],"type":"Polygon","properties":{"polygon_uuid":"b07bb6f2-5cba-40fe-a4eb-56c75c7fcbc6","land_type":200,"issue_year":2024,"edit_year":2020,"history":"[{\"筆ポリゴンID\":\"2ff794aa-105a-4127-9e97-5b3156a0c61d\",\"更新年度\":2023,\"前年同一\":true},[{\"筆ポリゴンID\":\"dbca06f6-b09e-47ae-ab63-f0df73e8c94b\",\"更新年度\":2022,\"前年同一\":true},[{\"筆ポリゴンID\":\"d54af604-dcf7-42f4-8221-d77a0a5d5b0a\",\"更新年度\":2021,\"前年同一\":true},{\"筆ポリゴンID\":\"d54af604-dcf7-42f4-8221-d77a0a5d5b0a\",\"発生年度\":2020}]]]","last_polygon_uuid":"2ff794aa-105a-4127-9e97-5b3156a0c61d","prev_last_polygon_uuid":"dbca06f6-b09e-47ae-ab63-f0df73e8c94b","local_government_cd":"016616","point_lng":144.42497222,"point_lat":43.073675282}},{"arcs":[[323]],"type":"Polygon","properties":{"polygon_uuid":"2496d66e-dd66-40ba-b075-14b2df4c54d2","land_type":200,"issue_year":2024,"edit_year":2020,"history":"[{\"筆ポリゴンID\":\"ff962a26-3a46-45da-a64f-91fc2c5bc44d\",\"更新年度\":2023,\"前年同一\":true},[{\"筆ポリゴンID\":\"23cdf521-d23c-49e9-aafd-96c56020c718\",\"更新年度\":2022,\"前年同一\":true},[{\"筆ポリゴンID\":\"fbbad453-e754-438c-8500-40bca82c7ab0\",\"更新年度\":2021,\"前年同一\":true},{\"筆ポリゴンID\":\"fbbad453-e754-438c-8500-40bca82c7ab0\",\"発生年度\":2020}]]]","last_polygon_uuid":"ff962a26-3a46-45da-a64f-91fc2c5bc44d","prev_last_polygon_uuid":"23cdf521-d23c-49e9-aafd-96c56020c718","local_government_cd":"016616","point_lng":144.501209279,"point_lat":43.048543477}},{"arcs":[[324]],"type":"Polygon","properties":{"polygon_uuid":"acde83ac-801a-44a4-af0f-5b285a2eb6e2","land_type":200,"issue_year":2024,"edit_year":2020,"history":"[{\"筆ポリゴンID\":\"6452e787-9d75-436e-8da1-7283f4900292\",\"更新年度\":2023,\"前年同一\":true},[{\"筆ポリゴンID\":\"83d64aca-d921-4c90-81e7-e5c3b854cb73\",\"更新年度\":2022,\"前年同一\":true},[{\"筆ポリゴンID\":\"7f7b6a7b-ecfb-4712-adbe-aca4080d8100\",\"更新年度\":2021,\"前年同一\":true},{\"筆ポリゴンID\":\"7f7b6a7b-ecfb-4712-adbe-aca4080d8100\",\"発生年度\":2020}]]]","last_polygon_uuid":"6452e787-9d75-436e-8da1-7283f4900292","prev_last_polygon_uuid":"83d64aca-d921-4c90-81e7-e5c3b854cb73","local_government_cd":"016616","point_lng":144.507764473,"point_lat":43.091840647}},{"arcs":[[325]],"type":"Polygon","properties":{"polygon_uuid":"43e8bbc2-2d02-4fca-a3d1-985aa62ab152","land_type":200,"issue_year":2024,"edit_year":2020,"history":"[{\"筆ポリゴンID\":\"2d5798fd-a637-42ba-a513-46ff57427bb8\",\"更新年度\":2023,\"前年同一\":true},[{\"筆ポリゴンID\":\"be1cb728-cda4-4a91-b5dd-9ff64d9e7844\",\"更新年度\":2022,\"前年同一\":true},[{\"筆ポリゴンID\":\"3e4bb35d-25f8-40ae-a581-6c654482bf14\",\"更新年度\":2021,\"前年同一\":true},{\"筆ポリゴンID\":\"3e4bb35d-25f8-40ae-a581-6c654482bf14\",\"発生年度\":2020}]]]","last_polygon_uuid":"2d5798fd-a637-42ba-a513-46ff57427bb8","prev_last_polygon_uuid":"be1cb728-cda4-4a91-b5dd-9ff64d9e7844","local_government_cd":"016616","point_lng":144.522410815,"point_lat":43.038549728}},{"arcs":[[326]],"type":"Polygon","properties":{"polygon_uuid":"c7597efe-8f83-4e19-a173-0f3abe130635","land_type":200,"issue_year":2024,"edit_year":2020,"history":"[{\"筆ポリゴンID\":\"195ea5c4-18e9-4b16-9cf7-c40b81a3e734\",\"更新年度\":2023,\"前年同一\":true},[{\"筆ポリゴンID\":\"d5ddbbb4-7c0b-4e1e-b653-f50c52155855\",\"更新年度\":2022,\"前年同一\":true},[{\"筆ポリゴンID\":\"36be0a4f-8ceb-409f-8dba-163aec8102b8\",\"更新年度\":2021,\"前年同一\":true},{\"筆ポリゴンID\":\"36be0a4f-8ceb-409f-8dba-163aec8102b8\",\"発生年度\":2020}]]]","last_polygon_uuid":"195ea5c4-18e9-4b16-9cf7-c40b81a3e734","prev_last_polygon_uuid":"d5ddbbb4-7c0b-4e1e-b653-f50c52155855","local_government_cd":"016616","point_lng":144.556565576,"point_lat":43.05086475}},{"arcs":[[327]],"type":"Polygon","properties":{"polygon_uuid":"6cd62aec-74c5-4d84-8c8e-3981174f76a1","land_type":200,"issue_year":2024,"edit_year":2020,"history":"[{\"筆ポリゴンID\":\"4c51c9f4-4e96-4d71-bcb8-78ed33945fc2\",\"更新年度\":2023,\"前年同一\":true},[{\"筆ポリゴンID\":\"68083347-a715-4c68-9040-26fbcc48b415\",\"更新年度\":2022,\"前年同一\":true},[{\"筆ポリゴンID\":\"9c8e9b51-db92-4144-857b-9a97015208c3\",\"更新年度\":2021,\"前年同一\":true},{\"筆ポリゴンID\":\"9c8e9b51-db92-4144-857b-9a97015208c3\",\"発生年度\":2020}]]]","last_polygon_uuid":"4c51c9f4-4e96-4d71-bcb8-78ed33945fc2","prev_last_polygon_uuid":"68083347-a715-4c68-9040-26fbcc48b415","local_government_cd":"016616","point_lng":144.511547667,"point_lat":43.043929197}},{"arcs":[[328]],"type":"Polygon","properties":{"polygon_uuid":"64ca55b8-496f-4e4d-8654-299a8be69bf4","land_type":200,"issue_year":2024,"edit_year":2020,"history":"[{\"筆ポリゴンID\":\"9877cdea-792f-424f-8009-51254f8fc6ce\",\"更新年度\":2023,\"前年同一\":true},[{\"筆ポリゴンID\":\"4566faea-abd2-4160-8b86-8e6c1778a8eb\",\"更新年度\":2022,\"前年同一\":true},[{\"筆ポリゴンID\":\"d52724e6-5159-454b-8584-2dd92659a8a9\",\"更新年度\":2021,\"前年同一\":true},{\"筆ポリゴンID\":\"d52724e6-5159-454b-8584-2dd92659a8a9\",\"発生年度\":2020}]]]","last_polygon_uuid":"9877cdea-792f-424f-8009-51254f8fc6ce","prev_last_polygon_uuid":"4566faea-abd2-4160-8b86-8e6c1778a8eb","local_government_cd":"016616","point_lng":144.466454928,"point_lat":43.018385249}},{"arcs":[[329]],"type":"Polygon","properties":{"polygon_uuid":"30329e03-8f38-4c6b-90e3-e0abeea50b12","land_type":200,"issue_year":2024,"edit_year":2020,"history":"[{\"筆ポリゴンID\":\"3275f409-4b90-4afd-9889-dfc86ee351e0\",\"更新年度\":2023,\"前年同一\":true},[{\"筆ポリゴンID\":\"f977ee0f-5be3-4be8-bbb3-f1aaa0db2037\",\"更新年度\":2022,\"前年同一\":true},[{\"筆ポリゴンID\":\"7bf04a21-9004-48af-b0d7-3b07c7330646\",\"更新年度\":2021,\"前年同一\":true},{\"筆ポリゴンID\":\"7bf04a21-9004-48af-b0d7-3b07c7330646\",\"発生年度\":2020}]]]","last_polygon_uuid":"3275f409-4b90-4afd-9889-dfc86ee351e0","prev_last_polygon_uuid":"f977ee0f-5be3-4be8-bbb3-f1aaa0db2037","local_government_cd":"016616","point_lng":144.557419451,"point_lat":43.052817123}},{"arcs":[[330]],"type":"Polygon","properties":{"polygon_uuid":"dc343121-fe78-43e6-ad16-c1421a294bcc","land_type":200,"issue_year":2024,"edit_year":2020,"history":"[{\"筆ポリゴンID\":\"f32018bc-35d3-4a09-86ef-a4546ce20a9d\",\"更新年度\":2023,\"前年同一\":true},[{\"筆ポリゴンID\":\"a4ab8ba4-d771-465c-b746-95fa1537b6af\",\"更新年度\":2022,\"前年同一\":true},[{\"筆ポリゴンID\":\"f22d5cd0-a7e6-4e36-902c-66a3be3da133\",\"更新年度\":2021,\"前年同一\":true},{\"筆ポリゴンID\":\"f22d5cd0-a7e6-4e36-902c-66a3be3da133\",\"発生年度\":2020}]]]","last_polygon_uuid":"f32018bc-35d3-4a09-86ef-a4546ce20a9d","prev_last_polygon_uuid":"a4ab8ba4-d771-465c-b746-95fa1537b6af","local_government_cd":"016616","point_lng":144.51980208,"point_lat":43.037282572}},{"arcs":[[331]],"type":"Polygon","properties":{"polygon_uuid":"edbb65e3-d5cd-41bb-b7ab-1cb1d53e4dd6","land_type":200,"issue_year":2024,"edit_year":2020,"history":"[{\"筆ポリゴンID\":\"2bde97d5-47a8-4ba2-82d5-c6a4b51327d4\",\"更新年度\":2023,\"前年同一\":true},[{\"筆ポリゴンID\":\"8f9f7a60-c347-4a60-8488-7224657ffafb\",\"更新年度\":2022,\"前年同一\":true},[{\"筆ポリゴンID\":\"cd4cb8e9-ee8d-49bb-93bc-b0b8c5fc4f68\",\"更新年度\":2021,\"前年同一\":true},{\"筆ポリゴンID\":\"cd4cb8e9-ee8d-49bb-93bc-b0b8c5fc4f68\",\"発生年度\":2020}]]]","last_polygon_uuid":"2bde97d5-47a8-4ba2-82d5-c6a4b51327d4","prev_last_polygon_uuid":"8f9f7a60-c347-4a60-8488-7224657ffafb","local_government_cd":"016616","point_lng":144.688240465,"point_lat":42.981042522}},{"arcs":[[332]],"type":"Polygon","properties":{"polygon_uuid":"fb683a78-e466-473e-8a7e-da24accb944c","land_type":200,"issue_year":2024,"edit_year":2020,"history":"[{\"筆ポリゴンID\":\"d62a3271-8e6f-45e4-a056-03f823d05509\",\"更新年度\":2023,\"前年同一\":true},[{\"筆ポリゴンID\":\"6ab0d2e8-0c96-4372-bdb8-f72f9be75183\",\"更新年度\":2022,\"前年同一\":true},[{\"筆ポリゴンID\":\"5894691a-e79d-4e5f-b41e-9b7eaef9f12d\",\"更新年度\":2021,\"前年同一\":true},{\"筆ポリゴンID\":\"5894691a-e79d-4e5f-b41e-9b7eaef9f12d\",\"発生年度\":2020}]]]","last_polygon_uuid":"d62a3271-8e6f-45e4-a056-03f823d05509","prev_last_polygon_uuid":"6ab0d2e8-0c96-4372-bdb8-f72f9be75183","local_government_cd":"016616","point_lng":144.424803712,"point_lat":43.062842435}},{"arcs":[[-61,333]],"type":"Polygon","properties":{"polygon_uuid":"a993758f-6b37-4c3b-81bf-57403453270b","land_type":200,"issue_year":2024,"edit_year":2020,"history":"[{\"筆ポリゴンID\":\"1ed2cc11-9865-4a1f-b86f-93af31c534cc\",\"更新年度\":2023,\"前年同一\":true},[{\"筆ポリゴンID\":\"52133c13-e269-4221-9f8d-be81ca6dab9d\",\"更新年度\":2022,\"前年同一\":true},[{\"筆ポリゴンID\":\"96418555-dc1c-4e74-84bd-6d0f41d90ceb\",\"更新年度\":2021,\"前年同一\":true},{\"筆ポリゴンID\":\"96418555-dc1c-4e74-84bd-6d0f41d90ceb\",\"発生年度\":2020}]]]","last_polygon_uuid":"1ed2cc11-9865-4a1f-b86f-93af31c534cc","prev_last_polygon_uuid":"52133c13-e269-4221-9f8d-be81ca6dab9d","local_government_cd":"016616","point_lng":144.671524218,"point_lat":42.96947423}},{"arcs":[[334]],"type":"Polygon","properties":{"polygon_uuid":"afba04fe-5a97-4c05-aaae-ce321a49788d","land_type":200,"issue_year":2024,"edit_year":2020,"history":"[{\"筆ポリゴンID\":\"bf8e861c-03fd-4ca8-be38-466e94f62d23\",\"更新年度\":2023,\"前年同一\":true},[{\"筆ポリゴンID\":\"03e7d344-4ef0-48ef-98f2-7a77b9f4c912\",\"更新年度\":2022,\"前年同一\":true},[{\"筆ポリゴンID\":\"8e431a58-a082-46f7-bf22-07ce15d4d89e\",\"更新年度\":2021,\"前年同一\":true},{\"筆ポリゴンID\":\"8e431a58-a082-46f7-bf22-07ce15d4d89e\",\"発生年度\":2020}]]]","last_polygon_uuid":"bf8e861c-03fd-4ca8-be38-466e94f62d23","prev_last_polygon_uuid":"03e7d344-4ef0-48ef-98f2-7a77b9f4c912","local_government_cd":"016616","point_lng":144.52803412,"point_lat":43.043147087}},{"arcs":[[335]],"type":"Polygon","properties":{"polygon_uuid":"4834cfb5-b161-4a0e-9904-aa7f4a1ea182","land_type":200,"issue_year":2024,"edit_year":2020,"history":"[{\"筆ポリゴンID\":\"5653a7d7-6cb3-44d5-913b-45da1db92590\",\"更新年度\":2023,\"前年同一\":true},[{\"筆ポリゴンID\":\"d75b5635-7417-4f31-b101-5756cc502b4a\",\"更新年度\":2022,\"前年同一\":true},[{\"筆ポリゴンID\":\"5a244f15-c334-47a7-bf13-0b99c18abe18\",\"更新年度\":2021,\"前年同一\":true},{\"筆ポリゴンID\":\"5a244f15-c334-47a7-bf13-0b99c18abe18\",\"発生年度\":2020}]]]","last_polygon_uuid":"5653a7d7-6cb3-44d5-913b-45da1db92590","prev_last_polygon_uuid":"d75b5635-7417-4f31-b101-5756cc502b4a","local_government_cd":"016616","point_lng":144.699741818,"point_lat":42.972774416}},{"arcs":[[336]],"type":"Polygon","properties":{"polygon_uuid":"063c4bbf-58bf-4fe4-8b4a-bf3e68216f54","land_type":200,"issue_year":2024,"edit_year":2020,"history":"[{\"筆ポリゴンID\":\"b0f2aa9e-ce10-4115-8194-9dc83e45f10c\",\"更新年度\":2023,\"前年同一\":true},[{\"筆ポリゴンID\":\"46ed8181-dffc-4dc4-8eb5-55e940dd2597\",\"更新年度\":2022,\"前年同一\":true},[{\"筆ポリゴンID\":\"a7d99d51-eb2c-456a-8f37-048925ad1f9e\",\"更新年度\":2021,\"前年同一\":true},{\"筆ポリゴンID\":\"a7d99d51-eb2c-456a-8f37-048925ad1f9e\",\"発生年度\":2020}]]]","last_polygon_uuid":"b0f2aa9e-ce10-4115-8194-9dc83e45f10c","prev_last_polygon_uuid":"46ed8181-dffc-4dc4-8eb5-55e940dd2597","local_government_cd":"016616","point_lng":144.44482564,"point_lat":43.015991098}},{"arcs":[[337]],"type":"Polygon","properties":{"polygon_uuid":"05ec7e33-a1b3-4660-99ef-050cccf91fbd","land_type":200,"issue_year":2024,"edit_year":2020,"history":"[{\"筆ポリゴンID\":\"8415b5e0-a294-4950-b248-b8c3411f4d6f\",\"更新年度\":2023,\"前年同一\":true},[{\"筆ポリゴンID\":\"a3ed8945-37a9-4791-8084-e2cb2b8c8f1e\",\"更新年度\":2022,\"前年同一\":true},[{\"筆ポリゴンID\":\"9aa4e84b-e710-4055-86a2-b81d1c0f2705\",\"更新年度\":2021,\"前年同一\":true},{\"筆ポリゴンID\":\"9aa4e84b-e710-4055-86a2-b81d1c0f2705\",\"発生年度\":2020}]]]","last_polygon_uuid":"8415b5e0-a294-4950-b248-b8c3411f4d6f","prev_last_polygon_uuid":"a3ed8945-37a9-4791-8084-e2cb2b8c8f1e","local_government_cd":"016616","point_lng":144.472035904,"point_lat":43.005635255}},{"arcs":[[338],[339],[340]],"type":"Polygon","properties":{"polygon_uuid":"b87dc906-adc7-4634-af75-e344406b58bd","land_type":200,"issue_year":2024,"edit_year":2020,"history":"[{\"筆ポリゴンID\":\"2906331b-0d00-4a35-a39b-158b2688285a\",\"更新年度\":2023,\"前年同一\":true},[{\"筆ポリゴンID\":\"f1acbecb-ac19-4d05-ab62-ec81df5b395f\",\"更新年度\":2022,\"前年同一\":true},[{\"筆ポリゴンID\":\"d8bf6efa-6b49-4da7-bf77-e0f8933705f4\",\"更新年度\":2021,\"前年同一\":true},{\"筆ポリゴンID\":\"d8bf6efa-6b49-4da7-bf77-e0f8933705f4\",\"発生年度\":2020}]]]","last_polygon_uuid":"2906331b-0d00-4a35-a39b-158b2688285a","prev_last_polygon_uuid":"f1acbecb-ac19-4d05-ab62-ec81df5b395f","local_government_cd":"016616","point_lng":144.697795856,"point_lat":42.966105525}},{"arcs":[[341]],"type":"Polygon","properties":{"polygon_uuid":"c402a8b2-6cc7-4261-89ea-d70317191c23","land_type":200,"issue_year":2024,"edit_year":2020,"history":"[{\"筆ポリゴンID\":\"b5f8deb8-6519-4652-8f9d-5927dd738c4b\",\"更新年度\":2023,\"前年同一\":true},[{\"筆ポリゴンID\":\"d7292530-ccbb-442e-848b-3313584d563b\",\"更新年度\":2022,\"前年同一\":true},[{\"筆ポリゴンID\":\"25950314-3e25-4e68-9fb9-721ccf1e8d0c\",\"更新年度\":2021,\"前年同一\":true},{\"筆ポリゴンID\":\"25950314-3e25-4e68-9fb9-721ccf1e8d0c\",\"発生年度\":2020}]]]","last_polygon_uuid":"b5f8deb8-6519-4652-8f9d-5927dd738c4b","prev_last_polygon_uuid":"d7292530-ccbb-442e-848b-3313584d563b","local_government_cd":"016616","point_lng":144.692233435,"point_lat":42.980969833}},{"arcs":[[342]],"type":"Polygon","properties":{"polygon_uuid":"e3b82964-80f6-4fa5-a6be-89286dabbbe3","land_type":200,"issue_year":2024,"edit_year":2020,"history":"[{\"筆ポリゴンID\":\"7771f8cf-5805-4455-bcde-dba010b07c12\",\"更新年度\":2023,\"前年同一\":true},[{\"筆ポリゴンID\":\"dba43754-1a40-4bc0-835a-a624cce6f8da\",\"更新年度\":2022,\"前年同一\":true},[{\"筆ポリゴンID\":\"338d2b30-a855-4720-a9e6-61d16eea9177\",\"更新年度\":2021,\"前年同一\":true},{\"筆ポリゴンID\":\"338d2b30-a855-4720-a9e6-61d16eea9177\",\"発生年度\":2020}]]]","last_polygon_uuid":"7771f8cf-5805-4455-bcde-dba010b07c12","prev_last_polygon_uuid":"dba43754-1a40-4bc0-835a-a624cce6f8da","local_government_cd":"016616","point_lng":144.698179308,"point_lat":42.971396944}},{"arcs":[[343]],"type":"Polygon","properties":{"polygon_uuid":"07ffe087-6bbc-4bf3-95d5-4d04b554f8f6","land_type":200,"issue_year":2024,"edit_year":2020,"history":"[{\"筆ポリゴンID\":\"9d3c7ff4-ad28-488e-9f64-e502524691f6\",\"更新年度\":2023,\"前年同一\":true},[{\"筆ポリゴンID\":\"769d23d1-ce33-4e3a-b7fc-738cc4060ddd\",\"更新年度\":2022,\"前年同一\":true},[{\"筆ポリゴンID\":\"dea15088-0980-45aa-9f0f-e28880b5b73c\",\"更新年度\":2021,\"前年同一\":true},{\"筆ポリゴンID\":\"dea15088-0980-45aa-9f0f-e28880b5b73c\",\"発生年度\":2020}]]]","last_polygon_uuid":"9d3c7ff4-ad28-488e-9f64-e502524691f6","prev_last_polygon_uuid":"769d23d1-ce33-4e3a-b7fc-738cc4060ddd","local_government_cd":"016616","point_lng":144.514487314,"point_lat":43.065092608}},{"arcs":[[344]],"type":"Polygon","properties":{"polygon_uuid":"4df1ee23-1bfa-4889-ae82-f490e1551f3e","land_type":200,"issue_year":2024,"edit_year":2020,"history":"[{\"筆ポリゴンID\":\"930d2b2f-b95a-4c9c-91ca-6006cba09816\",\"更新年度\":2023,\"前年同一\":true},[{\"筆ポリゴンID\":\"b923d14c-fb44-4508-8b32-4cbbac741406\",\"更新年度\":2022,\"前年同一\":true},[{\"筆ポリゴンID\":\"239abc31-1b9c-485a-871f-8c69b9b22eb3\",\"更新年度\":2021,\"前年同一\":true},{\"筆ポリゴンID\":\"239abc31-1b9c-485a-871f-8c69b9b22eb3\",\"発生年度\":2020}]]]","last_polygon_uuid":"930d2b2f-b95a-4c9c-91ca-6006cba09816","prev_last_polygon_uuid":"b923d14c-fb44-4508-8b32-4cbbac741406","local_government_cd":"016616","point_lng":144.448437939,"point_lat":43.036833003}},{"arcs":[[345]],"type":"Polygon","properties":{"polygon_uuid":"c763cb84-401a-4a78-9d35-76e3b7203816","land_type":200,"issue_year":2024,"edit_year":2020,"history":"[{\"筆ポリゴンID\":\"18170fae-cee3-4a12-8d81-620581e2515d\",\"更新年度\":2023,\"前年同一\":true},[{\"筆ポリゴンID\":\"e1383756-1731-4a2e-a16a-ecdbfc697aae\",\"更新年度\":2022,\"前年同一\":true},[{\"筆ポリゴンID\":\"d737abff-9ec0-4ce6-ab33-d9aa0721302d\",\"更新年度\":2021,\"前年同一\":true},{\"筆ポリゴンID\":\"d737abff-9ec0-4ce6-ab33-d9aa0721302d\",\"発生年度\":2020}]]]","last_polygon_uuid":"18170fae-cee3-4a12-8d81-620581e2515d","prev_last_polygon_uuid":"e1383756-1731-4a2e-a16a-ecdbfc697aae","local_government_cd":"016616","point_lng":144.430263073,"point_lat":43.062387745}},{"arcs":[[346]],"type":"Polygon","properties":{"polygon_uuid":"d5e64cdf-8dfd-4e45-b26a-7e83f9763f4c","land_type":200,"issue_year":2024,"edit_year":2020,"history":"[{\"筆ポリゴンID\":\"44b2a85d-7082-4b3f-96bb-7d8ea430144f\",\"更新年度\":2023,\"前年同一\":true},[{\"筆ポリゴンID\":\"c174bf1a-2b5d-4e89-947b-61f02044ac93\",\"更新年度\":2022,\"前年同一\":true},[{\"筆ポリゴンID\":\"e142852a-42d9-4885-9d35-255bb01c0154\",\"更新年度\":2021,\"前年同一\":true},{\"筆ポリゴンID\":\"e142852a-42d9-4885-9d35-255bb01c0154\",\"発生年度\":2020}]]]","last_polygon_uuid":"44b2a85d-7082-4b3f-96bb-7d8ea430144f","prev_last_polygon_uuid":"c174bf1a-2b5d-4e89-947b-61f02044ac93","local_government_cd":"016616","point_lng":144.719631961,"point_lat":42.988402251}},{"arcs":[[347]],"type":"Polygon","properties":{"polygon_uuid":"5b81034a-2102-4e6b-96ba-a81f5c6b083a","land_type":200,"issue_year":2024,"edit_year":2020,"history":"[{\"筆ポリゴンID\":\"a0a542e4-8d1b-4ff6-a79f-bdde9960acf0\",\"更新年度\":2023,\"前年同一\":true},[{\"筆ポリゴンID\":\"706d973d-bd50-47d8-885f-3daf017633cb\",\"更新年度\":2022,\"前年同一\":true},[{\"筆ポリゴンID\":\"e3cea22e-89d8-44ab-82a9-bc7336a4b59d\",\"更新年度\":2021,\"前年同一\":true},{\"筆ポリゴンID\":\"e3cea22e-89d8-44ab-82a9-bc7336a4b59d\",\"発生年度\":2020}]]]","last_polygon_uuid":"a0a542e4-8d1b-4ff6-a79f-bdde9960acf0","prev_last_polygon_uuid":"706d973d-bd50-47d8-885f-3daf017633cb","local_government_cd":"016616","point_lng":144.682951542,"point_lat":42.958781112}},{"arcs":[[348]],"type":"Polygon","properties":{"polygon_uuid":"52d998fd-cc41-4858-ab43-9ed909ad659f","land_type":200,"issue_year":2024,"edit_year":2020,"history":"[{\"筆ポリゴンID\":\"543c765c-0407-4afb-986d-328a40b1b51f\",\"更新年度\":2023,\"前年同一\":true},[{\"筆ポリゴンID\":\"e3f2a053-fa23-4e99-b0ac-4b2dc64d8674\",\"更新年度\":2022,\"前年同一\":true},[{\"筆ポリゴンID\":\"eccfc6cf-3c67-47b8-a537-dca817fec605\",\"更新年度\":2021,\"前年同一\":true},{\"筆ポリゴンID\":\"eccfc6cf-3c67-47b8-a537-dca817fec605\",\"発生年度\":2020}]]]","last_polygon_uuid":"543c765c-0407-4afb-986d-328a40b1b51f","prev_last_polygon_uuid":"e3f2a053-fa23-4e99-b0ac-4b2dc64d8674","local_government_cd":"016616","point_lng":144.686943696,"point_lat":42.978998486}},{"arcs":[[349]],"type":"Polygon","properties":{"polygon_uuid":"aad91ee1-f2e1-4fc5-80be-83f1df68e04e","land_type":200,"issue_year":2024,"edit_year":2020,"history":"[{\"筆ポリゴンID\":\"e3dd4d14-0d76-4462-bfbf-553c5cd81ea2\",\"更新年度\":2023,\"前年同一\":true},[{\"筆ポリゴンID\":\"9046b633-2ca3-4511-8a66-cde2ecd9a378\",\"更新年度\":2022,\"前年同一\":true},[{\"筆ポリゴンID\":\"9406f729-7130-4685-95ca-c6d068b6a497\",\"更新年度\":2021,\"前年同一\":true},{\"筆ポリゴンID\":\"9406f729-7130-4685-95ca-c6d068b6a497\",\"発生年度\":2020}]]]","last_polygon_uuid":"e3dd4d14-0d76-4462-bfbf-553c5cd81ea2","prev_last_polygon_uuid":"9046b633-2ca3-4511-8a66-cde2ecd9a378","local_government_cd":"016616","point_lng":144.552700882,"point_lat":43.057681971}},{"arcs":[[350]],"type":"Polygon","properties":{"polygon_uuid":"72b896ff-725d-4413-88a8-b88bcd34d868","land_type":200,"issue_year":2024,"edit_year":2020,"history":"[{\"筆ポリゴンID\":\"c4205178-21a9-409b-ae53-9e05bd9c96cc\",\"更新年度\":2023,\"前年同一\":true},[{\"筆ポリゴンID\":\"3d90af1a-a0f7-476a-ac30-cff3ab16da34\",\"更新年度\":2022,\"前年同一\":true},[{\"筆ポリゴンID\":\"e4dc6beb-877a-4e8d-bef2-854c81bc293e\",\"更新年度\":2021,\"前年同一\":true},{\"筆ポリゴンID\":\"e4dc6beb-877a-4e8d-bef2-854c81bc293e\",\"発生年度\":2020}]]]","last_polygon_uuid":"c4205178-21a9-409b-ae53-9e05bd9c96cc","prev_last_polygon_uuid":"3d90af1a-a0f7-476a-ac30-cff3ab16da34","local_government_cd":"016616","point_lng":144.696389095,"point_lat":42.986703623}},{"arcs":[[351]],"type":"Polygon","properties":{"polygon_uuid":"3d13cc14-2b5d-4dbc-ac39-608def9fca86","land_type":200,"issue_year":2024,"edit_year":2020,"history":"[{\"筆ポリゴンID\":\"7fa1a2d5-8c8c-474d-a282-b56d08c7bbc9\",\"更新年度\":2023,\"前年同一\":true},[{\"筆ポリゴンID\":\"01ef0403-420e-44c0-ab5b-9b49b886b16e\",\"更新年度\":2022,\"前年同一\":true},[{\"筆ポリゴンID\":\"8905b78b-e0dd-4c9b-9579-fe093ec8b3b4\",\"更新年度\":2021,\"前年同一\":true},{\"筆ポリゴンID\":\"8905b78b-e0dd-4c9b-9579-fe093ec8b3b4\",\"発生年度\":2020}]]]","last_polygon_uuid":"7fa1a2d5-8c8c-474d-a282-b56d08c7bbc9","prev_last_polygon_uuid":"01ef0403-420e-44c0-ab5b-9b49b886b16e","local_government_cd":"016616","point_lng":144.522365789,"point_lat":43.039999794}},{"arcs":[[352]],"type":"Polygon","properties":{"polygon_uuid":"e6537bb2-cd55-4c24-83b9-9b34b439f8e8","land_type":200,"issue_year":2024,"edit_year":2020,"history":"[{\"筆ポリゴンID\":\"263b426a-936c-4111-8d40-80b88575fb8e\",\"更新年度\":2023,\"前年同一\":true},[{\"筆ポリゴンID\":\"6a17600c-47bc-4450-8948-90cd0831fc33\",\"更新年度\":2022,\"前年同一\":true},[{\"筆ポリゴンID\":\"3ba6219c-659d-45fd-b0a6-a80c66190a09\",\"更新年度\":2021,\"前年同一\":true},{\"筆ポリゴンID\":\"3ba6219c-659d-45fd-b0a6-a80c66190a09\",\"発生年度\":2020}]]]","last_polygon_uuid":"263b426a-936c-4111-8d40-80b88575fb8e","prev_last_polygon_uuid":"6a17600c-47bc-4450-8948-90cd0831fc33","local_government_cd":"016616","point_lng":144.477417569,"point_lat":43.090864653}},{"arcs":[[353]],"type":"Polygon","properties":{"polygon_uuid":"c9f3c07c-b5b0-45a6-901e-43f10e130fd6","land_type":200,"issue_year":2024,"edit_year":2020,"history":"[{\"筆ポリゴンID\":\"d33c969c-1bd1-49de-849e-b46842f0ef9c\",\"更新年度\":2023,\"前年同一\":true},[{\"筆ポリゴンID\":\"af63f4a0-9efb-4e03-abf4-cefda87bec20\",\"更新年度\":2022,\"前年同一\":true},[{\"筆ポリゴンID\":\"1c2be1a9-fe1e-491e-8fa2-32becb07f202\",\"更新年度\":2021,\"前年同一\":true},{\"筆ポリゴンID\":\"1c2be1a9-fe1e-491e-8fa2-32becb07f202\",\"発生年度\":2020}]]]","last_polygon_uuid":"d33c969c-1bd1-49de-849e-b46842f0ef9c","prev_last_polygon_uuid":"af63f4a0-9efb-4e03-abf4-cefda87bec20","local_government_cd":"016616","point_lng":144.692980084,"point_lat":42.984104703}},{"arcs":[[354]],"type":"Polygon","properties":{"polygon_uuid":"4c47b541-74b6-468c-acb7-29365752328b","land_type":200,"issue_year":2024,"edit_year":2020,"history":"[{\"筆ポリゴンID\":\"374fdb77-4fa6-437a-9064-14c868e87a87\",\"更新年度\":2023,\"前年同一\":true},[{\"筆ポリゴンID\":\"0817cff0-bed8-4862-a3a9-ea01a1be1f97\",\"更新年度\":2022,\"前年同一\":true},[{\"筆ポリゴンID\":\"432b7d6a-62ce-4c37-a9b5-211b30f3f09e\",\"更新年度\":2021,\"前年同一\":true},{\"筆ポリゴンID\":\"432b7d6a-62ce-4c37-a9b5-211b30f3f09e\",\"発生年度\":2020}]]]","last_polygon_uuid":"374fdb77-4fa6-437a-9064-14c868e87a87","prev_last_polygon_uuid":"0817cff0-bed8-4862-a3a9-ea01a1be1f97","local_government_cd":"016616","point_lng":144.508840701,"point_lat":43.091437394}},{"arcs":[[355]],"type":"Polygon","properties":{"polygon_uuid":"cb25b465-98ba-4020-b6ae-182a700bd629","land_type":200,"issue_year":2024,"edit_year":2020,"history":"[{\"筆ポリゴンID\":\"5ffc4965-73f0-452a-a37c-8288d53b7b20\",\"更新年度\":2023,\"前年同一\":true},[{\"筆ポリゴンID\":\"acbcdeb9-e80f-4060-9fe3-041c4a7472d2\",\"更新年度\":2022,\"前年同一\":true},[{\"筆ポリゴンID\":\"297f2430-b7f5-41e4-900f-c7058e19c618\",\"更新年度\":2021,\"前年同一\":true},{\"筆ポリゴンID\":\"297f2430-b7f5-41e4-900f-c7058e19c618\",\"発生年度\":2020}]]]","last_polygon_uuid":"5ffc4965-73f0-452a-a37c-8288d53b7b20","prev_last_polygon_uuid":"acbcdeb9-e80f-4060-9fe3-041c4a7472d2","local_government_cd":"016616","point_lng":144.655352004,"point_lat":42.974246856}},{"arcs":[[356]],"type":"Polygon","properties":{"polygon_uuid":"9046b421-1f14-4a4d-aa6b-a9c9e57defcf","land_type":200,"issue_year":2024,"edit_year":2020,"history":"[{\"筆ポリゴンID\":\"79aeb6d6-6fca-449d-b0f6-c4aec29331de\",\"更新年度\":2023,\"前年同一\":true},[{\"筆ポリゴンID\":\"acab132c-a22a-4966-a874-1d1ff1719542\",\"更新年度\":2022,\"前年同一\":true},[{\"筆ポリゴンID\":\"7f898d3b-35e2-48fc-a18d-c0994309cd7e\",\"更新年度\":2021,\"前年同一\":true},{\"筆ポリゴンID\":\"7f898d3b-35e2-48fc-a18d-c0994309cd7e\",\"発生年度\":2020}]]]","last_polygon_uuid":"79aeb6d6-6fca-449d-b0f6-c4aec29331de","prev_last_polygon_uuid":"acab132c-a22a-4966-a874-1d1ff1719542","local_government_cd":"016616","point_lng":144.452614751,"point_lat":43.011394773}},{"arcs":[[357]],"type":"Polygon","properties":{"polygon_uuid":"0192a53d-90cf-4458-8624-a98f907d5479","land_type":200,"issue_year":2024,"edit_year":2020,"history":"[{\"筆ポリゴンID\":\"29dba5c4-410e-421e-b010-dd3ef6fdc95c\",\"更新年度\":2023,\"前年同一\":true},[{\"筆ポリゴンID\":\"4d739c54-0966-4b02-b26d-06262e8a7a60\",\"更新年度\":2022,\"前年同一\":true},[{\"筆ポリゴンID\":\"9a800194-556e-4f17-b7ff-2084dc1e32b8\",\"更新年度\":2021,\"前年同一\":true},{\"筆ポリゴンID\":\"9a800194-556e-4f17-b7ff-2084dc1e32b8\",\"発生年度\":2020}]]]","last_polygon_uuid":"29dba5c4-410e-421e-b010-dd3ef6fdc95c","prev_last_polygon_uuid":"4d739c54-0966-4b02-b26d-06262e8a7a60","local_government_cd":"016616","point_lng":144.461551789,"point_lat":43.003780761}},{"arcs":[[358]],"type":"Polygon","properties":{"polygon_uuid":"5ab9f6a0-1097-4910-b821-c3f614b7d8fc","land_type":200,"issue_year":2024,"edit_year":2020,"history":"[{\"筆ポリゴンID\":\"95ca3897-e950-481d-8a38-7f37d5eefcc7\",\"更新年度\":2023,\"前年同一\":true},[{\"筆ポリゴンID\":\"ae8aa31a-5d14-4f4b-a9d3-3e5cb6c2b2ba\",\"更新年度\":2022,\"前年同一\":true},[{\"筆ポリゴンID\":\"861b6f64-f90a-4f0e-b406-8b37667f50ae\",\"更新年度\":2021,\"前年同一\":true},{\"筆ポリゴンID\":\"861b6f64-f90a-4f0e-b406-8b37667f50ae\",\"発生年度\":2020}]]]","last_polygon_uuid":"95ca3897-e950-481d-8a38-7f37d5eefcc7","prev_last_polygon_uuid":"ae8aa31a-5d14-4f4b-a9d3-3e5cb6c2b2ba","local_government_cd":"016616","point_lng":144.542948712,"point_lat":43.055303402}},{"arcs":[[359]],"type":"Polygon","properties":{"polygon_uuid":"e3ae00a8-43a7-4cbb-ad11-dcead50a14cf","land_type":200,"issue_year":2024,"edit_year":2020,"history":"[{\"筆ポリゴンID\":\"0b16b29c-96ae-49cb-9082-3f573312a9f8\",\"更新年度\":2023,\"前年同一\":true},[{\"筆ポリゴンID\":\"90d633cb-eb13-48d8-832b-a0ed335406b4\",\"更新年度\":2022,\"前年同一\":true},[{\"筆ポリゴンID\":\"6802d11f-8e6e-4c05-a54f-d6f7bfe57d40\",\"更新年度\":2021,\"前年同一\":true},{\"筆ポリゴンID\":\"6802d11f-8e6e-4c05-a54f-d6f7bfe57d40\",\"発生年度\":2020}]]]","last_polygon_uuid":"0b16b29c-96ae-49cb-9082-3f573312a9f8","prev_last_polygon_uuid":"90d633cb-eb13-48d8-832b-a0ed335406b4","local_government_cd":"016616","point_lng":144.670425703,"point_lat":42.970098324}},{"arcs":[[360]],"type":"Polygon","properties":{"polygon_uuid":"25b7a452-3048-4199-8c3f-a113cb44d694","land_type":200,"issue_year":2024,"edit_year":2020,"history":"[{\"筆ポリゴンID\":\"8b713d58-03f2-424a-ba7f-d01ffcb5b537\",\"更新年度\":2023,\"前年同一\":true},[{\"筆ポリゴンID\":\"b828035a-f823-4ac0-8257-19167ef7097c\",\"更新年度\":2022,\"前年同一\":true},[{\"筆ポリゴンID\":\"c3a0b5d4-12b2-446f-81c1-9b184256f7b1\",\"更新年度\":2021,\"前年同一\":true},{\"筆ポリゴンID\":\"c3a0b5d4-12b2-446f-81c1-9b184256f7b1\",\"発生年度\":2020}]]]","last_polygon_uuid":"8b713d58-03f2-424a-ba7f-d01ffcb5b537","prev_last_polygon_uuid":"b828035a-f823-4ac0-8257-19167ef7097c","local_government_cd":"016616","point_lng":144.520506519,"point_lat":43.013103445}},{"arcs":[[361]],"type":"Polygon","properties":{"polygon_uuid":"ce81c7a7-f6f4-4992-8801-af61c0abbe74","land_type":200,"issue_year":2024,"edit_year":2020,"history":"[{\"筆ポリゴンID\":\"a659e29d-2685-4367-bc24-3dba627ac8c2\",\"更新年度\":2023,\"前年同一\":true},[{\"筆ポリゴンID\":\"e540a3b7-3abc-4655-871e-8ca4e5ece9a8\",\"更新年度\":2022,\"前年同一\":true},[{\"筆ポリゴンID\":\"69a4a0d0-65f2-4190-aa8c-a5ce04ae6d3d\",\"更新年度\":2021,\"前年同一\":true},{\"筆ポリゴンID\":\"69a4a0d0-65f2-4190-aa8c-a5ce04ae6d3d\",\"発生年度\":2020}]]]","last_polygon_uuid":"a659e29d-2685-4367-bc24-3dba627ac8c2","prev_last_polygon_uuid":"e540a3b7-3abc-4655-871e-8ca4e5ece9a8","local_government_cd":"016616","point_lng":144.557315504,"point_lat":43.054888911}},{"arcs":[[362]],"type":"Polygon","properties":{"polygon_uuid":"ab560da9-a1fb-415b-9f68-b150869aaf10","land_type":200,"issue_year":2024,"edit_year":2020,"history":"[{\"筆ポリゴンID\":\"afb845f8-0b68-43d3-bfe5-24b064ed6ca1\",\"更新年度\":2023,\"前年同一\":true},[{\"筆ポリゴンID\":\"869e1b53-6886-486b-8b66-46ef61787391\",\"更新年度\":2022,\"前年同一\":true},[{\"筆ポリゴンID\":\"501b8099-619a-4749-940b-1e7125de28bc\",\"更新年度\":2021,\"前年同一\":true},{\"筆ポリゴンID\":\"501b8099-619a-4749-940b-1e7125de28bc\",\"発生年度\":2020}]]]","last_polygon_uuid":"afb845f8-0b68-43d3-bfe5-24b064ed6ca1","prev_last_polygon_uuid":"869e1b53-6886-486b-8b66-46ef61787391","local_government_cd":"016616","point_lng":144.670650053,"point_lat":42.965932033}},{"arcs":[[363]],"type":"Polygon","properties":{"polygon_uuid":"20c681cb-964d-40c7-a89d-631a70737061","land_type":200,"issue_year":2024,"edit_year":2020,"history":"[{\"筆ポリゴンID\":\"7b1b7128-6fe9-4b9f-9c1d-f71671a09c96\",\"更新年度\":2023,\"前年同一\":true},[{\"筆ポリゴンID\":\"54cf81a2-f9d2-4fa8-ba67-83a3505d9ff3\",\"更新年度\":2022,\"前年同一\":true},[{\"筆ポリゴンID\":\"0f07d379-493b-4627-a0dd-915b52b744d2\",\"更新年度\":2021,\"前年同一\":true},{\"筆ポリゴンID\":\"0f07d379-493b-4627-a0dd-915b52b744d2\",\"発生年度\":2020}]]]","last_polygon_uuid":"7b1b7128-6fe9-4b9f-9c1d-f71671a09c96","prev_last_polygon_uuid":"54cf81a2-f9d2-4fa8-ba67-83a3505d9ff3","local_government_cd":"016616","point_lng":144.520579533,"point_lat":43.01779422}},{"arcs":[[364]],"type":"Polygon","properties":{"polygon_uuid":"3c858ade-84f2-4372-a3b9-d7ac88462835","land_type":200,"issue_year":2024,"edit_year":2020,"history":"[{\"筆ポリゴンID\":\"83650d5f-9200-40c7-b970-2d522abc8517\",\"更新年度\":2023,\"前年同一\":true},[{\"筆ポリゴンID\":\"dd6e8013-6976-499e-8e5b-8d75bc987e46\",\"更新年度\":2022,\"前年同一\":true},[{\"筆ポリゴンID\":\"96dbaa92-deb9-457d-9e70-8d8fb0565cf0\",\"更新年度\":2021,\"前年同一\":true},{\"筆ポリゴンID\":\"96dbaa92-deb9-457d-9e70-8d8fb0565cf0\",\"発生年度\":2020}]]]","last_polygon_uuid":"83650d5f-9200-40c7-b970-2d522abc8517","prev_last_polygon_uuid":"dd6e8013-6976-499e-8e5b-8d75bc987e46","local_government_cd":"016616","point_lng":144.501060328,"point_lat":43.088005795}},{"arcs":[[365]],"type":"Polygon","properties":{"polygon_uuid":"dcde7ffe-eedf-413a-8f00-8f6bbfdcdbe5","land_type":200,"issue_year":2024,"edit_year":2020,"history":"[{\"筆ポリゴンID\":\"afe89878-141f-4759-8c82-e16cfda30cca\",\"更新年度\":2023,\"前年同一\":true},[{\"筆ポリゴンID\":\"c543f5d9-ab08-4d3b-9f1c-b466cca3bbe7\",\"更新年度\":2022,\"前年同一\":true},[{\"筆ポリゴンID\":\"06d2b14c-28d6-4237-8623-926619f56262\",\"更新年度\":2021,\"前年同一\":true},{\"筆ポリゴンID\":\"06d2b14c-28d6-4237-8623-926619f56262\",\"発生年度\":2020}]]]","last_polygon_uuid":"afe89878-141f-4759-8c82-e16cfda30cca","prev_last_polygon_uuid":"c543f5d9-ab08-4d3b-9f1c-b466cca3bbe7","local_government_cd":"016616","point_lng":144.521775231,"point_lat":43.037306672}},{"arcs":[[366]],"type":"Polygon","properties":{"polygon_uuid":"b43164e8-3bdb-46aa-ae57-def848da95d8","land_type":200,"issue_year":2024,"edit_year":2020,"history":"[{\"筆ポリゴンID\":\"f70efa0c-48cf-40c0-8db9-aa833bea1a1e\",\"更新年度\":2023,\"前年同一\":true},[{\"筆ポリゴンID\":\"a3203da8-17d3-4b88-bc3a-36e1d6a417c3\",\"更新年度\":2022,\"前年同一\":true},[{\"筆ポリゴンID\":\"a2173e54-fd91-4a72-b6a5-bbcf1a0b219c\",\"更新年度\":2021,\"前年同一\":true},{\"筆ポリゴンID\":\"a2173e54-fd91-4a72-b6a5-bbcf1a0b219c\",\"発生年度\":2020}]]]","last_polygon_uuid":"f70efa0c-48cf-40c0-8db9-aa833bea1a1e","prev_last_polygon_uuid":"a3203da8-17d3-4b88-bc3a-36e1d6a417c3","local_government_cd":"016616","point_lng":144.428132909,"point_lat":43.07252336}},{"arcs":[[367]],"type":"Polygon","properties":{"polygon_uuid":"3d8f2ebb-ed7b-4d30-97ed-076205d6f367","land_type":200,"issue_year":2024,"edit_year":2020,"history":"[{\"筆ポリゴンID\":\"b05812d2-4ae0-40dd-bed8-5d716f0c4c9b\",\"更新年度\":2023,\"前年同一\":true},[{\"筆ポリゴンID\":\"98355018-062c-4b3f-be78-508f423845bf\",\"更新年度\":2022,\"前年同一\":true},[{\"筆ポリゴンID\":\"afc950fa-2321-448f-934f-2deffda0a272\",\"更新年度\":2021,\"前年同一\":true},{\"筆ポリゴンID\":\"afc950fa-2321-448f-934f-2deffda0a272\",\"発生年度\":2020}]]]","last_polygon_uuid":"b05812d2-4ae0-40dd-bed8-5d716f0c4c9b","prev_last_polygon_uuid":"98355018-062c-4b3f-be78-508f423845bf","local_government_cd":"016616","point_lng":144.657176983,"point_lat":42.974569095}},{"arcs":[[368]],"type":"Polygon","properties":{"polygon_uuid":"34649dac-7f94-4cb7-852f-118f5e7ee34b","land_type":200,"issue_year":2024,"edit_year":2020,"history":"[{\"筆ポリゴンID\":\"62dc6cf7-f013-4130-b281-cd61d4abedcd\",\"更新年度\":2023,\"前年同一\":true},[{\"筆ポリゴンID\":\"9f8725cc-7a26-4ec7-884f-aef0f98c99f6\",\"更新年度\":2022,\"前年同一\":true},[{\"筆ポリゴンID\":\"09c8d704-9666-42aa-8c8d-3ecb8c505687\",\"更新年度\":2021,\"前年同一\":true},{\"筆ポリゴンID\":\"09c8d704-9666-42aa-8c8d-3ecb8c505687\",\"発生年度\":2020}]]]","last_polygon_uuid":"62dc6cf7-f013-4130-b281-cd61d4abedcd","prev_last_polygon_uuid":"9f8725cc-7a26-4ec7-884f-aef0f98c99f6","local_government_cd":"016616","point_lng":144.50311965,"point_lat":43.095722126}},{"arcs":[[369]],"type":"Polygon","properties":{"polygon_uuid":"d80da717-b006-4076-9254-42786372b1cc","land_type":200,"issue_year":2024,"edit_year":2020,"history":"[{\"筆ポリゴンID\":\"67cd1389-befc-46ad-a700-7ea446dd0935\",\"更新年度\":2023,\"前年同一\":true},[{\"筆ポリゴンID\":\"1330ec5c-562c-46cf-b900-7461156a6ab6\",\"更新年度\":2022,\"前年同一\":true},[{\"筆ポリゴンID\":\"547656e4-3c33-4666-99b4-db0de7bf6473\",\"更新年度\":2021,\"前年同一\":true},{\"筆ポリゴンID\":\"547656e4-3c33-4666-99b4-db0de7bf6473\",\"発生年度\":2020}]]]","last_polygon_uuid":"67cd1389-befc-46ad-a700-7ea446dd0935","prev_last_polygon_uuid":"1330ec5c-562c-46cf-b900-7461156a6ab6","local_government_cd":"016616","point_lng":144.438143338,"point_lat":43.061763025}},{"arcs":[[370]],"type":"Polygon","properties":{"polygon_uuid":"18f5b1a0-72a3-4000-b672-b08594b97d17","land_type":200,"issue_year":2024,"edit_year":2020,"history":"[{\"筆ポリゴンID\":\"3764e057-9d16-4933-8976-a77c0daf86ea\",\"更新年度\":2023,\"前年同一\":true},[{\"筆ポリゴンID\":\"e962c86e-8f55-4c80-a332-1c70ab1e1ad1\",\"更新年度\":2022,\"前年同一\":true},[{\"筆ポリゴンID\":\"3062de6d-6591-4ea5-93d4-612a69b402dc\",\"更新年度\":2021,\"前年同一\":true},{\"筆ポリゴンID\":\"3062de6d-6591-4ea5-93d4-612a69b402dc\",\"発生年度\":2020}]]]","last_polygon_uuid":"3764e057-9d16-4933-8976-a77c0daf86ea","prev_last_polygon_uuid":"e962c86e-8f55-4c80-a332-1c70ab1e1ad1","local_government_cd":"016616","point_lng":144.471119839,"point_lat":43.002203668}},{"arcs":[[371]],"type":"Polygon","properties":{"polygon_uuid":"11fd2883-5361-4921-b101-59f0dcd23557","land_type":200,"issue_year":2024,"edit_year":2020,"history":"[{\"筆ポリゴンID\":\"3ac2fe6c-1e04-4494-90a6-794d033f2a45\",\"更新年度\":2023,\"前年同一\":true},[{\"筆ポリゴンID\":\"dc3acf52-4659-4c8d-b6b9-35210395a1ac\",\"更新年度\":2022,\"前年同一\":true},[{\"筆ポリゴンID\":\"6e144b99-5a0c-468d-9c01-ba69b9a03abd\",\"更新年度\":2021,\"前年同一\":true},{\"筆ポリゴンID\":\"6e144b99-5a0c-468d-9c01-ba69b9a03abd\",\"発生年度\":2020}]]]","last_polygon_uuid":"3ac2fe6c-1e04-4494-90a6-794d033f2a45","prev_last_polygon_uuid":"dc3acf52-4659-4c8d-b6b9-35210395a1ac","local_government_cd":"016616","point_lng":144.500030604,"point_lat":43.0556511}},{"arcs":[[372]],"type":"Polygon","properties":{"polygon_uuid":"d8c08ee8-7646-42e2-9b6f-d926cf0387a9","land_type":200,"issue_year":2024,"edit_year":2020,"history":"[{\"筆ポリゴンID\":\"d304bd87-db34-44f9-9a5d-748bb92826b9\",\"更新年度\":2023,\"前年同一\":true},[{\"筆ポリゴンID\":\"fb525672-26b4-4659-a9ef-13e13b11ba55\",\"更新年度\":2022,\"前年同一\":true},[{\"筆ポリゴンID\":\"37a95b9c-6750-459c-a0bb-e7c911b516e2\",\"更新年度\":2021,\"前年同一\":true},{\"筆ポリゴンID\":\"37a95b9c-6750-459c-a0bb-e7c911b516e2\",\"発生年度\":2020}]]]","last_polygon_uuid":"d304bd87-db34-44f9-9a5d-748bb92826b9","prev_last_polygon_uuid":"fb525672-26b4-4659-a9ef-13e13b11ba55","local_government_cd":"016616","point_lng":144.692255307,"point_lat":42.974830051}},{"arcs":[[373]],"type":"Polygon","properties":{"polygon_uuid":"37539182-4e8a-489f-8b66-d85762d40fe1","land_type":200,"issue_year":2024,"edit_year":2020,"history":"[{\"筆ポリゴンID\":\"08d76cb4-2381-4aee-ada8-d4b133447ebf\",\"更新年度\":2023,\"前年同一\":true},[{\"筆ポリゴンID\":\"1a00e97f-9780-4cd4-a403-890b00580e40\",\"更新年度\":2022,\"前年同一\":true},[{\"筆ポリゴンID\":\"2c9e81cc-d0b7-45fa-804e-bfd86d19b174\",\"更新年度\":2021,\"前年同一\":true},{\"筆ポリゴンID\":\"2c9e81cc-d0b7-45fa-804e-bfd86d19b174\",\"発生年度\":2020}]]]","last_polygon_uuid":"08d76cb4-2381-4aee-ada8-d4b133447ebf","prev_last_polygon_uuid":"1a00e97f-9780-4cd4-a403-890b00580e40","local_government_cd":"016616","point_lng":144.500465354,"point_lat":43.056510419}},{"arcs":[[374]],"type":"Polygon","properties":{"polygon_uuid":"1a3db104-fd11-4c89-bf75-a81785b7ce80","land_type":200,"issue_year":2024,"edit_year":2020,"history":"[{\"筆ポリゴンID\":\"748113aa-1f13-47fb-8539-391e4931d81e\",\"更新年度\":2023,\"前年同一\":true},[{\"筆ポリゴンID\":\"55f20b9a-2f98-4141-afa0-1ab3424406e0\",\"更新年度\":2022,\"前年同一\":true},[{\"筆ポリゴンID\":\"e6177dbf-e6f4-42ab-85c4-d80c1493af43\",\"更新年度\":2021,\"前年同一\":true},{\"筆ポリゴンID\":\"e6177dbf-e6f4-42ab-85c4-d80c1493af43\",\"発生年度\":2020}]]]","last_polygon_uuid":"748113aa-1f13-47fb-8539-391e4931d81e","prev_last_polygon_uuid":"55f20b9a-2f98-4141-afa0-1ab3424406e0","local_government_cd":"016616","point_lng":144.482888554,"point_lat":43.081526721}},{"arcs":[[375]],"type":"Polygon","properties":{"polygon_uuid":"81f84f9c-13d0-437b-97fd-97619818a0e9","land_type":200,"issue_year":2024,"edit_year":2020,"history":"[{\"筆ポリゴンID\":\"180b01ad-4d93-494a-8c92-74fdebc5a5f4\",\"更新年度\":2023,\"前年同一\":true},[{\"筆ポリゴンID\":\"eee20bdf-0f5c-4b9e-ac57-846a08b75731\",\"更新年度\":2022,\"前年同一\":true},[{\"筆ポリゴンID\":\"e3bff550-82a1-472c-a827-e4c5460af34c\",\"更新年度\":2021,\"前年同一\":true},{\"筆ポリゴンID\":\"e3bff550-82a1-472c-a827-e4c5460af34c\",\"発生年度\":2020}]]]","last_polygon_uuid":"180b01ad-4d93-494a-8c92-74fdebc5a5f4","prev_last_polygon_uuid":"eee20bdf-0f5c-4b9e-ac57-846a08b75731","local_government_cd":"016616","point_lng":144.472318907,"point_lat":43.001994043}},{"arcs":[[376]],"type":"Polygon","properties":{"polygon_uuid":"4b4aa0a3-e946-4020-b0f1-9e190881b552","land_type":200,"issue_year":2024,"edit_year":2020,"history":"[{\"筆ポリゴンID\":\"2e35d191-3fe1-48b2-91a7-61ed3b867d58\",\"更新年度\":2023,\"前年同一\":true},[{\"筆ポリゴンID\":\"a5767f94-7ca6-4c57-b310-72a4cfa70f11\",\"更新年度\":2022,\"前年同一\":true},[{\"筆ポリゴンID\":\"a9bf9aee-fbb7-4a42-9e15-839735f5533f\",\"更新年度\":2021,\"前年同一\":true},{\"筆ポリゴンID\":\"a9bf9aee-fbb7-4a42-9e15-839735f5533f\",\"発生年度\":2020}]]]","last_polygon_uuid":"2e35d191-3fe1-48b2-91a7-61ed3b867d58","prev_last_polygon_uuid":"a5767f94-7ca6-4c57-b310-72a4cfa70f11","local_government_cd":"016616","point_lng":144.499499017,"point_lat":43.054654657}},{"arcs":[[377]],"type":"Polygon","properties":{"polygon_uuid":"76cb4613-cfdb-4a0a-b846-4811ebafb27b","land_type":200,"issue_year":2024,"edit_year":2020,"history":"[{\"筆ポリゴンID\":\"0fbb1141-bc52-44af-ab45-346a53be3d2b\",\"更新年度\":2023,\"前年同一\":true},[{\"筆ポリゴンID\":\"1193fe1a-230b-40a8-ad02-7bf63a04334e\",\"更新年度\":2022,\"前年同一\":true},[{\"筆ポリゴンID\":\"02baf7aa-7a26-4bca-8f43-a8e147b5b41f\",\"更新年度\":2021,\"前年同一\":true},{\"筆ポリゴンID\":\"02baf7aa-7a26-4bca-8f43-a8e147b5b41f\",\"発生年度\":2020}]]]","last_polygon_uuid":"0fbb1141-bc52-44af-ab45-346a53be3d2b","prev_last_polygon_uuid":"1193fe1a-230b-40a8-ad02-7bf63a04334e","local_government_cd":"016616","point_lng":144.515604043,"point_lat":43.043773871}},{"arcs":[[378]],"type":"Polygon","properties":{"polygon_uuid":"044bbcaf-e15d-45ac-8216-9c42ea4aed4f","land_type":200,"issue_year":2024,"edit_year":2020,"history":"[{\"筆ポリゴンID\":\"0cf51355-22d5-48e7-ba0d-ddd4e2242287\",\"更新年度\":2023,\"前年同一\":true},[{\"筆ポリゴンID\":\"1354a3e1-9f6c-4086-9321-2e224f2737d0\",\"更新年度\":2022,\"前年同一\":true},[{\"筆ポリゴンID\":\"9ec6c04c-e5ad-49dd-9e42-caf953efb072\",\"更新年度\":2021,\"前年同一\":true},{\"筆ポリゴンID\":\"9ec6c04c-e5ad-49dd-9e42-caf953efb072\",\"発生年度\":2020}]]]","last_polygon_uuid":"0cf51355-22d5-48e7-ba0d-ddd4e2242287","prev_last_polygon_uuid":"1354a3e1-9f6c-4086-9321-2e224f2737d0","local_government_cd":"016616","point_lng":144.441644126,"point_lat":43.012502279}},{"arcs":[[379]],"type":"Polygon","properties":{"polygon_uuid":"e05dc6ed-7f33-4a71-a174-426ea131155b","land_type":200,"issue_year":2024,"edit_year":2020,"history":"[{\"筆ポリゴンID\":\"b8407d7b-b6c5-43ae-8198-9fcd1e8ea2ba\",\"更新年度\":2023,\"前年同一\":true},[{\"筆ポリゴンID\":\"6abe8c35-a0a5-42bb-8485-cda167c001ac\",\"更新年度\":2022,\"前年同一\":true},[{\"筆ポリゴンID\":\"460102f0-e6cc-4071-a20e-2076cab2866b\",\"更新年度\":2021,\"前年同一\":true},{\"筆ポリゴンID\":\"460102f0-e6cc-4071-a20e-2076cab2866b\",\"発生年度\":2020}]]]","last_polygon_uuid":"b8407d7b-b6c5-43ae-8198-9fcd1e8ea2ba","prev_last_polygon_uuid":"6abe8c35-a0a5-42bb-8485-cda167c001ac","local_government_cd":"016616","point_lng":144.509902568,"point_lat":43.087705554}},{"arcs":[[380]],"type":"Polygon","properties":{"polygon_uuid":"13341299-a89c-496b-ade5-166eca978d4d","land_type":200,"issue_year":2024,"edit_year":2020,"history":"[{\"筆ポリゴンID\":\"0dda4518-f0f6-4a25-9762-b7726b2c0974\",\"更新年度\":2023,\"前年同一\":true},[{\"筆ポリゴンID\":\"3c811f50-4c22-4a8b-a9fc-3105be3ad88a\",\"更新年度\":2022,\"前年同一\":true},[{\"筆ポリゴンID\":\"c6bddb60-4bb7-4996-9efb-0354396795c9\",\"更新年度\":2021,\"前年同一\":true},{\"筆ポリゴンID\":\"c6bddb60-4bb7-4996-9efb-0354396795c9\",\"発生年度\":2020}]]]","last_polygon_uuid":"0dda4518-f0f6-4a25-9762-b7726b2c0974","prev_last_polygon_uuid":"3c811f50-4c22-4a8b-a9fc-3105be3ad88a","local_government_cd":"016616","point_lng":144.429718482,"point_lat":43.066471206}},{"arcs":[[381]],"type":"Polygon","properties":{"polygon_uuid":"672e4ec9-2c28-4111-a2a6-293f1db44bb9","land_type":200,"issue_year":2024,"edit_year":2020,"history":"[{\"筆ポリゴンID\":\"e63023f3-3900-43f4-a7bb-b867229624c0\",\"更新年度\":2023,\"前年同一\":true},[{\"筆ポリゴンID\":\"75b4f583-34ae-46c6-9647-3fdb716345e2\",\"更新年度\":2022,\"前年同一\":true},[{\"筆ポリゴンID\":\"4817efd0-0e8e-4113-8a53-e4b5bcf7916d\",\"更新年度\":2021,\"前年同一\":true},{\"筆ポリゴンID\":\"4817efd0-0e8e-4113-8a53-e4b5bcf7916d\",\"発生年度\":2020}]]]","last_polygon_uuid":"e63023f3-3900-43f4-a7bb-b867229624c0","prev_last_polygon_uuid":"75b4f583-34ae-46c6-9647-3fdb716345e2","local_government_cd":"016616","point_lng":144.474820962,"point_lat":43.091284844}},{"arcs":[[382]],"type":"Polygon","properties":{"polygon_uuid":"5a8a176a-568a-4971-8d6a-4b58dbfdaaa8","land_type":200,"issue_year":2024,"edit_year":2020,"history":"[{\"筆ポリゴンID\":\"b7fcb45d-b545-497f-9408-75da4343bd07\",\"更新年度\":2023,\"前年同一\":true},[{\"筆ポリゴンID\":\"eb8c5000-891b-4392-94dd-f99eeffa8a5c\",\"更新年度\":2022,\"前年同一\":true},[{\"筆ポリゴンID\":\"7e2d6674-da15-4d31-838c-d06ee8143ddb\",\"更新年度\":2021,\"前年同一\":true},{\"筆ポリゴンID\":\"7e2d6674-da15-4d31-838c-d06ee8143ddb\",\"発生年度\":2020}]]]","last_polygon_uuid":"b7fcb45d-b545-497f-9408-75da4343bd07","prev_last_polygon_uuid":"eb8c5000-891b-4392-94dd-f99eeffa8a5c","local_government_cd":"016616","point_lng":144.440234784,"point_lat":43.016439449}},{"arcs":[[383]],"type":"Polygon","properties":{"polygon_uuid":"a2caca3a-f5dc-4fb6-9f71-3884a6634c4c","land_type":200,"issue_year":2024,"edit_year":2020,"history":"[{\"筆ポリゴンID\":\"9a419d4d-9b72-4242-acbb-e6d947f15603\",\"更新年度\":2023,\"前年同一\":true},[{\"筆ポリゴンID\":\"599bdab2-0e2e-4443-8a9d-bc046e8056f1\",\"更新年度\":2022,\"前年同一\":true},[{\"筆ポリゴンID\":\"bcc5304e-a8a5-4fe2-8e63-bfa53258cd7a\",\"更新年度\":2021,\"前年同一\":true},{\"筆ポリゴンID\":\"bcc5304e-a8a5-4fe2-8e63-bfa53258cd7a\",\"発生年度\":2020}]]]","last_polygon_uuid":"9a419d4d-9b72-4242-acbb-e6d947f15603","prev_last_polygon_uuid":"599bdab2-0e2e-4443-8a9d-bc046e8056f1","local_government_cd":"016616","point_lng":144.447985199,"point_lat":43.021051453}},{"arcs":[[384]],"type":"Polygon","properties":{"polygon_uuid":"fba64b08-719d-4147-94e0-c93c9ff6da9e","land_type":200,"issue_year":2024,"edit_year":2020,"history":"[{\"筆ポリゴンID\":\"c5d1a1bc-77f2-4fda-9bad-499a8b93a4d1\",\"更新年度\":2023,\"前年同一\":true},[{\"筆ポリゴンID\":\"06e00126-1a1f-42b5-bd9c-49facadac4b0\",\"更新年度\":2022,\"前年同一\":true},[{\"筆ポリゴンID\":\"c17ff3a1-b615-4458-9c81-b983713c0434\",\"更新年度\":2021,\"前年同一\":true},{\"筆ポリゴンID\":\"c17ff3a1-b615-4458-9c81-b983713c0434\",\"発生年度\":2020}]]]","last_polygon_uuid":"c5d1a1bc-77f2-4fda-9bad-499a8b93a4d1","prev_last_polygon_uuid":"06e00126-1a1f-42b5-bd9c-49facadac4b0","local_government_cd":"016616","point_lng":144.420257976,"point_lat":43.074820384}},{"arcs":[[-34,385]],"type":"Polygon","properties":{"polygon_uuid":"1b8ebd8e-6b3f-4029-a01c-85c0dc9f776f","land_type":200,"issue_year":2024,"edit_year":2021,"history":"[{\"筆ポリゴンID\":\"5c6ab3ad-218e-41e6-95a7-c2b1f0491c96\",\"更新年度\":2023,\"前年同一\":true},[{\"筆ポリゴンID\":\"58110b1e-0922-4d15-9c6c-114a7bdf3106\",\"更新年度\":2022,\"前年同一\":true},[{\"筆ポリゴンID\":\"45a1e913-78dd-4062-809c-a5db2584ea0f\",\"更新年度\":2021,\"関連\":true},{\"筆ポリゴンID\":\"45a1e913-78dd-4062-809c-a5db2584ea0f\",\"発生年度\":2020}]]]","last_polygon_uuid":"5c6ab3ad-218e-41e6-95a7-c2b1f0491c96","prev_last_polygon_uuid":"58110b1e-0922-4d15-9c6c-114a7bdf3106","local_government_cd":"016616","point_lng":144.527126607,"point_lat":43.054543036}},{"arcs":[[386]],"type":"Polygon","properties":{"polygon_uuid":"daed194f-7ff6-4bff-99d6-57b77a6a079d","land_type":200,"issue_year":2024,"edit_year":2020,"history":"[{\"筆ポリゴンID\":\"957aa9b2-7607-43eb-a02b-deec731547ec\",\"更新年度\":2023,\"前年同一\":true},[{\"筆ポリゴンID\":\"2f4891db-e836-4cbf-8445-c19c91f1fdcf\",\"更新年度\":2022,\"前年同一\":true},[{\"筆ポリゴンID\":\"a4ba6969-a2e9-4373-9f3e-e7ee15186d78\",\"更新年度\":2021,\"前年同一\":true},{\"筆ポリゴンID\":\"a4ba6969-a2e9-4373-9f3e-e7ee15186d78\",\"発生年度\":2020}]]]","last_polygon_uuid":"957aa9b2-7607-43eb-a02b-deec731547ec","prev_last_polygon_uuid":"2f4891db-e836-4cbf-8445-c19c91f1fdcf","local_government_cd":"016616","point_lng":144.41688746,"point_lat":43.06346767}},{"arcs":[[387]],"type":"Polygon","properties":{"polygon_uuid":"dbae43d5-2bee-4ef7-950c-547287238c62","land_type":200,"issue_year":2024,"edit_year":2020,"history":"[{\"筆ポリゴンID\":\"86191627-b2ef-45ff-90c8-1cd465705152\",\"更新年度\":2023,\"前年同一\":true},[{\"筆ポリゴンID\":\"4afa2776-e24b-4b1a-8493-f71340522f82\",\"更新年度\":2022,\"前年同一\":true},[{\"筆ポリゴンID\":\"c73aa663-177f-482d-a7a8-62800670323c\",\"更新年度\":2021,\"前年同一\":true},{\"筆ポリゴンID\":\"c73aa663-177f-482d-a7a8-62800670323c\",\"発生年度\":2020}]]]","last_polygon_uuid":"86191627-b2ef-45ff-90c8-1cd465705152","prev_last_polygon_uuid":"4afa2776-e24b-4b1a-8493-f71340522f82","local_government_cd":"016616","point_lng":144.430076216,"point_lat":43.064339755}},{"arcs":[[388]],"type":"Polygon","properties":{"polygon_uuid":"8ac8a334-35c4-40ef-a325-15b839227a99","land_type":200,"issue_year":2024,"edit_year":2020,"history":"[{\"筆ポリゴンID\":\"3956ec0b-652b-4298-b486-6fe692288925\",\"更新年度\":2023,\"前年同一\":true},[{\"筆ポリゴンID\":\"3d10767a-45ab-4e08-89da-de514da90171\",\"更新年度\":2022,\"前年同一\":true},[{\"筆ポリゴンID\":\"32492538-3545-498d-a3a5-ba25257d4c38\",\"更新年度\":2021,\"前年同一\":true},{\"筆ポリゴンID\":\"32492538-3545-498d-a3a5-ba25257d4c38\",\"発生年度\":2020}]]]","last_polygon_uuid":"3956ec0b-652b-4298-b486-6fe692288925","prev_last_polygon_uuid":"3d10767a-45ab-4e08-89da-de514da90171","local_government_cd":"016616","point_lng":144.469597574,"point_lat":43.018131648}},{"arcs":[[389]],"type":"Polygon","properties":{"polygon_uuid":"e966642b-19da-4b36-9332-612694bf16a2","land_type":200,"issue_year":2024,"edit_year":2020,"history":"[{\"筆ポリゴンID\":\"b5cb3245-c629-4a91-913d-4411d591998c\",\"更新年度\":2023,\"前年同一\":true},[{\"筆ポリゴンID\":\"dd2d7206-8ab7-4772-9965-4f4da9e3d335\",\"更新年度\":2022,\"前年同一\":true},[{\"筆ポリゴンID\":\"5fdb24f7-022f-485d-8532-53a4fc12f173\",\"更新年度\":2021,\"前年同一\":true},{\"筆ポリゴンID\":\"5fdb24f7-022f-485d-8532-53a4fc12f173\",\"発生年度\":2020}]]]","last_polygon_uuid":"b5cb3245-c629-4a91-913d-4411d591998c","prev_last_polygon_uuid":"dd2d7206-8ab7-4772-9965-4f4da9e3d335","local_government_cd":"016616","point_lng":144.683070473,"point_lat":42.960513378}},{"arcs":[[390]],"type":"Polygon","properties":{"polygon_uuid":"e19d11a8-2d7f-44f0-8fbe-1f72c7923ad1","land_type":200,"issue_year":2024,"edit_year":2020,"history":"[{\"筆ポリゴンID\":\"714eaf87-2a77-4ea1-9b24-e5c6a52361c6\",\"更新年度\":2023,\"前年同一\":true},[{\"筆ポリゴンID\":\"d83a0636-4c76-4df5-8b12-8b9b7fa4fa0f\",\"更新年度\":2022,\"前年同一\":true},[{\"筆ポリゴンID\":\"e2792d0d-1eb3-406d-bfc9-7c3cb081dd4d\",\"更新年度\":2021,\"前年同一\":true},{\"筆ポリゴンID\":\"e2792d0d-1eb3-406d-bfc9-7c3cb081dd4d\",\"発生年度\":2020}]]]","last_polygon_uuid":"714eaf87-2a77-4ea1-9b24-e5c6a52361c6","prev_last_polygon_uuid":"d83a0636-4c76-4df5-8b12-8b9b7fa4fa0f","local_government_cd":"016616","point_lng":144.452926373,"point_lat":43.003666293}},{"arcs":[[391]],"type":"Polygon","properties":{"polygon_uuid":"ab117069-0fba-496e-94ed-48a40ab3d575","land_type":200,"issue_year":2024,"edit_year":2020,"history":"[{\"筆ポリゴンID\":\"7e1fabf6-209d-4102-9e79-b4abeac55e5d\",\"更新年度\":2023,\"前年同一\":true},[{\"筆ポリゴンID\":\"5dd48ddb-af63-4f03-b38a-82f12e72c1e7\",\"更新年度\":2022,\"前年同一\":true},[{\"筆ポリゴンID\":\"75a5f913-a662-4fd5-a424-c2a7f895449a\",\"更新年度\":2021,\"前年同一\":true},{\"筆ポリゴンID\":\"75a5f913-a662-4fd5-a424-c2a7f895449a\",\"発生年度\":2020}]]]","last_polygon_uuid":"7e1fabf6-209d-4102-9e79-b4abeac55e5d","prev_last_polygon_uuid":"5dd48ddb-af63-4f03-b38a-82f12e72c1e7","local_government_cd":"016616","point_lng":144.424872814,"point_lat":43.066398754}},{"arcs":[[392]],"type":"Polygon","properties":{"polygon_uuid":"d0f37efc-d4d7-4da6-91c0-8395f4b5a1b6","land_type":200,"issue_year":2024,"edit_year":2020,"history":"[{\"筆ポリゴンID\":\"4649a239-3455-44f3-9760-8277ad5cc261\",\"更新年度\":2023,\"前年同一\":true},[{\"筆ポリゴンID\":\"a34afe6c-270f-4c0a-bd36-34b0c689c9c2\",\"更新年度\":2022,\"前年同一\":true},[{\"筆ポリゴンID\":\"a2b78705-4157-443d-8f48-0024a2d0ccf7\",\"更新年度\":2021,\"前年同一\":true},{\"筆ポリゴンID\":\"a2b78705-4157-443d-8f48-0024a2d0ccf7\",\"発生年度\":2020}]]]","last_polygon_uuid":"4649a239-3455-44f3-9760-8277ad5cc261","prev_last_polygon_uuid":"a34afe6c-270f-4c0a-bd36-34b0c689c9c2","local_government_cd":"016616","point_lng":144.689963464,"point_lat":42.982742492}},{"arcs":[[393]],"type":"Polygon","properties":{"polygon_uuid":"ccf6e76f-f56e-4a1a-a4cd-5fbfafe2fd53","land_type":200,"issue_year":2024,"edit_year":2020,"history":"[{\"筆ポリゴンID\":\"09d5de1e-8035-41a2-b4fb-eb3c24316ac2\",\"更新年度\":2023,\"前年同一\":true},[{\"筆ポリゴンID\":\"9930fd01-26ab-4e1c-aa49-c399947b98c0\",\"更新年度\":2022,\"前年同一\":true},[{\"筆ポリゴンID\":\"8f01dd73-e9f8-4ce3-96dd-418bfa16e7ba\",\"更新年度\":2021,\"前年同一\":true},{\"筆ポリゴンID\":\"8f01dd73-e9f8-4ce3-96dd-418bfa16e7ba\",\"発生年度\":2020}]]]","last_polygon_uuid":"09d5de1e-8035-41a2-b4fb-eb3c24316ac2","prev_last_polygon_uuid":"9930fd01-26ab-4e1c-aa49-c399947b98c0","local_government_cd":"016616","point_lng":144.425022124,"point_lat":43.067390506}},{"arcs":[[394]],"type":"Polygon","properties":{"polygon_uuid":"f6cfd22a-0a80-4f2e-94ff-d064ef02d4f6","land_type":200,"issue_year":2024,"edit_year":2020,"history":"[{\"筆ポリゴンID\":\"3029ae3f-050e-4da2-a204-d9e631199a2e\",\"更新年度\":2023,\"前年同一\":true},[{\"筆ポリゴンID\":\"3202a099-43dd-431c-8620-1a09f311faac\",\"更新年度\":2022,\"前年同一\":true},[{\"筆ポリゴンID\":\"73fd8fe3-cb8e-42d7-91ae-255d1908021a\",\"更新年度\":2021,\"前年同一\":true},{\"筆ポリゴンID\":\"73fd8fe3-cb8e-42d7-91ae-255d1908021a\",\"発生年度\":2020}]]]","last_polygon_uuid":"3029ae3f-050e-4da2-a204-d9e631199a2e","prev_last_polygon_uuid":"3202a099-43dd-431c-8620-1a09f311faac","local_government_cd":"016616","point_lng":144.414319313,"point_lat":43.068632291}},{"arcs":[[395]],"type":"Polygon","properties":{"polygon_uuid":"96c5d999-eb6b-414b-baf6-0b3634f09d9e","land_type":200,"issue_year":2024,"edit_year":2020,"history":"[{\"筆ポリゴンID\":\"8d9562e7-f360-4631-a8ba-5c3f60bf7f12\",\"更新年度\":2023,\"前年同一\":true},[{\"筆ポリゴンID\":\"4cfe50f0-e1b8-4db4-94d2-c5ce22a2b4f3\",\"更新年度\":2022,\"前年同一\":true},[{\"筆ポリゴンID\":\"b5401445-ec46-4089-a151-d34932215edd\",\"更新年度\":2021,\"前年同一\":true},{\"筆ポリゴンID\":\"b5401445-ec46-4089-a151-d34932215edd\",\"発生年度\":2020}]]]","last_polygon_uuid":"8d9562e7-f360-4631-a8ba-5c3f60bf7f12","prev_last_polygon_uuid":"4cfe50f0-e1b8-4db4-94d2-c5ce22a2b4f3","local_government_cd":"016616","point_lng":144.419794707,"point_lat":43.071216541}},{"arcs":[[396]],"type":"Polygon","properties":{"polygon_uuid":"42d6ce02-c369-4370-b170-1f58327262af","land_type":200,"issue_year":2024,"edit_year":2020,"history":"[{\"筆ポリゴンID\":\"ccd5ebeb-373f-4eac-8680-400e60377c65\",\"更新年度\":2023,\"前年同一\":true},[{\"筆ポリゴンID\":\"652831f6-3388-47b6-9d30-b65d6d8757dd\",\"更新年度\":2022,\"前年同一\":true},[{\"筆ポリゴンID\":\"2481bafa-c1ab-4f58-a5bb-568212f362dd\",\"更新年度\":2021,\"前年同一\":true},{\"筆ポリゴンID\":\"2481bafa-c1ab-4f58-a5bb-568212f362dd\",\"発生年度\":2020}]]]","last_polygon_uuid":"ccd5ebeb-373f-4eac-8680-400e60377c65","prev_last_polygon_uuid":"652831f6-3388-47b6-9d30-b65d6d8757dd","local_government_cd":"016616","point_lng":144.424758867,"point_lat":43.065223703}},{"arcs":[[397],[398],[399]],"type":"Polygon","properties":{"polygon_uuid":"c9828daf-cfc3-4663-8f5f-6d6eeb9df633","land_type":200,"issue_year":2024,"edit_year":2020,"history":"[{\"筆ポリゴンID\":\"9fdf6bb3-8bc3-4d1e-8801-8a3ecb9f795c\",\"更新年度\":2023,\"前年同一\":true},[{\"筆ポリゴンID\":\"b148b7c4-8894-446e-9276-9ab768385908\",\"更新年度\":2022,\"前年同一\":true},[{\"筆ポリゴンID\":\"0d4792ef-97c2-464b-9201-2f102b13bc10\",\"更新年度\":2021,\"前年同一\":true},{\"筆ポリゴンID\":\"0d4792ef-97c2-464b-9201-2f102b13bc10\",\"発生年度\":2020}]]]","last_polygon_uuid":"9fdf6bb3-8bc3-4d1e-8801-8a3ecb9f795c","prev_last_polygon_uuid":"b148b7c4-8894-446e-9276-9ab768385908","local_government_cd":"016616","point_lng":144.425100889,"point_lat":43.061022349}},{"arcs":[[400]],"type":"Polygon","properties":{"polygon_uuid":"9f817f83-a941-4a9d-80c9-dfaa34591003","land_type":200,"issue_year":2024,"edit_year":2020,"history":"[{\"筆ポリゴンID\":\"56b4c6b1-005d-491b-98d2-9ad946083ca4\",\"更新年度\":2023,\"前年同一\":true},[{\"筆ポリゴンID\":\"cf853407-8fbf-4d6c-a77e-9244165578a5\",\"更新年度\":2022,\"前年同一\":true},[{\"筆ポリゴンID\":\"12a7f6e8-d9fb-4517-82da-c3b7f9828fa2\",\"更新年度\":2021,\"前年同一\":true},{\"筆ポリゴンID\":\"12a7f6e8-d9fb-4517-82da-c3b7f9828fa2\",\"発生年度\":2020}]]]","last_polygon_uuid":"56b4c6b1-005d-491b-98d2-9ad946083ca4","prev_last_polygon_uuid":"cf853407-8fbf-4d6c-a77e-9244165578a5","local_government_cd":"016616","point_lng":144.441256357,"point_lat":43.010420567}},{"arcs":[[401]],"type":"Polygon","properties":{"polygon_uuid":"fd44790f-11bd-44cd-a309-27b9f43f0e69","land_type":200,"issue_year":2024,"edit_year":2020,"history":"[{\"筆ポリゴンID\":\"ef7eae85-012c-4fd2-a216-8203754e9039\",\"更新年度\":2023,\"前年同一\":true},[{\"筆ポリゴンID\":\"0c04b210-5e81-4688-b9ef-37712597a78e\",\"更新年度\":2022,\"前年同一\":true},[{\"筆ポリゴンID\":\"c1a5da76-91ba-4999-b885-6bc1ca4db457\",\"更新年度\":2021,\"前年同一\":true},{\"筆ポリゴンID\":\"c1a5da76-91ba-4999-b885-6bc1ca4db457\",\"発生年度\":2020}]]]","last_polygon_uuid":"ef7eae85-012c-4fd2-a216-8203754e9039","prev_last_polygon_uuid":"0c04b210-5e81-4688-b9ef-37712597a78e","local_government_cd":"016616","point_lng":144.425154016,"point_lat":43.064049879}},{"arcs":[[402]],"type":"Polygon","properties":{"polygon_uuid":"5ca0d25e-1a1c-47b4-86d2-8b536a3105a1","land_type":200,"issue_year":2024,"edit_year":2020,"history":"[{\"筆ポリゴンID\":\"03d1ef62-077d-4b51-b7dd-b21468346042\",\"更新年度\":2023,\"前年同一\":true},[{\"筆ポリゴンID\":\"20453563-6535-4631-b9da-36d65a8a5e02\",\"更新年度\":2022,\"前年同一\":true},[{\"筆ポリゴンID\":\"2b64b12b-f0cb-40ea-920e-f1a7be77556d\",\"更新年度\":2021,\"前年同一\":true},{\"筆ポリゴンID\":\"2b64b12b-f0cb-40ea-920e-f1a7be77556d\",\"発生年度\":2020}]]]","last_polygon_uuid":"03d1ef62-077d-4b51-b7dd-b21468346042","prev_last_polygon_uuid":"20453563-6535-4631-b9da-36d65a8a5e02","local_government_cd":"016616","point_lng":144.4335411,"point_lat":43.061716}},{"arcs":[[403]],"type":"Polygon","properties":{"polygon_uuid":"e59275bc-dc83-4118-8a67-807ce136fec8","land_type":200,"issue_year":2024,"edit_year":2020,"history":"[{\"筆ポリゴンID\":\"5037d4a4-c4c9-414f-bc2b-7f4089c4ab8a\",\"更新年度\":2023,\"前年同一\":true},[{\"筆ポリゴンID\":\"82ce2095-6f05-405d-8cfb-875caaf77321\",\"更新年度\":2022,\"前年同一\":true},[{\"筆ポリゴンID\":\"899defa4-e0d0-4539-82e7-816b5c30baa9\",\"更新年度\":2021,\"前年同一\":true},{\"筆ポリゴンID\":\"899defa4-e0d0-4539-82e7-816b5c30baa9\",\"発生年度\":2020}]]]","last_polygon_uuid":"5037d4a4-c4c9-414f-bc2b-7f4089c4ab8a","prev_last_polygon_uuid":"82ce2095-6f05-405d-8cfb-875caaf77321","local_government_cd":"016616","point_lng":144.682318675,"point_lat":42.962287394}},{"arcs":[[404]],"type":"Polygon","properties":{"polygon_uuid":"80dff23d-ca33-4f2d-82f7-b54db1e007f4","land_type":200,"issue_year":2024,"edit_year":2020,"history":"[{\"筆ポリゴンID\":\"3ea65f5f-a58f-4353-821e-a05eca921eb1\",\"更新年度\":2023,\"前年同一\":true},[{\"筆ポリゴンID\":\"29d9f6f7-124e-4818-844c-958df69c1e32\",\"更新年度\":2022,\"前年同一\":true},[{\"筆ポリゴンID\":\"a52472d4-8560-47fb-924c-7d10be7bead6\",\"更新年度\":2021,\"前年同一\":true},{\"筆ポリゴンID\":\"a52472d4-8560-47fb-924c-7d10be7bead6\",\"発生年度\":2020}]]]","last_polygon_uuid":"3ea65f5f-a58f-4353-821e-a05eca921eb1","prev_last_polygon_uuid":"29d9f6f7-124e-4818-844c-958df69c1e32","local_government_cd":"016616","point_lng":144.693673974,"point_lat":42.973479102}},{"arcs":[[405]],"type":"Polygon","properties":{"polygon_uuid":"8f5979e5-5a24-4067-b7ee-8112de41a04a","land_type":200,"issue_year":2024,"edit_year":2020,"history":"[{\"筆ポリゴンID\":\"525c52f8-d00d-4927-bfd3-37a4eac3ef60\",\"更新年度\":2023,\"前年同一\":true},[{\"筆ポリゴンID\":\"bfb0adfa-437d-422a-bf02-46d1ed7d0c9b\",\"更新年度\":2022,\"前年同一\":true},[{\"筆ポリゴンID\":\"a02b5b05-c001-4cc4-84ac-087eac21d1fb\",\"更新年度\":2021,\"前年同一\":true},{\"筆ポリゴンID\":\"a02b5b05-c001-4cc4-84ac-087eac21d1fb\",\"発生年度\":2020}]]]","last_polygon_uuid":"525c52f8-d00d-4927-bfd3-37a4eac3ef60","prev_last_polygon_uuid":"bfb0adfa-437d-422a-bf02-46d1ed7d0c9b","local_government_cd":"016616","point_lng":144.430137589,"point_lat":43.063212355}},{"arcs":[[406]],"type":"Polygon","properties":{"polygon_uuid":"ec572b98-fba2-4f96-bfe7-3c53f766b3cc","land_type":200,"issue_year":2024,"edit_year":2020,"history":"[{\"筆ポリゴンID\":\"61661e27-343d-401d-9d92-df6c9fe114ac\",\"更新年度\":2023,\"前年同一\":true},[{\"筆ポリゴンID\":\"2be51b47-1b50-4580-9221-1e3af95c8d82\",\"更新年度\":2022,\"前年同一\":true},[{\"筆ポリゴンID\":\"4c329e17-f72a-4990-91eb-c7862aa6fe37\",\"更新年度\":2021,\"前年同一\":true},{\"筆ポリゴンID\":\"4c329e17-f72a-4990-91eb-c7862aa6fe37\",\"発生年度\":2020}]]]","last_polygon_uuid":"61661e27-343d-401d-9d92-df6c9fe114ac","prev_last_polygon_uuid":"2be51b47-1b50-4580-9221-1e3af95c8d82","local_government_cd":"016616","point_lng":144.497663653,"point_lat":43.089689912}},{"arcs":[[407]],"type":"Polygon","properties":{"polygon_uuid":"69299a07-5daf-4a56-97ad-8767d400d1db","land_type":200,"issue_year":2024,"edit_year":2020,"history":"[{\"筆ポリゴンID\":\"9538fa21-22b9-4f49-937f-7083fb3c728c\",\"更新年度\":2023,\"前年同一\":true},[{\"筆ポリゴンID\":\"adbfdaee-59db-4a7e-9025-0328b9bace60\",\"更新年度\":2022,\"前年同一\":true},[{\"筆ポリゴンID\":\"2e33b0de-13a3-4a3e-8657-074347fffdfc\",\"更新年度\":2021,\"前年同一\":true},{\"筆ポリゴンID\":\"2e33b0de-13a3-4a3e-8657-074347fffdfc\",\"発生年度\":2020}]]]","last_polygon_uuid":"9538fa21-22b9-4f49-937f-7083fb3c728c","prev_last_polygon_uuid":"adbfdaee-59db-4a7e-9025-0328b9bace60","local_government_cd":"016616","point_lng":144.670637866,"point_lat":42.967077959}},{"arcs":[[408]],"type":"Polygon","properties":{"polygon_uuid":"36d674dc-8e33-4cf5-9640-5b2d37a3f8a6","land_type":200,"issue_year":2024,"edit_year":2021,"history":"[{\"筆ポリゴンID\":\"f17c1188-cd26-48c1-abbb-e6c5975e245d\",\"更新年度\":2023,\"前年同一\":true},[{\"筆ポリゴンID\":\"a74268d4-c08c-48d5-bb06-fa30ddb0003e\",\"更新年度\":2022,\"前年同一\":true},[{\"筆ポリゴンID\":\"e7c29948-6baf-4d50-b946-34d5b6c2e6ea\",\"更新年度\":2021,\"関連\":true},{\"筆ポリゴンID\":\"e7c29948-6baf-4d50-b946-34d5b6c2e6ea\",\"発生年度\":2020}]]]","last_polygon_uuid":"f17c1188-cd26-48c1-abbb-e6c5975e245d","prev_last_polygon_uuid":"a74268d4-c08c-48d5-bb06-fa30ddb0003e","local_government_cd":"016616","point_lng":144.469171925,"point_lat":43.021879018}},{"arcs":[[409]],"type":"Polygon","properties":{"polygon_uuid":"95027d9f-5b3a-4db7-8ea5-62b5e9b307f3","land_type":200,"issue_year":2024,"edit_year":2020,"history":"[{\"筆ポリゴンID\":\"8d41fa67-7f74-4324-8b5c-08ef5be12716\",\"更新年度\":2023,\"前年同一\":true},[{\"筆ポリゴンID\":\"f86b138a-d164-4b15-9df7-60d35a48f418\",\"更新年度\":2022,\"前年同一\":true},[{\"筆ポリゴンID\":\"c1051603-a1de-464b-8ac5-3d2304ba81f2\",\"更新年度\":2021,\"前年同一\":true},{\"筆ポリゴンID\":\"c1051603-a1de-464b-8ac5-3d2304ba81f2\",\"発生年度\":2020}]]]","last_polygon_uuid":"8d41fa67-7f74-4324-8b5c-08ef5be12716","prev_last_polygon_uuid":"f86b138a-d164-4b15-9df7-60d35a48f418","local_government_cd":"016616","point_lng":144.691647589,"point_lat":42.97945209}},{"arcs":[[410]],"type":"Polygon","properties":{"polygon_uuid":"175f6e1c-9d71-4f2b-a379-53de64efc950","land_type":200,"issue_year":2024,"edit_year":2020,"history":"[{\"筆ポリゴンID\":\"daa7b05b-4c67-4571-89d2-095f2d2d211d\",\"更新年度\":2023,\"前年同一\":true},[{\"筆ポリゴンID\":\"d6117930-8a2b-49b0-ba70-e8acff75d327\",\"更新年度\":2022,\"前年同一\":true},[{\"筆ポリゴンID\":\"88ea254a-639b-431c-9f17-ba79cc6f63ba\",\"更新年度\":2021,\"前年同一\":true},{\"筆ポリゴンID\":\"88ea254a-639b-431c-9f17-ba79cc6f63ba\",\"発生年度\":2020}]]]","last_polygon_uuid":"daa7b05b-4c67-4571-89d2-095f2d2d211d","prev_last_polygon_uuid":"d6117930-8a2b-49b0-ba70-e8acff75d327","local_government_cd":"016616","point_lng":144.672639877,"point_lat":42.970791576}},{"arcs":[[411]],"type":"Polygon","properties":{"polygon_uuid":"569ad8ce-e66c-40fa-b199-11bcaee956be","land_type":200,"issue_year":2024,"edit_year":2020,"history":"[{\"筆ポリゴンID\":\"2174297d-5ea7-44a4-950e-0518c4133d9a\",\"更新年度\":2023,\"前年同一\":true},[{\"筆ポリゴンID\":\"aef4a8b1-6f4f-4a7e-9d5e-10db5c032145\",\"更新年度\":2022,\"前年同一\":true},[{\"筆ポリゴンID\":\"acfed6e6-aaa2-48bf-ab59-82305316b5a1\",\"更新年度\":2021,\"前年同一\":true},{\"筆ポリゴンID\":\"acfed6e6-aaa2-48bf-ab59-82305316b5a1\",\"発生年度\":2020}]]]","last_polygon_uuid":"2174297d-5ea7-44a4-950e-0518c4133d9a","prev_last_polygon_uuid":"aef4a8b1-6f4f-4a7e-9d5e-10db5c032145","local_government_cd":"016616","point_lng":144.676295701,"point_lat":42.975034012}},{"arcs":[[412]],"type":"Polygon","properties":{"polygon_uuid":"3f5290d5-509a-4732-bdac-1aff3edd60bf","land_type":200,"issue_year":2024,"edit_year":2020,"history":"[{\"筆ポリゴンID\":\"497fabcf-f054-4487-af2f-01100502d392\",\"更新年度\":2023,\"前年同一\":true},[{\"筆ポリゴンID\":\"e96b967f-627a-4926-9f63-e437ef9f5d17\",\"更新年度\":2022,\"前年同一\":true},[{\"筆ポリゴンID\":\"afd0f481-8703-4494-b346-8ede6bb053bd\",\"更新年度\":2021,\"前年同一\":true},{\"筆ポリゴンID\":\"afd0f481-8703-4494-b346-8ede6bb053bd\",\"発生年度\":2020}]]]","last_polygon_uuid":"497fabcf-f054-4487-af2f-01100502d392","prev_last_polygon_uuid":"e96b967f-627a-4926-9f63-e437ef9f5d17","local_government_cd":"016616","point_lng":144.690748511,"point_lat":42.981349083}},{"arcs":[[413]],"type":"Polygon","properties":{"polygon_uuid":"e993e6dc-b40b-4d0d-8e76-38442d667f9a","land_type":200,"issue_year":2024,"edit_year":2020,"history":"[{\"筆ポリゴンID\":\"6641da34-8b41-4f1b-99c1-38ded7330c43\",\"更新年度\":2023,\"前年同一\":true},[{\"筆ポリゴンID\":\"8fd29149-482e-4772-94ba-4f059f43ed51\",\"更新年度\":2022,\"前年同一\":true},[{\"筆ポリゴンID\":\"48c2adc8-2e74-46b3-9169-ace2ae76830a\",\"更新年度\":2021,\"前年同一\":true},{\"筆ポリゴンID\":\"48c2adc8-2e74-46b3-9169-ace2ae76830a\",\"発生年度\":2020}]]]","last_polygon_uuid":"6641da34-8b41-4f1b-99c1-38ded7330c43","prev_last_polygon_uuid":"8fd29149-482e-4772-94ba-4f059f43ed51","local_government_cd":"016616","point_lng":144.443813364,"point_lat":43.019616937}},{"arcs":[[414]],"type":"Polygon","properties":{"polygon_uuid":"9dbdd9f8-4d7e-456a-ad72-2b99fb11226d","land_type":200,"issue_year":2024,"edit_year":2020,"history":"[{\"筆ポリゴンID\":\"059df187-4626-46b3-a5cb-f61ea3053784\",\"更新年度\":2023,\"前年同一\":true},[{\"筆ポリゴンID\":\"bcd8e83a-6114-48c3-8271-e384be819498\",\"更新年度\":2022,\"前年同一\":true},[{\"筆ポリゴンID\":\"57c300c7-b04d-4beb-a392-4ed880d15d0c\",\"更新年度\":2021,\"前年同一\":true},{\"筆ポリゴンID\":\"57c300c7-b04d-4beb-a392-4ed880d15d0c\",\"発生年度\":2020}]]]","last_polygon_uuid":"059df187-4626-46b3-a5cb-f61ea3053784","prev_last_polygon_uuid":"bcd8e83a-6114-48c3-8271-e384be819498","local_government_cd":"016616","point_lng":144.701604428,"point_lat":42.966252407}},{"arcs":[[415]],"type":"Polygon","properties":{"polygon_uuid":"10f8de9f-98c5-453b-8215-840f441398fa","land_type":200,"issue_year":2024,"edit_year":2020,"history":"[{\"筆ポリゴンID\":\"fe80c19b-14fa-497e-ada5-41b4b06a77be\",\"更新年度\":2023,\"前年同一\":true},[{\"筆ポリゴンID\":\"df96b7f0-bef6-4279-a53b-74e8552c1bef\",\"更新年度\":2022,\"前年同一\":true},[{\"筆ポリゴンID\":\"e71ee3b8-6cfa-49dd-baab-c6730b4c4e8f\",\"更新年度\":2021,\"前年同一\":true},{\"筆ポリゴンID\":\"e71ee3b8-6cfa-49dd-baab-c6730b4c4e8f\",\"発生年度\":2020}]]]","last_polygon_uuid":"fe80c19b-14fa-497e-ada5-41b4b06a77be","prev_last_polygon_uuid":"df96b7f0-bef6-4279-a53b-74e8552c1bef","local_government_cd":"016616","point_lng":144.505312439,"point_lat":43.096931659}},{"arcs":[[416]],"type":"Polygon","properties":{"polygon_uuid":"9439f70f-7124-491a-907c-a5ed2b5c9663","land_type":200,"issue_year":2024,"edit_year":2020,"history":"[{\"筆ポリゴンID\":\"46243bfb-8197-4715-a5ec-136927cd40ef\",\"更新年度\":2023,\"前年同一\":true},[{\"筆ポリゴンID\":\"7d40d23a-dad1-47d6-985f-12cec9c89b61\",\"更新年度\":2022,\"前年同一\":true},[{\"筆ポリゴンID\":\"2a121371-3487-4047-9684-bed539c65e80\",\"更新年度\":2021,\"前年同一\":true},{\"筆ポリゴンID\":\"2a121371-3487-4047-9684-bed539c65e80\",\"発生年度\":2020}]]]","last_polygon_uuid":"46243bfb-8197-4715-a5ec-136927cd40ef","prev_last_polygon_uuid":"7d40d23a-dad1-47d6-985f-12cec9c89b61","local_government_cd":"016616","point_lng":144.690933106,"point_lat":42.974579633}},{"arcs":[[417]],"type":"Polygon","properties":{"polygon_uuid":"7451aa63-491e-4c3b-ad6e-04be10cd0e55","land_type":200,"issue_year":2024,"edit_year":2020,"history":"[{\"筆ポリゴンID\":\"72ea9336-5a6f-4cc2-b50a-f88417aadc9e\",\"更新年度\":2023,\"前年同一\":true},[{\"筆ポリゴンID\":\"9e43c199-58a3-42fc-9fbc-6abcdf7419a0\",\"更新年度\":2022,\"前年同一\":true},[{\"筆ポリゴンID\":\"90bb436a-04d7-4b3e-893f-69ed0174f7d7\",\"更新年度\":2021,\"前年同一\":true},{\"筆ポリゴンID\":\"90bb436a-04d7-4b3e-893f-69ed0174f7d7\",\"発生年度\":2020}]]]","last_polygon_uuid":"72ea9336-5a6f-4cc2-b50a-f88417aadc9e","prev_last_polygon_uuid":"9e43c199-58a3-42fc-9fbc-6abcdf7419a0","local_government_cd":"016616","point_lng":144.694234149,"point_lat":42.983025617}},{"arcs":[[418]],"type":"Polygon","properties":{"polygon_uuid":"62ee36e3-3021-4995-ba05-3cb1cc5283a7","land_type":200,"issue_year":2024,"edit_year":2020,"history":"[{\"筆ポリゴンID\":\"4e2c7391-5fac-42ff-94e0-68b61685aa5f\",\"更新年度\":2023,\"前年同一\":true},[{\"筆ポリゴンID\":\"35e88182-0455-4f7d-8a46-0c94a0e06680\",\"更新年度\":2022,\"前年同一\":true},[{\"筆ポリゴンID\":\"f489cc3f-5816-449c-9600-b75655ac0ed6\",\"更新年度\":2021,\"前年同一\":true},{\"筆ポリゴンID\":\"f489cc3f-5816-449c-9600-b75655ac0ed6\",\"発生年度\":2020}]]]","last_polygon_uuid":"4e2c7391-5fac-42ff-94e0-68b61685aa5f","prev_last_polygon_uuid":"35e88182-0455-4f7d-8a46-0c94a0e06680","local_government_cd":"016616","point_lng":144.428204802,"point_lat":43.07044483}},{"arcs":[[419]],"type":"Polygon","properties":{"polygon_uuid":"ad6e0aa8-1300-4a86-87ce-3e8c11252995","land_type":200,"issue_year":2024,"edit_year":2020,"history":"[{\"筆ポリゴンID\":\"379bda8a-197e-47df-80e5-751d859e271f\",\"更新年度\":2023,\"前年同一\":true},[{\"筆ポリゴンID\":\"4585f065-0074-44a0-8fa4-63cafb0a75d8\",\"更新年度\":2022,\"前年同一\":true},[{\"筆ポリゴンID\":\"879b83b3-27c8-436d-bc27-9fc43eb4c7d8\",\"更新年度\":2021,\"前年同一\":true},{\"筆ポリゴンID\":\"879b83b3-27c8-436d-bc27-9fc43eb4c7d8\",\"発生年度\":2020}]]]","last_polygon_uuid":"379bda8a-197e-47df-80e5-751d859e271f","prev_last_polygon_uuid":"4585f065-0074-44a0-8fa4-63cafb0a75d8","local_government_cd":"016616","point_lng":144.517223662,"point_lat":43.064781511}},{"arcs":[[420]],"type":"Polygon","properties":{"polygon_uuid":"17a46a91-7e51-4ba8-9cce-78be66bf4134","land_type":200,"issue_year":2024,"edit_year":2020,"history":"[{\"筆ポリゴンID\":\"c036c479-71e6-471e-9f10-98391a44178f\",\"更新年度\":2023,\"前年同一\":true},[{\"筆ポリゴンID\":\"f96552d6-cb0e-42d9-973a-5b4e3ed64bbe\",\"更新年度\":2022,\"前年同一\":true},[{\"筆ポリゴンID\":\"45839d33-a379-4d8e-9984-c9d4fa137c8d\",\"更新年度\":2021,\"前年同一\":true},{\"筆ポリゴンID\":\"45839d33-a379-4d8e-9984-c9d4fa137c8d\",\"発生年度\":2020}]]]","last_polygon_uuid":"c036c479-71e6-471e-9f10-98391a44178f","prev_last_polygon_uuid":"f96552d6-cb0e-42d9-973a-5b4e3ed64bbe","local_government_cd":"016616","point_lng":144.424368906,"point_lat":43.068514949}},{"arcs":[[421]],"type":"Polygon","properties":{"polygon_uuid":"589f3f89-f4c1-485e-a05c-269fd12f312c","land_type":200,"issue_year":2024,"edit_year":2020,"history":"[{\"筆ポリゴンID\":\"1684a402-37a7-45ee-90d5-e01cf767f8d1\",\"更新年度\":2023,\"前年同一\":true},[{\"筆ポリゴンID\":\"bd2f2520-9cb0-44a4-9a7c-ae7a7a71d539\",\"更新年度\":2022,\"前年同一\":true},[{\"筆ポリゴンID\":\"3aba915d-5c32-4f40-9cba-8da6f8750327\",\"更新年度\":2021,\"前年同一\":true},{\"筆ポリゴンID\":\"3aba915d-5c32-4f40-9cba-8da6f8750327\",\"発生年度\":2020}]]]","last_polygon_uuid":"1684a402-37a7-45ee-90d5-e01cf767f8d1","prev_last_polygon_uuid":"bd2f2520-9cb0-44a4-9a7c-ae7a7a71d539","local_government_cd":"016616","point_lng":144.687078758,"point_lat":42.974318472}},{"arcs":[[422]],"type":"Polygon","properties":{"polygon_uuid":"e03b611f-fbfb-468e-bcf8-45d18714baff","land_type":200,"issue_year":2024,"edit_year":2020,"history":"[{\"筆ポリゴンID\":\"5d5eb44a-79db-4f64-ac04-9b7f6a088e9f\",\"更新年度\":2023,\"前年同一\":true},[{\"筆ポリゴンID\":\"965a88fb-4a70-4de6-a28e-ed0d00c11e5a\",\"更新年度\":2022,\"前年同一\":true},[{\"筆ポリゴンID\":\"0433edf2-63fb-40a7-9d05-9f33030e0d03\",\"更新年度\":2021,\"前年同一\":true},{\"筆ポリゴンID\":\"0433edf2-63fb-40a7-9d05-9f33030e0d03\",\"発生年度\":2020}]]]","last_polygon_uuid":"5d5eb44a-79db-4f64-ac04-9b7f6a088e9f","prev_last_polygon_uuid":"965a88fb-4a70-4de6-a28e-ed0d00c11e5a","local_government_cd":"016616","point_lng":144.688639878,"point_lat":42.97583309}},{"arcs":[[423]],"type":"Polygon","properties":{"polygon_uuid":"23070710-85fc-4460-a803-c7e80fb79b33","land_type":200,"issue_year":2024,"edit_year":2021,"history":"[{\"筆ポリゴンID\":\"7ca1f35f-b428-4475-93a8-a36e4b9cbc7d\",\"更新年度\":2023,\"前年同一\":true},[{\"筆ポリゴンID\":\"042eec47-1e2d-44cf-877b-4d1e7c6cbb1e\",\"更新年度\":2022,\"前年同一\":true},[{\"筆ポリゴンID\":\"b7029d5e-7204-4941-b69d-d186a1cd8138\",\"更新年度\":2021,\"関連\":true},{\"筆ポリゴンID\":\"b7029d5e-7204-4941-b69d-d186a1cd8138\",\"発生年度\":2020}]]]","last_polygon_uuid":"7ca1f35f-b428-4475-93a8-a36e4b9cbc7d","prev_last_polygon_uuid":"042eec47-1e2d-44cf-877b-4d1e7c6cbb1e","local_government_cd":"016616","point_lng":144.447993465,"point_lat":43.061682814}},{"arcs":[[424]],"type":"Polygon","properties":{"polygon_uuid":"94130c72-77e6-4b2c-9ca3-60004174fae1","land_type":200,"issue_year":2024,"edit_year":2020,"history":"[{\"筆ポリゴンID\":\"023e6bec-7ddc-4e33-91a7-8fde6920b0d8\",\"更新年度\":2023,\"前年同一\":true},[{\"筆ポリゴンID\":\"eefe7c4b-4240-48f2-99f4-4e1a082d1477\",\"更新年度\":2022,\"前年同一\":true},[{\"筆ポリゴンID\":\"b73322b8-c6cf-4e42-9170-3cb24953b311\",\"更新年度\":2021,\"前年同一\":true},{\"筆ポリゴンID\":\"b73322b8-c6cf-4e42-9170-3cb24953b311\",\"発生年度\":2020}]]]","last_polygon_uuid":"023e6bec-7ddc-4e33-91a7-8fde6920b0d8","prev_last_polygon_uuid":"eefe7c4b-4240-48f2-99f4-4e1a082d1477","local_government_cd":"016616","point_lng":144.447923816,"point_lat":43.015915122}},{"arcs":[[425]],"type":"Polygon","properties":{"polygon_uuid":"4ddc5efa-b120-498f-aae9-46876a77ffba","land_type":200,"issue_year":2024,"edit_year":2020,"history":"[{\"筆ポリゴンID\":\"4a2b9c14-7d6a-4c42-be59-eff99b443c4e\",\"更新年度\":2023,\"前年同一\":true},[{\"筆ポリゴンID\":\"8f81cf15-78f3-4460-8a32-9496b54207ba\",\"更新年度\":2022,\"前年同一\":true},[{\"筆ポリゴンID\":\"65d64108-9f2b-47b3-8928-17fc49fa88f4\",\"更新年度\":2021,\"前年同一\":true},{\"筆ポリゴンID\":\"65d64108-9f2b-47b3-8928-17fc49fa88f4\",\"発生年度\":2020}]]]","last_polygon_uuid":"4a2b9c14-7d6a-4c42-be59-eff99b443c4e","prev_last_polygon_uuid":"8f81cf15-78f3-4460-8a32-9496b54207ba","local_government_cd":"016616","point_lng":144.425823883,"point_lat":43.069384538}},{"arcs":[[426]],"type":"Polygon","properties":{"polygon_uuid":"8d65edc2-69ab-4397-b4a8-e01a8e411299","land_type":200,"issue_year":2024,"edit_year":2020,"history":"[{\"筆ポリゴンID\":\"b1f553d4-bae8-4ca9-b244-169b93c1e407\",\"更新年度\":2023,\"前年同一\":true},[{\"筆ポリゴンID\":\"60c6af84-b09d-4676-8e02-e4def1c3ce72\",\"更新年度\":2022,\"前年同一\":true},[{\"筆ポリゴンID\":\"279f138f-1f82-43be-8fbd-c94025dbb917\",\"更新年度\":2021,\"前年同一\":true},{\"筆ポリゴンID\":\"279f138f-1f82-43be-8fbd-c94025dbb917\",\"発生年度\":2020}]]]","last_polygon_uuid":"b1f553d4-bae8-4ca9-b244-169b93c1e407","prev_last_polygon_uuid":"60c6af84-b09d-4676-8e02-e4def1c3ce72","local_government_cd":"016616","point_lng":144.413501231,"point_lat":43.067966738}},{"arcs":[[427]],"type":"Polygon","properties":{"polygon_uuid":"d14a132f-5647-4dd7-bb0c-f2b5d2359ec6","land_type":200,"issue_year":2024,"edit_year":2020,"history":"[{\"筆ポリゴンID\":\"bb565044-5aad-49ed-b300-6bc786c9798e\",\"更新年度\":2023,\"前年同一\":true},[{\"筆ポリゴンID\":\"f19849f0-f978-4a27-89ee-a5a8a6289a43\",\"更新年度\":2022,\"前年同一\":true},[{\"筆ポリゴンID\":\"d805ce1f-bd9c-4856-9eb3-61771b16db19\",\"更新年度\":2021,\"前年同一\":true},{\"筆ポリゴンID\":\"d805ce1f-bd9c-4856-9eb3-61771b16db19\",\"発生年度\":2020}]]]","last_polygon_uuid":"bb565044-5aad-49ed-b300-6bc786c9798e","prev_last_polygon_uuid":"f19849f0-f978-4a27-89ee-a5a8a6289a43","local_government_cd":"016616","point_lng":144.428396305,"point_lat":43.06954701}},{"arcs":[[428]],"type":"Polygon","properties":{"polygon_uuid":"7f66f658-2081-439a-8d37-19a99aba9133","land_type":200,"issue_year":2024,"edit_year":2020,"history":"[{\"筆ポリゴンID\":\"2fff9be2-88cc-405d-bd4e-4b786bca99fa\",\"更新年度\":2023,\"前年同一\":true},[{\"筆ポリゴンID\":\"473464f3-c926-4b4f-b607-8c077a3e9aa7\",\"更新年度\":2022,\"前年同一\":true},[{\"筆ポリゴンID\":\"56e97694-7431-4f7d-a10e-caf30ea631dd\",\"更新年度\":2021,\"前年同一\":true},{\"筆ポリゴンID\":\"56e97694-7431-4f7d-a10e-caf30ea631dd\",\"発生年度\":2020}]]]","last_polygon_uuid":"2fff9be2-88cc-405d-bd4e-4b786bca99fa","prev_last_polygon_uuid":"473464f3-c926-4b4f-b607-8c077a3e9aa7","local_government_cd":"016616","point_lng":144.419533627,"point_lat":43.067975843}},{"arcs":[[429]],"type":"Polygon","properties":{"polygon_uuid":"9eab044d-d84e-416d-a8f5-bc8b6cdc0139","land_type":200,"issue_year":2024,"edit_year":2020,"history":"[{\"筆ポリゴンID\":\"a1688a5c-7780-47d7-a0e8-8a4dcd6b5f6b\",\"更新年度\":2023,\"前年同一\":true},[{\"筆ポリゴンID\":\"885f44d0-d225-409a-8f86-45673f30731f\",\"更新年度\":2022,\"前年同一\":true},[{\"筆ポリゴンID\":\"1d86463c-8c02-481c-8168-b91e45ee6ac0\",\"更新年度\":2021,\"前年同一\":true},{\"筆ポリゴンID\":\"1d86463c-8c02-481c-8168-b91e45ee6ac0\",\"発生年度\":2020}]]]","last_polygon_uuid":"a1688a5c-7780-47d7-a0e8-8a4dcd6b5f6b","prev_last_polygon_uuid":"885f44d0-d225-409a-8f86-45673f30731f","local_government_cd":"016616","point_lng":144.427911149,"point_lat":43.07464477}},{"arcs":[[430]],"type":"Polygon","properties":{"polygon_uuid":"4fd937af-1000-4b52-adf7-bf32657b0f08","land_type":200,"issue_year":2024,"edit_year":2020,"history":"[{\"筆ポリゴンID\":\"a5ce0c77-8ff1-4911-b0e0-49a35308bf15\",\"更新年度\":2023,\"前年同一\":true},[{\"筆ポリゴンID\":\"6e076399-3f6d-41e8-8fb0-bea78e0e0580\",\"更新年度\":2022,\"前年同一\":true},[{\"筆ポリゴンID\":\"1335cad6-9645-47ba-871b-336aad6f3758\",\"更新年度\":2021,\"前年同一\":true},{\"筆ポリゴンID\":\"1335cad6-9645-47ba-871b-336aad6f3758\",\"発生年度\":2020}]]]","last_polygon_uuid":"a5ce0c77-8ff1-4911-b0e0-49a35308bf15","prev_last_polygon_uuid":"6e076399-3f6d-41e8-8fb0-bea78e0e0580","local_government_cd":"016616","point_lng":144.418281582,"point_lat":43.070331357}},{"arcs":[[431]],"type":"Polygon","properties":{"polygon_uuid":"b55d2e51-8459-4a8b-a92d-54aa513fc44d","land_type":200,"issue_year":2024,"edit_year":2020,"history":"[{\"筆ポリゴンID\":\"ced1f627-cf4b-4218-8a83-9e3b1d4e4406\",\"更新年度\":2023,\"前年同一\":true},[{\"筆ポリゴンID\":\"7734f774-076d-4265-82e6-f4030e22cd71\",\"更新年度\":2022,\"前年同一\":true},[{\"筆ポリゴンID\":\"13bec65d-a1d3-479c-9f01-acbfcfd2267e\",\"更新年度\":2021,\"前年同一\":true},{\"筆ポリゴンID\":\"13bec65d-a1d3-479c-9f01-acbfcfd2267e\",\"発生年度\":2020}]]]","last_polygon_uuid":"ced1f627-cf4b-4218-8a83-9e3b1d4e4406","prev_last_polygon_uuid":"7734f774-076d-4265-82e6-f4030e22cd71","local_government_cd":"016616","point_lng":144.460985911,"point_lat":43.000787131}},{"arcs":[[432]],"type":"Polygon","properties":{"polygon_uuid":"10e777a5-de0b-4018-9a37-766a99e48a09","land_type":200,"issue_year":2024,"edit_year":2020,"history":"[{\"筆ポリゴンID\":\"84ddb393-4eeb-4957-9461-041cb17c21de\",\"更新年度\":2023,\"前年同一\":true},[{\"筆ポリゴンID\":\"294979b9-729c-4bd9-92eb-1ee273486642\",\"更新年度\":2022,\"前年同一\":true},[{\"筆ポリゴンID\":\"33ad30b7-523a-4119-9da4-78f73516ad4a\",\"更新年度\":2021,\"前年同一\":true},{\"筆ポリゴンID\":\"33ad30b7-523a-4119-9da4-78f73516ad4a\",\"発生年度\":2020}]]]","last_polygon_uuid":"84ddb393-4eeb-4957-9461-041cb17c21de","prev_last_polygon_uuid":"294979b9-729c-4bd9-92eb-1ee273486642","local_government_cd":"016616","point_lng":144.457567104,"point_lat":43.023516025}},{"arcs":[[433]],"type":"Polygon","properties":{"polygon_uuid":"60dd9d4e-f807-4b31-abca-dd02932a693a","land_type":200,"issue_year":2024,"edit_year":2020,"history":"[{\"筆ポリゴンID\":\"ed2304a0-3f1c-4792-aece-245483bdbd03\",\"更新年度\":2023,\"前年同一\":true},[{\"筆ポリゴンID\":\"f07c335c-d3a6-4f93-82ca-40eb6f9a08b9\",\"更新年度\":2022,\"前年同一\":true},[{\"筆ポリゴンID\":\"a799e99c-659a-43b7-a72f-a64d85a4a939\",\"更新年度\":2021,\"前年同一\":true},{\"筆ポリゴンID\":\"a799e99c-659a-43b7-a72f-a64d85a4a939\",\"発生年度\":2020}]]]","last_polygon_uuid":"ed2304a0-3f1c-4792-aece-245483bdbd03","prev_last_polygon_uuid":"f07c335c-d3a6-4f93-82ca-40eb6f9a08b9","local_government_cd":"016616","point_lng":144.492795465,"point_lat":43.047764101}},{"arcs":[[434]],"type":"Polygon","properties":{"polygon_uuid":"9f684648-94fc-444e-be6c-255d26c0bd04","land_type":200,"issue_year":2024,"edit_year":2020,"history":"[{\"筆ポリゴンID\":\"0f666307-ead6-4265-b763-e05735b2e17d\",\"更新年度\":2023,\"前年同一\":true},[{\"筆ポリゴンID\":\"68b76a5f-3978-4908-987b-6834330733f2\",\"更新年度\":2022,\"前年同一\":true},[{\"筆ポリゴンID\":\"14c5a80a-95e2-4a77-9a2c-02c5b087b634\",\"更新年度\":2021,\"前年同一\":true},{\"筆ポリゴンID\":\"14c5a80a-95e2-4a77-9a2c-02c5b087b634\",\"発生年度\":2020}]]]","last_polygon_uuid":"0f666307-ead6-4265-b763-e05735b2e17d","prev_last_polygon_uuid":"68b76a5f-3978-4908-987b-6834330733f2","local_government_cd":"016616","point_lng":144.457847956,"point_lat":42.998912139}},{"arcs":[[435]],"type":"Polygon","properties":{"polygon_uuid":"55c6db6c-de93-4b7f-bf00-fb461a402aaa","land_type":200,"issue_year":2024,"edit_year":2020,"history":"[{\"筆ポリゴンID\":\"d74843a5-afa7-459f-a162-2823d59ec0cb\",\"更新年度\":2023,\"前年同一\":true},[{\"筆ポリゴンID\":\"e2d532d2-03d8-4121-8f05-cbd2ddb3d6a7\",\"更新年度\":2022,\"前年同一\":true},[{\"筆ポリゴンID\":\"633823b2-5a85-48d9-a0cb-636ce116e35c\",\"更新年度\":2021,\"前年同一\":true},{\"筆ポリゴンID\":\"633823b2-5a85-48d9-a0cb-636ce116e35c\",\"発生年度\":2020}]]]","last_polygon_uuid":"d74843a5-afa7-459f-a162-2823d59ec0cb","prev_last_polygon_uuid":"e2d532d2-03d8-4121-8f05-cbd2ddb3d6a7","local_government_cd":"016616","point_lng":144.516431555,"point_lat":43.040154909}},{"arcs":[[436]],"type":"Polygon","properties":{"polygon_uuid":"fc35d304-a9df-4196-8799-bc518f3dd750","land_type":200,"issue_year":2024,"edit_year":2020,"history":"[{\"筆ポリゴンID\":\"2109f79b-1566-4978-b34c-4810c1783a3f\",\"更新年度\":2023,\"前年同一\":true},[{\"筆ポリゴンID\":\"589c2ce2-0c39-4252-94d7-1411e6f096a5\",\"更新年度\":2022,\"前年同一\":true},[{\"筆ポリゴンID\":\"6600d070-bcf8-470e-b65c-8fb35439c723\",\"更新年度\":2021,\"前年同一\":true},{\"筆ポリゴンID\":\"6600d070-bcf8-470e-b65c-8fb35439c723\",\"発生年度\":2020}]]]","last_polygon_uuid":"2109f79b-1566-4978-b34c-4810c1783a3f","prev_last_polygon_uuid":"589c2ce2-0c39-4252-94d7-1411e6f096a5","local_government_cd":"016616","point_lng":144.506466773,"point_lat":43.049346933}},{"arcs":[[437]],"type":"Polygon","properties":{"polygon_uuid":"da3e0c3b-5670-4303-88ae-7cb5441ea8a0","land_type":200,"issue_year":2024,"edit_year":2020,"history":"[{\"筆ポリゴンID\":\"ccddbcab-8c67-41e9-8e25-56b5935eb7d9\",\"更新年度\":2023,\"前年同一\":true},[{\"筆ポリゴンID\":\"f90d0129-e434-4655-bedf-0fb7dd931f9d\",\"更新年度\":2022,\"前年同一\":true},[{\"筆ポリゴンID\":\"4d73772f-4f59-44c0-90f1-3d13c89442f3\",\"更新年度\":2021,\"前年同一\":true},{\"筆ポリゴンID\":\"4d73772f-4f59-44c0-90f1-3d13c89442f3\",\"発生年度\":2020}]]]","last_polygon_uuid":"ccddbcab-8c67-41e9-8e25-56b5935eb7d9","prev_last_polygon_uuid":"f90d0129-e434-4655-bedf-0fb7dd931f9d","local_government_cd":"016616","point_lng":144.425982643,"point_lat":43.077837222}},{"arcs":[[438]],"type":"Polygon","properties":{"polygon_uuid":"0747a64d-ef2a-4f84-847a-71d1983a5c58","land_type":200,"issue_year":2024,"edit_year":2020,"history":"[{\"筆ポリゴンID\":\"2e4c924a-4771-4087-8e64-751dc6c5c6cc\",\"更新年度\":2023,\"前年同一\":true},[{\"筆ポリゴンID\":\"dec1f2d5-6fc6-4716-8ad7-a1fe8ac752c0\",\"更新年度\":2022,\"前年同一\":true},[{\"筆ポリゴンID\":\"949c5b17-d851-4281-903b-4c213e3f8471\",\"更新年度\":2021,\"前年同一\":true},{\"筆ポリゴンID\":\"949c5b17-d851-4281-903b-4c213e3f8471\",\"発生年度\":2020}]]]","last_polygon_uuid":"2e4c924a-4771-4087-8e64-751dc6c5c6cc","prev_last_polygon_uuid":"dec1f2d5-6fc6-4716-8ad7-a1fe8ac752c0","local_government_cd":"016616","point_lng":144.51299805,"point_lat":43.089327066}},{"arcs":[[439]],"type":"Polygon","properties":{"polygon_uuid":"d2c16075-c264-4386-964d-2401ff31b7e6","land_type":200,"issue_year":2024,"edit_year":2020,"history":"[{\"筆ポリゴンID\":\"06b58b5f-26c2-44b6-a26e-008e789504af\",\"更新年度\":2023,\"前年同一\":true},[{\"筆ポリゴンID\":\"42643f01-402b-4a40-98fb-05c3cc95ad10\",\"更新年度\":2022,\"前年同一\":true},[{\"筆ポリゴンID\":\"bc61c617-3ca4-4825-b49b-5e5f44afd806\",\"更新年度\":2021,\"前年同一\":true},{\"筆ポリゴンID\":\"bc61c617-3ca4-4825-b49b-5e5f44afd806\",\"発生年度\":2020}]]]","last_polygon_uuid":"06b58b5f-26c2-44b6-a26e-008e789504af","prev_last_polygon_uuid":"42643f01-402b-4a40-98fb-05c3cc95ad10","local_government_cd":"016616","point_lng":144.495619178,"point_lat":43.049882815}},{"arcs":[[440]],"type":"Polygon","properties":{"polygon_uuid":"a03eee2a-9ffa-4159-9d54-58617a6988ee","land_type":200,"issue_year":2024,"edit_year":2020,"history":"[{\"筆ポリゴンID\":\"289da7fa-f3ea-4559-b50c-c670d28cf3f4\",\"更新年度\":2023,\"前年同一\":true},[{\"筆ポリゴンID\":\"8502bf49-d4ea-45b1-8ca8-a31a3aad417b\",\"更新年度\":2022,\"前年同一\":true},[{\"筆ポリゴンID\":\"aff4d0c5-db72-4881-ad04-7772469b9379\",\"更新年度\":2021,\"前年同一\":true},{\"筆ポリゴンID\":\"aff4d0c5-db72-4881-ad04-7772469b9379\",\"発生年度\":2020}]]]","last_polygon_uuid":"289da7fa-f3ea-4559-b50c-c670d28cf3f4","prev_last_polygon_uuid":"8502bf49-d4ea-45b1-8ca8-a31a3aad417b","local_government_cd":"016616","point_lng":144.45148076,"point_lat":43.020722202}},{"arcs":[[441]],"type":"Polygon","properties":{"polygon_uuid":"1e86c35b-e001-4201-9f3c-7db13fe5f20d","land_type":200,"issue_year":2024,"edit_year":2020,"history":"[{\"筆ポリゴンID\":\"b4540dfa-358e-4dbf-9c9d-72033bf3460d\",\"更新年度\":2023,\"前年同一\":true},[{\"筆ポリゴンID\":\"c8ab0059-7a05-46bc-9f44-616b64108b84\",\"更新年度\":2022,\"前年同一\":true},[{\"筆ポリゴンID\":\"f9453b02-a924-4d7a-9dc7-d03970db309d\",\"更新年度\":2021,\"前年同一\":true},{\"筆ポリゴンID\":\"f9453b02-a924-4d7a-9dc7-d03970db309d\",\"発生年度\":2020}]]]","last_polygon_uuid":"b4540dfa-358e-4dbf-9c9d-72033bf3460d","prev_last_polygon_uuid":"c8ab0059-7a05-46bc-9f44-616b64108b84","local_government_cd":"016616","point_lng":144.672996502,"point_lat":42.968846881}},{"arcs":[[442]],"type":"Polygon","properties":{"polygon_uuid":"1ba08d1c-2dd1-48d3-9bdb-a9a6544e555e","land_type":200,"issue_year":2024,"edit_year":2020,"history":"[{\"筆ポリゴンID\":\"ec75c548-e0ff-49cb-899e-ad534cda6460\",\"更新年度\":2023,\"前年同一\":true},[{\"筆ポリゴンID\":\"b17be3e2-c90c-4ab1-bd12-83dc207321ba\",\"更新年度\":2022,\"前年同一\":true},[{\"筆ポリゴンID\":\"f3b3f288-3149-4d0a-be96-2c5805c6557d\",\"更新年度\":2021,\"前年同一\":true},{\"筆ポリゴンID\":\"f3b3f288-3149-4d0a-be96-2c5805c6557d\",\"発生年度\":2020}]]]","last_polygon_uuid":"ec75c548-e0ff-49cb-899e-ad534cda6460","prev_last_polygon_uuid":"b17be3e2-c90c-4ab1-bd12-83dc207321ba","local_government_cd":"016616","point_lng":144.699660489,"point_lat":42.969837679}},{"arcs":[[443]],"type":"Polygon","properties":{"polygon_uuid":"f11eb752-35e2-4f4f-933c-39e05deaded4","land_type":200,"issue_year":2024,"edit_year":2020,"history":"[{\"筆ポリゴンID\":\"d1c95038-c846-400c-acc1-14138413884b\",\"更新年度\":2023,\"前年同一\":true},[{\"筆ポリゴンID\":\"cd76540e-4680-471e-b2e7-61354b4c4f20\",\"更新年度\":2022,\"前年同一\":true},[{\"筆ポリゴンID\":\"717503b6-c283-4c29-830a-ef75c4f4bf1f\",\"更新年度\":2021,\"前年同一\":true},{\"筆ポリゴンID\":\"717503b6-c283-4c29-830a-ef75c4f4bf1f\",\"発生年度\":2020}]]]","last_polygon_uuid":"d1c95038-c846-400c-acc1-14138413884b","prev_last_polygon_uuid":"cd76540e-4680-471e-b2e7-61354b4c4f20","local_government_cd":"016616","point_lng":144.451821962,"point_lat":43.023214915}},{"arcs":[[444]],"type":"Polygon","properties":{"polygon_uuid":"b207fa9b-3b6f-41fb-835c-f3f7404cb9e9","land_type":200,"issue_year":2024,"edit_year":2020,"history":"[{\"筆ポリゴンID\":\"a3eab8f9-3837-43ec-801e-8dcfd500e8be\",\"更新年度\":2023,\"前年同一\":true},[{\"筆ポリゴンID\":\"1aabe779-d577-44fc-af10-2e77a647f460\",\"更新年度\":2022,\"前年同一\":true},[{\"筆ポリゴンID\":\"d70f8c0c-5585-4ec2-ac0c-1350d3983bc3\",\"更新年度\":2021,\"前年同一\":true},{\"筆ポリゴンID\":\"d70f8c0c-5585-4ec2-ac0c-1350d3983bc3\",\"発生年度\":2020}]]]","last_polygon_uuid":"a3eab8f9-3837-43ec-801e-8dcfd500e8be","prev_last_polygon_uuid":"1aabe779-d577-44fc-af10-2e77a647f460","local_government_cd":"016616","point_lng":144.515224776,"point_lat":43.086724202}},{"arcs":[[445]],"type":"Polygon","properties":{"polygon_uuid":"7656a795-bcbf-4256-b0fa-98c40719f52c","land_type":200,"issue_year":2024,"edit_year":2020,"history":"[{\"筆ポリゴンID\":\"58581b63-7252-48f4-ab5d-6e56186f6ad9\",\"更新年度\":2023,\"前年同一\":true},[{\"筆ポリゴンID\":\"1f73f163-ac28-4e21-a3ce-da412d839ac3\",\"更新年度\":2022,\"前年同一\":true},[{\"筆ポリゴンID\":\"9be209c6-3cd3-4b30-93b9-284c0d759a37\",\"更新年度\":2021,\"前年同一\":true},{\"筆ポリゴンID\":\"9be209c6-3cd3-4b30-93b9-284c0d759a37\",\"発生年度\":2020}]]]","last_polygon_uuid":"58581b63-7252-48f4-ab5d-6e56186f6ad9","prev_last_polygon_uuid":"1f73f163-ac28-4e21-a3ce-da412d839ac3","local_government_cd":"016616","point_lng":144.428431173,"point_lat":43.060334667}},{"arcs":[[446]],"type":"Polygon","properties":{"polygon_uuid":"b5a77c26-ee91-4995-b859-407717d86efc","land_type":200,"issue_year":2024,"edit_year":2020,"history":"[{\"筆ポリゴンID\":\"a47f2652-7358-4f59-a7ca-6a54bad424be\",\"更新年度\":2023,\"前年同一\":true},[{\"筆ポリゴンID\":\"5e558202-c6d2-4cb0-ad62-7c430d269926\",\"更新年度\":2022,\"前年同一\":true},[{\"筆ポリゴンID\":\"6855c349-18ae-4e61-ac3c-a24cf195bc0e\",\"更新年度\":2021,\"前年同一\":true},{\"筆ポリゴンID\":\"6855c349-18ae-4e61-ac3c-a24cf195bc0e\",\"発生年度\":2020}]]]","last_polygon_uuid":"a47f2652-7358-4f59-a7ca-6a54bad424be","prev_last_polygon_uuid":"5e558202-c6d2-4cb0-ad62-7c430d269926","local_government_cd":"016616","point_lng":144.479689233,"point_lat":43.086896845}},{"arcs":[[447]],"type":"Polygon","properties":{"polygon_uuid":"c3a0ffb5-049e-41b0-bac7-9950ee761606","land_type":200,"issue_year":2024,"edit_year":2020,"history":"[{\"筆ポリゴンID\":\"afd20002-04b9-43ee-be1d-3ce74d24f4ab\",\"更新年度\":2023,\"前年同一\":true},[{\"筆ポリゴンID\":\"0754faf5-ce60-456d-b0a2-56ddcba78a06\",\"更新年度\":2022,\"前年同一\":true},[{\"筆ポリゴンID\":\"f1409c79-8fd5-45ed-938d-4a352df83c87\",\"更新年度\":2021,\"前年同一\":true},{\"筆ポリゴンID\":\"f1409c79-8fd5-45ed-938d-4a352df83c87\",\"発生年度\":2020}]]]","last_polygon_uuid":"afd20002-04b9-43ee-be1d-3ce74d24f4ab","prev_last_polygon_uuid":"0754faf5-ce60-456d-b0a2-56ddcba78a06","local_government_cd":"016616","point_lng":144.680412049,"point_lat":42.976370775}},{"arcs":[[448]],"type":"Polygon","properties":{"polygon_uuid":"f3842e57-5422-40a6-a8a7-a1673d070b02","land_type":200,"issue_year":2024,"edit_year":2020,"history":"[{\"筆ポリゴンID\":\"edfbb329-bfb6-4a70-9b20-179cd91004e6\",\"更新年度\":2023,\"前年同一\":true},[{\"筆ポリゴンID\":\"46902910-84cf-499f-8238-f524a881caba\",\"更新年度\":2022,\"前年同一\":true},[{\"筆ポリゴンID\":\"fed5ba01-3156-4582-874e-2cd079292243\",\"更新年度\":2021,\"前年同一\":true},{\"筆ポリゴンID\":\"fed5ba01-3156-4582-874e-2cd079292243\",\"発生年度\":2020}]]]","last_polygon_uuid":"edfbb329-bfb6-4a70-9b20-179cd91004e6","prev_last_polygon_uuid":"46902910-84cf-499f-8238-f524a881caba","local_government_cd":"016616","point_lng":144.449022101,"point_lat":43.037588819}},{"arcs":[[449]],"type":"Polygon","properties":{"polygon_uuid":"d3b61f01-0ece-44ea-a9e4-427a116f56a6","land_type":200,"issue_year":2024,"edit_year":2020,"history":"[{\"筆ポリゴンID\":\"aaadd464-9685-43f9-9f12-27473aa1430d\",\"更新年度\":2023,\"前年同一\":true},[{\"筆ポリゴンID\":\"5d25899c-a987-47ed-831d-625be63594c8\",\"更新年度\":2022,\"前年同一\":true},[{\"筆ポリゴンID\":\"89352dde-df3f-4c2a-abdd-b874f55041cb\",\"更新年度\":2021,\"前年同一\":true},{\"筆ポリゴンID\":\"89352dde-df3f-4c2a-abdd-b874f55041cb\",\"発生年度\":2020}]]]","last_polygon_uuid":"aaadd464-9685-43f9-9f12-27473aa1430d","prev_last_polygon_uuid":"5d25899c-a987-47ed-831d-625be63594c8","local_government_cd":"016616","point_lng":144.423492037,"point_lat":43.060882438}},{"arcs":[[450]],"type":"Polygon","properties":{"polygon_uuid":"2ebabe9e-2b8f-494c-878e-9ce748cc1162","land_type":200,"issue_year":2024,"edit_year":2020,"history":"[{\"筆ポリゴンID\":\"a3809de7-a12a-4ab4-8107-a3a25dcea23d\",\"更新年度\":2023,\"前年同一\":true},[{\"筆ポリゴンID\":\"eb7f816c-8522-414b-bb78-d1f321ebe638\",\"更新年度\":2022,\"前年同一\":true},[{\"筆ポリゴンID\":\"5478bdce-0003-4ee4-a9c9-0b28a954ed7a\",\"更新年度\":2021,\"前年同一\":true},{\"筆ポリゴンID\":\"5478bdce-0003-4ee4-a9c9-0b28a954ed7a\",\"発生年度\":2020}]]]","last_polygon_uuid":"a3809de7-a12a-4ab4-8107-a3a25dcea23d","prev_last_polygon_uuid":"eb7f816c-8522-414b-bb78-d1f321ebe638","local_government_cd":"016616","point_lng":144.684400501,"point_lat":42.95927137}},{"arcs":[[451]],"type":"Polygon","properties":{"polygon_uuid":"bac6bfa1-d880-4600-a510-977fa28d96ce","land_type":200,"issue_year":2024,"edit_year":2020,"history":"[{\"筆ポリゴンID\":\"fe9a0d92-29e5-4984-bdfa-1563851fd940\",\"更新年度\":2023,\"前年同一\":true},[{\"筆ポリゴンID\":\"93170dc4-47b4-44e3-a6ce-0ca761aebe89\",\"更新年度\":2022,\"前年同一\":true},[{\"筆ポリゴンID\":\"bd9ba0ab-6080-41d3-9527-39afc99f25c9\",\"更新年度\":2021,\"前年同一\":true},{\"筆ポリゴンID\":\"bd9ba0ab-6080-41d3-9527-39afc99f25c9\",\"発生年度\":2020}]]]","last_polygon_uuid":"fe9a0d92-29e5-4984-bdfa-1563851fd940","prev_last_polygon_uuid":"93170dc4-47b4-44e3-a6ce-0ca761aebe89","local_government_cd":"016616","point_lng":144.67504449,"point_lat":42.971323307}},{"arcs":[[452]],"type":"Polygon","properties":{"polygon_uuid":"36ef19ec-a0dc-4087-bf50-d8241e67f2a1","land_type":200,"issue_year":2024,"edit_year":2020,"history":"[{\"筆ポリゴンID\":\"95f999f5-43f5-4618-8f72-39ab80454553\",\"更新年度\":2023,\"前年同一\":true},[{\"筆ポリゴンID\":\"763aa51c-e4cd-4569-a2dd-75946d364162\",\"更新年度\":2022,\"前年同一\":true},[{\"筆ポリゴンID\":\"1bc0bb96-92f6-4895-9e6a-a3aeb183ac37\",\"更新年度\":2021,\"前年同一\":true},{\"筆ポリゴンID\":\"1bc0bb96-92f6-4895-9e6a-a3aeb183ac37\",\"発生年度\":2020}]]]","last_polygon_uuid":"95f999f5-43f5-4618-8f72-39ab80454553","prev_last_polygon_uuid":"763aa51c-e4cd-4569-a2dd-75946d364162","local_government_cd":"016616","point_lng":144.684206352,"point_lat":42.965280398}},{"arcs":[[453]],"type":"Polygon","properties":{"polygon_uuid":"43c26c86-a322-4687-91a5-389d51e718a8","land_type":200,"issue_year":2024,"edit_year":2020,"history":"[{\"筆ポリゴンID\":\"7584e134-5707-4296-9556-d5c044aba3f6\",\"更新年度\":2023,\"前年同一\":true},[{\"筆ポリゴンID\":\"14211785-3324-4a28-b0fd-4122b523ff84\",\"更新年度\":2022,\"前年同一\":true},[{\"筆ポリゴンID\":\"bc025413-3f39-4a48-82b4-a17f335464c5\",\"更新年度\":2021,\"前年同一\":true},{\"筆ポリゴンID\":\"bc025413-3f39-4a48-82b4-a17f335464c5\",\"発生年度\":2020}]]]","last_polygon_uuid":"7584e134-5707-4296-9556-d5c044aba3f6","prev_last_polygon_uuid":"14211785-3324-4a28-b0fd-4122b523ff84","local_government_cd":"016616","point_lng":144.454077078,"point_lat":43.053158941}},{"arcs":[[454]],"type":"Polygon","properties":{"polygon_uuid":"fce21e22-4c3f-4988-805b-8615fa21941d","land_type":200,"issue_year":2024,"edit_year":2020,"history":"[{\"筆ポリゴンID\":\"01e3d541-26ae-479c-87ee-aef4fb5be2f9\",\"更新年度\":2023,\"前年同一\":true},[{\"筆ポリゴンID\":\"fb299239-e589-4c82-aef6-69566d5a51c2\",\"更新年度\":2022,\"前年同一\":true},[{\"筆ポリゴンID\":\"fae82828-698f-42fa-a82f-7da72e1b519f\",\"更新年度\":2021,\"前年同一\":true},{\"筆ポリゴンID\":\"fae82828-698f-42fa-a82f-7da72e1b519f\",\"発生年度\":2020}]]]","last_polygon_uuid":"01e3d541-26ae-479c-87ee-aef4fb5be2f9","prev_last_polygon_uuid":"fb299239-e589-4c82-aef6-69566d5a51c2","local_government_cd":"016616","point_lng":144.458858622,"point_lat":43.004666543}},{"arcs":[[455]],"type":"Polygon","properties":{"polygon_uuid":"33be982d-a6cb-4229-89e4-17f556779b17","land_type":200,"issue_year":2024,"edit_year":2020,"history":"[{\"筆ポリゴンID\":\"87c7af05-6400-496d-a01b-cb7ff897496e\",\"更新年度\":2023,\"前年同一\":true},[{\"筆ポリゴンID\":\"c2d40bb1-ece3-457f-9bb0-805a144a2624\",\"更新年度\":2022,\"前年同一\":true},[{\"筆ポリゴンID\":\"66270341-7f92-48b8-9f8c-e5ade6de8ed1\",\"更新年度\":2021,\"前年同一\":true},{\"筆ポリゴンID\":\"66270341-7f92-48b8-9f8c-e5ade6de8ed1\",\"発生年度\":2020}]]]","last_polygon_uuid":"87c7af05-6400-496d-a01b-cb7ff897496e","prev_last_polygon_uuid":"c2d40bb1-ece3-457f-9bb0-805a144a2624","local_government_cd":"016616","point_lng":144.517599756,"point_lat":43.040449021}},{"arcs":[[456]],"type":"Polygon","properties":{"polygon_uuid":"5ea5b1ff-92c0-4e7d-9d5a-6619960f8bfd","land_type":200,"issue_year":2024,"edit_year":2020,"history":"[{\"筆ポリゴンID\":\"15a2961f-1858-40c3-9b8c-85f1e7716cd9\",\"更新年度\":2023,\"前年同一\":true},[{\"筆ポリゴンID\":\"c1030073-a4fc-401c-a555-9e2fcb05d2de\",\"更新年度\":2022,\"前年同一\":true},[{\"筆ポリゴンID\":\"e16e66d6-a279-4737-965a-16efa9a58f3b\",\"更新年度\":2021,\"前年同一\":true},{\"筆ポリゴンID\":\"e16e66d6-a279-4737-965a-16efa9a58f3b\",\"発生年度\":2020}]]]","last_polygon_uuid":"15a2961f-1858-40c3-9b8c-85f1e7716cd9","prev_last_polygon_uuid":"c1030073-a4fc-401c-a555-9e2fcb05d2de","local_government_cd":"016616","point_lng":144.461170431,"point_lat":43.037196256}},{"arcs":[[457]],"type":"Polygon","properties":{"polygon_uuid":"c37a3068-75e3-4c35-bac8-f46385d70296","land_type":200,"issue_year":2024,"edit_year":2020,"history":"[{\"筆ポリゴンID\":\"eb2c1a72-cc44-4510-82aa-b394a651635e\",\"更新年度\":2023,\"前年同一\":true},[{\"筆ポリゴンID\":\"cfef251b-25e6-400e-999c-26610569adfa\",\"更新年度\":2022,\"前年同一\":true},[{\"筆ポリゴンID\":\"b0fc7fa6-2b3a-41d3-b20a-38c44d2e62ed\",\"更新年度\":2021,\"前年同一\":true},{\"筆ポリゴンID\":\"b0fc7fa6-2b3a-41d3-b20a-38c44d2e62ed\",\"発生年度\":2020}]]]","last_polygon_uuid":"eb2c1a72-cc44-4510-82aa-b394a651635e","prev_last_polygon_uuid":"cfef251b-25e6-400e-999c-26610569adfa","local_government_cd":"016616","point_lng":144.460101223,"point_lat":43.003089716}},{"arcs":[[458]],"type":"Polygon","properties":{"polygon_uuid":"f9ba212b-d753-4d4d-a893-8691d223f83f","land_type":200,"issue_year":2024,"edit_year":2020,"history":"[{\"筆ポリゴンID\":\"d14075f5-e647-422e-80b6-b770c3d8d14d\",\"更新年度\":2023,\"前年同一\":true},[{\"筆ポリゴンID\":\"4a3ec28a-c3ab-4e06-8a65-412f62568297\",\"更新年度\":2022,\"前年同一\":true},[{\"筆ポリゴンID\":\"72627a7a-a7c3-4539-b6de-7969ace136aa\",\"更新年度\":2021,\"前年同一\":true},{\"筆ポリゴンID\":\"72627a7a-a7c3-4539-b6de-7969ace136aa\",\"発生年度\":2020}]]]","last_polygon_uuid":"d14075f5-e647-422e-80b6-b770c3d8d14d","prev_last_polygon_uuid":"4a3ec28a-c3ab-4e06-8a65-412f62568297","local_government_cd":"016616","point_lng":144.504392784,"point_lat":43.048900225}},{"arcs":[[459]],"type":"Polygon","properties":{"polygon_uuid":"db66e5d2-697b-4140-8e5b-aa3db7aba1ba","land_type":200,"issue_year":2024,"edit_year":2020,"history":"[{\"筆ポリゴンID\":\"68e670bd-95cc-417d-93a9-c465be13ae91\",\"更新年度\":2023,\"前年同一\":true},[{\"筆ポリゴンID\":\"6daecca8-64ce-48ef-af65-2753926b2417\",\"更新年度\":2022,\"前年同一\":true},[{\"筆ポリゴンID\":\"9c66f19c-71fd-46eb-a897-f5e10ffd0390\",\"更新年度\":2021,\"前年同一\":true},{\"筆ポリゴンID\":\"9c66f19c-71fd-46eb-a897-f5e10ffd0390\",\"発生年度\":2020}]]]","last_polygon_uuid":"68e670bd-95cc-417d-93a9-c465be13ae91","prev_last_polygon_uuid":"6daecca8-64ce-48ef-af65-2753926b2417","local_government_cd":"016616","point_lng":144.458269486,"point_lat":42.999093015}},{"arcs":[[460]],"type":"Polygon","properties":{"polygon_uuid":"c0750e2e-92b8-4b2e-aa9f-dc17daec6a99","land_type":200,"issue_year":2024,"edit_year":2020,"history":"[{\"筆ポリゴンID\":\"5485b476-a6dd-4429-9525-4daf500bc815\",\"更新年度\":2023,\"前年同一\":true},[{\"筆ポリゴンID\":\"b74e62ff-9efa-4a22-84ec-83ed931b80c9\",\"更新年度\":2022,\"前年同一\":true},[{\"筆ポリゴンID\":\"9bd04b25-2657-431d-9cd6-b380af8fb4f9\",\"更新年度\":2021,\"前年同一\":true},{\"筆ポリゴンID\":\"9bd04b25-2657-431d-9cd6-b380af8fb4f9\",\"発生年度\":2020}]]]","last_polygon_uuid":"5485b476-a6dd-4429-9525-4daf500bc815","prev_last_polygon_uuid":"b74e62ff-9efa-4a22-84ec-83ed931b80c9","local_government_cd":"016616","point_lng":144.500675735,"point_lat":43.045903617}},{"arcs":[[461]],"type":"Polygon","properties":{"polygon_uuid":"a73fe417-81ce-46ab-98b9-cdfd06181f6a","land_type":200,"issue_year":2024,"edit_year":2020,"history":"[{\"筆ポリゴンID\":\"24592eb0-8a77-4df6-b585-961bd8aebe7d\",\"更新年度\":2023,\"前年同一\":true},[{\"筆ポリゴンID\":\"d5191667-7e03-4db0-b469-53fc2d587711\",\"更新年度\":2022,\"前年同一\":true},[{\"筆ポリゴンID\":\"90ee0b49-045c-485d-a2d3-0cc759dbc382\",\"更新年度\":2021,\"前年同一\":true},{\"筆ポリゴンID\":\"90ee0b49-045c-485d-a2d3-0cc759dbc382\",\"発生年度\":2020}]]]","last_polygon_uuid":"24592eb0-8a77-4df6-b585-961bd8aebe7d","prev_last_polygon_uuid":"d5191667-7e03-4db0-b469-53fc2d587711","local_government_cd":"016616","point_lng":144.46753553,"point_lat":43.065055447}},{"arcs":[[462]],"type":"Polygon","properties":{"polygon_uuid":"4c48096c-4867-4cf0-8446-e81ec006d30f","land_type":200,"issue_year":2024,"edit_year":2020,"history":"[{\"筆ポリゴンID\":\"e6b00717-1b66-4f44-a629-5aac5a5373d8\",\"更新年度\":2023,\"前年同一\":true},[{\"筆ポリゴンID\":\"424c117d-b4c6-4fd3-914a-2411904faa60\",\"更新年度\":2022,\"前年同一\":true},[{\"筆ポリゴンID\":\"f7170e17-83f1-4baa-ab22-19dab2f4e442\",\"更新年度\":2021,\"前年同一\":true},{\"筆ポリゴンID\":\"f7170e17-83f1-4baa-ab22-19dab2f4e442\",\"発生年度\":2020}]]]","last_polygon_uuid":"e6b00717-1b66-4f44-a629-5aac5a5373d8","prev_last_polygon_uuid":"424c117d-b4c6-4fd3-914a-2411904faa60","local_government_cd":"016616","point_lng":144.520726932,"point_lat":43.049975978}},{"arcs":[[463]],"type":"Polygon","properties":{"polygon_uuid":"143758a5-a8b0-4f97-aecb-dc506e67f022","land_type":200,"issue_year":2024,"edit_year":2020,"history":"[{\"筆ポリゴンID\":\"d537f670-6f4d-4b73-87c6-7b13ae9b77a6\",\"更新年度\":2023,\"前年同一\":true},[{\"筆ポリゴンID\":\"adb169dc-c2ee-4e37-a1cd-9739ddee8d26\",\"更新年度\":2022,\"前年同一\":true},[{\"筆ポリゴンID\":\"b7bdb140-c97b-47de-b6cb-4c99c5a8a181\",\"更新年度\":2021,\"前年同一\":true},{\"筆ポリゴンID\":\"b7bdb140-c97b-47de-b6cb-4c99c5a8a181\",\"発生年度\":2020}]]]","last_polygon_uuid":"d537f670-6f4d-4b73-87c6-7b13ae9b77a6","prev_last_polygon_uuid":"adb169dc-c2ee-4e37-a1cd-9739ddee8d26","local_government_cd":"016616","point_lng":144.51652946,"point_lat":43.044313058}}]}}}