{"type":"Topology","arcs":[[[10764,7345],[84,-116],[-47,-46],[-75,72],[-34,25]],[[10692,7280],[39,39],[33,26]],[[10129,7723],[105,-73],[75,-65],[131,-122],[54,-49],[6,-14],[2,-18],[-4,-35],[-2,-30],[7,-50],[10,-32],[-3,-23],[-8,-23],[-11,-31],[-10,-35],[-7,-30],[1,-25],[2,-20],[1,-45],[-8,-26],[-19,-31],[-15,-12],[-19,-9],[-23,7],[-40,16],[-29,28],[-20,21],[-27,31],[-24,21],[-31,32],[-12,11],[-13,18],[-19,-4],[-12,-12],[-12,-7],[-98,69],[7,15],[-17,36],[-11,18],[-8,23],[-10,12],[3,15],[21,32],[35,47],[1,6],[-61,50],[-74,51],[127,149],[-104,78],[-34,-39],[-25,23],[37,44],[13,24],[13,20],[31,33],[10,10],[5,2],[54,-40],[44,-30],[15,-12]],[[6644,7031],[-19,21],[-14,12],[-9,11],[-7,18],[-11,14],[-9,13],[-10,5],[-11,8],[-3,6],[2,13],[279,349],[309,393],[22,23],[15,9],[13,1],[29,-16],[442,-362],[6,-26],[4,-46],[-10,-35],[-42,-49],[-65,-33],[-57,-31],[-83,-22],[-44,-35],[-55,-73],[-66,-75],[-36,-21],[-60,-23],[-61,-7],[-81,-4],[-73,-8],[-66,-6],[-73,-19],[-72,-30],[-35,0],[-49,25]],[[5704,10962],[21,6],[20,-5],[36,-9],[268,-18],[15,-6],[13,-22],[-4,-41],[-17,-11],[-25,-1],[-26,0],[-15,0],[-17,-6],[-15,-6],[0,-19],[-13,-1],[-21,4],[-23,14],[-8,2],[-5,-16],[-29,5],[-14,-3],[-11,-4],[-139,60],[-12,12],[3,13],[8,7],[10,45]],[[8766,8111],[188,-140],[247,-184],[198,-153],[4,-21],[-4,-19],[-9,-19],[-55,-67],[-69,-84],[-318,-370],[-241,-282],[-14,-9],[-12,2],[-14,-1],[-26,9],[-121,101],[-370,303],[-98,82],[-4,9],[1,13],[5,14],[41,50],[221,279],[34,14],[64,23],[47,19],[24,12],[1,23],[-24,42],[3,17],[25,49],[9,0],[13,6],[0,8],[-4,8],[77,104],[31,29],[35,43],[12,4],[12,4],[8,9],[-2,10],[-2,7],[6,15],[12,19],[18,20],[12,7],[13,3],[10,0],[16,-8]],[[10692,7280],[-50,52],[1,7],[13,18],[19,29],[16,35],[11,31],[11,29],[-5,67],[3,81],[0,68],[-4,77],[4,34],[7,28],[19,32],[18,5],[29,5],[63,-177],[40,-97],[54,-144],[-5,-7],[-25,-13],[-91,-50],[-56,-45]],[[7174,7948],[-83,-111],[-398,-495],[-153,-199],[-40,-52],[-41,-64],[-28,12],[-36,16],[-52,15],[-26,0],[-13,-7],[-23,-12],[-14,-16],[-5,-20],[-8,-42],[31,-49],[24,-14],[-273,-351],[-71,61],[-9,26],[15,80],[6,84],[-21,178],[-15,46],[-87,178],[9,90],[20,228],[17,117],[12,71],[31,61],[51,83],[63,64],[37,31],[56,64],[7,122],[-23,33],[-10,15],[30,37],[62,47],[68,57],[57,79],[70,84],[25,35],[20,12]],[[6456,8542],[127,-112],[372,-312],[164,-135],[55,-35]],[[10270,7663],[-5,8],[0,12],[6,22],[14,18],[191,236],[-29,21],[8,11],[-90,60],[23,24],[84,-61],[35,37],[39,-25],[-36,-42],[116,-91],[-10,-15],[-39,-60],[-29,-116],[3,-134],[-2,-152],[-14,1],[-56,47],[-59,56],[-86,76],[-64,67]],[[8804,8176],[354,102],[25,-9],[71,-41],[44,-26],[40,-12],[33,10],[40,9],[35,-2],[58,13],[64,4],[30,-13],[22,-17],[12,-35],[-4,-29],[-6,-39],[-25,-41],[-30,-48],[-10,-28],[-63,-169],[-12,-15],[-51,21],[-24,-37],[-21,-25],[-16,-8],[-35,-12],[-22,7],[-54,43],[-21,39],[-27,39],[-205,151],[-194,143],[-8,25]],[[7193,7946],[2,6],[11,13],[19,17],[224,262],[256,333],[142,185],[17,18],[7,-1],[617,-456],[195,-136],[5,-14],[-14,-18],[-430,-538],[-213,-289],[-23,-30],[-21,-3],[-14,8],[-23,22],[-666,542],[-91,79]],[[10285,8280],[4,5],[5,3],[9,0],[6,-2],[10,-8],[10,-1],[9,3],[3,10],[9,7],[8,2],[10,-14],[11,-11],[9,-7],[13,-1],[16,8],[2,14],[-7,12],[10,10],[24,3],[26,-1],[13,0],[12,-15],[4,-17],[-31,-46],[-29,-27],[-102,-50],[-37,-9],[-25,3],[-6,10],[14,119]],[[12769,7873],[-9,161],[6,27],[16,71],[5,44],[3,24],[-1,18],[-18,46],[-12,264],[-16,181],[39,10],[74,21],[70,18],[87,18],[64,15],[18,0],[154,-39],[110,-26],[154,-19],[110,-4],[129,4],[20,-4],[-1,-29],[-17,-48],[-44,-79],[-39,-62],[-16,-38],[-52,-162],[-51,-106],[-35,-28],[-61,-44],[-97,-55],[-93,-74],[-99,-41],[-299,-80],[-48,-6],[-31,4],[-20,18]],[[9394,8344],[804,224],[19,4],[25,2],[14,0],[29,-4],[13,-8],[0,-10],[0,-5],[-10,-18],[-6,-13],[-44,-86],[-8,-6],[1,-9],[11,-12],[0,-7],[-5,-6],[-9,-9],[-10,0],[-157,16],[-15,0],[-10,-5],[-21,-10],[-10,-7],[-10,-7],[-11,-22],[-6,-6],[-12,-4],[-15,-3],[-19,-2],[-84,13],[-14,-1],[-16,-1],[-24,-9],[-10,-10],[-78,-59],[-39,-33],[-6,-3],[-4,0],[-8,-1],[-14,3],[-10,4],[-9,6],[-17,13],[-24,9],[-17,2],[-14,0],[-109,-6],[-37,5],[-88,24],[-26,12],[1,6],[1,9],[108,30]],[[5459,5435],[363,-109],[-43,-119],[-355,103],[35,125]],[[6456,8542],[-1,9],[10,11],[312,393],[309,384],[22,4],[20,-8],[388,-298],[294,-218],[16,-18],[2,-13],[-426,-553],[-228,-287]],[[11136,8841],[125,39],[46,-149],[-127,-36],[-44,146]],[[9568,8928],[180,48],[6,-3],[18,-66],[5,-2],[148,38],[17,-4],[36,-150],[5,-4],[7,1],[17,4],[9,0],[19,-45],[10,-36],[26,-71],[4,-19],[-10,-1],[-16,-2],[-10,-4],[-14,-3],[-10,0],[-20,8],[-10,3],[-14,0],[-17,0],[-11,1],[-14,8],[-72,54],[-16,11],[-12,23],[-41,16],[-3,6],[-3,3],[1,6],[25,7],[2,3],[2,8],[0,12],[2,12],[-1,8],[-11,7],[-29,17],[-11,-3],[-21,-11],[-17,-9],[-26,-5],[-9,0],[-12,1],[-17,22],[-1,5],[-71,46],[0,4],[4,17],[-4,8],[-3,7],[-6,2],[-8,-1],[-7,0],[-12,11],[0,3],[1,3],[15,6]],[[13459,8883],[28,10],[44,18],[105,26],[209,54],[43,18],[90,14],[9,-14],[0,-31],[-8,-23],[-22,-56],[-57,-69],[-32,-2],[-95,2],[-101,10],[-112,2],[-94,6],[-7,35]],[[8122,9045],[-4,15],[8,11],[69,88],[196,239],[14,3],[417,-299],[341,-249],[21,-24],[-8,-17],[-132,-157],[-152,-187],[-19,4],[-193,153],[-160,115],[-125,97],[-273,208]],[[7895,8799],[45,47],[129,165],[20,2],[18,-6],[62,-37],[295,-205],[231,-171],[195,-175],[-165,-224],[-13,-9],[-12,6],[-197,138],[-608,469]],[[9762,15596],[286,225],[591,-521],[15,-23],[-53,-10],[-57,-5],[-189,-17],[-211,-27],[-68,-12],[-116,145],[-91,115],[-107,130]],[[5182,8319],[151,-80],[-20,-38],[-29,11],[-11,-27],[-14,3],[-42,-95],[-18,15],[21,59],[-82,55],[44,97]],[[9813,15381],[117,-155],[79,53],[56,-70],[-80,-10],[-127,-11],[-131,-16],[-94,-8],[-27,0],[-7,3],[-32,48],[97,60],[-23,30],[8,11],[66,39],[16,-20],[74,49],[8,-3]],[[11842,16296],[6,5],[13,-2],[13,-1],[10,2],[15,16],[30,-4],[-41,-127],[-40,11],[-27,9],[-7,3],[28,88]],[[12214,16660],[-17,21],[0,13],[2,12],[38,76],[94,201],[10,6],[2,0],[9,-5],[290,-206],[185,-131],[4,3],[-1,2],[7,21],[0,5],[5,4],[4,-1],[262,-137],[159,-82],[1,-6],[0,-7],[-13,-22],[-9,-6],[-108,-82],[-119,-84],[-10,-1],[-13,3],[-10,-1],[-211,-142],[-22,3],[-7,4],[-13,16],[-8,33],[2,13],[-1,18],[12,35],[-1,37],[0,12],[-2,10],[-5,9],[-32,29],[-44,40],[-16,9],[-9,3],[-7,6],[-27,20],[-15,11],[16,10],[32,26],[13,6],[6,-10],[8,-11],[6,-3],[10,1],[20,10],[1,5],[-7,12],[14,0],[10,0],[7,2],[28,13],[9,7],[17,13],[1,10],[0,3],[-12,12],[-8,10],[-6,4],[-10,6],[-15,6],[-16,5],[-22,12],[-65,44],[-1,3],[-48,29],[2,-8],[10,-15],[27,-31],[12,-10],[16,-2],[14,-6],[7,-10],[-1,-13],[-1,-6],[-4,-14],[-3,-17],[2,-7],[12,-5],[10,-8],[15,-6],[8,-7],[0,-3],[-6,0],[-42,-4],[-12,-5],[-25,-15],[-141,-94],[-64,48],[2,8],[-79,99],[-10,14],[-9,4],[-26,16],[-68,110]],[[11208,15272],[294,32],[13,0],[9,-2],[2,-8],[-4,-11],[-28,-44],[-14,-22],[-11,-17],[-2,-8],[-10,-25],[-6,-22],[-5,-19],[-95,-160],[-9,-7],[-8,-4],[-7,3],[-44,19],[-5,4],[-81,271],[1,8],[3,6],[7,6]],[[9693,15043],[55,-66],[28,-34],[-94,-68],[-80,105],[91,63]],[[10694,15203],[145,-135],[116,-103],[85,-91],[21,-30],[-116,-47],[-188,-59],[-143,-18],[-116,-13],[-20,5],[-11,7],[-80,101],[-141,-109],[-295,365],[39,32],[48,27],[48,15],[58,9],[226,25],[151,23],[135,8],[25,1],[13,-13]],[[9942,15069],[298,-369],[-150,-115],[-248,299],[-108,132],[-36,48],[66,48],[50,4],[35,-43],[59,38],[34,-42]],[[10191,14470],[-6,8],[3,7],[122,99],[33,28],[54,40],[43,32],[17,8],[16,7],[283,24],[51,11],[145,35],[14,-3],[7,-4],[19,3],[23,3],[10,-6],[11,-8],[24,1],[21,-4],[24,-14],[32,-25],[8,-9],[15,-9],[22,5],[16,-3],[11,-7],[14,-11],[5,-13],[-1,-22],[-3,-8],[-53,-39],[-136,-102],[-365,-269],[-36,50],[-176,-128],[-12,5],[-27,28],[-228,290]],[[12131,16434],[-15,27],[1,9],[3,12],[9,7],[9,12],[5,12],[13,15],[19,25],[9,3],[21,-4],[5,-3],[105,-120],[1,-24],[67,-68],[0,-9],[-13,-18],[-9,-13],[-57,-65],[-14,7],[-15,14],[-144,181]],[[10099,14574],[147,118],[10,6],[121,93],[8,1],[6,-3],[56,-81],[-6,-11],[-5,-2],[-262,-212],[-75,91]],[[11275,8881],[122,41],[47,-145],[-126,-38],[-43,142]],[[12472,16352],[92,59],[5,1],[6,-1],[22,-12],[20,-18],[10,-2],[6,-3],[29,-23],[29,-24],[19,-17],[2,-5],[-1,-7],[-11,-9],[-14,-10],[-10,-16],[-6,-9],[-20,-8],[-27,-15],[-16,-11],[-12,-8],[-5,0],[-3,1],[-48,53],[-7,10],[-60,74]],[[12104,10946],[24,36],[54,110],[19,31],[133,-65],[196,-93],[-15,-37],[-74,-140],[-337,158]],[[12115,11200],[66,-34]],[[12181,11166],[-220,-431],[-79,-149],[-117,49],[16,28],[26,36],[39,61],[9,11],[9,3],[4,10],[9,7],[11,7],[17,-1],[7,5],[3,15],[-6,7],[-1,10],[-6,2],[8,24],[5,6],[18,-6],[9,0],[1,15],[12,6],[4,13],[1,16],[8,24],[20,33],[-6,9],[-7,27],[16,18],[24,-13],[89,158],[-13,14],[5,18],[19,2]],[[9404,14616],[14,10],[161,120],[139,-192],[1,-9],[-9,-9],[-142,-110],[-11,2],[-153,188]],[[12046,10400],[7,7],[61,108],[149,-69],[-65,-122],[-152,76]],[[6081,11207],[18,0],[4,24],[36,-5],[47,112],[22,-8],[48,-11],[-7,-49],[-16,-156],[-18,-180],[-153,14],[4,42],[20,186],[-2,14],[-3,17]],[[11374,11214],[76,-55],[-15,-27],[-15,-18],[0,-14],[6,-14],[-28,-36],[112,-83],[45,-63],[18,-40],[21,-51],[-45,-67],[-34,-32],[-18,-22],[-23,-25],[-24,-2],[-13,5],[-17,-1],[-8,-11],[-1,-9],[4,-9],[8,-13],[-12,-12],[-33,-7],[-33,-12],[-39,-13],[-23,-1],[-17,4],[-46,28],[-46,26],[-15,14],[-8,45],[7,20],[13,20],[21,27],[8,26],[10,26],[23,29],[54,69],[34,49],[16,31],[25,19],[10,16],[-6,19],[-14,20],[-13,22],[-50,52],[-53,51],[-4,8],[28,31],[67,-44],[21,-14],[17,21],[9,17]],[[12115,11200],[-4,20],[-3,4],[-2,2],[3,8],[0,4],[10,2],[12,-9],[8,1],[5,4],[8,7],[11,13],[13,23],[7,14],[-3,11],[-5,7],[10,9],[220,-160],[-7,-33],[19,-12],[16,6],[3,20],[-15,21],[6,11],[75,-56],[-30,-70],[53,-47],[-3,-11],[-341,177]],[[12278,10840],[6,2],[143,-64],[2,-7],[-31,-65],[-5,2],[-147,71],[32,61]],[[11523,11187],[2,9],[14,16],[0,5],[8,10],[16,8],[3,13],[21,16],[9,15],[8,14],[12,16],[17,21],[13,19],[22,16],[10,18],[-6,13],[6,23],[2,18],[-4,17],[6,4],[19,-14],[40,-35],[44,-32],[103,-79],[-1,-16],[-28,-43],[-28,-32],[-95,-103],[-26,20],[-27,29],[-30,20],[-19,-12],[-28,-33],[-83,59]],[[6418,11658],[9,37],[72,-20],[-14,-68],[73,-16],[19,-13],[11,-14],[16,4],[52,-94],[6,-11],[-45,-63],[-58,-97],[-141,25],[-38,8],[14,82],[9,90],[5,57],[10,93]],[[11926,10606],[162,-77],[-61,-117],[-160,73],[59,121]],[[12182,10659],[58,109],[150,-72],[0,-7],[-56,-106],[-152,76]],[[12220,10321],[113,214],[153,296],[66,132],[6,7],[14,-4],[33,-22],[26,-21],[1,-18],[-4,-12],[-11,-21],[-18,-32],[-24,-50],[-6,-7],[-8,-14],[-3,-11],[-9,-10],[-5,-2],[-14,-28],[-5,-12],[2,-15],[-4,-14],[-13,-22],[-18,-31],[-12,-16],[-15,-25],[-16,-37],[0,-11],[-2,-20],[-23,-48],[-39,-76],[-77,-120],[-11,4],[-34,26],[-18,11],[-25,9]],[[6704,5638],[287,369],[426,-289],[11,-175],[-1,-245],[10,-100],[33,-100],[-24,-49],[-208,-233],[-25,-6],[-27,9],[-338,265],[-29,33],[-68,237],[-2,43],[-10,48],[-24,82],[-15,92],[4,19]],[[5507,5558],[19,63],[8,-3],[362,-105],[-24,-62],[-365,107]],[[5543,5621],[1,5],[17,62],[5,-1],[34,-7],[301,-96],[-17,-63],[-341,100]],[[6598,12263],[-1,9],[43,55],[69,88],[17,58],[52,-56],[-58,-56],[-23,-36],[30,-20],[8,6],[56,-37],[35,-7],[33,15],[28,9],[19,6],[24,-35],[53,36],[58,-58],[-55,-88],[-388,111]],[[11118,5831],[335,384],[24,6],[9,19],[-3,21],[26,21],[25,-7],[13,3],[17,10],[53,70],[0,10],[-19,23],[13,18],[231,258],[12,-1],[25,-23],[34,31],[11,-3],[49,-40],[25,-32],[81,-69],[164,-155],[45,-41],[29,-42],[37,-78],[-121,-85],[-127,-50],[-210,-98],[-82,-66],[-155,-123],[-63,-55],[-81,-81],[-42,-50],[-80,-103],[-44,-106],[-32,-59],[-38,-51],[-48,-72],[-19,-16],[-18,-9],[-20,9],[-18,18],[-10,24],[-4,25],[-4,10],[-27,42],[-37,36],[-31,72],[-39,96],[-12,34],[14,15],[-6,22],[-7,22],[-5,28],[31,46],[98,107],[1,35]],[[8771,6432],[17,5],[27,-10],[25,-10],[31,-5],[54,-13],[76,-14],[41,-6],[17,-6],[13,-9],[33,-21],[356,-304],[62,-56],[61,-61],[11,-13],[-10,-25],[-48,-59],[-67,-51],[-54,-60],[-170,-199],[-29,18],[-72,67],[-113,78],[-70,54],[-311,232],[-75,58],[-66,66],[-22,21],[2,26],[22,21],[104,84],[13,29],[17,28],[125,135]],[[6466,5331],[-6,-11],[-31,-34]],[[6429,5286],[-8,32],[-47,40],[-16,14],[0,37],[-45,78],[-27,47],[-23,50],[-61,76],[-47,58],[-26,21],[-21,24],[-29,49],[-22,38],[1,11],[3,19],[19,73],[17,66],[-2,12],[13,46],[3,13],[11,9],[10,1],[7,9],[0,8],[-3,13],[-10,21],[-7,54],[-1,38],[8,32],[15,25],[5,10],[6,22],[1,13],[-1,14],[-6,16],[-5,14],[-1,13],[0,11],[0,14],[6,18],[-4,15],[1,15],[-5,8],[-6,13],[-7,4],[-6,11],[-13,9],[-15,7],[-3,10],[22,34],[11,5],[17,-23],[194,-103],[182,-102],[79,91],[-24,32],[-60,-7],[-14,14],[-57,110],[120,142],[25,25],[76,79],[36,22],[5,14],[36,20],[12,-10],[15,-19],[3,-16],[19,-27],[11,-23],[31,-32],[24,-19],[5,-13],[0,-31],[0,-15],[152,-119],[-39,-44],[-189,-195],[2,-11],[117,-194],[70,-103],[-2,-22],[-269,-342],[3,151],[9,31],[15,191],[-23,60],[-23,97],[-31,40],[-14,14],[-13,0],[-176,-79],[-3,-17],[-1,-35],[24,-135],[51,-145],[13,-64],[-20,-55],[-8,-48],[5,-78],[17,-78],[1,-27],[21,-22],[-27,-21],[-13,-35],[-39,-69]],[[9720,5889],[-4,11],[0,3],[5,12],[61,71],[6,6],[23,-2],[20,8],[0,17],[-11,13],[289,328],[259,294],[115,131],[13,15],[5,7],[8,-2],[8,-5],[11,2],[12,9],[8,12],[9,19],[-2,16],[25,35],[57,61],[100,120],[105,127],[76,63],[23,14],[33,8],[18,-5],[19,-17],[5,-31],[-9,-36],[-20,-41],[-73,-78],[-47,-52],[-40,-54],[-17,-36],[-12,-22],[-11,-26],[-10,-47],[-15,-54],[-5,-30],[5,-41],[-8,-80],[-11,-95],[-17,-37],[-13,-42],[-28,-101],[-13,-56],[-32,-36],[-310,-339],[-128,-150],[122,-103],[3,-7],[-2,-9],[-7,-9],[-16,-6],[-7,-5],[-34,-19],[-29,-11],[-29,-7],[-26,-2],[-26,-5],[-25,-15],[-11,-1],[-19,11],[-47,36],[-56,46],[-34,31],[-106,82],[-60,48],[-73,58]],[[10435,9324],[1,7],[24,36],[8,9],[11,8],[7,-2],[36,-29],[66,-44],[-3,-4],[8,-7],[-35,-43],[-11,-5],[-12,3],[-100,71]],[[4698,6408],[153,-22],[148,-16],[11,-17],[-151,-204],[-16,10],[-16,8],[-27,11],[-39,66],[-41,90],[-13,20],[-1,20],[-10,16],[-2,9],[4,9]],[[11759,6654],[-528,-621],[-63,-80],[-62,-70],[-13,3],[-126,197],[-16,12],[-14,11],[-7,13],[4,21],[-10,22],[5,11],[11,18],[8,19],[12,23],[-6,16],[-8,11],[12,22],[23,34],[17,12],[24,11],[12,2],[27,3],[8,3],[15,4],[10,0],[9,-2],[5,-4],[5,-8],[3,-5],[2,-8],[8,-15],[3,-6],[6,-10],[6,-6],[3,-4],[5,-8],[11,-5],[27,0],[5,4],[20,3],[8,9],[11,13],[9,9],[12,19],[12,19],[3,9],[2,14],[3,18],[0,14],[1,13],[-7,13],[-2,10],[4,19],[0,10],[-4,22],[-6,9],[-8,17],[-2,15],[1,14],[3,17],[9,18],[16,20],[8,10],[7,6],[20,11],[15,10],[15,6],[3,11],[-3,10],[-1,25],[-16,165],[7,11],[6,8],[21,8],[29,12],[17,7],[0,4],[2,5],[0,9],[2,13],[-3,12],[-4,14],[-53,244],[3,7],[10,1],[8,7],[11,14],[16,5],[8,5],[7,4],[16,8],[4,2],[15,5],[7,-12],[9,-17],[7,-6],[10,3],[21,5],[164,31],[4,-6],[31,-120],[51,-155],[65,-147],[-77,-9],[-8,18],[-31,-7],[10,-24],[21,5],[36,-122],[-8,-40]],[[11103,15497],[14,17],[15,12],[68,90],[341,445],[10,2],[9,2],[9,-3],[9,-15],[66,-105],[2,-6],[-1,-7],[-11,-16],[-50,-77],[-10,-23],[-29,-61],[-61,-113],[-18,-34],[-48,-76],[-90,-161],[-22,-7],[-15,-4],[-307,-39],[-7,5],[1,10],[125,164]],[[8872,6582],[-2,6],[-1,7],[14,21],[212,264],[341,408],[132,157],[17,27],[9,7],[9,0],[13,-6],[227,-182],[109,-93],[3,-8],[-1,-8],[8,-5],[4,6],[8,6],[486,-376],[4,-6],[-3,-6],[-11,-13],[-436,-503],[-245,-279],[-74,-81],[-5,-3],[-7,0],[-12,7],[-333,271],[-292,237],[-82,69],[-92,76]],[[8413,9410],[13,30],[25,24],[21,30],[3,14],[8,26],[8,12],[25,13],[112,-77],[279,-185],[425,-279],[26,-21],[-124,-154],[-19,0],[-802,567]],[[8717,6712],[-6,17],[-1,14],[1,10],[7,13],[10,11],[314,374],[368,432],[13,12],[12,3],[15,-1],[86,-62],[30,-28],[0,-8],[-12,-14],[-90,-109],[-580,-711],[-36,-40],[-9,-6],[-8,3],[-114,90]],[[10665,7278],[124,-115],[-120,-125],[-23,-42],[-19,-9],[-19,13],[-14,33],[-2,41],[39,89],[15,48],[9,30],[10,37]],[[12130,7644],[462,128],[291,80],[222,60],[64,16],[55,17],[26,10],[42,22],[6,-28],[-29,-102],[-19,-113],[-18,-83],[-8,-35],[-48,-73],[-57,-108],[-10,-53],[6,-61],[-1,-59],[-14,-39],[-15,-28],[-67,-54],[-29,-28],[-27,-55],[-7,-72],[-12,-46],[-24,-44],[-47,-58],[-34,-35],[-38,-5],[-21,-21],[-32,-33],[-73,-62],[-37,-56],[-14,-49],[-4,-93],[-28,-41],[-46,-67],[-27,-38],[-34,-58],[-20,-20],[-18,-7],[-29,15],[-397,418],[-80,62],[-2,23],[85,91],[127,154],[83,100],[19,30],[0,17],[-2,18],[-70,305],[-37,106],[-8,34],[-5,18]],[[13393,8942],[-14,7],[-15,-2],[-35,-10],[-3,5],[8,15],[26,39],[25,42],[33,44],[49,75],[31,40],[40,44],[35,44],[17,6],[30,-11],[8,-21],[93,27],[-5,29],[3,10],[-3,16],[5,13],[-2,16],[-13,3],[-17,61],[32,49],[19,1],[21,3],[18,-8],[53,-37],[14,-4],[13,10],[22,-19],[36,7],[21,-7],[30,-55],[25,-7],[45,-19],[48,-158],[-10,-36],[-18,-12],[-28,-8],[-67,-27],[-141,-47],[-429,-118]],[[7118,9375],[274,347],[296,394],[22,-13],[754,-521],[-294,-373],[-304,-385],[-26,3],[-238,181],[-484,367]],[[5414,5293],[8,6],[21,-6],[343,-102],[45,130],[12,-7],[-63,-259],[-21,-33],[-18,6],[-205,77],[-85,42],[-64,31],[27,115]],[[5503,5542],[366,-105],[-20,-57],[-366,106],[20,56]],[[12121,10531],[-2,4],[13,23],[46,91],[149,-74],[-20,-44],[-38,-75],[-148,75]],[[9603,10990],[38,-28],[107,-79],[69,-47],[74,-53],[240,-170],[87,-64],[140,-93],[87,-61],[22,-13],[-64,-84],[-171,-208],[-78,-105],[-35,-45],[-9,-4],[-8,0],[-338,242],[-322,225],[-193,137],[354,450]],[[11947,15946],[-8,19],[-1,18],[2,13],[11,22],[22,26],[14,34],[5,29],[12,32],[5,21],[9,18],[20,28],[33,29],[20,15],[23,4],[17,10],[9,10],[18,18],[19,27],[11,-1],[11,-4],[43,-50],[35,-56],[8,-20],[6,-20],[-74,-121],[-12,-27],[-31,-43],[-67,-87],[-15,1],[-7,7],[-8,10],[-18,13],[-17,0],[-13,-7],[-9,-8],[-6,0],[-67,40]],[[11934,10616],[8,18],[54,101],[157,-74],[-6,-13],[-54,-105],[-159,73]],[[11698,10525],[118,-52],[9,-10],[-4,-8],[-72,-129],[-121,59],[1,6],[41,85],[13,26],[15,23]],[[11967,10322],[-140,70],[33,61],[140,-70],[-33,-61]],[[7709,10120],[5,11],[28,34],[166,213],[255,331],[179,246],[96,125],[14,4],[44,-28],[510,-354],[134,-95],[84,-61],[-3,-6],[-595,-756],[-149,-194],[-54,31],[-196,134],[-75,48],[-85,60],[-1,7],[0,10],[-91,62],[-67,53],[-147,92],[-52,33]],[[12067,10868],[2,9],[8,15],[21,35],[153,-71],[3,-9],[-31,-55],[-136,66],[-20,10]],[[10761,9772],[58,71],[8,1],[52,-32],[2,-7],[-10,-12],[-11,-18],[-56,-68],[-21,14],[14,22],[-36,29]],[[11904,10203],[-141,69],[56,108],[141,-71],[-43,-78],[-13,-28]],[[11968,10231],[60,107],[12,15],[156,-76],[-63,-129],[-40,16],[-125,67]],[[12002,10746],[57,111],[156,-75],[1,-3],[-14,-31],[-44,-79],[-156,77]],[[11896,10186],[-29,-62],[-17,-27],[-69,38],[-17,-32],[-66,31],[60,119],[138,-67]],[[8918,10046],[3,17],[20,28],[44,63],[231,288],[58,63],[310,-227],[163,-115],[342,-252],[-185,-226],[-164,-222],[-21,13],[-96,66],[-328,240],[-377,264]],[[11953,10208],[21,-4],[115,-54],[31,-21],[-63,-124],[-20,2],[-105,53],[-43,25],[64,123]],[[11738,16096],[23,15],[7,9],[13,29],[21,41],[9,2],[71,-21],[0,-7],[-82,-272],[-12,-5],[-21,-11],[-12,-2],[-19,6],[-16,3],[-5,0],[16,54],[-5,10],[-8,9],[-10,6],[-5,2],[35,132]],[[10913,9814],[-10,8],[25,33],[8,4],[11,-7],[47,-35],[-31,-42],[-50,39]],[[13527,10128],[3,14],[13,21],[11,7],[16,11],[18,15],[22,23],[19,23],[13,13],[149,-124],[211,-173],[-67,-104],[-14,10],[-176,117],[-218,147]],[[11987,9843],[72,131],[58,107],[87,148],[32,62],[7,-4],[40,-30],[0,-12],[-4,-16],[-13,-14],[-15,-29],[-11,-21],[-11,-18],[-20,-31],[-14,-33],[-12,-25],[-20,-30],[-76,-146],[-11,-34],[-21,-38],[-20,4],[-34,14],[-14,15]],[[11870,10064],[38,-9],[61,-27],[76,-42],[-70,-131],[-5,-2],[-158,77],[58,134]],[[9826,15375],[4,9],[61,37],[116,-140],[-76,-49],[-105,143]],[[8546,9566],[-12,13],[11,12],[15,20],[87,93],[151,194],[88,110],[16,15],[339,-251],[239,-163],[234,-171],[-13,-20],[-253,-318],[-75,-85],[-432,283],[-395,268]],[[13949,9758],[2,18],[67,89],[15,-7],[44,60],[131,-98],[0,-22],[7,-13],[71,-45],[87,-64],[-24,-34],[-66,-99],[-18,4],[-106,65],[-210,146]],[[5768,9295],[190,205],[135,138],[62,-60],[-22,-21],[33,-34],[-101,-93],[-62,66],[-126,-132],[12,-10],[-51,-50],[-9,5],[-30,-33],[-31,19]],[[9293,5437],[120,138],[220,267],[21,17],[31,-2],[307,-263],[21,-27],[2,-10],[2,-22],[6,-21],[12,-6],[20,-12],[15,-2],[32,-4],[19,0],[17,3],[14,8],[4,4],[5,1],[90,-72],[20,-16],[-24,-25],[175,-162],[8,-13],[-8,-15],[-72,-65],[-618,-624],[-102,-158],[-91,-146],[-31,15],[-107,-105],[-154,97],[-405,-161],[17,-30],[21,-17],[31,-9],[21,2],[15,17],[4,19],[0,26],[0,7],[13,10],[17,7],[21,4],[14,0],[4,-5],[2,-21],[0,-15],[0,-5],[0,-9],[0,-15],[1,-13],[0,-6],[2,-7],[29,-11],[109,7],[2,-17],[10,-28],[22,-11],[27,-16],[2,-7],[29,-11],[23,0],[17,-7],[12,-7],[10,-11],[10,-24],[31,-239],[18,-20],[31,-210],[18,-117],[-1,-31],[-28,-5],[-28,-4],[-1,-20],[8,-42],[19,-23],[8,-22],[12,-15],[2,-14],[-3,-9],[-23,-4],[-31,61],[-15,3],[-20,-2],[-21,21],[-13,17],[-10,14],[-11,22],[-13,13],[-8,3],[-12,11],[-7,7],[-1,6],[-11,12],[-8,13],[-3,6],[-158,-42],[-201,-65],[-204,555],[-75,-17],[-91,412],[-14,77],[0,28],[9,19],[403,170],[64,25],[21,-3],[137,-84],[24,-17],[11,-2],[13,1],[12,8],[9,13],[2,10],[87,801],[22,198],[16,65]],[[6733,12127],[265,-75],[7,-22],[-45,-75],[-186,51],[-44,-76],[-13,9],[0,14],[-53,14],[23,82],[22,71],[18,-6],[6,13]],[[6503,4691],[326,361]],[[6829,5052],[10,12],[13,-8],[421,-316],[32,-29],[-2,-15],[-121,-145],[-321,-355],[-62,-55],[-9,-11],[-22,1],[-19,16],[-169,221],[-78,121],[-27,69],[-5,38],[-7,36],[33,50],[7,9]],[[6466,5331],[51,-21],[54,-42],[121,-102],[137,-114]],[[6503,4691],[-24,6],[-14,13],[-18,40],[-22,22],[-40,27],[-21,36],[-13,29],[-5,58],[8,23],[17,18],[6,32],[19,31],[12,21],[7,25],[-2,43],[3,24],[-1,39],[5,73],[9,35]],[[12766,10929],[55,-25],[60,-37],[54,-52],[-18,-36],[-30,13],[-28,-56],[-113,52],[4,11],[-16,7],[22,47],[-21,11],[31,65]],[[11886,15743],[63,152],[3,6],[128,-55],[-47,-75],[-60,-53],[-8,-5],[-79,30]],[[5243,5346],[40,136],[24,-7],[105,-29],[-40,-135],[-129,35]],[[11481,15619],[14,25],[18,40],[39,68],[38,80],[43,72],[5,5],[4,0],[4,-4],[19,-62],[27,-109],[1,-9],[43,-22],[17,-9],[-102,-183],[-14,-4],[-28,-50],[-46,-67],[-9,-8],[-22,-4],[-140,-18],[-49,-7],[-2,2],[-6,5],[0,0],[136,241],[10,18]],[[10775,15301],[-26,0],[-12,0],[-13,6],[-60,53],[-28,25],[97,148],[35,52],[304,455],[274,418],[5,-2],[51,-87],[26,-51],[9,-11],[96,-166],[19,-41],[-1,-4],[-78,-102],[-72,-96],[-308,-394],[-77,-107],[-54,-77],[-6,-6],[-13,-1],[-166,-16],[-2,4]],[[11407,16553],[152,238],[54,84],[-139,128],[116,25],[140,-139],[10,-38],[82,-90],[6,-11],[-2,-12],[-7,-24],[-1,-30],[5,-38],[16,-25],[3,-81],[-22,-95],[-58,-169],[-38,-58],[-29,-23],[-15,-9],[-3,5],[-12,1],[-11,-2],[-10,-5],[-14,-17],[-12,-19],[-23,-18],[-15,-11],[-10,-4],[-4,1],[-6,3],[-81,149],[-120,195],[-2,5],[0,4],[1,5],[49,75]],[[6891,11257],[0,-53],[24,1],[1,11],[31,-1],[-2,-35],[-55,-1],[-3,-71],[-3,-6],[-3,-18],[-47,4],[2,16],[-46,18],[1,8],[25,50],[47,85],[13,-6],[6,-2],[9,0]],[[5819,11119],[36,64],[3,6],[33,62],[11,4],[142,-19],[10,-8],[17,-21],[7,-17],[0,-28],[-13,-101],[-11,-113],[-226,20],[4,47],[9,10],[1,27],[24,44],[-47,23]],[[8980,11411],[107,22],[107,14],[122,17],[149,2],[127,-12],[91,-22],[65,-18],[88,-45],[38,-22],[-278,-345],[-8,-12],[-346,-448],[-122,87],[-594,412],[-76,56],[295,377],[55,-13],[35,-16],[18,-11],[45,-14],[51,-7],[16,-3],[15,1]],[[13335,9032],[-85,-89],[-4,-4],[-18,-2],[-166,106],[-16,12],[-90,62],[-1,11],[24,30],[15,30],[-20,24],[7,18],[18,38],[-25,54],[-10,26],[18,33],[19,22],[7,27],[13,18],[28,25],[13,24],[29,19],[45,29],[22,20],[10,34],[20,20],[18,9],[93,-59],[28,-13],[25,-4],[12,21],[3,27],[5,28],[-12,27],[-2,25],[0,4],[24,10],[-6,13],[-11,6],[14,59],[16,56],[16,10],[19,46],[12,31],[16,27],[5,33],[3,16],[22,34],[-1,10],[19,35],[15,35],[213,-136],[40,-29],[81,-49],[47,-32],[30,-23],[3,-15],[-3,-17],[-6,-7],[-110,-149],[-88,-108],[-35,-52],[-245,-314],[-62,-88],[-51,-54]],[[9289,15148],[-13,5],[-44,52],[26,19],[178,126],[130,-160],[-2,-13],[-10,-7],[-116,-11],[-22,-2],[-32,50],[-95,-59]],[[5859,8476],[28,47],[-27,14],[26,43],[63,-35],[-114,-195],[-11,2],[-43,17],[16,26],[13,6],[18,11],[12,20],[-14,10],[25,38],[8,-4]],[[6723,11159],[-64,40],[-26,17],[-20,-29],[-13,5],[31,52],[-40,27],[70,110],[121,-70],[77,-45],[-23,-37],[-33,-60],[-18,-26],[-14,-17],[-15,-26],[29,-9],[-4,-40],[-27,0],[-3,18],[-78,16],[-23,6],[-4,20],[45,-3],[3,20],[29,31]],[[10568,10824],[-132,3],[-2,-31],[138,-2],[5,-16],[53,-33],[62,-36],[-242,-307],[-63,47],[-169,112],[-473,334],[-139,103],[78,99],[197,245],[367,-255],[318,-228],[2,-18],[0,-17]],[[11799,7310],[-10,0],[-1,-13],[-19,-2],[6,-32],[-51,-9],[-11,10],[-12,40],[-5,29],[-1,29],[55,13],[-2,21],[-18,0],[-63,-16],[-5,8],[-10,48],[-13,37],[5,11],[57,17],[25,7],[17,-4],[27,-19],[125,34],[0,53],[55,12],[28,7],[9,-4],[2,-12],[2,-55],[0,-11],[-7,-21],[-13,-25],[-16,-29],[-6,-21],[0,-22],[3,-33],[-1,-20],[-15,-8],[-137,-20]],[[11754,7371],[4,-24],[24,4],[-4,24],[-24,-4]],[[5327,13335],[52,3],[33,-95],[-119,20],[34,72]],[[760,2074],[3,6],[8,8],[14,14],[24,20],[27,19],[37,14],[10,6],[5,0],[9,-3],[5,-3],[1,-12],[5,-17],[14,-24],[16,-44],[-155,-36],[-23,52]],[[515,2206],[2,7],[2,8],[10,19],[19,30],[24,40],[23,40],[30,49],[18,30],[4,1],[11,-8],[0,-1],[-4,-7],[-2,-4],[34,-28],[3,0],[7,7],[11,-11],[35,-31],[2,-7],[-1,-11],[-1,-6],[-5,-6],[-6,-6],[-1,-9],[7,-7],[-42,-56],[-20,-2],[-122,-152],[-13,4],[-28,27],[-3,12],[1,24],[5,54]],[[9648,4205],[8,7],[69,38],[6,17],[136,61],[15,1],[15,-18],[67,-141],[-6,-6],[-140,-60],[-14,14],[-21,17],[-85,-42],[-50,112]],[[9496,2986],[-10,1],[-22,-6],[-40,-10],[-33,102],[21,2],[14,-43],[22,5],[-7,28],[14,1],[22,2],[-6,20],[-26,135],[-7,69],[-29,196],[-22,124],[-10,58],[-20,169],[1,31],[6,27],[3,11],[9,23],[11,18],[29,45],[45,68],[37,57],[14,5],[49,-158],[32,-75],[-20,-15],[-18,-22],[-3,-44],[17,-128],[207,-428],[181,-392],[-60,-67],[-382,-175],[-4,190],[-15,176]],[[7,54],[44,6],[11,2],[5,7],[10,18],[7,34],[78,18],[8,0],[9,-7],[13,-17],[-8,-61],[-2,-5],[-3,-4],[-171,-45],[-6,2],[-2,5],[7,47]],[[904,2423],[17,-17],[18,-28],[28,-23],[26,-19],[10,-8],[-17,-32],[-20,-31],[38,-28],[-18,-27],[-28,-6],[-29,-10],[-29,-10],[-12,-5],[-36,-19],[-11,-7],[-9,2],[-24,89],[-2,45],[4,38],[11,34],[22,42],[17,19],[18,5],[11,2],[7,-2],[8,-4]],[[9438,3216],[3,-3],[4,-33],[0,-11],[5,-16],[13,-64],[-4,-1],[-7,4],[-9,4],[-7,15],[-1,7],[0,12],[0,6],[-14,28],[-5,15],[-1,7],[2,9],[5,9],[16,12]],[[1031,133],[5,5],[411,111],[10,-26],[-1,-6],[-13,-6],[-18,-8],[0,-5],[-2,-14],[-3,-16],[-22,-27],[-25,-19],[-256,-62],[-22,1],[-18,0],[-16,4],[-11,3],[-19,65]]],"transform":{"scale":[0.000004053574132052475,0.0000030949982381959943],"translate":[141.368851113,42.977461983]},"objects":{"2024_011053":{"type":"GeometryCollection","geometries":[{"arcs":[[0,1]],"type":"Polygon","properties":{"polygon_uuid":"5465830a-e0fd-4980-8369-bddacb127cdf","land_type":200,"issue_year":2024,"edit_year":2020,"history":"[{\"筆ポリゴンID\":\"9d20e036-b5af-45ff-9419-713d20d5e1a6\",\"更新年度\":2023,\"前年同一\":true},[{\"筆ポリゴンID\":\"feda6dd2-5402-4e29-ba67-b07a98501af8\",\"更新年度\":2022,\"前年同一\":true},[{\"筆ポリゴンID\":\"c5f03852-81e7-4424-b1bc-84cf8a12deae\",\"更新年度\":2021,\"前年同一\":true},{\"筆ポリゴンID\":\"c5f03852-81e7-4424-b1bc-84cf8a12deae\",\"発生年度\":2020}]]]","last_polygon_uuid":"9d20e036-b5af-45ff-9419-713d20d5e1a6","prev_last_polygon_uuid":"feda6dd2-5402-4e29-ba67-b07a98501af8","local_government_cd":"011053","point_lng":141.412522137,"point_lat":42.999943305}},{"arcs":[[2]],"type":"Polygon","properties":{"polygon_uuid":"a32876df-6fea-4fae-813b-ac1edd33b748","land_type":200,"issue_year":2024,"edit_year":2020,"history":"[{\"筆ポリゴンID\":\"17e6dd7d-90f0-4dff-9aae-ab7c40eceae0\",\"更新年度\":2023,\"前年同一\":true},[{\"筆ポリゴンID\":\"0bcaef6a-1a14-43eb-b6ca-140c0e947a11\",\"更新年度\":2022,\"前年同一\":true},[{\"筆ポリゴンID\":\"3c7cd94c-5506-4e52-bfd8-8c55eb6e4313\",\"更新年度\":2021,\"前年同一\":true},{\"筆ポリゴンID\":\"3c7cd94c-5506-4e52-bfd8-8c55eb6e4313\",\"発生年度\":2020}]]]","last_polygon_uuid":"17e6dd7d-90f0-4dff-9aae-ab7c40eceae0","prev_last_polygon_uuid":"0bcaef6a-1a14-43eb-b6ca-140c0e947a11","local_government_cd":"011053","point_lng":141.410363219,"point_lat":43.000214035}},{"arcs":[[3]],"type":"Polygon","properties":{"polygon_uuid":"a82db6d0-e5c5-41a0-aceb-33336f5c17d9","land_type":200,"issue_year":2024,"edit_year":2020,"history":"[{\"筆ポリゴンID\":\"c12924c2-62a9-459a-91fd-a7ccf0c0efc1\",\"更新年度\":2023,\"前年同一\":true},[{\"筆ポリゴンID\":\"d17a6545-15a7-42e7-928e-fa3ee0a6dde4\",\"更新年度\":2022,\"前年同一\":true},[{\"筆ポリゴンID\":\"2f72efed-4f36-4d52-a566-d53786036c44\",\"更新年度\":2021,\"前年同一\":true},{\"筆ポリゴンID\":\"2f72efed-4f36-4d52-a566-d53786036c44\",\"発生年度\":2020}]]]","last_polygon_uuid":"c12924c2-62a9-459a-91fd-a7ccf0c0efc1","prev_last_polygon_uuid":"d17a6545-15a7-42e7-928e-fa3ee0a6dde4","local_government_cd":"011053","point_lng":141.397724391,"point_lat":43.000429665}},{"arcs":[[4]],"type":"Polygon","properties":{"polygon_uuid":"9ee05f8a-4fde-469a-bfa5-7f3f78644d95","land_type":200,"issue_year":2024,"edit_year":2020,"history":"[{\"筆ポリゴンID\":\"edade2e1-f84f-4cbd-9e21-19f8c14d0aca\",\"更新年度\":2023,\"前年同一\":true},[{\"筆ポリゴンID\":\"ca0e53e4-7ab4-4dec-a124-49640dd5ea47\",\"更新年度\":2022,\"前年同一\":true},[{\"筆ポリゴンID\":\"74995383-3048-48f4-8d7d-d33e13a895ee\",\"更新年度\":2021,\"前年同一\":true},{\"筆ポリゴンID\":\"74995383-3048-48f4-8d7d-d33e13a895ee\",\"発生年度\":2020}]]]","last_polygon_uuid":"edade2e1-f84f-4cbd-9e21-19f8c14d0aca","prev_last_polygon_uuid":"ca0e53e4-7ab4-4dec-a124-49640dd5ea47","local_government_cd":"011053","point_lng":141.392675991,"point_lat":43.011185615}},{"arcs":[[5]],"type":"Polygon","properties":{"polygon_uuid":"bd7ecadc-69ea-4ac0-9845-5100a73b98df","land_type":200,"issue_year":2024,"edit_year":2020,"history":"[{\"筆ポリゴンID\":\"4f3c5e84-0178-4f81-aa6e-5033c696d0ae\",\"更新年度\":2023,\"前年同一\":true},[{\"筆ポリゴンID\":\"028e52c9-104a-4619-a30c-8ce2883ee999\",\"更新年度\":2022,\"前年同一\":true},[{\"筆ポリゴンID\":\"cebe2606-2099-4d0f-b6f7-0873f2a5f3ad\",\"更新年度\":2021,\"前年同一\":true},{\"筆ポリゴンID\":\"cebe2606-2099-4d0f-b6f7-0873f2a5f3ad\",\"発生年度\":2020}]]]","last_polygon_uuid":"4f3c5e84-0178-4f81-aa6e-5033c696d0ae","prev_last_polygon_uuid":"028e52c9-104a-4619-a30c-8ce2883ee999","local_government_cd":"011053","point_lng":141.404223623,"point_lat":43.000482481}},{"arcs":[[-2,6]],"type":"Polygon","properties":{"polygon_uuid":"f2cc3ec5-d757-4f4b-bdf3-2de0c9b88cb4","land_type":200,"issue_year":2024,"edit_year":2020,"history":"[{\"筆ポリゴンID\":\"ee372cdc-11d2-4ace-9420-8d5301604192\",\"更新年度\":2023,\"前年同一\":true},[{\"筆ポリゴンID\":\"ed2b6bf0-a706-430d-b9b6-97ec853ebf2c\",\"更新年度\":2022,\"前年同一\":true},[{\"筆ポリゴンID\":\"b0b9561d-3b92-49d7-9b18-cb6486e14707\",\"更新年度\":2021,\"前年同一\":true},{\"筆ポリゴンID\":\"b0b9561d-3b92-49d7-9b18-cb6486e14707\",\"発生年度\":2020}]]]","last_polygon_uuid":"ee372cdc-11d2-4ace-9420-8d5301604192","prev_last_polygon_uuid":"ed2b6bf0-a706-430d-b9b6-97ec853ebf2c","local_government_cd":"011053","point_lng":141.412566021,"point_lat":43.000873016}},{"arcs":[[7,8]],"type":"Polygon","properties":{"polygon_uuid":"493fa7cb-3dc4-42d3-b044-6aff7993639f","land_type":200,"issue_year":2024,"edit_year":2020,"history":"[{\"筆ポリゴンID\":\"bd754a8b-9b1b-4d03-b1c1-fc2dec944f89\",\"更新年度\":2023,\"前年同一\":true},[{\"筆ポリゴンID\":\"95384f4e-dc1b-4531-82ac-00f0a9602e25\",\"更新年度\":2022,\"前年同一\":true},[{\"筆ポリゴンID\":\"f0d50b91-1197-42f7-9cfd-2cf8b70250a4\",\"更新年度\":2021,\"前年同一\":true},{\"筆ポリゴンID\":\"f0d50b91-1197-42f7-9cfd-2cf8b70250a4\",\"発生年度\":2020}]]]","last_polygon_uuid":"bd754a8b-9b1b-4d03-b1c1-fc2dec944f89","prev_last_polygon_uuid":"95384f4e-dc1b-4531-82ac-00f0a9602e25","local_government_cd":"011053","point_lng":141.394806245,"point_lat":43.00113024}},{"arcs":[[9]],"type":"Polygon","properties":{"polygon_uuid":"67012031-ad1d-43a5-a4fe-1ce452f6dfcd","land_type":200,"issue_year":2024,"edit_year":2020,"history":"[{\"筆ポリゴンID\":\"f9723719-0d32-45f5-a121-9ea9ffc1b661\",\"更新年度\":2023,\"前年同一\":true},[{\"筆ポリゴンID\":\"aa64377e-c561-4f3b-b99f-8706b47b5515\",\"更新年度\":2022,\"前年同一\":true},[{\"筆ポリゴンID\":\"b597fc52-fd35-4cec-bb74-dd6cfd8e80cd\",\"更新年度\":2021,\"前年同一\":true},{\"筆ポリゴンID\":\"b597fc52-fd35-4cec-bb74-dd6cfd8e80cd\",\"発生年度\":2020}]]]","last_polygon_uuid":"f9723719-0d32-45f5-a121-9ea9ffc1b661","prev_last_polygon_uuid":"aa64377e-c561-4f3b-b99f-8706b47b5515","local_government_cd":"011053","point_lng":141.4112409,"point_lat":43.001401288}},{"arcs":[[10]],"type":"Polygon","properties":{"polygon_uuid":"a9e5a3bc-836e-4d5e-ac2d-3830e3c4ce9e","land_type":200,"issue_year":2024,"edit_year":2020,"history":"[{\"筆ポリゴンID\":\"515786a6-190f-43c1-9575-1c4c8b2a8a25\",\"更新年度\":2023,\"前年同一\":true},[{\"筆ポリゴンID\":\"c8e8008e-957c-4ac3-b771-ffa156433cde\",\"更新年度\":2022,\"前年同一\":true},[{\"筆ポリゴンID\":\"d039be1f-0279-4331-9d61-a4a33881e7bb\",\"更新年度\":2021,\"前年同一\":true},{\"筆ポリゴンID\":\"d039be1f-0279-4331-9d61-a4a33881e7bb\",\"発生年度\":2020}]]]","last_polygon_uuid":"515786a6-190f-43c1-9575-1c4c8b2a8a25","prev_last_polygon_uuid":"c8e8008e-957c-4ac3-b771-ffa156433cde","local_government_cd":"011053","point_lng":141.406437892,"point_lat":43.002362144}},{"arcs":[[11]],"type":"Polygon","properties":{"polygon_uuid":"e3edf212-f225-4698-8bf7-37bdbf202485","land_type":200,"issue_year":2024,"edit_year":2020,"history":"[{\"筆ポリゴンID\":\"47eae6fe-2a44-4e6a-8d72-2fa84be7fd0a\",\"更新年度\":2023,\"前年同一\":true},[{\"筆ポリゴンID\":\"3152a44c-a488-4ffb-a893-c973ba35a860\",\"更新年度\":2022,\"前年同一\":true},[{\"筆ポリゴンID\":\"81d70c66-50ec-460e-9561-d1cd1e010083\",\"更新年度\":2021,\"前年同一\":true},{\"筆ポリゴンID\":\"81d70c66-50ec-460e-9561-d1cd1e010083\",\"発生年度\":2020}]]]","last_polygon_uuid":"47eae6fe-2a44-4e6a-8d72-2fa84be7fd0a","prev_last_polygon_uuid":"3152a44c-a488-4ffb-a893-c973ba35a860","local_government_cd":"011053","point_lng":141.401034812,"point_lat":43.002354822}},{"arcs":[[12]],"type":"Polygon","properties":{"polygon_uuid":"b6e14561-48b9-4cb3-a3b9-52104de5f4eb","land_type":200,"issue_year":2024,"edit_year":2020,"history":"[{\"筆ポリゴンID\":\"e512eb7d-ad48-48ff-8f74-3598b6703f18\",\"更新年度\":2023,\"前年同一\":true},[{\"筆ポリゴンID\":\"29862aa1-e1a6-4225-abcd-9f10966bf7fd\",\"更新年度\":2022,\"前年同一\":true},[{\"筆ポリゴンID\":\"ff72e972-cf1d-4e9e-9ac0-f837ced0b1a3\",\"更新年度\":2021,\"前年同一\":true},{\"筆ポリゴンID\":\"ff72e972-cf1d-4e9e-9ac0-f837ced0b1a3\",\"発生年度\":2020}]]]","last_polygon_uuid":"e512eb7d-ad48-48ff-8f74-3598b6703f18","prev_last_polygon_uuid":"29862aa1-e1a6-4225-abcd-9f10966bf7fd","local_government_cd":"011053","point_lng":141.410900509,"point_lat":43.002947575}},{"arcs":[[13]],"type":"Polygon","properties":{"polygon_uuid":"a91a5339-580e-45db-b2bf-63baeb593f5d","land_type":200,"issue_year":2024,"edit_year":2020,"history":"[{\"筆ポリゴンID\":\"44f9630c-aa17-4492-b258-c05fcebf8a5b\",\"更新年度\":2023,\"前年同一\":true},[{\"筆ポリゴンID\":\"d70683ed-7ed3-47ed-9966-cb5da32d3bb9\",\"更新年度\":2022,\"前年同一\":true},[{\"筆ポリゴンID\":\"e53e7636-4c8e-4d42-bd23-9d734aca5f1d\",\"更新年度\":2021,\"前年同一\":true},{\"筆ポリゴンID\":\"e53e7636-4c8e-4d42-bd23-9d734aca5f1d\",\"発生年度\":2020}]]]","last_polygon_uuid":"44f9630c-aa17-4492-b258-c05fcebf8a5b","prev_last_polygon_uuid":"d70683ed-7ed3-47ed-9966-cb5da32d3bb9","local_government_cd":"011053","point_lng":141.422243104,"point_lat":43.003362097}},{"arcs":[[14]],"type":"Polygon","properties":{"polygon_uuid":"d29c1f9a-fd31-422e-b15d-abbd4b5dbb32","land_type":200,"issue_year":2024,"edit_year":2020,"history":"[{\"筆ポリゴンID\":\"aa026da0-1d52-4c10-90eb-ba7bfb5fbb81\",\"更新年度\":2023,\"前年同一\":true},[{\"筆ポリゴンID\":\"8da51452-b9d4-4a16-ae6c-202c325e6e81\",\"更新年度\":2022,\"前年同一\":true},[{\"筆ポリゴンID\":\"0b89a34e-9fd6-4b64-9dce-8c089088d04b\",\"更新年度\":2021,\"前年同一\":true},{\"筆ポリゴンID\":\"0b89a34e-9fd6-4b64-9dce-8c089088d04b\",\"発生年度\":2020}]]]","last_polygon_uuid":"aa026da0-1d52-4c10-90eb-ba7bfb5fbb81","prev_last_polygon_uuid":"8da51452-b9d4-4a16-ae6c-202c325e6e81","local_government_cd":"011053","point_lng":141.408729044,"point_lat":43.003445018}},{"arcs":[[15]],"type":"Polygon","properties":{"polygon_uuid":"e4a635e4-40f7-4b0c-b951-a25e57e51bb0","land_type":200,"issue_year":2024,"edit_year":2020,"history":"[{\"筆ポリゴンID\":\"1da59c9c-74d7-4023-ad40-99b5c2961f3e\",\"更新年度\":2023,\"前年同一\":true},[{\"筆ポリゴンID\":\"de010694-db74-43e8-a7df-c635632e3635\",\"更新年度\":2022,\"前年同一\":true},[{\"筆ポリゴンID\":\"a58e3bfd-db99-4eb0-829a-a739ccd25c3f\",\"更新年度\":2021,\"前年同一\":true},{\"筆ポリゴンID\":\"a58e3bfd-db99-4eb0-829a-a739ccd25c3f\",\"発生年度\":2020}]]]","last_polygon_uuid":"1da59c9c-74d7-4023-ad40-99b5c2961f3e","prev_last_polygon_uuid":"de010694-db74-43e8-a7df-c635632e3635","local_government_cd":"011053","point_lng":141.391632498,"point_lat":42.993926952}},{"arcs":[[16,-9]],"type":"Polygon","properties":{"polygon_uuid":"6ad7a411-5515-4724-a1da-5293bf4c0099","land_type":200,"issue_year":2024,"edit_year":2020,"history":"[{\"筆ポリゴンID\":\"3940212d-2125-4ec0-b06e-647f66bee2b1\",\"更新年度\":2023,\"前年同一\":true},[{\"筆ポリゴンID\":\"824c8d17-67a1-41fd-9014-546563fee458\",\"更新年度\":2022,\"前年同一\":true},[{\"筆ポリゴンID\":\"8878dc64-4f70-4135-825c-c9af9f34bad6\",\"更新年度\":2021,\"前年同一\":true},{\"筆ポリゴンID\":\"8878dc64-4f70-4135-825c-c9af9f34bad6\",\"発生年度\":2020}]]]","last_polygon_uuid":"3940212d-2125-4ec0-b06e-647f66bee2b1","prev_last_polygon_uuid":"824c8d17-67a1-41fd-9014-546563fee458","local_government_cd":"011053","point_lng":141.397793382,"point_lat":43.00425091}},{"arcs":[[17]],"type":"Polygon","properties":{"polygon_uuid":"eaa82f0d-e253-43e2-aea3-db9bcfad538a","land_type":200,"issue_year":2024,"edit_year":2020,"history":"[{\"筆ポリゴンID\":\"0578a155-7f42-4122-b944-04da94dcc49a\",\"更新年度\":2023,\"前年同一\":true},[{\"筆ポリゴンID\":\"177a1fb8-2669-40f6-b13c-78273e92010e\",\"更新年度\":2022,\"前年同一\":true},[{\"筆ポリゴンID\":\"249f06ab-f2d5-4436-b9ca-ee6bca439c8a\",\"更新年度\":2021,\"前年同一\":true},{\"筆ポリゴンID\":\"249f06ab-f2d5-4436-b9ca-ee6bca439c8a\",\"発生年度\":2020}]]]","last_polygon_uuid":"0578a155-7f42-4122-b944-04da94dcc49a","prev_last_polygon_uuid":"177a1fb8-2669-40f6-b13c-78273e92010e","local_government_cd":"011053","point_lng":141.414337686,"point_lat":43.00465679}},{"arcs":[[18]],"type":"Polygon","properties":{"polygon_uuid":"57be1cda-68ff-4b0c-8347-fae6b4e64951","land_type":200,"issue_year":2024,"edit_year":2020,"history":"[{\"筆ポリゴンID\":\"5855d8c4-df53-4795-b2c4-55dbc0e9d9e4\",\"更新年度\":2023,\"前年同一\":true},[{\"筆ポリゴンID\":\"c7f9c7d9-f8bf-4777-aa8b-fe2ac7ed38e0\",\"更新年度\":2022,\"前年同一\":true},[{\"筆ポリゴンID\":\"34389d72-61d9-4bb8-9d99-b6991d37966d\",\"更新年度\":2021,\"前年同一\":true},{\"筆ポリゴンID\":\"34389d72-61d9-4bb8-9d99-b6991d37966d\",\"発生年度\":2020}]]]","last_polygon_uuid":"5855d8c4-df53-4795-b2c4-55dbc0e9d9e4","prev_last_polygon_uuid":"c7f9c7d9-f8bf-4777-aa8b-fe2ac7ed38e0","local_government_cd":"011053","point_lng":141.408762821,"point_lat":43.004716368}},{"arcs":[[19]],"type":"Polygon","properties":{"polygon_uuid":"3dace6dc-d288-4663-bbb3-a11b50f7b8fa","land_type":200,"issue_year":2024,"edit_year":2020,"history":"[{\"筆ポリゴンID\":\"0e6b5eda-c4e8-4ec8-86b7-b31372536345\",\"更新年度\":2023,\"前年同一\":true},[{\"筆ポリゴンID\":\"7bff4628-faf4-47e1-abb6-5341f761efbc\",\"更新年度\":2022,\"前年同一\":true},[{\"筆ポリゴンID\":\"f36c9915-76ab-45e1-83ef-110bd3bfdbbf\",\"更新年度\":2021,\"前年同一\":true},{\"筆ポリゴンID\":\"f36c9915-76ab-45e1-83ef-110bd3bfdbbf\",\"発生年度\":2020}]]]","last_polygon_uuid":"0e6b5eda-c4e8-4ec8-86b7-b31372536345","prev_last_polygon_uuid":"7bff4628-faf4-47e1-abb6-5341f761efbc","local_government_cd":"011053","point_lng":141.424653284,"point_lat":43.005029312}},{"arcs":[[20]],"type":"Polygon","properties":{"polygon_uuid":"fa5850c5-fddc-404c-8dff-2907fd865a05","land_type":200,"issue_year":2024,"edit_year":2020,"history":"[{\"筆ポリゴンID\":\"3080637e-28d6-4a33-bb89-b9ed6d5f5749\",\"更新年度\":2023,\"前年同一\":true},[{\"筆ポリゴンID\":\"e8929dcf-054b-406d-b282-ce32ffecb00c\",\"更新年度\":2022,\"前年同一\":true},[{\"筆ポリゴンID\":\"a3fb75a3-f488-4526-bae3-7e972f3982a8\",\"更新年度\":2021,\"前年同一\":true},{\"筆ポリゴンID\":\"a3fb75a3-f488-4526-bae3-7e972f3982a8\",\"発生年度\":2020}]]]","last_polygon_uuid":"3080637e-28d6-4a33-bb89-b9ed6d5f5749","prev_last_polygon_uuid":"e8929dcf-054b-406d-b282-ce32ffecb00c","local_government_cd":"011053","point_lng":141.403915067,"point_lat":43.005122676}},{"arcs":[[21]],"type":"Polygon","properties":{"polygon_uuid":"c5b2c6ba-5c20-4e2b-a2be-c86511052f74","land_type":200,"issue_year":2024,"edit_year":2020,"history":"[{\"筆ポリゴンID\":\"83c5b037-4a9b-4b1f-8944-97c60396227c\",\"更新年度\":2023,\"前年同一\":true},[{\"筆ポリゴンID\":\"7dd73aa8-9fad-4ba9-a9e1-574cdcd79970\",\"更新年度\":2022,\"前年同一\":true},[{\"筆ポリゴンID\":\"17048cc8-b144-41f2-8031-bd2b956950ac\",\"更新年度\":2021,\"前年同一\":true},{\"筆ポリゴンID\":\"17048cc8-b144-41f2-8031-bd2b956950ac\",\"発生年度\":2020}]]]","last_polygon_uuid":"83c5b037-4a9b-4b1f-8944-97c60396227c","prev_last_polygon_uuid":"7dd73aa8-9fad-4ba9-a9e1-574cdcd79970","local_government_cd":"011053","point_lng":141.402908749,"point_lat":43.004101947}},{"arcs":[[22]],"type":"Polygon","properties":{"polygon_uuid":"86b0b1e3-afb2-4f1b-89fd-31143f9894c7","land_type":200,"issue_year":2024,"edit_year":2020,"history":"[{\"筆ポリゴンID\":\"bc8691e9-cebe-401a-bfd8-2fd3f663f226\",\"更新年度\":2023,\"前年同一\":true},[{\"筆ポリゴンID\":\"2cd0de1d-5402-4087-845f-efe96fdc00e0\",\"更新年度\":2022,\"前年同一\":true},[{\"筆ポリゴンID\":\"7439a6bc-2565-4289-9e63-8a94be018c3b\",\"更新年度\":2021,\"前年同一\":true},{\"筆ポリゴンID\":\"7439a6bc-2565-4289-9e63-8a94be018c3b\",\"発生年度\":2020}]]]","last_polygon_uuid":"bc8691e9-cebe-401a-bfd8-2fd3f663f226","prev_last_polygon_uuid":"2cd0de1d-5402-4087-845f-efe96fdc00e0","local_government_cd":"011053","point_lng":141.410043966,"point_lat":43.025346282}},{"arcs":[[23]],"type":"Polygon","properties":{"polygon_uuid":"21a9771e-a07c-4232-80da-a40afdf84b92","land_type":200,"issue_year":2024,"edit_year":2020,"history":"[{\"筆ポリゴンID\":\"9dd0df3c-fc97-4abf-a11c-e6b7f6fba7b2\",\"更新年度\":2023,\"前年同一\":true},[{\"筆ポリゴンID\":\"2ee2a931-2f97-4ecf-8d70-13166862e44b\",\"更新年度\":2022,\"前年同一\":true},[{\"筆ポリゴンID\":\"c2502de2-5c6c-4f99-a04b-14240e810865\",\"更新年度\":2021,\"前年同一\":true},{\"筆ポリゴンID\":\"c2502de2-5c6c-4f99-a04b-14240e810865\",\"発生年度\":2020}]]]","last_polygon_uuid":"9dd0df3c-fc97-4abf-a11c-e6b7f6fba7b2","prev_last_polygon_uuid":"2ee2a931-2f97-4ecf-8d70-13166862e44b","local_government_cd":"011053","point_lng":141.390036848,"point_lat":43.002924301}},{"arcs":[[24]],"type":"Polygon","properties":{"polygon_uuid":"e431d53f-68c1-47c3-ac15-87ac25b62ba7","land_type":200,"issue_year":2024,"edit_year":2020,"history":"[{\"筆ポリゴンID\":\"f784153f-b597-4a23-b73a-7d27ee848f43\",\"更新年度\":2023,\"前年同一\":true},[{\"筆ポリゴンID\":\"3c7b3a11-c348-47be-9919-eed7be65f41d\",\"更新年度\":2022,\"前年同一\":true},[{\"筆ポリゴンID\":\"46ef5849-3d27-4598-93e1-281961d29cfc\",\"更新年度\":2021,\"前年同一\":true},{\"筆ポリゴンID\":\"46ef5849-3d27-4598-93e1-281961d29cfc\",\"発生年度\":2020}]]]","last_polygon_uuid":"f784153f-b597-4a23-b73a-7d27ee848f43","prev_last_polygon_uuid":"3c7b3a11-c348-47be-9919-eed7be65f41d","local_government_cd":"011053","point_lng":141.408512561,"point_lat":43.024663098}},{"arcs":[[25]],"type":"Polygon","properties":{"polygon_uuid":"bc9cb101-ff66-4ea0-9c58-4cdb6d9f87c8","land_type":200,"issue_year":2024,"edit_year":2020,"history":"[{\"筆ポリゴンID\":\"9859814f-f0ed-4f07-89aa-9a7468cdf63e\",\"更新年度\":2023,\"前年同一\":true},[{\"筆ポリゴンID\":\"8dd0aa19-070d-4158-96c7-5b0b9f477ded\",\"更新年度\":2022,\"前年同一\":true},[{\"筆ポリゴンID\":\"b1c0a0e0-d1d2-4a84-9c53-4886a384d2cc\",\"更新年度\":2021,\"前年同一\":true},{\"筆ポリゴンID\":\"b1c0a0e0-d1d2-4a84-9c53-4886a384d2cc\",\"発生年度\":2020}]]]","last_polygon_uuid":"9859814f-f0ed-4f07-89aa-9a7468cdf63e","prev_last_polygon_uuid":"8dd0aa19-070d-4158-96c7-5b0b9f477ded","local_government_cd":"011053","point_lng":141.416971772,"point_lat":43.027759301}},{"arcs":[[26]],"type":"Polygon","properties":{"polygon_uuid":"f855015c-e524-4943-91ed-44fea5b91f8a","land_type":200,"issue_year":2024,"edit_year":2020,"history":"[{\"筆ポリゴンID\":\"caca2ede-e00d-4383-a32f-749724ba42d8\",\"更新年度\":2023,\"前年同一\":true},[{\"筆ポリゴンID\":\"09977e10-529f-4858-96f1-69770a364305\",\"更新年度\":2022,\"前年同一\":true},[{\"筆ポリゴンID\":\"6bdad20e-b5ac-4171-b931-4e0a94c8c319\",\"更新年度\":2021,\"前年同一\":true},{\"筆ポリゴンID\":\"6bdad20e-b5ac-4171-b931-4e0a94c8c319\",\"発生年度\":2020}]]]","last_polygon_uuid":"caca2ede-e00d-4383-a32f-749724ba42d8","prev_last_polygon_uuid":"09977e10-529f-4858-96f1-69770a364305","local_government_cd":"011053","point_lng":141.42025742,"point_lat":43.028666829}},{"arcs":[[27]],"type":"Polygon","properties":{"polygon_uuid":"b7eb7d34-56b0-47ad-8aad-c88f1cf449ab","land_type":200,"issue_year":2024,"edit_year":2020,"history":"[{\"筆ポリゴンID\":\"2c128efb-ca8c-467f-9c89-47612181fd31\",\"更新年度\":2023,\"前年同一\":true},[{\"筆ポリゴンID\":\"827ca26b-d78b-4ce7-99ad-c854d2aa4d8f\",\"更新年度\":2022,\"前年同一\":true},[{\"筆ポリゴンID\":\"f19860d0-279a-43ab-b109-37a9a3968b05\",\"更新年度\":2021,\"前年同一\":true},{\"筆ポリゴンID\":\"f19860d0-279a-43ab-b109-37a9a3968b05\",\"発生年度\":2020}]]]","last_polygon_uuid":"2c128efb-ca8c-467f-9c89-47612181fd31","prev_last_polygon_uuid":"827ca26b-d78b-4ce7-99ad-c854d2aa4d8f","local_government_cd":"011053","point_lng":141.414842726,"point_lat":43.024386204}},{"arcs":[[28]],"type":"Polygon","properties":{"polygon_uuid":"26733f37-c98a-4a4b-be84-e27b2175bf33","land_type":200,"issue_year":2024,"edit_year":2020,"history":"[{\"筆ポリゴンID\":\"bfdd9bd5-d22f-48f6-b27e-c9e20b985e7f\",\"更新年度\":2023,\"前年同一\":true},[{\"筆ポリゴンID\":\"3bccc11d-6d8b-49e6-aaf9-665b631e30c8\",\"更新年度\":2022,\"前年同一\":true},[{\"筆ポリゴンID\":\"9dbb806e-733b-4e78-996b-45c7e2973114\",\"更新年度\":2021,\"前年同一\":true},{\"筆ポリゴンID\":\"9dbb806e-733b-4e78-996b-45c7e2973114\",\"発生年度\":2020}]]]","last_polygon_uuid":"bfdd9bd5-d22f-48f6-b27e-c9e20b985e7f","prev_last_polygon_uuid":"3bccc11d-6d8b-49e6-aaf9-665b631e30c8","local_government_cd":"011053","point_lng":141.408125067,"point_lat":43.023762107}},{"arcs":[[29]],"type":"Polygon","properties":{"polygon_uuid":"fe8ff95e-26cb-40b6-958a-2de7e3455cb4","land_type":200,"issue_year":2024,"edit_year":2020,"history":"[{\"筆ポリゴンID\":\"57177733-f942-4c3e-af14-6df9e8e28285\",\"更新年度\":2023,\"前年同一\":true},[{\"筆ポリゴンID\":\"e18dc611-cc1c-41a0-a6a5-9e794e76f7e9\",\"更新年度\":2022,\"前年同一\":true},[{\"筆ポリゴンID\":\"f762f701-ef68-4a31-9d38-bb2bf0c98d13\",\"更新年度\":2021,\"前年同一\":true},{\"筆ポリゴンID\":\"f762f701-ef68-4a31-9d38-bb2bf0c98d13\",\"発生年度\":2020}]]]","last_polygon_uuid":"57177733-f942-4c3e-af14-6df9e8e28285","prev_last_polygon_uuid":"e18dc611-cc1c-41a0-a6a5-9e794e76f7e9","local_government_cd":"011053","point_lng":141.411406745,"point_lat":43.023771271}},{"arcs":[[30]],"type":"Polygon","properties":{"polygon_uuid":"453af715-1932-418b-83b5-1ee24d289b89","land_type":200,"issue_year":2024,"edit_year":2020,"history":"[{\"筆ポリゴンID\":\"96587a53-ed5d-4cba-8881-499c074ece78\",\"更新年度\":2023,\"前年同一\":true},[{\"筆ポリゴンID\":\"72e93d54-4137-4f5b-b361-f49b4887f047\",\"更新年度\":2022,\"前年同一\":true},[{\"筆ポリゴンID\":\"15648585-5d93-4f9b-b679-fb703ad6c691\",\"更新年度\":2021,\"前年同一\":true},{\"筆ポリゴンID\":\"15648585-5d93-4f9b-b679-fb703ad6c691\",\"発生年度\":2020}]]]","last_polygon_uuid":"96587a53-ed5d-4cba-8881-499c074ece78","prev_last_polygon_uuid":"72e93d54-4137-4f5b-b361-f49b4887f047","local_government_cd":"011053","point_lng":141.409287937,"point_lat":43.023480008}},{"arcs":[[31]],"type":"Polygon","properties":{"polygon_uuid":"0a022170-3b53-4559-8284-1b7e74431ab5","land_type":200,"issue_year":2024,"edit_year":2020,"history":"[{\"筆ポリゴンID\":\"a24e17b1-06eb-4780-910a-f55d624effef\",\"更新年度\":2023,\"前年同一\":true},[{\"筆ポリゴンID\":\"3e260a7b-0287-46e1-9044-e17ace9b668a\",\"更新年度\":2022,\"前年同一\":true},[{\"筆ポリゴンID\":\"e378b795-1ab0-40d3-b6f9-17e29bbc478f\",\"更新年度\":2021,\"前年同一\":true},{\"筆ポリゴンID\":\"e378b795-1ab0-40d3-b6f9-17e29bbc478f\",\"発生年度\":2020}]]]","last_polygon_uuid":"a24e17b1-06eb-4780-910a-f55d624effef","prev_last_polygon_uuid":"3e260a7b-0287-46e1-9044-e17ace9b668a","local_government_cd":"011053","point_lng":141.412113368,"point_lat":43.022352095}},{"arcs":[[32]],"type":"Polygon","properties":{"polygon_uuid":"2c84607f-be2f-4be9-a515-b73d37b0730e","land_type":200,"issue_year":2024,"edit_year":2020,"history":"[{\"筆ポリゴンID\":\"a6ebe10f-aae3-4cf6-b463-9ddf3645d0f8\",\"更新年度\":2023,\"前年同一\":true},[{\"筆ポリゴンID\":\"d1ff7f6e-f42c-4d6e-9d91-5c799ae78779\",\"更新年度\":2022,\"前年同一\":true},[{\"筆ポリゴンID\":\"86000dc0-6896-4985-a6fb-0976154f3420\",\"更新年度\":2021,\"前年同一\":true},{\"筆ポリゴンID\":\"86000dc0-6896-4985-a6fb-0976154f3420\",\"発生年度\":2020}]]]","last_polygon_uuid":"a6ebe10f-aae3-4cf6-b463-9ddf3645d0f8","prev_last_polygon_uuid":"d1ff7f6e-f42c-4d6e-9d91-5c799ae78779","local_government_cd":"011053","point_lng":141.418494024,"point_lat":43.028212489}},{"arcs":[[33]],"type":"Polygon","properties":{"polygon_uuid":"8d03c1f4-e6eb-488c-98db-a79447fd6d86","land_type":200,"issue_year":2024,"edit_year":2020,"history":"[{\"筆ポリゴンID\":\"1cf338a3-2983-40d7-b6c5-c316482ca65a\",\"更新年度\":2023,\"前年同一\":true},[{\"筆ポリゴンID\":\"712f9fa1-3375-4a46-a553-dc0c5f20d5b0\",\"更新年度\":2022,\"前年同一\":true},[{\"筆ポリゴンID\":\"cfb2f2ee-3b45-4837-92c1-a337066f3665\",\"更新年度\":2021,\"前年同一\":true},{\"筆ポリゴンID\":\"cfb2f2ee-3b45-4837-92c1-a337066f3665\",\"発生年度\":2020}]]]","last_polygon_uuid":"1cf338a3-2983-40d7-b6c5-c316482ca65a","prev_last_polygon_uuid":"712f9fa1-3375-4a46-a553-dc0c5f20d5b0","local_government_cd":"011053","point_lng":141.410500492,"point_lat":43.022770627}},{"arcs":[[34]],"type":"Polygon","properties":{"polygon_uuid":"cceaeb4f-3586-4d82-86dd-9e186f058509","land_type":200,"issue_year":2024,"edit_year":2020,"history":"[{\"筆ポリゴンID\":\"7f625732-86b2-4f5e-b93a-2c3d51d8532a\",\"更新年度\":2023,\"前年同一\":true},[{\"筆ポリゴンID\":\"d778db05-24c5-45ed-87a5-754fb540a0b6\",\"更新年度\":2022,\"前年同一\":true},[{\"筆ポリゴンID\":\"f3e4c542-a292-4a96-87ea-f55e641ff3a8\",\"更新年度\":2021,\"前年同一\":true},{\"筆ポリゴンID\":\"f3e4c542-a292-4a96-87ea-f55e641ff3a8\",\"発生年度\":2020}]]]","last_polygon_uuid":"7f625732-86b2-4f5e-b93a-2c3d51d8532a","prev_last_polygon_uuid":"d778db05-24c5-45ed-87a5-754fb540a0b6","local_government_cd":"011053","point_lng":141.414894915,"point_lat":43.004789967}},{"arcs":[[35]],"type":"Polygon","properties":{"polygon_uuid":"de1e5796-f0b8-4cc3-a0b7-f1aa9b7c41fe","land_type":200,"issue_year":2024,"edit_year":2020,"history":"[{\"筆ポリゴンID\":\"db9e5f3d-5da0-4f3f-8d46-bfa45a770839\",\"更新年度\":2023,\"前年同一\":true},[{\"筆ポリゴンID\":\"be541543-4399-4fce-a558-f12fad410b39\",\"更新年度\":2022,\"前年同一\":true},[{\"筆ポリゴンID\":\"d063db74-1d75-4758-83ed-3f67beeeb151\",\"更新年度\":2021,\"前年同一\":true},{\"筆ポリゴンID\":\"d063db74-1d75-4758-83ed-3f67beeeb151\",\"発生年度\":2020}]]]","last_polygon_uuid":"db9e5f3d-5da0-4f3f-8d46-bfa45a770839","prev_last_polygon_uuid":"be541543-4399-4fce-a558-f12fad410b39","local_government_cd":"011053","point_lng":141.419896128,"point_lat":43.02796195}},{"arcs":[[36]],"type":"Polygon","properties":{"polygon_uuid":"08f9fc8e-ef90-42ec-b7d8-918253081179","land_type":100,"issue_year":2024,"edit_year":2020,"history":"[{\"筆ポリゴンID\":\"c018e9d4-f2fd-4080-b4f7-104a86a86964\",\"更新年度\":2023,\"前年同一\":true},[{\"筆ポリゴンID\":\"7c79a5cd-531b-4657-bf22-eca6c05ca64a\",\"更新年度\":2022,\"前年同一\":true},[{\"筆ポリゴンID\":\"aa59d65e-5941-4aa0-a3f4-c4191d5ad69f\",\"更新年度\":2021,\"前年同一\":true},{\"筆ポリゴンID\":\"aa59d65e-5941-4aa0-a3f4-c4191d5ad69f\",\"発生年度\":2020}]]]","last_polygon_uuid":"c018e9d4-f2fd-4080-b4f7-104a86a86964","prev_last_polygon_uuid":"7c79a5cd-531b-4657-bf22-eca6c05ca64a","local_government_cd":"011053","point_lng":141.418788853,"point_lat":43.011367584}},{"arcs":[[37,38]],"type":"Polygon","properties":{"polygon_uuid":"d119a411-a5d5-4a97-9bd2-677489e5dd32","land_type":200,"issue_year":2024,"edit_year":2020,"history":"[{\"筆ポリゴンID\":\"6a2ac345-2a87-425f-8779-056e3a65109d\",\"更新年度\":2023,\"前年同一\":true},[{\"筆ポリゴンID\":\"da68cc8d-9f9b-4cb7-a8b2-68e9a8517b4a\",\"更新年度\":2022,\"前年同一\":true},[{\"筆ポリゴンID\":\"29dae16b-9210-4130-9d39-2e430c202c5b\",\"更新年度\":2021,\"前年同一\":true},{\"筆ポリゴンID\":\"29dae16b-9210-4130-9d39-2e430c202c5b\",\"発生年度\":2020}]]]","last_polygon_uuid":"6a2ac345-2a87-425f-8779-056e3a65109d","prev_last_polygon_uuid":"da68cc8d-9f9b-4cb7-a8b2-68e9a8517b4a","local_government_cd":"011053","point_lng":141.417389712,"point_lat":43.011095399}},{"arcs":[[39]],"type":"Polygon","properties":{"polygon_uuid":"5510dd34-8328-4a66-9ad0-17f2a9dc5a5e","land_type":200,"issue_year":2024,"edit_year":2020,"history":"[{\"筆ポリゴンID\":\"76cc9c10-0718-4f28-90d7-615aeb8369ae\",\"更新年度\":2023,\"前年同一\":true},[{\"筆ポリゴンID\":\"07804122-a2d6-4a52-91d6-19cfd8ace265\",\"更新年度\":2022,\"前年同一\":true},[{\"筆ポリゴンID\":\"68fdc8e5-8a9a-4f57-9209-4dbf7012b18c\",\"更新年度\":2021,\"前年同一\":true},{\"筆ポリゴンID\":\"68fdc8e5-8a9a-4f57-9209-4dbf7012b18c\",\"発生年度\":2020}]]]","last_polygon_uuid":"76cc9c10-0718-4f28-90d7-615aeb8369ae","prev_last_polygon_uuid":"07804122-a2d6-4a52-91d6-19cfd8ace265","local_government_cd":"011053","point_lng":141.407628218,"point_lat":43.022597596}},{"arcs":[[40]],"type":"Polygon","properties":{"polygon_uuid":"6ac67202-4893-488e-a508-597cb3feef7e","land_type":100,"issue_year":2024,"edit_year":2020,"history":"[{\"筆ポリゴンID\":\"ce6b5cfa-8c17-4f6a-89fe-904ee8c38420\",\"更新年度\":2023,\"前年同一\":true},[{\"筆ポリゴンID\":\"d83b566d-8052-455c-b744-3fac03f5f067\",\"更新年度\":2022,\"前年同一\":true},[{\"筆ポリゴンID\":\"d1a22a0c-4e9d-4e57-b4a4-3a51ead9b46d\",\"更新年度\":2021,\"前年同一\":true},{\"筆ポリゴンID\":\"d1a22a0c-4e9d-4e57-b4a4-3a51ead9b46d\",\"発生年度\":2020}]]]","last_polygon_uuid":"ce6b5cfa-8c17-4f6a-89fe-904ee8c38420","prev_last_polygon_uuid":"d83b566d-8052-455c-b744-3fac03f5f067","local_government_cd":"011053","point_lng":141.418127639,"point_lat":43.009714102}},{"arcs":[[41]],"type":"Polygon","properties":{"polygon_uuid":"8899cbf1-66ea-41d3-9667-649454206451","land_type":200,"issue_year":2024,"edit_year":2020,"history":"[{\"筆ポリゴンID\":\"8cd55419-7748-41df-be93-59d14fc2ae20\",\"更新年度\":2023,\"前年同一\":true},[{\"筆ポリゴンID\":\"3867e053-c473-4783-b549-364262479cb5\",\"更新年度\":2022,\"前年同一\":true},[{\"筆ポリゴンID\":\"6881570e-f386-48bf-90d0-701c93ae3557\",\"更新年度\":2021,\"前年同一\":true},{\"筆ポリゴンID\":\"6881570e-f386-48bf-90d0-701c93ae3557\",\"発生年度\":2020}]]]","last_polygon_uuid":"8cd55419-7748-41df-be93-59d14fc2ae20","prev_last_polygon_uuid":"3867e053-c473-4783-b549-364262479cb5","local_government_cd":"011053","point_lng":141.393830201,"point_lat":43.011867478}},{"arcs":[[42]],"type":"Polygon","properties":{"polygon_uuid":"3d1701ab-b88d-4775-81d4-ed7d59a9b043","land_type":200,"issue_year":2024,"edit_year":2020,"history":"[{\"筆ポリゴンID\":\"5f02ea84-8396-405a-87af-4ac29f93a64a\",\"更新年度\":2023,\"前年同一\":true},[{\"筆ポリゴンID\":\"79e20b8d-645a-41b2-8797-b5afed209770\",\"更新年度\":2022,\"前年同一\":true},[{\"筆ポリゴンID\":\"d683b6a1-8cbc-4b91-b85c-498471d305c6\",\"更新年度\":2021,\"前年同一\":true},{\"筆ポリゴンID\":\"d683b6a1-8cbc-4b91-b85c-498471d305c6\",\"発生年度\":2020}]]]","last_polygon_uuid":"5f02ea84-8396-405a-87af-4ac29f93a64a","prev_last_polygon_uuid":"79e20b8d-645a-41b2-8797-b5afed209770","local_government_cd":"011053","point_lng":141.414940981,"point_lat":43.011021381}},{"arcs":[[-38,43]],"type":"Polygon","properties":{"polygon_uuid":"5fa0bba0-abc0-4d80-81c7-8924144145fb","land_type":200,"issue_year":2024,"edit_year":2020,"history":"[{\"筆ポリゴンID\":\"ebe13ed2-70e9-4fde-aea7-96de3c4ee6ea\",\"更新年度\":2023,\"前年同一\":true},[{\"筆ポリゴンID\":\"10e12823-c304-4927-a5f2-151ead77d7b3\",\"更新年度\":2022,\"前年同一\":true},[{\"筆ポリゴンID\":\"7697eeb9-3aaf-451a-9af4-d6614a973823\",\"更新年度\":2021,\"前年同一\":true},{\"筆ポリゴンID\":\"7697eeb9-3aaf-451a-9af4-d6614a973823\",\"発生年度\":2020}]]]","last_polygon_uuid":"ebe13ed2-70e9-4fde-aea7-96de3c4ee6ea","prev_last_polygon_uuid":"10e12823-c304-4927-a5f2-151ead77d7b3","local_government_cd":"011053","point_lng":141.418749695,"point_lat":43.012005967}},{"arcs":[[44]],"type":"Polygon","properties":{"polygon_uuid":"3ed8b680-ba13-42a1-bd30-6fa49360d0b1","land_type":100,"issue_year":2024,"edit_year":2020,"history":"[{\"筆ポリゴンID\":\"db633ac5-cb98-4cfd-96f6-52ac809aeeff\",\"更新年度\":2023,\"前年同一\":true},[{\"筆ポリゴンID\":\"0d99f850-2a2a-499e-bb25-80cec816c12f\",\"更新年度\":2022,\"前年同一\":true},[{\"筆ポリゴンID\":\"59e1094d-95d1-4e39-9860-06726a805fb7\",\"更新年度\":2021,\"前年同一\":true},{\"筆ポリゴンID\":\"59e1094d-95d1-4e39-9860-06726a805fb7\",\"発生年度\":2020}]]]","last_polygon_uuid":"db633ac5-cb98-4cfd-96f6-52ac809aeeff","prev_last_polygon_uuid":"0d99f850-2a2a-499e-bb25-80cec816c12f","local_government_cd":"011053","point_lng":141.418870639,"point_lat":43.010812171}},{"arcs":[[45]],"type":"Polygon","properties":{"polygon_uuid":"770db27f-79d3-4dba-9382-714cde87d514","land_type":200,"issue_year":2024,"edit_year":2020,"history":"[{\"筆ポリゴンID\":\"992f087f-f9a3-4130-ac5c-cd6f7ff8cdbb\",\"更新年度\":2023,\"前年同一\":true},[{\"筆ポリゴンID\":\"4a8e25c6-107c-406f-8658-f7924a954321\",\"更新年度\":2022,\"前年同一\":true},[{\"筆ポリゴンID\":\"20d8a92f-cdc2-4c9e-9a3d-6a9d4b05e181\",\"更新年度\":2021,\"前年同一\":true},{\"筆ポリゴンID\":\"20d8a92f-cdc2-4c9e-9a3d-6a9d4b05e181\",\"発生年度\":2020}]]]","last_polygon_uuid":"992f087f-f9a3-4130-ac5c-cd6f7ff8cdbb","prev_last_polygon_uuid":"4a8e25c6-107c-406f-8658-f7924a954321","local_government_cd":"011053","point_lng":141.416330068,"point_lat":43.012315632}},{"arcs":[[46]],"type":"Polygon","properties":{"polygon_uuid":"bf6d3d8c-0558-40dd-9986-87ed0ce9441d","land_type":200,"issue_year":2024,"edit_year":2020,"history":"[{\"筆ポリゴンID\":\"a46b55b8-70b6-4724-8e5f-2f3f4f163df9\",\"更新年度\":2023,\"前年同一\":true},[{\"筆ポリゴンID\":\"0c4ee299-0233-488f-a60b-a03855331ca1\",\"更新年度\":2022,\"前年同一\":true},[{\"筆ポリゴンID\":\"e804511d-28e7-4fb6-8d3d-f0e0cba3ece1\",\"更新年度\":2021,\"前年同一\":true},{\"筆ポリゴンID\":\"e804511d-28e7-4fb6-8d3d-f0e0cba3ece1\",\"発生年度\":2020}]]]","last_polygon_uuid":"a46b55b8-70b6-4724-8e5f-2f3f4f163df9","prev_last_polygon_uuid":"0c4ee299-0233-488f-a60b-a03855331ca1","local_government_cd":"011053","point_lng":141.395215077,"point_lat":43.01297373}},{"arcs":[[47]],"type":"Polygon","properties":{"polygon_uuid":"526c4825-af55-4dce-9205-1481ebc99426","land_type":100,"issue_year":2024,"edit_year":2020,"history":"[{\"筆ポリゴンID\":\"a747db91-592d-4836-a389-6d526faff553\",\"更新年度\":2023,\"前年同一\":true},[{\"筆ポリゴンID\":\"4c8dedeb-7ec8-4b06-991d-56e0f57f8b88\",\"更新年度\":2022,\"前年同一\":true},[{\"筆ポリゴンID\":\"a9a1eefc-a1d2-4b93-9221-eb43cfe2c7b3\",\"更新年度\":2021,\"前年同一\":true},{\"筆ポリゴンID\":\"a9a1eefc-a1d2-4b93-9221-eb43cfe2c7b3\",\"発生年度\":2020}]]]","last_polygon_uuid":"a747db91-592d-4836-a389-6d526faff553","prev_last_polygon_uuid":"4c8dedeb-7ec8-4b06-991d-56e0f57f8b88","local_government_cd":"011053","point_lng":141.417401285,"point_lat":43.009985458}},{"arcs":[[48]],"type":"Polygon","properties":{"polygon_uuid":"474b8392-e2dd-42d3-9b46-53e8da042cf7","land_type":100,"issue_year":2024,"edit_year":2020,"history":"[{\"筆ポリゴンID\":\"bb1a70d0-21bd-4288-9943-f049ce470630\",\"更新年度\":2023,\"前年同一\":true},[{\"筆ポリゴンID\":\"bd61bb9c-ccd5-4bed-9d38-308258568091\",\"更新年度\":2022,\"前年同一\":true},[{\"筆ポリゴンID\":\"dacb750b-c6ea-49f6-bd55-b2e129d52fd3\",\"更新年度\":2021,\"前年同一\":true},{\"筆ポリゴンID\":\"dacb750b-c6ea-49f6-bd55-b2e129d52fd3\",\"発生年度\":2020}]]]","last_polygon_uuid":"bb1a70d0-21bd-4288-9943-f049ce470630","prev_last_polygon_uuid":"bd61bb9c-ccd5-4bed-9d38-308258568091","local_government_cd":"011053","point_lng":141.418659333,"point_lat":43.010504424}},{"arcs":[[49]],"type":"Polygon","properties":{"polygon_uuid":"868d921c-e4e2-45c3-af66-d91de110bdc5","land_type":200,"issue_year":2024,"edit_year":2020,"history":"[{\"筆ポリゴンID\":\"c1675acf-f6d1-417d-a828-af15565f8d7b\",\"更新年度\":2023,\"前年同一\":true},[{\"筆ポリゴンID\":\"39d468b9-c833-4c1b-be64-095b3c4f87b5\",\"更新年度\":2022,\"前年同一\":true},[{\"筆ポリゴンID\":\"aa74b633-ee23-45a4-b66f-b639e0ae6963\",\"更新年度\":2021,\"前年同一\":true},{\"筆ポリゴンID\":\"aa74b633-ee23-45a4-b66f-b639e0ae6963\",\"発生年度\":2020}]]]","last_polygon_uuid":"c1675acf-f6d1-417d-a828-af15565f8d7b","prev_last_polygon_uuid":"39d468b9-c833-4c1b-be64-095b3c4f87b5","local_government_cd":"011053","point_lng":141.419235962,"point_lat":43.01030587}},{"arcs":[[50]],"type":"Polygon","properties":{"polygon_uuid":"2ed9e2a7-baf2-4450-933f-25e8c257c579","land_type":200,"issue_year":2024,"edit_year":2020,"history":"[{\"筆ポリゴンID\":\"f7348340-a0df-4c69-8966-01f4e9d12660\",\"更新年度\":2023,\"前年同一\":true},[{\"筆ポリゴンID\":\"6cccb3b5-e49b-4b82-a65b-ab195d16d1a2\",\"更新年度\":2022,\"前年同一\":true},[{\"筆ポリゴンID\":\"fb9669b3-fe4c-4d57-adc7-bd137d67b982\",\"更新年度\":2021,\"前年同一\":true},{\"筆ポリゴンID\":\"fb9669b3-fe4c-4d57-adc7-bd137d67b982\",\"発生年度\":2020}]]]","last_polygon_uuid":"f7348340-a0df-4c69-8966-01f4e9d12660","prev_last_polygon_uuid":"6cccb3b5-e49b-4b82-a65b-ab195d16d1a2","local_government_cd":"011053","point_lng":141.397631368,"point_lat":42.994199066}},{"arcs":[[51]],"type":"Polygon","properties":{"polygon_uuid":"b3b7be7a-787f-4916-8683-6d8b7e2d04c0","land_type":200,"issue_year":2024,"edit_year":2020,"history":"[{\"筆ポリゴンID\":\"1ccd6b01-39a5-4906-8ccd-0b0967dba06a\",\"更新年度\":2023,\"前年同一\":true},[{\"筆ポリゴンID\":\"eae96a02-40ef-4dae-9c49-c3231ce21045\",\"更新年度\":2022,\"前年同一\":true},[{\"筆ポリゴンID\":\"f9c74263-086d-49f1-927d-760bf64d51da\",\"更新年度\":2021,\"前年同一\":true},{\"筆ポリゴンID\":\"f9c74263-086d-49f1-927d-760bf64d51da\",\"発生年度\":2020}]]]","last_polygon_uuid":"1ccd6b01-39a5-4906-8ccd-0b0967dba06a","prev_last_polygon_uuid":"eae96a02-40ef-4dae-9c49-c3231ce21045","local_government_cd":"011053","point_lng":141.391959461,"point_lat":42.994594164}},{"arcs":[[52]],"type":"Polygon","properties":{"polygon_uuid":"8700e46f-db85-4d73-b3e4-246e84217fbe","land_type":200,"issue_year":2024,"edit_year":2020,"history":"[{\"筆ポリゴンID\":\"90477497-b268-4b14-97c3-da37d2989151\",\"更新年度\":2023,\"前年同一\":true},[{\"筆ポリゴンID\":\"fb2d2f54-a430-49f5-bd14-a134b8012425\",\"更新年度\":2022,\"前年同一\":true},[{\"筆ポリゴンID\":\"64dbf3ec-9450-4962-b99e-843c3c558127\",\"更新年度\":2021,\"前年同一\":true},{\"筆ポリゴンID\":\"64dbf3ec-9450-4962-b99e-843c3c558127\",\"発生年度\":2020}]]]","last_polygon_uuid":"90477497-b268-4b14-97c3-da37d2989151","prev_last_polygon_uuid":"fb2d2f54-a430-49f5-bd14-a134b8012425","local_government_cd":"011053","point_lng":141.392036498,"point_lat":42.994809789}},{"arcs":[[53]],"type":"Polygon","properties":{"polygon_uuid":"39de8e5f-59ab-4bca-a3ce-043ffceffe83","land_type":200,"issue_year":2024,"edit_year":2020,"history":"[{\"筆ポリゴンID\":\"3f3446c3-9ae8-4b38-ba70-54ef633c5d6d\",\"更新年度\":2023,\"前年同一\":true},[{\"筆ポリゴンID\":\"fab165df-a8a0-4b3b-a0b4-f1894ebfc9d1\",\"更新年度\":2022,\"前年同一\":true},[{\"筆ポリゴンID\":\"5659780e-469f-4f33-8e66-8c2e32a62edd\",\"更新年度\":2021,\"前年同一\":true},{\"筆ポリゴンID\":\"5659780e-469f-4f33-8e66-8c2e32a62edd\",\"発生年度\":2020}]]]","last_polygon_uuid":"3f3446c3-9ae8-4b38-ba70-54ef633c5d6d","prev_last_polygon_uuid":"fab165df-a8a0-4b3b-a0b4-f1894ebfc9d1","local_government_cd":"011053","point_lng":141.396484747,"point_lat":43.015433827}},{"arcs":[[54]],"type":"Polygon","properties":{"polygon_uuid":"41a55681-724c-4a62-95b5-03930c5833d3","land_type":200,"issue_year":2024,"edit_year":2020,"history":"[{\"筆ポリゴンID\":\"f8f8c98c-1c22-42ae-a1cd-a3ad9a210f53\",\"更新年度\":2023,\"前年同一\":true},[{\"筆ポリゴンID\":\"0aa1dd83-8405-4617-a95d-5d647f67b5f3\",\"更新年度\":2022,\"前年同一\":true},[{\"筆ポリゴンID\":\"a79fd6fb-3593-4727-a6cf-af823e1d128b\",\"更新年度\":2021,\"前年同一\":true},{\"筆ポリゴンID\":\"a79fd6fb-3593-4727-a6cf-af823e1d128b\",\"発生年度\":2020}]]]","last_polygon_uuid":"f8f8c98c-1c22-42ae-a1cd-a3ad9a210f53","prev_last_polygon_uuid":"0aa1dd83-8405-4617-a95d-5d647f67b5f3","local_government_cd":"011053","point_lng":141.415947697,"point_lat":42.996043783}},{"arcs":[[55]],"type":"Polygon","properties":{"polygon_uuid":"ea80652b-eae3-42cf-867f-eea17f0478ca","land_type":200,"issue_year":2024,"edit_year":2020,"history":"[{\"筆ポリゴンID\":\"36d46461-2845-476a-b464-cb9209383f6d\",\"更新年度\":2023,\"前年同一\":true},[{\"筆ポリゴンID\":\"c976bfcf-3db7-4306-8467-1369c8899de6\",\"更新年度\":2022,\"前年同一\":true},[{\"筆ポリゴンID\":\"c941ae7c-7ff9-493a-a8ab-6069643fd9cf\",\"更新年度\":2021,\"前年同一\":true},{\"筆ポリゴンID\":\"c941ae7c-7ff9-493a-a8ab-6069643fd9cf\",\"発生年度\":2020}]]]","last_polygon_uuid":"36d46461-2845-476a-b464-cb9209383f6d","prev_last_polygon_uuid":"c976bfcf-3db7-4306-8467-1369c8899de6","local_government_cd":"011053","point_lng":141.405525892,"point_lat":42.996059715}},{"arcs":[[56,57]],"type":"Polygon","properties":{"polygon_uuid":"9bc44a91-288b-4753-8abf-ff6ffdae9083","land_type":200,"issue_year":2024,"edit_year":2020,"history":"[{\"筆ポリゴンID\":\"0fb8976e-1f71-4c10-a0d4-cf42df38b61f\",\"更新年度\":2023,\"前年同一\":true},[{\"筆ポリゴンID\":\"c147b844-5b38-4c06-aa45-2b601e9290f0\",\"更新年度\":2022,\"前年同一\":true},[{\"筆ポリゴンID\":\"45b9641d-ba65-4d8d-b862-357ce67249d4\",\"更新年度\":2021,\"前年同一\":true},{\"筆ポリゴンID\":\"45b9641d-ba65-4d8d-b862-357ce67249d4\",\"発生年度\":2020}]]]","last_polygon_uuid":"0fb8976e-1f71-4c10-a0d4-cf42df38b61f","prev_last_polygon_uuid":"c147b844-5b38-4c06-aa45-2b601e9290f0","local_government_cd":"011053","point_lng":141.39520874,"point_lat":42.996479491}},{"arcs":[[58]],"type":"Polygon","properties":{"polygon_uuid":"53a8d671-c315-4f38-9f4b-ab85de96ac5a","land_type":200,"issue_year":2024,"edit_year":2020,"history":"[{\"筆ポリゴンID\":\"7276d100-9373-4053-9c90-b7968907a70b\",\"更新年度\":2023,\"前年同一\":true},[{\"筆ポリゴンID\":\"7f28f1f1-53f7-4064-af0b-891d9643d491\",\"更新年度\":2022,\"前年同一\":true},[{\"筆ポリゴンID\":\"21c70e22-dd91-4b3a-91b8-e9375c3ffd85\",\"更新年度\":2021,\"前年同一\":true},{\"筆ポリゴンID\":\"21c70e22-dd91-4b3a-91b8-e9375c3ffd85\",\"発生年度\":2020}]]]","last_polygon_uuid":"7276d100-9373-4053-9c90-b7968907a70b","prev_last_polygon_uuid":"7f28f1f1-53f7-4064-af0b-891d9643d491","local_government_cd":"011053","point_lng":141.410788307,"point_lat":42.996970429}},{"arcs":[[59]],"type":"Polygon","properties":{"polygon_uuid":"085c94ad-7bd0-41e9-b7c8-90634495d6d0","land_type":200,"issue_year":2024,"edit_year":2020,"history":"[{\"筆ポリゴンID\":\"50917234-f95d-4514-a1c8-ce7e470850d2\",\"更新年度\":2023,\"前年同一\":true},[{\"筆ポリゴンID\":\"a7a208f6-ef8b-4f62-b3e3-0a50a0310887\",\"更新年度\":2022,\"前年同一\":true},[{\"筆ポリゴンID\":\"3dd26553-ad7c-4044-ab77-d63e955a2ef9\",\"更新年度\":2021,\"前年同一\":true},{\"筆ポリゴンID\":\"3dd26553-ad7c-4044-ab77-d63e955a2ef9\",\"発生年度\":2020}]]]","last_polygon_uuid":"50917234-f95d-4514-a1c8-ce7e470850d2","prev_last_polygon_uuid":"a7a208f6-ef8b-4f62-b3e3-0a50a0310887","local_government_cd":"011053","point_lng":141.411466024,"point_lat":43.006292785}},{"arcs":[[60]],"type":"Polygon","properties":{"polygon_uuid":"f10fe556-1c8d-4177-bc5b-9f00e4ad29e4","land_type":200,"issue_year":2024,"edit_year":2020,"history":"[{\"筆ポリゴンID\":\"7cb97ab1-4fbc-4565-b099-8360598ce61d\",\"更新年度\":2023,\"前年同一\":true},[{\"筆ポリゴンID\":\"41d4e0af-f5a2-4ee4-b5c3-167b74af4011\",\"更新年度\":2022,\"前年同一\":true},[{\"筆ポリゴンID\":\"4a0e0495-a44e-4d7d-acb5-269d2eed36fb\",\"更新年度\":2021,\"前年同一\":true},{\"筆ポリゴンID\":\"4a0e0495-a44e-4d7d-acb5-269d2eed36fb\",\"発生年度\":2020}]]]","last_polygon_uuid":"7cb97ab1-4fbc-4565-b099-8360598ce61d","prev_last_polygon_uuid":"41d4e0af-f5a2-4ee4-b5c3-167b74af4011","local_government_cd":"011053","point_lng":141.388488461,"point_lat":42.996959932}},{"arcs":[[61]],"type":"Polygon","properties":{"polygon_uuid":"c294ae05-ff6a-4241-88d0-e409f1794e00","land_type":200,"issue_year":2024,"edit_year":2020,"history":"[{\"筆ポリゴンID\":\"96826a80-a2d0-4cee-af4e-c999e0bb0fca\",\"更新年度\":2023,\"前年同一\":true},[{\"筆ポリゴンID\":\"90a27d55-68ec-4f59-9dff-bb3db4d078ba\",\"更新年度\":2022,\"前年同一\":true},[{\"筆ポリゴンID\":\"725a5ce2-8e22-46ca-b23f-cb1deb0099ab\",\"更新年度\":2021,\"前年同一\":true},{\"筆ポリゴンID\":\"725a5ce2-8e22-46ca-b23f-cb1deb0099ab\",\"発生年度\":2020}]]]","last_polygon_uuid":"96826a80-a2d0-4cee-af4e-c999e0bb0fca","prev_last_polygon_uuid":"90a27d55-68ec-4f59-9dff-bb3db4d078ba","local_government_cd":"011053","point_lng":141.415123289,"point_lat":42.997921921}},{"arcs":[[62]],"type":"Polygon","properties":{"polygon_uuid":"9c1eecaf-5e8f-4184-9649-bf677aaa374c","land_type":200,"issue_year":2024,"edit_year":2020,"history":"[{\"筆ポリゴンID\":\"9127c32a-97fd-4bd6-9ed9-25b693592df1\",\"更新年度\":2023,\"前年同一\":true},[{\"筆ポリゴンID\":\"101ff59c-6d9a-42d4-8921-f26034d7dad1\",\"更新年度\":2022,\"前年同一\":true},[{\"筆ポリゴンID\":\"72676144-3ebd-43e9-8612-05d3f0e42f69\",\"更新年度\":2021,\"前年同一\":true},{\"筆ポリゴンID\":\"72676144-3ebd-43e9-8612-05d3f0e42f69\",\"発生年度\":2020}]]]","last_polygon_uuid":"9127c32a-97fd-4bd6-9ed9-25b693592df1","prev_last_polygon_uuid":"101ff59c-6d9a-42d4-8921-f26034d7dad1","local_government_cd":"011053","point_lng":141.414846917,"point_lat":43.025880058}},{"arcs":[[63]],"type":"Polygon","properties":{"polygon_uuid":"3efd392f-d7a9-4c37-8124-311378ef09c5","land_type":200,"issue_year":2024,"edit_year":2020,"history":"[{\"筆ポリゴンID\":\"47b2fdde-9217-4104-ad53-ea83ba451514\",\"更新年度\":2023,\"前年同一\":true},[{\"筆ポリゴンID\":\"ab5bbe72-82f1-48e9-9ab9-0d22be309f34\",\"更新年度\":2022,\"前年同一\":true},[{\"筆ポリゴンID\":\"49201637-e693-439c-8e7f-05eb8ffa6449\",\"更新年度\":2021,\"前年同一\":true},{\"筆ポリゴンID\":\"49201637-e693-439c-8e7f-05eb8ffa6449\",\"発生年度\":2020}]]]","last_polygon_uuid":"47b2fdde-9217-4104-ad53-ea83ba451514","prev_last_polygon_uuid":"ab5bbe72-82f1-48e9-9ab9-0d22be309f34","local_government_cd":"011053","point_lng":141.407992252,"point_lat":42.998196652}},{"arcs":[[64]],"type":"Polygon","properties":{"polygon_uuid":"68585f7e-e20e-4496-820b-3216a65612f6","land_type":200,"issue_year":2024,"edit_year":2020,"history":"[{\"筆ポリゴンID\":\"2965291d-ef27-4d6a-9be3-799d37c97447\",\"更新年度\":2023,\"前年同一\":true},[{\"筆ポリゴンID\":\"78b9e6fd-2f80-48fd-941f-72f56ec64532\",\"更新年度\":2022,\"前年同一\":true},[{\"筆ポリゴンID\":\"81e4c233-469f-44f7-a2b8-479e1727a081\",\"更新年度\":2021,\"前年同一\":true},{\"筆ポリゴンID\":\"81e4c233-469f-44f7-a2b8-479e1727a081\",\"発生年度\":2020}]]]","last_polygon_uuid":"2965291d-ef27-4d6a-9be3-799d37c97447","prev_last_polygon_uuid":"78b9e6fd-2f80-48fd-941f-72f56ec64532","local_government_cd":"011053","point_lng":141.40487975,"point_lat":43.005917175}},{"arcs":[[65]],"type":"Polygon","properties":{"polygon_uuid":"aea45681-0ee7-44e5-96d6-2dfd9bb1be51","land_type":200,"issue_year":2024,"edit_year":2020,"history":"[{\"筆ポリゴンID\":\"15fcd825-13ff-4e0e-980c-4c781e05bd31\",\"更新年度\":2023,\"前年同一\":true},[{\"筆ポリゴンID\":\"b715c54f-a7ee-4671-8ddf-dedfca251db9\",\"更新年度\":2022,\"前年同一\":true},[{\"筆ポリゴンID\":\"a51a2dd0-a053-438b-a9f3-0c2556aa8fd8\",\"更新年度\":2021,\"前年同一\":true},{\"筆ポリゴンID\":\"a51a2dd0-a053-438b-a9f3-0c2556aa8fd8\",\"発生年度\":2020}]]]","last_polygon_uuid":"15fcd825-13ff-4e0e-980c-4c781e05bd31","prev_last_polygon_uuid":"b715c54f-a7ee-4671-8ddf-dedfca251db9","local_government_cd":"011053","point_lng":141.4058511,"point_lat":42.999462926}},{"arcs":[[66]],"type":"Polygon","properties":{"polygon_uuid":"b74cd040-5526-4260-9ff8-1ead0b000b71","land_type":200,"issue_year":2024,"edit_year":2020,"history":"[{\"筆ポリゴンID\":\"d3be8f08-3c26-40e8-9219-e1308b597d4e\",\"更新年度\":2023,\"前年同一\":true},[{\"筆ポリゴンID\":\"faef81d5-28ed-4484-9f29-c45c13352c9b\",\"更新年度\":2022,\"前年同一\":true},[{\"筆ポリゴンID\":\"afb48fed-1c1a-4a3a-a4a4-0d299d3e9ab5\",\"更新年度\":2021,\"前年同一\":true},{\"筆ポリゴンID\":\"afb48fed-1c1a-4a3a-a4a4-0d299d3e9ab5\",\"発生年度\":2020}]]]","last_polygon_uuid":"d3be8f08-3c26-40e8-9219-e1308b597d4e","prev_last_polygon_uuid":"faef81d5-28ed-4484-9f29-c45c13352c9b","local_government_cd":"011053","point_lng":141.412126046,"point_lat":42.999529388}},{"arcs":[[67]],"type":"Polygon","properties":{"polygon_uuid":"212f9498-cb4a-43a0-a6bc-7ce6e1f31675","land_type":200,"issue_year":2024,"edit_year":2020,"history":"[{\"筆ポリゴンID\":\"472bdc7a-7b06-4a83-bccd-c98da536b073\",\"更新年度\":2023,\"前年同一\":true},[{\"筆ポリゴンID\":\"424aa50d-0104-4979-b073-307ed156c472\",\"更新年度\":2022,\"前年同一\":true},[{\"筆ポリゴンID\":\"db6798bc-120a-4142-afb2-fc9757e9f8ea\",\"更新年度\":2021,\"前年同一\":true},{\"筆ポリゴンID\":\"db6798bc-120a-4142-afb2-fc9757e9f8ea\",\"発生年度\":2020}]]]","last_polygon_uuid":"472bdc7a-7b06-4a83-bccd-c98da536b073","prev_last_polygon_uuid":"424aa50d-0104-4979-b073-307ed156c472","local_government_cd":"011053","point_lng":141.41994382,"point_lat":42.999704226}},{"arcs":[[68]],"type":"Polygon","properties":{"polygon_uuid":"e492c4a0-bb85-409b-bfd7-55a4699ab91b","land_type":200,"issue_year":2024,"edit_year":2020,"history":"[{\"筆ポリゴンID\":\"b5089f46-7c8e-48b8-ae98-243059c8aa1d\",\"更新年度\":2023,\"前年同一\":true},[{\"筆ポリゴンID\":\"67129ea2-b8b1-4d21-b352-d9a9b3bd1931\",\"更新年度\":2022,\"前年同一\":true},[{\"筆ポリゴンID\":\"948768fa-ddae-4a23-b930-0e09a13a49e1\",\"更新年度\":2021,\"前年同一\":true},{\"筆ポリゴンID\":\"948768fa-ddae-4a23-b930-0e09a13a49e1\",\"発生年度\":2020}]]]","last_polygon_uuid":"b5089f46-7c8e-48b8-ae98-243059c8aa1d","prev_last_polygon_uuid":"67129ea2-b8b1-4d21-b352-d9a9b3bd1931","local_government_cd":"011053","point_lng":141.424569975,"point_lat":43.005928143}},{"arcs":[[69]],"type":"Polygon","properties":{"polygon_uuid":"bacbdcc8-8c53-4a0a-a5d1-1e42b108ebfa","land_type":200,"issue_year":2024,"edit_year":2020,"history":"[{\"筆ポリゴンID\":\"d228b665-ec7d-4023-aa76-ffec885d68e8\",\"更新年度\":2023,\"前年同一\":true},[{\"筆ポリゴンID\":\"4d6147a1-c384-407f-be72-64aa25b9901e\",\"更新年度\":2022,\"前年同一\":true},[{\"筆ポリゴンID\":\"a4c5a372-2d8d-42d2-aa4e-5f0c80bceaf3\",\"更新年度\":2021,\"前年同一\":true},{\"筆ポリゴンID\":\"a4c5a372-2d8d-42d2-aa4e-5f0c80bceaf3\",\"発生年度\":2020}]]]","last_polygon_uuid":"d228b665-ec7d-4023-aa76-ffec885d68e8","prev_last_polygon_uuid":"4d6147a1-c384-407f-be72-64aa25b9901e","local_government_cd":"011053","point_lng":141.400415087,"point_lat":43.00677233}},{"arcs":[[70]],"type":"Polygon","properties":{"polygon_uuid":"6dc4194e-b909-4ca4-a56e-013af4155a2c","land_type":200,"issue_year":2024,"edit_year":2020,"history":"[{\"筆ポリゴンID\":\"ddb23ae0-c6a6-4a17-a50b-440f24d2d9ca\",\"更新年度\":2023,\"前年同一\":true},[{\"筆ポリゴンID\":\"ec5f7e6e-080f-42cb-87be-af9fc340dc45\",\"更新年度\":2022,\"前年同一\":true},[{\"筆ポリゴンID\":\"c2e12615-ebbf-471b-8671-7173b4a8e4c4\",\"更新年度\":2021,\"前年同一\":true},{\"筆ポリゴンID\":\"c2e12615-ebbf-471b-8671-7173b4a8e4c4\",\"発生年度\":2020}]]]","last_polygon_uuid":"ddb23ae0-c6a6-4a17-a50b-440f24d2d9ca","prev_last_polygon_uuid":"ec5f7e6e-080f-42cb-87be-af9fc340dc45","local_government_cd":"011053","point_lng":141.391603619,"point_lat":42.993457416}},{"arcs":[[71]],"type":"Polygon","properties":{"polygon_uuid":"49da4421-2f14-4429-8127-91efcae8b970","land_type":200,"issue_year":2024,"edit_year":2020,"history":"[{\"筆ポリゴンID\":\"82e30717-3469-4f2d-b487-b8a8c9923ad9\",\"更新年度\":2023,\"前年同一\":true},[{\"筆ポリゴンID\":\"12d14566-a683-4d96-8594-1ebb597c9e3b\",\"更新年度\":2022,\"前年同一\":true},[{\"筆ポリゴンID\":\"941c0be5-cb67-47bf-b24a-6a039a7a25b1\",\"更新年度\":2021,\"前年同一\":true},{\"筆ポリゴンID\":\"941c0be5-cb67-47bf-b24a-6a039a7a25b1\",\"発生年度\":2020}]]]","last_polygon_uuid":"82e30717-3469-4f2d-b487-b8a8c9923ad9","prev_last_polygon_uuid":"12d14566-a683-4d96-8594-1ebb597c9e3b","local_government_cd":"011053","point_lng":141.391861592,"point_lat":42.99436394}},{"arcs":[[72]],"type":"Polygon","properties":{"polygon_uuid":"243931b1-dc4f-4f24-8158-80825e0868bf","land_type":100,"issue_year":2024,"edit_year":2020,"history":"[{\"筆ポリゴンID\":\"ac5b30e9-4e01-4594-9332-905f006e122b\",\"更新年度\":2023,\"前年同一\":true},[{\"筆ポリゴンID\":\"9bd8393a-f829-41ef-aa16-33c1e8286060\",\"更新年度\":2022,\"前年同一\":true},[{\"筆ポリゴンID\":\"d49b5ded-2574-4b8d-9c9c-0d494b804545\",\"更新年度\":2021,\"前年同一\":true},{\"筆ポリゴンID\":\"d49b5ded-2574-4b8d-9c9c-0d494b804545\",\"発生年度\":2020}]]]","last_polygon_uuid":"ac5b30e9-4e01-4594-9332-905f006e122b","prev_last_polygon_uuid":"9bd8393a-f829-41ef-aa16-33c1e8286060","local_government_cd":"011053","point_lng":141.418400831,"point_lat":43.010122784}},{"arcs":[[73]],"type":"Polygon","properties":{"polygon_uuid":"c81fc2ce-1fbf-4b0c-8b1f-66b8fda2c21d","land_type":200,"issue_year":2024,"edit_year":2020,"history":"[{\"筆ポリゴンID\":\"dd36289c-ace2-4b01-a3d6-6829e9bed088\",\"更新年度\":2023,\"前年同一\":true},[{\"筆ポリゴンID\":\"405b9c2f-a1c9-4cea-914c-e56226111892\",\"更新年度\":2022,\"前年同一\":true},[{\"筆ポリゴンID\":\"506906a4-baec-4f80-b051-a809cfdea52e\",\"更新年度\":2021,\"前年同一\":true},{\"筆ポリゴンID\":\"506906a4-baec-4f80-b051-a809cfdea52e\",\"発生年度\":2020}]]]","last_polygon_uuid":"dd36289c-ace2-4b01-a3d6-6829e9bed088","prev_last_polygon_uuid":"405b9c2f-a1c9-4cea-914c-e56226111892","local_government_cd":"011053","point_lng":141.408804838,"point_lat":43.009834761}},{"arcs":[[74]],"type":"Polygon","properties":{"polygon_uuid":"548cfabb-6b71-4587-a075-dcbf5557dbe8","land_type":200,"issue_year":2024,"edit_year":2020,"history":"[{\"筆ポリゴンID\":\"b60d73c4-b2d1-4f8f-a024-2fcbd8eb6291\",\"更新年度\":2023,\"前年同一\":true},[{\"筆ポリゴンID\":\"27399b2f-e148-4b65-b86b-bf4229d5670f\",\"更新年度\":2022,\"前年同一\":true},[{\"筆ポリゴンID\":\"81825480-1cd0-47d1-b6df-cb18eb1adf70\",\"更新年度\":2021,\"前年同一\":true},{\"筆ポリゴンID\":\"81825480-1cd0-47d1-b6df-cb18eb1adf70\",\"発生年度\":2020}]]]","last_polygon_uuid":"b60d73c4-b2d1-4f8f-a024-2fcbd8eb6291","prev_last_polygon_uuid":"27399b2f-e148-4b65-b86b-bf4229d5670f","local_government_cd":"011053","point_lng":141.417961644,"point_lat":43.027279829}},{"arcs":[[75]],"type":"Polygon","properties":{"polygon_uuid":"baf70cea-cfc2-4cb9-a6db-10b2f69095cf","land_type":100,"issue_year":2024,"edit_year":2020,"history":"[{\"筆ポリゴンID\":\"9dd4cd69-c39e-4f54-bef9-dbd25f0499ac\",\"更新年度\":2023,\"前年同一\":true},[{\"筆ポリゴンID\":\"2412781a-990f-4c5d-b1fa-4aebe67afe8a\",\"更新年度\":2022,\"前年同一\":true},[{\"筆ポリゴンID\":\"024672cf-bec7-4b0a-bc94-0fc271d17dd5\",\"更新年度\":2021,\"前年同一\":true},{\"筆ポリゴンID\":\"024672cf-bec7-4b0a-bc94-0fc271d17dd5\",\"発生年度\":2020}]]]","last_polygon_uuid":"9dd4cd69-c39e-4f54-bef9-dbd25f0499ac","prev_last_polygon_uuid":"2412781a-990f-4c5d-b1fa-4aebe67afe8a","local_government_cd":"011053","point_lng":141.417670546,"point_lat":43.010389299}},{"arcs":[[76]],"type":"Polygon","properties":{"polygon_uuid":"33fbe201-8119-4b9c-803a-65c755d921f5","land_type":200,"issue_year":2024,"edit_year":2020,"history":"[{\"筆ポリゴンID\":\"60775b64-8807-418f-88a1-1bb279a93297\",\"更新年度\":2023,\"前年同一\":true},[{\"筆ポリゴンID\":\"077172fd-d92a-430e-b3d2-ccdc17f99699\",\"更新年度\":2022,\"前年同一\":true},[{\"筆ポリゴンID\":\"b048d210-66db-4ade-9247-6e6e795519f6\",\"更新年度\":2021,\"前年同一\":true},{\"筆ポリゴンID\":\"b048d210-66db-4ade-9247-6e6e795519f6\",\"発生年度\":2020}]]]","last_polygon_uuid":"60775b64-8807-418f-88a1-1bb279a93297","prev_last_polygon_uuid":"077172fd-d92a-430e-b3d2-ccdc17f99699","local_government_cd":"011053","point_lng":141.416379561,"point_lat":43.009733504}},{"arcs":[[77]],"type":"Polygon","properties":{"polygon_uuid":"cee78e0f-900c-47c4-b99c-89f9c5560131","land_type":100,"issue_year":2024,"edit_year":2020,"history":"[{\"筆ポリゴンID\":\"b959c194-5abc-4f0f-87f6-71955cd3f531\",\"更新年度\":2023,\"前年同一\":true},[{\"筆ポリゴンID\":\"2ea26320-3008-4faf-8068-979cefa036b9\",\"更新年度\":2022,\"前年同一\":true},[{\"筆ポリゴンID\":\"f3acac36-36f6-4b40-8be2-8b0721e3d38c\",\"更新年度\":2021,\"前年同一\":true},{\"筆ポリゴンID\":\"f3acac36-36f6-4b40-8be2-8b0721e3d38c\",\"発生年度\":2020}]]]","last_polygon_uuid":"b959c194-5abc-4f0f-87f6-71955cd3f531","prev_last_polygon_uuid":"2ea26320-3008-4faf-8068-979cefa036b9","local_government_cd":"011053","point_lng":141.417144174,"point_lat":43.009611338}},{"arcs":[[78]],"type":"Polygon","properties":{"polygon_uuid":"f429842a-3891-484d-8e5c-f254f2b28d31","land_type":200,"issue_year":2024,"edit_year":2020,"history":"[{\"筆ポリゴンID\":\"b34f07a4-0096-4d71-9bf1-bb462c415770\",\"更新年度\":2023,\"前年同一\":true},[{\"筆ポリゴンID\":\"d4d9c3ea-0070-4e60-99ae-df46f995e2b5\",\"更新年度\":2022,\"前年同一\":true},[{\"筆ポリゴンID\":\"4ac25b55-5041-4e99-9835-3448ded4d287\",\"更新年度\":2021,\"前年同一\":true},{\"筆ポリゴンID\":\"4ac25b55-5041-4e99-9835-3448ded4d287\",\"発生年度\":2020}]]]","last_polygon_uuid":"b34f07a4-0096-4d71-9bf1-bb462c415770","prev_last_polygon_uuid":"d4d9c3ea-0070-4e60-99ae-df46f995e2b5","local_government_cd":"011053","point_lng":141.403171076,"point_lat":43.009457242}},{"arcs":[[79]],"type":"Polygon","properties":{"polygon_uuid":"bd5cce30-7acb-4d66-b06b-5b5562dbb595","land_type":100,"issue_year":2024,"edit_year":2020,"history":"[{\"筆ポリゴンID\":\"ff720e42-0763-4514-a084-5b630205970b\",\"更新年度\":2023,\"前年同一\":true},[{\"筆ポリゴンID\":\"644f8be7-0c0e-4622-b77e-45c8e7c2f686\",\"更新年度\":2022,\"前年同一\":true},[{\"筆ポリゴンID\":\"78e12af5-b695-4bc6-a0dd-fd297b74e199\",\"更新年度\":2021,\"前年同一\":true},{\"筆ポリゴンID\":\"78e12af5-b695-4bc6-a0dd-fd297b74e199\",\"発生年度\":2020}]]]","last_polygon_uuid":"ff720e42-0763-4514-a084-5b630205970b","prev_last_polygon_uuid":"644f8be7-0c0e-4622-b77e-45c8e7c2f686","local_government_cd":"011053","point_lng":141.418146873,"point_lat":43.011073825}},{"arcs":[[80]],"type":"Polygon","properties":{"polygon_uuid":"a09e2ceb-ca3b-4c6c-83fa-6cd370d9a706","land_type":200,"issue_year":2024,"edit_year":2020,"history":"[{\"筆ポリゴンID\":\"fd9384a2-4732-4b84-be1b-0c5fe674abee\",\"更新年度\":2023,\"前年同一\":true},[{\"筆ポリゴンID\":\"ecd46564-de87-4a8b-bbab-d81f5a00f88f\",\"更新年度\":2022,\"前年同一\":true},[{\"筆ポリゴンID\":\"2def408d-03d7-4531-b954-ad5d755e57b3\",\"更新年度\":2021,\"前年同一\":true},{\"筆ポリゴンID\":\"2def408d-03d7-4531-b954-ad5d755e57b3\",\"発生年度\":2020}]]]","last_polygon_uuid":"fd9384a2-4732-4b84-be1b-0c5fe674abee","prev_last_polygon_uuid":"ecd46564-de87-4a8b-bbab-d81f5a00f88f","local_government_cd":"011053","point_lng":141.412710762,"point_lat":43.007738742}},{"arcs":[[81]],"type":"Polygon","properties":{"polygon_uuid":"52431428-43ae-4993-8c61-e4386a833618","land_type":100,"issue_year":2024,"edit_year":2020,"history":"[{\"筆ポリゴンID\":\"733c97be-ae02-4add-b758-2261f3aa10e8\",\"更新年度\":2023,\"前年同一\":true},[{\"筆ポリゴンID\":\"b14f7cd6-d685-4a36-b508-e5eaae40e7c7\",\"更新年度\":2022,\"前年同一\":true},[{\"筆ポリゴンID\":\"847b2374-a758-44fc-b418-9295567ea9d0\",\"更新年度\":2021,\"前年同一\":true},{\"筆ポリゴンID\":\"847b2374-a758-44fc-b418-9295567ea9d0\",\"発生年度\":2020}]]]","last_polygon_uuid":"733c97be-ae02-4add-b758-2261f3aa10e8","prev_last_polygon_uuid":"b14f7cd6-d685-4a36-b508-e5eaae40e7c7","local_government_cd":"011053","point_lng":141.416930946,"point_lat":43.009313137}},{"arcs":[[82]],"type":"Polygon","properties":{"polygon_uuid":"f12940d3-751d-4811-8469-453c68601e2e","land_type":100,"issue_year":2024,"edit_year":2020,"history":"[{\"筆ポリゴンID\":\"e6d27b0c-0863-4eba-abca-3a91dd856309\",\"更新年度\":2023,\"前年同一\":true},[{\"筆ポリゴンID\":\"22c1a050-1ee7-4013-a136-bb4f5e730d94\",\"更新年度\":2022,\"前年同一\":true},[{\"筆ポリゴンID\":\"1f4583bb-48f0-443e-affe-8e1eb52e43fd\",\"更新年度\":2021,\"前年同一\":true},{\"筆ポリゴンID\":\"1f4583bb-48f0-443e-affe-8e1eb52e43fd\",\"発生年度\":2020}]]]","last_polygon_uuid":"e6d27b0c-0863-4eba-abca-3a91dd856309","prev_last_polygon_uuid":"22c1a050-1ee7-4013-a136-bb4f5e730d94","local_government_cd":"011053","point_lng":141.417832399,"point_lat":43.00918775}},{"arcs":[[83]],"type":"Polygon","properties":{"polygon_uuid":"6fc2ded4-361a-4ec6-b170-c4cda3839e3f","land_type":100,"issue_year":2024,"edit_year":2020,"history":"[{\"筆ポリゴンID\":\"3608908f-fb56-4720-9058-dca2a65277b2\",\"更新年度\":2023,\"前年同一\":true},[{\"筆ポリゴンID\":\"8df55064-9a9c-4233-ac5e-284cd699a03b\",\"更新年度\":2022,\"前年同一\":true},[{\"筆ポリゴンID\":\"7333795e-13c3-4b75-a34f-140344896512\",\"更新年度\":2021,\"前年同一\":true},{\"筆ポリゴンID\":\"7333795e-13c3-4b75-a34f-140344896512\",\"発生年度\":2020}]]]","last_polygon_uuid":"3608908f-fb56-4720-9058-dca2a65277b2","prev_last_polygon_uuid":"8df55064-9a9c-4233-ac5e-284cd699a03b","local_government_cd":"011053","point_lng":141.417938605,"point_lat":43.010774657}},{"arcs":[[84]],"type":"Polygon","properties":{"polygon_uuid":"a85b8858-fe35-4b57-963c-05a3e81ca8de","land_type":100,"issue_year":2024,"edit_year":2020,"history":"[{\"筆ポリゴンID\":\"6ba47471-56e1-469d-beb4-0656cd99e7d0\",\"更新年度\":2023,\"前年同一\":true},[{\"筆ポリゴンID\":\"a92b00f6-8ba3-4c8a-8543-21aa47ff1eda\",\"更新年度\":2022,\"前年同一\":true},[{\"筆ポリゴンID\":\"72062aed-0ca9-40c8-af85-579e6c415bf2\",\"更新年度\":2021,\"前年同一\":true},{\"筆ポリゴンID\":\"72062aed-0ca9-40c8-af85-579e6c415bf2\",\"発生年度\":2020}]]]","last_polygon_uuid":"6ba47471-56e1-469d-beb4-0656cd99e7d0","prev_last_polygon_uuid":"a92b00f6-8ba3-4c8a-8543-21aa47ff1eda","local_government_cd":"011053","point_lng":141.41666624,"point_lat":43.008936619}},{"arcs":[[85]],"type":"Polygon","properties":{"polygon_uuid":"05aa0dc7-91b4-4e99-a8b7-cabdabc89085","land_type":200,"issue_year":2024,"edit_year":2020,"history":"[{\"筆ポリゴンID\":\"d503d1a2-b89e-4cef-9ebb-aae1247813c0\",\"更新年度\":2023,\"前年同一\":true},[{\"筆ポリゴンID\":\"c96c361f-5301-4f2e-b621-abf2b0649ce2\",\"更新年度\":2022,\"前年同一\":true},[{\"筆ポリゴンID\":\"ebce271f-f69a-41e5-9d38-514549eeecca\",\"更新年度\":2021,\"前年同一\":true},{\"筆ポリゴンID\":\"ebce271f-f69a-41e5-9d38-514549eeecca\",\"発生年度\":2020}]]]","last_polygon_uuid":"d503d1a2-b89e-4cef-9ebb-aae1247813c0","prev_last_polygon_uuid":"c96c361f-5301-4f2e-b621-abf2b0649ce2","local_government_cd":"011053","point_lng":141.407357397,"point_lat":43.008367494}},{"arcs":[[86]],"type":"Polygon","properties":{"polygon_uuid":"7f05bfa3-03cb-4870-aa3d-939187868eb5","land_type":100,"issue_year":2024,"edit_year":2020,"history":"[{\"筆ポリゴンID\":\"39fac27d-0dd9-4c02-96c9-54cae619eed9\",\"更新年度\":2023,\"前年同一\":true},[{\"筆ポリゴンID\":\"bbe040b6-2a5e-4ac9-a80b-f083ec3030f6\",\"更新年度\":2022,\"前年同一\":true},[{\"筆ポリゴンID\":\"28441b97-0b29-4fbe-be3e-281c901334f3\",\"更新年度\":2021,\"前年同一\":true},{\"筆ポリゴンID\":\"28441b97-0b29-4fbe-be3e-281c901334f3\",\"発生年度\":2020}]]]","last_polygon_uuid":"39fac27d-0dd9-4c02-96c9-54cae619eed9","prev_last_polygon_uuid":"bbe040b6-2a5e-4ac9-a80b-f083ec3030f6","local_government_cd":"011053","point_lng":141.417514564,"point_lat":43.008741458}},{"arcs":[[87]],"type":"Polygon","properties":{"polygon_uuid":"81b91e0b-74e7-40cf-9499-7028562d5585","land_type":200,"issue_year":2024,"edit_year":2020,"history":"[{\"筆ポリゴンID\":\"b9a8b58d-db65-492f-9002-a2aab4ef7da8\",\"更新年度\":2023,\"前年同一\":true},[{\"筆ポリゴンID\":\"065a9589-d7ec-4d17-869b-657cc3561f37\",\"更新年度\":2022,\"前年同一\":true},[{\"筆ポリゴンID\":\"98b4f806-5d32-4037-9b58-b0635f3f16c6\",\"更新年度\":2021,\"前年同一\":true},{\"筆ポリゴンID\":\"98b4f806-5d32-4037-9b58-b0635f3f16c6\",\"発生年度\":2020}]]]","last_polygon_uuid":"b9a8b58d-db65-492f-9002-a2aab4ef7da8","prev_last_polygon_uuid":"065a9589-d7ec-4d17-869b-657cc3561f37","local_government_cd":"011053","point_lng":141.416637489,"point_lat":43.027090882}},{"arcs":[[88]],"type":"Polygon","properties":{"polygon_uuid":"7133249b-3530-4783-9895-291449585a8d","land_type":200,"issue_year":2024,"edit_year":2020,"history":"[{\"筆ポリゴンID\":\"d1462421-5e08-4e14-a89b-a9d837e03868\",\"更新年度\":2023,\"前年同一\":true},[{\"筆ポリゴンID\":\"78f1c955-54af-4b9b-b31b-84adb5198428\",\"更新年度\":2022,\"前年同一\":true},[{\"筆ポリゴンID\":\"1918187f-bf19-4725-854f-6105cdd7189e\",\"更新年度\":2021,\"前年同一\":true},{\"筆ポリゴンID\":\"1918187f-bf19-4725-854f-6105cdd7189e\",\"発生年度\":2020}]]]","last_polygon_uuid":"d1462421-5e08-4e14-a89b-a9d837e03868","prev_last_polygon_uuid":"78f1c955-54af-4b9b-b31b-84adb5198428","local_government_cd":"011053","point_lng":141.413231529,"point_lat":43.00785098}},{"arcs":[[89]],"type":"Polygon","properties":{"polygon_uuid":"3e4423a9-0cb3-40e5-a97d-ff7c6c123c1f","land_type":200,"issue_year":2024,"edit_year":2020,"history":"[{\"筆ポリゴンID\":\"4f316d12-f507-4fad-a5ad-96e49b7d1806\",\"更新年度\":2023,\"前年同一\":true},[{\"筆ポリゴンID\":\"f6c1e697-f412-483e-a6fa-0b7397d5d642\",\"更新年度\":2022,\"前年同一\":true},[{\"筆ポリゴンID\":\"a40f7dbd-16dd-46f9-a344-7d275ed36402\",\"更新年度\":2021,\"前年同一\":true},{\"筆ポリゴンID\":\"a40f7dbd-16dd-46f9-a344-7d275ed36402\",\"発生年度\":2020}]]]","last_polygon_uuid":"4f316d12-f507-4fad-a5ad-96e49b7d1806","prev_last_polygon_uuid":"f6c1e697-f412-483e-a6fa-0b7397d5d642","local_government_cd":"011053","point_lng":141.424644895,"point_lat":43.008587437}},{"arcs":[[90]],"type":"Polygon","properties":{"polygon_uuid":"605f4d5b-fa7c-4080-afa7-6f9652c7e9da","land_type":200,"issue_year":2024,"edit_year":2020,"history":"[{\"筆ポリゴンID\":\"809e52db-7f80-458b-9346-c17b1561ac2d\",\"更新年度\":2023,\"前年同一\":true},[{\"筆ポリゴンID\":\"8ee9edab-df32-4057-8ee6-782690f91e27\",\"更新年度\":2022,\"前年同一\":true},[{\"筆ポリゴンID\":\"951e13c9-e52e-417b-80bb-e5ce9dbc5aa8\",\"更新年度\":2021,\"前年同一\":true},{\"筆ポリゴンID\":\"951e13c9-e52e-417b-80bb-e5ce9dbc5aa8\",\"発生年度\":2020}]]]","last_polygon_uuid":"809e52db-7f80-458b-9346-c17b1561ac2d","prev_last_polygon_uuid":"8ee9edab-df32-4057-8ee6-782690f91e27","local_government_cd":"011053","point_lng":141.418041527,"point_lat":43.008539821}},{"arcs":[[91]],"type":"Polygon","properties":{"polygon_uuid":"07167486-92c5-4229-aac8-7d98c1eeef4e","land_type":200,"issue_year":2024,"edit_year":2020,"history":"[{\"筆ポリゴンID\":\"2f2649cd-c208-4b16-aa63-a3d07fcdff40\",\"更新年度\":2023,\"前年同一\":true},[{\"筆ポリゴンID\":\"5bd8a017-05cd-4a31-8d0a-112e6c003480\",\"更新年度\":2022,\"前年同一\":true},[{\"筆ポリゴンID\":\"80ff22a3-6703-493c-acec-ec01025957c8\",\"更新年度\":2021,\"前年同一\":true},{\"筆ポリゴンID\":\"80ff22a3-6703-493c-acec-ec01025957c8\",\"発生年度\":2020}]]]","last_polygon_uuid":"2f2649cd-c208-4b16-aa63-a3d07fcdff40","prev_last_polygon_uuid":"5bd8a017-05cd-4a31-8d0a-112e6c003480","local_government_cd":"011053","point_lng":141.417197038,"point_lat":43.008290871}},{"arcs":[[92]],"type":"Polygon","properties":{"polygon_uuid":"00245467-1399-4daa-ad4f-e615e19c6a7f","land_type":200,"issue_year":2024,"edit_year":2020,"history":"[{\"筆ポリゴンID\":\"fc41a248-7c0b-46a7-a3ab-bc24f5c3afad\",\"更新年度\":2023,\"前年同一\":true},[{\"筆ポリゴンID\":\"2274ab0c-5782-4b46-99f3-e53fc6000710\",\"更新年度\":2022,\"前年同一\":true},[{\"筆ポリゴンID\":\"ca353d08-3050-46b1-93bb-6886552eda86\",\"更新年度\":2021,\"前年同一\":true},{\"筆ポリゴンID\":\"ca353d08-3050-46b1-93bb-6886552eda86\",\"発生年度\":2020}]]]","last_polygon_uuid":"fc41a248-7c0b-46a7-a3ab-bc24f5c3afad","prev_last_polygon_uuid":"2274ab0c-5782-4b46-99f3-e53fc6000710","local_government_cd":"011053","point_lng":141.409038775,"point_lat":43.024898632}},{"arcs":[[93]],"type":"Polygon","properties":{"polygon_uuid":"2c74e07a-98b5-478e-a45f-63c6b8c00508","land_type":200,"issue_year":2024,"edit_year":2020,"history":"[{\"筆ポリゴンID\":\"798cd345-5b8f-4c3c-a981-f61aed0e9759\",\"更新年度\":2023,\"前年同一\":true},[{\"筆ポリゴンID\":\"63152547-417e-44eb-aabd-a01bb4b0f757\",\"更新年度\":2022,\"前年同一\":true},[{\"筆ポリゴンID\":\"95cb2cef-dc9b-4872-bd69-55a2f24d841e\",\"更新年度\":2021,\"前年同一\":true},{\"筆ポリゴンID\":\"95cb2cef-dc9b-4872-bd69-55a2f24d841e\",\"発生年度\":2020}]]]","last_polygon_uuid":"798cd345-5b8f-4c3c-a981-f61aed0e9759","prev_last_polygon_uuid":"63152547-417e-44eb-aabd-a01bb4b0f757","local_government_cd":"011053","point_lng":141.405848553,"point_lat":43.006903829}},{"arcs":[[94]],"type":"Polygon","properties":{"polygon_uuid":"924c1165-930a-4e1b-b2af-266c4c3e9887","land_type":200,"issue_year":2024,"edit_year":2020,"history":"[{\"筆ポリゴンID\":\"4d40af70-9aa6-496b-afce-bf83b0e2b160\",\"更新年度\":2023,\"前年同一\":true},[{\"筆ポリゴンID\":\"b69d6863-44b5-4a2a-8071-6b8ba971fbe4\",\"更新年度\":2022,\"前年同一\":true},[{\"筆ポリゴンID\":\"6999b036-819d-4d72-851e-edfb2f0e834a\",\"更新年度\":2021,\"前年同一\":true},{\"筆ポリゴンID\":\"6999b036-819d-4d72-851e-edfb2f0e834a\",\"発生年度\":2020}]]]","last_polygon_uuid":"4d40af70-9aa6-496b-afce-bf83b0e2b160","prev_last_polygon_uuid":"b69d6863-44b5-4a2a-8071-6b8ba971fbe4","local_government_cd":"011053","point_lng":141.426243945,"point_lat":43.007566229}},{"arcs":[[95]],"type":"Polygon","properties":{"polygon_uuid":"20d45141-8087-4486-ac05-6a710b4d5733","land_type":200,"issue_year":2024,"edit_year":2020,"history":"[{\"筆ポリゴンID\":\"53017dfa-39fc-442e-99e2-0bfb77af4b9e\",\"更新年度\":2023,\"前年同一\":true},[{\"筆ポリゴンID\":\"fc1e5df9-3949-4384-b75b-6d0c5c43c342\",\"更新年度\":2022,\"前年同一\":true},[{\"筆ポリゴンID\":\"0d2cc7e9-0b65-43c2-9813-679c3be3b971\",\"更新年度\":2021,\"前年同一\":true},{\"筆ポリゴンID\":\"0d2cc7e9-0b65-43c2-9813-679c3be3b971\",\"発生年度\":2020}]]]","last_polygon_uuid":"53017dfa-39fc-442e-99e2-0bfb77af4b9e","prev_last_polygon_uuid":"fc1e5df9-3949-4384-b75b-6d0c5c43c342","local_government_cd":"011053","point_lng":141.393201702,"point_lat":43.006808213}},{"arcs":[[96]],"type":"Polygon","properties":{"polygon_uuid":"81e41b72-f39b-49ef-bf6d-827defc30399","land_type":200,"issue_year":2024,"edit_year":2020,"history":"[{\"筆ポリゴンID\":\"d8fb4b4a-7bd9-42bf-a9a4-b124658888f4\",\"更新年度\":2023,\"前年同一\":true},[{\"筆ポリゴンID\":\"9a97f228-16b5-4c9a-bd79-a187c8360b10\",\"更新年度\":2022,\"前年同一\":true},[{\"筆ポリゴンID\":\"d2abec12-1863-4b7c-bd44-fb17d6d33f9d\",\"更新年度\":2021,\"前年同一\":true},{\"筆ポリゴンID\":\"d2abec12-1863-4b7c-bd44-fb17d6d33f9d\",\"発生年度\":2020}]]]","last_polygon_uuid":"d8fb4b4a-7bd9-42bf-a9a4-b124658888f4","prev_last_polygon_uuid":"9a97f228-16b5-4c9a-bd79-a187c8360b10","local_government_cd":"011053","point_lng":141.406915496,"point_lat":42.991533441}},{"arcs":[[97]],"type":"Polygon","properties":{"polygon_uuid":"18971a1b-dd6a-44af-b886-3a0f4b2bc113","land_type":200,"issue_year":2024,"edit_year":2020,"history":"[{\"筆ポリゴンID\":\"1f68b52d-89d2-4b21-9ba1-6abd6caa758a\",\"更新年度\":2023,\"前年同一\":true},[{\"筆ポリゴンID\":\"6ab68d32-daaa-4a96-b79c-64c8df539225\",\"更新年度\":2022,\"前年同一\":true},[{\"筆ポリゴンID\":\"b12df70f-e764-46ce-a213-218036a165ce\",\"更新年度\":2021,\"前年同一\":true},{\"筆ポリゴンID\":\"b12df70f-e764-46ce-a213-218036a165ce\",\"発生年度\":2020}]]]","last_polygon_uuid":"1f68b52d-89d2-4b21-9ba1-6abd6caa758a","prev_last_polygon_uuid":"6ab68d32-daaa-4a96-b79c-64c8df539225","local_government_cd":"011053","point_lng":141.396502364,"point_lat":43.014703609}},{"arcs":[[98,99]],"type":"Polygon","properties":{"polygon_uuid":"010e304e-779a-41fd-80f8-67b065e7fde7","land_type":200,"issue_year":2024,"edit_year":2020,"history":"[{\"筆ポリゴンID\":\"a7763c80-1e5a-434f-8e3b-2dc02fc37089\",\"更新年度\":2023,\"前年同一\":true},[{\"筆ポリゴンID\":\"fbdbdbb6-a02f-46a1-8771-d6302b4a9161\",\"更新年度\":2022,\"前年同一\":true},[{\"筆ポリゴンID\":\"e5e459c6-c39b-4646-81fa-4452bc496ba4\",\"更新年度\":2021,\"前年同一\":true},{\"筆ポリゴンID\":\"e5e459c6-c39b-4646-81fa-4452bc496ba4\",\"発生年度\":2020}]]]","last_polygon_uuid":"a7763c80-1e5a-434f-8e3b-2dc02fc37089","prev_last_polygon_uuid":"fbdbdbb6-a02f-46a1-8771-d6302b4a9161","local_government_cd":"011053","point_lng":141.396621441,"point_lat":42.99172961}},{"arcs":[[100,-99,101,-57]],"type":"Polygon","properties":{"polygon_uuid":"7a1cd41a-20ed-481d-a276-68b7cc854aac","land_type":200,"issue_year":2024,"edit_year":2020,"history":"[{\"筆ポリゴンID\":\"6b8ac572-cd85-4355-a264-711d0ef877bd\",\"更新年度\":2023,\"前年同一\":true},[{\"筆ポリゴンID\":\"f3f6e354-6f20-4e1e-8dec-d2f7700b375f\",\"更新年度\":2022,\"前年同一\":true},[{\"筆ポリゴンID\":\"e05dc29f-6a92-44db-8636-b30826e1ede1\",\"更新年度\":2021,\"前年同一\":true},{\"筆ポリゴンID\":\"e05dc29f-6a92-44db-8636-b30826e1ede1\",\"発生年度\":2020}]]]","last_polygon_uuid":"6b8ac572-cd85-4355-a264-711d0ef877bd","prev_last_polygon_uuid":"f3f6e354-6f20-4e1e-8dec-d2f7700b375f","local_government_cd":"011053","point_lng":141.395398865,"point_lat":42.992973375}},{"arcs":[[102]],"type":"Polygon","properties":{"polygon_uuid":"ef41ee59-bbaf-4047-aba1-4687b893ccce","land_type":200,"issue_year":2024,"edit_year":2020,"history":"[{\"筆ポリゴンID\":\"19038df7-88b9-49ab-affd-03c77f0929ac\",\"更新年度\":2023,\"前年同一\":true},[{\"筆ポリゴンID\":\"f7c94c2f-3859-459a-9716-70067a859aaf\",\"更新年度\":2022,\"前年同一\":true},[{\"筆ポリゴンID\":\"f422e0d2-1a0e-4866-83a6-180312fc2b0a\",\"更新年度\":2021,\"前年同一\":true},{\"筆ポリゴンID\":\"f422e0d2-1a0e-4866-83a6-180312fc2b0a\",\"発生年度\":2020}]]]","last_polygon_uuid":"19038df7-88b9-49ab-affd-03c77f0929ac","prev_last_polygon_uuid":"f7c94c2f-3859-459a-9716-70067a859aaf","local_government_cd":"011053","point_lng":141.420831522,"point_lat":43.010980735}},{"arcs":[[103]],"type":"Polygon","properties":{"polygon_uuid":"18395869-b53d-40ab-9e3b-697aa4cf49d5","land_type":200,"issue_year":2024,"edit_year":2020,"history":"[{\"筆ポリゴンID\":\"64424b06-962f-4987-956e-662c0eb7b818\",\"更新年度\":2023,\"前年同一\":true},[{\"筆ポリゴンID\":\"6b274d23-fb08-427c-a0c9-19954847454b\",\"更新年度\":2022,\"前年同一\":true},[{\"筆ポリゴンID\":\"c5fa7cc6-0af3-41ef-bff8-535971a2ca78\",\"更新年度\":2021,\"前年同一\":true},{\"筆ポリゴンID\":\"c5fa7cc6-0af3-41ef-bff8-535971a2ca78\",\"発生年度\":2020}]]]","last_polygon_uuid":"64424b06-962f-4987-956e-662c0eb7b818","prev_last_polygon_uuid":"6b274d23-fb08-427c-a0c9-19954847454b","local_government_cd":"011053","point_lng":141.417401421,"point_lat":43.026377568}},{"arcs":[[104]],"type":"Polygon","properties":{"polygon_uuid":"8d73f80c-9936-4986-b09f-91f1ffc64e77","land_type":200,"issue_year":2024,"edit_year":2020,"history":"[{\"筆ポリゴンID\":\"5d47b228-4350-4124-abc7-8d743f34c6d9\",\"更新年度\":2023,\"前年同一\":true},[{\"筆ポリゴンID\":\"fcebe864-60b8-4026-9d90-8b54177036a5\",\"更新年度\":2022,\"前年同一\":true},[{\"筆ポリゴンID\":\"bae5864a-6167-4e91-82e0-793b10c81790\",\"更新年度\":2021,\"前年同一\":true},{\"筆ポリゴンID\":\"bae5864a-6167-4e91-82e0-793b10c81790\",\"発生年度\":2020}]]]","last_polygon_uuid":"5d47b228-4350-4124-abc7-8d743f34c6d9","prev_last_polygon_uuid":"fcebe864-60b8-4026-9d90-8b54177036a5","local_government_cd":"011053","point_lng":141.390446245,"point_lat":42.994163224}},{"arcs":[[105]],"type":"Polygon","properties":{"polygon_uuid":"09ac793b-c61d-4933-80bf-2cd127351310","land_type":200,"issue_year":2024,"edit_year":2020,"history":"[{\"筆ポリゴンID\":\"d04a0df5-0371-474a-91dc-2edb356bc667\",\"更新年度\":2023,\"前年同一\":true},[{\"筆ポリゴンID\":\"c95799de-3071-4389-92ca-ee74a6125ddb\",\"更新年度\":2022,\"前年同一\":true},[{\"筆ポリゴンID\":\"c748f894-de5d-45b4-a754-1ef048abf192\",\"更新年度\":2021,\"前年同一\":true},{\"筆ポリゴンID\":\"c748f894-de5d-45b4-a754-1ef048abf192\",\"発生年度\":2020}]]]","last_polygon_uuid":"d04a0df5-0371-474a-91dc-2edb356bc667","prev_last_polygon_uuid":"c95799de-3071-4389-92ca-ee74a6125ddb","local_government_cd":"011053","point_lng":141.415718288,"point_lat":43.025704447}},{"arcs":[[106]],"type":"Polygon","properties":{"polygon_uuid":"b9888602-2484-43e2-a974-105a68172d39","land_type":200,"issue_year":2024,"edit_year":2020,"history":"[{\"筆ポリゴンID\":\"254c8148-9d15-4d2e-b8c7-ea5c0bed12c1\",\"更新年度\":2023,\"前年同一\":true},[{\"筆ポリゴンID\":\"414e0c89-cb7d-4ded-8b96-a5005e20e78c\",\"更新年度\":2022,\"前年同一\":true},[{\"筆ポリゴンID\":\"7deb07b6-6196-4fda-b354-59ad1fb6c90d\",\"更新年度\":2021,\"前年同一\":true},{\"筆ポリゴンID\":\"7deb07b6-6196-4fda-b354-59ad1fb6c90d\",\"発生年度\":2020}]]]","last_polygon_uuid":"254c8148-9d15-4d2e-b8c7-ea5c0bed12c1","prev_last_polygon_uuid":"414e0c89-cb7d-4ded-8b96-a5005e20e78c","local_government_cd":"011053","point_lng":141.413927316,"point_lat":43.026436454}},{"arcs":[[107]],"type":"Polygon","properties":{"polygon_uuid":"ac93f169-c6f6-44f6-a1e5-db05a85819fe","land_type":200,"issue_year":2024,"edit_year":2020,"history":"[{\"筆ポリゴンID\":\"90a8a542-051f-4b7e-aab6-fa61b42d414d\",\"更新年度\":2023,\"前年同一\":true},[{\"筆ポリゴンID\":\"9d5bb02b-f3ea-4077-9833-0534bd74f06a\",\"更新年度\":2022,\"前年同一\":true},[{\"筆ポリゴンID\":\"1b4a069c-d829-48a8-a105-c3aedde44ab6\",\"更新年度\":2021,\"前年同一\":true},{\"筆ポリゴンID\":\"1b4a069c-d829-48a8-a105-c3aedde44ab6\",\"発生年度\":2020}]]]","last_polygon_uuid":"90a8a542-051f-4b7e-aab6-fa61b42d414d","prev_last_polygon_uuid":"9d5bb02b-f3ea-4077-9833-0534bd74f06a","local_government_cd":"011053","point_lng":141.415971695,"point_lat":43.028664412}},{"arcs":[[108]],"type":"Polygon","properties":{"polygon_uuid":"bcd43de7-cea1-488f-8431-d2bb3f8b5b96","land_type":200,"issue_year":2024,"edit_year":2020,"history":"[{\"筆ポリゴンID\":\"1fb1bc3a-2cb2-48ce-8ea1-2184af26580a\",\"更新年度\":2023,\"前年同一\":true},[{\"筆ポリゴンID\":\"410295da-93ae-4245-ab69-5af1a671cd3c\",\"更新年度\":2022,\"前年同一\":true},[{\"筆ポリゴンID\":\"899d3602-84b6-4017-9ce8-2ab1979a23db\",\"更新年度\":2021,\"前年同一\":true},{\"筆ポリゴンID\":\"899d3602-84b6-4017-9ce8-2ab1979a23db\",\"発生年度\":2020}]]]","last_polygon_uuid":"1fb1bc3a-2cb2-48ce-8ea1-2184af26580a","prev_last_polygon_uuid":"410295da-93ae-4245-ab69-5af1a671cd3c","local_government_cd":"011053","point_lng":141.396666036,"point_lat":43.012030003}},{"arcs":[[109]],"type":"Polygon","properties":{"polygon_uuid":"7ef09a99-02e7-4021-8fe6-56aa2deef705","land_type":200,"issue_year":2024,"edit_year":2020,"history":"[{\"筆ポリゴンID\":\"2d26184d-d9c9-41ad-8028-956fdb22966b\",\"更新年度\":2023,\"前年同一\":true},[{\"筆ポリゴンID\":\"6bbabfbc-6a45-45a6-8933-90c22ab30e70\",\"更新年度\":2022,\"前年同一\":true},[{\"筆ポリゴンID\":\"a3decd18-0e4f-4771-86fc-e5df385a1471\",\"更新年度\":2021,\"前年同一\":true},{\"筆ポリゴンID\":\"a3decd18-0e4f-4771-86fc-e5df385a1471\",\"発生年度\":2020}]]]","last_polygon_uuid":"2d26184d-d9c9-41ad-8028-956fdb22966b","prev_last_polygon_uuid":"6bbabfbc-6a45-45a6-8933-90c22ab30e70","local_government_cd":"011053","point_lng":141.392996214,"point_lat":43.011811707}},{"arcs":[[110]],"type":"Polygon","properties":{"polygon_uuid":"b9844d05-146b-46e2-a5b6-daa8c883531e","land_type":200,"issue_year":2024,"edit_year":2020,"history":"[{\"筆ポリゴンID\":\"46a0ad63-cbf9-43f3-b9e8-78fcc7bdae6c\",\"更新年度\":2023,\"前年同一\":true},[{\"筆ポリゴンID\":\"e09483cb-70d5-405e-8495-825c5f9dc941\",\"更新年度\":2022,\"前年同一\":true},[{\"筆ポリゴンID\":\"fe95613b-cd3e-43f2-b4a2-bc0cd413b781\",\"更新年度\":2021,\"前年同一\":true},{\"筆ポリゴンID\":\"fe95613b-cd3e-43f2-b4a2-bc0cd413b781\",\"発生年度\":2020}]]]","last_polygon_uuid":"46a0ad63-cbf9-43f3-b9e8-78fcc7bdae6c","prev_last_polygon_uuid":"e09483cb-70d5-405e-8495-825c5f9dc941","local_government_cd":"011053","point_lng":141.405962546,"point_lat":43.011840485}},{"arcs":[[111]],"type":"Polygon","properties":{"polygon_uuid":"484e31e2-8087-4019-b3bc-636eae9d80a8","land_type":200,"issue_year":2024,"edit_year":2020,"history":"[{\"筆ポリゴンID\":\"5b656ef1-6f49-4693-9d4a-92aa815c0bbf\",\"更新年度\":2023,\"前年同一\":true},[{\"筆ポリゴンID\":\"30ff093a-1b2d-4402-9abc-6c3c284406b8\",\"更新年度\":2022,\"前年同一\":true},[{\"筆ポリゴンID\":\"82b35de9-9000-4765-8586-17e19e639d13\",\"更新年度\":2021,\"前年同一\":true},{\"筆ポリゴンID\":\"82b35de9-9000-4765-8586-17e19e639d13\",\"発生年度\":2020}]]]","last_polygon_uuid":"5b656ef1-6f49-4693-9d4a-92aa815c0bbf","prev_last_polygon_uuid":"30ff093a-1b2d-4402-9abc-6c3c284406b8","local_government_cd":"011053","point_lng":141.423243305,"point_lat":43.006875328}},{"arcs":[[112]],"type":"Polygon","properties":{"polygon_uuid":"92451446-6e94-44a9-a2a9-0b68d7bebee9","land_type":200,"issue_year":2024,"edit_year":2020,"history":"[{\"筆ポリゴンID\":\"cf2c067c-7cee-4204-9cf7-a652d1efab43\",\"更新年度\":2023,\"前年同一\":true},[{\"筆ポリゴンID\":\"f62cd6ba-f152-4f1a-b210-061459ac0aa4\",\"更新年度\":2022,\"前年同一\":true},[{\"筆ポリゴンID\":\"d521d244-5e8d-4713-9c6b-b91f12acbf31\",\"更新年度\":2021,\"前年同一\":true},{\"筆ポリゴンID\":\"d521d244-5e8d-4713-9c6b-b91f12acbf31\",\"発生年度\":2020}]]]","last_polygon_uuid":"cf2c067c-7cee-4204-9cf7-a652d1efab43","prev_last_polygon_uuid":"f62cd6ba-f152-4f1a-b210-061459ac0aa4","local_government_cd":"011053","point_lng":141.406980136,"point_lat":43.024602693}},{"arcs":[[113]],"type":"Polygon","properties":{"polygon_uuid":"abe47ab6-455a-4b95-8bb8-cefb3f6e9c44","land_type":200,"issue_year":2024,"edit_year":2020,"history":"[{\"筆ポリゴンID\":\"66aad656-d10a-4574-8d06-72dc8be76c34\",\"更新年度\":2023,\"前年同一\":true},[{\"筆ポリゴンID\":\"d16186bd-1847-4110-bdda-dffaf179f033\",\"更新年度\":2022,\"前年同一\":true},[{\"筆ポリゴンID\":\"f97ab8a8-2263-4ecb-aeff-f5e24d95b8bc\",\"更新年度\":2021,\"前年同一\":true},{\"筆ポリゴンID\":\"f97ab8a8-2263-4ecb-aeff-f5e24d95b8bc\",\"発生年度\":2020}]]]","last_polygon_uuid":"66aad656-d10a-4574-8d06-72dc8be76c34","prev_last_polygon_uuid":"d16186bd-1847-4110-bdda-dffaf179f033","local_government_cd":"011053","point_lng":141.392646482,"point_lat":43.003662591}},{"arcs":[[114]],"type":"Polygon","properties":{"polygon_uuid":"bf5a0efa-96f4-4bd5-ab9f-6a42ed1b056f","land_type":200,"issue_year":2024,"edit_year":2020,"history":"[{\"筆ポリゴンID\":\"3439d913-3894-4075-baa3-73f55d7a304f\",\"更新年度\":2023,\"前年同一\":true},[{\"筆ポリゴンID\":\"c0f32ae0-1120-4775-8145-71e1ada1f18a\",\"更新年度\":2022,\"前年同一\":true},[{\"筆ポリゴンID\":\"e1da6c2b-7f05-423d-8611-93c2e53912ed\",\"更新年度\":2021,\"前年同一\":true},{\"筆ポリゴンID\":\"e1da6c2b-7f05-423d-8611-93c2e53912ed\",\"発生年度\":2020}]]]","last_polygon_uuid":"3439d913-3894-4075-baa3-73f55d7a304f","prev_last_polygon_uuid":"c0f32ae0-1120-4775-8145-71e1ada1f18a","local_government_cd":"011053","point_lng":141.396099556,"point_lat":43.012218629}},{"arcs":[[115]],"type":"Polygon","properties":{"polygon_uuid":"123dec9e-3120-4cf7-8e69-171715b09c6a","land_type":200,"issue_year":2024,"edit_year":2020,"history":"[{\"筆ポリゴンID\":\"d7cbfd79-278b-44fa-a264-9072b504fc2e\",\"更新年度\":2023,\"前年同一\":true},[{\"筆ポリゴンID\":\"f4100c28-fa93-403a-8985-7e06b2dabdaf\",\"更新年度\":2022,\"前年同一\":true},[{\"筆ポリゴンID\":\"e1f0e8e6-0bbb-4edf-8903-79bc770d5a9d\",\"更新年度\":2021,\"前年同一\":true},{\"筆ポリゴンID\":\"e1f0e8e6-0bbb-4edf-8903-79bc770d5a9d\",\"発生年度\":2020}]]]","last_polygon_uuid":"d7cbfd79-278b-44fa-a264-9072b504fc2e","prev_last_polygon_uuid":"f4100c28-fa93-403a-8985-7e06b2dabdaf","local_government_cd":"011053","point_lng":141.409997625,"point_lat":43.011120218}},{"arcs":[[116],[117]],"type":"Polygon","properties":{"polygon_uuid":"557b7335-afcf-471a-ad24-b275bbe582b7","land_type":200,"issue_year":2024,"edit_year":2020,"history":"[{\"筆ポリゴンID\":\"5fcf627b-96fd-4b21-92e9-4d5e620250d6\",\"更新年度\":2023,\"前年同一\":true},[{\"筆ポリゴンID\":\"f60f6908-e6c6-4b50-9ebc-1c372c000259\",\"更新年度\":2022,\"前年同一\":true},[{\"筆ポリゴンID\":\"6656cf71-cc36-4a2c-8a9a-440325a65707\",\"更新年度\":2021,\"前年同一\":true},{\"筆ポリゴンID\":\"6656cf71-cc36-4a2c-8a9a-440325a65707\",\"発生年度\":2020}]]]","last_polygon_uuid":"5fcf627b-96fd-4b21-92e9-4d5e620250d6","prev_last_polygon_uuid":"f60f6908-e6c6-4b50-9ebc-1c372c000259","local_government_cd":"011053","point_lng":141.416789464,"point_lat":43.000438165}},{"arcs":[[118]],"type":"Polygon","properties":{"polygon_uuid":"b1e0f07f-7c37-4f22-9dc3-5fa70585cf65","land_type":200,"issue_year":2024,"edit_year":2020,"history":"[{\"筆ポリゴンID\":\"26f339b2-0996-4c90-a8f1-a4cb3cf73a94\",\"更新年度\":2023,\"前年同一\":true},[{\"筆ポリゴンID\":\"00ffb7bf-7939-4050-920a-399444730856\",\"更新年度\":2022,\"前年同一\":true},[{\"筆ポリゴンID\":\"c0895272-6f29-44f3-9946-47550a17198e\",\"更新年度\":2021,\"前年同一\":true},{\"筆ポリゴンID\":\"c0895272-6f29-44f3-9946-47550a17198e\",\"発生年度\":2020}]]]","last_polygon_uuid":"26f339b2-0996-4c90-a8f1-a4cb3cf73a94","prev_last_polygon_uuid":"00ffb7bf-7939-4050-920a-399444730856","local_government_cd":"011053","point_lng":141.390554607,"point_lat":43.018591941}},{"arcs":[[119]],"type":"Polygon","properties":{"polygon_uuid":"7a942f58-65a1-41f3-bde5-ca72bddd8475","land_type":200,"issue_year":2024,"edit_year":2020,"history":"[{\"筆ポリゴンID\":\"7cfffbb5-ac5f-4843-b451-b158298742b1\",\"更新年度\":2023,\"前年同一\":true},[{\"筆ポリゴンID\":\"6720effc-e27e-4292-89a8-a781811a1494\",\"更新年度\":2022,\"前年同一\":true},[{\"筆ポリゴンID\":\"26046977-774e-4394-b9ac-019c90dcd489\",\"更新年度\":2021,\"前年同一\":true},{\"筆ポリゴンID\":\"26046977-774e-4394-b9ac-019c90dcd489\",\"発生年度\":2020}]]]","last_polygon_uuid":"7cfffbb5-ac5f-4843-b451-b158298742b1","prev_last_polygon_uuid":"6720effc-e27e-4292-89a8-a781811a1494","local_government_cd":"011053","point_lng":141.372294243,"point_lat":42.983919711}},{"arcs":[[120]],"type":"Polygon","properties":{"polygon_uuid":"3a0f7855-453f-4a79-8d0d-69474cc3648b","land_type":200,"issue_year":2024,"edit_year":2020,"history":"[{\"筆ポリゴンID\":\"a934cd6b-a80b-41e3-902f-75166109043d\",\"更新年度\":2023,\"前年同一\":true},[{\"筆ポリゴンID\":\"e9084aef-cec9-4808-b92e-928e07467e80\",\"更新年度\":2022,\"前年同一\":true},[{\"筆ポリゴンID\":\"f2050b5b-4171-4294-a223-b05090fd005a\",\"更新年度\":2021,\"前年同一\":true},{\"筆ポリゴンID\":\"f2050b5b-4171-4294-a223-b05090fd005a\",\"発生年度\":2020}]]]","last_polygon_uuid":"a934cd6b-a80b-41e3-902f-75166109043d","prev_last_polygon_uuid":"e9084aef-cec9-4808-b92e-928e07467e80","local_government_cd":"011053","point_lng":141.371356086,"point_lat":42.984457854}},{"arcs":[[121]],"type":"Polygon","properties":{"polygon_uuid":"03cf05b4-c004-4b3e-8b66-8bd295076d6b","land_type":200,"issue_year":2024,"edit_year":2020,"history":"[{\"筆ポリゴンID\":\"957dfb38-3ad8-418c-97d2-b293af35d152\",\"更新年度\":2023,\"前年同一\":true},[{\"筆ポリゴンID\":\"9b215941-5910-418a-98b0-1f68f87a5dbd\",\"更新年度\":2022,\"前年同一\":true},[{\"筆ポリゴンID\":\"076ff35f-c03f-4bde-9884-431cd2533ce1\",\"更新年度\":2021,\"前年同一\":true},{\"筆ポリゴンID\":\"076ff35f-c03f-4bde-9884-431cd2533ce1\",\"発生年度\":2020}]]]","last_polygon_uuid":"957dfb38-3ad8-418c-97d2-b293af35d152","prev_last_polygon_uuid":"9b215941-5910-418a-98b0-1f68f87a5dbd","local_government_cd":"011053","point_lng":141.408615197,"point_lat":42.990475309}},{"arcs":[[122]],"type":"Polygon","properties":{"polygon_uuid":"6e5e9faf-ecb1-47c4-9eab-cae551c928f4","land_type":200,"issue_year":2024,"edit_year":2020,"history":"[{\"筆ポリゴンID\":\"f0223d28-31d2-4713-a12b-54ebf015a458\",\"更新年度\":2023,\"前年同一\":true},[{\"筆ポリゴンID\":\"f2549e48-32e2-4d24-bde3-450d9b6bfe7e\",\"更新年度\":2022,\"前年同一\":true},[{\"筆ポリゴンID\":\"5e91bbc3-10c2-4d5b-8ad9-7e214a998bd6\",\"更新年度\":2021,\"前年同一\":true},{\"筆ポリゴンID\":\"5e91bbc3-10c2-4d5b-8ad9-7e214a998bd6\",\"発生年度\":2020}]]]","last_polygon_uuid":"f0223d28-31d2-4713-a12b-54ebf015a458","prev_last_polygon_uuid":"f2549e48-32e2-4d24-bde3-450d9b6bfe7e","local_government_cd":"011053","point_lng":141.40776829,"point_lat":42.98755053}},{"arcs":[[123]],"type":"Polygon","properties":{"polygon_uuid":"eee1aa15-58ae-4472-b76c-16831c7fae1c","land_type":200,"issue_year":2024,"edit_year":2020,"history":"[{\"筆ポリゴンID\":\"768bdde6-aba0-41f3-8904-49b769607d56\",\"更新年度\":2023,\"前年同一\":true},[{\"筆ポリゴンID\":\"1d5268de-6be0-4193-8441-4b4a46942011\",\"更新年度\":2022,\"前年同一\":true},[{\"筆ポリゴンID\":\"ed5570b7-a76b-4888-b9de-62d46541a523\",\"更新年度\":2021,\"前年同一\":true},{\"筆ポリゴンID\":\"ed5570b7-a76b-4888-b9de-62d46541a523\",\"発生年度\":2020}]]]","last_polygon_uuid":"768bdde6-aba0-41f3-8904-49b769607d56","prev_last_polygon_uuid":"1d5268de-6be0-4193-8441-4b4a46942011","local_government_cd":"011053","point_lng":141.369286023,"point_lat":42.977675526}},{"arcs":[[124]],"type":"Polygon","properties":{"polygon_uuid":"26e412ef-203b-4c35-973a-772feac7edca","land_type":200,"issue_year":2024,"edit_year":2020,"history":"[{\"筆ポリゴンID\":\"c9efee39-ac18-494e-8771-1e19ac3fb71d\",\"更新年度\":2023,\"前年同一\":true},[{\"筆ポリゴンID\":\"a6493d30-dad5-42da-85c7-43f7cd23e251\",\"更新年度\":2022,\"前年同一\":true},[{\"筆ポリゴンID\":\"89699398-45c5-4c6f-b7a1-77b94c89e999\",\"更新年度\":2021,\"前年同一\":true},{\"筆ポリゴンID\":\"89699398-45c5-4c6f-b7a1-77b94c89e999\",\"発生年度\":2020}]]]","last_polygon_uuid":"c9efee39-ac18-494e-8771-1e19ac3fb71d","prev_last_polygon_uuid":"a6493d30-dad5-42da-85c7-43f7cd23e251","local_government_cd":"011053","point_lng":141.37247336,"point_lat":42.984549254}},{"arcs":[[125]],"type":"Polygon","properties":{"polygon_uuid":"faf0e3b4-fc21-4b2a-ab31-d1deac958fea","land_type":200,"issue_year":2024,"edit_year":2020,"history":"[{\"筆ポリゴンID\":\"7d61743e-d5c6-48c2-a430-1f9a0f2cca14\",\"更新年度\":2023,\"前年同一\":true},[{\"筆ポリゴンID\":\"800e847a-cc76-4166-a422-191b8e3df1a1\",\"更新年度\":2022,\"前年同一\":true},[{\"筆ポリゴンID\":\"3c94651e-ae9d-4288-836f-b685af874854\",\"更新年度\":2021,\"前年同一\":true},{\"筆ポリゴンID\":\"3c94651e-ae9d-4288-836f-b685af874854\",\"発生年度\":2020}]]]","last_polygon_uuid":"7d61743e-d5c6-48c2-a430-1f9a0f2cca14","prev_last_polygon_uuid":"800e847a-cc76-4166-a422-191b8e3df1a1","local_government_cd":"011053","point_lng":141.407110928,"point_lat":42.98722322}},{"arcs":[[126]],"type":"Polygon","properties":{"polygon_uuid":"66f73269-638d-499a-b2ab-2e4a9d165b5e","land_type":200,"issue_year":2024,"edit_year":2020,"history":"[{\"筆ポリゴンID\":\"7e2daaf1-49f6-4a25-95b5-7aee87691d19\",\"更新年度\":2023,\"前年同一\":true},[{\"筆ポリゴンID\":\"0078feed-a1c1-40f4-b670-445816cf7a2e\",\"更新年度\":2022,\"前年同一\":true},[{\"筆ポリゴンID\":\"0cfe1785-8a78-4c63-bb5b-3a30e39b6018\",\"更新年度\":2021,\"前年同一\":true},{\"筆ポリゴンID\":\"0cfe1785-8a78-4c63-bb5b-3a30e39b6018\",\"発生年度\":2020}]]]","last_polygon_uuid":"7e2daaf1-49f6-4a25-95b5-7aee87691d19","prev_last_polygon_uuid":"0078feed-a1c1-40f4-b670-445816cf7a2e","local_government_cd":"011053","point_lng":141.3738823,"point_lat":42.977909971}}]}}}