{"type":"Topology","arcs":[[[32490,50629],[63,-31],[-5,-16],[-13,-29],[-18,-47],[-53,-21],[-50,-18]],[[32414,50467],[76,162]],[[41066,18232],[96,52],[32,-50],[-81,-43],[-47,41]],[[3065,33990],[86,-22],[-30,-93],[-86,19],[30,96]],[[49171,74034],[72,-6],[-4,-48],[-3,-45],[-76,6],[11,93]],[[42588,63151],[-59,105],[29,49],[28,41],[27,-6],[33,-29],[16,-45],[-2,-27],[-41,-57],[-16,-26],[-15,-5]],[[43855,18047],[36,-14],[12,-16],[6,-21],[-8,-31],[-19,-41],[-8,-2],[-55,15],[9,22],[27,88]],[[49023,74139],[64,-5],[-4,-111],[-38,-5],[-14,6],[-9,13],[-3,35],[4,67]],[[60669,6535],[59,2],[73,-13],[30,-2],[23,-69],[-49,11],[-128,9],[-8,62]],[[29824,49999],[68,18],[32,-96],[0,-27],[-17,-33],[-25,-9],[-25,20],[-33,127]],[[2932,41202],[29,-43],[-89,-82],[-34,-11],[-34,-5],[-42,40],[95,65],[14,-20],[61,56]],[[12803,56272],[51,-27],[-24,-17],[-50,-85],[-25,-10],[-32,8],[32,53],[48,78]],[[11647,55799],[-19,120],[0,16],[101,4],[14,7],[8,-11],[36,-96],[9,-21],[18,-15],[2,-12],[-116,35],[-17,-2],[-36,-25]],[[15563,53856],[-13,0],[-21,-27],[-5,13],[-3,14],[-4,20],[-9,12],[-40,37],[-14,15],[11,20],[14,14],[20,-2],[46,-61],[18,-55]],[[15135,54585],[-47,64],[1,27],[28,0],[91,-61],[1,-5],[-64,-30],[-10,5]],[[14387,55583],[-22,-24],[-81,62],[-38,11],[-89,95],[-69,69],[36,33],[174,-176],[26,-10],[63,-60]],[[4346,33781],[-4,20],[50,0],[4,-26],[45,-3],[0,-52],[-101,3],[6,58]],[[61524,5347],[27,-18],[44,-49],[32,-36],[-6,-18],[-48,0],[-23,10],[-21,21],[-44,36],[-5,24],[44,30]],[[70902,393],[56,-27],[2,-30],[-6,-33],[-33,-24],[-23,3],[-33,27],[1,40],[36,44]],[[32691,50149],[-30,30],[16,15],[5,33],[2,37],[6,39],[42,-3],[-21,-122],[-20,-29]],[[16739,53478],[-39,-63],[-45,37],[-37,29],[-56,36],[-4,16],[-2,26],[29,37]],[[16585,53596],[154,-118]],[[22989,52599],[99,-2],[-4,-68],[-95,11],[0,59]],[[32591,50834],[39,-13],[42,-30],[-59,-108],[-71,40],[34,95],[15,16]],[[61033,5809],[20,9],[33,-12],[26,-30],[-3,-30],[-36,-15],[-38,18],[-2,60]],[[42620,62949],[-49,4],[-32,24],[2,28],[11,22],[19,20],[27,5],[16,3],[26,-27],[0,-40],[-11,-23],[-9,-16]],[[0,35759],[31,94],[8,20],[9,9],[10,13],[14,9],[11,4],[10,1],[13,0],[17,-3],[57,-36],[-28,-39],[-36,-47],[-22,-16],[-20,-13],[-30,-1],[-24,0],[-20,5]],[[15551,53835],[28,18],[20,-22],[24,-41],[20,-63],[10,-39],[1,-23],[-22,-13],[-20,5],[-21,23],[-34,58],[-6,29],[0,24],[0,44]],[[35450,26744],[15,26],[25,0],[15,-22],[0,-10],[-6,-12],[-25,-10],[-24,28]],[[60291,6037],[59,-23],[-20,-52],[-61,23],[22,52]],[[50905,68142],[-67,-19],[-26,3],[-37,43],[9,24],[126,64],[38,26],[32,39],[21,-3],[-3,-29],[-24,-50],[-29,-19],[-26,-34],[0,-31],[-14,-14]],[[49268,74063],[77,-5],[33,-45],[0,-47],[-71,-28],[-50,-13],[-1,8],[12,130]],[[13659,56072],[22,24],[8,16],[13,36],[11,5],[19,-17],[28,-23],[17,-13],[21,-16],[28,-39],[16,-11],[17,-10],[23,-10],[26,-13],[8,-12],[7,-25],[6,-33],[-35,18],[-94,54],[-141,69]],[[30369,42715],[-31,-50],[-26,-118],[29,-7],[-10,-117],[-53,2],[-11,-92],[-97,4]],[[30170,42337],[36,402]],[[30206,42739],[163,-24]],[[30945,36788],[-30,-312],[-113,20],[-36,17],[-58,40],[-23,48],[-15,66],[4,57],[26,52],[39,30],[69,15],[137,-14],[0,-19]],[[30883,36527],[9,17],[0,17],[-8,18],[-16,15],[-15,4],[-17,0],[-17,-6],[-8,-8],[-1,-12],[-1,-14],[8,-23],[18,-11],[23,-6],[25,9]],[[31569,44618],[15,14],[51,-135],[81,-25],[131,-34],[44,-71],[78,-130],[124,-161],[81,-45],[-8,-14],[-10,-11],[-38,-9],[-37,-12],[-24,-11],[-14,-12],[-38,-41],[-32,-45],[-30,-53],[-65,-143],[-30,-89],[-12,-49],[1,-31],[6,-24],[10,-21],[17,-21],[25,-20],[49,-24],[46,-34],[24,-14],[50,-24],[16,-16],[3,-20],[-3,-27],[-15,-21],[-23,-26],[-17,-6],[-24,2],[-60,9],[-30,18],[-18,7],[-16,-7],[-48,-18],[-51,-21],[-55,-11],[-45,5],[-29,6],[-33,31],[-48,49],[-34,36],[-27,37],[-10,45],[1,28],[5,27],[10,39],[7,49],[-7,46],[-16,27],[-19,24],[-32,29],[-16,21],[-17,31],[-9,63],[3,41],[12,45],[11,37],[77,233],[95,201],[-25,181],[2,29],[-10,66]],[[32299,37564],[-22,-6],[-61,21],[-101,-19],[-9,-94],[33,-217],[-101,-153],[-37,-14],[-111,-34],[-19,-1],[-51,-1],[-52,12],[-17,3],[-9,-1],[-8,-12],[-23,-134],[-25,-73],[-8,-12],[-119,15],[-170,4],[-145,13],[-49,9],[-101,4],[-32,9],[-106,21],[-16,43],[-146,58],[-73,12],[-17,7],[-122,56],[-108,27],[3,15],[35,78],[23,69],[29,69],[26,64],[4,43],[-42,136],[-33,93],[-14,73],[-5,69],[20,17],[15,67],[117,71],[69,40],[91,49],[49,11],[6,43],[-3,22],[4,10],[24,29],[13,5],[49,5],[147,8],[79,-12],[66,-24],[53,-32],[71,-27],[86,23],[74,22],[63,87],[248,-46],[213,-45],[130,-62],[97,-56],[-21,-69],[-29,-43],[-3,-78],[16,-76],[14,-49],[48,-47],[-7,-95]],[[18709,41466],[-1,-8],[117,-177],[-123,-121],[-49,14],[-31,32],[16,36],[-26,24],[-80,101],[1,74],[54,31],[29,-21],[60,28],[33,-13]],[[31043,36457],[41,315],[679,-75],[45,-7],[21,-9],[23,-17],[21,-32],[11,-35],[5,-22],[-4,-26],[-11,-29],[-24,-35],[-41,-37],[-43,-33],[-54,-30],[-26,-8],[-28,-5],[-55,4],[-560,81]],[[30321,41226],[-2,-14],[-72,-91],[-19,1],[-54,15],[-67,0],[20,76],[8,32]],[[30135,41245],[186,-19]],[[26188,48503],[33,-45],[92,-8],[62,-3],[59,7],[61,-16],[18,-26],[69,-27],[26,-36],[12,-24],[42,-136],[41,-40],[16,-16],[157,-81],[10,-65],[7,-60],[-208,-111],[-227,-120],[-530,-267],[-51,4],[-79,11],[-86,3],[-121,53],[-5,49],[-15,34],[-31,19],[-8,55],[-35,21],[-7,28],[24,71],[39,62],[43,36],[70,101],[32,59],[0,55],[46,47],[62,46],[132,89],[137,203],[34,28],[79,0]],[[31740,40615],[142,-17],[118,-3],[148,-20],[76,-145],[-23,-110],[-12,-108],[-38,34],[-40,-33],[-15,-71],[-11,-74],[-3,-41],[-41,-71],[-84,-11],[-32,-29],[-143,83],[-86,56],[-102,6],[-309,40],[-180,2],[-51,15],[-5,60],[20,82],[-75,23],[-115,7],[-120,22],[-103,9],[-278,14],[7,87],[116,30],[47,114],[-92,29],[31,134],[172,-34],[25,24],[111,-12],[137,-56],[201,-18],[118,-24],[75,2],[67,39],[150,-23],[71,-4],[59,-5],[67,-3]],[[26421,37759],[-6,294]],[[26415,38053],[227,17]],[[26642,38070],[51,5]],[[26693,38075],[20,-292]],[[26713,37783],[-292,-24]],[[28019,45074],[-156,98],[-588,374],[-47,27]],[[27228,45573],[275,434],[31,51],[186,-84],[149,-48],[467,-191],[-24,-52],[42,-44],[-335,-565]],[[26421,37759],[-139,-12]],[[26282,37747],[-25,295]],[[26257,38042],[34,1]],[[26291,38043],[124,10]],[[27691,34125],[-357,-11]],[[27334,34114],[3,8],[25,205],[316,41],[13,-243]],[[26780,35952],[552,93]],[[27332,36045],[-6,-18],[22,-44],[64,4],[9,-23],[8,-75],[3,-23],[14,-10],[60,2],[-16,-63],[-15,-9],[-713,-140],[-18,0],[-3,9],[12,78],[27,219]],[[26957,40742],[-17,-312]],[[26940,40430],[-221,12],[-12,14],[1,20],[44,277]],[[26752,40753],[205,-11]],[[27341,40270],[-15,-103]],[[27326,40167],[-654,27]],[[26672,40194],[14,111]],[[26686,40305],[655,-35]],[[27326,40167],[-6,-36],[-12,-78]],[[27308,40053],[-651,32]],[[26657,40085],[11,70],[4,39]],[[27256,39711],[-87,-569],[-633,30],[-19,16],[87,560]],[[26604,39748],[652,-37]],[[27440,42594],[-60,46],[-242,5]],[[27138,42645],[301,320],[24,45],[20,29],[31,31],[46,18],[42,-1],[69,4],[55,-5],[-286,-492]],[[27440,42594],[-40,-67]],[[27400,42527],[-353,20]],[[27047,42547],[91,98]],[[27400,42527],[-55,-96]],[[27345,42431],[-390,19]],[[26955,42450],[92,97]],[[28149,43630],[-123,-68]],[[28026,43562],[-68,104]],[[27958,43666],[123,69],[11,2],[30,-43],[27,-64]],[[27841,43486],[185,76]],[[28026,43562],[50,-83]],[[28076,43479],[-189,-109],[-46,116]],[[27841,43486],[-36,94],[153,86]],[[28446,43085],[-362,30]],[[28084,43115],[111,59],[26,2],[121,-8],[54,0],[19,-3],[10,-11],[23,-37],[4,-19],[-6,-13]],[[26686,40305],[11,88],[657,-35],[-13,-88]],[[28011,43012],[379,-25]],[[28390,42987],[-5,-8],[-38,-68]],[[28347,42911],[-647,46]],[[27700,42957],[38,66],[249,-20],[24,9]],[[28347,42911],[-39,-68]],[[28308,42843],[-651,39]],[[27657,42882],[43,75]],[[28308,42843],[-50,-88]],[[28258,42755],[-69,-14]],[[28189,42741],[-593,34]],[[27596,42775],[61,107]],[[28258,42755],[-28,-51]],[[28230,42704],[-41,37]],[[28230,42704],[-38,-66]],[[28192,42638],[-650,42]],[[27542,42680],[54,95]],[[28192,42638],[-42,-74]],[[28150,42564],[-653,36]],[[27497,42600],[45,80]],[[28150,42564],[-16,-28],[-29,-53]],[[28105,42483],[-651,42]],[[27454,42525],[43,75]],[[28105,42483],[-51,-93]],[[28054,42390],[-653,42]],[[27401,42432],[53,93]],[[28054,42390],[-9,-17],[-47,-82]],[[27998,42291],[-650,47]],[[27348,42338],[53,94]],[[28858,42366],[-46,-81]],[[28812,42285],[-750,42]],[[28062,42327],[34,61],[18,30]],[[28114,42418],[744,-52]],[[28812,42285],[-41,-71]],[[28771,42214],[-748,46]],[[28023,42260],[39,67]],[[29799,42754],[-71,-126]],[[29728,42628],[-602,51]],[[29126,42679],[61,108]],[[29187,42787],[612,-33]],[[29728,42628],[-62,-111]],[[29666,42517],[-608,43]],[[29058,42560],[68,119]],[[29666,42517],[-65,-116]],[[29601,42401],[-604,52]],[[28997,42453],[61,107]],[[29601,42401],[-66,-116]],[[29535,42285],[-605,49]],[[28930,42334],[67,119]],[[30193,42587],[-23,-250]],[[30170,42337],[-13,-100]],[[30157,42237],[-570,44]],[[29587,42281],[200,343]],[[29787,42624],[406,-37]],[[30157,42237],[109,-18],[3,-81],[-30,-91],[-765,48],[110,180],[3,6]],[[29952,41392],[0,-1],[24,-2],[127,-12],[-33,-117]],[[30070,41260],[-701,87]],[[29369,41347],[19,122]],[[29388,41469],[564,-77]],[[29045,38308],[-95,-243],[-12,-12],[-576,40],[-8,4],[94,245]],[[28448,38342],[597,-34]],[[28570,36569],[-876,121]],[[27694,36690],[34,252],[712,-97],[154,-24],[-6,-72],[-5,-66],[-13,-114]],[[26815,36661],[-733,-119]],[[26082,36542],[-2,130],[-5,123],[-7,48],[-23,115],[-37,145],[-12,35],[-8,26]],[[25988,37164],[487,66]],[[26475,37230],[292,33],[3,-30],[40,-436],[8,-82],[-3,-54]],[[26282,37747],[-158,-12]],[[26124,37735],[-15,304]],[[26109,38039],[148,3]],[[26124,37735],[-125,-11]],[[25999,37724],[-87,306]],[[25912,38030],[134,7]],[[26046,38037],[63,2]],[[25912,38030],[-16,78]],[[25896,38108],[29,90],[126,-10],[-5,-151]],[[24757,44104],[1000,1548]],[[25757,45652],[13,-8],[253,-149],[101,-57],[67,-36],[38,-19],[83,-26],[35,-10],[22,-10],[11,-7],[2,-29],[-18,-75],[-1,-42],[-6,-36],[-2,-41],[7,-31],[12,-24],[7,-19],[-2,-53],[-21,-60],[-47,-85],[-20,-42],[-21,-17],[-44,-35],[-85,-52],[-78,-40],[-79,-27],[-91,-23],[-38,-42],[-62,-45],[-15,-17],[-28,-60],[-110,-120],[-67,-69],[-85,-70],[-71,-68],[-68,-67],[-28,-47],[-25,-51],[-31,-4],[-53,20],[-45,7],[-50,3],[-50,-3],[-54,-9],[-41,-8],[-24,9],[-28,15],[-32,5],[-19,7],[-33,20],[-24,33],[-15,32],[-18,22],[-20,11],[-2,1]],[[22314,48074],[-201,-59]],[[22113,48015],[-12,54],[-17,170],[-5,185],[-1,63],[12,53],[9,33]],[[22099,48573],[95,-62],[159,-59]],[[22353,48452],[-14,-37],[-6,-68],[-25,-91],[-2,-66],[2,-85],[6,-31]],[[22099,48573],[7,27],[23,78],[20,73],[15,97],[54,-20],[74,-11],[66,-13],[62,-39],[72,-3],[76,-15],[89,-9],[100,20],[50,-12],[61,2],[72,13],[66,3],[47,-18],[109,-50],[125,-53],[-6,-52],[-38,-15],[-73,-3],[-109,22],[-76,-4],[-65,11],[-71,-3],[-30,0],[-26,-11],[-78,-19],[-78,25],[-22,-19],[-60,-31],[-51,-19],[-34,-16],[-21,-11],[-32,-4],[-31,-7],[-22,-9],[-11,-26]],[[26080,37287],[11,103]],[[26091,37390],[362,51],[11,-101]],[[26464,37340],[-384,-53]],[[30070,41260],[-26,-92]],[[30044,41168],[-692,64]],[[29352,41232],[17,115]],[[28149,43630],[115,-271],[-10,-11],[-66,-45],[-7,8],[-105,168]],[[28644,41990],[-62,-103]],[[28582,41887],[-746,45]],[[27836,41932],[59,102]],[[27895,42034],[749,-44]],[[28916,42468],[-58,-102]],[[28114,42418],[56,98]],[[28170,42516],[746,-48]],[[21810,46074],[435,-154],[17,-15],[5,-161],[8,-140],[-5,-25],[-28,-124],[-35,-103],[-334,-710],[-128,-279],[-46,-108],[-37,-70],[-12,-1],[-37,13],[-38,15],[-13,23],[-6,43],[-3,35],[1,45],[3,61],[13,51],[23,94],[14,63],[16,77],[17,119],[6,113],[-4,51],[-17,62],[-18,46],[-20,39],[-17,53],[-18,41],[-1,38],[17,40],[21,48],[12,57],[-1,45],[-3,35],[-16,33],[-32,44],[-26,19],[-52,23],[-57,22],[-18,12],[-5,21],[6,40],[8,18],[26,27],[58,30],[55,2],[83,5],[93,13],[37,12],[27,26],[19,41],[16,64],[-20,96],[11,35]],[[29535,42285],[-92,-166],[-21,-15],[-17,-4],[-563,39],[-13,12],[6,16],[95,167]],[[28969,42561],[-53,-93]],[[28170,42516],[51,89]],[[28221,42605],[748,-44]],[[29852,42849],[-597,58]],[[29255,42907],[53,93]],[[29308,43000],[603,-45]],[[29911,42955],[-59,-106]],[[26747,44524],[4,60],[2,46],[4,57],[36,128],[28,70],[47,67],[79,134],[34,66],[12,8],[21,2],[23,-3],[740,-397],[28,-16],[7,-16],[-53,-92],[3,-33],[-85,-149],[-62,-87],[-12,-19],[-27,-20],[-12,-11],[-36,-47],[-165,-124],[-105,-84],[-72,-47],[-69,-60],[-151,-106],[-11,6],[-171,536],[-31,96],[-6,35]],[[24622,42860],[41,-27],[61,-30],[54,-46],[23,-26],[25,-14],[14,-15],[32,-37],[31,-42],[24,-35],[33,-35],[45,-45],[15,-27],[16,-16],[21,-16],[29,-25],[21,-27],[15,-41],[14,-39],[8,-15],[31,-23],[47,-29],[82,-53],[45,-28],[26,-20],[48,-45],[29,-42],[24,-52],[26,-43],[24,-55],[19,-37],[2,-27],[1,-29],[-19,-39],[-20,-46],[-18,-60],[-18,-30],[-14,-7],[-17,6],[-53,34],[-87,29],[-28,-44],[-52,-33],[-4,-9],[6,-11],[-17,-22],[-22,-25],[-37,15],[-12,-4],[-18,-8],[-21,1],[-52,25],[-7,19],[-16,15],[-35,24],[-22,14],[-45,20],[-35,24],[-64,41],[-44,56],[-49,34],[-49,63],[-66,82],[-37,46],[-31,51],[-21,50],[0,50],[3,45],[18,22],[6,46],[-10,32],[-7,36],[8,42],[2,26],[-3,76],[-17,34],[-23,9],[-52,24],[-38,23],[-39,30],[-32,33],[19,26],[36,16],[43,27],[58,50],[24,34],[63,69],[39,-20]],[[26212,49741],[35,0],[21,25],[95,-18],[90,-44],[102,-94],[128,-47],[126,-44],[20,-7],[112,-102],[4,-25],[-40,-66],[-155,-250],[-29,-21],[34,-36],[104,-85],[-13,-192],[-12,-154],[-29,-19],[-65,7],[-111,36],[-105,48],[-113,74],[-35,44],[-37,6],[-25,0],[-57,39],[-138,192],[-110,169],[-54,126],[-34,113],[-13,55],[10,31],[132,80],[20,31],[63,57],[79,71]],[[26594,37461],[-16,290]],[[26578,37751],[213,19],[-28,-47],[-20,-52],[0,-79],[8,-108],[-157,-23]],[[26434,37439],[-147,-22]],[[26287,37417],[-11,308]],[[26276,37725],[139,12]],[[26415,37737],[19,-298]],[[30252,41066],[25,-217],[135,-89],[-37,-178],[-44,-49],[-81,-30],[-70,-8],[15,154],[-97,4],[14,60],[-149,12],[82,115],[185,226],[22,0]],[[26991,47957],[87,-33],[141,-32],[20,-21],[15,-39],[47,-183],[17,-78],[5,-70],[-14,-68],[-49,-109],[-39,-88],[-19,-31],[-95,-124],[-104,-174],[-128,55],[-123,61],[-149,83],[-115,77],[-21,4],[-94,68],[-66,42],[-77,62],[-56,31],[-59,19],[-61,16],[5,39],[165,93],[345,176],[345,182],[77,42]],[[27280,42320],[-133,-230]],[[27147,42090],[-497,35]],[[26650,42125],[206,219]],[[26856,42344],[424,-24]],[[30044,41168],[-85,-278],[-19,-6],[-38,-1],[-34,-12]],[[29868,40871],[-562,54]],[[29306,40925],[46,307]],[[26080,37287],[-120,-22]],[[25960,37265],[-51,184],[-27,237],[56,9],[58,5]],[[25996,37700],[95,-310]],[[22352,47903],[-201,-61]],[[22151,47842],[-12,55],[-26,118]],[[22314,48074],[12,-64],[22,-96],[4,-11]],[[24757,44104],[-29,9],[-31,41],[-7,38],[-1,54],[-3,34],[-8,14],[-10,13],[-13,7],[-23,3],[-43,-11],[-42,-2],[-21,6],[-52,55],[-36,36],[-48,21],[-20,33],[-16,5],[-37,-3],[-13,6],[-28,45],[13,35],[5,47],[1,40],[-5,44],[-10,32],[-51,88],[-26,37],[-38,36],[-37,35],[-26,40],[-15,30],[-18,51],[-17,55],[-3,26],[4,17],[12,34],[28,86],[22,65],[49,105],[27,70],[25,56],[39,44],[21,34],[15,40],[6,32],[2,77],[2,68],[1,80],[6,90],[5,50],[7,41],[9,28],[30,72],[30,66],[61,98],[47,86],[32,58],[32,53],[38,57],[13,20],[20,9],[13,-7],[55,-65],[56,-81],[98,-139],[75,-107],[102,-131],[57,-56],[12,-11],[3,-12],[-42,-77],[68,-47],[18,5],[40,67],[123,-70],[447,-257]],[[27147,42090],[-250,-429],[-29,-40],[0,-29],[-12,-27],[-14,-18],[-29,-17],[-11,-19],[-4,-22],[-10,-49],[1,-41],[2,-39],[-2,-54],[-31,-182],[-668,43],[12,47],[156,344],[131,245],[227,285],[34,37]],[[26815,36661],[0,-2],[-21,-142],[-45,-267]],[[26749,36250],[-728,-112]],[[26021,36138],[54,270],[7,134]],[[28446,43085],[0,-1],[-56,-97]],[[28011,43012],[52,92],[21,11]],[[30797,43234],[-56,-108]],[[30741,43126],[-646,43]],[[30095,43169],[56,104]],[[30151,43273],[646,-39]],[[31461,38929],[-29,-20],[-28,-20],[-32,-22],[-37,-49],[-23,-60],[-54,-67],[-160,-195]],[[31098,38496],[-26,-26],[-206,-207],[-7,-7],[-18,3],[-46,50],[-161,199],[-35,24],[-40,45],[-15,18],[-28,28],[345,322],[71,61],[44,28],[47,25],[66,40],[51,24],[56,33],[47,33],[55,40],[58,54],[44,40],[69,60],[76,62],[89,44],[175,75],[153,55],[91,22],[52,-14],[126,3],[16,-40],[47,-135],[7,-23],[8,-16],[-109,-7],[-69,-32],[-41,-5],[-43,-8],[-74,-15],[-89,-41],[-89,-58],[-53,-29],[-29,-38],[-38,-38],[-47,-78],[-40,-56],[-27,-31],[-100,-51]],[[29198,42962],[-745,46]],[[28453,43008],[35,61],[13,8],[732,-37],[5,-8],[-40,-70]],[[21030,44489],[155,54],[144,-179],[19,-73],[22,-78],[7,-75],[2,-55],[-55,-30],[-44,-74],[8,-133],[-52,-22],[-51,-2],[-72,15],[-73,31],[-25,18],[23,67],[42,30],[3,37],[-47,13],[-35,-22],[-39,-60],[-123,49],[-26,128],[62,42],[-59,55],[-31,81],[-24,82],[-62,48],[-103,-1],[-94,15],[-66,54],[-75,95],[-34,73],[-12,88],[91,7],[-102,116],[-29,48],[-27,67],[-14,56],[18,90],[10,77],[40,107],[62,70],[117,54],[14,-65],[79,-6],[26,-55],[45,-13],[61,25],[47,-1],[24,-55],[-27,-70],[-45,-70],[-42,-59],[-28,-73],[-21,-85],[71,-108],[22,-65],[24,-58],[56,-43],[39,-30],[79,-1],[125,-131]],[[22352,47903],[27,-72],[7,-68],[57,-113],[23,-63],[20,-54],[36,-63],[34,-97],[40,-78],[-5,-55],[-283,-37],[-51,2],[-24,32],[-2,38],[-2,61],[-9,127],[-15,95],[-42,228],[-12,56]],[[29852,42849],[-53,-95]],[[29187,42787],[68,120]],[[28570,36569],[-2,-24],[-9,-80],[6,-31],[-7,-40],[14,-62],[-31,-32],[-45,-78],[-29,-50],[-49,-107],[-37,-55],[-35,-60],[-35,-39],[-43,-51],[-59,-67],[-37,-39],[-31,-21],[-35,-12],[-95,-14],[-222,-37],[-28,0],[-45,11],[36,134],[31,115],[3,41],[-65,59],[35,258],[7,136],[0,68],[-97,-14],[6,60],[22,152]],[[26780,35952],[49,395]],[[26829,36347],[760,103]],[[27589,36450],[-25,-179],[-136,-13],[-1,-23],[-29,-7],[-9,-9],[-11,-41],[-22,-55],[-18,-62],[-6,-16]],[[27691,34125],[182,4],[0,40],[0,34],[116,7],[3,-79],[-16,-302],[-11,-88],[-81,-33],[-57,-1],[-250,31],[-252,22],[-99,3],[64,188],[44,163]],[[26287,37417],[-154,-22]],[[26133,37395],[-7,316]],[[26126,37711],[150,14]],[[30199,42662],[-6,-75]],[[29787,42624],[35,61]],[[29822,42685],[377,-23]],[[32378,47415],[-512,80]],[[31866,47495],[54,92]],[[31920,47587],[465,-56],[0,-88]],[[32385,47443],[-7,-28]],[[32378,47415],[-6,-24]],[[32372,47391],[-37,-84],[-534,76]],[[31801,47383],[65,112]],[[30700,45455],[752,-558]],[[31452,44897],[-2,-37],[-4,-104],[-7,-23],[-14,-13],[-26,-23],[-60,-33],[-82,-33],[-43,-23],[-65,-51],[-95,-70]],[[31054,44487],[-505,383]],[[30549,44870],[22,51],[27,34],[11,39],[14,44],[-12,19],[-99,71],[88,157],[88,149],[12,21]],[[30700,45455],[72,121],[37,54],[136,247],[158,274],[20,9],[169,-80],[63,-49],[94,-70],[17,-19],[8,-21],[-6,-390],[-15,-546],[-1,-88]],[[26829,36347],[25,161],[34,159],[5,95]],[[26893,36762],[746,91]],[[27639,36853],[3,-23],[-53,-380]],[[29561,37178],[-251,-433],[-3,-17]],[[29307,36728],[-18,-16],[-57,-46],[-35,-11],[-163,-33],[-84,161],[17,54],[32,43],[36,43],[30,21],[23,-5],[34,16],[23,21],[21,46],[40,28],[40,47],[94,-8],[96,-10],[20,14],[0,23],[19,38],[31,31],[55,-7]],[[23749,48095],[-36,-51],[-15,-48],[-34,-105],[-3,-101],[-10,-134],[-21,-80],[-23,-25],[-84,-29],[-87,75],[-74,38],[-153,-54],[-132,47],[-62,48],[-103,68],[-32,53],[-54,-12],[-67,-36],[-50,-13],[-71,2],[-75,18],[-58,5],[-42,6],[-32,40],[-17,48],[-39,122],[-30,72],[41,-4],[67,-38],[37,-7],[0,49],[56,-29],[16,-53],[30,-23],[37,-4],[30,36],[-11,56],[-17,40],[-14,42],[-32,23],[-41,10],[-25,19],[-26,35],[-4,35],[8,28],[11,41],[23,23],[26,-2],[46,-13],[36,-26],[33,-5],[51,5],[41,7],[72,15],[80,7],[71,-5],[135,-49],[61,-23],[57,-7],[82,-16],[48,4],[75,-30],[67,-11],[51,-7],[43,-19],[45,-3],[36,-18],[37,-9],[25,-28]],[[28754,34066],[5,-19],[-27,-43],[-1,-24],[-7,-67],[-14,-53],[11,-25],[0,-38],[-3,-59],[-4,-39],[-4,-32],[-10,-11],[-30,32],[-25,27],[-21,12],[-25,1],[-26,0],[-23,11],[-44,24],[-26,26],[-33,25],[-22,11],[-15,4],[-4,9],[-14,8],[-8,7],[-18,10],[-37,1],[-27,4],[18,30],[6,24],[2,26],[-15,17],[-27,31],[-29,27],[2,14],[10,25],[5,22],[8,31],[2,25],[2,18],[76,-56],[33,-28],[17,-16],[7,-8],[15,-7],[10,3],[4,22]],[[28448,34068],[72,19],[116,12],[51,-15],[67,-18]],[[26390,38523],[-40,-314],[-310,28],[-36,30],[-54,-1],[78,274],[33,4],[329,-21]],[[25999,37724],[-65,-5],[-70,-6],[-11,71],[-8,83],[3,124],[15,110],[15,9],[18,-2]],[[19010,41459],[11,-19],[-129,-130],[-16,21],[-30,40],[13,72],[2,20],[-4,24],[-10,18],[-5,7],[14,5],[5,-12],[24,17],[38,31],[87,-94]],[[17011,40163],[79,-26],[189,-74],[46,-88],[119,119],[150,-16],[-35,-42],[-75,-140],[15,-42],[21,-61],[5,-115],[-50,-9],[-49,15],[-81,-29],[-28,-38],[7,-75],[160,-11],[98,-29],[42,-78],[23,-105],[17,-86],[-33,-180],[-614,-363],[-32,55],[-15,218],[-81,-4],[-7,-193],[16,-140],[-204,24],[-255,-136],[-56,6],[-68,108],[-91,103],[-75,76],[-140,131],[213,101],[299,108],[13,-143],[232,-24],[15,123],[-109,228],[119,99],[-95,86],[-46,-149],[-219,267],[-78,120],[-96,-14],[-86,26],[-130,156],[-60,113],[-54,123],[-112,66],[-91,34],[-32,67],[181,112],[83,-55],[23,80],[104,29],[164,-29],[8,-271],[81,-118],[143,97],[-66,328],[279,151],[235,-202],[54,-3],[194,-72],[-50,-60],[-7,-60],[-186,5],[-4,-37],[83,-57]],[[21496,45341],[-16,-3],[-80,174],[-5,11],[17,17],[46,7],[36,-2],[30,-14],[39,-27],[12,-60],[-23,-55],[-25,-26],[-31,-22]],[[30151,43273],[51,96],[265,-55],[330,-80]],[[21812,48918],[-24,11],[-27,15],[-44,42],[-33,34],[-39,48],[-18,51],[6,62],[17,30],[46,33],[48,40],[29,13],[21,22],[9,32],[-4,45],[-7,56],[4,83],[-56,208],[19,71],[63,175],[57,133],[36,84],[29,117],[47,118],[11,16],[4,28],[-9,79],[-9,39],[-30,64],[-5,26],[3,26],[15,35],[40,69],[54,82],[10,34],[-20,18],[-8,26],[-5,38],[7,73],[31,76],[6,35],[-5,27],[-19,53],[-25,51],[-45,65],[-22,50],[-37,151],[-5,43],[-2,55],[6,34],[7,37],[16,20],[9,2],[37,-34],[59,-39],[91,-51],[94,-55],[42,-21],[16,26],[22,17],[49,15],[60,10],[38,20],[79,75],[60,68],[56,56],[71,67],[81,86],[38,59],[48,51],[40,71],[12,46],[4,19],[8,5],[54,0],[63,10],[38,-1],[-89,-491],[-11,-29],[-49,-61],[-2,-14],[16,-17],[-23,-35],[-58,-52],[-33,-35],[-47,-66],[-51,-30],[-83,-23],[-82,-19],[-62,-29],[-70,56],[-15,0],[-10,-29],[-36,-71],[-14,-89],[-36,-96],[-36,-148],[-49,-218],[-35,-172],[-34,-211],[-30,-333],[-14,-372],[-7,-247],[-23,-194],[-31,-109],[-9,-161],[-2,-43],[-26,-41]],[[22073,48914],[-261,4]],[[30206,42739],[-7,-77]],[[29822,42685],[48,82]],[[29870,42767],[336,-28]],[[26655,40401],[-26,-226],[-146,-1001],[-339,17],[-53,231],[-77,323],[-25,182],[-44,295],[4,220],[706,-41]],[[30583,42820],[-58,-113],[-156,8]],[[29870,42767],[59,100]],[[29929,42867],[654,-47]],[[28720,37755],[60,-12],[-60,-186],[-85,-197],[-43,-79],[-51,-12],[-48,-226],[18,-24],[-31,-107],[-21,-14],[-23,-2],[-697,96],[96,685],[562,50],[323,28]],[[26809,37543],[117,18],[460,79],[381,65]],[[27767,37705],[3,-102],[-439,-81],[19,-163],[391,53],[-87,-534],[-15,-25]],[[26893,36762],[-18,100],[-30,249],[-45,231],[-3,87],[23,32],[-11,82]],[[26957,40742],[447,-24]],[[27404,40718],[-41,-295],[-11,-15],[-412,22]],[[27308,40053],[-52,-342]],[[26604,39748],[53,337]],[[22578,45227],[-85,-270],[-54,-136],[-26,-59],[-79,-125],[-16,-27],[-77,-168],[-16,-44],[-74,-234],[-38,-117],[-9,-34],[-8,-10],[-66,-67],[-8,-13],[-67,-39],[-80,-64],[-130,-92],[-31,-21],[-53,-56],[-79,-71],[-94,-33],[-86,-22],[-22,2],[-11,15],[-5,12],[7,27],[15,12],[65,33],[35,24],[34,39],[33,42],[30,68],[49,111],[39,93],[80,183],[63,128],[70,148],[124,290],[45,90],[48,101],[109,253],[65,149],[7,9],[11,7],[19,2],[25,-6],[227,-101],[8,-11],[6,-18]],[[30554,29563],[117,-106],[79,-95]],[[30750,29362],[-71,-119],[-27,-50],[16,-107],[-1,-115],[28,-35],[-34,-29],[-20,-12],[-4,1],[-12,15],[-13,37],[-11,94],[-4,92],[-36,213],[-10,78],[-2,57],[5,81]],[[30543,29574],[-83,74],[-1,75],[-32,35],[12,114],[101,35],[62,-19],[-19,-44],[-26,-41],[-6,-92],[-3,-75],[-5,-62]],[[27962,46279],[50,152],[12,71],[8,65],[23,51],[35,55],[37,-8],[42,25],[-10,41],[54,109],[26,-2],[44,53],[39,33],[58,14],[30,37],[54,63],[88,114],[35,49],[82,137],[597,-293],[-651,-989],[-201,-326],[-64,33],[-19,-16],[-236,88],[-212,91],[11,169],[19,53],[49,131]],[[26856,42344],[99,106]],[[27345,42431],[-65,-111]],[[26133,37395],[-42,-5]],[[25996,37700],[130,11]],[[28723,35906],[-16,37],[-37,157],[-28,102],[-11,70],[-6,70],[22,10],[50,56],[122,110],[31,31],[18,12],[25,6],[63,12],[63,14],[40,-98],[135,-261],[120,-263],[0,-60]],[[29314,35911],[-216,0],[-251,12],[-75,1],[-49,-18]],[[28448,38342],[115,301]],[[28563,38643],[582,-23]],[[29145,38620],[13,-23],[-113,-289]],[[28771,42214],[-39,-68]],[[28732,42146],[-743,53]],[[27989,42199],[34,61]],[[44442,24119],[188,-161]],[[44630,23958],[2,-63],[-17,0],[-11,-9],[-7,-15],[-33,-24],[-23,0],[-17,-7],[-20,3],[-25,-19],[-57,-65],[-38,-31],[-44,-8],[-38,-5],[-30,-8],[-14,-10],[-4,-13],[-13,-2],[-40,-8],[12,19],[20,26],[17,34],[20,52],[18,52],[17,67],[9,33],[50,48],[68,-65],[38,51],[-40,32],[29,26],[-48,42],[31,28]],[[42233,21988],[-146,-140],[0,-18],[4,-48],[2,-121],[-10,-23],[-80,-52],[-18,-6],[-31,14],[-37,34],[-23,36],[-48,53],[-38,20],[-14,0],[-27,-10],[-116,-94],[-51,-39],[-46,-39]],[[41554,21555],[-64,-54],[-25,-31],[-11,-5],[-32,0],[-226,38],[-194,25],[-148,20],[-73,21],[-38,10]],[[40743,21579],[-17,25],[-7,22],[5,31],[49,69],[33,36],[50,28],[55,19],[115,48],[107,53],[116,70],[84,71],[52,58],[29,13],[30,29],[20,56],[3,40],[2,79],[-19,112],[-30,84],[-13,34],[-7,38],[-2,27],[-2,27],[30,46],[25,25],[23,36],[10,24]],[[41484,22779],[749,-791]],[[41665,22095],[-7,-10],[0,-21],[-4,-15],[-6,-5],[-18,8],[-13,21],[-11,5],[-11,-11],[-14,4],[-7,-18],[-7,-23],[-8,-11],[-14,1],[-7,-5],[7,-24],[14,-16],[6,-11],[1,-12],[13,-19],[9,-7],[24,2],[7,11],[-1,20],[14,10],[18,3],[25,5],[23,14],[18,26],[35,46],[14,31],[-5,15],[-17,6],[-12,-6],[-10,-2],[-9,14],[-14,32],[-19,23],[-21,0],[-22,34],[-37,4],[-27,-43],[23,-23],[46,6],[24,-31],[9,-28],[-9,0]],[[50254,65818],[5,11],[79,114],[36,65],[28,21],[14,8],[5,14],[7,44],[33,60],[12,6],[18,-1],[26,-16],[15,-7],[36,-3],[20,-9],[16,-20],[8,-25],[13,-15],[22,-24],[8,-16],[-5,-22],[7,-13],[34,-32],[27,-24],[3,-12],[0,-13],[-21,-50],[-61,-119],[-18,-38],[-22,-49],[-10,-35],[0,-32],[8,-29],[17,-57],[9,-29],[1,-63],[4,-72],[10,-110],[-3,-31],[-5,-33],[4,-58],[-13,-28],[-10,-18],[0,-22],[-4,-22],[-12,-37],[-11,-34],[-20,-30],[-42,-25],[-20,-5],[-32,-1],[-13,4],[-23,37],[-25,58],[-14,55],[-37,21],[64,44],[29,49],[-45,31],[-27,19],[-13,36],[-11,10],[-25,21],[-13,36],[-18,33],[-27,53],[-48,86],[36,104],[89,95],[44,41],[-8,60],[-43,-14],[-39,-19],[-28,-39],[-27,-36],[-21,-5],[-21,-6],[-13,-11],[-8,-19],[-15,-59],[-17,-45],[-9,-21],[3,-21],[-8,-12],[-11,-4],[-8,-8],[6,-34],[4,-30],[-7,-26],[-14,-15],[-22,-3],[-30,8],[-16,6],[-6,12],[0,7],[29,92],[44,71],[44,85],[47,79],[34,67],[20,42],[1,1]],[[42489,40095],[21,107],[240,-64],[58,1],[77,13]],[[42885,40152],[38,-60],[1,-27],[-5,-16],[13,-67],[17,-35],[17,-29],[-1,-19],[-13,-20],[-13,-17],[-19,-14],[-25,3],[-37,-3],[-84,-8],[-31,-4],[-19,-13],[-12,-23],[-68,0],[-288,-5],[-456,-4],[-270,-5],[-6,27],[33,99],[5,20],[51,187],[7,33],[0,9],[16,-2],[15,-19],[11,-11],[22,-9],[24,-9],[76,-18],[92,-15],[82,-21],[65,-17],[22,-16],[25,-11],[28,-13],[61,-24],[55,-20],[77,-22],[45,25],[63,4],[25,24],[1,20],[-42,33],[0,28],[6,27]],[[71858,37],[-31,11],[-6,15],[-29,21],[1,51],[77,-24],[116,-24],[50,135],[17,19],[19,40],[127,-69],[-138,-212],[-92,5],[-55,16],[-56,16]],[[42613,62335],[-26,57],[-8,36],[-14,22],[-85,136],[-3,28],[192,206],[30,14],[53,-58],[3,-20],[-23,-16],[11,-38],[73,-83],[44,-37],[43,-20],[28,9],[-10,32],[-89,122],[-28,65],[-9,44],[11,30],[20,27],[44,21],[13,2],[25,-9],[38,-53],[39,-96],[29,-54],[37,-33],[9,13],[23,-15],[53,-51],[-4,-11],[20,-13],[12,2],[58,-49],[4,-16],[-81,-121],[-120,-101],[-28,20],[-25,18],[-39,-2],[-46,-21],[-31,-39],[9,-20],[30,-27],[8,-40],[-35,-16],[-36,7],[-77,12],[-20,24],[-87,60],[-33,7],[-2,45]],[[36267,32490],[-54,-41],[-27,-52],[-8,-52],[14,-43],[25,-1],[20,27],[21,23],[28,17],[70,-73],[155,-94],[143,-81],[76,4],[70,16],[61,38],[45,24],[57,52],[158,-174],[-121,-85],[-238,-225],[-48,43],[-54,36],[-35,29],[-13,-13],[-11,-56],[1,-87],[9,-53],[30,-97],[-161,-131],[-61,4],[-71,-5],[-66,3],[-42,39],[-49,-3],[-39,-17],[-48,-41],[-97,-47],[-181,-10],[34,119],[3,67],[71,74],[-36,34],[9,83],[42,85],[65,18],[22,57],[46,68],[-4,113],[-19,89],[2,36],[42,-30],[46,12],[14,61],[-35,42],[-15,68],[-43,14],[-69,42],[-107,107],[-73,125],[56,20],[67,12],[68,2],[95,28],[47,23],[75,105],[54,-60],[38,-61],[21,-86],[3,-49],[-70,-72],[-8,-20]],[[43297,23225],[-29,21],[-140,119],[-48,29],[-22,-21],[-18,-21],[-12,-4],[-16,7],[-3,15],[0,20],[3,19],[20,24],[-107,70]],[[42925,23503],[10,26],[15,8],[14,12],[8,20],[0,18],[1,10],[39,7],[39,22],[24,14],[28,19],[15,15],[3,26],[-11,10],[-17,0],[-33,-4],[-26,2],[-42,-17],[-22,-11],[-18,1],[-51,-15],[-38,-9],[-21,3],[-16,37],[-6,6],[-21,3],[-9,-18],[9,-25],[-9,-6],[-30,-2],[-11,-2],[-21,8],[4,12],[11,9],[14,7],[17,19],[205,228],[132,136],[60,55],[25,4],[93,6],[109,8],[139,12],[115,13],[162,18],[10,1],[-16,-38],[-28,-50],[-10,-33],[14,-10],[23,20],[23,37],[18,33],[11,25],[12,21],[5,1],[28,1],[16,0],[49,64],[17,13],[19,3],[149,-49],[3,-8],[-7,-55],[-28,-104],[-14,-50],[-20,-17],[-7,-36],[-6,-28],[-49,-38],[-70,-37],[-40,6],[-23,-12],[-27,1],[-21,-20],[-10,-25],[-68,-24],[-19,0],[-37,-23],[-12,-22],[-82,-56],[-9,-23],[-23,-44],[-146,-244],[-85,-131],[-37,-13],[-20,1]],[[43205,23621],[64,9],[85,37],[41,14],[-15,15],[-41,9],[-39,-14],[-48,-8],[-38,-41],[-9,-21]],[[50932,65023],[-151,-117],[-75,35],[-29,34],[13,32],[27,66],[46,104],[26,77],[33,56],[77,68],[53,67],[48,47],[36,-6],[47,-18],[57,-75],[-70,-190],[-26,-35],[-118,87],[-43,16],[-8,-19],[10,-11],[66,-50],[68,-55],[-87,-113]],[[43297,23225],[-17,-24],[-56,-50],[-41,-69],[-53,-102],[-106,-168],[-37,-58],[-42,-31],[-111,96],[-52,45],[-86,-66]],[[42696,22798],[-390,414]],[[42306,23212],[6,7],[-4,16],[-20,24],[41,30],[32,26],[28,27],[122,59],[86,45],[53,16],[17,26],[-33,46],[92,22],[41,29],[21,-29],[-12,-18],[-20,-30],[17,-21],[28,2],[28,-23],[15,-34],[-12,-33],[14,-35],[14,17],[17,42],[22,6],[31,-5],[7,22],[-14,16],[-8,18],[10,23]],[[42593,22198],[-721,688],[-4,70]],[[41868,22956],[44,34],[70,49],[75,43],[120,60],[44,47],[37,2],[48,21]],[[42696,22798],[24,-22],[-11,-12]],[[42709,22764],[-53,-58],[-35,-39]],[[42621,22667],[-14,-11],[25,-41],[68,-49],[-28,-50],[40,-23],[24,46],[21,-15],[16,-16],[-42,-67],[-64,-132],[-32,-75],[-13,-30],[-29,-6]],[[60641,6540],[-9,138],[30,4],[46,3],[-6,66],[8,1],[84,-2],[6,-109],[85,-1],[-4,115],[24,-5],[10,-12],[-2,-76],[2,-35],[10,-41],[18,-43],[-10,-12],[-27,3],[-11,67],[-15,21],[-28,-3],[-3,-81],[-88,5],[-120,-3]],[[46049,62243],[1,24],[19,31],[159,263],[77,37],[109,79],[66,64],[11,7],[33,-5],[43,-7],[33,-24],[84,-12],[277,60],[105,42],[-3,83],[50,46],[54,0],[75,69],[105,97],[87,74],[78,129],[354,377],[35,32],[42,42],[44,28],[33,10],[41,-4],[25,-15],[16,-26],[23,-39],[34,-52],[24,-54],[19,-46],[12,-41],[7,-49],[1,-35],[1,-29],[-12,-34],[-16,-13],[-18,-16],[-4,-27],[0,-19],[-4,-20],[-1,-23],[2,-22],[20,-60],[8,-31],[-2,-22],[-14,-23],[-13,-31],[-6,-38],[1,-29],[4,-49],[2,-61],[1,-80],[-12,-87],[-3,-18],[3,-16],[30,-52],[-10,-18],[-23,-8],[-13,-3],[-11,-7],[-22,-44],[-19,-29],[-37,-51],[-63,-57],[-112,-77],[-75,-34],[-18,-5],[-68,-15],[-140,-32],[-55,-10],[-110,-17],[-131,-15],[-102,-15],[-153,-14],[-132,-9],[-33,-1],[-21,6],[-51,22],[-42,14],[-36,3],[-38,-4],[-43,-7],[-86,9],[-77,14],[-67,28],[-26,7],[-27,0],[-24,-7],[-26,-23],[-17,-27],[-21,-14],[-37,-11],[-60,13],[-75,23],[-32,18],[-7,12]],[[60483,6322],[11,70],[0,45],[14,-14],[17,-24],[19,-2],[-1,-42],[-2,-30],[-7,-31],[-52,12],[1,16]],[[60381,6067],[-12,0],[-9,-6],[-6,-3],[-32,8],[-20,23],[6,35],[8,21],[14,10],[17,3],[15,-3],[-9,-17],[-1,-17],[13,-13],[17,24],[13,-12],[11,-2],[48,-16],[6,-15],[-9,-36],[-7,-14],[-31,14],[-32,16]],[[31383,54556],[93,-11],[568,-77],[-11,-34],[-81,-373],[-56,-270],[-42,-307],[-43,-305],[-31,-237],[-60,-459],[-14,-180],[-9,-15],[-236,-24],[-19,11],[-78,492],[-50,340],[-51,316],[-10,59],[-11,83],[-2,71],[2,42],[114,848],[27,30]],[[33948,54335],[36,89]],[[33984,54424],[25,59],[118,-10],[40,-24],[35,43],[46,5],[37,40],[25,19],[29,-2],[35,-24],[3,-56],[-29,-284],[-64,-38],[-99,13],[-17,-17],[-194,39],[-39,30],[13,118]],[[51236,73364],[71,1],[37,-38],[3,-38],[42,-37],[90,-41],[22,-26],[-1,-10],[-9,-42],[-290,-755],[-53,8],[-88,36],[-388,181],[-156,61],[-18,9],[-15,24],[-54,33],[4,60],[12,82],[12,64],[24,63],[40,71],[28,92],[15,48],[12,21],[50,17],[143,31],[261,49],[126,26],[80,10]],[[50627,70806],[5,179],[14,80],[144,260],[47,88],[5,112],[17,25],[42,-23],[77,-25],[58,-30],[56,-35],[49,-43],[49,-54],[18,-27],[25,-48],[21,-46],[12,-55],[5,-64],[5,-81],[-11,-256],[-8,-109],[-28,-40],[-51,-28],[-15,0],[-434,176],[-27,-2],[-50,35],[-25,11]],[[51894,71753],[-219,83],[-61,63],[-120,141],[-22,164],[2,38],[52,150],[54,145],[82,266],[36,87],[36,72],[40,77],[38,62],[35,63],[20,26],[30,31],[22,32],[21,21],[20,14],[20,30],[25,67],[11,42],[-2,20],[-5,17],[-38,63],[-11,27],[-11,18],[-2,25],[30,88],[48,136],[35,94],[24,81],[14,66],[25,73],[42,96],[32,57],[61,97],[211,-125],[42,-21],[24,-11],[22,-13],[8,-28],[0,-25],[-13,-54],[0,-8],[-20,-85],[-9,-43],[-4,-40],[2,-48],[6,-28],[9,-30],[8,-38],[20,-37],[20,-34],[25,-38],[19,-23],[19,-13],[13,-23],[4,-29],[-2,-26],[7,-26],[5,-20],[0,-22],[-11,-19],[-17,-11],[-26,0],[-29,5],[-19,5],[-14,-2],[-32,-102],[-86,-253],[-23,-50],[-23,-57],[-53,-128],[-77,-192],[-256,-648],[-114,-292]],[[28497,50416],[-12,-12],[-5,-21],[-98,-51],[-18,16],[-20,1],[-56,-31],[-3,-13],[-2,-30],[-36,-24],[-36,51],[-24,22],[-13,1],[-17,1],[-283,292],[-129,134],[-37,36],[-82,81],[-48,49],[-173,173],[-22,23],[-9,16],[-12,47],[0,19],[8,34],[13,26],[14,18],[13,13],[49,20],[32,9],[16,1],[15,-3],[12,1],[38,69],[45,69],[6,20],[-7,18],[-17,15],[-71,41],[-10,8],[-6,24],[3,17],[52,116],[20,12],[12,-1],[136,-58],[235,-115],[225,-114],[305,-138],[265,-126],[357,-174],[17,-23],[4,-24],[7,-36],[15,-51],[36,-109],[14,-46],[2,-37],[-6,-10],[-13,0],[-25,20],[-34,9],[-23,-11],[-15,-12],[-15,-15],[-8,-12],[-11,-21],[-2,-19],[5,-22],[16,-39],[-2,-14],[-134,-106],[-44,-27],[-9,0],[-23,8],[-37,81],[-6,10],[-37,38],[-94,70],[-63,18],[-2,-3],[-82,-45],[-15,-123],[-41,-31]],[[28037,50956],[-66,-69],[2,-32],[66,-92],[19,-9],[18,-3],[14,6],[79,75],[25,5],[45,-22],[15,1],[24,7],[14,9],[7,26],[18,144],[-2,20],[-4,18],[-9,13],[-13,13],[-20,13],[-11,2],[-63,11],[-170,28],[-20,-2],[-16,-9],[-13,-13],[-7,-17],[-10,-27],[3,-20],[5,-16],[28,-43],[10,-6],[32,-11]],[[28211,50642],[20,-19],[38,-23],[18,-21],[29,-4],[66,-5],[57,10],[39,8],[10,17],[-1,27],[-10,28],[-13,20],[-18,17],[-15,21],[-21,19],[-15,26],[-31,8],[-40,1],[-27,0],[-29,-7],[-21,-6],[-28,-18],[-13,-33],[0,-36],[5,-30]],[[30985,50947],[16,-17],[2,-12],[-17,-69],[-14,-42],[-33,-29],[-13,-14],[-23,-71],[-11,-42],[-8,-12],[-51,-6],[-28,2],[-82,26],[-54,12],[-25,-3],[-15,-4],[-11,-13],[-22,-8],[-13,4],[-39,88],[-24,37],[-96,143],[-304,491],[-6,11],[1,11],[25,92],[99,312],[11,29],[-56,5],[-102,20],[-32,-114],[-18,-6],[-24,2],[-10,5],[-36,-5],[-42,-10],[-13,3],[-262,406],[0,24],[44,50],[-13,45],[-13,4],[-9,6],[-74,94],[-8,21],[-1,13],[14,46],[7,38],[9,47],[-2,79],[-7,71],[-4,41],[5,12],[10,6],[10,1],[141,-38],[165,-50],[24,-29],[23,7],[19,0],[16,-5],[22,-12],[468,-97],[19,-7],[17,-16],[68,-92],[50,-46],[74,-72],[32,-25],[24,-24],[59,-32],[42,-20],[61,-37],[20,-9],[30,-8],[24,-1],[10,3],[14,11],[350,26],[17,-15],[4,-10],[34,-224],[17,-96],[7,-61],[-9,-22],[-8,-11],[11,-18],[0,-16],[-16,-57],[-63,-175],[-164,-458],[-155,64],[1,35],[-3,12],[-20,-11],[-24,-8],[-63,-12],[-21,2],[-20,-6],[-18,-19],[-12,-26],[-35,-48],[-3,-10],[-356,85],[-1,-24],[368,-89],[122,-29]],[[16699,52689],[74,10],[110,21],[106,20],[36,0],[77,-6],[44,-22],[25,-30],[17,-40],[7,-15],[37,-36],[20,-80],[50,-83],[95,-257],[83,-116],[41,-112],[42,-86],[55,-40],[-6,-67],[-29,-29],[-256,74],[-28,-7],[92,-23],[260,-77],[74,-53],[30,-16],[12,-16],[87,-187],[33,-62],[44,-85],[42,-67],[15,-77],[19,-33],[19,-14],[16,-69],[-105,3],[5,-85],[81,-30],[-9,-96],[-98,1],[-553,23],[-88,13],[-32,8],[-113,39],[-24,13],[-29,-2],[-13,32],[-9,187],[-10,107],[-7,78],[-33,198],[-33,147],[-32,206],[16,38],[42,-1],[8,14],[-21,6],[-53,18],[-47,9],[-30,171],[-33,168],[-15,67],[0,53],[-26,54],[-15,54],[-31,59],[-26,53],[-15,40],[5,35]],[[16072,52718],[14,18],[24,15],[148,70],[57,28],[44,16],[51,30],[27,26],[33,33],[42,5],[57,-93],[103,-191],[-3,-21],[9,-17],[18,-22],[15,-46],[37,-62],[23,-91],[8,-106],[12,-42],[15,-15],[66,-313],[17,-76],[40,-146],[41,-244],[14,-62],[15,-69],[14,-73],[20,-184],[6,-140],[-7,-26],[-23,-11],[-49,8],[-235,64],[-347,103],[-34,267],[16,24],[51,5],[58,0],[27,26],[-3,120],[19,5],[0,26],[-22,17],[-18,17],[-66,-1],[7,-131],[-83,6],[-11,109],[-37,285],[-23,221],[-21,170],[-21,117],[-32,82],[-22,67],[-19,44],[-24,31],[-48,127]],[[31585,56587],[130,-18],[32,-14],[-1,-101],[-13,-84],[124,-24],[74,-95],[75,67],[80,-87],[68,-140],[90,-221],[61,-127],[9,-109],[3,-200],[-36,-177],[-96,-349],[-91,-285],[-358,69],[-386,71],[48,490],[95,745],[92,589]],[[28318,55767],[170,-156],[56,-67],[14,-48],[-106,-164],[-30,-79],[-13,-66],[9,-71],[111,-68],[60,-56],[73,-105],[73,-101],[161,-224],[141,-174],[-215,-580],[-17,-14],[-124,-314],[-53,-141],[-24,-36],[-135,100],[-159,120],[-113,94],[-194,180],[30,104],[63,139],[23,144],[6,138],[-8,101],[3,106],[-6,80],[-19,71],[-143,370],[14,39],[67,85],[127,228],[60,149],[98,216]],[[33128,54536],[-319,-789]],[[32809,53747],[-268,-640],[-204,90],[-171,-346],[-209,-79]],[[31957,52772],[7,47],[24,272],[24,165],[23,156],[43,226],[33,177],[25,99],[99,407],[25,84],[117,489],[30,109],[50,257],[-9,81],[17,74],[16,234],[-8,76],[1,68],[-6,93],[-39,130],[-24,97],[-19,74],[-4,41],[-38,79],[-34,53],[-20,35],[-22,44],[-1,55],[40,0],[100,-155],[86,-120],[44,-81],[38,-74],[48,-99],[36,-101],[69,-170],[83,-221],[79,-233],[-16,2],[-58,-21],[-33,11],[-24,25],[-57,-5],[-63,-29],[-39,-34],[-10,-31],[-15,-51],[-44,-41],[-21,-33],[2,-41],[20,-10],[106,56],[77,8],[70,-25],[74,52],[26,6],[55,-8],[20,-33],[106,-318],[50,-120],[18,-29],[-6,-35]],[[31604,57104],[-53,-448],[-19,-180],[-71,-518],[-95,-709],[-61,-488],[-441,76],[-103,17],[-54,23],[-32,38],[-20,45],[-37,163],[-39,186],[160,-14],[-2,132],[-19,47],[-50,87],[-18,66],[67,66],[33,26],[11,64],[41,66],[38,-9],[11,35],[0,43],[27,43],[39,72],[14,56],[25,24],[55,55],[41,39],[33,62],[47,88],[43,143],[26,89],[-4,80],[79,38],[35,31],[-4,24],[-18,29],[-52,17],[-22,70],[52,34],[31,58],[18,12],[79,49],[56,49],[45,15],[52,12],[56,-3]],[[27778,56105],[62,13],[45,25],[48,24],[113,46],[80,34],[67,32],[65,19],[34,9],[10,-2],[10,-6],[7,-18],[10,-29],[1,-25],[-8,-48],[-15,-52],[-2,-19],[1,-20],[6,-180],[-9,-70],[-4,-42],[-9,-29],[-57,-116],[-35,-56],[-93,-152],[-58,-129],[-32,-56],[-19,-7],[-14,-3],[12,-19],[5,-17],[-2,-14],[-66,-118],[-7,-18],[-2,-34],[17,-58],[60,-156],[26,-79],[15,-68],[12,-60],[11,-144],[3,-100],[-3,-191],[-3,-57],[-5,-37],[-24,-96],[-21,-72],[-10,-27],[-10,-14],[-11,-2],[-18,5],[-26,16],[-89,90],[-33,25],[-42,40],[-90,53],[-92,58],[-67,48],[-78,78],[-18,22],[-32,46],[-20,49],[-7,24],[-9,44],[2,27],[35,47],[-45,15],[-19,111],[-45,261],[-8,104],[1,43],[8,34],[18,36],[53,122],[101,247],[37,61],[-49,25],[-12,12],[-6,28],[3,141],[6,153],[7,16],[15,30],[23,43],[27,23],[24,13],[40,11],[103,18],[101,19]],[[44021,27872],[19,64],[0,32],[-10,38],[-103,121],[-19,17],[-45,45],[-51,41],[-51,24],[-47,18],[-25,-1],[-39,-12],[-45,-36],[-36,-50],[-52,-24],[-71,-22],[-15,27],[0,46],[5,48],[8,26],[7,19],[14,12],[10,14],[-4,22],[-13,14],[-8,14],[-4,27],[9,14],[9,17],[16,30],[6,31],[8,44],[3,22],[15,18],[34,7],[35,29],[29,45],[36,39],[42,10],[31,20],[17,51],[19,35],[5,14],[16,11],[26,9],[21,17],[19,32],[0,33],[-6,21],[27,74],[22,46],[4,41],[14,28],[29,25],[24,47],[18,45],[-2,31],[-11,16],[-20,11],[18,99],[0,23],[28,43],[53,32],[44,34],[56,32],[29,4],[41,17],[80,36],[18,24],[33,24],[3,28],[-4,22],[13,38],[20,35],[35,45],[49,51],[19,24],[32,38],[17,5],[19,38],[0,48],[19,20],[33,20],[12,16],[30,25],[17,29],[12,47],[29,40],[58,95],[46,63],[45,63],[26,16],[43,29],[43,29],[43,27],[52,18],[50,13],[19,-15],[21,-20],[25,-12],[25,11],[20,30],[6,16],[15,4],[19,-8],[21,-11],[7,-14],[-16,-36],[-27,-54],[-52,-151],[-43,-130],[-21,-87],[-10,-25],[-9,-34],[-43,-177],[-17,-75],[-29,-98],[-7,-30],[-1,-25],[-6,-36],[-14,-59],[-33,-75],[-43,-76],[-45,-66],[-22,-22],[-20,-37],[-13,-47],[-20,-113],[-30,-162],[-32,-146],[-28,-111],[-55,-166],[-33,-79],[-29,-75],[-14,-41],[-26,-84],[-13,-63],[-14,-40],[-19,-32],[-22,-20],[-32,-21],[-15,-12],[-1,-14],[-47,-11],[-22,-20],[-24,-29],[-33,-33],[-85,-51],[-62,-34],[-74,-13],[-40,-4],[-18,6]],[[33346,52276],[-36,21],[-24,43],[-40,85],[-31,-49],[-22,-41],[-23,-58],[-50,-125],[-27,-61],[-36,-90],[-310,83],[-30,13],[-144,35],[-62,19],[-51,13],[-60,19],[-24,21],[-57,52],[-50,39],[-68,46],[-57,24],[-36,15],[-45,23],[-27,66],[-30,43],[-38,50],[-20,88],[9,122]],[[32809,53747],[920,26]],[[33729,53773],[-3,-48],[-30,-239],[-18,-32]],[[33678,53454],[-448,-56],[-59,-12],[75,-503],[217,39],[111,27]],[[33574,52949],[-228,-673]],[[42489,40095],[-81,3],[-126,14],[-180,26],[-95,2],[-54,14],[-14,10],[-21,18],[-25,8],[-28,-10],[-31,-3],[-18,5],[-36,8],[-17,18],[-11,18],[-12,8],[-24,3]],[[41716,40237],[195,565]],[[41911,40802],[19,-13],[82,-24],[29,-11],[29,-24],[18,-1],[62,-5],[141,-9],[43,-7],[189,1],[30,-14],[21,-15],[16,0],[17,3],[21,21],[19,24],[19,58],[0,27],[22,46],[19,8],[15,26],[18,6],[61,-10],[13,-15],[32,-12],[31,-12],[90,-13],[81,-13],[32,-14],[71,-26],[47,-23],[16,-11],[6,-14],[-4,-22],[8,-16],[50,-66],[34,-34],[24,-22],[27,-16],[57,-38],[21,48],[20,12],[22,0],[26,-14],[38,-12],[33,-6],[39,8],[48,-7],[60,-16],[114,-37],[54,-30],[23,-7],[47,2],[59,-19],[37,3],[95,-49],[104,-55],[83,-52],[279,-155],[66,-31],[29,-25],[20,-27],[0,-29],[-9,-37],[-12,-29],[9,-15],[10,-22],[-4,-20],[-21,-24],[-19,-17],[16,-23],[4,-36],[-11,-57],[-1,-35],[9,-33],[-5,-19],[-11,-19],[-14,-31],[-8,-34],[3,-58],[-14,-36],[3,-50],[0,-43],[-14,-37],[-13,-34],[-24,-45],[-6,-28],[8,-18],[3,-21],[0,-32],[4,-15],[-8,-15],[-29,-23],[-37,-32],[-18,-21],[-29,-3],[-20,-7],[-45,-42],[-53,-16],[-75,-21],[-83,-42],[-61,-7],[-31,10],[-68,-16],[-64,11],[-48,1],[-41,-8],[-78,-26],[-58,17],[-33,-4],[-62,-22],[-59,-15],[-41,7],[-31,0],[-29,-6],[-30,-20],[-26,-11],[-72,-9],[-46,0],[-28,-29],[-29,1],[-26,-22],[-17,5],[-44,-25],[-23,4],[-27,15],[-26,-2],[-74,-20],[-59,-15],[-37,-12],[-25,-10],[-29,-2],[-24,6],[-41,9],[-51,3],[-41,20],[-46,25],[-26,6],[-21,10],[-13,8],[-26,28],[-9,36],[-31,69],[-13,34],[-2,18],[3,68],[22,67],[33,28],[46,2],[17,3],[18,13],[46,10],[22,7],[13,17],[17,38],[23,91],[5,63],[1,34],[12,23],[33,13],[23,7],[16,-19],[8,-17],[13,-3],[19,8],[17,53],[32,124],[20,113],[14,7],[19,1],[12,-15],[16,-5],[20,-5],[73,1],[68,2],[168,33],[57,11],[106,33],[74,19],[432,80],[67,11],[5,13],[-4,26],[-8,11],[-20,0],[-32,3],[-20,6],[-49,-17],[-36,-1],[-53,1],[-48,-14],[-33,-6],[-60,-12],[-43,-15],[-69,-3],[-44,-12],[-53,-1],[-38,-9],[-37,-20],[-45,-14],[-7,6],[-4,61],[-4,21],[-21,11],[-18,14],[-13,7],[-19,-3],[-30,-25],[-54,-36],[-13,6],[-25,49],[-16,24],[-12,30],[-44,40],[-29,16],[-2,19],[0,30],[16,46],[9,15],[-47,0],[-180,-22],[-53,-5]],[[62935,72609],[-48,43],[-21,53],[-19,47],[-34,93],[-75,160],[-74,178],[-55,111],[-58,130],[-50,113],[-24,60],[-32,86],[-50,105],[-64,148],[-31,66],[6,18],[10,20],[26,12],[28,4],[11,-9],[12,-14],[139,-37],[164,-21],[88,-12],[56,-18],[24,-14],[20,-14],[28,-28],[77,-60],[7,-8],[-3,-11],[-26,2],[-49,8],[-93,16],[-49,-6],[-33,-13],[-19,-21],[-16,-37],[-10,-29],[-7,-26],[1,-19],[8,-19],[35,-14],[40,-9],[56,-4],[47,1],[22,-25],[23,-22],[42,-6],[41,4],[25,-3],[39,-37],[44,-18],[59,-15],[82,-14],[62,-11],[49,3],[43,-6],[56,-18],[47,-13],[45,-19],[39,-16],[41,-15],[30,-17],[32,-17],[20,-17],[36,-18],[40,-17],[33,-13],[36,-25],[28,-11],[15,-9],[49,-35],[43,-19],[44,-18],[40,-18],[36,-21],[28,-22],[11,-22],[17,-31],[20,-5],[1,16],[-18,39],[7,8],[13,2],[21,-14],[62,-43],[60,-31],[28,-20],[21,-25],[-7,-18],[-20,-22],[-27,-24],[-22,-23],[-13,-31],[-13,-63],[0,-44],[-4,-33],[7,-29],[5,-22],[-1,-27],[-20,-30],[-41,-1],[-41,-7],[-31,-19],[-19,-24],[-40,-14],[-41,-10],[-49,-12],[-61,-3],[-50,9],[-72,9],[-42,11],[-44,19],[-56,13],[-51,-6],[-61,-22],[-48,-16],[-50,-12],[-77,-9],[-40,1],[-28,12],[-11,21],[-7,32],[-2,34],[-6,25],[-19,16],[-46,25],[-59,22],[-29,-1],[-37,-16],[-27,-18],[-41,-16],[-20,-11],[-52,-33],[-22,-19],[-20,-11]],[[4233,42521],[61,-15],[4,17],[-69,53],[-33,38],[-69,52],[-39,33],[-6,29],[90,117],[57,31],[159,58],[91,17],[181,42],[64,39],[101,31],[43,41],[33,36],[24,79],[5,35],[31,19],[132,39],[98,61],[21,2],[23,-10],[22,-19],[16,-26],[7,-17],[49,-36],[24,-25],[21,-39],[23,-40],[16,-52],[23,-62],[13,-92],[34,-71],[21,-79],[12,-30],[-11,-33],[-20,-27],[-37,-30],[-5,-42],[-52,-43],[43,-46],[35,26],[24,12],[26,13],[28,0],[12,-14],[11,-20],[29,-25],[36,-46],[50,-6],[51,-13],[30,-58],[66,-7],[64,0],[27,27],[-9,50],[-40,38],[-38,31],[-24,17],[-17,26],[-25,31],[-20,19],[-36,20],[-26,59],[-17,20],[-13,68],[-17,46],[-12,30],[-18,32],[-15,20],[-11,38],[-2,24],[-3,31],[44,30],[46,30],[71,38],[77,35],[27,-42],[24,-39],[35,-60],[12,-19],[-50,-54],[-45,-31],[-12,-33],[29,-49],[42,-37],[5,-58],[-4,-67],[7,-42],[62,-36],[20,-34],[4,-54],[11,-51],[10,-148],[-38,-75],[-20,-51],[-46,-21],[-72,-44],[-26,47],[-49,68],[-10,25],[-7,39],[-48,8],[-49,-15],[-25,42],[-34,32],[-25,14],[-71,9],[-53,6],[-42,-6],[-51,-19],[-46,-13],[-41,-10],[-59,-25],[-48,-33],[-56,-23],[-80,-10],[-98,7],[-65,29],[-34,7],[-66,-6],[-69,25],[-64,28],[-39,-17],[-4,-34],[-10,-54],[-22,-32],[-32,-10],[-43,0],[-55,13],[-43,20],[-43,20],[-73,10],[-73,3],[-39,-5],[-34,9],[-20,20],[-16,22],[-21,31],[-1,42],[5,27],[-1,45],[-22,38],[33,28],[24,22],[41,8],[26,5],[41,-22],[51,-27]],[[29366,52580],[-106,163],[-42,49],[-171,196],[-10,13],[-7,24],[3,21],[107,144],[46,72],[5,19],[-2,16],[-9,25],[-20,21],[-247,146],[-22,18],[-15,25],[-12,27],[-3,18],[7,26],[38,118],[48,146],[115,334],[44,131],[144,352],[74,136],[65,96],[59,130],[30,60],[16,19],[32,-42],[12,-13],[23,-9],[27,-4],[22,3],[21,12],[120,75],[289,284],[20,7],[24,-1],[11,-5],[342,-302],[8,-13],[5,-11],[-3,-16],[-101,-214],[-65,-137],[-54,-108],[-30,-40],[-17,-7],[-22,5],[-69,54],[-17,0],[-47,-127],[-3,-17],[12,-53],[8,-9],[46,-17],[-121,-186],[-53,-87],[-28,-49],[-24,-17],[0,-19],[-112,-366],[-34,-116],[-11,-19],[-13,-8],[-18,1],[-27,-14],[18,-68],[18,-45],[43,-96],[94,-228],[64,-146],[48,-98],[4,-20],[-3,-14],[-14,-35],[-16,-21],[-21,-17],[-14,-6],[-13,-3],[-25,0],[-308,94],[-31,12],[-20,8],[-3,-9],[-5,-49],[-6,-21],[-10,-17],[-7,-19],[0,-14],[1,-72],[-1,-14],[-3,-14],[-58,-47],[-13,-3],[-7,2]],[[31343,54707],[-89,-717],[-33,-223],[-9,-63],[-4,-61],[0,-75],[3,-45],[17,-121],[42,-290],[24,-157],[36,-247],[-10,-19],[-252,-4],[-15,14],[-20,-7],[-19,-15],[-304,-27],[-94,-9],[-58,30],[-37,20],[-58,17],[-37,98],[-2,33],[9,40],[6,26],[0,20],[-9,14],[-24,16],[-17,9],[-12,-5],[-12,0],[-15,-3],[-15,-9],[-6,-12],[0,-13],[19,-32],[31,-31],[35,-81],[18,-60],[0,-13],[-4,-6],[-142,-6],[-197,-4],[-35,4],[-15,10],[-26,32],[-18,45],[-46,122],[-114,277],[-94,223],[-5,21],[7,21],[11,13],[18,9],[23,2],[7,5],[25,42],[15,11],[23,10],[-115,32],[-6,10],[29,98],[95,306],[29,85],[107,167],[108,177],[13,13],[26,26],[28,37],[17,26],[120,229],[162,354],[194,-202],[19,-21],[36,-28],[38,-12],[566,-105],[8,-8],[4,-13]],[[5089,36807],[96,70],[32,21],[11,0],[7,-7],[26,-26],[76,-66],[24,-26],[40,-46],[14,-24],[66,-136],[71,-137],[127,-194],[21,-35],[82,-131],[101,-90],[23,-24],[33,-48],[19,-30],[19,-63],[26,-77],[46,-116],[46,-74],[81,-80],[64,-57],[49,-45],[57,-51],[34,-41],[134,-205],[152,-240],[78,-130],[4,-14],[6,-36],[-4,-8],[-112,-17],[-70,-52],[-17,-5],[-21,4],[-109,41],[-118,3],[-22,3],[-195,100],[-84,71],[-79,86],[-116,119],[-15,16],[-63,29],[-98,42],[-52,48],[-11,15],[-21,41],[-9,19],[-13,56],[7,17],[21,23],[49,47],[31,21],[16,17],[19,38],[4,21],[-6,27],[-27,75],[-7,80],[-13,135],[-3,23],[-8,33],[-30,61],[-17,43],[-43,66],[-55,95],[-63,103],[-54,105],[-67,103],[-51,93],[-17,54],[-22,62],[-16,17],[-5,0],[-88,157],[0,15],[9,16]],[[5793,35158],[10,-20],[17,-16],[43,-37],[24,-32],[18,-15],[75,-43],[51,-24],[13,-5],[25,-1],[6,7],[17,34],[6,21],[10,92],[2,34],[-4,34],[-16,36],[-15,15],[-38,24],[-34,18],[-24,5],[-24,-8],[-50,-25],[-38,-27],[-19,-25],[-17,-10],[-29,-19],[-9,-13]],[[1889,36060],[1,-13],[105,-54],[114,-55],[12,-1],[10,18],[15,40],[28,41],[45,48]],[[2219,36084],[58,-67],[2,-93],[55,-14],[36,-119],[15,-92],[-28,-75],[-3,-66],[47,-71],[55,-115],[-36,-100],[-62,-95],[-97,-86],[-83,-34],[-74,-8],[-48,-59],[-4,-59],[-77,-98],[-164,61],[28,88],[23,59],[31,37],[79,90],[32,80],[-44,35],[-33,57],[-54,-23],[3,-155],[-93,-77],[-38,-47],[-45,2],[-47,30],[-29,76],[-48,187],[19,57],[5,50],[-32,10],[-54,-27],[4,-48],[11,-28],[-61,-93],[-72,-17],[-12,-105],[-31,-5],[-10,-70],[-65,-9],[-118,101],[-38,53],[-13,41],[-22,12],[-30,-23],[-47,-13],[-34,169],[29,98],[37,98],[90,102],[79,58],[74,-9],[93,138],[108,-51],[22,-46],[34,53],[120,113],[42,-53],[13,-64],[54,45],[39,160],[79,30]],[[35648,34900],[32,-3],[46,-81],[5,-66],[-8,-40],[10,-37],[-30,-52],[0,-32],[4,-55],[20,-42],[2,-50],[17,-86],[5,-119],[22,-83],[-3,-32],[-28,-13],[-38,-8],[-37,5],[-37,10],[-33,6],[-30,14],[16,43],[33,59],[-7,90],[-7,77],[2,185],[-8,143],[27,148],[25,19]],[[35814,34096],[12,-27],[40,-12],[10,-33],[-9,-30],[-8,-36],[-16,-58],[-69,-159],[-18,-18],[-19,-16],[-87,-24],[-28,40],[-48,92],[-72,115],[-11,52],[31,38],[13,33],[40,24],[33,5],[40,-30],[75,2],[91,42]],[[31979,51464],[707,-215]],[[32686,51249],[74,-21]],[[32760,51228],[-59,-113]],[[32701,51115],[-747,236],[-41,17]],[[31913,51368],[10,21],[56,75]],[[16270,50745],[91,11],[0,-322],[54,-369],[30,-229],[-67,-5],[-69,16],[-30,129],[31,65],[-21,290],[-20,216],[1,198]],[[48726,62441],[-69,40],[-74,33],[-20,42],[21,80],[112,94],[100,79],[82,79],[-3,130],[75,-1],[29,-78],[-4,-58],[-31,-100],[-15,-29],[-88,-73],[-53,-47],[-41,-80],[-7,-80],[-14,-31]],[[3486,41777],[90,-93],[-79,-105],[-39,33],[-20,4],[-28,-40],[44,-62],[22,-31],[26,-32],[14,-9],[53,-29],[81,-40],[70,-39],[48,-50],[48,-31],[47,-45],[13,-51],[5,-44],[-5,-33],[-24,18],[-12,19],[-15,28],[-41,42],[-89,56],[-46,24],[-37,17],[-39,14],[-55,30],[-33,22],[-94,33],[-77,33],[-61,34],[142,196],[91,131]],[[48954,63306],[205,191],[122,98],[52,-21],[52,63],[19,-15],[73,-53],[17,-35],[-14,-37],[-45,-19],[-69,-24],[-47,-27],[-38,-35],[-51,-21],[-13,-23],[-17,-62],[-63,-63],[-60,-19],[-73,33],[-50,69]],[[12733,55799],[14,-3],[16,-13],[41,-3],[22,-5],[10,-7],[0,-14],[-30,-54],[-40,-68],[-23,-62],[-12,-36],[-2,-38],[-4,-48],[4,-16],[0,-13],[-10,-35],[-63,-102],[-32,-62],[-79,-127],[-21,-5],[-11,2],[-6,10],[-6,24],[1,46],[2,36],[-5,14],[-8,19],[9,49],[6,45],[4,40],[42,69],[9,18],[7,26],[10,47],[6,30],[11,31],[8,33],[6,22],[18,32],[25,37],[25,22],[26,22],[8,18],[11,15],[11,4]],[[35318,32891],[80,196],[89,181],[30,69],[126,-9],[-6,-120],[-18,-189],[-25,-154],[-276,26]],[[51771,70738],[189,251],[18,5],[30,-9],[22,-11],[5,-42],[-25,-29],[-20,-12],[-18,22],[-25,-10],[-19,-22],[0,-36],[15,-22],[15,-7],[24,-1],[16,-19],[-8,-19],[-31,-9],[-1,-16],[7,-27],[7,-13],[22,30],[31,-1],[27,-13],[9,-20],[-11,-8],[8,-19],[14,-17],[6,-17],[-9,-30],[-14,-34],[-66,-102],[-17,-21],[-41,-6],[-37,6],[-16,22],[-11,29],[12,51],[-10,24],[-23,0],[-19,22],[-1,23],[-15,28],[-22,55],[-10,10],[-8,14]],[[51982,70571],[9,0],[6,11],[-12,12],[-12,-7],[9,-16]],[[51966,70534],[11,-2],[8,5],[-1,11],[-18,0],[0,-14]],[[62239,74720],[-26,7],[-42,18],[-30,-5],[-52,-22],[-110,-21],[-57,-6],[-38,-3],[-27,-4],[-22,2],[-13,7],[-12,40],[-3,29],[12,18],[34,20],[67,38],[53,35],[28,37],[31,39],[20,20],[34,11],[31,-1],[29,-6],[19,-9],[34,-51],[34,-35],[41,-37],[64,-51],[170,-120],[23,-28],[-30,-46],[-25,9],[-167,96],[-32,22],[-18,1],[-20,-4]],[[685,36557],[-40,-86],[-46,-125],[-50,-152],[-46,-132],[-32,-120],[-42,34],[-45,93],[-20,45],[-14,31],[3,32],[21,68],[35,97],[50,124],[79,37],[118,68],[29,-14]],[[46485,61681],[38,131],[102,42],[-10,40],[26,22],[172,-10],[38,-140],[71,16],[12,-35],[-239,-146],[-102,-90],[-26,6],[-82,164]],[[32948,51649],[185,-59],[17,-44],[-11,-60],[-212,-318],[-60,33],[-63,15],[-55,32],[83,164],[34,48],[82,189]],[[27171,56662],[52,17],[52,33],[91,46],[72,44],[71,41],[-7,-205],[-26,-51],[-44,-60],[-26,-43],[-39,-121],[-192,90],[20,88],[-61,21]],[[27134,56562],[37,100]],[[27830,53065],[104,-88],[27,-52],[47,-34],[49,-77],[56,-16],[62,-42],[61,-51],[33,-97],[-67,-60],[-65,9],[-202,170],[-69,-26],[-15,-55],[-28,11],[-13,41],[75,220],[-67,117],[12,30]],[[43573,22598],[128,-39],[-23,-70],[-5,-28],[-6,-14],[3,-30],[5,-46],[-2,-36],[-4,-24],[-10,-17],[-15,-10],[-2,-18],[2,-13],[-13,-37],[-49,-30],[-20,-4],[-38,3],[-12,-18],[-6,-22],[-71,-115],[-18,5],[-96,63],[43,79],[14,17],[41,96],[53,69],[20,66],[18,26],[12,23],[9,23],[4,22],[-3,30],[14,5],[8,38],[19,6]],[[32054,50396],[118,365]],[[32172,50761],[147,-44],[57,-18]],[[32376,50699],[92,-33],[22,-37]],[[32414,50467],[-167,-40],[-76,-14],[-77,-18],[-26,-2],[-14,3]],[[52464,72065],[12,-3],[21,-18],[21,-23],[47,-49],[21,-10],[10,-14],[12,-14],[-3,-10],[-22,-38],[-24,-47],[-43,-67],[-20,-37],[-32,-44],[-42,-57],[-73,-109],[-85,-121],[-32,-40],[-61,-95],[-89,-109],[-17,-2],[-12,7],[-5,18],[5,30],[8,38],[24,40],[32,34],[20,28],[37,38],[24,34],[7,24],[6,30],[11,25],[47,92],[27,47],[24,58],[39,76],[28,48],[24,44],[5,21],[10,43],[11,29],[8,26],[9,29],[5,40],[5,8]],[[48901,63818],[91,34],[97,38],[118,62],[86,15],[41,-41],[34,-74],[-18,-50],[-151,-170],[-72,-32],[-82,-5],[-51,55],[-62,92],[-31,76]],[[54039,73323],[53,22],[27,16],[17,24],[13,7],[8,-9],[1,-47],[1,-24],[0,-23],[6,-28],[18,-33],[6,-57],[-8,-80],[-6,-68],[1,-21],[6,-19],[17,-13],[-21,-18],[-53,-18],[-39,-23],[-34,-23],[-30,-9],[-40,4],[-18,9],[-24,5],[-31,6],[-12,12],[4,19],[13,28],[16,24],[8,22],[2,53],[20,35],[28,28],[1,19],[-10,26],[0,24],[8,27],[31,80],[21,23]],[[31416,50636],[-17,-69],[-30,-138],[-10,-37],[-56,3],[-28,44],[-20,58],[-19,39],[-25,53],[-12,12],[-49,24],[-18,7],[77,214],[18,8],[99,-32],[82,-33],[20,-10],[-3,-56],[-9,-87]],[[22289,50445],[34,22],[49,0],[51,-42],[79,-27],[89,-46],[108,-51],[29,-30],[-112,-49],[-68,-26],[-78,-3],[-56,-37],[-68,-41],[-71,-30],[-22,30],[8,76],[16,114],[12,140]],[[13106,56350],[-2,14],[0,37],[3,22],[10,8],[65,-5],[46,-11],[64,-20],[64,-24],[167,-63],[31,-14],[47,-25],[39,-26],[43,-29],[4,-6],[4,-22],[-1,-17],[-28,-61],[-16,-19],[-13,-4],[-10,1],[-510,254],[-7,10]],[[35282,31236],[14,6],[14,-6],[10,-6],[29,1],[58,34],[23,11],[26,7],[18,-3],[19,5],[41,27],[28,54],[9,4],[10,-4],[2,-15],[2,-28],[4,-13],[23,-37],[41,-53],[6,-17],[10,-20],[12,-17],[21,-13],[16,-23],[10,-14],[15,-13],[25,-18],[36,-17],[30,-9],[3,-7],[-11,-18],[-15,-2],[-25,15],[-38,13],[-26,6],[-52,-1],[-47,-2],[-48,1],[-46,-3],[-25,-9],[-18,-14],[-17,-25],[-16,-9],[-12,-3],[-67,15],[-70,14],[-54,40],[-9,11],[41,155]],[[6300,44301],[182,-358],[-45,-17],[-75,-14],[-38,-25],[-59,-34],[-57,-43],[-60,-39],[-59,-38],[-49,-29],[-33,-23],[-180,-119],[-124,71],[-36,40],[-4,38],[-16,-3],[-7,56],[43,21],[-25,107],[177,107],[74,41],[81,76],[83,62],[66,44],[161,79]],[[29261,55977],[371,-337],[44,-41],[16,-20],[1,-15],[-7,-23],[-78,-99],[-72,-78],[-23,-14],[-20,-1],[-21,8],[-42,29],[-54,45],[-192,146],[-211,171],[-8,30],[-1,24],[6,31],[18,50],[32,56],[41,38],[57,26],[60,11],[31,-3],[52,-34]],[[35740,32441],[15,-15],[6,-12],[7,-55],[6,-28],[8,-26],[3,-17],[-4,-52],[-27,-103],[-17,-35],[-7,-46],[-15,-72],[-62,-163],[-52,-156],[-4,-31],[-13,-142],[-8,-26],[-16,-31],[-59,-93],[-14,-12],[-48,-14],[-116,-51],[-26,6],[117,439],[73,341],[90,415],[13,14],[83,-14],[67,-21]],[[23066,51614],[13,15],[13,-1],[13,-15],[18,-25],[21,-20],[40,-52],[17,-21],[33,-30],[50,-34],[32,-15],[81,-20],[78,-20],[94,-19],[108,-7],[72,7],[128,22],[114,39],[102,23],[38,4],[37,-3],[20,-8],[0,-29],[-21,-34],[-3,-14],[-61,-42],[-92,-58],[-23,-15],[-91,-34],[-75,-22],[-96,-19],[-87,-10],[-50,-2],[-101,13],[-99,22],[-79,22],[-128,46],[-85,28],[-80,44],[-66,35],[-32,8],[-45,0],[-19,21],[-5,11],[2,11],[101,67],[84,88],[29,43]],[[57880,63742],[520,-70],[239,-31],[34,-10],[49,-20],[639,-363],[-116,-225],[-196,148],[-88,-10],[-100,207],[-40,33],[-83,14],[-37,-15],[-28,8],[-23,35],[-39,18],[-42,-15],[-92,-11],[-7,49],[-18,23],[-57,22],[-47,58],[-53,14],[-92,-20],[-112,-13],[-85,41],[0,49],[-125,39],[-1,45]],[[37116,53926],[188,50],[58,14],[216,52],[77,11],[64,3],[63,-2],[25,-3],[161,-30],[154,-38],[11,-6],[-167,-171],[-94,-97],[-26,-18],[-23,-6],[-121,-13],[-69,0],[-61,5],[-56,0],[-47,4],[-61,16],[-45,1],[-99,-19],[-52,-18],[-17,-3],[-15,3],[-24,24],[-98,172],[0,24],[5,22],[12,10],[41,13]],[[35958,53619],[10,7],[451,123],[11,-6],[20,-27],[43,-94],[38,-102],[34,-83],[4,-15],[-6,-29],[-28,-32],[-137,-148],[-99,-97],[-18,-15],[-23,-10],[-12,-2],[-18,10],[-22,29],[-11,13],[-15,8],[-19,2],[-40,-4],[-10,10],[-20,51],[-138,389],[1,10],[4,12]],[[14790,54959],[-5,-13],[-19,-9],[-38,-1],[-43,10],[-61,21],[-59,22],[-25,9],[-31,8],[-44,3],[-24,3],[-16,8],[-7,16],[-11,19],[-16,13],[-25,24],[-37,28],[-29,27],[-14,18],[-11,18],[-16,30],[-20,41],[-11,21],[-14,20],[-21,20],[-39,30],[-37,34],[-24,24],[-22,26],[-28,35],[-26,28],[-24,22],[-33,26],[-44,26],[-27,25],[-45,29],[-21,18],[-25,28],[-22,29],[-18,18],[-17,30],[-11,31],[-13,59],[-12,55],[-6,27],[-7,29],[0,13],[7,10],[17,17],[12,4],[10,-2],[47,-19],[59,-26],[60,-35],[67,-51],[81,-82],[160,-180],[44,-49],[1,-11],[24,-10],[18,-9],[48,-49],[112,-125],[254,-276],[72,-87],[5,-18]],[[4203,42047],[37,18],[29,6],[29,0],[66,-12],[131,-43],[137,-42],[78,-28],[41,-13],[57,-29],[76,-41],[28,-11],[65,-21],[67,-17],[53,-16],[15,-7],[78,-57],[10,-8],[103,-75],[69,-50],[48,-32],[16,-15],[12,-18],[19,-25],[19,-25],[80,-55],[21,-9],[40,-7],[15,-4],[15,-14],[16,-32],[-1,-20],[-14,-25],[-19,-17],[-52,-30],[-25,10],[-27,-1],[-19,21],[-18,33],[-18,19],[-65,29],[-23,19],[-29,35],[-12,21],[0,12],[28,86],[-3,7],[-9,7],[-8,-2],[-4,-6],[-23,-60],[-10,-23],[-9,-1],[-23,10],[-17,0],[-23,-7],[-20,3],[-48,31],[-37,30],[-32,16],[-49,15],[-86,24],[-51,18],[-70,50],[-61,37],[-41,33],[-34,16],[-48,13],[-43,6],[-40,2],[-29,-1],[-36,25],[-37,15],[-27,14],[-61,9],[-37,3],[-21,-2],[-41,-16],[-26,-26],[-14,-35],[-26,-36],[-50,19],[-3,33],[-11,145],[-3,13],[-1,19],[5,21],[10,33],[21,38]],[[31979,51464],[-2,15],[8,31],[94,81],[219,234],[29,0],[599,-177],[-129,-295],[-14,-4],[-43,17],[-46,-101],[-8,-16]],[[52785,72918],[25,-1],[15,-20],[21,-32],[12,-32],[-1,-19],[-3,-16],[-39,-13],[-20,-15],[-14,-38],[-15,-15],[-9,-14],[-3,-15],[10,-14],[11,-22],[7,-18],[9,-15],[25,-12],[15,-17],[-39,-11],[22,-14],[23,-15],[24,-9],[20,-8],[12,-13],[7,-10],[2,-13],[-4,-26],[-44,-102],[-39,-68],[-52,-88],[-86,-153],[-51,-100],[-10,-3],[-19,12],[-122,121],[-7,9],[3,15],[19,44],[16,65],[1,28],[10,89],[-3,32],[-10,30],[-9,15],[-18,19],[-23,31],[-13,14],[-2,13],[5,15],[19,52],[-9,74],[8,30],[16,74],[28,56],[44,72],[32,42],[26,21],[22,0],[19,15],[10,18],[10,42],[10,43],[11,38],[7,41],[1,35],[-3,44],[2,18],[9,10],[18,3],[15,-1],[15,-2],[13,-11],[19,-29],[13,-16],[7,-13],[3,-16],[-15,-22],[-33,-68],[-25,-67],[-5,-21],[7,-15],[24,-24],[23,-14]],[[3952,38025],[122,252]],[[4074,38277],[155,-210],[51,-66],[86,-76],[94,-123],[42,-42],[41,-27],[117,-41],[59,-21],[14,-8],[66,-44],[59,-46],[22,-15],[57,-39],[16,-14],[27,-34],[14,-22],[5,-14],[5,-47],[16,-92],[16,-61],[28,-69],[14,-61],[-14,-31],[-31,-10],[-16,6],[-13,22],[-36,125],[-50,59],[-43,112],[-11,17],[-81,0],[-62,0],[-45,-9],[-9,-6],[-6,-14],[-5,-13],[-4,-5],[-34,4],[-8,7],[-14,41],[-16,35],[-23,21],[-22,13],[-22,28],[-26,22],[-32,26],[-13,7],[-12,-1],[-58,-17],[-78,-21],[-21,-3],[-21,12],[-23,12],[-27,20],[-8,15],[-16,47],[-3,30],[-1,25],[5,15],[7,26],[36,33],[25,29],[12,27],[-3,17],[-28,40],[-26,38],[-12,23],[-3,21],[-9,16],[-24,27],[-51,46],[-10,6],[-14,3],[-55,4],[-22,-4],[-50,-23]],[[7006,44094],[-60,6],[-47,14],[-43,-3],[-218,377],[128,79],[46,-62],[25,-28],[27,-21],[19,-10],[81,-29],[15,-8],[22,-20],[17,-23],[8,-16],[14,-38],[7,-30],[11,-18],[25,-29],[43,-46],[5,-3],[7,3],[36,24],[8,2],[27,-21],[11,-5],[14,-2],[27,-6],[41,-18],[74,-33],[36,-19],[15,-4],[14,-2],[13,2],[14,6],[35,21],[12,2],[11,-5],[23,-16],[7,-13],[14,-13],[21,-30],[27,-35],[22,-21],[30,-21],[30,-21],[53,-29],[14,-5],[16,-1],[28,0],[25,-2],[13,-8],[22,-27],[23,-33],[19,-28],[53,-71],[26,-33],[11,-19],[5,-12],[4,-19],[-5,-13],[-28,-45],[-11,-6],[-19,0],[-34,8],[-12,3],[-16,8],[-21,6],[-25,-2],[-19,-4],[-17,-2],[-37,14],[-15,14],[-26,44],[-36,43],[-18,16],[-20,12],[-61,33],[-52,47],[-56,34],[-46,29],[-61,48],[-43,39],[-38,42],[-41,45],[-48,58],[-6,4],[-11,-3],[2,-11],[19,-59],[-87,25],[-57,-2],[-61,-5]],[[49406,63753],[269,268],[136,134],[78,80],[66,84],[47,93],[31,59],[31,-10],[36,-34],[52,-35],[54,-17],[19,-19],[-83,-51],[-24,-40],[-34,-84],[-22,-48],[-28,-86],[-7,-62],[-20,-111],[-26,-106],[-51,-180],[-69,-91],[-57,-59],[-51,34],[-53,20],[-72,52],[-84,54],[-14,21],[164,120],[86,77],[35,58],[109,113],[-7,41],[-132,-123],[-42,-69],[-267,-205],[-33,30],[-52,52],[15,40]],[[27550,51822],[-48,-3],[-17,52],[-37,74],[-23,107],[-6,84],[28,76],[116,16],[24,32],[4,90],[-37,45],[-107,234],[-161,22],[-134,-44],[-91,-291],[62,-11],[88,-53],[57,-108],[58,-94],[-18,-38],[-54,7],[-58,42],[-58,-3],[-42,-62],[-98,46],[-61,63],[-36,212],[115,340],[73,169],[106,-11],[246,-47],[129,-74],[68,-28],[-13,-323],[-14,-139],[-61,-382]],[[58996,62970],[53,-2],[76,-20],[7,-25],[77,-72],[-67,-92],[-59,-21],[-39,-85],[-19,-40],[-57,-15],[-4,37],[-53,54],[-21,-9],[-34,-31],[-27,-48],[-20,-52],[4,-42],[-12,-44],[-29,-75],[-97,-7],[-5,52],[8,42],[4,54],[-1,45],[-29,23],[-15,-25],[1,-31],[0,-48],[2,-37],[-52,11],[-38,-10],[-4,-54],[-144,48],[-23,-48],[0,-29],[-39,-17],[-73,12],[-50,24],[-37,21],[6,33],[23,23],[43,-6],[61,-14],[28,-2],[46,45],[41,72],[14,73],[23,86],[31,56],[60,92],[45,-16],[19,4],[44,11],[53,5],[42,2],[36,-4],[32,-14],[36,-16],[35,-6],[39,0],[31,7],[14,35],[14,90]],[[38641,54688],[70,-17],[43,-146],[64,-33],[81,-21],[54,-8],[69,-119],[69,-168],[37,-62],[64,-20],[-4,-77],[-21,-88],[-44,-8],[-157,27],[-173,35],[-145,25],[-156,25],[6,184],[81,74],[-22,40],[-52,33],[-29,64],[47,84],[67,97],[51,79]],[[33948,54335],[-14,-131],[-11,-62],[-78,-38],[-67,-8],[-56,29],[-24,-5],[-96,65],[-79,51],[-69,48],[-68,43],[-42,40],[-62,67],[-21,38],[-20,45],[-10,31],[17,7],[-1,75],[119,68],[384,211],[31,-22],[-4,-51],[-6,-56],[-5,-70],[116,-18],[51,-15],[44,-42],[50,-64],[-3,-52],[-40,-95]],[[27783,53909],[-34,-85],[-23,-62],[-2,-14],[4,-16],[24,-24],[14,-10],[20,-3],[18,8],[25,8],[33,3],[34,-1],[18,-8],[15,-19],[13,-54],[13,-20],[13,-13],[14,-11],[28,-18],[21,-15],[2,-15],[-19,-102],[-242,115],[-34,13],[-25,2],[-23,-4],[-14,-5],[-9,-13],[1,-30],[0,-33],[-10,-13],[-11,-8],[-10,1],[-55,10],[-80,13],[-54,0],[-55,5],[-38,1],[-87,1],[-59,20],[-46,28],[-63,73],[-23,21],[-18,26],[-6,19],[1,81],[5,13],[41,48],[63,66],[76,105],[56,64],[47,56],[40,42],[15,7],[15,-3],[47,-28],[11,1],[25,7],[131,-83],[107,-74],[20,-18],[29,-38],[1,-17]],[[50179,72824],[-16,-48],[-18,-125],[-21,-120],[-10,-2],[-42,13],[-4,15],[-3,29],[0,47],[-1,16],[-12,22],[-35,32],[-18,14],[-21,-1],[-16,-15],[-21,-21],[-25,-20],[-17,-12],[-17,-5],[-22,0],[-21,11],[-28,26],[-27,22],[-35,12],[-30,1],[-21,-4],[-16,2],[-63,22],[-68,26],[-28,12],[-20,18],[-8,16],[1,37],[-3,30],[-44,37],[-1,19],[3,23],[-19,13],[-6,17],[0,18],[7,50],[-2,51],[-6,35],[-3,30],[-3,15],[6,13],[12,5],[13,1],[20,-13],[25,-15],[23,-8],[38,4],[41,13],[48,24],[28,18],[17,6],[19,0],[17,-10],[8,-16],[9,-12],[12,-14],[16,-13],[12,-8],[32,-2],[57,5],[44,3],[31,7],[35,24],[18,11],[21,7],[27,-1],[39,-15],[38,-23],[14,-22],[20,-9],[28,-3],[11,-4],[6,-15],[-5,-35],[-33,-122],[-6,-60],[26,-25],[-7,-54]],[[29733,57814],[108,-13],[88,0],[108,10],[92,7],[96,-15],[52,-25],[-11,-88],[-25,-28],[99,26],[5,-45],[5,-48],[16,-54],[18,-48],[-4,-75],[-201,-107],[-70,22],[-29,47],[-131,0],[-56,-30],[-15,-39],[-103,-12],[-18,114],[-160,51],[-88,24],[10,35],[46,21],[-1,22],[-77,76],[14,24],[-59,35],[63,87],[89,-48],[-6,-55],[52,-28],[22,49],[71,108]],[[54032,74115],[11,-14],[8,-47],[4,-52],[19,-55],[21,-31],[24,-20],[16,-20],[12,-19],[-8,-70],[-50,-59],[-25,-35],[-8,-38],[-4,-33],[0,-31],[-7,-38],[1,-34],[-10,-28],[-22,-30],[-31,-35],[-31,-38],[-14,-28],[-6,-39],[-1,-53],[-6,-29],[-12,-17],[-20,-12],[-12,-8],[-10,-22],[10,-19],[22,-37],[-5,-18],[-22,-9],[-60,-20],[-18,-10],[-1,-24],[-8,-29],[-8,-33],[9,-29],[8,-14],[28,-21],[7,-13],[-16,-8],[-21,-2],[-33,16],[-96,58],[-68,42],[-27,11],[-28,13],[-20,4],[-20,2],[0,14],[13,20],[30,56],[41,99],[24,60],[6,37],[1,41],[-2,62],[-11,54],[-11,65],[-4,33],[4,27],[9,29],[28,52],[42,65],[51,66],[70,79],[79,95],[104,116],[22,6],[15,2],[17,-3]],[[35480,55038],[34,-34],[-6,-46],[-62,-40],[-97,-62],[-107,-85],[-85,-90],[-134,-474],[-71,-47],[-102,-27],[-115,-7],[-27,61],[-30,452],[29,171],[69,154],[46,57],[118,16],[540,1]],[[32907,51084],[417,641],[250,382],[144,-71],[-55,-215],[-16,-1],[-39,-157],[-28,-25],[0,-23],[0,-57],[-51,-123],[-40,-59],[-249,-273],[-97,-120],[-177,-202],[-212,-225],[-149,-53],[41,144],[83,142],[89,138],[50,-30],[6,-25],[50,-30],[18,0],[21,63],[78,44],[-21,19],[49,54],[-30,31],[-41,-49],[-24,39],[-68,29],[1,12]],[[33128,54536],[20,-9],[26,-62],[31,-54],[49,-46],[34,-37],[123,-80],[145,-104],[80,-54],[56,-46],[34,-57],[12,-40],[7,-72],[-6,-35],[-10,-67]],[[58413,63693],[-753,109],[-44,-13],[-15,35],[-32,33],[-20,12],[-8,31],[14,50],[40,15],[293,86],[54,5],[139,72],[29,75],[42,40],[86,67],[222,-25],[38,-16],[65,-157],[-103,-263],[-47,-156]],[[42145,39353],[-53,-19],[-38,-6],[4,-79],[-11,-46],[5,-44],[-9,-93],[-36,-5],[-45,-13],[-50,9],[-73,-43],[-124,-47],[-55,26],[-30,32],[-77,-20],[-69,3],[-77,-8],[-82,-32],[-13,33],[26,71],[3,48],[18,30],[68,184],[44,129],[39,108],[14,74],[151,-54],[74,-33],[189,-21],[258,-38],[22,-35],[48,-87],[-27,-8],[-94,-16]],[[38730,51062],[-91,-52],[-50,-114],[-83,-116],[-115,141],[-71,89],[-262,301],[-210,286],[10,62],[46,49],[82,92],[118,-97],[127,-7],[39,-50],[58,-54],[29,-83],[84,-81],[67,-44],[16,-29],[11,-37],[100,-36],[57,-35],[28,-64],[10,-121]],[[51363,68262],[13,8],[11,1],[11,-7],[19,-26],[9,-32],[-2,-30],[-2,-54],[9,-23],[1,-31],[0,-20],[4,-79],[-9,-41],[-4,-68],[-7,-12],[-22,-19],[-22,-24],[-8,-14],[-17,-27],[-32,-79],[-32,-20],[-27,-20],[-14,-12],[-7,-17],[0,-5],[33,-8],[18,-15],[15,-2],[10,-7],[0,-20],[-4,-141],[-11,-58],[-7,-48],[-8,-26],[-9,-33],[-1,-60],[-4,-72],[-13,-24],[-4,-21],[-4,-23],[4,-19],[3,-24],[2,-21],[-2,-42],[-6,-35],[0,-36],[4,-43],[-5,-46],[3,-29],[5,-28],[26,-62],[8,-21],[9,-25],[22,-55],[11,-20],[23,-11],[28,-19],[21,-8],[18,-11],[17,-7],[16,-3],[20,4],[19,9],[43,14],[30,6],[19,0],[1,-7],[-2,-17],[-7,-11],[-3,-17],[2,-21],[-2,-8],[-18,-7],[-16,-4],[-9,-15],[-8,-26],[-16,-12],[-50,-41],[-27,-27],[-29,-32],[-28,-9],[-34,3],[-26,-7],[-33,-7],[-18,-2],[-16,9],[-10,32],[-5,26],[-9,28],[-17,43],[-10,21],[-17,35],[-10,32],[2,24],[17,52],[25,56],[0,21],[-3,43],[-7,28],[-9,19],[-19,30],[-26,90],[-15,61],[19,99],[5,65],[-12,62],[-20,43],[-28,72],[-11,49],[-3,70],[-15,58],[2,23],[9,13],[43,31],[28,32],[14,23],[3,23],[-7,22],[-8,15],[-3,24],[-19,65],[-39,94],[-35,73],[-2,25],[4,78],[7,86],[12,38],[17,36],[35,37],[28,17],[25,6],[16,4],[65,34],[32,16],[23,0],[13,4],[33,21]],[[32684,51082],[-26,-67]],[[32658,51015],[-47,-120]],[[32611,50895],[-88,22],[-12,-24],[-138,43],[-27,-72],[-2,-27],[11,-23],[-14,-40],[2,-13],[20,-14],[25,-13],[-12,-35]],[[32172,50761],[-308,88]],[[31864,50849],[8,22],[-13,22],[-15,22],[-8,25],[0,34],[19,126],[28,210],[17,32],[13,26]],[[32701,51115],[-17,-33]],[[35810,52966],[3,-12],[-4,-26],[1,-13],[5,-13],[15,-14],[8,-38],[-25,-55],[-2,-20],[2,-32],[3,-16],[12,-22],[1,-15],[-17,-64],[0,-16],[4,-10],[55,-52],[17,-26],[8,-18],[2,-40],[-2,-22],[-12,-65],[-30,-32],[-38,-17],[-37,-5],[-36,-5],[-56,13],[-81,32],[-126,64],[-116,59],[-46,31],[-27,25],[-18,8],[-30,-1],[-63,1],[-75,6],[-21,6],[-7,11],[-5,63],[-12,46],[-12,22],[-30,25],[-13,8],[-7,10],[6,40],[167,87],[111,55],[43,5],[40,33],[28,7],[70,13],[70,10],[42,3],[91,-7],[88,-15],[56,-12]],[[35572,35536],[30,-46],[-50,-189],[-96,-356],[-32,-130],[-14,-242],[-5,-244],[14,-209],[5,-156],[3,-104],[17,-43],[63,-95],[33,-67],[21,-55],[-7,-76],[-24,-69],[-33,-64],[-40,-83],[-32,10],[-32,31],[-46,99],[-79,126],[-32,129],[27,94],[-32,40],[1,107],[0,41],[41,68],[22,84],[9,161],[14,147],[27,61],[-7,78],[-26,224],[36,70],[-6,109],[26,64],[-16,121],[6,61],[90,73],[11,38],[-35,57],[0,65],[22,42],[26,-2],[22,32],[78,-2]],[[2810,40953],[0,-71],[-6,-56],[7,-50],[2,-51],[-5,-29],[-36,-25],[-51,-25],[-76,-67],[-28,-29],[-31,-36],[-29,-29],[-23,-23],[-16,-39],[-5,-36],[-50,-42],[-70,-33],[-31,-5],[-19,0],[-29,21],[-21,27],[-38,57],[-40,12],[-32,19],[-30,-8],[-41,25],[-16,-4],[-10,-16],[45,-43],[32,-27],[69,-60],[7,-88],[-51,-27],[-60,-29],[-42,-22],[-45,-23],[-35,-15],[-106,-7],[-18,3],[-7,24],[19,43],[23,71],[-8,23],[-40,25],[34,55],[15,23],[25,34],[51,47],[129,105],[159,139],[111,93],[66,68],[35,47],[40,59],[46,30],[46,17],[62,2],[54,-11],[67,-11],[1,-32]],[[52055,71014],[-12,7],[-1,9],[5,15],[26,28],[326,447],[108,148],[71,99],[82,154],[37,51],[149,272],[23,36],[53,108],[13,20],[13,-9],[22,-38],[44,-71],[71,-110],[23,-43],[-23,-45],[-42,-51],[-24,-15],[-13,-27],[-19,-33],[-42,-43],[-13,-19],[-26,-23],[-53,-52],[-30,-36],[-31,-8],[-23,-5],[-10,-6],[-15,-12],[-13,-27],[0,-14],[9,-18],[0,-15],[-4,-30],[-2,-11],[5,-6],[12,-4],[23,15],[16,14],[12,3],[6,-6],[4,-8],[2,-5],[-4,-11],[-8,-14],[-48,-65],[-11,-15],[-3,-14],[-16,-12],[-9,-11],[-19,-39],[-9,-24],[-22,3],[-32,38],[-33,16],[-44,49],[-20,9],[-11,1],[-13,-7],[-10,-17],[-8,-26],[-5,-17],[2,-9],[7,-14],[24,-41],[24,-27],[11,-14],[19,-2],[15,-22],[-18,-28],[-27,-4],[-19,-10],[-20,-30],[-14,-29],[-23,-23],[-8,-19],[-8,-24],[3,0],[1,-23],[3,-17],[-6,-10],[-11,-8],[-35,-18],[-26,-7],[-31,7],[-25,-1],[-38,-15],[-26,-11],[-8,-12],[-9,-23],[-8,-20],[-7,-7],[-15,-15],[-3,-10],[2,-9],[11,-8],[6,-9],[2,-11],[-6,-59],[-10,-12],[-11,-7],[-24,-1],[-22,12],[-20,11],[-17,5],[-18,21],[-19,18],[-5,11],[-9,18],[-18,26]],[[6996,44468],[-60,2],[-69,25],[-50,44],[-24,43],[-41,28],[-46,11],[-39,-2],[-46,-6],[-43,-5],[-39,2],[-49,7],[-28,19],[5,44],[17,39],[17,38],[54,59],[57,54],[69,79],[50,40],[83,99],[73,51],[38,26],[12,27],[72,-8],[82,-23],[95,-81],[62,-13],[21,-35],[3,-29],[0,-18],[-1,-30],[-11,-43],[-1,-17],[-8,-28],[-33,-29],[-22,-23],[-19,-46],[-11,-20],[-14,-46],[-28,-32],[-20,-36],[-16,-37],[-27,-41],[-35,-38],[-30,-51]],[[54426,63241],[509,98],[41,2],[60,-28],[15,-57],[41,-19],[261,35],[72,13],[34,6],[33,-21],[-2,-43],[-21,-27],[-607,-273],[-282,-128],[-156,-67],[-20,-2],[-5,180],[7,71],[-10,76],[-11,125],[16,25],[10,25],[15,9]],[[49405,72287],[20,2],[46,6],[84,-1],[74,-15],[64,-7],[42,-3],[68,14],[49,17],[37,1],[39,-9],[59,-19],[69,-26],[53,-28],[23,-58],[-1,-40],[2,-31],[-14,-45],[-11,-91],[-12,-23],[-6,-97],[-3,-55],[-8,-20],[-17,-4],[-57,-1],[-79,9],[-77,55],[-49,22],[-44,10],[-38,9],[-45,0],[-61,3],[-103,12],[-91,29],[-30,24],[-5,23],[-1,119],[-1,89],[-4,95],[28,34]],[[35867,53599],[24,9],[27,-31],[43,-133],[72,-193],[59,-146],[57,-112],[-31,-11],[-88,18],[-160,29],[-107,11],[-156,21],[-101,1],[-23,-3],[-42,-7],[-38,-15],[-59,-20],[-12,5],[-26,32],[-6,13],[-4,74],[-7,90],[-20,192],[14,24],[41,12],[543,140]],[[18532,54767],[-51,86],[-10,43],[2,41],[17,46],[25,-3],[44,-40],[45,0],[51,-16],[60,-40],[42,-60],[52,-57],[-4,-17],[-89,-6],[-62,45],[-25,20],[-21,-12],[-12,-25],[-20,-19],[-30,0],[-14,14]],[[1665,39565],[-28,-30],[-4,-18]],[[1633,39517],[-22,26],[8,28],[-10,11],[-22,6],[-14,6],[-12,17],[-2,11],[-6,20],[-6,26],[-11,16],[-29,1],[-11,53],[-15,25],[-25,160],[-3,53],[5,13],[11,7],[121,2],[18,-5],[-20,-273],[1,-12],[22,-17],[41,3],[9,-11],[-4,-51],[1,-48],[7,-19]],[[11533,55483],[266,94],[39,7],[30,-1],[94,-30],[32,-10],[39,-11],[0,-12],[-59,-4],[-29,-19],[-26,-19],[-35,-15],[-29,-3],[-52,-13],[-46,-14],[-27,-10],[-104,-18],[-39,-10],[-34,-3],[-40,72],[7,14],[13,5]],[[11912,55110],[6,-20],[12,-16],[11,-20],[37,-64],[0,-41],[-20,-3],[-61,-5],[-74,0],[-103,20],[-3,27],[10,50],[-11,106]],[[11716,55144],[105,-28],[32,7],[37,-4],[22,-9]],[[11920,55612],[54,3],[44,15],[44,19],[37,23],[38,17],[6,-5],[34,-7],[22,-7],[32,18],[51,22],[54,15],[61,0],[8,-14],[8,-27],[3,-28],[-9,-49],[-10,-47],[-19,-3],[-13,17],[-17,19],[-45,11],[-42,-1],[-74,-14],[-95,-42],[-34,-5],[-81,18],[-45,13],[-17,10],[-27,19],[32,10]],[[51555,73199],[61,144],[11,2],[19,-9],[7,-3],[28,-19],[15,12],[21,0],[28,-15],[40,-28],[16,-13],[14,-7],[15,-5],[2,-17],[-16,-27],[-15,-10],[-1,-17],[18,-18],[-11,-28],[-22,-40],[-25,-26],[-83,38],[-21,8],[7,21],[-108,57]],[[33927,53771],[-8,-233],[-166,-11],[-5,9],[47,225],[6,10],[15,4],[71,0],[28,1],[12,-5]],[[49311,62833],[-30,58],[-9,55],[-7,35],[13,83],[5,47],[8,56],[24,44],[27,5],[43,-4],[20,-40],[12,-46],[14,-15],[0,-22],[-9,-16],[-7,-63],[-8,-40],[21,-18],[22,-21],[-1,-17],[-96,-64],[0,-19],[-20,0],[-22,2]],[[15310,54258],[43,-69],[0,-18],[-20,7],[-36,29],[-43,21],[-24,16],[-63,70],[-35,23],[-31,10],[-36,57],[7,21],[-17,43],[-97,160],[-37,10],[-1,22],[25,22],[31,26],[12,-9],[322,-441]],[[16314,51049],[19,-198],[-37,-7],[10,-83],[-102,6],[-5,67],[29,37],[-16,13],[-34,6],[-30,115],[66,42],[100,2]],[[11496,55689],[75,35],[94,61],[28,17],[27,-2],[104,-28],[27,-10],[13,-11],[8,-26],[-13,-22],[-16,-24],[-10,-29],[-9,-17],[-113,-21],[-40,-2],[-56,-4],[-32,-9],[-38,11],[-21,-3],[-18,-4],[-25,78],[3,10],[12,0]],[[39241,54120],[-1,19],[-49,52],[-30,26],[-6,45],[29,16],[36,-50],[102,-4],[51,-14],[24,-35],[-28,-54],[-42,-93],[-48,-91],[-71,11],[32,151],[1,21]],[[27134,56562],[-63,-173],[-54,18],[-12,157],[-1,174],[28,17],[28,0],[21,-34],[40,-25],[50,-34]],[[7005,46253],[8,-3],[50,-51],[65,-83],[39,-53],[17,-26],[36,-67],[32,-75],[10,-43],[2,-17],[-1,-55],[-18,-1],[-30,11],[-33,28],[-55,134],[-33,71],[-23,66],[-49,65],[-23,38],[-13,30],[11,27],[8,4]],[[12106,55229],[15,5],[21,0],[22,-4],[38,8],[44,20],[50,45],[34,56],[20,10],[8,-24],[0,-33],[0,-32],[10,-43],[18,-31],[-24,-19],[-17,11],[-18,19],[-61,-41],[-5,-19],[-39,-39],[-39,-5],[-7,4],[-38,5],[-21,-24],[-24,-22],[-40,1],[-76,-1],[-22,24],[4,17],[25,37],[80,61],[42,14]],[[4277,39421],[141,21],[81,-41],[93,-108],[11,-64],[-234,-56],[14,25],[5,35],[-7,45],[-17,51],[-29,41],[-58,51]],[[663,34671],[-23,-60],[82,-28],[22,57],[69,-22],[91,-32],[18,-13],[-60,-126],[-22,-7],[-80,22],[-27,18],[-34,14],[-61,19],[-45,21],[-39,22],[-20,15],[56,120],[73,-20]],[[53751,62633],[93,8],[56,20],[120,63]],[[54020,62724],[-10,-43],[2,-39],[18,-39],[-25,-27],[-52,-13],[-25,-39],[-41,-59],[-45,3],[-33,48],[-18,46],[-40,71]],[[35325,32825],[39,19],[58,-19],[172,-12],[-6,-55],[-15,-75],[-6,-68],[-31,5],[-59,6],[-3,-17],[-58,13],[-37,11],[-30,79],[-24,113]],[[17981,55348],[31,-21],[34,-100],[-35,-39],[-51,-29],[-33,-15],[-29,-27],[-22,-35],[-40,-31],[-44,0],[8,52],[19,65],[43,88],[83,80],[36,12]],[[23244,53899],[37,0],[28,-10],[40,-16],[58,-25],[31,-4],[52,0],[191,42],[84,28],[129,20],[61,-9],[37,-44],[-47,-50],[-65,-43],[-194,-89],[-167,-68],[-123,-43],[-84,-62],[-30,16],[-59,41],[-30,23],[-61,38],[-34,34],[-52,38],[-12,41],[19,31],[37,25],[37,31],[53,31],[64,24]],[[53224,72457],[-27,12],[-21,6],[-12,9],[11,17],[-3,21],[-19,13],[-16,46],[-9,27],[19,48],[2,38],[1,17],[166,92],[27,9],[26,21],[48,55],[70,58],[30,21],[20,8],[11,0],[28,-6],[54,-24],[91,-51],[44,-32],[-1,-36],[-3,-35],[-22,-36],[-24,-17],[-8,-7],[7,-26],[-6,-16],[-25,-53],[-31,-55],[-24,-35],[-27,0],[-34,-1],[-40,7],[-21,-5],[-51,-39],[-52,-39],[-27,-1],[-35,-4],[-17,-10],[-7,-21],[-16,-4],[-28,7],[-33,10],[-16,11]],[[18498,54769],[-132,46],[-36,26],[-28,58],[0,19],[16,12],[-15,51],[-24,16],[-18,17],[-38,146],[-1,82],[1,21],[11,10],[325,-110],[23,-24],[20,-25],[201,-22],[53,-21],[140,-69],[129,-85],[17,-24],[-4,-31],[-117,-141],[-14,-16],[-39,2],[-143,65],[-56,70],[-72,76],[-79,39],[-51,14],[-35,17],[-25,28],[-34,-14],[-13,-35],[-9,-36],[-12,-47],[31,-41],[30,-34],[10,-24],[-12,-16]],[[42974,62887],[55,16],[57,4],[101,-8],[55,-14],[97,-49],[89,-13],[40,-49],[25,-71],[34,-58],[50,-72],[63,-67],[68,-70],[125,-88],[-50,-139],[-324,211],[-212,152],[-106,89],[-75,83],[-92,143]],[[4592,36609],[34,27],[60,46],[108,88],[86,65],[12,0],[32,-18],[23,-13],[134,-181],[12,-22],[16,-28],[15,-73],[32,-91],[30,-78],[-2,-17],[-44,-10],[-111,-31],[-125,-58],[-66,-32],[-68,140],[-91,151],[-87,135]],[[6953,45227],[6,81],[10,35],[19,23],[53,51],[69,79],[73,72],[36,32],[49,51],[26,26],[11,7],[11,-4],[33,-38],[11,-35],[2,-38],[-1,-51],[1,-24],[-6,-29],[-82,-80],[-19,-29],[11,-2],[100,78],[13,0],[16,-11],[42,-50],[28,-31],[24,-15],[21,-15],[34,-6],[40,1],[74,25],[10,-2],[12,-16],[-28,-25],[-37,-28],[-33,-29],[-8,-15],[-2,-18],[0,-15],[-25,-26],[-16,-29],[-12,-15],[-11,0],[-67,31],[-60,13],[-43,0],[-39,-11],[-40,-21],[-24,-21],[-20,-2],[-12,5],[-33,33],[-25,26],[-19,15],[-33,17],[-130,24],[-10,6]],[[52035,73935],[-48,-180],[-20,-60],[-41,-80],[-32,-57],[-31,-70],[-16,-58],[-6,-31],[-6,-53],[0,-33],[3,-12],[-5,-14],[-13,3],[-12,4],[-22,14],[-34,21],[-39,19],[-25,26],[-24,20],[-14,14],[-4,16],[211,489],[95,230],[96,249],[35,89],[13,6],[19,3],[34,-5],[36,-9],[35,-13],[28,-14],[16,-15],[6,-13],[-11,-22],[-75,-117],[-68,-130],[-23,-50],[-24,-84],[-4,-46],[-5,-19],[-11,-10],[-14,-8]],[[45908,61976],[197,46],[102,15],[48,-25],[65,-35],[40,-23],[78,-106],[-33,-121],[-26,-107],[-17,-134],[-91,-17],[-174,50],[-97,26],[-191,4],[-3,25],[140,95],[-59,227],[21,80]],[[31447,52238],[18,13],[227,19],[1,-66],[-1,-149],[-9,-97],[-21,-73],[-18,-85],[-18,-71],[4,-73],[-27,-120],[-18,-79],[-29,-7],[-22,-22],[-75,-314],[-30,-152],[-147,58],[-13,26],[148,429],[60,163],[27,186],[-14,120],[-43,294]],[[38054,54611],[59,109],[22,48],[76,-20],[92,57],[58,11],[66,5],[109,-38],[30,-136],[-109,-135],[-54,-94],[19,-159],[17,-241],[-115,34],[-31,116],[-63,160],[-90,165],[-86,118]],[[50863,67790],[25,13],[38,-1],[14,-13],[12,-29],[8,-39],[14,-40],[5,-37],[15,-56],[1,-20],[-12,-24],[-13,-22],[-6,-18],[-6,-42],[-1,-24],[11,-62],[25,-108],[5,-33],[5,-44],[11,-61],[4,-44],[3,-53],[4,-43],[6,-29],[-13,-4],[-40,2],[-25,3],[-16,-8],[-14,-27],[-10,-24],[-19,-4],[-22,7],[-12,31],[-34,65],[-71,104],[-84,123],[-22,52],[-7,51],[-9,52],[7,76],[14,41],[19,37],[40,67],[38,37],[40,42],[38,46],[34,60]],[[37271,54756],[32,-22],[38,-59],[68,-121],[34,-88],[10,-11],[39,-26],[22,-40],[30,-58],[57,-111],[27,-53],[7,-16],[-2,-11],[-229,-62],[-98,-12],[-69,-16],[-149,-39],[-32,-1],[-10,2],[-7,16],[-5,46],[22,124],[35,34],[5,18],[1,16],[16,15],[34,17],[25,9],[8,10],[5,18],[1,35],[-6,23],[-19,36],[-11,18],[8,99],[12,27],[3,26],[4,44],[3,24],[13,24],[31,40],[19,17],[15,9],[13,-1]],[[33680,53243],[-106,-294]],[[33678,53454],[-13,-58],[-44,-111],[38,-19],[21,-23]],[[34074,53981],[359,20],[25,-19],[29,-377],[-10,-24],[-200,-29],[-314,-47],[1,65],[1,54],[6,127],[-48,38],[-5,45],[3,62],[16,79],[137,6]],[[39926,21735],[32,42],[36,38],[30,30],[29,33],[24,49],[30,14],[30,20],[57,49],[25,23],[16,3],[99,-8],[48,-13],[28,-26],[36,-78],[4,-25],[-5,-31],[-26,-70],[-9,-24],[-29,-16],[-13,-17],[-4,-25],[-1,-21],[-4,-29],[-10,-39],[-58,-172],[-23,-45],[-22,-22],[-30,0],[-34,18],[-19,21],[-21,8],[-17,43],[-28,35],[-22,20],[-56,72],[-75,81],[-21,19],[-7,13],[0,14],[10,16]],[[57373,63741],[-615,-159],[-394,-94],[-53,77],[42,13],[49,-15],[42,5],[111,37],[43,120],[47,9],[103,53],[96,82],[67,44],[65,38],[51,13],[40,0],[42,3],[51,32],[152,-26],[4,-37],[34,-35],[5,-60],[18,-100]],[[35504,53802],[16,101],[10,112],[11,111]],[[35541,54126],[19,10],[42,17],[38,3],[30,-13],[30,-22],[44,-93],[63,-154],[18,-48],[33,-113],[3,-14],[-250,-62],[-67,-17],[-50,-22],[-281,-67],[2,32],[12,29],[13,46],[4,27],[-18,47],[-27,39],[-43,35],[120,1],[53,5],[61,-8],[59,11],[39,-2],[16,9]],[[23160,54966],[45,-44],[7,-60],[-27,-267],[13,-641],[-254,-119],[-6,68],[25,92],[19,121],[22,114],[4,117],[-13,79],[-7,103],[8,92],[15,89],[46,85],[53,85],[50,86]],[[26751,56368],[10,51],[-1,76],[-11,152],[-21,152],[-7,108],[-6,64],[-10,45],[-4,35]],[[26701,57051],[29,33],[31,-14],[67,-55],[70,-83],[52,-67],[24,-70],[11,-128],[12,-189],[8,-153],[-4,-86],[-14,-44],[-123,42],[-41,-98],[-18,-3],[-103,75],[55,95],[-6,62]],[[23002,53609],[98,-43],[42,-36],[41,-61],[3,-68],[-33,-665],[-38,-4],[-5,-121],[-119,5],[-41,139],[-28,25],[1,75],[-49,65],[18,74],[-9,160],[28,36],[16,185],[-14,11],[9,203],[80,20]],[[16720,52719],[-13,11],[-23,62],[-28,35],[-23,41],[-62,86],[-43,54],[-5,18],[5,15],[44,70],[105,161],[59,95],[12,1],[17,-4],[17,-12],[8,-11],[3,-16],[7,-7],[-36,-59],[3,-12],[51,-36],[20,-7],[28,4],[34,22],[32,28],[18,37],[12,50],[7,38],[-1,29],[-7,29],[-13,35],[-12,51],[3,29],[9,19],[29,30],[20,9],[28,-2],[31,-15],[4,-13],[-10,-31],[-12,-41],[6,-40],[-12,-26],[-2,-17],[-12,-23],[-4,-43],[-33,-94],[-60,-255],[-5,-33],[-6,-45],[12,-25],[5,-22],[-7,-49],[-14,-45],[-14,-33],[-16,-11],[-34,-17],[-29,-5],[-55,-6],[-38,-4]],[[52904,73147],[37,26],[109,48],[117,76],[82,55],[60,40],[35,42],[49,54],[16,44],[6,27],[22,13],[21,4],[13,-3],[3,-9],[-10,-10],[-11,-18],[2,-15],[10,-9],[16,1],[11,6],[14,-8],[10,-37],[8,-28],[5,-30],[2,-30],[-7,-61],[-11,-51],[-17,-36],[-25,-38],[-47,-64],[-48,-80],[-76,-116],[-56,-81],[-33,-20],[-91,-60],[-26,-3],[2,26],[-2,26],[-14,20],[-6,26],[35,21],[14,25],[-43,21],[-22,-28],[-25,8],[-20,-9],[-9,16],[7,14],[-13,22],[-12,14],[-20,41],[-14,20],[-25,44],[-32,50],[9,14]],[[5141,38543],[209,-18],[46,-85],[31,-46],[45,-23],[81,45],[89,-149],[-1,-70],[-22,-34],[-408,-230],[-54,37],[-104,174],[21,86],[47,2],[11,-70],[84,-136],[40,-11],[18,22],[-39,106],[-40,98],[-62,135],[-10,114],[18,53]],[[26880,55855],[12,8],[24,127],[27,-6],[-3,-43],[4,-47],[137,-603],[149,-696],[16,-97],[21,-70],[60,-132],[-107,-145],[-34,-10],[-73,-9],[-70,-3],[-5,49],[-19,43],[-102,235],[-195,377],[-107,135],[-83,114],[-36,61],[-53,141],[-5,80],[16,59],[40,170],[-2,72],[-5,51]],[[26487,55716],[393,139]],[[40761,63950],[28,-8],[30,-15],[33,-24],[50,-36],[39,-45],[42,-55],[10,-10],[14,-3],[26,-1],[72,-4],[63,-8],[61,-16],[24,-1],[18,3],[51,25],[74,36],[59,22],[123,24],[53,12],[32,0],[44,-6],[44,-10],[54,0],[73,6],[82,13],[55,5],[23,-3],[60,-12],[37,-15],[34,-16],[25,-13],[72,-70],[48,-68],[14,-29],[33,-33],[21,-16],[35,-50],[25,-32],[6,-16],[0,-20],[-21,-43],[-2,-14],[6,-31],[-37,-31],[-28,-20],[-11,-15],[2,-26],[-11,-27],[-2,-19],[1,-45],[5,-27],[-14,-11],[-3,-14],[-4,-14],[-12,-12],[-13,2],[-26,30],[-37,41],[-28,27],[-32,19],[-47,18],[-41,11],[-97,8],[-141,10],[-252,33],[-224,31],[-197,39],[-235,57],[-111,12],[-78,9],[-29,11],[-106,121],[-129,128],[-29,41],[0,14],[32,28],[122,61],[20,9],[75,73],[21,6],[26,-1]],[[35921,54389],[-31,-9],[-42,-46],[-44,-52],[-58,-59],[-51,-32]],[[35695,54191],[-144,3],[-57,-4],[-44,6],[-30,16],[-40,6],[-32,-3],[-35,-15],[-36,-19],[-45,-16],[-29,2],[-22,-1],[-81,-1],[-27,-4],[-28,16],[-9,29],[39,158],[43,162],[32,100],[19,34],[30,15],[119,75],[118,89],[65,42],[33,31],[29,44],[27,87],[173,0],[15,33],[76,9],[105,-15],[100,-10],[103,-9],[102,13],[32,-46],[14,-29],[5,-93],[3,-9],[-1,-57],[40,-45],[-8,-40],[-30,-4],[-79,-46],[-15,-3],[-19,17],[-68,-18],[-38,0],[-27,-11],[-23,-41],[-8,-36],[-4,-37],[0,-31],[12,-95],[-97,-28],[-32,-23]],[[3952,38025],[-12,-17],[-77,-127],[-43,-42],[-12,-14],[-13,-18],[-12,-34],[-21,-78],[-50,-19],[-20,-10],[-47,-25],[-26,-15],[-18,-22],[-13,-18],[-11,-30],[-10,-97],[-11,-21],[-13,-22],[-22,-12],[-39,-21],[-71,-41],[-58,-43],[-74,-77],[-16,-21],[-20,-38],[-11,-25],[-10,-49],[-32,-116],[-11,-35],[-29,-64],[-28,-58],[-20,-48],[-12,-20],[-15,-12],[-33,-15],[-128,-34],[-34,-9],[-19,-10],[-16,-15],[-14,-18],[-60,-122],[-131,-280],[-17,-16],[-13,-3],[-19,3],[-103,20],[-18,0],[-17,-4],[-81,-40],[-96,-60],[-57,-49]],[[1889,36060],[7,12],[70,57],[58,12],[11,5],[6,5],[33,48],[81,69],[110,122],[96,94],[40,30],[81,90],[106,99],[61,53],[61,19],[20,7],[77,37],[32,25],[59,50],[16,21],[103,120],[111,137],[51,69],[84,120],[72,110],[12,17],[4,14],[4,18],[-1,54],[1,22],[4,11],[27,44],[12,11],[60,41],[13,14],[47,52],[12,19],[27,45],[12,26],[10,37],[6,34],[8,19],[12,20],[19,20],[37,42],[23,24],[21,30],[7,17],[3,24],[7,46],[-10,118],[-12,145],[-9,28],[-13,29],[-24,21],[-109,41],[-23,4],[-21,1],[-111,-5],[-31,1],[-82,8],[-16,7],[-47,46],[-2,13],[-9,99],[3,16],[8,8],[20,9],[67,3],[131,-1],[123,-9],[86,-14],[28,-10],[22,-9],[32,-19],[20,-12],[84,-70],[16,-16],[10,-12],[78,-109],[143,-206]],[[58898,64111],[155,-1],[173,8],[124,-5],[119,-19],[141,-30],[98,9],[24,46],[260,22],[116,5],[162,26],[39,-286],[-8,-37],[-113,-122],[-59,-6],[-251,-182],[-126,-51],[-79,-2],[-97,-35],[-77,-81],[-58,-88],[-646,359],[-91,63],[29,272],[76,-18],[70,36],[19,117]],[[41093,39681],[-9,-74],[3,-33],[22,-28],[53,-21],[115,-18],[140,-73],[3,-52],[-29,-80],[-55,-146],[-26,-17],[-41,-42],[2,-70],[-29,-79],[-54,-31],[-90,-4],[-78,10],[-116,-25],[-72,-13],[-87,-80],[-111,-66],[-114,-87],[-88,442],[-23,290],[2,113],[-17,51],[36,17],[95,70],[88,58],[78,55],[98,61],[36,22],[51,-42],[84,-23],[133,-85]],[[37251,53619],[78,5],[95,2],[127,13],[106,-1],[142,-4],[53,-2],[66,60],[94,102],[99,110],[68,58],[35,14],[167,-22],[444,-73],[194,-29],[169,-18],[169,-13],[-4,-59],[-12,-119],[-35,-41],[-65,-15],[-69,33],[-100,20],[-30,-70],[-119,2],[-115,-24],[-145,-56],[-95,-24],[-74,-3],[-41,-40],[-63,-47],[-59,-2],[-32,16],[-81,29],[-123,48],[-156,64],[-49,6],[-150,-5],[-76,-21],[-49,-35],[-44,-10],[-29,3],[-113,29],[-80,29],[-85,61],[-13,29]],[[50540,73263],[-11,25],[-6,35],[-11,44],[-26,72],[-8,28],[-4,39],[1,38],[5,37],[10,33],[19,57],[20,62],[21,71],[26,75],[26,57],[29,67],[37,66],[20,41],[37,64],[41,93],[88,205],[65,150],[45,98],[31,69],[12,10],[14,6],[16,-4],[44,-25],[18,-17],[18,-13],[26,-7],[23,-10],[28,-21],[12,-18],[1,-22],[-6,-30],[-16,-39],[-19,-49],[-10,-32],[-4,-48],[4,-47],[13,-53],[10,-62],[3,-77],[2,-47],[-5,-9],[-13,-5],[-48,-14],[-64,-14],[-73,-19],[-41,-9],[-1,-20],[248,61],[10,-3],[11,-14],[26,-59],[29,-65],[26,-63],[24,-80],[20,-87],[24,-119],[25,-120],[27,-102],[0,-16],[-6,-13],[-12,-8],[-18,-3],[-94,-13],[-156,-25],[-44,-9],[-52,-5],[-78,-18],[-52,-10],[-109,-18],[-130,-30],[-70,-18],[-21,-4],[-17,0],[-10,10]],[[32438,56658],[504,-532],[74,-99],[130,-198],[144,-151],[47,-47],[91,28],[99,-40],[38,-74],[61,-21],[32,-40],[62,-13],[44,-66],[-29,-150],[-69,-34],[-157,-89],[30,-11],[28,-49],[2,-35],[-49,-45],[16,-27],[30,-85],[-177,-91],[-157,-83],[-83,-40],[-109,311],[-81,226],[-67,181],[-78,221],[-35,87],[-92,231],[-39,101],[-58,120],[-41,82],[-73,105],[-37,49],[-121,168],[75,88],[45,22]],[[34036,51730],[-53,52],[-46,15],[-29,25],[-25,16],[3,28],[15,15],[51,2],[69,-15],[34,30],[3,29],[-30,48],[-39,41],[7,47],[-32,58],[-74,65],[55,45],[-16,26],[-88,-58],[-39,-76],[10,-33],[-21,-41],[-66,9],[41,100],[78,106],[65,59],[57,35],[171,81],[363,163],[340,160],[38,8],[56,-40],[20,-46],[28,-73],[12,-46],[-13,-49],[-4,-37],[-3,-76],[-8,-47],[-32,-156],[16,-50],[-9,-72],[-2,-99],[-9,-69],[-51,-39],[-81,-18],[-50,-57],[-42,-39],[-75,-22],[-100,-83],[-37,-21],[-73,-18],[-117,14],[-57,11],[-93,2],[-60,59],[-58,31]],[[27707,53458],[3,42],[0,20],[13,13],[11,2],[13,-6],[12,-8],[201,-86],[3,-11],[6,-25],[6,-27],[3,-5],[12,-11],[8,-5],[-9,-47],[-6,-41],[5,-23],[10,-16],[15,-8],[15,-3],[52,3],[14,-13],[10,-36],[12,-17],[25,-3],[36,-7],[33,-20],[0,55],[11,31],[-34,208],[3,16],[14,16],[13,5],[20,-4],[37,-16],[46,-36],[18,-29],[9,-14],[70,-39],[18,3],[10,11],[12,11],[11,4],[427,-339],[64,-43],[8,-18],[27,-17],[65,-33],[67,-62],[73,-104],[121,-176],[-4,-31],[-257,-163],[-5,-14],[26,-52],[-1,-13],[-11,-16],[-172,-114],[-22,8],[-195,296],[-15,34],[-3,10],[3,19],[-14,17],[-21,-5],[-42,26],[-8,5],[-13,3],[-25,-5],[-86,4],[-74,9],[-22,9],[-52,72],[-59,71],[-66,57],[-54,53],[-54,49],[-74,66],[-58,49],[-59,55],[-53,60],[-37,52],[-21,63],[-13,57],[-27,81],[-21,60],[-4,36]],[[35211,53432],[44,-305],[-9,-44],[-7,-14],[-13,-16],[-1,-19],[5,-11],[16,-3],[15,4],[11,-10],[-4,-18],[-43,-28],[-63,-27],[-156,-71],[-402,-191],[-377,-175],[-223,-102],[-35,-17],[-83,-56],[-54,-51],[-66,-80],[-49,-103],[-36,-19],[-67,35],[-18,26],[179,293],[410,599],[13,13],[34,10],[17,1],[30,-11],[21,0],[15,8],[14,19],[141,25],[363,69],[-29,158],[407,111]],[[16934,54583],[29,23],[22,8],[25,2],[17,-2],[27,-12],[6,-9],[0,-16],[-7,-23],[-28,-31],[-32,-60],[-90,-160],[-96,-160],[-99,-186],[-91,-162],[-53,-90],[-27,-59],[-15,-40],[-22,-51],[-12,-55],[-11,-27],[7,-17],[2,-28],[-8,-62],[-22,-140],[3,-47],[-1,-24],[-6,-48],[-10,-8],[-90,-6],[-21,6],[-34,28],[-44,35],[-65,39],[-22,11],[-22,12],[-76,35],[-122,42],[-26,21],[-27,33],[-9,43],[-1,39],[-2,55],[-13,38],[-18,52],[-2,20],[9,26],[11,14],[26,23],[22,21],[9,13],[3,20],[-3,42],[-4,14],[-22,47],[-71,84],[-185,223],[-3,18],[16,32],[12,22],[34,26],[51,39],[18,2],[18,-8],[76,-63],[47,-30],[51,-45],[27,-26],[2,-29],[4,-28],[4,-25],[12,-18],[36,-38],[46,-26],[15,-18],[2,-25],[6,-24],[10,-11],[34,-16],[36,-11],[33,14],[68,32],[69,32],[38,11],[17,1],[21,-2],[50,-18],[130,-58],[12,29],[-105,44],[-22,18],[-25,20],[2,19],[11,15],[18,10],[85,169],[36,57],[21,12],[12,21],[4,21],[33,67],[36,58],[46,59],[68,72],[79,53]],[[27361,55926],[2,-64],[3,-78],[-1,-47],[-5,-32],[-4,-32],[1,-102],[1,-91],[-2,-35],[-45,-111],[-57,-140],[-33,-61],[-8,-7],[-10,1],[-11,6],[-9,14],[-111,514],[-1,17],[4,16],[63,158],[31,49],[5,37],[34,66],[19,46],[9,7],[79,-20],[11,-9],[35,-102]],[[29994,51515],[336,-529],[-5,-21],[-135,-88],[-87,10],[-146,24],[-14,13],[-13,38],[-13,47],[4,84],[23,221],[21,195],[29,6]],[[12977,56326],[34,-12],[15,-8],[16,-16],[16,-23],[24,-12],[123,-57],[122,-51],[94,-41],[124,-63],[3,-8],[-15,-34],[-9,-8],[-36,-17],[-47,8],[-58,2],[-48,6],[-32,7],[-15,3],[-22,-1],[-17,-15],[-42,-32],[-24,-9],[-19,0],[-19,1],[-19,5],[-44,8],[-30,-8],[-39,-32],[-36,-24],[-35,-12],[-25,-5],[-19,3],[-28,10],[-14,20],[-30,58],[-21,46],[-7,21],[0,15],[7,18],[8,20],[22,41],[29,60],[39,69],[25,44],[37,21],[12,2]],[[35645,35537],[79,150],[77,76],[67,-51],[-7,-45],[-25,-32],[1,-52],[-58,-108],[-22,-104],[-19,-74],[-13,-53],[-56,-106],[-43,-95],[-18,-61],[-19,-73],[-19,-112],[-7,-97],[-1,-78],[7,-94],[3,-93],[-3,-128],[-2,-90],[-47,-95],[-20,20],[-23,33],[-7,270],[6,128],[4,147],[4,86],[21,86],[16,148],[21,63],[57,260],[31,104],[15,70]],[[11716,55144],[-24,146],[-4,62],[0,24],[13,5],[98,45],[39,12],[36,0],[25,5],[30,13],[34,29],[37,15],[38,10],[32,5],[32,12],[40,25],[73,22],[59,11],[36,-2],[20,-8],[20,-18],[3,-44],[-28,-134],[-21,-34],[-35,-47],[-36,-34],[-59,-24],[-39,12],[-25,1],[-27,-14],[-54,-30],[-38,-27],[-57,-53],[-22,-19]],[[48001,62303],[37,30],[52,68],[27,-17],[-36,-47],[-47,-65],[74,-41],[41,36],[4,56],[25,32],[-8,56],[43,-36],[68,-81],[79,-94],[-57,-30],[-78,-8],[-70,-15],[-59,-57],[-15,-58],[-48,-18],[-80,-28],[-104,-19],[-94,-29],[-77,17],[-62,28],[-74,58],[-47,-5],[33,-55],[-16,-41],[-59,-15],[-43,40],[-1,32],[43,17],[-6,45],[-22,36],[37,14],[50,9],[-16,37],[98,8],[143,19],[128,44],[137,77]],[[51863,70998],[-14,-41],[-29,-25],[-12,-6],[-7,-19],[-6,-24],[-112,-147],[-51,-61],[-12,-20],[-18,-25],[-2,-33],[3,-23],[-42,-52],[-10,-13],[-18,-8],[-20,-4],[-14,-2],[-16,0],[-17,4],[-20,10],[-1,34],[19,68],[11,36],[2,31],[-4,24],[-16,43],[-3,32],[0,28],[-13,20],[-13,19],[-7,37],[13,48],[22,51],[0,26],[7,30],[15,37],[17,18],[28,-3],[25,-11],[62,-2],[100,16],[52,12],[49,11],[24,-16],[19,-27],[14,-46],[-5,-27]],[[13024,55782],[21,5],[18,8],[20,12],[50,15],[88,12],[65,13],[30,16],[29,9],[24,0],[24,-9],[24,-18],[18,-30],[5,-16],[20,-15],[10,-20],[-4,-13],[-12,-9],[-4,-9],[6,-14],[11,-4],[15,-17],[10,-21],[2,-43],[-17,-38],[-26,-48],[-36,-40],[-14,-25],[-8,-26],[-7,-34],[-2,-19],[-10,-15],[-42,-36],[-57,-38],[-29,-15],[-25,-4],[-16,10],[-13,14],[-41,80],[-20,25],[-27,69],[-12,28],[-20,17],[-15,22],[-29,56],[-18,45],[-19,19],[-5,16],[0,25],[4,22],[16,22],[18,16]],[[35921,54389],[12,-160],[66,-201],[38,-79],[58,-20],[36,-6],[30,-143],[-288,-73],[-178,484]],[[37300,52504],[71,85],[35,8],[101,-68],[28,-48],[36,-11],[36,-51],[40,-9],[41,16],[42,-2],[61,-27],[34,-42],[40,-15],[57,-4],[42,-17],[30,-35],[-29,-88],[30,-42],[24,-33],[-12,-25],[-16,-34],[-13,-50],[-57,-71],[-75,56],[-120,104],[-159,112],[-195,156],[-18,58],[-75,48],[21,29]],[[15782,53353],[-46,247],[-23,130],[-33,101],[-29,57],[-27,40],[-123,166],[-72,102],[-49,66],[-139,193],[-8,29],[0,47],[7,17],[11,8],[12,2],[18,-7],[53,-32],[70,-43],[24,-21],[40,-46],[20,-28],[32,-95],[34,-33],[25,-17],[36,-18],[6,-19],[-4,-25],[-18,-16],[-1,-12],[2,-15],[8,-16],[34,-49],[180,-215],[49,-63],[14,-29],[8,-19],[0,-23],[-5,-15],[-17,-15],[-29,-25],[-10,-12],[-12,-30],[-3,-14],[5,-38],[10,-52],[-3,-38],[8,-66],[3,-13],[2,-28],[-3,-18],[-3,-16],[-23,4],[-31,12]],[[3718,38857],[77,-15],[109,-32],[81,-40],[56,-57],[120,-140],[86,-117],[78,-115],[47,-46],[58,-60],[91,-46],[81,-51],[78,-76],[53,-55],[29,-66],[15,-46],[-24,-25],[-92,19],[-97,30],[-82,117],[-73,88],[-109,99],[-121,135],[-122,129],[-98,112],[-103,76],[-96,81],[-58,5],[-15,30],[2,41],[29,25]],[[35168,30865],[34,-6],[64,-10],[57,-1],[7,10],[6,35],[3,28],[11,1],[58,2],[56,13],[61,14],[43,15],[14,2],[31,-4],[82,-28],[35,-10],[24,-18],[16,-5],[26,3],[21,2],[49,-6],[4,-4],[-3,-9],[-82,-35],[-119,-31],[-91,-31],[-62,-37],[-63,-44],[-58,-36],[-26,-20],[-25,-20],[-22,-47],[-30,-84],[0,-45],[-4,-17],[-42,-46],[-42,-53],[-18,7],[-35,17],[-33,9],[17,52],[-5,20],[-12,8],[-13,7],[-36,2],[-35,13],[-7,13],[144,374]],[[20177,57580],[-117,-195],[-150,-294],[-93,-217],[-31,-46],[-170,-173],[-42,33],[-14,35],[4,50],[26,89],[112,17],[46,49],[91,60],[-19,203],[25,96],[-10,79],[53,31],[18,46],[11,57],[182,49],[18,24],[60,7]],[[34222,53517],[7,-128],[4,-99],[-1,-22],[-29,-11],[-55,-5],[-315,9],[-133,12],[-9,7],[1,10],[35,159],[3,18],[4,5],[3,2],[23,10],[165,18],[16,-3],[20,-3],[117,20],[120,15],[10,-4],[14,-10]],[[41632,39744],[48,2],[637,8],[20,-17],[6,-46],[-1,-76],[-2,-86],[-53,-13],[-59,38],[-79,2],[-86,-1],[-132,37],[-95,6],[-111,23],[-74,20],[-85,23],[18,63],[48,17]],[[35530,32450],[-109,-462],[-183,-705],[-14,-4],[-17,-11],[-10,-16],[-6,-19],[-8,-28],[-6,-17],[-7,-66],[-4,-9],[-22,18],[-2,24],[-10,11],[-15,7],[-26,7],[-46,13],[-21,-2],[-71,-4],[-42,-2],[-4,5],[51,78],[23,34],[16,25],[33,41],[20,17],[35,21],[108,65],[51,35],[23,27],[20,38],[40,138],[12,57],[25,180],[16,118],[14,115],[15,111],[21,151],[5,14],[9,8],[25,6],[20,-2],[35,-9],[6,-8]],[[44442,24119],[387,321],[11,-9],[13,-14],[25,0],[14,-16],[-3,-18],[-4,-17],[-3,-22],[-5,-24],[8,-8],[32,5],[43,5],[35,0],[12,-5],[19,-3],[21,-6],[-37,-152],[-380,-198]],[[32054,50396],[-21,-7],[-60,-12],[-127,-16],[-31,4],[-24,19],[-2,12],[5,31],[0,19],[-7,25],[-9,12],[-2,12],[51,350],[8,9],[29,-5]],[[36623,54177],[139,38],[10,-14],[137,-198],[-31,-25],[-450,-117],[-18,12],[-15,103],[-18,95],[39,14],[28,51],[179,41]],[[15510,52375],[8,20],[24,18],[65,24],[99,45],[127,47],[49,-18],[9,-20],[0,-34],[14,-34],[-3,-47],[23,-17],[15,-31],[-3,-36],[-18,-24],[-21,-14],[-22,-16],[-3,-24],[4,-30],[-4,-37],[-3,-56],[-15,-20],[-24,-8],[-60,45],[-119,90],[-92,86],[-41,33],[-19,34],[10,24]],[[17692,55639],[52,-80],[58,-82],[57,-59],[39,-42],[-17,-20],[-40,-37],[-23,-27],[-18,-30],[-17,-46],[-21,-51],[-10,-34],[-20,-71],[-12,-13],[-26,-13],[-68,-8],[-59,0],[-22,37],[-19,34],[2,232],[38,37],[36,42],[18,22],[12,53],[7,49],[10,45],[2,27],[41,35]],[[18420,51281],[14,-106],[-17,-84],[1,-80],[2,-51],[0,-69],[-11,-45],[-25,-12],[-117,-11],[-33,6],[-27,-11],[-86,-9],[-85,2],[5,56],[9,118],[11,61],[27,34],[92,88],[93,63],[53,40],[29,42],[65,-32]],[[26487,55716],[-13,35],[-13,49],[-10,51],[3,72],[14,70],[31,49],[54,52],[120,112],[50,-41],[63,-51],[71,-52],[67,-37],[-14,-26],[-30,-144]],[[15380,52532],[-61,-13]],[[15319,52519],[-20,0],[-11,11],[-16,46],[-14,23],[-2,15],[11,15],[37,6],[32,3],[29,11],[42,20],[77,73],[33,19],[8,15],[6,24],[4,14],[25,14],[163,57],[115,43],[28,14],[13,0],[11,-7],[37,-82],[50,-105],[-7,-9],[-52,-17],[-100,-24],[-189,-75],[-137,-60],[-81,-25],[-31,-6]],[[16032,53223],[40,-9],[92,-35],[35,-20],[80,-55],[48,-35],[16,-9],[20,-1],[56,12],[28,3],[9,-6],[3,-8],[2,-10],[-68,-87],[-34,-39],[-47,-29],[-96,-51],[-171,-69],[-19,3],[-11,14],[-17,52],[-53,106],[-47,97],[-7,35],[10,7],[18,5],[49,-3],[8,8],[17,58],[9,15],[8,13],[3,28],[19,10]],[[14469,55548],[121,-125],[153,-120],[156,-171],[37,-58],[42,-13],[27,2],[62,-64],[-14,-245],[-18,8],[-96,77],[-81,122],[-195,231],[-205,232],[-47,56],[-9,33],[67,35]],[[34742,54041],[12,4],[121,16],[89,5],[11,-5],[8,-13],[12,-62],[22,-69],[7,-18],[12,-19],[36,-42],[27,-32],[0,-12],[-6,-11],[-22,-11],[-29,0],[-11,-3],[-14,-7],[-56,-54],[-44,-56],[-42,-52],[-22,-18],[-12,-4],[-63,0],[-12,3],[-17,20],[-5,11],[-8,66],[-1,27],[1,327],[6,9]],[[3727,42090],[148,-145]],[[3875,41945],[87,-83],[32,-38],[37,20],[34,21],[43,27],[8,-23],[33,-2],[5,-117],[-19,0],[-45,3],[-52,-6],[-35,13],[-59,-16],[-41,-22],[-47,-30],[-64,-10],[-37,-10],[-50,-11],[-34,-4],[-30,14],[-42,32],[-33,34],[-54,79],[38,53],[20,36],[12,37],[7,26],[24,22],[56,51],[58,49]],[[29459,56118],[79,-68],[42,-33],[30,-22],[27,-29],[52,-50],[116,-106],[24,-37],[28,-72],[-74,-47],[-32,-22],[-39,-31],[-258,237],[-56,45],[-50,42],[-81,80],[-86,60],[48,4],[31,9],[69,22],[67,18],[32,6],[31,-6]],[[36583,53798],[334,90],[33,8],[25,-6],[17,-19],[102,-144],[-15,-29],[19,-31],[7,-33],[-119,-20],[-85,-13],[-67,-24],[-74,-25],[-92,-64],[-17,5],[-18,39],[-50,113],[-23,52],[23,101]],[[34402,54470],[31,2],[14,-2],[45,-47],[36,-54],[-35,-20],[-3,-8],[25,-47],[8,-3],[11,1],[23,7],[9,-3],[115,-210],[17,-33],[8,-27],[5,-21],[1,-48],[-1,-259],[1,-45],[-23,-14],[-144,-26],[-14,7],[-7,11],[-28,292],[14,13],[5,23],[-6,53],[19,5],[10,7],[0,10],[-5,15],[-29,59],[-40,95],[-8,1],[-49,-25],[-3,107],[1,19],[-8,14],[1,36],[4,115]],[[50883,65960],[-18,80],[-12,21],[29,53],[38,7],[24,26],[0,29],[22,29],[123,47],[45,-13],[43,-36],[-11,-63],[-5,-50],[-28,-19],[-34,-9],[-7,-29],[-5,-51],[-12,-14],[-26,-26],[-41,-101],[-27,-36],[-10,-36],[-12,-48],[-67,-69],[-52,-57],[-41,-2],[-40,15],[-23,38],[0,60],[13,29],[61,36],[22,7],[38,9],[19,14],[10,48],[0,58],[-16,53]],[[40859,39862],[37,50],[39,58],[54,20],[61,-29],[76,-17],[48,24],[68,-7],[97,-77],[75,-69],[52,-49],[34,-38],[-18,-56],[-75,-16],[-62,-6],[-70,-1],[-71,44],[-37,20],[-64,15],[-69,48],[-133,49],[-42,37]],[[35870,33301],[41,-51],[54,-60],[117,11],[153,11],[111,-21],[17,-10],[12,-29],[1,-16],[-3,-22],[-11,-8],[-38,-18],[-54,-11],[-81,-16],[-93,-29],[-65,-26],[-101,-18],[-17,1],[-10,10],[-6,53],[-12,50],[-21,13],[-34,-4],[-48,0],[0,-63],[-106,1],[-2,72],[1,104],[3,89],[112,6],[80,-19]],[[35910,52940],[7,2],[25,-17],[76,-19],[66,-1],[110,-9],[46,-6],[55,-42],[-42,-43],[-27,-122],[-27,-50],[-37,-24],[-43,-30],[-21,-28],[-16,-65],[-49,-46],[-43,-49],[-21,-27],[-31,16],[1,30],[-6,102],[-14,47],[-27,77],[-14,121],[-15,111],[-14,123],[61,-51]],[[42756,23697],[-17,3],[-10,13],[-16,11],[-19,17],[2,18],[9,30],[51,81],[40,63],[73,98],[26,52],[47,59],[83,97],[62,50],[11,26],[15,29],[95,-56],[38,-15],[24,0],[32,0],[31,-12],[28,-16],[54,-3],[76,1],[19,-9],[33,-22],[89,-7],[39,-7],[46,5],[42,18],[130,63],[59,-28],[-32,-46],[-50,-3],[-90,-12],[-89,-9],[-111,-11],[-162,-16],[-126,-8],[-95,-7],[-21,-4],[-20,-10],[-121,-121],[-41,-38],[-21,-30],[-14,-18],[-23,-24],[-11,-14],[-60,-70],[-73,-83],[-21,-21],[-11,-14]],[[16150,52314],[107,-802],[-116,1],[-20,86],[11,69],[9,120],[-31,118],[-41,120],[-150,18],[-2,64],[22,88],[32,80],[45,39],[134,-1]],[[15643,54231],[-38,17],[-19,14],[-16,17],[-19,37],[-17,51],[-18,40],[-29,38],[-21,26],[-15,15],[-25,8],[-302,212],[-10,13],[-4,15],[-2,88],[2,79],[6,22],[8,10],[10,4],[13,2],[19,-7],[28,-23],[13,-17],[22,-34],[21,-22],[40,-30],[46,-38],[26,-7],[76,-30],[37,-18],[26,-13],[11,-7],[9,-16],[8,-24],[-3,-19],[-7,-11],[-1,-8],[4,-8],[18,-12],[23,-16],[13,-14],[28,-47],[8,-21],[7,-40],[42,-69],[30,-54],[19,-30],[14,-12],[-1,-8],[-7,-5],[-59,-44],[-14,-4]],[[35504,53802],[-42,12],[-63,2],[-51,1],[-16,66],[15,75],[33,15],[-5,95],[32,26],[-1,87],[76,-12],[46,-6],[17,-8],[-4,-29]],[[15860,52965],[-45,-5],[-129,41],[-32,24],[-41,130],[-24,66],[-30,94],[-16,63],[-16,49],[-10,24],[-11,31],[-6,27],[1,28],[27,12],[44,23],[17,9],[6,-13],[-3,-23],[6,-14],[14,-10],[13,-45],[0,-41],[3,-19],[23,-40],[5,-24],[5,-10],[10,-19],[26,-32],[-8,-73],[1,-33],[30,-88],[17,-10],[71,-2],[16,-9],[41,-90],[-5,-21]],[[51765,71720],[20,-13],[6,-12],[-8,-102],[5,-72],[8,-62],[7,-25],[0,-28],[2,-22],[8,-26],[-3,-19],[-14,-7],[-26,3],[-9,-4],[-6,-22],[-12,-7],[-28,-2],[-22,1],[-19,-8],[-17,-11],[-6,-11],[-2,-22],[-2,-15],[-28,-30],[-16,-1],[-17,6],[-12,23],[-4,24],[3,46],[3,67],[13,41],[26,40],[33,38],[9,13],[15,32],[16,29],[3,18],[-4,28],[11,14],[22,6],[12,15],[11,26],[3,30],[9,16],[10,5]],[[45424,61507],[93,-19],[120,31],[95,12],[39,-9],[14,-33],[-15,-298],[-32,6],[-39,34],[-54,74],[-40,27],[-36,30],[-48,49],[-101,79],[4,17]],[[47383,62135],[4,-33],[0,-40],[-26,-47],[-11,-38],[6,-33],[-24,-6],[-78,2],[-22,24],[-90,2],[-136,2],[-158,5],[-35,35],[-44,25],[20,19],[168,24],[279,45],[147,14]],[[28871,53453],[218,-134],[23,-15],[8,-11],[2,-13],[0,-15],[-14,-16],[-51,-69],[-38,-70],[-13,-6],[-21,3],[-21,9],[-189,129],[-11,18],[-5,18],[4,32],[29,90],[13,28],[19,14],[18,8],[29,0]],[[53130,72161],[-21,25],[-44,59],[-43,69],[-55,89],[-9,23],[2,25],[18,38],[66,91],[10,1],[19,-1],[11,-21],[8,-16],[26,-12],[8,-8],[8,-11],[-6,-17],[-3,-13],[1,-14],[11,-10],[21,-10],[25,-16],[21,0],[18,-10],[16,-15],[2,-13],[0,-18],[-27,-51],[-19,-27],[-3,-13],[7,-25],[4,-17],[-5,-17],[-22,-24],[-8,-20],[-15,-25],[-22,4]],[[29231,51744],[41,-20],[38,-22],[23,-23],[3,-46],[0,-52],[13,-59],[10,-36],[5,-25],[-3,-11],[-38,-2],[-8,6],[-5,34],[-39,80],[-43,73],[-51,51],[-93,56],[-97,58],[-89,34],[-47,51],[-15,45],[4,93],[12,23],[37,-14],[20,-22],[74,-64],[100,-99],[88,-76],[60,-33]],[[42422,62611],[-68,113],[-33,87],[2,45],[22,83],[82,208],[50,72],[27,19],[35,-21],[37,-73],[6,-51],[-37,-24],[-14,12],[-20,13],[-16,-14],[5,-20],[11,-20],[3,-16],[2,-20],[-15,-36],[-14,-27],[-11,-25],[-10,-128],[-24,-97],[7,-46],[5,-38],[-5,-9],[-27,13]],[[51342,65787],[-59,-102],[-40,-73],[-26,-74],[-7,-45],[-11,-30],[-59,17],[-102,55],[-31,20],[-6,16],[19,11],[65,4],[11,24],[37,62],[5,24],[8,42],[7,41],[17,19],[24,7],[30,4],[33,14],[24,0],[30,-3],[28,-17],[3,-16]],[[51007,72143],[94,71],[-238,-578],[-48,-3],[-71,34],[43,108],[86,179],[76,142],[58,47]],[[35029,54087],[111,11],[39,-11],[26,-4],[29,0],[67,13],[12,-2],[8,-10],[11,-126],[-14,-64],[14,-45],[-4,-5],[-14,-5],[-6,-7],[-5,-9],[-1,-17],[-39,-4],[-28,-8],[-54,1],[-38,-1],[-53,79],[8,11],[1,12],[-8,17],[-11,5],[-15,-4],[-9,3],[-7,19],[-32,125],[1,16],[11,10]],[[15380,52532],[-55,-116],[-84,0],[-85,-36],[-82,-48],[-166,-47],[-145,-35],[-158,-21],[-5,9],[117,65],[111,71],[116,59],[56,21],[60,9],[73,-58],[56,52],[51,1],[-2,48],[81,13]],[[53751,62633],[-8,28],[22,18],[14,36],[9,50],[6,85],[11,41],[30,6],[152,-8],[36,-21],[8,-121],[-11,-23]],[[57707,63546],[230,-62],[257,-76],[419,-77],[3,-106],[-95,-49],[-56,-19],[-110,-11],[-97,-2],[-59,4],[-32,35],[-47,-3],[-23,29],[14,15],[6,37],[-15,23],[-25,6],[-9,-27],[5,-33],[3,-42],[2,-14],[-161,13],[-148,9],[-111,-4],[-39,10],[-51,46],[-22,-73],[7,-62],[-215,-63],[-112,-22],[-34,37],[-22,38],[-8,31],[10,23],[8,52],[-19,4],[-40,-13],[-17,-34],[7,-49],[17,-29],[33,-33],[15,-38],[-2,-45],[-19,-44],[-137,19],[-13,50],[-9,60],[-17,31],[-54,62],[-39,80],[-6,44],[25,25],[73,36],[78,40],[80,10],[95,-16],[34,-2],[42,34],[55,33],[63,18],[80,-6],[68,-9],[18,47],[32,30],[84,32]],[[31908,51519],[-7,14],[17,279],[35,331],[18,249],[6,12],[29,-1],[39,-12],[132,-61],[94,-56],[41,-38],[28,-28],[14,-27],[13,-16],[53,-33],[13,11],[19,2],[502,-147],[24,-9],[16,-35],[1,-19],[-29,-79],[0,-11],[6,-13],[25,-28],[0,-12],[-56,-124],[-11,-11],[-567,191],[-25,6],[-18,1],[-20,-6],[-45,-26],[-293,-319],[-54,15]],[[45805,61524],[203,-4],[317,-91],[20,0],[104,-213],[76,-93],[90,-123],[246,-385],[122,-191],[-353,-264],[-186,483],[-38,122],[-29,124],[-12,43],[-46,33],[-328,219],[-43,-20],[-43,-4],[-26,1],[-28,25],[-22,18],[-41,-1],[3,119],[14,202]],[[20583,57496],[5,35],[38,8],[209,-162],[198,-159],[38,-8],[48,40],[73,66],[52,-65],[44,-73],[-81,-106],[-91,-177],[-71,-101],[-57,5],[-42,33],[-58,49],[-60,-37],[-83,-43],[-68,-14],[-137,18],[-60,31],[-79,39],[-50,28],[-67,9],[-53,-18],[-57,46],[-15,89],[-29,49],[8,38],[73,65],[63,79],[85,101],[53,55],[58,15],[63,32],[50,33]],[[52061,74526],[2,-16],[-2,-17],[-66,-165],[-91,-220],[-134,-341],[-48,-88],[-32,-75],[-34,-80],[-23,-51],[-14,-23],[-16,-7],[-24,9],[-33,12],[-39,8],[-33,9],[-18,11],[-16,23],[-13,43],[-13,64],[-12,71],[-10,54],[-12,55],[-8,44],[-7,29],[-4,23],[-11,24],[-15,16],[-9,15],[2,16],[1,19],[-3,15],[-32,34],[-11,32],[-10,40],[1,28],[-2,30],[2,18],[18,24],[45,65],[93,150],[86,119],[36,32],[31,18],[31,11],[45,6],[75,-3],[187,-33],[83,-18],[41,-14],[16,-16]],[[41716,40237],[-20,8],[-32,20],[-77,9],[-37,-16],[-66,-17],[-16,4],[-36,18],[3,61],[-81,9],[-39,52],[-36,28],[-97,15],[-34,47],[-32,23],[-27,38],[-26,48],[-5,42],[7,69],[10,44],[31,35],[54,60],[19,10],[31,10],[49,29],[28,24],[19,36],[60,78],[37,37],[34,17],[36,11],[35,9],[29,-1],[35,-12],[50,-25],[101,-64],[12,-35],[23,-7],[39,-17],[80,-83],[16,-29],[18,-20]],[[4664,41263],[-93,-106],[-110,-110],[-82,-26],[-55,15],[-183,131],[-95,87],[-92,52],[-35,55],[-48,7],[-61,31],[-50,27],[-42,32],[-24,36],[-7,43],[43,47],[77,19],[51,20],[56,-11],[41,50],[71,23],[71,3],[52,-12],[49,-11],[60,-6],[33,38],[28,32],[27,22],[43,2],[23,-6],[24,-11],[13,-37],[60,-26],[49,-24],[41,-10],[38,-3],[22,-4],[34,-31],[41,-5],[11,-21],[-2,-55],[-16,-51],[-23,-28],[-26,-75],[-4,-32],[-10,-71]],[[16585,53596],[95,177],[60,121],[12,19],[13,29],[86,158],[85,140],[59,110],[87,136],[50,62],[25,67],[22,46],[15,48],[22,37],[48,65],[35,40],[44,41],[58,33],[50,13],[79,21],[71,15],[37,6],[39,6],[9,-6],[-2,-51],[5,-20],[8,-11],[-5,-33],[-8,-19],[-66,-158],[-40,-86],[-60,-106],[-28,-57],[-60,-109],[-13,-27],[-2,-21],[-1,-52],[-30,-63],[-59,-101],[-21,-27],[-22,-19],[-100,-85],[-25,-9],[-24,0],[-26,14],[-30,21],[-29,11],[-19,1],[-10,-3],[-8,-16],[-11,-16],[-27,-11],[-39,-11],[-5,-17],[10,-13],[23,-6],[13,2],[55,35],[25,-1],[17,-8],[18,-15],[7,-14],[0,-17],[-6,-19],[-125,-102],[-47,-44],[-47,-55],[-49,-56],[-16,-10],[-68,-98]],[[28853,55453],[35,106],[23,100],[36,61],[84,-65],[285,-228],[57,-52],[20,-62],[-1,-30],[-99,-321],[-207,-553],[-117,140],[-385,458],[113,108],[44,78],[51,106],[61,154]],[[29935,51556],[1,-23],[-6,-49],[-4,-40],[-11,-9],[-7,-4],[-476,23],[-19,4],[-7,5],[-7,35],[-22,69],[-12,86],[7,58],[-7,25],[-26,32],[-14,5],[-22,-5],[-44,20],[-70,51],[-92,79],[-108,113],[-47,41],[-13,10],[-7,27],[4,9],[186,136],[5,11],[-3,15],[-24,53],[1,11],[6,8],[229,145],[27,-2],[211,-323],[82,-127],[10,-29],[198,-329],[37,-55],[24,-37],[15,-24],[5,-15]],[[29150,51009],[-254,121],[-425,213],[-355,153],[-414,204],[-120,59],[4,61],[9,68],[10,70],[16,75],[10,72],[-1,46],[5,25],[21,-5],[19,-12],[23,-20],[65,-35],[78,-43],[-4,-39],[24,-49],[41,-39],[86,-52],[77,-49],[104,-51],[62,-23],[89,57],[159,-103],[198,-119],[148,-81],[57,-15],[130,-122],[94,-42],[57,22],[63,-37],[55,-23],[-15,-62],[-20,-70],[-14,-78],[-11,-57],[-13,-37],[-58,17]],[[28853,51306],[5,-33],[15,-16],[37,-16],[64,-16],[19,11],[-3,12],[-137,58]],[[3353,40715],[35,10],[62,-12],[33,-6],[43,-28],[18,1],[39,-33],[29,-33],[29,-41],[3,-57],[-3,-57],[-18,-49],[-25,-92],[18,-66],[36,-53],[63,-35],[56,-39],[34,-28],[15,-19],[13,-47],[2,-52],[5,-80],[14,-70],[19,-75],[17,-51],[30,-43],[28,-40],[32,-30],[42,-39],[67,-56],[62,-45],[89,-78],[53,-50],[34,-47],[18,-42],[3,-42],[-3,-23],[-31,-29],[-35,-36],[-49,-63],[-23,-44],[-39,-49],[-19,-38],[-27,-18],[-47,37],[-62,69],[-72,54],[-57,48],[9,40],[18,19],[54,25],[42,37],[17,26],[-7,41],[-60,66],[-61,73],[-42,59],[-10,60],[-4,43],[1,42],[-30,44],[-15,49],[18,64],[-23,61],[-17,68],[-39,33],[-36,15],[-64,20],[-50,26],[-40,43],[-52,62],[-62,-8],[-76,-18],[-12,8],[-29,33],[-29,36],[-43,54],[-25,20],[-21,13],[-27,1],[-41,-5],[-41,8],[-20,8],[-10,16],[-8,17],[-9,22],[-14,25],[-4,44],[16,49],[31,54],[59,64],[69,53],[60,38],[45,35],[51,33]],[[21721,57214],[90,15],[65,22],[115,22],[65,10],[33,12],[70,-13],[57,-13],[60,-31],[17,-38],[5,-41],[-28,-58],[0,-58],[14,-68],[6,-66],[-24,-53],[55,-38],[59,-49],[33,-31],[-9,-45],[-3,-56],[-6,-106],[0,-94],[17,-61],[7,-52],[-23,-37],[-50,-20],[-60,13],[-70,34],[-89,67],[-40,30],[-35,41],[-34,34],[-12,66],[-28,33],[-14,76],[-25,31],[-67,69],[-57,39],[-27,43],[-32,31],[-2,58],[-40,34],[-15,53],[-17,81],[-87,42],[68,47],[58,25]],[[41808,21118],[33,0]],[[41841,21118],[48,1],[388,-307],[-3,-27],[-74,-60],[-38,-42],[-29,-35],[-109,-64],[-136,-85],[-93,-63],[-45,-41],[-28,-15],[-32,-27],[-56,-28],[-106,-35],[-164,-77],[-79,-40],[-34,4],[-84,92],[-139,152]],[[41028,20421],[780,697]],[[26751,56368],[-15,-41],[-23,-51],[-74,-77],[-62,-54],[-61,-56],[-38,-41],[-26,-40],[-15,-46],[-10,-57],[2,-82],[4,-31],[-34,6],[-50,8],[-58,7],[26,132],[16,86],[11,108],[18,96],[12,64],[-4,43],[-44,23],[-54,79],[-60,68],[-114,151],[-54,70],[17,53],[67,49],[49,56],[73,14],[58,31],[69,55],[67,61],[49,21],[58,20],[17,-22],[49,12],[46,-5],[38,-27]],[[4998,41474],[51,-29],[45,-48],[19,-21],[8,-19],[1,-25],[-3,-38],[-8,-58],[-13,-37],[-10,-43],[-8,-23],[-16,-11],[-26,-35],[-9,-24],[-12,-37],[-22,-42],[-19,-25],[-24,-29],[-14,-20],[-12,-5],[-11,-24],[-16,-6],[-3,-8],[0,-36],[9,-30],[25,-46],[31,-62],[34,-81],[18,-40],[40,-52],[39,-63],[21,-72],[8,-12],[103,-111],[71,-64],[50,-41],[86,-42],[75,-33],[30,-17],[47,-31],[14,-7],[45,-4],[55,-19],[27,-17],[5,-18],[-1,-13],[-30,-36],[-10,-41],[-23,-38],[-37,-40],[-42,-37],[-68,-27],[-14,4],[-25,56],[-24,60],[-12,19],[-50,48],[-38,44],[-16,8],[-61,12],[-72,23],[-64,33],[-30,35],[-12,18],[-18,29],[-18,52],[-12,24],[-9,8],[-14,4],[-30,7],[-68,37],[-11,3],[-38,2],[-66,9],[-44,29],[-21,3],[-31,0],[-52,2],[-19,6],[-17,44],[-2,16],[15,46],[16,24],[42,37],[38,53],[17,48],[6,30],[-5,19],[-8,24],[-13,39],[-1,20],[13,60],[-1,16],[-12,18],[-14,13],[-28,14],[-45,16],[-36,4],[-30,21],[-16,5],[-20,-1],[-40,-10],[-19,-3],[-10,8],[-16,19],[-23,42],[-4,24],[3,12],[10,14],[27,20],[35,38],[18,15],[35,24],[57,55],[47,73],[10,11],[13,0],[14,-10],[20,2],[15,-5],[22,-22],[11,-4],[13,0],[52,13],[58,16],[31,14],[29,15],[21,18],[15,19],[8,23],[4,25],[-2,39],[12,32],[6,20],[-3,22],[-19,37]],[[4972,40438],[-12,-2],[-9,-10],[0,-11],[5,-15],[11,-25],[6,-22],[4,-18],[7,-10],[7,-1],[9,0],[10,14],[6,17],[11,29],[4,19],[-2,17],[-4,11],[-10,5],[-43,2]],[[33680,53243],[180,-12],[342,-13],[14,-18],[-67,-66],[-37,-57],[-25,-31],[-724,-1126],[-89,21],[1,56],[-6,55],[27,78],[50,146]],[[41484,22779],[13,33],[21,25],[6,17],[7,21],[30,48],[44,57],[47,78],[23,18],[24,5],[12,-19],[18,-30],[20,-16],[24,-17],[8,-15],[63,-46],[24,18]],[[42593,22198],[24,-26],[7,-11],[-8,-22],[-19,-22],[-35,-25],[-35,-27],[-32,-29],[-25,-26],[-31,-41],[-24,-49],[-43,-59],[-139,127]],[[52980,74510],[8,11],[8,8],[16,-2],[20,-9],[28,-19],[41,-18],[47,-14],[35,-27],[48,-20],[75,-30],[74,-27],[43,-16],[36,-23],[27,-15],[10,-13],[3,-18],[-60,-72],[-47,-75],[-42,-73],[-34,-67],[-47,-52],[-12,-23],[-4,-24],[6,-24],[4,-19],[-7,-17],[-58,-69],[-61,-69],[-72,-76],[-63,-50],[-53,-38],[-18,-11],[-22,1],[-23,16],[-22,39],[-19,40],[-30,77],[-33,72],[-43,55],[-24,19],[-12,18],[-6,15],[8,37],[7,48],[6,23],[14,31],[14,19],[28,19],[15,32],[5,33],[11,53],[13,28],[14,18],[26,16],[16,22],[23,41],[25,59],[22,67],[36,93]],[[1665,39565],[22,20],[37,11],[33,2],[19,-6],[15,-18],[0,-26],[8,-68],[12,-218],[5,-31],[5,-36],[1,-31],[-2,-33],[-14,-31],[-30,-47],[-40,-66],[-4,-18],[8,-26],[10,-64],[-6,-35],[-12,-35],[-17,-47],[-22,-55],[-3,-50],[1,-26],[13,-142],[6,-54],[16,-51],[34,-64],[33,-44],[32,-25],[43,-22],[86,-39],[77,-28],[28,-14],[14,-19],[5,-21],[3,-19],[-20,-27],[-21,-13],[-28,-7],[-55,-6],[-105,7],[-72,3],[-37,-1],[-35,-10],[-41,-32],[-31,-32],[-15,-16],[32,-35],[11,-22],[-2,-26],[-16,-30],[-19,-15],[-53,-15],[-32,-7],[-37,-19],[-30,-18],[-31,-25],[-36,-38],[-50,-75],[-64,-94],[-29,-37],[-33,-43],[-30,-32],[-25,-14],[-22,2],[-14,6],[-13,16],[-7,38],[-5,77],[-11,75],[-2,63],[10,57],[27,63],[58,97],[153,245],[80,145],[70,164],[56,204],[68,310],[31,134],[31,154],[9,51],[7,36],[-2,38],[-12,43],[-18,41],[-22,32],[-16,16]],[[40655,20826],[792,546],[166,112],[244,-229],[-49,-137]],[[41028,20421],[-154,178],[-69,92],[-21,27],[-29,14],[-29,25],[-41,33],[-30,36]],[[36654,53463],[55,36],[49,35],[77,26],[81,24],[77,14],[108,15],[60,-19],[50,-29],[23,-15],[46,-56],[-1,-37],[-55,-44],[-178,-85],[-205,-62],[-74,-35],[-8,-58],[30,-70],[50,-41],[75,-20],[103,-31],[122,-86],[93,-110],[44,-47],[82,-67],[32,-56],[-165,-194],[-95,11],[-62,62],[-123,80],[-134,86],[-171,99],[-92,84],[-187,125],[-59,31],[-22,41],[178,180],[165,170],[31,43]],[[40655,20826],[-72,77],[-59,63],[-45,55],[-25,57],[-40,54],[-18,22],[-12,39],[6,30],[13,24],[30,114],[24,80],[15,33],[16,48],[27,110],[69,-13],[41,0],[32,-11],[26,-11],[60,-18]],[[41554,21555],[92,-53],[108,-83],[79,-45],[18,-1],[36,32],[108,-65],[-52,-53],[-16,-53],[-17,-44],[-16,-29],[-12,-19],[-41,-24]],[[19961,58097],[61,51],[43,29],[34,47],[13,21],[8,31],[37,48],[41,-14],[27,-12],[24,-10],[20,3],[27,9],[34,10],[25,12],[27,47],[27,34],[39,34],[106,94],[104,95],[40,37],[34,22],[29,-9],[5,-89],[-3,-38],[-3,-33],[-8,-34],[88,-8],[95,-8],[175,7],[123,19],[59,-22],[42,-15],[32,-23],[20,-8],[27,-19],[6,-15],[-13,-13],[-6,-7],[-378,-10],[-241,-14],[-50,1],[-51,-10],[-35,-29],[-39,-32],[-27,-29],[-59,-94],[-204,-338],[-77,-126],[-25,-44],[-15,-21],[-43,-26],[-53,0],[-80,-2],[-86,17],[3,39],[14,59],[23,51],[15,45],[8,61],[5,49],[-43,61],[-19,22],[-17,38],[5,23],[30,36]],[[26507,54894],[27,23],[27,13],[56,-44],[29,-41],[51,-108],[53,-90],[62,-105],[71,-149],[56,-101],[44,-97],[4,-36],[11,-62],[-3,-64],[-3,-89],[-5,-83],[-1,-82],[1,-29],[-19,-16],[-24,-6],[-56,3],[-45,14],[-38,40],[-18,16],[-14,25],[-16,14],[-39,10],[-14,3],[-43,4],[-54,17],[-47,23],[-63,14],[-56,42],[-103,53],[-25,35],[1,25],[48,187],[4,144],[-9,34],[52,75],[28,59],[16,57],[14,64],[10,85],[21,80],[9,43]],[[48907,63733],[12,-19],[104,-210],[3,-17],[-8,-9],[-234,-234],[-274,-292],[-263,-287],[-15,-11],[-27,6],[-7,17],[1,25],[12,38],[13,39],[4,27],[0,101],[-12,54],[-2,26],[37,57],[2,22],[-11,74],[14,35],[-34,53],[1,23],[13,17],[17,14],[6,18],[13,41],[16,71],[3,34],[-6,69],[-22,69],[-8,30],[0,14],[10,19],[28,19],[23,13],[85,42],[42,19],[53,19],[54,32],[61,36],[11,3],[118,-40],[76,-21],[76,-25],[15,-11]],[[17329,41408],[57,-285],[-102,-86],[-25,66],[16,24],[-85,140],[65,60],[24,50],[50,31]],[[15946,43680],[32,-22],[12,-14],[4,-13],[-1,-11],[-8,-11],[-47,-20],[-40,-11],[-36,5],[-39,12],[-29,-7],[-27,-13],[-38,-23],[-26,2],[-42,29],[-19,9],[-21,1],[-22,-11],[-13,-17],[-17,5],[-25,11],[-45,5],[-82,31],[-76,37],[-38,52],[-18,40],[-4,13],[4,4],[10,-5],[27,-24],[72,-51],[26,-5],[27,-10],[41,-24],[16,-4],[23,5],[27,15],[21,0],[37,-5],[31,-7],[43,-13],[19,0],[19,11],[16,18],[19,10],[32,10],[47,12],[31,-4],[30,-7],[29,-2],[18,-3]],[[12922,38210],[-7,-72],[6,-31]],[[12921,38107],[-93,-21],[-75,-2],[-80,-10],[-67,11],[-2,36],[77,29],[41,33],[-20,46],[-40,46],[-109,56],[3,54],[80,-9],[67,-28],[57,-41],[77,-64],[85,-33]],[[26898,30379],[116,-35],[-49,-169],[-8,-46],[-121,29],[62,221]],[[31872,33384],[28,-25],[28,-10],[127,-16],[61,-18],[19,-9],[55,-11],[27,-9],[-80,-47],[-49,-60],[-58,-50],[-30,-15],[-40,3],[-23,31],[-69,186],[-11,41],[15,9]],[[32601,30247],[3,30],[126,114],[84,-30],[36,-23],[56,37],[45,-45],[-106,-88],[-92,-58],[-91,0],[-61,63]],[[32255,30234],[53,39],[50,26],[37,4],[31,-10],[72,-73],[-103,-112],[-49,21],[-91,105]],[[19440,40984],[-155,39]],[[19285,41023],[-17,67],[1,36],[22,12],[28,6],[18,-12],[17,2],[18,5],[9,-3],[25,-11],[26,-24],[11,-25],[0,-18],[0,-33],[-3,-41]],[[14937,35406],[-145,42],[-5,21],[7,65],[6,25],[10,6],[18,0],[191,-49],[42,-21],[16,-22],[6,-22],[-17,-69],[-17,-9],[-112,33]],[[29852,47184],[-3,26],[186,527],[7,15],[12,8],[12,0],[15,-6],[8,-11],[0,-15],[-71,-262],[-7,-42],[-56,-257],[-5,-11],[-5,-7],[-32,0],[-17,3],[-44,32]],[[17173,42266],[20,-64],[21,-64],[-407,-136],[-6,71],[7,34],[10,29],[22,16],[179,71],[18,-24],[63,15],[1,34],[72,18]],[[26944,31803],[158,-33],[-42,-157],[-77,31],[20,67],[-76,18],[17,74]],[[25200,38901],[-17,15],[-23,30],[-1,19],[23,100],[208,-51],[12,-15],[-14,-95],[-10,-41]],[[25378,38863],[-178,38]],[[18761,41152],[47,49],[58,5],[28,40],[-12,34],[78,81],[39,-29],[-34,-82],[-19,-55],[-3,-63],[-3,-79],[-140,54],[-39,45]],[[25378,38863],[14,-38],[4,-15],[-8,-36],[-15,-36],[-201,65],[0,54],[4,22],[24,22]],[[31386,47057],[77,137],[27,-2],[38,139]],[[31528,47331],[60,-11],[67,-36],[5,-10],[-181,-322],[-8,-6],[-11,0],[-93,28],[-7,10],[-3,10],[29,63]],[[31644,29543],[-81,126],[79,61],[15,-35],[90,39],[54,-114],[-94,-49],[-63,-28]],[[18872,40625],[29,18],[31,-28],[29,-52],[8,-52],[-8,-58],[-41,-99],[-42,-96],[-32,-13],[-39,24],[-32,27],[-36,23],[37,90],[96,216]],[[16835,44032],[13,-8],[26,-58],[54,-111],[70,-80],[83,-57],[-27,-64],[-113,88],[-93,76],[-13,21],[-5,177],[5,16]],[[17398,41515],[160,11],[19,-51],[-151,-51],[-12,2],[-3,13],[-14,68],[1,8]],[[16033,37419],[-19,-6],[-49,59],[7,17],[3,23],[-16,50],[-8,45],[55,34],[28,-46],[14,-32],[6,-34],[4,-21],[8,-12],[23,-13]],[[16089,37483],[-56,-64]],[[29875,49744],[27,-108],[-4,-21],[-9,-16],[-67,1],[-2,116],[24,26],[31,2]],[[27962,48468],[13,16],[40,-18],[15,-23],[7,-105],[-78,-40],[-17,28],[8,73],[12,69]],[[18418,39996],[78,-31],[7,-7],[-33,-96],[-8,-10],[-13,-3],[-18,5],[-65,30],[-11,14],[-1,10],[4,13],[41,70],[8,6],[11,-1]],[[30411,49469],[13,-20],[-39,-48],[-33,-27],[-9,-27],[11,-14],[-11,-18],[-61,17],[-59,42],[52,24],[53,35],[83,36]],[[31903,36700],[23,12],[33,-40],[9,-40],[-23,-8],[-16,28],[-26,48]],[[16466,49499],[-39,105],[1,20],[24,10],[19,-9],[70,-206],[8,-26],[-20,-12],[-35,63],[-24,41],[-4,14]],[[26977,30553],[88,-17],[-11,-54],[-99,15],[22,56]],[[16024,43571],[8,15],[65,12],[20,9],[15,5],[21,2],[12,-8],[6,-13],[9,-65],[-32,-48],[-15,1],[-40,34],[-11,6],[-10,-4],[-48,54]],[[24306,33069],[23,-16],[23,-2],[72,-57],[13,-15],[-31,-27],[-44,31],[-37,19],[-36,33],[17,34]],[[27212,32762],[64,-1],[-25,-106],[-57,14],[18,93]],[[34623,28582],[31,-21],[-28,-69],[-7,-18],[-35,-57],[-20,-8],[-40,22],[-3,9],[40,73],[28,48],[21,20],[13,1]],[[29869,46894],[-50,-89],[-120,74],[38,83],[132,-68]],[[17417,41399],[29,-87],[1,-11],[-29,-8],[4,-5],[-20,-4],[-8,46],[8,4],[4,19],[2,24],[-11,4],[1,14],[9,7],[10,-3]],[[27330,31983],[24,60],[112,-44],[-26,-65],[-110,49]],[[17500,41274],[-10,6],[-44,129],[110,27],[56,-137]],[[17612,41299],[-55,-12],[-57,-13]],[[16089,37483],[22,23],[8,-1],[60,-50],[-9,-45],[-50,-63],[-10,-5],[-18,6],[-60,63],[1,8]],[[27533,32750],[22,-1],[-50,-248],[-50,3],[78,246]],[[13590,34902],[66,54],[15,14],[14,22],[28,96],[10,12],[33,36],[14,22],[28,37],[20,28],[20,21],[27,19],[69,33],[16,0],[16,-5],[79,-32],[197,-70],[182,-56],[129,-47],[43,-14],[12,-6],[9,-8],[2,-19],[-12,-21],[-67,-71],[-12,-11],[-17,-14],[-163,-76],[-230,-89],[-14,-1],[-27,-14],[-14,-9],[-121,-40],[-29,-7],[-44,0],[-23,3],[-36,12],[-120,76],[-125,90],[2,7],[23,28]],[[17472,37146],[-242,-541],[-14,-10],[-171,65],[-173,65],[-166,64],[-77,28],[-35,1],[-44,-3],[-49,5],[-6,8],[4,11],[14,50],[14,27],[29,56],[34,44],[78,82],[147,158],[657,-110]],[[17961,42157],[270,-426],[-144,-146],[-79,-62],[-73,-31],[-60,18],[-68,29],[-47,24],[-76,36],[-14,-38],[-50,-15],[-105,-7],[-150,-6],[-60,404],[-2,14],[658,206]],[[30554,29563],[5,67],[3,74],[9,85],[31,51],[18,47],[106,-4],[151,-17],[60,61],[70,-52],[70,1],[85,34],[48,-20],[39,-29],[85,-30],[63,-48],[-8,-25],[-80,21],[-83,-1],[-23,-27],[17,-40],[20,-56],[3,-103],[-61,14],[-64,32],[-33,66],[-59,-10],[-1,-42],[121,-92],[44,6],[49,-20],[9,-31],[-63,-109],[-119,-106],[-91,32],[-126,67],[-99,3]],[[30847,29567],[23,122],[-3,42],[-30,10],[-10,-37],[11,-52],[-7,-77],[16,-8]],[[30688,29675],[16,63],[43,-4],[14,64],[-79,68],[-74,-40],[-18,-68],[40,-8],[58,-75]],[[17234,49414],[142,72],[285,122],[11,-2],[9,-15],[1,-8],[-4,-17],[-29,-86],[-27,-54],[-4,-9],[-1,-9],[1,-50],[6,-118],[14,-126],[0,-78],[2,-53],[-5,-43],[-3,-34],[-6,-18],[-16,-22],[-4,-19],[1,-22],[4,-17],[-4,-52],[-2,-21],[1,-22],[6,-14],[4,-31],[7,-50],[-7,-51],[-9,-19],[-15,-24],[-28,1],[-289,33],[-27,7],[-9,10],[1,34],[4,137],[-8,159],[10,30],[-2,40],[-9,46],[-3,193],[-6,187],[8,13]],[[7642,45201],[27,12],[43,65],[12,30],[12,13],[16,6],[20,-15],[27,-24],[34,-18],[35,-18],[37,-28],[20,-19],[24,-22],[28,-21],[25,-4],[35,0],[31,-1],[31,0],[38,-15],[50,-13],[49,-4],[89,-3],[99,-29],[-33,-50],[-57,-24],[-41,-11],[-44,-23],[-64,-30],[-60,-11],[-40,-4],[-41,8],[-58,7],[-65,2],[-71,-1],[-46,27],[-60,19],[-53,6],[-78,28],[-89,42],[43,71],[38,20],[37,32]],[[17454,42468],[249,98],[36,-13],[118,-221],[88,-150],[-646,-211],[-34,217],[212,154],[-23,126]],[[14279,34515],[105,-44],[90,-51],[51,-39],[12,-15],[26,-40],[1,-14],[-27,-76],[-34,-79],[-6,-12],[-8,-5],[-37,-12],[-249,-62],[-224,-55],[-62,-19],[-37,-14],[-65,-23],[-42,-19],[-19,-7],[-47,-6],[-17,1],[-138,47],[-122,51],[-13,8],[-44,44],[-54,62],[-34,43],[-10,15],[-8,22],[-10,57],[3,15],[10,14],[94,50],[108,59],[22,9],[214,70],[155,47],[132,33],[15,1],[27,-7],[15,-11],[11,-4],[54,-7],[139,-19],[23,-8]],[[16733,46110],[132,563],[82,297],[22,22],[48,3],[34,-9],[-14,-158],[-5,-149],[-43,-672],[-12,-174],[-8,-19],[-29,-13],[-24,33],[-70,50],[-22,62],[-36,87],[-55,77]],[[31920,47587],[231,402],[34,61],[26,102],[24,146],[132,-7],[-5,-49],[57,-3],[67,-91],[19,-70],[-6,-79],[-21,-65],[-21,-51],[-11,-47],[24,-56],[27,-61],[7,-59],[2,-90],[-17,-71],[-36,-96],[-28,-84],[-150,-241],[-240,-323],[-26,54],[16,43],[-57,53],[-59,-13],[-65,-62],[-54,-68],[-49,20],[-144,79],[-66,46],[270,476]],[[32372,47391],[13,52]],[[31110,48637],[66,-26],[17,-15],[8,-44],[2,-58],[-58,-375],[-51,-271]],[[31094,47848],[-46,8],[-121,35],[-100,45],[-4,10],[13,61],[15,119],[26,55],[15,60],[9,75],[22,144],[18,40],[-1,42],[-1,52],[13,48],[13,19],[34,-5],[11,9]],[[31010,48665],[100,-28]],[[27905,48889],[222,4],[386,7],[26,-2],[21,-12],[20,-28],[5,-19],[19,-138],[10,-8],[49,18],[35,1],[15,-7],[90,-119],[77,-119],[112,-159],[29,-29],[38,-22],[58,-27],[70,-12],[64,1],[41,6],[11,2],[3,-12],[-19,-23],[-11,-36],[-1,-32],[-11,-28],[-35,-54],[-24,-19],[-49,-49],[-20,-37],[-9,-1],[-131,149],[-214,243],[-11,16],[-35,28],[-68,58],[-16,6],[-21,-6],[-45,-8],[-123,-18],[-117,-20],[-80,-6],[-110,-13],[-39,57],[-36,34],[-49,40],[-48,25],[-17,16],[-18,66],[-46,141],[-15,118],[2,14],[15,13]],[[14739,35280],[-49,-142],[-21,-48],[-48,1],[-64,14],[-316,99],[-206,75],[-39,20],[7,29],[21,8],[14,40],[45,35],[50,21],[34,32],[27,7],[44,-5],[56,-13],[59,-20],[66,-24],[31,-43],[41,32],[35,16],[90,-37],[82,-39],[41,-58]],[[32837,45070],[27,-102],[77,-155],[62,-120],[52,-140],[42,-114],[17,-122],[16,-77],[-300,167],[-51,36],[-50,21],[-111,1],[-74,5],[-121,56],[-111,70],[-68,58],[-83,72],[-23,140],[-17,62],[91,53],[75,51],[108,-17],[63,8],[57,35],[75,22],[22,41],[128,74],[44,5],[12,-104],[41,-26]],[[35233,32848],[66,-127],[16,-48],[37,-91],[7,-107],[-4,-74],[-14,-81],[-9,-77],[-7,-58],[-12,-97],[-11,-108],[-35,-102],[-12,-62],[6,-97],[-78,-148],[-26,-2],[-58,-45],[-77,-2],[-49,-37],[-84,-48],[-36,2],[-99,64],[17,35],[-28,28],[-215,139],[18,61],[110,44],[73,68],[122,39],[72,55],[27,52],[41,43],[17,55],[34,-13],[29,23],[-6,28],[33,50],[-10,37],[30,88],[14,57],[51,97],[-16,24],[-28,20],[-20,7],[-52,20],[-23,34],[5,38],[27,92],[35,135],[24,18],[98,-29]],[[14790,35807],[-158,-15],[-126,-2],[-138,-5],[-32,-3],[-14,25],[-8,72],[-14,-1],[2,-68],[-17,-23],[-24,-9],[-108,4],[-221,25],[-148,13],[-184,36],[-150,40],[-100,37],[-78,33],[-80,82],[-30,52],[-62,82],[61,47],[57,18],[43,-53],[24,-75],[46,-82],[62,-44],[63,-17],[81,-20],[58,10],[113,0],[59,-11],[96,-5],[79,10],[42,40],[59,18],[57,39],[46,47],[33,76],[15,36],[40,53],[7,58],[13,53],[23,47],[67,5],[102,-44],[22,-49],[12,-51],[1,-60],[-5,-22],[-2,-50],[6,-46],[27,-36],[41,-31],[49,-23],[58,31],[16,50],[25,72],[7,81],[16,33],[35,7],[40,-17],[83,-51],[50,-17],[17,-46],[-41,-98],[-34,-77],[-19,-37],[-30,-32],[3,-46],[-7,-37],[-26,-29]],[[32321,45896],[30,81],[22,32],[36,10],[55,11],[20,50],[86,15],[53,8],[52,15],[55,14],[23,-12],[46,-66],[24,-32],[30,-36],[27,-36],[32,-25],[30,7],[61,-8],[16,-28],[-5,-72],[-11,-162],[-2,-16],[178,-13],[106,-7],[57,1],[14,-72],[43,-12],[41,-14],[7,-40],[-8,-36],[-31,-22],[-71,1],[-122,-19],[-114,-11],[-73,2],[-49,9],[-133,13],[-85,-21],[-57,-6],[-84,-1],[-128,-13],[-87,-19]],[[32405,45366],[84,370],[-204,66],[36,94]],[[16420,44509],[2,98],[57,311],[59,310],[99,470],[79,340],[26,12],[19,-22],[17,-55],[20,-67],[17,-41],[53,-39],[40,-50],[27,-58],[13,-40],[-37,-212],[-69,-211],[-14,-277],[-47,-278],[-13,-75],[-11,-68],[-15,-58],[-8,-43],[-26,-41],[-100,14],[-194,42],[6,38]],[[25355,40288],[34,-22],[17,-14],[6,-24],[6,-52],[15,-131],[9,-109],[-3,-69],[14,-47],[2,-17],[6,-35],[-1,-56],[1,-57],[-2,-154],[-2,-32],[-211,64],[-9,27],[-23,45],[-17,50],[-22,29],[-23,26],[-77,71],[-88,80],[-25,32],[-46,23],[-59,62],[-30,15],[-25,19],[-28,31],[2,50],[-17,48],[-11,72],[-4,70],[-6,56],[-8,60],[-8,39],[-3,48],[9,72],[24,-3],[53,-14]],[[24805,40541],[550,-253]],[[32202,35821],[3,-68],[33,-64],[22,-69],[31,-194]],[[32291,35426],[-34,-1],[-73,66],[-32,-3],[-39,-13],[-68,-37],[-13,-20],[-36,-34],[-100,-80],[-62,-53],[55,-49],[-6,-25],[-64,-18],[-124,0],[-73,25],[-95,6],[-131,-12],[-62,32],[2,31],[47,69],[56,76],[50,84],[-28,128],[1,75],[-9,20],[45,112],[32,27],[139,21],[184,12],[98,-2],[127,1],[99,7],[25,-50]],[[20930,43387],[153,-88],[-2,-44],[-231,-438],[-73,-82],[-258,-389],[-53,-26],[-33,-18],[-70,-7],[-89,-27],[-67,-18],[-48,-17],[-45,-10],[-49,-16],[-57,-41],[-112,-129],[-244,-315],[-124,-159],[-53,-57],[-31,-29],[-135,-29],[-100,-17],[-60,-25],[-57,-36],[-45,-40],[-15,24],[739,693],[406,392],[252,242],[95,103],[149,231],[91,151],[98,155],[68,66]],[[18722,36102],[13,0],[38,31],[44,47],[20,27],[8,11],[-9,24],[-31,43],[-73,86],[-44,50],[-31,36],[-34,28],[-26,29],[-42,45],[-15,42],[-10,44],[-13,44],[-22,58],[-7,27],[0,43],[-8,35]],[[18480,36852],[101,-111],[113,-52],[118,-36],[110,-52],[101,-68],[97,-67],[63,-77],[25,-92],[9,-42],[220,-139],[45,43],[6,53],[142,-65],[38,-64],[-132,-103],[-135,-65],[-84,-31],[-105,-5],[-117,-16],[-187,96],[-186,143]],[[35163,30183],[36,-25],[-2,-16],[-42,-52],[-7,-21],[-6,-45],[-9,-44],[-5,-30],[-8,-43],[-22,-57],[-23,-50],[-18,-26],[-24,-23],[-29,-14],[-40,-40],[-38,-29],[-24,-22],[-7,-12],[-3,-13],[-2,-33],[-9,-37],[-3,-29],[1,-26],[2,-16],[1,-29],[10,-31],[-7,-48],[-4,-25],[-2,-16],[-174,75],[-3,11],[-7,15],[-24,15],[-59,26],[-5,11],[136,314],[135,335],[6,4],[45,-13],[61,-28],[7,-17],[12,-8],[32,-8],[16,3],[14,17],[45,56],[24,40],[11,6],[12,-2]],[[31500,45892],[10,22],[354,-288],[358,-305],[-24,-34],[-219,-172],[-24,-20],[-16,29],[-24,56],[-94,56],[-12,-35],[27,-45],[-17,-31],[-3,-29],[9,-4],[32,-25],[19,-35],[-359,-266],[-20,22],[3,1104]],[[16601,46022],[64,43],[17,-19],[-156,-683],[-63,8],[-18,-95],[55,-21],[-75,-358],[-70,-331],[-23,-42],[-38,57],[-16,37],[7,70],[-35,49],[-20,70],[-1,74],[-12,58],[-25,34],[-22,44],[-18,54],[-6,44],[0,58],[6,70],[-7,70],[-9,63],[1,43],[12,43],[9,75],[-33,35],[-53,60],[-32,41],[-7,40],[18,14],[17,13],[21,4],[98,-4],[114,9],[60,54],[93,69],[56,16],[45,42],[46,92]],[[27723,48402],[-62,-31],[-88,31],[-82,34],[-158,120],[-190,161],[-189,160],[-142,126],[-51,43],[7,13],[109,174],[68,114],[26,41],[149,-138],[199,-181],[61,-82],[30,-38],[66,-54],[121,-116],[119,-120],[88,-71],[-18,-50],[-42,-88],[-21,-48]],[[31386,47057],[-56,19],[-79,35],[-73,28],[-13,0],[-6,-6],[-15,-52],[-15,-39],[-18,-62],[-14,-46],[-5,-1],[-115,50],[-77,54],[-75,35],[-46,10],[-126,56],[-24,3],[-71,41],[-13,29],[-1,13],[28,77],[19,51],[4,16],[2,14],[20,77],[10,13],[12,1],[19,-4],[31,-19],[17,-7],[20,-7],[30,-11],[44,-12],[17,9],[18,125],[28,-7],[6,20],[18,-2],[8,63],[-62,14],[-6,-43],[-16,-11],[-12,-16],[-12,0],[-34,48],[-20,27],[-6,25],[-1,37],[10,33],[10,22],[29,24],[35,26],[37,17],[35,14],[36,10],[11,-33],[8,-19],[13,-16],[30,-9],[35,-17],[58,-15],[54,-12],[31,-13],[-23,-96],[8,-14],[92,-27],[29,85],[34,-21],[3,-15],[-1,-37],[34,-57],[224,-59],[-31,-109],[1,-33]],[[29177,28734],[-39,-18],[-70,0],[-154,42],[-174,87],[-205,88],[-156,87],[1,63],[-23,111],[22,18],[19,-3],[30,13],[75,126],[42,-2],[33,-6],[52,-1],[41,-5],[56,0],[72,5],[87,7],[55,15],[84,-33],[7,-22],[9,-44],[13,-35],[45,-53],[28,-48],[57,-53],[107,-77],[48,-36],[-87,-130],[-75,-96]],[[30252,28825],[29,-39],[47,-23],[78,-5],[76,24],[72,29],[21,5],[-18,-119],[30,-10],[4,-35],[-6,-34],[-38,-21],[-16,-21],[4,-41],[34,-21],[51,-3],[-77,-88],[-94,20],[-37,-44],[-15,-25],[-53,14],[-69,-42],[-49,55],[-85,27],[25,41],[21,19],[-63,116],[-7,72],[23,82],[35,69],[77,-2]],[[25422,40536],[-57,12],[-65,32],[-57,12],[-198,60],[-64,36],[-51,38],[-44,41],[-38,25],[-34,11],[-82,22],[-85,13]],[[24647,40838],[-26,10],[-35,9],[-41,24],[-66,20],[-35,26],[-29,39],[-7,24],[6,25],[24,23],[11,22],[21,25],[32,36],[26,24],[15,22],[41,9],[58,4],[53,2],[40,-4],[29,-2],[46,-16],[45,-10],[58,-11],[53,-17],[50,-11],[54,-19],[42,-10],[65,-20],[57,-22],[52,-11],[75,-21],[37,-11],[67,-13],[3,-82],[-6,-82],[-9,-65],[-9,-88],[-8,-61],[-4,-39],[-10,-31]],[[27661,47805],[486,-51],[114,-110],[137,-146],[80,-69],[84,-50],[-73,-125],[-28,-20],[-52,-42],[-56,22],[-91,-112],[-51,-23],[-130,61],[-128,17],[-44,26],[-62,-6],[-23,20],[-50,53],[8,41],[13,68],[16,52],[-45,96],[-36,53],[-40,86],[-20,52],[-9,107]],[[28379,48344],[20,14],[14,4],[203,33],[24,0],[14,-9],[2,-19],[4,-16],[11,1],[12,7],[10,1],[17,-5],[66,-61],[149,-178],[2,-9],[0,-11],[41,-50],[21,5],[9,-2],[125,-144],[-4,-28],[-9,-19],[-47,-46],[-60,-24],[-28,-7],[-19,0],[-57,20],[-28,17],[-90,130],[-40,42],[-49,64],[-22,47],[17,10],[10,6],[4,9],[-2,11],[-34,38],[-16,3],[-26,-20],[-38,-37],[-25,-20],[-35,15],[-5,8],[-10,22],[-7,6],[-10,2],[-40,-26],[-111,175],[37,41]],[[16563,42038],[83,-19],[33,-3],[17,6],[27,49],[38,-4],[7,-9],[-1,-26],[-7,-33],[-7,-54],[5,-33],[1,-78],[-4,-120],[-5,-57],[-8,-37],[0,-32],[6,-37],[4,-174],[-3,-39],[-7,-30],[1,-13],[-31,-65],[-30,-39],[-51,-77],[-46,-30],[-42,-32],[-42,-31],[-23,-10],[-22,4],[-12,11],[-4,32],[-4,92],[-10,125],[-9,128],[-18,89],[-19,40],[-25,32],[-36,20],[-34,21],[-29,5],[-30,-2],[-25,-4],[-15,6],[-17,51],[-9,26],[-6,35],[11,38],[13,22],[27,23],[35,24],[37,21],[31,7],[18,-7],[16,3],[13,6],[26,33],[46,30],[37,60],[32,43],[24,16],[17,2],[26,-5]],[[17048,41218],[38,-1],[42,-35],[48,-88],[46,-57],[25,-52],[-24,-33],[-31,-14],[-26,-15],[-32,-15],[-25,-19],[3,-19],[43,-67],[134,-190],[47,-55],[47,-80],[-55,-35],[-71,-41],[-60,-25],[-94,35],[-130,54],[-65,57],[-63,48],[-57,58],[-43,51],[-40,48],[-49,68],[-70,62],[-52,25],[14,53],[256,158],[244,124]],[[30475,47028],[19,48],[13,23],[8,41],[18,12],[11,-1],[214,-101],[36,-21],[19,-18],[24,-15],[27,-11],[61,-9],[76,-35],[127,-60],[100,-53],[23,16],[38,51],[10,7],[59,-24],[49,-14],[3,-7],[-347,-606],[-13,-7],[-17,5],[-466,216],[-131,60],[-12,8],[-3,10],[8,225],[12,108],[7,32],[27,120]],[[16340,44277],[18,-40],[35,-64],[50,-76],[50,-63],[91,-81],[14,-24],[3,-12],[-5,-17],[-71,-62],[-80,-65],[-66,-58],[-26,-19],[-12,-3],[-35,6],[-47,23],[-37,21],[-20,20],[-29,39],[-50,30],[-42,2],[-21,15],[1,10],[8,11],[18,18],[18,25],[11,23],[1,16],[-2,41],[4,50],[9,58],[-6,37],[5,45],[8,18],[36,39],[33,22],[29,11],[44,10],[33,0],[20,0],[10,-6]],[[18899,40198],[169,-66],[153,-63],[-18,-171],[-10,-143],[11,-172],[-20,-137],[-14,-84],[-7,-43],[-54,4],[-102,19],[-88,17],[-125,22],[-101,23],[-92,9],[-43,22],[341,763]],[[34875,31083],[14,11],[15,4],[42,10],[26,1],[29,-4],[26,-11],[39,-27],[49,-28],[38,-25],[6,-15],[-192,-534],[-13,-11],[-20,-7],[-234,101],[-13,16],[0,9],[41,68],[59,84],[22,21],[15,18],[9,18],[11,41],[19,30],[2,17],[1,34],[4,153],[5,26]],[[16525,43504],[45,3],[80,7],[36,-2],[21,0],[23,4],[18,-3],[17,-13],[-2,-16],[-2,-17],[3,-19],[31,-67],[8,-11],[72,-88],[31,-45],[25,-53],[45,-107],[37,-64],[17,-21],[19,-34],[4,-19],[2,-43],[-4,-14],[-22,-21],[-26,-14],[-81,-19],[-99,-18],[-109,-16],[-114,-21],[-49,-7],[-13,5],[-21,41],[-22,47],[-39,59],[-22,16],[-17,16],[-7,22],[-8,27],[-4,70],[2,32],[5,38],[-4,30],[-16,34],[-36,61],[-13,44],[1,21],[12,19],[76,81],[19,32],[28,25],[21,12],[32,6]],[[29271,47088],[-411,202],[-88,46],[-45,22],[0,21],[7,49],[8,82],[116,97],[105,86],[48,14],[44,4],[44,12],[60,13],[34,-5],[21,-7],[23,-17],[16,5],[-4,35],[2,30],[15,47],[18,49],[36,80],[32,49],[28,-64],[33,-174],[11,-61],[13,-51],[22,-113],[9,-52],[-10,-65],[-7,-56],[-16,-31],[-45,-81],[-119,-166]],[[18539,39392],[136,-13],[157,-33],[137,-26],[96,-19],[45,-14],[-11,-125],[41,-15],[1,-42],[-37,-170],[-52,-125],[-21,-7],[-364,40],[-346,52],[218,497]],[[27102,33774],[45,-27],[-21,-60],[-108,26],[21,67],[63,-6]],[[17810,40770],[-17,35],[11,11],[180,113],[278,171],[238,137],[25,17],[23,-22],[179,-288],[-148,-158],[-15,-33],[81,-116],[27,-50],[20,-75],[53,9],[27,-29],[-86,-179],[-32,-76],[-15,45],[-9,75],[-11,60],[-36,59],[-78,98],[-106,81],[-128,47],[-167,29],[-195,22],[-99,17]],[[28483,43270],[74,-6],[-37,-73],[-39,-61],[-38,57],[-22,31],[23,19],[39,33]],[[32644,35486],[-181,-151],[-139,-138],[-90,-97],[-88,-70],[-83,-68],[-35,-29],[-14,-18],[-9,-13],[-2,-10],[6,-5],[15,-3],[64,0],[86,-7],[60,-11],[28,-15],[23,-13],[11,-14],[21,-29],[27,-14],[18,-14],[13,-11],[17,-5],[23,-3],[38,2],[61,8],[12,10],[6,15],[11,5],[36,-14],[28,-20],[34,-13],[21,-15],[62,-68],[37,-20],[13,-13],[-1,-9],[-24,-12],[-29,-1],[-37,25],[-25,9],[-60,18],[-44,9],[-18,17],[-29,3],[-31,0],[-37,-15],[-46,-17],[-36,-10],[-78,10],[-85,33],[-32,5],[-53,12],[-67,15],[-107,16],[-59,14],[-18,15],[-7,20],[-9,10],[-37,37],[-19,8],[-13,8],[-4,16],[-2,257],[27,3],[43,9],[52,21],[18,14],[14,19],[39,67],[12,8],[45,16],[17,9],[13,14],[15,34],[15,24],[14,9],[42,19],[20,6],[12,0],[6,-7],[7,-69],[7,-3],[12,2],[25,20],[61,26],[32,8],[18,11],[46,24],[37,31],[138,93],[104,66],[51,21],[62,33],[12,2],[12,-5],[19,-11],[6,-10],[-9,-15],[-167,-121]],[[17215,42122],[50,-325],[45,-230],[7,-42],[8,-51],[-8,-11],[-41,-14],[-53,-19],[-42,-27],[-60,-31],[-29,-15],[-28,-35],[-56,-32],[-54,-16],[-64,-25],[-45,-27],[-28,5],[0,43],[-2,83],[-10,234],[0,39],[9,158],[0,197],[401,141]],[[16005,36053],[-487,-92],[-56,3],[-36,40],[-99,47],[-183,80],[-153,83],[-72,41],[-9,33],[-44,18],[-67,41],[-34,32],[6,28],[50,109],[78,87],[1041,-509],[65,-41]],[[31677,43092],[38,-5],[132,-3],[75,9],[22,-1],[28,-3],[13,-7],[5,-12],[-5,-41],[-29,-39],[-103,-36],[-80,-15],[-51,-1],[-37,2],[-97,22],[-23,9],[-24,-4],[-30,-29],[-13,-17],[-61,-35],[-25,-8],[-24,-13],[-21,-26],[-47,-72],[-36,-34],[-21,-7],[-37,1],[-74,6],[-89,15],[-88,17],[-69,11],[-21,15],[-1,12],[16,130],[6,23],[18,45],[0,20],[-12,43],[13,180],[28,23],[13,3],[57,-11],[158,-39],[236,-60],[243,-65],[17,-3]],[[16958,47254],[-20,38],[-14,130],[-8,245],[-8,303],[-44,610],[334,-27],[-46,-567],[-26,-20],[2,-66],[13,-44],[-16,-176],[-34,-422],[-133,-4]],[[19101,37935],[2,-27],[-7,-19],[-34,-54],[-42,-93],[-8,-28],[-8,-21],[-18,-17],[-24,-25],[-16,-19],[-27,-31],[-44,-39],[-21,-25],[-14,-31],[-10,-33],[-7,-42],[-2,-57],[2,-74],[1,-110],[1,-46],[-3,-23],[-17,-21],[-28,-24],[-52,-29],[-42,-20],[-36,-14],[-48,-1],[-81,9],[-10,3],[-13,9],[1,11],[71,175],[11,43],[1,25],[-6,20],[-8,20],[-5,15],[3,24],[20,85],[7,72],[7,39],[10,29],[12,27],[13,30],[33,83],[61,176],[-2,9],[-10,12],[-1,18],[10,44],[22,67],[10,8],[18,8],[21,2],[36,-4],[18,-4],[14,-7],[8,-22],[28,-3],[46,-2],[25,3],[15,-4],[28,-14],[33,-16],[27,-26],[23,-19],[6,-22]],[[19440,40984],[-28,-74],[-42,-150],[-14,-132],[-32,-143],[-11,-91],[-25,-72],[-29,-79],[-47,-126],[-286,113],[77,162],[34,83],[-3,65],[-13,58],[-34,68],[-13,61],[7,106],[68,213],[86,12],[101,-23],[49,-12]],[[17738,49651],[85,31],[114,65],[15,-7],[11,-11],[23,-6],[8,1],[16,-3],[12,-4],[20,8],[59,15],[26,7],[13,8],[40,40],[27,26],[9,21],[9,12],[26,16],[20,7],[24,0],[17,-8],[23,-16],[26,-30],[5,-17],[8,-18],[15,-30],[14,-19],[28,-35],[21,-43],[21,-49],[26,-42],[14,-15],[11,-7],[19,-15],[16,-22],[12,-6],[42,-19],[28,-14],[18,-13],[7,-15],[-3,-26],[-3,-15],[-10,-13],[-28,-14],[-13,-22],[-8,-18],[-11,-16],[-1,-21],[2,-21],[6,-28],[8,-28],[-1,-13],[-10,-33],[-12,-14],[-18,-15],[-7,-31],[-6,-10],[-6,-8],[-18,-21],[-9,-34],[-9,-11],[-24,-5],[-27,4],[-30,14],[-18,19],[-25,12],[-21,-7],[-49,5],[-22,3],[-31,-5],[-40,3],[-34,10],[-27,16],[-19,25],[-23,22],[-20,14],[-39,8],[-93,14],[-60,-2],[-57,3],[-44,-7],[-31,-16],[-46,-31],[-10,-1],[-2,6],[-1,38],[10,32],[-5,26],[-8,27],[-11,44],[8,38],[-5,10],[-24,35],[-15,22],[0,14],[37,105],[3,18],[32,106]],[[18478,49311],[-19,13],[-15,3],[-21,-2],[-30,-10],[-51,-14],[-12,-8],[-9,-14],[-1,-16],[5,-18],[7,-21],[9,-18],[12,-17],[26,-17],[21,-29],[18,-9],[26,-1],[14,7],[10,13],[20,7],[23,17],[11,20],[3,22],[7,14],[1,25],[-9,21],[-16,21],[-16,7],[-14,4]],[[17913,49350],[-16,-1],[-17,-14],[-1,-16],[-1,-21],[29,-24],[36,-14],[23,-11],[12,-14],[16,-13],[21,-1],[12,13],[1,19],[-12,22],[-18,20],[-33,25],[-22,9],[-30,21]],[[32587,46441],[3,-114],[2,-72],[-19,-69],[-37,-45],[-83,34],[-48,47],[-25,-5],[-22,-49],[-34,23],[-19,-30],[-107,49],[19,44],[-45,19],[-25,-49],[-35,-65],[-14,-30],[-369,185],[250,332],[9,2],[134,-48],[168,-58],[113,-39],[89,-29],[95,-33]],[[24805,40541],[-32,18],[-42,15],[-13,32],[-18,40],[-12,37],[-38,30],[-28,49],[1,36],[10,27],[14,13]],[[25422,40536],[3,-32],[6,-16],[4,-24],[-9,-57],[-2,-34],[-28,-61],[-19,-14],[-22,-10]],[[29565,47168],[-29,12],[-82,48],[-10,16],[2,9],[19,42],[23,44],[11,39],[6,36],[3,44],[-11,98],[-17,108],[-30,176],[-18,105],[3,14],[7,6],[11,-1],[22,-11],[159,-100],[64,-48],[41,-30],[14,-5],[10,4],[18,20],[14,8],[16,-4],[147,-76],[7,-8],[-2,-18],[-176,-462],[-61,-149],[-6,-7],[-7,-4],[-12,3],[-56,48],[-80,43]],[[17607,42844],[-305,466],[-55,91],[-2,14],[10,4],[42,-12],[36,-20],[39,-11],[60,-7],[50,-5],[60,-13],[48,-21],[54,-28],[46,-50],[12,-22],[10,-32],[10,-9],[35,-9],[14,-15],[33,-49],[60,-103],[42,-63],[28,-38],[21,-49]],[[17955,42863],[-348,-19]],[[28388,32909],[196,-13]],[[28584,32896],[-15,-162],[-6,-36],[-4,-35],[-5,-30],[-10,-75],[-3,-53],[-10,-83],[-10,-49],[-9,-58],[-19,-34],[-35,-2],[-498,42],[-52,12],[-2,35],[1,89],[11,286],[114,-3],[-14,-170],[180,-7],[2,99],[44,25],[41,8],[95,0],[-2,48],[10,166]],[[31628,34531],[15,-39],[-36,-145],[-33,-53],[-3,-70],[-39,-111],[-24,-95],[-3,-52],[34,-49],[28,-22],[53,-5],[81,-10],[89,0],[94,-6],[86,-24],[86,-24],[30,-39],[-51,-44],[-26,2],[-58,-28],[-74,13],[-102,-6],[-104,-5],[-70,36],[-73,13],[-55,24],[-68,49],[-72,76],[-30,48],[-21,19],[-48,58],[64,32],[-41,60],[48,33],[-53,69],[-38,75],[-22,39],[-22,50],[80,38],[77,8],[156,35],[145,50]],[[31461,38929],[251,-150],[13,-63],[-18,-70],[-17,-41],[-73,-28],[-14,-76],[-51,-44],[-19,-42],[-36,-13],[-39,-39],[-20,-139],[-248,48],[-85,47],[-93,1],[71,78],[15,98]],[[16053,36656],[69,-479],[-6,-72],[-43,-11],[-76,29],[-303,133],[-31,41],[9,84],[31,161],[53,55],[45,7],[98,29],[154,23]],[[12840,38996],[65,-287],[-18,-15],[-117,-58],[7,-33],[142,-8],[-9,-157],[-25,-127],[-36,-38],[-138,123],[-112,19],[-105,44],[-62,35],[-137,45],[-9,149],[120,-31],[6,111],[123,83],[105,50],[57,25],[16,68],[32,25],[95,-23]],[[18012,42185],[195,67],[40,-32],[41,-23],[48,-47],[44,-14],[44,-59],[23,-59],[86,-84],[38,-53],[10,-45],[-129,-116],[-79,-84],[-361,549]],[[17955,42863],[67,-175],[41,-93],[110,-225],[42,-96],[-200,-66],[-408,636]],[[32405,45366],[-47,-10],[-108,-17],[-399,335],[-30,38],[59,79],[151,197],[134,-41],[156,-51]],[[33338,31872],[-182,-174],[-47,-62],[-116,-144],[-168,-205],[-58,-65],[-11,-18],[1,-17],[13,-27],[37,-33],[37,-34],[21,-22],[23,-44],[10,-21],[-5,-23],[-17,-15],[-36,-14],[-28,-11],[-15,-19],[-10,-34],[-18,-35],[-38,-60],[-13,-8],[-11,8],[-46,68],[-15,9],[-12,-9],[-33,-54],[-30,-14],[-11,-10],[-50,-79],[-31,-14],[-18,-19],[-18,-35],[-1,-18],[6,-13],[68,-84],[44,-40],[42,-24],[48,-37],[11,-18],[5,-19],[-6,-18],[-68,-67],[-12,2],[-11,2],[-207,208],[-35,37],[-22,13],[-12,38],[0,14],[44,74],[60,79],[13,20],[36,74],[18,44],[39,108],[42,124],[-5,22],[-26,15],[-9,9],[-17,47],[-15,118],[0,32],[5,18],[25,45],[28,37],[20,15],[23,10],[18,10],[7,15],[8,23],[31,39],[8,13],[3,20],[9,63],[43,123],[6,21],[-1,10],[-10,7],[-120,60],[-12,23],[4,12],[8,9],[12,5],[20,-3],[38,18],[27,4],[50,0],[95,-10],[34,4],[28,6],[38,31],[18,4],[30,-18],[19,-8],[48,-10],[40,-7],[29,-14],[91,-19],[151,-45],[5,-7],[-11,-12]],[[19310,38201],[79,-5],[55,-24],[45,-43],[42,-28],[115,-29],[69,-38],[36,-43],[14,-56],[4,-66],[9,-61],[32,-47],[27,-57],[45,-80],[64,-89],[-32,-42],[-56,9],[-92,43],[-110,48],[-78,29],[-74,47],[-64,67],[-50,70],[-50,38],[-69,62],[-55,61],[-13,61],[107,173]],[[30543,29574],[-3,-56],[-4,-91],[12,-79],[19,-129],[16,-88],[5,-90],[12,-97],[17,-63],[-40,-24],[-120,-55],[-76,-14],[-55,8],[-30,21],[-28,51],[11,162],[10,119],[37,125],[93,193],[103,45],[21,62]],[[26841,48426],[2,107],[11,152],[12,137],[8,87],[111,-94],[166,-143],[99,-84],[34,-30],[-9,-25],[-41,-91],[-77,-173],[-33,-48],[-28,-6],[-161,105],[-86,49],[-8,57]],[[29877,28836],[-83,53],[-108,66],[-125,55],[10,33],[-47,29],[-48,168],[2,43],[115,171],[54,102],[79,115],[40,40],[133,256],[61,241],[110,-1],[47,-107],[37,-43],[24,-64],[12,-148],[28,-149],[-39,-54],[32,-29],[17,-95],[-39,-44],[3,-92],[-81,-19],[-67,-34],[-34,-35],[-24,-57],[4,-278],[-44,8],[-31,-69],[-4,-68],[-34,6]],[[31793,45724],[-256,212],[0,34],[5,58],[12,46],[31,63],[126,156],[335,-175],[35,-23],[-73,-95],[-181,-240],[-34,-36]],[[18251,41671],[28,-8],[25,-36],[20,-36],[197,-311],[-269,-157],[-280,-178],[-28,68],[50,95],[64,106],[65,69],[-54,69],[-205,-188],[-35,7],[-44,62],[-15,38],[50,46],[30,6],[36,41],[117,98],[248,209]],[[29385,29105],[-126,8],[-20,78],[56,87],[10,76],[2,90],[-25,48],[-13,27],[-27,29],[-22,55],[22,58],[41,95],[-54,41],[16,26],[49,11],[82,109],[53,-12],[10,36],[57,-2],[80,57],[114,-123],[-5,-46],[-32,-8],[3,-27],[-60,-52],[23,-58],[-132,-89],[103,-112],[-60,-75],[-53,-112],[-22,-57],[-8,-165],[-62,7]],[[28179,49608],[21,-4],[13,-40],[22,-86],[6,-29],[129,-185],[82,-138],[3,-11],[1,-10],[-33,-115],[-12,-9],[-499,14],[-12,5],[-21,25],[-5,13],[-2,51],[1,20],[13,66],[9,32],[31,73],[84,160],[14,21],[43,45],[77,76],[35,26]],[[29520,48248],[53,131],[44,106],[8,26],[9,34],[7,32],[1,20],[-1,31],[-7,32],[-23,63],[-52,110],[-27,51],[29,31],[11,2],[93,-30],[178,-70],[244,-97],[196,-82],[18,-19],[-1,-6],[-28,-89],[-53,10],[-14,-2],[-36,-93],[2,-15],[42,-18],[4,-7],[0,-10],[-7,-29],[-172,-457],[-11,-5],[-18,0],[-143,49],[-102,43],[-15,-13],[-3,-139],[-20,-10],[-21,10],[-264,148],[-3,7],[4,32],[4,30],[12,45],[14,39],[48,109]],[[31960,46654],[-247,-326],[-320,164],[-58,60],[173,315],[110,-68],[181,-83],[161,-62]],[[29445,40109],[-10,-110]],[[29435,39999],[-336,18]],[[29099,40017],[43,112]],[[29142,40129],[303,-20]],[[19022,38765],[6,-14],[0,-18],[13,-19],[5,-11],[-7,-20],[-5,-19],[-2,-18],[6,-12],[0,-14],[-26,-63],[-51,-84],[-15,-18],[-22,-15],[-25,-12],[-656,244],[-11,9],[74,163],[25,23],[347,-48],[335,-45],[9,-9]],[[31135,35865],[305,11],[-131,-518],[-47,-183],[-135,-2],[-184,-17],[-149,-7],[-41,225],[189,37],[173,-15],[71,98],[64,227],[-119,23],[4,121]],[[29592,37475],[-97,26]],[[29495,37501],[24,22],[11,34],[20,6],[70,1],[4,-6],[-32,-83]],[[31038,46206],[-134,-252],[-33,19],[9,23],[-7,9],[-108,63],[-47,27],[-48,26],[-45,26],[-19,6],[-11,0],[-9,-8],[-14,-29],[-18,-4],[-45,11],[-64,6],[-54,7],[19,333],[2,16],[4,11],[6,4],[131,-58],[447,-206],[32,-15],[6,-15]],[[18607,39994],[13,-1],[58,-21],[39,-18],[20,-19],[-197,-443],[-147,-33],[-59,10],[-37,22],[4,41],[34,40],[50,56],[40,68],[59,50],[28,34],[6,50],[24,-3],[14,32],[26,69],[25,66]],[[31457,46426],[222,-110],[1,-18],[-128,-165],[-26,-68],[-13,-66],[-22,-6],[-170,130],[-186,89],[87,152],[154,-76],[81,138]],[[27147,48199],[47,93],[59,147],[49,104],[122,-95],[35,-25],[83,-38],[51,-18],[23,-24],[18,-56],[-9,-84],[-51,-138],[-54,-14],[-151,62],[-222,86]],[[16642,43878],[9,1],[12,-6],[51,-48],[8,-18],[10,-14],[7,-8],[5,-10],[-4,-124],[7,-74],[-2,-11],[-17,-7],[-250,-5],[-53,4],[-65,25],[-4,10],[5,21],[7,19],[41,47],[35,37],[159,135],[39,26]],[[16839,43733],[42,-32],[30,-23],[29,-23],[37,-30],[74,-77],[70,-78],[32,-44],[5,-19],[-20,-13],[-52,-20],[-64,-24],[-49,-17],[-25,-9],[-31,10],[-20,32],[-51,83],[-29,64],[-2,55],[8,64],[16,101]],[[27775,49232],[-279,247],[186,275],[266,-194],[-115,-210],[-3,-52],[-55,-66]],[[17027,42800],[37,-72],[32,-76],[21,-68],[-1,-34],[-35,-46],[-64,-46],[-57,-17],[-137,-40],[-12,0],[-12,27],[-29,61],[9,15],[75,25],[7,14],[-24,79],[-13,11],[-120,-31],[-21,-4],[-21,4],[-26,10],[-22,10],[-24,20],[-38,58],[5,19],[44,12],[122,24],[175,33],[112,16],[17,-4]],[[18496,39395],[-84,-180],[-96,42],[-61,6],[-54,19],[-53,-126],[-44,-108],[-32,-132],[-170,2],[-18,15],[43,110],[78,157],[47,58],[60,75],[60,66],[30,10],[96,-57],[46,30],[30,3],[38,-3],[22,21],[23,12],[39,-20]],[[16772,43882],[-216,159],[-47,47],[-34,48],[-38,57],[-26,61],[-19,88],[-3,90],[25,7],[118,-24],[142,-32],[63,-6],[4,-100],[34,-9],[0,-70],[-3,-316]],[[31301,43688],[20,11],[14,-4],[8,-13],[11,-41],[29,-112],[4,-69],[4,-73],[-2,-19],[2,-11],[8,-12],[44,-56],[79,-74],[5,-10],[0,-8],[-5,-10],[-11,-6],[-14,1],[-130,29],[-201,52],[-183,48],[-21,17],[-5,11],[4,15],[13,24],[27,32],[57,58],[39,38],[86,72],[53,49],[65,61]],[[34912,30394],[-73,-193],[-18,-12],[-14,-14],[-26,-46],[-18,-13],[-33,-48],[-12,-55],[-10,-4],[-11,-8],[-18,-30],[-9,-3],[-56,50],[-45,63],[-18,27],[-11,35],[-2,25],[4,62],[5,43],[22,76],[19,46],[30,60],[14,26],[11,11],[65,-19],[204,-79]],[[32172,48540],[-49,-27],[-44,-34],[-49,-42],[-15,-43],[-12,-35],[-8,-54],[-159,21],[-19,4],[-1,7],[129,366],[22,40],[13,12],[46,-31],[55,-48],[46,-39],[27,-36],[11,-22],[10,-23],[-3,-16]],[[14997,36186],[151,-76],[168,-79],[104,-57],[38,-19],[-526,-100],[-46,14],[-23,15],[5,38],[42,65],[27,81],[60,118]],[[31638,49073],[-457,62],[-48,-30],[-23,-468]],[[31010,48665],[-6,12],[-59,33],[7,47],[14,86],[16,56],[14,35],[22,13],[12,27],[16,43],[36,36],[16,24],[6,17],[-2,15],[-2,16],[9,12],[51,89],[104,134],[13,6],[271,-214],[90,-79]],[[16749,42181],[-7,10],[-12,30],[-36,87],[35,24],[41,17],[43,12],[107,35],[104,29],[66,30],[35,37],[21,53],[7,-47],[16,-115],[16,-71],[-1,-16],[-354,-102],[-60,-10],[-21,-3]],[[32538,50028],[57,26],[74,31],[22,7],[14,-11],[-10,-46],[-22,-85],[-45,-137],[-17,-55],[1,-17],[-3,-15],[-37,-37],[-22,-32],[-21,-51],[-18,-73],[-27,-102],[-15,-23],[-19,-6],[-14,3],[-14,16],[-4,30],[106,561],[14,16]],[[16030,41993],[33,-102]],[[16063,41891],[-20,-1],[-15,-1],[-15,-14],[-20,-29],[-63,-35],[-43,-17],[-50,-23],[-87,-26],[-24,-10],[-11,-11],[-9,-16],[-2,-17],[-12,-10],[-94,-27],[-59,-13],[-37,2],[-44,16],[-164,-2],[-24,6],[36,26],[52,20],[26,2],[43,4],[30,7],[26,7],[30,0],[17,6],[20,13],[34,32],[15,5],[21,0],[35,1],[44,5],[45,14],[34,13],[17,10],[21,9],[8,10],[23,7],[18,9],[16,18],[10,1],[10,7],[42,53],[25,13],[26,27],[20,12],[16,-1]],[[25252,39103],[17,113],[9,87],[-35,14],[-13,48],[15,118],[20,13],[221,-62],[5,-146],[-3,-123],[-2,-37],[-7,-42],[-7,-31],[-15,-16],[-43,2],[-145,39],[-17,23]],[[30773,49796],[6,-49],[-13,-33],[-7,-25],[2,-21],[-22,-57],[-36,-116],[-47,-145],[-16,-21],[-29,1],[-23,18],[-13,24],[-1,21],[-18,16],[-84,28],[-45,24],[-6,12],[5,22],[33,30],[39,9],[17,9],[14,40],[28,20],[18,38],[22,25],[1,27],[35,32],[16,48],[21,51],[3,24],[8,34],[12,25],[18,8],[29,0],[32,-13],[20,-18],[7,-32],[-5,-22],[-9,-16],[-12,-18]],[[30861,44224],[144,138],[19,6],[148,-153],[29,30],[16,-2],[83,-58],[1,-32],[-42,-77],[-65,-115]],[[31194,43961],[-159,88]],[[31035,44049],[-174,175]],[[17128,46663],[-18,-3],[-16,5],[-15,27],[2,35],[20,57],[2,18],[12,92],[27,301],[21,13],[79,18],[211,81],[6,-54],[-11,-58],[-7,-36],[7,-19],[16,-40],[1,-21],[-23,-57],[-36,-36],[-61,-30],[-64,-47],[-49,-58],[-52,-85],[-34,-62],[-18,-41]],[[17194,43375],[14,-14],[291,-467],[0,-9],[-6,-8],[-13,-2],[-303,-2],[-12,6],[-10,16],[-10,28],[-11,22],[-14,12],[-9,25],[-5,21],[-45,96],[-71,110],[-30,54],[3,14],[25,26],[9,5],[35,6],[35,21],[19,12],[54,20],[40,9],[14,-1]],[[33255,30572],[-4,9],[13,32],[21,20],[28,11],[50,-13],[90,-35],[155,-66],[100,-60],[56,-38],[34,-9],[40,0],[33,13],[35,35],[20,27],[21,24],[46,21],[84,37],[53,40],[39,-4],[69,0],[-44,-19],[-63,-64],[-96,-113],[-39,-37],[-58,-26],[-74,-11],[-52,2],[-71,21],[-219,109],[-139,82],[-51,16],[-54,0],[-23,-4]],[[31509,49728],[105,-44],[11,-10],[-57,-150],[-40,-95],[83,-32],[1,-21],[-65,-160],[-11,-1],[-102,104],[-154,130],[114,143],[31,5],[-8,25],[92,106]],[[29561,28676],[61,94],[6,87],[31,21],[127,-40],[115,-43],[-24,-123],[-44,-152],[-103,-3],[-85,89],[-62,8],[-22,62]],[[17612,41299],[24,5],[33,16],[-4,-25],[-4,-42],[21,-68],[13,-66],[91,-280],[-129,-56],[-28,10],[-34,19],[-55,48],[-42,91],[-37,66],[-5,62],[-2,66],[-12,50],[-12,59],[70,20]],[[16815,48380],[16,-299],[15,-194],[10,-192],[18,-31],[10,-369],[7,-76],[-68,4],[-131,-11],[-44,72],[121,48],[22,24],[0,67],[8,178],[5,90],[-14,106],[-6,182],[5,335],[-3,50],[29,16]],[[16030,41993],[2,19],[14,28],[33,28],[38,28],[99,71],[54,34],[30,14],[34,4],[33,15],[26,11],[27,2],[34,1],[14,-20],[-20,-19],[-77,-38],[1,-11],[18,-28],[22,-1],[3,-15],[-18,-24],[-40,-47],[-70,-66],[-42,-30],[-83,-41],[-30,-2],[-34,-5],[-35,-10]],[[27853,48145],[17,40],[35,13],[47,-76],[52,-78],[89,-131],[60,-102],[-10,-32],[-402,41],[37,52],[19,48],[19,39],[15,70],[8,46],[14,70]],[[28607,47569],[51,-72],[-56,-89],[-118,74],[-185,212],[-323,473],[65,30],[71,-7],[75,-127],[100,67],[59,-166],[84,-140],[64,-128],[113,-127]],[[12727,34343],[1,-32],[2,-15],[15,-8],[29,-9],[29,-17],[24,-29],[23,-21],[17,-23],[25,-2],[2,-16],[-20,-40],[-13,-49],[6,-23],[-8,-17],[-40,3],[-87,38],[-59,42],[-20,14],[-11,2],[-16,-1],[-22,-25],[-24,-1],[-9,-9],[-8,-18],[-2,-19],[5,-13],[68,-48],[56,-39],[20,-16],[11,-14],[9,-10],[3,-15],[0,-10],[-25,-2],[-51,22],[-35,39],[-76,36],[-50,51],[-25,22],[-11,31],[-4,71],[-2,43],[-6,11],[-10,9],[-1,22],[3,12],[8,20],[16,8],[23,12],[39,18],[15,12],[12,30],[7,22],[-5,16],[-18,8],[-12,16],[5,20],[13,13],[38,-4],[41,-14],[48,-34],[30,-14],[15,-15],[10,-20],[2,-21]],[[31407,44202],[14,-1],[9,-9],[4,-12],[-6,-26],[-44,-125],[-37,-113],[-30,-87],[-33,-81],[-13,-31],[-18,-29],[-117,-103],[-63,-57],[-39,40],[136,251],[149,267],[49,84],[11,13],[17,9],[11,10]],[[20431,43333],[29,9],[26,33],[29,-14],[30,-2],[40,28],[62,90],[47,73],[13,37],[41,42],[14,-21],[31,-93],[19,-33],[28,-25],[41,-30],[-65,-57],[-50,-78],[-56,-91],[-97,-139],[-61,-104],[-42,-66],[-55,-88],[-19,52],[-4,74],[2,70],[-1,64],[4,72],[3,43],[-3,41],[-16,28],[10,21],[12,31],[-12,33]],[[16747,46778],[91,-10],[-11,-81],[-137,-517],[-11,-61],[-37,4],[-20,28],[-10,105],[-19,68],[8,105],[33,42],[33,42],[38,78],[31,61],[3,71],[8,65]],[[13140,38608],[1,100]],[[13141,38708],[81,52],[31,78],[105,80],[43,58],[10,96],[-12,59],[48,40],[95,-3],[22,-46],[-53,-55],[16,-168],[-48,-78],[-88,-96],[-95,-75],[-38,-15],[-42,3],[-76,-30]],[[17178,42827],[368,7],[140,-215],[-9,-28],[-180,-57],[-53,-14],[-42,18],[-43,79],[-30,-9],[-58,-28],[-48,58],[-17,51],[-27,19],[-10,102],[9,17]],[[32545,35957],[25,-189],[110,-106],[-27,-35],[-362,-201]],[[32202,35821],[10,109],[65,-12],[98,-36]],[[32375,35882],[170,75]],[[27616,47555],[-12,-58],[-16,-101],[-49,34],[-81,92],[-10,49],[-50,115],[-39,134],[39,24],[152,-40],[79,-29],[-5,-121],[-8,-99]],[[16312,35317],[-13,-26],[-33,-83],[-29,-80],[-42,-39],[-60,-11],[-80,13],[-31,15],[4,34],[2,40],[14,33],[20,28],[-5,27],[22,38],[17,42],[38,63],[40,66],[8,36],[25,39],[82,46],[56,11],[26,-15],[2,-46],[-9,-71],[-15,-43],[-19,-64],[-20,-53]],[[30014,41760],[-62,-368]],[[29388,41469],[53,354]],[[29441,41823],[573,-63]],[[27585,41584],[-51,-93]],[[27534,41491],[-644,35]],[[26890,41526],[10,13],[47,77]],[[26947,41616],[638,-32]],[[29408,39040],[101,-33],[56,-36],[-5,-74],[-28,-50],[-15,-46],[0,-20],[-146,28],[-45,65],[52,129],[30,37]],[[15328,43244],[39,19],[43,20],[180,82],[129,50],[27,31],[31,8],[16,12],[43,-1],[58,12],[27,-4],[74,-29],[47,-32],[81,-55],[13,-9],[23,-6],[25,-8],[7,-17],[20,-14],[14,-19],[35,-79],[4,-30],[35,-47],[-53,-20],[-51,8],[-73,28],[-25,11],[-34,-5],[-42,2],[-28,-16],[-1,-32],[26,-47],[28,-43],[-28,-2],[-81,-2],[-93,-10],[-65,6],[-52,-5],[-29,-18],[-8,-53],[43,-85],[63,18],[101,-51],[-99,-68],[-7,-42],[3,-14],[22,-7],[15,-40],[57,37],[57,63],[24,28],[34,-2],[101,-20],[57,61],[37,26],[28,2],[37,2],[44,50],[37,8],[28,0],[44,-38],[41,-45],[26,-53],[20,-69],[-11,-26],[-31,-8],[-24,12],[-51,25],[-19,-20],[31,-35],[16,-21],[49,-52],[15,-59],[-4,-40],[-31,-35],[-43,-27],[-125,-39],[-121,-43],[-86,-34],[-105,-29],[-39,14],[-70,-31],[-82,-15],[-70,0],[-110,11],[-54,35],[-14,20],[-39,35],[-12,67],[-3,56],[-27,75],[-19,71],[-34,48],[-27,87],[-72,-6],[-45,-5],[-34,80],[-62,119],[98,23],[70,11],[35,51],[24,75],[-38,52],[-11,111]],[[27635,43456],[11,-11],[2,-7],[-109,-210],[-10,0],[-45,19],[-31,16],[-18,24],[135,119],[55,45],[10,5]],[[27232,42134],[53,93]],[[27285,42227],[652,-41]],[[27937,42186],[-53,-94]],[[27884,42092],[-652,42]],[[29244,40534],[620,-42]],[[29864,40492],[-35,-100]],[[29829,40392],[-345,23]],[[29484,40415],[-261,17]],[[29223,40432],[21,102]],[[29862,35206],[-1,-161],[-33,-18],[-12,-31],[-2,-45],[-33,-6],[-83,25],[-91,46],[-131,72],[-99,62],[-31,19],[84,14],[131,8],[29,26],[78,15],[63,6],[25,-14],[36,-19],[22,6],[48,-5]],[[29467,40098],[242,-13],[-27,-84],[-68,6],[6,46],[-13,7],[-25,0],[-4,-18],[-34,-5],[-1,-24],[-82,4],[6,81]],[[25583,39373],[8,-9],[22,-49],[5,-28],[9,-159],[-4,-133],[-4,-76],[-15,-36],[-9,-69],[-5,-55],[-15,-33],[-25,-22],[-16,0],[-46,37],[-8,21],[0,27],[11,70],[40,134],[20,89],[10,63],[2,195],[4,25],[8,8],[8,0]],[[27443,41001],[-13,-95]],[[27430,40906],[-649,28]],[[26781,40934],[16,98]],[[26797,41032],[646,-31]],[[27456,41095],[-13,-94]],[[26797,41032],[15,99]],[[26812,41131],[644,-36]],[[29186,37803],[-327,-23]],[[28859,37780],[105,264],[299,-16],[-19,-88],[-11,-46],[-47,-91]],[[30164,41360],[35,148],[107,-13],[-21,-145]],[[30285,41350],[-121,10]],[[30081,49483],[-56,51],[9,32],[-21,44],[-23,12],[-22,5],[-26,29],[-19,17],[-8,20],[-7,26],[-12,16],[-10,31],[8,16],[28,21],[23,33],[21,3],[-8,27],[0,45],[-8,45],[-12,31],[-10,36],[-14,9],[-66,19],[-35,15],[-11,9],[-10,34],[-17,69],[-21,42],[-46,43],[-44,73],[-24,22],[-20,22],[-31,77],[-13,15],[-27,26],[-17,21],[-44,29],[-38,28],[-28,18],[-26,3],[-34,2],[-23,5],[-12,8],[-3,32],[0,83],[-32,85],[-21,58],[-6,34],[3,55],[9,43],[18,106],[12,66],[19,56],[13,31],[22,37],[40,67],[6,17],[5,33],[5,2],[22,-2],[439,-24],[15,-3],[14,-9],[11,-14],[-4,-43],[-26,-249],[-11,-101],[17,-56],[19,-80],[3,-24],[-6,-364],[17,-16],[204,-23],[57,-36],[-40,-531],[14,-4],[68,533],[29,282],[274,-48],[29,-184],[23,-150],[-35,-90],[-10,-34],[1,-78],[-13,-74],[-72,-204],[-33,-31],[-83,-77],[-60,-55],[-61,-54],[-111,-93],[-13,-7],[-14,9]],[[30034,49672],[-3,-39],[9,-13],[71,-10],[10,6],[1,41],[-13,11],[-65,10],[-10,-6]],[[29468,40292],[16,123]],[[29829,40392],[-37,-109],[-26,-10],[-298,19]],[[27959,44946],[35,4],[36,-19],[78,-67]],[[28108,44864],[-10,-27],[-90,-100],[-28,-1],[-27,5],[-31,22],[-44,31],[81,152]],[[19665,43010],[67,-10],[195,68],[279,81],[44,-73],[-10,-83],[-12,-170],[-47,-72],[-81,-32],[-156,-24],[-9,58],[-44,43],[-67,-47],[-81,-17],[-16,-63],[-192,-28],[-123,-32],[-42,-15],[-46,98],[84,45],[15,80],[18,65],[47,52],[42,52],[-46,66],[-84,-20],[-25,-115],[-119,-31],[-138,-2],[-61,56],[-39,83],[3,42],[65,63],[7,62],[-98,31],[-78,46],[-89,33],[-22,38],[-14,82],[6,55],[34,45],[11,68],[91,1],[52,-18],[127,-136],[78,-20],[17,-68],[61,-61],[22,-15],[-22,65],[-21,63],[-27,83],[-53,53],[-106,83],[-63,84],[-12,77],[25,48],[40,37],[74,-1],[23,-153],[12,-65],[56,-98],[210,139],[120,-152],[-106,-19],[0,-285],[30,-8],[128,64],[59,20],[79,-3],[74,52],[47,-46],[42,-23],[54,-18],[88,-33],[76,-21],[-133,-26],[-96,-12],[-50,-47],[-108,-42],[-66,-77]],[[21998,47688],[65,33],[60,6],[41,-227],[16,-183],[2,-216],[-11,-25],[-34,7],[-38,28],[-9,53],[-4,51],[-2,76],[3,79],[-8,60],[-9,92],[-30,66],[4,32],[-46,68]],[[33423,33921],[16,-12],[179,-136],[17,-36],[12,-9],[8,-21],[5,-19],[8,-12],[17,-12],[16,2],[70,72],[31,22],[18,8],[18,1],[20,-4],[22,-21],[46,-29],[34,-19],[13,-14],[11,0],[10,6],[17,18],[64,2],[17,-10],[17,-20],[6,-25],[4,-11],[6,-15],[33,-39],[-6,-18],[-21,-61],[-9,-41],[-23,-9],[-21,-17],[-10,-18],[3,-18],[6,-22],[-37,-44],[-30,14],[-29,1],[-13,-14],[-16,-24],[28,-3],[13,-9],[94,-79],[16,-14],[22,-28],[8,-16],[-2,-13],[-486,-528],[-13,-8],[-17,8],[-111,113],[-23,10],[-41,41],[-41,35],[-15,5],[-18,17],[-24,38],[-12,7],[-12,27],[-15,9],[-13,0],[-16,-5],[-9,-12],[-34,-180],[-4,-40],[-8,-20],[-8,-4],[-15,6],[-48,55],[-41,41],[-19,13],[-15,9],[-14,16],[-37,68],[-46,96],[10,40],[-2,31],[-24,21],[-15,22],[-12,15],[-24,13],[-15,13],[-22,2],[-51,1],[-52,-6],[-17,5],[-10,15],[1,15],[28,37],[48,41],[18,18],[9,13],[8,16],[12,4],[14,3],[7,10],[-1,16],[-6,35],[-1,22],[7,24],[10,18],[14,21],[26,26],[53,47],[43,29],[36,6],[23,6],[11,13],[8,23],[2,25],[6,19],[29,26],[48,61],[145,153],[53,44],[16,6],[14,0]],[[17474,47347],[-151,-57],[-110,-38],[-33,37],[16,318],[-15,29],[-12,23],[3,187],[23,70],[-6,13],[-8,1],[9,145],[45,475],[397,-52],[27,-87],[28,-42],[26,-51],[29,-22],[51,-8],[37,28],[28,59],[22,53],[29,39],[29,21],[47,12],[88,15],[83,24],[91,24],[78,17],[49,50],[52,43],[151,35],[92,42],[51,32],[111,38],[35,-1],[37,-15],[13,-25],[7,-37],[-1,-37],[-35,-33],[-161,-53],[-111,-63],[-63,-20],[-79,-3],[-59,-2],[-36,-20],[-40,-46],[-36,-55],[-44,-38],[-59,-2],[-78,-3],[-50,-19],[-61,-49],[-60,-50],[-66,-70],[-53,-103],[-35,-68],[-50,-7],[35,-74],[54,-203],[0,-33],[-144,-167],[-72,-67],[-58,-59],[-87,-51]],[[27417,40816],[-13,-98]],[[27404,40718],[-652,35]],[[26752,40753],[16,99]],[[26768,40852],[649,-36]],[[18722,36102],[-76,34],[-38,21],[-47,38],[-57,36],[-164,71],[-57,32],[-36,24],[-34,44],[-51,32],[-20,13],[-30,21],[-33,9],[-35,1],[-50,-18],[-33,-4],[-33,-14],[-17,-33],[-38,-21],[-72,-18],[-188,-28],[-272,-56],[-171,-33],[-10,2],[-6,4],[2,11],[207,483],[66,-23],[257,-102],[21,6],[48,109],[123,305],[15,18],[425,-64],[57,-23],[54,-46],[30,-47],[21,-34]],[[33123,44212],[-26,-81],[-20,-44],[-10,-37],[-20,-78],[0,-58],[-14,-56],[-30,-55],[-54,-102],[-44,12],[-104,32],[-79,50],[-72,29],[-43,14],[-79,37],[-66,44],[-51,40],[-66,56],[-38,33],[-55,47],[-74,112],[-48,93],[-28,69],[-3,76],[-21,95],[-66,-50],[-56,51],[-84,10],[-62,89],[-38,50],[-18,24],[-30,37],[-35,45],[279,222],[150,111],[44,-52],[58,35],[27,-30],[18,-23],[5,-18],[-92,-62],[-88,-33],[-14,-36],[16,-91],[20,-53],[22,-42],[51,-98],[55,-19],[92,-67],[71,-58],[130,-71],[104,-16],[78,-1],[52,-6],[46,-4],[60,-21],[250,-151]],[[27484,41298],[-14,-102]],[[27470,41196],[-644,32]],[[26826,41228],[9,69],[5,36]],[[26840,41333],[644,-35]],[[27761,41884],[-650,38]],[[27111,41922],[61,107]],[[27172,42029],[656,-31]],[[27828,41998],[-67,-114]],[[27000,38112],[-90,-15]],[[26910,38097],[-268,-27]],[[26642,38070],[-351,-27]],[[26291,38043],[-14,119],[637,-37],[86,-13]],[[26285,41097],[-37,-235]],[[26248,40862],[-31,2],[-25,-17],[-43,-60],[-49,39],[26,38],[12,25],[-10,42],[-20,37],[-6,61],[7,46],[24,30],[152,-8]],[[31638,49073],[332,-295],[0,-13],[-42,-94],[-62,-163],[-65,-201],[254,-36],[12,-12],[-17,-99],[3,-12],[13,-7],[36,-8],[12,-7],[0,-20],[-8,-25],[-339,-616],[-9,-10],[-8,-2],[-302,79],[-29,8],[-7,9],[-1,14],[39,112],[25,79],[39,132],[-197,34],[-10,-3],[-74,-40],[-22,-14],[-52,-16],[-20,-2],[-22,-1],[-23,4]],[[18248,37052],[-679,111],[-11,12],[-3,9],[5,11],[230,517],[126,280],[17,28],[12,4],[192,-72],[15,3],[77,198],[-10,10],[-181,80],[166,381],[15,11],[25,0],[597,-232],[202,-66],[34,-37],[47,9],[130,-65],[19,-15],[0,-12],[-19,-19],[-26,-66],[-20,-50],[-27,-44],[-13,-19],[-20,-4],[-13,3],[-91,48],[-7,22],[-7,17],[-11,9],[-32,-3],[-34,-4],[-46,1],[-56,12],[-58,10],[-37,9],[-22,15],[-10,-4],[-17,-22],[-74,-142],[-38,-75],[-51,-106],[-36,-71],[-23,-35],[-20,-39],[-10,-34],[-6,-39],[-12,-67],[-32,-88],[-149,-373],[-8,-7]],[[27534,41491],[-22,-41],[-8,-28],[-5,-26]],[[27499,41396],[-646,35]],[[26853,41431],[3,14],[7,30],[14,32],[13,19]],[[29592,37475],[55,-36],[-4,-22],[-116,-139],[-130,-61],[-20,-6],[-25,16],[3,8],[15,17],[14,19],[36,89],[54,97],[5,24],[16,20]],[[16432,38203],[38,-48],[50,-39],[25,-28],[22,-48],[23,-38],[39,-44],[158,-133],[79,-81],[19,-24]],[[16885,37720],[-13,-10],[33,-64],[10,-16],[25,-23],[33,-31],[-4,-17],[-303,-341],[-106,-117],[-39,-31],[-23,-28],[-32,-54],[-35,-72],[-12,-21],[-7,-3],[-7,4],[-4,44],[-4,36],[-33,57],[-21,35],[-19,47],[-8,7],[-33,21],[-1,-13],[7,-30],[15,-46],[11,-49],[32,-88],[21,-77],[3,-24],[-6,-28],[-12,-18],[-30,-8],[-82,-32],[-183,-48],[-91,-13],[-94,-23],[-78,-15],[-17,6],[-8,18],[-4,18],[40,61],[34,35],[74,104],[30,39],[42,42],[37,29],[37,32],[30,47],[14,54],[65,189],[45,164],[6,50],[7,35],[18,38],[15,36],[110,124],[55,64],[80,79],[11,20],[5,16],[-6,23],[-8,26],[-148,198],[-9,22],[-2,12],[8,7],[24,-2],[20,-4],[32,-10]],[[28473,33241],[12,1],[95,-14],[37,-35],[-33,-297]],[[28388,32909],[56,40],[29,292]],[[29883,49002],[-41,-131],[-50,21],[-156,69],[-58,32],[-37,27],[-14,14],[-40,51],[-21,37],[-22,65],[-6,17],[-39,74],[-3,15],[2,62],[-6,16],[-11,16],[-35,40],[-16,26],[-7,23],[10,141],[0,54],[-8,43],[-11,34],[-23,82],[-25,64],[-13,53],[0,51],[-5,32],[-11,22],[-13,16],[-22,22],[-19,6],[-21,-5],[-44,-5],[-26,-11],[-22,-14],[-222,-43],[-148,185],[0,8],[52,37],[141,109],[214,155],[23,-5],[12,1],[97,84],[22,7],[9,-1],[10,-15],[14,-23],[33,-17],[57,-44],[46,-18],[40,-23],[15,-10],[43,-73],[38,-75],[13,-15],[43,-34],[17,-16],[19,-36],[16,-45],[7,-40],[-2,-32],[37,-150],[5,-23],[9,-14],[16,-15],[19,-38],[1,-30],[-4,-22],[-18,-27],[-8,-24],[-7,-48],[-11,-56],[-10,-63],[-6,-49],[3,-28],[9,-23],[12,-20],[22,-18],[27,-14],[27,-2],[34,4],[71,21],[26,6],[18,-4],[9,-10],[20,-32],[7,-18],[2,-16],[-7,-29],[-99,-338]],[[27470,41196],[-14,-101]],[[26812,41131],[7,41],[7,56]],[[26317,43083],[6,-78],[60,-51],[-29,-77],[-35,-55],[-55,13],[-94,65],[32,67],[42,56],[73,60]],[[27636,41671],[-51,-87]],[[26947,41616],[47,92]],[[26994,41708],[642,-37]],[[28176,40466],[-15,-107],[-754,41],[15,104]],[[27422,40504],[754,-38]],[[25602,44219],[16,20],[14,12],[17,19],[25,21],[31,30],[49,46],[19,30],[18,21],[21,16],[38,14],[28,12],[22,16],[21,27],[20,28],[27,21],[24,17],[9,3],[11,-4],[9,-7],[33,-27],[20,-22],[3,-10],[-7,-14],[-23,-25],[-37,-50],[-36,-46],[-72,-79],[-112,-113],[-38,-43],[-25,-16],[-16,4],[-44,28],[-46,21],[-17,10],[-6,16],[0,10],[4,14]],[[28507,49187],[-85,140],[-101,153],[-8,18],[-10,45],[-4,28],[0,51],[0,18],[10,44],[23,51],[28,42],[35,37],[28,17],[33,20],[42,13],[47,7],[36,0],[20,-4],[48,-13],[21,-11],[49,-31],[16,-17],[185,-269],[33,-35],[111,-169],[168,-248],[55,-86],[13,-24],[40,-144],[50,-197],[17,-76],[1,-30],[-3,-31],[-9,-28],[-19,-41],[-22,-29],[-23,-26],[-31,-21],[-25,-13],[-40,-10],[-47,-5],[-30,2],[-30,8],[-40,19],[-26,19],[-45,45],[-286,428],[-153,254],[-72,99]],[[29441,39892],[178,-7],[16,-24],[-10,-69],[-186,11],[-6,8],[8,81]],[[30135,41245],[29,115]],[[30285,41350],[52,-14],[-16,-110]],[[27053,38003],[13,113],[373,-11],[-8,-115],[-24,1]],[[27407,37991],[-354,12]],[[30191,39806],[59,0],[63,30],[85,-7],[30,-25],[61,-2],[45,6],[7,-104],[-34,1],[-19,-44],[-282,19],[-28,27],[-8,81],[21,18]],[[22980,47147],[49,22],[39,-20],[42,12],[36,-15],[33,10],[100,-15],[74,-6],[29,-13],[23,-21],[8,-24],[-33,-12],[-54,-9],[-30,-3],[-36,-6],[-39,-7],[-35,-42],[-61,-3],[-57,10],[-61,17],[-19,29],[-17,41],[0,29],[9,26]],[[32499,50339],[-268,-1681],[-6,-14],[-11,-4],[-16,7],[-550,479],[88,197],[6,3],[59,-22],[-4,16],[5,21],[17,18],[18,29],[12,44],[10,33],[24,62],[15,36],[-4,24],[-20,17],[-28,10],[-45,10],[-120,30],[-113,59],[10,16],[9,21],[11,17],[30,35],[59,84],[90,62],[23,25],[32,41],[30,16],[16,28],[15,52],[21,25],[30,59],[26,38],[35,27],[44,31],[38,14],[97,23],[118,18],[57,5],[99,18],[22,4],[14,-5],[5,-28]],[[29415,39787],[-393,29]],[[29022,39816],[37,96]],[[29059,39912],[366,-22]],[[29425,39890],[-10,-103]],[[28170,39851],[15,105]],[[28185,39956],[830,-39]],[[29015,39917],[-39,-104]],[[28976,39813],[-806,38]],[[27430,40906],[-13,-90]],[[26768,40852],[13,82]],[[27881,44717],[90,-53],[-72,-119],[-82,-92],[-77,-80],[-76,-44],[-7,23],[224,365]],[[29094,40126],[-39,-104]],[[29055,40022],[-853,46]],[[28202,40068],[15,105]],[[28217,40173],[877,-47]],[[25746,33690],[31,27],[33,13],[25,7],[34,19],[34,27],[25,25],[32,-24],[-25,-47],[-48,-62],[-78,-51],[-10,3],[-35,48],[-18,15]],[[18231,38853],[-140,-308],[-8,-1],[-19,6],[-91,24],[-6,-22],[-47,-92],[0,-12],[5,-11],[10,-9],[76,-28],[5,-43],[-105,-231],[-20,-3],[-59,19],[-18,-1],[-41,-103],[71,-35],[6,-9],[-361,-802],[-17,-4],[-607,104],[-7,10],[3,10],[264,283],[104,127],[83,91],[36,32],[23,28],[59,97],[75,137],[35,43],[-3,16],[43,101],[180,393],[33,83],[68,140],[11,8],[14,3],[268,-8],[63,-9],[5,-11],[9,-13]],[[28189,40566],[-13,-100]],[[27422,40504],[13,94]],[[27435,40598],[754,-32]],[[19010,41459],[-99,107],[-45,56],[-28,13],[-64,-38],[-95,-33],[-78,-55],[-131,-81],[-115,186],[63,55],[107,99],[115,110],[76,60],[78,-20],[18,22],[28,29],[48,24],[77,47],[45,38],[68,9],[75,71],[15,66],[-7,59],[-4,71],[-13,29],[25,33],[33,24],[12,-8],[17,-34],[33,-53],[36,-44],[50,-20],[49,6],[78,5],[69,-13],[83,-76],[28,-9],[34,-3],[131,48],[-15,56],[-40,66],[50,94],[36,14],[179,78],[99,48],[39,-58],[2,-26],[-1115,-1062],[-47,10]],[[30745,42940],[98,-34],[10,-38],[-19,-97],[-32,-56],[-61,-42],[-88,-74],[-101,-85],[-30,-30],[-2,38],[53,100],[57,114],[61,117],[54,87]],[[27406,37963],[141,-1],[-1,-95],[242,-6],[-5,-144],[-16,-12]],[[27767,37705],[-370,14],[9,244]],[[27499,41396],[-5,-24],[-10,-74]],[[26840,41333],[9,75],[4,23]],[[21324,43593],[12,-80],[-54,-23],[-34,-7],[-48,-28],[-50,-53],[-24,-46],[-119,68],[-14,28],[74,36],[76,29],[69,40],[104,43],[8,-7]],[[29184,38465],[161,-12],[9,-16],[-28,-124],[-38,0],[1,63],[-61,1],[-43,8],[-21,44],[20,36]],[[13611,35438],[-225,97],[-96,7],[-123,-70],[-166,-112],[-63,13],[-54,28],[-56,0],[-32,-12],[-40,-22],[-96,-19],[-75,-25],[-73,26],[-13,37],[20,16],[44,22],[48,31],[5,91],[-21,115],[-43,28],[-59,34],[-72,-19],[-57,-25],[-40,-8],[-25,45],[34,43],[119,45],[124,2],[84,76],[84,6],[97,50],[54,32],[81,-20],[212,-76],[331,-82],[180,-34],[276,-54],[209,0],[67,-3],[-4,-125],[-62,1],[-54,-33],[-59,-30],[-461,-76]],[[29059,39912],[40,105]],[[29435,39999],[-10,-109]],[[14927,39406],[5,-10],[8,-78],[-8,-131],[4,-72],[8,-97],[-2,-50],[-18,-140],[-24,-115],[1,-28],[-6,-227],[19,-10],[9,-16],[21,-110],[4,-136],[32,-184],[8,-21],[8,-18],[42,-82],[45,-68],[11,-25],[4,-27],[2,-31],[1,-108],[-11,-165],[-1,-19],[3,-25],[15,-55],[2,-49],[3,-30],[31,-78],[-1,-20],[-6,-35],[-21,-112],[-3,-57],[-1,-97],[3,-29],[9,-14],[27,-12],[69,-37],[40,-12],[62,-22],[75,-47],[1,-10],[-2,-14],[1,-13],[13,-29],[57,-77],[20,-27],[-16,-17],[-4,-10],[49,-45],[23,20],[52,-31],[31,-22],[14,-15],[-4,-82],[-6,-18],[-12,-3],[-508,241],[-185,90],[-14,21],[-4,29],[-9,65],[-17,73],[-10,49],[-11,96],[1,135],[9,75],[8,55],[9,75],[3,90],[-17,111],[-8,18],[-5,25],[3,12],[9,12],[25,13],[17,5],[9,13],[-5,22],[-20,16],[-13,10],[-9,16],[-1,48],[-36,111],[-7,48],[-22,60],[-28,43],[-41,71],[-30,51],[-10,105],[-27,93],[-12,45],[-20,82],[-9,60],[-9,34],[-22,44],[-13,46],[-6,27],[4,36],[13,27],[11,13],[17,8],[-18,17],[-4,13],[0,10],[32,149],[0,29],[-7,25],[-7,35],[-2,51],[5,61],[-8,27],[-30,63],[-15,34],[-32,105],[-15,64],[-11,30],[3,8],[9,3],[53,-3],[109,-15],[103,-27],[33,-8],[26,-2],[69,7],[11,-3]],[[30691,45856],[15,-4],[38,-20],[62,-37],[2,-10],[-95,-138],[-99,94],[2,11],[75,104]],[[34928,28714],[17,-1],[16,-6],[130,-98],[322,-222],[128,-92],[51,-28],[155,-82],[35,-26],[2,-8],[-25,-25],[-8,-13],[-5,-15],[-1,-20],[4,-21],[36,-89],[34,-58],[6,-27],[-1,-17],[-16,-28],[-66,-58],[-75,-60],[-70,-33],[-33,-18],[-53,-39],[-47,-20],[-12,-2],[-16,-8],[-13,-16],[-6,-18],[-3,-25],[-2,-16],[-2,-8],[-40,-24],[-35,-24],[-8,-1],[-81,30],[-77,34],[-5,7],[-1,70],[10,24],[7,13],[84,117],[7,15],[-3,11],[-9,10],[-72,43],[-75,35],[-10,4],[-14,2],[-39,1],[-40,2],[-29,7],[-21,9],[-133,91],[-132,100],[-15,13],[-9,20],[-1,18],[4,12],[7,9],[32,22],[7,12],[7,26],[47,50],[15,20],[8,17],[0,15],[-2,15],[-4,7],[-17,16],[-3,11],[4,12],[67,128],[21,49],[11,52],[5,30],[39,58],[11,9]],[[13485,35444],[42,-31],[17,-18],[8,-28],[-3,-20],[-34,-93],[-3,-31],[-3,-51],[-1,-43],[-27,-82],[-18,-43],[-79,-128],[-5,-13],[6,-10],[10,-2],[12,2],[69,74],[10,12],[22,13],[13,-2],[13,-6],[36,-23],[4,-8],[-4,-8],[-34,-39],[-4,-11],[4,-8],[212,-146],[45,-26],[26,-11],[28,-7],[35,-3],[27,2],[62,18],[239,86],[357,147],[13,12],[48,55],[9,4],[56,-13],[40,-21],[15,-10],[4,-7],[-18,-59],[-47,-89],[-41,-77],[-44,-43],[-20,-24],[-35,-37],[-67,-79],[-10,-8],[-13,-1],[-29,3],[-49,18],[-90,27],[-40,4],[-129,17],[-100,21],[-65,15],[-14,-4],[-71,-50],[-24,-4],[-193,-58],[-133,-45],[-68,-27],[-172,-90],[-8,0],[-7,4],[-14,86],[-8,56],[-8,17],[-13,19],[-21,16],[-43,33],[-3,16],[9,26],[14,19],[42,39],[60,56],[14,12],[7,15],[2,21],[-4,20],[-27,41],[-31,36],[-47,49],[-20,16],[-30,13],[-41,7],[-24,-4],[-41,-13],[-45,-22],[-14,-11],[0,-10],[2,-12],[7,-9],[41,-27],[47,-54],[19,-49],[-1,-16],[-10,-31],[-16,-16],[-31,-14],[-21,-9],[-13,0],[-17,-4],[-15,-11],[-3,-10],[-1,-18],[-4,-18],[-21,-23],[-12,-3],[-14,3],[-64,47],[-68,53],[-45,38],[-9,16],[-9,26],[-8,38],[0,36],[5,29],[13,40],[60,109],[83,124],[81,143],[16,20],[72,63],[170,115],[25,7],[25,-3],[29,8],[51,9],[52,-6],[48,-15],[42,-26]],[[28200,40654],[-11,-88]],[[27435,40598],[14,99]],[[27449,40697],[751,-43]],[[18095,50774],[326,28],[8,-3],[-2,-80],[0,-28],[12,-21],[7,-16],[14,-14],[23,-12],[30,-10],[32,-16],[39,-23],[30,-13],[20,-17],[17,-27],[5,-37],[-6,-32],[-20,-41],[-3,-12],[4,-12],[41,-9],[17,-2],[8,-8],[-11,-32],[-39,-66],[-9,-24],[-3,-27],[4,-95],[1,-19],[-1,-15],[-10,-13],[-14,-5],[-46,-13],[-35,-26],[-39,-30],[-52,-27],[-46,-8],[-46,-24],[-86,-12],[-106,-31],[-96,-26],[-51,-35],[-62,-61],[-44,-18],[-39,-22],[-59,-37],[-71,-28],[-78,-40],[-387,-187],[-28,28],[-27,15],[-9,12],[-8,73],[6,58],[8,94],[3,45],[10,32],[3,27],[0,40],[-16,65],[-81,480],[-17,197],[-11,142],[3,41],[6,17],[12,7],[15,-2],[79,-21],[75,-17],[30,-2],[679,-30],[17,3],[7,-14],[0,-70],[-13,-83],[-14,-52],[-11,-35],[-8,-20],[0,-31],[-15,-37],[-12,-12],[-3,-12],[4,-25],[-5,-43],[8,-27],[5,-32],[-3,-65],[-12,-27],[-13,-11],[-35,-25],[-23,-15],[-11,-17],[1,-14],[-23,-24],[41,0],[35,-5],[38,-19],[21,-25],[28,-12],[18,2],[21,8],[12,16],[8,22],[-5,22],[-10,28],[-14,18],[-12,41],[-6,29],[8,88],[15,59],[13,43],[2,25],[5,11],[8,5],[32,-1],[14,4],[12,7],[20,16],[13,15],[1,14],[-4,12],[-11,11],[-38,25],[-20,17],[-8,22],[-4,11],[-15,148],[1,42],[5,8],[26,6]],[[18436,50436],[-6,17],[-12,16],[-14,7],[-23,8],[-14,-1],[-20,-10],[-11,-23],[-8,-2],[-27,4],[-20,-7],[-12,-11],[-3,-23],[0,-27],[-2,-18],[-6,-14],[-10,-7],[-8,-11],[2,-23],[15,-26],[13,-17],[24,-8],[11,-13],[34,-39],[22,-17],[24,-18],[34,-8],[12,4],[13,23],[2,22],[-1,36],[-1,41],[7,22],[1,35],[-6,42],[-10,46]],[[30506,39577],[-20,-166],[-13,-35],[-18,-13],[-19,-1],[-15,9],[-6,16],[0,78],[0,74],[3,34],[9,23],[17,8],[15,2],[24,-5],[18,-10],[5,-14]],[[29264,40634],[557,-45]],[[29821,40589],[42,-4],[18,-9],[6,-16],[-23,-68]],[[29244,40534],[18,83],[2,17]],[[30417,45456],[44,44],[29,19],[17,4],[95,-42],[0,-16],[-140,-257],[-12,-10],[-59,38],[-60,50],[-2,7],[27,46],[61,117]],[[17277,40952],[18,-16],[-1,-42],[-12,-34],[7,-27],[-1,-30],[5,-23],[18,-28],[21,-19],[28,-18],[32,-19],[67,-20],[3,25],[-56,44],[0,25],[-8,1],[-14,7],[-44,-7],[8,69],[-4,43],[-3,37],[-3,36],[-13,44],[18,30],[37,26],[38,8],[3,-35],[27,-100],[39,-60],[46,-51],[6,-37],[46,-45],[114,-44],[106,-2],[70,10],[254,-33],[198,-46],[78,-44],[65,-54],[63,-87],[8,-50],[-158,-221],[-68,-97],[-84,-115],[48,-44],[74,-47],[67,-38],[-19,-60],[-25,-69],[-114,-125],[-149,-173],[-47,-21],[-105,-126],[-55,-92],[-74,-155],[-28,-86],[-21,16],[-64,63],[-40,51],[-9,44],[1,50],[9,62],[-5,84],[-24,77],[-15,84],[-6,25],[-27,50],[-21,32],[-24,53],[-15,54],[26,63],[-28,64],[-10,53],[-4,50],[21,56],[40,65],[53,45],[-39,28],[-101,41],[-72,17],[-65,28],[-34,46],[-34,47],[9,45],[0,28],[15,34],[50,29],[62,54],[-2,39],[-19,39],[-42,53],[-33,45],[-74,80],[-53,66],[-45,59],[-26,43],[20,-2],[77,48],[42,27]],[[29142,40129],[45,117],[575,-29],[-34,-120],[-283,12]],[[27761,41884],[-64,-108]],[[27697,41776],[-645,41]],[[27052,41817],[59,105]],[[27697,41776],[-61,-105]],[[26994,41708],[58,109]],[[27959,44946],[73,121],[16,9],[29,40],[43,22],[29,43],[61,33],[117,-65],[-1,-45],[-218,-240]],[[28878,37184],[110,-57],[15,0],[11,22],[121,-37],[-21,-15],[-43,-29],[-57,-41],[-44,-43],[-34,-51],[-51,-42],[-44,-27],[-58,-4],[-117,7],[121,180],[70,103],[21,34]],[[29091,38221],[177,-7],[42,-5],[-49,-174],[-159,18],[-62,13],[-63,0],[67,157],[47,-2]],[[16432,38203],[-18,25],[-36,36],[-28,16],[-43,30],[-34,33],[-16,11],[-21,23],[-57,77],[-29,29],[-62,105],[-23,28],[-15,14],[-21,24],[-19,53],[-9,32],[1,23],[8,20],[22,16],[16,8],[15,-5],[28,-29],[20,-10],[46,-55],[26,-39],[7,-28],[9,-10],[81,-83],[15,-25],[18,-19],[116,-100],[123,-104],[41,-30],[43,-37],[26,-32],[24,-18],[22,-12],[20,-7],[21,-2],[24,4],[36,15],[86,23],[25,5],[11,5],[12,19],[25,46],[41,49],[24,10],[26,27],[19,13],[26,2],[42,-4],[38,-3],[22,-13],[24,-2],[28,-4],[20,-17],[26,-9],[24,2],[34,3],[34,12],[29,17],[27,23],[16,30],[20,59],[34,115],[44,100],[14,43],[41,77],[15,56],[4,61],[8,35],[7,21],[12,6],[13,-4],[13,-7],[18,-29],[14,-14],[8,-23],[12,-11],[17,-15],[7,-11],[0,-16],[-11,-24],[-18,-21],[-11,-13],[-10,-21],[-12,-62],[-30,-60],[-37,-74],[-73,-159],[-99,-211],[-63,-132],[-59,-103],[-24,-34],[-143,-163],[-89,-89],[-24,-15],[-13,-11],[-31,-50],[-21,-10],[-33,24],[-74,88],[-9,3]],[[27463,40796],[752,-43]],[[28215,40753],[-15,-99]],[[27449,40697],[14,99]],[[32375,35882],[-67,35],[-50,22],[-51,0],[-99,-13],[-57,-4],[-110,-1],[-125,11],[-49,13],[-48,1],[-30,-2],[-56,-19],[-45,-6],[-145,-11],[-214,-9],[-19,-10],[-168,-4],[-18,17],[0,62],[-6,14],[-14,10],[-32,1],[-23,23],[-16,68],[-6,78],[6,13],[45,9],[75,13],[66,17],[86,11],[91,25],[29,31],[28,9],[45,-1],[122,-22],[30,17],[112,-18],[73,-2],[58,14],[30,17],[71,57],[31,30],[18,39],[11,28],[19,41],[17,34],[42,59],[12,38],[2,43],[57,60],[37,22],[23,4],[127,-7],[119,-2],[116,-26],[69,-26],[45,-23],[56,-21],[26,-6],[58,-2],[91,3],[27,-2],[36,-9],[53,-36],[29,-28],[5,-17],[-4,-14],[-29,-35],[-33,-37],[-38,-56],[-17,-22],[-43,-30],[-26,-9],[-23,-3],[-49,-2],[-28,-11],[-31,-23],[-39,-38],[-38,-44],[-70,-92],[-39,-61],[32,-110]],[[17203,48565],[-264,30],[-69,11],[-6,104],[-38,152],[-74,167],[-73,221],[-22,47],[33,26],[81,23],[4,102],[-54,28],[-82,-6],[0,77],[84,1],[42,48],[-92,67],[-75,32],[-61,50],[-42,234],[-34,239],[-33,151],[-10,146],[-6,224],[48,4],[45,9],[22,18],[24,57],[30,46],[63,-2],[-15,92],[430,-129],[37,-374],[6,-107],[54,-303],[7,-104],[8,-72],[-6,-77],[-6,-358],[3,-120],[11,-143],[17,-223],[26,-181],[-13,-207]],[[29468,40292],[-271,17],[26,123]],[[12922,38210],[34,69],[27,127],[9,100],[-7,119],[-19,110],[-12,63],[6,93],[-48,104],[-9,45],[-6,75],[4,53],[6,82],[2,50],[5,47],[-38,107],[6,75],[15,120],[-6,71],[0,57],[0,37],[59,20],[8,-34],[9,-106],[15,-81],[5,-72],[16,-45],[16,-45],[14,-20],[-1,-72],[-16,-70],[-13,-73],[15,-103],[45,-160],[54,-157],[24,-88]],[[13140,38608],[12,-77],[-18,-118],[-20,-64],[-4,-111],[-14,-153],[-7,-90],[-19,-85],[0,-84],[-7,-91],[-1,-93],[0,-88],[-7,-72],[-13,-103],[-1,-53],[0,-72],[5,-69],[0,-47],[-6,-27],[0,-25],[0,-84],[-19,-59],[-1,-69],[-22,-91],[9,-56],[39,-132],[132,-297],[-6,-42],[-114,-73],[-123,-82],[-48,16],[-57,46],[-46,69],[-21,122],[-20,132],[-15,97],[13,94],[7,81],[25,103],[4,119],[25,71],[25,28],[28,56],[10,91],[-8,169],[8,197],[4,103],[19,112],[17,144],[16,156]],[[27172,42029],[60,105]],[[27884,42092],[-56,-94]],[[29186,37803],[-56,-138],[-36,-24],[-72,-58],[-58,-26],[-210,-28],[105,251]],[[28798,39342],[-75,-198]],[[28723,39144],[-653,33]],[[28070,39177],[31,208]],[[28101,39385],[697,-43]],[[26350,43822],[4,23],[13,33],[66,126],[69,124],[94,171],[6,21],[1,19],[9,25],[17,27],[-4,12],[1,12],[8,17],[21,12],[22,6],[16,-6],[14,-9],[29,-50],[185,-544],[4,-28],[-4,-15],[-229,-251],[-25,-11],[-12,2],[-107,92],[-186,154],[-9,20],[-3,18]],[[29881,39428],[276,-37],[224,-35],[123,-24],[144,-29],[33,-82],[-84,-4],[-166,-140],[-135,-66],[-21,-56],[-92,-45],[-44,-79],[-26,-116],[-24,-83],[-66,-41],[-60,-32],[-85,-65],[-145,99],[16,302],[89,-29],[90,95],[59,-52],[30,39],[-55,49],[-207,42],[-32,49],[0,48],[35,28],[55,-5],[54,169],[14,100]],[[29017,42644],[-48,-83]],[[28221,42605],[49,85]],[[28270,42690],[747,-46]],[[27987,39998],[-331,18]],[[27656,40016],[30,307]],[[27686,40323],[247,9],[-10,-179],[13,-20],[146,-9],[7,-18],[-23,-116],[-79,8]],[[26464,37340],[250,31],[0,-75],[-243,-30],[-7,74]],[[30684,41639],[27,57],[96,-32],[28,-19],[105,2],[125,-12],[126,-1],[186,-5],[77,-36],[95,18],[66,0],[123,-1],[74,-29],[98,-3],[103,29],[12,-55],[4,-57],[-58,-124],[-81,-60],[-62,-16],[-65,20],[-51,20],[-88,-8],[-68,-23],[-79,-29],[-56,-28],[-69,-23],[-121,54],[-96,-1],[-115,-2],[-111,2],[-134,14],[-65,5],[-71,13],[7,50],[38,280]],[[29977,44842],[215,-126]],[[30192,44716],[-326,-548],[-15,-19],[-13,-5],[-67,14],[-52,8],[-57,4],[-166,3],[-119,6],[15,52],[43,25],[181,132],[40,42],[78,75],[44,32],[33,41],[112,169],[30,50],[24,45]],[[28899,43773],[90,159],[11,12],[176,61],[177,75],[21,6],[31,0],[80,-6],[216,-9],[50,-7],[24,-9],[24,-18],[1,-8],[-52,-93],[-45,11],[-22,11],[-17,-1],[-14,-2],[-63,-25],[-97,-69],[-25,-16],[-11,-15],[0,-10],[132,-130],[4,-9],[-28,-62],[-127,-215],[-30,-11]],[[29405,43393],[-278,254],[-228,126]],[[28828,39334],[601,-30]],[[29429,39304],[-71,-186]],[[29358,39118],[-603,24]],[[28755,39142],[73,192]],[[21056,43083],[35,-16],[50,-23],[46,-32],[6,-36],[-7,-42],[-24,-76],[-42,-83],[-30,10],[-20,0],[27,-31],[54,-36],[88,-42],[123,-58],[81,-56],[72,-59],[98,-88],[53,-48],[-15,-45],[-26,-95],[-29,-76],[-44,-22],[-58,20],[-45,21],[-48,100],[-65,45],[-93,42],[-109,33],[-87,2],[-106,-29],[-219,-88],[-172,-48],[-179,-42],[-114,-11],[0,35],[64,17],[52,18],[124,38],[49,45],[61,68],[76,114],[130,177],[95,162],[69,115],[50,113],[29,7]],[[28339,41025],[923,-89]],[[29262,40936],[-45,-296]],[[29217,40640],[-926,55]],[[28291,40695],[48,330]],[[26380,38207],[42,314],[630,-41],[24,-6],[-52,-292],[-644,25]],[[29217,40640],[-17,-105]],[[29200,40535],[-925,47]],[[28275,40582],[16,113]],[[26693,38075],[217,22]],[[27000,38112],[-197,-322],[-90,-7]],[[29397,41820],[-56,-374]],[[29341,41446],[-860,82]],[[28481,41528],[201,359]],[[28682,41887],[715,-67]],[[29798,34264],[27,7],[17,7],[15,-4],[8,-11],[-2,-41],[3,-13],[19,-43],[11,-35],[9,-21],[0,-17],[-9,-34],[-14,-20],[-27,-9],[-19,-17],[-18,-19],[-30,-5],[-39,-17],[-63,-37],[-30,-4],[-30,10],[-43,-13],[-31,7],[-39,23],[-24,3],[-16,0],[-38,-20],[-44,-45],[-27,-15],[-28,4],[-218,54],[-24,2],[-20,-1],[-28,-17],[-73,32],[-107,33],[-27,20],[-26,23],[-9,25],[2,35],[28,156],[-10,41],[-3,38],[6,36],[15,21],[22,11],[96,7],[146,-11],[120,-40],[53,14],[73,-14],[139,-16],[118,-21],[85,-22],[79,-25],[25,-2]],[[28950,34369],[-17,8],[-15,-3],[-13,-15],[-4,-19],[0,-26],[5,-19],[8,-17],[13,-10],[9,-1],[2,-11],[16,-15],[8,-2],[10,0],[15,3],[5,9],[4,20],[-5,25],[-16,13],[-7,9],[0,11],[-3,26],[-15,14]],[[27656,40016],[-304,17]],[[27352,40033],[51,306],[283,-16]],[[29308,43000],[551,971],[35,29],[73,-46],[94,-55],[108,-58],[67,-34],[20,-7],[56,-7],[-3,-25],[-314,-334],[-9,-16],[-4,-13],[6,-14],[14,-5],[103,-9],[13,-4],[11,-10],[2,-16],[-220,-392]],[[28276,38072],[-106,-296],[-18,-48],[-312,-36],[48,393],[388,-13]],[[27674,34866],[229,57]],[[27903,34923],[23,-20],[20,-13],[10,-174],[16,-9],[7,-36],[-3,-25],[-6,-13],[-50,-11],[-66,-5],[-138,-17],[-8,-10],[12,-94],[16,-64],[-2,-19],[-340,-41],[-3,11],[16,135],[9,10],[219,29],[11,22],[18,52],[13,142],[-1,48],[-2,45]],[[28723,39144],[-190,-500]],[[28533,38644],[-537,25]],[[27996,38669],[74,508]],[[27525,41229],[16,127],[11,66],[17,45],[130,224],[137,241]],[[28582,41887],[-188,-314],[-58,-92],[-13,-30],[-17,-59],[-26,-130],[-8,-81]],[[28272,41181],[-747,48]],[[29599,34944],[-21,-14],[-20,-6],[-57,19],[-15,-33],[-24,-8],[-33,1],[-132,57],[-134,57],[-51,32],[-43,9],[-44,29],[-46,46],[-75,89],[-24,0],[-91,7],[-37,21],[3,75],[120,5],[95,11],[49,-37],[56,-23],[83,-42],[65,-42],[32,-21],[65,-38],[74,-50],[89,-44],[75,-50],[30,-17],[11,-33]],[[30454,37821],[19,-12],[6,-35],[29,-155],[17,-54],[16,-22],[25,-78],[10,-23],[-5,-8],[-34,-13],[-72,-40],[-69,-55],[-68,-55],[-16,-4],[-18,0],[-20,5],[-80,20],[-37,12],[-63,18],[-13,0],[-36,0],[-28,12],[-22,20],[-7,15],[5,37],[15,37],[35,70],[32,59],[19,21],[106,94],[147,95],[88,35],[19,4]],[[28217,40173],[18,120],[5,9],[901,-44],[-5,-20],[-42,-112]],[[30476,36847],[14,-16],[69,-6],[12,-4],[5,-15],[13,-95],[26,-165],[-4,-11],[-45,-7],[-10,-6],[-3,-21],[5,-20],[12,-35],[19,-154],[-8,-33],[-3,-25],[4,-23],[11,-18],[15,-11],[20,-9],[30,9],[48,21],[17,0],[11,-12],[9,-19],[49,-123],[60,-164],[5,-18],[-31,-14],[-163,-11],[-26,18],[-12,7],[-265,43],[-20,7],[-6,10],[0,163],[6,191],[7,103],[3,68],[-7,70],[22,329],[12,5],[51,1],[48,-10]],[[26132,42846],[85,-28],[9,-35],[25,-30],[-9,-45],[-66,-141],[-203,-359],[-42,-72],[-53,-1],[2,59],[5,55],[91,220],[99,230],[57,147]],[[29510,34768],[-1,-312],[10,-38],[-3,-13],[-195,35],[-106,17],[-134,16],[-182,16],[-80,4],[-141,3],[-13,20],[13,215],[-5,126],[5,9],[14,6],[77,-1],[237,-7],[31,5],[20,4],[18,15],[34,21],[22,3],[43,-14],[77,-11],[118,-39],[127,-57],[9,-10],[5,-13]],[[27081,38505],[-1028,66],[76,220],[31,168],[-6,118],[-8,67],[19,14],[999,-50],[4,-26],[-87,-577]],[[30634,42918],[-51,-98]],[[29929,42867],[53,93],[4,7]],[[29986,42967],[648,-49]],[[28637,35298],[0,-201],[-39,-12],[-101,-33],[-60,-19],[-90,-41],[-55,-6],[-27,6],[-102,29],[-19,4],[-80,-2],[-35,2],[-18,5],[-90,41],[-97,140],[3,12],[181,73],[31,10],[133,34],[99,18],[57,6],[163,6],[100,-3],[5,-68],[41,-1]],[[30290,35903],[270,-48],[70,-50],[114,32],[59,-1],[14,-35],[-12,-12],[-7,-50],[-51,-86],[-21,-109],[-13,-68],[-108,-80],[-43,-22],[-65,-14],[-120,5],[-75,-12],[-156,26],[-128,30],[31,58],[7,68],[-10,43],[49,35],[25,43],[51,78],[37,47],[39,60],[43,62]],[[26616,43507],[-53,-76],[-27,-23],[-10,-10],[-5,-14],[-11,-43],[-31,-55],[-24,-22],[-46,-23],[-61,-53],[-37,-22],[-65,-45],[-53,-50],[-37,-44],[-26,-23],[-40,-19],[-31,-7],[-15,1],[-22,6],[-73,35],[-61,39],[-14,12],[-4,11],[1,10],[4,8],[112,113],[49,66],[43,78],[45,66],[26,15],[1,11],[-34,30],[-16,19],[-8,14],[-1,21],[8,19],[25,30],[67,47],[67,55],[62,38],[20,9],[17,-2],[13,-4],[137,-114],[99,-83],[10,-12],[-1,-9]],[[27463,40796],[62,433]],[[28272,41181],[-57,-428]],[[29341,41446],[-19,-123]],[[29322,41323],[-909,84]],[[28413,41407],[68,121]],[[27674,34866],[-136,-39],[-80,-23],[-8,3],[-2,33],[47,279],[9,8],[70,-7],[175,64],[19,-10],[33,-41],[120,-193],[-18,-17]],[[28643,46070],[264,399],[289,445],[75,126],[340,-169],[-290,-537],[-124,-172],[-294,-369]],[[28903,45793],[-260,277]],[[27998,42291],[-61,-105]],[[27285,42227],[63,111]],[[22073,48914],[-2,-55],[2,-38],[9,-19],[-149,-535],[-83,15],[-35,65],[-39,48],[-11,31],[-40,53],[-15,31],[49,-1],[67,26],[23,57],[-15,80],[-37,34],[-41,-18],[-52,11],[-48,-3],[-42,-19],[-30,-34],[-60,-14],[-93,-3],[-89,35],[-26,45],[-41,38],[-37,46],[-33,27],[-15,42],[4,23],[41,3],[53,-12],[55,-4],[60,3],[56,8],[63,-24],[41,-27],[49,-4],[139,25],[53,47],[8,21]],[[27407,37991],[-1,-28]],[[26809,37543],[-8,65],[5,55],[16,52],[51,114],[110,175],[70,-1]],[[21225,48532],[72,17],[17,42],[52,31],[73,-20],[82,-1],[-31,-55],[30,-62],[30,-30],[52,-95],[-13,-76],[-52,-25],[-53,-18],[-27,-24],[-30,0],[-33,59],[-36,9],[-11,-15],[-19,-24],[-41,-40],[-39,-44],[-55,-38],[-70,-40],[-109,-53],[-75,-7],[-73,21],[-46,8],[-39,41],[40,28],[32,-2],[43,-31],[100,-10],[61,59],[51,21],[24,51],[2,87],[-39,38],[-38,-9],[-40,3],[-57,-1],[-68,-3],[-69,-15],[-65,-46],[-116,-17],[-63,62],[37,44],[44,-9],[42,10],[21,36],[69,-22],[83,57],[-4,50],[15,39],[25,41],[37,1],[51,1],[82,4],[41,0],[103,-28]],[[28019,45074],[-166,-285],[-959,541],[334,243]],[[26943,45210],[-3,-44],[-181,-295],[-21,85],[-61,75],[-81,97],[-48,8],[-59,20],[0,55],[-29,63],[57,30],[86,10],[89,-20],[132,-34],[119,-50]],[[26464,37340],[11,-110]],[[26475,37230],[-386,-53],[-9,110]],[[29415,39787],[193,-9],[-179,-474]],[[28828,39334],[194,482]],[[28388,32909],[-34,30],[-42,0],[-42,2],[-15,25],[-92,25],[-73,12],[-1,123],[23,154],[144,-16],[217,-23]],[[30741,43126],[-54,-105]],[[30687,43021],[-646,49]],[[30041,43070],[54,99]],[[30841,42711],[45,22],[19,3],[154,-41],[39,-14],[13,-12],[18,-24],[1,-12],[-28,-76],[-29,-44],[-18,-36],[-13,-35],[-7,-31],[-4,-40],[-7,-39],[-11,-21],[-27,-25],[-51,-19],[-43,-6],[-63,-2],[-52,1],[-79,2],[-28,11],[-7,13],[21,95],[-5,17],[-29,16],[-26,25],[-16,39],[9,24],[29,35],[54,55],[49,43],[68,54],[24,22]],[[31035,44049],[-551,-702]],[[30484,43347],[-261,60],[-117,27],[-10,4],[-7,20],[3,11],[366,396],[35,32],[368,327]],[[30712,35356],[36,-9],[32,-163],[-7,-16],[-73,-10],[-67,-29],[-104,-48],[-2,-19],[-63,-34],[-53,-16],[-116,-16],[-89,-12],[-167,-42],[-106,-7],[-5,332],[288,0],[219,9],[110,7],[126,55],[41,18]],[[29561,37178],[21,36],[27,-2],[20,-16],[126,-44],[39,-12],[26,-16],[4,-18],[-12,-43],[31,10],[31,-4],[60,-23],[27,3],[98,-53],[42,-12],[99,-27],[115,-24],[18,-11],[10,-11],[-2,-38],[-22,-268],[-6,-15],[-15,-7],[-93,6],[-154,10],[-157,16],[-151,22],[-24,7],[-22,17],[-8,49],[-2,48],[8,110],[-71,-93],[-40,-48],[-20,-16],[-60,-17],[-173,31],[-24,3]],[[26749,36250],[-68,-506],[-18,-26],[-6,-28],[4,-23],[11,-14],[1,-16],[-14,-9],[-77,-12],[-44,1],[-539,-99],[-16,1],[-15,16],[-21,76],[0,72],[9,84],[15,94],[50,277]],[[28533,38644],[-198,-522],[-10,-17],[-19,-5],[-358,20],[-16,10],[-11,8],[75,531]],[[22755,45649],[39,-25],[31,-48],[21,-56],[41,-17],[70,-3],[51,13],[59,-14],[91,-27],[74,-28],[71,-40],[22,-49],[21,-77],[60,-82],[-41,-35],[-76,89],[-42,44],[-30,40],[-72,54],[-85,8],[-103,8],[-105,-14],[-59,-50],[-185,-149],[113,366],[28,65],[6,27]],[[22248,47030],[20,11],[32,7],[42,-17],[29,-48],[-1,-27],[0,-64],[5,-83],[6,-39],[12,-95],[47,-99],[20,-39],[23,-44],[30,-55],[36,-74],[54,-60],[40,-88],[61,-102],[23,-80],[2,-90],[0,-83],[-31,-19],[-83,7],[-24,8],[-23,-15],[-111,-13],[-109,5],[-20,53],[5,34],[-2,45],[-3,53],[-3,75],[-23,217],[-22,209],[-32,384],[0,126]],[[28903,45793],[-232,-303],[-73,82],[-83,82],[-87,75],[215,341]],[[29183,40423],[-12,-83],[-14,-33],[-915,46],[17,120]],[[28259,40473],[924,-50]],[[28185,39956],[17,112]],[[29055,40022],[-40,-105]],[[25988,37164],[-28,101]],[[25960,37265],[74,14],[0,-109],[-46,-6]],[[28448,34068],[-78,55],[-65,46],[-76,60],[-44,75],[-47,56],[17,43],[83,-1],[88,3],[112,3],[99,-6],[131,1],[72,0],[47,-13],[-33,-324]],[[28540,34295],[-13,-13],[8,-14],[12,-17],[12,-16],[23,-14],[27,-5],[26,1],[23,2],[42,8],[1,10],[-2,19],[-16,13],[-24,6],[-38,1],[-32,0],[-19,4],[-30,15]],[[29510,35854],[-26,46],[-22,-4],[-108,27],[-277,632],[5,31],[116,18],[117,24],[98,21],[10,-16],[35,2],[69,-9],[79,-3],[34,-6],[14,-77],[30,-283],[30,-324],[-5,-43],[-4,-29],[-13,-68],[0,-64],[-9,-46],[-12,-26],[-27,-21],[-32,-18],[-47,-8],[-73,-4],[7,54],[8,45],[4,38],[-1,111]],[[26285,41097],[465,-24],[-96,-621],[-397,13],[-41,4],[-28,16],[8,47],[30,136],[17,12],[27,23],[-5,80],[-17,16],[-2,55],[2,8]],[[28991,45259],[-301,-168]],[[28690,45091],[-40,-23],[-12,-4],[-13,3],[-117,77],[-8,14],[4,12],[258,322]],[[28762,45492],[229,-233]],[[26594,37461],[-160,-22]],[[26415,37737],[163,14]],[[28976,39813],[-178,-471]],[[28101,39385],[69,466]],[[28933,43957],[-180,-340],[-183,-308],[-249,22],[-139,395],[323,122],[192,59],[236,50]],[[29441,41823],[34,225],[760,-47],[-42,-254],[-179,13]],[[28848,44880],[277,-178]],[[29125,44702],[-21,-32],[-67,-55],[-60,-41],[-97,-36],[-132,-42],[-157,-40],[-120,-16],[-104,-18],[-172,-26],[-54,123],[233,52],[-27,63],[105,41],[-257,193],[253,283],[180,-111],[36,-54],[47,-33],[57,-46],[80,-27]],[[28848,44880],[8,9]],[[28856,44889],[282,282],[26,0],[25,-26],[20,-49]],[[29209,45096],[17,-56],[40,-51],[17,-38],[9,-45],[-80,-76],[0,-28],[-87,-100]],[[22359,45796],[13,5],[50,4],[62,4],[68,1],[46,2],[52,-2],[62,9],[11,-8],[0,-17],[-6,-59],[-6,-79],[-15,-86],[-96,-299],[-110,49],[-115,55],[-33,18],[14,22],[3,16],[-6,21],[-14,17],[-17,5],[7,33],[15,72],[1,105],[-2,90],[16,22]],[[28041,39577],[-1,-20],[-16,-104],[-9,-33],[-23,8],[-162,12],[-15,-11],[-14,-30],[-3,-52]],[[27798,39347],[-542,27]],[[27256,39374],[37,243]],[[27293,39617],[748,-40]],[[29198,42962],[-62,-109]],[[29136,42853],[-746,46]],[[28390,42899],[63,109]],[[28762,45492],[255,320],[197,249],[23,6],[145,-170],[147,-190],[35,-51],[9,-23],[-2,-15],[-11,-11],[-76,-49],[-125,-76],[-173,-114],[-22,-1],[-47,38],[-98,-72],[29,-42]],[[29048,45291],[-57,-32]],[[29322,41323],[-17,-111]],[[29305,41212],[-931,77]],[[28374,41289],[6,41],[10,32],[23,45]],[[21617,48346],[47,66],[35,-15],[53,-37],[34,-54],[39,-44],[34,-67],[53,-23],[-75,-267],[-45,8],[-45,11],[-68,7],[-37,8],[-4,37],[-29,53],[32,16],[15,62],[42,65],[-53,113],[-12,12],[-16,49]],[[29200,40535],[-17,-112]],[[28259,40473],[16,109]],[[30286,36180],[-14,-270],[-13,-35],[-49,-43],[-32,-10],[-49,-3],[-172,52],[-73,7],[-106,3],[-40,8],[-9,118],[-38,589],[46,-1],[82,-3],[40,-16],[47,-24],[40,-16],[37,10],[42,5],[41,8],[53,-2],[44,-5],[49,-17],[47,-10],[26,-33],[26,-76],[0,-27],[-25,-209]],[[28722,33581],[66,-7],[20,0],[34,7],[21,10],[25,-8],[12,-4],[16,1],[53,19],[36,3],[21,-11],[46,-26],[43,-22],[51,-23],[23,-7],[28,-3],[33,-1],[94,14],[66,14],[43,6],[64,6],[82,7],[105,10],[42,7],[62,29],[61,23],[119,43],[124,38],[127,54],[71,26],[18,0],[23,-4],[30,-12],[21,-10],[24,-14],[14,-20],[10,-12],[97,-72],[20,-9],[23,-5],[55,-45],[17,-10],[27,-7],[32,-3],[28,3],[43,-8],[54,-25],[51,-24],[24,-8],[33,-17],[39,-39],[22,-31],[40,-65],[35,-43],[17,-40],[3,-18],[-3,-31],[3,-17],[5,-14],[25,-41],[56,-58],[13,-18],[35,-78],[9,-20],[12,-15],[80,-61],[14,-21],[21,-24],[76,-77],[61,-65],[12,-16],[0,-30],[-5,-17],[-13,-10],[-18,0],[-44,12],[-29,14],[-70,76],[-70,81],[-13,24],[-73,67],[-28,82],[-19,40],[-20,30],[-38,63],[-12,11],[-16,11],[-54,28],[-142,139],[-52,39],[-27,23],[-26,31],[-30,31],[-15,14],[-32,14],[-81,15],[-31,21],[-40,24],[-81,28],[-98,59],[-10,16],[5,20],[14,19],[5,15],[-5,14],[-12,9],[-19,-5],[-29,-17],[-48,-19],[-52,-18],[-33,-5],[-39,-4],[-26,-13],[-8,-7],[-20,7],[-17,1],[-17,-5],[-11,-14],[-7,-12],[-38,-23],[-16,-15],[-52,-55],[-62,-22],[-25,-15],[-57,-20],[-124,-26],[-44,-21],[-43,-23],[-48,-16],[-51,-8],[-36,-13],[-105,-31],[-76,-12],[-73,0],[-36,10],[-20,2],[-60,-13],[-41,-3],[-46,14],[-22,9],[-34,-2],[-55,-13],[-55,-6],[-55,10],[-39,14],[-19,20],[31,245]],[[28656,38886],[353,-14]],[[29009,38872],[187,-19],[11,-16],[-62,-217]],[[28563,38643],[93,243]],[[29868,40871],[-15,-24],[-32,-258]],[[29264,40634],[42,291]],[[22185,47016],[73,-1034],[-14,-16],[-114,33],[-194,67],[-96,34],[-41,60],[-1,36],[-3,88],[-17,105],[-41,121],[-90,89],[-78,124],[13,80],[-10,41],[10,49],[26,32],[66,27],[85,54],[51,34],[28,27],[9,39],[25,21],[77,-5],[57,2],[57,-5],[11,-34],[23,-23],[14,-29],[74,-17]],[[27798,39347],[-5,-66],[42,-11],[67,4],[45,16],[45,-5],[-16,-127],[-10,-78],[-14,-21],[-723,39],[-11,25],[38,251]],[[25047,43557],[15,14],[24,2],[46,5],[46,3],[23,5],[22,5],[20,12],[28,31],[23,13],[36,7],[39,2],[69,5],[42,8],[61,6],[53,2],[53,-7],[46,-9],[46,-15],[47,-18],[66,-40],[29,-19],[26,-11],[44,-14],[47,-24],[18,-2],[15,1],[7,-5],[4,-10],[-10,-18],[-15,-19],[-43,-33],[-64,-39],[-20,-8],[-19,-1],[-49,21],[-64,31],[-11,0],[-18,-5],[-22,-13],[-16,-18],[-11,-54],[10,-63],[7,-25],[-9,-24],[-21,-22],[-17,-9],[-56,-1],[-23,3],[-35,-12],[-41,-15],[-68,-26],[-30,2],[-41,22],[-29,3],[-46,-3],[-33,12],[-42,47],[-36,50],[-8,34],[-46,93],[-47,66],[-21,52],[-1,25]],[[31054,44487],[-175,-166],[-14,-10],[-88,-39],[-10,-7],[-12,-34],[-15,-23],[-99,-98],[-153,-134],[-64,-51],[-29,-18],[-48,-17],[-15,-14],[-15,-3],[-75,17],[-110,60],[-149,83],[-47,34],[-9,12],[2,11],[195,344],[129,-76],[15,2],[34,51],[57,88],[1,16],[-7,17],[-32,33],[23,38],[1,18],[-7,16],[-13,13],[-29,8],[-27,6],[-8,11],[153,268],[7,7],[11,0],[117,-80]],[[30687,43021],[-53,-103]],[[29986,42967],[55,103]],[[27293,39617],[59,416]],[[27987,39998],[-11,-83],[-69,5],[-9,-85],[6,-25],[49,-13],[12,-13],[9,-47],[18,-32],[30,-12],[23,-22],[-4,-94]],[[31720,34839],[-8,-79],[-41,-87],[-43,-77],[-71,-33],[-113,-44],[-203,-49],[-146,-68],[-69,4],[-28,22],[-15,26],[-19,77],[-89,186],[-108,158],[-19,29],[-7,30],[-21,26],[-52,37],[-36,21],[-6,5],[3,15],[14,14],[34,19],[27,11],[142,22],[99,8],[37,-5],[29,-1],[231,28],[38,3],[24,-1],[138,-27],[128,2],[92,2],[65,8],[-1,-43],[-1,-161],[-5,-78]],[[27867,38449],[-728,39],[79,574],[9,20],[713,-33],[14,-11],[-2,-69],[-21,-112],[-89,3],[-12,-9],[-35,-229],[93,-13],[8,-9],[-15,-133],[-14,-18]],[[28318,38068],[593,-34],[-108,-254],[-112,-9],[-481,-42],[108,339]],[[29550,46461],[53,0],[30,2],[41,7],[37,-15],[4,-53],[-16,-36],[-26,-25],[-21,-28],[-16,-33],[-24,-53],[-21,-56],[0,-36],[-5,-35],[-12,-93],[-10,-38],[-19,-44],[-2,-52],[6,-40],[9,-35],[-21,-18],[-27,-5],[-267,352],[5,30],[86,135],[35,30],[60,0],[25,4],[12,14],[33,61],[21,40],[30,20]],[[29314,35911],[44,-8],[110,-23],[24,-22],[4,-33],[-2,-47],[-11,-18],[-4,-41],[-23,-36],[-5,-28],[1,-86],[-1,-60],[-4,-29],[16,-42],[-245,-32],[-70,20],[-129,41],[-147,63],[-67,-9],[-90,-2],[-52,6],[-40,10],[-14,11],[-24,75],[32,78],[-15,56],[37,66],[51,61],[33,24]],[[29000,35620],[-7,-29],[12,-14],[31,-10],[22,17],[17,21],[11,21],[-14,26],[-24,6],[-48,-38]],[[29136,42853],[-58,-102]],[[29078,42751],[-747,45]],[[28331,42796],[59,103]],[[28339,41025],[35,264]],[[29305,41212],[-43,-276]],[[29358,39118],[-87,-232],[-15,1],[-23,11],[-221,8],[-3,-34]],[[28656,38886],[99,256]],[[30475,38605],[59,-58],[208,-269],[32,-41],[5,-13],[2,-18],[-4,-17],[-39,-32],[-322,-246],[-53,-1],[-44,-28],[-136,-105],[-154,-123],[-22,-8],[-233,-25],[-178,-19],[-22,1],[-33,5],[-56,25],[74,145],[55,104],[65,104],[33,46],[46,38],[55,49],[149,98],[171,116],[146,90],[109,100],[87,82]],[[31194,43961],[-297,-526],[-49,-98],[-15,-33],[-14,-25],[-16,-6],[-319,74]],[[29078,42751],[-61,-107]],[[28270,42690],[61,106]],[[28201,45356],[148,238],[63,114],[82,-73],[71,-69],[92,-94],[-232,-283],[-224,167]],[[28682,41887],[114,204],[11,6],[607,-48],[8,-7],[4,-17],[-22,-158],[-7,-47]],[[28732,42146],[-88,-156]],[[27895,42034],[94,165]],[[25171,41080],[-44,14],[-47,9],[-60,18],[-25,13],[-35,7],[-33,10],[-51,10],[2,26],[7,27],[24,54],[21,49],[24,39],[20,54],[9,40],[6,55],[15,21],[34,1],[53,-34],[45,-43],[43,-42],[21,-19],[16,-19],[22,-8],[39,-9],[39,-12],[46,-6],[46,-7],[25,-5],[22,-15],[2,-72],[4,-43],[4,-104],[-2,-46],[-6,-36],[-22,8],[-33,1],[-153,41],[-78,23]],[[25784,43056],[18,20],[94,-55],[59,-38],[39,-16],[39,-19],[19,-30],[5,-11],[-15,-60],[-182,-414],[-14,-49],[-14,-5],[-35,8],[-39,13],[-51,19],[-35,15],[-26,18],[-37,27],[-17,40],[2,72],[32,103],[32,90],[1,44],[27,7],[26,44],[22,58],[24,64],[26,55]],[[29048,45291],[120,61],[79,-115],[215,180],[58,-71],[-17,-52],[-19,-47],[-23,-65],[-33,-61],[-63,-98],[-26,-32],[-22,-5],[-56,48],[-27,48],[-25,14]],[[28856,44889],[-32,14],[-39,22],[-38,27],[-28,16],[46,45],[-75,78]],[[27124,38458],[637,-32],[6,-138],[9,-133],[-396,14],[-31,14],[-271,14],[46,261]],[[28507,36078],[15,-1],[10,-68],[3,-25],[-7,-56],[-9,-21],[-89,-77],[-63,-49],[-65,-33],[-10,-16],[-9,-41],[-15,-56],[0,-41],[9,-51],[4,-32],[-8,-65],[-11,-9],[-75,-9],[-29,-5],[-470,-161],[2,303],[8,9],[378,59],[61,14],[33,9],[28,12],[37,33],[58,62],[56,74],[74,90],[19,29],[59,115],[6,7]],[[29977,44842],[198,407],[102,-57],[-44,-88],[103,-51],[40,-21],[-184,-316]],[[28640,35059],[-3,-191],[-5,-359],[-1,-9],[-10,-5],[-357,16],[-167,8],[-16,231],[-9,101],[-2,81],[7,20],[8,12],[23,11],[19,-1],[43,-16],[68,-16],[33,-6],[57,-1],[37,5],[47,17],[56,31],[38,21],[38,18],[75,32],[21,0]],[[29405,43393],[3,-28],[-3,-16],[-147,-263],[-728,38],[369,649]],[[1436,39914],[6,-13],[12,-83],[21,-111],[24,-95],[9,-40],[-2,-17],[-21,2],[-42,18],[-38,41],[-11,31],[-4,30],[0,92],[7,140],[39,5]],[[3744,42484],[133,127],[14,4],[11,-8],[5,-26],[-14,-53],[-61,-167],[-42,27],[14,38],[-17,27],[-43,31]],[[3727,42090],[24,19],[65,2],[37,6],[16,-7],[44,-35],[53,-36],[23,-8],[-21,-28],[-29,4],[-64,-62]],[[30862,50350],[40,116],[56,-19],[-42,-128],[44,-14],[-3,-27],[-52,-166],[-100,46],[10,28],[53,76],[15,32],[3,24],[-5,17],[-19,15]],[[49467,64068],[-51,21],[-73,60],[-16,33],[-12,14],[-2,26],[42,44],[60,34],[24,-5],[105,-93],[12,-22],[-16,-15],[-2,-25],[-27,-11],[-12,-18],[-18,-32],[-14,-11]],[[33255,51915],[92,-18],[38,-22],[-205,-321],[-9,6],[37,216],[47,139]],[[32760,51228],[37,-19],[68,-16],[-76,-163],[-105,52]],[[1595,38984],[-34,-1],[-42,15],[-21,12],[-12,12],[-2,20],[43,129],[97,-22],[-29,-165]],[[14666,54921],[122,4],[62,-56],[76,-84],[42,-51],[-10,-30],[-55,5],[-34,33],[-30,0],[-40,1],[-30,20],[-49,44],[-42,71],[-12,43]],[[42709,22764],[95,-92],[35,21],[34,-36],[10,-12],[-52,-84],[-43,17],[-34,-22],[-133,111]],[[12908,56372],[-14,-40],[-27,-57],[-56,8],[-43,11],[-79,28],[-49,20],[-8,8],[2,25],[-15,43],[19,25],[51,4],[46,-3],[32,-7],[59,-27],[82,-38]],[[16466,53189],[27,202],[8,5],[41,-11],[55,-39],[5,-23],[-46,-95],[-34,-55],[-16,-18],[-22,0],[-15,17],[-3,17]],[[70981,616],[0,49],[32,-5],[7,34],[66,7],[53,-3],[-1,-26],[69,-3],[116,-12],[0,34],[80,-21],[-26,-93],[-93,15],[-89,10],[-75,1],[-139,13]],[[32658,51015],[131,-53],[2,-12],[-88,-133],[-17,-3],[-90,40],[15,41]],[[15340,53917],[75,17],[20,2],[-3,-29],[-1,-37],[-4,-33],[-1,-21],[-3,-34],[12,-35],[-13,-49],[-21,-6],[-26,5],[-23,11],[-6,25],[-6,184]],[[13073,56449],[-1,-69],[-39,1],[-119,62],[-82,44],[-57,25],[-49,24],[39,-1],[67,-8],[92,-6],[149,-72]],[[16099,51451],[170,-4],[28,-219],[-50,3],[-37,6],[-39,64],[-33,107],[-39,43]],[[31180,52636],[103,4],[10,-3],[17,-10],[6,-9],[22,-122],[0,-10],[-8,-13],[-10,-9],[-116,-9],[-27,13],[-4,9],[-9,140],[3,11],[13,8]],[[31060,50479],[12,0],[6,-22],[8,-124],[8,-72],[12,-43],[13,-29],[4,-25],[-14,-19],[-56,-9],[-40,-3],[-46,6],[-20,22],[105,300],[8,18]],[[36877,54110],[-14,6],[-55,82],[23,151],[7,26],[16,70],[19,22],[20,2],[33,-20],[3,-17],[-3,-81],[-11,-61],[-26,-143],[-6,-25],[-6,-12]],[[37057,54580],[54,-37],[8,-8],[2,-37],[-6,-28],[-9,-25],[-13,-21],[-14,-8],[-69,10],[-13,7],[-15,28],[-4,25],[-12,13],[-14,9],[-13,12],[-2,26],[5,20],[18,16],[10,16],[9,5],[14,-5],[64,-18]],[[12624,55927],[6,-23],[-36,-95],[-27,-6],[-31,-12],[-32,-18],[-36,-12],[-52,4],[-63,-9],[-7,93],[80,13],[39,21],[34,25],[35,34],[90,-15]],[[5373,43767],[23,-93],[-215,-70],[-17,32],[22,40],[64,51],[123,40]],[[3685,42656],[75,91],[47,56],[47,-28],[-2,-48],[12,-68],[-101,-101],[-78,98]]],"transform":{"scale":[0.000002815441169545353,0.0000020608624966657894],"translate":[142.864474498,42.064360773]},"objects":{"2024_016080":{"type":"GeometryCollection","geometries":[{"arcs":[[0,1]],"type":"Polygon","properties":{"polygon_uuid":"da9600ef-96b9-4aa1-8a0d-64edbbeee152","land_type":200,"issue_year":2024,"edit_year":2020,"history":"[{\"筆ポリゴンID\":\"c11b9518-c043-4d0c-afb4-ae1d4989db85\",\"更新年度\":2023,\"前年同一\":true},[{\"筆ポリゴンID\":\"dc4450fa-c476-457c-b0e9-ad00db8887cd\",\"更新年度\":2022,\"前年同一\":true},[{\"筆ポリゴンID\":\"121ffa1b-b06e-4bd3-91c0-4f77abd0465c\",\"更新年度\":2021,\"前年同一\":true},{\"筆ポリゴンID\":\"121ffa1b-b06e-4bd3-91c0-4f77abd0465c\",\"発生年度\":2020}]]]","last_polygon_uuid":"c11b9518-c043-4d0c-afb4-ae1d4989db85","prev_last_polygon_uuid":"dc4450fa-c476-457c-b0e9-ad00db8887cd","local_government_cd":"016080","point_lng":142.955946341,"point_lat":42.168534249}},{"arcs":[[2]],"type":"Polygon","properties":{"polygon_uuid":"1891fc3f-6e44-4f02-afaa-aefca7624a67","land_type":200,"issue_year":2024,"edit_year":2020,"history":"[{\"筆ポリゴンID\":\"83b5020c-5ebb-48fc-bc76-ac8a5d43dd4b\",\"更新年度\":2023,\"前年同一\":true},[{\"筆ポリゴンID\":\"6990f2eb-2f2e-4a05-b83f-3fff8020c913\",\"更新年度\":2022,\"前年同一\":true},[{\"筆ポリゴンID\":\"3038d345-bbf7-437c-81da-4bb6b073e774\",\"更新年度\":2021,\"前年同一\":true},{\"筆ポリゴンID\":\"3038d345-bbf7-437c-81da-4bb6b073e774\",\"発生年度\":2020}]]]","last_polygon_uuid":"83b5020c-5ebb-48fc-bc76-ac8a5d43dd4b","prev_last_polygon_uuid":"6990f2eb-2f2e-4a05-b83f-3fff8020c913","local_government_cd":"016080","point_lng":142.980282742,"point_lat":42.101942043}},{"arcs":[[3]],"type":"Polygon","properties":{"polygon_uuid":"272b85b0-6e1d-49be-8d00-12f2c78c385c","land_type":200,"issue_year":2024,"edit_year":2020,"history":"[{\"筆ポリゴンID\":\"c840a90f-7c8c-42de-b64d-db47bd74e4b3\",\"更新年度\":2023,\"前年同一\":true},[{\"筆ポリゴンID\":\"820156e8-b311-45c3-80c0-7bb32a6f2671\",\"更新年度\":2022,\"前年同一\":true},[{\"筆ポリゴンID\":\"747ff0e2-f4bc-46a7-9636-bee6d9cf8565\",\"更新年度\":2021,\"前年同一\":true},{\"筆ポリゴンID\":\"747ff0e2-f4bc-46a7-9636-bee6d9cf8565\",\"発生年度\":2020}]]]","last_polygon_uuid":"c840a90f-7c8c-42de-b64d-db47bd74e4b3","prev_last_polygon_uuid":"820156e8-b311-45c3-80c0-7bb32a6f2671","local_government_cd":"016080","point_lng":142.873182395,"point_lat":42.134289963}},{"arcs":[[4]],"type":"Polygon","properties":{"polygon_uuid":"263b56a6-2120-49bb-b74a-a8b25b2ef5bd","land_type":200,"issue_year":2024,"edit_year":2020,"history":"[{\"筆ポリゴンID\":\"e5d3b25d-24b3-42f8-92e7-a1d5c25daff2\",\"更新年度\":2023,\"前年同一\":true},[{\"筆ポリゴンID\":\"f0c4e011-6215-419f-b346-912fbfc39e6e\",\"更新年度\":2022,\"前年同一\":true},[{\"筆ポリゴンID\":\"0b81c3d0-9ddb-4f49-a845-a0628339786b\",\"更新年度\":2021,\"前年同一\":true},{\"筆ポリゴンID\":\"0b81c3d0-9ddb-4f49-a845-a0628339786b\",\"発生年度\":2020}]]]","last_polygon_uuid":"e5d3b25d-24b3-42f8-92e7-a1d5c25daff2","prev_last_polygon_uuid":"f0c4e011-6215-419f-b346-912fbfc39e6e","local_government_cd":"016080","point_lng":143.003000636,"point_lat":42.216831897}},{"arcs":[[5]],"type":"Polygon","properties":{"polygon_uuid":"946bf576-7b49-4501-8933-8c8a3f68451e","land_type":200,"issue_year":2024,"edit_year":2020,"history":"[{\"筆ポリゴンID\":\"c1706e53-594e-44a6-a84c-15894c4d5275\",\"更新年度\":2023,\"前年同一\":true},[{\"筆ポリゴンID\":\"38ee4848-e41b-4adf-91d3-9b575521b35a\",\"更新年度\":2022,\"前年同一\":true},[{\"筆ポリゴンID\":\"a6ae0023-73f5-4c3f-ad60-e1d2eb1e97dd\",\"更新年度\":2021,\"前年同一\":true},{\"筆ポリゴンID\":\"a6ae0023-73f5-4c3f-ad60-e1d2eb1e97dd\",\"発生年度\":2020}]]]","last_polygon_uuid":"c1706e53-594e-44a6-a84c-15894c4d5275","prev_last_polygon_uuid":"38ee4848-e41b-4adf-91d3-9b575521b35a","local_government_cd":"016080","point_lng":142.984408482,"point_lat":42.194720398}},{"arcs":[[6]],"type":"Polygon","properties":{"polygon_uuid":"0ddbfb8d-33f9-4c53-a0eb-e253b98b75c4","land_type":200,"issue_year":2024,"edit_year":2020,"history":"[{\"筆ポリゴンID\":\"1c1d83a4-aae7-4f99-95b5-16784d13137e\",\"更新年度\":2023,\"前年同一\":true},[{\"筆ポリゴンID\":\"2ede09a8-f57d-4a06-97d7-0478ed6dcd4e\",\"更新年度\":2022,\"前年同一\":true},[{\"筆ポリゴンID\":\"2fa9af07-8ea3-4803-b614-b9f72efbd099\",\"更新年度\":2021,\"前年同一\":true},{\"筆ポリゴンID\":\"2fa9af07-8ea3-4803-b614-b9f72efbd099\",\"発生年度\":2020}]]]","last_polygon_uuid":"1c1d83a4-aae7-4f99-95b5-16784d13137e","prev_last_polygon_uuid":"2ede09a8-f57d-4a06-97d7-0478ed6dcd4e","local_government_cd":"016080","point_lng":142.987980205,"point_lat":42.101415956}},{"arcs":[[7]],"type":"Polygon","properties":{"polygon_uuid":"2e685f13-fa4a-4dc5-8a14-fc98d5fa3c78","land_type":200,"issue_year":2024,"edit_year":2020,"history":"[{\"筆ポリゴンID\":\"ed6d8d9d-a42c-4424-a434-b740e7896c6a\",\"更新年度\":2023,\"前年同一\":true},[{\"筆ポリゴンID\":\"2cb3de35-2eb6-4a7b-9131-5f6d26eb4173\",\"更新年度\":2022,\"前年同一\":true},[{\"筆ポリゴンID\":\"eaa1aa28-1d36-4da7-911b-2ed8606d90be\",\"更新年度\":2021,\"前年同一\":true},{\"筆ポリゴンID\":\"eaa1aa28-1d36-4da7-911b-2ed8606d90be\",\"発生年度\":2020}]]]","last_polygon_uuid":"ed6d8d9d-a42c-4424-a434-b740e7896c6a","prev_last_polygon_uuid":"2cb3de35-2eb6-4a7b-9131-5f6d26eb4173","local_government_cd":"016080","point_lng":143.002580504,"point_lat":42.217029027}},{"arcs":[[8]],"type":"Polygon","properties":{"polygon_uuid":"769f2f3a-bb72-4aa0-9c25-6ad2f2240f98","land_type":200,"issue_year":2024,"edit_year":2020,"history":"[{\"筆ポリゴンID\":\"fc6758b6-cb21-4446-bdca-67665b5519ef\",\"更新年度\":2023,\"前年同一\":true},[{\"筆ポリゴンID\":\"0f8a1405-be18-4ab4-9ffb-5abef9f4f3c7\",\"更新年度\":2022,\"前年同一\":true},[{\"筆ポリゴンID\":\"47e0c460-ee55-4f70-8de0-a42e8ee08992\",\"更新年度\":2021,\"前年同一\":true},{\"筆ポリゴンID\":\"47e0c460-ee55-4f70-8de0-a42e8ee08992\",\"発生年度\":2020}]]]","last_polygon_uuid":"fc6758b6-cb21-4446-bdca-67665b5519ef","prev_last_polygon_uuid":"0f8a1405-be18-4ab4-9ffb-5abef9f4f3c7","local_government_cd":"016080","point_lng":143.035531819,"point_lat":42.077752172}},{"arcs":[[9]],"type":"Polygon","properties":{"polygon_uuid":"02933196-1cef-45d2-a400-e0ff20e1831f","land_type":200,"issue_year":2024,"edit_year":2020,"history":"[{\"筆ポリゴンID\":\"78513e6f-2155-40fa-9cb9-c47b1c49af79\",\"更新年度\":2023,\"前年同一\":true},[{\"筆ポリゴンID\":\"1244d1ce-9da0-4e53-9fd0-f16a4b9e97b2\",\"更新年度\":2022,\"前年同一\":true},[{\"筆ポリゴンID\":\"84fd451d-1a0a-408b-8004-e26a56d6c944\",\"更新年度\":2021,\"前年同一\":true},{\"筆ポリゴンID\":\"84fd451d-1a0a-408b-8004-e26a56d6c944\",\"発生年度\":2020}]]]","last_polygon_uuid":"78513e6f-2155-40fa-9cb9-c47b1c49af79","prev_last_polygon_uuid":"1244d1ce-9da0-4e53-9fd0-f16a4b9e97b2","local_government_cd":"016080","point_lng":142.948593428,"point_lat":42.167272782}},{"arcs":[[10]],"type":"Polygon","properties":{"polygon_uuid":"419c3d14-e550-4cef-931d-1286618c14b8","land_type":200,"issue_year":2024,"edit_year":2020,"history":"[{\"筆ポリゴンID\":\"858a755b-5e0d-465c-823d-6f96062b4200\",\"更新年度\":2023,\"前年同一\":true},[{\"筆ポリゴンID\":\"b276efdb-9c09-4fd0-8b55-f4767855d496\",\"更新年度\":2022,\"前年同一\":true},[{\"筆ポリゴンID\":\"eeaaaa7f-48c7-487b-9ad9-094d2d0179fe\",\"更新年度\":2021,\"前年同一\":true},{\"筆ポリゴンID\":\"eeaaaa7f-48c7-487b-9ad9-094d2d0179fe\",\"発生年度\":2020}]]]","last_polygon_uuid":"858a755b-5e0d-465c-823d-6f96062b4200","prev_last_polygon_uuid":"b276efdb-9c09-4fd0-8b55-f4767855d496","local_government_cd":"016080","point_lng":142.872535095,"point_lat":42.149108962}},{"arcs":[[11]],"type":"Polygon","properties":{"polygon_uuid":"670ffbf9-b44d-4a5a-84f0-d560b30f6c51","land_type":200,"issue_year":2024,"edit_year":2020,"history":"[{\"筆ポリゴンID\":\"95b02acd-14db-4255-8c40-8cc18eea435f\",\"更新年度\":2023,\"前年同一\":true},[{\"筆ポリゴンID\":\"e9945cb8-731a-48cb-a6ba-d81cf119ed26\",\"更新年度\":2022,\"前年同一\":true},[{\"筆ポリゴンID\":\"3d92bfce-1340-4889-942b-161d5c75c76a\",\"更新年度\":2021,\"前年同一\":true},{\"筆ポリゴンID\":\"3d92bfce-1340-4889-942b-161d5c75c76a\",\"発生年度\":2020}]]]","last_polygon_uuid":"95b02acd-14db-4255-8c40-8cc18eea435f","prev_last_polygon_uuid":"e9945cb8-731a-48cb-a6ba-d81cf119ed26","local_government_cd":"016080","point_lng":142.900473125,"point_lat":42.180181032}},{"arcs":[[12]],"type":"Polygon","properties":{"polygon_uuid":"7622b8cc-241a-4905-9d35-aea26d411735","land_type":200,"issue_year":2024,"edit_year":2020,"history":"[{\"筆ポリゴンID\":\"f26b40bb-877a-498e-8b34-ef3b8c80d06c\",\"更新年度\":2023,\"前年同一\":true},[{\"筆ポリゴンID\":\"f67f190a-26a1-4a12-96ca-1e6f486a6951\",\"更新年度\":2022,\"前年同一\":true},[{\"筆ポリゴンID\":\"d30f958d-8904-484e-8221-259a2aa7bf08\",\"更新年度\":2021,\"前年同一\":true},{\"筆ポリゴンID\":\"d30f958d-8904-484e-8221-259a2aa7bf08\",\"発生年度\":2020}]]]","last_polygon_uuid":"f26b40bb-877a-498e-8b34-ef3b8c80d06c","prev_last_polygon_uuid":"f67f190a-26a1-4a12-96ca-1e6f486a6951","local_government_cd":"016080","point_lng":142.897439437,"point_lat":42.179504486}},{"arcs":[[13]],"type":"Polygon","properties":{"polygon_uuid":"91607f79-00b5-4e2e-b17b-309cd8810f3b","land_type":200,"issue_year":2024,"edit_year":2020,"history":"[{\"筆ポリゴンID\":\"bb87f3d1-d195-4d7e-8523-310eeef6dadd\",\"更新年度\":2023,\"前年同一\":true},[{\"筆ポリゴンID\":\"5d02f790-4096-452b-8f9f-3c443377d1e3\",\"更新年度\":2022,\"前年同一\":true},[{\"筆ポリゴンID\":\"10d67d95-9343-4bab-9246-42c1ea74e89f\",\"更新年度\":2021,\"前年同一\":true},{\"筆ポリゴンID\":\"10d67d95-9343-4bab-9246-42c1ea74e89f\",\"発生年度\":2020}]]]","last_polygon_uuid":"bb87f3d1-d195-4d7e-8523-310eeef6dadd","prev_last_polygon_uuid":"5d02f790-4096-452b-8f9f-3c443377d1e3","local_government_cd":"016080","point_lng":142.908145382,"point_lat":42.175464807}},{"arcs":[[14]],"type":"Polygon","properties":{"polygon_uuid":"6afc877c-f0e4-42be-ad2a-e0fb231a2e07","land_type":200,"issue_year":2024,"edit_year":2020,"history":"[{\"筆ポリゴンID\":\"ccb26215-4f51-49c8-9537-0e75aeaf9ff1\",\"更新年度\":2023,\"前年同一\":true},[{\"筆ポリゴンID\":\"4116e77f-8038-409a-899f-35ee5d34feba\",\"更新年度\":2022,\"前年同一\":true},[{\"筆ポリゴンID\":\"bf94256d-c502-4c48-84a7-72ab86b5e406\",\"更新年度\":2021,\"前年同一\":true},{\"筆ポリゴンID\":\"bf94256d-c502-4c48-84a7-72ab86b5e406\",\"発生年度\":2020}]]]","last_polygon_uuid":"ccb26215-4f51-49c8-9537-0e75aeaf9ff1","prev_last_polygon_uuid":"4116e77f-8038-409a-899f-35ee5d34feba","local_government_cd":"016080","point_lng":142.907103644,"point_lat":42.176942509}},{"arcs":[[15]],"type":"Polygon","properties":{"polygon_uuid":"9179408c-35ec-4620-86fc-ed4133e23f44","land_type":200,"issue_year":2024,"edit_year":2020,"history":"[{\"筆ポリゴンID\":\"2eae77c5-5604-4f20-855f-8f2a12d303b2\",\"更新年度\":2023,\"前年同一\":true},[{\"筆ポリゴンID\":\"ef3e9299-209d-462c-ae22-94eebf0549aa\",\"更新年度\":2022,\"前年同一\":true},[{\"筆ポリゴンID\":\"baf9d1e7-b7ca-4bc1-9c33-dec2471a79ee\",\"更新年度\":2021,\"前年同一\":true},{\"筆ポリゴンID\":\"baf9d1e7-b7ca-4bc1-9c33-dec2471a79ee\",\"発生年度\":2020}]]]","last_polygon_uuid":"2eae77c5-5604-4f20-855f-8f2a12d303b2","prev_last_polygon_uuid":"ef3e9299-209d-462c-ae22-94eebf0549aa","local_government_cd":"016080","point_lng":142.904535514,"point_lat":42.179137857}},{"arcs":[[16]],"type":"Polygon","properties":{"polygon_uuid":"0b27f2ed-95a9-479a-a422-35800803ef4a","land_type":200,"issue_year":2024,"edit_year":2020,"history":"[{\"筆ポリゴンID\":\"9b5d5e22-68f7-43d9-9ce4-3ea9d8a8d53f\",\"更新年度\":2023,\"前年同一\":true},[{\"筆ポリゴンID\":\"1aa39c4b-7dec-4745-82ee-97b94ceead9b\",\"更新年度\":2022,\"前年同一\":true},[{\"筆ポリゴンID\":\"87df34aa-c0ea-4ff0-908a-53efdc144ad0\",\"更新年度\":2021,\"前年同一\":true},{\"筆ポリゴンID\":\"87df34aa-c0ea-4ff0-908a-53efdc144ad0\",\"発生年度\":2020}]]]","last_polygon_uuid":"9b5d5e22-68f7-43d9-9ce4-3ea9d8a8d53f","prev_last_polygon_uuid":"1aa39c4b-7dec-4745-82ee-97b94ceead9b","local_government_cd":"016080","point_lng":142.87682668,"point_lat":42.133926503}},{"arcs":[[17]],"type":"Polygon","properties":{"polygon_uuid":"315405e2-ca4c-4fd3-82f7-211a0253a85e","land_type":200,"issue_year":2024,"edit_year":2020,"history":"[{\"筆ポリゴンID\":\"b2908b8d-4468-42ef-9c93-8ee74d6ca8b2\",\"更新年度\":2023,\"前年同一\":true},[{\"筆ポリゴンID\":\"0645cf64-0970-4b59-9bca-80a8c23f37ea\",\"更新年度\":2022,\"前年同一\":true},[{\"筆ポリゴンID\":\"340ae1df-e0d4-43ad-b7be-6e3181e6affa\",\"更新年度\":2021,\"前年同一\":true},{\"筆ポリゴンID\":\"340ae1df-e0d4-43ad-b7be-6e3181e6affa\",\"発生年度\":2020}]]]","last_polygon_uuid":"b2908b8d-4468-42ef-9c93-8ee74d6ca8b2","prev_last_polygon_uuid":"0645cf64-0970-4b59-9bca-80a8c23f37ea","local_government_cd":"016080","point_lng":143.037766439,"point_lat":42.075244668}},{"arcs":[[18]],"type":"Polygon","properties":{"polygon_uuid":"f624c31e-2f4f-4813-84ae-a3b132c2c8d1","land_type":200,"issue_year":2024,"edit_year":2020,"history":"[{\"筆ポリゴンID\":\"115574c8-2ede-49f0-9c1c-dcc3d040fac5\",\"更新年度\":2023,\"前年同一\":true},[{\"筆ポリゴンID\":\"9a9eb1b5-39d6-4ccc-a8f7-775aabc246c2\",\"更新年度\":2022,\"前年同一\":true},[{\"筆ポリゴンID\":\"f82f4f3b-db45-4bfc-84f1-378f3466620b\",\"更新年度\":2021,\"前年同一\":true},{\"筆ポリゴンID\":\"f82f4f3b-db45-4bfc-84f1-378f3466620b\",\"発生年度\":2020}]]]","last_polygon_uuid":"115574c8-2ede-49f0-9c1c-dcc3d040fac5","prev_last_polygon_uuid":"9a9eb1b5-39d6-4ccc-a8f7-775aabc246c2","local_government_cd":"016080","point_lng":143.064125545,"point_lat":42.065048159}},{"arcs":[[19]],"type":"Polygon","properties":{"polygon_uuid":"e2395161-2e2c-4720-99ff-adb4f099288a","land_type":200,"issue_year":2024,"edit_year":2020,"history":"[{\"筆ポリゴンID\":\"037db7cc-62d5-4ef1-9f55-14dfea2cc9c3\",\"更新年度\":2023,\"前年同一\":true},[{\"筆ポリゴンID\":\"a78c0ff8-636c-42a2-b0c4-c42890b06023\",\"更新年度\":2022,\"前年同一\":true},[{\"筆ポリゴンID\":\"f65b7c59-caca-418b-ad6f-d4baee0a32fc\",\"更新年度\":2021,\"前年同一\":true},{\"筆ポリゴンID\":\"f65b7c59-caca-418b-ad6f-d4baee0a32fc\",\"発生年度\":2020}]]]","last_polygon_uuid":"037db7cc-62d5-4ef1-9f55-14dfea2cc9c3","prev_last_polygon_uuid":"a78c0ff8-636c-42a2-b0c4-c42890b06023","local_government_cd":"016080","point_lng":142.956538526,"point_lat":42.167880595}},{"arcs":[[20,21]],"type":"Polygon","properties":{"polygon_uuid":"852891f3-01b7-4930-9d4e-2ab3cb1d0485","land_type":200,"issue_year":2024,"edit_year":2020,"history":"[{\"筆ポリゴンID\":\"5e208225-57e2-4c7a-928d-d8e570ae89ea\",\"更新年度\":2023,\"前年同一\":true},[{\"筆ポリゴンID\":\"e600b0fc-9bdc-4343-b376-22ff8808d332\",\"更新年度\":2022,\"前年同一\":true},[{\"筆ポリゴンID\":\"607f44b5-cc82-4676-8e70-372019c332a0\",\"更新年度\":2021,\"前年同一\":true},{\"筆ポリゴンID\":\"607f44b5-cc82-4676-8e70-372019c332a0\",\"発生年度\":2020}]]]","last_polygon_uuid":"5e208225-57e2-4c7a-928d-d8e570ae89ea","prev_last_polygon_uuid":"e600b0fc-9bdc-4343-b376-22ff8808d332","local_government_cd":"016080","point_lng":142.91132993,"point_lat":42.174630459}},{"arcs":[[22]],"type":"Polygon","properties":{"polygon_uuid":"1f6f256b-38e9-48f2-8844-e0843e4c59f3","land_type":200,"issue_year":2024,"edit_year":2020,"history":"[{\"筆ポリゴンID\":\"c257722f-b0ff-4af3-afdd-eb9d5239d88d\",\"更新年度\":2023,\"前年同一\":true},[{\"筆ポリゴンID\":\"b141c9de-b286-4b5e-9bbf-7346e0c4edda\",\"更新年度\":2022,\"前年同一\":true},[{\"筆ポリゴンID\":\"d94a9dca-1975-4195-952b-dfa233326a2f\",\"更新年度\":2021,\"前年同一\":true},{\"筆ポリゴンID\":\"d94a9dca-1975-4195-952b-dfa233326a2f\",\"発生年度\":2020}]]]","last_polygon_uuid":"c257722f-b0ff-4af3-afdd-eb9d5239d88d","prev_last_polygon_uuid":"b141c9de-b286-4b5e-9bbf-7346e0c4edda","local_government_cd":"016080","point_lng":142.929338094,"point_lat":42.172692974}},{"arcs":[[23]],"type":"Polygon","properties":{"polygon_uuid":"e03d7bb8-9e08-41b3-849a-e634eae3c7f7","land_type":200,"issue_year":2024,"edit_year":2020,"history":"[{\"筆ポリゴンID\":\"50cfb1d6-5b14-47f0-b193-56c2abaa01b9\",\"更新年度\":2023,\"前年同一\":true},[{\"筆ポリゴンID\":\"c4667eab-4033-4c83-9719-542919213476\",\"更新年度\":2022,\"前年同一\":true},[{\"筆ポリゴンID\":\"79343b7b-9d55-4d38-8c51-10e49b730a17\",\"更新年度\":2021,\"前年同一\":true},{\"筆ポリゴンID\":\"79343b7b-9d55-4d38-8c51-10e49b730a17\",\"発生年度\":2020}]]]","last_polygon_uuid":"50cfb1d6-5b14-47f0-b193-56c2abaa01b9","prev_last_polygon_uuid":"c4667eab-4033-4c83-9719-542919213476","local_government_cd":"016080","point_lng":142.956269982,"point_lat":42.168973837}},{"arcs":[[24]],"type":"Polygon","properties":{"polygon_uuid":"03b38183-e161-4b2f-a9a1-15840384a449","land_type":200,"issue_year":2024,"edit_year":2020,"history":"[{\"筆ポリゴンID\":\"42147c4f-33aa-417d-be7c-94df50ff3c29\",\"更新年度\":2023,\"前年同一\":true},[{\"筆ポリゴンID\":\"9cdff2f9-b43a-406d-b0d8-530aee351356\",\"更新年度\":2022,\"前年同一\":true},[{\"筆ポリゴンID\":\"c949ec81-cc41-4d0f-8884-ae46296c882a\",\"更新年度\":2021,\"前年同一\":true},{\"筆ポリゴンID\":\"c949ec81-cc41-4d0f-8884-ae46296c882a\",\"発生年度\":2020}]]]","last_polygon_uuid":"42147c4f-33aa-417d-be7c-94df50ff3c29","prev_last_polygon_uuid":"9cdff2f9-b43a-406d-b0d8-530aee351356","local_government_cd":"016080","point_lng":143.036411712,"point_lat":42.076259631}},{"arcs":[[25]],"type":"Polygon","properties":{"polygon_uuid":"537871e0-81a8-497e-8ce7-35cbfc26a096","land_type":200,"issue_year":2024,"edit_year":2020,"history":"[{\"筆ポリゴンID\":\"55010529-3ea2-4339-a2d4-e1c66eac0b7d\",\"更新年度\":2023,\"前年同一\":true},[{\"筆ポリゴンID\":\"c4a9577b-2f24-431d-9c45-1c53d6758125\",\"更新年度\":2022,\"前年同一\":true},[{\"筆ポリゴンID\":\"1ca489c8-d888-470c-a276-e698dbaac8fc\",\"更新年度\":2021,\"前年同一\":true},{\"筆ポリゴンID\":\"1ca489c8-d888-470c-a276-e698dbaac8fc\",\"発生年度\":2020}]]]","last_polygon_uuid":"55010529-3ea2-4339-a2d4-e1c66eac0b7d","prev_last_polygon_uuid":"c4a9577b-2f24-431d-9c45-1c53d6758125","local_government_cd":"016080","point_lng":142.984391252,"point_lat":42.194195649}},{"arcs":[[26]],"type":"Polygon","properties":{"polygon_uuid":"e1fd7529-6943-423d-a9dc-83222f65213e","land_type":200,"issue_year":2024,"edit_year":2020,"history":"[{\"筆ポリゴンID\":\"8c52451e-13bb-40f9-889a-eebfb2794ecb\",\"更新年度\":2023,\"前年同一\":true},[{\"筆ポリゴンID\":\"d4dad9e0-6105-4909-9fef-958f9cafd5c2\",\"更新年度\":2022,\"前年同一\":true},[{\"筆ポリゴンID\":\"29360d5f-97ef-4b9d-8c9f-6c66b56d98e8\",\"更新年度\":2021,\"前年同一\":true},{\"筆ポリゴンID\":\"29360d5f-97ef-4b9d-8c9f-6c66b56d98e8\",\"発生年度\":2020}]]]","last_polygon_uuid":"8c52451e-13bb-40f9-889a-eebfb2794ecb","prev_last_polygon_uuid":"d4dad9e0-6105-4909-9fef-958f9cafd5c2","local_government_cd":"016080","point_lng":142.864712614,"point_lat":42.138204985}},{"arcs":[[27]],"type":"Polygon","properties":{"polygon_uuid":"c2bd6c67-fd0d-4a09-9eb5-7cffc416670c","land_type":200,"issue_year":2024,"edit_year":2020,"history":"[{\"筆ポリゴンID\":\"cff18ad3-87db-4569-8ba4-54c0cf60bb99\",\"更新年度\":2023,\"前年同一\":true},[{\"筆ポリゴンID\":\"10c7143b-c5db-49b2-833e-67b15ba4b269\",\"更新年度\":2022,\"前年同一\":true},[{\"筆ポリゴンID\":\"e6871fa8-7ccc-41c6-9a80-07bdc5ee997c\",\"更新年度\":2021,\"前年同一\":true},{\"筆ポリゴンID\":\"e6871fa8-7ccc-41c6-9a80-07bdc5ee997c\",\"発生年度\":2020}]]]","last_polygon_uuid":"cff18ad3-87db-4569-8ba4-54c0cf60bb99","prev_last_polygon_uuid":"10c7143b-c5db-49b2-833e-67b15ba4b269","local_government_cd":"016080","point_lng":142.908391577,"point_lat":42.175128988}},{"arcs":[[28]],"type":"Polygon","properties":{"polygon_uuid":"0cb40bbb-cd2a-48a9-8519-b8f9b43cb340","land_type":200,"issue_year":2024,"edit_year":2020,"history":"[{\"筆ポリゴンID\":\"ebefb1ff-a400-49b3-bb26-b636cf3d40ee\",\"更新年度\":2023,\"前年同一\":true},[{\"筆ポリゴンID\":\"476bd5ef-faf8-44e7-a4c3-e3d6ab5bfcfd\",\"更新年度\":2022,\"前年同一\":true},[{\"筆ポリゴンID\":\"7a1f72d1-c179-407d-8750-127f6424f617\",\"更新年度\":2021,\"前年同一\":true},{\"筆ポリゴンID\":\"7a1f72d1-c179-407d-8750-127f6424f617\",\"発生年度\":2020}]]]","last_polygon_uuid":"ebefb1ff-a400-49b3-bb26-b636cf3d40ee","prev_last_polygon_uuid":"476bd5ef-faf8-44e7-a4c3-e3d6ab5bfcfd","local_government_cd":"016080","point_lng":142.964363906,"point_lat":42.119477846}},{"arcs":[[29]],"type":"Polygon","properties":{"polygon_uuid":"02db688f-9109-42a6-b985-596b3450ea82","land_type":200,"issue_year":2024,"edit_year":2020,"history":"[{\"筆ポリゴンID\":\"f85c50d5-39c4-43cb-8111-4faff5da4703\",\"更新年度\":2023,\"前年同一\":true},[{\"筆ポリゴンID\":\"f40f8eb4-61d6-4c5a-bcb5-720b500234c8\",\"更新年度\":2022,\"前年同一\":true},[{\"筆ポリゴンID\":\"fe5b26c5-0ddb-4864-981f-a4d48b92d84c\",\"更新年度\":2021,\"前年同一\":true},{\"筆ポリゴンID\":\"fe5b26c5-0ddb-4864-981f-a4d48b92d84c\",\"発生年度\":2020}]]]","last_polygon_uuid":"f85c50d5-39c4-43cb-8111-4faff5da4703","prev_last_polygon_uuid":"f40f8eb4-61d6-4c5a-bcb5-720b500234c8","local_government_cd":"016080","point_lng":143.034274138,"point_lat":42.076724842}},{"arcs":[[30]],"type":"Polygon","properties":{"polygon_uuid":"49d059fc-d514-49ac-8000-6f34b37dc9e8","land_type":200,"issue_year":2024,"edit_year":2020,"history":"[{\"筆ポリゴンID\":\"2b343460-c3ba-4a9c-8809-1d2a4ba6a6bc\",\"更新年度\":2023,\"前年同一\":true},[{\"筆ポリゴンID\":\"1dff4090-8da3-48fc-b207-82de08e7258e\",\"更新年度\":2022,\"前年同一\":true},[{\"筆ポリゴンID\":\"fc0effcd-3f6d-4559-9b50-78e74ebff946\",\"更新年度\":2021,\"前年同一\":true},{\"筆ポリゴンID\":\"fc0effcd-3f6d-4559-9b50-78e74ebff946\",\"発生年度\":2020}]]]","last_polygon_uuid":"2b343460-c3ba-4a9c-8809-1d2a4ba6a6bc","prev_last_polygon_uuid":"1dff4090-8da3-48fc-b207-82de08e7258e","local_government_cd":"016080","point_lng":143.007741738,"point_lat":42.204922704}},{"arcs":[[31]],"type":"Polygon","properties":{"polygon_uuid":"8d9c7c57-49ed-400d-ba0d-32ec8b2e5c25","land_type":200,"issue_year":2024,"edit_year":2020,"history":"[{\"筆ポリゴンID\":\"79cacf75-f48f-47d8-9f98-8b30e57339fb\",\"更新年度\":2023,\"前年同一\":true},[{\"筆ポリゴンID\":\"e03cfb11-50da-42d7-8f6d-e3749748ff3c\",\"更新年度\":2022,\"前年同一\":true},[{\"筆ポリゴンID\":\"74ce3c1a-236f-44b5-9ebd-684415d44185\",\"更新年度\":2021,\"前年同一\":true},{\"筆ポリゴンID\":\"74ce3c1a-236f-44b5-9ebd-684415d44185\",\"発生年度\":2020}]]]","last_polygon_uuid":"79cacf75-f48f-47d8-9f98-8b30e57339fb","prev_last_polygon_uuid":"e03cfb11-50da-42d7-8f6d-e3749748ff3c","local_government_cd":"016080","point_lng":143.003312331,"point_lat":42.216859501}},{"arcs":[[32]],"type":"Polygon","properties":{"polygon_uuid":"47d01d0f-89f2-4b16-b472-091f7afd5db6","land_type":200,"issue_year":2024,"edit_year":2020,"history":"[{\"筆ポリゴンID\":\"576a396e-3ed7-48bc-a6d2-87fe2477994b\",\"更新年度\":2023,\"前年同一\":true},[{\"筆ポリゴンID\":\"5a3eb7cc-d36f-4ead-bfc5-7d5d436ecf91\",\"更新年度\":2022,\"前年同一\":true},[{\"筆ポリゴンID\":\"a38fb005-d398-4228-ac0a-8e57bd50572f\",\"更新年度\":2021,\"前年同一\":true},{\"筆ポリゴンID\":\"a38fb005-d398-4228-ac0a-8e57bd50572f\",\"発生年度\":2020}]]]","last_polygon_uuid":"576a396e-3ed7-48bc-a6d2-87fe2477994b","prev_last_polygon_uuid":"5a3eb7cc-d36f-4ead-bfc5-7d5d436ecf91","local_government_cd":"016080","point_lng":142.903292146,"point_lat":42.179863044}},{"arcs":[[33,34,35]],"type":"Polygon","properties":{"polygon_uuid":"3dabd1c4-b6b3-4992-9a71-3b92f068a023","land_type":100,"issue_year":2024,"edit_year":2020,"history":"[{\"筆ポリゴンID\":\"ff4c7dca-94fd-4f0a-ad3d-73870be26504\",\"更新年度\":2023,\"前年同一\":true},[{\"筆ポリゴンID\":\"96fe2824-3ab1-460a-b3ca-8600cd985215\",\"更新年度\":2022,\"前年同一\":true},[{\"筆ポリゴンID\":\"584ce499-8296-40ee-a468-21f4ffcd4126\",\"更新年度\":2021,\"前年同一\":true},{\"筆ポリゴンID\":\"584ce499-8296-40ee-a468-21f4ffcd4126\",\"発生年度\":2020}]]]","last_polygon_uuid":"ff4c7dca-94fd-4f0a-ad3d-73870be26504","prev_last_polygon_uuid":"96fe2824-3ab1-460a-b3ca-8600cd985215","local_government_cd":"016080","point_lng":142.94965966,"point_lat":42.152034602}},{"arcs":[[36],[37]],"type":"Polygon","properties":{"polygon_uuid":"c00b6d35-0960-49e2-a687-e6a77d95a5f7","land_type":200,"issue_year":2024,"edit_year":2021,"history":"[{\"筆ポリゴンID\":\"6d8b75c0-f094-442c-ace3-a7433a236126\",\"更新年度\":2023,\"前年同一\":true},[{\"筆ポリゴンID\":\"6468ceca-7b7d-420f-9961-ba9c51f2789b\",\"更新年度\":2022,\"前年同一\":true},[{\"筆ポリゴンID\":\"edc49ead-5e2f-4393-8c34-fc35d0fb9c67\",\"更新年度\":2021,\"関連\":true},{\"筆ポリゴンID\":\"edc49ead-5e2f-4393-8c34-fc35d0fb9c67\",\"発生年度\":2020}]]]","last_polygon_uuid":"6d8b75c0-f094-442c-ace3-a7433a236126","prev_last_polygon_uuid":"6468ceca-7b7d-420f-9961-ba9c51f2789b","local_government_cd":"016080","point_lng":142.951223719,"point_lat":42.139928681}},{"arcs":[[38]],"type":"Polygon","properties":{"polygon_uuid":"272d572f-b4ee-44a0-aa24-8848e0eacbee","land_type":200,"issue_year":2024,"edit_year":2021,"history":"[{\"筆ポリゴンID\":\"419f6ec3-75b8-4d22-90aa-cb000192f81d\",\"更新年度\":2023,\"前年同一\":true},[{\"筆ポリゴンID\":\"432e1644-4c98-46b5-80b9-6e71d86c756f\",\"更新年度\":2022,\"前年同一\":true},[{\"筆ポリゴンID\":\"f2287a14-6b73-418e-a82b-c3df862faec8\",\"更新年度\":2021,\"関連\":true},{\"筆ポリゴンID\":\"f2287a14-6b73-418e-a82b-c3df862faec8\",\"発生年度\":2020}]]]","last_polygon_uuid":"419f6ec3-75b8-4d22-90aa-cb000192f81d","prev_last_polygon_uuid":"432e1644-4c98-46b5-80b9-6e71d86c756f","local_government_cd":"016080","point_lng":142.9538215,"point_lat":42.154706691}},{"arcs":[[39]],"type":"Polygon","properties":{"polygon_uuid":"79409240-0b0f-4c67-b292-7f559760e7e3","land_type":200,"issue_year":2024,"edit_year":2021,"history":"[{\"筆ポリゴンID\":\"35976d23-48ff-4d7e-8381-f299e8a46a62\",\"更新年度\":2023,\"前年同一\":true},[{\"筆ポリゴンID\":\"e673e3db-2d20-46d2-8681-a360f577c756\",\"更新年度\":2022,\"前年同一\":true},[{\"筆ポリゴンID\":\"ecd54496-0f98-4c21-971b-e357a1217008\",\"更新年度\":2021,\"関連\":true},{\"筆ポリゴンID\":\"ecd54496-0f98-4c21-971b-e357a1217008\",\"発生年度\":2020}]]]","last_polygon_uuid":"35976d23-48ff-4d7e-8381-f299e8a46a62","prev_last_polygon_uuid":"e673e3db-2d20-46d2-8681-a360f577c756","local_government_cd":"016080","point_lng":142.95280171,"point_lat":42.141750806}},{"arcs":[[40]],"type":"Polygon","properties":{"polygon_uuid":"b5e27896-2ca7-4ac8-82ad-4c8fd8736f47","land_type":200,"issue_year":2024,"edit_year":2021,"history":"[{\"筆ポリゴンID\":\"28580da2-c3b8-479c-bc98-af170a6608a5\",\"更新年度\":2023,\"前年同一\":true},[{\"筆ポリゴンID\":\"c929f928-9b50-4bed-adf2-85cfc875858f\",\"更新年度\":2022,\"前年同一\":true},[{\"筆ポリゴンID\":\"c8623c3e-36e6-48e1-bb57-f983f7872222\",\"更新年度\":2021,\"関連\":true},{\"筆ポリゴンID\":\"c8623c3e-36e6-48e1-bb57-f983f7872222\",\"発生年度\":2020}]]]","last_polygon_uuid":"28580da2-c3b8-479c-bc98-af170a6608a5","prev_last_polygon_uuid":"c929f928-9b50-4bed-adf2-85cfc875858f","local_government_cd":"016080","point_lng":142.917043763,"point_lat":42.149536798}},{"arcs":[[41]],"type":"Polygon","properties":{"polygon_uuid":"22e7552a-f86a-4cec-832c-a3cd40de2df9","land_type":200,"issue_year":2024,"edit_year":2021,"history":"[{\"筆ポリゴンID\":\"f4e7aab2-cc98-4ffa-a4e7-8c5f52b6ec84\",\"更新年度\":2023,\"前年同一\":true},[{\"筆ポリゴンID\":\"17335639-cb54-42e8-9634-8751e8d0fdd4\",\"更新年度\":2022,\"前年同一\":true},[{\"筆ポリゴンID\":\"edc49ead-5e2f-4393-8c34-fc35d0fb9c67\",\"更新年度\":2021,\"関連\":true},{\"筆ポリゴンID\":\"edc49ead-5e2f-4393-8c34-fc35d0fb9c67\",\"発生年度\":2020}]]]","last_polygon_uuid":"f4e7aab2-cc98-4ffa-a4e7-8c5f52b6ec84","prev_last_polygon_uuid":"17335639-cb54-42e8-9634-8751e8d0fdd4","local_government_cd":"016080","point_lng":142.953028657,"point_lat":42.139726581}},{"arcs":[[42,43]],"type":"Polygon","properties":{"polygon_uuid":"db6f59b9-0429-4178-b3b8-63a15cf29a72","land_type":100,"issue_year":2024,"edit_year":2022,"history":"[{\"筆ポリゴンID\":\"772f675d-6418-4c7e-af47-c41ee2a760d9\",\"更新年度\":2023,\"前年同一\":true},[{\"筆ポリゴンID\":\"34c3061b-2fe1-468e-870b-e4edfb66e1de\",\"更新年度\":2022,\"関連\":true},[{\"筆ポリゴンID\":\"5ce77d4e-d826-4c91-90b1-2eca0487835a\",\"更新年度\":2021,\"前年同一\":true},{\"筆ポリゴンID\":\"5ce77d4e-d826-4c91-90b1-2eca0487835a\",\"発生年度\":2020}]]]","last_polygon_uuid":"772f675d-6418-4c7e-af47-c41ee2a760d9","prev_last_polygon_uuid":null,"local_government_cd":"016080","point_lng":142.949520061,"point_lat":42.14923946}},{"arcs":[[44]],"type":"Polygon","properties":{"polygon_uuid":"947e4e70-b9d4-472a-99ae-b51bbcce66f8","land_type":200,"issue_year":2024,"edit_year":2020,"history":"[{\"筆ポリゴンID\":\"897d224e-0908-4870-a7bf-2e434985db22\",\"更新年度\":2023,\"前年同一\":true},[{\"筆ポリゴンID\":\"a380f0b4-f78b-4046-96c7-e8a2564e922d\",\"更新年度\":2022,\"前年同一\":true},[{\"筆ポリゴンID\":\"f45d7df0-f53c-477e-83a4-05b3d0ca3b8c\",\"更新年度\":2021,\"前年同一\":true},{\"筆ポリゴンID\":\"f45d7df0-f53c-477e-83a4-05b3d0ca3b8c\",\"発生年度\":2020}]]]","last_polygon_uuid":"897d224e-0908-4870-a7bf-2e434985db22","prev_last_polygon_uuid":"a380f0b4-f78b-4046-96c7-e8a2564e922d","local_government_cd":"016080","point_lng":142.938119473,"point_lat":42.163178857}},{"arcs":[[45]],"type":"Polygon","properties":{"polygon_uuid":"df258736-e60e-4e39-812c-5a04920ad5de","land_type":200,"issue_year":2024,"edit_year":2020,"history":"[{\"筆ポリゴンID\":\"53b1801e-41b8-445d-9600-64cc94f21b91\",\"更新年度\":2023,\"前年同一\":true},[{\"筆ポリゴンID\":\"b88d3de6-f470-4440-b0ff-5c690c0bb3ad\",\"更新年度\":2022,\"前年同一\":true},[{\"筆ポリゴンID\":\"b1d05f8f-c243-43a9-b995-c8ff43a0c70a\",\"更新年度\":2021,\"前年同一\":true},{\"筆ポリゴンID\":\"b1d05f8f-c243-43a9-b995-c8ff43a0c70a\",\"発生年度\":2020}]]]","last_polygon_uuid":"53b1801e-41b8-445d-9600-64cc94f21b91","prev_last_polygon_uuid":"b88d3de6-f470-4440-b0ff-5c690c0bb3ad","local_government_cd":"016080","point_lng":142.952872752,"point_lat":42.147565237}},{"arcs":[[46,47,48,49,50]],"type":"Polygon","properties":{"polygon_uuid":"55dfb5b8-ce38-42ca-88bc-45f7e184e789","land_type":100,"issue_year":2024,"edit_year":2020,"history":"[{\"筆ポリゴンID\":\"0de4f715-7c0a-4b93-935c-2e4b0ba0f566\",\"更新年度\":2023,\"前年同一\":true},[{\"筆ポリゴンID\":\"73258076-4c6b-4314-bb01-5a7f09189810\",\"更新年度\":2022,\"前年同一\":true},[{\"筆ポリゴンID\":\"8b51c706-ef91-4f4b-9f59-be69d25efa5a\",\"更新年度\":2021,\"前年同一\":true},{\"筆ポリゴンID\":\"8b51c706-ef91-4f4b-9f59-be69d25efa5a\",\"発生年度\":2020}]]]","last_polygon_uuid":"0de4f715-7c0a-4b93-935c-2e4b0ba0f566","prev_last_polygon_uuid":"73258076-4c6b-4314-bb01-5a7f09189810","local_government_cd":"016080","point_lng":142.939254421,"point_lat":42.142500435}},{"arcs":[[51,52]],"type":"Polygon","properties":{"polygon_uuid":"bb7f42f0-18e4-4bb3-812b-6b9662e01091","land_type":200,"issue_year":2024,"edit_year":2020,"history":"[{\"筆ポリゴンID\":\"c757edc5-43c3-4ef0-ab38-e0df9250f4cc\",\"更新年度\":2023,\"前年同一\":true},[{\"筆ポリゴンID\":\"f72a034c-59d0-48a4-bea7-c8950fb9ed7c\",\"更新年度\":2022,\"前年同一\":true},[{\"筆ポリゴンID\":\"381afed1-4398-4dc9-8a19-a4c57e34db8a\",\"更新年度\":2021,\"前年同一\":true},{\"筆ポリゴンID\":\"381afed1-4398-4dc9-8a19-a4c57e34db8a\",\"発生年度\":2020}]]]","last_polygon_uuid":"c757edc5-43c3-4ef0-ab38-e0df9250f4cc","prev_last_polygon_uuid":"f72a034c-59d0-48a4-bea7-c8950fb9ed7c","local_government_cd":"016080","point_lng":142.942768528,"point_lat":42.158320923}},{"arcs":[[53,54,55,56,-47]],"type":"Polygon","properties":{"polygon_uuid":"16488693-bcf2-4655-b084-0834a214f506","land_type":100,"issue_year":2024,"edit_year":2020,"history":"[{\"筆ポリゴンID\":\"b80e14f7-437b-42c1-afbe-99770ad7f9b1\",\"更新年度\":2023,\"前年同一\":true},[{\"筆ポリゴンID\":\"ea9628df-e981-4519-83d7-f55cdc996fb8\",\"更新年度\":2022,\"前年同一\":true},[{\"筆ポリゴンID\":\"f54a2045-5fc2-4041-92b2-3f8cae798507\",\"更新年度\":2021,\"前年同一\":true},{\"筆ポリゴンID\":\"f54a2045-5fc2-4041-92b2-3f8cae798507\",\"発生年度\":2020}]]]","last_polygon_uuid":"b80e14f7-437b-42c1-afbe-99770ad7f9b1","prev_last_polygon_uuid":"ea9628df-e981-4519-83d7-f55cdc996fb8","local_government_cd":"016080","point_lng":142.938643345,"point_lat":42.142473384}},{"arcs":[[57,58]],"type":"Polygon","properties":{"polygon_uuid":"4a08a1ed-5aa5-4cac-a59b-893fbb0954f6","land_type":200,"issue_year":2024,"edit_year":2020,"history":"[{\"筆ポリゴンID\":\"6b9a730d-3fd6-434c-9851-f4baa19dfd2c\",\"更新年度\":2023,\"前年同一\":true},[{\"筆ポリゴンID\":\"7e5a4690-b661-4b49-a352-326f4db40d4f\",\"更新年度\":2022,\"前年同一\":true},[{\"筆ポリゴンID\":\"0486cc57-6c80-4e14-b055-21b05feda0bd\",\"更新年度\":2021,\"前年同一\":true},{\"筆ポリゴンID\":\"0486cc57-6c80-4e14-b055-21b05feda0bd\",\"発生年度\":2020}]]]","last_polygon_uuid":"6b9a730d-3fd6-434c-9851-f4baa19dfd2c","prev_last_polygon_uuid":"7e5a4690-b661-4b49-a352-326f4db40d4f","local_government_cd":"016080","point_lng":142.941957592,"point_lat":42.134906867}},{"arcs":[[59,60]],"type":"Polygon","properties":{"polygon_uuid":"77aa2fb2-ddbb-4fe5-891d-0846aeec9c3b","land_type":200,"issue_year":2024,"edit_year":2020,"history":"[{\"筆ポリゴンID\":\"dbec7658-c18c-47ec-8406-9940e19d0437\",\"更新年度\":2023,\"前年同一\":true},[{\"筆ポリゴンID\":\"d019b0e6-a672-4039-978a-03fe4d17705b\",\"更新年度\":2022,\"前年同一\":true},[{\"筆ポリゴンID\":\"7aa403df-01bd-4047-a13b-5cd4353b034d\",\"更新年度\":2021,\"前年同一\":true},{\"筆ポリゴンID\":\"7aa403df-01bd-4047-a13b-5cd4353b034d\",\"発生年度\":2020}]]]","last_polygon_uuid":"dbec7658-c18c-47ec-8406-9940e19d0437","prev_last_polygon_uuid":"d019b0e6-a672-4039-978a-03fe4d17705b","local_government_cd":"016080","point_lng":142.940746287,"point_lat":42.138241211}},{"arcs":[[61,62,63]],"type":"Polygon","properties":{"polygon_uuid":"70e35dee-23e4-4bda-bb6e-d622d7c1f48c","land_type":100,"issue_year":2024,"edit_year":2020,"history":"[{\"筆ポリゴンID\":\"89fa79a8-a60e-4f75-af52-b2e006cd7d26\",\"更新年度\":2023,\"前年同一\":true},[{\"筆ポリゴンID\":\"62420527-f86a-4d76-a1ad-3b3ed5fc53f1\",\"更新年度\":2022,\"前年同一\":true},[{\"筆ポリゴンID\":\"02d143b3-ba47-4a92-944f-aae615b3ecc6\",\"更新年度\":2021,\"前年同一\":true},{\"筆ポリゴンID\":\"02d143b3-ba47-4a92-944f-aae615b3ecc6\",\"発生年度\":2020}]]]","last_polygon_uuid":"89fa79a8-a60e-4f75-af52-b2e006cd7d26","prev_last_polygon_uuid":"62420527-f86a-4d76-a1ad-3b3ed5fc53f1","local_government_cd":"016080","point_lng":142.9400354,"point_lat":42.148007881}},{"arcs":[[64,65,66,67]],"type":"Polygon","properties":{"polygon_uuid":"e88a4d7b-50cf-41bf-bac1-8da42c230d8f","land_type":100,"issue_year":2024,"edit_year":2020,"history":"[{\"筆ポリゴンID\":\"cdebb371-14dd-4ea6-a140-a4b35a5a4665\",\"更新年度\":2023,\"前年同一\":true},[{\"筆ポリゴンID\":\"b4879166-286c-4c2c-b6a4-ce470702106a\",\"更新年度\":2022,\"前年同一\":true},[{\"筆ポリゴンID\":\"4d4fe441-1af5-4bc3-9c99-c9481445d322\",\"更新年度\":2021,\"前年同一\":true},{\"筆ポリゴンID\":\"4d4fe441-1af5-4bc3-9c99-c9481445d322\",\"発生年度\":2020}]]]","last_polygon_uuid":"cdebb371-14dd-4ea6-a140-a4b35a5a4665","prev_last_polygon_uuid":"b4879166-286c-4c2c-b6a4-ce470702106a","local_government_cd":"016080","point_lng":142.940496424,"point_lat":42.147277758}},{"arcs":[[68,69,70,-66]],"type":"Polygon","properties":{"polygon_uuid":"ebae2e6f-8e24-48e2-a0a7-57146a54eaf0","land_type":100,"issue_year":2024,"edit_year":2020,"history":"[{\"筆ポリゴンID\":\"c2dcec33-bdd0-4f2a-8902-2c24c29df47f\",\"更新年度\":2023,\"前年同一\":true},[{\"筆ポリゴンID\":\"430e9048-4038-4f39-8be7-738073277375\",\"更新年度\":2022,\"前年同一\":true},[{\"筆ポリゴンID\":\"01007f4b-1ab8-49de-893e-7d4973aff274\",\"更新年度\":2021,\"前年同一\":true},{\"筆ポリゴンID\":\"01007f4b-1ab8-49de-893e-7d4973aff274\",\"発生年度\":2020}]]]","last_polygon_uuid":"c2dcec33-bdd0-4f2a-8902-2c24c29df47f","prev_last_polygon_uuid":"430e9048-4038-4f39-8be7-738073277375","local_government_cd":"016080","point_lng":142.940472861,"point_lat":42.147052214}},{"arcs":[[71,72]],"type":"Polygon","properties":{"polygon_uuid":"d9e0d5ea-fa44-4274-abc8-daf63604a9dc","land_type":100,"issue_year":2024,"edit_year":2020,"history":"[{\"筆ポリゴンID\":\"6127e09f-b6d4-4936-8de8-4f37696c941b\",\"更新年度\":2023,\"前年同一\":true},[{\"筆ポリゴンID\":\"10bed24f-d171-4e64-9a1d-9ed7d7e9ee92\",\"更新年度\":2022,\"前年同一\":true},[{\"筆ポリゴンID\":\"b0528507-da4c-45f0-8f1a-0d7528c3b439\",\"更新年度\":2021,\"前年同一\":true},{\"筆ポリゴンID\":\"b0528507-da4c-45f0-8f1a-0d7528c3b439\",\"発生年度\":2020}]]]","last_polygon_uuid":"6127e09f-b6d4-4936-8de8-4f37696c941b","prev_last_polygon_uuid":"10bed24f-d171-4e64-9a1d-9ed7d7e9ee92","local_government_cd":"016080","point_lng":142.940168834,"point_lat":42.145648416}},{"arcs":[[73,74]],"type":"Polygon","properties":{"polygon_uuid":"418f005f-1541-4466-afdf-0ca573cc299d","land_type":100,"issue_year":2024,"edit_year":2020,"history":"[{\"筆ポリゴンID\":\"e26357fa-ae7f-432f-9545-166f09e265a3\",\"更新年度\":2023,\"前年同一\":true},[{\"筆ポリゴンID\":\"e0092463-69a6-4445-8689-9fc8b0010ade\",\"更新年度\":2022,\"前年同一\":true},[{\"筆ポリゴンID\":\"bbba6459-8924-46b4-ab42-349c5a88a67e\",\"更新年度\":2021,\"前年同一\":true},{\"筆ポリゴンID\":\"bbba6459-8924-46b4-ab42-349c5a88a67e\",\"発生年度\":2020}]]]","last_polygon_uuid":"e26357fa-ae7f-432f-9545-166f09e265a3","prev_last_polygon_uuid":"e0092463-69a6-4445-8689-9fc8b0010ade","local_government_cd":"016080","point_lng":142.941769326,"point_lat":42.15265029}},{"arcs":[[75,76,77,-74]],"type":"Polygon","properties":{"polygon_uuid":"3d2f52dc-d30e-41c9-bb77-4f1179865851","land_type":100,"issue_year":2024,"edit_year":2020,"history":"[{\"筆ポリゴンID\":\"b1d4a9f0-1fa8-4f8d-bc67-50a41c1d5b69\",\"更新年度\":2023,\"前年同一\":true},[{\"筆ポリゴンID\":\"50886744-4594-42c5-815b-94255f4c94fa\",\"更新年度\":2022,\"前年同一\":true},[{\"筆ポリゴンID\":\"7a2e0599-68a5-4c28-b7ae-92c2f7815b51\",\"更新年度\":2021,\"前年同一\":true},{\"筆ポリゴンID\":\"7a2e0599-68a5-4c28-b7ae-92c2f7815b51\",\"発生年度\":2020}]]]","last_polygon_uuid":"b1d4a9f0-1fa8-4f8d-bc67-50a41c1d5b69","prev_last_polygon_uuid":"50886744-4594-42c5-815b-94255f4c94fa","local_government_cd":"016080","point_lng":142.941213674,"point_lat":42.152125177}},{"arcs":[[78,79,80,-77]],"type":"Polygon","properties":{"polygon_uuid":"0fba30cf-d1f6-498f-8e5c-d54f72d57a1c","land_type":100,"issue_year":2024,"edit_year":2020,"history":"[{\"筆ポリゴンID\":\"6df06f85-b0d7-4e69-bcd2-e5d22f6c6679\",\"更新年度\":2023,\"前年同一\":true},[{\"筆ポリゴンID\":\"4c14451b-807d-4f4b-88a5-84d9db99be0f\",\"更新年度\":2022,\"前年同一\":true},[{\"筆ポリゴンID\":\"75d688b2-1505-42ff-9dca-e58abb3b509d\",\"更新年度\":2021,\"前年同一\":true},{\"筆ポリゴンID\":\"75d688b2-1505-42ff-9dca-e58abb3b509d\",\"発生年度\":2020}]]]","last_polygon_uuid":"6df06f85-b0d7-4e69-bcd2-e5d22f6c6679","prev_last_polygon_uuid":"4c14451b-807d-4f4b-88a5-84d9db99be0f","local_government_cd":"016080","point_lng":142.941012712,"point_lat":42.151922623}},{"arcs":[[81,82,83]],"type":"Polygon","properties":{"polygon_uuid":"43151a99-e9ae-4ce3-b594-6583d0b75bb9","land_type":100,"issue_year":2024,"edit_year":2020,"history":"[{\"筆ポリゴンID\":\"26851ddd-bfbb-4976-81c6-cc0cb61337e0\",\"更新年度\":2023,\"前年同一\":true},[{\"筆ポリゴンID\":\"50f9feed-3a6e-4f2b-9af5-117d6f5dbddc\",\"更新年度\":2022,\"前年同一\":true},[{\"筆ポリゴンID\":\"f8a823d9-2601-421d-b75a-1c54bfe2c704\",\"更新年度\":2021,\"前年同一\":true},{\"筆ポリゴンID\":\"f8a823d9-2601-421d-b75a-1c54bfe2c704\",\"発生年度\":2020}]]]","last_polygon_uuid":"26851ddd-bfbb-4976-81c6-cc0cb61337e0","prev_last_polygon_uuid":"50f9feed-3a6e-4f2b-9af5-117d6f5dbddc","local_government_cd":"016080","point_lng":142.943466608,"point_lat":42.154319593}},{"arcs":[[84,85,86]],"type":"Polygon","properties":{"polygon_uuid":"db70ef43-4096-4587-b4c2-62fce503c080","land_type":100,"issue_year":2024,"edit_year":2020,"history":"[{\"筆ポリゴンID\":\"2a0cac85-a49d-4c6c-a72e-46b0a35f1753\",\"更新年度\":2023,\"前年同一\":true},[{\"筆ポリゴンID\":\"39ab3185-fd96-425d-9ce4-613b279dc46d\",\"更新年度\":2022,\"前年同一\":true},[{\"筆ポリゴンID\":\"b3ad1756-1e02-4090-a709-c57d51d87293\",\"更新年度\":2021,\"前年同一\":true},{\"筆ポリゴンID\":\"b3ad1756-1e02-4090-a709-c57d51d87293\",\"発生年度\":2020}]]]","last_polygon_uuid":"2a0cac85-a49d-4c6c-a72e-46b0a35f1753","prev_last_polygon_uuid":"39ab3185-fd96-425d-9ce4-613b279dc46d","local_government_cd":"016080","point_lng":142.943177382,"point_lat":42.153949269}},{"arcs":[[-85,87,-83]],"type":"Polygon","properties":{"polygon_uuid":"40452d4b-b22e-4469-aba3-634458eb885a","land_type":100,"issue_year":2024,"edit_year":2020,"history":"[{\"筆ポリゴンID\":\"65ed94fc-1df9-47d2-9a56-7efc02998490\",\"更新年度\":2023,\"前年同一\":true},[{\"筆ポリゴンID\":\"7e127a68-3890-40bb-a3f7-d9dfac35c6d6\",\"更新年度\":2022,\"前年同一\":true},[{\"筆ポリゴンID\":\"4d5d20d3-7cb3-47fc-80fa-83ec78b91e6d\",\"更新年度\":2021,\"前年同一\":true},{\"筆ポリゴンID\":\"4d5d20d3-7cb3-47fc-80fa-83ec78b91e6d\",\"発生年度\":2020}]]]","last_polygon_uuid":"65ed94fc-1df9-47d2-9a56-7efc02998490","prev_last_polygon_uuid":"7e127a68-3890-40bb-a3f7-d9dfac35c6d6","local_government_cd":"016080","point_lng":142.943056495,"point_lat":42.154160228}},{"arcs":[[88,89]],"type":"Polygon","properties":{"polygon_uuid":"dc907e79-e646-47d6-bf97-701ee089a266","land_type":100,"issue_year":2024,"edit_year":2020,"history":"[{\"筆ポリゴンID\":\"690d5d69-341f-4812-bed6-c697c3c353bb\",\"更新年度\":2023,\"前年同一\":true},[{\"筆ポリゴンID\":\"ce67955b-625a-44ca-8052-ef9f42ad307f\",\"更新年度\":2022,\"前年同一\":true},[{\"筆ポリゴンID\":\"6807619d-22d0-43a9-aa76-3b6aeaaf5c46\",\"更新年度\":2021,\"前年同一\":true},{\"筆ポリゴンID\":\"6807619d-22d0-43a9-aa76-3b6aeaaf5c46\",\"発生年度\":2020}]]]","last_polygon_uuid":"690d5d69-341f-4812-bed6-c697c3c353bb","prev_last_polygon_uuid":"ce67955b-625a-44ca-8052-ef9f42ad307f","local_government_cd":"016080","point_lng":142.944128879,"point_lat":42.153249095}},{"arcs":[[-68,90]],"type":"Polygon","properties":{"polygon_uuid":"cdf66b32-7374-406d-8218-3ddae04d6994","land_type":100,"issue_year":2024,"edit_year":2020,"history":"[{\"筆ポリゴンID\":\"b27e2df8-6b9b-4bda-8746-96324bd67f42\",\"更新年度\":2023,\"前年同一\":true},[{\"筆ポリゴンID\":\"e428d90d-cee9-499c-af46-c426fc112e2b\",\"更新年度\":2022,\"前年同一\":true},[{\"筆ポリゴンID\":\"4310b05c-e7d0-43a3-9c6a-4dbee687275c\",\"更新年度\":2021,\"前年同一\":true},{\"筆ポリゴンID\":\"4310b05c-e7d0-43a3-9c6a-4dbee687275c\",\"発生年度\":2020}]]]","last_polygon_uuid":"b27e2df8-6b9b-4bda-8746-96324bd67f42","prev_last_polygon_uuid":"e428d90d-cee9-499c-af46-c426fc112e2b","local_government_cd":"016080","point_lng":142.940546398,"point_lat":42.147478519}},{"arcs":[[91,92,93,94]],"type":"Polygon","properties":{"polygon_uuid":"b4f1d1ac-4d1f-40ce-a9cb-a9b7938cd6b9","land_type":100,"issue_year":2024,"edit_year":2020,"history":"[{\"筆ポリゴンID\":\"8b9851ce-5002-40bd-93a9-14f7d1ea8a48\",\"更新年度\":2023,\"前年同一\":true},[{\"筆ポリゴンID\":\"f8ba45ad-533f-4ba2-84c4-e2d4086ea4d5\",\"更新年度\":2022,\"前年同一\":true},[{\"筆ポリゴンID\":\"9ead0012-6384-4f2c-b218-456c06c79393\",\"更新年度\":2021,\"前年同一\":true},{\"筆ポリゴンID\":\"9ead0012-6384-4f2c-b218-456c06c79393\",\"発生年度\":2020}]]]","last_polygon_uuid":"8b9851ce-5002-40bd-93a9-14f7d1ea8a48","prev_last_polygon_uuid":"f8ba45ad-533f-4ba2-84c4-e2d4086ea4d5","local_government_cd":"016080","point_lng":142.943462958,"point_lat":42.152914029}},{"arcs":[[95,96,97,-94]],"type":"Polygon","properties":{"polygon_uuid":"28dd9c88-081f-42ef-805e-e721760eafe8","land_type":100,"issue_year":2024,"edit_year":2020,"history":"[{\"筆ポリゴンID\":\"8db427e9-071f-4fa4-aa3d-a466389b39be\",\"更新年度\":2023,\"前年同一\":true},[{\"筆ポリゴンID\":\"973fed7c-99d5-479d-92da-0aab5449e6c4\",\"更新年度\":2022,\"前年同一\":true},[{\"筆ポリゴンID\":\"73811962-fd00-4ed7-a974-3118e10f1b22\",\"更新年度\":2021,\"前年同一\":true},{\"筆ポリゴンID\":\"73811962-fd00-4ed7-a974-3118e10f1b22\",\"発生年度\":2020}]]]","last_polygon_uuid":"8db427e9-071f-4fa4-aa3d-a466389b39be","prev_last_polygon_uuid":"973fed7c-99d5-479d-92da-0aab5449e6c4","local_government_cd":"016080","point_lng":142.943299641,"point_lat":42.152769006}},{"arcs":[[98,99,100,101,-97]],"type":"Polygon","properties":{"polygon_uuid":"f8030e80-61db-4813-88d7-ffdea9c377fd","land_type":100,"issue_year":2024,"edit_year":2020,"history":"[{\"筆ポリゴンID\":\"c17fa9f2-c31a-42b9-af3e-8cf15fb23d27\",\"更新年度\":2023,\"前年同一\":true},[{\"筆ポリゴンID\":\"6f667044-0d76-4125-a243-4769101da641\",\"更新年度\":2022,\"前年同一\":true},[{\"筆ポリゴンID\":\"6efe841a-115d-4019-9a14-27e2f1c0e8eb\",\"更新年度\":2021,\"前年同一\":true},{\"筆ポリゴンID\":\"6efe841a-115d-4019-9a14-27e2f1c0e8eb\",\"発生年度\":2020}]]]","last_polygon_uuid":"c17fa9f2-c31a-42b9-af3e-8cf15fb23d27","prev_last_polygon_uuid":"6f667044-0d76-4125-a243-4769101da641","local_government_cd":"016080","point_lng":142.943166168,"point_lat":42.152585712}},{"arcs":[[-100,102,103]],"type":"Polygon","properties":{"polygon_uuid":"ce17f52a-487c-4f46-a0cc-d74b6e8f3040","land_type":100,"issue_year":2024,"edit_year":2020,"history":"[{\"筆ポリゴンID\":\"66bcca7e-6286-4183-b49a-97729f790330\",\"更新年度\":2023,\"前年同一\":true},[{\"筆ポリゴンID\":\"028473bf-1235-4b7e-9509-836fd7d6ad20\",\"更新年度\":2022,\"前年同一\":true},[{\"筆ポリゴンID\":\"d42314ae-38fd-4f38-9a1e-ef0f9b8809eb\",\"更新年度\":2021,\"前年同一\":true},{\"筆ポリゴンID\":\"d42314ae-38fd-4f38-9a1e-ef0f9b8809eb\",\"発生年度\":2020}]]]","last_polygon_uuid":"66bcca7e-6286-4183-b49a-97729f790330","prev_last_polygon_uuid":"028473bf-1235-4b7e-9509-836fd7d6ad20","local_government_cd":"016080","point_lng":142.943942107,"point_lat":42.15242802}},{"arcs":[[104,105,106,-101,-104]],"type":"Polygon","properties":{"polygon_uuid":"241bda01-5ffa-4b02-970c-8d8051542b61","land_type":100,"issue_year":2024,"edit_year":2020,"history":"[{\"筆ポリゴンID\":\"88ec6d1f-a0ff-4180-b19b-13cd579bcc22\",\"更新年度\":2023,\"前年同一\":true},[{\"筆ポリゴンID\":\"ea049e66-2f8a-4762-9bb4-464b659056ea\",\"更新年度\":2022,\"前年同一\":true},[{\"筆ポリゴンID\":\"7ca11649-778e-4181-9b4a-74655c4a70df\",\"更新年度\":2021,\"前年同一\":true},{\"筆ポリゴンID\":\"7ca11649-778e-4181-9b4a-74655c4a70df\",\"発生年度\":2020}]]]","last_polygon_uuid":"88ec6d1f-a0ff-4180-b19b-13cd579bcc22","prev_last_polygon_uuid":"ea049e66-2f8a-4762-9bb4-464b659056ea","local_government_cd":"016080","point_lng":142.943003315,"point_lat":42.15237417}},{"arcs":[[107,108,109,-106]],"type":"Polygon","properties":{"polygon_uuid":"f47206aa-b264-4af7-a5e1-e0cc63fe65be","land_type":100,"issue_year":2024,"edit_year":2020,"history":"[{\"筆ポリゴンID\":\"e7bf2528-1d44-4f09-bbee-8ac1d42f89c8\",\"更新年度\":2023,\"前年同一\":true},[{\"筆ポリゴンID\":\"0ff99d3c-98e5-4f7c-ba4b-95b2dbfac8de\",\"更新年度\":2022,\"前年同一\":true},[{\"筆ポリゴンID\":\"4c940a91-3fa4-4251-bf24-9fad23915433\",\"更新年度\":2021,\"前年同一\":true},{\"筆ポリゴンID\":\"4c940a91-3fa4-4251-bf24-9fad23915433\",\"発生年度\":2020}]]]","last_polygon_uuid":"e7bf2528-1d44-4f09-bbee-8ac1d42f89c8","prev_last_polygon_uuid":"0ff99d3c-98e5-4f7c-ba4b-95b2dbfac8de","local_government_cd":"016080","point_lng":142.942858324,"point_lat":42.152196091}},{"arcs":[[110,111,112,-109]],"type":"Polygon","properties":{"polygon_uuid":"aab1f487-a3c6-4bf7-9588-fb76c0d9ba13","land_type":100,"issue_year":2024,"edit_year":2020,"history":"[{\"筆ポリゴンID\":\"31006862-8bcf-43d7-9e42-45128857b7c4\",\"更新年度\":2023,\"前年同一\":true},[{\"筆ポリゴンID\":\"ae4e8449-8645-4812-9179-391745df8cdb\",\"更新年度\":2022,\"前年同一\":true},[{\"筆ポリゴンID\":\"44a8d7cb-78aa-4ae8-98d0-ed699471fb08\",\"更新年度\":2021,\"前年同一\":true},{\"筆ポリゴンID\":\"44a8d7cb-78aa-4ae8-98d0-ed699471fb08\",\"発生年度\":2020}]]]","last_polygon_uuid":"31006862-8bcf-43d7-9e42-45128857b7c4","prev_last_polygon_uuid":"ae4e8449-8645-4812-9179-391745df8cdb","local_government_cd":"016080","point_lng":142.942758711,"point_lat":42.152035311}},{"arcs":[[113,114,115,-112]],"type":"Polygon","properties":{"polygon_uuid":"e45823a4-4738-4f32-afea-42e7bcc8f013","land_type":100,"issue_year":2024,"edit_year":2020,"history":"[{\"筆ポリゴンID\":\"3d054076-ded9-488a-ae41-4dc1e0d58eb1\",\"更新年度\":2023,\"前年同一\":true},[{\"筆ポリゴンID\":\"a35d6d7b-e904-433c-9d7c-521d906f8361\",\"更新年度\":2022,\"前年同一\":true},[{\"筆ポリゴンID\":\"04fa0249-bfb1-4834-8ed9-47200c830b91\",\"更新年度\":2021,\"前年同一\":true},{\"筆ポリゴンID\":\"04fa0249-bfb1-4834-8ed9-47200c830b91\",\"発生年度\":2020}]]]","last_polygon_uuid":"3d054076-ded9-488a-ae41-4dc1e0d58eb1","prev_last_polygon_uuid":"a35d6d7b-e904-433c-9d7c-521d906f8361","local_government_cd":"016080","point_lng":142.942613013,"point_lat":42.151859876}},{"arcs":[[116,117,118,-115]],"type":"Polygon","properties":{"polygon_uuid":"923ff0d1-e6c5-4de8-95a3-19e70832ad14","land_type":100,"issue_year":2024,"edit_year":2020,"history":"[{\"筆ポリゴンID\":\"b24188e1-6edc-4229-a211-74f3521b898e\",\"更新年度\":2023,\"前年同一\":true},[{\"筆ポリゴンID\":\"5094711a-32fb-40c7-af4c-32d078a5824e\",\"更新年度\":2022,\"前年同一\":true},[{\"筆ポリゴンID\":\"2ba6d3e8-201e-4c8f-a436-034c2464ad65\",\"更新年度\":2021,\"前年同一\":true},{\"筆ポリゴンID\":\"2ba6d3e8-201e-4c8f-a436-034c2464ad65\",\"発生年度\":2020}]]]","last_polygon_uuid":"b24188e1-6edc-4229-a211-74f3521b898e","prev_last_polygon_uuid":"5094711a-32fb-40c7-af4c-32d078a5824e","local_government_cd":"016080","point_lng":142.942472678,"point_lat":42.151664341}},{"arcs":[[119,120,121,122]],"type":"Polygon","properties":{"polygon_uuid":"e50106a5-6984-4886-a9bc-788bea85d8cf","land_type":100,"issue_year":2024,"edit_year":2020,"history":"[{\"筆ポリゴンID\":\"d80187af-3afc-4bbf-b861-8adb44f9c277\",\"更新年度\":2023,\"前年同一\":true},[{\"筆ポリゴンID\":\"177490d6-ac52-450f-aaf7-8b6c73833719\",\"更新年度\":2022,\"前年同一\":true},[{\"筆ポリゴンID\":\"72dde2cd-82df-42ca-b5ac-55d09f5e4670\",\"更新年度\":2021,\"前年同一\":true},{\"筆ポリゴンID\":\"72dde2cd-82df-42ca-b5ac-55d09f5e4670\",\"発生年度\":2020}]]]","last_polygon_uuid":"d80187af-3afc-4bbf-b861-8adb44f9c277","prev_last_polygon_uuid":"177490d6-ac52-450f-aaf7-8b6c73833719","local_government_cd":"016080","point_lng":142.944585104,"point_lat":42.151637541}},{"arcs":[[123,124,125,-121]],"type":"Polygon","properties":{"polygon_uuid":"e42d3754-aece-4a94-b68b-e5db5978deb6","land_type":100,"issue_year":2024,"edit_year":2020,"history":"[{\"筆ポリゴンID\":\"71484efb-9502-40f0-b49a-ecfae7b708ac\",\"更新年度\":2023,\"前年同一\":true},[{\"筆ポリゴンID\":\"3f507063-579f-41bd-af51-d868c7b11447\",\"更新年度\":2022,\"前年同一\":true},[{\"筆ポリゴンID\":\"2aca76e5-9438-4ee0-8788-8ae26f3bbb0b\",\"更新年度\":2021,\"前年同一\":true},{\"筆ポリゴンID\":\"2aca76e5-9438-4ee0-8788-8ae26f3bbb0b\",\"発生年度\":2020}]]]","last_polygon_uuid":"71484efb-9502-40f0-b49a-ecfae7b708ac","prev_last_polygon_uuid":"3f507063-579f-41bd-af51-d868c7b11447","local_government_cd":"016080","point_lng":142.944491347,"point_lat":42.151476181}},{"arcs":[[126,127,128,129]],"type":"Polygon","properties":{"polygon_uuid":"33c4e8db-7e00-415a-bed6-8fb22f5423d5","land_type":100,"issue_year":2024,"edit_year":2020,"history":"[{\"筆ポリゴンID\":\"5c571cfd-f3ae-4cad-8448-37ee2e85ad16\",\"更新年度\":2023,\"前年同一\":true},[{\"筆ポリゴンID\":\"a607e49d-bbe9-440c-ae97-fe2a4fccffea\",\"更新年度\":2022,\"前年同一\":true},[{\"筆ポリゴンID\":\"1a07a7c0-97b1-4016-a37b-9c47fbcd2b8b\",\"更新年度\":2021,\"前年同一\":true},{\"筆ポリゴンID\":\"1a07a7c0-97b1-4016-a37b-9c47fbcd2b8b\",\"発生年度\":2020}]]]","last_polygon_uuid":"5c571cfd-f3ae-4cad-8448-37ee2e85ad16","prev_last_polygon_uuid":"a607e49d-bbe9-440c-ae97-fe2a4fccffea","local_government_cd":"016080","point_lng":142.947439019,"point_lat":42.152383654}},{"arcs":[[130,131,132,-128]],"type":"Polygon","properties":{"polygon_uuid":"5ba6cefc-d62c-4526-965c-3265f26c8edd","land_type":100,"issue_year":2024,"edit_year":2020,"history":"[{\"筆ポリゴンID\":\"e20910e0-eb7c-4aa2-a118-6bb3fa27dff5\",\"更新年度\":2023,\"前年同一\":true},[{\"筆ポリゴンID\":\"63eccfdc-0a62-4b97-a007-f1c7f1ea2d1f\",\"更新年度\":2022,\"前年同一\":true},[{\"筆ポリゴンID\":\"6e570dec-b4e4-4073-84f6-d2e6fffb22cd\",\"更新年度\":2021,\"前年同一\":true},{\"筆ポリゴンID\":\"6e570dec-b4e4-4073-84f6-d2e6fffb22cd\",\"発生年度\":2020}]]]","last_polygon_uuid":"e20910e0-eb7c-4aa2-a118-6bb3fa27dff5","prev_last_polygon_uuid":"63eccfdc-0a62-4b97-a007-f1c7f1ea2d1f","local_government_cd":"016080","point_lng":142.947222406,"point_lat":42.152146553}},{"arcs":[[133,134,135,-132]],"type":"Polygon","properties":{"polygon_uuid":"633f3909-c109-41be-a72a-e8b91d2713b3","land_type":100,"issue_year":2024,"edit_year":2020,"history":"[{\"筆ポリゴンID\":\"1d801101-96a2-46a8-b3c3-12cd53565f8f\",\"更新年度\":2023,\"前年同一\":true},[{\"筆ポリゴンID\":\"901b8871-2476-42e2-a2c8-9eed13b09588\",\"更新年度\":2022,\"前年同一\":true},[{\"筆ポリゴンID\":\"3b15c1e2-7b30-48b9-86ba-a00a7a7535c0\",\"更新年度\":2021,\"前年同一\":true},{\"筆ポリゴンID\":\"3b15c1e2-7b30-48b9-86ba-a00a7a7535c0\",\"発生年度\":2020}]]]","last_polygon_uuid":"1d801101-96a2-46a8-b3c3-12cd53565f8f","prev_last_polygon_uuid":"901b8871-2476-42e2-a2c8-9eed13b09588","local_government_cd":"016080","point_lng":142.947063138,"point_lat":42.151911472}},{"arcs":[[136,137,138,-135]],"type":"Polygon","properties":{"polygon_uuid":"7ec9bd2a-d3f5-49f7-bdf6-f778091eb4d5","land_type":100,"issue_year":2024,"edit_year":2020,"history":"[{\"筆ポリゴンID\":\"b6d9a103-e29d-4d74-aade-34b78e5bd68b\",\"更新年度\":2023,\"前年同一\":true},[{\"筆ポリゴンID\":\"e67a63ac-99f5-4427-bb4c-c5406bd7a997\",\"更新年度\":2022,\"前年同一\":true},[{\"筆ポリゴンID\":\"e55ba10f-4802-43c4-857b-7aa00a07e491\",\"更新年度\":2021,\"前年同一\":true},{\"筆ポリゴンID\":\"e55ba10f-4802-43c4-857b-7aa00a07e491\",\"発生年度\":2020}]]]","last_polygon_uuid":"b6d9a103-e29d-4d74-aade-34b78e5bd68b","prev_last_polygon_uuid":"e67a63ac-99f5-4427-bb4c-c5406bd7a997","local_government_cd":"016080","point_lng":142.946867538,"point_lat":42.15167587}},{"arcs":[[139,140,141,142,143]],"type":"Polygon","properties":{"polygon_uuid":"9c6a3c08-b0d7-43f5-b8ac-aa1b0f4ac8c1","land_type":100,"issue_year":2024,"edit_year":2020,"history":"[{\"筆ポリゴンID\":\"c21aa219-ec58-4433-a826-886d20f4488b\",\"更新年度\":2023,\"前年同一\":true},[{\"筆ポリゴンID\":\"02b73d35-02b0-48fd-b05c-43760f502fae\",\"更新年度\":2022,\"前年同一\":true},[{\"筆ポリゴンID\":\"243ab97b-9a17-453b-9318-0a8f67e4d48e\",\"更新年度\":2021,\"前年同一\":true},{\"筆ポリゴンID\":\"243ab97b-9a17-453b-9318-0a8f67e4d48e\",\"発生年度\":2020}]]]","last_polygon_uuid":"c21aa219-ec58-4433-a826-886d20f4488b","prev_last_polygon_uuid":"02b73d35-02b0-48fd-b05c-43760f502fae","local_government_cd":"016080","point_lng":142.948733673,"point_lat":42.151787943}},{"arcs":[[144,-142]],"type":"Polygon","properties":{"polygon_uuid":"310b6108-aace-4e42-b132-eef6026552a1","land_type":100,"issue_year":2024,"edit_year":2020,"history":"[{\"筆ポリゴンID\":\"83154941-f53e-4846-ace4-56145f87e30b\",\"更新年度\":2023,\"前年同一\":true},[{\"筆ポリゴンID\":\"10a53c31-e5f8-4c7c-9119-ab63f55b738d\",\"更新年度\":2022,\"前年同一\":true},[{\"筆ポリゴンID\":\"26a5e778-42c9-42dd-b7be-67980dbd9d1f\",\"更新年度\":2021,\"前年同一\":true},{\"筆ポリゴンID\":\"26a5e778-42c9-42dd-b7be-67980dbd9d1f\",\"発生年度\":2020}]]]","last_polygon_uuid":"83154941-f53e-4846-ace4-56145f87e30b","prev_last_polygon_uuid":"10a53c31-e5f8-4c7c-9119-ab63f55b738d","local_government_cd":"016080","point_lng":142.948629789,"point_lat":42.151248812}},{"arcs":[[145,146,147,148]],"type":"Polygon","properties":{"polygon_uuid":"0cb1496a-9944-4558-b022-c8665cdc0b37","land_type":100,"issue_year":2024,"edit_year":2020,"history":"[{\"筆ポリゴンID\":\"f59ac6bd-e80d-4159-8abd-432a08643c2e\",\"更新年度\":2023,\"前年同一\":true},[{\"筆ポリゴンID\":\"990b0ed1-de49-44b6-b97c-9a24958f5ed8\",\"更新年度\":2022,\"前年同一\":true},[{\"筆ポリゴンID\":\"238ed346-56dc-40e9-953f-f484b8ae261a\",\"更新年度\":2021,\"前年同一\":true},{\"筆ポリゴンID\":\"238ed346-56dc-40e9-953f-f484b8ae261a\",\"発生年度\":2020}]]]","last_polygon_uuid":"f59ac6bd-e80d-4159-8abd-432a08643c2e","prev_last_polygon_uuid":"990b0ed1-de49-44b6-b97c-9a24958f5ed8","local_government_cd":"016080","point_lng":142.948174222,"point_lat":42.149603606}},{"arcs":[[149,150]],"type":"Polygon","properties":{"polygon_uuid":"6f803688-a503-46e5-8fbc-d4e41603741d","land_type":100,"issue_year":2024,"edit_year":2020,"history":"[{\"筆ポリゴンID\":\"ae36524f-cec0-421d-8b4e-63296b8da780\",\"更新年度\":2023,\"前年同一\":true},[{\"筆ポリゴンID\":\"8556ccbc-a5be-47c5-b197-3c0e5db1d37c\",\"更新年度\":2022,\"前年同一\":true},[{\"筆ポリゴンID\":\"cef4439e-dc5c-4af2-a534-ea82c8c57899\",\"更新年度\":2021,\"前年同一\":true},{\"筆ポリゴンID\":\"cef4439e-dc5c-4af2-a534-ea82c8c57899\",\"発生年度\":2020}]]]","last_polygon_uuid":"ae36524f-cec0-421d-8b4e-63296b8da780","prev_last_polygon_uuid":"8556ccbc-a5be-47c5-b197-3c0e5db1d37c","local_government_cd":"016080","point_lng":142.94527466,"point_lat":42.143083574}},{"arcs":[[151,152]],"type":"Polygon","properties":{"polygon_uuid":"81574147-83b3-4dcb-91a8-64eb99d0198b","land_type":200,"issue_year":2024,"edit_year":2020,"history":"[{\"筆ポリゴンID\":\"a8f2cf37-6f75-4b9f-a9f9-81e6144bbdf4\",\"更新年度\":2023,\"前年同一\":true},[{\"筆ポリゴンID\":\"13244073-9833-4013-846d-0cebf312e371\",\"更新年度\":2022,\"前年同一\":true},[{\"筆ポリゴンID\":\"0c833045-1ac7-4424-a36f-46a23f9a42f0\",\"更新年度\":2021,\"前年同一\":true},{\"筆ポリゴンID\":\"0c833045-1ac7-4424-a36f-46a23f9a42f0\",\"発生年度\":2020}]]]","last_polygon_uuid":"a8f2cf37-6f75-4b9f-a9f9-81e6144bbdf4","prev_last_polygon_uuid":"13244073-9833-4013-846d-0cebf312e371","local_government_cd":"016080","point_lng":142.943721568,"point_lat":42.140109646}},{"arcs":[[153,154,155,156]],"type":"Polygon","properties":{"polygon_uuid":"173106d8-af7d-441a-863a-f904484b0b5e","land_type":100,"issue_year":2024,"edit_year":2020,"history":"[{\"筆ポリゴンID\":\"b8b2474c-59a6-407e-85f1-f9e3b64b676f\",\"更新年度\":2023,\"前年同一\":true},[{\"筆ポリゴンID\":\"6d069cb5-90e9-4c95-8c0f-16b858ea4106\",\"更新年度\":2022,\"前年同一\":true},[{\"筆ポリゴンID\":\"875ecc33-0fd0-45c4-9a67-979e1f8fef90\",\"更新年度\":2021,\"前年同一\":true},{\"筆ポリゴンID\":\"875ecc33-0fd0-45c4-9a67-979e1f8fef90\",\"発生年度\":2020}]]]","last_polygon_uuid":"b8b2474c-59a6-407e-85f1-f9e3b64b676f","prev_last_polygon_uuid":"6d069cb5-90e9-4c95-8c0f-16b858ea4106","local_government_cd":"016080","point_lng":142.938861766,"point_lat":42.14043159}},{"arcs":[[157,158,159,-55]],"type":"Polygon","properties":{"polygon_uuid":"e4630aa0-1452-43cc-89aa-703c78e9b99e","land_type":100,"issue_year":2024,"edit_year":2020,"history":"[{\"筆ポリゴンID\":\"c56688db-5f05-4395-86eb-b84e2c7f2546\",\"更新年度\":2023,\"前年同一\":true},[{\"筆ポリゴンID\":\"0f1a33e4-119c-4a12-b697-e218d77e2382\",\"更新年度\":2022,\"前年同一\":true},[{\"筆ポリゴンID\":\"0399a410-5893-44a2-a2e9-9ab4a9499582\",\"更新年度\":2021,\"前年同一\":true},{\"筆ポリゴンID\":\"0399a410-5893-44a2-a2e9-9ab4a9499582\",\"発生年度\":2020}]]]","last_polygon_uuid":"c56688db-5f05-4395-86eb-b84e2c7f2546","prev_last_polygon_uuid":"0f1a33e4-119c-4a12-b697-e218d77e2382","local_government_cd":"016080","point_lng":142.938218336,"point_lat":42.142445063}},{"arcs":[[160,161,162,163,-159]],"type":"Polygon","properties":{"polygon_uuid":"d13c279e-52f1-43e8-9033-ec5741228c80","land_type":100,"issue_year":2024,"edit_year":2020,"history":"[{\"筆ポリゴンID\":\"51b7c6fb-628d-44f7-a687-a2c2268a9261\",\"更新年度\":2023,\"前年同一\":true},[{\"筆ポリゴンID\":\"f8f4559d-5b55-4ecf-8f49-ecf72ae041c5\",\"更新年度\":2022,\"前年同一\":true},[{\"筆ポリゴンID\":\"07d12603-9022-4580-8fe8-2c67a27ee83b\",\"更新年度\":2021,\"前年同一\":true},{\"筆ポリゴンID\":\"07d12603-9022-4580-8fe8-2c67a27ee83b\",\"発生年度\":2020}]]]","last_polygon_uuid":"51b7c6fb-628d-44f7-a687-a2c2268a9261","prev_last_polygon_uuid":"f8f4559d-5b55-4ecf-8f49-ecf72ae041c5","local_government_cd":"016080","point_lng":142.937770559,"point_lat":42.142454575}},{"arcs":[[-163,164,165]],"type":"Polygon","properties":{"polygon_uuid":"60a75597-552f-4cbe-ac7e-6f73b603afd4","land_type":100,"issue_year":2024,"edit_year":2020,"history":"[{\"筆ポリゴンID\":\"b61c01d9-512c-4fad-b09a-ad4429693839\",\"更新年度\":2023,\"前年同一\":true},[{\"筆ポリゴンID\":\"91afd607-b619-401a-9baa-c8b29b24fe39\",\"更新年度\":2022,\"前年同一\":true},[{\"筆ポリゴンID\":\"0ac4ab52-a72c-4970-bbfa-a905f8719030\",\"更新年度\":2021,\"前年同一\":true},{\"筆ポリゴンID\":\"0ac4ab52-a72c-4970-bbfa-a905f8719030\",\"発生年度\":2020}]]]","last_polygon_uuid":"b61c01d9-512c-4fad-b09a-ad4429693839","prev_last_polygon_uuid":"91afd607-b619-401a-9baa-c8b29b24fe39","local_government_cd":"016080","point_lng":142.93760953,"point_lat":42.142905678}},{"arcs":[[166,167]],"type":"Polygon","properties":{"polygon_uuid":"adb63e5a-c366-4ad3-be82-13931dd4ff3c","land_type":200,"issue_year":2024,"edit_year":2020,"history":"[{\"筆ポリゴンID\":\"69ebd695-28af-4820-b689-b57ec1d422a7\",\"更新年度\":2023,\"前年同一\":true},[{\"筆ポリゴンID\":\"7601f8e3-0691-4e77-860b-1286d16ed27a\",\"更新年度\":2022,\"前年同一\":true},[{\"筆ポリゴンID\":\"ba391ca7-033a-4b28-b871-058a2613e37e\",\"更新年度\":2021,\"前年同一\":true},{\"筆ポリゴンID\":\"ba391ca7-033a-4b28-b871-058a2613e37e\",\"発生年度\":2020}]]]","last_polygon_uuid":"69ebd695-28af-4820-b689-b57ec1d422a7","prev_last_polygon_uuid":"7601f8e3-0691-4e77-860b-1286d16ed27a","local_government_cd":"016080","point_lng":142.936617203,"point_lat":42.156640621}},{"arcs":[[168,169,170,171]],"type":"Polygon","properties":{"polygon_uuid":"a5cdbd16-c248-4830-9880-b5be88b41da3","land_type":200,"issue_year":2024,"edit_year":2020,"history":"[{\"筆ポリゴンID\":\"5fd67ea2-0658-47da-97e7-2dc3a6344226\",\"更新年度\":2023,\"前年同一\":true},[{\"筆ポリゴンID\":\"f16ad95e-f854-4f77-b791-57ded4454edf\",\"更新年度\":2022,\"前年同一\":true},[{\"筆ポリゴンID\":\"1a53d3cb-52bf-40d6-a766-c4992d218a62\",\"更新年度\":2021,\"前年同一\":true},{\"筆ポリゴンID\":\"1a53d3cb-52bf-40d6-a766-c4992d218a62\",\"発生年度\":2020}]]]","last_polygon_uuid":"5fd67ea2-0658-47da-97e7-2dc3a6344226","prev_last_polygon_uuid":"f16ad95e-f854-4f77-b791-57ded4454edf","local_government_cd":"016080","point_lng":142.926968306,"point_lat":42.163877386}},{"arcs":[[-171,172]],"type":"Polygon","properties":{"polygon_uuid":"213c9b55-688b-4d2b-8b0e-d0ca65e922b3","land_type":200,"issue_year":2024,"edit_year":2020,"history":"[{\"筆ポリゴンID\":\"a7500767-eb05-4577-9ee8-4e7208af0d50\",\"更新年度\":2023,\"前年同一\":true},[{\"筆ポリゴンID\":\"7d98a9a0-b28a-41dc-bba1-e4d2c73fb91c\",\"更新年度\":2022,\"前年同一\":true},[{\"筆ポリゴンID\":\"86ba4239-6e91-4206-afe0-fd0872a27904\",\"更新年度\":2021,\"前年同一\":true},{\"筆ポリゴンID\":\"86ba4239-6e91-4206-afe0-fd0872a27904\",\"発生年度\":2020}]]]","last_polygon_uuid":"a7500767-eb05-4577-9ee8-4e7208af0d50","prev_last_polygon_uuid":"7d98a9a0-b28a-41dc-bba1-e4d2c73fb91c","local_government_cd":"016080","point_lng":142.928065291,"point_lat":42.164628705}},{"arcs":[[173,174,175]],"type":"Polygon","properties":{"polygon_uuid":"12d8eae6-3afb-4a26-97e3-ff9a95e703e9","land_type":100,"issue_year":2024,"edit_year":2020,"history":"[{\"筆ポリゴンID\":\"1fec2333-1364-4fb6-bbfe-9720d41b144e\",\"更新年度\":2023,\"前年同一\":true},[{\"筆ポリゴンID\":\"70b5f962-8b74-4fae-ac6d-79b88bc1689f\",\"更新年度\":2022,\"前年同一\":true},[{\"筆ポリゴンID\":\"0c423172-068e-4b48-8b5a-c0aaf610bb46\",\"更新年度\":2021,\"前年同一\":true},{\"筆ポリゴンID\":\"0c423172-068e-4b48-8b5a-c0aaf610bb46\",\"発生年度\":2020}]]]","last_polygon_uuid":"1fec2333-1364-4fb6-bbfe-9720d41b144e","prev_last_polygon_uuid":"70b5f962-8b74-4fae-ac6d-79b88bc1689f","local_government_cd":"016080","point_lng":142.938443711,"point_lat":42.141362452}},{"arcs":[[176,177,178,-147]],"type":"Polygon","properties":{"polygon_uuid":"9c9cdb7a-dee9-451b-9352-f0dfb1c6e8a3","land_type":100,"issue_year":2024,"edit_year":2020,"history":"[{\"筆ポリゴンID\":\"d72f3649-67b3-4515-88a3-040d758d3412\",\"更新年度\":2023,\"前年同一\":true},[{\"筆ポリゴンID\":\"b29749b6-5d3c-428d-bf04-99586041aa99\",\"更新年度\":2022,\"前年同一\":true},[{\"筆ポリゴンID\":\"aaafeeb2-f5ad-4b40-aa8a-2bdd1863d0a9\",\"更新年度\":2021,\"前年同一\":true},{\"筆ポリゴンID\":\"aaafeeb2-f5ad-4b40-aa8a-2bdd1863d0a9\",\"発生年度\":2020}]]]","last_polygon_uuid":"d72f3649-67b3-4515-88a3-040d758d3412","prev_last_polygon_uuid":"b29749b6-5d3c-428d-bf04-99586041aa99","local_government_cd":"016080","point_lng":142.948083558,"point_lat":42.149377678}},{"arcs":[[-82,179,-86]],"type":"Polygon","properties":{"polygon_uuid":"30c887f2-2671-4849-8dcf-b133009e4192","land_type":100,"issue_year":2024,"edit_year":2020,"history":"[{\"筆ポリゴンID\":\"af75ba21-3788-4423-ab28-b0a2604067bf\",\"更新年度\":2023,\"前年同一\":true},[{\"筆ポリゴンID\":\"5347df66-eb9f-4b28-839e-bd48d4fd6bc1\",\"更新年度\":2022,\"前年同一\":true},[{\"筆ポリゴンID\":\"ac669b6b-b3e0-4689-b902-99438f5b7013\",\"更新年度\":2021,\"前年同一\":true},{\"筆ポリゴンID\":\"ac669b6b-b3e0-4689-b902-99438f5b7013\",\"発生年度\":2020}]]]","last_polygon_uuid":"af75ba21-3788-4423-ab28-b0a2604067bf","prev_last_polygon_uuid":"5347df66-eb9f-4b28-839e-bd48d4fd6bc1","local_government_cd":"016080","point_lng":142.943733094,"point_lat":42.153948674}},{"arcs":[[180,181,182,183]],"type":"Polygon","properties":{"polygon_uuid":"61944e12-17ad-468e-81a5-91343577f7e6","land_type":100,"issue_year":2024,"edit_year":2020,"history":"[{\"筆ポリゴンID\":\"c9c9b88c-c75f-4252-a30f-55a051566bb4\",\"更新年度\":2023,\"前年同一\":true},[{\"筆ポリゴンID\":\"c0ba1e84-5987-40ea-af51-219a6c028ae9\",\"更新年度\":2022,\"前年同一\":true},[{\"筆ポリゴンID\":\"02ce9429-71b4-4e3a-9b83-617da86d297e\",\"更新年度\":2021,\"前年同一\":true},{\"筆ポリゴンID\":\"02ce9429-71b4-4e3a-9b83-617da86d297e\",\"発生年度\":2020}]]]","last_polygon_uuid":"c9c9b88c-c75f-4252-a30f-55a051566bb4","prev_last_polygon_uuid":"c0ba1e84-5987-40ea-af51-219a6c028ae9","local_government_cd":"016080","point_lng":142.943981701,"point_lat":42.150836334}},{"arcs":[[184,-123,185,186]],"type":"Polygon","properties":{"polygon_uuid":"af3db8b3-8599-4077-89a7-fb8191eee7f6","land_type":100,"issue_year":2024,"edit_year":2020,"history":"[{\"筆ポリゴンID\":\"38714264-ee35-4cc6-883b-7e58668b9c98\",\"更新年度\":2023,\"前年同一\":true},[{\"筆ポリゴンID\":\"4f774cad-7524-43ce-9e34-332be7930c15\",\"更新年度\":2022,\"前年同一\":true},[{\"筆ポリゴンID\":\"7e1262f2-f166-48c7-baf8-1a1a256daba4\",\"更新年度\":2021,\"前年同一\":true},{\"筆ポリゴンID\":\"7e1262f2-f166-48c7-baf8-1a1a256daba4\",\"発生年度\":2020}]]]","last_polygon_uuid":"38714264-ee35-4cc6-883b-7e58668b9c98","prev_last_polygon_uuid":"4f774cad-7524-43ce-9e34-332be7930c15","local_government_cd":"016080","point_lng":142.944762242,"point_lat":42.151827365}},{"arcs":[[187]],"type":"Polygon","properties":{"polygon_uuid":"10d223a5-ee89-4c84-8a80-ed125539844e","land_type":200,"issue_year":2024,"edit_year":2020,"history":"[{\"筆ポリゴンID\":\"bf747668-faf2-43e9-bcc2-a6d88b80d40c\",\"更新年度\":2023,\"前年同一\":true},[{\"筆ポリゴンID\":\"09b70eda-8cac-49b0-8d0c-1bd310c110ac\",\"更新年度\":2022,\"前年同一\":true},[{\"筆ポリゴンID\":\"d78dcefe-c4ce-490a-9d2d-64d6b74c8d3a\",\"更新年度\":2021,\"前年同一\":true},{\"筆ポリゴンID\":\"d78dcefe-c4ce-490a-9d2d-64d6b74c8d3a\",\"発生年度\":2020}]]]","last_polygon_uuid":"bf747668-faf2-43e9-bcc2-a6d88b80d40c","prev_last_polygon_uuid":"09b70eda-8cac-49b0-8d0c-1bd310c110ac","local_government_cd":"016080","point_lng":142.926006892,"point_lat":42.157714314}},{"arcs":[[188,-138]],"type":"Polygon","properties":{"polygon_uuid":"a5af23ca-9825-44ec-be93-707ac6fc559d","land_type":100,"issue_year":2024,"edit_year":2020,"history":"[{\"筆ポリゴンID\":\"ab82fcb1-df01-4daa-bf56-256214b1f856\",\"更新年度\":2023,\"前年同一\":true},[{\"筆ポリゴンID\":\"3c281516-23e1-4e0b-9111-a5bc246ca222\",\"更新年度\":2022,\"前年同一\":true},[{\"筆ポリゴンID\":\"4ab04eb6-c405-46f9-a7f3-f038d2832b4c\",\"更新年度\":2021,\"前年同一\":true},{\"筆ポリゴンID\":\"4ab04eb6-c405-46f9-a7f3-f038d2832b4c\",\"発生年度\":2020}]]]","last_polygon_uuid":"ab82fcb1-df01-4daa-bf56-256214b1f856","prev_last_polygon_uuid":"3c281516-23e1-4e0b-9111-a5bc246ca222","local_government_cd":"016080","point_lng":142.946621123,"point_lat":42.151359561}},{"arcs":[[189,-187,190,191]],"type":"Polygon","properties":{"polygon_uuid":"6161a1a4-0d5c-40af-ac20-528f49d3e645","land_type":100,"issue_year":2024,"edit_year":2020,"history":"[{\"筆ポリゴンID\":\"df2267a1-9e2d-4614-8a8c-9007668512fc\",\"更新年度\":2023,\"前年同一\":true},[{\"筆ポリゴンID\":\"ee47e5ce-99af-4311-a736-4d8ee75ad22f\",\"更新年度\":2022,\"前年同一\":true},[{\"筆ポリゴンID\":\"bef8d7b8-f39b-4f0a-8e1d-31f5bc1fb293\",\"更新年度\":2021,\"前年同一\":true},{\"筆ポリゴンID\":\"bef8d7b8-f39b-4f0a-8e1d-31f5bc1fb293\",\"発生年度\":2020}]]]","last_polygon_uuid":"df2267a1-9e2d-4614-8a8c-9007668512fc","prev_last_polygon_uuid":"ee47e5ce-99af-4311-a736-4d8ee75ad22f","local_government_cd":"016080","point_lng":142.944915777,"point_lat":42.152024174}},{"arcs":[[192,193,194,195]],"type":"Polygon","properties":{"polygon_uuid":"68ebb081-0fcc-4e1f-acd8-f442e22fb63b","land_type":100,"issue_year":2024,"edit_year":2020,"history":"[{\"筆ポリゴンID\":\"bf6d8b97-fe38-4585-8c20-ec5c0780ccaf\",\"更新年度\":2023,\"前年同一\":true},[{\"筆ポリゴンID\":\"e63862a2-429b-4aee-8211-292994ad519d\",\"更新年度\":2022,\"前年同一\":true},[{\"筆ポリゴンID\":\"a264575d-cbb8-46ce-a484-912229ed808c\",\"更新年度\":2021,\"前年同一\":true},{\"筆ポリゴンID\":\"a264575d-cbb8-46ce-a484-912229ed808c\",\"発生年度\":2020}]]]","last_polygon_uuid":"bf6d8b97-fe38-4585-8c20-ec5c0780ccaf","prev_last_polygon_uuid":"e63862a2-429b-4aee-8211-292994ad519d","local_government_cd":"016080","point_lng":142.947776527,"point_lat":42.152827799}},{"arcs":[[196]],"type":"Polygon","properties":{"polygon_uuid":"51aa4da8-5338-43ec-9d35-0074244d3ed8","land_type":200,"issue_year":2024,"edit_year":2020,"history":"[{\"筆ポリゴンID\":\"efdbd414-4732-4e25-bb08-871d5d29d06d\",\"更新年度\":2023,\"前年同一\":true},[{\"筆ポリゴンID\":\"c6035a12-72c6-4540-909b-8f04f8eac698\",\"更新年度\":2022,\"前年同一\":true},[{\"筆ポリゴンID\":\"a85e27a3-dc8c-4b44-b85c-66f0850ba41d\",\"更新年度\":2021,\"前年同一\":true},{\"筆ポリゴンID\":\"a85e27a3-dc8c-4b44-b85c-66f0850ba41d\",\"発生年度\":2020}]]]","last_polygon_uuid":"efdbd414-4732-4e25-bb08-871d5d29d06d","prev_last_polygon_uuid":"c6035a12-72c6-4540-909b-8f04f8eac698","local_government_cd":"016080","point_lng":142.941046633,"point_lat":42.156177491}},{"arcs":[[197]],"type":"Polygon","properties":{"polygon_uuid":"81bdd107-33d2-480c-a239-5df12d02cf5f","land_type":200,"issue_year":2024,"edit_year":2020,"history":"[{\"筆ポリゴンID\":\"731d2548-b70a-4099-9ffe-b875eaad1719\",\"更新年度\":2023,\"前年同一\":true},[{\"筆ポリゴンID\":\"e52db908-99f0-4fcd-8a70-af8b4b5adce3\",\"更新年度\":2022,\"前年同一\":true},[{\"筆ポリゴンID\":\"a4cb6c54-616c-47cc-a6fb-18f6183d1579\",\"更新年度\":2021,\"前年同一\":true},{\"筆ポリゴンID\":\"a4cb6c54-616c-47cc-a6fb-18f6183d1579\",\"発生年度\":2020}]]]","last_polygon_uuid":"731d2548-b70a-4099-9ffe-b875eaad1719","prev_last_polygon_uuid":"e52db908-99f0-4fcd-8a70-af8b4b5adce3","local_government_cd":"016080","point_lng":142.93469799,"point_lat":42.15124356}},{"arcs":[[198]],"type":"Polygon","properties":{"polygon_uuid":"2ca04dbe-005e-4c48-9221-8b292565549c","land_type":200,"issue_year":2024,"edit_year":2020,"history":"[{\"筆ポリゴンID\":\"463b631e-fe8d-48fe-ae0d-f0c9ff5ccd5a\",\"更新年度\":2023,\"前年同一\":true},[{\"筆ポリゴンID\":\"9ee4924d-0122-4d7d-92ae-4ff104ee9e8a\",\"更新年度\":2022,\"前年同一\":true},[{\"筆ポリゴンID\":\"03e54ef5-f0f9-4a24-be04-738120b975e5\",\"更新年度\":2021,\"前年同一\":true},{\"筆ポリゴンID\":\"03e54ef5-f0f9-4a24-be04-738120b975e5\",\"発生年度\":2020}]]]","last_polygon_uuid":"463b631e-fe8d-48fe-ae0d-f0c9ff5ccd5a","prev_last_polygon_uuid":"9ee4924d-0122-4d7d-92ae-4ff104ee9e8a","local_government_cd":"016080","point_lng":142.938933734,"point_lat":42.165756597}},{"arcs":[[199,200]],"type":"Polygon","properties":{"polygon_uuid":"44cc1484-1d00-436d-8d32-033aa688faee","land_type":100,"issue_year":2024,"edit_year":2020,"history":"[{\"筆ポリゴンID\":\"c76309f9-2ae6-4b81-a788-21d53976b65e\",\"更新年度\":2023,\"前年同一\":true},[{\"筆ポリゴンID\":\"ddad6268-32af-4ccb-8ab2-ebff02dd896a\",\"更新年度\":2022,\"前年同一\":true},[{\"筆ポリゴンID\":\"989a76b3-fa8b-4b5f-bc4a-596cefd1b012\",\"更新年度\":2021,\"前年同一\":true},{\"筆ポリゴンID\":\"989a76b3-fa8b-4b5f-bc4a-596cefd1b012\",\"発生年度\":2020}]]]","last_polygon_uuid":"c76309f9-2ae6-4b81-a788-21d53976b65e","prev_last_polygon_uuid":"ddad6268-32af-4ccb-8ab2-ebff02dd896a","local_government_cd":"016080","point_lng":142.939558809,"point_lat":42.141893975}},{"arcs":[[201,202,203,204]],"type":"Polygon","properties":{"polygon_uuid":"3126505c-6093-4b9c-bfd2-79f2eb2b611d","land_type":100,"issue_year":2024,"edit_year":2020,"history":"[{\"筆ポリゴンID\":\"f64537e2-0975-4664-81d4-e9fb500ede2e\",\"更新年度\":2023,\"前年同一\":true},[{\"筆ポリゴンID\":\"ac39c3e9-d235-4f80-9901-691a779d128a\",\"更新年度\":2022,\"前年同一\":true},[{\"筆ポリゴンID\":\"fe2a2b4b-55d9-4958-b76a-2db9efa2da49\",\"更新年度\":2021,\"前年同一\":true},{\"筆ポリゴンID\":\"fe2a2b4b-55d9-4958-b76a-2db9efa2da49\",\"発生年度\":2020}]]]","last_polygon_uuid":"f64537e2-0975-4664-81d4-e9fb500ede2e","prev_last_polygon_uuid":"ac39c3e9-d235-4f80-9901-691a779d128a","local_government_cd":"016080","point_lng":142.938669366,"point_lat":42.141803352}},{"arcs":[[205]],"type":"Polygon","properties":{"polygon_uuid":"64755644-184e-401b-b837-e287583b8f3c","land_type":200,"issue_year":2024,"edit_year":2020,"history":"[{\"筆ポリゴンID\":\"75d3b50f-00ca-4647-b909-6d90a5bfdd1e\",\"更新年度\":2023,\"前年同一\":true},[{\"筆ポリゴンID\":\"9369b15c-1748-4ecb-a19f-41c79922323f\",\"更新年度\":2022,\"前年同一\":true},[{\"筆ポリゴンID\":\"5c5b229e-dd2a-4a29-88c3-bc5458bf329c\",\"更新年度\":2021,\"前年同一\":true},{\"筆ポリゴンID\":\"5c5b229e-dd2a-4a29-88c3-bc5458bf329c\",\"発生年度\":2020}]]]","last_polygon_uuid":"75d3b50f-00ca-4647-b909-6d90a5bfdd1e","prev_last_polygon_uuid":"9369b15c-1748-4ecb-a19f-41c79922323f","local_government_cd":"016080","point_lng":142.949549647,"point_lat":42.148350615}},{"arcs":[[206]],"type":"Polygon","properties":{"polygon_uuid":"e632bcda-d3ad-48c8-b61b-e9cf13781e50","land_type":200,"issue_year":2024,"edit_year":2020,"history":"[{\"筆ポリゴンID\":\"6423a856-ec3e-4cc1-93c9-b608039eefbc\",\"更新年度\":2023,\"前年同一\":true},[{\"筆ポリゴンID\":\"59ea6065-13b4-437d-901c-bf30da0514fc\",\"更新年度\":2022,\"前年同一\":true},[{\"筆ポリゴンID\":\"e51f6259-29cd-4dbd-a26d-8018e74adbd8\",\"更新年度\":2021,\"前年同一\":true},{\"筆ポリゴンID\":\"e51f6259-29cd-4dbd-a26d-8018e74adbd8\",\"発生年度\":2020}]]]","last_polygon_uuid":"6423a856-ec3e-4cc1-93c9-b608039eefbc","prev_last_polygon_uuid":"59ea6065-13b4-437d-901c-bf30da0514fc","local_government_cd":"016080","point_lng":142.939973161,"point_lat":42.162158499}},{"arcs":[[207,208,209,210]],"type":"Polygon","properties":{"polygon_uuid":"4db01906-e0fe-4ad6-957c-9a575a91e85c","land_type":100,"issue_year":2024,"edit_year":2022,"history":"[{\"筆ポリゴンID\":\"8e812caf-81c9-47bb-bfdc-9e4586247b89\",\"更新年度\":2023,\"前年同一\":true},[{\"筆ポリゴンID\":\"ea2f9980-a1ab-4648-bfa9-c72aa2195a67\",\"更新年度\":2022,\"関連\":true},[{\"筆ポリゴンID\":\"30d21249-2de2-45c9-83d7-e63f09399880\",\"更新年度\":2021,\"前年同一\":true},{\"筆ポリゴンID\":\"30d21249-2de2-45c9-83d7-e63f09399880\",\"発生年度\":2020}]]]","last_polygon_uuid":"8e812caf-81c9-47bb-bfdc-9e4586247b89","prev_last_polygon_uuid":null,"local_government_cd":"016080","point_lng":142.940440931,"point_lat":42.151363481}},{"arcs":[[211,212,213,-178]],"type":"Polygon","properties":{"polygon_uuid":"f3cc09ca-d635-44ec-b71b-7dff84e2104f","land_type":100,"issue_year":2024,"edit_year":2020,"history":"[{\"筆ポリゴンID\":\"916aeb54-cb48-447a-b4c2-5fd8c86e92e3\",\"更新年度\":2023,\"前年同一\":true},[{\"筆ポリゴンID\":\"ae091eaf-90fd-463c-8fda-0aac99121ea2\",\"更新年度\":2022,\"前年同一\":true},[{\"筆ポリゴンID\":\"f5f3f3fe-ed6c-4f45-81ab-e6062a0804c7\",\"更新年度\":2021,\"前年同一\":true},{\"筆ポリゴンID\":\"f5f3f3fe-ed6c-4f45-81ab-e6062a0804c7\",\"発生年度\":2020}]]]","last_polygon_uuid":"916aeb54-cb48-447a-b4c2-5fd8c86e92e3","prev_last_polygon_uuid":"ae091eaf-90fd-463c-8fda-0aac99121ea2","local_government_cd":"016080","point_lng":142.947987378,"point_lat":42.14895885}},{"arcs":[[-174,214,215,216]],"type":"Polygon","properties":{"polygon_uuid":"c93add43-5d82-45f3-ad62-e3dfca607068","land_type":100,"issue_year":2024,"edit_year":2020,"history":"[{\"筆ポリゴンID\":\"3589350a-e41e-44fd-a515-e910fc388dbc\",\"更新年度\":2023,\"前年同一\":true},[{\"筆ポリゴンID\":\"82727ad9-4eb8-4722-ae97-a35fbd268e3b\",\"更新年度\":2022,\"前年同一\":true},[{\"筆ポリゴンID\":\"f9bb8960-da30-4c86-b300-11972a6fc0ce\",\"更新年度\":2021,\"前年同一\":true},{\"筆ポリゴンID\":\"f9bb8960-da30-4c86-b300-11972a6fc0ce\",\"発生年度\":2020}]]]","last_polygon_uuid":"3589350a-e41e-44fd-a515-e910fc388dbc","prev_last_polygon_uuid":"82727ad9-4eb8-4722-ae97-a35fbd268e3b","local_government_cd":"016080","point_lng":142.937631981,"point_lat":42.141600557}},{"arcs":[[217,218,-169,219]],"type":"Polygon","properties":{"polygon_uuid":"03207812-7119-4481-906a-4da3cbd2d9bd","land_type":200,"issue_year":2024,"edit_year":2020,"history":"[{\"筆ポリゴンID\":\"ad72daff-a53a-4464-9cac-d2ee5952f0b7\",\"更新年度\":2023,\"前年同一\":true},[{\"筆ポリゴンID\":\"3d2aa109-9694-4dfd-ae40-088c593ae146\",\"更新年度\":2022,\"前年同一\":true},[{\"筆ポリゴンID\":\"d7564296-6e63-49ad-836d-15dacfa5d0b8\",\"更新年度\":2021,\"前年同一\":true},{\"筆ポリゴンID\":\"d7564296-6e63-49ad-836d-15dacfa5d0b8\",\"発生年度\":2020}]]]","last_polygon_uuid":"ad72daff-a53a-4464-9cac-d2ee5952f0b7","prev_last_polygon_uuid":"3d2aa109-9694-4dfd-ae40-088c593ae146","local_government_cd":"016080","point_lng":142.927065993,"point_lat":42.163196296}},{"arcs":[[-167,220]],"type":"Polygon","properties":{"polygon_uuid":"400ce905-a985-4891-9b61-771bd89fc0c3","land_type":200,"issue_year":2024,"edit_year":2020,"history":"[{\"筆ポリゴンID\":\"06e18e70-2e71-4d64-bd33-3844488d2f6b\",\"更新年度\":2023,\"前年同一\":true},[{\"筆ポリゴンID\":\"4f4a8677-5f44-4f46-b3de-2f026404d1d5\",\"更新年度\":2022,\"前年同一\":true},[{\"筆ポリゴンID\":\"62dec0f5-0551-4f4f-b34c-9e83d215f700\",\"更新年度\":2021,\"前年同一\":true},{\"筆ポリゴンID\":\"62dec0f5-0551-4f4f-b34c-9e83d215f700\",\"発生年度\":2020}]]]","last_polygon_uuid":"06e18e70-2e71-4d64-bd33-3844488d2f6b","prev_last_polygon_uuid":"4f4a8677-5f44-4f46-b3de-2f026404d1d5","local_government_cd":"016080","point_lng":142.934269212,"point_lat":42.157832252}},{"arcs":[[221,-209]],"type":"Polygon","properties":{"polygon_uuid":"731d09e5-9e74-40e2-b065-7d432194dbe1","land_type":100,"issue_year":2024,"edit_year":2022,"history":"[{\"筆ポリゴンID\":\"84801a57-4251-44c0-a364-0fcdd90ba16e\",\"更新年度\":2023,\"前年同一\":true},[{\"筆ポリゴンID\":\"ea2f9980-a1ab-4648-bfa9-c72aa2195a67\",\"更新年度\":2022,\"関連\":true},[{\"筆ポリゴンID\":\"30d21249-2de2-45c9-83d7-e63f09399880\",\"更新年度\":2021,\"前年同一\":true},{\"筆ポリゴンID\":\"30d21249-2de2-45c9-83d7-e63f09399880\",\"発生年度\":2020}]]]","last_polygon_uuid":"84801a57-4251-44c0-a364-0fcdd90ba16e","prev_last_polygon_uuid":null,"local_government_cd":"016080","point_lng":142.939380491,"point_lat":42.15011367}},{"arcs":[[-154,222,223,224]],"type":"Polygon","properties":{"polygon_uuid":"b1495747-364e-4b71-8f15-6f59a7a906ee","land_type":100,"issue_year":2024,"edit_year":2020,"history":"[{\"筆ポリゴンID\":\"7fd8bce7-1bee-4532-9a7a-0677297a09c0\",\"更新年度\":2023,\"前年同一\":true},[{\"筆ポリゴンID\":\"38079927-c183-4007-8b00-0e048dfc59fb\",\"更新年度\":2022,\"前年同一\":true},[{\"筆ポリゴンID\":\"afb437e0-ad7c-45a9-bb0c-f0bda3704f8d\",\"更新年度\":2021,\"前年同一\":true},{\"筆ポリゴンID\":\"afb437e0-ad7c-45a9-bb0c-f0bda3704f8d\",\"発生年度\":2020}]]]","last_polygon_uuid":"7fd8bce7-1bee-4532-9a7a-0677297a09c0","prev_last_polygon_uuid":"38079927-c183-4007-8b00-0e048dfc59fb","local_government_cd":"016080","point_lng":142.93886284,"point_lat":42.139372925}},{"arcs":[[225,-92,226,-89]],"type":"Polygon","properties":{"polygon_uuid":"e56f48d2-7082-4928-b012-7854025213ef","land_type":100,"issue_year":2024,"edit_year":2020,"history":"[{\"筆ポリゴンID\":\"45eb2a22-a201-4006-9511-d49a39b1b575\",\"更新年度\":2023,\"前年同一\":true},[{\"筆ポリゴンID\":\"3f7f946c-3aca-48c9-a06c-7db5c8642c79\",\"更新年度\":2022,\"前年同一\":true},[{\"筆ポリゴンID\":\"b041d538-db15-4ebe-b207-b5da371a31c4\",\"更新年度\":2021,\"前年同一\":true},{\"筆ポリゴンID\":\"b041d538-db15-4ebe-b207-b5da371a31c4\",\"発生年度\":2020}]]]","last_polygon_uuid":"45eb2a22-a201-4006-9511-d49a39b1b575","prev_last_polygon_uuid":"3f7f946c-3aca-48c9-a06c-7db5c8642c79","local_government_cd":"016080","point_lng":142.943948069,"point_lat":42.153081174}},{"arcs":[[227,228,229,230]],"type":"Polygon","properties":{"polygon_uuid":"f9dbabab-fb98-47a1-85e3-b8691f32e8a7","land_type":100,"issue_year":2024,"edit_year":2022,"history":"[{\"筆ポリゴンID\":\"a28919e6-67e9-448f-a65f-e14a3ef5de2d\",\"更新年度\":2023,\"前年同一\":true},[{\"筆ポリゴンID\":\"d165984f-12aa-4b22-91e5-1a221ffdfc1b\",\"更新年度\":2022,\"関連\":true},[{\"筆ポリゴンID\":\"bd7580eb-f5e8-48ae-8341-33c0ee179360\",\"更新年度\":2021,\"前年同一\":true},{\"筆ポリゴンID\":\"bd7580eb-f5e8-48ae-8341-33c0ee179360\",\"発生年度\":2020}]]]","last_polygon_uuid":"a28919e6-67e9-448f-a65f-e14a3ef5de2d","prev_last_polygon_uuid":null,"local_government_cd":"016080","point_lng":142.950198563,"point_lat":42.153390788}},{"arcs":[[231,232]],"type":"Polygon","properties":{"polygon_uuid":"3e1370fe-9b8c-4c3f-8bca-fe941c59f123","land_type":200,"issue_year":2024,"edit_year":2020,"history":"[{\"筆ポリゴンID\":\"511420bc-3afa-4c48-a40c-499873a6f6bc\",\"更新年度\":2023,\"前年同一\":true},[{\"筆ポリゴンID\":\"07d40619-c15c-469b-99fb-76844d2157a4\",\"更新年度\":2022,\"前年同一\":true},[{\"筆ポリゴンID\":\"8a5585c9-9d68-47e9-84d5-0e46c073f436\",\"更新年度\":2021,\"前年同一\":true},{\"筆ポリゴンID\":\"8a5585c9-9d68-47e9-84d5-0e46c073f436\",\"発生年度\":2020}]]]","last_polygon_uuid":"511420bc-3afa-4c48-a40c-499873a6f6bc","prev_last_polygon_uuid":"07d40619-c15c-469b-99fb-76844d2157a4","local_government_cd":"016080","point_lng":142.952635016,"point_lat":42.144720562}},{"arcs":[[233,234]],"type":"Polygon","properties":{"polygon_uuid":"4c556250-77a3-4030-b3ee-8582a652bca0","land_type":100,"issue_year":2024,"edit_year":2020,"history":"[{\"筆ポリゴンID\":\"df04a46e-7d08-44bf-91e8-b90328c55aff\",\"更新年度\":2023,\"前年同一\":true},[{\"筆ポリゴンID\":\"ced65f3f-ffed-4813-8a62-f38ff4499526\",\"更新年度\":2022,\"前年同一\":true},[{\"筆ポリゴンID\":\"aee3123c-d4d9-4baa-8042-ab4954894f84\",\"更新年度\":2021,\"前年同一\":true},{\"筆ポリゴンID\":\"aee3123c-d4d9-4baa-8042-ab4954894f84\",\"発生年度\":2020}]]]","last_polygon_uuid":"df04a46e-7d08-44bf-91e8-b90328c55aff","prev_last_polygon_uuid":"ced65f3f-ffed-4813-8a62-f38ff4499526","local_government_cd":"016080","point_lng":142.945708771,"point_lat":42.153021606}},{"arcs":[[235]],"type":"Polygon","properties":{"polygon_uuid":"d8269e9e-0f44-4c40-9dd7-5677102bc623","land_type":200,"issue_year":2024,"edit_year":2020,"history":"[{\"筆ポリゴンID\":\"705d5537-0b76-46e6-8191-49eff3e366d7\",\"更新年度\":2023,\"前年同一\":true},[{\"筆ポリゴンID\":\"62d74309-0a06-40fd-9091-2c5315b391b5\",\"更新年度\":2022,\"前年同一\":true},[{\"筆ポリゴンID\":\"f4b6ef48-6df4-4c4c-a94d-c546cf65ccb5\",\"更新年度\":2021,\"前年同一\":true},{\"筆ポリゴンID\":\"f4b6ef48-6df4-4c4c-a94d-c546cf65ccb5\",\"発生年度\":2020}]]]","last_polygon_uuid":"705d5537-0b76-46e6-8191-49eff3e366d7","prev_last_polygon_uuid":"62d74309-0a06-40fd-9091-2c5315b391b5","local_government_cd":"016080","point_lng":142.922958035,"point_lat":42.156279895}},{"arcs":[[-218,236]],"type":"Polygon","properties":{"polygon_uuid":"773691d0-aecb-450b-bdab-7d6c7d936a89","land_type":200,"issue_year":2024,"edit_year":2020,"history":"[{\"筆ポリゴンID\":\"e1f38a1d-25f5-4ca9-acb1-d33cc24d08fa\",\"更新年度\":2023,\"前年同一\":true},[{\"筆ポリゴンID\":\"61640d20-4a2f-45c0-8fa9-1b61ac8d6589\",\"更新年度\":2022,\"前年同一\":true},[{\"筆ポリゴンID\":\"2ce14561-c828-4fe5-bd96-83028b1d1130\",\"更新年度\":2021,\"前年同一\":true},{\"筆ポリゴンID\":\"2ce14561-c828-4fe5-bd96-83028b1d1130\",\"発生年度\":2020}]]]","last_polygon_uuid":"e1f38a1d-25f5-4ca9-acb1-d33cc24d08fa","prev_last_polygon_uuid":"61640d20-4a2f-45c0-8fa9-1b61ac8d6589","local_government_cd":"016080","point_lng":142.927401323,"point_lat":42.162279442}},{"arcs":[[237,-130,238,-193]],"type":"Polygon","properties":{"polygon_uuid":"9e7d417f-873c-4605-8fce-da1b8abced7c","land_type":100,"issue_year":2024,"edit_year":2020,"history":"[{\"筆ポリゴンID\":\"9f0df526-b99e-418f-b791-5440de698891\",\"更新年度\":2023,\"前年同一\":true},[{\"筆ポリゴンID\":\"4c396aef-1445-4df3-a96e-aa4353491333\",\"更新年度\":2022,\"前年同一\":true},[{\"筆ポリゴンID\":\"384a069b-fdca-4745-8100-751250de7e87\",\"更新年度\":2021,\"前年同一\":true},{\"筆ポリゴンID\":\"384a069b-fdca-4745-8100-751250de7e87\",\"発生年度\":2020}]]]","last_polygon_uuid":"9f0df526-b99e-418f-b791-5440de698891","prev_last_polygon_uuid":"4c396aef-1445-4df3-a96e-aa4353491333","local_government_cd":"016080","point_lng":142.947560886,"point_lat":42.152617577}},{"arcs":[[239,-152]],"type":"Polygon","properties":{"polygon_uuid":"0b910a96-bdf9-4961-abb3-e69209f74d06","land_type":200,"issue_year":2024,"edit_year":2020,"history":"[{\"筆ポリゴンID\":\"f203b834-d5e3-4619-9573-ebee5c28c453\",\"更新年度\":2023,\"前年同一\":true},[{\"筆ポリゴンID\":\"82cb529c-3fe9-430b-a908-2738e8013ec8\",\"更新年度\":2022,\"前年同一\":true},[{\"筆ポリゴンID\":\"4921327e-d89c-4571-85e2-cfa001c8e806\",\"更新年度\":2021,\"前年同一\":true},{\"筆ポリゴンID\":\"4921327e-d89c-4571-85e2-cfa001c8e806\",\"発生年度\":2020}]]]","last_polygon_uuid":"f203b834-d5e3-4619-9573-ebee5c28c453","prev_last_polygon_uuid":"82cb529c-3fe9-430b-a908-2738e8013ec8","local_government_cd":"016080","point_lng":142.943543522,"point_lat":42.139007134}},{"arcs":[[-60,240,241,242]],"type":"Polygon","properties":{"polygon_uuid":"a529d703-69fb-4aac-b40f-467f0ac26186","land_type":200,"issue_year":2024,"edit_year":2020,"history":"[{\"筆ポリゴンID\":\"c1e7cdeb-c3fb-4895-ae83-a64a33ed44de\",\"更新年度\":2023,\"前年同一\":true},[{\"筆ポリゴンID\":\"8689ca16-5ebc-496f-8ece-af466d5acd9d\",\"更新年度\":2022,\"前年同一\":true},[{\"筆ポリゴンID\":\"5d1d4eb2-01c0-40f0-9e04-21eddac302da\",\"更新年度\":2021,\"前年同一\":true},{\"筆ポリゴンID\":\"5d1d4eb2-01c0-40f0-9e04-21eddac302da\",\"発生年度\":2020}]]]","last_polygon_uuid":"c1e7cdeb-c3fb-4895-ae83-a64a33ed44de","prev_last_polygon_uuid":"8689ca16-5ebc-496f-8ece-af466d5acd9d","local_government_cd":"016080","point_lng":142.940888123,"point_lat":42.138992081}},{"arcs":[[-58,243]],"type":"Polygon","properties":{"polygon_uuid":"3835d798-7979-42a5-9833-ff68b1a93e95","land_type":200,"issue_year":2024,"edit_year":2020,"history":"[{\"筆ポリゴンID\":\"38db423d-335f-427c-9d3e-231972865c43\",\"更新年度\":2023,\"前年同一\":true},[{\"筆ポリゴンID\":\"2db5b8ea-9b95-45e6-b0c3-d20942edeb20\",\"更新年度\":2022,\"前年同一\":true},[{\"筆ポリゴンID\":\"dedf4a31-2f7b-4de1-86d7-54537acac01b\",\"更新年度\":2021,\"前年同一\":true},{\"筆ポリゴンID\":\"dedf4a31-2f7b-4de1-86d7-54537acac01b\",\"発生年度\":2020}]]]","last_polygon_uuid":"38db423d-335f-427c-9d3e-231972865c43","prev_last_polygon_uuid":"2db5b8ea-9b95-45e6-b0c3-d20942edeb20","local_government_cd":"016080","point_lng":142.942324144,"point_lat":42.13429165}},{"arcs":[[244,245,246,-203]],"type":"Polygon","properties":{"polygon_uuid":"d9d22e2f-e32f-473a-a775-adb0d53ffd90","land_type":100,"issue_year":2024,"edit_year":2020,"history":"[{\"筆ポリゴンID\":\"84b64b6b-843c-450c-ad59-53fe758d0763\",\"更新年度\":2023,\"前年同一\":true},[{\"筆ポリゴンID\":\"f7997961-1b24-4c73-ba93-03ddb55c0aa2\",\"更新年度\":2022,\"前年同一\":true},[{\"筆ポリゴンID\":\"bfd0fcb7-2517-4bf5-9214-57d7096a5be2\",\"更新年度\":2021,\"前年同一\":true},{\"筆ポリゴンID\":\"bfd0fcb7-2517-4bf5-9214-57d7096a5be2\",\"発生年度\":2020}]]]","last_polygon_uuid":"84b64b6b-843c-450c-ad59-53fe758d0763","prev_last_polygon_uuid":"f7997961-1b24-4c73-ba93-03ddb55c0aa2","local_government_cd":"016080","point_lng":142.938252994,"point_lat":42.141769695}},{"arcs":[[247,-144,248,249]],"type":"Polygon","properties":{"polygon_uuid":"28cf99ae-b9c0-41f2-a6f4-fe1aa61aedd1","land_type":100,"issue_year":2024,"edit_year":2022,"history":"[{\"筆ポリゴンID\":\"0476bf88-9db7-408a-a46d-f00086d490a9\",\"更新年度\":2023,\"前年同一\":true},[{\"筆ポリゴンID\":\"d165984f-12aa-4b22-91e5-1a221ffdfc1b\",\"更新年度\":2022,\"関連\":true},[{\"筆ポリゴンID\":\"bd7580eb-f5e8-48ae-8341-33c0ee179360\",\"更新年度\":2021,\"前年同一\":true},{\"筆ポリゴンID\":\"bd7580eb-f5e8-48ae-8341-33c0ee179360\",\"発生年度\":2020}]]]","last_polygon_uuid":"0476bf88-9db7-408a-a46d-f00086d490a9","prev_last_polygon_uuid":null,"local_government_cd":"016080","point_lng":142.948954059,"point_lat":42.152232789}},{"arcs":[[250,251,252,253]],"type":"Polygon","properties":{"polygon_uuid":"0d007c58-0dcb-4acf-95e6-56f46393f616","land_type":100,"issue_year":2024,"edit_year":2021,"history":"[{\"筆ポリゴンID\":\"d3cbd777-0a43-4429-87c5-1d057ab19028\",\"更新年度\":2023,\"前年同一\":true},[{\"筆ポリゴンID\":\"7d22483a-7c98-47ab-8de1-91838d6c853b\",\"更新年度\":2022,\"前年同一\":true},[[{\"筆ポリゴンID\":\"4a191937-0b5d-4eab-9a66-39964f46bb46\",\"更新年度\":2021,\"関連\":true},{\"筆ポリゴンID\":\"4a191937-0b5d-4eab-9a66-39964f46bb46\",\"発生年度\":2020}],[{\"筆ポリゴンID\":\"b1046604-69b1-46b1-9e3e-ab5e687b61b0\",\"更新年度\":2021,\"関連\":true},{\"筆ポリゴンID\":\"b1046604-69b1-46b1-9e3e-ab5e687b61b0\",\"発生年度\":2020}]]]]","last_polygon_uuid":"d3cbd777-0a43-4429-87c5-1d057ab19028","prev_last_polygon_uuid":"7d22483a-7c98-47ab-8de1-91838d6c853b","local_government_cd":"016080","point_lng":142.954976113,"point_lat":42.162261949}},{"arcs":[[254,255,256,-251]],"type":"Polygon","properties":{"polygon_uuid":"fe5925d3-5496-4787-a748-281ebf272b0e","land_type":100,"issue_year":2024,"edit_year":2021,"history":"[{\"筆ポリゴンID\":\"90a0f5b2-fe5e-4b3c-a11c-522ceb28fd00\",\"更新年度\":2023,\"前年同一\":true},[{\"筆ポリゴンID\":\"db01072f-c7a5-4d9b-9641-d2399678dad4\",\"更新年度\":2022,\"前年同一\":true},[[{\"筆ポリゴンID\":\"4a191937-0b5d-4eab-9a66-39964f46bb46\",\"更新年度\":2021,\"関連\":true},{\"筆ポリゴンID\":\"4a191937-0b5d-4eab-9a66-39964f46bb46\",\"発生年度\":2020}],[{\"筆ポリゴンID\":\"b1046604-69b1-46b1-9e3e-ab5e687b61b0\",\"更新年度\":2021,\"関連\":true},{\"筆ポリゴンID\":\"b1046604-69b1-46b1-9e3e-ab5e687b61b0\",\"発生年度\":2020}]]]]","last_polygon_uuid":"90a0f5b2-fe5e-4b3c-a11c-522ceb28fd00","prev_last_polygon_uuid":"db01072f-c7a5-4d9b-9641-d2399678dad4","local_government_cd":"016080","point_lng":142.954830145,"point_lat":42.16204553}},{"arcs":[[257,258,259,260]],"type":"Polygon","properties":{"polygon_uuid":"08dcc541-de2d-4860-8af2-deb23c4e3341","land_type":100,"issue_year":2024,"edit_year":2021,"history":"[{\"筆ポリゴンID\":\"445cd7ca-64d2-44e3-ba6f-932ebbdb5391\",\"更新年度\":2023,\"前年同一\":true},[{\"筆ポリゴンID\":\"d94f4a83-c9a4-4a5a-8ba8-8cd14d20997c\",\"更新年度\":2022,\"前年同一\":true},[[{\"筆ポリゴンID\":\"3a42e17b-68da-47d7-b801-3b57eb53c599\",\"更新年度\":2021,\"関連\":true},{\"筆ポリゴンID\":\"3a42e17b-68da-47d7-b801-3b57eb53c599\",\"発生年度\":2020}],[{\"筆ポリゴンID\":\"2118d026-7256-46ea-bfd2-691c8c19fba3\",\"更新年度\":2021,\"関連\":true},{\"筆ポリゴンID\":\"2118d026-7256-46ea-bfd2-691c8c19fba3\",\"発生年度\":2020}]]]]","last_polygon_uuid":"445cd7ca-64d2-44e3-ba6f-932ebbdb5391","prev_last_polygon_uuid":"d94f4a83-c9a4-4a5a-8ba8-8cd14d20997c","local_government_cd":"016080","point_lng":142.951637655,"point_lat":42.156977817}},{"arcs":[[-258,261]],"type":"Polygon","properties":{"polygon_uuid":"74398ad0-fb97-4302-ade1-d6964e53d53b","land_type":200,"issue_year":2024,"edit_year":2021,"history":"[{\"筆ポリゴンID\":\"17792eed-cfad-4ef8-b140-02ae70a6661d\",\"更新年度\":2023,\"前年同一\":true},[{\"筆ポリゴンID\":\"367287f9-ec9b-494c-8ccf-583c26e20f78\",\"更新年度\":2022,\"前年同一\":true},[[{\"筆ポリゴンID\":\"fcd7413c-68a7-4400-a074-eeead5d69ad8\",\"更新年度\":2021,\"関連\":true},{\"筆ポリゴンID\":\"fcd7413c-68a7-4400-a074-eeead5d69ad8\",\"発生年度\":2020}],[{\"筆ポリゴンID\":\"3a42e17b-68da-47d7-b801-3b57eb53c599\",\"更新年度\":2021,\"関連\":true},{\"筆ポリゴンID\":\"3a42e17b-68da-47d7-b801-3b57eb53c599\",\"発生年度\":2020}],[{\"筆ポリゴンID\":\"2118d026-7256-46ea-bfd2-691c8c19fba3\",\"更新年度\":2021,\"関連\":true},{\"筆ポリゴンID\":\"2118d026-7256-46ea-bfd2-691c8c19fba3\",\"発生年度\":2020}]]]]","last_polygon_uuid":"17792eed-cfad-4ef8-b140-02ae70a6661d","prev_last_polygon_uuid":"367287f9-ec9b-494c-8ccf-583c26e20f78","local_government_cd":"016080","point_lng":142.952249675,"point_lat":42.158261446}},{"arcs":[[-242,262,263,264]],"type":"Polygon","properties":{"polygon_uuid":"a2a3ec71-677f-413c-b690-0e3100c71e37","land_type":200,"issue_year":2024,"edit_year":2020,"history":"[{\"筆ポリゴンID\":\"a8ffe2d2-599f-49c6-920b-3cf8e66cf51c\",\"更新年度\":2023,\"前年同一\":true},[{\"筆ポリゴンID\":\"a1b54005-8e07-495f-890c-8adbe6a98f7b\",\"更新年度\":2022,\"前年同一\":true},[{\"筆ポリゴンID\":\"62078b70-6be4-4dee-8037-0ff1b2971704\",\"更新年度\":2021,\"前年同一\":true},{\"筆ポリゴンID\":\"62078b70-6be4-4dee-8037-0ff1b2971704\",\"発生年度\":2020}]]]","last_polygon_uuid":"a8ffe2d2-599f-49c6-920b-3cf8e66cf51c","prev_last_polygon_uuid":"a1b54005-8e07-495f-890c-8adbe6a98f7b","local_government_cd":"016080","point_lng":142.941163863,"point_lat":42.139793568}},{"arcs":[[265,266]],"type":"Polygon","properties":{"polygon_uuid":"ac255094-2a85-4694-a1cb-9e6fc118cabd","land_type":200,"issue_year":2024,"edit_year":2020,"history":"[{\"筆ポリゴンID\":\"e9694fc4-1614-46ba-964c-128768a66a91\",\"更新年度\":2023,\"前年同一\":true},[{\"筆ポリゴンID\":\"9289dc1d-5b67-4550-91d9-6fd4f4008976\",\"更新年度\":2022,\"前年同一\":true},[{\"筆ポリゴンID\":\"a7b02631-ce15-429f-80fe-9450794fa0e2\",\"更新年度\":2021,\"前年同一\":true},{\"筆ポリゴンID\":\"a7b02631-ce15-429f-80fe-9450794fa0e2\",\"発生年度\":2020}]]]","last_polygon_uuid":"e9694fc4-1614-46ba-964c-128768a66a91","prev_last_polygon_uuid":"9289dc1d-5b67-4550-91d9-6fd4f4008976","local_government_cd":"016080","point_lng":142.946743026,"point_lat":42.14035947}},{"arcs":[[267]],"type":"Polygon","properties":{"polygon_uuid":"0c668f78-4956-4c25-8340-06494a614931","land_type":200,"issue_year":2024,"edit_year":2020,"history":"[{\"筆ポリゴンID\":\"4a681514-c572-405b-8e86-f6512afc8b4f\",\"更新年度\":2023,\"前年同一\":true},[{\"筆ポリゴンID\":\"ad8830e8-926d-473e-9872-0e4ce7ae1935\",\"更新年度\":2022,\"前年同一\":true},[{\"筆ポリゴンID\":\"f4cdefcb-c766-400d-828f-6ebbc96a7df5\",\"更新年度\":2021,\"前年同一\":true},{\"筆ポリゴンID\":\"f4cdefcb-c766-400d-828f-6ebbc96a7df5\",\"発生年度\":2020}]]]","last_polygon_uuid":"4a681514-c572-405b-8e86-f6512afc8b4f","prev_last_polygon_uuid":"ad8830e8-926d-473e-9872-0e4ce7ae1935","local_government_cd":"016080","point_lng":142.929496234,"point_lat":42.163186379}},{"arcs":[[268,269]],"type":"Polygon","properties":{"polygon_uuid":"c1a41ce1-a44e-49e1-95a5-e59e6e7ae830","land_type":200,"issue_year":2024,"edit_year":2020,"history":"[{\"筆ポリゴンID\":\"441d3acf-0ef9-4a02-b67b-2b17ebb8a296\",\"更新年度\":2023,\"前年同一\":true},[{\"筆ポリゴンID\":\"55404e07-6142-4f7c-bf0a-b466107d882a\",\"更新年度\":2022,\"前年同一\":true},[{\"筆ポリゴンID\":\"a88317c3-033e-46d9-89a8-d1b7dbbcdb9c\",\"更新年度\":2021,\"前年同一\":true},{\"筆ポリゴンID\":\"a88317c3-033e-46d9-89a8-d1b7dbbcdb9c\",\"発生年度\":2020}]]]","last_polygon_uuid":"441d3acf-0ef9-4a02-b67b-2b17ebb8a296","prev_last_polygon_uuid":"55404e07-6142-4f7c-bf0a-b466107d882a","local_government_cd":"016080","point_lng":142.944804567,"point_lat":42.134289011}},{"arcs":[[270]],"type":"Polygon","properties":{"polygon_uuid":"91827135-24bc-473e-9ae8-af3be21b3f98","land_type":100,"issue_year":2024,"edit_year":2022,"history":"[{\"筆ポリゴンID\":\"1bbfb0b4-1e91-4d55-9f29-84fcdde2194e\",\"更新年度\":2023,\"前年同一\":true},[{\"筆ポリゴンID\":\"38f2415c-8cea-42a4-8279-a606d93ca5b7\",\"更新年度\":2022,\"関連\":true},[{\"筆ポリゴンID\":\"90a24cf3-04de-44fc-a179-faf663edaf99\",\"更新年度\":2021,\"前年同一\":true},{\"筆ポリゴンID\":\"90a24cf3-04de-44fc-a179-faf663edaf99\",\"発生年度\":2020}]]]","last_polygon_uuid":"1bbfb0b4-1e91-4d55-9f29-84fcdde2194e","prev_last_polygon_uuid":null,"local_government_cd":"016080","point_lng":142.938187684,"point_lat":42.143455916}},{"arcs":[[-165,-162,271]],"type":"Polygon","properties":{"polygon_uuid":"cc271dbf-64ad-4f44-ba79-5c95c3f5fde1","land_type":100,"issue_year":2024,"edit_year":2021,"history":"[{\"筆ポリゴンID\":\"fe883863-822a-4ea8-9c71-426bf56d19f6\",\"更新年度\":2023,\"前年同一\":true},[{\"筆ポリゴンID\":\"0b9185c9-99ec-4c00-806d-049b8ccc985a\",\"更新年度\":2022,\"前年同一\":true},[{\"筆ポリゴンID\":\"99a7e418-9744-437e-8595-6b5b6f8bef98\",\"更新年度\":2021,\"関連\":true},{\"筆ポリゴンID\":\"99a7e418-9744-437e-8595-6b5b6f8bef98\",\"発生年度\":2020}]]]","last_polygon_uuid":"fe883863-822a-4ea8-9c71-426bf56d19f6","prev_last_polygon_uuid":"0b9185c9-99ec-4c00-806d-049b8ccc985a","local_government_cd":"016080","point_lng":142.937404261,"point_lat":42.142416484}},{"arcs":[[272]],"type":"Polygon","properties":{"polygon_uuid":"5f27ce5e-9d3f-4db4-8eff-fee9f093c21f","land_type":200,"issue_year":2024,"edit_year":2021,"history":"[{\"筆ポリゴンID\":\"0d4b226d-94cf-4bf0-9659-87338730a34e\",\"更新年度\":2023,\"前年同一\":true},[{\"筆ポリゴンID\":\"84250951-9501-4037-a4df-aa8ca274e126\",\"更新年度\":2022,\"前年同一\":true},[{\"筆ポリゴンID\":\"c8623c3e-36e6-48e1-bb57-f983f7872222\",\"更新年度\":2021,\"関連\":true},{\"筆ポリゴンID\":\"c8623c3e-36e6-48e1-bb57-f983f7872222\",\"発生年度\":2020}]]]","last_polygon_uuid":"0d4b226d-94cf-4bf0-9659-87338730a34e","prev_last_polygon_uuid":"84250951-9501-4037-a4df-aa8ca274e126","local_government_cd":"016080","point_lng":142.917741128,"point_lat":42.149754426}},{"arcs":[[273]],"type":"Polygon","properties":{"polygon_uuid":"4f871215-09db-4a95-96b4-55afebf9b1fb","land_type":200,"issue_year":2024,"edit_year":2021,"history":"[{\"筆ポリゴンID\":\"b1d769b1-79d7-4bc3-8632-0ad644c2f28c\",\"更新年度\":2023,\"前年同一\":true},[{\"筆ポリゴンID\":\"e3c248c9-01ce-44d5-8b44-caf7a3559e18\",\"更新年度\":2022,\"前年同一\":true},[{\"筆ポリゴンID\":\"7d9066ce-4802-4d22-b2ba-a3310a3e9d87\",\"更新年度\":2021,\"関連\":true},{\"筆ポリゴンID\":\"7d9066ce-4802-4d22-b2ba-a3310a3e9d87\",\"発生年度\":2020}]]]","last_polygon_uuid":"b1d769b1-79d7-4bc3-8632-0ad644c2f28c","prev_last_polygon_uuid":"e3c248c9-01ce-44d5-8b44-caf7a3559e18","local_government_cd":"016080","point_lng":142.911756517,"point_lat":42.145980466}},{"arcs":[[274]],"type":"Polygon","properties":{"polygon_uuid":"519a6b4f-2376-4bfa-b512-75825a6eaf32","land_type":200,"issue_year":2024,"edit_year":2020,"history":"[{\"筆ポリゴンID\":\"e54d0aed-4def-47c1-b3b3-87e5d7192caf\",\"更新年度\":2023,\"前年同一\":true},[{\"筆ポリゴンID\":\"205e9c97-687f-42a0-a530-62ebba50b5df\",\"更新年度\":2022,\"前年同一\":true},[{\"筆ポリゴンID\":\"4770acb7-c8a4-482c-9430-ab7fadd648aa\",\"更新年度\":2021,\"前年同一\":true},{\"筆ポリゴンID\":\"4770acb7-c8a4-482c-9430-ab7fadd648aa\",\"発生年度\":2020}]]]","last_polygon_uuid":"e54d0aed-4def-47c1-b3b3-87e5d7192caf","prev_last_polygon_uuid":"205e9c97-687f-42a0-a530-62ebba50b5df","local_government_cd":"016080","point_lng":142.924982783,"point_lat":42.158041001}},{"arcs":[[-231,275]],"type":"Polygon","properties":{"polygon_uuid":"2a638363-a1fc-41f3-994b-aa4ae045f5e3","land_type":100,"issue_year":2024,"edit_year":2022,"history":"[{\"筆ポリゴンID\":\"3c08696f-2b93-4a6c-86e1-e89f6c7acee0\",\"更新年度\":2023,\"前年同一\":true},[{\"筆ポリゴンID\":\"d165984f-12aa-4b22-91e5-1a221ffdfc1b\",\"更新年度\":2022,\"関連\":true},[{\"筆ポリゴンID\":\"bd7580eb-f5e8-48ae-8341-33c0ee179360\",\"更新年度\":2021,\"前年同一\":true},{\"筆ポリゴンID\":\"bd7580eb-f5e8-48ae-8341-33c0ee179360\",\"発生年度\":2020}]]]","last_polygon_uuid":"3c08696f-2b93-4a6c-86e1-e89f6c7acee0","prev_last_polygon_uuid":null,"local_government_cd":"016080","point_lng":142.950031313,"point_lat":42.153580714}},{"arcs":[[276,277]],"type":"Polygon","properties":{"polygon_uuid":"68faee9d-95a5-4584-b6af-5410285b1e2f","land_type":200,"issue_year":2024,"edit_year":2020,"history":"[{\"筆ポリゴンID\":\"25937eb5-81b6-4b6c-a006-a2699df72b43\",\"更新年度\":2023,\"前年同一\":true},[{\"筆ポリゴンID\":\"0622830b-ad0a-499a-b404-8bc2b76838ff\",\"更新年度\":2022,\"前年同一\":true},[{\"筆ポリゴンID\":\"4c3ac097-4dce-4ff3-a6e1-b28a83782861\",\"更新年度\":2021,\"前年同一\":true},{\"筆ポリゴンID\":\"4c3ac097-4dce-4ff3-a6e1-b28a83782861\",\"発生年度\":2020}]]]","last_polygon_uuid":"25937eb5-81b6-4b6c-a006-a2699df72b43","prev_last_polygon_uuid":"0622830b-ad0a-499a-b404-8bc2b76838ff","local_government_cd":"016080","point_lng":142.927057934,"point_lat":42.168695125}},{"arcs":[[278,-250,279,280]],"type":"Polygon","properties":{"polygon_uuid":"34a35d75-f623-4630-803d-123472cbab82","land_type":100,"issue_year":2024,"edit_year":2022,"history":"[{\"筆ポリゴンID\":\"eb5bf386-5947-412c-a43d-959f849d8bde\",\"更新年度\":2023,\"前年同一\":true},[{\"筆ポリゴンID\":\"d165984f-12aa-4b22-91e5-1a221ffdfc1b\",\"更新年度\":2022,\"関連\":true},[{\"筆ポリゴンID\":\"bd7580eb-f5e8-48ae-8341-33c0ee179360\",\"更新年度\":2021,\"前年同一\":true},{\"筆ポリゴンID\":\"bd7580eb-f5e8-48ae-8341-33c0ee179360\",\"発生年度\":2020}]]]","last_polygon_uuid":"eb5bf386-5947-412c-a43d-959f849d8bde","prev_last_polygon_uuid":null,"local_government_cd":"016080","point_lng":142.948998401,"point_lat":42.152385655}},{"arcs":[[281]],"type":"Polygon","properties":{"polygon_uuid":"4eda939b-f7de-463f-83d7-ce17f6fa0334","land_type":100,"issue_year":2024,"edit_year":2020,"history":"[{\"筆ポリゴンID\":\"82664e23-bb7d-488d-9c30-2ac5a784966d\",\"更新年度\":2023,\"前年同一\":true},[{\"筆ポリゴンID\":\"9f1db790-7827-4106-b3b9-f6f7192b91b3\",\"更新年度\":2022,\"前年同一\":true},[{\"筆ポリゴンID\":\"56495fc0-a5b1-472a-a9d9-211bc7787c9a\",\"更新年度\":2021,\"前年同一\":true},{\"筆ポリゴンID\":\"56495fc0-a5b1-472a-a9d9-211bc7787c9a\",\"発生年度\":2020}]]]","last_polygon_uuid":"82664e23-bb7d-488d-9c30-2ac5a784966d","prev_last_polygon_uuid":"9f1db790-7827-4106-b3b9-f6f7192b91b3","local_government_cd":"016080","point_lng":142.93850246,"point_lat":42.146537389}},{"arcs":[[282,-36,-281,283,284]],"type":"Polygon","properties":{"polygon_uuid":"57fa4215-f001-4beb-90e9-dce64f8c66fb","land_type":100,"issue_year":2024,"edit_year":2022,"history":"[{\"筆ポリゴンID\":\"e7fc668e-1021-4ca2-895e-44040da06c3c\",\"更新年度\":2023,\"前年同一\":true},[{\"筆ポリゴンID\":\"d165984f-12aa-4b22-91e5-1a221ffdfc1b\",\"更新年度\":2022,\"関連\":true},[{\"筆ポリゴンID\":\"bd7580eb-f5e8-48ae-8341-33c0ee179360\",\"更新年度\":2021,\"前年同一\":true},{\"筆ポリゴンID\":\"bd7580eb-f5e8-48ae-8341-33c0ee179360\",\"発生年度\":2020}]]]","last_polygon_uuid":"e7fc668e-1021-4ca2-895e-44040da06c3c","prev_last_polygon_uuid":null,"local_government_cd":"016080","point_lng":142.949600053,"point_lat":42.1525436}},{"arcs":[[285]],"type":"Polygon","properties":{"polygon_uuid":"395d4a26-f394-4e6b-a6df-3f1f470c5b3a","land_type":100,"issue_year":2024,"edit_year":2020,"history":"[{\"筆ポリゴンID\":\"70d5b037-4a4c-4bb5-8487-f0b038179d30\",\"更新年度\":2023,\"前年同一\":true},[{\"筆ポリゴンID\":\"4e28c386-f9d8-4345-a811-c4b1bc7d6d6d\",\"更新年度\":2022,\"前年同一\":true},[{\"筆ポリゴンID\":\"650b5380-3d8d-4855-a090-09124e921ff5\",\"更新年度\":2021,\"前年同一\":true},{\"筆ポリゴンID\":\"650b5380-3d8d-4855-a090-09124e921ff5\",\"発生年度\":2020}]]]","last_polygon_uuid":"70d5b037-4a4c-4bb5-8487-f0b038179d30","prev_last_polygon_uuid":"4e28c386-f9d8-4345-a811-c4b1bc7d6d6d","local_government_cd":"016080","point_lng":142.943929538,"point_lat":42.141327733}},{"arcs":[[286,287,-264,288]],"type":"Polygon","properties":{"polygon_uuid":"36556b2c-4d1d-485d-a05c-de2b7f4bbf31","land_type":100,"issue_year":2024,"edit_year":2020,"history":"[{\"筆ポリゴンID\":\"16312649-b49f-4833-820c-c980626d5451\",\"更新年度\":2023,\"前年同一\":true},[{\"筆ポリゴンID\":\"2ed1c621-712b-47ac-a523-a14933952f06\",\"更新年度\":2022,\"前年同一\":true},[{\"筆ポリゴンID\":\"5b91d326-0f2e-4a69-b896-a8aa91e0ab6c\",\"更新年度\":2021,\"前年同一\":true},{\"筆ポリゴンID\":\"5b91d326-0f2e-4a69-b896-a8aa91e0ab6c\",\"発生年度\":2020}]]]","last_polygon_uuid":"16312649-b49f-4833-820c-c980626d5451","prev_last_polygon_uuid":"2ed1c621-712b-47ac-a523-a14933952f06","local_government_cd":"016080","point_lng":142.941199414,"point_lat":42.141036586}},{"arcs":[[-62,289,290]],"type":"Polygon","properties":{"polygon_uuid":"45bd3ad4-5e07-4243-9fab-b3a8d9e37e1e","land_type":100,"issue_year":2024,"edit_year":2020,"history":"[{\"筆ポリゴンID\":\"83212f55-ee37-4999-8848-e0a13d793bbb\",\"更新年度\":2023,\"前年同一\":true},[{\"筆ポリゴンID\":\"79258133-b881-487b-8098-ccb70ac6ca76\",\"更新年度\":2022,\"前年同一\":true},[{\"筆ポリゴンID\":\"c467c553-2b41-46c6-a461-39f3c02336f7\",\"更新年度\":2021,\"前年同一\":true},{\"筆ポリゴンID\":\"c467c553-2b41-46c6-a461-39f3c02336f7\",\"発生年度\":2020}]]]","last_polygon_uuid":"83212f55-ee37-4999-8848-e0a13d793bbb","prev_last_polygon_uuid":"79258133-b881-487b-8098-ccb70ac6ca76","local_government_cd":"016080","point_lng":142.940957396,"point_lat":42.147981836}},{"arcs":[[291,-73,292,-70]],"type":"Polygon","properties":{"polygon_uuid":"d0e634fa-d1ce-45cd-af48-b3265ece415b","land_type":100,"issue_year":2024,"edit_year":2020,"history":"[{\"筆ポリゴンID\":\"4cad3c5d-da46-4a05-bd67-e7113aec4a36\",\"更新年度\":2023,\"前年同一\":true},[{\"筆ポリゴンID\":\"cb6d1516-c082-49c1-aa29-9e85a6c0a98b\",\"更新年度\":2022,\"前年同一\":true},[{\"筆ポリゴンID\":\"34fb90a2-bc7f-47b3-b262-cfcacdcea47d\",\"更新年度\":2021,\"前年同一\":true},{\"筆ポリゴンID\":\"34fb90a2-bc7f-47b3-b262-cfcacdcea47d\",\"発生年度\":2020}]]]","last_polygon_uuid":"4cad3c5d-da46-4a05-bd67-e7113aec4a36","prev_last_polygon_uuid":"cb6d1516-c082-49c1-aa29-9e85a6c0a98b","local_government_cd":"016080","point_lng":142.940370741,"point_lat":42.146587666}},{"arcs":[[293]],"type":"Polygon","properties":{"polygon_uuid":"1b30b959-4bba-4a49-a410-29f78fba918d","land_type":200,"issue_year":2024,"edit_year":2020,"history":"[{\"筆ポリゴンID\":\"ca5f4df2-aa9e-48cc-b298-7ae2d3c8d0c3\",\"更新年度\":2023,\"前年同一\":true},[{\"筆ポリゴンID\":\"1db4cb9c-b889-48a8-bbd8-f7b5c51247c8\",\"更新年度\":2022,\"前年同一\":true},[{\"筆ポリゴンID\":\"d5a0b598-48f5-4438-803a-06c09ba54068\",\"更新年度\":2021,\"前年同一\":true},{\"筆ポリゴンID\":\"d5a0b598-48f5-4438-803a-06c09ba54068\",\"発生年度\":2020}]]]","last_polygon_uuid":"ca5f4df2-aa9e-48cc-b298-7ae2d3c8d0c3","prev_last_polygon_uuid":"1db4cb9c-b889-48a8-bbd8-f7b5c51247c8","local_government_cd":"016080","point_lng":142.926601507,"point_lat":42.156029741}},{"arcs":[[294,295]],"type":"Polygon","properties":{"polygon_uuid":"fa545376-ca0c-4712-80dc-cfd7052ec112","land_type":200,"issue_year":2024,"edit_year":2022,"history":"[{\"筆ポリゴンID\":\"326f1c02-e569-4283-8cd0-9c9800f6b632\",\"更新年度\":2023,\"前年同一\":true},[[{\"筆ポリゴンID\":\"9d5ee092-dbba-4438-b32f-897af8167d91\",\"更新年度\":2022,\"関連\":true},[{\"筆ポリゴンID\":\"492a5245-9b6a-4337-b074-90a04780c82a\",\"更新年度\":2021,\"前年同一\":true},{\"筆ポリゴンID\":\"492a5245-9b6a-4337-b074-90a04780c82a\",\"発生年度\":2020}]],[{\"筆ポリゴンID\":\"b4472264-5d78-4d75-99e6-49ea4e1f9dec\",\"更新年度\":2022,\"関連\":true},[{\"筆ポリゴンID\":\"7d0857fc-b505-4502-99e2-a402b2ac8931\",\"更新年度\":2021,\"前年同一\":true},{\"筆ポリゴンID\":\"7d0857fc-b505-4502-99e2-a402b2ac8931\",\"発生年度\":2020}]]]]","last_polygon_uuid":"326f1c02-e569-4283-8cd0-9c9800f6b632","prev_last_polygon_uuid":null,"local_government_cd":"016080","point_lng":142.950715952,"point_lat":42.124677078}},{"arcs":[[296]],"type":"Polygon","properties":{"polygon_uuid":"f2eb5596-8e47-4504-a7b5-fb0159d34633","land_type":200,"issue_year":2024,"edit_year":2022,"history":"[{\"筆ポリゴンID\":\"3561c48a-2f35-4dac-b3f4-e720586f1fc9\",\"更新年度\":2023,\"前年同一\":true},[{\"筆ポリゴンID\":\"b4472264-5d78-4d75-99e6-49ea4e1f9dec\",\"更新年度\":2022,\"関連\":true},[{\"筆ポリゴンID\":\"7d0857fc-b505-4502-99e2-a402b2ac8931\",\"更新年度\":2021,\"前年同一\":true},{\"筆ポリゴンID\":\"7d0857fc-b505-4502-99e2-a402b2ac8931\",\"発生年度\":2020}]]]","last_polygon_uuid":"3561c48a-2f35-4dac-b3f4-e720586f1fc9","prev_last_polygon_uuid":null,"local_government_cd":"016080","point_lng":142.95036423,"point_lat":42.125708928}},{"arcs":[[297]],"type":"Polygon","properties":{"polygon_uuid":"a54f27ef-1b3a-47be-9a27-e0060c66b39a","land_type":200,"issue_year":2024,"edit_year":2020,"history":"[{\"筆ポリゴンID\":\"16b6b029-1aa3-4b2a-bd1b-cb4fad3e2ccb\",\"更新年度\":2023,\"前年同一\":true},[{\"筆ポリゴンID\":\"7eb7abfc-1478-4208-b56c-fdc343099440\",\"更新年度\":2022,\"前年同一\":true},[{\"筆ポリゴンID\":\"ffdb874c-1fb7-44d0-9850-971ad92db91c\",\"更新年度\":2021,\"前年同一\":true},{\"筆ポリゴンID\":\"ffdb874c-1fb7-44d0-9850-971ad92db91c\",\"発生年度\":2020}]]]","last_polygon_uuid":"16b6b029-1aa3-4b2a-bd1b-cb4fad3e2ccb","prev_last_polygon_uuid":"7eb7abfc-1478-4208-b56c-fdc343099440","local_government_cd":"016080","point_lng":142.944751031,"point_lat":42.160257664}},{"arcs":[[-211,298,-80,299]],"type":"Polygon","properties":{"polygon_uuid":"630d6f20-fa1d-4855-9b55-68fd7581a635","land_type":100,"issue_year":2024,"edit_year":2022,"history":"[{\"筆ポリゴンID\":\"cc280370-7940-4289-8b2c-c563b172fbac\",\"更新年度\":2023,\"前年同一\":true},[{\"筆ポリゴンID\":\"ea2f9980-a1ab-4648-bfa9-c72aa2195a67\",\"更新年度\":2022,\"関連\":true},[{\"筆ポリゴンID\":\"30d21249-2de2-45c9-83d7-e63f09399880\",\"更新年度\":2021,\"前年同一\":true},{\"筆ポリゴンID\":\"30d21249-2de2-45c9-83d7-e63f09399880\",\"発生年度\":2020}]]]","last_polygon_uuid":"cc280370-7940-4289-8b2c-c563b172fbac","prev_last_polygon_uuid":null,"local_government_cd":"016080","point_lng":142.940798935,"point_lat":42.151710879}},{"arcs":[[300,-217,301,-246]],"type":"Polygon","properties":{"polygon_uuid":"90a8af45-bb65-4843-86d2-ad5470dd64b4","land_type":100,"issue_year":2024,"edit_year":2020,"history":"[{\"筆ポリゴンID\":\"5bdbba8e-00ab-4045-acb3-67d0c8bfe444\",\"更新年度\":2023,\"前年同一\":true},[{\"筆ポリゴンID\":\"155959cb-1b21-4536-a9fa-1c2ad802c427\",\"更新年度\":2022,\"前年同一\":true},[{\"筆ポリゴンID\":\"5a660c94-eccf-46d2-808e-3e72a1719025\",\"更新年度\":2021,\"前年同一\":true},{\"筆ポリゴンID\":\"5a660c94-eccf-46d2-808e-3e72a1719025\",\"発生年度\":2020}]]]","last_polygon_uuid":"5bdbba8e-00ab-4045-acb3-67d0c8bfe444","prev_last_polygon_uuid":"155959cb-1b21-4536-a9fa-1c2ad802c427","local_government_cd":"016080","point_lng":142.937906989,"point_lat":42.141799315}},{"arcs":[[302,303]],"type":"Polygon","properties":{"polygon_uuid":"6dec0ba6-e42e-4fbc-80a3-b6fc5cd4f29c","land_type":200,"issue_year":2024,"edit_year":2020,"history":"[{\"筆ポリゴンID\":\"ff976d56-a9aa-4695-9687-4c4e272b1609\",\"更新年度\":2023,\"前年同一\":true},[{\"筆ポリゴンID\":\"5bb8c4d1-685b-4912-8659-76cff296e7ff\",\"更新年度\":2022,\"前年同一\":true},[{\"筆ポリゴンID\":\"2e3ab495-d347-426f-8108-f04c39a6617d\",\"更新年度\":2021,\"前年同一\":true},{\"筆ポリゴンID\":\"2e3ab495-d347-426f-8108-f04c39a6617d\",\"発生年度\":2020}]]]","last_polygon_uuid":"ff976d56-a9aa-4695-9687-4c4e272b1609","prev_last_polygon_uuid":"5bb8c4d1-685b-4912-8659-76cff296e7ff","local_government_cd":"016080","point_lng":142.945966485,"point_lat":42.138958877}},{"arcs":[[-151,304,305,306]],"type":"Polygon","properties":{"polygon_uuid":"05ea1e9d-00b6-4027-8078-011ec7a8d189","land_type":100,"issue_year":2024,"edit_year":2020,"history":"[{\"筆ポリゴンID\":\"b87e9a4a-15a3-45e0-ba3f-e953fc533d46\",\"更新年度\":2023,\"前年同一\":true},[{\"筆ポリゴンID\":\"72192d23-f20e-44ae-a8ae-2e702377ac1a\",\"更新年度\":2022,\"前年同一\":true},[{\"筆ポリゴンID\":\"6720af27-a39c-461a-9821-7d92c47cdb12\",\"更新年度\":2021,\"前年同一\":true},{\"筆ポリゴンID\":\"6720af27-a39c-461a-9821-7d92c47cdb12\",\"発生年度\":2020}]]]","last_polygon_uuid":"b87e9a4a-15a3-45e0-ba3f-e953fc533d46","prev_last_polygon_uuid":"72192d23-f20e-44ae-a8ae-2e702377ac1a","local_government_cd":"016080","point_lng":142.945579114,"point_lat":42.143658361}},{"arcs":[[307,308,309,-125]],"type":"Polygon","properties":{"polygon_uuid":"012ab199-5e64-4f2a-89b0-c52fb3ad9a59","land_type":100,"issue_year":2024,"edit_year":2020,"history":"[{\"筆ポリゴンID\":\"9b0e7798-dc89-430f-a4d2-c46d0ca75671\",\"更新年度\":2023,\"前年同一\":true},[{\"筆ポリゴンID\":\"dffebf0c-b530-4047-860a-43a291e3cb06\",\"更新年度\":2022,\"前年同一\":true},[{\"筆ポリゴンID\":\"9906bec1-e332-454d-bd87-f760dd6a6920\",\"更新年度\":2021,\"前年同一\":true},{\"筆ポリゴンID\":\"9906bec1-e332-454d-bd87-f760dd6a6920\",\"発生年度\":2020}]]]","last_polygon_uuid":"9b0e7798-dc89-430f-a4d2-c46d0ca75671","prev_last_polygon_uuid":"dffebf0c-b530-4047-860a-43a291e3cb06","local_government_cd":"016080","point_lng":142.944392639,"point_lat":42.151338127}},{"arcs":[[310,311]],"type":"Polygon","properties":{"polygon_uuid":"58447b66-cb9f-4b5e-9556-73052f560dfb","land_type":200,"issue_year":2024,"edit_year":2021,"history":"[{\"筆ポリゴンID\":\"f24418de-75df-4b02-b9e3-b77a5d5b5f69\",\"更新年度\":2023,\"前年同一\":true},[{\"筆ポリゴンID\":\"da163968-47b9-4fdd-852d-b513c9ffcff0\",\"更新年度\":2022,\"前年同一\":true},[{\"筆ポリゴンID\":\"3b55258c-8d83-4013-9cb1-c81d0565d156\",\"更新年度\":2021,\"関連\":true},{\"筆ポリゴンID\":\"3b55258c-8d83-4013-9cb1-c81d0565d156\",\"発生年度\":2020}]]]","last_polygon_uuid":"f24418de-75df-4b02-b9e3-b77a5d5b5f69","prev_last_polygon_uuid":"da163968-47b9-4fdd-852d-b513c9ffcff0","local_government_cd":"016080","point_lng":142.989557969,"point_lat":42.11359042}},{"arcs":[[312,313,314,315],[316]],"type":"Polygon","properties":{"polygon_uuid":"b3d777fb-8f17-4c4b-81ab-028c1088e270","land_type":200,"issue_year":2024,"edit_year":2021,"history":"[{\"筆ポリゴンID\":\"a6ba961f-04e5-474c-82d8-c8e93e8613a1\",\"更新年度\":2023,\"前年同一\":true},[{\"筆ポリゴンID\":\"069ec549-97ca-40da-bc58-48173a28d448\",\"更新年度\":2022,\"前年同一\":true},[{\"筆ポリゴンID\":\"cf7e0d40-31fb-4ca6-886b-eb2f2d5d5fa0\",\"更新年度\":2021,\"関連\":true},{\"筆ポリゴンID\":\"cf7e0d40-31fb-4ca6-886b-eb2f2d5d5fa0\",\"発生年度\":2020}]]]","last_polygon_uuid":"a6ba961f-04e5-474c-82d8-c8e93e8613a1","prev_last_polygon_uuid":"069ec549-97ca-40da-bc58-48173a28d448","local_government_cd":"016080","point_lng":142.981443005,"point_lat":42.109608446}},{"arcs":[[317]],"type":"Polygon","properties":{"polygon_uuid":"519adf8c-9a13-451f-9322-148c1f283138","land_type":200,"issue_year":2024,"edit_year":2021,"history":"[{\"筆ポリゴンID\":\"24360964-b21b-482b-89b3-a44c04fb02c5\",\"更新年度\":2023,\"前年同一\":true},[{\"筆ポリゴンID\":\"c4a933a2-adfe-44dd-b651-76adc11ea67e\",\"更新年度\":2022,\"前年同一\":true},[{\"筆ポリゴンID\":\"02d5744f-72aa-4700-9b9b-52ab1428a129\",\"更新年度\":2021,\"関連\":true},{\"筆ポリゴンID\":\"02d5744f-72aa-4700-9b9b-52ab1428a129\",\"発生年度\":2020}]]]","last_polygon_uuid":"24360964-b21b-482b-89b3-a44c04fb02c5","prev_last_polygon_uuid":"c4a933a2-adfe-44dd-b651-76adc11ea67e","local_government_cd":"016080","point_lng":143.006532806,"point_lat":42.199461288}},{"arcs":[[318,319]],"type":"Polygon","properties":{"polygon_uuid":"1efd718b-6e04-4152-9bf8-c1e2429bfc4e","land_type":200,"issue_year":2024,"edit_year":2021,"history":"[{\"筆ポリゴンID\":\"2b59824b-7d56-4f5e-b454-203c461fb712\",\"更新年度\":2023,\"前年同一\":true},[{\"筆ポリゴンID\":\"223ff5dd-1832-4386-8176-9bd527b5a46b\",\"更新年度\":2022,\"前年同一\":true},[{\"筆ポリゴンID\":\"8c135249-86ce-449f-b8b2-f3fc1757416d\",\"更新年度\":2021,\"関連\":true},{\"筆ポリゴンID\":\"8c135249-86ce-449f-b8b2-f3fc1757416d\",\"発生年度\":2020}]]]","last_polygon_uuid":"2b59824b-7d56-4f5e-b454-203c461fb712","prev_last_polygon_uuid":"223ff5dd-1832-4386-8176-9bd527b5a46b","local_government_cd":"016080","point_lng":142.983573993,"point_lat":42.146688734}},{"arcs":[[320]],"type":"Polygon","properties":{"polygon_uuid":"5199047f-aab1-4c6c-98f8-c29c43a5294a","land_type":200,"issue_year":2024,"edit_year":2021,"history":"[{\"筆ポリゴンID\":\"83e35fbe-1a40-41c2-af34-92253feb9da4\",\"更新年度\":2023,\"前年同一\":true},[{\"筆ポリゴンID\":\"2f274950-9ab5-4159-bb97-a7d339a5f503\",\"更新年度\":2022,\"前年同一\":true},[{\"筆ポリゴンID\":\"dc572156-5b0c-4c7e-96de-cbaa558dae26\",\"更新年度\":2021,\"関連\":true},{\"筆ポリゴンID\":\"dc572156-5b0c-4c7e-96de-cbaa558dae26\",\"発生年度\":2020}]]]","last_polygon_uuid":"83e35fbe-1a40-41c2-af34-92253feb9da4","prev_last_polygon_uuid":"2f274950-9ab5-4159-bb97-a7d339a5f503","local_government_cd":"016080","point_lng":143.067242222,"point_lat":42.064601442}},{"arcs":[[321]],"type":"Polygon","properties":{"polygon_uuid":"022af546-7ca7-4ca4-b4cf-5f6bfd534de1","land_type":200,"issue_year":2024,"edit_year":2021,"history":"[{\"筆ポリゴンID\":\"1ee29bf2-ac5e-46e7-9c2f-0d5d8f7eb14f\",\"更新年度\":2023,\"前年同一\":true},[{\"筆ポリゴンID\":\"fdabec7d-75f7-487a-b6ad-e43f0bbf447d\",\"更新年度\":2022,\"前年同一\":true},[{\"筆ポリゴンID\":\"34fd68b3-f626-4729-8bc2-a3c1aa5cbc05\",\"更新年度\":2021,\"関連\":true},{\"筆ポリゴンID\":\"34fd68b3-f626-4729-8bc2-a3c1aa5cbc05\",\"発生年度\":2020}]]]","last_polygon_uuid":"1ee29bf2-ac5e-46e7-9c2f-0d5d8f7eb14f","prev_last_polygon_uuid":"fdabec7d-75f7-487a-b6ad-e43f0bbf447d","local_government_cd":"016080","point_lng":142.985066124,"point_lat":42.193231074}},{"arcs":[[322]],"type":"Polygon","properties":{"polygon_uuid":"995c4cd0-c6b3-4203-b69a-9e9aff6570ba","land_type":200,"issue_year":2024,"edit_year":2021,"history":"[{\"筆ポリゴンID\":\"c2071431-e5b6-4286-ac2b-a4f9c5ce84a0\",\"更新年度\":2023,\"前年同一\":true},[{\"筆ポリゴンID\":\"0b6ebeb0-a3e5-405f-8f3c-f95333c74ec1\",\"更新年度\":2022,\"前年同一\":true},[{\"筆ポリゴンID\":\"5736b2bd-e3a7-46d7-947d-e10133aa2d71\",\"更新年度\":2021,\"関連\":true},{\"筆ポリゴンID\":\"5736b2bd-e3a7-46d7-947d-e10133aa2d71\",\"発生年度\":2020}]]]","last_polygon_uuid":"c2071431-e5b6-4286-ac2b-a4f9c5ce84a0","prev_last_polygon_uuid":"0b6ebeb0-a3e5-405f-8f3c-f95333c74ec1","local_government_cd":"016080","point_lng":142.966783191,"point_lat":42.130269777}},{"arcs":[[323,324],[325]],"type":"Polygon","properties":{"polygon_uuid":"34305abe-da02-41bb-accf-c9015eefc3d4","land_type":200,"issue_year":2024,"edit_year":2021,"history":"[{\"筆ポリゴンID\":\"dd382b2b-5e14-4038-97b2-c3f9d1bf55a4\",\"更新年度\":2023,\"前年同一\":true},[{\"筆ポリゴンID\":\"4aaf3d58-5a06-4308-ba6f-c852075fcd4b\",\"更新年度\":2022,\"前年同一\":true},[{\"筆ポリゴンID\":\"d9fe9f9c-e804-4ecc-ba2b-3bd119e3ffd2\",\"更新年度\":2021,\"関連\":true},{\"筆ポリゴンID\":\"d9fe9f9c-e804-4ecc-ba2b-3bd119e3ffd2\",\"発生年度\":2020}]]]","last_polygon_uuid":"dd382b2b-5e14-4038-97b2-c3f9d1bf55a4","prev_last_polygon_uuid":"4aaf3d58-5a06-4308-ba6f-c852075fcd4b","local_government_cd":"016080","point_lng":142.986773697,"point_lat":42.113442293}},{"arcs":[[326]],"type":"Polygon","properties":{"polygon_uuid":"3c00a617-64c0-4372-b783-687ab86f6d67","land_type":200,"issue_year":2024,"edit_year":2021,"history":"[{\"筆ポリゴンID\":\"648160ca-90c5-49bd-8de9-7596c33b5ef8\",\"更新年度\":2023,\"前年同一\":true},[{\"筆ポリゴンID\":\"c53ddc8e-3e4a-4353-81e8-a35ca1b43a11\",\"更新年度\":2022,\"前年同一\":true},[{\"筆ポリゴンID\":\"689dcaea-ce38-4eb8-967c-94e969610f42\",\"更新年度\":2021,\"関連\":true},{\"筆ポリゴンID\":\"689dcaea-ce38-4eb8-967c-94e969610f42\",\"発生年度\":2020}]]]","last_polygon_uuid":"648160ca-90c5-49bd-8de9-7596c33b5ef8","prev_last_polygon_uuid":"c53ddc8e-3e4a-4353-81e8-a35ca1b43a11","local_government_cd":"016080","point_lng":143.0078078,"point_lat":42.198733607}},{"arcs":[[-324,327,328,329]],"type":"Polygon","properties":{"polygon_uuid":"a343e1aa-03a9-4c5a-8801-08e98aab33ce","land_type":200,"issue_year":2024,"edit_year":2021,"history":"[{\"筆ポリゴンID\":\"09023033-0fee-46f5-a1b0-880badf1cbbf\",\"更新年度\":2023,\"前年同一\":true},[{\"筆ポリゴンID\":\"3012e62f-6134-468b-b95c-dfbbf634b6c3\",\"更新年度\":2022,\"前年同一\":true},[{\"筆ポリゴンID\":\"cff94ebe-f63b-4c9d-a5c7-3e6bc273b7ca\",\"更新年度\":2021,\"関連\":true},{\"筆ポリゴンID\":\"cff94ebe-f63b-4c9d-a5c7-3e6bc273b7ca\",\"発生年度\":2020}]]]","last_polygon_uuid":"09023033-0fee-46f5-a1b0-880badf1cbbf","prev_last_polygon_uuid":"3012e62f-6134-468b-b95c-dfbbf634b6c3","local_government_cd":"016080","point_lng":142.984977244,"point_lat":42.11208698}},{"arcs":[[330,331,-329,332,333,334]],"type":"Polygon","properties":{"polygon_uuid":"401dce0c-c315-4e54-b489-6128f4c8d40c","land_type":200,"issue_year":2024,"edit_year":2021,"history":"[{\"筆ポリゴンID\":\"be272d4a-3b7e-42e2-b10f-bd9713daf1d9\",\"更新年度\":2023,\"前年同一\":true},[{\"筆ポリゴンID\":\"8c7320c6-13eb-405f-9e21-c62cdc4b24f1\",\"更新年度\":2022,\"前年同一\":true},[{\"筆ポリゴンID\":\"2f00f02b-513e-482c-9e21-385dacccdc49\",\"更新年度\":2021,\"関連\":true},{\"筆ポリゴンID\":\"2f00f02b-513e-482c-9e21-385dacccdc49\",\"発生年度\":2020}]]]","last_polygon_uuid":"be272d4a-3b7e-42e2-b10f-bd9713daf1d9","prev_last_polygon_uuid":"8c7320c6-13eb-405f-9e21-c62cdc4b24f1","local_government_cd":"016080","point_lng":142.983712437,"point_lat":42.111245404}},{"arcs":[[335]],"type":"Polygon","properties":{"polygon_uuid":"707ac34b-e0a0-4a23-89bb-25d403895fb7","land_type":200,"issue_year":2024,"edit_year":2021,"history":"[{\"筆ポリゴンID\":\"2334e483-daa1-41fe-9aaa-0b22aab303e7\",\"更新年度\":2023,\"前年同一\":true},[{\"筆ポリゴンID\":\"d9064cac-d615-4f54-baf5-caafa006ccb4\",\"更新年度\":2022,\"前年同一\":true},[{\"筆ポリゴンID\":\"123feb04-482a-4424-a701-8dd04f1f42ab\",\"更新年度\":2021,\"関連\":true},{\"筆ポリゴンID\":\"123feb04-482a-4424-a701-8dd04f1f42ab\",\"発生年度\":2020}]]]","last_polygon_uuid":"2334e483-daa1-41fe-9aaa-0b22aab303e7","prev_last_polygon_uuid":"d9064cac-d615-4f54-baf5-caafa006ccb4","local_government_cd":"016080","point_lng":143.035564968,"point_lat":42.078024808}},{"arcs":[[336]],"type":"Polygon","properties":{"polygon_uuid":"28605193-bec4-4b3e-b77e-1166ba15c96b","land_type":200,"issue_year":2024,"edit_year":2021,"history":"[{\"筆ポリゴンID\":\"4a953f64-6c5a-4cdc-9230-eecbeffdac64\",\"更新年度\":2023,\"前年同一\":true},[{\"筆ポリゴンID\":\"44f43905-6696-44f4-9ea0-ac487d098b87\",\"更新年度\":2022,\"前年同一\":true},[{\"筆ポリゴンID\":\"5ed5a523-cda9-411a-93ff-15733f07c597\",\"更新年度\":2021,\"関連\":true},{\"筆ポリゴンID\":\"5ed5a523-cda9-411a-93ff-15733f07c597\",\"発生年度\":2020}]]]","last_polygon_uuid":"4a953f64-6c5a-4cdc-9230-eecbeffdac64","prev_last_polygon_uuid":"44f43905-6696-44f4-9ea0-ac487d098b87","local_government_cd":"016080","point_lng":142.997908309,"point_lat":42.193704819}},{"arcs":[[337]],"type":"Polygon","properties":{"polygon_uuid":"a9e80adb-68ad-4b40-8cf1-94d99e679fac","land_type":200,"issue_year":2024,"edit_year":2021,"history":"[{\"筆ポリゴンID\":\"496a9e17-25b7-423c-b5f1-2933594ce8e0\",\"更新年度\":2023,\"前年同一\":true},[{\"筆ポリゴンID\":\"9437f2a3-75d7-4322-8268-05171c919643\",\"更新年度\":2022,\"前年同一\":true},[{\"筆ポリゴンID\":\"10933257-2c55-4804-8f0e-58a8238cc981\",\"更新年度\":2021,\"関連\":true},{\"筆ポリゴンID\":\"10933257-2c55-4804-8f0e-58a8238cc981\",\"発生年度\":2020}]]]","last_polygon_uuid":"496a9e17-25b7-423c-b5f1-2933594ce8e0","prev_last_polygon_uuid":"9437f2a3-75d7-4322-8268-05171c919643","local_government_cd":"016080","point_lng":143.034848064,"point_lat":42.077457556}},{"arcs":[[338]],"type":"Polygon","properties":{"polygon_uuid":"fabb075e-c836-465d-8a84-76aaa4253925","land_type":200,"issue_year":2024,"edit_year":2021,"history":"[{\"筆ポリゴンID\":\"58d3ed21-b27a-47cf-99dd-a7cf6dd00116\",\"更新年度\":2023,\"前年同一\":true},[{\"筆ポリゴンID\":\"387172d4-ef9b-4cdb-9223-f9f974dc2621\",\"更新年度\":2022,\"前年同一\":true},[{\"筆ポリゴンID\":\"ecd37aa8-d0b5-47f8-bf5c-be7c1460c06f\",\"更新年度\":2021,\"関連\":true},{\"筆ポリゴンID\":\"ecd37aa8-d0b5-47f8-bf5c-be7c1460c06f\",\"発生年度\":2020}]]]","last_polygon_uuid":"58d3ed21-b27a-47cf-99dd-a7cf6dd00116","prev_last_polygon_uuid":"387172d4-ef9b-4cdb-9223-f9f974dc2621","local_government_cd":"016080","point_lng":143.034463325,"point_lat":42.076920148}},{"arcs":[[339]],"type":"Polygon","properties":{"polygon_uuid":"43642de3-7024-4eaf-bbf4-b2ce432aa0b4","land_type":200,"issue_year":2024,"edit_year":2021,"history":"[{\"筆ポリゴンID\":\"05b1e84d-c94d-43bd-9e5c-6e4c0874df12\",\"更新年度\":2023,\"前年同一\":true},[{\"筆ポリゴンID\":\"b5a4e3d6-87d5-4e5d-9a25-251a133a86e7\",\"更新年度\":2022,\"前年同一\":true},[{\"筆ポリゴンID\":\"4d16e7f5-6ce0-415e-9ce7-55262d9f1341\",\"更新年度\":2021,\"関連\":true},{\"筆ポリゴンID\":\"4d16e7f5-6ce0-415e-9ce7-55262d9f1341\",\"発生年度\":2020}]]]","last_polygon_uuid":"05b1e84d-c94d-43bd-9e5c-6e4c0874df12","prev_last_polygon_uuid":"b5a4e3d6-87d5-4e5d-9a25-251a133a86e7","local_government_cd":"016080","point_lng":142.953412037,"point_lat":42.174733954}},{"arcs":[[340,341]],"type":"Polygon","properties":{"polygon_uuid":"3b6e6cbc-d560-4db8-9a2c-39d349354220","land_type":200,"issue_year":2024,"edit_year":2021,"history":"[{\"筆ポリゴンID\":\"36878b11-6905-433c-9e58-c815d3bd05b8\",\"更新年度\":2023,\"前年同一\":true},[{\"筆ポリゴンID\":\"19698873-34d8-44ef-b6a1-1c2b78b37399\",\"更新年度\":2022,\"前年同一\":true},[[{\"筆ポリゴンID\":\"29dd7859-7fa1-4104-8d4d-c47de7425d56\",\"更新年度\":2021,\"関連\":true},{\"筆ポリゴンID\":\"29dd7859-7fa1-4104-8d4d-c47de7425d56\",\"発生年度\":2020}],[{\"筆ポリゴンID\":\"5fad5ace-17f3-494c-a67c-efe4c90fdb28\",\"更新年度\":2021,\"関連\":true},{\"筆ポリゴンID\":\"5fad5ace-17f3-494c-a67c-efe4c90fdb28\",\"発生年度\":2020}]]]]","last_polygon_uuid":"36878b11-6905-433c-9e58-c815d3bd05b8","prev_last_polygon_uuid":"19698873-34d8-44ef-b6a1-1c2b78b37399","local_government_cd":"016080","point_lng":142.960682194,"point_lat":42.176330191}},{"arcs":[[342]],"type":"Polygon","properties":{"polygon_uuid":"3dd3c1b2-d17f-43b4-aa99-429b281d4503","land_type":200,"issue_year":2024,"edit_year":2021,"history":"[{\"筆ポリゴンID\":\"277603c7-50ae-4cff-92a7-76425721982d\",\"更新年度\":2023,\"前年同一\":true},[{\"筆ポリゴンID\":\"6fe31225-e1f4-4674-93cc-a44bc2d95fe5\",\"更新年度\":2022,\"前年同一\":true},[{\"筆ポリゴンID\":\"0a30e15b-06a9-4bca-b886-8fd11c2856b1\",\"更新年度\":2021,\"関連\":true},{\"筆ポリゴンID\":\"0a30e15b-06a9-4bca-b886-8fd11c2856b1\",\"発生年度\":2020}]]]","last_polygon_uuid":"277603c7-50ae-4cff-92a7-76425721982d","prev_last_polygon_uuid":"6fe31225-e1f4-4674-93cc-a44bc2d95fe5","local_government_cd":"016080","point_lng":143.007984775,"point_lat":42.214632524}},{"arcs":[[343]],"type":"Polygon","properties":{"polygon_uuid":"d56cbfea-627f-4bd6-9221-1b4ae44e3adf","land_type":200,"issue_year":2024,"edit_year":2021,"history":"[{\"筆ポリゴンID\":\"4cd084c7-2b3d-41cd-a9e4-95077da6c1dc\",\"更新年度\":2023,\"前年同一\":true},[{\"筆ポリゴンID\":\"b61168ae-dbea-4b1a-8c07-086324da2571\",\"更新年度\":2022,\"前年同一\":true},[{\"筆ポリゴンID\":\"2888402a-6511-4ebf-b3b5-7b234f00506d\",\"更新年度\":2021,\"関連\":true},{\"筆ポリゴンID\":\"2888402a-6511-4ebf-b3b5-7b234f00506d\",\"発生年度\":2020}]]]","last_polygon_uuid":"4cd084c7-2b3d-41cd-a9e4-95077da6c1dc","prev_last_polygon_uuid":"b61168ae-dbea-4b1a-8c07-086324da2571","local_government_cd":"016080","point_lng":143.008003933,"point_lat":42.210752801}},{"arcs":[[344]],"type":"Polygon","properties":{"polygon_uuid":"13f2b670-48ee-44a8-b2e4-b82be7fe99c4","land_type":200,"issue_year":2024,"edit_year":2021,"history":"[{\"筆ポリゴンID\":\"5ce0bcb6-5525-4105-8506-895e47ea60ee\",\"更新年度\":2023,\"前年同一\":true},[{\"筆ポリゴンID\":\"61e41cdf-d0b3-4185-a313-6b6ccefc0adc\",\"更新年度\":2022,\"前年同一\":true},[{\"筆ポリゴンID\":\"c7c286f2-89e2-405f-b592-92086ce7a184\",\"更新年度\":2021,\"関連\":true},{\"筆ポリゴンID\":\"c7c286f2-89e2-405f-b592-92086ce7a184\",\"発生年度\":2020}]]]","last_polygon_uuid":"5ce0bcb6-5525-4105-8506-895e47ea60ee","prev_last_polygon_uuid":"61e41cdf-d0b3-4185-a313-6b6ccefc0adc","local_government_cd":"016080","point_lng":143.011081151,"point_lat":42.214884198}},{"arcs":[[345],[346],[347]],"type":"Polygon","properties":{"polygon_uuid":"304d50ff-d4f9-450a-b76c-a2dc18b76f8f","land_type":200,"issue_year":2024,"edit_year":2021,"history":"[{\"筆ポリゴンID\":\"43450885-0758-46c9-a639-41190a030d56\",\"更新年度\":2023,\"前年同一\":true},[{\"筆ポリゴンID\":\"c3de4825-ffa8-4ce3-91ca-113d19a4ac33\",\"更新年度\":2022,\"前年同一\":true},[{\"筆ポリゴンID\":\"a410f613-0439-4317-a030-bb614dce02eb\",\"更新年度\":2021,\"関連\":true},{\"筆ポリゴンID\":\"a410f613-0439-4317-a030-bb614dce02eb\",\"発生年度\":2020}]]]","last_polygon_uuid":"43450885-0758-46c9-a639-41190a030d56","prev_last_polygon_uuid":"c3de4825-ffa8-4ce3-91ca-113d19a4ac33","local_government_cd":"016080","point_lng":142.944017889,"point_lat":42.169411553}},{"arcs":[[348]],"type":"Polygon","properties":{"polygon_uuid":"13367bff-3199-4def-b261-5b6063dca5c0","land_type":200,"issue_year":2024,"edit_year":2020,"history":"[{\"筆ポリゴンID\":\"c4570cef-b4b2-42eb-a265-8e944e00b172\",\"更新年度\":2023,\"前年同一\":true},[{\"筆ポリゴンID\":\"0ebea568-94cd-4650-b01b-2de5c3d04825\",\"更新年度\":2022,\"前年同一\":true},[{\"筆ポリゴンID\":\"5827c19e-f7b3-43cd-b473-9d3c4364dd3b\",\"更新年度\":2021,\"前年同一\":true},{\"筆ポリゴンID\":\"5827c19e-f7b3-43cd-b473-9d3c4364dd3b\",\"発生年度\":2020}]]]","last_polygon_uuid":"c4570cef-b4b2-42eb-a265-8e944e00b172","prev_last_polygon_uuid":"0ebea568-94cd-4650-b01b-2de5c3d04825","local_government_cd":"016080","point_lng":142.950552203,"point_lat":42.171059101}},{"arcs":[[349]],"type":"Polygon","properties":{"polygon_uuid":"7983fb41-4221-44f0-9899-317c7e1aedeb","land_type":200,"issue_year":2024,"edit_year":2020,"history":"[{\"筆ポリゴンID\":\"9297e279-d85c-4b5c-9678-e700c29e7991\",\"更新年度\":2023,\"前年同一\":true},[{\"筆ポリゴンID\":\"a8f12829-40ef-4932-8cbf-5c4a4af40eab\",\"更新年度\":2022,\"前年同一\":true},[{\"筆ポリゴンID\":\"29b83884-5a2f-4918-8b5f-46ba5c4a13a4\",\"更新年度\":2021,\"前年同一\":true},{\"筆ポリゴンID\":\"29b83884-5a2f-4918-8b5f-46ba5c4a13a4\",\"発生年度\":2020}]]]","last_polygon_uuid":"9297e279-d85c-4b5c-9678-e700c29e7991","prev_last_polygon_uuid":"a8f12829-40ef-4932-8cbf-5c4a4af40eab","local_government_cd":"016080","point_lng":142.913262652,"point_lat":42.170795256}},{"arcs":[[350]],"type":"Polygon","properties":{"polygon_uuid":"2745b0b0-e97d-4236-8da4-67f1e5de0b3f","land_type":200,"issue_year":2024,"edit_year":2020,"history":"[{\"筆ポリゴンID\":\"52209988-0ea3-4775-b71f-c1d97908604a\",\"更新年度\":2023,\"前年同一\":true},[{\"筆ポリゴンID\":\"6ed03f87-d4bc-4a1f-a7fe-112aa9d9e24a\",\"更新年度\":2022,\"前年同一\":true},[{\"筆ポリゴンID\":\"a4a1ff62-bf69-48f5-9511-3c665286a3fd\",\"更新年度\":2021,\"前年同一\":true},{\"筆ポリゴンID\":\"a4a1ff62-bf69-48f5-9511-3c665286a3fd\",\"発生年度\":2020}]]]","last_polygon_uuid":"52209988-0ea3-4775-b71f-c1d97908604a","prev_last_polygon_uuid":"6ed03f87-d4bc-4a1f-a7fe-112aa9d9e24a","local_government_cd":"016080","point_lng":142.911157498,"point_lat":42.171312235}},{"arcs":[[351]],"type":"Polygon","properties":{"polygon_uuid":"24804ac7-2e71-4179-bfd8-3915adc046b1","land_type":200,"issue_year":2024,"edit_year":2020,"history":"[{\"筆ポリゴンID\":\"2db05018-9dcb-45fd-83ec-50607ca44539\",\"更新年度\":2023,\"前年同一\":true},[{\"筆ポリゴンID\":\"8e2db444-735e-41ed-be20-10e089dbfbef\",\"更新年度\":2022,\"前年同一\":true},[{\"筆ポリゴンID\":\"b6af33f9-8009-4fb5-9179-7616d3018207\",\"更新年度\":2021,\"前年同一\":true},{\"筆ポリゴンID\":\"b6af33f9-8009-4fb5-9179-7616d3018207\",\"発生年度\":2020}]]]","last_polygon_uuid":"2db05018-9dcb-45fd-83ec-50607ca44539","prev_last_polygon_uuid":"8e2db444-735e-41ed-be20-10e089dbfbef","local_government_cd":"016080","point_lng":142.954087451,"point_lat":42.178731876}},{"arcs":[[352]],"type":"Polygon","properties":{"polygon_uuid":"2e8b9164-ab37-48b1-bd1c-f40e07805da7","land_type":200,"issue_year":2024,"edit_year":2020,"history":"[{\"筆ポリゴンID\":\"095ef338-ba91-4102-af8a-e5c97634a18e\",\"更新年度\":2023,\"前年同一\":true},[{\"筆ポリゴンID\":\"6d1f2f8c-8f74-4d34-9822-d5cd40dd91f1\",\"更新年度\":2022,\"前年同一\":true},[{\"筆ポリゴンID\":\"09248d4c-360d-42e5-877a-64586b79f3a7\",\"更新年度\":2021,\"前年同一\":true},{\"筆ポリゴンID\":\"09248d4c-360d-42e5-877a-64586b79f3a7\",\"発生年度\":2020}]]]","last_polygon_uuid":"095ef338-ba91-4102-af8a-e5c97634a18e","prev_last_polygon_uuid":"6d1f2f8c-8f74-4d34-9822-d5cd40dd91f1","local_government_cd":"016080","point_lng":142.944554737,"point_lat":42.176528868}},{"arcs":[[353,354,355]],"type":"Polygon","properties":{"polygon_uuid":"03d4cf94-4ac2-412a-9401-e3b015576f8d","land_type":200,"issue_year":2024,"edit_year":2020,"history":"[{\"筆ポリゴンID\":\"9a46a9b7-4e13-4f86-bafb-6ea88c8bbddb\",\"更新年度\":2023,\"前年同一\":true},[{\"筆ポリゴンID\":\"f4ff6565-5a01-40bf-bf62-a72daf2d1820\",\"更新年度\":2022,\"前年同一\":true},[{\"筆ポリゴンID\":\"cbf5ff73-c660-4120-848c-e0280440b39a\",\"更新年度\":2021,\"前年同一\":true},{\"筆ポリゴンID\":\"cbf5ff73-c660-4120-848c-e0280440b39a\",\"発生年度\":2020}]]]","last_polygon_uuid":"9a46a9b7-4e13-4f86-bafb-6ea88c8bbddb","prev_last_polygon_uuid":"f4ff6565-5a01-40bf-bf62-a72daf2d1820","local_government_cd":"016080","point_lng":142.956076897,"point_lat":42.17631818}},{"arcs":[[356]],"type":"Polygon","properties":{"polygon_uuid":"eb9b09ba-02b6-4027-b359-c335e33dd58e","land_type":200,"issue_year":2024,"edit_year":2020,"history":"[{\"筆ポリゴンID\":\"e787a3cf-51fa-465c-bad9-418078a4d89f\",\"更新年度\":2023,\"前年同一\":true},[{\"筆ポリゴンID\":\"9174ad9a-37ff-4b6f-84fc-5908495f55ba\",\"更新年度\":2022,\"前年同一\":true},[{\"筆ポリゴンID\":\"82ad2e53-0eca-4795-88ac-4f0164197d4d\",\"更新年度\":2021,\"前年同一\":true},{\"筆ポリゴンID\":\"82ad2e53-0eca-4795-88ac-4f0164197d4d\",\"発生年度\":2020}]]]","last_polygon_uuid":"e787a3cf-51fa-465c-bad9-418078a4d89f","prev_last_polygon_uuid":"9174ad9a-37ff-4b6f-84fc-5908495f55ba","local_government_cd":"016080","point_lng":142.952151342,"point_lat":42.179262829}},{"arcs":[[357]],"type":"Polygon","properties":{"polygon_uuid":"cba8089b-4747-4d33-8166-7c9a0a03e618","land_type":200,"issue_year":2024,"edit_year":2020,"history":"[{\"筆ポリゴンID\":\"d9db0217-5234-46b2-b437-e620fb338d86\",\"更新年度\":2023,\"前年同一\":true},[{\"筆ポリゴンID\":\"0403a383-d923-4418-b48a-4498d31b4893\",\"更新年度\":2022,\"前年同一\":true},[{\"筆ポリゴンID\":\"cdff92ee-f201-4789-a6fc-54cc9a0f7a2a\",\"更新年度\":2021,\"前年同一\":true},{\"筆ポリゴンID\":\"cdff92ee-f201-4789-a6fc-54cc9a0f7a2a\",\"発生年度\":2020}]]]","last_polygon_uuid":"d9db0217-5234-46b2-b437-e620fb338d86","prev_last_polygon_uuid":"0403a383-d923-4418-b48a-4498d31b4893","local_government_cd":"016080","point_lng":142.942671654,"point_lat":42.17804387}},{"arcs":[[358]],"type":"Polygon","properties":{"polygon_uuid":"8e8b3af6-6172-4437-b374-6b4c8e4df3c3","land_type":200,"issue_year":2024,"edit_year":2020,"history":"[{\"筆ポリゴンID\":\"1d441c89-f140-4018-b7f3-b1d5eea479a0\",\"更新年度\":2023,\"前年同一\":true},[{\"筆ポリゴンID\":\"649f9b2a-26e8-4d95-ba31-4ed3657850fc\",\"更新年度\":2022,\"前年同一\":true},[{\"筆ポリゴンID\":\"3b48d707-e7b7-4935-b90a-6e3d669a4ae7\",\"更新年度\":2021,\"前年同一\":true},{\"筆ポリゴンID\":\"3b48d707-e7b7-4935-b90a-6e3d669a4ae7\",\"発生年度\":2020}]]]","last_polygon_uuid":"1d441c89-f140-4018-b7f3-b1d5eea479a0","prev_last_polygon_uuid":"649f9b2a-26e8-4d95-ba31-4ed3657850fc","local_government_cd":"016080","point_lng":142.989434753,"point_lat":42.124356656}},{"arcs":[[359,-355,360,361,362,363]],"type":"Polygon","properties":{"polygon_uuid":"71101734-9170-480f-a5ed-881974f1a1ec","land_type":200,"issue_year":2024,"edit_year":2020,"history":"[{\"筆ポリゴンID\":\"1ce5ab2f-5ab7-4628-8e00-92d4f0c55aa3\",\"更新年度\":2023,\"前年同一\":true},[{\"筆ポリゴンID\":\"bc1d6411-4bd7-4571-8027-0b5a09704993\",\"更新年度\":2022,\"前年同一\":true},[{\"筆ポリゴンID\":\"cad78796-c11f-472e-aba7-a83f89a6bc4c\",\"更新年度\":2021,\"前年同一\":true},{\"筆ポリゴンID\":\"cad78796-c11f-472e-aba7-a83f89a6bc4c\",\"発生年度\":2020}]]]","last_polygon_uuid":"1ce5ab2f-5ab7-4628-8e00-92d4f0c55aa3","prev_last_polygon_uuid":"bc1d6411-4bd7-4571-8027-0b5a09704993","local_government_cd":"016080","point_lng":142.95697031,"point_lat":42.173327495}},{"arcs":[[364,365,366,-319]],"type":"Polygon","properties":{"polygon_uuid":"75acfdf2-f538-40bd-92c7-5ea7fba928a9","land_type":200,"issue_year":2024,"edit_year":2020,"history":"[{\"筆ポリゴンID\":\"8fc008f2-33c4-4b53-bd95-b4b92e2671cd\",\"更新年度\":2023,\"前年同一\":true},[{\"筆ポリゴンID\":\"1ed45cb0-4571-4b57-99e4-643c0a3c6d13\",\"更新年度\":2022,\"前年同一\":true},[{\"筆ポリゴンID\":\"d9a8f8b9-47c1-458c-afc4-84645922a203\",\"更新年度\":2021,\"前年同一\":true},{\"筆ポリゴンID\":\"d9a8f8b9-47c1-458c-afc4-84645922a203\",\"発生年度\":2020}]]]","last_polygon_uuid":"8fc008f2-33c4-4b53-bd95-b4b92e2671cd","prev_last_polygon_uuid":"1ed45cb0-4571-4b57-99e4-643c0a3c6d13","local_government_cd":"016080","point_lng":142.986717308,"point_lat":42.146411635}},{"arcs":[[367]],"type":"Polygon","properties":{"polygon_uuid":"165f081b-c96a-480e-99ab-7eef8077827b","land_type":200,"issue_year":2024,"edit_year":2020,"history":"[{\"筆ポリゴンID\":\"fc4658a6-1224-4c12-8a3e-420c62eefcfc\",\"更新年度\":2023,\"前年同一\":true},[{\"筆ポリゴンID\":\"03cf1be0-f416-4f6f-8c77-cc3c9f35b4a2\",\"更新年度\":2022,\"前年同一\":true},[{\"筆ポリゴンID\":\"27354248-c3f1-467e-b7fb-d2ee517fc208\",\"更新年度\":2021,\"前年同一\":true},{\"筆ポリゴンID\":\"27354248-c3f1-467e-b7fb-d2ee517fc208\",\"発生年度\":2020}]]]","last_polygon_uuid":"fc4658a6-1224-4c12-8a3e-420c62eefcfc","prev_last_polygon_uuid":"03cf1be0-f416-4f6f-8c77-cc3c9f35b4a2","local_government_cd":"016080","point_lng":143.042747342,"point_lat":42.215094869}},{"arcs":[[368]],"type":"Polygon","properties":{"polygon_uuid":"19ec726f-8e30-4e92-b8ff-c76700913d97","land_type":200,"issue_year":2024,"edit_year":2020,"history":"[{\"筆ポリゴンID\":\"b2d48f68-873b-4146-89a4-e21e50ea76a0\",\"更新年度\":2023,\"前年同一\":true},[{\"筆ポリゴンID\":\"42285b03-e84d-4b73-882a-97a27916d896\",\"更新年度\":2022,\"前年同一\":true},[{\"筆ポリゴンID\":\"73312d37-fd00-4c91-9806-f4936e3a6b6d\",\"更新年度\":2021,\"前年同一\":true},{\"筆ポリゴンID\":\"73312d37-fd00-4c91-9806-f4936e3a6b6d\",\"発生年度\":2020}]]]","last_polygon_uuid":"b2d48f68-873b-4146-89a4-e21e50ea76a0","prev_last_polygon_uuid":"42285b03-e84d-4b73-882a-97a27916d896","local_government_cd":"016080","point_lng":142.878575963,"point_lat":42.152350972}},{"arcs":[[369]],"type":"Polygon","properties":{"polygon_uuid":"c92b26e8-a902-4dab-802f-23a94e379afa","land_type":200,"issue_year":2024,"edit_year":2020,"history":"[{\"筆ポリゴンID\":\"99e0f751-a8b8-4c2c-95f9-9eddaf332039\",\"更新年度\":2023,\"前年同一\":true},[{\"筆ポリゴンID\":\"07f7ff41-cafe-4655-8062-55c5be9c8c2c\",\"更新年度\":2022,\"前年同一\":true},[{\"筆ポリゴンID\":\"ea56acd1-bb40-4c79-996f-853f097d237a\",\"更新年度\":2021,\"前年同一\":true},{\"筆ポリゴンID\":\"ea56acd1-bb40-4c79-996f-853f097d237a\",\"発生年度\":2020}]]]","last_polygon_uuid":"99e0f751-a8b8-4c2c-95f9-9eddaf332039","prev_last_polygon_uuid":"07f7ff41-cafe-4655-8062-55c5be9c8c2c","local_government_cd":"016080","point_lng":142.947776004,"point_lat":42.175799446}},{"arcs":[[370]],"type":"Polygon","properties":{"polygon_uuid":"01137df1-2320-4daf-928b-3ef372291940","land_type":200,"issue_year":2024,"edit_year":2020,"history":"[{\"筆ポリゴンID\":\"5ab3b13b-d981-49d0-b579-933382f7e51a\",\"更新年度\":2023,\"前年同一\":true},[{\"筆ポリゴンID\":\"96b8b520-e4d8-4e7f-8248-b1a1dfa339b8\",\"更新年度\":2022,\"前年同一\":true},[{\"筆ポリゴンID\":\"ec8d041b-2440-48a2-a29d-cc3e8d09c46c\",\"更新年度\":2021,\"前年同一\":true},{\"筆ポリゴンID\":\"ec8d041b-2440-48a2-a29d-cc3e8d09c46c\",\"発生年度\":2020}]]]","last_polygon_uuid":"5ab3b13b-d981-49d0-b579-933382f7e51a","prev_last_polygon_uuid":"96b8b520-e4d8-4e7f-8248-b1a1dfa339b8","local_government_cd":"016080","point_lng":142.950622267,"point_lat":42.175077106}},{"arcs":[[371],[372]],"type":"Polygon","properties":{"polygon_uuid":"310aa579-73b4-4bb7-baf0-733978ed3969","land_type":200,"issue_year":2024,"edit_year":2020,"history":"[{\"筆ポリゴンID\":\"d40c2c15-c3eb-4a00-b11d-dea269de3d18\",\"更新年度\":2023,\"前年同一\":true},[{\"筆ポリゴンID\":\"191d602c-6046-4946-8b3e-9e6e26c235ba\",\"更新年度\":2022,\"前年同一\":true},[{\"筆ポリゴンID\":\"0bd7872c-5134-48c8-8006-5fbc9e739764\",\"更新年度\":2021,\"前年同一\":true},{\"筆ポリゴンID\":\"0bd7872c-5134-48c8-8006-5fbc9e739764\",\"発生年度\":2020}]]]","last_polygon_uuid":"d40c2c15-c3eb-4a00-b11d-dea269de3d18","prev_last_polygon_uuid":"191d602c-6046-4946-8b3e-9e6e26c235ba","local_government_cd":"016080","point_lng":142.881110919,"point_lat":42.137559883}},{"arcs":[[373,374]],"type":"Polygon","properties":{"polygon_uuid":"065fd6e0-ea49-4583-8f25-543f1a9fac58","land_type":200,"issue_year":2024,"edit_year":2020,"history":"[{\"筆ポリゴンID\":\"680ab200-1ba8-44aa-87b7-6862cb7e652d\",\"更新年度\":2023,\"前年同一\":true},[{\"筆ポリゴンID\":\"3d60d286-6a51-42b6-9d3b-977fe8ca9725\",\"更新年度\":2022,\"前年同一\":true},[{\"筆ポリゴンID\":\"32c34c35-f4bf-45f3-aff1-4931fe9879a5\",\"更新年度\":2021,\"前年同一\":true},{\"筆ポリゴンID\":\"32c34c35-f4bf-45f3-aff1-4931fe9879a5\",\"発生年度\":2020}]]]","last_polygon_uuid":"680ab200-1ba8-44aa-87b7-6862cb7e652d","prev_last_polygon_uuid":"3d60d286-6a51-42b6-9d3b-977fe8ca9725","local_government_cd":"016080","point_lng":142.869485786,"point_lat":42.137504262}},{"arcs":[[375]],"type":"Polygon","properties":{"polygon_uuid":"6dbe94ed-5764-4271-b2db-0abd9ffec74d","land_type":200,"issue_year":2024,"edit_year":2020,"history":"[{\"筆ポリゴンID\":\"9e2ff736-98f8-4e08-99e0-1168c64d8d7d\",\"更新年度\":2023,\"前年同一\":true},[{\"筆ポリゴンID\":\"57c058b8-0743-457f-ae60-f3cd3ef2413d\",\"更新年度\":2022,\"前年同一\":true},[{\"筆ポリゴンID\":\"acb06ada-123f-4865-a1d6-460b37606263\",\"更新年度\":2021,\"前年同一\":true},{\"筆ポリゴンID\":\"acb06ada-123f-4865-a1d6-460b37606263\",\"発生年度\":2020}]]]","last_polygon_uuid":"9e2ff736-98f8-4e08-99e0-1168c64d8d7d","prev_last_polygon_uuid":"57c058b8-0743-457f-ae60-f3cd3ef2413d","local_government_cd":"016080","point_lng":142.964898685,"point_lat":42.135386835}},{"arcs":[[376]],"type":"Polygon","properties":{"polygon_uuid":"f58092af-a606-4da7-b834-37bfd9b09f76","land_type":200,"issue_year":2024,"edit_year":2020,"history":"[{\"筆ポリゴンID\":\"1c9557e5-8176-4b5a-bd81-c412f57104ee\",\"更新年度\":2023,\"前年同一\":true},[{\"筆ポリゴンID\":\"5f5809c4-14ec-4fba-8367-5929a891eb91\",\"更新年度\":2022,\"前年同一\":true},[{\"筆ポリゴンID\":\"621f5694-0101-47ee-941b-29e7339bceb5\",\"更新年度\":2021,\"前年同一\":true},{\"筆ポリゴンID\":\"621f5694-0101-47ee-941b-29e7339bceb5\",\"発生年度\":2020}]]]","last_polygon_uuid":"1c9557e5-8176-4b5a-bd81-c412f57104ee","prev_last_polygon_uuid":"5f5809c4-14ec-4fba-8367-5929a891eb91","local_government_cd":"016080","point_lng":142.96495053,"point_lat":42.134247879}},{"arcs":[[377,378,379,380,381]],"type":"Polygon","properties":{"polygon_uuid":"6845fd2e-4257-4753-a9b6-473b11315dfa","land_type":200,"issue_year":2024,"edit_year":2020,"history":"[{\"筆ポリゴンID\":\"4654c09a-0695-4e57-b985-45b2ba3b0211\",\"更新年度\":2023,\"前年同一\":true},[{\"筆ポリゴンID\":\"23ca66b3-87b2-42cf-a2aa-687304dbb68a\",\"更新年度\":2022,\"前年同一\":true},[{\"筆ポリゴンID\":\"da0284df-93c3-4cbf-b5dc-2a2fc8d45502\",\"更新年度\":2021,\"前年同一\":true},{\"筆ポリゴンID\":\"da0284df-93c3-4cbf-b5dc-2a2fc8d45502\",\"発生年度\":2020}]]]","last_polygon_uuid":"4654c09a-0695-4e57-b985-45b2ba3b0211","prev_last_polygon_uuid":"23ca66b3-87b2-42cf-a2aa-687304dbb68a","local_government_cd":"016080","point_lng":142.95553255,"point_lat":42.170064435}},{"arcs":[[382]],"type":"Polygon","properties":{"polygon_uuid":"d6bb856c-b211-450e-8e6d-44689b1da045","land_type":200,"issue_year":2024,"edit_year":2020,"history":"[{\"筆ポリゴンID\":\"264067e6-d236-40bc-8ce1-516435768e5d\",\"更新年度\":2023,\"前年同一\":true},[{\"筆ポリゴンID\":\"edf75c52-506d-4289-a74a-adf41c777678\",\"更新年度\":2022,\"前年同一\":true},[{\"筆ポリゴンID\":\"50e9d785-a133-43f9-b659-ef7d9bfd04b7\",\"更新年度\":2021,\"前年同一\":true},{\"筆ポリゴンID\":\"50e9d785-a133-43f9-b659-ef7d9bfd04b7\",\"発生年度\":2020}]]]","last_polygon_uuid":"264067e6-d236-40bc-8ce1-516435768e5d","prev_last_polygon_uuid":"edf75c52-506d-4289-a74a-adf41c777678","local_government_cd":"016080","point_lng":142.910482876,"point_lat":42.167923851}},{"arcs":[[383]],"type":"Polygon","properties":{"polygon_uuid":"e8378705-7ac2-4513-8c25-6ff1fb17e5ea","land_type":200,"issue_year":2024,"edit_year":2020,"history":"[{\"筆ポリゴンID\":\"21c33232-3249-454f-ab94-1a1e79859237\",\"更新年度\":2023,\"前年同一\":true},[{\"筆ポリゴンID\":\"7dde1fbd-2ad7-4b75-af65-2aafb43f0051\",\"更新年度\":2022,\"前年同一\":true},[{\"筆ポリゴンID\":\"dc8dabcd-ef10-49f8-8513-a2b1da67d94a\",\"更新年度\":2021,\"前年同一\":true},{\"筆ポリゴンID\":\"dc8dabcd-ef10-49f8-8513-a2b1da67d94a\",\"発生年度\":2020}]]]","last_polygon_uuid":"21c33232-3249-454f-ab94-1a1e79859237","prev_last_polygon_uuid":"7dde1fbd-2ad7-4b75-af65-2aafb43f0051","local_government_cd":"016080","point_lng":143.00181164,"point_lat":42.193604478}},{"arcs":[[384]],"type":"Polygon","properties":{"polygon_uuid":"b685e934-f2eb-486a-81fb-3e1622819518","land_type":200,"issue_year":2024,"edit_year":2020,"history":"[{\"筆ポリゴンID\":\"7b636163-9b46-4260-a449-c1587136a11b\",\"更新年度\":2023,\"前年同一\":true},[{\"筆ポリゴンID\":\"73ed8bb0-1fef-4e25-8f98-398cdd3a68f4\",\"更新年度\":2022,\"前年同一\":true},[{\"筆ポリゴンID\":\"af878c86-74e6-4130-934e-7df847cba2a1\",\"更新年度\":2021,\"前年同一\":true},{\"筆ポリゴンID\":\"af878c86-74e6-4130-934e-7df847cba2a1\",\"発生年度\":2020}]]]","last_polygon_uuid":"7b636163-9b46-4260-a449-c1587136a11b","prev_last_polygon_uuid":"73ed8bb0-1fef-4e25-8f98-398cdd3a68f4","local_government_cd":"016080","point_lng":142.874419103,"point_lat":42.149753658}},{"arcs":[[385]],"type":"Polygon","properties":{"polygon_uuid":"3ec0cbf6-65eb-4ec6-9afc-1a222e4f8e25","land_type":200,"issue_year":2024,"edit_year":2020,"history":"[{\"筆ポリゴンID\":\"a5448f00-bcf6-4e31-9fd6-6c1c7825b34d\",\"更新年度\":2023,\"前年同一\":true},[{\"筆ポリゴンID\":\"0f16f1ed-70b2-4c4f-b19f-79996589b770\",\"更新年度\":2022,\"前年同一\":true},[{\"筆ポリゴンID\":\"b60b5eb8-6950-4a7c-85c9-a5eeacc8bc97\",\"更新年度\":2021,\"前年同一\":true},{\"筆ポリゴンID\":\"b60b5eb8-6950-4a7c-85c9-a5eeacc8bc97\",\"発生年度\":2020}]]]","last_polygon_uuid":"a5448f00-bcf6-4e31-9fd6-6c1c7825b34d","prev_last_polygon_uuid":"0f16f1ed-70b2-4c4f-b19f-79996589b770","local_government_cd":"016080","point_lng":143.003036078,"point_lat":42.195062726}},{"arcs":[[386]],"type":"Polygon","properties":{"polygon_uuid":"3fe8bf6f-78e3-4a10-9bb7-c0be4d5de099","land_type":200,"issue_year":2024,"edit_year":2020,"history":"[{\"筆ポリゴンID\":\"1539e3a6-0c68-48eb-9634-28a28722e753\",\"更新年度\":2023,\"前年同一\":true},[{\"筆ポリゴンID\":\"16dac37c-d98b-4510-bfd2-c87e54a18c8a\",\"更新年度\":2022,\"前年同一\":true},[{\"筆ポリゴンID\":\"5a96ccc9-96b2-4ded-8610-59a746fcb1b4\",\"更新年度\":2021,\"前年同一\":true},{\"筆ポリゴンID\":\"5a96ccc9-96b2-4ded-8610-59a746fcb1b4\",\"発生年度\":2020}]]]","last_polygon_uuid":"1539e3a6-0c68-48eb-9634-28a28722e753","prev_last_polygon_uuid":"16dac37c-d98b-4510-bfd2-c87e54a18c8a","local_government_cd":"016080","point_lng":142.900064478,"point_lat":42.178663369}},{"arcs":[[387]],"type":"Polygon","properties":{"polygon_uuid":"a570d232-6e65-429d-8f61-7583564a1efd","land_type":200,"issue_year":2024,"edit_year":2020,"history":"[{\"筆ポリゴンID\":\"c2b56972-0725-45cd-b15e-6f03faeb76ba\",\"更新年度\":2023,\"前年同一\":true},[{\"筆ポリゴンID\":\"3f2ddd60-abaf-4158-af7e-2cced1755a5e\",\"更新年度\":2022,\"前年同一\":true},[{\"筆ポリゴンID\":\"088347b9-a8b6-4653-a2ab-ad240a655957\",\"更新年度\":2021,\"前年同一\":true},{\"筆ポリゴンID\":\"088347b9-a8b6-4653-a2ab-ad240a655957\",\"発生年度\":2020}]]]","last_polygon_uuid":"c2b56972-0725-45cd-b15e-6f03faeb76ba","prev_last_polygon_uuid":"3f2ddd60-abaf-4158-af7e-2cced1755a5e","local_government_cd":"016080","point_lng":142.964455664,"point_lat":42.132528045}},{"arcs":[[388],[389],[390]],"type":"Polygon","properties":{"polygon_uuid":"7e08a40b-b7a9-43f8-b71d-9ff94984ed66","land_type":200,"issue_year":2024,"edit_year":2020,"history":"[{\"筆ポリゴンID\":\"1e2b7cf4-8a7f-4231-8479-5eb0d9074a48\",\"更新年度\":2023,\"前年同一\":true},[{\"筆ポリゴンID\":\"c54bf2ad-5109-46d6-904b-5f427925e2bf\",\"更新年度\":2022,\"前年同一\":true},[{\"筆ポリゴンID\":\"0106e8e6-27d7-4d1a-9fc5-70acec589258\",\"更新年度\":2021,\"前年同一\":true},{\"筆ポリゴンID\":\"0106e8e6-27d7-4d1a-9fc5-70acec589258\",\"発生年度\":2020}]]]","last_polygon_uuid":"1e2b7cf4-8a7f-4231-8479-5eb0d9074a48","prev_last_polygon_uuid":"c54bf2ad-5109-46d6-904b-5f427925e2bf","local_government_cd":"016080","point_lng":143.010683742,"point_lat":42.21005655}},{"arcs":[[391]],"type":"Polygon","properties":{"polygon_uuid":"9b8479af-2c69-4a9a-97ee-5b16dad0fe74","land_type":200,"issue_year":2024,"edit_year":2020,"history":"[{\"筆ポリゴンID\":\"05f2d6b2-d362-4fb9-812c-404067f1e586\",\"更新年度\":2023,\"前年同一\":true},[{\"筆ポリゴンID\":\"96f53756-bbb3-4f57-8f48-756f17b11463\",\"更新年度\":2022,\"前年同一\":true},[{\"筆ポリゴンID\":\"074c972d-3695-4d30-b728-d5f01d2561bd\",\"更新年度\":2021,\"前年同一\":true},{\"筆ポリゴンID\":\"074c972d-3695-4d30-b728-d5f01d2561bd\",\"発生年度\":2020}]]]","last_polygon_uuid":"05f2d6b2-d362-4fb9-812c-404067f1e586","prev_last_polygon_uuid":"96f53756-bbb3-4f57-8f48-756f17b11463","local_government_cd":"016080","point_lng":143.039400987,"point_lat":42.218492359}},{"arcs":[[392]],"type":"Polygon","properties":{"polygon_uuid":"94d36571-253b-4f42-b210-dc142fd8dbb2","land_type":200,"issue_year":2024,"edit_year":2020,"history":"[{\"筆ポリゴンID\":\"60c25f80-1120-471d-8ce1-b56983bb099b\",\"更新年度\":2023,\"前年同一\":true},[{\"筆ポリゴンID\":\"5c5a2242-b68c-4a4c-9dc7-9b72089a272e\",\"更新年度\":2022,\"前年同一\":true},[{\"筆ポリゴンID\":\"5921bb9a-2b1d-4b09-938b-e8aca85948b8\",\"更新年度\":2021,\"前年同一\":true},{\"筆ポリゴンID\":\"5921bb9a-2b1d-4b09-938b-e8aca85948b8\",\"発生年度\":2020}]]]","last_polygon_uuid":"60c25f80-1120-471d-8ce1-b56983bb099b","prev_last_polygon_uuid":"5c5a2242-b68c-4a4c-9dc7-9b72089a272e","local_government_cd":"016080","point_lng":142.865865857,"point_lat":42.139121775}},{"arcs":[[393]],"type":"Polygon","properties":{"polygon_uuid":"5ab72057-facc-4e6f-a491-5f91567ce444","land_type":200,"issue_year":2024,"edit_year":2020,"history":"[{\"筆ポリゴンID\":\"dd71e8a5-e464-4cd5-b948-b41a0ca012d9\",\"更新年度\":2023,\"前年同一\":true},[{\"筆ポリゴンID\":\"ea96118a-7f01-43ba-83b3-653b9750c0df\",\"更新年度\":2022,\"前年同一\":true},[{\"筆ポリゴンID\":\"3d1a752e-7c12-435c-84ae-6e7ae5605283\",\"更新年度\":2021,\"前年同一\":true},{\"筆ポリゴンID\":\"3d1a752e-7c12-435c-84ae-6e7ae5605283\",\"発生年度\":2020}]]]","last_polygon_uuid":"dd71e8a5-e464-4cd5-b948-b41a0ca012d9","prev_last_polygon_uuid":"ea96118a-7f01-43ba-83b3-653b9750c0df","local_government_cd":"016080","point_lng":142.995891905,"point_lat":42.191586829}},{"arcs":[[394]],"type":"Polygon","properties":{"polygon_uuid":"8b3636ac-095a-420d-a1a8-1caf9c1cbc68","land_type":200,"issue_year":2024,"edit_year":2020,"history":"[{\"筆ポリゴンID\":\"15ecf665-83df-474c-87b1-6b8fc6aded02\",\"更新年度\":2023,\"前年同一\":true},[{\"筆ポリゴンID\":\"634bdd28-ef9d-487c-b29b-272e4dd554b3\",\"更新年度\":2022,\"前年同一\":true},[{\"筆ポリゴンID\":\"4aa990cc-400c-46d8-bcca-c8e83d5ed917\",\"更新年度\":2021,\"前年同一\":true},{\"筆ポリゴンID\":\"4aa990cc-400c-46d8-bcca-c8e83d5ed917\",\"発生年度\":2020}]]]","last_polygon_uuid":"15ecf665-83df-474c-87b1-6b8fc6aded02","prev_last_polygon_uuid":"634bdd28-ef9d-487c-b29b-272e4dd554b3","local_government_cd":"016080","point_lng":142.957263795,"point_lat":42.170315841}},{"arcs":[[395,396]],"type":"Polygon","properties":{"polygon_uuid":"5ac16de7-7dce-47e2-8136-cb4228f25472","land_type":200,"issue_year":2024,"edit_year":2020,"history":"[{\"筆ポリゴンID\":\"54f542c2-41c8-4dc7-8ae0-309b3a8dc8e4\",\"更新年度\":2023,\"前年同一\":true},[{\"筆ポリゴンID\":\"4ed9cc4a-dda1-4a67-abfa-b3523ad2bbbc\",\"更新年度\":2022,\"前年同一\":true},[{\"筆ポリゴンID\":\"973ee28b-56c1-4dee-a41e-389ee9c0df07\",\"更新年度\":2021,\"前年同一\":true},{\"筆ポリゴンID\":\"973ee28b-56c1-4dee-a41e-389ee9c0df07\",\"発生年度\":2020}]]]","last_polygon_uuid":"54f542c2-41c8-4dc7-8ae0-309b3a8dc8e4","prev_last_polygon_uuid":"4ed9cc4a-dda1-4a67-abfa-b3523ad2bbbc","local_government_cd":"016080","point_lng":142.941441267,"point_lat":42.180999923}},{"arcs":[[397]],"type":"Polygon","properties":{"polygon_uuid":"41dfc138-ed73-47ad-9ec4-9da650d8e2e9","land_type":200,"issue_year":2024,"edit_year":2020,"history":"[{\"筆ポリゴンID\":\"ac19fc55-d48b-4124-adc4-2a82a5da0b7b\",\"更新年度\":2023,\"前年同一\":true},[{\"筆ポリゴンID\":\"5fd82a64-0efa-476a-97bd-256236be9eaa\",\"更新年度\":2022,\"前年同一\":true},[{\"筆ポリゴンID\":\"7ecdeb67-6852-49ff-b3ff-8a036c142c9e\",\"更新年度\":2021,\"前年同一\":true},{\"筆ポリゴンID\":\"7ecdeb67-6852-49ff-b3ff-8a036c142c9e\",\"発生年度\":2020}]]]","last_polygon_uuid":"ac19fc55-d48b-4124-adc4-2a82a5da0b7b","prev_last_polygon_uuid":"5fd82a64-0efa-476a-97bd-256236be9eaa","local_government_cd":"016080","point_lng":142.943370253,"point_lat":42.173085153}},{"arcs":[[398]],"type":"Polygon","properties":{"polygon_uuid":"ad3bc3df-487d-4ccb-a342-7f58c585e3d0","land_type":200,"issue_year":2024,"edit_year":2020,"history":"[{\"筆ポリゴンID\":\"b5a2512f-6678-44a7-bb9f-da2aab2fad93\",\"更新年度\":2023,\"前年同一\":true},[{\"筆ポリゴンID\":\"a60186e7-577c-49b7-a1de-f19fd87fadb3\",\"更新年度\":2022,\"前年同一\":true},[{\"筆ポリゴンID\":\"77540833-c839-47de-a49a-6fb4751844ec\",\"更新年度\":2021,\"前年同一\":true},{\"筆ポリゴンID\":\"77540833-c839-47de-a49a-6fb4751844ec\",\"発生年度\":2020}]]]","last_polygon_uuid":"b5a2512f-6678-44a7-bb9f-da2aab2fad93","prev_last_polygon_uuid":"a60186e7-577c-49b7-a1de-f19fd87fadb3","local_government_cd":"016080","point_lng":142.987037434,"point_lat":42.110349147}},{"arcs":[[399,400,401,-2,402]],"type":"Polygon","properties":{"polygon_uuid":"0e59f971-c2c9-4a69-b815-5b8b579fe169","land_type":200,"issue_year":2024,"edit_year":2020,"history":"[{\"筆ポリゴンID\":\"6bea3290-61c2-4480-89a5-5c543f8b364a\",\"更新年度\":2023,\"前年同一\":true},[{\"筆ポリゴンID\":\"ffe95b52-6be8-4b92-ab3a-2bab9b55fef4\",\"更新年度\":2022,\"前年同一\":true},[{\"筆ポリゴンID\":\"0f0a7500-c441-40dd-875e-7b48ed55c593\",\"更新年度\":2021,\"前年同一\":true},{\"筆ポリゴンID\":\"0f0a7500-c441-40dd-875e-7b48ed55c593\",\"発生年度\":2020}]]]","last_polygon_uuid":"6bea3290-61c2-4480-89a5-5c543f8b364a","prev_last_polygon_uuid":"ffe95b52-6be8-4b92-ab3a-2bab9b55fef4","local_government_cd":"016080","point_lng":142.955318089,"point_lat":42.16857975}},{"arcs":[[403]],"type":"Polygon","properties":{"polygon_uuid":"b0ea7e84-6b77-47b3-a20b-e25fa10f0e6c","land_type":200,"issue_year":2024,"edit_year":2020,"history":"[{\"筆ポリゴンID\":\"c3c97764-a85a-4930-a6af-6bd9e8b786a0\",\"更新年度\":2023,\"前年同一\":true},[{\"筆ポリゴンID\":\"accadeb1-88db-461f-8c0e-26b47f152290\",\"更新年度\":2022,\"前年同一\":true},[{\"筆ポリゴンID\":\"94172d5c-35fc-482d-99b2-32b09cd40634\",\"更新年度\":2021,\"前年同一\":true},{\"筆ポリゴンID\":\"94172d5c-35fc-482d-99b2-32b09cd40634\",\"発生年度\":2020}]]]","last_polygon_uuid":"c3c97764-a85a-4930-a6af-6bd9e8b786a0","prev_last_polygon_uuid":"accadeb1-88db-461f-8c0e-26b47f152290","local_government_cd":"016080","point_lng":143.011885232,"point_lat":42.212031529}},{"arcs":[[404]],"type":"Polygon","properties":{"polygon_uuid":"2cea70fb-10bb-41f5-8c5a-e7858dd4f98c","land_type":200,"issue_year":2024,"edit_year":2020,"history":"[{\"筆ポリゴンID\":\"6294c5e4-4ecd-4efb-aa46-e26fd77b7a45\",\"更新年度\":2023,\"前年同一\":true},[{\"筆ポリゴンID\":\"4ef5f856-6aff-441b-a0fc-7b3dfda2000d\",\"更新年度\":2022,\"前年同一\":true},[{\"筆ポリゴンID\":\"9cfdb72c-6c6c-4662-a272-719d7a026b39\",\"更新年度\":2021,\"前年同一\":true},{\"筆ポリゴンID\":\"9cfdb72c-6c6c-4662-a272-719d7a026b39\",\"発生年度\":2020}]]]","last_polygon_uuid":"6294c5e4-4ecd-4efb-aa46-e26fd77b7a45","prev_last_polygon_uuid":"4ef5f856-6aff-441b-a0fc-7b3dfda2000d","local_government_cd":"016080","point_lng":143.002837661,"point_lat":42.195806239}},{"arcs":[[405]],"type":"Polygon","properties":{"polygon_uuid":"d4e827de-1b90-4f6a-9bcc-acba0f942c73","land_type":200,"issue_year":2024,"edit_year":2020,"history":"[{\"筆ポリゴンID\":\"faac122f-56e9-4f70-bf21-4366b35db0e1\",\"更新年度\":2023,\"前年同一\":true},[{\"筆ポリゴンID\":\"e8f4fb6e-3a95-43eb-9063-c390a4e1c9ba\",\"更新年度\":2022,\"前年同一\":true},[{\"筆ポリゴンID\":\"c72c11dd-f161-47bd-bc9a-c314cd377cde\",\"更新年度\":2021,\"前年同一\":true},{\"筆ポリゴンID\":\"c72c11dd-f161-47bd-bc9a-c314cd377cde\",\"発生年度\":2020}]]]","last_polygon_uuid":"faac122f-56e9-4f70-bf21-4366b35db0e1","prev_last_polygon_uuid":"e8f4fb6e-3a95-43eb-9063-c390a4e1c9ba","local_government_cd":"016080","point_lng":143.016693988,"point_lat":42.21501121}},{"arcs":[[406]],"type":"Polygon","properties":{"polygon_uuid":"ee03085f-f2f9-4573-bd0e-8b4377b19b5a","land_type":200,"issue_year":2024,"edit_year":2020,"history":"[{\"筆ポリゴンID\":\"ff4f3ecb-4d31-48bc-8d6f-cba08cfbcd0d\",\"更新年度\":2023,\"前年同一\":true},[{\"筆ポリゴンID\":\"d0dbeeb0-ed2a-4d0e-a295-94e7ddafe650\",\"更新年度\":2022,\"前年同一\":true},[{\"筆ポリゴンID\":\"53366d40-efc0-43fa-8073-0d5a791385f3\",\"更新年度\":2021,\"前年同一\":true},{\"筆ポリゴンID\":\"53366d40-efc0-43fa-8073-0d5a791385f3\",\"発生年度\":2020}]]]","last_polygon_uuid":"ff4f3ecb-4d31-48bc-8d6f-cba08cfbcd0d","prev_last_polygon_uuid":"d0dbeeb0-ed2a-4d0e-a295-94e7ddafe650","local_government_cd":"016080","point_lng":142.95258927,"point_lat":42.16873762}},{"arcs":[[407]],"type":"Polygon","properties":{"polygon_uuid":"b8715f9d-2434-406e-bb8d-ba228b1044f5","land_type":200,"issue_year":2024,"edit_year":2020,"history":"[{\"筆ポリゴンID\":\"6a9f78e2-dfca-4788-a14b-3ef2d9411f78\",\"更新年度\":2023,\"前年同一\":true},[{\"筆ポリゴンID\":\"44e95873-d98a-4198-8d0f-3d06d9b9da30\",\"更新年度\":2022,\"前年同一\":true},[{\"筆ポリゴンID\":\"6485db32-871e-483e-b4ce-a3196eb1a80e\",\"更新年度\":2021,\"前年同一\":true},{\"筆ポリゴンID\":\"6485db32-871e-483e-b4ce-a3196eb1a80e\",\"発生年度\":2020}]]]","last_polygon_uuid":"6a9f78e2-dfca-4788-a14b-3ef2d9411f78","prev_last_polygon_uuid":"44e95873-d98a-4198-8d0f-3d06d9b9da30","local_government_cd":"016080","point_lng":142.927628315,"point_lat":42.167989272}},{"arcs":[[408]],"type":"Polygon","properties":{"polygon_uuid":"893f1054-5501-4fb0-a5e1-8905ec6fe7bf","land_type":200,"issue_year":2024,"edit_year":2020,"history":"[{\"筆ポリゴンID\":\"a5daddcc-027e-410f-9f3b-fec57ae0d997\",\"更新年度\":2023,\"前年同一\":true},[{\"筆ポリゴンID\":\"6d1bbac6-1fab-4bb8-a7bd-6082e43b69fc\",\"更新年度\":2022,\"前年同一\":true},[{\"筆ポリゴンID\":\"22d94db6-3525-41e8-a882-a6765efb35e5\",\"更新年度\":2021,\"前年同一\":true},{\"筆ポリゴンID\":\"22d94db6-3525-41e8-a882-a6765efb35e5\",\"発生年度\":2020}]]]","last_polygon_uuid":"a5daddcc-027e-410f-9f3b-fec57ae0d997","prev_last_polygon_uuid":"6d1bbac6-1fab-4bb8-a7bd-6082e43b69fc","local_government_cd":"016080","point_lng":142.902235325,"point_lat":42.180323135}},{"arcs":[[409]],"type":"Polygon","properties":{"polygon_uuid":"18278516-afb4-4b47-829c-10c4bda55e0a","land_type":200,"issue_year":2024,"edit_year":2020,"history":"[{\"筆ポリゴンID\":\"c5cff3e7-5335-4ae0-b1f6-15bcaa14bf1c\",\"更新年度\":2023,\"前年同一\":true},[{\"筆ポリゴンID\":\"187bdca3-7cb7-46b1-a1c0-a169c632ab8b\",\"更新年度\":2022,\"前年同一\":true},[{\"筆ポリゴンID\":\"1cffbe2f-2eb0-4e2d-be6a-fc5b0f38e1a8\",\"更新年度\":2021,\"前年同一\":true},{\"筆ポリゴンID\":\"1cffbe2f-2eb0-4e2d-be6a-fc5b0f38e1a8\",\"発生年度\":2020}]]]","last_polygon_uuid":"c5cff3e7-5335-4ae0-b1f6-15bcaa14bf1c","prev_last_polygon_uuid":"187bdca3-7cb7-46b1-a1c0-a169c632ab8b","local_government_cd":"016080","point_lng":142.964386817,"point_lat":42.128558264}},{"arcs":[[410]],"type":"Polygon","properties":{"polygon_uuid":"ee24cdf0-d988-47e0-9478-be23cd87459f","land_type":200,"issue_year":2024,"edit_year":2020,"history":"[{\"筆ポリゴンID\":\"ecef0729-1300-40ee-9bdd-3492942481ef\",\"更新年度\":2023,\"前年同一\":true},[{\"筆ポリゴンID\":\"dd286b38-3020-4bd1-b126-fc18e4bd364c\",\"更新年度\":2022,\"前年同一\":true},[{\"筆ポリゴンID\":\"3e1a90cf-a40a-4bf8-a076-ccac3dbc8083\",\"更新年度\":2021,\"前年同一\":true},{\"筆ポリゴンID\":\"3e1a90cf-a40a-4bf8-a076-ccac3dbc8083\",\"発生年度\":2020}]]]","last_polygon_uuid":"ecef0729-1300-40ee-9bdd-3492942481ef","prev_last_polygon_uuid":"dd286b38-3020-4bd1-b126-fc18e4bd364c","local_government_cd":"016080","point_lng":142.881494021,"point_lat":42.154878728}},{"arcs":[[411]],"type":"Polygon","properties":{"polygon_uuid":"09d2dc3c-dce0-4182-934d-776429fd5776","land_type":200,"issue_year":2024,"edit_year":2020,"history":"[{\"筆ポリゴンID\":\"94c37845-8765-420e-911d-d3e6d53eea68\",\"更新年度\":2023,\"前年同一\":true},[{\"筆ポリゴンID\":\"dc1e283d-7ad1-4baf-ac59-97897d3b901e\",\"更新年度\":2022,\"前年同一\":true},[{\"筆ポリゴンID\":\"9f2cedf9-4697-4a32-a9aa-740ebb70d00c\",\"更新年度\":2021,\"前年同一\":true},{\"筆ポリゴンID\":\"9f2cedf9-4697-4a32-a9aa-740ebb70d00c\",\"発生年度\":2020}]]]","last_polygon_uuid":"94c37845-8765-420e-911d-d3e6d53eea68","prev_last_polygon_uuid":"dc1e283d-7ad1-4baf-ac59-97897d3b901e","local_government_cd":"016080","point_lng":142.947019348,"point_lat":42.179133139}},{"arcs":[[412]],"type":"Polygon","properties":{"polygon_uuid":"7a620f18-6a2c-497f-a02e-261847f0e0c1","land_type":200,"issue_year":2024,"edit_year":2020,"history":"[{\"筆ポリゴンID\":\"171f3f0d-16f9-43ac-837b-854609213227\",\"更新年度\":2023,\"前年同一\":true},[{\"筆ポリゴンID\":\"f4202eb6-fa77-4e05-b6f0-5abf33db0ef1\",\"更新年度\":2022,\"前年同一\":true},[{\"筆ポリゴンID\":\"7bb94a83-8bc2-4594-a248-56a1ebe1a212\",\"更新年度\":2021,\"前年同一\":true},{\"筆ポリゴンID\":\"7bb94a83-8bc2-4594-a248-56a1ebe1a212\",\"発生年度\":2020}]]]","last_polygon_uuid":"171f3f0d-16f9-43ac-837b-854609213227","prev_last_polygon_uuid":"f4202eb6-fa77-4e05-b6f0-5abf33db0ef1","local_government_cd":"016080","point_lng":142.964591364,"point_lat":42.13008013}},{"arcs":[[413]],"type":"Polygon","properties":{"polygon_uuid":"60ce40fe-1085-4761-86a2-03f698a74e6c","land_type":200,"issue_year":2024,"edit_year":2020,"history":"[{\"筆ポリゴンID\":\"cf86f9f5-365f-4e39-a6a3-5a9059925f9f\",\"更新年度\":2023,\"前年同一\":true},[{\"筆ポリゴンID\":\"37d153b3-fb4f-4d70-b8de-dc0f5b48856f\",\"更新年度\":2022,\"前年同一\":true},[{\"筆ポリゴンID\":\"b2135d55-b503-4b18-9c80-0129c1266a9f\",\"更新年度\":2021,\"前年同一\":true},{\"筆ポリゴンID\":\"b2135d55-b503-4b18-9c80-0129c1266a9f\",\"発生年度\":2020}]]]","last_polygon_uuid":"cf86f9f5-365f-4e39-a6a3-5a9059925f9f","prev_last_polygon_uuid":"37d153b3-fb4f-4d70-b8de-dc0f5b48856f","local_government_cd":"016080","point_lng":142.930588861,"point_lat":42.170159264}},{"arcs":[[414]],"type":"Polygon","properties":{"polygon_uuid":"da4c5e87-6b07-489f-b11c-3b1f5e094aaf","land_type":200,"issue_year":2024,"edit_year":2020,"history":"[{\"筆ポリゴンID\":\"9a0f31c5-2fd9-4158-8775-d00168fb4a31\",\"更新年度\":2023,\"前年同一\":true},[{\"筆ポリゴンID\":\"395c032a-3e56-472b-ac43-84ee35d5d511\",\"更新年度\":2022,\"前年同一\":true},[{\"筆ポリゴンID\":\"93ca722b-d57b-4acc-bef3-f4ab9d4062e9\",\"更新年度\":2021,\"前年同一\":true},{\"筆ポリゴンID\":\"93ca722b-d57b-4acc-bef3-f4ab9d4062e9\",\"発生年度\":2020}]]]","last_polygon_uuid":"9a0f31c5-2fd9-4158-8775-d00168fb4a31","prev_last_polygon_uuid":"395c032a-3e56-472b-ac43-84ee35d5d511","local_government_cd":"016080","point_lng":143.029866925,"point_lat":42.195093914}},{"arcs":[[415]],"type":"Polygon","properties":{"polygon_uuid":"5f13417d-3a50-489e-a0a0-def99786ff5b","land_type":200,"issue_year":2024,"edit_year":2020,"history":"[{\"筆ポリゴンID\":\"b4078baf-fe7b-4bd5-bad7-9b01eee741b7\",\"更新年度\":2023,\"前年同一\":true},[{\"筆ポリゴンID\":\"54654d7b-6b1c-4657-81a6-edb79ecf2222\",\"更新年度\":2022,\"前年同一\":true},[{\"筆ポリゴンID\":\"aab4dc3a-e891-4658-955f-ec0b98c9a022\",\"更新年度\":2021,\"前年同一\":true},{\"筆ポリゴンID\":\"aab4dc3a-e891-4658-955f-ec0b98c9a022\",\"発生年度\":2020}]]]","last_polygon_uuid":"b4078baf-fe7b-4bd5-bad7-9b01eee741b7","prev_last_polygon_uuid":"54654d7b-6b1c-4657-81a6-edb79ecf2222","local_government_cd":"016080","point_lng":142.970270168,"point_lat":42.175354624}},{"arcs":[[416]],"type":"Polygon","properties":{"polygon_uuid":"0af53845-1ec8-4a4c-bb1d-4c3f00aba2e3","land_type":200,"issue_year":2024,"edit_year":2020,"history":"[{\"筆ポリゴンID\":\"b460b94e-4ba3-4e7b-a071-40262ad72d38\",\"更新年度\":2023,\"前年同一\":true},[{\"筆ポリゴンID\":\"ffb2868d-5215-481a-9204-f5a48c47d54d\",\"更新年度\":2022,\"前年同一\":true},[{\"筆ポリゴンID\":\"f4b41750-e2fc-4d55-b500-109b2ff3f1d4\",\"更新年度\":2021,\"前年同一\":true},{\"筆ポリゴンID\":\"f4b41750-e2fc-4d55-b500-109b2ff3f1d4\",\"発生年度\":2020}]]]","last_polygon_uuid":"b460b94e-4ba3-4e7b-a071-40262ad72d38","prev_last_polygon_uuid":"ffb2868d-5215-481a-9204-f5a48c47d54d","local_government_cd":"016080","point_lng":142.966580131,"point_lat":42.174497805}},{"arcs":[[417]],"type":"Polygon","properties":{"polygon_uuid":"77c4c2a3-0078-4bcd-a9a3-acc30e1ac5c0","land_type":200,"issue_year":2024,"edit_year":2020,"history":"[{\"筆ポリゴンID\":\"4e3e83c7-cef4-43d0-8d04-b804a421bee5\",\"更新年度\":2023,\"前年同一\":true},[{\"筆ポリゴンID\":\"a0a4b361-0443-4446-9f91-72947ae861d7\",\"更新年度\":2022,\"前年同一\":true},[{\"筆ポリゴンID\":\"7fb0c0e0-6376-4890-b72b-61cee22fa6c5\",\"更新年度\":2021,\"前年同一\":true},{\"筆ポリゴンID\":\"7fb0c0e0-6376-4890-b72b-61cee22fa6c5\",\"発生年度\":2020}]]]","last_polygon_uuid":"4e3e83c7-cef4-43d0-8d04-b804a421bee5","prev_last_polygon_uuid":"a0a4b361-0443-4446-9f91-72947ae861d7","local_government_cd":"016080","point_lng":142.904452596,"point_lat":42.178633397}},{"arcs":[[418]],"type":"Polygon","properties":{"polygon_uuid":"c835d99d-278f-492d-90eb-c0d67a916a31","land_type":200,"issue_year":2024,"edit_year":2020,"history":"[{\"筆ポリゴンID\":\"ea2a2dff-1fe0-4db4-b9c1-20d62fe4bc8d\",\"更新年度\":2023,\"前年同一\":true},[{\"筆ポリゴンID\":\"438f6a77-913e-4518-9f46-fffb49e97fd7\",\"更新年度\":2022,\"前年同一\":true},[{\"筆ポリゴンID\":\"9c672d9e-5d82-42ad-a0d5-aa695978920e\",\"更新年度\":2021,\"前年同一\":true},{\"筆ポリゴンID\":\"9c672d9e-5d82-42ad-a0d5-aa695978920e\",\"発生年度\":2020}]]]","last_polygon_uuid":"ea2a2dff-1fe0-4db4-b9c1-20d62fe4bc8d","prev_last_polygon_uuid":"438f6a77-913e-4518-9f46-fffb49e97fd7","local_government_cd":"016080","point_lng":142.878136638,"point_lat":42.15038461}},{"arcs":[[419,-378]],"type":"Polygon","properties":{"polygon_uuid":"2ca116cf-1b32-4fc0-a3e1-fa5aa3c60ac0","land_type":200,"issue_year":2024,"edit_year":2020,"history":"[{\"筆ポリゴンID\":\"ee0897ba-327d-44ef-ad2c-2b3305972da6\",\"更新年度\":2023,\"前年同一\":true},[{\"筆ポリゴンID\":\"94345603-39a4-4521-91db-8792129d065f\",\"更新年度\":2022,\"前年同一\":true},[{\"筆ポリゴンID\":\"54e7086c-9f0e-46fe-8b3a-23433adbeacb\",\"更新年度\":2021,\"前年同一\":true},{\"筆ポリゴンID\":\"54e7086c-9f0e-46fe-8b3a-23433adbeacb\",\"発生年度\":2020}]]]","last_polygon_uuid":"ee0897ba-327d-44ef-ad2c-2b3305972da6","prev_last_polygon_uuid":"94345603-39a4-4521-91db-8792129d065f","local_government_cd":"016080","point_lng":142.955900773,"point_lat":42.170583195}},{"arcs":[[420]],"type":"Polygon","properties":{"polygon_uuid":"a7356c79-f459-4c56-a57b-d1af4a48edcc","land_type":200,"issue_year":2024,"edit_year":2020,"history":"[{\"筆ポリゴンID\":\"a6d738a0-47b8-4621-b503-7809d8cee9d8\",\"更新年度\":2023,\"前年同一\":true},[{\"筆ポリゴンID\":\"b9e829bc-f7b2-4974-9be4-5d814feb4ead\",\"更新年度\":2022,\"前年同一\":true},[{\"筆ポリゴンID\":\"ebf6ccaa-757c-4942-af07-38b3a31d866a\",\"更新年度\":2021,\"前年同一\":true},{\"筆ポリゴンID\":\"ebf6ccaa-757c-4942-af07-38b3a31d866a\",\"発生年度\":2020}]]]","last_polygon_uuid":"a6d738a0-47b8-4621-b503-7809d8cee9d8","prev_last_polygon_uuid":"b9e829bc-f7b2-4974-9be4-5d814feb4ead","local_government_cd":"016080","point_lng":143.012729739,"point_lat":42.21385778}},{"arcs":[[421,422]],"type":"Polygon","properties":{"polygon_uuid":"3159b291-5487-48a2-b5f4-84fb4783ee7f","land_type":200,"issue_year":2024,"edit_year":2020,"history":"[{\"筆ポリゴンID\":\"d6da76f3-f2d2-4de8-b39a-1a0d0ca95f5f\",\"更新年度\":2023,\"前年同一\":true},[{\"筆ポリゴンID\":\"26ebd190-f201-4d39-b936-9dedd53aa199\",\"更新年度\":2022,\"前年同一\":true},[{\"筆ポリゴンID\":\"2de537e5-84b2-4a00-9efd-1b1b27b8e345\",\"更新年度\":2021,\"前年同一\":true},{\"筆ポリゴンID\":\"2de537e5-84b2-4a00-9efd-1b1b27b8e345\",\"発生年度\":2020}]]]","last_polygon_uuid":"d6da76f3-f2d2-4de8-b39a-1a0d0ca95f5f","prev_last_polygon_uuid":"26ebd190-f201-4d39-b936-9dedd53aa199","local_government_cd":"016080","point_lng":142.87717992,"point_lat":42.14196871}},{"arcs":[[423]],"type":"Polygon","properties":{"polygon_uuid":"e98bfe1f-d54b-474b-9565-cc72ad5c886b","land_type":200,"issue_year":2024,"edit_year":2020,"history":"[{\"筆ポリゴンID\":\"17dc3379-f0cb-4c51-a55a-4fa5cd7c106d\",\"更新年度\":2023,\"前年同一\":true},[{\"筆ポリゴンID\":\"9f4da2dd-f531-4a2d-8a85-36a1e889205b\",\"更新年度\":2022,\"前年同一\":true},[{\"筆ポリゴンID\":\"76ee37eb-9949-439d-82a0-a98c6ab1ecf1\",\"更新年度\":2021,\"前年同一\":true},{\"筆ポリゴンID\":\"76ee37eb-9949-439d-82a0-a98c6ab1ecf1\",\"発生年度\":2020}]]]","last_polygon_uuid":"17dc3379-f0cb-4c51-a55a-4fa5cd7c106d","prev_last_polygon_uuid":"9f4da2dd-f531-4a2d-8a85-36a1e889205b","local_government_cd":"016080","point_lng":142.885091952,"point_lat":42.155173193}},{"arcs":[[424]],"type":"Polygon","properties":{"polygon_uuid":"6ef57463-be9b-4a2f-b174-e61bf598334d","land_type":200,"issue_year":2024,"edit_year":2020,"history":"[{\"筆ポリゴンID\":\"96f5adcb-049e-4988-98f5-64b651ebbf52\",\"更新年度\":2023,\"前年同一\":true},[{\"筆ポリゴンID\":\"c4c64db1-668e-4eef-8110-f795435bc07e\",\"更新年度\":2022,\"前年同一\":true},[{\"筆ポリゴンID\":\"5771a416-d033-4527-a92b-652c261ba3a4\",\"更新年度\":2021,\"前年同一\":true},{\"筆ポリゴンID\":\"5771a416-d033-4527-a92b-652c261ba3a4\",\"発生年度\":2020}]]]","last_polygon_uuid":"96f5adcb-049e-4988-98f5-64b651ebbf52","prev_last_polygon_uuid":"c4c64db1-668e-4eef-8110-f795435bc07e","local_government_cd":"016080","point_lng":143.004737031,"point_lat":42.196056509}},{"arcs":[[425]],"type":"Polygon","properties":{"polygon_uuid":"62f99a61-9c35-44e6-a0e0-b440a965e243","land_type":200,"issue_year":2024,"edit_year":2020,"history":"[{\"筆ポリゴンID\":\"2ec5c0df-fd6d-48e0-b20b-67b2a7b6d883\",\"更新年度\":2023,\"前年同一\":true},[{\"筆ポリゴンID\":\"263b0607-54ac-41d6-b63a-ed761b7ff0d9\",\"更新年度\":2022,\"前年同一\":true},[{\"筆ポリゴンID\":\"ff8fc741-8a2d-4f3a-be48-48b562b3743d\",\"更新年度\":2021,\"前年同一\":true},{\"筆ポリゴンID\":\"ff8fc741-8a2d-4f3a-be48-48b562b3743d\",\"発生年度\":2020}]]]","last_polygon_uuid":"2ec5c0df-fd6d-48e0-b20b-67b2a7b6d883","prev_last_polygon_uuid":"263b0607-54ac-41d6-b63a-ed761b7ff0d9","local_government_cd":"016080","point_lng":142.94123639,"point_lat":42.172301481}},{"arcs":[[426]],"type":"Polygon","properties":{"polygon_uuid":"4378afa6-16ed-4425-8b64-b8bc627a87cf","land_type":200,"issue_year":2024,"edit_year":2020,"history":"[{\"筆ポリゴンID\":\"1e7132c5-4fea-450c-adbf-02255082cb25\",\"更新年度\":2023,\"前年同一\":true},[{\"筆ポリゴンID\":\"6767251e-468c-49a9-afec-4776627776f8\",\"更新年度\":2022,\"前年同一\":true},[{\"筆ポリゴンID\":\"ac830d14-2aa5-4233-b14e-bbae3ad88996\",\"更新年度\":2021,\"前年同一\":true},{\"筆ポリゴンID\":\"ac830d14-2aa5-4233-b14e-bbae3ad88996\",\"発生年度\":2020}]]]","last_polygon_uuid":"1e7132c5-4fea-450c-adbf-02255082cb25","prev_last_polygon_uuid":"6767251e-468c-49a9-afec-4776627776f8","local_government_cd":"016080","point_lng":143.029814479,"point_lat":42.193514039}},{"arcs":[[427]],"type":"Polygon","properties":{"polygon_uuid":"ea316154-cc24-46c6-b321-1f88b6aefc37","land_type":200,"issue_year":2024,"edit_year":2020,"history":"[{\"筆ポリゴンID\":\"c5aa6f37-dabd-45cd-bc30-f2693e57c008\",\"更新年度\":2023,\"前年同一\":true},[{\"筆ポリゴンID\":\"d0d31e2f-9b63-4960-9fdf-23052a0fa3c4\",\"更新年度\":2022,\"前年同一\":true},[{\"筆ポリゴンID\":\"bd0a3783-ec60-49cb-84e5-7d00fad554f0\",\"更新年度\":2021,\"前年同一\":true},{\"筆ポリゴンID\":\"bd0a3783-ec60-49cb-84e5-7d00fad554f0\",\"発生年度\":2020}]]]","last_polygon_uuid":"c5aa6f37-dabd-45cd-bc30-f2693e57c008","prev_last_polygon_uuid":"d0d31e2f-9b63-4960-9fdf-23052a0fa3c4","local_government_cd":"016080","point_lng":142.973704049,"point_lat":42.176147047}},{"arcs":[[-341,428]],"type":"Polygon","properties":{"polygon_uuid":"bfedf22d-4ae8-434a-84df-4a50ebdabb03","land_type":200,"issue_year":2024,"edit_year":2020,"history":"[{\"筆ポリゴンID\":\"2290f072-a449-4afe-a2a4-6603b11d1e34\",\"更新年度\":2023,\"前年同一\":true},[{\"筆ポリゴンID\":\"7f7b544f-4abc-4f35-9e93-8fedc9f389d5\",\"更新年度\":2022,\"前年同一\":true},[{\"筆ポリゴンID\":\"5fad5ace-17f3-494c-a67c-efe4c90fdb28\",\"更新年度\":2021,\"前年同一\":true},{\"筆ポリゴンID\":\"5fad5ace-17f3-494c-a67c-efe4c90fdb28\",\"発生年度\":2020}]]]","last_polygon_uuid":"2290f072-a449-4afe-a2a4-6603b11d1e34","prev_last_polygon_uuid":"7f7b544f-4abc-4f35-9e93-8fedc9f389d5","local_government_cd":"016080","point_lng":142.959227901,"point_lat":42.176648027}},{"arcs":[[429]],"type":"Polygon","properties":{"polygon_uuid":"174373a2-a018-482e-a365-5880d7633d0e","land_type":200,"issue_year":2024,"edit_year":2020,"history":"[{\"筆ポリゴンID\":\"c42b3d8a-8d48-4348-9555-e14362f71a30\",\"更新年度\":2023,\"前年同一\":true},[{\"筆ポリゴンID\":\"d5e14c3d-4fe5-4e87-a104-70e03ad7b004\",\"更新年度\":2022,\"前年同一\":true},[{\"筆ポリゴンID\":\"a2ce3089-601a-4303-8d00-f4153f8fd4ad\",\"更新年度\":2021,\"前年同一\":true},{\"筆ポリゴンID\":\"a2ce3089-601a-4303-8d00-f4153f8fd4ad\",\"発生年度\":2020}]]]","last_polygon_uuid":"c42b3d8a-8d48-4348-9555-e14362f71a30","prev_last_polygon_uuid":"d5e14c3d-4fe5-4e87-a104-70e03ad7b004","local_government_cd":"016080","point_lng":142.941864508,"point_lat":42.175150578}},{"arcs":[[430]],"type":"Polygon","properties":{"polygon_uuid":"68dfb10b-e847-4d2c-a0cd-c1d7eab4c512","land_type":200,"issue_year":2024,"edit_year":2020,"history":"[{\"筆ポリゴンID\":\"65d47b23-0121-4943-accc-4b1092780076\",\"更新年度\":2023,\"前年同一\":true},[{\"筆ポリゴンID\":\"6f8a73c3-d307-4e09-91ac-545e841e0f9c\",\"更新年度\":2022,\"前年同一\":true},[{\"筆ポリゴンID\":\"6c0e70b5-ac88-4fe9-b30f-a4ea1661c2f5\",\"更新年度\":2021,\"前年同一\":true},{\"筆ポリゴンID\":\"6c0e70b5-ac88-4fe9-b30f-a4ea1661c2f5\",\"発生年度\":2020}]]]","last_polygon_uuid":"65d47b23-0121-4943-accc-4b1092780076","prev_last_polygon_uuid":"6f8a73c3-d307-4e09-91ac-545e841e0f9c","local_government_cd":"016080","point_lng":143.004774628,"point_lat":42.214679784}},{"arcs":[[431]],"type":"Polygon","properties":{"polygon_uuid":"c1eea8b7-a15c-4acf-8f3b-028fe3ba9c13","land_type":200,"issue_year":2024,"edit_year":2020,"history":"[{\"筆ポリゴンID\":\"6ae6e0bd-1257-4ccd-a84b-f7cc18901e6f\",\"更新年度\":2023,\"前年同一\":true},[{\"筆ポリゴンID\":\"7b0514a0-ccb0-4764-b4c9-7ead45cacbf6\",\"更新年度\":2022,\"前年同一\":true},[{\"筆ポリゴンID\":\"3772222f-8ac6-43d0-aa3a-2fdfb253c05a\",\"更新年度\":2021,\"前年同一\":true},{\"筆ポリゴンID\":\"3772222f-8ac6-43d0-aa3a-2fdfb253c05a\",\"発生年度\":2020}]]]","last_polygon_uuid":"6ae6e0bd-1257-4ccd-a84b-f7cc18901e6f","prev_last_polygon_uuid":"7b0514a0-ccb0-4764-b4c9-7ead45cacbf6","local_government_cd":"016080","point_lng":142.948812853,"point_lat":42.18301977}},{"arcs":[[432]],"type":"Polygon","properties":{"polygon_uuid":"6c622cc8-af39-453e-a12a-9b46d815cafd","land_type":200,"issue_year":2024,"edit_year":2020,"history":"[{\"筆ポリゴンID\":\"a716895e-ce88-400e-ac5e-b05c9c46af21\",\"更新年度\":2023,\"前年同一\":true},[{\"筆ポリゴンID\":\"055e0516-f840-46be-86c7-5edc068404ce\",\"更新年度\":2022,\"前年同一\":true},[{\"筆ポリゴンID\":\"84dbaac9-dfe8-46b3-a1b7-7404276c0fcb\",\"更新年度\":2021,\"前年同一\":true},{\"筆ポリゴンID\":\"84dbaac9-dfe8-46b3-a1b7-7404276c0fcb\",\"発生年度\":2020}]]]","last_polygon_uuid":"a716895e-ce88-400e-ac5e-b05c9c46af21","prev_last_polygon_uuid":"055e0516-f840-46be-86c7-5edc068404ce","local_government_cd":"016080","point_lng":143.016017912,"point_lat":42.215873258}},{"arcs":[[433]],"type":"Polygon","properties":{"polygon_uuid":"03e89679-adc6-49f1-95e6-211e2a567295","land_type":200,"issue_year":2024,"edit_year":2020,"history":"[{\"筆ポリゴンID\":\"4b9d0d87-cadc-400e-81cf-3bb5e680e85d\",\"更新年度\":2023,\"前年同一\":true},[{\"筆ポリゴンID\":\"8253a8cd-b5fb-4746-a3e3-8f7ac080b881\",\"更新年度\":2022,\"前年同一\":true},[{\"筆ポリゴンID\":\"b6363b23-06cd-4d70-aa1b-f97b2ef6232e\",\"更新年度\":2021,\"前年同一\":true},{\"筆ポリゴンID\":\"b6363b23-06cd-4d70-aa1b-f97b2ef6232e\",\"発生年度\":2020}]]]","last_polygon_uuid":"4b9d0d87-cadc-400e-81cf-3bb5e680e85d","prev_last_polygon_uuid":"8253a8cd-b5fb-4746-a3e3-8f7ac080b881","local_government_cd":"016080","point_lng":142.962946052,"point_lat":42.177006515}},{"arcs":[[434]],"type":"Polygon","properties":{"polygon_uuid":"55ff9b91-8340-4456-a2db-be5abb09d2ee","land_type":200,"issue_year":2024,"edit_year":2020,"history":"[{\"筆ポリゴンID\":\"18468469-8fd5-4037-bf40-9f2c9d1a9cd5\",\"更新年度\":2023,\"前年同一\":true},[{\"筆ポリゴンID\":\"3baf1f6e-a8e9-4436-84c0-0bcadca462c8\",\"更新年度\":2022,\"前年同一\":true},[{\"筆ポリゴンID\":\"9433722e-a3c4-4491-9516-b883ee6fc0ae\",\"更新年度\":2021,\"前年同一\":true},{\"筆ポリゴンID\":\"9433722e-a3c4-4491-9516-b883ee6fc0ae\",\"発生年度\":2020}]]]","last_polygon_uuid":"18468469-8fd5-4037-bf40-9f2c9d1a9cd5","prev_last_polygon_uuid":"3baf1f6e-a8e9-4436-84c0-0bcadca462c8","local_government_cd":"016080","point_lng":142.958065387,"point_lat":42.170191244}},{"arcs":[[435,-361,-354]],"type":"Polygon","properties":{"polygon_uuid":"eae18dcb-b571-40e3-85f0-8107e51ac220","land_type":200,"issue_year":2024,"edit_year":2020,"history":"[{\"筆ポリゴンID\":\"c6b87127-d0d9-481d-93af-40bb1631bab3\",\"更新年度\":2023,\"前年同一\":true},[{\"筆ポリゴンID\":\"0b7fe4a2-2a9e-4066-9218-98c5daa2c96b\",\"更新年度\":2022,\"前年同一\":true},[{\"筆ポリゴンID\":\"41f1f038-2948-4b60-b76e-ba86bb3457e7\",\"更新年度\":2021,\"前年同一\":true},{\"筆ポリゴンID\":\"41f1f038-2948-4b60-b76e-ba86bb3457e7\",\"発生年度\":2020}]]]","last_polygon_uuid":"c6b87127-d0d9-481d-93af-40bb1631bab3","prev_last_polygon_uuid":"0b7fe4a2-2a9e-4066-9218-98c5daa2c96b","local_government_cd":"016080","point_lng":142.95814824,"point_lat":42.175688133}},{"arcs":[[436]],"type":"Polygon","properties":{"polygon_uuid":"bd3874c3-2175-4819-9b18-52e5858b1426","land_type":200,"issue_year":2024,"edit_year":2020,"history":"[{\"筆ポリゴンID\":\"b449d969-4af9-452a-abd1-471673dd56a6\",\"更新年度\":2023,\"前年同一\":true},[{\"筆ポリゴンID\":\"77c62915-a606-4036-9418-cd65192515e6\",\"更新年度\":2022,\"前年同一\":true},[{\"筆ポリゴンID\":\"28614808-ed86-4442-9a87-1fd85ce31e41\",\"更新年度\":2021,\"前年同一\":true},{\"筆ポリゴンID\":\"28614808-ed86-4442-9a87-1fd85ce31e41\",\"発生年度\":2020}]]]","last_polygon_uuid":"b449d969-4af9-452a-abd1-471673dd56a6","prev_last_polygon_uuid":"77c62915-a606-4036-9418-cd65192515e6","local_government_cd":"016080","point_lng":143.02816768,"point_lat":42.196201828}},{"arcs":[[437]],"type":"Polygon","properties":{"polygon_uuid":"cb74cac5-e6ac-483f-a3d4-d8b88358e134","land_type":200,"issue_year":2024,"edit_year":2020,"history":"[{\"筆ポリゴンID\":\"2964c77c-3548-42a8-920b-843963bc580d\",\"更新年度\":2023,\"前年同一\":true},[{\"筆ポリゴンID\":\"27bafcf9-3440-4b7b-9cf5-eac0b26f7d71\",\"更新年度\":2022,\"前年同一\":true},[{\"筆ポリゴンID\":\"70c378ca-5285-42c4-9604-bd10fcb68f62\",\"更新年度\":2021,\"前年同一\":true},{\"筆ポリゴンID\":\"70c378ca-5285-42c4-9604-bd10fcb68f62\",\"発生年度\":2020}]]]","last_polygon_uuid":"2964c77c-3548-42a8-920b-843963bc580d","prev_last_polygon_uuid":"27bafcf9-3440-4b7b-9cf5-eac0b26f7d71","local_government_cd":"016080","point_lng":142.982000418,"point_lat":42.145327033}},{"arcs":[[438]],"type":"Polygon","properties":{"polygon_uuid":"ebee461d-6717-406f-84a7-c9209ff560dd","land_type":200,"issue_year":2024,"edit_year":2020,"history":"[{\"筆ポリゴンID\":\"7da992d8-99bb-4872-bea0-9393f86361d5\",\"更新年度\":2023,\"前年同一\":true},[{\"筆ポリゴンID\":\"09142a3a-12b6-405c-9e4d-8b284b7634c3\",\"更新年度\":2022,\"前年同一\":true},[{\"筆ポリゴンID\":\"e32bb47b-be9e-4896-aa51-1d7d7a2ca243\",\"更新年度\":2021,\"前年同一\":true},{\"筆ポリゴンID\":\"e32bb47b-be9e-4896-aa51-1d7d7a2ca243\",\"発生年度\":2020}]]]","last_polygon_uuid":"7da992d8-99bb-4872-bea0-9393f86361d5","prev_last_polygon_uuid":"09142a3a-12b6-405c-9e4d-8b284b7634c3","local_government_cd":"016080","point_lng":142.972310701,"point_lat":42.170113157}},{"arcs":[[439]],"type":"Polygon","properties":{"polygon_uuid":"6e2ec22f-51f1-41fe-9fba-54bae87b4cb9","land_type":200,"issue_year":2024,"edit_year":2020,"history":"[{\"筆ポリゴンID\":\"1d3c599b-37ed-4e74-b4cc-faf0ed8c16f7\",\"更新年度\":2023,\"前年同一\":true},[{\"筆ポリゴンID\":\"0eca5649-0467-40a2-91da-71a518e1242e\",\"更新年度\":2022,\"前年同一\":true},[{\"筆ポリゴンID\":\"10234723-a1bf-4feb-bb84-ab1883624d6d\",\"更新年度\":2021,\"前年同一\":true},{\"筆ポリゴンID\":\"10234723-a1bf-4feb-bb84-ab1883624d6d\",\"発生年度\":2020}]]]","last_polygon_uuid":"1d3c599b-37ed-4e74-b4cc-faf0ed8c16f7","prev_last_polygon_uuid":"0eca5649-0467-40a2-91da-71a518e1242e","local_government_cd":"016080","point_lng":143.008774323,"point_lat":42.20320079}},{"arcs":[[440,441,442,-401,443,444,-381,445]],"type":"Polygon","properties":{"polygon_uuid":"163041c2-12e0-4c34-8b26-143e97b20241","land_type":200,"issue_year":2024,"edit_year":2020,"history":"[{\"筆ポリゴンID\":\"e8de53ac-c838-4879-9a5c-d648789f6062\",\"更新年度\":2023,\"前年同一\":true},[{\"筆ポリゴンID\":\"22bb10ea-c849-4b49-bec6-446de83dc471\",\"更新年度\":2022,\"前年同一\":true},[{\"筆ポリゴンID\":\"e1ae9ade-7c52-4b6a-8bf4-64d98deb0c44\",\"更新年度\":2021,\"前年同一\":true},{\"筆ポリゴンID\":\"e1ae9ade-7c52-4b6a-8bf4-64d98deb0c44\",\"発生年度\":2020}]]]","last_polygon_uuid":"e8de53ac-c838-4879-9a5c-d648789f6062","prev_last_polygon_uuid":"22bb10ea-c849-4b49-bec6-446de83dc471","local_government_cd":"016080","point_lng":142.955134301,"point_lat":42.169544802}},{"arcs":[[446]],"type":"Polygon","properties":{"polygon_uuid":"2d61d34d-b5df-4a73-9ab1-7dc13741c93c","land_type":200,"issue_year":2024,"edit_year":2020,"history":"[{\"筆ポリゴンID\":\"46bfa8e2-6c28-4bf7-9971-5250af842ce8\",\"更新年度\":2023,\"前年同一\":true},[{\"筆ポリゴンID\":\"9048357f-8b9e-4003-b77f-eeb3ef13f043\",\"更新年度\":2022,\"前年同一\":true},[{\"筆ポリゴンID\":\"b2146b63-9645-40df-b7fd-06e6d86676a5\",\"更新年度\":2021,\"前年同一\":true},{\"筆ポリゴンID\":\"b2146b63-9645-40df-b7fd-06e6d86676a5\",\"発生年度\":2020}]]]","last_polygon_uuid":"46bfa8e2-6c28-4bf7-9971-5250af842ce8","prev_last_polygon_uuid":"9048357f-8b9e-4003-b77f-eeb3ef13f043","local_government_cd":"016080","point_lng":142.964443828,"point_lat":42.172935134}},{"arcs":[[447]],"type":"Polygon","properties":{"polygon_uuid":"3ebec49f-6110-4548-abab-48e1fcab6cf7","land_type":200,"issue_year":2024,"edit_year":2020,"history":"[{\"筆ポリゴンID\":\"8fede88f-e646-4b91-9e95-970c09c761e6\",\"更新年度\":2023,\"前年同一\":true},[{\"筆ポリゴンID\":\"64a1ae73-4726-4726-a7c8-b0309fcfac1f\",\"更新年度\":2022,\"前年同一\":true},[{\"筆ポリゴンID\":\"ff8533c7-357a-4e8c-b973-ac676665442d\",\"更新年度\":2021,\"前年同一\":true},{\"筆ポリゴンID\":\"ff8533c7-357a-4e8c-b973-ac676665442d\",\"発生年度\":2020}]]]","last_polygon_uuid":"8fede88f-e646-4b91-9e95-970c09c761e6","prev_last_polygon_uuid":"64a1ae73-4726-4726-a7c8-b0309fcfac1f","local_government_cd":"016080","point_lng":142.964138655,"point_lat":42.135050161}},{"arcs":[[448]],"type":"Polygon","properties":{"polygon_uuid":"cc9e4821-276a-45f0-9814-86cd86c9f48a","land_type":200,"issue_year":2024,"edit_year":2020,"history":"[{\"筆ポリゴンID\":\"bb2fe8ed-8fc9-48e2-b3a2-107c56043839\",\"更新年度\":2023,\"前年同一\":true},[{\"筆ポリゴンID\":\"19527661-a055-49f5-8616-72100577660f\",\"更新年度\":2022,\"前年同一\":true},[{\"筆ポリゴンID\":\"17a83b8f-74d6-4cdb-949c-ca9f7c28bbc0\",\"更新年度\":2021,\"前年同一\":true},{\"筆ポリゴンID\":\"17a83b8f-74d6-4cdb-949c-ca9f7c28bbc0\",\"発生年度\":2020}]]]","last_polygon_uuid":"bb2fe8ed-8fc9-48e2-b3a2-107c56043839","prev_last_polygon_uuid":"19527661-a055-49f5-8616-72100577660f","local_government_cd":"016080","point_lng":142.871162545,"point_lat":42.147952573}},{"arcs":[[449]],"type":"Polygon","properties":{"polygon_uuid":"a5c58540-d3b0-4c33-b52b-fbb2acc8b138","land_type":200,"issue_year":2024,"edit_year":2020,"history":"[{\"筆ポリゴンID\":\"cc1990e2-d08a-462c-a2ea-55f391764a4a\",\"更新年度\":2023,\"前年同一\":true},[{\"筆ポリゴンID\":\"debf1ccf-58b3-4471-8fc6-69ed189534ea\",\"更新年度\":2022,\"前年同一\":true},[{\"筆ポリゴンID\":\"9dc74758-f8ce-4c38-a895-5128ea12739a\",\"更新年度\":2021,\"前年同一\":true},{\"筆ポリゴンID\":\"9dc74758-f8ce-4c38-a895-5128ea12739a\",\"発生年度\":2020}]]]","last_polygon_uuid":"cc1990e2-d08a-462c-a2ea-55f391764a4a","prev_last_polygon_uuid":"debf1ccf-58b3-4471-8fc6-69ed189534ea","local_government_cd":"016080","point_lng":143.012588001,"point_lat":42.212014174}},{"arcs":[[450]],"type":"Polygon","properties":{"polygon_uuid":"92f7bf8e-5b87-4c45-a7f9-15573a5f8a83","land_type":200,"issue_year":2024,"edit_year":2020,"history":"[{\"筆ポリゴンID\":\"0c8fc7f6-7115-4854-aae8-3e6fe5e00577\",\"更新年度\":2023,\"前年同一\":true},[{\"筆ポリゴンID\":\"438d824f-2850-4a98-a6a5-a3bb985cb4bf\",\"更新年度\":2022,\"前年同一\":true},[{\"筆ポリゴンID\":\"0d2bc9b0-5357-4834-b1cc-2d7b80949e4e\",\"更新年度\":2021,\"前年同一\":true},{\"筆ポリゴンID\":\"0d2bc9b0-5357-4834-b1cc-2d7b80949e4e\",\"発生年度\":2020}]]]","last_polygon_uuid":"0c8fc7f6-7115-4854-aae8-3e6fe5e00577","prev_last_polygon_uuid":"438d824f-2850-4a98-a6a5-a3bb985cb4bf","local_government_cd":"016080","point_lng":142.883924103,"point_lat":42.156748743}},{"arcs":[[451]],"type":"Polygon","properties":{"polygon_uuid":"5cf9a88c-a5e4-4629-a6fe-fba04c3a4296","land_type":200,"issue_year":2024,"edit_year":2020,"history":"[{\"筆ポリゴンID\":\"ac5ba8bf-2cdf-472b-a4bc-926de7280e20\",\"更新年度\":2023,\"前年同一\":true},[{\"筆ポリゴンID\":\"55e3a10f-1f21-4872-b641-ca1d38700167\",\"更新年度\":2022,\"前年同一\":true},[{\"筆ポリゴンID\":\"9abc1124-3aec-4fee-8bdd-f94739864333\",\"更新年度\":2021,\"前年同一\":true},{\"筆ポリゴンID\":\"9abc1124-3aec-4fee-8bdd-f94739864333\",\"発生年度\":2020}]]]","last_polygon_uuid":"ac5ba8bf-2cdf-472b-a4bc-926de7280e20","prev_last_polygon_uuid":"55e3a10f-1f21-4872-b641-ca1d38700167","local_government_cd":"016080","point_lng":143.018770213,"point_lat":42.194387474}},{"arcs":[[452]],"type":"Polygon","properties":{"polygon_uuid":"81ce8a06-5053-4c72-afdc-d828f9ced2c1","land_type":200,"issue_year":2024,"edit_year":2020,"history":"[{\"筆ポリゴンID\":\"f11f931f-bf12-402c-bf73-27d6a67a5ce5\",\"更新年度\":2023,\"前年同一\":true},[{\"筆ポリゴンID\":\"555544fd-c4ac-494e-b89d-b9c29beec9f3\",\"更新年度\":2022,\"前年同一\":true},[{\"筆ポリゴンID\":\"97548f75-7c42-4c06-8b28-cdb38542083c\",\"更新年度\":2021,\"前年同一\":true},{\"筆ポリゴンID\":\"97548f75-7c42-4c06-8b28-cdb38542083c\",\"発生年度\":2020}]]]","last_polygon_uuid":"f11f931f-bf12-402c-bf73-27d6a67a5ce5","prev_last_polygon_uuid":"555544fd-c4ac-494e-b89d-b9c29beec9f3","local_government_cd":"016080","point_lng":143.00458373,"point_lat":42.212857364}},{"arcs":[[453]],"type":"Polygon","properties":{"polygon_uuid":"6343f7e3-a46e-48a0-9362-24beea8fac53","land_type":200,"issue_year":2024,"edit_year":2020,"history":"[{\"筆ポリゴンID\":\"714aa53d-fe99-40d2-9fb6-8fb227ead68d\",\"更新年度\":2023,\"前年同一\":true},[{\"筆ポリゴンID\":\"47247b92-5c50-4fb6-a91f-221c741e1a24\",\"更新年度\":2022,\"前年同一\":true},[{\"筆ポリゴンID\":\"b4ff3585-1571-4500-87ae-2e448c9530ea\",\"更新年度\":2021,\"前年同一\":true},{\"筆ポリゴンID\":\"b4ff3585-1571-4500-87ae-2e448c9530ea\",\"発生年度\":2020}]]]","last_polygon_uuid":"714aa53d-fe99-40d2-9fb6-8fb227ead68d","prev_last_polygon_uuid":"47247b92-5c50-4fb6-a91f-221c741e1a24","local_government_cd":"016080","point_lng":142.964935018,"point_lat":42.174149916}},{"arcs":[[454]],"type":"Polygon","properties":{"polygon_uuid":"fa211183-87df-49d1-ae9d-eff8be9a8e6c","land_type":200,"issue_year":2024,"edit_year":2020,"history":"[{\"筆ポリゴンID\":\"e58a7f24-b7b1-41c9-82ca-ea3a7bece530\",\"更新年度\":2023,\"前年同一\":true},[{\"筆ポリゴンID\":\"c57c09f1-b913-4a06-bf98-493c94c1e0d4\",\"更新年度\":2022,\"前年同一\":true},[{\"筆ポリゴンID\":\"e02ed7ad-91c5-46c7-ba24-00d3ec459030\",\"更新年度\":2021,\"前年同一\":true},{\"筆ポリゴンID\":\"e02ed7ad-91c5-46c7-ba24-00d3ec459030\",\"発生年度\":2020}]]]","last_polygon_uuid":"e58a7f24-b7b1-41c9-82ca-ea3a7bece530","prev_last_polygon_uuid":"c57c09f1-b913-4a06-bf98-493c94c1e0d4","local_government_cd":"016080","point_lng":142.9168818,"point_lat":42.177399064}},{"arcs":[[455,456]],"type":"Polygon","properties":{"polygon_uuid":"a55bf890-723f-454b-bdb2-ee68271a1d5f","land_type":200,"issue_year":2024,"edit_year":2020,"history":"[{\"筆ポリゴンID\":\"aea2807f-42d0-43d5-ad3e-18f3e7dd039c\",\"更新年度\":2023,\"前年同一\":true},[{\"筆ポリゴンID\":\"1763c0a2-7286-4e81-a508-1c0674f1a028\",\"更新年度\":2022,\"前年同一\":true},[{\"筆ポリゴンID\":\"c59bdb0f-7989-46dc-bbe6-b4e8642bd9f2\",\"更新年度\":2021,\"前年同一\":true},{\"筆ポリゴンID\":\"c59bdb0f-7989-46dc-bbe6-b4e8642bd9f2\",\"発生年度\":2020}]]]","last_polygon_uuid":"aea2807f-42d0-43d5-ad3e-18f3e7dd039c","prev_last_polygon_uuid":"1763c0a2-7286-4e81-a508-1c0674f1a028","local_government_cd":"016080","point_lng":142.868848663,"point_lat":42.146380787}},{"arcs":[[457]],"type":"Polygon","properties":{"polygon_uuid":"106e0381-6c79-4a31-9ef5-3794a7295247","land_type":200,"issue_year":2024,"edit_year":2020,"history":"[{\"筆ポリゴンID\":\"4e10da83-0831-4a57-a6dd-19bb50b82e54\",\"更新年度\":2023,\"前年同一\":true},[{\"筆ポリゴンID\":\"fb7765ec-1090-4dc9-8d9b-0254d7f1162c\",\"更新年度\":2022,\"前年同一\":true},[{\"筆ポリゴンID\":\"341d1914-ca40-4356-9d22-fd2bfaf71265\",\"更新年度\":2021,\"前年同一\":true},{\"筆ポリゴンID\":\"341d1914-ca40-4356-9d22-fd2bfaf71265\",\"発生年度\":2020}]]]","last_polygon_uuid":"4e10da83-0831-4a57-a6dd-19bb50b82e54","prev_last_polygon_uuid":"fb7765ec-1090-4dc9-8d9b-0254d7f1162c","local_government_cd":"016080","point_lng":142.897558337,"point_lat":42.178722358}},{"arcs":[[458,459]],"type":"Polygon","properties":{"polygon_uuid":"f1c8c90c-4cf5-48b2-8521-e22f7d049b40","land_type":200,"issue_year":2024,"edit_year":2020,"history":"[{\"筆ポリゴンID\":\"3b36aac4-36d1-498b-ab43-9b7c03d0a200\",\"更新年度\":2023,\"前年同一\":true},[{\"筆ポリゴンID\":\"8729ed4a-d370-4e69-949f-16004e2d94ab\",\"更新年度\":2022,\"前年同一\":true},[{\"筆ポリゴンID\":\"69918c1f-4b76-45b0-bbb3-c234d7ff12de\",\"更新年度\":2021,\"前年同一\":true},{\"筆ポリゴンID\":\"69918c1f-4b76-45b0-bbb3-c234d7ff12de\",\"発生年度\":2020}]]]","last_polygon_uuid":"3b36aac4-36d1-498b-ab43-9b7c03d0a200","prev_last_polygon_uuid":"8729ed4a-d370-4e69-949f-16004e2d94ab","local_government_cd":"016080","point_lng":142.897799721,"point_lat":42.177769683}},{"arcs":[[460]],"type":"Polygon","properties":{"polygon_uuid":"92dbca90-d6a3-47e2-9fad-26ad29331031","land_type":200,"issue_year":2024,"edit_year":2020,"history":"[{\"筆ポリゴンID\":\"be5971a1-a0cc-4a87-85fc-f720f86ddbfd\",\"更新年度\":2023,\"前年同一\":true},[{\"筆ポリゴンID\":\"e786a522-2ca8-4e64-ab19-8bee82397b4a\",\"更新年度\":2022,\"前年同一\":true},[{\"筆ポリゴンID\":\"54b0dcdc-73f2-482a-b2ab-595c0a543e3a\",\"更新年度\":2021,\"前年同一\":true},{\"筆ポリゴンID\":\"54b0dcdc-73f2-482a-b2ab-595c0a543e3a\",\"発生年度\":2020}]]]","last_polygon_uuid":"be5971a1-a0cc-4a87-85fc-f720f86ddbfd","prev_last_polygon_uuid":"e786a522-2ca8-4e64-ab19-8bee82397b4a","local_government_cd":"016080","point_lng":142.898814675,"point_lat":42.179005571}},{"arcs":[[461]],"type":"Polygon","properties":{"polygon_uuid":"b9e28efc-fa4f-4483-bf94-a174730e6ec8","land_type":200,"issue_year":2024,"edit_year":2020,"history":"[{\"筆ポリゴンID\":\"32e7d501-97e5-4b71-bcff-0fb5a78cee4b\",\"更新年度\":2023,\"前年同一\":true},[{\"筆ポリゴンID\":\"cf496947-6e3c-4ef4-8f66-675038be8889\",\"更新年度\":2022,\"前年同一\":true},[{\"筆ポリゴンID\":\"8926a056-3f68-4c0a-99e9-f7f0c96bb06c\",\"更新年度\":2021,\"前年同一\":true},{\"筆ポリゴンID\":\"8926a056-3f68-4c0a-99e9-f7f0c96bb06c\",\"発生年度\":2020}]]]","last_polygon_uuid":"32e7d501-97e5-4b71-bcff-0fb5a78cee4b","prev_last_polygon_uuid":"cf496947-6e3c-4ef4-8f66-675038be8889","local_government_cd":"016080","point_lng":143.010032663,"point_lat":42.215249093}},{"arcs":[[462]],"type":"Polygon","properties":{"polygon_uuid":"e144970d-eccd-4d86-b3e8-8348aacb95c3","land_type":200,"issue_year":2024,"edit_year":2020,"history":"[{\"筆ポリゴンID\":\"4c2b78ab-6ec2-4b8a-b165-27eed06414b1\",\"更新年度\":2023,\"前年同一\":true},[{\"筆ポリゴンID\":\"55adc4af-50fb-444f-a6eb-be00b5f20b14\",\"更新年度\":2022,\"前年同一\":true},[{\"筆ポリゴンID\":\"75ac8a37-7045-4398-8b93-9e21db54d0dc\",\"更新年度\":2021,\"前年同一\":true},{\"筆ポリゴンID\":\"75ac8a37-7045-4398-8b93-9e21db54d0dc\",\"発生年度\":2020}]]]","last_polygon_uuid":"4c2b78ab-6ec2-4b8a-b165-27eed06414b1","prev_last_polygon_uuid":"55adc4af-50fb-444f-a6eb-be00b5f20b14","local_government_cd":"016080","point_lng":142.959767648,"point_lat":42.174921653}},{"arcs":[[463]],"type":"Polygon","properties":{"polygon_uuid":"c49b2b89-671c-410c-a13c-26b2a0309384","land_type":200,"issue_year":2024,"edit_year":2020,"history":"[{\"筆ポリゴンID\":\"1d3f0249-6bc6-4196-95f7-1dcc1e1dff1d\",\"更新年度\":2023,\"前年同一\":true},[{\"筆ポリゴンID\":\"f11f3fa5-bd59-436b-8cad-d1e7bf2cf8d4\",\"更新年度\":2022,\"前年同一\":true},[{\"筆ポリゴンID\":\"6910940e-2dfd-4a85-b5d8-b0f5cb06183f\",\"更新年度\":2021,\"前年同一\":true},{\"筆ポリゴンID\":\"6910940e-2dfd-4a85-b5d8-b0f5cb06183f\",\"発生年度\":2020}]]]","last_polygon_uuid":"1d3f0249-6bc6-4196-95f7-1dcc1e1dff1d","prev_last_polygon_uuid":"f11f3fa5-bd59-436b-8cad-d1e7bf2cf8d4","local_government_cd":"016080","point_lng":143.003413329,"point_lat":42.194243061}},{"arcs":[[464]],"type":"Polygon","properties":{"polygon_uuid":"aebd134b-9914-42f9-82e3-1826f0b1ec7d","land_type":200,"issue_year":2024,"edit_year":2020,"history":"[{\"筆ポリゴンID\":\"b3611975-4fbf-49ff-b2e3-2e7858b9651f\",\"更新年度\":2023,\"前年同一\":true},[{\"筆ポリゴンID\":\"ad01498a-1755-402c-8602-b8a4e5e60915\",\"更新年度\":2022,\"前年同一\":true},[{\"筆ポリゴンID\":\"36a67c80-560a-4422-9abc-00b3d0cbfe8f\",\"更新年度\":2021,\"前年同一\":true},{\"筆ポリゴンID\":\"36a67c80-560a-4422-9abc-00b3d0cbfe8f\",\"発生年度\":2020}]]]","last_polygon_uuid":"b3611975-4fbf-49ff-b2e3-2e7858b9651f","prev_last_polygon_uuid":"ad01498a-1755-402c-8602-b8a4e5e60915","local_government_cd":"016080","point_lng":142.907061983,"point_lat":42.176550311}},{"arcs":[[465]],"type":"Polygon","properties":{"polygon_uuid":"09b3da7b-db3a-43e6-8484-3ea027ebf5d0","land_type":200,"issue_year":2024,"edit_year":2020,"history":"[{\"筆ポリゴンID\":\"8258baa0-bf2a-452a-9bec-0f5c1d7e1b98\",\"更新年度\":2023,\"前年同一\":true},[{\"筆ポリゴンID\":\"ed3f8590-cceb-4e05-92c8-9db35f2e624a\",\"更新年度\":2022,\"前年同一\":true},[{\"筆ポリゴンID\":\"86524d9e-3578-474e-9c21-7977877a3303\",\"更新年度\":2021,\"前年同一\":true},{\"筆ポリゴンID\":\"86524d9e-3578-474e-9c21-7977877a3303\",\"発生年度\":2020}]]]","last_polygon_uuid":"8258baa0-bf2a-452a-9bec-0f5c1d7e1b98","prev_last_polygon_uuid":"ed3f8590-cceb-4e05-92c8-9db35f2e624a","local_government_cd":"016080","point_lng":142.910224479,"point_lat":42.169296222}},{"arcs":[[466]],"type":"Polygon","properties":{"polygon_uuid":"04ad9f2b-bd82-4b8c-ab20-4392f2768f24","land_type":200,"issue_year":2024,"edit_year":2020,"history":"[{\"筆ポリゴンID\":\"646021be-7515-439a-86c8-7659d2fcc9be\",\"更新年度\":2023,\"前年同一\":true},[{\"筆ポリゴンID\":\"18a4254f-2136-4443-b74f-0c27f76b6923\",\"更新年度\":2022,\"前年同一\":true},[{\"筆ポリゴンID\":\"f75ae437-622c-4f9a-bc6a-efa1702b09d4\",\"更新年度\":2021,\"前年同一\":true},{\"筆ポリゴンID\":\"f75ae437-622c-4f9a-bc6a-efa1702b09d4\",\"発生年度\":2020}]]]","last_polygon_uuid":"646021be-7515-439a-86c8-7659d2fcc9be","prev_last_polygon_uuid":"18a4254f-2136-4443-b74f-0c27f76b6923","local_government_cd":"016080","point_lng":142.897370751,"point_lat":42.179134263}},{"arcs":[[467]],"type":"Polygon","properties":{"polygon_uuid":"460b4aaf-b97a-483a-950d-3d39fcd096b6","land_type":200,"issue_year":2024,"edit_year":2020,"history":"[{\"筆ポリゴンID\":\"f393d4ef-24a0-41b9-ae87-1df3476b52d8\",\"更新年度\":2023,\"前年同一\":true},[{\"筆ポリゴンID\":\"2c08a95d-5c09-45c8-a433-285c08ee3f5d\",\"更新年度\":2022,\"前年同一\":true},[{\"筆ポリゴンID\":\"f70d2c93-1b41-42cf-850e-ccb28695524d\",\"更新年度\":2021,\"前年同一\":true},{\"筆ポリゴンID\":\"f70d2c93-1b41-42cf-850e-ccb28695524d\",\"発生年度\":2020}]]]","last_polygon_uuid":"f393d4ef-24a0-41b9-ae87-1df3476b52d8","prev_last_polygon_uuid":"2c08a95d-5c09-45c8-a433-285c08ee3f5d","local_government_cd":"016080","point_lng":142.975062139,"point_lat":42.175885751}},{"arcs":[[-397,468]],"type":"Polygon","properties":{"polygon_uuid":"5401ee3c-4336-4a7e-93e4-aa5e15924d99","land_type":200,"issue_year":2024,"edit_year":2020,"history":"[{\"筆ポリゴンID\":\"69658c08-7de4-40fb-bcfe-fe6ff7cf7493\",\"更新年度\":2023,\"前年同一\":true},[{\"筆ポリゴンID\":\"1819a798-f23d-4014-b095-1b8ce24db198\",\"更新年度\":2022,\"前年同一\":true},[{\"筆ポリゴンID\":\"6004b699-b13c-42a1-8f49-28af6b5e7253\",\"更新年度\":2021,\"前年同一\":true},{\"筆ポリゴンID\":\"6004b699-b13c-42a1-8f49-28af6b5e7253\",\"発生年度\":2020}]]]","last_polygon_uuid":"69658c08-7de4-40fb-bcfe-fe6ff7cf7493","prev_last_polygon_uuid":"1819a798-f23d-4014-b095-1b8ce24db198","local_government_cd":"016080","point_lng":142.940682127,"point_lat":42.180977047}},{"arcs":[[469]],"type":"Polygon","properties":{"polygon_uuid":"6a7bef34-9cd0-4a79-a5bb-2fe6fa37b83e","land_type":200,"issue_year":2024,"edit_year":2020,"history":"[{\"筆ポリゴンID\":\"f6b09609-66a0-4b09-bc08-4dc1ea0fa483\",\"更新年度\":2023,\"前年同一\":true},[{\"筆ポリゴンID\":\"e3b6dea5-a897-4039-9a99-31664f550386\",\"更新年度\":2022,\"前年同一\":true},[{\"筆ポリゴンID\":\"30a8cd35-d627-460b-ac58-319bfcd61b6d\",\"更新年度\":2021,\"前年同一\":true},{\"筆ポリゴンID\":\"30a8cd35-d627-460b-ac58-319bfcd61b6d\",\"発生年度\":2020}]]]","last_polygon_uuid":"f6b09609-66a0-4b09-bc08-4dc1ea0fa483","prev_last_polygon_uuid":"e3b6dea5-a897-4039-9a99-31664f550386","local_government_cd":"016080","point_lng":142.884590953,"point_lat":42.159162815}},{"arcs":[[470]],"type":"Polygon","properties":{"polygon_uuid":"904f87f4-1d3c-46e3-9189-0ac611c94d86","land_type":200,"issue_year":2024,"edit_year":2020,"history":"[{\"筆ポリゴンID\":\"a25f07d9-8a50-47fe-8680-43e680f23a2b\",\"更新年度\":2023,\"前年同一\":true},[{\"筆ポリゴンID\":\"8c58ab10-9343-4f00-99c4-2863ab79e5dc\",\"更新年度\":2022,\"前年同一\":true},[{\"筆ポリゴンID\":\"e320da45-e3b1-4c88-bae4-974e7c0995a6\",\"更新年度\":2021,\"前年同一\":true},{\"筆ポリゴンID\":\"e320da45-e3b1-4c88-bae4-974e7c0995a6\",\"発生年度\":2020}]]]","last_polygon_uuid":"a25f07d9-8a50-47fe-8680-43e680f23a2b","prev_last_polygon_uuid":"8c58ab10-9343-4f00-99c4-2863ab79e5dc","local_government_cd":"016080","point_lng":142.898751997,"point_lat":42.178095632}},{"arcs":[[471]],"type":"Polygon","properties":{"polygon_uuid":"9a65d8c8-99eb-477e-965d-dbbc49bad590","land_type":200,"issue_year":2024,"edit_year":2020,"history":"[{\"筆ポリゴンID\":\"9fb492a7-dd90-4eed-bd02-57e2f28d4609\",\"更新年度\":2023,\"前年同一\":true},[{\"筆ポリゴンID\":\"e2a94bf0-edd9-45bd-ac4d-08a03072078c\",\"更新年度\":2022,\"前年同一\":true},[{\"筆ポリゴンID\":\"a0d8bc78-6db2-4412-9d44-7e3a1c8fbcdd\",\"更新年度\":2021,\"前年同一\":true},{\"筆ポリゴンID\":\"a0d8bc78-6db2-4412-9d44-7e3a1c8fbcdd\",\"発生年度\":2020}]]]","last_polygon_uuid":"9fb492a7-dd90-4eed-bd02-57e2f28d4609","prev_last_polygon_uuid":"e2a94bf0-edd9-45bd-ac4d-08a03072078c","local_government_cd":"016080","point_lng":142.877011357,"point_lat":42.145379103}},{"arcs":[[472]],"type":"Polygon","properties":{"polygon_uuid":"1ae72819-b6f5-4dcc-8832-99aee05a3893","land_type":200,"issue_year":2024,"edit_year":2020,"history":"[{\"筆ポリゴンID\":\"f50a3ea8-16b3-4683-addf-331990fde08d\",\"更新年度\":2023,\"前年同一\":true},[{\"筆ポリゴンID\":\"d9fe6571-8e28-4edc-b133-78b0f03e1831\",\"更新年度\":2022,\"前年同一\":true},[{\"筆ポリゴンID\":\"c05e2dd4-0e39-492e-9748-d89f515769a8\",\"更新年度\":2021,\"前年同一\":true},{\"筆ポリゴンID\":\"c05e2dd4-0e39-492e-9748-d89f515769a8\",\"発生年度\":2020}]]]","last_polygon_uuid":"f50a3ea8-16b3-4683-addf-331990fde08d","prev_last_polygon_uuid":"d9fe6571-8e28-4edc-b133-78b0f03e1831","local_government_cd":"016080","point_lng":142.866535423,"point_lat":42.135579903}},{"arcs":[[473,474]],"type":"Polygon","properties":{"polygon_uuid":"1cb99487-b769-4b2c-b2f2-1a8d2db6ca05","land_type":200,"issue_year":2024,"edit_year":2020,"history":"[{\"筆ポリゴンID\":\"74a17cce-e623-4f83-99ac-5015ffe96989\",\"更新年度\":2023,\"前年同一\":true},[{\"筆ポリゴンID\":\"060ae401-7aaf-4972-ba32-b2bcc2da30b7\",\"更新年度\":2022,\"前年同一\":true},[{\"筆ポリゴンID\":\"dfd93b2d-3012-460f-b244-68a779458785\",\"更新年度\":2021,\"前年同一\":true},{\"筆ポリゴンID\":\"dfd93b2d-3012-460f-b244-68a779458785\",\"発生年度\":2020}]]]","last_polygon_uuid":"74a17cce-e623-4f83-99ac-5015ffe96989","prev_last_polygon_uuid":"060ae401-7aaf-4972-ba32-b2bcc2da30b7","local_government_cd":"016080","point_lng":143.016219498,"point_lat":42.193352963}},{"arcs":[[475]],"type":"Polygon","properties":{"polygon_uuid":"32487d74-6963-4e9a-b6fc-e347ad8d0426","land_type":200,"issue_year":2024,"edit_year":2020,"history":"[{\"筆ポリゴンID\":\"d02df734-08e5-4d5d-8e37-b6dc719386f9\",\"更新年度\":2023,\"前年同一\":true},[{\"筆ポリゴンID\":\"9a641e5a-c10a-44a9-bd40-f2dbd47d6714\",\"更新年度\":2022,\"前年同一\":true},[{\"筆ポリゴンID\":\"d27d5e8e-0bdc-434a-a9a9-9b5b003fa765\",\"更新年度\":2021,\"前年同一\":true},{\"筆ポリゴンID\":\"d27d5e8e-0bdc-434a-a9a9-9b5b003fa765\",\"発生年度\":2020}]]]","last_polygon_uuid":"d02df734-08e5-4d5d-8e37-b6dc719386f9","prev_last_polygon_uuid":"9a641e5a-c10a-44a9-bd40-f2dbd47d6714","local_government_cd":"016080","point_lng":142.96431519,"point_lat":42.131811361}},{"arcs":[[476]],"type":"Polygon","properties":{"polygon_uuid":"b6dd31d8-c312-43d7-9298-dec478caf6a3","land_type":200,"issue_year":2024,"edit_year":2020,"history":"[{\"筆ポリゴンID\":\"a3548071-c696-4faa-974c-2a6da74b4043\",\"更新年度\":2023,\"前年同一\":true},[{\"筆ポリゴンID\":\"09f12322-1dc6-4c6c-916d-248a14a893ce\",\"更新年度\":2022,\"前年同一\":true},[{\"筆ポリゴンID\":\"3e33d22a-cbc1-4341-8476-cb4df1638f93\",\"更新年度\":2021,\"前年同一\":true},{\"筆ポリゴンID\":\"3e33d22a-cbc1-4341-8476-cb4df1638f93\",\"発生年度\":2020}]]]","last_polygon_uuid":"a3548071-c696-4faa-974c-2a6da74b4043","prev_last_polygon_uuid":"09f12322-1dc6-4c6c-916d-248a14a893ce","local_government_cd":"016080","point_lng":142.914921846,"point_lat":42.178131936}},{"arcs":[[477]],"type":"Polygon","properties":{"polygon_uuid":"cf594aec-ed15-494b-af49-cda4cb8f96d7","land_type":200,"issue_year":2024,"edit_year":2020,"history":"[{\"筆ポリゴンID\":\"14057d96-b20e-4c20-8c04-fb54ae7ee587\",\"更新年度\":2023,\"前年同一\":true},[{\"筆ポリゴンID\":\"dc9a169e-a480-4152-8819-91bf221fa192\",\"更新年度\":2022,\"前年同一\":true},[{\"筆ポリゴンID\":\"33a5121b-e995-4fc2-9b69-7eeb557854c4\",\"更新年度\":2021,\"前年同一\":true},{\"筆ポリゴンID\":\"33a5121b-e995-4fc2-9b69-7eeb557854c4\",\"発生年度\":2020}]]]","last_polygon_uuid":"14057d96-b20e-4c20-8c04-fb54ae7ee587","prev_last_polygon_uuid":"dc9a169e-a480-4152-8819-91bf221fa192","local_government_cd":"016080","point_lng":142.930532934,"point_lat":42.17515062}},{"arcs":[[478]],"type":"Polygon","properties":{"polygon_uuid":"b3db8f0f-ff09-4e77-991b-14142820952c","land_type":200,"issue_year":2024,"edit_year":2020,"history":"[{\"筆ポリゴンID\":\"4c32cf8d-7bdd-4ca7-9c11-9ad6b6d5a582\",\"更新年度\":2023,\"前年同一\":true},[{\"筆ポリゴンID\":\"d4a1b7d0-23df-42a1-9fc6-3775165a59cd\",\"更新年度\":2022,\"前年同一\":true},[{\"筆ポリゴンID\":\"49000247-94df-44e8-be2e-c4f36edd5491\",\"更新年度\":2021,\"前年同一\":true},{\"筆ポリゴンID\":\"49000247-94df-44e8-be2e-c4f36edd5491\",\"発生年度\":2020}]]]","last_polygon_uuid":"4c32cf8d-7bdd-4ca7-9c11-9ad6b6d5a582","prev_last_polygon_uuid":"d4a1b7d0-23df-42a1-9fc6-3775165a59cd","local_government_cd":"016080","point_lng":143.01495836,"point_lat":42.214180772}},{"arcs":[[479]],"type":"Polygon","properties":{"polygon_uuid":"3d7b2a36-9bdd-4d68-8966-0ad9d5e21771","land_type":200,"issue_year":2024,"edit_year":2020,"history":"[{\"筆ポリゴンID\":\"9e8ba5cf-aeff-48c1-b5f7-edf1e670fe56\",\"更新年度\":2023,\"前年同一\":true},[{\"筆ポリゴンID\":\"cf7651e4-1d06-4cfd-b671-08179becb9eb\",\"更新年度\":2022,\"前年同一\":true},[{\"筆ポリゴンID\":\"4e4b3814-dba1-4787-bccc-deb8442bd87a\",\"更新年度\":2021,\"前年同一\":true},{\"筆ポリゴンID\":\"4e4b3814-dba1-4787-bccc-deb8442bd87a\",\"発生年度\":2020}]]]","last_polygon_uuid":"9e8ba5cf-aeff-48c1-b5f7-edf1e670fe56","prev_last_polygon_uuid":"cf7651e4-1d06-4cfd-b671-08179becb9eb","local_government_cd":"016080","point_lng":142.916990035,"point_lat":42.177668661}},{"arcs":[[480]],"type":"Polygon","properties":{"polygon_uuid":"fb85622f-04a7-4f4f-9f61-8722bbc9c84f","land_type":200,"issue_year":2024,"edit_year":2020,"history":"[{\"筆ポリゴンID\":\"fdff9dc5-10c9-4d9f-8936-d8e55f008dd7\",\"更新年度\":2023,\"前年同一\":true},[{\"筆ポリゴンID\":\"e3bebceb-1ede-4f39-b0c7-d045f5f6f2d6\",\"更新年度\":2022,\"前年同一\":true},[{\"筆ポリゴンID\":\"9ed09b36-1874-4c8d-8f45-ca61f8467ab4\",\"更新年度\":2021,\"前年同一\":true},{\"筆ポリゴンID\":\"9ed09b36-1874-4c8d-8f45-ca61f8467ab4\",\"発生年度\":2020}]]]","last_polygon_uuid":"fdff9dc5-10c9-4d9f-8936-d8e55f008dd7","prev_last_polygon_uuid":"e3bebceb-1ede-4f39-b0c7-d045f5f6f2d6","local_government_cd":"016080","point_lng":142.986666776,"point_lat":42.193388513}},{"arcs":[[481]],"type":"Polygon","properties":{"polygon_uuid":"b98df560-be16-4e2f-aeb5-9c40a03b8da4","land_type":200,"issue_year":2024,"edit_year":2020,"history":"[{\"筆ポリゴンID\":\"cca9190b-78d4-44e6-a306-583bf70205dd\",\"更新年度\":2023,\"前年同一\":true},[{\"筆ポリゴンID\":\"8a94ae85-cb2c-4ff4-8e0b-bdf9843eb478\",\"更新年度\":2022,\"前年同一\":true},[{\"筆ポリゴンID\":\"17c3e2af-5402-45fa-804d-437b74338b0d\",\"更新年度\":2021,\"前年同一\":true},{\"筆ポリゴンID\":\"17c3e2af-5402-45fa-804d-437b74338b0d\",\"発生年度\":2020}]]]","last_polygon_uuid":"cca9190b-78d4-44e6-a306-583bf70205dd","prev_last_polygon_uuid":"8a94ae85-cb2c-4ff4-8e0b-bdf9843eb478","local_government_cd":"016080","point_lng":142.878265003,"point_lat":42.139598013}},{"arcs":[[482]],"type":"Polygon","properties":{"polygon_uuid":"0817c829-9462-4685-8864-881c317858da","land_type":200,"issue_year":2024,"edit_year":2020,"history":"[{\"筆ポリゴンID\":\"2eda3987-d619-4ae0-bcbc-46ca0a55b6aa\",\"更新年度\":2023,\"前年同一\":true},[{\"筆ポリゴンID\":\"48324014-55da-42cc-958f-9641e24d46ef\",\"更新年度\":2022,\"前年同一\":true},[{\"筆ポリゴンID\":\"7944a3bc-f069-4c31-a239-9cb9811ecde7\",\"更新年度\":2021,\"前年同一\":true},{\"筆ポリゴンID\":\"7944a3bc-f069-4c31-a239-9cb9811ecde7\",\"発生年度\":2020}]]]","last_polygon_uuid":"2eda3987-d619-4ae0-bcbc-46ca0a55b6aa","prev_last_polygon_uuid":"48324014-55da-42cc-958f-9641e24d46ef","local_government_cd":"016080","point_lng":142.884942932,"point_lat":42.157788506}},{"arcs":[[483]],"type":"Polygon","properties":{"polygon_uuid":"3535abc4-f280-4e34-b637-1eba1f7df505","land_type":200,"issue_year":2024,"edit_year":2020,"history":"[{\"筆ポリゴンID\":\"8dbb1d24-db22-4343-86f0-6b7ea66b278d\",\"更新年度\":2023,\"前年同一\":true},[{\"筆ポリゴンID\":\"6a04af1a-0737-4162-8908-507a58942eef\",\"更新年度\":2022,\"前年同一\":true},[{\"筆ポリゴンID\":\"d3488e13-39ea-4822-a891-3abefbebce61\",\"更新年度\":2021,\"前年同一\":true},{\"筆ポリゴンID\":\"d3488e13-39ea-4822-a891-3abefbebce61\",\"発生年度\":2020}]]]","last_polygon_uuid":"8dbb1d24-db22-4343-86f0-6b7ea66b278d","prev_last_polygon_uuid":"6a04af1a-0737-4162-8908-507a58942eef","local_government_cd":"016080","point_lng":143.01071513,"point_lat":42.216653074}},{"arcs":[[484]],"type":"Polygon","properties":{"polygon_uuid":"34ed5275-9eb5-4e5d-9054-1d79f290030a","land_type":200,"issue_year":2024,"edit_year":2020,"history":"[{\"筆ポリゴンID\":\"eeeffbf3-8fd9-43e4-b94a-1153f1f03365\",\"更新年度\":2023,\"前年同一\":true},[{\"筆ポリゴンID\":\"52a9e2d9-5de1-4fe3-8f63-75c731707a63\",\"更新年度\":2022,\"前年同一\":true},[{\"筆ポリゴンID\":\"23d1ebf9-8348-45fe-8c2b-ce6f94bc9108\",\"更新年度\":2021,\"前年同一\":true},{\"筆ポリゴンID\":\"23d1ebf9-8348-45fe-8c2b-ce6f94bc9108\",\"発生年度\":2020}]]]","last_polygon_uuid":"eeeffbf3-8fd9-43e4-b94a-1153f1f03365","prev_last_polygon_uuid":"52a9e2d9-5de1-4fe3-8f63-75c731707a63","local_government_cd":"016080","point_lng":142.994412625,"point_lat":42.191629379}},{"arcs":[[485]],"type":"Polygon","properties":{"polygon_uuid":"163c89a5-4b2d-4d06-b221-c6d94477a04a","land_type":200,"issue_year":2024,"edit_year":2020,"history":"[{\"筆ポリゴンID\":\"97f301e0-c8d2-4839-ad28-f25567b86f99\",\"更新年度\":2023,\"前年同一\":true},[{\"筆ポリゴンID\":\"57a47072-1174-463c-b873-bd33139a67c5\",\"更新年度\":2022,\"前年同一\":true},[{\"筆ポリゴンID\":\"404cf82a-c3ab-4b01-82af-8816e901f245\",\"更新年度\":2021,\"前年同一\":true},{\"筆ポリゴンID\":\"404cf82a-c3ab-4b01-82af-8816e901f245\",\"発生年度\":2020}]]]","last_polygon_uuid":"97f301e0-c8d2-4839-ad28-f25567b86f99","prev_last_polygon_uuid":"57a47072-1174-463c-b873-bd33139a67c5","local_government_cd":"016080","point_lng":142.953199523,"point_lat":42.17084853}},{"arcs":[[486]],"type":"Polygon","properties":{"polygon_uuid":"8cadd26e-5bef-4ac7-bb2f-2dc3b63daac9","land_type":200,"issue_year":2024,"edit_year":2020,"history":"[{\"筆ポリゴンID\":\"ce46783d-7269-459f-9d62-f90ff1da254f\",\"更新年度\":2023,\"前年同一\":true},[{\"筆ポリゴンID\":\"fd3f8101-ee7e-489d-a95c-bf31953aa43f\",\"更新年度\":2022,\"前年同一\":true},[{\"筆ポリゴンID\":\"646dac65-ec79-448f-a307-3c3202f189c9\",\"更新年度\":2021,\"前年同一\":true},{\"筆ポリゴンID\":\"646dac65-ec79-448f-a307-3c3202f189c9\",\"発生年度\":2020}]]]","last_polygon_uuid":"ce46783d-7269-459f-9d62-f90ff1da254f","prev_last_polygon_uuid":"fd3f8101-ee7e-489d-a95c-bf31953aa43f","local_government_cd":"016080","point_lng":142.972370066,"point_lat":42.176705261}},{"arcs":[[487]],"type":"Polygon","properties":{"polygon_uuid":"65e9c426-caec-466e-9baa-db490e5bb5df","land_type":200,"issue_year":2024,"edit_year":2020,"history":"[{\"筆ポリゴンID\":\"8953e160-b55a-4b5f-8944-c6662e0efc34\",\"更新年度\":2023,\"前年同一\":true},[{\"筆ポリゴンID\":\"64870b0a-8391-4927-8d55-cc25249b1404\",\"更新年度\":2022,\"前年同一\":true},[{\"筆ポリゴンID\":\"5841a999-fd17-4af4-a79b-85b892627fb0\",\"更新年度\":2021,\"前年同一\":true},{\"筆ポリゴンID\":\"5841a999-fd17-4af4-a79b-85b892627fb0\",\"発生年度\":2020}]]]","last_polygon_uuid":"8953e160-b55a-4b5f-8944-c6662e0efc34","prev_last_polygon_uuid":"64870b0a-8391-4927-8d55-cc25249b1404","local_government_cd":"016080","point_lng":143.007628976,"point_lat":42.203161275}},{"arcs":[[488]],"type":"Polygon","properties":{"polygon_uuid":"1c0f9020-b6f2-4251-afdc-8173d0281eed","land_type":200,"issue_year":2024,"edit_year":2020,"history":"[{\"筆ポリゴンID\":\"7de9c963-04f9-4111-aef4-fab01da20b68\",\"更新年度\":2023,\"前年同一\":true},[{\"筆ポリゴンID\":\"dfa332d0-4eaa-49fa-a66b-d747fdd77646\",\"更新年度\":2022,\"前年同一\":true},[{\"筆ポリゴンID\":\"13ac5b9e-3d53-4fbe-b525-5b7b95883707\",\"更新年度\":2021,\"前年同一\":true},{\"筆ポリゴンID\":\"13ac5b9e-3d53-4fbe-b525-5b7b95883707\",\"発生年度\":2020}]]]","last_polygon_uuid":"7de9c963-04f9-4111-aef4-fab01da20b68","prev_last_polygon_uuid":"dfa332d0-4eaa-49fa-a66b-d747fdd77646","local_government_cd":"016080","point_lng":142.969518512,"point_lat":42.17630488}},{"arcs":[[489,-363,490]],"type":"Polygon","properties":{"polygon_uuid":"57d257a8-4848-4e1e-8049-dcb4f645df26","land_type":200,"issue_year":2024,"edit_year":2020,"history":"[{\"筆ポリゴンID\":\"2f98dbd1-5a45-43b5-bf6d-c2a6a07a3b7e\",\"更新年度\":2023,\"前年同一\":true},[{\"筆ポリゴンID\":\"abc77b94-2560-4326-99de-7ff9b73125c1\",\"更新年度\":2022,\"前年同一\":true},[{\"筆ポリゴンID\":\"83560ca1-dbe7-496a-865f-35f72291ec3d\",\"更新年度\":2021,\"前年同一\":true},{\"筆ポリゴンID\":\"83560ca1-dbe7-496a-865f-35f72291ec3d\",\"発生年度\":2020}]]]","last_polygon_uuid":"2f98dbd1-5a45-43b5-bf6d-c2a6a07a3b7e","prev_last_polygon_uuid":"abc77b94-2560-4326-99de-7ff9b73125c1","local_government_cd":"016080","point_lng":142.958570686,"point_lat":42.173965425}},{"arcs":[[491]],"type":"Polygon","properties":{"polygon_uuid":"0a34c537-a9a7-4ba7-b262-3c8c167044af","land_type":200,"issue_year":2024,"edit_year":2020,"history":"[{\"筆ポリゴンID\":\"adec96b4-60e7-494f-9921-f9788342b288\",\"更新年度\":2023,\"前年同一\":true},[{\"筆ポリゴンID\":\"0dc10fb0-cb4c-47cb-89e9-d343b3783c3b\",\"更新年度\":2022,\"前年同一\":true},[{\"筆ポリゴンID\":\"593dfee8-bb4f-4461-9f67-685608483bed\",\"更新年度\":2021,\"前年同一\":true},{\"筆ポリゴンID\":\"593dfee8-bb4f-4461-9f67-685608483bed\",\"発生年度\":2020}]]]","last_polygon_uuid":"adec96b4-60e7-494f-9921-f9788342b288","prev_last_polygon_uuid":"0dc10fb0-cb4c-47cb-89e9-d343b3783c3b","local_government_cd":"016080","point_lng":142.960775491,"point_lat":42.17516768}},{"arcs":[[492]],"type":"Polygon","properties":{"polygon_uuid":"bb1c85f1-9d49-4e87-bdcd-ab29787ea6d3","land_type":200,"issue_year":2024,"edit_year":2020,"history":"[{\"筆ポリゴンID\":\"68b2cb8f-5dd7-4faa-b8ec-c193592e1c9f\",\"更新年度\":2023,\"前年同一\":true},[{\"筆ポリゴンID\":\"f88ca963-c417-4c89-b0a0-7fde4a56fb80\",\"更新年度\":2022,\"前年同一\":true},[{\"筆ポリゴンID\":\"71c69e73-ede0-45f4-bb70-a5a879a28ea5\",\"更新年度\":2021,\"前年同一\":true},{\"筆ポリゴンID\":\"71c69e73-ede0-45f4-bb70-a5a879a28ea5\",\"発生年度\":2020}]]]","last_polygon_uuid":"68b2cb8f-5dd7-4faa-b8ec-c193592e1c9f","prev_last_polygon_uuid":"f88ca963-c417-4c89-b0a0-7fde4a56fb80","local_government_cd":"016080","point_lng":142.9776665,"point_lat":42.109155156}},{"arcs":[[493]],"type":"Polygon","properties":{"polygon_uuid":"a96d7a57-24da-4cee-93de-a037440b7b43","land_type":200,"issue_year":2024,"edit_year":2020,"history":"[{\"筆ポリゴンID\":\"9fb64ecb-06bf-49d3-99fb-e5753fe8de7c\",\"更新年度\":2023,\"前年同一\":true},[{\"筆ポリゴンID\":\"4027be47-83d8-45dc-b2d2-3d80c8c70af1\",\"更新年度\":2022,\"前年同一\":true},[{\"筆ポリゴンID\":\"98dfcd4d-bf55-44b4-889d-c3454881701c\",\"更新年度\":2021,\"前年同一\":true},{\"筆ポリゴンID\":\"98dfcd4d-bf55-44b4-889d-c3454881701c\",\"発生年度\":2020}]]]","last_polygon_uuid":"9fb64ecb-06bf-49d3-99fb-e5753fe8de7c","prev_last_polygon_uuid":"4027be47-83d8-45dc-b2d2-3d80c8c70af1","local_government_cd":"016080","point_lng":143.024807757,"point_lat":42.195755373}},{"arcs":[[494,495]],"type":"Polygon","properties":{"polygon_uuid":"71626171-bae1-4c53-b57e-287f5e694b29","land_type":200,"issue_year":2024,"edit_year":2020,"history":"[{\"筆ポリゴンID\":\"a7c9e2a1-99db-4efd-86ae-5d90800b5aae\",\"更新年度\":2023,\"前年同一\":true},[{\"筆ポリゴンID\":\"dfd8e9c3-b0a3-46a7-a5f5-da8e4abc9f1c\",\"更新年度\":2022,\"前年同一\":true},[{\"筆ポリゴンID\":\"91e68321-0c62-4d1a-af4c-7996f8e40dd9\",\"更新年度\":2021,\"前年同一\":true},{\"筆ポリゴンID\":\"91e68321-0c62-4d1a-af4c-7996f8e40dd9\",\"発生年度\":2020}]]]","last_polygon_uuid":"a7c9e2a1-99db-4efd-86ae-5d90800b5aae","prev_last_polygon_uuid":"dfd8e9c3-b0a3-46a7-a5f5-da8e4abc9f1c","local_government_cd":"016080","point_lng":142.964581638,"point_lat":42.175245254}},{"arcs":[[496]],"type":"Polygon","properties":{"polygon_uuid":"cd949f79-21e5-4852-9d09-3f1b66bdd2ed","land_type":200,"issue_year":2024,"edit_year":2020,"history":"[{\"筆ポリゴンID\":\"568f6775-dc94-429b-972f-9b17f49bdb53\",\"更新年度\":2023,\"前年同一\":true},[{\"筆ポリゴンID\":\"73fd06ae-1b19-4d0a-a4df-ac099729c643\",\"更新年度\":2022,\"前年同一\":true},[{\"筆ポリゴンID\":\"97ccbbc0-2bbc-41a5-9985-6607cc7ff03b\",\"更新年度\":2021,\"前年同一\":true},{\"筆ポリゴンID\":\"97ccbbc0-2bbc-41a5-9985-6607cc7ff03b\",\"発生年度\":2020}]]]","last_polygon_uuid":"568f6775-dc94-429b-972f-9b17f49bdb53","prev_last_polygon_uuid":"73fd06ae-1b19-4d0a-a4df-ac099729c643","local_government_cd":"016080","point_lng":142.929491046,"point_lat":42.176394062}},{"arcs":[[497,498]],"type":"Polygon","properties":{"polygon_uuid":"4af32919-74b7-4833-884b-3a79478a7f20","land_type":200,"issue_year":2024,"edit_year":2020,"history":"[{\"筆ポリゴンID\":\"6a6b575d-662a-47c0-9a70-20fa3f14ba54\",\"更新年度\":2023,\"前年同一\":true},[{\"筆ポリゴンID\":\"93e485e0-c951-46dc-8eab-c5288e4abed4\",\"更新年度\":2022,\"前年同一\":true},[{\"筆ポリゴンID\":\"54ad1ff1-793d-48ed-8d5d-94dfa66937dc\",\"更新年度\":2021,\"前年同一\":true},{\"筆ポリゴンID\":\"54ad1ff1-793d-48ed-8d5d-94dfa66937dc\",\"発生年度\":2020}]]]","last_polygon_uuid":"6a6b575d-662a-47c0-9a70-20fa3f14ba54","prev_last_polygon_uuid":"93e485e0-c951-46dc-8eab-c5288e4abed4","local_government_cd":"016080","point_lng":142.940080024,"point_lat":42.180980524}},{"arcs":[[499]],"type":"Polygon","properties":{"polygon_uuid":"4a7f7a68-3b38-4bac-bc9b-4e26a94df66a","land_type":200,"issue_year":2024,"edit_year":2020,"history":"[{\"筆ポリゴンID\":\"29d6daf2-09e4-4be2-acb0-713b2e7da668\",\"更新年度\":2023,\"前年同一\":true},[{\"筆ポリゴンID\":\"2ffc2005-8d93-473b-a314-3596304e95ee\",\"更新年度\":2022,\"前年同一\":true},[{\"筆ポリゴンID\":\"23311d73-7ff7-4aad-a105-5728f1dc355b\",\"更新年度\":2021,\"前年同一\":true},{\"筆ポリゴンID\":\"23311d73-7ff7-4aad-a105-5728f1dc355b\",\"発生年度\":2020}]]]","last_polygon_uuid":"29d6daf2-09e4-4be2-acb0-713b2e7da668","prev_last_polygon_uuid":"2ffc2005-8d93-473b-a314-3596304e95ee","local_government_cd":"016080","point_lng":142.929335756,"point_lat":42.173845644}},{"arcs":[[500]],"type":"Polygon","properties":{"polygon_uuid":"e98e8deb-a4fa-4b4d-a3bd-44c83720bca3","land_type":200,"issue_year":2024,"edit_year":2020,"history":"[{\"筆ポリゴンID\":\"3c76cced-83d5-4abd-a693-9526909d0976\",\"更新年度\":2023,\"前年同一\":true},[{\"筆ポリゴンID\":\"81587b93-7c4d-40fa-8cfb-2e6a212bf76b\",\"更新年度\":2022,\"前年同一\":true},[{\"筆ポリゴンID\":\"d8e0cbd1-fd6a-473a-a5e6-2e0fbd718ee0\",\"更新年度\":2021,\"前年同一\":true},{\"筆ポリゴンID\":\"d8e0cbd1-fd6a-473a-a5e6-2e0fbd718ee0\",\"発生年度\":2020}]]]","last_polygon_uuid":"3c76cced-83d5-4abd-a693-9526909d0976","prev_last_polygon_uuid":"81587b93-7c4d-40fa-8cfb-2e6a212bf76b","local_government_cd":"016080","point_lng":142.911747077,"point_lat":42.173749348}},{"arcs":[[501]],"type":"Polygon","properties":{"polygon_uuid":"4ed88613-3b05-43da-984b-a36db8d540b6","land_type":200,"issue_year":2024,"edit_year":2020,"history":"[{\"筆ポリゴンID\":\"226503c3-0356-4216-8113-e2f58d25f336\",\"更新年度\":2023,\"前年同一\":true},[{\"筆ポリゴンID\":\"9f444d3e-b09b-4305-9a4b-39e978d55ecc\",\"更新年度\":2022,\"前年同一\":true},[{\"筆ポリゴンID\":\"31052723-9a56-4155-a523-c8e4846cced7\",\"更新年度\":2021,\"前年同一\":true},{\"筆ポリゴンID\":\"31052723-9a56-4155-a523-c8e4846cced7\",\"発生年度\":2020}]]]","last_polygon_uuid":"226503c3-0356-4216-8113-e2f58d25f336","prev_last_polygon_uuid":"9f444d3e-b09b-4305-9a4b-39e978d55ecc","local_government_cd":"016080","point_lng":143.014373608,"point_lat":42.215131992}},{"arcs":[[502]],"type":"Polygon","properties":{"polygon_uuid":"c53344f5-f19b-40e5-9a02-112d7c3ec743","land_type":200,"issue_year":2024,"edit_year":2020,"history":"[{\"筆ポリゴンID\":\"8b00cb6b-852a-4711-90bc-8b9dede046c4\",\"更新年度\":2023,\"前年同一\":true},[{\"筆ポリゴンID\":\"9b086f78-689d-4961-bf60-85a11fde897f\",\"更新年度\":2022,\"前年同一\":true},[{\"筆ポリゴンID\":\"8de2b3ac-8f54-41a1-a40e-cf22755ed9d5\",\"更新年度\":2021,\"前年同一\":true},{\"筆ポリゴンID\":\"8de2b3ac-8f54-41a1-a40e-cf22755ed9d5\",\"発生年度\":2020}]]]","last_polygon_uuid":"8b00cb6b-852a-4711-90bc-8b9dede046c4","prev_last_polygon_uuid":"9b086f78-689d-4961-bf60-85a11fde897f","local_government_cd":"016080","point_lng":142.879501057,"point_lat":42.143193198}},{"arcs":[[503,504]],"type":"Polygon","properties":{"polygon_uuid":"f704f041-2198-4358-a00a-25eaffbdcaa1","land_type":200,"issue_year":2024,"edit_year":2020,"history":"[{\"筆ポリゴンID\":\"b1e5a8e5-d7d6-469f-b095-47afbde6540b\",\"更新年度\":2023,\"前年同一\":true},[{\"筆ポリゴンID\":\"a38efa57-9e7d-46d5-9472-fd041540f5a4\",\"更新年度\":2022,\"前年同一\":true},[{\"筆ポリゴンID\":\"f9fc0dc3-66c0-4e9e-a0a2-21a97d3df85e\",\"更新年度\":2021,\"前年同一\":true},{\"筆ポリゴンID\":\"f9fc0dc3-66c0-4e9e-a0a2-21a97d3df85e\",\"発生年度\":2020}]]]","last_polygon_uuid":"b1e5a8e5-d7d6-469f-b095-47afbde6540b","prev_last_polygon_uuid":"a38efa57-9e7d-46d5-9472-fd041540f5a4","local_government_cd":"016080","point_lng":142.940153013,"point_lat":42.17785486}},{"arcs":[[505]],"type":"Polygon","properties":{"polygon_uuid":"cc6e26e0-97b6-40a4-bf01-1ff32facc1b0","land_type":200,"issue_year":2024,"edit_year":2020,"history":"[{\"筆ポリゴンID\":\"9cef6f9d-fa6e-444d-9e8d-ed88cb820725\",\"更新年度\":2023,\"前年同一\":true},[{\"筆ポリゴンID\":\"8a524081-cfc5-4f30-9a7c-0df48cd2af98\",\"更新年度\":2022,\"前年同一\":true},[{\"筆ポリゴンID\":\"1f1976dc-25cf-40c0-a193-0145fc8ae799\",\"更新年度\":2021,\"前年同一\":true},{\"筆ポリゴンID\":\"1f1976dc-25cf-40c0-a193-0145fc8ae799\",\"発生年度\":2020}]]]","last_polygon_uuid":"9cef6f9d-fa6e-444d-9e8d-ed88cb820725","prev_last_polygon_uuid":"8a524081-cfc5-4f30-9a7c-0df48cd2af98","local_government_cd":"016080","point_lng":142.981453702,"point_lat":42.195376412}},{"arcs":[[506,507]],"type":"Polygon","properties":{"polygon_uuid":"a13ba054-830d-4fa0-9008-0fe81db44807","land_type":200,"issue_year":2024,"edit_year":2020,"history":"[{\"筆ポリゴンID\":\"d77cbe4b-17ce-4700-86c0-81b9c23507ef\",\"更新年度\":2023,\"前年同一\":true},[{\"筆ポリゴンID\":\"38592b43-cd9c-4297-9131-6d837a3253cf\",\"更新年度\":2022,\"前年同一\":true},[{\"筆ポリゴンID\":\"ea8bff76-68df-4128-b1ef-51eb4f329a38\",\"更新年度\":2021,\"前年同一\":true},{\"筆ポリゴンID\":\"ea8bff76-68df-4128-b1ef-51eb4f329a38\",\"発生年度\":2020}]]]","last_polygon_uuid":"d77cbe4b-17ce-4700-86c0-81b9c23507ef","prev_last_polygon_uuid":"38592b43-cd9c-4297-9131-6d837a3253cf","local_government_cd":"016080","point_lng":142.964917811,"point_lat":42.176936424}},{"arcs":[[508,-374,509,-422]],"type":"Polygon","properties":{"polygon_uuid":"0075aa0c-178c-402a-9e8b-6e558bd20420","land_type":200,"issue_year":2024,"edit_year":2020,"history":"[{\"筆ポリゴンID\":\"a6b9ef30-c7ec-4e2b-9e36-e811e3083eab\",\"更新年度\":2023,\"前年同一\":true},[{\"筆ポリゴンID\":\"f9c390bb-ccf9-43be-b2e3-7348c5a4514d\",\"更新年度\":2022,\"前年同一\":true},[{\"筆ポリゴンID\":\"0ef5909c-0273-4ef2-a8b3-0565ca9580ad\",\"更新年度\":2021,\"前年同一\":true},{\"筆ポリゴンID\":\"0ef5909c-0273-4ef2-a8b3-0565ca9580ad\",\"発生年度\":2020}]]]","last_polygon_uuid":"a6b9ef30-c7ec-4e2b-9e36-e811e3083eab","prev_last_polygon_uuid":"f9c390bb-ccf9-43be-b2e3-7348c5a4514d","local_government_cd":"016080","point_lng":142.87340805,"point_lat":42.141419858}},{"arcs":[[510]],"type":"Polygon","properties":{"polygon_uuid":"55c8d0df-9d52-4ad4-b2ce-bd50289e4196","land_type":200,"issue_year":2024,"edit_year":2020,"history":"[{\"筆ポリゴンID\":\"3f197c5b-6047-47a5-bb78-9a1dca83b2e9\",\"更新年度\":2023,\"前年同一\":true},[{\"筆ポリゴンID\":\"62b0ef0e-d834-462d-b5d6-45314b8e5657\",\"更新年度\":2022,\"前年同一\":true},[{\"筆ポリゴンID\":\"ab63b81f-6cd9-4f72-839a-2cf43be21e37\",\"更新年度\":2021,\"前年同一\":true},{\"筆ポリゴンID\":\"ab63b81f-6cd9-4f72-839a-2cf43be21e37\",\"発生年度\":2020}]]]","last_polygon_uuid":"3f197c5b-6047-47a5-bb78-9a1dca83b2e9","prev_last_polygon_uuid":"62b0ef0e-d834-462d-b5d6-45314b8e5657","local_government_cd":"016080","point_lng":143.031977715,"point_lat":42.195845852}},{"arcs":[[511]],"type":"Polygon","properties":{"polygon_uuid":"e29213df-4119-4eeb-b815-7606b50c5461","land_type":200,"issue_year":2024,"edit_year":2020,"history":"[{\"筆ポリゴンID\":\"499d74f5-37c8-4b09-bf75-ccdae809667b\",\"更新年度\":2023,\"前年同一\":true},[{\"筆ポリゴンID\":\"e3030e67-89b4-4f5b-9f0b-5c4af4c07660\",\"更新年度\":2022,\"前年同一\":true},[{\"筆ポリゴンID\":\"e569dfea-9344-4f58-bc82-657ea273932c\",\"更新年度\":2021,\"前年同一\":true},{\"筆ポリゴンID\":\"e569dfea-9344-4f58-bc82-657ea273932c\",\"発生年度\":2020}]]]","last_polygon_uuid":"499d74f5-37c8-4b09-bf75-ccdae809667b","prev_last_polygon_uuid":"e3030e67-89b4-4f5b-9f0b-5c4af4c07660","local_government_cd":"016080","point_lng":142.979475789,"point_lat":42.145299925}},{"arcs":[[512]],"type":"Polygon","properties":{"polygon_uuid":"ef4c9162-7341-466f-8326-93bab0cbcdfe","land_type":200,"issue_year":2024,"edit_year":2020,"history":"[{\"筆ポリゴンID\":\"8e7d8004-c2a8-4d4d-8997-289e71d1b37d\",\"更新年度\":2023,\"前年同一\":true},[{\"筆ポリゴンID\":\"0c05f9f3-2173-4df9-a24b-a1a5c7b60d8f\",\"更新年度\":2022,\"前年同一\":true},[{\"筆ポリゴンID\":\"1fca806e-a025-4662-b74c-865c66b70267\",\"更新年度\":2021,\"前年同一\":true},{\"筆ポリゴンID\":\"1fca806e-a025-4662-b74c-865c66b70267\",\"発生年度\":2020}]]]","last_polygon_uuid":"8e7d8004-c2a8-4d4d-8997-289e71d1b37d","prev_last_polygon_uuid":"0c05f9f3-2173-4df9-a24b-a1a5c7b60d8f","local_government_cd":"016080","point_lng":142.972675663,"point_lat":42.174985459}},{"arcs":[[513]],"type":"Polygon","properties":{"polygon_uuid":"d329d1df-5dfc-42e3-9ec2-595ddd616d7b","land_type":200,"issue_year":2024,"edit_year":2020,"history":"[{\"筆ポリゴンID\":\"1b5653da-4eee-41f4-9a25-cafd038fca5a\",\"更新年度\":2023,\"前年同一\":true},[{\"筆ポリゴンID\":\"3408b9c8-9199-4c36-b6eb-8cd191b98644\",\"更新年度\":2022,\"前年同一\":true},[{\"筆ポリゴンID\":\"42be528b-ac47-42ab-b9c5-1862485d6a1c\",\"更新年度\":2021,\"前年同一\":true},{\"筆ポリゴンID\":\"42be528b-ac47-42ab-b9c5-1862485d6a1c\",\"発生年度\":2020}]]]","last_polygon_uuid":"1b5653da-4eee-41f4-9a25-cafd038fca5a","prev_last_polygon_uuid":"3408b9c8-9199-4c36-b6eb-8cd191b98644","local_government_cd":"016080","point_lng":143.007903281,"point_lat":42.216607014}},{"arcs":[[514]],"type":"Polygon","properties":{"polygon_uuid":"17c9a902-6af6-421f-8427-6e850f53f9b1","land_type":200,"issue_year":2024,"edit_year":2020,"history":"[{\"筆ポリゴンID\":\"116e7279-ac55-4a08-a75d-f89d72b5589f\",\"更新年度\":2023,\"前年同一\":true},[{\"筆ポリゴンID\":\"f3bac83e-c672-40b3-b7ce-8d9822bc8064\",\"更新年度\":2022,\"前年同一\":true},[{\"筆ポリゴンID\":\"d11f1b91-3717-4e91-8470-56451538352d\",\"更新年度\":2021,\"前年同一\":true},{\"筆ポリゴンID\":\"d11f1b91-3717-4e91-8470-56451538352d\",\"発生年度\":2020}]]]","last_polygon_uuid":"116e7279-ac55-4a08-a75d-f89d72b5589f","prev_last_polygon_uuid":"f3bac83e-c672-40b3-b7ce-8d9822bc8064","local_government_cd":"016080","point_lng":142.957672903,"point_lat":42.178832691}},{"arcs":[[515]],"type":"Polygon","properties":{"polygon_uuid":"b39cdb62-056d-4d15-8650-6f0d34b617be","land_type":200,"issue_year":2024,"edit_year":2020,"history":"[{\"筆ポリゴンID\":\"9e502b6c-cbcd-4384-b04e-f09a2c60b9b2\",\"更新年度\":2023,\"前年同一\":true},[{\"筆ポリゴンID\":\"0bd80d5d-97e0-4d62-b827-ff5df10ff680\",\"更新年度\":2022,\"前年同一\":true},[{\"筆ポリゴンID\":\"8abf0468-159e-47b5-b37f-82f22ae08f24\",\"更新年度\":2021,\"前年同一\":true},{\"筆ポリゴンID\":\"8abf0468-159e-47b5-b37f-82f22ae08f24\",\"発生年度\":2020}]]]","last_polygon_uuid":"9e502b6c-cbcd-4384-b04e-f09a2c60b9b2","prev_last_polygon_uuid":"0bd80d5d-97e0-4d62-b827-ff5df10ff680","local_government_cd":"016080","point_lng":142.961518803,"point_lat":42.171853246}},{"arcs":[[516]],"type":"Polygon","properties":{"polygon_uuid":"ad43efce-d1af-40d9-8e69-bf1d462ca8fb","land_type":200,"issue_year":2024,"edit_year":2020,"history":"[{\"筆ポリゴンID\":\"30b4a6a4-ad1a-4295-91f2-a9949f909372\",\"更新年度\":2023,\"前年同一\":true},[{\"筆ポリゴンID\":\"209beaef-93db-4982-8983-10948070d6c2\",\"更新年度\":2022,\"前年同一\":true},[{\"筆ポリゴンID\":\"35929cdf-bc13-4e78-a075-ff199ba26576\",\"更新年度\":2021,\"前年同一\":true},{\"筆ポリゴンID\":\"35929cdf-bc13-4e78-a075-ff199ba26576\",\"発生年度\":2020}]]]","last_polygon_uuid":"30b4a6a4-ad1a-4295-91f2-a9949f909372","prev_last_polygon_uuid":"209beaef-93db-4982-8983-10948070d6c2","local_government_cd":"016080","point_lng":142.944862454,"point_lat":42.173300505}},{"arcs":[[517]],"type":"Polygon","properties":{"polygon_uuid":"ba5c57dd-3aaa-4c01-af3b-745370e2dddf","land_type":200,"issue_year":2024,"edit_year":2020,"history":"[{\"筆ポリゴンID\":\"80fed7e8-3768-41e1-8cdd-9d1b2cf3eef1\",\"更新年度\":2023,\"前年同一\":true},[{\"筆ポリゴンID\":\"a25969bd-f6a9-4316-bf30-635c25f77c0b\",\"更新年度\":2022,\"前年同一\":true},[{\"筆ポリゴンID\":\"4c779e5a-e384-4a56-be08-60973f1a9a14\",\"更新年度\":2021,\"前年同一\":true},{\"筆ポリゴンID\":\"4c779e5a-e384-4a56-be08-60973f1a9a14\",\"発生年度\":2020}]]]","last_polygon_uuid":"80fed7e8-3768-41e1-8cdd-9d1b2cf3eef1","prev_last_polygon_uuid":"a25969bd-f6a9-4316-bf30-635c25f77c0b","local_government_cd":"016080","point_lng":142.961649751,"point_lat":42.173287677}},{"arcs":[[518]],"type":"Polygon","properties":{"polygon_uuid":"a472a0dd-bcfe-4fba-adc1-0120a82004c0","land_type":200,"issue_year":2024,"edit_year":2020,"history":"[{\"筆ポリゴンID\":\"9fe48deb-0a3e-4317-91ea-4f91a75c2241\",\"更新年度\":2023,\"前年同一\":true},[{\"筆ポリゴンID\":\"6b09e617-a571-4716-9239-41be9783912b\",\"更新年度\":2022,\"前年同一\":true},[{\"筆ポリゴンID\":\"d267015f-0ed9-468c-921b-e8259e83413a\",\"更新年度\":2021,\"前年同一\":true},{\"筆ポリゴンID\":\"d267015f-0ed9-468c-921b-e8259e83413a\",\"発生年度\":2020}]]]","last_polygon_uuid":"9fe48deb-0a3e-4317-91ea-4f91a75c2241","prev_last_polygon_uuid":"6b09e617-a571-4716-9239-41be9783912b","local_government_cd":"016080","point_lng":142.910335047,"point_lat":42.175177474}},{"arcs":[[519]],"type":"Polygon","properties":{"polygon_uuid":"2aee08eb-a8f7-4dad-8a70-fb272c8d0e5d","land_type":200,"issue_year":2024,"edit_year":2020,"history":"[{\"筆ポリゴンID\":\"0e6830dc-c01d-4392-a74d-7de48a030d8f\",\"更新年度\":2023,\"前年同一\":true},[{\"筆ポリゴンID\":\"33bc0784-6ab5-4e64-b452-1fdbb9856975\",\"更新年度\":2022,\"前年同一\":true},[{\"筆ポリゴンID\":\"b7172df6-0633-4891-ac01-f42a46536f7f\",\"更新年度\":2021,\"前年同一\":true},{\"筆ポリゴンID\":\"b7172df6-0633-4891-ac01-f42a46536f7f\",\"発生年度\":2020}]]]","last_polygon_uuid":"0e6830dc-c01d-4392-a74d-7de48a030d8f","prev_last_polygon_uuid":"33bc0784-6ab5-4e64-b452-1fdbb9856975","local_government_cd":"016080","point_lng":142.941150365,"point_lat":42.178990165}},{"arcs":[[520]],"type":"Polygon","properties":{"polygon_uuid":"dd30d6b4-17f4-465d-b1fd-c76f0edabd5c","land_type":200,"issue_year":2024,"edit_year":2020,"history":"[{\"筆ポリゴンID\":\"d4be2dfb-779b-4f55-8548-b1c1892a9538\",\"更新年度\":2023,\"前年同一\":true},[{\"筆ポリゴンID\":\"7030d4de-927f-4a38-8927-67cd72c1183b\",\"更新年度\":2022,\"前年同一\":true},[{\"筆ポリゴンID\":\"aa197863-7fb1-422b-b3ee-7cc4dd34afba\",\"更新年度\":2021,\"前年同一\":true},{\"筆ポリゴンID\":\"aa197863-7fb1-422b-b3ee-7cc4dd34afba\",\"発生年度\":2020}]]]","last_polygon_uuid":"d4be2dfb-779b-4f55-8548-b1c1892a9538","prev_last_polygon_uuid":"7030d4de-927f-4a38-8927-67cd72c1183b","local_government_cd":"016080","point_lng":142.94916575,"point_lat":42.169721384}},{"arcs":[[521]],"type":"Polygon","properties":{"polygon_uuid":"1815beab-cdd0-4e13-8a72-09760f89544d","land_type":200,"issue_year":2024,"edit_year":2020,"history":"[{\"筆ポリゴンID\":\"5682233d-bd30-4f75-98fb-633cd2c797f4\",\"更新年度\":2023,\"前年同一\":true},[{\"筆ポリゴンID\":\"a032c9d1-cbbc-49c0-8e11-515bf389333f\",\"更新年度\":2022,\"前年同一\":true},[{\"筆ポリゴンID\":\"f257ea0f-6654-4b44-9999-e5c7bf614bcc\",\"更新年度\":2021,\"前年同一\":true},{\"筆ポリゴンID\":\"f257ea0f-6654-4b44-9999-e5c7bf614bcc\",\"発生年度\":2020}]]]","last_polygon_uuid":"5682233d-bd30-4f75-98fb-633cd2c797f4","prev_last_polygon_uuid":"a032c9d1-cbbc-49c0-8e11-515bf389333f","local_government_cd":"016080","point_lng":142.901345079,"point_lat":42.179939879}},{"arcs":[[522]],"type":"Polygon","properties":{"polygon_uuid":"ac439b17-2270-45ef-8be8-4d05f4ffd4f6","land_type":200,"issue_year":2024,"edit_year":2020,"history":"[{\"筆ポリゴンID\":\"403c319e-a289-41f1-9b41-e5803a41e785\",\"更新年度\":2023,\"前年同一\":true},[{\"筆ポリゴンID\":\"b2d459d5-191b-4910-bdb2-85b785f66955\",\"更新年度\":2022,\"前年同一\":true},[{\"筆ポリゴンID\":\"d6b1b456-de0d-4503-acb8-7797c1aea8fe\",\"更新年度\":2021,\"前年同一\":true},{\"筆ポリゴンID\":\"d6b1b456-de0d-4503-acb8-7797c1aea8fe\",\"発生年度\":2020}]]]","last_polygon_uuid":"403c319e-a289-41f1-9b41-e5803a41e785","prev_last_polygon_uuid":"b2d459d5-191b-4910-bdb2-85b785f66955","local_government_cd":"016080","point_lng":142.964758898,"point_lat":42.136573945}},{"arcs":[[-460,523]],"type":"Polygon","properties":{"polygon_uuid":"6d9cc2ff-0ba4-4069-aa51-23787976606d","land_type":200,"issue_year":2024,"edit_year":2020,"history":"[{\"筆ポリゴンID\":\"6bcdf8ce-9aa7-4f2c-869c-9628f6496500\",\"更新年度\":2023,\"前年同一\":true},[{\"筆ポリゴンID\":\"fa5cfaad-4dd0-4321-a3de-ad1a0329eb59\",\"更新年度\":2022,\"前年同一\":true},[{\"筆ポリゴンID\":\"d4c648d8-0857-4da7-be8f-5d89f6e4a066\",\"更新年度\":2021,\"前年同一\":true},{\"筆ポリゴンID\":\"d4c648d8-0857-4da7-be8f-5d89f6e4a066\",\"発生年度\":2020}]]]","last_polygon_uuid":"6bcdf8ce-9aa7-4f2c-869c-9628f6496500","prev_last_polygon_uuid":"fa5cfaad-4dd0-4321-a3de-ad1a0329eb59","local_government_cd":"016080","point_lng":142.898304491,"point_lat":42.178427529}},{"arcs":[[524]],"type":"Polygon","properties":{"polygon_uuid":"29b33ffd-0b83-44ac-9b24-2a3f8a0779ff","land_type":200,"issue_year":2024,"edit_year":2020,"history":"[{\"筆ポリゴンID\":\"552efcc4-5034-427c-96ad-d91d1f1d1f40\",\"更新年度\":2023,\"前年同一\":true},[{\"筆ポリゴンID\":\"641298bb-241b-4ca2-9321-a99e990c4427\",\"更新年度\":2022,\"前年同一\":true},[{\"筆ポリゴンID\":\"065f5e6e-f4f3-472c-8eeb-c36975dcc069\",\"更新年度\":2021,\"前年同一\":true},{\"筆ポリゴンID\":\"065f5e6e-f4f3-472c-8eeb-c36975dcc069\",\"発生年度\":2020}]]]","last_polygon_uuid":"552efcc4-5034-427c-96ad-d91d1f1d1f40","prev_last_polygon_uuid":"641298bb-241b-4ca2-9321-a99e990c4427","local_government_cd":"016080","point_lng":142.999287556,"point_lat":42.192397622}},{"arcs":[[525]],"type":"Polygon","properties":{"polygon_uuid":"0ec1c3c1-1c95-467c-9bae-896c78a1bb69","land_type":200,"issue_year":2024,"edit_year":2020,"history":"[{\"筆ポリゴンID\":\"01bedd68-eb8c-4801-bd74-65a9c5bac798\",\"更新年度\":2023,\"前年同一\":true},[{\"筆ポリゴンID\":\"dd8744eb-658a-4bce-aca6-6e8124363d2b\",\"更新年度\":2022,\"前年同一\":true},[{\"筆ポリゴンID\":\"8a08a278-a175-4bb5-bad9-670bd114459b\",\"更新年度\":2021,\"前年同一\":true},{\"筆ポリゴンID\":\"8a08a278-a175-4bb5-bad9-670bd114459b\",\"発生年度\":2020}]]]","last_polygon_uuid":"01bedd68-eb8c-4801-bd74-65a9c5bac798","prev_last_polygon_uuid":"dd8744eb-658a-4bce-aca6-6e8124363d2b","local_government_cd":"016080","point_lng":143.009781771,"point_lat":42.21039607}},{"arcs":[[526]],"type":"Polygon","properties":{"polygon_uuid":"950d92b7-a6ec-47de-8e14-8b747d107056","land_type":200,"issue_year":2024,"edit_year":2020,"history":"[{\"筆ポリゴンID\":\"ec8f3081-14b6-4e81-8371-6b1573299bdb\",\"更新年度\":2023,\"前年同一\":true},[{\"筆ポリゴンID\":\"4a8da00a-d96c-40e0-bd49-7d885ff3880f\",\"更新年度\":2022,\"前年同一\":true},[{\"筆ポリゴンID\":\"ead59b96-d7fd-4221-b505-0ce9e70a1cfa\",\"更新年度\":2021,\"前年同一\":true},{\"筆ポリゴンID\":\"ead59b96-d7fd-4221-b505-0ce9e70a1cfa\",\"発生年度\":2020}]]]","last_polygon_uuid":"ec8f3081-14b6-4e81-8371-6b1573299bdb","prev_last_polygon_uuid":"4a8da00a-d96c-40e0-bd49-7d885ff3880f","local_government_cd":"016080","point_lng":142.901786271,"point_lat":42.17897987}},{"arcs":[[527,-507]],"type":"Polygon","properties":{"polygon_uuid":"d6d87b0a-b60a-4e2d-aeef-b9490e2b2710","land_type":200,"issue_year":2024,"edit_year":2020,"history":"[{\"筆ポリゴンID\":\"956c622c-cc5f-4f87-ba4b-4a0b86e4ce87\",\"更新年度\":2023,\"前年同一\":true},[{\"筆ポリゴンID\":\"bd34c37b-00c1-4c94-9952-3a7bb796d068\",\"更新年度\":2022,\"前年同一\":true},[{\"筆ポリゴンID\":\"f8c6bc8c-cd49-460a-a507-646342a32aac\",\"更新年度\":2021,\"前年同一\":true},{\"筆ポリゴンID\":\"f8c6bc8c-cd49-460a-a507-646342a32aac\",\"発生年度\":2020}]]]","last_polygon_uuid":"956c622c-cc5f-4f87-ba4b-4a0b86e4ce87","prev_last_polygon_uuid":"bd34c37b-00c1-4c94-9952-3a7bb796d068","local_government_cd":"016080","point_lng":142.965577479,"point_lat":42.175651534}},{"arcs":[[528]],"type":"Polygon","properties":{"polygon_uuid":"8e1a70cc-5f31-49c5-beb4-2dcb956fc15b","land_type":200,"issue_year":2024,"edit_year":2020,"history":"[{\"筆ポリゴンID\":\"2ad35117-6fbb-4198-a915-1a3139a5ab8e\",\"更新年度\":2023,\"前年同一\":true},[{\"筆ポリゴンID\":\"f209e149-d065-4be2-83b3-074de2481666\",\"更新年度\":2022,\"前年同一\":true},[{\"筆ポリゴンID\":\"b50eb830-3345-491b-9778-b857164f8406\",\"更新年度\":2021,\"前年同一\":true},{\"筆ポリゴンID\":\"b50eb830-3345-491b-9778-b857164f8406\",\"発生年度\":2020}]]]","last_polygon_uuid":"2ad35117-6fbb-4198-a915-1a3139a5ab8e","prev_last_polygon_uuid":"f209e149-d065-4be2-83b3-074de2481666","local_government_cd":"016080","point_lng":142.970586367,"point_lat":42.172102884}},{"arcs":[[529]],"type":"Polygon","properties":{"polygon_uuid":"cf5779a0-fdf8-47af-bfd0-9b421f9b8975","land_type":200,"issue_year":2024,"edit_year":2020,"history":"[{\"筆ポリゴンID\":\"9b875fc9-e523-40fa-9393-63fd3f6772a6\",\"更新年度\":2023,\"前年同一\":true},[{\"筆ポリゴンID\":\"99efa3fd-1585-495d-8c49-b436355929a7\",\"更新年度\":2022,\"前年同一\":true},[{\"筆ポリゴンID\":\"97a16f6e-82bc-44ef-8d1f-3e3d5dfac22b\",\"更新年度\":2021,\"前年同一\":true},{\"筆ポリゴンID\":\"97a16f6e-82bc-44ef-8d1f-3e3d5dfac22b\",\"発生年度\":2020}]]]","last_polygon_uuid":"9b875fc9-e523-40fa-9393-63fd3f6772a6","prev_last_polygon_uuid":"99efa3fd-1585-495d-8c49-b436355929a7","local_government_cd":"016080","point_lng":142.908388538,"point_lat":42.175687276}},{"arcs":[[530]],"type":"Polygon","properties":{"polygon_uuid":"3385c0c1-4531-4bb7-8214-5d4eb96a88f7","land_type":200,"issue_year":2024,"edit_year":2020,"history":"[{\"筆ポリゴンID\":\"c3fda5d0-d07b-4ef6-aeca-2d9fb426c93e\",\"更新年度\":2023,\"前年同一\":true},[{\"筆ポリゴンID\":\"a2ffe695-d9d5-44d5-a7bc-4b0572b50b26\",\"更新年度\":2022,\"前年同一\":true},[{\"筆ポリゴンID\":\"5b4c6307-23cc-4de2-913c-d8f7deb10596\",\"更新年度\":2021,\"前年同一\":true},{\"筆ポリゴンID\":\"5b4c6307-23cc-4de2-913c-d8f7deb10596\",\"発生年度\":2020}]]]","last_polygon_uuid":"c3fda5d0-d07b-4ef6-aeca-2d9fb426c93e","prev_last_polygon_uuid":"a2ffe695-d9d5-44d5-a7bc-4b0572b50b26","local_government_cd":"016080","point_lng":142.876447655,"point_lat":42.143433511}},{"arcs":[[531]],"type":"Polygon","properties":{"polygon_uuid":"9674a0b5-f1c7-45fc-9637-e2ef666e847c","land_type":200,"issue_year":2024,"edit_year":2020,"history":"[{\"筆ポリゴンID\":\"563793c1-dbf1-4109-abea-fa21fae095df\",\"更新年度\":2023,\"前年同一\":true},[{\"筆ポリゴンID\":\"e913fb76-b7cf-4c0e-9171-2230aecb7740\",\"更新年度\":2022,\"前年同一\":true},[{\"筆ポリゴンID\":\"9e5ff558-0afc-4b91-919c-521d945b48e3\",\"更新年度\":2021,\"前年同一\":true},{\"筆ポリゴンID\":\"9e5ff558-0afc-4b91-919c-521d945b48e3\",\"発生年度\":2020}]]]","last_polygon_uuid":"563793c1-dbf1-4109-abea-fa21fae095df","prev_last_polygon_uuid":"e913fb76-b7cf-4c0e-9171-2230aecb7740","local_government_cd":"016080","point_lng":142.963973824,"point_lat":42.127658026}},{"arcs":[[532]],"type":"Polygon","properties":{"polygon_uuid":"4b5ba3e9-55aa-4424-ac04-dae42485dd71","land_type":200,"issue_year":2024,"edit_year":2020,"history":"[{\"筆ポリゴンID\":\"1a60487e-8fdf-404e-9e80-48b73621bca8\",\"更新年度\":2023,\"前年同一\":true},[{\"筆ポリゴンID\":\"34732ddd-4a4f-45f3-9485-e4dd603de632\",\"更新年度\":2022,\"前年同一\":true},[{\"筆ポリゴンID\":\"6de0b2aa-93ab-4545-ba53-f94166d0b5c5\",\"更新年度\":2021,\"前年同一\":true},{\"筆ポリゴンID\":\"6de0b2aa-93ab-4545-ba53-f94166d0b5c5\",\"発生年度\":2020}]]]","last_polygon_uuid":"1a60487e-8fdf-404e-9e80-48b73621bca8","prev_last_polygon_uuid":"34732ddd-4a4f-45f3-9485-e4dd603de632","local_government_cd":"016080","point_lng":142.920398494,"point_lat":42.182144118}},{"arcs":[[533]],"type":"Polygon","properties":{"polygon_uuid":"5744d7ea-b2f9-4388-8410-589a1f85e7e0","land_type":200,"issue_year":2024,"edit_year":2020,"history":"[{\"筆ポリゴンID\":\"19ab2641-894c-40eb-a0a8-9a47790be0f4\",\"更新年度\":2023,\"前年同一\":true},[{\"筆ポリゴンID\":\"cecf4bde-4527-4de8-b743-a1de67774884\",\"更新年度\":2022,\"前年同一\":true},[{\"筆ポリゴンID\":\"ac9c7360-0d5c-4b16-8e2d-f72d4f600cf1\",\"更新年度\":2021,\"前年同一\":true},{\"筆ポリゴンID\":\"ac9c7360-0d5c-4b16-8e2d-f72d4f600cf1\",\"発生年度\":2020}]]]","last_polygon_uuid":"19ab2641-894c-40eb-a0a8-9a47790be0f4","prev_last_polygon_uuid":"cecf4bde-4527-4de8-b743-a1de67774884","local_government_cd":"016080","point_lng":142.960146841,"point_lat":42.174370022}},{"arcs":[[534]],"type":"Polygon","properties":{"polygon_uuid":"d9751f79-2b25-4ccb-917a-5210ee8e1562","land_type":200,"issue_year":2024,"edit_year":2020,"history":"[{\"筆ポリゴンID\":\"ad054cc3-6630-452d-81e3-2ce9f70d6e59\",\"更新年度\":2023,\"前年同一\":true},[{\"筆ポリゴンID\":\"af5cf80f-28d9-454e-8bec-8c0faca3c68f\",\"更新年度\":2022,\"前年同一\":true},[{\"筆ポリゴンID\":\"c693ce3c-e666-423f-aba2-22fd28ebd354\",\"更新年度\":2021,\"前年同一\":true},{\"筆ポリゴンID\":\"c693ce3c-e666-423f-aba2-22fd28ebd354\",\"発生年度\":2020}]]]","last_polygon_uuid":"ad054cc3-6630-452d-81e3-2ce9f70d6e59","prev_last_polygon_uuid":"af5cf80f-28d9-454e-8bec-8c0faca3c68f","local_government_cd":"016080","point_lng":142.982762748,"point_lat":42.146098276}},{"arcs":[[535]],"type":"Polygon","properties":{"polygon_uuid":"19449850-a0ae-4724-86d7-c48f98dc942f","land_type":200,"issue_year":2024,"edit_year":2020,"history":"[{\"筆ポリゴンID\":\"0005da69-5e76-42bb-bb51-cf0530bfce02\",\"更新年度\":2023,\"前年同一\":true},[{\"筆ポリゴンID\":\"605f8af2-eed3-44f1-bd3b-f7d417847338\",\"更新年度\":2022,\"前年同一\":true},[{\"筆ポリゴンID\":\"fa67f34f-3de2-45d1-8fe5-3a44e2594c61\",\"更新年度\":2021,\"前年同一\":true},{\"筆ポリゴンID\":\"fa67f34f-3de2-45d1-8fe5-3a44e2594c61\",\"発生年度\":2020}]]]","last_polygon_uuid":"0005da69-5e76-42bb-bb51-cf0530bfce02","prev_last_polygon_uuid":"605f8af2-eed3-44f1-bd3b-f7d417847338","local_government_cd":"016080","point_lng":142.96371462,"point_lat":42.129596333}},{"arcs":[[536,-311]],"type":"Polygon","properties":{"polygon_uuid":"c2d1ef01-b5fb-407e-b2ab-3ecfa2cf8129","land_type":200,"issue_year":2024,"edit_year":2020,"history":"[{\"筆ポリゴンID\":\"292d35df-e109-46dc-8fed-f35d1a63749f\",\"更新年度\":2023,\"前年同一\":true},[{\"筆ポリゴンID\":\"e30e17bb-05d4-4564-9ed3-012a0e11e410\",\"更新年度\":2022,\"前年同一\":true},[{\"筆ポリゴンID\":\"c00323e3-277d-4ceb-ae9b-d9cf6f636c28\",\"更新年度\":2021,\"前年同一\":true},{\"筆ポリゴンID\":\"c00323e3-277d-4ceb-ae9b-d9cf6f636c28\",\"発生年度\":2020}]]]","last_polygon_uuid":"292d35df-e109-46dc-8fed-f35d1a63749f","prev_last_polygon_uuid":"e30e17bb-05d4-4564-9ed3-012a0e11e410","local_government_cd":"016080","point_lng":142.990484527,"point_lat":42.114207986}},{"arcs":[[537,-444,-400]],"type":"Polygon","properties":{"polygon_uuid":"327fa390-3cdd-4972-a518-b7b3cbf8a16f","land_type":200,"issue_year":2024,"edit_year":2020,"history":"[{\"筆ポリゴンID\":\"c7ef7e87-3899-4c08-ba25-17ff33c9f74e\",\"更新年度\":2023,\"前年同一\":true},[{\"筆ポリゴンID\":\"f00d6c08-59e9-45cb-85cb-8b48656ace12\",\"更新年度\":2022,\"前年同一\":true},[{\"筆ポリゴンID\":\"010c92a5-6ada-4b31-b95e-3525b00b1b99\",\"更新年度\":2021,\"前年同一\":true},{\"筆ポリゴンID\":\"010c92a5-6ada-4b31-b95e-3525b00b1b99\",\"発生年度\":2020}]]]","last_polygon_uuid":"c7ef7e87-3899-4c08-ba25-17ff33c9f74e","prev_last_polygon_uuid":"f00d6c08-59e9-45cb-85cb-8b48656ace12","local_government_cd":"016080","point_lng":142.954429489,"point_lat":42.168649188}},{"arcs":[[538]],"type":"Polygon","properties":{"polygon_uuid":"bf06e0a8-16e3-43e2-a670-6c8698411b89","land_type":200,"issue_year":2024,"edit_year":2020,"history":"[{\"筆ポリゴンID\":\"58e83887-75a1-4f97-a99f-800a02f526e4\",\"更新年度\":2023,\"前年同一\":true},[{\"筆ポリゴンID\":\"683a2ce6-fd05-4004-b500-664d0d1cf9c7\",\"更新年度\":2022,\"前年同一\":true},[{\"筆ポリゴンID\":\"0a124e67-f978-47b2-92c2-89ea6b8fb8ea\",\"更新年度\":2021,\"前年同一\":true},{\"筆ポリゴンID\":\"0a124e67-f978-47b2-92c2-89ea6b8fb8ea\",\"発生年度\":2020}]]]","last_polygon_uuid":"58e83887-75a1-4f97-a99f-800a02f526e4","prev_last_polygon_uuid":"683a2ce6-fd05-4004-b500-664d0d1cf9c7","local_government_cd":"016080","point_lng":142.967580493,"point_lat":42.175724439}},{"arcs":[[539]],"type":"Polygon","properties":{"polygon_uuid":"13ddc0fe-7cb3-40d1-95e7-92e25c6ece8d","land_type":200,"issue_year":2024,"edit_year":2020,"history":"[{\"筆ポリゴンID\":\"9df7e3be-5608-4737-887f-8fead3420fb6\",\"更新年度\":2023,\"前年同一\":true},[{\"筆ポリゴンID\":\"a112c922-e25f-49fe-a609-8e93f4d328c8\",\"更新年度\":2022,\"前年同一\":true},[{\"筆ポリゴンID\":\"8a09041e-2e8d-43c0-bc73-1d1e00d26c57\",\"更新年度\":2021,\"前年同一\":true},{\"筆ポリゴンID\":\"8a09041e-2e8d-43c0-bc73-1d1e00d26c57\",\"発生年度\":2020}]]]","last_polygon_uuid":"9df7e3be-5608-4737-887f-8fead3420fb6","prev_last_polygon_uuid":"a112c922-e25f-49fe-a609-8e93f4d328c8","local_government_cd":"016080","point_lng":142.908811807,"point_lat":42.172181915}},{"arcs":[[540]],"type":"Polygon","properties":{"polygon_uuid":"11e99686-a156-475a-9679-d58d10703a65","land_type":200,"issue_year":2024,"edit_year":2020,"history":"[{\"筆ポリゴンID\":\"b28bf1b1-d60a-439a-921b-f6b5d1ff0123\",\"更新年度\":2023,\"前年同一\":true},[{\"筆ポリゴンID\":\"fe9598dc-b2bf-41e3-a9b3-a9affe0efc36\",\"更新年度\":2022,\"前年同一\":true},[{\"筆ポリゴンID\":\"e3ac3472-74b6-47c6-9794-a9f4da66ead7\",\"更新年度\":2021,\"前年同一\":true},{\"筆ポリゴンID\":\"e3ac3472-74b6-47c6-9794-a9f4da66ead7\",\"発生年度\":2020}]]]","last_polygon_uuid":"b28bf1b1-d60a-439a-921b-f6b5d1ff0123","prev_last_polygon_uuid":"fe9598dc-b2bf-41e3-a9b3-a9affe0efc36","local_government_cd":"016080","point_lng":142.914255634,"point_lat":42.178323683}},{"arcs":[[541]],"type":"Polygon","properties":{"polygon_uuid":"72daae80-36fd-45f5-825a-d5f72cf84eac","land_type":200,"issue_year":2024,"edit_year":2020,"history":"[{\"筆ポリゴンID\":\"aa0046b2-56b2-4b64-bf0d-2ab306b902c8\",\"更新年度\":2023,\"前年同一\":true},[{\"筆ポリゴンID\":\"7a0fcfaf-cf94-424c-a4fb-0d2293aba72f\",\"更新年度\":2022,\"前年同一\":true},[{\"筆ポリゴンID\":\"ad38a25a-e3d2-4ac5-bbc4-e4a285a049e8\",\"更新年度\":2021,\"前年同一\":true},{\"筆ポリゴンID\":\"ad38a25a-e3d2-4ac5-bbc4-e4a285a049e8\",\"発生年度\":2020}]]]","last_polygon_uuid":"aa0046b2-56b2-4b64-bf0d-2ab306b902c8","prev_last_polygon_uuid":"7a0fcfaf-cf94-424c-a4fb-0d2293aba72f","local_government_cd":"016080","point_lng":142.91586887,"point_lat":42.169504299}},{"arcs":[[-505,542]],"type":"Polygon","properties":{"polygon_uuid":"7f1f71c3-a8e3-4703-bea1-f001c04036bd","land_type":200,"issue_year":2024,"edit_year":2020,"history":"[{\"筆ポリゴンID\":\"7ab22ea1-0529-4718-b1e2-8500579c01b5\",\"更新年度\":2023,\"前年同一\":true},[{\"筆ポリゴンID\":\"fa67cbfc-992a-4749-a8f1-63fe89e5e5d5\",\"更新年度\":2022,\"前年同一\":true},[{\"筆ポリゴンID\":\"8c62be54-f342-4632-9c6b-e1297df06ecd\",\"更新年度\":2021,\"前年同一\":true},{\"筆ポリゴンID\":\"8c62be54-f342-4632-9c6b-e1297df06ecd\",\"発生年度\":2020}]]]","last_polygon_uuid":"7ab22ea1-0529-4718-b1e2-8500579c01b5","prev_last_polygon_uuid":"fa67cbfc-992a-4749-a8f1-63fe89e5e5d5","local_government_cd":"016080","point_lng":142.939550187,"point_lat":42.179668152}},{"arcs":[[543,544]],"type":"Polygon","properties":{"polygon_uuid":"418ae604-ecd3-4685-ad64-efcecc32518a","land_type":200,"issue_year":2024,"edit_year":2020,"history":"[{\"筆ポリゴンID\":\"92636ac2-87d4-4e8f-8729-c7ca8230fa4f\",\"更新年度\":2023,\"前年同一\":true},[{\"筆ポリゴンID\":\"3a867111-6c64-469e-839b-cb5163226da3\",\"更新年度\":2022,\"前年同一\":true},[{\"筆ポリゴンID\":\"25eda277-cd62-42fe-92e8-2c264a757ae9\",\"更新年度\":2021,\"前年同一\":true},{\"筆ポリゴンID\":\"25eda277-cd62-42fe-92e8-2c264a757ae9\",\"発生年度\":2020}]]]","last_polygon_uuid":"92636ac2-87d4-4e8f-8729-c7ca8230fa4f","prev_last_polygon_uuid":"3a867111-6c64-469e-839b-cb5163226da3","local_government_cd":"016080","point_lng":142.908511455,"point_lat":42.173023565}},{"arcs":[[545]],"type":"Polygon","properties":{"polygon_uuid":"90717be5-dbea-4443-824e-410beca3ee3e","land_type":200,"issue_year":2024,"edit_year":2020,"history":"[{\"筆ポリゴンID\":\"b5228049-922c-496b-9925-6b0516015948\",\"更新年度\":2023,\"前年同一\":true},[{\"筆ポリゴンID\":\"fa0cf731-7ae2-49b3-8f6c-c43dac4a1b08\",\"更新年度\":2022,\"前年同一\":true},[{\"筆ポリゴンID\":\"38443966-a14f-4b0f-815e-2023f4c478db\",\"更新年度\":2021,\"前年同一\":true},{\"筆ポリゴンID\":\"38443966-a14f-4b0f-815e-2023f4c478db\",\"発生年度\":2020}]]]","last_polygon_uuid":"b5228049-922c-496b-9925-6b0516015948","prev_last_polygon_uuid":"fa0cf731-7ae2-49b3-8f6c-c43dac4a1b08","local_government_cd":"016080","point_lng":142.909922027,"point_lat":42.173587656}},{"arcs":[[546]],"type":"Polygon","properties":{"polygon_uuid":"5e20e221-19ce-462b-83c2-2271ecf3ba80","land_type":200,"issue_year":2024,"edit_year":2020,"history":"[{\"筆ポリゴンID\":\"f3c87374-9030-41c6-9286-dacd4263dc4b\",\"更新年度\":2023,\"前年同一\":true},[{\"筆ポリゴンID\":\"ed1daa9a-1bb3-4cd2-98d2-691d840945ff\",\"更新年度\":2022,\"前年同一\":true},[{\"筆ポリゴンID\":\"fa26e495-7780-46c2-9bfc-63f7f095d8fe\",\"更新年度\":2021,\"前年同一\":true},{\"筆ポリゴンID\":\"fa26e495-7780-46c2-9bfc-63f7f095d8fe\",\"発生年度\":2020}]]]","last_polygon_uuid":"f3c87374-9030-41c6-9286-dacd4263dc4b","prev_last_polygon_uuid":"ed1daa9a-1bb3-4cd2-98d2-691d840945ff","local_government_cd":"016080","point_lng":142.906101878,"point_lat":42.178008567}},{"arcs":[[547]],"type":"Polygon","properties":{"polygon_uuid":"1ec686f8-8ad3-4b41-b6f7-af94c9615ca0","land_type":200,"issue_year":2024,"edit_year":2020,"history":"[{\"筆ポリゴンID\":\"189144d5-3897-47db-87e4-ef149e8a956f\",\"更新年度\":2023,\"前年同一\":true},[{\"筆ポリゴンID\":\"4299ebde-3c3e-473c-8f37-e6734a918b2e\",\"更新年度\":2022,\"前年同一\":true},[{\"筆ポリゴンID\":\"a82d61b4-551d-4fd5-aacd-03e2f4a44019\",\"更新年度\":2021,\"前年同一\":true},{\"筆ポリゴンID\":\"a82d61b4-551d-4fd5-aacd-03e2f4a44019\",\"発生年度\":2020}]]]","last_polygon_uuid":"189144d5-3897-47db-87e4-ef149e8a956f","prev_last_polygon_uuid":"4299ebde-3c3e-473c-8f37-e6734a918b2e","local_government_cd":"016080","point_lng":142.962659645,"point_lat":42.17531202}},{"arcs":[[548,549]],"type":"Polygon","properties":{"polygon_uuid":"57eef64b-eba4-4a5b-911d-3e6eba3652c8","land_type":200,"issue_year":2024,"edit_year":2020,"history":"[{\"筆ポリゴンID\":\"374b261a-e90a-4756-bdc2-d677fd213c0a\",\"更新年度\":2023,\"前年同一\":true},[{\"筆ポリゴンID\":\"70a44b99-c83f-4f3c-a95e-cb2c4aa29d06\",\"更新年度\":2022,\"前年同一\":true},[{\"筆ポリゴンID\":\"c8e20f86-adab-4a8f-b70a-25887d4fc988\",\"更新年度\":2021,\"前年同一\":true},{\"筆ポリゴンID\":\"c8e20f86-adab-4a8f-b70a-25887d4fc988\",\"発生年度\":2020}]]]","last_polygon_uuid":"374b261a-e90a-4756-bdc2-d677fd213c0a","prev_last_polygon_uuid":"70a44b99-c83f-4f3c-a95e-cb2c4aa29d06","local_government_cd":"016080","point_lng":142.8751314,"point_lat":42.150588787}},{"arcs":[[550]],"type":"Polygon","properties":{"polygon_uuid":"281d7b6a-b85e-438e-ad72-0100d2b4b9fd","land_type":200,"issue_year":2024,"edit_year":2020,"history":"[{\"筆ポリゴンID\":\"441c4af7-c819-46c3-b4ad-3eac9bc4fae9\",\"更新年度\":2023,\"前年同一\":true},[{\"筆ポリゴンID\":\"ae1f9df1-3b3c-4c58-afe8-0a964d50dbe9\",\"更新年度\":2022,\"前年同一\":true},[{\"筆ポリゴンID\":\"c6f27c45-8bbf-4be2-a0e9-cb4ca68e0faf\",\"更新年度\":2021,\"前年同一\":true},{\"筆ポリゴンID\":\"c6f27c45-8bbf-4be2-a0e9-cb4ca68e0faf\",\"発生年度\":2020}]]]","last_polygon_uuid":"441c4af7-c819-46c3-b4ad-3eac9bc4fae9","prev_last_polygon_uuid":"ae1f9df1-3b3c-4c58-afe8-0a964d50dbe9","local_government_cd":"016080","point_lng":142.947685219,"point_lat":42.179529494}},{"arcs":[[551]],"type":"Polygon","properties":{"polygon_uuid":"023fde8f-fd4f-4e93-a229-117d42ecf33a","land_type":200,"issue_year":2024,"edit_year":2020,"history":"[{\"筆ポリゴンID\":\"7c53d946-de66-4dc6-a1f0-7f84a162736c\",\"更新年度\":2023,\"前年同一\":true},[{\"筆ポリゴンID\":\"c348754a-27b1-4911-a3ed-db8a8b183e8b\",\"更新年度\":2022,\"前年同一\":true},[{\"筆ポリゴンID\":\"ebb7a5d8-dd35-4b44-b845-485d940d2077\",\"更新年度\":2021,\"前年同一\":true},{\"筆ポリゴンID\":\"ebb7a5d8-dd35-4b44-b845-485d940d2077\",\"発生年度\":2020}]]]","last_polygon_uuid":"7c53d946-de66-4dc6-a1f0-7f84a162736c","prev_last_polygon_uuid":"c348754a-27b1-4911-a3ed-db8a8b183e8b","local_government_cd":"016080","point_lng":142.968135167,"point_lat":42.175046558}},{"arcs":[[552]],"type":"Polygon","properties":{"polygon_uuid":"b18b7532-39dd-426d-9fba-b8d3d9c59837","land_type":200,"issue_year":2024,"edit_year":2020,"history":"[{\"筆ポリゴンID\":\"b997ad6b-5770-4f48-8d89-e7905b3ffe69\",\"更新年度\":2023,\"前年同一\":true},[{\"筆ポリゴンID\":\"16e98cf0-40b9-4553-84ca-78152579c17b\",\"更新年度\":2022,\"前年同一\":true},[{\"筆ポリゴンID\":\"de10252a-ac88-4c13-a437-e5c47f01074b\",\"更新年度\":2021,\"前年同一\":true},{\"筆ポリゴンID\":\"de10252a-ac88-4c13-a437-e5c47f01074b\",\"発生年度\":2020}]]]","last_polygon_uuid":"b997ad6b-5770-4f48-8d89-e7905b3ffe69","prev_last_polygon_uuid":"16e98cf0-40b9-4553-84ca-78152579c17b","local_government_cd":"016080","point_lng":142.961809193,"point_lat":42.175650715}},{"arcs":[[553]],"type":"Polygon","properties":{"polygon_uuid":"5df62fd4-5487-4f18-b220-548183d258c5","land_type":200,"issue_year":2024,"edit_year":2020,"history":"[{\"筆ポリゴンID\":\"bbc7ef61-18a3-4a54-bf60-b8a4aa760756\",\"更新年度\":2023,\"前年同一\":true},[{\"筆ポリゴンID\":\"e9e06999-daa3-447a-932c-196b04d08bef\",\"更新年度\":2022,\"前年同一\":true},[{\"筆ポリゴンID\":\"ea046a20-926c-42b4-93d1-ab099292271f\",\"更新年度\":2021,\"前年同一\":true},{\"筆ポリゴンID\":\"ea046a20-926c-42b4-93d1-ab099292271f\",\"発生年度\":2020}]]]","last_polygon_uuid":"bbc7ef61-18a3-4a54-bf60-b8a4aa760756","prev_last_polygon_uuid":"e9e06999-daa3-447a-932c-196b04d08bef","local_government_cd":"016080","point_lng":143.007951127,"point_lat":42.200272671}},{"arcs":[[554]],"type":"Polygon","properties":{"polygon_uuid":"669e20c7-a924-4fdb-8886-e57b90751bb1","land_type":200,"issue_year":2024,"edit_year":2020,"history":"[{\"筆ポリゴンID\":\"96c1ac57-c708-4103-8e67-d8d377d94bd8\",\"更新年度\":2023,\"前年同一\":true},[{\"筆ポリゴンID\":\"156b3b6e-96e2-41a8-bc55-0bb65ed15b61\",\"更新年度\":2022,\"前年同一\":true},[{\"筆ポリゴンID\":\"ad042463-784a-4fca-94eb-8119be63d472\",\"更新年度\":2021,\"前年同一\":true},{\"筆ポリゴンID\":\"ad042463-784a-4fca-94eb-8119be63d472\",\"発生年度\":2020}]]]","last_polygon_uuid":"96c1ac57-c708-4103-8e67-d8d377d94bd8","prev_last_polygon_uuid":"156b3b6e-96e2-41a8-bc55-0bb65ed15b61","local_government_cd":"016080","point_lng":142.980439117,"point_lat":42.146421417}},{"arcs":[[555]],"type":"Polygon","properties":{"polygon_uuid":"7f05b5e5-2eb8-4fec-9275-910072151c15","land_type":200,"issue_year":2024,"edit_year":2020,"history":"[{\"筆ポリゴンID\":\"51d406ea-83f1-409e-bdc5-83aabe44cab6\",\"更新年度\":2023,\"前年同一\":true},[{\"筆ポリゴンID\":\"8862c119-ffa1-4767-a3d1-98bd72557dc1\",\"更新年度\":2022,\"前年同一\":true},[{\"筆ポリゴンID\":\"5a89af21-1502-48a8-824a-d746547a9692\",\"更新年度\":2021,\"前年同一\":true},{\"筆ポリゴンID\":\"5a89af21-1502-48a8-824a-d746547a9692\",\"発生年度\":2020}]]]","last_polygon_uuid":"51d406ea-83f1-409e-bdc5-83aabe44cab6","prev_last_polygon_uuid":"8862c119-ffa1-4767-a3d1-98bd72557dc1","local_government_cd":"016080","point_lng":142.965747711,"point_lat":42.132676358}},{"arcs":[[556]],"type":"Polygon","properties":{"polygon_uuid":"4d98d5cb-c6d0-48c2-a8c0-fa9e3ef5e8b7","land_type":200,"issue_year":2024,"edit_year":2020,"history":"[{\"筆ポリゴンID\":\"6806157d-9e38-43c8-870b-54514ceb1fae\",\"更新年度\":2023,\"前年同一\":true},[{\"筆ポリゴンID\":\"bad2dd2e-861a-495a-a40d-4047676da7ed\",\"更新年度\":2022,\"前年同一\":true},[{\"筆ポリゴンID\":\"7f62900f-d687-49ee-9b48-1e5fa34a26a1\",\"更新年度\":2021,\"前年同一\":true},{\"筆ポリゴンID\":\"7f62900f-d687-49ee-9b48-1e5fa34a26a1\",\"発生年度\":2020}]]]","last_polygon_uuid":"6806157d-9e38-43c8-870b-54514ceb1fae","prev_last_polygon_uuid":"bad2dd2e-861a-495a-a40d-4047676da7ed","local_government_cd":"016080","point_lng":142.965944751,"point_lat":42.172996961}},{"arcs":[[557]],"type":"Polygon","properties":{"polygon_uuid":"a0b3c2ce-5e7c-421c-97dc-9719ecf20daf","land_type":200,"issue_year":2024,"edit_year":2020,"history":"[{\"筆ポリゴンID\":\"19a03ba9-aded-4b50-b076-5e7016d4e692\",\"更新年度\":2023,\"前年同一\":true},[{\"筆ポリゴンID\":\"3d5191d9-06e6-4918-ad6c-fd2b86566f01\",\"更新年度\":2022,\"前年同一\":true},[{\"筆ポリゴンID\":\"07298045-65bb-476f-98d1-5726a80a083a\",\"更新年度\":2021,\"前年同一\":true},{\"筆ポリゴンID\":\"07298045-65bb-476f-98d1-5726a80a083a\",\"発生年度\":2020}]]]","last_polygon_uuid":"19a03ba9-aded-4b50-b076-5e7016d4e692","prev_last_polygon_uuid":"3d5191d9-06e6-4918-ad6c-fd2b86566f01","local_government_cd":"016080","point_lng":142.985901797,"point_lat":42.114011384}},{"arcs":[[558]],"type":"Polygon","properties":{"polygon_uuid":"51c8a14e-608f-4c95-ace7-51ffcff6881a","land_type":200,"issue_year":2024,"edit_year":2020,"history":"[{\"筆ポリゴンID\":\"78a1fecf-028e-436d-a4eb-3f6dd0c66d92\",\"更新年度\":2023,\"前年同一\":true},[{\"筆ポリゴンID\":\"103499e8-0c0e-418c-a97a-f7b250da533e\",\"更新年度\":2022,\"前年同一\":true},[{\"筆ポリゴンID\":\"46c716ee-6cd5-4e6c-94ff-0fb21aac27a5\",\"更新年度\":2021,\"前年同一\":true},{\"筆ポリゴンID\":\"46c716ee-6cd5-4e6c-94ff-0fb21aac27a5\",\"発生年度\":2020}]]]","last_polygon_uuid":"78a1fecf-028e-436d-a4eb-3f6dd0c66d92","prev_last_polygon_uuid":"103499e8-0c0e-418c-a97a-f7b250da533e","local_government_cd":"016080","point_lng":142.909824576,"point_lat":42.171487329}},{"arcs":[[559]],"type":"Polygon","properties":{"polygon_uuid":"b7d83c16-2af7-46b8-abc3-f584e34197f5","land_type":200,"issue_year":2024,"edit_year":2020,"history":"[{\"筆ポリゴンID\":\"519f0cd0-82b2-4b50-9217-aa81058a19d4\",\"更新年度\":2023,\"前年同一\":true},[{\"筆ポリゴンID\":\"f23ce2da-0185-47f3-a768-aee82850e0a1\",\"更新年度\":2022,\"前年同一\":true},[{\"筆ポリゴンID\":\"f649f7eb-e4df-4ecd-903f-0240541347a4\",\"更新年度\":2021,\"前年同一\":true},{\"筆ポリゴンID\":\"f649f7eb-e4df-4ecd-903f-0240541347a4\",\"発生年度\":2020}]]]","last_polygon_uuid":"519f0cd0-82b2-4b50-9217-aa81058a19d4","prev_last_polygon_uuid":"f23ce2da-0185-47f3-a768-aee82850e0a1","local_government_cd":"016080","point_lng":142.907827393,"point_lat":42.176890499}},{"arcs":[[560,-495]],"type":"Polygon","properties":{"polygon_uuid":"5fee7d70-9d91-4ad1-b2a7-59a4972f5b2a","land_type":200,"issue_year":2024,"edit_year":2020,"history":"[{\"筆ポリゴンID\":\"74da4071-6e75-4060-af52-039e00648f10\",\"更新年度\":2023,\"前年同一\":true},[{\"筆ポリゴンID\":\"e86ecb63-d57c-497f-b78d-65fc2d7906cf\",\"更新年度\":2022,\"前年同一\":true},[{\"筆ポリゴンID\":\"afe13499-953f-4891-a303-96482b79f83b\",\"更新年度\":2021,\"前年同一\":true},{\"筆ポリゴンID\":\"afe13499-953f-4891-a303-96482b79f83b\",\"発生年度\":2020}]]]","last_polygon_uuid":"74da4071-6e75-4060-af52-039e00648f10","prev_last_polygon_uuid":"e86ecb63-d57c-497f-b78d-65fc2d7906cf","local_government_cd":"016080","point_lng":142.964270645,"point_lat":42.175611335}},{"arcs":[[561]],"type":"Polygon","properties":{"polygon_uuid":"bb064f24-9646-4e0f-9714-af9559fc1599","land_type":200,"issue_year":2024,"edit_year":2020,"history":"[{\"筆ポリゴンID\":\"d11f37cf-a9b3-4344-bbdf-0706b79c645c\",\"更新年度\":2023,\"前年同一\":true},[{\"筆ポリゴンID\":\"8552c4cd-25fa-4178-97b0-128ca5b9e384\",\"更新年度\":2022,\"前年同一\":true},[{\"筆ポリゴンID\":\"1faa1eb3-7acb-464e-b041-0ecc823760bd\",\"更新年度\":2021,\"前年同一\":true},{\"筆ポリゴンID\":\"1faa1eb3-7acb-464e-b041-0ecc823760bd\",\"発生年度\":2020}]]]","last_polygon_uuid":"d11f37cf-a9b3-4344-bbdf-0706b79c645c","prev_last_polygon_uuid":"8552c4cd-25fa-4178-97b0-128ca5b9e384","local_government_cd":"016080","point_lng":142.908545158,"point_lat":42.174085514}},{"arcs":[[562]],"type":"Polygon","properties":{"polygon_uuid":"ea943368-4436-401c-b56a-377deae68863","land_type":200,"issue_year":2024,"edit_year":2020,"history":"[{\"筆ポリゴンID\":\"f2c3fcfa-6843-4697-959b-a3bb28594e08\",\"更新年度\":2023,\"前年同一\":true},[{\"筆ポリゴンID\":\"631ddeb8-86af-477d-b747-5f41723ca3d9\",\"更新年度\":2022,\"前年同一\":true},[{\"筆ポリゴンID\":\"e29865b5-8635-459b-a428-8525d4358a30\",\"更新年度\":2021,\"前年同一\":true},{\"筆ポリゴンID\":\"e29865b5-8635-459b-a428-8525d4358a30\",\"発生年度\":2020}]]]","last_polygon_uuid":"f2c3fcfa-6843-4697-959b-a3bb28594e08","prev_last_polygon_uuid":"631ddeb8-86af-477d-b747-5f41723ca3d9","local_government_cd":"016080","point_lng":143.010028111,"point_lat":42.211571945}},{"arcs":[[563]],"type":"Polygon","properties":{"polygon_uuid":"8fb66a04-a1cc-4a6e-ba37-363490ef820b","land_type":200,"issue_year":2024,"edit_year":2020,"history":"[{\"筆ポリゴンID\":\"c69213e5-5bb6-4790-a485-687f69fb092a\",\"更新年度\":2023,\"前年同一\":true},[{\"筆ポリゴンID\":\"a6b0b023-bcce-4df8-b4f5-ef3e2178cc79\",\"更新年度\":2022,\"前年同一\":true},[{\"筆ポリゴンID\":\"82cda69b-2a29-424d-815a-f0396b0afee5\",\"更新年度\":2021,\"前年同一\":true},{\"筆ポリゴンID\":\"82cda69b-2a29-424d-815a-f0396b0afee5\",\"発生年度\":2020}]]]","last_polygon_uuid":"c69213e5-5bb6-4790-a485-687f69fb092a","prev_last_polygon_uuid":"a6b0b023-bcce-4df8-b4f5-ef3e2178cc79","local_government_cd":"016080","point_lng":142.993031066,"point_lat":42.190897032}},{"arcs":[[564]],"type":"Polygon","properties":{"polygon_uuid":"6d8a38d0-72a7-489b-ac52-29eceaebdeac","land_type":200,"issue_year":2024,"edit_year":2020,"history":"[{\"筆ポリゴンID\":\"6cedc01c-f83e-44c8-aa15-94c730f0d8ed\",\"更新年度\":2023,\"前年同一\":true},[{\"筆ポリゴンID\":\"d6a830bb-480f-4987-ad53-461220d0df17\",\"更新年度\":2022,\"前年同一\":true},[{\"筆ポリゴンID\":\"dcd9efc1-8344-4473-b7fd-7913a7f5f290\",\"更新年度\":2021,\"前年同一\":true},{\"筆ポリゴンID\":\"dcd9efc1-8344-4473-b7fd-7913a7f5f290\",\"発生年度\":2020}]]]","last_polygon_uuid":"6cedc01c-f83e-44c8-aa15-94c730f0d8ed","prev_last_polygon_uuid":"d6a830bb-480f-4987-ad53-461220d0df17","local_government_cd":"016080","point_lng":142.997166424,"point_lat":42.192202724}},{"arcs":[[565]],"type":"Polygon","properties":{"polygon_uuid":"9fcf12dd-1e85-4d20-83be-6697940bd37b","land_type":200,"issue_year":2024,"edit_year":2020,"history":"[{\"筆ポリゴンID\":\"05adc328-ba19-4a26-9a6d-d7fee3eebf4e\",\"更新年度\":2023,\"前年同一\":true},[{\"筆ポリゴンID\":\"0620141c-3f7e-48eb-8986-dc3ec80ece5b\",\"更新年度\":2022,\"前年同一\":true},[{\"筆ポリゴンID\":\"b67662f4-0ece-4a52-b534-94734c815b01\",\"更新年度\":2021,\"前年同一\":true},{\"筆ポリゴンID\":\"b67662f4-0ece-4a52-b534-94734c815b01\",\"発生年度\":2020}]]]","last_polygon_uuid":"05adc328-ba19-4a26-9a6d-d7fee3eebf4e","prev_last_polygon_uuid":"0620141c-3f7e-48eb-8986-dc3ec80ece5b","local_government_cd":"016080","point_lng":142.945927384,"point_lat":42.174169}},{"arcs":[[566]],"type":"Polygon","properties":{"polygon_uuid":"daf7717f-f803-4b47-b9d6-a63314e136ea","land_type":200,"issue_year":2024,"edit_year":2020,"history":"[{\"筆ポリゴンID\":\"69e3726f-e954-458f-a2aa-62a31ceb19cc\",\"更新年度\":2023,\"前年同一\":true},[{\"筆ポリゴンID\":\"6acdab82-6d38-4f1c-a5cc-d701c872856a\",\"更新年度\":2022,\"前年同一\":true},[{\"筆ポリゴンID\":\"f1ff3937-69b0-4479-9c0e-7c950d078d70\",\"更新年度\":2021,\"前年同一\":true},{\"筆ポリゴンID\":\"f1ff3937-69b0-4479-9c0e-7c950d078d70\",\"発生年度\":2020}]]]","last_polygon_uuid":"69e3726f-e954-458f-a2aa-62a31ceb19cc","prev_last_polygon_uuid":"6acdab82-6d38-4f1c-a5cc-d701c872856a","local_government_cd":"016080","point_lng":143.013967395,"point_lat":42.21351744}},{"arcs":[[567]],"type":"Polygon","properties":{"polygon_uuid":"2e1b4aaa-7f61-4605-b3e5-f11594898d18","land_type":200,"issue_year":2024,"edit_year":2020,"history":"[{\"筆ポリゴンID\":\"7b00f340-e796-4d5e-ac51-e91faa4c3842\",\"更新年度\":2023,\"前年同一\":true},[{\"筆ポリゴンID\":\"a2373a28-b695-4650-836e-315eb10a3503\",\"更新年度\":2022,\"前年同一\":true},[{\"筆ポリゴンID\":\"a14a8e73-f516-40f6-a81c-50dbd5812fce\",\"更新年度\":2021,\"前年同一\":true},{\"筆ポリゴンID\":\"a14a8e73-f516-40f6-a81c-50dbd5812fce\",\"発生年度\":2020}]]]","last_polygon_uuid":"7b00f340-e796-4d5e-ac51-e91faa4c3842","prev_last_polygon_uuid":"a2373a28-b695-4650-836e-315eb10a3503","local_government_cd":"016080","point_lng":142.946378648,"point_lat":42.171080673}},{"arcs":[[568]],"type":"Polygon","properties":{"polygon_uuid":"6c299441-d360-4d5e-bfe9-5f600e81338b","land_type":200,"issue_year":2024,"edit_year":2020,"history":"[{\"筆ポリゴンID\":\"7ab93042-53d9-4fde-a673-5da69b72e740\",\"更新年度\":2023,\"前年同一\":true},[{\"筆ポリゴンID\":\"b8e196ba-7e8b-48b5-a804-552669c4e549\",\"更新年度\":2022,\"前年同一\":true},[{\"筆ポリゴンID\":\"d06de5ae-a0df-4314-bba1-1ee7d81fbca2\",\"更新年度\":2021,\"前年同一\":true},{\"筆ポリゴンID\":\"d06de5ae-a0df-4314-bba1-1ee7d81fbca2\",\"発生年度\":2020}]]]","last_polygon_uuid":"7ab93042-53d9-4fde-a673-5da69b72e740","prev_last_polygon_uuid":"b8e196ba-7e8b-48b5-a804-552669c4e549","local_government_cd":"016080","point_lng":142.983952801,"point_lat":42.194076377}},{"arcs":[[569]],"type":"Polygon","properties":{"polygon_uuid":"4019a1f6-6b4d-4b23-a516-8d34f954df2e","land_type":200,"issue_year":2024,"edit_year":2020,"history":"[{\"筆ポリゴンID\":\"048fed20-0a1c-44e2-88c7-8f2f38253eca\",\"更新年度\":2023,\"前年同一\":true},[{\"筆ポリゴンID\":\"5c83fd02-e64a-4c36-8383-0c15710ef7df\",\"更新年度\":2022,\"前年同一\":true},[{\"筆ポリゴンID\":\"3632fced-4508-4516-b0c3-3241afed967b\",\"更新年度\":2021,\"前年同一\":true},{\"筆ポリゴンID\":\"3632fced-4508-4516-b0c3-3241afed967b\",\"発生年度\":2020}]]]","last_polygon_uuid":"048fed20-0a1c-44e2-88c7-8f2f38253eca","prev_last_polygon_uuid":"5c83fd02-e64a-4c36-8383-0c15710ef7df","local_government_cd":"016080","point_lng":143.008590292,"point_lat":42.199656435}},{"arcs":[[570]],"type":"Polygon","properties":{"polygon_uuid":"d3404769-c324-49f5-a12c-63258c7052ed","land_type":200,"issue_year":2024,"edit_year":2020,"history":"[{\"筆ポリゴンID\":\"629b4acb-041e-4244-8581-e226820968ac\",\"更新年度\":2023,\"前年同一\":true},[{\"筆ポリゴンID\":\"cf6f78c0-d64e-44db-8831-bf01da13eaed\",\"更新年度\":2022,\"前年同一\":true},[{\"筆ポリゴンID\":\"4833d3db-231e-40ad-847e-c553fd45ba99\",\"更新年度\":2021,\"前年同一\":true},{\"筆ポリゴンID\":\"4833d3db-231e-40ad-847e-c553fd45ba99\",\"発生年度\":2020}]]]","last_polygon_uuid":"629b4acb-041e-4244-8581-e226820968ac","prev_last_polygon_uuid":"cf6f78c0-d64e-44db-8831-bf01da13eaed","local_government_cd":"016080","point_lng":143.007803904,"point_lat":42.21251304}},{"arcs":[[571]],"type":"Polygon","properties":{"polygon_uuid":"110d9677-7efa-4dcc-97e5-9dfe1d1ec748","land_type":200,"issue_year":2024,"edit_year":2020,"history":"[{\"筆ポリゴンID\":\"bd2d2507-a068-470b-9b14-f7b03d2a5f0f\",\"更新年度\":2023,\"前年同一\":true},[{\"筆ポリゴンID\":\"1e454690-2169-44f8-bf37-7b284c10a4ec\",\"更新年度\":2022,\"前年同一\":true},[{\"筆ポリゴンID\":\"24b6ac1c-5999-46c6-b4af-619e99fcd51b\",\"更新年度\":2021,\"前年同一\":true},{\"筆ポリゴンID\":\"24b6ac1c-5999-46c6-b4af-619e99fcd51b\",\"発生年度\":2020}]]]","last_polygon_uuid":"bd2d2507-a068-470b-9b14-f7b03d2a5f0f","prev_last_polygon_uuid":"1e454690-2169-44f8-bf37-7b284c10a4ec","local_government_cd":"016080","point_lng":142.963549173,"point_lat":42.1755594}},{"arcs":[[572,-544]],"type":"Polygon","properties":{"polygon_uuid":"cf5d8011-eba9-4e00-bfe1-152b594f63b9","land_type":200,"issue_year":2024,"edit_year":2020,"history":"[{\"筆ポリゴンID\":\"27303f34-99d4-44c5-b7c0-6f83f4d0e345\",\"更新年度\":2023,\"前年同一\":true},[{\"筆ポリゴンID\":\"9f0ec37a-f7a2-4708-88c5-31d8aa524838\",\"更新年度\":2022,\"前年同一\":true},[{\"筆ポリゴンID\":\"da8d6223-b50c-41fb-b6d2-6a8dfa7e5592\",\"更新年度\":2021,\"前年同一\":true},{\"筆ポリゴンID\":\"da8d6223-b50c-41fb-b6d2-6a8dfa7e5592\",\"発生年度\":2020}]]]","last_polygon_uuid":"27303f34-99d4-44c5-b7c0-6f83f4d0e345","prev_last_polygon_uuid":"9f0ec37a-f7a2-4708-88c5-31d8aa524838","local_government_cd":"016080","point_lng":142.906705822,"point_lat":42.172294556}},{"arcs":[[573,-474]],"type":"Polygon","properties":{"polygon_uuid":"bd498a59-d89f-4980-b71c-b6830ba41693","land_type":200,"issue_year":2024,"edit_year":2020,"history":"[{\"筆ポリゴンID\":\"8f74752a-d1e8-4921-8aa2-79eb9ac90eba\",\"更新年度\":2023,\"前年同一\":true},[{\"筆ポリゴンID\":\"301846c5-c38e-40ee-abbe-6ac382eb53d7\",\"更新年度\":2022,\"前年同一\":true},[{\"筆ポリゴンID\":\"39b0c0bb-67e7-4dcc-bb8b-2923cca1f0e6\",\"更新年度\":2021,\"前年同一\":true},{\"筆ポリゴンID\":\"39b0c0bb-67e7-4dcc-bb8b-2923cca1f0e6\",\"発生年度\":2020}]]]","last_polygon_uuid":"8f74752a-d1e8-4921-8aa2-79eb9ac90eba","prev_last_polygon_uuid":"301846c5-c38e-40ee-abbe-6ac382eb53d7","local_government_cd":"016080","point_lng":143.016206167,"point_lat":42.193727585}},{"arcs":[[574]],"type":"Polygon","properties":{"polygon_uuid":"4392017c-9edb-43b9-aafa-9ceb9058f813","land_type":200,"issue_year":2024,"edit_year":2020,"history":"[{\"筆ポリゴンID\":\"75d20006-904d-4a17-8d06-ecb40f1f2ecb\",\"更新年度\":2023,\"前年同一\":true},[{\"筆ポリゴンID\":\"0bde5b9a-8386-41b4-bf61-2f51cd5df13a\",\"更新年度\":2022,\"前年同一\":true},[{\"筆ポリゴンID\":\"3712311b-506b-44a3-8aee-62e8293c7077\",\"更新年度\":2021,\"前年同一\":true},{\"筆ポリゴンID\":\"3712311b-506b-44a3-8aee-62e8293c7077\",\"発生年度\":2020}]]]","last_polygon_uuid":"75d20006-904d-4a17-8d06-ecb40f1f2ecb","prev_last_polygon_uuid":"0bde5b9a-8386-41b4-bf61-2f51cd5df13a","local_government_cd":"016080","point_lng":143.026852834,"point_lat":42.194755405}},{"arcs":[[575]],"type":"Polygon","properties":{"polygon_uuid":"710712dd-7a64-4083-ac39-c3e61e14f270","land_type":200,"issue_year":2024,"edit_year":2020,"history":"[{\"筆ポリゴンID\":\"96c67a0e-148c-415f-a8a0-275b62dc782b\",\"更新年度\":2023,\"前年同一\":true},[{\"筆ポリゴンID\":\"a069356c-fae2-4298-aba4-d9e40ea81c4a\",\"更新年度\":2022,\"前年同一\":true},[{\"筆ポリゴンID\":\"b1144004-cf35-421b-ac61-aa6b7efba569\",\"更新年度\":2021,\"前年同一\":true},{\"筆ポリゴンID\":\"b1144004-cf35-421b-ac61-aa6b7efba569\",\"発生年度\":2020}]]]","last_polygon_uuid":"96c67a0e-148c-415f-a8a0-275b62dc782b","prev_last_polygon_uuid":"a069356c-fae2-4298-aba4-d9e40ea81c4a","local_government_cd":"016080","point_lng":142.955568554,"point_lat":42.171433807}},{"arcs":[[576]],"type":"Polygon","properties":{"polygon_uuid":"5a3a9cf1-2eeb-480d-ab24-609265a1897e","land_type":200,"issue_year":2024,"edit_year":2020,"history":"[{\"筆ポリゴンID\":\"0517ded2-08a4-4a9d-9075-b40ed22557cb\",\"更新年度\":2023,\"前年同一\":true},[{\"筆ポリゴンID\":\"1a9d2a03-e77c-45d6-8f0d-a3e5bd4e3e51\",\"更新年度\":2022,\"前年同一\":true},[{\"筆ポリゴンID\":\"55ae63ab-af3d-4ab1-b9f9-a350962e7482\",\"更新年度\":2021,\"前年同一\":true},{\"筆ポリゴンID\":\"55ae63ab-af3d-4ab1-b9f9-a350962e7482\",\"発生年度\":2020}]]]","last_polygon_uuid":"0517ded2-08a4-4a9d-9075-b40ed22557cb","prev_last_polygon_uuid":"1a9d2a03-e77c-45d6-8f0d-a3e5bd4e3e51","local_government_cd":"016080","point_lng":142.995122635,"point_lat":42.189928992}},{"arcs":[[577]],"type":"Polygon","properties":{"polygon_uuid":"1aeb2996-9eb8-40f8-914a-f110a94a249c","land_type":200,"issue_year":2024,"edit_year":2020,"history":"[{\"筆ポリゴンID\":\"cf1ed173-5903-49b2-b259-83d315b00b05\",\"更新年度\":2023,\"前年同一\":true},[{\"筆ポリゴンID\":\"8cf88aad-54d3-4b38-bc33-6279f9df4910\",\"更新年度\":2022,\"前年同一\":true},[{\"筆ポリゴンID\":\"4c7a764c-1f2a-492e-9d4f-9c80040ba5ee\",\"更新年度\":2021,\"前年同一\":true},{\"筆ポリゴンID\":\"4c7a764c-1f2a-492e-9d4f-9c80040ba5ee\",\"発生年度\":2020}]]]","last_polygon_uuid":"cf1ed173-5903-49b2-b259-83d315b00b05","prev_last_polygon_uuid":"8cf88aad-54d3-4b38-bc33-6279f9df4910","local_government_cd":"016080","point_lng":142.922714991,"point_lat":42.182063839}},{"arcs":[[578]],"type":"Polygon","properties":{"polygon_uuid":"5548e115-3561-4bea-a7c4-4d4983798c09","land_type":200,"issue_year":2024,"edit_year":2020,"history":"[{\"筆ポリゴンID\":\"535e7778-b326-4fc7-9c52-a82774965dbe\",\"更新年度\":2023,\"前年同一\":true},[{\"筆ポリゴンID\":\"12ba7371-b420-4139-a2fb-6d3b564380e7\",\"更新年度\":2022,\"前年同一\":true},[{\"筆ポリゴンID\":\"eb5d68a1-4f09-4dcc-8037-1853f98e3ca6\",\"更新年度\":2021,\"前年同一\":true},{\"筆ポリゴンID\":\"eb5d68a1-4f09-4dcc-8037-1853f98e3ca6\",\"発生年度\":2020}]]]","last_polygon_uuid":"535e7778-b326-4fc7-9c52-a82774965dbe","prev_last_polygon_uuid":"12ba7371-b420-4139-a2fb-6d3b564380e7","local_government_cd":"016080","point_lng":143.009850322,"point_lat":42.217090504}},{"arcs":[[-366,579]],"type":"Polygon","properties":{"polygon_uuid":"f5a8e40f-8504-402d-bbbe-3282c2073d86","land_type":200,"issue_year":2024,"edit_year":2020,"history":"[{\"筆ポリゴンID\":\"ebc35db2-b31f-4da5-980d-37fd64315979\",\"更新年度\":2023,\"前年同一\":true},[{\"筆ポリゴンID\":\"1bce5c8d-ca6a-45f2-ba7c-97bac279656d\",\"更新年度\":2022,\"前年同一\":true},[{\"筆ポリゴンID\":\"46fedd63-8303-404b-a7de-73bac5a39a4b\",\"更新年度\":2021,\"前年同一\":true},{\"筆ポリゴンID\":\"46fedd63-8303-404b-a7de-73bac5a39a4b\",\"発生年度\":2020}]]]","last_polygon_uuid":"ebc35db2-b31f-4da5-980d-37fd64315979","prev_last_polygon_uuid":"1bce5c8d-ca6a-45f2-ba7c-97bac279656d","local_government_cd":"016080","point_lng":142.981312293,"point_lat":42.148166263}},{"arcs":[[580]],"type":"Polygon","properties":{"polygon_uuid":"29b3a0ab-bdf0-473b-83e9-dd815ca9f013","land_type":200,"issue_year":2024,"edit_year":2020,"history":"[{\"筆ポリゴンID\":\"3737fa29-e768-4d22-9524-d829a1329d85\",\"更新年度\":2023,\"前年同一\":true},[{\"筆ポリゴンID\":\"79600662-68ca-48ad-857f-05c144aad4a8\",\"更新年度\":2022,\"前年同一\":true},[{\"筆ポリゴンID\":\"3499757f-ea28-455d-b9b6-d33b769238f7\",\"更新年度\":2021,\"前年同一\":true},{\"筆ポリゴンID\":\"3499757f-ea28-455d-b9b6-d33b769238f7\",\"発生年度\":2020}]]]","last_polygon_uuid":"3737fa29-e768-4d22-9524-d829a1329d85","prev_last_polygon_uuid":"79600662-68ca-48ad-857f-05c144aad4a8","local_government_cd":"016080","point_lng":142.876513025,"point_lat":42.149721631}},{"arcs":[[-22,581]],"type":"Polygon","properties":{"polygon_uuid":"26707823-fd78-44cc-8ea4-9f2cc246755f","land_type":200,"issue_year":2024,"edit_year":2020,"history":"[{\"筆ポリゴンID\":\"8cd5d5e2-7680-45a0-998c-eeebc8527134\",\"更新年度\":2023,\"前年同一\":true},[{\"筆ポリゴンID\":\"9f2183a3-0055-41a3-a5c3-40bfae3ce1af\",\"更新年度\":2022,\"前年同一\":true},[{\"筆ポリゴンID\":\"4cdaf456-4b6f-46b2-8757-8c5180dd6ae4\",\"更新年度\":2021,\"前年同一\":true},{\"筆ポリゴンID\":\"4cdaf456-4b6f-46b2-8757-8c5180dd6ae4\",\"発生年度\":2020}]]]","last_polygon_uuid":"8cd5d5e2-7680-45a0-998c-eeebc8527134","prev_last_polygon_uuid":"9f2183a3-0055-41a3-a5c3-40bfae3ce1af","local_government_cd":"016080","point_lng":142.91282319,"point_lat":42.176230908}},{"arcs":[[582]],"type":"Polygon","properties":{"polygon_uuid":"24acfd24-313c-412c-a05d-a36bedba0410","land_type":200,"issue_year":2024,"edit_year":2020,"history":"[{\"筆ポリゴンID\":\"77714ecb-e3ff-4265-94ab-3dac2b1a85bf\",\"更新年度\":2023,\"前年同一\":true},[{\"筆ポリゴンID\":\"1ae54716-b3b3-4333-b9f8-c657006d72f6\",\"更新年度\":2022,\"前年同一\":true},[{\"筆ポリゴンID\":\"78004a19-7723-4612-998a-796e4b6faa17\",\"更新年度\":2021,\"前年同一\":true},{\"筆ポリゴンID\":\"78004a19-7723-4612-998a-796e4b6faa17\",\"発生年度\":2020}]]]","last_polygon_uuid":"77714ecb-e3ff-4265-94ab-3dac2b1a85bf","prev_last_polygon_uuid":"1ae54716-b3b3-4333-b9f8-c657006d72f6","local_government_cd":"016080","point_lng":142.946187533,"point_lat":42.177893372}},{"arcs":[[583]],"type":"Polygon","properties":{"polygon_uuid":"c8ee850e-6870-4aac-81a1-6417ddb3aa75","land_type":200,"issue_year":2024,"edit_year":2020,"history":"[{\"筆ポリゴンID\":\"75d87151-a692-448e-96b4-7b882500f268\",\"更新年度\":2023,\"前年同一\":true},[{\"筆ポリゴンID\":\"d69df5b4-317b-4f84-adce-d82c3f46cb4c\",\"更新年度\":2022,\"前年同一\":true},[{\"筆ポリゴンID\":\"bb626721-9241-4938-ad8c-25d89634ce8d\",\"更新年度\":2021,\"前年同一\":true},{\"筆ポリゴンID\":\"bb626721-9241-4938-ad8c-25d89634ce8d\",\"発生年度\":2020}]]]","last_polygon_uuid":"75d87151-a692-448e-96b4-7b882500f268","prev_last_polygon_uuid":"d69df5b4-317b-4f84-adce-d82c3f46cb4c","local_government_cd":"016080","point_lng":142.947364935,"point_lat":42.171358724}},{"arcs":[[584],[585]],"type":"Polygon","properties":{"polygon_uuid":"efac1262-5d6f-4572-86dd-26be47c0ee8c","land_type":200,"issue_year":2024,"edit_year":2020,"history":"[{\"筆ポリゴンID\":\"86430325-3bcf-4b64-a9d4-bbf2645f8850\",\"更新年度\":2023,\"前年同一\":true},[{\"筆ポリゴンID\":\"c955c751-c62b-44d9-8dba-e998e00ad6b2\",\"更新年度\":2022,\"前年同一\":true},[{\"筆ポリゴンID\":\"4a6dc67e-19de-4afc-8a60-0594a899974c\",\"更新年度\":2021,\"前年同一\":true},{\"筆ポリゴンID\":\"4a6dc67e-19de-4afc-8a60-0594a899974c\",\"発生年度\":2020}]]]","last_polygon_uuid":"86430325-3bcf-4b64-a9d4-bbf2645f8850","prev_last_polygon_uuid":"c955c751-c62b-44d9-8dba-e998e00ad6b2","local_government_cd":"016080","point_lng":142.944417148,"point_lat":42.170601698}},{"arcs":[[586]],"type":"Polygon","properties":{"polygon_uuid":"b4aa3ab3-dc26-4e76-891e-de0b890d7767","land_type":200,"issue_year":2024,"edit_year":2020,"history":"[{\"筆ポリゴンID\":\"f0f61df1-5649-4191-a219-ac5f28aeed58\",\"更新年度\":2023,\"前年同一\":true},[{\"筆ポリゴンID\":\"522c6aa2-69b2-4c32-9d57-070ce00f1b70\",\"更新年度\":2022,\"前年同一\":true},[{\"筆ポリゴンID\":\"a82f6339-d5be-410e-a320-508e3a67c707\",\"更新年度\":2021,\"前年同一\":true},{\"筆ポリゴンID\":\"a82f6339-d5be-410e-a320-508e3a67c707\",\"発生年度\":2020}]]]","last_polygon_uuid":"f0f61df1-5649-4191-a219-ac5f28aeed58","prev_last_polygon_uuid":"522c6aa2-69b2-4c32-9d57-070ce00f1b70","local_government_cd":"016080","point_lng":142.874816942,"point_lat":42.146675639}},{"arcs":[[587]],"type":"Polygon","properties":{"polygon_uuid":"6a0b4219-35ab-4ffe-819b-733834d6f583","land_type":200,"issue_year":2024,"edit_year":2020,"history":"[{\"筆ポリゴンID\":\"ab885226-733a-485d-9aad-511d6590ff5e\",\"更新年度\":2023,\"前年同一\":true},[{\"筆ポリゴンID\":\"d5dc3609-14f3-4afd-950c-b5130c4d73d2\",\"更新年度\":2022,\"前年同一\":true},[{\"筆ポリゴンID\":\"fd1670bc-c148-42ea-8729-7400270118ed\",\"更新年度\":2021,\"前年同一\":true},{\"筆ポリゴンID\":\"fd1670bc-c148-42ea-8729-7400270118ed\",\"発生年度\":2020}]]]","last_polygon_uuid":"ab885226-733a-485d-9aad-511d6590ff5e","prev_last_polygon_uuid":"d5dc3609-14f3-4afd-950c-b5130c4d73d2","local_government_cd":"016080","point_lng":142.92665125,"point_lat":42.181504942}},{"arcs":[[588,589,590]],"type":"Polygon","properties":{"polygon_uuid":"edecc45c-941b-4f40-bd4c-8c2a02fbf246","land_type":200,"issue_year":2024,"edit_year":2020,"history":"[{\"筆ポリゴンID\":\"b6fba001-e34c-4bd5-919d-c78f9e427e86\",\"更新年度\":2023,\"前年同一\":true},[{\"筆ポリゴンID\":\"ab373cc2-3084-4c07-9d96-fd337fdc5be6\",\"更新年度\":2022,\"前年同一\":true},[{\"筆ポリゴンID\":\"243f3c58-fd92-46a8-94c0-641cc414ad47\",\"更新年度\":2021,\"前年同一\":true},{\"筆ポリゴンID\":\"243f3c58-fd92-46a8-94c0-641cc414ad47\",\"発生年度\":2020}]]]","last_polygon_uuid":"b6fba001-e34c-4bd5-919d-c78f9e427e86","prev_last_polygon_uuid":"ab373cc2-3084-4c07-9d96-fd337fdc5be6","local_government_cd":"016080","point_lng":142.98175274,"point_lat":42.106903475}},{"arcs":[[-498,591]],"type":"Polygon","properties":{"polygon_uuid":"6d00465a-37f4-42de-8c71-0acb24a4ff55","land_type":200,"issue_year":2024,"edit_year":2020,"history":"[{\"筆ポリゴンID\":\"c23e892c-58de-4b9c-9fb0-8f6846267caf\",\"更新年度\":2023,\"前年同一\":true},[{\"筆ポリゴンID\":\"04fa5a6c-2ddb-40e1-a749-49fad7cb5fa6\",\"更新年度\":2022,\"前年同一\":true},[{\"筆ポリゴンID\":\"5fb253d1-f657-400e-b1f5-a68d7dd37fc2\",\"更新年度\":2021,\"前年同一\":true},{\"筆ポリゴンID\":\"5fb253d1-f657-400e-b1f5-a68d7dd37fc2\",\"発生年度\":2020}]]]","last_polygon_uuid":"c23e892c-58de-4b9c-9fb0-8f6846267caf","prev_last_polygon_uuid":"04fa5a6c-2ddb-40e1-a749-49fad7cb5fa6","local_government_cd":"016080","point_lng":142.938982971,"point_lat":42.180937456}},{"arcs":[[592],[593]],"type":"Polygon","properties":{"polygon_uuid":"cff19c9f-de48-4fea-b40e-dbc9b53f1e39","land_type":200,"issue_year":2024,"edit_year":2020,"history":"[{\"筆ポリゴンID\":\"e8facbac-a368-42d2-bd2d-6d4abe4759cd\",\"更新年度\":2023,\"前年同一\":true},[{\"筆ポリゴンID\":\"3ecdf1ed-4d6c-4b01-b526-2de7edd6cae1\",\"更新年度\":2022,\"前年同一\":true},[{\"筆ポリゴンID\":\"5777846e-57f1-4764-bf68-d9b253a51a4a\",\"更新年度\":2021,\"前年同一\":true},{\"筆ポリゴンID\":\"5777846e-57f1-4764-bf68-d9b253a51a4a\",\"発生年度\":2020}]]]","last_polygon_uuid":"e8facbac-a368-42d2-bd2d-6d4abe4759cd","prev_last_polygon_uuid":"3ecdf1ed-4d6c-4b01-b526-2de7edd6cae1","local_government_cd":"016080","point_lng":142.878547663,"point_lat":42.147981912}},{"arcs":[[-364,-490,594]],"type":"Polygon","properties":{"polygon_uuid":"4f210d50-f24f-410b-ba0e-35f8c08aa3a2","land_type":200,"issue_year":2024,"edit_year":2020,"history":"[{\"筆ポリゴンID\":\"140a04a6-deb3-4e15-92c8-af798300eb4c\",\"更新年度\":2023,\"前年同一\":true},[{\"筆ポリゴンID\":\"ceef0240-699e-42e2-b2f0-ab46efbff41f\",\"更新年度\":2022,\"前年同一\":true},[{\"筆ポリゴンID\":\"ffce1e3c-c621-4e68-b181-c12832d59ac2\",\"更新年度\":2021,\"前年同一\":true},{\"筆ポリゴンID\":\"ffce1e3c-c621-4e68-b181-c12832d59ac2\",\"発生年度\":2020}]]]","last_polygon_uuid":"140a04a6-deb3-4e15-92c8-af798300eb4c","prev_last_polygon_uuid":"ceef0240-699e-42e2-b2f0-ab46efbff41f","local_government_cd":"016080","point_lng":142.959308943,"point_lat":42.172992685}},{"arcs":[[-316,595,-331,596]],"type":"Polygon","properties":{"polygon_uuid":"efd44ac2-db83-49ed-a340-a499d579b002","land_type":200,"issue_year":2024,"edit_year":2020,"history":"[{\"筆ポリゴンID\":\"cedb10eb-4242-4b4c-b3c5-d9e8e6ffcf55\",\"更新年度\":2023,\"前年同一\":true},[{\"筆ポリゴンID\":\"01f47cb1-9141-4bda-88ad-e562a3d93749\",\"更新年度\":2022,\"前年同一\":true},[{\"筆ポリゴンID\":\"79a01517-558d-49ea-806e-568071ac094c\",\"更新年度\":2021,\"前年同一\":true},{\"筆ポリゴンID\":\"79a01517-558d-49ea-806e-568071ac094c\",\"発生年度\":2020}]]]","last_polygon_uuid":"cedb10eb-4242-4b4c-b3c5-d9e8e6ffcf55","prev_last_polygon_uuid":"01f47cb1-9141-4bda-88ad-e562a3d93749","local_government_cd":"016080","point_lng":142.98284371,"point_lat":42.11066164}},{"arcs":[[597]],"type":"Polygon","properties":{"polygon_uuid":"dba53f7e-2942-40ff-a611-131b9212dc4e","land_type":200,"issue_year":2024,"edit_year":2020,"history":"[{\"筆ポリゴンID\":\"8e38ac8c-bbd2-481b-84d9-e8d5a378c034\",\"更新年度\":2023,\"前年同一\":true},[{\"筆ポリゴンID\":\"552cf296-8b80-40a4-93d6-2057bc59c748\",\"更新年度\":2022,\"前年同一\":true},[{\"筆ポリゴンID\":\"f06afa63-ac3e-4034-ab13-085c8b09f3f1\",\"更新年度\":2021,\"前年同一\":true},{\"筆ポリゴンID\":\"f06afa63-ac3e-4034-ab13-085c8b09f3f1\",\"発生年度\":2020}]]]","last_polygon_uuid":"8e38ac8c-bbd2-481b-84d9-e8d5a378c034","prev_last_polygon_uuid":"552cf296-8b80-40a4-93d6-2057bc59c748","local_government_cd":"016080","point_lng":143.013862694,"point_lat":42.216959297}},{"arcs":[[-456,598]],"type":"Polygon","properties":{"polygon_uuid":"ad44cfcb-c2b2-4b61-b29a-5e9af6f591ea","land_type":200,"issue_year":2024,"edit_year":2020,"history":"[{\"筆ポリゴンID\":\"0e648ac0-f01b-4411-9793-650a86282072\",\"更新年度\":2023,\"前年同一\":true},[{\"筆ポリゴンID\":\"dc824a23-8214-43e0-af2f-61bb4c9e617a\",\"更新年度\":2022,\"前年同一\":true},[{\"筆ポリゴンID\":\"45396770-99a7-4688-b8ce-8afa800bd2a5\",\"更新年度\":2021,\"前年同一\":true},{\"筆ポリゴンID\":\"45396770-99a7-4688-b8ce-8afa800bd2a5\",\"発生年度\":2020}]]]","last_polygon_uuid":"0e648ac0-f01b-4411-9793-650a86282072","prev_last_polygon_uuid":"dc824a23-8214-43e0-af2f-61bb4c9e617a","local_government_cd":"016080","point_lng":142.868851104,"point_lat":42.143256441}},{"arcs":[[599,-591,600]],"type":"Polygon","properties":{"polygon_uuid":"c6d2f183-6dcb-4ab1-9873-79ed4edfad05","land_type":200,"issue_year":2024,"edit_year":2020,"history":"[{\"筆ポリゴンID\":\"198312f3-2f57-4efc-bc83-5b7923e6054c\",\"更新年度\":2023,\"前年同一\":true},[{\"筆ポリゴンID\":\"0e9e0e6f-96fb-43cd-90c4-732be3383582\",\"更新年度\":2022,\"前年同一\":true},[{\"筆ポリゴンID\":\"be4cbc40-c5d7-47b5-b6c2-b373b91fb1c3\",\"更新年度\":2021,\"前年同一\":true},{\"筆ポリゴンID\":\"be4cbc40-c5d7-47b5-b6c2-b373b91fb1c3\",\"発生年度\":2020}]]]","last_polygon_uuid":"198312f3-2f57-4efc-bc83-5b7923e6054c","prev_last_polygon_uuid":"0e9e0e6f-96fb-43cd-90c4-732be3383582","local_government_cd":"016080","point_lng":142.980684364,"point_lat":42.107568025}},{"arcs":[[601]],"type":"Polygon","properties":{"polygon_uuid":"94a39078-1e72-4dca-b821-44e7c3772765","land_type":200,"issue_year":2024,"edit_year":2020,"history":"[{\"筆ポリゴンID\":\"8b2ddd1d-7375-41db-a60c-e719c4235293\",\"更新年度\":2023,\"前年同一\":true},[{\"筆ポリゴンID\":\"b29444b0-da0f-4fa2-94de-b775e7e32036\",\"更新年度\":2022,\"前年同一\":true},[{\"筆ポリゴンID\":\"5a28b0c5-cff3-4022-af96-061a5d087833\",\"更新年度\":2021,\"前年同一\":true},{\"筆ポリゴンID\":\"5a28b0c5-cff3-4022-af96-061a5d087833\",\"発生年度\":2020}]]]","last_polygon_uuid":"8b2ddd1d-7375-41db-a60c-e719c4235293","prev_last_polygon_uuid":"b29444b0-da0f-4fa2-94de-b775e7e32036","local_government_cd":"016080","point_lng":142.9682641,"point_lat":42.173682002}},{"arcs":[[602,-314,603,-589,-600]],"type":"Polygon","properties":{"polygon_uuid":"96ddfdc6-c167-4562-bbcc-bf118c2ad2c2","land_type":200,"issue_year":2024,"edit_year":2020,"history":"[{\"筆ポリゴンID\":\"a68cac91-a6fc-4ae2-8431-48354b875b04\",\"更新年度\":2023,\"前年同一\":true},[{\"筆ポリゴンID\":\"df741485-74a5-42e9-b248-6328640bd2db\",\"更新年度\":2022,\"前年同一\":true},[{\"筆ポリゴンID\":\"5358a764-a93c-4096-a508-b01b14ae5a88\",\"更新年度\":2021,\"前年同一\":true},{\"筆ポリゴンID\":\"5358a764-a93c-4096-a508-b01b14ae5a88\",\"発生年度\":2020}]]]","last_polygon_uuid":"a68cac91-a6fc-4ae2-8431-48354b875b04","prev_last_polygon_uuid":"df741485-74a5-42e9-b248-6328640bd2db","local_government_cd":"016080","point_lng":142.97968935,"point_lat":42.108227057}},{"arcs":[[604]],"type":"Polygon","properties":{"polygon_uuid":"469c6f75-1cbb-4282-81a5-018173984f50","land_type":200,"issue_year":2024,"edit_year":2020,"history":"[{\"筆ポリゴンID\":\"21612156-5500-4436-b685-b52c869cba96\",\"更新年度\":2023,\"前年同一\":true},[{\"筆ポリゴンID\":\"454e80c3-036d-47e4-bbcd-4fe2223d6fec\",\"更新年度\":2022,\"前年同一\":true},[{\"筆ポリゴンID\":\"e1868221-23b7-4261-a5cf-5edd8f2698cd\",\"更新年度\":2021,\"前年同一\":true},{\"筆ポリゴンID\":\"e1868221-23b7-4261-a5cf-5edd8f2698cd\",\"発生年度\":2020}]]]","last_polygon_uuid":"21612156-5500-4436-b685-b52c869cba96","prev_last_polygon_uuid":"454e80c3-036d-47e4-bbcd-4fe2223d6fec","local_government_cd":"016080","point_lng":142.9219864,"point_lat":42.184205186}},{"arcs":[[605]],"type":"Polygon","properties":{"polygon_uuid":"ced577dd-1947-4e80-a37c-f1f1dde87536","land_type":200,"issue_year":2024,"edit_year":2020,"history":"[{\"筆ポリゴンID\":\"cc6423d7-6fa3-4863-b63d-10b5558389be\",\"更新年度\":2023,\"前年同一\":true},[{\"筆ポリゴンID\":\"d86e6a76-7950-4ce9-826d-f21e3105902d\",\"更新年度\":2022,\"前年同一\":true},[{\"筆ポリゴンID\":\"15da76df-7717-4270-a744-20d5d9f77afc\",\"更新年度\":2021,\"前年同一\":true},{\"筆ポリゴンID\":\"15da76df-7717-4270-a744-20d5d9f77afc\",\"発生年度\":2020}]]]","last_polygon_uuid":"cc6423d7-6fa3-4863-b63d-10b5558389be","prev_last_polygon_uuid":"d86e6a76-7950-4ce9-826d-f21e3105902d","local_government_cd":"016080","point_lng":142.939538445,"point_lat":42.176181308}},{"arcs":[[606]],"type":"Polygon","properties":{"polygon_uuid":"effa4691-ab14-4fc4-8a53-615eeb8c9926","land_type":200,"issue_year":2024,"edit_year":2020,"history":"[{\"筆ポリゴンID\":\"0354ce9e-19de-4a7b-b8ce-8e8561622b65\",\"更新年度\":2023,\"前年同一\":true},[{\"筆ポリゴンID\":\"5cbfabe5-5a98-4445-bc3e-1bd08f30c5ad\",\"更新年度\":2022,\"前年同一\":true},[{\"筆ポリゴンID\":\"00e7431a-c39c-4750-b40d-a697bd1fddfe\",\"更新年度\":2021,\"前年同一\":true},{\"筆ポリゴンID\":\"00e7431a-c39c-4750-b40d-a697bd1fddfe\",\"発生年度\":2020}]]]","last_polygon_uuid":"0354ce9e-19de-4a7b-b8ce-8e8561622b65","prev_last_polygon_uuid":"5cbfabe5-5a98-4445-bc3e-1bd08f30c5ad","local_government_cd":"016080","point_lng":143.001163823,"point_lat":42.194930132}},{"arcs":[[607]],"type":"Polygon","properties":{"polygon_uuid":"c48847ad-5849-461d-a02e-f11f175f3596","land_type":200,"issue_year":2024,"edit_year":2020,"history":"[{\"筆ポリゴンID\":\"ca9c5bfa-c4d3-400d-9a77-7e273b4d8a7f\",\"更新年度\":2023,\"前年同一\":true},[{\"筆ポリゴンID\":\"3185a206-cdf5-4699-be47-917781f31fa1\",\"更新年度\":2022,\"前年同一\":true},[{\"筆ポリゴンID\":\"d85682a2-c445-4416-980c-9a10f1872137\",\"更新年度\":2021,\"前年同一\":true},{\"筆ポリゴンID\":\"d85682a2-c445-4416-980c-9a10f1872137\",\"発生年度\":2020}]]]","last_polygon_uuid":"ca9c5bfa-c4d3-400d-9a77-7e273b4d8a7f","prev_last_polygon_uuid":"3185a206-cdf5-4699-be47-917781f31fa1","local_government_cd":"016080","point_lng":142.913179457,"point_lat":42.149313997}},{"arcs":[[608]],"type":"Polygon","properties":{"polygon_uuid":"4c88d224-95b7-4868-841e-dc097955c3b6","land_type":200,"issue_year":2024,"edit_year":2020,"history":"[{\"筆ポリゴンID\":\"09d8660e-a21c-4275-8b72-fe52a82c5990\",\"更新年度\":2023,\"前年同一\":true},[{\"筆ポリゴンID\":\"913fb520-7ec0-408d-8c34-cf2bb1221754\",\"更新年度\":2022,\"前年同一\":true},[{\"筆ポリゴンID\":\"45004553-cfa9-42ec-8007-7b2017f3c5ba\",\"更新年度\":2021,\"前年同一\":true},{\"筆ポリゴンID\":\"45004553-cfa9-42ec-8007-7b2017f3c5ba\",\"発生年度\":2020}]]]","last_polygon_uuid":"09d8660e-a21c-4275-8b72-fe52a82c5990","prev_last_polygon_uuid":"913fb520-7ec0-408d-8c34-cf2bb1221754","local_government_cd":"016080","point_lng":142.90860987,"point_lat":42.154282225}},{"arcs":[[609,610]],"type":"Polygon","properties":{"polygon_uuid":"c117ae3c-7aab-4fe8-818f-a4f13e8841a4","land_type":200,"issue_year":2024,"edit_year":2020,"history":"[{\"筆ポリゴンID\":\"f6f1959b-b96f-4ddc-8de7-3c6649a2b14d\",\"更新年度\":2023,\"前年同一\":true},[{\"筆ポリゴンID\":\"baa18f56-5a4a-4ac9-9560-18b0a6065865\",\"更新年度\":2022,\"前年同一\":true},[{\"筆ポリゴンID\":\"43d61701-0c83-4118-ab1a-c18a8a42b13c\",\"更新年度\":2021,\"前年同一\":true},{\"筆ポリゴンID\":\"43d61701-0c83-4118-ab1a-c18a8a42b13c\",\"発生年度\":2020}]]]","last_polygon_uuid":"f6f1959b-b96f-4ddc-8de7-3c6649a2b14d","prev_last_polygon_uuid":"baa18f56-5a4a-4ac9-9560-18b0a6065865","local_government_cd":"016080","point_lng":142.900361715,"point_lat":42.143100854}},{"arcs":[[611]],"type":"Polygon","properties":{"polygon_uuid":"5cf0e10b-6e1c-4459-b9c4-3ee531b90d2b","land_type":200,"issue_year":2024,"edit_year":2020,"history":"[{\"筆ポリゴンID\":\"1cac35a8-7e15-43e1-86fb-4bb209defd31\",\"更新年度\":2023,\"前年同一\":true},[{\"筆ポリゴンID\":\"70e70688-fa1b-4178-8852-12c0e3682a60\",\"更新年度\":2022,\"前年同一\":true},[{\"筆ポリゴンID\":\"d42b2c61-d7f1-440a-85db-fdde76a8bd05\",\"更新年度\":2021,\"前年同一\":true},{\"筆ポリゴンID\":\"d42b2c61-d7f1-440a-85db-fdde76a8bd05\",\"発生年度\":2020}]]]","last_polygon_uuid":"1cac35a8-7e15-43e1-86fb-4bb209defd31","prev_last_polygon_uuid":"70e70688-fa1b-4178-8852-12c0e3682a60","local_government_cd":"016080","point_lng":142.940280474,"point_lat":42.126707843}},{"arcs":[[612]],"type":"Polygon","properties":{"polygon_uuid":"602a8e9a-5919-4365-9458-bd2665ad6c25","land_type":200,"issue_year":2024,"edit_year":2020,"history":"[{\"筆ポリゴンID\":\"63d9a710-1f22-401d-9810-3680a067fe9a\",\"更新年度\":2023,\"前年同一\":true},[{\"筆ポリゴンID\":\"8a469658-05a8-4692-aa5e-8d8554c5d5a3\",\"更新年度\":2022,\"前年同一\":true},[{\"筆ポリゴンID\":\"ca2a222f-9960-4a9c-a782-1b53af67f1bc\",\"更新年度\":2021,\"前年同一\":true},{\"筆ポリゴンID\":\"ca2a222f-9960-4a9c-a782-1b53af67f1bc\",\"発生年度\":2020}]]]","last_polygon_uuid":"63d9a710-1f22-401d-9810-3680a067fe9a","prev_last_polygon_uuid":"8a469658-05a8-4692-aa5e-8d8554c5d5a3","local_government_cd":"016080","point_lng":142.954597618,"point_lat":42.132886292}},{"arcs":[[613]],"type":"Polygon","properties":{"polygon_uuid":"db08bcfc-4a3a-47fd-ba8b-bf66d49343ea","land_type":200,"issue_year":2024,"edit_year":2020,"history":"[{\"筆ポリゴンID\":\"af9dbee0-2a3e-4422-b560-d9b3ccbc3578\",\"更新年度\":2023,\"前年同一\":true},[{\"筆ポリゴンID\":\"81a2b70e-3c20-47a6-82c4-7f502bd43abd\",\"更新年度\":2022,\"前年同一\":true},[{\"筆ポリゴンID\":\"a3796a6a-6312-4225-964f-aa56edd12425\",\"更新年度\":2021,\"前年同一\":true},{\"筆ポリゴンID\":\"a3796a6a-6312-4225-964f-aa56edd12425\",\"発生年度\":2020}]]]","last_polygon_uuid":"af9dbee0-2a3e-4422-b560-d9b3ccbc3578","prev_last_polygon_uuid":"81a2b70e-3c20-47a6-82c4-7f502bd43abd","local_government_cd":"016080","point_lng":142.956702323,"point_lat":42.126773501}},{"arcs":[[614]],"type":"Polygon","properties":{"polygon_uuid":"84868872-0c69-459f-a8d8-4a7ef9efef74","land_type":200,"issue_year":2024,"edit_year":2020,"history":"[{\"筆ポリゴンID\":\"96cda0d8-f75d-4633-a5c7-f8ddc33b5762\",\"更新年度\":2023,\"前年同一\":true},[{\"筆ポリゴンID\":\"e413da84-189b-4d73-8d28-93ea9453adcd\",\"更新年度\":2022,\"前年同一\":true},[{\"筆ポリゴンID\":\"8fdb683e-8cc9-4e96-81b9-7ab49d9af1e5\",\"更新年度\":2021,\"前年同一\":true},{\"筆ポリゴンID\":\"8fdb683e-8cc9-4e96-81b9-7ab49d9af1e5\",\"発生年度\":2020}]]]","last_polygon_uuid":"96cda0d8-f75d-4633-a5c7-f8ddc33b5762","prev_last_polygon_uuid":"e413da84-189b-4d73-8d28-93ea9453adcd","local_government_cd":"016080","point_lng":142.955634721,"point_lat":42.126628689}},{"arcs":[[615,616]],"type":"Polygon","properties":{"polygon_uuid":"b11f879a-b100-45dd-bd0d-6c398912b61b","land_type":200,"issue_year":2024,"edit_year":2020,"history":"[{\"筆ポリゴンID\":\"1aa82589-57e0-4176-a205-57dfc1cce857\",\"更新年度\":2023,\"前年同一\":true},[{\"筆ポリゴンID\":\"2d2f8cd3-4471-48d1-ba60-8d9710dfa0f4\",\"更新年度\":2022,\"前年同一\":true},[{\"筆ポリゴンID\":\"a1bf764f-f5ac-4857-80f0-3b9b57c2c821\",\"更新年度\":2021,\"前年同一\":true},{\"筆ポリゴンID\":\"a1bf764f-f5ac-4857-80f0-3b9b57c2c821\",\"発生年度\":2020}]]]","last_polygon_uuid":"1aa82589-57e0-4176-a205-57dfc1cce857","prev_last_polygon_uuid":"2d2f8cd3-4471-48d1-ba60-8d9710dfa0f4","local_government_cd":"016080","point_lng":142.918976876,"point_lat":42.148996525}},{"arcs":[[617]],"type":"Polygon","properties":{"polygon_uuid":"efe9b41a-5e21-44f0-aa13-6a63733e898a","land_type":200,"issue_year":2024,"edit_year":2020,"history":"[{\"筆ポリゴンID\":\"fad609e8-b1af-4787-b371-f3e3cd4533b7\",\"更新年度\":2023,\"前年同一\":true},[{\"筆ポリゴンID\":\"a236f5b9-cc85-407d-9001-7636de55a6df\",\"更新年度\":2022,\"前年同一\":true},[{\"筆ポリゴンID\":\"0cd5b179-0c8c-44b4-89d3-5776d0540d99\",\"更新年度\":2021,\"前年同一\":true},{\"筆ポリゴンID\":\"0cd5b179-0c8c-44b4-89d3-5776d0540d99\",\"発生年度\":2020}]]]","last_polygon_uuid":"fad609e8-b1af-4787-b371-f3e3cd4533b7","prev_last_polygon_uuid":"a236f5b9-cc85-407d-9001-7636de55a6df","local_government_cd":"016080","point_lng":142.906520505,"point_lat":42.137462161}},{"arcs":[[618]],"type":"Polygon","properties":{"polygon_uuid":"f462189a-0d80-4868-830b-d09dc5a9f21e","land_type":200,"issue_year":2024,"edit_year":2020,"history":"[{\"筆ポリゴンID\":\"e4261c10-8b41-4683-b1cf-1e90746bc47f\",\"更新年度\":2023,\"前年同一\":true},[{\"筆ポリゴンID\":\"c9d7e49e-7ae1-4cc2-b86e-cac8600b13ad\",\"更新年度\":2022,\"前年同一\":true},[{\"筆ポリゴンID\":\"f3b314fb-fb7b-473e-994e-011c21ea59af\",\"更新年度\":2021,\"前年同一\":true},{\"筆ポリゴンID\":\"f3b314fb-fb7b-473e-994e-011c21ea59af\",\"発生年度\":2020}]]]","last_polygon_uuid":"e4261c10-8b41-4683-b1cf-1e90746bc47f","prev_last_polygon_uuid":"c9d7e49e-7ae1-4cc2-b86e-cac8600b13ad","local_government_cd":"016080","point_lng":142.948847642,"point_lat":42.162083389}},{"arcs":[[619]],"type":"Polygon","properties":{"polygon_uuid":"82f4b728-f678-4b11-80da-e5eb5288c80b","land_type":200,"issue_year":2024,"edit_year":2020,"history":"[{\"筆ポリゴンID\":\"ad14034a-f416-4ef5-a580-023620d719a4\",\"更新年度\":2023,\"前年同一\":true},[{\"筆ポリゴンID\":\"323a6373-23d3-45f1-8cca-60c20d277745\",\"更新年度\":2022,\"前年同一\":true},[{\"筆ポリゴンID\":\"d56344bd-7a9c-4dec-afc5-b70f1733abd8\",\"更新年度\":2021,\"前年同一\":true},{\"筆ポリゴンID\":\"d56344bd-7a9c-4dec-afc5-b70f1733abd8\",\"発生年度\":2020}]]]","last_polygon_uuid":"ad14034a-f416-4ef5-a580-023620d719a4","prev_last_polygon_uuid":"323a6373-23d3-45f1-8cca-60c20d277745","local_government_cd":"016080","point_lng":142.912334145,"point_lat":42.151193894}},{"arcs":[[620]],"type":"Polygon","properties":{"polygon_uuid":"059852a0-d51b-48d7-9565-c86ba2fee9be","land_type":200,"issue_year":2024,"edit_year":2020,"history":"[{\"筆ポリゴンID\":\"2b66fca8-4426-4959-92d6-01622df48aea\",\"更新年度\":2023,\"前年同一\":true},[{\"筆ポリゴンID\":\"96d253d7-ec64-434b-9852-0b10a37bd650\",\"更新年度\":2022,\"前年同一\":true},[{\"筆ポリゴンID\":\"2f53c1dc-6bb8-49da-8336-3aa2c1f6d1a2\",\"更新年度\":2021,\"前年同一\":true},{\"筆ポリゴンID\":\"2f53c1dc-6bb8-49da-8336-3aa2c1f6d1a2\",\"発生年度\":2020}]]]","last_polygon_uuid":"2b66fca8-4426-4959-92d6-01622df48aea","prev_last_polygon_uuid":"96d253d7-ec64-434b-9852-0b10a37bd650","local_government_cd":"016080","point_lng":142.940548722,"point_lat":42.129732451}},{"arcs":[[621,622]],"type":"Polygon","properties":{"polygon_uuid":"218018ed-2fef-4708-8159-322016221708","land_type":200,"issue_year":2024,"edit_year":2020,"history":"[{\"筆ポリゴンID\":\"bfc2a3c7-0eaf-4be2-9669-03b79849f973\",\"更新年度\":2023,\"前年同一\":true},[{\"筆ポリゴンID\":\"be8559b4-7fbc-4db9-9d47-37d1231e45c7\",\"更新年度\":2022,\"前年同一\":true},[{\"筆ポリゴンID\":\"ca50d01e-c034-4b69-82f3-4f53d1b4911d\",\"更新年度\":2021,\"前年同一\":true},{\"筆ポリゴンID\":\"ca50d01e-c034-4b69-82f3-4f53d1b4911d\",\"発生年度\":2020}]]]","last_polygon_uuid":"bfc2a3c7-0eaf-4be2-9669-03b79849f973","prev_last_polygon_uuid":"be8559b4-7fbc-4db9-9d47-37d1231e45c7","local_government_cd":"016080","point_lng":142.935649824,"point_lat":42.144659101}},{"arcs":[[623]],"type":"Polygon","properties":{"polygon_uuid":"2cee5f5a-d66e-4f36-814d-f8f64ab8eeea","land_type":200,"issue_year":2024,"edit_year":2020,"history":"[{\"筆ポリゴンID\":\"f5b464ee-a7cb-48b1-aa45-1deca2b9fee3\",\"更新年度\":2023,\"前年同一\":true},[{\"筆ポリゴンID\":\"0c2d2b74-fee6-4aab-a326-91a6f8f8fa11\",\"更新年度\":2022,\"前年同一\":true},[{\"筆ポリゴンID\":\"be52d8c0-3798-4784-9214-dc0b3bdcc7ac\",\"更新年度\":2021,\"前年同一\":true},{\"筆ポリゴンID\":\"be52d8c0-3798-4784-9214-dc0b3bdcc7ac\",\"発生年度\":2020}]]]","last_polygon_uuid":"f5b464ee-a7cb-48b1-aa45-1deca2b9fee3","prev_last_polygon_uuid":"0c2d2b74-fee6-4aab-a326-91a6f8f8fa11","local_government_cd":"016080","point_lng":142.917667802,"point_lat":42.149248238}},{"arcs":[[-623,624]],"type":"Polygon","properties":{"polygon_uuid":"7f66489c-4fa5-4c88-a59b-020f4aca13c7","land_type":200,"issue_year":2024,"edit_year":2020,"history":"[{\"筆ポリゴンID\":\"0804a561-55b8-421e-89d3-8629776c4763\",\"更新年度\":2023,\"前年同一\":true},[{\"筆ポリゴンID\":\"6ccd3322-769c-461a-bb6b-5c532f3c13e5\",\"更新年度\":2022,\"前年同一\":true},[{\"筆ポリゴンID\":\"43880c82-a0ab-4c64-81aa-0ff9c19f175c\",\"更新年度\":2021,\"前年同一\":true},{\"筆ポリゴンID\":\"43880c82-a0ab-4c64-81aa-0ff9c19f175c\",\"発生年度\":2020}]]]","last_polygon_uuid":"0804a561-55b8-421e-89d3-8629776c4763","prev_last_polygon_uuid":"6ccd3322-769c-461a-bb6b-5c532f3c13e5","local_government_cd":"016080","point_lng":142.935663648,"point_lat":42.144372327}},{"arcs":[[625,626]],"type":"Polygon","properties":{"polygon_uuid":"fc839572-59e6-40fb-af97-521e0c3438c4","land_type":200,"issue_year":2024,"edit_year":2020,"history":"[{\"筆ポリゴンID\":\"245099a0-8e7e-41ee-a384-ffcf804da741\",\"更新年度\":2023,\"前年同一\":true},[{\"筆ポリゴンID\":\"839e91ec-67dd-4d2f-abbe-a238363fa93b\",\"更新年度\":2022,\"前年同一\":true},[{\"筆ポリゴンID\":\"fd1b297d-cd9c-46bf-82a7-df564ce38eb0\",\"更新年度\":2021,\"前年同一\":true},{\"筆ポリゴンID\":\"fd1b297d-cd9c-46bf-82a7-df564ce38eb0\",\"発生年度\":2020}]]]","last_polygon_uuid":"245099a0-8e7e-41ee-a384-ffcf804da741","prev_last_polygon_uuid":"839e91ec-67dd-4d2f-abbe-a238363fa93b","local_government_cd":"016080","point_lng":142.953181528,"point_lat":42.161499681}},{"arcs":[[627]],"type":"Polygon","properties":{"polygon_uuid":"ff57389e-b8d5-4e44-955b-d35f8fdb32d6","land_type":200,"issue_year":2024,"edit_year":2020,"history":"[{\"筆ポリゴンID\":\"dfc7663a-4f6c-4846-80c1-bfa0c4b79401\",\"更新年度\":2023,\"前年同一\":true},[{\"筆ポリゴンID\":\"1388e3b4-2882-4053-abd8-f9039735985c\",\"更新年度\":2022,\"前年同一\":true},[{\"筆ポリゴンID\":\"e6f6b92d-9de8-4f39-ada3-d910f49e0475\",\"更新年度\":2021,\"前年同一\":true},{\"筆ポリゴンID\":\"e6f6b92d-9de8-4f39-ada3-d910f49e0475\",\"発生年度\":2020}]]]","last_polygon_uuid":"dfc7663a-4f6c-4846-80c1-bfa0c4b79401","prev_last_polygon_uuid":"1388e3b4-2882-4053-abd8-f9039735985c","local_government_cd":"016080","point_lng":142.953674753,"point_lat":42.12545189}},{"arcs":[[628]],"type":"Polygon","properties":{"polygon_uuid":"14b29095-84bb-47cb-9726-c8ef07d3f8ca","land_type":200,"issue_year":2024,"edit_year":2020,"history":"[{\"筆ポリゴンID\":\"8c512306-aaa6-4f18-82ca-7a0fa8778859\",\"更新年度\":2023,\"前年同一\":true},[{\"筆ポリゴンID\":\"719ef891-deed-4813-9e27-f43110f640f2\",\"更新年度\":2022,\"前年同一\":true},[{\"筆ポリゴンID\":\"a9887ed8-da1e-46ac-9c2f-b7b8977876f6\",\"更新年度\":2021,\"前年同一\":true},{\"筆ポリゴンID\":\"a9887ed8-da1e-46ac-9c2f-b7b8977876f6\",\"発生年度\":2020}]]]","last_polygon_uuid":"8c512306-aaa6-4f18-82ca-7a0fa8778859","prev_last_polygon_uuid":"719ef891-deed-4813-9e27-f43110f640f2","local_government_cd":"016080","point_lng":142.917592446,"point_lat":42.147688719}},{"arcs":[[629]],"type":"Polygon","properties":{"polygon_uuid":"65d978dd-af3f-4021-9fdb-9cffc9e8287e","land_type":200,"issue_year":2024,"edit_year":2020,"history":"[{\"筆ポリゴンID\":\"2195ca35-356d-4136-9be3-72f530ebc154\",\"更新年度\":2023,\"前年同一\":true},[{\"筆ポリゴンID\":\"86b3d4ae-58c7-42e5-89ce-6d9f50241353\",\"更新年度\":2022,\"前年同一\":true},[{\"筆ポリゴンID\":\"086ae7bf-7171-4946-9450-d44bbada1ea3\",\"更新年度\":2021,\"前年同一\":true},{\"筆ポリゴンID\":\"086ae7bf-7171-4946-9450-d44bbada1ea3\",\"発生年度\":2020}]]]","last_polygon_uuid":"2195ca35-356d-4136-9be3-72f530ebc154","prev_last_polygon_uuid":"86b3d4ae-58c7-42e5-89ce-6d9f50241353","local_government_cd":"016080","point_lng":142.912133385,"point_lat":42.154670556}},{"arcs":[[630]],"type":"Polygon","properties":{"polygon_uuid":"63f98ff8-5f76-4a8f-a05c-f759d5fca12a","land_type":200,"issue_year":2024,"edit_year":2020,"history":"[{\"筆ポリゴンID\":\"e068f189-0d56-4800-9f58-09a8d641795e\",\"更新年度\":2023,\"前年同一\":true},[{\"筆ポリゴンID\":\"4eaf6bc7-2954-4636-8fc1-9a142001ed66\",\"更新年度\":2022,\"前年同一\":true},[{\"筆ポリゴンID\":\"389594a3-66e0-4422-914e-926fa81831d4\",\"更新年度\":2021,\"前年同一\":true},{\"筆ポリゴンID\":\"389594a3-66e0-4422-914e-926fa81831d4\",\"発生年度\":2020}]]]","last_polygon_uuid":"e068f189-0d56-4800-9f58-09a8d641795e","prev_last_polygon_uuid":"4eaf6bc7-2954-4636-8fc1-9a142001ed66","local_government_cd":"016080","point_lng":142.913685586,"point_lat":42.14985012}},{"arcs":[[631,632]],"type":"Polygon","properties":{"polygon_uuid":"2311926c-3cf9-481c-9914-b1eb92f32e3c","land_type":200,"issue_year":2024,"edit_year":2020,"history":"[{\"筆ポリゴンID\":\"bc90ebf0-af08-4031-a6a9-cc5e583a639b\",\"更新年度\":2023,\"前年同一\":true},[{\"筆ポリゴンID\":\"28972e60-5380-4d0d-a4e2-9b3c7d4ebddb\",\"更新年度\":2022,\"前年同一\":true},[{\"筆ポリゴンID\":\"4361905c-f0b2-40d6-91b7-6a867739a116\",\"更新年度\":2021,\"前年同一\":true},{\"筆ポリゴンID\":\"4361905c-f0b2-40d6-91b7-6a867739a116\",\"発生年度\":2020}]]]","last_polygon_uuid":"bc90ebf0-af08-4031-a6a9-cc5e583a639b","prev_last_polygon_uuid":"28972e60-5380-4d0d-a4e2-9b3c7d4ebddb","local_government_cd":"016080","point_lng":142.909553341,"point_lat":42.141691885}},{"arcs":[[633]],"type":"Polygon","properties":{"polygon_uuid":"1746d794-d347-4868-ba68-4d439223017a","land_type":200,"issue_year":2024,"edit_year":2020,"history":"[{\"筆ポリゴンID\":\"45099db8-dbfe-4ee9-984e-2967142bf147\",\"更新年度\":2023,\"前年同一\":true},[{\"筆ポリゴンID\":\"0179fb27-bf7d-4c30-94fe-375b07f02a67\",\"更新年度\":2022,\"前年同一\":true},[{\"筆ポリゴンID\":\"b85b5062-87ad-49a1-938b-b62d16ce0282\",\"更新年度\":2021,\"前年同一\":true},{\"筆ポリゴンID\":\"b85b5062-87ad-49a1-938b-b62d16ce0282\",\"発生年度\":2020}]]]","last_polygon_uuid":"45099db8-dbfe-4ee9-984e-2967142bf147","prev_last_polygon_uuid":"0179fb27-bf7d-4c30-94fe-375b07f02a67","local_government_cd":"016080","point_lng":142.948536139,"point_lat":42.166714002}},{"arcs":[[634]],"type":"Polygon","properties":{"polygon_uuid":"f8ce867d-7e32-4953-bea3-7ff6a5469fdb","land_type":200,"issue_year":2024,"edit_year":2020,"history":"[{\"筆ポリゴンID\":\"e33c706a-bc9c-4f4c-8fed-83640e8f10f0\",\"更新年度\":2023,\"前年同一\":true},[{\"筆ポリゴンID\":\"5b6038b8-91e4-4671-8984-96fa34cecbbb\",\"更新年度\":2022,\"前年同一\":true},[{\"筆ポリゴンID\":\"0add58a6-957a-471c-8423-3063f447528a\",\"更新年度\":2021,\"前年同一\":true},{\"筆ポリゴンID\":\"0add58a6-957a-471c-8423-3063f447528a\",\"発生年度\":2020}]]]","last_polygon_uuid":"e33c706a-bc9c-4f4c-8fed-83640e8f10f0","prev_last_polygon_uuid":"5b6038b8-91e4-4671-8984-96fa34cecbbb","local_government_cd":"016080","point_lng":142.943276227,"point_lat":42.164083833}},{"arcs":[[635]],"type":"Polygon","properties":{"polygon_uuid":"a9f06dfd-ff7d-4148-b740-889062719195","land_type":200,"issue_year":2024,"edit_year":2020,"history":"[{\"筆ポリゴンID\":\"9a8e0bc5-1470-40cc-ba32-c69bf45161a8\",\"更新年度\":2023,\"前年同一\":true},[{\"筆ポリゴンID\":\"720e8256-240f-4ec7-8ae5-978a4a5b80a4\",\"更新年度\":2022,\"前年同一\":true},[{\"筆ポリゴンID\":\"e80609ab-f2b8-43f1-b3cb-4c4946c2faa4\",\"更新年度\":2021,\"前年同一\":true},{\"筆ポリゴンID\":\"e80609ab-f2b8-43f1-b3cb-4c4946c2faa4\",\"発生年度\":2020}]]]","last_polygon_uuid":"9a8e0bc5-1470-40cc-ba32-c69bf45161a8","prev_last_polygon_uuid":"720e8256-240f-4ec7-8ae5-978a4a5b80a4","local_government_cd":"016080","point_lng":142.916359805,"point_lat":42.146636726}},{"arcs":[[636]],"type":"Polygon","properties":{"polygon_uuid":"039b4164-b369-4aee-bc25-ca9e0d847bcc","land_type":200,"issue_year":2024,"edit_year":2020,"history":"[{\"筆ポリゴンID\":\"afcc0f5a-3fdb-47b1-ba36-a18e509ee988\",\"更新年度\":2023,\"前年同一\":true},[{\"筆ポリゴンID\":\"ad51c1fc-2700-4796-b814-0b4cdd3d860c\",\"更新年度\":2022,\"前年同一\":true},[{\"筆ポリゴンID\":\"be458795-7ee1-4e7e-9aa6-2b57048f739e\",\"更新年度\":2021,\"前年同一\":true},{\"筆ポリゴンID\":\"be458795-7ee1-4e7e-9aa6-2b57048f739e\",\"発生年度\":2020}]]]","last_polygon_uuid":"afcc0f5a-3fdb-47b1-ba36-a18e509ee988","prev_last_polygon_uuid":"ad51c1fc-2700-4796-b814-0b4cdd3d860c","local_government_cd":"016080","point_lng":142.949859596,"point_lat":42.166144572}},{"arcs":[[637]],"type":"Polygon","properties":{"polygon_uuid":"d0425918-21f7-43b0-a6ca-2a72289bf86a","land_type":200,"issue_year":2024,"edit_year":2020,"history":"[{\"筆ポリゴンID\":\"af0d0193-18eb-4244-ab92-7be3502316ab\",\"更新年度\":2023,\"前年同一\":true},[{\"筆ポリゴンID\":\"616ea902-3e4e-4431-a43e-2b92988005c6\",\"更新年度\":2022,\"前年同一\":true},[{\"筆ポリゴンID\":\"4a37846a-670d-4883-818c-a0c121d5c545\",\"更新年度\":2021,\"前年同一\":true},{\"筆ポリゴンID\":\"4a37846a-670d-4883-818c-a0c121d5c545\",\"発生年度\":2020}]]]","last_polygon_uuid":"af0d0193-18eb-4244-ab92-7be3502316ab","prev_last_polygon_uuid":"616ea902-3e4e-4431-a43e-2b92988005c6","local_government_cd":"016080","point_lng":142.954393854,"point_lat":42.139929137}},{"arcs":[[638]],"type":"Polygon","properties":{"polygon_uuid":"ba3a5f61-cbf5-4b5c-8af7-eab33a40b501","land_type":200,"issue_year":2024,"edit_year":2020,"history":"[{\"筆ポリゴンID\":\"2a08576e-d905-49dc-87cc-cd1f426961e2\",\"更新年度\":2023,\"前年同一\":true},[{\"筆ポリゴンID\":\"ea5fbbe4-5ad4-476f-b936-b0247cbb8bab\",\"更新年度\":2022,\"前年同一\":true},[{\"筆ポリゴンID\":\"7bfda083-48e0-4fa9-8601-6c8af2e41f0d\",\"更新年度\":2021,\"前年同一\":true},{\"筆ポリゴンID\":\"7bfda083-48e0-4fa9-8601-6c8af2e41f0d\",\"発生年度\":2020}]]]","last_polygon_uuid":"2a08576e-d905-49dc-87cc-cd1f426961e2","prev_last_polygon_uuid":"ea5fbbe4-5ad4-476f-b936-b0247cbb8bab","local_government_cd":"016080","point_lng":142.910886745,"point_lat":42.16640896}},{"arcs":[[639]],"type":"Polygon","properties":{"polygon_uuid":"faa8a91c-d1ca-400e-ad27-011e82d6ce2b","land_type":200,"issue_year":2024,"edit_year":2020,"history":"[{\"筆ポリゴンID\":\"b994e71e-c78f-4037-97fb-e3aa769864fb\",\"更新年度\":2023,\"前年同一\":true},[{\"筆ポリゴンID\":\"f297be03-1f3d-437c-8aba-d68a9cc9a023\",\"更新年度\":2022,\"前年同一\":true},[{\"筆ポリゴンID\":\"fdba8898-a203-4ab7-aebe-c1e24fd976d7\",\"更新年度\":2021,\"前年同一\":true},{\"筆ポリゴンID\":\"fdba8898-a203-4ab7-aebe-c1e24fd976d7\",\"発生年度\":2020}]]]","last_polygon_uuid":"b994e71e-c78f-4037-97fb-e3aa769864fb","prev_last_polygon_uuid":"f297be03-1f3d-437c-8aba-d68a9cc9a023","local_government_cd":"016080","point_lng":142.940526527,"point_lat":42.127251176}},{"arcs":[[640]],"type":"Polygon","properties":{"polygon_uuid":"479ae518-c27c-416c-83e6-3edaeff53bc6","land_type":200,"issue_year":2024,"edit_year":2020,"history":"[{\"筆ポリゴンID\":\"7db01792-0f88-4d15-996b-3be835b18bc0\",\"更新年度\":2023,\"前年同一\":true},[{\"筆ポリゴンID\":\"8b0c9cbe-5c9e-4501-aba1-7302a1f9b1ad\",\"更新年度\":2022,\"前年同一\":true},[{\"筆ポリゴンID\":\"40ac64e1-6d0b-4a88-9434-0b90f5ad724c\",\"更新年度\":2021,\"前年同一\":true},{\"筆ポリゴンID\":\"40ac64e1-6d0b-4a88-9434-0b90f5ad724c\",\"発生年度\":2020}]]]","last_polygon_uuid":"7db01792-0f88-4d15-996b-3be835b18bc0","prev_last_polygon_uuid":"8b0c9cbe-5c9e-4501-aba1-7302a1f9b1ad","local_government_cd":"016080","point_lng":142.909845302,"point_lat":42.154118233}},{"arcs":[[641]],"type":"Polygon","properties":{"polygon_uuid":"daa2dfc0-680b-419b-8305-9e2b782dd7ed","land_type":200,"issue_year":2024,"edit_year":2020,"history":"[{\"筆ポリゴンID\":\"552f3c2e-6be7-40c2-8d89-3e49a83dea03\",\"更新年度\":2023,\"前年同一\":true},[{\"筆ポリゴンID\":\"fc0e47cf-dd7e-4fd2-bfda-2efbe3df5233\",\"更新年度\":2022,\"前年同一\":true},[{\"筆ポリゴンID\":\"fb2e99f4-e0b8-47c0-8830-9bf1f32d37ee\",\"更新年度\":2021,\"前年同一\":true},{\"筆ポリゴンID\":\"fb2e99f4-e0b8-47c0-8830-9bf1f32d37ee\",\"発生年度\":2020}]]]","last_polygon_uuid":"552f3c2e-6be7-40c2-8d89-3e49a83dea03","prev_last_polygon_uuid":"fc0e47cf-dd7e-4fd2-bfda-2efbe3df5233","local_government_cd":"016080","point_lng":142.933062266,"point_lat":42.132390507}},{"arcs":[[642]],"type":"Polygon","properties":{"polygon_uuid":"3ba11837-f4af-40c7-bc7f-343a5cd0f2bd","land_type":200,"issue_year":2024,"edit_year":2020,"history":"[{\"筆ポリゴンID\":\"ff3694e4-0c23-48da-aaa8-298e2ce5245c\",\"更新年度\":2023,\"前年同一\":true},[{\"筆ポリゴンID\":\"823b4912-a901-4662-807f-fde9df214f30\",\"更新年度\":2022,\"前年同一\":true},[{\"筆ポリゴンID\":\"0ab13a2d-1266-402c-af8a-be8a75c2aa10\",\"更新年度\":2021,\"前年同一\":true},{\"筆ポリゴンID\":\"0ab13a2d-1266-402c-af8a-be8a75c2aa10\",\"発生年度\":2020}]]]","last_polygon_uuid":"ff3694e4-0c23-48da-aaa8-298e2ce5245c","prev_last_polygon_uuid":"823b4912-a901-4662-807f-fde9df214f30","local_government_cd":"016080","point_lng":142.941149904,"point_lat":42.13177671}},{"arcs":[[643]],"type":"Polygon","properties":{"polygon_uuid":"628e6252-7965-439b-818a-cd7218c75c34","land_type":200,"issue_year":2024,"edit_year":2020,"history":"[{\"筆ポリゴンID\":\"60173f17-2325-4280-b6d6-38d020a46ff4\",\"更新年度\":2023,\"前年同一\":true},[{\"筆ポリゴンID\":\"0558319c-6939-4380-8963-3621ab608ebe\",\"更新年度\":2022,\"前年同一\":true},[{\"筆ポリゴンID\":\"d290bd83-56ec-4933-bf34-35f9f0e0e6a3\",\"更新年度\":2021,\"前年同一\":true},{\"筆ポリゴンID\":\"d290bd83-56ec-4933-bf34-35f9f0e0e6a3\",\"発生年度\":2020}]]]","last_polygon_uuid":"60173f17-2325-4280-b6d6-38d020a46ff4","prev_last_polygon_uuid":"0558319c-6939-4380-8963-3621ab608ebe","local_government_cd":"016080","point_lng":142.961857744,"point_lat":42.123083934}},{"arcs":[[644]],"type":"Polygon","properties":{"polygon_uuid":"173c11d5-9d2e-47dc-bb84-65d7a66237ca","land_type":200,"issue_year":2024,"edit_year":2020,"history":"[{\"筆ポリゴンID\":\"c4844d9a-04d9-4c6f-a1c8-07b3ad278a13\",\"更新年度\":2023,\"前年同一\":true},[{\"筆ポリゴンID\":\"27df1bff-1a40-4f84-bb56-4dbf55050ab5\",\"更新年度\":2022,\"前年同一\":true},[{\"筆ポリゴンID\":\"de2a0c01-4c6b-418a-882a-aa218d37ed3d\",\"更新年度\":2021,\"前年同一\":true},{\"筆ポリゴンID\":\"de2a0c01-4c6b-418a-882a-aa218d37ed3d\",\"発生年度\":2020}]]]","last_polygon_uuid":"c4844d9a-04d9-4c6f-a1c8-07b3ad278a13","prev_last_polygon_uuid":"27df1bff-1a40-4f84-bb56-4dbf55050ab5","local_government_cd":"016080","point_lng":142.948325115,"point_lat":42.16098424}},{"arcs":[[645]],"type":"Polygon","properties":{"polygon_uuid":"df0f4c01-b1da-40c2-81ad-016626ec2c91","land_type":200,"issue_year":2024,"edit_year":2020,"history":"[{\"筆ポリゴンID\":\"17e93748-25ec-4838-baad-3531f8f936e3\",\"更新年度\":2023,\"前年同一\":true},[{\"筆ポリゴンID\":\"2af176c1-e1a2-40d4-afe6-c4236a70273f\",\"更新年度\":2022,\"前年同一\":true},[{\"筆ポリゴンID\":\"cfaea875-fbfb-4556-8fe2-deb628cbda80\",\"更新年度\":2021,\"前年同一\":true},{\"筆ポリゴンID\":\"cfaea875-fbfb-4556-8fe2-deb628cbda80\",\"発生年度\":2020}]]]","last_polygon_uuid":"17e93748-25ec-4838-baad-3531f8f936e3","prev_last_polygon_uuid":"2af176c1-e1a2-40d4-afe6-c4236a70273f","local_government_cd":"016080","point_lng":142.913512852,"point_lat":42.149547512}},{"arcs":[[646]],"type":"Polygon","properties":{"polygon_uuid":"7a1f5bc7-c4f4-4f7a-b751-79a2f7753bc4","land_type":200,"issue_year":2024,"edit_year":2020,"history":"[{\"筆ポリゴンID\":\"012f8fb5-e370-4e02-9463-43416ea2ea51\",\"更新年度\":2023,\"前年同一\":true},[{\"筆ポリゴンID\":\"1b37a2f9-a671-4d3b-b24f-f7af3a8d8441\",\"更新年度\":2022,\"前年同一\":true},[{\"筆ポリゴンID\":\"a68fb2c6-a642-4dc8-999b-3cacc607c7cc\",\"更新年度\":2021,\"前年同一\":true},{\"筆ポリゴンID\":\"a68fb2c6-a642-4dc8-999b-3cacc607c7cc\",\"発生年度\":2020}]]]","last_polygon_uuid":"012f8fb5-e370-4e02-9463-43416ea2ea51","prev_last_polygon_uuid":"1b37a2f9-a671-4d3b-b24f-f7af3a8d8441","local_government_cd":"016080","point_lng":142.941613355,"point_lat":42.130286838}},{"arcs":[[647,648]],"type":"Polygon","properties":{"polygon_uuid":"50936f18-aa62-4e97-808b-86a511c2b256","land_type":200,"issue_year":2024,"edit_year":2020,"history":"[{\"筆ポリゴンID\":\"f58226a7-4db8-4a13-9e1d-299d5572a3f3\",\"更新年度\":2023,\"前年同一\":true},[{\"筆ポリゴンID\":\"525f7e1c-f0ce-47ee-bd0e-c11cafc2a41e\",\"更新年度\":2022,\"前年同一\":true},[{\"筆ポリゴンID\":\"bc91cdf3-88fe-4609-ab4e-b7f766901079\",\"更新年度\":2021,\"前年同一\":true},{\"筆ポリゴンID\":\"bc91cdf3-88fe-4609-ab4e-b7f766901079\",\"発生年度\":2020}]]]","last_polygon_uuid":"f58226a7-4db8-4a13-9e1d-299d5572a3f3","prev_last_polygon_uuid":"525f7e1c-f0ce-47ee-bd0e-c11cafc2a41e","local_government_cd":"016080","point_lng":142.913821363,"point_lat":42.149584848}},{"arcs":[[-633,649]],"type":"Polygon","properties":{"polygon_uuid":"22898358-ce29-4f86-9582-37e1b914fd08","land_type":200,"issue_year":2024,"edit_year":2020,"history":"[{\"筆ポリゴンID\":\"8dd0759d-c585-4142-98a0-db283085583e\",\"更新年度\":2023,\"前年同一\":true},[{\"筆ポリゴンID\":\"620426a6-3433-4237-ab9d-e1e675851302\",\"更新年度\":2022,\"前年同一\":true},[{\"筆ポリゴンID\":\"aef3d57b-fcf1-4e1a-8447-6a0bd86e32f3\",\"更新年度\":2021,\"前年同一\":true},{\"筆ポリゴンID\":\"aef3d57b-fcf1-4e1a-8447-6a0bd86e32f3\",\"発生年度\":2020}]]]","last_polygon_uuid":"8dd0759d-c585-4142-98a0-db283085583e","prev_last_polygon_uuid":"620426a6-3433-4237-ab9d-e1e675851302","local_government_cd":"016080","point_lng":142.90982951,"point_lat":42.141485436}},{"arcs":[[650]],"type":"Polygon","properties":{"polygon_uuid":"4cf574b9-1f37-4bd0-8672-1ca9a958f253","land_type":200,"issue_year":2024,"edit_year":2020,"history":"[{\"筆ポリゴンID\":\"b29dc40a-6a1d-4bc2-b17c-720c39453b5b\",\"更新年度\":2023,\"前年同一\":true},[{\"筆ポリゴンID\":\"83d92304-f4de-41be-a7db-f3db7d00ce67\",\"更新年度\":2022,\"前年同一\":true},[{\"筆ポリゴンID\":\"0464aeb5-7ad6-4e17-92ee-c2bc59959918\",\"更新年度\":2021,\"前年同一\":true},{\"筆ポリゴンID\":\"0464aeb5-7ad6-4e17-92ee-c2bc59959918\",\"発生年度\":2020}]]]","last_polygon_uuid":"b29dc40a-6a1d-4bc2-b17c-720c39453b5b","prev_last_polygon_uuid":"83d92304-f4de-41be-a7db-f3db7d00ce67","local_government_cd":"016080","point_lng":142.941920955,"point_lat":42.131566264}},{"arcs":[[651]],"type":"Polygon","properties":{"polygon_uuid":"f3b78744-02e4-4387-89ea-bf06d5b7dd73","land_type":200,"issue_year":2024,"edit_year":2020,"history":"[{\"筆ポリゴンID\":\"cbd5b985-27ab-4cbf-8eb7-ecf80c582621\",\"更新年度\":2023,\"前年同一\":true},[{\"筆ポリゴンID\":\"5a73dff7-e7c4-474d-bb1d-a98c2b04a3bb\",\"更新年度\":2022,\"前年同一\":true},[{\"筆ポリゴンID\":\"015d609b-6c41-4650-86be-5a46da7e7be1\",\"更新年度\":2021,\"前年同一\":true},{\"筆ポリゴンID\":\"015d609b-6c41-4650-86be-5a46da7e7be1\",\"発生年度\":2020}]]]","last_polygon_uuid":"cbd5b985-27ab-4cbf-8eb7-ecf80c582621","prev_last_polygon_uuid":"5a73dff7-e7c4-474d-bb1d-a98c2b04a3bb","local_government_cd":"016080","point_lng":142.904045147,"point_lat":42.13645453}},{"arcs":[[652]],"type":"Polygon","properties":{"polygon_uuid":"5619dbf5-0712-484d-aec7-bdba6eb173a1","land_type":200,"issue_year":2024,"edit_year":2020,"history":"[{\"筆ポリゴンID\":\"0b3dd631-20f9-48aa-9e1a-ff895e0716d2\",\"更新年度\":2023,\"前年同一\":true},[{\"筆ポリゴンID\":\"300a2d05-2155-454d-8518-5e0b7bfb309c\",\"更新年度\":2022,\"前年同一\":true},[{\"筆ポリゴンID\":\"a7b2a6d7-1b70-48c8-ba83-2c46948cdf0b\",\"更新年度\":2021,\"前年同一\":true},{\"筆ポリゴンID\":\"a7b2a6d7-1b70-48c8-ba83-2c46948cdf0b\",\"発生年度\":2020}]]]","last_polygon_uuid":"0b3dd631-20f9-48aa-9e1a-ff895e0716d2","prev_last_polygon_uuid":"300a2d05-2155-454d-8518-5e0b7bfb309c","local_government_cd":"016080","point_lng":142.912345756,"point_lat":42.140516296}},{"arcs":[[653]],"type":"Polygon","properties":{"polygon_uuid":"28ecbe28-dcb3-40f2-8da2-ee1110d86edb","land_type":200,"issue_year":2024,"edit_year":2020,"history":"[{\"筆ポリゴンID\":\"7be3d126-ac84-41e4-b0a1-2ee855516e6c\",\"更新年度\":2023,\"前年同一\":true},[{\"筆ポリゴンID\":\"bb2861ce-4a4a-400e-a778-9aa709005ab7\",\"更新年度\":2022,\"前年同一\":true},[{\"筆ポリゴンID\":\"8f569dc2-f854-4d4c-b5e6-ef17adc1f1cf\",\"更新年度\":2021,\"前年同一\":true},{\"筆ポリゴンID\":\"8f569dc2-f854-4d4c-b5e6-ef17adc1f1cf\",\"発生年度\":2020}]]]","last_polygon_uuid":"7be3d126-ac84-41e4-b0a1-2ee855516e6c","prev_last_polygon_uuid":"bb2861ce-4a4a-400e-a778-9aa709005ab7","local_government_cd":"016080","point_lng":142.914458628,"point_lat":42.150507131}},{"arcs":[[654,-295],[655],[656]],"type":"Polygon","properties":{"polygon_uuid":"a0e938b2-99d2-40cd-b5c8-eafe70e80ecd","land_type":200,"issue_year":2024,"edit_year":2022,"history":"[{\"筆ポリゴンID\":\"2bc7c5ab-8aaa-4fc4-8a0c-be848b92a5f6\",\"更新年度\":2023,\"前年同一\":true},[{\"筆ポリゴンID\":\"b4472264-5d78-4d75-99e6-49ea4e1f9dec\",\"更新年度\":2022,\"関連\":true},[{\"筆ポリゴンID\":\"7d0857fc-b505-4502-99e2-a402b2ac8931\",\"更新年度\":2021,\"前年同一\":true},{\"筆ポリゴンID\":\"7d0857fc-b505-4502-99e2-a402b2ac8931\",\"発生年度\":2020}]]]","last_polygon_uuid":"2bc7c5ab-8aaa-4fc4-8a0c-be848b92a5f6","prev_last_polygon_uuid":null,"local_government_cd":"016080","point_lng":142.951584561,"point_lat":42.125393797}},{"arcs":[[657]],"type":"Polygon","properties":{"polygon_uuid":"c53ad7a3-f29c-4321-96cd-24b8de55f9a0","land_type":200,"issue_year":2024,"edit_year":2020,"history":"[{\"筆ポリゴンID\":\"d2e3bc8f-40b1-490a-864b-77cbbc4f0a46\",\"更新年度\":2023,\"前年同一\":true},[{\"筆ポリゴンID\":\"92fec2ae-8e91-47ea-add7-0526ade74239\",\"更新年度\":2022,\"前年同一\":true},[{\"筆ポリゴンID\":\"8c70aea7-40a4-4032-b626-0bdfe3c35497\",\"更新年度\":2021,\"前年同一\":true},{\"筆ポリゴンID\":\"8c70aea7-40a4-4032-b626-0bdfe3c35497\",\"発生年度\":2020}]]]","last_polygon_uuid":"d2e3bc8f-40b1-490a-864b-77cbbc4f0a46","prev_last_polygon_uuid":"92fec2ae-8e91-47ea-add7-0526ade74239","local_government_cd":"016080","point_lng":142.9135767,"point_lat":42.165423874}},{"arcs":[[658]],"type":"Polygon","properties":{"polygon_uuid":"d4d40917-e67f-471c-9e90-d396d8f67cce","land_type":200,"issue_year":2024,"edit_year":2020,"history":"[{\"筆ポリゴンID\":\"6e70232d-9920-45dd-9888-cc6be898b017\",\"更新年度\":2023,\"前年同一\":true},[{\"筆ポリゴンID\":\"2b7d07d8-1975-4e09-85a9-4ebb4a5256ab\",\"更新年度\":2022,\"前年同一\":true},[{\"筆ポリゴンID\":\"8433548a-ba40-4b5f-a00b-8a9debd1b358\",\"更新年度\":2021,\"前年同一\":true},{\"筆ポリゴンID\":\"8433548a-ba40-4b5f-a00b-8a9debd1b358\",\"発生年度\":2020}]]]","last_polygon_uuid":"6e70232d-9920-45dd-9888-cc6be898b017","prev_last_polygon_uuid":"2b7d07d8-1975-4e09-85a9-4ebb4a5256ab","local_government_cd":"016080","point_lng":142.886808118,"point_lat":42.157289081}},{"arcs":[[659]],"type":"Polygon","properties":{"polygon_uuid":"19725a02-4ccc-4cd8-911b-d97510861e6a","land_type":200,"issue_year":2024,"edit_year":2020,"history":"[{\"筆ポリゴンID\":\"de135d37-6b31-4778-af13-9b6e895e379a\",\"更新年度\":2023,\"前年同一\":true},[{\"筆ポリゴンID\":\"ed6b4575-07ff-4820-80ae-fb11579482e8\",\"更新年度\":2022,\"前年同一\":true},[{\"筆ポリゴンID\":\"45228a24-dfbc-40e4-952b-2a8f61b0fae4\",\"更新年度\":2021,\"前年同一\":true},{\"筆ポリゴンID\":\"45228a24-dfbc-40e4-952b-2a8f61b0fae4\",\"発生年度\":2020}]]]","last_polygon_uuid":"de135d37-6b31-4778-af13-9b6e895e379a","prev_last_polygon_uuid":"ed6b4575-07ff-4820-80ae-fb11579482e8","local_government_cd":"016080","point_lng":142.91400595,"point_lat":42.151448054}},{"arcs":[[660]],"type":"Polygon","properties":{"polygon_uuid":"22522045-4dde-465d-9567-8f83c59e52ed","land_type":200,"issue_year":2024,"edit_year":2020,"history":"[{\"筆ポリゴンID\":\"796cd994-5d10-4f15-8433-04b17e89529c\",\"更新年度\":2023,\"前年同一\":true},[{\"筆ポリゴンID\":\"eec54781-3320-49ed-aa8e-44b2ca94e82a\",\"更新年度\":2022,\"前年同一\":true},[{\"筆ポリゴンID\":\"ca4008de-e77a-413f-9ea7-7ffada61984c\",\"更新年度\":2021,\"前年同一\":true},{\"筆ポリゴンID\":\"ca4008de-e77a-413f-9ea7-7ffada61984c\",\"発生年度\":2020}]]]","last_polygon_uuid":"796cd994-5d10-4f15-8433-04b17e89529c","prev_last_polygon_uuid":"eec54781-3320-49ed-aa8e-44b2ca94e82a","local_government_cd":"016080","point_lng":142.903626681,"point_lat":42.134955034}},{"arcs":[[661]],"type":"Polygon","properties":{"polygon_uuid":"7ce85f59-c78a-492a-9e59-927a8e5c6de9","land_type":200,"issue_year":2024,"edit_year":2020,"history":"[{\"筆ポリゴンID\":\"34bc0da4-868e-4c93-80ce-fbdfad63340a\",\"更新年度\":2023,\"前年同一\":true},[{\"筆ポリゴンID\":\"bac9d233-bc6a-4fad-b0fb-28769a0bca18\",\"更新年度\":2022,\"前年同一\":true},[{\"筆ポリゴンID\":\"392ac78b-cc9e-4301-ac44-2a33de32334d\",\"更新年度\":2021,\"前年同一\":true},{\"筆ポリゴンID\":\"392ac78b-cc9e-4301-ac44-2a33de32334d\",\"発生年度\":2020}]]]","last_polygon_uuid":"34bc0da4-868e-4c93-80ce-fbdfad63340a","prev_last_polygon_uuid":"bac9d233-bc6a-4fad-b0fb-28769a0bca18","local_government_cd":"016080","point_lng":142.912097654,"point_lat":42.159922767}},{"arcs":[[662,-256,663,-253]],"type":"Polygon","properties":{"polygon_uuid":"70389845-4212-44ff-af08-d8495c278786","land_type":200,"issue_year":2024,"edit_year":2020,"history":"[{\"筆ポリゴンID\":\"d8349364-6e13-4d68-afbf-8d666821c6b0\",\"更新年度\":2023,\"前年同一\":true},[{\"筆ポリゴンID\":\"31beb077-68f8-41a6-8d13-c38f4006670b\",\"更新年度\":2022,\"前年同一\":true},[{\"筆ポリゴンID\":\"b1046604-69b1-46b1-9e3e-ab5e687b61b0\",\"更新年度\":2021,\"前年同一\":true},{\"筆ポリゴンID\":\"b1046604-69b1-46b1-9e3e-ab5e687b61b0\",\"発生年度\":2020}]]]","last_polygon_uuid":"d8349364-6e13-4d68-afbf-8d666821c6b0","prev_last_polygon_uuid":"31beb077-68f8-41a6-8d13-c38f4006670b","local_government_cd":"016080","point_lng":142.954886861,"point_lat":42.162134474}},{"arcs":[[664,665,666]],"type":"Polygon","properties":{"polygon_uuid":"b8d8ce71-268f-4e29-ac3c-ef97e888e64b","land_type":200,"issue_year":2024,"edit_year":2020,"history":"[{\"筆ポリゴンID\":\"18dd121d-0c95-469b-b2e6-81d8477b9820\",\"更新年度\":2023,\"前年同一\":true},[{\"筆ポリゴンID\":\"73873ff4-9ff8-486e-8b1f-1d13139e9e55\",\"更新年度\":2022,\"前年同一\":true},[{\"筆ポリゴンID\":\"aa1fd2f3-b762-426f-bc01-576be4b27370\",\"更新年度\":2021,\"前年同一\":true},{\"筆ポリゴンID\":\"aa1fd2f3-b762-426f-bc01-576be4b27370\",\"発生年度\":2020}]]]","last_polygon_uuid":"18dd121d-0c95-469b-b2e6-81d8477b9820","prev_last_polygon_uuid":"73873ff4-9ff8-486e-8b1f-1d13139e9e55","local_government_cd":"016080","point_lng":142.951823033,"point_lat":42.163806878}},{"arcs":[[667]],"type":"Polygon","properties":{"polygon_uuid":"b379b35c-12f9-4159-9202-a4392c7ac28a","land_type":200,"issue_year":2024,"edit_year":2020,"history":"[{\"筆ポリゴンID\":\"ffd6a256-a90b-424b-9ff9-04bafdd53d59\",\"更新年度\":2023,\"前年同一\":true},[{\"筆ポリゴンID\":\"81b05e7b-978f-4add-892a-39e6ff6de8fd\",\"更新年度\":2022,\"前年同一\":true},[{\"筆ポリゴンID\":\"67b75488-8287-428b-b4b6-a64e3ac98593\",\"更新年度\":2021,\"前年同一\":true},{\"筆ポリゴンID\":\"67b75488-8287-428b-b4b6-a64e3ac98593\",\"発生年度\":2020}]]]","last_polygon_uuid":"ffd6a256-a90b-424b-9ff9-04bafdd53d59","prev_last_polygon_uuid":"81b05e7b-978f-4add-892a-39e6ff6de8fd","local_government_cd":"016080","point_lng":142.944701008,"point_lat":42.164396627}},{"arcs":[[668]],"type":"Polygon","properties":{"polygon_uuid":"e324342c-3fa2-493b-8571-d5ee7ed5a090","land_type":200,"issue_year":2024,"edit_year":2020,"history":"[{\"筆ポリゴンID\":\"9a015c07-ef94-4e3e-ac42-d13d2547e048\",\"更新年度\":2023,\"前年同一\":true},[{\"筆ポリゴンID\":\"22598c09-3bb8-478f-b728-c887a410c91c\",\"更新年度\":2022,\"前年同一\":true},[{\"筆ポリゴンID\":\"eea97e55-bf0f-41ae-92c8-cc818f569fe7\",\"更新年度\":2021,\"前年同一\":true},{\"筆ポリゴンID\":\"eea97e55-bf0f-41ae-92c8-cc818f569fe7\",\"発生年度\":2020}]]]","last_polygon_uuid":"9a015c07-ef94-4e3e-ac42-d13d2547e048","prev_last_polygon_uuid":"22598c09-3bb8-478f-b728-c887a410c91c","local_government_cd":"016080","point_lng":142.905002694,"point_lat":42.137084204}},{"arcs":[[669]],"type":"Polygon","properties":{"polygon_uuid":"040a01e4-a6e5-4276-b2c4-d031c86da71c","land_type":200,"issue_year":2024,"edit_year":2020,"history":"[{\"筆ポリゴンID\":\"a05230e8-02ea-4c40-b8d1-4653bb95a921\",\"更新年度\":2023,\"前年同一\":true},[{\"筆ポリゴンID\":\"f08ba898-4295-4b07-a46b-ad4e697bbc70\",\"更新年度\":2022,\"前年同一\":true},[{\"筆ポリゴンID\":\"0c086aec-4faa-45bf-b48b-c188dc1647a7\",\"更新年度\":2021,\"前年同一\":true},{\"筆ポリゴンID\":\"0c086aec-4faa-45bf-b48b-c188dc1647a7\",\"発生年度\":2020}]]]","last_polygon_uuid":"a05230e8-02ea-4c40-b8d1-4653bb95a921","prev_last_polygon_uuid":"f08ba898-4295-4b07-a46b-ad4e697bbc70","local_government_cd":"016080","point_lng":142.956367282,"point_lat":42.156569598}},{"arcs":[[670]],"type":"Polygon","properties":{"polygon_uuid":"03d23143-190a-4324-b3d1-5f1f3da5fc17","land_type":200,"issue_year":2024,"edit_year":2020,"history":"[{\"筆ポリゴンID\":\"a47a077c-9701-4fbc-915c-62873dd5499b\",\"更新年度\":2023,\"前年同一\":true},[{\"筆ポリゴンID\":\"9b07114e-fc05-4241-b044-de88173e1e0a\",\"更新年度\":2022,\"前年同一\":true},[{\"筆ポリゴンID\":\"144c3cd3-dec5-486a-873d-816899912f13\",\"更新年度\":2021,\"前年同一\":true},{\"筆ポリゴンID\":\"144c3cd3-dec5-486a-873d-816899912f13\",\"発生年度\":2020}]]]","last_polygon_uuid":"a47a077c-9701-4fbc-915c-62873dd5499b","prev_last_polygon_uuid":"9b07114e-fc05-4241-b044-de88173e1e0a","local_government_cd":"016080","point_lng":142.963181199,"point_lat":42.130356886}},{"arcs":[[671]],"type":"Polygon","properties":{"polygon_uuid":"43c4f45a-1bd3-4490-871f-985897959dd5","land_type":200,"issue_year":2024,"edit_year":2020,"history":"[{\"筆ポリゴンID\":\"f469d8e2-af70-47c4-9ad5-471e563c0a3b\",\"更新年度\":2023,\"前年同一\":true},[{\"筆ポリゴンID\":\"1c704390-bd65-49aa-865a-0f482146cf0e\",\"更新年度\":2022,\"前年同一\":true},[{\"筆ポリゴンID\":\"9b7fc2aa-e973-4b70-a0ca-6f579e936a94\",\"更新年度\":2021,\"前年同一\":true},{\"筆ポリゴンID\":\"9b7fc2aa-e973-4b70-a0ca-6f579e936a94\",\"発生年度\":2020}]]]","last_polygon_uuid":"f469d8e2-af70-47c4-9ad5-471e563c0a3b","prev_last_polygon_uuid":"1c704390-bd65-49aa-865a-0f482146cf0e","local_government_cd":"016080","point_lng":142.904563139,"point_lat":42.138588136}},{"arcs":[[672,673]],"type":"Polygon","properties":{"polygon_uuid":"e1ffc39b-ae00-4512-98a4-914a7b35459a","land_type":200,"issue_year":2024,"edit_year":2020,"history":"[{\"筆ポリゴンID\":\"33ab3234-52f3-487f-ba68-6e2d53ab8030\",\"更新年度\":2023,\"前年同一\":true},[{\"筆ポリゴンID\":\"b51a8942-3ec4-41d4-b641-caf8d6710c94\",\"更新年度\":2022,\"前年同一\":true},[{\"筆ポリゴンID\":\"0a24e8b7-05e9-47b9-8dd1-3ba95cf54dab\",\"更新年度\":2021,\"前年同一\":true},{\"筆ポリゴンID\":\"0a24e8b7-05e9-47b9-8dd1-3ba95cf54dab\",\"発生年度\":2020}]]]","last_polygon_uuid":"33ab3234-52f3-487f-ba68-6e2d53ab8030","prev_last_polygon_uuid":"b51a8942-3ec4-41d4-b641-caf8d6710c94","local_government_cd":"016080","point_lng":142.956759775,"point_lat":42.158539779}},{"arcs":[[674]],"type":"Polygon","properties":{"polygon_uuid":"17711e34-f230-4580-b4e2-5306b17c026e","land_type":200,"issue_year":2024,"edit_year":2020,"history":"[{\"筆ポリゴンID\":\"bb4a84ec-bc84-4ea1-9d54-f3c0a39650cd\",\"更新年度\":2023,\"前年同一\":true},[{\"筆ポリゴンID\":\"eb67a0af-c5ec-430e-a20e-30d2b1f83f86\",\"更新年度\":2022,\"前年同一\":true},[{\"筆ポリゴンID\":\"33d70352-25a0-43b4-be60-04345df5043d\",\"更新年度\":2021,\"前年同一\":true},{\"筆ポリゴンID\":\"33d70352-25a0-43b4-be60-04345df5043d\",\"発生年度\":2020}]]]","last_polygon_uuid":"bb4a84ec-bc84-4ea1-9d54-f3c0a39650cd","prev_last_polygon_uuid":"eb67a0af-c5ec-430e-a20e-30d2b1f83f86","local_government_cd":"016080","point_lng":142.911450223,"point_lat":42.157408428}},{"arcs":[[675,676]],"type":"Polygon","properties":{"polygon_uuid":"2ecb13a8-c673-4941-8943-f14a5e68fa69","land_type":200,"issue_year":2024,"edit_year":2020,"history":"[{\"筆ポリゴンID\":\"3e462265-89f2-4583-b0b4-8a741e7f3b06\",\"更新年度\":2023,\"前年同一\":true},[{\"筆ポリゴンID\":\"4f59d370-9ebc-4ff2-8c7c-a28fa9f69a85\",\"更新年度\":2022,\"前年同一\":true},[{\"筆ポリゴンID\":\"ca938871-ca41-4da6-bad4-54272cc3a565\",\"更新年度\":2021,\"前年同一\":true},{\"筆ポリゴンID\":\"ca938871-ca41-4da6-bad4-54272cc3a565\",\"発生年度\":2020}]]]","last_polygon_uuid":"3e462265-89f2-4583-b0b4-8a741e7f3b06","prev_last_polygon_uuid":"4f59d370-9ebc-4ff2-8c7c-a28fa9f69a85","local_government_cd":"016080","point_lng":142.935208264,"point_lat":42.146903966}},{"arcs":[[677,678]],"type":"Polygon","properties":{"polygon_uuid":"1e73278d-517b-47b3-9435-14f9927443cc","land_type":200,"issue_year":2024,"edit_year":2020,"history":"[{\"筆ポリゴンID\":\"881f017d-4518-4bd1-a329-4ea6f727c0ab\",\"更新年度\":2023,\"前年同一\":true},[{\"筆ポリゴンID\":\"c6f79c80-76e4-4a0b-a84a-4558aa27c0c7\",\"更新年度\":2022,\"前年同一\":true},[{\"筆ポリゴンID\":\"68f8e203-70e4-4048-b128-6c437fee8d3e\",\"更新年度\":2021,\"前年同一\":true},{\"筆ポリゴンID\":\"68f8e203-70e4-4048-b128-6c437fee8d3e\",\"発生年度\":2020}]]]","last_polygon_uuid":"881f017d-4518-4bd1-a329-4ea6f727c0ab","prev_last_polygon_uuid":"c6f79c80-76e4-4a0b-a84a-4558aa27c0c7","local_government_cd":"016080","point_lng":142.954003706,"point_lat":42.137607185}},{"arcs":[[679]],"type":"Polygon","properties":{"polygon_uuid":"383dead7-9bc0-469b-ac4e-1ff0fd2baee8","land_type":200,"issue_year":2024,"edit_year":2020,"history":"[{\"筆ポリゴンID\":\"53d48333-5459-45c2-9b9c-664339378f0e\",\"更新年度\":2023,\"前年同一\":true},[{\"筆ポリゴンID\":\"f841ddce-c2c5-462d-8442-7c35d366056f\",\"更新年度\":2022,\"前年同一\":true},[{\"筆ポリゴンID\":\"30fa85fc-2dab-475f-92f3-50e94f3cd416\",\"更新年度\":2021,\"前年同一\":true},{\"筆ポリゴンID\":\"30fa85fc-2dab-475f-92f3-50e94f3cd416\",\"発生年度\":2020}]]]","last_polygon_uuid":"53d48333-5459-45c2-9b9c-664339378f0e","prev_last_polygon_uuid":"f841ddce-c2c5-462d-8442-7c35d366056f","local_government_cd":"016080","point_lng":142.921566902,"point_lat":42.151817782}},{"arcs":[[680,681]],"type":"Polygon","properties":{"polygon_uuid":"ed59c5b3-f8b3-4153-9607-f60faab89c9c","land_type":200,"issue_year":2024,"edit_year":2020,"history":"[{\"筆ポリゴンID\":\"e1b93426-8720-49b4-b930-4b3ccfac212b\",\"更新年度\":2023,\"前年同一\":true},[{\"筆ポリゴンID\":\"1153a10d-db1d-43fd-bc82-99f28ee76ad6\",\"更新年度\":2022,\"前年同一\":true},[{\"筆ポリゴンID\":\"a77b9a30-c0ed-41e9-b2d4-42ab03d09ec8\",\"更新年度\":2021,\"前年同一\":true},{\"筆ポリゴンID\":\"a77b9a30-c0ed-41e9-b2d4-42ab03d09ec8\",\"発生年度\":2020}]]]","last_polygon_uuid":"e1b93426-8720-49b4-b930-4b3ccfac212b","prev_last_polygon_uuid":"1153a10d-db1d-43fd-bc82-99f28ee76ad6","local_government_cd":"016080","point_lng":142.918061967,"point_lat":42.139066292}},{"arcs":[[682]],"type":"Polygon","properties":{"polygon_uuid":"76892156-0b3c-4a80-8e4e-61613dc31010","land_type":200,"issue_year":2024,"edit_year":2020,"history":"[{\"筆ポリゴンID\":\"8dfa535b-c8cf-4e7d-a23e-75d83ca81dee\",\"更新年度\":2023,\"前年同一\":true},[{\"筆ポリゴンID\":\"0a0c0b9d-adc2-49d6-9a15-18fcbe6db627\",\"更新年度\":2022,\"前年同一\":true},[{\"筆ポリゴンID\":\"3ea23853-caa5-47dd-9e5f-9bdddcd510f0\",\"更新年度\":2021,\"前年同一\":true},{\"筆ポリゴンID\":\"3ea23853-caa5-47dd-9e5f-9bdddcd510f0\",\"発生年度\":2020}]]]","last_polygon_uuid":"8dfa535b-c8cf-4e7d-a23e-75d83ca81dee","prev_last_polygon_uuid":"0a0c0b9d-adc2-49d6-9a15-18fcbe6db627","local_government_cd":"016080","point_lng":142.962693701,"point_lat":42.125720447}},{"arcs":[[683]],"type":"Polygon","properties":{"polygon_uuid":"5798f496-4b00-4a7b-abdb-acdf7f2b0ea5","land_type":200,"issue_year":2024,"edit_year":2020,"history":"[{\"筆ポリゴンID\":\"e02504ba-977a-46c2-8206-5ca9cb1778a3\",\"更新年度\":2023,\"前年同一\":true},[{\"筆ポリゴンID\":\"35e4e312-9fd5-41d1-8845-32ac24bc594c\",\"更新年度\":2022,\"前年同一\":true},[{\"筆ポリゴンID\":\"9423bbe4-3f88-419f-8dfb-65da164bd194\",\"更新年度\":2021,\"前年同一\":true},{\"筆ポリゴンID\":\"9423bbe4-3f88-419f-8dfb-65da164bd194\",\"発生年度\":2020}]]]","last_polygon_uuid":"e02504ba-977a-46c2-8206-5ca9cb1778a3","prev_last_polygon_uuid":"35e4e312-9fd5-41d1-8845-32ac24bc594c","local_government_cd":"016080","point_lng":142.953834963,"point_lat":42.157792869}},{"arcs":[[684]],"type":"Polygon","properties":{"polygon_uuid":"cd40736f-6e66-4bc8-b3bf-35cd32ad112c","land_type":200,"issue_year":2024,"edit_year":2020,"history":"[{\"筆ポリゴンID\":\"2f78e9bd-ed98-43fd-9213-d7df4566afcf\",\"更新年度\":2023,\"前年同一\":true},[{\"筆ポリゴンID\":\"68dd470d-f2ae-4e0d-a95e-785914b05175\",\"更新年度\":2022,\"前年同一\":true},[{\"筆ポリゴンID\":\"0fa455e0-3529-4323-8964-320934ba4f32\",\"更新年度\":2021,\"前年同一\":true},{\"筆ポリゴンID\":\"0fa455e0-3529-4323-8964-320934ba4f32\",\"発生年度\":2020}]]]","last_polygon_uuid":"2f78e9bd-ed98-43fd-9213-d7df4566afcf","prev_last_polygon_uuid":"68dd470d-f2ae-4e0d-a95e-785914b05175","local_government_cd":"016080","point_lng":142.910511462,"point_lat":42.157863215}},{"arcs":[[685]],"type":"Polygon","properties":{"polygon_uuid":"def4baf1-516c-4003-adae-fd62534faa60","land_type":200,"issue_year":2024,"edit_year":2020,"history":"[{\"筆ポリゴンID\":\"777f70e1-cfde-49ea-9e4e-927303737ce7\",\"更新年度\":2023,\"前年同一\":true},[{\"筆ポリゴンID\":\"6749a86a-9f04-4c4d-95ce-7c6cd8aee838\",\"更新年度\":2022,\"前年同一\":true},[{\"筆ポリゴンID\":\"36fc2e8e-cc9d-4284-9009-ef8f75f4870e\",\"更新年度\":2021,\"前年同一\":true},{\"筆ポリゴンID\":\"36fc2e8e-cc9d-4284-9009-ef8f75f4870e\",\"発生年度\":2020}]]]","last_polygon_uuid":"777f70e1-cfde-49ea-9e4e-927303737ce7","prev_last_polygon_uuid":"6749a86a-9f04-4c4d-95ce-7c6cd8aee838","local_government_cd":"016080","point_lng":142.941257911,"point_lat":42.165037879}},{"arcs":[[686,-626]],"type":"Polygon","properties":{"polygon_uuid":"813ddfbd-dae6-4238-a203-a8e15001a3af","land_type":200,"issue_year":2024,"edit_year":2022,"history":"[{\"筆ポリゴンID\":\"1da0559d-9eae-495f-a893-86a36bb0f187\",\"更新年度\":2023,\"前年同一\":true},[{\"筆ポリゴンID\":\"c6e3e4c5-288b-4a60-8332-f22b2b0d7115\",\"更新年度\":2022,\"関連\":true},[{\"筆ポリゴンID\":\"f5c03c95-7aab-4374-89af-2ecd91a57551\",\"更新年度\":2021,\"前年同一\":true},{\"筆ポリゴンID\":\"f5c03c95-7aab-4374-89af-2ecd91a57551\",\"発生年度\":2020}]]]","last_polygon_uuid":"1da0559d-9eae-495f-a893-86a36bb0f187","prev_last_polygon_uuid":null,"local_government_cd":"016080","point_lng":142.951871173,"point_lat":42.161971101}},{"arcs":[[687]],"type":"Polygon","properties":{"polygon_uuid":"499e9776-6a82-4c0a-86ce-2b2f8a1dc6e3","land_type":200,"issue_year":2024,"edit_year":2020,"history":"[{\"筆ポリゴンID\":\"05981ce2-1e29-4fdd-9b7a-33279b667478\",\"更新年度\":2023,\"前年同一\":true},[{\"筆ポリゴンID\":\"b74d0520-a0a6-4cd4-aeb3-f0d34261fa5d\",\"更新年度\":2022,\"前年同一\":true},[{\"筆ポリゴンID\":\"ed9bf76a-1943-4386-8d36-440d320c5f30\",\"更新年度\":2021,\"前年同一\":true},{\"筆ポリゴンID\":\"ed9bf76a-1943-4386-8d36-440d320c5f30\",\"発生年度\":2020}]]]","last_polygon_uuid":"05981ce2-1e29-4fdd-9b7a-33279b667478","prev_last_polygon_uuid":"b74d0520-a0a6-4cd4-aeb3-f0d34261fa5d","local_government_cd":"016080","point_lng":142.945673488,"point_lat":42.124233455}},{"arcs":[[688]],"type":"Polygon","properties":{"polygon_uuid":"92174afc-3184-4eff-a152-60a376a0e5b9","land_type":200,"issue_year":2024,"edit_year":2020,"history":"[{\"筆ポリゴンID\":\"68bc3fa9-ae43-4d17-83ed-b57ded58f49e\",\"更新年度\":2023,\"前年同一\":true},[{\"筆ポリゴンID\":\"3dbbce1c-680a-4ee1-a73d-02cbe1b1b4d2\",\"更新年度\":2022,\"前年同一\":true},[{\"筆ポリゴンID\":\"1f718c53-d3fd-4314-9db8-2d7a788830dd\",\"更新年度\":2021,\"前年同一\":true},{\"筆ポリゴンID\":\"1f718c53-d3fd-4314-9db8-2d7a788830dd\",\"発生年度\":2020}]]]","last_polygon_uuid":"68bc3fa9-ae43-4d17-83ed-b57ded58f49e","prev_last_polygon_uuid":"3dbbce1c-680a-4ee1-a73d-02cbe1b1b4d2","local_government_cd":"016080","point_lng":142.949919882,"point_lat":42.123298748}},{"arcs":[[689,690]],"type":"Polygon","properties":{"polygon_uuid":"0cf69b12-6d45-4ad5-b82d-559b268e3a04","land_type":200,"issue_year":2024,"edit_year":2020,"history":"[{\"筆ポリゴンID\":\"21027153-d225-4c4d-861f-a3982a270ce9\",\"更新年度\":2023,\"前年同一\":true},[{\"筆ポリゴンID\":\"c358eb20-b1b4-4596-8756-07c5e3c3aaaf\",\"更新年度\":2022,\"前年同一\":true},[{\"筆ポリゴンID\":\"98d782dd-22fd-45c5-8475-ad254f344d03\",\"更新年度\":2021,\"前年同一\":true},{\"筆ポリゴンID\":\"98d782dd-22fd-45c5-8475-ad254f344d03\",\"発生年度\":2020}]]]","last_polygon_uuid":"21027153-d225-4c4d-861f-a3982a270ce9","prev_last_polygon_uuid":"c358eb20-b1b4-4596-8756-07c5e3c3aaaf","local_government_cd":"016080","point_lng":142.934849839,"point_lat":42.148649808}},{"arcs":[[691]],"type":"Polygon","properties":{"polygon_uuid":"1df4e6cb-2f7a-42d7-a4f4-ee4bb1d38c61","land_type":200,"issue_year":2024,"edit_year":2020,"history":"[{\"筆ポリゴンID\":\"4b5bb7c6-9dfb-47d9-b882-3b8d882e79cc\",\"更新年度\":2023,\"前年同一\":true},[{\"筆ポリゴンID\":\"95affde8-5f1d-4d2e-953e-893f970b9a91\",\"更新年度\":2022,\"前年同一\":true},[{\"筆ポリゴンID\":\"8ffa53a3-1b11-416e-85fd-a7ca9bc8db55\",\"更新年度\":2021,\"前年同一\":true},{\"筆ポリゴンID\":\"8ffa53a3-1b11-416e-85fd-a7ca9bc8db55\",\"発生年度\":2020}]]]","last_polygon_uuid":"4b5bb7c6-9dfb-47d9-b882-3b8d882e79cc","prev_last_polygon_uuid":"95affde8-5f1d-4d2e-953e-893f970b9a91","local_government_cd":"016080","point_lng":142.9435244,"point_lat":42.162143224}},{"arcs":[[692]],"type":"Polygon","properties":{"polygon_uuid":"b0bf2114-42bc-442d-8df2-27ae50ef9b41","land_type":200,"issue_year":2024,"edit_year":2020,"history":"[{\"筆ポリゴンID\":\"5b8c45fc-16a0-40e6-bf20-e7ddf2a7e91c\",\"更新年度\":2023,\"前年同一\":true},[{\"筆ポリゴンID\":\"0c2fe438-c7a3-4a35-90c2-3e93ac31f908\",\"更新年度\":2022,\"前年同一\":true},[{\"筆ポリゴンID\":\"0c6ef223-416e-4234-9277-bcd23ded24b5\",\"更新年度\":2021,\"前年同一\":true},{\"筆ポリゴンID\":\"0c6ef223-416e-4234-9277-bcd23ded24b5\",\"発生年度\":2020}]]]","last_polygon_uuid":"5b8c45fc-16a0-40e6-bf20-e7ddf2a7e91c","prev_last_polygon_uuid":"0c2fe438-c7a3-4a35-90c2-3e93ac31f908","local_government_cd":"016080","point_lng":142.945411465,"point_lat":42.163514285}},{"arcs":[[693]],"type":"Polygon","properties":{"polygon_uuid":"a43cf176-cee9-4756-96ff-fecb9ddb2aae","land_type":200,"issue_year":2024,"edit_year":2020,"history":"[{\"筆ポリゴンID\":\"639d1211-2fa9-4a93-839a-d234e5953523\",\"更新年度\":2023,\"前年同一\":true},[{\"筆ポリゴンID\":\"48ea7a22-869f-40a8-b171-166ae67c62f6\",\"更新年度\":2022,\"前年同一\":true},[{\"筆ポリゴンID\":\"933ccb46-821d-4886-83b9-5db91491cbe7\",\"更新年度\":2021,\"前年同一\":true},{\"筆ポリゴンID\":\"933ccb46-821d-4886-83b9-5db91491cbe7\",\"発生年度\":2020}]]]","last_polygon_uuid":"639d1211-2fa9-4a93-839a-d234e5953523","prev_last_polygon_uuid":"48ea7a22-869f-40a8-b171-166ae67c62f6","local_government_cd":"016080","point_lng":142.911019786,"point_lat":42.150082405}},{"arcs":[[694]],"type":"Polygon","properties":{"polygon_uuid":"b4508fe1-2c62-4266-8ebd-f8bbbb71c256","land_type":200,"issue_year":2024,"edit_year":2020,"history":"[{\"筆ポリゴンID\":\"ca263787-cfa8-46d9-b7ee-71278d5ddd50\",\"更新年度\":2023,\"前年同一\":true},[{\"筆ポリゴンID\":\"b3413b1c-262c-4e67-9201-0e409cb506aa\",\"更新年度\":2022,\"前年同一\":true},[{\"筆ポリゴンID\":\"c0aa2a0b-9189-44cf-b21d-5aae820575ff\",\"更新年度\":2021,\"前年同一\":true},{\"筆ポリゴンID\":\"c0aa2a0b-9189-44cf-b21d-5aae820575ff\",\"発生年度\":2020}]]]","last_polygon_uuid":"ca263787-cfa8-46d9-b7ee-71278d5ddd50","prev_last_polygon_uuid":"b3413b1c-262c-4e67-9201-0e409cb506aa","local_government_cd":"016080","point_lng":142.91228373,"point_lat":42.148441087}},{"arcs":[[695]],"type":"Polygon","properties":{"polygon_uuid":"582885d0-c25f-468a-b579-76d45539c43c","land_type":200,"issue_year":2024,"edit_year":2020,"history":"[{\"筆ポリゴンID\":\"4a70b220-16b0-443c-91c6-074eb5220afb\",\"更新年度\":2023,\"前年同一\":true},[{\"筆ポリゴンID\":\"34e576c1-7875-4cd4-9c12-6f18b0c1cbdd\",\"更新年度\":2022,\"前年同一\":true},[{\"筆ポリゴンID\":\"a4b9416a-904d-453b-930f-161234a8891b\",\"更新年度\":2021,\"前年同一\":true},{\"筆ポリゴンID\":\"a4b9416a-904d-453b-930f-161234a8891b\",\"発生年度\":2020}]]]","last_polygon_uuid":"4a70b220-16b0-443c-91c6-074eb5220afb","prev_last_polygon_uuid":"34e576c1-7875-4cd4-9c12-6f18b0c1cbdd","local_government_cd":"016080","point_lng":142.951320215,"point_lat":42.160594917}},{"arcs":[[696]],"type":"Polygon","properties":{"polygon_uuid":"a878f187-00dc-4dee-9bd4-a9a57bf60461","land_type":200,"issue_year":2024,"edit_year":2020,"history":"[{\"筆ポリゴンID\":\"b99ec34b-c5b2-4a4c-a06c-be8e824bebbd\",\"更新年度\":2023,\"前年同一\":true},[{\"筆ポリゴンID\":\"fe776921-03dd-4847-8677-45104ead5e40\",\"更新年度\":2022,\"前年同一\":true},[{\"筆ポリゴンID\":\"16d69daa-5fbe-4240-b051-eb2e900cdd5e\",\"更新年度\":2021,\"前年同一\":true},{\"筆ポリゴンID\":\"16d69daa-5fbe-4240-b051-eb2e900cdd5e\",\"発生年度\":2020}]]]","last_polygon_uuid":"b99ec34b-c5b2-4a4c-a06c-be8e824bebbd","prev_last_polygon_uuid":"fe776921-03dd-4847-8677-45104ead5e40","local_government_cd":"016080","point_lng":142.91039615,"point_lat":42.154992306}},{"arcs":[[697]],"type":"Polygon","properties":{"polygon_uuid":"3ef5e345-f1d2-4208-a18f-95e61eb8f900","land_type":200,"issue_year":2024,"edit_year":2020,"history":"[{\"筆ポリゴンID\":\"51276be0-e3ac-49f3-a5f3-ab5c0083aa7a\",\"更新年度\":2023,\"前年同一\":true},[{\"筆ポリゴンID\":\"deef6dbc-cca5-4372-b730-b76449a025ac\",\"更新年度\":2022,\"前年同一\":true},[{\"筆ポリゴンID\":\"8256ff3e-cf60-425e-b1fa-42c3d056c095\",\"更新年度\":2021,\"前年同一\":true},{\"筆ポリゴンID\":\"8256ff3e-cf60-425e-b1fa-42c3d056c095\",\"発生年度\":2020}]]]","last_polygon_uuid":"51276be0-e3ac-49f3-a5f3-ab5c0083aa7a","prev_last_polygon_uuid":"deef6dbc-cca5-4372-b730-b76449a025ac","local_government_cd":"016080","point_lng":142.91782033,"point_lat":42.146207441}},{"arcs":[[698]],"type":"Polygon","properties":{"polygon_uuid":"4a3e91dd-498d-4986-85d9-e0a3ef1f9c93","land_type":200,"issue_year":2024,"edit_year":2020,"history":"[{\"筆ポリゴンID\":\"2a572c2b-2ef6-4620-a755-f6821ba7280d\",\"更新年度\":2023,\"前年同一\":true},[{\"筆ポリゴンID\":\"9b3b0b52-dbde-4a0d-aecc-a3af879a8c0b\",\"更新年度\":2022,\"前年同一\":true},[{\"筆ポリゴンID\":\"80a7c9b2-c138-43ca-8227-43a109393a03\",\"更新年度\":2021,\"前年同一\":true},{\"筆ポリゴンID\":\"80a7c9b2-c138-43ca-8227-43a109393a03\",\"発生年度\":2020}]]]","last_polygon_uuid":"2a572c2b-2ef6-4620-a755-f6821ba7280d","prev_last_polygon_uuid":"9b3b0b52-dbde-4a0d-aecc-a3af879a8c0b","local_government_cd":"016080","point_lng":142.962841752,"point_lat":42.127795006}},{"arcs":[[699]],"type":"Polygon","properties":{"polygon_uuid":"3221f169-96f2-47dd-98e4-44af239231fa","land_type":200,"issue_year":2024,"edit_year":2020,"history":"[{\"筆ポリゴンID\":\"4444c1c6-f818-4f1e-9a92-29d8869de944\",\"更新年度\":2023,\"前年同一\":true},[{\"筆ポリゴンID\":\"193092ef-c8e6-4f82-b718-14b8bff6905f\",\"更新年度\":2022,\"前年同一\":true},[{\"筆ポリゴンID\":\"a257abe0-b3c9-4880-85f1-63e1d60db11c\",\"更新年度\":2021,\"前年同一\":true},{\"筆ポリゴンID\":\"a257abe0-b3c9-4880-85f1-63e1d60db11c\",\"発生年度\":2020}]]]","last_polygon_uuid":"4444c1c6-f818-4f1e-9a92-29d8869de944","prev_last_polygon_uuid":"193092ef-c8e6-4f82-b718-14b8bff6905f","local_government_cd":"016080","point_lng":142.911413155,"point_lat":42.153238104}},{"arcs":[[700]],"type":"Polygon","properties":{"polygon_uuid":"0d4c3c41-5bf2-4a9c-9f08-9043e93112b3","land_type":200,"issue_year":2024,"edit_year":2020,"history":"[{\"筆ポリゴンID\":\"c3e93710-d92c-48a0-95f5-5c44aeeded36\",\"更新年度\":2023,\"前年同一\":true},[{\"筆ポリゴンID\":\"5e926455-3db8-4ab9-8d09-4100697d23b9\",\"更新年度\":2022,\"前年同一\":true},[{\"筆ポリゴンID\":\"e0a60e4f-ea4a-41ac-abaf-9242d606b7fc\",\"更新年度\":2021,\"前年同一\":true},{\"筆ポリゴンID\":\"e0a60e4f-ea4a-41ac-abaf-9242d606b7fc\",\"発生年度\":2020}]]]","last_polygon_uuid":"c3e93710-d92c-48a0-95f5-5c44aeeded36","prev_last_polygon_uuid":"5e926455-3db8-4ab9-8d09-4100697d23b9","local_government_cd":"016080","point_lng":142.946545928,"point_lat":42.16220736}},{"arcs":[[701]],"type":"Polygon","properties":{"polygon_uuid":"ec35d1b5-9b33-4a65-be61-b98be767af68","land_type":200,"issue_year":2024,"edit_year":2020,"history":"[{\"筆ポリゴンID\":\"8da950ca-3d76-4746-acfa-5cb8dabee5b9\",\"更新年度\":2023,\"前年同一\":true},[{\"筆ポリゴンID\":\"c4cfce57-a572-49c9-a960-b19ab462dc87\",\"更新年度\":2022,\"前年同一\":true},[{\"筆ポリゴンID\":\"39a0c7eb-e3cc-4d08-bdc5-1bef7712a62f\",\"更新年度\":2021,\"前年同一\":true},{\"筆ポリゴンID\":\"39a0c7eb-e3cc-4d08-bdc5-1bef7712a62f\",\"発生年度\":2020}]]]","last_polygon_uuid":"8da950ca-3d76-4746-acfa-5cb8dabee5b9","prev_last_polygon_uuid":"c4cfce57-a572-49c9-a960-b19ab462dc87","local_government_cd":"016080","point_lng":142.917296268,"point_lat":42.144907679}},{"arcs":[[702]],"type":"Polygon","properties":{"polygon_uuid":"e0f5bf92-2eb0-4356-9813-60ac9ce7acb1","land_type":200,"issue_year":2024,"edit_year":2020,"history":"[{\"筆ポリゴンID\":\"4de86de1-1f41-4129-8737-90a71e062546\",\"更新年度\":2023,\"前年同一\":true},[{\"筆ポリゴンID\":\"a83a0fed-57be-45b0-bd4e-a13b1f127dd6\",\"更新年度\":2022,\"前年同一\":true},[{\"筆ポリゴンID\":\"af842d80-c0fd-4418-ba27-cebfabacda34\",\"更新年度\":2021,\"前年同一\":true},{\"筆ポリゴンID\":\"af842d80-c0fd-4418-ba27-cebfabacda34\",\"発生年度\":2020}]]]","last_polygon_uuid":"4de86de1-1f41-4129-8737-90a71e062546","prev_last_polygon_uuid":"a83a0fed-57be-45b0-bd4e-a13b1f127dd6","local_government_cd":"016080","point_lng":142.940724858,"point_lat":42.133884417}},{"arcs":[[703]],"type":"Polygon","properties":{"polygon_uuid":"0c5a7b16-620e-4fb3-8267-5f43bdd84f06","land_type":200,"issue_year":2024,"edit_year":2020,"history":"[{\"筆ポリゴンID\":\"5eb60c82-3b08-456c-97da-95d9288d42af\",\"更新年度\":2023,\"前年同一\":true},[{\"筆ポリゴンID\":\"cc6e74f1-bd6c-4a37-84ea-cd60f810a29d\",\"更新年度\":2022,\"前年同一\":true},[{\"筆ポリゴンID\":\"c4ab9e19-6c0b-42b1-a914-934c7b1a2533\",\"更新年度\":2021,\"前年同一\":true},{\"筆ポリゴンID\":\"c4ab9e19-6c0b-42b1-a914-934c7b1a2533\",\"発生年度\":2020}]]]","last_polygon_uuid":"5eb60c82-3b08-456c-97da-95d9288d42af","prev_last_polygon_uuid":"cc6e74f1-bd6c-4a37-84ea-cd60f810a29d","local_government_cd":"016080","point_lng":142.916220198,"point_lat":42.148540032}},{"arcs":[[704]],"type":"Polygon","properties":{"polygon_uuid":"a3391448-7170-4835-9856-17fcd137bc97","land_type":100,"issue_year":2024,"edit_year":2020,"history":"[{\"筆ポリゴンID\":\"399bafc1-a0eb-4459-b8e5-093dbce39eb4\",\"更新年度\":2023,\"前年同一\":true},[{\"筆ポリゴンID\":\"15ec0ad0-b344-4155-a24b-b77a22364232\",\"更新年度\":2022,\"前年同一\":true},[{\"筆ポリゴンID\":\"8cd6ee69-2cc8-41d9-be76-5de961318c3e\",\"更新年度\":2021,\"前年同一\":true},{\"筆ポリゴンID\":\"8cd6ee69-2cc8-41d9-be76-5de961318c3e\",\"発生年度\":2020}]]]","last_polygon_uuid":"399bafc1-a0eb-4459-b8e5-093dbce39eb4","prev_last_polygon_uuid":"15ec0ad0-b344-4155-a24b-b77a22364232","local_government_cd":"016080","point_lng":142.944680116,"point_lat":42.153418138}},{"arcs":[[705]],"type":"Polygon","properties":{"polygon_uuid":"d6d3c822-f9b7-4923-a225-ab82b4f83822","land_type":200,"issue_year":2024,"edit_year":2020,"history":"[{\"筆ポリゴンID\":\"437cf9b3-3734-4456-955d-4aadde86c0a4\",\"更新年度\":2023,\"前年同一\":true},[{\"筆ポリゴンID\":\"2558765f-2d17-44a4-b377-3a199d593099\",\"更新年度\":2022,\"前年同一\":true},[{\"筆ポリゴンID\":\"8bc86100-def8-4dc7-821c-11f9e20b3bc3\",\"更新年度\":2021,\"前年同一\":true},{\"筆ポリゴンID\":\"8bc86100-def8-4dc7-821c-11f9e20b3bc3\",\"発生年度\":2020}]]]","last_polygon_uuid":"437cf9b3-3734-4456-955d-4aadde86c0a4","prev_last_polygon_uuid":"2558765f-2d17-44a4-b377-3a199d593099","local_government_cd":"016080","point_lng":142.955086483,"point_lat":42.136575963}},{"arcs":[[706]],"type":"Polygon","properties":{"polygon_uuid":"1859d7d7-39b6-45c8-8210-2cc1bf964567","land_type":200,"issue_year":2024,"edit_year":2020,"history":"[{\"筆ポリゴンID\":\"f1f72092-93ea-4dad-aebe-4ec1a354b12f\",\"更新年度\":2023,\"前年同一\":true},[{\"筆ポリゴンID\":\"4ab8bc88-f4a5-452d-9681-bb7013230b7e\",\"更新年度\":2022,\"前年同一\":true},[{\"筆ポリゴンID\":\"d78ad816-fec2-40ec-bcf3-dcb86b4039fb\",\"更新年度\":2021,\"前年同一\":true},{\"筆ポリゴンID\":\"d78ad816-fec2-40ec-bcf3-dcb86b4039fb\",\"発生年度\":2020}]]]","last_polygon_uuid":"f1f72092-93ea-4dad-aebe-4ec1a354b12f","prev_last_polygon_uuid":"4ab8bc88-f4a5-452d-9681-bb7013230b7e","local_government_cd":"016080","point_lng":142.912441155,"point_lat":42.150252191}},{"arcs":[[707]],"type":"Polygon","properties":{"polygon_uuid":"6af6e75c-53dc-4d0f-938d-740d72c98272","land_type":200,"issue_year":2024,"edit_year":2020,"history":"[{\"筆ポリゴンID\":\"4016593b-319e-4f1f-afb3-0d113f0e7527\",\"更新年度\":2023,\"前年同一\":true},[{\"筆ポリゴンID\":\"e5f96834-5b85-4279-ad94-3953acae542d\",\"更新年度\":2022,\"前年同一\":true},[{\"筆ポリゴンID\":\"04352421-e21f-4555-9550-eb84c8b0eee1\",\"更新年度\":2021,\"前年同一\":true},{\"筆ポリゴンID\":\"04352421-e21f-4555-9550-eb84c8b0eee1\",\"発生年度\":2020}]]]","last_polygon_uuid":"4016593b-319e-4f1f-afb3-0d113f0e7527","prev_last_polygon_uuid":"e5f96834-5b85-4279-ad94-3953acae542d","local_government_cd":"016080","point_lng":142.907566917,"point_lat":42.139056141}},{"arcs":[[708]],"type":"Polygon","properties":{"polygon_uuid":"d7ee3821-4bb8-4549-abd6-af6a1ed8a8b0","land_type":200,"issue_year":2024,"edit_year":2020,"history":"[{\"筆ポリゴンID\":\"b371199c-6a60-401f-9524-30973296b68a\",\"更新年度\":2023,\"前年同一\":true},[{\"筆ポリゴンID\":\"9e5edc47-8de4-4646-992c-62874871aeff\",\"更新年度\":2022,\"前年同一\":true},[{\"筆ポリゴンID\":\"1900a508-c26b-43f5-bfff-88c03411278d\",\"更新年度\":2021,\"前年同一\":true},{\"筆ポリゴンID\":\"1900a508-c26b-43f5-bfff-88c03411278d\",\"発生年度\":2020}]]]","last_polygon_uuid":"b371199c-6a60-401f-9524-30973296b68a","prev_last_polygon_uuid":"9e5edc47-8de4-4646-992c-62874871aeff","local_government_cd":"016080","point_lng":142.952565017,"point_lat":42.152975116}},{"arcs":[[709]],"type":"Polygon","properties":{"polygon_uuid":"06cb2394-6915-463f-8b8b-a50686b9e94a","land_type":200,"issue_year":2024,"edit_year":2020,"history":"[{\"筆ポリゴンID\":\"766b9c10-3bec-4359-b79b-530c7120f289\",\"更新年度\":2023,\"前年同一\":true},[{\"筆ポリゴンID\":\"ee81a0b2-29d4-419f-ae22-97c2d7769b53\",\"更新年度\":2022,\"前年同一\":true},[{\"筆ポリゴンID\":\"5397031d-753d-4d90-a53e-86c49a182de9\",\"更新年度\":2021,\"前年同一\":true},{\"筆ポリゴンID\":\"5397031d-753d-4d90-a53e-86c49a182de9\",\"発生年度\":2020}]]]","last_polygon_uuid":"766b9c10-3bec-4359-b79b-530c7120f289","prev_last_polygon_uuid":"ee81a0b2-29d4-419f-ae22-97c2d7769b53","local_government_cd":"016080","point_lng":142.91240612,"point_lat":42.163266657}},{"arcs":[[710]],"type":"Polygon","properties":{"polygon_uuid":"6d13b126-357b-440f-b5ad-f59f00f59944","land_type":200,"issue_year":2024,"edit_year":2020,"history":"[{\"筆ポリゴンID\":\"e14709e7-7096-48a3-acb0-a0836f37affc\",\"更新年度\":2023,\"前年同一\":true},[{\"筆ポリゴンID\":\"d0d6957d-cbc8-4d51-9681-47119b07ea86\",\"更新年度\":2022,\"前年同一\":true},[{\"筆ポリゴンID\":\"c2dc0597-13bc-48c3-adbf-fb44b8224481\",\"更新年度\":2021,\"前年同一\":true},{\"筆ポリゴンID\":\"c2dc0597-13bc-48c3-adbf-fb44b8224481\",\"発生年度\":2020}]]]","last_polygon_uuid":"e14709e7-7096-48a3-acb0-a0836f37affc","prev_last_polygon_uuid":"d0d6957d-cbc8-4d51-9681-47119b07ea86","local_government_cd":"016080","point_lng":142.917342644,"point_lat":42.141791621}},{"arcs":[[711,-616]],"type":"Polygon","properties":{"polygon_uuid":"35f98ab8-58a0-4d30-a549-a574c624e3ee","land_type":200,"issue_year":2024,"edit_year":2020,"history":"[{\"筆ポリゴンID\":\"d5ba17c1-5602-406d-9cff-62d717408387\",\"更新年度\":2023,\"前年同一\":true},[{\"筆ポリゴンID\":\"d01140c7-4e30-4f13-a845-3744b22c48e1\",\"更新年度\":2022,\"前年同一\":true},[{\"筆ポリゴンID\":\"37a6ce25-3f66-4ba2-97b8-c35e2511269a\",\"更新年度\":2021,\"前年同一\":true},{\"筆ポリゴンID\":\"37a6ce25-3f66-4ba2-97b8-c35e2511269a\",\"発生年度\":2020}]]]","last_polygon_uuid":"d5ba17c1-5602-406d-9cff-62d717408387","prev_last_polygon_uuid":"d01140c7-4e30-4f13-a845-3744b22c48e1","local_government_cd":"016080","point_lng":142.918451939,"point_lat":42.14808754}},{"arcs":[[712],[713],[714]],"type":"Polygon","properties":{"polygon_uuid":"1dc7c59e-998b-47c0-8746-c194ae79faf7","land_type":200,"issue_year":2024,"edit_year":2020,"history":"[{\"筆ポリゴンID\":\"0b664077-39aa-420d-a481-b7d8c9026227\",\"更新年度\":2023,\"前年同一\":true},[{\"筆ポリゴンID\":\"4d1881fb-12bc-4d95-961c-c8841cac5d30\",\"更新年度\":2022,\"前年同一\":true},[{\"筆ポリゴンID\":\"9f50c3bc-ae96-4d2b-b8f2-8bb1188e90cc\",\"更新年度\":2021,\"前年同一\":true},{\"筆ポリゴンID\":\"9f50c3bc-ae96-4d2b-b8f2-8bb1188e90cc\",\"発生年度\":2020}]]]","last_polygon_uuid":"0b664077-39aa-420d-a481-b7d8c9026227","prev_last_polygon_uuid":"4d1881fb-12bc-4d95-961c-c8841cac5d30","local_government_cd":"016080","point_lng":142.915591645,"point_lat":42.166249272}},{"arcs":[[715]],"type":"Polygon","properties":{"polygon_uuid":"5e301da6-a053-44d5-b03e-e7e937b9d8d4","land_type":200,"issue_year":2024,"edit_year":2020,"history":"[{\"筆ポリゴンID\":\"ec8aa086-a857-4e20-82b3-0e698e37cdd0\",\"更新年度\":2023,\"前年同一\":true},[{\"筆ポリゴンID\":\"8e9ee5b3-3ff1-4122-b23a-a43e548bab00\",\"更新年度\":2022,\"前年同一\":true},[{\"筆ポリゴンID\":\"238c091e-9ca0-4715-8fdd-1c041f94fa80\",\"更新年度\":2021,\"前年同一\":true},{\"筆ポリゴンID\":\"238c091e-9ca0-4715-8fdd-1c041f94fa80\",\"発生年度\":2020}]]]","last_polygon_uuid":"ec8aa086-a857-4e20-82b3-0e698e37cdd0","prev_last_polygon_uuid":"8e9ee5b3-3ff1-4122-b23a-a43e548bab00","local_government_cd":"016080","point_lng":142.955077769,"point_lat":42.159925}},{"arcs":[[-677,716,-690,717]],"type":"Polygon","properties":{"polygon_uuid":"c296baab-b6f7-4dde-b66f-f689af27f4b8","land_type":200,"issue_year":2024,"edit_year":2020,"history":"[{\"筆ポリゴンID\":\"ed188f49-4534-44e5-a6e7-8d4c21b43356\",\"更新年度\":2023,\"前年同一\":true},[{\"筆ポリゴンID\":\"20d79a5d-90de-42a9-b7a0-b4123796a1f3\",\"更新年度\":2022,\"前年同一\":true},[{\"筆ポリゴンID\":\"77db01e2-95b2-4f15-b34c-4c9e5d8c8e78\",\"更新年度\":2021,\"前年同一\":true},{\"筆ポリゴンID\":\"77db01e2-95b2-4f15-b34c-4c9e5d8c8e78\",\"発生年度\":2020}]]]","last_polygon_uuid":"ed188f49-4534-44e5-a6e7-8d4c21b43356","prev_last_polygon_uuid":"20d79a5d-90de-42a9-b7a0-b4123796a1f3","local_government_cd":"016080","point_lng":142.934977648,"point_lat":42.147952862}},{"arcs":[[718]],"type":"Polygon","properties":{"polygon_uuid":"9b202155-dd4a-4740-a1fc-741f6d464fff","land_type":200,"issue_year":2024,"edit_year":2020,"history":"[{\"筆ポリゴンID\":\"8acc0066-44af-4a15-b85d-1bc84ba0838d\",\"更新年度\":2023,\"前年同一\":true},[{\"筆ポリゴンID\":\"92e90787-94c6-44b1-b816-d53bcddc3cb5\",\"更新年度\":2022,\"前年同一\":true},[{\"筆ポリゴンID\":\"d4817ceb-14f9-4440-9337-94dca46f6380\",\"更新年度\":2021,\"前年同一\":true},{\"筆ポリゴンID\":\"d4817ceb-14f9-4440-9337-94dca46f6380\",\"発生年度\":2020}]]]","last_polygon_uuid":"8acc0066-44af-4a15-b85d-1bc84ba0838d","prev_last_polygon_uuid":"92e90787-94c6-44b1-b816-d53bcddc3cb5","local_government_cd":"016080","point_lng":142.948004759,"point_lat":42.162303605}},{"arcs":[[719,720]],"type":"Polygon","properties":{"polygon_uuid":"7b445d00-9005-4713-a221-c21e5b62365d","land_type":200,"issue_year":2024,"edit_year":2020,"history":"[{\"筆ポリゴンID\":\"e21322b7-6284-4bbb-b833-3c530926e2ad\",\"更新年度\":2023,\"前年同一\":true},[{\"筆ポリゴンID\":\"e6d41246-e4e7-467d-b112-c4831a42a9f0\",\"更新年度\":2022,\"前年同一\":true},[{\"筆ポリゴンID\":\"ec0d708c-3d71-4d13-a0e9-1e8da97a7cdf\",\"更新年度\":2021,\"前年同一\":true},{\"筆ポリゴンID\":\"ec0d708c-3d71-4d13-a0e9-1e8da97a7cdf\",\"発生年度\":2020}]]]","last_polygon_uuid":"e21322b7-6284-4bbb-b833-3c530926e2ad","prev_last_polygon_uuid":"e6d41246-e4e7-467d-b112-c4831a42a9f0","local_government_cd":"016080","point_lng":142.914050994,"point_lat":42.15319937}},{"arcs":[[721,722]],"type":"Polygon","properties":{"polygon_uuid":"d578f6f9-38c0-49c9-bb30-283e971104c6","land_type":200,"issue_year":2024,"edit_year":2020,"history":"[{\"筆ポリゴンID\":\"8b78516e-207e-4d76-867e-cb9309146ef6\",\"更新年度\":2023,\"前年同一\":true},[{\"筆ポリゴンID\":\"b4c566c9-8e9d-4876-8edd-1fa45fba79e7\",\"更新年度\":2022,\"前年同一\":true},[{\"筆ポリゴンID\":\"e50b5b0b-1502-460a-b70a-cb69cdc00931\",\"更新年度\":2021,\"前年同一\":true},{\"筆ポリゴンID\":\"e50b5b0b-1502-460a-b70a-cb69cdc00931\",\"発生年度\":2020}]]]","last_polygon_uuid":"8b78516e-207e-4d76-867e-cb9309146ef6","prev_last_polygon_uuid":"b4c566c9-8e9d-4876-8edd-1fa45fba79e7","local_government_cd":"016080","point_lng":142.944071321,"point_lat":42.131415253}},{"arcs":[[723]],"type":"Polygon","properties":{"polygon_uuid":"26e2d3f2-9c8f-4b70-9e5e-586d2910557e","land_type":200,"issue_year":2024,"edit_year":2020,"history":"[{\"筆ポリゴンID\":\"c9b55b0d-2c80-4c61-88a2-9435f15a482a\",\"更新年度\":2023,\"前年同一\":true},[{\"筆ポリゴンID\":\"61f0c119-2520-499c-a631-236dc5bfb8e4\",\"更新年度\":2022,\"前年同一\":true},[{\"筆ポリゴンID\":\"af396e82-861c-4956-947d-24832717708f\",\"更新年度\":2021,\"前年同一\":true},{\"筆ポリゴンID\":\"af396e82-861c-4956-947d-24832717708f\",\"発生年度\":2020}]]]","last_polygon_uuid":"c9b55b0d-2c80-4c61-88a2-9435f15a482a","prev_last_polygon_uuid":"61f0c119-2520-499c-a631-236dc5bfb8e4","local_government_cd":"016080","point_lng":142.95321976,"point_lat":42.134614423}},{"arcs":[[-232,724]],"type":"Polygon","properties":{"polygon_uuid":"46e23554-9195-4bd3-8482-0ab6f7a0405f","land_type":200,"issue_year":2024,"edit_year":2020,"history":"[{\"筆ポリゴンID\":\"55ee229a-b10e-410b-ae83-e4d78f63d8a0\",\"更新年度\":2023,\"前年同一\":true},[{\"筆ポリゴンID\":\"524adbee-a2fe-4a90-8068-733b7488aecb\",\"更新年度\":2022,\"前年同一\":true},[{\"筆ポリゴンID\":\"3e1d6734-aafc-4962-b929-54de32c7b78f\",\"更新年度\":2021,\"前年同一\":true},{\"筆ポリゴンID\":\"3e1d6734-aafc-4962-b929-54de32c7b78f\",\"発生年度\":2020}]]]","last_polygon_uuid":"55ee229a-b10e-410b-ae83-e4d78f63d8a0","prev_last_polygon_uuid":"524adbee-a2fe-4a90-8068-733b7488aecb","local_government_cd":"016080","point_lng":142.952862604,"point_lat":42.143836017}},{"arcs":[[725]],"type":"Polygon","properties":{"polygon_uuid":"c6cd4bf8-9f87-4ceb-855e-7d079e837969","land_type":200,"issue_year":2024,"edit_year":2020,"history":"[{\"筆ポリゴンID\":\"59ec0094-8144-4611-a042-7fc7f2728803\",\"更新年度\":2023,\"前年同一\":true},[{\"筆ポリゴンID\":\"617ebb13-dba9-4c8d-a79a-f38deb5098b9\",\"更新年度\":2022,\"前年同一\":true},[{\"筆ポリゴンID\":\"94017305-aa24-424e-9086-6513580b4863\",\"更新年度\":2021,\"前年同一\":true},{\"筆ポリゴンID\":\"94017305-aa24-424e-9086-6513580b4863\",\"発生年度\":2020}]]]","last_polygon_uuid":"59ec0094-8144-4611-a042-7fc7f2728803","prev_last_polygon_uuid":"617ebb13-dba9-4c8d-a79a-f38deb5098b9","local_government_cd":"016080","point_lng":142.909263453,"point_lat":42.139341237}},{"arcs":[[726]],"type":"Polygon","properties":{"polygon_uuid":"69c5279c-9298-4c8e-b88f-858a34b17f1b","land_type":200,"issue_year":2024,"edit_year":2020,"history":"[{\"筆ポリゴンID\":\"fe5f01da-4848-4ea5-840f-7b54cf01251b\",\"更新年度\":2023,\"前年同一\":true},[{\"筆ポリゴンID\":\"e592eaa1-7a12-4ca5-9a41-be9a914dc360\",\"更新年度\":2022,\"前年同一\":true},[{\"筆ポリゴンID\":\"d44506a4-970d-479a-b29c-ecdb117e26fa\",\"更新年度\":2021,\"前年同一\":true},{\"筆ポリゴンID\":\"d44506a4-970d-479a-b29c-ecdb117e26fa\",\"発生年度\":2020}]]]","last_polygon_uuid":"fe5f01da-4848-4ea5-840f-7b54cf01251b","prev_last_polygon_uuid":"e592eaa1-7a12-4ca5-9a41-be9a914dc360","local_government_cd":"016080","point_lng":142.90011751,"point_lat":42.144002429}},{"arcs":[[727]],"type":"Polygon","properties":{"polygon_uuid":"e242e40b-8bdf-40b3-85f7-6f6d963034b6","land_type":200,"issue_year":2024,"edit_year":2020,"history":"[{\"筆ポリゴンID\":\"94d28b14-bdc3-4713-8e33-3e20edfaeae0\",\"更新年度\":2023,\"前年同一\":true},[{\"筆ポリゴンID\":\"cd123839-2ba1-43ec-a1b9-5ed19d0e3856\",\"更新年度\":2022,\"前年同一\":true},[{\"筆ポリゴンID\":\"a97b0897-6523-4fc4-89f3-a2a6e8153ca1\",\"更新年度\":2021,\"前年同一\":true},{\"筆ポリゴンID\":\"a97b0897-6523-4fc4-89f3-a2a6e8153ca1\",\"発生年度\":2020}]]]","last_polygon_uuid":"94d28b14-bdc3-4713-8e33-3e20edfaeae0","prev_last_polygon_uuid":"cd123839-2ba1-43ec-a1b9-5ed19d0e3856","local_government_cd":"016080","point_lng":142.916028935,"point_lat":42.150854272}},{"arcs":[[-721,728]],"type":"Polygon","properties":{"polygon_uuid":"a7148f65-59e3-4f41-bae2-0bab0608f196","land_type":200,"issue_year":2024,"edit_year":2020,"history":"[{\"筆ポリゴンID\":\"adad7204-b32b-4fae-b5f3-9ab44850eba7\",\"更新年度\":2023,\"前年同一\":true},[{\"筆ポリゴンID\":\"db483c62-f823-4bd4-9e2b-23760c639d3d\",\"更新年度\":2022,\"前年同一\":true},[{\"筆ポリゴンID\":\"4deaba91-4ec5-4dc6-b3f5-56577b240cb6\",\"更新年度\":2021,\"前年同一\":true},{\"筆ポリゴンID\":\"4deaba91-4ec5-4dc6-b3f5-56577b240cb6\",\"発生年度\":2020}]]]","last_polygon_uuid":"adad7204-b32b-4fae-b5f3-9ab44850eba7","prev_last_polygon_uuid":"db483c62-f823-4bd4-9e2b-23760c639d3d","local_government_cd":"016080","point_lng":142.914961496,"point_lat":42.152085174}},{"arcs":[[-674,729]],"type":"Polygon","properties":{"polygon_uuid":"4dff5d0f-0541-4a2e-aa68-8426f7741b34","land_type":200,"issue_year":2024,"edit_year":2020,"history":"[{\"筆ポリゴンID\":\"8c890585-223c-4470-956c-039436b9c784\",\"更新年度\":2023,\"前年同一\":true},[{\"筆ポリゴンID\":\"b0ca8035-3343-40f7-a0b9-da464eb686c8\",\"更新年度\":2022,\"前年同一\":true},[{\"筆ポリゴンID\":\"0db25d48-06f1-4470-b025-078435fb411c\",\"更新年度\":2021,\"前年同一\":true},{\"筆ポリゴンID\":\"0db25d48-06f1-4470-b025-078435fb411c\",\"発生年度\":2020}]]]","last_polygon_uuid":"8c890585-223c-4470-956c-039436b9c784","prev_last_polygon_uuid":"b0ca8035-3343-40f7-a0b9-da464eb686c8","local_government_cd":"016080","point_lng":142.955069991,"point_lat":42.15847441}},{"arcs":[[730]],"type":"Polygon","properties":{"polygon_uuid":"aba4d5f1-1a65-48e9-a5cb-6ff25359c455","land_type":200,"issue_year":2024,"edit_year":2020,"history":"[{\"筆ポリゴンID\":\"4c64fa6d-f3f8-4500-aa2a-64897e013f3c\",\"更新年度\":2023,\"前年同一\":true},[{\"筆ポリゴンID\":\"e2974bc1-0cac-467f-afb6-2a5c4de6aabe\",\"更新年度\":2022,\"前年同一\":true},[{\"筆ポリゴンID\":\"5e528aff-90e3-454a-bf64-24a05f137001\",\"更新年度\":2021,\"前年同一\":true},{\"筆ポリゴンID\":\"5e528aff-90e3-454a-bf64-24a05f137001\",\"発生年度\":2020}]]]","last_polygon_uuid":"4c64fa6d-f3f8-4500-aa2a-64897e013f3c","prev_last_polygon_uuid":"e2974bc1-0cac-467f-afb6-2a5c4de6aabe","local_government_cd":"016080","point_lng":142.956688498,"point_lat":42.128969628}},{"arcs":[[731]],"type":"Polygon","properties":{"polygon_uuid":"511ef14f-adf0-4c34-847b-136c8c0239ab","land_type":200,"issue_year":2024,"edit_year":2020,"history":"[{\"筆ポリゴンID\":\"f85ab86e-ec6e-4fd3-aede-aac9402db24f\",\"更新年度\":2023,\"前年同一\":true},[{\"筆ポリゴンID\":\"91ccdd43-8798-45a8-a8aa-bf34b19d04fc\",\"更新年度\":2022,\"前年同一\":true},[{\"筆ポリゴンID\":\"2193b787-46b6-4a77-8f61-e5e368f33ba2\",\"更新年度\":2021,\"前年同一\":true},{\"筆ポリゴンID\":\"2193b787-46b6-4a77-8f61-e5e368f33ba2\",\"発生年度\":2020}]]]","last_polygon_uuid":"f85ab86e-ec6e-4fd3-aede-aac9402db24f","prev_last_polygon_uuid":"91ccdd43-8798-45a8-a8aa-bf34b19d04fc","local_government_cd":"016080","point_lng":142.91954035,"point_lat":42.14239938}},{"arcs":[[732]],"type":"Polygon","properties":{"polygon_uuid":"c32e330b-f6f3-43c3-b67e-148afe409d03","land_type":200,"issue_year":2024,"edit_year":2022,"history":"[{\"筆ポリゴンID\":\"0927717a-9125-4fe5-afe3-565ecbb0a95b\",\"更新年度\":2023,\"前年同一\":true},[{\"筆ポリゴンID\":\"9d5ee092-dbba-4438-b32f-897af8167d91\",\"更新年度\":2022,\"関連\":true},[{\"筆ポリゴンID\":\"492a5245-9b6a-4337-b074-90a04780c82a\",\"更新年度\":2021,\"前年同一\":true},{\"筆ポリゴンID\":\"492a5245-9b6a-4337-b074-90a04780c82a\",\"発生年度\":2020}]]]","last_polygon_uuid":"0927717a-9125-4fe5-afe3-565ecbb0a95b","prev_last_polygon_uuid":null,"local_government_cd":"016080","point_lng":142.950174069,"point_lat":42.124339584}},{"arcs":[[733]],"type":"Polygon","properties":{"polygon_uuid":"ec9b6ef9-646a-4bb3-a212-de67f72b06f4","land_type":200,"issue_year":2024,"edit_year":2020,"history":"[{\"筆ポリゴンID\":\"fc29f432-dc27-45be-8153-fb978ee9a103\",\"更新年度\":2023,\"前年同一\":true},[{\"筆ポリゴンID\":\"80c3feea-2cfb-451e-8757-c26298bd7780\",\"更新年度\":2022,\"前年同一\":true},[{\"筆ポリゴンID\":\"3837eb23-d01b-4844-a16a-9e31eb4bea63\",\"更新年度\":2021,\"前年同一\":true},{\"筆ポリゴンID\":\"3837eb23-d01b-4844-a16a-9e31eb4bea63\",\"発生年度\":2020}]]]","last_polygon_uuid":"fc29f432-dc27-45be-8153-fb978ee9a103","prev_last_polygon_uuid":"80c3feea-2cfb-451e-8757-c26298bd7780","local_government_cd":"016080","point_lng":142.940570073,"point_lat":42.164377322}},{"arcs":[[734]],"type":"Polygon","properties":{"polygon_uuid":"6f0ae88a-aa18-4f12-8f34-be51930fce9b","land_type":200,"issue_year":2024,"edit_year":2020,"history":"[{\"筆ポリゴンID\":\"149b339e-913b-4f6f-b5d8-899772ce665c\",\"更新年度\":2023,\"前年同一\":true},[{\"筆ポリゴンID\":\"d2b73696-d37f-4948-b65d-3e667df83bbe\",\"更新年度\":2022,\"前年同一\":true},[{\"筆ポリゴンID\":\"352ec49c-3966-4e96-a1f6-05ea962e1bca\",\"更新年度\":2021,\"前年同一\":true},{\"筆ポリゴンID\":\"352ec49c-3966-4e96-a1f6-05ea962e1bca\",\"発生年度\":2020}]]]","last_polygon_uuid":"149b339e-913b-4f6f-b5d8-899772ce665c","prev_last_polygon_uuid":"d2b73696-d37f-4948-b65d-3e667df83bbe","local_government_cd":"016080","point_lng":142.948615562,"point_lat":42.125118016}},{"arcs":[[735]],"type":"Polygon","properties":{"polygon_uuid":"c2530171-125d-460b-8125-ebe7856eea27","land_type":200,"issue_year":2024,"edit_year":2020,"history":"[{\"筆ポリゴンID\":\"5fea0bbe-9894-4d57-b2b1-b11ec0fe72b8\",\"更新年度\":2023,\"前年同一\":true},[{\"筆ポリゴンID\":\"925f156c-bce1-4b02-9903-4af748b2a89d\",\"更新年度\":2022,\"前年同一\":true},[{\"筆ポリゴンID\":\"e8ca084f-256b-4d4d-a211-5309d90cd49c\",\"更新年度\":2021,\"前年同一\":true},{\"筆ポリゴンID\":\"e8ca084f-256b-4d4d-a211-5309d90cd49c\",\"発生年度\":2020}]]]","last_polygon_uuid":"5fea0bbe-9894-4d57-b2b1-b11ec0fe72b8","prev_last_polygon_uuid":"925f156c-bce1-4b02-9903-4af748b2a89d","local_government_cd":"016080","point_lng":142.95394562,"point_lat":42.159205555}},{"arcs":[[736]],"type":"Polygon","properties":{"polygon_uuid":"d54e8945-212d-4b2c-b324-c1220a444c4d","land_type":200,"issue_year":2024,"edit_year":2020,"history":"[{\"筆ポリゴンID\":\"98162d43-2243-47c9-bf78-3cb0af7bd93b\",\"更新年度\":2023,\"前年同一\":true},[{\"筆ポリゴンID\":\"d968479f-2f3a-454d-925c-19dcf7080dc7\",\"更新年度\":2022,\"前年同一\":true},[{\"筆ポリゴンID\":\"64e540eb-69c7-4f99-994e-a650e0de6322\",\"更新年度\":2021,\"前年同一\":true},{\"筆ポリゴンID\":\"64e540eb-69c7-4f99-994e-a650e0de6322\",\"発生年度\":2020}]]]","last_polygon_uuid":"98162d43-2243-47c9-bf78-3cb0af7bd93b","prev_last_polygon_uuid":"d968479f-2f3a-454d-925c-19dcf7080dc7","local_government_cd":"016080","point_lng":142.91562214,"point_lat":42.149517104}},{"arcs":[[737]],"type":"Polygon","properties":{"polygon_uuid":"bc9731e1-8f86-4dc5-be6c-7d68a20945ba","land_type":200,"issue_year":2024,"edit_year":2020,"history":"[{\"筆ポリゴンID\":\"827bd5c9-fc6a-4006-b771-b2f5648f0bc7\",\"更新年度\":2023,\"前年同一\":true},[{\"筆ポリゴンID\":\"25613abf-43d1-43de-8380-739e37cdfc16\",\"更新年度\":2022,\"前年同一\":true},[{\"筆ポリゴンID\":\"d58f933f-42ef-4d08-8d03-a8a21b0061d8\",\"更新年度\":2021,\"前年同一\":true},{\"筆ポリゴンID\":\"d58f933f-42ef-4d08-8d03-a8a21b0061d8\",\"発生年度\":2020}]]]","last_polygon_uuid":"827bd5c9-fc6a-4006-b771-b2f5648f0bc7","prev_last_polygon_uuid":"25613abf-43d1-43de-8380-739e37cdfc16","local_government_cd":"016080","point_lng":142.947317612,"point_lat":42.125351455}},{"arcs":[[738]],"type":"Polygon","properties":{"polygon_uuid":"6e2f6f6a-9f7b-49f5-b50d-0d40887fe55d","land_type":200,"issue_year":2024,"edit_year":2020,"history":"[{\"筆ポリゴンID\":\"9d91135b-f5d3-4779-bd32-efe29d949b90\",\"更新年度\":2023,\"前年同一\":true},[{\"筆ポリゴンID\":\"30b7c595-8d92-4137-a21c-83e243a5c817\",\"更新年度\":2022,\"前年同一\":true},[{\"筆ポリゴンID\":\"14ec8dc2-10c9-494a-93c5-bb52280abf44\",\"更新年度\":2021,\"前年同一\":true},{\"筆ポリゴンID\":\"14ec8dc2-10c9-494a-93c5-bb52280abf44\",\"発生年度\":2020}]]]","last_polygon_uuid":"9d91135b-f5d3-4779-bd32-efe29d949b90","prev_last_polygon_uuid":"30b7c595-8d92-4137-a21c-83e243a5c817","local_government_cd":"016080","point_lng":142.943734823,"point_lat":42.165790895}},{"arcs":[[739]],"type":"Polygon","properties":{"polygon_uuid":"be140be0-e744-46a0-a5c5-9368fdcbcc2e","land_type":200,"issue_year":2024,"edit_year":2020,"history":"[{\"筆ポリゴンID\":\"8d2f120e-0534-46e7-8d9c-5294a5a98171\",\"更新年度\":2023,\"前年同一\":true},[{\"筆ポリゴンID\":\"13a1c78f-6866-4ee7-a53c-de3c0e5d523b\",\"更新年度\":2022,\"前年同一\":true},[{\"筆ポリゴンID\":\"c5b107bf-f751-46bd-9d4a-f57ccdfc9663\",\"更新年度\":2021,\"前年同一\":true},{\"筆ポリゴンID\":\"c5b107bf-f751-46bd-9d4a-f57ccdfc9663\",\"発生年度\":2020}]]]","last_polygon_uuid":"8d2f120e-0534-46e7-8d9c-5294a5a98171","prev_last_polygon_uuid":"13a1c78f-6866-4ee7-a53c-de3c0e5d523b","local_government_cd":"016080","point_lng":142.948502903,"point_lat":42.16402045}},{"arcs":[[740]],"type":"Polygon","properties":{"polygon_uuid":"516242a2-05a7-4d4b-94d5-93a1c528627d","land_type":200,"issue_year":2024,"edit_year":2020,"history":"[{\"筆ポリゴンID\":\"e4a9631f-a52f-48a6-bb98-e550bd5f00aa\",\"更新年度\":2023,\"前年同一\":true},[{\"筆ポリゴンID\":\"27bb088d-0bb7-4a21-8721-0f3fcee8f3ca\",\"更新年度\":2022,\"前年同一\":true},[{\"筆ポリゴンID\":\"d9ff8e03-eace-42c3-b81c-5c7ce5483d13\",\"更新年度\":2021,\"前年同一\":true},{\"筆ポリゴンID\":\"d9ff8e03-eace-42c3-b81c-5c7ce5483d13\",\"発生年度\":2020}]]]","last_polygon_uuid":"e4a9631f-a52f-48a6-bb98-e550bd5f00aa","prev_last_polygon_uuid":"27bb088d-0bb7-4a21-8721-0f3fcee8f3ca","local_government_cd":"016080","point_lng":142.953522964,"point_lat":42.160383114}},{"arcs":[[741,742,743,744]],"type":"Polygon","properties":{"polygon_uuid":"890c2dff-819f-498f-a44a-d400c8c58c9e","land_type":100,"issue_year":2024,"edit_year":2020,"history":"[{\"筆ポリゴンID\":\"fd9eaaf5-d7df-43c0-a3f7-5a4145f56bd7\",\"更新年度\":2023,\"前年同一\":true},[{\"筆ポリゴンID\":\"662b0144-3601-4bad-be06-c13988e41ef3\",\"更新年度\":2022,\"前年同一\":true},[{\"筆ポリゴンID\":\"7cc83298-feb8-4813-9616-e831c03592cc\",\"更新年度\":2021,\"前年同一\":true},{\"筆ポリゴンID\":\"7cc83298-feb8-4813-9616-e831c03592cc\",\"発生年度\":2020}]]]","last_polygon_uuid":"fd9eaaf5-d7df-43c0-a3f7-5a4145f56bd7","prev_last_polygon_uuid":"662b0144-3601-4bad-be06-c13988e41ef3","local_government_cd":"016080","point_lng":142.94690825,"point_lat":42.146924554}},{"arcs":[[745]],"type":"Polygon","properties":{"polygon_uuid":"0ab2d089-9c8e-49e9-9a58-f26515ea3533","land_type":200,"issue_year":2024,"edit_year":2020,"history":"[{\"筆ポリゴンID\":\"3c2158fe-2172-4a52-b921-fd8fa0de6870\",\"更新年度\":2023,\"前年同一\":true},[{\"筆ポリゴンID\":\"bd68dd5a-3ab6-4183-8d7a-f198f87922cb\",\"更新年度\":2022,\"前年同一\":true},[{\"筆ポリゴンID\":\"99576753-7a53-442d-ab80-2aeedb25718d\",\"更新年度\":2021,\"前年同一\":true},{\"筆ポリゴンID\":\"99576753-7a53-442d-ab80-2aeedb25718d\",\"発生年度\":2020}]]]","last_polygon_uuid":"3c2158fe-2172-4a52-b921-fd8fa0de6870","prev_last_polygon_uuid":"bd68dd5a-3ab6-4183-8d7a-f198f87922cb","local_government_cd":"016080","point_lng":142.917049459,"point_lat":42.144056111}},{"arcs":[[746]],"type":"Polygon","properties":{"polygon_uuid":"1293e9a3-159c-47b2-811d-7cba4b9ad0cf","land_type":200,"issue_year":2024,"edit_year":2020,"history":"[{\"筆ポリゴンID\":\"4577f577-ab4d-4803-993c-7549b13b6530\",\"更新年度\":2023,\"前年同一\":true},[{\"筆ポリゴンID\":\"ad7d50e7-4ce8-4fe4-9f2b-c3888a275c18\",\"更新年度\":2022,\"前年同一\":true},[{\"筆ポリゴンID\":\"4f422757-bf3b-42b4-a5ff-0e9fc0e6ba88\",\"更新年度\":2021,\"前年同一\":true},{\"筆ポリゴンID\":\"4f422757-bf3b-42b4-a5ff-0e9fc0e6ba88\",\"発生年度\":2020}]]]","last_polygon_uuid":"4577f577-ab4d-4803-993c-7549b13b6530","prev_last_polygon_uuid":"ad7d50e7-4ce8-4fe4-9f2b-c3888a275c18","local_government_cd":"016080","point_lng":142.952138719,"point_lat":42.137415702}},{"arcs":[[747,748]],"type":"Polygon","properties":{"polygon_uuid":"45ec7417-6a11-490c-8243-fa28e66f9c9a","land_type":200,"issue_year":2024,"edit_year":2020,"history":"[{\"筆ポリゴンID\":\"c5da3d53-2780-4846-9db9-afdfd773bf30\",\"更新年度\":2023,\"前年同一\":true},[{\"筆ポリゴンID\":\"e7e19af2-17ee-48d7-af32-cd16573ef088\",\"更新年度\":2022,\"前年同一\":true},[{\"筆ポリゴンID\":\"60541b06-583e-49e6-aa8d-e51fa6ed7320\",\"更新年度\":2021,\"前年同一\":true},{\"筆ポリゴンID\":\"60541b06-583e-49e6-aa8d-e51fa6ed7320\",\"発生年度\":2020}]]]","last_polygon_uuid":"c5da3d53-2780-4846-9db9-afdfd773bf30","prev_last_polygon_uuid":"e7e19af2-17ee-48d7-af32-cd16573ef088","local_government_cd":"016080","point_lng":142.947715528,"point_lat":42.141692161}},{"arcs":[[749]],"type":"Polygon","properties":{"polygon_uuid":"b988b82d-2c20-4319-83ff-2bbc0fb5d806","land_type":200,"issue_year":2024,"edit_year":2020,"history":"[{\"筆ポリゴンID\":\"cc37a89c-2297-49f3-b397-da525d2dc175\",\"更新年度\":2023,\"前年同一\":true},[{\"筆ポリゴンID\":\"036ffadf-f264-4263-9bb5-3cbce3a63331\",\"更新年度\":2022,\"前年同一\":true},[{\"筆ポリゴンID\":\"b114b1ac-1250-4348-a1c2-33e56d5586ee\",\"更新年度\":2021,\"前年同一\":true},{\"筆ポリゴンID\":\"b114b1ac-1250-4348-a1c2-33e56d5586ee\",\"発生年度\":2020}]]]","last_polygon_uuid":"cc37a89c-2297-49f3-b397-da525d2dc175","prev_last_polygon_uuid":"036ffadf-f264-4263-9bb5-3cbce3a63331","local_government_cd":"016080","point_lng":142.950856237,"point_lat":42.159641003}},{"arcs":[[750]],"type":"Polygon","properties":{"polygon_uuid":"b975df4f-3b72-4b2b-99d2-fb0b3aaa78ff","land_type":200,"issue_year":2024,"edit_year":2020,"history":"[{\"筆ポリゴンID\":\"ef82b115-e55e-461f-89e1-4d972c002d76\",\"更新年度\":2023,\"前年同一\":true},[{\"筆ポリゴンID\":\"ab375775-87b4-4964-bb66-b044ebdc3a7a\",\"更新年度\":2022,\"前年同一\":true},[{\"筆ポリゴンID\":\"0612eded-1bc8-4064-99f4-b96d541b9359\",\"更新年度\":2021,\"前年同一\":true},{\"筆ポリゴンID\":\"0612eded-1bc8-4064-99f4-b96d541b9359\",\"発生年度\":2020}]]]","last_polygon_uuid":"ef82b115-e55e-461f-89e1-4d972c002d76","prev_last_polygon_uuid":"ab375775-87b4-4964-bb66-b044ebdc3a7a","local_government_cd":"016080","point_lng":142.916639811,"point_lat":42.146165838}},{"arcs":[[751]],"type":"Polygon","properties":{"polygon_uuid":"7304f083-79ea-45e0-9f0e-22883b125706","land_type":200,"issue_year":2024,"edit_year":2020,"history":"[{\"筆ポリゴンID\":\"a5d74342-be96-4036-8f1e-fe7acd797f8e\",\"更新年度\":2023,\"前年同一\":true},[{\"筆ポリゴンID\":\"9ddb05eb-4c2a-4cf9-a08c-48dca8bf0ab6\",\"更新年度\":2022,\"前年同一\":true},[{\"筆ポリゴンID\":\"5ce97be1-e11a-480b-a0d8-09956342bb34\",\"更新年度\":2021,\"前年同一\":true},{\"筆ポリゴンID\":\"5ce97be1-e11a-480b-a0d8-09956342bb34\",\"発生年度\":2020}]]]","last_polygon_uuid":"a5d74342-be96-4036-8f1e-fe7acd797f8e","prev_last_polygon_uuid":"9ddb05eb-4c2a-4cf9-a08c-48dca8bf0ab6","local_government_cd":"016080","point_lng":142.952943772,"point_lat":42.159629383}},{"arcs":[[752]],"type":"Polygon","properties":{"polygon_uuid":"6510ee7d-119b-4f98-8b1c-bee9f8225ebb","land_type":200,"issue_year":2024,"edit_year":2020,"history":"[{\"筆ポリゴンID\":\"bb5bf036-6aef-41f3-be90-6e4c9789bb13\",\"更新年度\":2023,\"前年同一\":true},[{\"筆ポリゴンID\":\"96240d95-4c4e-4329-89cc-84fc28ca4c98\",\"更新年度\":2022,\"前年同一\":true},[{\"筆ポリゴンID\":\"b50d22e2-bb2e-4c92-8941-51722f4a628a\",\"更新年度\":2021,\"前年同一\":true},{\"筆ポリゴンID\":\"b50d22e2-bb2e-4c92-8941-51722f4a628a\",\"発生年度\":2020}]]]","last_polygon_uuid":"bb5bf036-6aef-41f3-be90-6e4c9789bb13","prev_last_polygon_uuid":"96240d95-4c4e-4329-89cc-84fc28ca4c98","local_government_cd":"016080","point_lng":142.941636384,"point_lat":42.163844329}},{"arcs":[[753]],"type":"Polygon","properties":{"polygon_uuid":"ad21ad51-f753-4abe-a5f3-75bb12a2bb85","land_type":200,"issue_year":2024,"edit_year":2020,"history":"[{\"筆ポリゴンID\":\"549ebe39-633f-4942-a24a-45a32b089fda\",\"更新年度\":2023,\"前年同一\":true},[{\"筆ポリゴンID\":\"8669f5d2-addf-42c9-9770-2e4c6e6857f7\",\"更新年度\":2022,\"前年同一\":true},[{\"筆ポリゴンID\":\"0936c9c8-cbb9-4e87-8941-d89a78b48129\",\"更新年度\":2021,\"前年同一\":true},{\"筆ポリゴンID\":\"0936c9c8-cbb9-4e87-8941-d89a78b48129\",\"発生年度\":2020}]]]","last_polygon_uuid":"549ebe39-633f-4942-a24a-45a32b089fda","prev_last_polygon_uuid":"8669f5d2-addf-42c9-9770-2e4c6e6857f7","local_government_cd":"016080","point_lng":142.911166214,"point_lat":42.154384367}},{"arcs":[[754]],"type":"Polygon","properties":{"polygon_uuid":"76c7c425-2ea0-4e4f-89af-a9b31641185d","land_type":200,"issue_year":2024,"edit_year":2020,"history":"[{\"筆ポリゴンID\":\"597e0e05-1d8f-4173-ab95-43d0a1d8b170\",\"更新年度\":2023,\"前年同一\":true},[{\"筆ポリゴンID\":\"3521a09c-6f7e-4914-b983-06512b1fd5d8\",\"更新年度\":2022,\"前年同一\":true},[{\"筆ポリゴンID\":\"ee0ef97b-f962-4527-8f5e-38151ca34daa\",\"更新年度\":2021,\"前年同一\":true},{\"筆ポリゴンID\":\"ee0ef97b-f962-4527-8f5e-38151ca34daa\",\"発生年度\":2020}]]]","last_polygon_uuid":"597e0e05-1d8f-4173-ab95-43d0a1d8b170","prev_last_polygon_uuid":"3521a09c-6f7e-4914-b983-06512b1fd5d8","local_government_cd":"016080","point_lng":142.912211877,"point_lat":42.15400914}},{"arcs":[[755]],"type":"Polygon","properties":{"polygon_uuid":"445913a6-dbeb-4459-aa98-1b92b8faa249","land_type":200,"issue_year":2024,"edit_year":2020,"history":"[{\"筆ポリゴンID\":\"5387ef95-f0e2-42f3-abe4-a3dfc694fb1a\",\"更新年度\":2023,\"前年同一\":true},[{\"筆ポリゴンID\":\"00296a9e-06c4-4f05-abed-760159e4df3a\",\"更新年度\":2022,\"前年同一\":true},[{\"筆ポリゴンID\":\"ea6d46da-26cd-479d-8f45-2e807e6f6f27\",\"更新年度\":2021,\"前年同一\":true},{\"筆ポリゴンID\":\"ea6d46da-26cd-479d-8f45-2e807e6f6f27\",\"発生年度\":2020}]]]","last_polygon_uuid":"5387ef95-f0e2-42f3-abe4-a3dfc694fb1a","prev_last_polygon_uuid":"00296a9e-06c4-4f05-abed-760159e4df3a","local_government_cd":"016080","point_lng":142.942536141,"point_lat":42.166374029}},{"arcs":[[756]],"type":"Polygon","properties":{"polygon_uuid":"9319e646-1024-44df-9e55-c57d5e5e80bc","land_type":200,"issue_year":2024,"edit_year":2020,"history":"[{\"筆ポリゴンID\":\"afe10cf6-d1c5-4a37-b21c-39e603922403\",\"更新年度\":2023,\"前年同一\":true},[{\"筆ポリゴンID\":\"1b7b8431-16d3-4bc9-814b-437af8ad1e6d\",\"更新年度\":2022,\"前年同一\":true},[{\"筆ポリゴンID\":\"267db5ef-e56c-49cf-90df-62ac034f85ca\",\"更新年度\":2021,\"前年同一\":true},{\"筆ポリゴンID\":\"267db5ef-e56c-49cf-90df-62ac034f85ca\",\"発生年度\":2020}]]]","last_polygon_uuid":"afe10cf6-d1c5-4a37-b21c-39e603922403","prev_last_polygon_uuid":"1b7b8431-16d3-4bc9-814b-437af8ad1e6d","local_government_cd":"016080","point_lng":142.912007039,"point_lat":42.152208717}},{"arcs":[[757]],"type":"Polygon","properties":{"polygon_uuid":"5cd25a47-5149-40f9-a2c5-51dc05f02dd3","land_type":200,"issue_year":2024,"edit_year":2020,"history":"[{\"筆ポリゴンID\":\"97e69329-36dc-4a5a-877a-e1d44fb761d2\",\"更新年度\":2023,\"前年同一\":true},[{\"筆ポリゴンID\":\"a6e6ee7b-27c3-4192-bbde-f6139b3bc6dd\",\"更新年度\":2022,\"前年同一\":true},[{\"筆ポリゴンID\":\"bd3a8fc0-21a0-4059-aa89-9181c6a6d1bc\",\"更新年度\":2021,\"前年同一\":true},{\"筆ポリゴンID\":\"bd3a8fc0-21a0-4059-aa89-9181c6a6d1bc\",\"発生年度\":2020}]]]","last_polygon_uuid":"97e69329-36dc-4a5a-877a-e1d44fb761d2","prev_last_polygon_uuid":"a6e6ee7b-27c3-4192-bbde-f6139b3bc6dd","local_government_cd":"016080","point_lng":142.915577865,"point_lat":42.145122269}},{"arcs":[[758]],"type":"Polygon","properties":{"polygon_uuid":"72046fce-3839-4173-b3ca-8044f3180c56","land_type":200,"issue_year":2024,"edit_year":2020,"history":"[{\"筆ポリゴンID\":\"cb7e67b9-6709-4b99-845a-8f6408e453b1\",\"更新年度\":2023,\"前年同一\":true},[{\"筆ポリゴンID\":\"b7f8d407-9991-4ae4-aab9-f059657ea3a8\",\"更新年度\":2022,\"前年同一\":true},[{\"筆ポリゴンID\":\"0d7d0570-3c99-40f7-ae3c-4c79a1db8742\",\"更新年度\":2021,\"前年同一\":true},{\"筆ポリゴンID\":\"0d7d0570-3c99-40f7-ae3c-4c79a1db8742\",\"発生年度\":2020}]]]","last_polygon_uuid":"cb7e67b9-6709-4b99-845a-8f6408e453b1","prev_last_polygon_uuid":"b7f8d407-9991-4ae4-aab9-f059657ea3a8","local_government_cd":"016080","point_lng":142.911226142,"point_lat":42.155459151}},{"arcs":[[759]],"type":"Polygon","properties":{"polygon_uuid":"f13c6ae6-deb1-463f-a9d4-f981c9e4d9d9","land_type":200,"issue_year":2024,"edit_year":2020,"history":"[{\"筆ポリゴンID\":\"9f67827e-974f-468e-a9c6-c4ba803a5cab\",\"更新年度\":2023,\"前年同一\":true},[{\"筆ポリゴンID\":\"94f307b5-75b8-453f-8a7d-fd1bd318ecfc\",\"更新年度\":2022,\"前年同一\":true},[{\"筆ポリゴンID\":\"b4d04e5b-7fac-4eea-b534-2a27595abbcd\",\"更新年度\":2021,\"前年同一\":true},{\"筆ポリゴンID\":\"b4d04e5b-7fac-4eea-b534-2a27595abbcd\",\"発生年度\":2020}]]]","last_polygon_uuid":"9f67827e-974f-468e-a9c6-c4ba803a5cab","prev_last_polygon_uuid":"94f307b5-75b8-453f-8a7d-fd1bd318ecfc","local_government_cd":"016080","point_lng":142.952438969,"point_lat":42.153815526}},{"arcs":[[760]],"type":"Polygon","properties":{"polygon_uuid":"e55d84d3-3f6a-4801-afe2-cbca3e352ffc","land_type":200,"issue_year":2024,"edit_year":2020,"history":"[{\"筆ポリゴンID\":\"98f5a3b4-fbc8-4c57-ab4b-a8b9d5f71af4\",\"更新年度\":2023,\"前年同一\":true},[{\"筆ポリゴンID\":\"8280479d-5dc5-43f3-aabe-72536a04a433\",\"更新年度\":2022,\"前年同一\":true},[{\"筆ポリゴンID\":\"f39f433e-94bd-47af-b345-8735d7010bdb\",\"更新年度\":2021,\"前年同一\":true},{\"筆ポリゴンID\":\"f39f433e-94bd-47af-b345-8735d7010bdb\",\"発生年度\":2020}]]]","last_polygon_uuid":"98f5a3b4-fbc8-4c57-ab4b-a8b9d5f71af4","prev_last_polygon_uuid":"8280479d-5dc5-43f3-aabe-72536a04a433","local_government_cd":"016080","point_lng":142.962167178,"point_lat":42.126713626}},{"arcs":[[761]],"type":"Polygon","properties":{"polygon_uuid":"5290ac93-9884-4b22-9343-50af16342946","land_type":200,"issue_year":2024,"edit_year":2020,"history":"[{\"筆ポリゴンID\":\"8d3b5271-467f-4b63-a2fd-6fc95c9f13eb\",\"更新年度\":2023,\"前年同一\":true},[{\"筆ポリゴンID\":\"c96956d3-de12-4455-8d91-aa294ed07539\",\"更新年度\":2022,\"前年同一\":true},[{\"筆ポリゴンID\":\"26a3934f-5465-41bb-91e3-51e5c363a912\",\"更新年度\":2021,\"前年同一\":true},{\"筆ポリゴンID\":\"26a3934f-5465-41bb-91e3-51e5c363a912\",\"発生年度\":2020}]]]","last_polygon_uuid":"8d3b5271-467f-4b63-a2fd-6fc95c9f13eb","prev_last_polygon_uuid":"c96956d3-de12-4455-8d91-aa294ed07539","local_government_cd":"016080","point_lng":142.954530082,"point_lat":42.164352979}},{"arcs":[[762]],"type":"Polygon","properties":{"polygon_uuid":"2090ba65-5f91-416d-8a68-59324a8301b0","land_type":200,"issue_year":2024,"edit_year":2020,"history":"[{\"筆ポリゴンID\":\"6bd5ff7b-cd55-47a2-93cb-651c44b3deae\",\"更新年度\":2023,\"前年同一\":true},[{\"筆ポリゴンID\":\"a0e6b96d-cd09-4305-8916-eb16424c6e6c\",\"更新年度\":2022,\"前年同一\":true},[{\"筆ポリゴンID\":\"ddc4ef6c-3b99-462d-82d8-85d50665df64\",\"更新年度\":2021,\"前年同一\":true},{\"筆ポリゴンID\":\"ddc4ef6c-3b99-462d-82d8-85d50665df64\",\"発生年度\":2020}]]]","last_polygon_uuid":"6bd5ff7b-cd55-47a2-93cb-651c44b3deae","prev_last_polygon_uuid":"a0e6b96d-cd09-4305-8916-eb16424c6e6c","local_government_cd":"016080","point_lng":142.906993684,"point_lat":42.138542981}},{"arcs":[[763,-667,764]],"type":"Polygon","properties":{"polygon_uuid":"52bde284-ed9f-45a2-a435-35c0f3a3fde8","land_type":200,"issue_year":2024,"edit_year":2020,"history":"[{\"筆ポリゴンID\":\"746b9f07-2fc2-4de6-a4f6-1fd4dac51db1\",\"更新年度\":2023,\"前年同一\":true},[{\"筆ポリゴンID\":\"20d2db11-6e69-4e16-a6e7-2b42bd526d6f\",\"更新年度\":2022,\"前年同一\":true},[{\"筆ポリゴンID\":\"d3bad008-a0a9-403d-89c4-638262d51ab2\",\"更新年度\":2021,\"前年同一\":true},{\"筆ポリゴンID\":\"d3bad008-a0a9-403d-89c4-638262d51ab2\",\"発生年度\":2020}]]]","last_polygon_uuid":"746b9f07-2fc2-4de6-a4f6-1fd4dac51db1","prev_last_polygon_uuid":"20d2db11-6e69-4e16-a6e7-2b42bd526d6f","local_government_cd":"016080","point_lng":142.952347524,"point_lat":42.165424445}},{"arcs":[[765]],"type":"Polygon","properties":{"polygon_uuid":"50e4a950-7d3b-4804-ba49-1931cd684377","land_type":200,"issue_year":2024,"edit_year":2020,"history":"[{\"筆ポリゴンID\":\"be0dae14-31af-41ff-a82d-bb83b384e3d3\",\"更新年度\":2023,\"前年同一\":true},[{\"筆ポリゴンID\":\"64fc7aeb-e743-4cce-960b-a5a9e201f7ab\",\"更新年度\":2022,\"前年同一\":true},[{\"筆ポリゴンID\":\"c50aa182-a9e5-4c8b-9a0f-34d51ca8865a\",\"更新年度\":2021,\"前年同一\":true},{\"筆ポリゴンID\":\"c50aa182-a9e5-4c8b-9a0f-34d51ca8865a\",\"発生年度\":2020}]]]","last_polygon_uuid":"be0dae14-31af-41ff-a82d-bb83b384e3d3","prev_last_polygon_uuid":"64fc7aeb-e743-4cce-960b-a5a9e201f7ab","local_government_cd":"016080","point_lng":142.912210586,"point_lat":42.151580876}},{"arcs":[[766]],"type":"Polygon","properties":{"polygon_uuid":"33dc5142-2f81-44d5-99ec-02346676f25f","land_type":200,"issue_year":2024,"edit_year":2020,"history":"[{\"筆ポリゴンID\":\"6e266746-1204-4cb4-99b5-bd55af34adcf\",\"更新年度\":2023,\"前年同一\":true},[{\"筆ポリゴンID\":\"cd1d7fb5-314d-4fd7-a86b-fea69a43176b\",\"更新年度\":2022,\"前年同一\":true},[{\"筆ポリゴンID\":\"a4bb712a-6df9-4a60-9d86-f3fd9c5f4cfe\",\"更新年度\":2021,\"前年同一\":true},{\"筆ポリゴンID\":\"a4bb712a-6df9-4a60-9d86-f3fd9c5f4cfe\",\"発生年度\":2020}]]]","last_polygon_uuid":"6e266746-1204-4cb4-99b5-bd55af34adcf","prev_last_polygon_uuid":"cd1d7fb5-314d-4fd7-a86b-fea69a43176b","local_government_cd":"016080","point_lng":142.956117871,"point_lat":42.16697592}},{"arcs":[[767,768]],"type":"Polygon","properties":{"polygon_uuid":"ef496116-20ee-41ae-a828-4c5f79041de3","land_type":200,"issue_year":2024,"edit_year":2020,"history":"[{\"筆ポリゴンID\":\"f4c1fdb1-3a21-439d-87e5-cb6da0416e54\",\"更新年度\":2023,\"前年同一\":true},[{\"筆ポリゴンID\":\"7809d02f-05d1-4175-b118-a42fdc7e2883\",\"更新年度\":2022,\"前年同一\":true},[{\"筆ポリゴンID\":\"4c2b4cfa-ae04-4277-8e27-6df910b28983\",\"更新年度\":2021,\"前年同一\":true},{\"筆ポリゴンID\":\"4c2b4cfa-ae04-4277-8e27-6df910b28983\",\"発生年度\":2020}]]]","last_polygon_uuid":"f4c1fdb1-3a21-439d-87e5-cb6da0416e54","prev_last_polygon_uuid":"7809d02f-05d1-4175-b118-a42fdc7e2883","local_government_cd":"016080","point_lng":142.908708123,"point_lat":42.150455276}},{"arcs":[[769]],"type":"Polygon","properties":{"polygon_uuid":"b5151213-a901-4208-82dc-4471b5c97bb1","land_type":200,"issue_year":2024,"edit_year":2020,"history":"[{\"筆ポリゴンID\":\"d3bbbb82-9b20-4061-9b66-3abe2a1538bc\",\"更新年度\":2023,\"前年同一\":true},[{\"筆ポリゴンID\":\"c9519791-4c4f-41b5-8464-6d35089775de\",\"更新年度\":2022,\"前年同一\":true},[{\"筆ポリゴンID\":\"eba9a50d-690f-4c81-8023-a99443e70092\",\"更新年度\":2021,\"前年同一\":true},{\"筆ポリゴンID\":\"eba9a50d-690f-4c81-8023-a99443e70092\",\"発生年度\":2020}]]]","last_polygon_uuid":"d3bbbb82-9b20-4061-9b66-3abe2a1538bc","prev_last_polygon_uuid":"c9519791-4c4f-41b5-8464-6d35089775de","local_government_cd":"016080","point_lng":142.935898966,"point_lat":42.145285918}},{"arcs":[[770]],"type":"Polygon","properties":{"polygon_uuid":"01adc9bf-2b14-4bd3-b669-dd5fafcddb19","land_type":200,"issue_year":2024,"edit_year":2020,"history":"[{\"筆ポリゴンID\":\"983783e7-df9a-4585-a334-2383ff5ae09b\",\"更新年度\":2023,\"前年同一\":true},[{\"筆ポリゴンID\":\"9c31db97-93b5-4c7a-a283-fdf78a797474\",\"更新年度\":2022,\"前年同一\":true},[{\"筆ポリゴンID\":\"e792f93b-e8a7-48a9-b50e-1f13e4fe62b3\",\"更新年度\":2021,\"前年同一\":true},{\"筆ポリゴンID\":\"e792f93b-e8a7-48a9-b50e-1f13e4fe62b3\",\"発生年度\":2020}]]]","last_polygon_uuid":"983783e7-df9a-4585-a334-2383ff5ae09b","prev_last_polygon_uuid":"9c31db97-93b5-4c7a-a283-fdf78a797474","local_government_cd":"016080","point_lng":142.950744978,"point_lat":42.166588875}},{"arcs":[[771,772,773]],"type":"Polygon","properties":{"polygon_uuid":"5d04acac-c93c-4f75-aa61-10ff858c6313","land_type":200,"issue_year":2024,"edit_year":2020,"history":"[{\"筆ポリゴンID\":\"c25ef18e-5144-4f37-ae53-4f81062bf85a\",\"更新年度\":2023,\"前年同一\":true},[{\"筆ポリゴンID\":\"c8fbc22e-19fc-405d-8c0c-a530949c6717\",\"更新年度\":2022,\"前年同一\":true},[{\"筆ポリゴンID\":\"7755e57c-e65a-4125-a836-2bb5dc80181a\",\"更新年度\":2021,\"前年同一\":true},{\"筆ポリゴンID\":\"7755e57c-e65a-4125-a836-2bb5dc80181a\",\"発生年度\":2020}]]]","last_polygon_uuid":"c25ef18e-5144-4f37-ae53-4f81062bf85a","prev_last_polygon_uuid":"c8fbc22e-19fc-405d-8c0c-a530949c6717","local_government_cd":"016080","point_lng":142.95201032,"point_lat":42.155380255}},{"arcs":[[774]],"type":"Polygon","properties":{"polygon_uuid":"97f18d77-8f1a-4d08-9ad5-a9276124d3ef","land_type":200,"issue_year":2024,"edit_year":2020,"history":"[{\"筆ポリゴンID\":\"88a0a00a-4802-4764-bb63-c17b941ac0d9\",\"更新年度\":2023,\"前年同一\":true},[{\"筆ポリゴンID\":\"49b2ab10-c29c-4fc8-bcb2-18652455cd56\",\"更新年度\":2022,\"前年同一\":true},[{\"筆ポリゴンID\":\"e91a513e-17b6-429a-809e-e798d049db8b\",\"更新年度\":2021,\"前年同一\":true},{\"筆ポリゴンID\":\"e91a513e-17b6-429a-809e-e798d049db8b\",\"発生年度\":2020}]]]","last_polygon_uuid":"88a0a00a-4802-4764-bb63-c17b941ac0d9","prev_last_polygon_uuid":"49b2ab10-c29c-4fc8-bcb2-18652455cd56","local_government_cd":"016080","point_lng":142.913082339,"point_lat":42.161296551}},{"arcs":[[775]],"type":"Polygon","properties":{"polygon_uuid":"b57071e9-16a8-4dfc-b559-df092c6c8661","land_type":200,"issue_year":2024,"edit_year":2020,"history":"[{\"筆ポリゴンID\":\"e503b5e5-91e8-4163-b54e-1e53c31040aa\",\"更新年度\":2023,\"前年同一\":true},[{\"筆ポリゴンID\":\"3bb4e8c7-f86e-4814-bacc-1f876ac187d2\",\"更新年度\":2022,\"前年同一\":true},[{\"筆ポリゴンID\":\"6bda35ce-1aa6-49ac-b79b-9d574924c1eb\",\"更新年度\":2021,\"前年同一\":true},{\"筆ポリゴンID\":\"6bda35ce-1aa6-49ac-b79b-9d574924c1eb\",\"発生年度\":2020}]]]","last_polygon_uuid":"e503b5e5-91e8-4163-b54e-1e53c31040aa","prev_last_polygon_uuid":"3bb4e8c7-f86e-4814-bacc-1f876ac187d2","local_government_cd":"016080","point_lng":142.912944244,"point_lat":42.153185938}},{"arcs":[[776]],"type":"Polygon","properties":{"polygon_uuid":"9b982d21-73e8-40f0-a74c-7e04781fb884","land_type":200,"issue_year":2024,"edit_year":2020,"history":"[{\"筆ポリゴンID\":\"db805cfe-db14-48e7-bf2b-540fb208340f\",\"更新年度\":2023,\"前年同一\":true},[{\"筆ポリゴンID\":\"66cad35a-868e-453a-addd-bbc25d98e88c\",\"更新年度\":2022,\"前年同一\":true},[{\"筆ポリゴンID\":\"70d6303e-5395-4d4f-858a-cac40bed3b4e\",\"更新年度\":2021,\"前年同一\":true},{\"筆ポリゴンID\":\"70d6303e-5395-4d4f-858a-cac40bed3b4e\",\"発生年度\":2020}]]]","last_polygon_uuid":"db805cfe-db14-48e7-bf2b-540fb208340f","prev_last_polygon_uuid":"66cad35a-868e-453a-addd-bbc25d98e88c","local_government_cd":"016080","point_lng":142.959552222,"point_lat":42.127193529}},{"arcs":[[777]],"type":"Polygon","properties":{"polygon_uuid":"083a9fd8-92a2-4c88-b617-716ebdeaa511","land_type":200,"issue_year":2024,"edit_year":2020,"history":"[{\"筆ポリゴンID\":\"18940974-515e-4b9a-85d7-836a28ff82d3\",\"更新年度\":2023,\"前年同一\":true},[{\"筆ポリゴンID\":\"257f52ee-9ab1-4748-af36-6bb07fcee5b3\",\"更新年度\":2022,\"前年同一\":true},[{\"筆ポリゴンID\":\"8ff42eca-218a-467a-be18-939d2bc0cb1f\",\"更新年度\":2021,\"前年同一\":true},{\"筆ポリゴンID\":\"8ff42eca-218a-467a-be18-939d2bc0cb1f\",\"発生年度\":2020}]]]","last_polygon_uuid":"18940974-515e-4b9a-85d7-836a28ff82d3","prev_last_polygon_uuid":"257f52ee-9ab1-4748-af36-6bb07fcee5b3","local_government_cd":"016080","point_lng":142.953100173,"point_lat":42.166332658}},{"arcs":[[778]],"type":"Polygon","properties":{"polygon_uuid":"2b37178d-1c4c-44b0-add4-ffe37495b1e2","land_type":200,"issue_year":2024,"edit_year":2020,"history":"[{\"筆ポリゴンID\":\"5ec8e483-8cbb-4d91-ad2e-b81692c65aec\",\"更新年度\":2023,\"前年同一\":true},[{\"筆ポリゴンID\":\"a658f0cc-6c1d-46b9-a60a-ec8c3ee5e402\",\"更新年度\":2022,\"前年同一\":true},[{\"筆ポリゴンID\":\"94201bf4-e0b8-4239-ab6d-a6886c734cd9\",\"更新年度\":2021,\"前年同一\":true},{\"筆ポリゴンID\":\"94201bf4-e0b8-4239-ab6d-a6886c734cd9\",\"発生年度\":2020}]]]","last_polygon_uuid":"5ec8e483-8cbb-4d91-ad2e-b81692c65aec","prev_last_polygon_uuid":"a658f0cc-6c1d-46b9-a60a-ec8c3ee5e402","local_government_cd":"016080","point_lng":142.948201286,"point_lat":42.123501563}},{"arcs":[[-649,779]],"type":"Polygon","properties":{"polygon_uuid":"15ce6e65-e5a5-4620-9e8b-6235e6c4b428","land_type":200,"issue_year":2024,"edit_year":2020,"history":"[{\"筆ポリゴンID\":\"3b434372-80a3-487a-a8ba-f14fe1e55f7a\",\"更新年度\":2023,\"前年同一\":true},[{\"筆ポリゴンID\":\"27530881-1351-4362-b0f0-60f283861f45\",\"更新年度\":2022,\"前年同一\":true},[{\"筆ポリゴンID\":\"1aed088a-bb89-4c60-8e50-076ef69f8105\",\"更新年度\":2021,\"前年同一\":true},{\"筆ポリゴンID\":\"1aed088a-bb89-4c60-8e50-076ef69f8105\",\"発生年度\":2020}]]]","last_polygon_uuid":"3b434372-80a3-487a-a8ba-f14fe1e55f7a","prev_last_polygon_uuid":"27530881-1351-4362-b0f0-60f283861f45","local_government_cd":"016080","point_lng":142.91402911,"point_lat":42.148950834}},{"arcs":[[780]],"type":"Polygon","properties":{"polygon_uuid":"afad63c0-0769-4070-a889-893368a6dece","land_type":200,"issue_year":2024,"edit_year":2020,"history":"[{\"筆ポリゴンID\":\"8d31f2a4-5bce-45b5-8704-595fc7cc7dfa\",\"更新年度\":2023,\"前年同一\":true},[{\"筆ポリゴンID\":\"a88f6125-3c0e-4829-8b5d-96510be1c901\",\"更新年度\":2022,\"前年同一\":true},[{\"筆ポリゴンID\":\"e2a43fcb-1006-44a9-9d47-1381c2780cf0\",\"更新年度\":2021,\"前年同一\":true},{\"筆ポリゴンID\":\"e2a43fcb-1006-44a9-9d47-1381c2780cf0\",\"発生年度\":2020}]]]","last_polygon_uuid":"8d31f2a4-5bce-45b5-8704-595fc7cc7dfa","prev_last_polygon_uuid":"a88f6125-3c0e-4829-8b5d-96510be1c901","local_government_cd":"016080","point_lng":142.911809701,"point_lat":42.162509384}},{"arcs":[[781,-768]],"type":"Polygon","properties":{"polygon_uuid":"bd079d06-a0df-4ddd-b763-fe50ea49f3b8","land_type":200,"issue_year":2024,"edit_year":2020,"history":"[{\"筆ポリゴンID\":\"8d7d3bb2-e91a-4032-8851-aba788d83e18\",\"更新年度\":2023,\"前年同一\":true},[{\"筆ポリゴンID\":\"630c750c-ac0d-4491-a78f-136c3fd02d4b\",\"更新年度\":2022,\"前年同一\":true},[{\"筆ポリゴンID\":\"9a11c508-baca-4b1b-9796-1accfb3332e2\",\"更新年度\":2021,\"前年同一\":true},{\"筆ポリゴンID\":\"9a11c508-baca-4b1b-9796-1accfb3332e2\",\"発生年度\":2020}]]]","last_polygon_uuid":"8d7d3bb2-e91a-4032-8851-aba788d83e18","prev_last_polygon_uuid":"630c750c-ac0d-4491-a78f-136c3fd02d4b","local_government_cd":"016080","point_lng":142.910167907,"point_lat":42.151050166}},{"arcs":[[782]],"type":"Polygon","properties":{"polygon_uuid":"3b5c438a-3dfb-44aa-9e52-10a8dda20d79","land_type":200,"issue_year":2024,"edit_year":2020,"history":"[{\"筆ポリゴンID\":\"39b8ae32-4a32-49da-8a69-1f38c806f318\",\"更新年度\":2023,\"前年同一\":true},[{\"筆ポリゴンID\":\"cd309666-5f78-4fda-9a73-7acfa387922a\",\"更新年度\":2022,\"前年同一\":true},[{\"筆ポリゴンID\":\"44af9b4c-3a21-440e-a260-00c9c063ef9c\",\"更新年度\":2021,\"前年同一\":true},{\"筆ポリゴンID\":\"44af9b4c-3a21-440e-a260-00c9c063ef9c\",\"発生年度\":2020}]]]","last_polygon_uuid":"39b8ae32-4a32-49da-8a69-1f38c806f318","prev_last_polygon_uuid":"cd309666-5f78-4fda-9a73-7acfa387922a","local_government_cd":"016080","point_lng":142.943140891,"point_lat":42.163157397}},{"arcs":[[783]],"type":"Polygon","properties":{"polygon_uuid":"8852245d-edca-4ef6-b577-84de6ade72ad","land_type":200,"issue_year":2024,"edit_year":2020,"history":"[{\"筆ポリゴンID\":\"b31ba372-0b5a-41b0-9888-7a5d54f43574\",\"更新年度\":2023,\"前年同一\":true},[{\"筆ポリゴンID\":\"fa639458-986e-4ac1-b792-08a3c952ce9a\",\"更新年度\":2022,\"前年同一\":true},[{\"筆ポリゴンID\":\"c71ce49f-b830-47d5-8b24-f578da4120ec\",\"更新年度\":2021,\"前年同一\":true},{\"筆ポリゴンID\":\"c71ce49f-b830-47d5-8b24-f578da4120ec\",\"発生年度\":2020}]]]","last_polygon_uuid":"b31ba372-0b5a-41b0-9888-7a5d54f43574","prev_last_polygon_uuid":"fa639458-986e-4ac1-b792-08a3c952ce9a","local_government_cd":"016080","point_lng":142.944220187,"point_lat":42.162916793}},{"arcs":[[784]],"type":"Polygon","properties":{"polygon_uuid":"44fcc163-391d-4c40-9ac0-fd315210b4aa","land_type":200,"issue_year":2024,"edit_year":2020,"history":"[{\"筆ポリゴンID\":\"3a4e2fca-510b-4986-ad6f-4415ae145e6e\",\"更新年度\":2023,\"前年同一\":true},[{\"筆ポリゴンID\":\"4ddfc7cf-a272-4662-85fb-370df5acf73e\",\"更新年度\":2022,\"前年同一\":true},[{\"筆ポリゴンID\":\"d4a75871-8620-4711-a0f9-7805a9c223bd\",\"更新年度\":2021,\"前年同一\":true},{\"筆ポリゴンID\":\"d4a75871-8620-4711-a0f9-7805a9c223bd\",\"発生年度\":2020}]]]","last_polygon_uuid":"3a4e2fca-510b-4986-ad6f-4415ae145e6e","prev_last_polygon_uuid":"4ddfc7cf-a272-4662-85fb-370df5acf73e","local_government_cd":"016080","point_lng":142.900070489,"point_lat":42.134846248}},{"arcs":[[785]],"type":"Polygon","properties":{"polygon_uuid":"2ff911bb-7a34-4423-9bbf-a488581e1a05","land_type":200,"issue_year":2024,"edit_year":2020,"history":"[{\"筆ポリゴンID\":\"5c298899-051e-4385-94ba-ab429f8c40b6\",\"更新年度\":2023,\"前年同一\":true},[{\"筆ポリゴンID\":\"3f9d11a9-9b43-4e53-b964-b2c7880596ae\",\"更新年度\":2022,\"前年同一\":true},[{\"筆ポリゴンID\":\"73e7a3a5-275d-49c3-b06e-36c400e4d2c9\",\"更新年度\":2021,\"前年同一\":true},{\"筆ポリゴンID\":\"73e7a3a5-275d-49c3-b06e-36c400e4d2c9\",\"発生年度\":2020}]]]","last_polygon_uuid":"5c298899-051e-4385-94ba-ab429f8c40b6","prev_last_polygon_uuid":"3f9d11a9-9b43-4e53-b964-b2c7880596ae","local_government_cd":"016080","point_lng":142.95244495,"point_lat":42.154715959}},{"arcs":[[786]],"type":"Polygon","properties":{"polygon_uuid":"5c603a93-fae3-4567-8502-bb162ce04ec3","land_type":200,"issue_year":2024,"edit_year":2020,"history":"[{\"筆ポリゴンID\":\"e8494e4b-7915-4e85-aee9-68b44ae500de\",\"更新年度\":2023,\"前年同一\":true},[{\"筆ポリゴンID\":\"d6ae46f1-b669-4e99-affc-7bc509012ec1\",\"更新年度\":2022,\"前年同一\":true},[{\"筆ポリゴンID\":\"ee30bd2b-91b0-4c95-900d-f71792ecb4b5\",\"更新年度\":2021,\"前年同一\":true},{\"筆ポリゴンID\":\"ee30bd2b-91b0-4c95-900d-f71792ecb4b5\",\"発生年度\":2020}]]]","last_polygon_uuid":"e8494e4b-7915-4e85-aee9-68b44ae500de","prev_last_polygon_uuid":"d6ae46f1-b669-4e99-affc-7bc509012ec1","local_government_cd":"016080","point_lng":142.922492447,"point_lat":42.153485035}},{"arcs":[[787]],"type":"Polygon","properties":{"polygon_uuid":"2c0eff3e-b034-44c5-b42a-0b7144e3fde0","land_type":200,"issue_year":2024,"edit_year":2020,"history":"[{\"筆ポリゴンID\":\"a3a99ca4-e79b-47d9-ad7a-aecf59e3c130\",\"更新年度\":2023,\"前年同一\":true},[{\"筆ポリゴンID\":\"7f35df18-473e-4d3e-9ba6-191b51477992\",\"更新年度\":2022,\"前年同一\":true},[{\"筆ポリゴンID\":\"6af60426-a235-4680-a973-ae7804a7f997\",\"更新年度\":2021,\"前年同一\":true},{\"筆ポリゴンID\":\"6af60426-a235-4680-a973-ae7804a7f997\",\"発生年度\":2020}]]]","last_polygon_uuid":"a3a99ca4-e79b-47d9-ad7a-aecf59e3c130","prev_last_polygon_uuid":"7f35df18-473e-4d3e-9ba6-191b51477992","local_government_cd":"016080","point_lng":142.911509151,"point_lat":42.160073741}},{"arcs":[[788,789]],"type":"Polygon","properties":{"polygon_uuid":"b049973b-709f-4544-8b72-33f7c5e3508d","land_type":200,"issue_year":2024,"edit_year":2020,"history":"[{\"筆ポリゴンID\":\"6528d77c-33cd-4b55-beea-d2a8f23737af\",\"更新年度\":2023,\"前年同一\":true},[{\"筆ポリゴンID\":\"39bd6dc2-232d-449a-b386-2990375f2477\",\"更新年度\":2022,\"前年同一\":true},[{\"筆ポリゴンID\":\"13be9046-c632-4ae1-8627-114061cd3cc5\",\"更新年度\":2021,\"前年同一\":true},{\"筆ポリゴンID\":\"13be9046-c632-4ae1-8627-114061cd3cc5\",\"発生年度\":2020}]]]","last_polygon_uuid":"6528d77c-33cd-4b55-beea-d2a8f23737af","prev_last_polygon_uuid":"39bd6dc2-232d-449a-b386-2990375f2477","local_government_cd":"016080","point_lng":142.90212925,"point_lat":42.144468306}},{"arcs":[[790]],"type":"Polygon","properties":{"polygon_uuid":"35819cc6-65b0-4faf-85ca-aa9bca3702cc","land_type":200,"issue_year":2024,"edit_year":2020,"history":"[{\"筆ポリゴンID\":\"7a39aba5-d62e-4272-bbcb-25505a5555b8\",\"更新年度\":2023,\"前年同一\":true},[{\"筆ポリゴンID\":\"3984c90d-a259-4a7d-8959-a586650ff271\",\"更新年度\":2022,\"前年同一\":true},[{\"筆ポリゴンID\":\"cebb8ca8-706a-4ae6-8e9c-d96e0eaa57dd\",\"更新年度\":2021,\"前年同一\":true},{\"筆ポリゴンID\":\"cebb8ca8-706a-4ae6-8e9c-d96e0eaa57dd\",\"発生年度\":2020}]]]","last_polygon_uuid":"7a39aba5-d62e-4272-bbcb-25505a5555b8","prev_last_polygon_uuid":"3984c90d-a259-4a7d-8959-a586650ff271","local_government_cd":"016080","point_lng":142.91352442,"point_lat":42.15234716}},{"arcs":[[791,-678,792,793]],"type":"Polygon","properties":{"polygon_uuid":"32c7782b-d734-499c-afe2-29216d723ad9","land_type":200,"issue_year":2024,"edit_year":2020,"history":"[{\"筆ポリゴンID\":\"b2f365fa-5df3-478a-9864-d7b8bf5ea1c6\",\"更新年度\":2023,\"前年同一\":true},[{\"筆ポリゴンID\":\"08f59a24-3c24-4368-9a5d-5a215ad8e787\",\"更新年度\":2022,\"前年同一\":true},[{\"筆ポリゴンID\":\"699dea4e-eb57-424d-aed4-b54831df912a\",\"更新年度\":2021,\"前年同一\":true},{\"筆ポリゴンID\":\"699dea4e-eb57-424d-aed4-b54831df912a\",\"発生年度\":2020}]]]","last_polygon_uuid":"b2f365fa-5df3-478a-9864-d7b8bf5ea1c6","prev_last_polygon_uuid":"08f59a24-3c24-4368-9a5d-5a215ad8e787","local_government_cd":"016080","point_lng":142.955719769,"point_lat":42.137956589}},{"arcs":[[794]],"type":"Polygon","properties":{"polygon_uuid":"d59484e5-56c0-4200-ad1d-4afe147fe9b2","land_type":200,"issue_year":2024,"edit_year":2020,"history":"[{\"筆ポリゴンID\":\"977425d6-c8e7-4e15-92c9-23da279bc919\",\"更新年度\":2023,\"前年同一\":true},[{\"筆ポリゴンID\":\"c6c96dcd-855a-4bee-affb-309a5177ae6d\",\"更新年度\":2022,\"前年同一\":true},[{\"筆ポリゴンID\":\"3a63a873-3983-4746-91c4-b36809e5e7bc\",\"更新年度\":2021,\"前年同一\":true},{\"筆ポリゴンID\":\"3a63a873-3983-4746-91c4-b36809e5e7bc\",\"発生年度\":2020}]]]","last_polygon_uuid":"977425d6-c8e7-4e15-92c9-23da279bc919","prev_last_polygon_uuid":"c6c96dcd-855a-4bee-affb-309a5177ae6d","local_government_cd":"016080","point_lng":142.941937476,"point_lat":42.162569898}},{"arcs":[[795]],"type":"Polygon","properties":{"polygon_uuid":"1ffbcfa2-7c5e-4d7d-9c3d-f384c9f58f7c","land_type":200,"issue_year":2024,"edit_year":2020,"history":"[{\"筆ポリゴンID\":\"bc1127ff-318a-4166-a517-0b7efb09212b\",\"更新年度\":2023,\"前年同一\":true},[{\"筆ポリゴンID\":\"01004503-8820-4d30-9aed-4fb360ac25c7\",\"更新年度\":2022,\"前年同一\":true},[{\"筆ポリゴンID\":\"8614a32a-a4cf-4329-87fd-bfd8b7e6bfca\",\"更新年度\":2021,\"前年同一\":true},{\"筆ポリゴンID\":\"8614a32a-a4cf-4329-87fd-bfd8b7e6bfca\",\"発生年度\":2020}]]]","last_polygon_uuid":"bc1127ff-318a-4166-a517-0b7efb09212b","prev_last_polygon_uuid":"01004503-8820-4d30-9aed-4fb360ac25c7","local_government_cd":"016080","point_lng":142.91010264,"point_lat":42.137170066}},{"arcs":[[796,-149,797,798]],"type":"Polygon","properties":{"polygon_uuid":"88d5ec40-2a0b-40ef-bff1-231e2c59f269","land_type":100,"issue_year":2024,"edit_year":2022,"history":"[{\"筆ポリゴンID\":\"cef5ed17-3df5-4dfd-9a6d-e88f5e29a7b5\",\"更新年度\":2023,\"前年同一\":true},[{\"筆ポリゴンID\":\"f518f1e8-d550-494a-b849-e39153bf6427\",\"更新年度\":2022,\"関連\":true},[{\"筆ポリゴンID\":\"f728532a-9358-4fc9-9f99-6b2a8b5cd505\",\"更新年度\":2021,\"前年同一\":true},{\"筆ポリゴンID\":\"f728532a-9358-4fc9-9f99-6b2a8b5cd505\",\"発生年度\":2020}]]]","last_polygon_uuid":"cef5ed17-3df5-4dfd-9a6d-e88f5e29a7b5","prev_last_polygon_uuid":null,"local_government_cd":"016080","point_lng":142.948095465,"point_lat":42.150115963}},{"arcs":[[799,800,801,802]],"type":"Polygon","properties":{"polygon_uuid":"35b9aa25-bbc9-4b2e-8012-3ab54cdbbb36","land_type":100,"issue_year":2024,"edit_year":2020,"history":"[{\"筆ポリゴンID\":\"1dc3cad6-7d1e-4494-bab1-5381052e6633\",\"更新年度\":2023,\"前年同一\":true},[{\"筆ポリゴンID\":\"67707490-fd39-4e4c-902e-46f3a664841c\",\"更新年度\":2022,\"前年同一\":true},[{\"筆ポリゴンID\":\"de8c930b-66f1-4404-961f-282d48723d71\",\"更新年度\":2021,\"前年同一\":true},{\"筆ポリゴンID\":\"de8c930b-66f1-4404-961f-282d48723d71\",\"発生年度\":2020}]]]","last_polygon_uuid":"1dc3cad6-7d1e-4494-bab1-5381052e6633","prev_last_polygon_uuid":"67707490-fd39-4e4c-902e-46f3a664841c","local_government_cd":"016080","point_lng":142.941168774,"point_lat":42.149997685}},{"arcs":[[803]],"type":"Polygon","properties":{"polygon_uuid":"7942a0e0-e5c1-4251-9be8-c6c987968e74","land_type":200,"issue_year":2024,"edit_year":2020,"history":"[{\"筆ポリゴンID\":\"f7c51d2d-8891-48ea-a315-e3257eb9f0cf\",\"更新年度\":2023,\"前年同一\":true},[{\"筆ポリゴンID\":\"78500ccb-232d-4617-a6cf-58d0b697581e\",\"更新年度\":2022,\"前年同一\":true},[{\"筆ポリゴンID\":\"722e0100-8062-494d-837c-48697ff6e251\",\"更新年度\":2021,\"前年同一\":true},{\"筆ポリゴンID\":\"722e0100-8062-494d-837c-48697ff6e251\",\"発生年度\":2020}]]]","last_polygon_uuid":"f7c51d2d-8891-48ea-a315-e3257eb9f0cf","prev_last_polygon_uuid":"78500ccb-232d-4617-a6cf-58d0b697581e","local_government_cd":"016080","point_lng":142.947386992,"point_lat":42.144544252}},{"arcs":[[804]],"type":"Polygon","properties":{"polygon_uuid":"fcc43808-fea9-437f-a778-dde372be71a3","land_type":200,"issue_year":2024,"edit_year":2020,"history":"[{\"筆ポリゴンID\":\"ecb20ffa-bfda-4393-9e91-da8c770d4d9b\",\"更新年度\":2023,\"前年同一\":true},[{\"筆ポリゴンID\":\"ff5cacce-5590-4772-af3d-9f8906327992\",\"更新年度\":2022,\"前年同一\":true},[{\"筆ポリゴンID\":\"d6406514-f76c-4fd4-8e8e-186ee9016cd0\",\"更新年度\":2021,\"前年同一\":true},{\"筆ポリゴンID\":\"d6406514-f76c-4fd4-8e8e-186ee9016cd0\",\"発生年度\":2020}]]]","last_polygon_uuid":"ecb20ffa-bfda-4393-9e91-da8c770d4d9b","prev_last_polygon_uuid":"ff5cacce-5590-4772-af3d-9f8906327992","local_government_cd":"016080","point_lng":142.909028263,"point_lat":42.152587671}},{"arcs":[[805]],"type":"Polygon","properties":{"polygon_uuid":"d11b49b0-7b60-4e47-ae4c-d62fbb234d9e","land_type":100,"issue_year":2024,"edit_year":2020,"history":"[{\"筆ポリゴンID\":\"ba198313-2309-4a1c-a23c-1886cf0133cf\",\"更新年度\":2023,\"前年同一\":true},[{\"筆ポリゴンID\":\"389e1605-2c8b-44df-9e68-fcc4475411a7\",\"更新年度\":2022,\"前年同一\":true},[{\"筆ポリゴンID\":\"93dd9159-c7ee-4586-be91-b5ff66cdbb55\",\"更新年度\":2021,\"前年同一\":true},{\"筆ポリゴンID\":\"93dd9159-c7ee-4586-be91-b5ff66cdbb55\",\"発生年度\":2020}]]]","last_polygon_uuid":"ba198313-2309-4a1c-a23c-1886cf0133cf","prev_last_polygon_uuid":"389e1605-2c8b-44df-9e68-fcc4475411a7","local_government_cd":"016080","point_lng":142.942021296,"point_lat":42.153656504}},{"arcs":[[806,807,808,809]],"type":"Polygon","properties":{"polygon_uuid":"26bfc4d4-6958-499d-b26a-d7750fb1fddf","land_type":100,"issue_year":2024,"edit_year":2020,"history":"[{\"筆ポリゴンID\":\"0859e422-928e-426c-b3f4-a06a7ed8e56c\",\"更新年度\":2023,\"前年同一\":true},[{\"筆ポリゴンID\":\"cea3a02f-0882-4d9d-a6d8-e7ed1c385a6f\",\"更新年度\":2022,\"前年同一\":true},[{\"筆ポリゴンID\":\"369e5029-d855-423a-930d-d6bc46b47222\",\"更新年度\":2021,\"前年同一\":true},{\"筆ポリゴンID\":\"369e5029-d855-423a-930d-d6bc46b47222\",\"発生年度\":2020}]]]","last_polygon_uuid":"0859e422-928e-426c-b3f4-a06a7ed8e56c","prev_last_polygon_uuid":"cea3a02f-0882-4d9d-a6d8-e7ed1c385a6f","local_government_cd":"016080","point_lng":142.94213727,"point_lat":42.151246009}},{"arcs":[[810,811,812,813,814]],"type":"Polygon","properties":{"polygon_uuid":"901f0cb6-2faf-4509-b90f-735cc975dd0e","land_type":100,"issue_year":2024,"edit_year":2020,"history":"[{\"筆ポリゴンID\":\"2e978013-6329-4612-b13c-e86b1c03e6d4\",\"更新年度\":2023,\"前年同一\":true},[{\"筆ポリゴンID\":\"307483b2-ca81-4458-b0eb-71efe5d6e120\",\"更新年度\":2022,\"前年同一\":true},[{\"筆ポリゴンID\":\"66d115e5-1d87-47ef-80ce-cb60a7380933\",\"更新年度\":2021,\"前年同一\":true},{\"筆ポリゴンID\":\"66d115e5-1d87-47ef-80ce-cb60a7380933\",\"発生年度\":2020}]]]","last_polygon_uuid":"2e978013-6329-4612-b13c-e86b1c03e6d4","prev_last_polygon_uuid":"307483b2-ca81-4458-b0eb-71efe5d6e120","local_government_cd":"016080","point_lng":142.947640562,"point_lat":42.147748415}},{"arcs":[[815]],"type":"Polygon","properties":{"polygon_uuid":"9071eb92-347d-4d93-bfe4-15b388c2f487","land_type":200,"issue_year":2024,"edit_year":2020,"history":"[{\"筆ポリゴンID\":\"06e1be56-9a6c-4dfa-ab40-0adbcb15288e\",\"更新年度\":2023,\"前年同一\":true},[{\"筆ポリゴンID\":\"79684e8d-43dd-435e-97dd-149a3303a156\",\"更新年度\":2022,\"前年同一\":true},[{\"筆ポリゴンID\":\"49887a22-6a04-4491-8f1d-00e33798a523\",\"更新年度\":2021,\"前年同一\":true},{\"筆ポリゴンID\":\"49887a22-6a04-4491-8f1d-00e33798a523\",\"発生年度\":2020}]]]","last_polygon_uuid":"06e1be56-9a6c-4dfa-ab40-0adbcb15288e","prev_last_polygon_uuid":"79684e8d-43dd-435e-97dd-149a3303a156","local_government_cd":"016080","point_lng":142.948006349,"point_lat":42.136715838}},{"arcs":[[816]],"type":"Polygon","properties":{"polygon_uuid":"62ca16d2-e7b2-4023-8824-16aa288623fb","land_type":200,"issue_year":2024,"edit_year":2020,"history":"[{\"筆ポリゴンID\":\"c7d693fd-8777-430e-a6f8-a027870b601d\",\"更新年度\":2023,\"前年同一\":true},[{\"筆ポリゴンID\":\"f27cee71-6110-402a-a10b-5304a35ab497\",\"更新年度\":2022,\"前年同一\":true},[{\"筆ポリゴンID\":\"0ab4fab5-c63b-4e17-9f77-604d4726c4d5\",\"更新年度\":2021,\"前年同一\":true},{\"筆ポリゴンID\":\"0ab4fab5-c63b-4e17-9f77-604d4726c4d5\",\"発生年度\":2020}]]]","last_polygon_uuid":"c7d693fd-8777-430e-a6f8-a027870b601d","prev_last_polygon_uuid":"f27cee71-6110-402a-a10b-5304a35ab497","local_government_cd":"016080","point_lng":142.94775546,"point_lat":42.14690832}},{"arcs":[[817]],"type":"Polygon","properties":{"polygon_uuid":"a8c9dc38-f83d-4996-a773-231a883523e8","land_type":200,"issue_year":2024,"edit_year":2020,"history":"[{\"筆ポリゴンID\":\"d2938f5a-1960-401f-908e-a18579488bc1\",\"更新年度\":2023,\"前年同一\":true},[{\"筆ポリゴンID\":\"48eb0988-0c0a-4dff-b6a1-2f034e1922c9\",\"更新年度\":2022,\"前年同一\":true},[{\"筆ポリゴンID\":\"7a408945-1168-422f-8f33-d06ce6c4ef3e\",\"更新年度\":2021,\"前年同一\":true},{\"筆ポリゴンID\":\"7a408945-1168-422f-8f33-d06ce6c4ef3e\",\"発生年度\":2020}]]]","last_polygon_uuid":"d2938f5a-1960-401f-908e-a18579488bc1","prev_last_polygon_uuid":"48eb0988-0c0a-4dff-b6a1-2f034e1922c9","local_government_cd":"016080","point_lng":142.936457461,"point_lat":42.144715111}},{"arcs":[[818,819,820,821]],"type":"Polygon","properties":{"polygon_uuid":"112909a2-f881-44e9-9572-866e0c78d021","land_type":100,"issue_year":2024,"edit_year":2020,"history":"[{\"筆ポリゴンID\":\"94ab6c22-f6d6-44ae-91a5-db6cf9cd073d\",\"更新年度\":2023,\"前年同一\":true},[{\"筆ポリゴンID\":\"67ef2c42-eea4-4c5e-b31b-f550e9d0cf9a\",\"更新年度\":2022,\"前年同一\":true},[{\"筆ポリゴンID\":\"03d5a5f7-f456-4a54-8dbc-d6c2fc353111\",\"更新年度\":2021,\"前年同一\":true},{\"筆ポリゴンID\":\"03d5a5f7-f456-4a54-8dbc-d6c2fc353111\",\"発生年度\":2020}]]]","last_polygon_uuid":"94ab6c22-f6d6-44ae-91a5-db6cf9cd073d","prev_last_polygon_uuid":"67ef2c42-eea4-4c5e-b31b-f550e9d0cf9a","local_government_cd":"016080","point_lng":142.940804163,"point_lat":42.148791036}},{"arcs":[[822,-822,823,824]],"type":"Polygon","properties":{"polygon_uuid":"60006d13-27af-45c9-bbf7-d90d63a9bc4e","land_type":100,"issue_year":2024,"edit_year":2020,"history":"[{\"筆ポリゴンID\":\"8a887c12-1fd7-4d40-9de4-b263246210d4\",\"更新年度\":2023,\"前年同一\":true},[{\"筆ポリゴンID\":\"9f18cdb6-c892-49fc-996f-4abfe355ed77\",\"更新年度\":2022,\"前年同一\":true},[{\"筆ポリゴンID\":\"2502954a-ea96-43d2-b94a-d73178877e18\",\"更新年度\":2021,\"前年同一\":true},{\"筆ポリゴンID\":\"2502954a-ea96-43d2-b94a-d73178877e18\",\"発生年度\":2020}]]]","last_polygon_uuid":"8a887c12-1fd7-4d40-9de4-b263246210d4","prev_last_polygon_uuid":"9f18cdb6-c892-49fc-996f-4abfe355ed77","local_government_cd":"016080","point_lng":142.940840153,"point_lat":42.148989764}},{"arcs":[[825,826]],"type":"Polygon","properties":{"polygon_uuid":"5b661121-df28-4ed3-b410-695a42ad8eb3","land_type":200,"issue_year":2024,"edit_year":2020,"history":"[{\"筆ポリゴンID\":\"94e44d5a-2e97-47a3-95f5-f44b9357363a\",\"更新年度\":2023,\"前年同一\":true},[{\"筆ポリゴンID\":\"4577359d-f739-478b-abf1-c8ba2b7e1fc1\",\"更新年度\":2022,\"前年同一\":true},[{\"筆ポリゴンID\":\"5214b989-41df-48a5-a960-9995e0a23530\",\"更新年度\":2021,\"前年同一\":true},{\"筆ポリゴンID\":\"5214b989-41df-48a5-a960-9995e0a23530\",\"発生年度\":2020}]]]","last_polygon_uuid":"94e44d5a-2e97-47a3-95f5-f44b9357363a","prev_last_polygon_uuid":"4577359d-f739-478b-abf1-c8ba2b7e1fc1","local_government_cd":"016080","point_lng":142.946311441,"point_lat":42.142493811}},{"arcs":[[827,828]],"type":"Polygon","properties":{"polygon_uuid":"fd9b6c88-9f69-421b-b536-84b1d92cdba3","land_type":200,"issue_year":2024,"edit_year":2020,"history":"[{\"筆ポリゴンID\":\"26c6f119-f9ab-416e-94ec-ea4074ec1c0c\",\"更新年度\":2023,\"前年同一\":true},[{\"筆ポリゴンID\":\"5e1e9065-8172-478f-837c-a951a9794620\",\"更新年度\":2022,\"前年同一\":true},[{\"筆ポリゴンID\":\"5418bbac-70b5-478d-8efd-aae470ae0ec7\",\"更新年度\":2021,\"前年同一\":true},{\"筆ポリゴンID\":\"5418bbac-70b5-478d-8efd-aae470ae0ec7\",\"発生年度\":2020}]]]","last_polygon_uuid":"26c6f119-f9ab-416e-94ec-ea4074ec1c0c","prev_last_polygon_uuid":"5e1e9065-8172-478f-837c-a951a9794620","local_government_cd":"016080","point_lng":142.949607923,"point_lat":42.149735182}},{"arcs":[[829],[830]],"type":"Polygon","properties":{"polygon_uuid":"a7bf81ab-1f85-46e7-a477-ffd5eaacb3b8","land_type":200,"issue_year":2024,"edit_year":2020,"history":"[{\"筆ポリゴンID\":\"b34a2dd0-5c5a-4a1e-a18a-7a9d6999e3ff\",\"更新年度\":2023,\"前年同一\":true},[{\"筆ポリゴンID\":\"c716a8cd-b87b-4d43-b54f-c254f2a9cb9a\",\"更新年度\":2022,\"前年同一\":true},[{\"筆ポリゴンID\":\"9ad968eb-a88f-44aa-908a-6c3c4af7fb41\",\"更新年度\":2021,\"前年同一\":true},{\"筆ポリゴンID\":\"9ad968eb-a88f-44aa-908a-6c3c4af7fb41\",\"発生年度\":2020}]]]","last_polygon_uuid":"b34a2dd0-5c5a-4a1e-a18a-7a9d6999e3ff","prev_last_polygon_uuid":"c716a8cd-b87b-4d43-b54f-c254f2a9cb9a","local_government_cd":"016080","point_lng":142.948697252,"point_lat":42.168440645}},{"arcs":[[831,-813,832]],"type":"Polygon","properties":{"polygon_uuid":"ef5ec9df-dd9e-4ea3-89ae-9d8f68d6cfe9","land_type":100,"issue_year":2024,"edit_year":2020,"history":"[{\"筆ポリゴンID\":\"c0c8cc00-50a4-4017-9083-4c7fdbfd136c\",\"更新年度\":2023,\"前年同一\":true},[{\"筆ポリゴンID\":\"8d7ea625-ba65-4ac9-8433-6580cb11ff06\",\"更新年度\":2022,\"前年同一\":true},[{\"筆ポリゴンID\":\"84bab2df-2e07-416a-93ed-ea52b73f4b66\",\"更新年度\":2021,\"前年同一\":true},{\"筆ポリゴンID\":\"84bab2df-2e07-416a-93ed-ea52b73f4b66\",\"発生年度\":2020}]]]","last_polygon_uuid":"c0c8cc00-50a4-4017-9083-4c7fdbfd136c","prev_last_polygon_uuid":"8d7ea625-ba65-4ac9-8433-6580cb11ff06","local_government_cd":"016080","point_lng":142.9479292,"point_lat":42.14750364}},{"arcs":[[833,834]],"type":"Polygon","properties":{"polygon_uuid":"b0941ef2-5fb1-45ec-ae76-eac1f97379fb","land_type":200,"issue_year":2024,"edit_year":2020,"history":"[{\"筆ポリゴンID\":\"d33d3a14-32ba-4335-a4b3-c33ebc2c2c21\",\"更新年度\":2023,\"前年同一\":true},[{\"筆ポリゴンID\":\"f8e15ba2-d5f2-43ea-93ae-bd164939e8cd\",\"更新年度\":2022,\"前年同一\":true},[{\"筆ポリゴンID\":\"bd7e13a2-6c78-46ec-aea2-2a9d9a513e55\",\"更新年度\":2021,\"前年同一\":true},{\"筆ポリゴンID\":\"bd7e13a2-6c78-46ec-aea2-2a9d9a513e55\",\"発生年度\":2020}]]]","last_polygon_uuid":"d33d3a14-32ba-4335-a4b3-c33ebc2c2c21","prev_last_polygon_uuid":"f8e15ba2-d5f2-43ea-93ae-bd164939e8cd","local_government_cd":"016080","point_lng":142.943282513,"point_lat":42.156768388}},{"arcs":[[835]],"type":"Polygon","properties":{"polygon_uuid":"454514be-2218-4b03-a094-beaa616f9acc","land_type":200,"issue_year":2024,"edit_year":2020,"history":"[{\"筆ポリゴンID\":\"4c0c624b-4c93-40e4-ab1d-98dbcb6fcbbe\",\"更新年度\":2023,\"前年同一\":true},[{\"筆ポリゴンID\":\"97d205dc-fea8-47d0-a1a9-e454514d8db0\",\"更新年度\":2022,\"前年同一\":true},[{\"筆ポリゴンID\":\"d2a7f881-c447-4b41-9f97-5bbce31c0027\",\"更新年度\":2021,\"前年同一\":true},{\"筆ポリゴンID\":\"d2a7f881-c447-4b41-9f97-5bbce31c0027\",\"発生年度\":2020}]]]","last_polygon_uuid":"4c0c624b-4c93-40e4-ab1d-98dbcb6fcbbe","prev_last_polygon_uuid":"97d205dc-fea8-47d0-a1a9-e454514d8db0","local_government_cd":"016080","point_lng":142.919371459,"point_lat":42.153254475}},{"arcs":[[836]],"type":"Polygon","properties":{"polygon_uuid":"5c42e642-a3d9-4c27-9b14-787fc8a8e7d3","land_type":200,"issue_year":2024,"edit_year":2020,"history":"[{\"筆ポリゴンID\":\"bdf24533-c0a1-41fe-b1e6-c0259baaaeee\",\"更新年度\":2023,\"前年同一\":true},[{\"筆ポリゴンID\":\"5cf6a8ef-5b7c-4490-83af-b24f00cbf3d3\",\"更新年度\":2022,\"前年同一\":true},[{\"筆ポリゴンID\":\"9f8d4a5b-32d7-4a85-b497-c94051dc5f8b\",\"更新年度\":2021,\"前年同一\":true},{\"筆ポリゴンID\":\"9f8d4a5b-32d7-4a85-b497-c94051dc5f8b\",\"発生年度\":2020}]]]","last_polygon_uuid":"bdf24533-c0a1-41fe-b1e6-c0259baaaeee","prev_last_polygon_uuid":"5cf6a8ef-5b7c-4490-83af-b24f00cbf3d3","local_government_cd":"016080","point_lng":142.926741359,"point_lat":42.162079203}},{"arcs":[[837]],"type":"Polygon","properties":{"polygon_uuid":"375b5cb3-7af6-427c-acff-5922c9b03b1e","land_type":200,"issue_year":2024,"edit_year":2020,"history":"[{\"筆ポリゴンID\":\"d33db93a-6b46-451d-8ce7-6b2bfa630e94\",\"更新年度\":2023,\"前年同一\":true},[{\"筆ポリゴンID\":\"e98f2420-0930-4523-b4d8-3c364b9c4f9c\",\"更新年度\":2022,\"前年同一\":true},[{\"筆ポリゴンID\":\"f0ba2886-7b6c-4ad4-b305-5a6d9d140cca\",\"更新年度\":2021,\"前年同一\":true},{\"筆ポリゴンID\":\"f0ba2886-7b6c-4ad4-b305-5a6d9d140cca\",\"発生年度\":2020}]]]","last_polygon_uuid":"d33db93a-6b46-451d-8ce7-6b2bfa630e94","prev_last_polygon_uuid":"e98f2420-0930-4523-b4d8-3c364b9c4f9c","local_government_cd":"016080","point_lng":142.958790892,"point_lat":42.132938175}},{"arcs":[[838]],"type":"Polygon","properties":{"polygon_uuid":"6c2e9117-a766-4fd2-8f62-28f7699c323c","land_type":200,"issue_year":2024,"edit_year":2020,"history":"[{\"筆ポリゴンID\":\"052eeee3-62c1-4586-9105-a019540589e1\",\"更新年度\":2023,\"前年同一\":true},[{\"筆ポリゴンID\":\"da9d5197-bad8-4583-8f9d-2090c2bb4fbe\",\"更新年度\":2022,\"前年同一\":true},[{\"筆ポリゴンID\":\"06e704cf-1ae8-4ebb-8a51-1d5c6e5fbe06\",\"更新年度\":2021,\"前年同一\":true},{\"筆ポリゴンID\":\"06e704cf-1ae8-4ebb-8a51-1d5c6e5fbe06\",\"発生年度\":2020}]]]","last_polygon_uuid":"052eeee3-62c1-4586-9105-a019540589e1","prev_last_polygon_uuid":"da9d5197-bad8-4583-8f9d-2090c2bb4fbe","local_government_cd":"016080","point_lng":142.914201428,"point_lat":42.163402105}},{"arcs":[[839,840,841,842]],"type":"Polygon","properties":{"polygon_uuid":"3122d6b9-e1cd-46fa-8c6f-92024358bfd5","land_type":100,"issue_year":2024,"edit_year":2020,"history":"[{\"筆ポリゴンID\":\"3235789f-8c46-42dd-aecc-acd04e92e672\",\"更新年度\":2023,\"前年同一\":true},[{\"筆ポリゴンID\":\"66786c3c-bbfe-464c-a408-c377d5f5d9c5\",\"更新年度\":2022,\"前年同一\":true},[{\"筆ポリゴンID\":\"b14b0f15-53d5-4f94-916a-c548dcd01f0a\",\"更新年度\":2021,\"前年同一\":true},{\"筆ポリゴンID\":\"b14b0f15-53d5-4f94-916a-c548dcd01f0a\",\"発生年度\":2020}]]]","last_polygon_uuid":"3235789f-8c46-42dd-aecc-acd04e92e672","prev_last_polygon_uuid":"66786c3c-bbfe-464c-a408-c377d5f5d9c5","local_government_cd":"016080","point_lng":142.940730003,"point_lat":42.148412335}},{"arcs":[[-681,843]],"type":"Polygon","properties":{"polygon_uuid":"fd1e677f-0239-40ee-8367-db113134947e","land_type":200,"issue_year":2024,"edit_year":2020,"history":"[{\"筆ポリゴンID\":\"f6e3e3fe-11c7-4aa8-8a49-f37e138ea3c4\",\"更新年度\":2023,\"前年同一\":true},[{\"筆ポリゴンID\":\"ed7940ef-b36b-4b57-8b76-024f576c0fdf\",\"更新年度\":2022,\"前年同一\":true},[{\"筆ポリゴンID\":\"5d4044f7-7ce6-4108-bd31-5e8c56eb3a10\",\"更新年度\":2021,\"前年同一\":true},{\"筆ポリゴンID\":\"5d4044f7-7ce6-4108-bd31-5e8c56eb3a10\",\"発生年度\":2020}]]]","last_polygon_uuid":"f6e3e3fe-11c7-4aa8-8a49-f37e138ea3c4","prev_last_polygon_uuid":"ed7940ef-b36b-4b57-8b76-024f576c0fdf","local_government_cd":"016080","point_lng":142.915254297,"point_lat":42.139758839}},{"arcs":[[844]],"type":"Polygon","properties":{"polygon_uuid":"5b12fded-e97e-430b-a4da-a096d6998be6","land_type":200,"issue_year":2024,"edit_year":2020,"history":"[{\"筆ポリゴンID\":\"0fa686c2-6225-40a9-92dd-391291aba171\",\"更新年度\":2023,\"前年同一\":true},[{\"筆ポリゴンID\":\"464749c5-6dc8-4ef9-931f-c73580edf792\",\"更新年度\":2022,\"前年同一\":true},[{\"筆ポリゴンID\":\"916a73b9-ac67-4956-8ae0-19ed6f5bbc7b\",\"更新年度\":2021,\"前年同一\":true},{\"筆ポリゴンID\":\"916a73b9-ac67-4956-8ae0-19ed6f5bbc7b\",\"発生年度\":2020}]]]","last_polygon_uuid":"0fa686c2-6225-40a9-92dd-391291aba171","prev_last_polygon_uuid":"464749c5-6dc8-4ef9-931f-c73580edf792","local_government_cd":"016080","point_lng":142.955839591,"point_lat":42.155701752}},{"arcs":[[845,846,847,848]],"type":"Polygon","properties":{"polygon_uuid":"84b983b9-add2-4123-84fe-372ab5a84140","land_type":100,"issue_year":2024,"edit_year":2020,"history":"[{\"筆ポリゴンID\":\"c8986e5e-490c-4d11-838d-8034f186477e\",\"更新年度\":2023,\"前年同一\":true},[{\"筆ポリゴンID\":\"ccc01b79-3b17-43b9-83ee-f8a815634ebf\",\"更新年度\":2022,\"前年同一\":true},[{\"筆ポリゴンID\":\"938329a1-d5b1-41a8-8ced-ef0a0006c23d\",\"更新年度\":2021,\"前年同一\":true},{\"筆ポリゴンID\":\"938329a1-d5b1-41a8-8ced-ef0a0006c23d\",\"発生年度\":2020}]]]","last_polygon_uuid":"c8986e5e-490c-4d11-838d-8034f186477e","prev_last_polygon_uuid":"ccc01b79-3b17-43b9-83ee-f8a815634ebf","local_government_cd":"016080","point_lng":142.9409232,"point_lat":42.149399731}},{"arcs":[[849,850,851,852]],"type":"Polygon","properties":{"polygon_uuid":"342c7a7c-8bb2-482d-b594-cf8524166701","land_type":100,"issue_year":2024,"edit_year":2020,"history":"[{\"筆ポリゴンID\":\"bd60332e-8dfa-4c05-bd86-c75ee47f2c8f\",\"更新年度\":2023,\"前年同一\":true},[{\"筆ポリゴンID\":\"7d6a4dc5-6c62-4635-a45b-f80b82df9030\",\"更新年度\":2022,\"前年同一\":true},[{\"筆ポリゴンID\":\"25e4e683-56e4-4ddc-9ef0-2d84fa163079\",\"更新年度\":2021,\"前年同一\":true},{\"筆ポリゴンID\":\"25e4e683-56e4-4ddc-9ef0-2d84fa163079\",\"発生年度\":2020}]]]","last_polygon_uuid":"bd60332e-8dfa-4c05-bd86-c75ee47f2c8f","prev_last_polygon_uuid":"7d6a4dc5-6c62-4635-a45b-f80b82df9030","local_government_cd":"016080","point_lng":142.941818403,"point_lat":42.150830402}},{"arcs":[[853,854,855,856]],"type":"Polygon","properties":{"polygon_uuid":"a9fa8584-4aff-4f16-b990-1dc0fda0c6b8","land_type":200,"issue_year":2024,"edit_year":2020,"history":"[{\"筆ポリゴンID\":\"f4fcba03-ac24-4fd6-9e0b-5eb8c1dbb48d\",\"更新年度\":2023,\"前年同一\":true},[{\"筆ポリゴンID\":\"e63e950f-e86e-4202-a7c3-b95dc4e342d9\",\"更新年度\":2022,\"前年同一\":true},[{\"筆ポリゴンID\":\"58246fd3-059a-4472-a55d-0b1c611a18c8\",\"更新年度\":2021,\"前年同一\":true},{\"筆ポリゴンID\":\"58246fd3-059a-4472-a55d-0b1c611a18c8\",\"発生年度\":2020}]]]","last_polygon_uuid":"f4fcba03-ac24-4fd6-9e0b-5eb8c1dbb48d","prev_last_polygon_uuid":"e63e950f-e86e-4202-a7c3-b95dc4e342d9","local_government_cd":"016080","point_lng":142.939210264,"point_lat":42.142890846}},{"arcs":[[857,858]],"type":"Polygon","properties":{"polygon_uuid":"b7566421-5660-4744-8840-4ee501d6f60f","land_type":200,"issue_year":2024,"edit_year":2020,"history":"[{\"筆ポリゴンID\":\"8ccba31d-3a0a-48f5-8d2d-c6f45c5d91dc\",\"更新年度\":2023,\"前年同一\":true},[{\"筆ポリゴンID\":\"7cb57da5-651f-45ea-9f67-047255d33c67\",\"更新年度\":2022,\"前年同一\":true},[{\"筆ポリゴンID\":\"8a058538-6574-4f22-8dac-1bc000e4e25a\",\"更新年度\":2021,\"前年同一\":true},{\"筆ポリゴンID\":\"8a058538-6574-4f22-8dac-1bc000e4e25a\",\"発生年度\":2020}]]]","last_polygon_uuid":"8ccba31d-3a0a-48f5-8d2d-c6f45c5d91dc","prev_last_polygon_uuid":"7cb57da5-651f-45ea-9f67-047255d33c67","local_government_cd":"016080","point_lng":142.938201,"point_lat":42.148801274}},{"arcs":[[859,-665,-764]],"type":"Polygon","properties":{"polygon_uuid":"9be200b4-0d46-476d-a8b9-b6abd8436df6","land_type":200,"issue_year":2024,"edit_year":2020,"history":"[{\"筆ポリゴンID\":\"6ddbb338-558a-49d2-8c06-dd2c71f307a2\",\"更新年度\":2023,\"前年同一\":true},[{\"筆ポリゴンID\":\"df420114-ce1a-4100-8ba7-a4d139607260\",\"更新年度\":2022,\"前年同一\":true},[{\"筆ポリゴンID\":\"15c5a56e-ffb4-4d93-8981-685a58fb0def\",\"更新年度\":2021,\"前年同一\":true},{\"筆ポリゴンID\":\"15c5a56e-ffb4-4d93-8981-685a58fb0def\",\"発生年度\":2020}]]]","last_polygon_uuid":"6ddbb338-558a-49d2-8c06-dd2c71f307a2","prev_last_polygon_uuid":"df420114-ce1a-4100-8ba7-a4d139607260","local_government_cd":"016080","point_lng":142.953329871,"point_lat":42.163974575}},{"arcs":[[860]],"type":"Polygon","properties":{"polygon_uuid":"de7dd66f-9648-4fd3-8529-35874da1a841","land_type":200,"issue_year":2024,"edit_year":2020,"history":"[{\"筆ポリゴンID\":\"07ac3b24-28b6-4677-a09d-b5ad0cff57a3\",\"更新年度\":2023,\"前年同一\":true},[{\"筆ポリゴンID\":\"5dc13241-6857-4fee-851b-4ac4c48d7aab\",\"更新年度\":2022,\"前年同一\":true},[{\"筆ポリゴンID\":\"855ce20e-e4a5-4ee3-90d0-881f53b8f392\",\"更新年度\":2021,\"前年同一\":true},{\"筆ポリゴンID\":\"855ce20e-e4a5-4ee3-90d0-881f53b8f392\",\"発生年度\":2020}]]]","last_polygon_uuid":"07ac3b24-28b6-4677-a09d-b5ad0cff57a3","prev_last_polygon_uuid":"5dc13241-6857-4fee-851b-4ac4c48d7aab","local_government_cd":"016080","point_lng":142.915968164,"point_lat":42.142353754}},{"arcs":[[861,862,863,-801]],"type":"Polygon","properties":{"polygon_uuid":"6a42f2c0-ac0c-4605-a347-1320e2502116","land_type":100,"issue_year":2024,"edit_year":2020,"history":"[{\"筆ポリゴンID\":\"05293278-d1bc-4842-b6ca-2fa6333c696c\",\"更新年度\":2023,\"前年同一\":true},[{\"筆ポリゴンID\":\"2735133e-2a1e-4760-aed3-7f730f7f8963\",\"更新年度\":2022,\"前年同一\":true},[{\"筆ポリゴンID\":\"90b5baee-4a20-4b09-8a80-6c355285217f\",\"更新年度\":2021,\"前年同一\":true},{\"筆ポリゴンID\":\"90b5baee-4a20-4b09-8a80-6c355285217f\",\"発生年度\":2020}]]]","last_polygon_uuid":"05293278-d1bc-4842-b6ca-2fa6333c696c","prev_last_polygon_uuid":"2735133e-2a1e-4760-aed3-7f730f7f8963","local_government_cd":"016080","point_lng":142.941026521,"point_lat":42.149806444}},{"arcs":[[864,-748]],"type":"Polygon","properties":{"polygon_uuid":"aa743629-5097-4c90-9a6d-d26ab068de78","land_type":200,"issue_year":2024,"edit_year":2020,"history":"[{\"筆ポリゴンID\":\"f993bc3b-9e2c-4424-b88a-809d4b2e6440\",\"更新年度\":2023,\"前年同一\":true},[{\"筆ポリゴンID\":\"b77bd04a-327e-4c2d-90f9-db3b75eaeee7\",\"更新年度\":2022,\"前年同一\":true},[{\"筆ポリゴンID\":\"8fbb90c1-482b-4b6a-9ba2-39c6a07109e6\",\"更新年度\":2021,\"前年同一\":true},{\"筆ポリゴンID\":\"8fbb90c1-482b-4b6a-9ba2-39c6a07109e6\",\"発生年度\":2020}]]]","last_polygon_uuid":"f993bc3b-9e2c-4424-b88a-809d4b2e6440","prev_last_polygon_uuid":"b77bd04a-327e-4c2d-90f9-db3b75eaeee7","local_government_cd":"016080","point_lng":142.947537874,"point_lat":42.14136164}},{"arcs":[[865,866]],"type":"Polygon","properties":{"polygon_uuid":"28a444a0-3390-495e-bb6d-dfb01f9c4f79","land_type":200,"issue_year":2024,"edit_year":2020,"history":"[{\"筆ポリゴンID\":\"ec1a06cf-5d8d-42fe-8968-cf5a2982fbd1\",\"更新年度\":2023,\"前年同一\":true},[{\"筆ポリゴンID\":\"2c9352e1-2341-4f3c-9624-146014671e71\",\"更新年度\":2022,\"前年同一\":true},[{\"筆ポリゴンID\":\"961b0524-f450-406a-9607-af3eae25bd28\",\"更新年度\":2021,\"前年同一\":true},{\"筆ポリゴンID\":\"961b0524-f450-406a-9607-af3eae25bd28\",\"発生年度\":2020}]]]","last_polygon_uuid":"ec1a06cf-5d8d-42fe-8968-cf5a2982fbd1","prev_last_polygon_uuid":"2c9352e1-2341-4f3c-9624-146014671e71","local_government_cd":"016080","point_lng":142.910701349,"point_lat":42.141322458}},{"arcs":[[867,-722,868]],"type":"Polygon","properties":{"polygon_uuid":"a4d3b4e7-c10e-48ca-ab23-4982d5ffd44c","land_type":200,"issue_year":2024,"edit_year":2020,"history":"[{\"筆ポリゴンID\":\"cc7b7187-3d76-4aea-bda3-3083bc54feae\",\"更新年度\":2023,\"前年同一\":true},[{\"筆ポリゴンID\":\"4c42cc12-7540-4e58-b7ee-fca6eaf4f935\",\"更新年度\":2022,\"前年同一\":true},[{\"筆ポリゴンID\":\"89b694fb-dba3-4c21-b78e-cfa14e1d857a\",\"更新年度\":2021,\"前年同一\":true},{\"筆ポリゴンID\":\"89b694fb-dba3-4c21-b78e-cfa14e1d857a\",\"発生年度\":2020}]]]","last_polygon_uuid":"cc7b7187-3d76-4aea-bda3-3083bc54feae","prev_last_polygon_uuid":"4c42cc12-7540-4e58-b7ee-fca6eaf4f935","local_government_cd":"016080","point_lng":142.944787405,"point_lat":42.132498213}},{"arcs":[[869]],"type":"Polygon","properties":{"polygon_uuid":"2c6e160d-a27e-49dc-8044-e0b9da1b50d7","land_type":200,"issue_year":2024,"edit_year":2020,"history":"[{\"筆ポリゴンID\":\"79f65003-6edf-441a-a45e-087ca51ff389\",\"更新年度\":2023,\"前年同一\":true},[{\"筆ポリゴンID\":\"bd354b8f-7cb4-4e3d-9de2-dc99285e3d23\",\"更新年度\":2022,\"前年同一\":true},[{\"筆ポリゴンID\":\"8dc4c21e-f2ab-4026-bfa4-003a6a1204af\",\"更新年度\":2021,\"前年同一\":true},{\"筆ポリゴンID\":\"8dc4c21e-f2ab-4026-bfa4-003a6a1204af\",\"発生年度\":2020}]]]","last_polygon_uuid":"79f65003-6edf-441a-a45e-087ca51ff389","prev_last_polygon_uuid":"bd354b8f-7cb4-4e3d-9de2-dc99285e3d23","local_government_cd":"016080","point_lng":142.947365417,"point_lat":42.167001919}},{"arcs":[[870,-825,871,-847]],"type":"Polygon","properties":{"polygon_uuid":"01acf504-4d8b-4201-8732-4f29d50e7d41","land_type":100,"issue_year":2024,"edit_year":2020,"history":"[{\"筆ポリゴンID\":\"aa33fbb2-1afb-4d91-ac9d-d9ea197026bb\",\"更新年度\":2023,\"前年同一\":true},[{\"筆ポリゴンID\":\"a3cfae5a-6060-4c72-98c2-e0ca38845a65\",\"更新年度\":2022,\"前年同一\":true},[{\"筆ポリゴンID\":\"d82d81c3-2dc7-40dd-8aeb-f5493e80d0e2\",\"更新年度\":2021,\"前年同一\":true},{\"筆ポリゴンID\":\"d82d81c3-2dc7-40dd-8aeb-f5493e80d0e2\",\"発生年度\":2020}]]]","last_polygon_uuid":"aa33fbb2-1afb-4d91-ac9d-d9ea197026bb","prev_last_polygon_uuid":"a3cfae5a-6060-4c72-98c2-e0ca38845a65","local_government_cd":"016080","point_lng":142.940894673,"point_lat":42.149190605}},{"arcs":[[872]],"type":"Polygon","properties":{"polygon_uuid":"0bd6112e-0014-4b0f-85c0-9c6b71e996eb","land_type":200,"issue_year":2024,"edit_year":2020,"history":"[{\"筆ポリゴンID\":\"bb2f77f4-ac96-45d0-9acb-b1b85ef30aff\",\"更新年度\":2023,\"前年同一\":true},[{\"筆ポリゴンID\":\"aa5b17fd-e2f1-41c8-87f6-cd1fdc10b4b9\",\"更新年度\":2022,\"前年同一\":true},[{\"筆ポリゴンID\":\"698a4bce-ca78-4cbe-8903-8de98149a248\",\"更新年度\":2021,\"前年同一\":true},{\"筆ポリゴンID\":\"698a4bce-ca78-4cbe-8903-8de98149a248\",\"発生年度\":2020}]]]","last_polygon_uuid":"bb2f77f4-ac96-45d0-9acb-b1b85ef30aff","prev_last_polygon_uuid":"aa5b17fd-e2f1-41c8-87f6-cd1fdc10b4b9","local_government_cd":"016080","point_lng":142.938467744,"point_lat":42.152845403}},{"arcs":[[873,-803,874,875]],"type":"Polygon","properties":{"polygon_uuid":"511587a9-f365-4624-9f0b-ac15c61e17dc","land_type":100,"issue_year":2024,"edit_year":2020,"history":"[{\"筆ポリゴンID\":\"19ea98e4-3b7f-4906-8334-9fa873beee1c\",\"更新年度\":2023,\"前年同一\":true},[{\"筆ポリゴンID\":\"db368143-4bdb-4e90-818a-c06d2fd6b174\",\"更新年度\":2022,\"前年同一\":true},[{\"筆ポリゴンID\":\"5a1fba8b-8f3f-4a83-a37d-fc87c0fc1e78\",\"更新年度\":2021,\"前年同一\":true},{\"筆ポリゴンID\":\"5a1fba8b-8f3f-4a83-a37d-fc87c0fc1e78\",\"発生年度\":2020}]]]","last_polygon_uuid":"19ea98e4-3b7f-4906-8334-9fa873beee1c","prev_last_polygon_uuid":"db368143-4bdb-4e90-818a-c06d2fd6b174","local_government_cd":"016080","point_lng":142.941302187,"point_lat":42.150184831}},{"arcs":[[876,877]],"type":"Polygon","properties":{"polygon_uuid":"e7994e91-e7e0-471c-96c7-3bf4f87bb078","land_type":100,"issue_year":2024,"edit_year":2020,"history":"[{\"筆ポリゴンID\":\"41d07961-8180-4436-b5f3-7d388dc24b51\",\"更新年度\":2023,\"前年同一\":true},[{\"筆ポリゴンID\":\"c21698cb-338a-46fb-a72e-50c5e4e57796\",\"更新年度\":2022,\"前年同一\":true},[{\"筆ポリゴンID\":\"b6091d28-52f4-42f9-967c-507726f49056\",\"更新年度\":2021,\"前年同一\":true},{\"筆ポリゴンID\":\"b6091d28-52f4-42f9-967c-507726f49056\",\"発生年度\":2020}]]]","last_polygon_uuid":"41d07961-8180-4436-b5f3-7d388dc24b51","prev_last_polygon_uuid":"c21698cb-338a-46fb-a72e-50c5e4e57796","local_government_cd":"016080","point_lng":142.942723214,"point_lat":42.147685822}},{"arcs":[[878]],"type":"Polygon","properties":{"polygon_uuid":"d4f0ca38-0e6e-451b-9745-6ccdb2d60b1e","land_type":200,"issue_year":2024,"edit_year":2020,"history":"[{\"筆ポリゴンID\":\"38a2eee0-f5aa-469c-8607-d91d72e81504\",\"更新年度\":2023,\"前年同一\":true},[{\"筆ポリゴンID\":\"42887115-5ba4-46aa-8ec6-507b83fe8198\",\"更新年度\":2022,\"前年同一\":true},[{\"筆ポリゴンID\":\"05835e12-5d65-4b26-b898-2c48f47471f3\",\"更新年度\":2021,\"前年同一\":true},{\"筆ポリゴンID\":\"05835e12-5d65-4b26-b898-2c48f47471f3\",\"発生年度\":2020}]]]","last_polygon_uuid":"38a2eee0-f5aa-469c-8607-d91d72e81504","prev_last_polygon_uuid":"42887115-5ba4-46aa-8ec6-507b83fe8198","local_government_cd":"016080","point_lng":142.937210372,"point_lat":42.155730006}},{"arcs":[[879]],"type":"Polygon","properties":{"polygon_uuid":"bf1219cf-faec-4ac5-a626-f7a2a9890d15","land_type":200,"issue_year":2024,"edit_year":2020,"history":"[{\"筆ポリゴンID\":\"4d194b48-c6a4-438b-9b02-75efd51fe602\",\"更新年度\":2023,\"前年同一\":true},[{\"筆ポリゴンID\":\"e20d2315-1ded-4b7d-8058-1a5548abd286\",\"更新年度\":2022,\"前年同一\":true},[{\"筆ポリゴンID\":\"273461f6-2931-4080-b91b-4a8b6b072341\",\"更新年度\":2021,\"前年同一\":true},{\"筆ポリゴンID\":\"273461f6-2931-4080-b91b-4a8b6b072341\",\"発生年度\":2020}]]]","last_polygon_uuid":"4d194b48-c6a4-438b-9b02-75efd51fe602","prev_last_polygon_uuid":"e20d2315-1ded-4b7d-8058-1a5548abd286","local_government_cd":"016080","point_lng":142.945754584,"point_lat":42.165568447}},{"arcs":[[880]],"type":"Polygon","properties":{"polygon_uuid":"b1d9658f-d5de-4248-bc32-625921ca3325","land_type":200,"issue_year":2024,"edit_year":2020,"history":"[{\"筆ポリゴンID\":\"cc7adc49-b942-463b-a444-ecc898e9c462\",\"更新年度\":2023,\"前年同一\":true},[{\"筆ポリゴンID\":\"06cf6f29-0541-44ce-9d9b-90355b84472b\",\"更新年度\":2022,\"前年同一\":true},[{\"筆ポリゴンID\":\"cf7908f0-6f52-4e50-b53f-893c63478198\",\"更新年度\":2021,\"前年同一\":true},{\"筆ポリゴンID\":\"cf7908f0-6f52-4e50-b53f-893c63478198\",\"発生年度\":2020}]]]","last_polygon_uuid":"cc7adc49-b942-463b-a444-ecc898e9c462","prev_last_polygon_uuid":"06cf6f29-0541-44ce-9d9b-90355b84472b","local_government_cd":"016080","point_lng":142.947624245,"point_lat":42.146470821}},{"arcs":[[-44,881,-829,882]],"type":"Polygon","properties":{"polygon_uuid":"37247248-4bfb-4d71-80d1-fafcb6fad067","land_type":100,"issue_year":2024,"edit_year":2022,"history":"[{\"筆ポリゴンID\":\"a29587d8-d77a-42a3-ab68-109a543cbd41\",\"更新年度\":2023,\"前年同一\":true},[{\"筆ポリゴンID\":\"34c3061b-2fe1-468e-870b-e4edfb66e1de\",\"更新年度\":2022,\"関連\":true},[{\"筆ポリゴンID\":\"5ce77d4e-d826-4c91-90b1-2eca0487835a\",\"更新年度\":2021,\"前年同一\":true},{\"筆ポリゴンID\":\"5ce77d4e-d826-4c91-90b1-2eca0487835a\",\"発生年度\":2020}]]]","last_polygon_uuid":"a29587d8-d77a-42a3-ab68-109a543cbd41","prev_last_polygon_uuid":null,"local_government_cd":"016080","point_lng":142.949610192,"point_lat":42.149459081}},{"arcs":[[883,884]],"type":"Polygon","properties":{"polygon_uuid":"cdd9bb9b-2ca5-4d0b-b5b9-564385177790","land_type":200,"issue_year":2024,"edit_year":2020,"history":"[{\"筆ポリゴンID\":\"ba74f2dc-7796-456d-a647-d4d1b18b4357\",\"更新年度\":2023,\"前年同一\":true},[{\"筆ポリゴンID\":\"5af0a7c7-148f-4aae-977e-86f10106c3c5\",\"更新年度\":2022,\"前年同一\":true},[{\"筆ポリゴンID\":\"2f6e4f28-ca51-431c-a39c-54e07a3a1f9a\",\"更新年度\":2021,\"前年同一\":true},{\"筆ポリゴンID\":\"2f6e4f28-ca51-431c-a39c-54e07a3a1f9a\",\"発生年度\":2020}]]]","last_polygon_uuid":"ba74f2dc-7796-456d-a647-d4d1b18b4357","prev_last_polygon_uuid":"5af0a7c7-148f-4aae-977e-86f10106c3c5","local_government_cd":"016080","point_lng":142.941188949,"point_lat":42.142783707}},{"arcs":[[885]],"type":"Polygon","properties":{"polygon_uuid":"a97a11e7-a20d-4db0-9c71-02d1731284d3","land_type":200,"issue_year":2024,"edit_year":2020,"history":"[{\"筆ポリゴンID\":\"dc317b47-c174-47b6-bedc-0b0745d9e0ca\",\"更新年度\":2023,\"前年同一\":true},[{\"筆ポリゴンID\":\"dab09f4f-2232-4ac3-a31d-ee2fc13e53bf\",\"更新年度\":2022,\"前年同一\":true},[{\"筆ポリゴンID\":\"24e62eaf-c865-44a6-bb45-df9950f0b03f\",\"更新年度\":2021,\"前年同一\":true},{\"筆ポリゴンID\":\"24e62eaf-c865-44a6-bb45-df9950f0b03f\",\"発生年度\":2020}]]]","last_polygon_uuid":"dc317b47-c174-47b6-bedc-0b0745d9e0ca","prev_last_polygon_uuid":"dab09f4f-2232-4ac3-a31d-ee2fc13e53bf","local_government_cd":"016080","point_lng":142.949939119,"point_lat":42.146270915}},{"arcs":[[886]],"type":"Polygon","properties":{"polygon_uuid":"b6b23deb-1a2c-4fac-aded-74b22a695b2c","land_type":200,"issue_year":2024,"edit_year":2020,"history":"[{\"筆ポリゴンID\":\"389dddd4-c769-4fa3-9b55-7ab08b453d7d\",\"更新年度\":2023,\"前年同一\":true},[{\"筆ポリゴンID\":\"6873e885-86f7-4601-8f92-d3d9d765203b\",\"更新年度\":2022,\"前年同一\":true},[{\"筆ポリゴンID\":\"05f0fa85-ff21-44ec-988e-740ab8f8edd4\",\"更新年度\":2021,\"前年同一\":true},{\"筆ポリゴンID\":\"05f0fa85-ff21-44ec-988e-740ab8f8edd4\",\"発生年度\":2020}]]]","last_polygon_uuid":"389dddd4-c769-4fa3-9b55-7ab08b453d7d","prev_last_polygon_uuid":"6873e885-86f7-4601-8f92-d3d9d765203b","local_government_cd":"016080","point_lng":142.929682108,"point_lat":42.161398979}},{"arcs":[[887]],"type":"Polygon","properties":{"polygon_uuid":"f59e4601-2ff9-4b12-8477-38bb025f2374","land_type":200,"issue_year":2024,"edit_year":2020,"history":"[{\"筆ポリゴンID\":\"af2eebcf-0964-4c97-b57e-d1e84c3c6a4b\",\"更新年度\":2023,\"前年同一\":true},[{\"筆ポリゴンID\":\"3efeac60-fd2d-4750-b366-1bde6644e6cc\",\"更新年度\":2022,\"前年同一\":true},[{\"筆ポリゴンID\":\"7a17706b-73ca-4d46-85d7-f9250e9babfe\",\"更新年度\":2021,\"前年同一\":true},{\"筆ポリゴンID\":\"7a17706b-73ca-4d46-85d7-f9250e9babfe\",\"発生年度\":2020}]]]","last_polygon_uuid":"af2eebcf-0964-4c97-b57e-d1e84c3c6a4b","prev_last_polygon_uuid":"3efeac60-fd2d-4750-b366-1bde6644e6cc","local_government_cd":"016080","point_lng":142.954808569,"point_lat":42.166548553}},{"arcs":[[888,889,890,891]],"type":"Polygon","properties":{"polygon_uuid":"a6d347b6-be25-4b41-8dc5-f8c153be5ab6","land_type":100,"issue_year":2024,"edit_year":2020,"history":"[{\"筆ポリゴンID\":\"1a2cbc02-0040-4afe-89c0-472e2189e600\",\"更新年度\":2023,\"前年同一\":true},[{\"筆ポリゴンID\":\"1a79781c-644a-4320-b80a-84b8f4c87bc2\",\"更新年度\":2022,\"前年同一\":true},[{\"筆ポリゴンID\":\"c7da38fd-2d43-4c7d-a088-1f97a9f84add\",\"更新年度\":2021,\"前年同一\":true},{\"筆ポリゴンID\":\"c7da38fd-2d43-4c7d-a088-1f97a9f84add\",\"発生年度\":2020}]]]","last_polygon_uuid":"1a2cbc02-0040-4afe-89c0-472e2189e600","prev_last_polygon_uuid":"1a79781c-644a-4320-b80a-84b8f4c87bc2","local_government_cd":"016080","point_lng":142.946774277,"point_lat":42.146487059}},{"arcs":[[892,893,894,895]],"type":"Polygon","properties":{"polygon_uuid":"3ea76752-c6e5-4e9a-ac5f-3b75125876f3","land_type":100,"issue_year":2024,"edit_year":2020,"history":"[{\"筆ポリゴンID\":\"89d0ccd8-7494-46c2-a7cf-6897ca148067\",\"更新年度\":2023,\"前年同一\":true},[{\"筆ポリゴンID\":\"854afeb1-c04e-4df4-abd5-9530ea325933\",\"更新年度\":2022,\"前年同一\":true},[{\"筆ポリゴンID\":\"f013ecd6-aae3-4623-8013-718d24bf4582\",\"更新年度\":2021,\"前年同一\":true},{\"筆ポリゴンID\":\"f013ecd6-aae3-4623-8013-718d24bf4582\",\"発生年度\":2020}]]]","last_polygon_uuid":"89d0ccd8-7494-46c2-a7cf-6897ca148067","prev_last_polygon_uuid":"854afeb1-c04e-4df4-abd5-9530ea325933","local_government_cd":"016080","point_lng":142.944955954,"point_lat":42.146557145}},{"arcs":[[896,-843,897,-820]],"type":"Polygon","properties":{"polygon_uuid":"f197eb66-7e80-462f-8708-2859acecbb4b","land_type":100,"issue_year":2024,"edit_year":2020,"history":"[{\"筆ポリゴンID\":\"4fbe80fc-61a8-4341-9882-644b6dfc49b8\",\"更新年度\":2023,\"前年同一\":true},[{\"筆ポリゴンID\":\"95216ca9-9a27-4832-a35e-44fc8a14659f\",\"更新年度\":2022,\"前年同一\":true},[{\"筆ポリゴンID\":\"af33a9e2-7c12-4c17-b125-811c2b35e59b\",\"更新年度\":2021,\"前年同一\":true},{\"筆ポリゴンID\":\"af33a9e2-7c12-4c17-b125-811c2b35e59b\",\"発生年度\":2020}]]]","last_polygon_uuid":"4fbe80fc-61a8-4341-9882-644b6dfc49b8","prev_last_polygon_uuid":"95216ca9-9a27-4832-a35e-44fc8a14659f","local_government_cd":"016080","point_lng":142.940783607,"point_lat":42.148602639}},{"arcs":[[898]],"type":"Polygon","properties":{"polygon_uuid":"4683a9a1-2c0a-4e40-af79-596a5bd5c1ca","land_type":200,"issue_year":2024,"edit_year":2020,"history":"[{\"筆ポリゴンID\":\"9e6651d7-d9d8-4b8d-83b3-9bcfeab2fedb\",\"更新年度\":2023,\"前年同一\":true},[{\"筆ポリゴンID\":\"e8d32ef8-9aed-48e4-8045-1b2b581ba3ba\",\"更新年度\":2022,\"前年同一\":true},[{\"筆ポリゴンID\":\"c34f7966-babf-4dc3-a7fc-88358a2cd112\",\"更新年度\":2021,\"前年同一\":true},{\"筆ポリゴンID\":\"c34f7966-babf-4dc3-a7fc-88358a2cd112\",\"発生年度\":2020}]]]","last_polygon_uuid":"9e6651d7-d9d8-4b8d-83b3-9bcfeab2fedb","prev_last_polygon_uuid":"e8d32ef8-9aed-48e4-8045-1b2b581ba3ba","local_government_cd":"016080","point_lng":142.942807975,"point_lat":42.156143045}},{"arcs":[[899,900,901,902]],"type":"Polygon","properties":{"polygon_uuid":"8cc8d998-1d4a-4a60-b40c-8d3fe6491c73","land_type":100,"issue_year":2024,"edit_year":2020,"history":"[{\"筆ポリゴンID\":\"3daf85e8-8934-4577-a34b-a46c73a8586e\",\"更新年度\":2023,\"前年同一\":true},[{\"筆ポリゴンID\":\"f13d7855-604e-4d41-b650-1f96350f6489\",\"更新年度\":2022,\"前年同一\":true},[{\"筆ポリゴンID\":\"016b7c72-ccd5-4ec6-8b3a-2e83a2194f83\",\"更新年度\":2021,\"前年同一\":true},{\"筆ポリゴンID\":\"016b7c72-ccd5-4ec6-8b3a-2e83a2194f83\",\"発生年度\":2020}]]]","last_polygon_uuid":"3daf85e8-8934-4577-a34b-a46c73a8586e","prev_last_polygon_uuid":"f13d7855-604e-4d41-b650-1f96350f6489","local_government_cd":"016080","point_lng":142.945117168,"point_lat":42.14699615}},{"arcs":[[903]],"type":"Polygon","properties":{"polygon_uuid":"1a693fe7-dcb5-456a-ac12-cca0cb6986bf","land_type":200,"issue_year":2024,"edit_year":2020,"history":"[{\"筆ポリゴンID\":\"8ed3d3d0-8e41-4e70-95c1-ca86ff638584\",\"更新年度\":2023,\"前年同一\":true},[{\"筆ポリゴンID\":\"3eeeea4a-ca3f-42c2-945f-eda311b0d4ce\",\"更新年度\":2022,\"前年同一\":true},[{\"筆ポリゴンID\":\"99fe132c-0cd8-4a7e-b464-e8267916f585\",\"更新年度\":2021,\"前年同一\":true},{\"筆ポリゴンID\":\"99fe132c-0cd8-4a7e-b464-e8267916f585\",\"発生年度\":2020}]]]","last_polygon_uuid":"8ed3d3d0-8e41-4e70-95c1-ca86ff638584","prev_last_polygon_uuid":"3eeeea4a-ca3f-42c2-945f-eda311b0d4ce","local_government_cd":"016080","point_lng":142.937266819,"point_lat":42.133833685}},{"arcs":[[904]],"type":"Polygon","properties":{"polygon_uuid":"a18778ae-43c1-4beb-96be-c93930239214","land_type":200,"issue_year":2024,"edit_year":2020,"history":"[{\"筆ポリゴンID\":\"365599ac-7d98-47ed-9546-e4532fe205c7\",\"更新年度\":2023,\"前年同一\":true},[{\"筆ポリゴンID\":\"260db3b8-0f2b-45e6-b06e-94a417660d77\",\"更新年度\":2022,\"前年同一\":true},[{\"筆ポリゴンID\":\"b875ea8c-611c-4782-80c1-6468de4036d6\",\"更新年度\":2021,\"前年同一\":true},{\"筆ポリゴンID\":\"b875ea8c-611c-4782-80c1-6468de4036d6\",\"発生年度\":2020}]]]","last_polygon_uuid":"365599ac-7d98-47ed-9546-e4532fe205c7","prev_last_polygon_uuid":"260db3b8-0f2b-45e6-b06e-94a417660d77","local_government_cd":"016080","point_lng":142.913999353,"point_lat":42.142588566}},{"arcs":[[905,-878,906,907]],"type":"Polygon","properties":{"polygon_uuid":"d961d95e-fa61-4f5d-b68a-37415d4d6dd4","land_type":100,"issue_year":2024,"edit_year":2020,"history":"[{\"筆ポリゴンID\":\"59f3ae8c-3179-4174-8a0d-995af9012951\",\"更新年度\":2023,\"前年同一\":true},[{\"筆ポリゴンID\":\"cf1ee039-d7f9-4be2-a167-426aca184037\",\"更新年度\":2022,\"前年同一\":true},[{\"筆ポリゴンID\":\"ac30ca2e-2267-49ec-8408-b7affd55bcb7\",\"更新年度\":2021,\"前年同一\":true},{\"筆ポリゴンID\":\"ac30ca2e-2267-49ec-8408-b7affd55bcb7\",\"発生年度\":2020}]]]","last_polygon_uuid":"59f3ae8c-3179-4174-8a0d-995af9012951","prev_last_polygon_uuid":"cf1ee039-d7f9-4be2-a167-426aca184037","local_government_cd":"016080","point_lng":142.942771718,"point_lat":42.147894611}},{"arcs":[[908]],"type":"Polygon","properties":{"polygon_uuid":"92fbde66-a14c-4fe0-96d0-97340a1311a9","land_type":200,"issue_year":2024,"edit_year":2020,"history":"[{\"筆ポリゴンID\":\"05055f65-e101-4d04-986e-136783859430\",\"更新年度\":2023,\"前年同一\":true},[{\"筆ポリゴンID\":\"764fdd15-c9b8-43ba-9190-7f26ee9ca8c1\",\"更新年度\":2022,\"前年同一\":true},[{\"筆ポリゴンID\":\"5420b7b8-1b46-4773-8faf-9f9151b9689b\",\"更新年度\":2021,\"前年同一\":true},{\"筆ポリゴンID\":\"5420b7b8-1b46-4773-8faf-9f9151b9689b\",\"発生年度\":2020}]]]","last_polygon_uuid":"05055f65-e101-4d04-986e-136783859430","prev_last_polygon_uuid":"764fdd15-c9b8-43ba-9190-7f26ee9ca8c1","local_government_cd":"016080","point_lng":142.918496752,"point_lat":42.150791547}},{"arcs":[[909]],"type":"Polygon","properties":{"polygon_uuid":"26d41e4f-c6d3-4f36-b9cf-9d5d7213bc39","land_type":200,"issue_year":2024,"edit_year":2020,"history":"[{\"筆ポリゴンID\":\"fdd45ee1-0ef8-47a1-b465-f45485bc70f1\",\"更新年度\":2023,\"前年同一\":true},[{\"筆ポリゴンID\":\"6d7540be-7401-4990-8aef-19b42bfcfd62\",\"更新年度\":2022,\"前年同一\":true},[{\"筆ポリゴンID\":\"5508d86a-6b9d-40bc-bcea-826fabd51001\",\"更新年度\":2021,\"前年同一\":true},{\"筆ポリゴンID\":\"5508d86a-6b9d-40bc-bcea-826fabd51001\",\"発生年度\":2020}]]]","last_polygon_uuid":"fdd45ee1-0ef8-47a1-b465-f45485bc70f1","prev_last_polygon_uuid":"6d7540be-7401-4990-8aef-19b42bfcfd62","local_government_cd":"016080","point_lng":142.950931095,"point_lat":42.152448444}},{"arcs":[[910,911]],"type":"Polygon","properties":{"polygon_uuid":"059bffb7-fbcf-441c-9f81-d52e49dda056","land_type":200,"issue_year":2024,"edit_year":2020,"history":"[{\"筆ポリゴンID\":\"9ad1b8af-4ed4-4ca5-8a37-474e4d9e1498\",\"更新年度\":2023,\"前年同一\":true},[{\"筆ポリゴンID\":\"e1d9f568-006c-4800-84b7-424fec3eda7a\",\"更新年度\":2022,\"前年同一\":true},[{\"筆ポリゴンID\":\"bd309a5f-b412-4134-ad98-c2ccc7a2da4d\",\"更新年度\":2021,\"前年同一\":true},{\"筆ポリゴンID\":\"bd309a5f-b412-4134-ad98-c2ccc7a2da4d\",\"発生年度\":2020}]]]","last_polygon_uuid":"9ad1b8af-4ed4-4ca5-8a37-474e4d9e1498","prev_last_polygon_uuid":"e1d9f568-006c-4800-84b7-424fec3eda7a","local_government_cd":"016080","point_lng":142.942101398,"point_lat":42.142285882}},{"arcs":[[912,-849,913,-863]],"type":"Polygon","properties":{"polygon_uuid":"2213bcb8-5f5f-4acb-9353-76043c8c4a2c","land_type":100,"issue_year":2024,"edit_year":2020,"history":"[{\"筆ポリゴンID\":\"23cdc8dd-3b6b-4233-add0-98807a23f6ab\",\"更新年度\":2023,\"前年同一\":true},[{\"筆ポリゴンID\":\"4774e84e-ccfa-435b-9c7c-9a4cd81ec80c\",\"更新年度\":2022,\"前年同一\":true},[{\"筆ポリゴンID\":\"0edd1c71-e125-43f3-9aa3-8e5f69044f8f\",\"更新年度\":2021,\"前年同一\":true},{\"筆ポリゴンID\":\"0edd1c71-e125-43f3-9aa3-8e5f69044f8f\",\"発生年度\":2020}]]]","last_polygon_uuid":"23cdc8dd-3b6b-4233-add0-98807a23f6ab","prev_last_polygon_uuid":"4774e84e-ccfa-435b-9c7c-9a4cd81ec80c","local_government_cd":"016080","point_lng":142.940967292,"point_lat":42.149607045}},{"arcs":[[914]],"type":"Polygon","properties":{"polygon_uuid":"9b60a4e5-e031-4402-8e8d-ba6f339c23a2","land_type":200,"issue_year":2024,"edit_year":2020,"history":"[{\"筆ポリゴンID\":\"ac5f991b-b773-45b3-9398-bab2d6fbd0e6\",\"更新年度\":2023,\"前年同一\":true},[{\"筆ポリゴンID\":\"924833e9-a605-48bd-9120-5783f56b791a\",\"更新年度\":2022,\"前年同一\":true},[{\"筆ポリゴンID\":\"29d1b8c6-8ef8-436d-bbeb-2dc2fbf3791a\",\"更新年度\":2021,\"前年同一\":true},{\"筆ポリゴンID\":\"29d1b8c6-8ef8-436d-bbeb-2dc2fbf3791a\",\"発生年度\":2020}]]]","last_polygon_uuid":"ac5f991b-b773-45b3-9398-bab2d6fbd0e6","prev_last_polygon_uuid":"924833e9-a605-48bd-9120-5783f56b791a","local_government_cd":"016080","point_lng":142.924075345,"point_lat":42.153967902}},{"arcs":[[915]],"type":"Polygon","properties":{"polygon_uuid":"4d40d75a-b3b6-49db-a7f0-cec2e6082c19","land_type":200,"issue_year":2024,"edit_year":2020,"history":"[{\"筆ポリゴンID\":\"3e5470ca-3e69-4626-a065-4fcdf264a1b3\",\"更新年度\":2023,\"前年同一\":true},[{\"筆ポリゴンID\":\"dabff737-782b-4326-ac4b-fad26186f94e\",\"更新年度\":2022,\"前年同一\":true},[{\"筆ポリゴンID\":\"c77e21ed-a474-4fe1-a3a9-5652ade040f7\",\"更新年度\":2021,\"前年同一\":true},{\"筆ポリゴンID\":\"c77e21ed-a474-4fe1-a3a9-5652ade040f7\",\"発生年度\":2020}]]]","last_polygon_uuid":"3e5470ca-3e69-4626-a065-4fcdf264a1b3","prev_last_polygon_uuid":"dabff737-782b-4326-ac4b-fad26186f94e","local_government_cd":"016080","point_lng":142.946878656,"point_lat":42.143512552}},{"arcs":[[916]],"type":"Polygon","properties":{"polygon_uuid":"1f2a328d-78b7-4fbf-abda-406aaf19f19f","land_type":200,"issue_year":2024,"edit_year":2020,"history":"[{\"筆ポリゴンID\":\"9533830a-ddb4-485f-a2cf-1ecca5af4ed3\",\"更新年度\":2023,\"前年同一\":true},[{\"筆ポリゴンID\":\"06308078-c392-442f-924f-aec28aef82ce\",\"更新年度\":2022,\"前年同一\":true},[{\"筆ポリゴンID\":\"2dbff6d1-d794-4c15-9027-e4d070f6f976\",\"更新年度\":2021,\"前年同一\":true},{\"筆ポリゴンID\":\"2dbff6d1-d794-4c15-9027-e4d070f6f976\",\"発生年度\":2020}]]]","last_polygon_uuid":"9533830a-ddb4-485f-a2cf-1ecca5af4ed3","prev_last_polygon_uuid":"06308078-c392-442f-924f-aec28aef82ce","local_government_cd":"016080","point_lng":142.901653933,"point_lat":42.137819251}},{"arcs":[[-891,917,-743,918]],"type":"Polygon","properties":{"polygon_uuid":"622c077e-ef15-43a4-aa8e-32486dd8bb06","land_type":100,"issue_year":2024,"edit_year":2020,"history":"[{\"筆ポリゴンID\":\"901e25bd-0906-44d7-bec5-a00337a8e10d\",\"更新年度\":2023,\"前年同一\":true},[{\"筆ポリゴンID\":\"909c6da4-35e8-446c-b3db-a402c2335537\",\"更新年度\":2022,\"前年同一\":true},[{\"筆ポリゴンID\":\"69dfb95a-6083-4a9c-bfbd-b263c5073772\",\"更新年度\":2021,\"前年同一\":true},{\"筆ポリゴンID\":\"69dfb95a-6083-4a9c-bfbd-b263c5073772\",\"発生年度\":2020}]]]","last_polygon_uuid":"901e25bd-0906-44d7-bec5-a00337a8e10d","prev_last_polygon_uuid":"909c6da4-35e8-446c-b3db-a402c2335537","local_government_cd":"016080","point_lng":142.946840329,"point_lat":42.146700408}},{"arcs":[[919]],"type":"Polygon","properties":{"polygon_uuid":"e37bb922-931b-447f-a3ae-34333946b645","land_type":200,"issue_year":2024,"edit_year":2020,"history":"[{\"筆ポリゴンID\":\"dad4e845-373e-4835-a87d-8503dcb069f0\",\"更新年度\":2023,\"前年同一\":true},[{\"筆ポリゴンID\":\"e16f45cc-7c1e-4e1d-94b7-7072b622ea00\",\"更新年度\":2022,\"前年同一\":true},[{\"筆ポリゴンID\":\"07191d49-64f1-4470-96fa-c35e5f18c9d5\",\"更新年度\":2021,\"前年同一\":true},{\"筆ポリゴンID\":\"07191d49-64f1-4470-96fa-c35e5f18c9d5\",\"発生年度\":2020}]]]","last_polygon_uuid":"dad4e845-373e-4835-a87d-8503dcb069f0","prev_last_polygon_uuid":"e16f45cc-7c1e-4e1d-94b7-7072b622ea00","local_government_cd":"016080","point_lng":142.90649839,"point_lat":42.142523991}},{"arcs":[[920]],"type":"Polygon","properties":{"polygon_uuid":"a329dd73-4e3f-4b24-82af-72e34d7b231e","land_type":200,"issue_year":2024,"edit_year":2020,"history":"[{\"筆ポリゴンID\":\"995b1baa-ebcc-4bc2-ad26-59c341608bc1\",\"更新年度\":2023,\"前年同一\":true},[{\"筆ポリゴンID\":\"06e3c65e-c3ae-48a9-a79b-acedf61b9567\",\"更新年度\":2022,\"前年同一\":true},[{\"筆ポリゴンID\":\"e009d245-9449-4e20-9cf2-cabf1bea00d1\",\"更新年度\":2021,\"前年同一\":true},{\"筆ポリゴンID\":\"e009d245-9449-4e20-9cf2-cabf1bea00d1\",\"発生年度\":2020}]]]","last_polygon_uuid":"995b1baa-ebcc-4bc2-ad26-59c341608bc1","prev_last_polygon_uuid":"06e3c65e-c3ae-48a9-a79b-acedf61b9567","local_government_cd":"016080","point_lng":142.950934643,"point_lat":42.158663466}},{"arcs":[[921]],"type":"Polygon","properties":{"polygon_uuid":"8c210f74-05a8-4795-a16c-551c9b65469c","land_type":200,"issue_year":2024,"edit_year":2020,"history":"[{\"筆ポリゴンID\":\"8e8180f6-50b4-4c72-b594-1f9cc44e8c32\",\"更新年度\":2023,\"前年同一\":true},[{\"筆ポリゴンID\":\"b9826580-485e-49db-ba79-5de921b08412\",\"更新年度\":2022,\"前年同一\":true},[{\"筆ポリゴンID\":\"50a31f80-e20b-416a-8e2e-02a0ed32c9f1\",\"更新年度\":2021,\"前年同一\":true},{\"筆ポリゴンID\":\"50a31f80-e20b-416a-8e2e-02a0ed32c9f1\",\"発生年度\":2020}]]]","last_polygon_uuid":"8e8180f6-50b4-4c72-b594-1f9cc44e8c32","prev_last_polygon_uuid":"b9826580-485e-49db-ba79-5de921b08412","local_government_cd":"016080","point_lng":142.963720999,"point_lat":42.122257663}},{"arcs":[[922]],"type":"Polygon","properties":{"polygon_uuid":"6a835fc7-c808-4d7f-b45d-1905581c7b2f","land_type":200,"issue_year":2024,"edit_year":2020,"history":"[{\"筆ポリゴンID\":\"136df49a-3b68-4d70-8f30-7ad73c553363\",\"更新年度\":2023,\"前年同一\":true},[{\"筆ポリゴンID\":\"a1253edd-266a-447a-a5cf-05de04d362b8\",\"更新年度\":2022,\"前年同一\":true},[{\"筆ポリゴンID\":\"c9585c48-a0d8-46f1-8d15-c03a3fdec048\",\"更新年度\":2021,\"前年同一\":true},{\"筆ポリゴンID\":\"c9585c48-a0d8-46f1-8d15-c03a3fdec048\",\"発生年度\":2020}]]]","last_polygon_uuid":"136df49a-3b68-4d70-8f30-7ad73c553363","prev_last_polygon_uuid":"a1253edd-266a-447a-a5cf-05de04d362b8","local_government_cd":"016080","point_lng":142.902496659,"point_lat":42.136235168}},{"arcs":[[923,-908,924,925]],"type":"Polygon","properties":{"polygon_uuid":"13716f60-57d4-4085-b81a-5048a7d00684","land_type":100,"issue_year":2024,"edit_year":2020,"history":"[{\"筆ポリゴンID\":\"c9f119ea-588d-4fe8-9271-82df46520788\",\"更新年度\":2023,\"前年同一\":true},[{\"筆ポリゴンID\":\"0b397c9b-35d9-4566-a0db-f64f6f0a319b\",\"更新年度\":2022,\"前年同一\":true},[{\"筆ポリゴンID\":\"13012291-a5cb-4826-bc8a-1283472a712a\",\"更新年度\":2021,\"前年同一\":true},{\"筆ポリゴンID\":\"13012291-a5cb-4826-bc8a-1283472a712a\",\"発生年度\":2020}]]]","last_polygon_uuid":"c9f119ea-588d-4fe8-9271-82df46520788","prev_last_polygon_uuid":"0b397c9b-35d9-4566-a0db-f64f6f0a319b","local_government_cd":"016080","point_lng":142.942776303,"point_lat":42.148092231}},{"arcs":[[926],[927]],"type":"Polygon","properties":{"polygon_uuid":"495ff3c0-0b3f-4b97-8e45-f9dac2d10a45","land_type":200,"issue_year":2024,"edit_year":2020,"history":"[{\"筆ポリゴンID\":\"f5bf52b2-0f6f-4993-b6b9-f1f3e735f1ef\",\"更新年度\":2023,\"前年同一\":true},[{\"筆ポリゴンID\":\"cec45594-bbd6-4494-b647-ac1bd58dcfe3\",\"更新年度\":2022,\"前年同一\":true},[{\"筆ポリゴンID\":\"8b74cd2a-f652-48bc-83a9-047dfe56fc55\",\"更新年度\":2021,\"前年同一\":true},{\"筆ポリゴンID\":\"8b74cd2a-f652-48bc-83a9-047dfe56fc55\",\"発生年度\":2020}]]]","last_polygon_uuid":"f5bf52b2-0f6f-4993-b6b9-f1f3e735f1ef","prev_last_polygon_uuid":"cec45594-bbd6-4494-b647-ac1bd58dcfe3","local_government_cd":"016080","point_lng":142.914528699,"point_lat":42.167906204}},{"arcs":[[928]],"type":"Polygon","properties":{"polygon_uuid":"beaf463e-c7cd-4709-9314-4a830861828b","land_type":200,"issue_year":2024,"edit_year":2020,"history":"[{\"筆ポリゴンID\":\"48ad9908-b5a4-46f7-ae91-3ae8ddd99fd2\",\"更新年度\":2023,\"前年同一\":true},[{\"筆ポリゴンID\":\"9e15da28-444b-4a35-8a2c-0893223d25bc\",\"更新年度\":2022,\"前年同一\":true},[{\"筆ポリゴンID\":\"b63a1dcf-b04e-443d-975e-ccab57daf636\",\"更新年度\":2021,\"前年同一\":true},{\"筆ポリゴンID\":\"b63a1dcf-b04e-443d-975e-ccab57daf636\",\"発生年度\":2020}]]]","last_polygon_uuid":"48ad9908-b5a4-46f7-ae91-3ae8ddd99fd2","prev_last_polygon_uuid":"9e15da28-444b-4a35-8a2c-0893223d25bc","local_government_cd":"016080","point_lng":142.950218903,"point_lat":42.145744681}},{"arcs":[[929,930,-811,931]],"type":"Polygon","properties":{"polygon_uuid":"9326f8ba-590a-4bf2-a79e-5d96cec73504","land_type":100,"issue_year":2024,"edit_year":2020,"history":"[{\"筆ポリゴンID\":\"19c510cc-d1e4-4742-9dc7-2f674bcca4af\",\"更新年度\":2023,\"前年同一\":true},[{\"筆ポリゴンID\":\"48502617-775e-492e-9c51-6a83abdfd3ac\",\"更新年度\":2022,\"前年同一\":true},[{\"筆ポリゴンID\":\"9bcb57f6-9a9a-411c-8593-19f175e88312\",\"更新年度\":2021,\"前年同一\":true},{\"筆ポリゴンID\":\"9bcb57f6-9a9a-411c-8593-19f175e88312\",\"発生年度\":2020}]]]","last_polygon_uuid":"19c510cc-d1e4-4742-9dc7-2f674bcca4af","prev_last_polygon_uuid":"48502617-775e-492e-9c51-6a83abdfd3ac","local_government_cd":"016080","point_lng":142.947703358,"point_lat":42.147951092}},{"arcs":[[932]],"type":"Polygon","properties":{"polygon_uuid":"1d7fc71b-84db-45a2-8279-6b0abaf4e8ba","land_type":200,"issue_year":2024,"edit_year":2020,"history":"[{\"筆ポリゴンID\":\"501400c2-1046-44ab-892a-a7282ce753c8\",\"更新年度\":2023,\"前年同一\":true},[{\"筆ポリゴンID\":\"6e2de619-b916-41b3-93ac-5f9805584900\",\"更新年度\":2022,\"前年同一\":true},[{\"筆ポリゴンID\":\"11939b63-2982-4fe1-b4ca-69db98ead40b\",\"更新年度\":2021,\"前年同一\":true},{\"筆ポリゴンID\":\"11939b63-2982-4fe1-b4ca-69db98ead40b\",\"発生年度\":2020}]]]","last_polygon_uuid":"501400c2-1046-44ab-892a-a7282ce753c8","prev_last_polygon_uuid":"6e2de619-b916-41b3-93ac-5f9805584900","local_government_cd":"016080","point_lng":142.950245678,"point_lat":42.157860385}},{"arcs":[[933]],"type":"Polygon","properties":{"polygon_uuid":"d350943e-a119-4fdd-97d9-c8520fef8955","land_type":200,"issue_year":2024,"edit_year":2020,"history":"[{\"筆ポリゴンID\":\"48c89ff8-d05d-4f36-97a2-c8dc891ab6aa\",\"更新年度\":2023,\"前年同一\":true},[{\"筆ポリゴンID\":\"63d1ca75-9b48-4167-99db-c4474391230c\",\"更新年度\":2022,\"前年同一\":true},[{\"筆ポリゴンID\":\"4ca3a7d6-b9e0-4404-b139-8633298f0234\",\"更新年度\":2021,\"前年同一\":true},{\"筆ポリゴンID\":\"4ca3a7d6-b9e0-4404-b139-8633298f0234\",\"発生年度\":2020}]]]","last_polygon_uuid":"48c89ff8-d05d-4f36-97a2-c8dc891ab6aa","prev_last_polygon_uuid":"63d1ca75-9b48-4167-99db-c4474391230c","local_government_cd":"016080","point_lng":142.914803112,"point_lat":42.146952405}},{"arcs":[[-745,934]],"type":"Polygon","properties":{"polygon_uuid":"a2855172-87f9-41e8-b179-386d35166f67","land_type":100,"issue_year":2024,"edit_year":2020,"history":"[{\"筆ポリゴンID\":\"eff746ae-c25d-4bc1-a3aa-6a2f541c1ec0\",\"更新年度\":2023,\"前年同一\":true},[{\"筆ポリゴンID\":\"622c05f5-dbd3-45e7-a876-103a20270828\",\"更新年度\":2022,\"前年同一\":true},[{\"筆ポリゴンID\":\"52b0a150-b71b-4712-8ab9-0dadf4d29795\",\"更新年度\":2021,\"前年同一\":true},{\"筆ポリゴンID\":\"52b0a150-b71b-4712-8ab9-0dadf4d29795\",\"発生年度\":2020}]]]","last_polygon_uuid":"eff746ae-c25d-4bc1-a3aa-6a2f541c1ec0","prev_last_polygon_uuid":"622c05f5-dbd3-45e7-a876-103a20270828","local_government_cd":"016080","point_lng":142.947403343,"point_lat":42.147147746}},{"arcs":[[935,936,937,-850]],"type":"Polygon","properties":{"polygon_uuid":"e8d62bff-c9ef-480c-98cb-c1cf22500809","land_type":100,"issue_year":2024,"edit_year":2020,"history":"[{\"筆ポリゴンID\":\"b5852a88-c0c8-4ca1-9f92-eba76342d83e\",\"更新年度\":2023,\"前年同一\":true},[{\"筆ポリゴンID\":\"a3bf5b47-7a57-4f4d-8b93-aad704437398\",\"更新年度\":2022,\"前年同一\":true},[{\"筆ポリゴンID\":\"cd11ab3b-198e-492b-adc5-3c1f4945b8de\",\"更新年度\":2021,\"前年同一\":true},{\"筆ポリゴンID\":\"cd11ab3b-198e-492b-adc5-3c1f4945b8de\",\"発生年度\":2020}]]]","last_polygon_uuid":"b5852a88-c0c8-4ca1-9f92-eba76342d83e","prev_last_polygon_uuid":"a3bf5b47-7a57-4f4d-8b93-aad704437398","local_government_cd":"016080","point_lng":142.941637261,"point_lat":42.150606894}},{"arcs":[[938,-876,939,-937]],"type":"Polygon","properties":{"polygon_uuid":"22262593-3547-47f3-81d0-2b6436ca8475","land_type":100,"issue_year":2024,"edit_year":2020,"history":"[{\"筆ポリゴンID\":\"74520922-7429-4ce3-9e5c-ba1a89350d94\",\"更新年度\":2023,\"前年同一\":true},[{\"筆ポリゴンID\":\"96531536-fd46-4e2f-9e84-459732e42843\",\"更新年度\":2022,\"前年同一\":true},[{\"筆ポリゴンID\":\"c0cd4ccf-47e7-4956-aba5-16a17ee5ed97\",\"更新年度\":2021,\"前年同一\":true},{\"筆ポリゴンID\":\"c0cd4ccf-47e7-4956-aba5-16a17ee5ed97\",\"発生年度\":2020}]]]","last_polygon_uuid":"74520922-7429-4ce3-9e5c-ba1a89350d94","prev_last_polygon_uuid":"96531536-fd46-4e2f-9e84-459732e42843","local_government_cd":"016080","point_lng":142.941455505,"point_lat":42.150387791}},{"arcs":[[940,-834]],"type":"Polygon","properties":{"polygon_uuid":"a0274b79-ab3d-4e02-9985-03614b0b69cf","land_type":200,"issue_year":2024,"edit_year":2020,"history":"[{\"筆ポリゴンID\":\"0c10c291-095f-4075-9929-7c9130de68e7\",\"更新年度\":2023,\"前年同一\":true},[{\"筆ポリゴンID\":\"f5ec7f14-d8cc-49a6-94d4-a12749bfeace\",\"更新年度\":2022,\"前年同一\":true},[{\"筆ポリゴンID\":\"906efb20-49e2-4177-9d2c-79cc6ba1fc11\",\"更新年度\":2021,\"前年同一\":true},{\"筆ポリゴンID\":\"906efb20-49e2-4177-9d2c-79cc6ba1fc11\",\"発生年度\":2020}]]]","last_polygon_uuid":"0c10c291-095f-4075-9929-7c9130de68e7","prev_last_polygon_uuid":"f5ec7f14-d8cc-49a6-94d4-a12749bfeace","local_government_cd":"016080","point_lng":142.9437339,"point_lat":42.157197175}},{"arcs":[[941]],"type":"Polygon","properties":{"polygon_uuid":"a28638e5-bce1-4275-b7c0-814fdc4f1560","land_type":200,"issue_year":2024,"edit_year":2020,"history":"[{\"筆ポリゴンID\":\"7da30785-4a47-447c-8794-50acb96be87d\",\"更新年度\":2023,\"前年同一\":true},[{\"筆ポリゴンID\":\"cdf205db-28b2-4f0a-a28e-200649f8c006\",\"更新年度\":2022,\"前年同一\":true},[{\"筆ポリゴンID\":\"8ee38308-6ed9-4cf5-bdc1-970c37ba4693\",\"更新年度\":2021,\"前年同一\":true},{\"筆ポリゴンID\":\"8ee38308-6ed9-4cf5-bdc1-970c37ba4693\",\"発生年度\":2020}]]]","last_polygon_uuid":"7da30785-4a47-447c-8794-50acb96be87d","prev_last_polygon_uuid":"cdf205db-28b2-4f0a-a28e-200649f8c006","local_government_cd":"016080","point_lng":142.945794508,"point_lat":42.140643301}},{"arcs":[[942]],"type":"Polygon","properties":{"polygon_uuid":"243e1f72-2970-4c00-9354-dcbf7bd48222","land_type":200,"issue_year":2024,"edit_year":2020,"history":"[{\"筆ポリゴンID\":\"c7e64d8f-f3c8-460f-80fe-cf485a7fa939\",\"更新年度\":2023,\"前年同一\":true},[{\"筆ポリゴンID\":\"017d465d-2fd0-4d43-91b7-000a385af8b9\",\"更新年度\":2022,\"前年同一\":true},[{\"筆ポリゴンID\":\"f52a6a49-9a4e-4e16-9229-be750d2c10a3\",\"更新年度\":2021,\"前年同一\":true},{\"筆ポリゴンID\":\"f52a6a49-9a4e-4e16-9229-be750d2c10a3\",\"発生年度\":2020}]]]","last_polygon_uuid":"c7e64d8f-f3c8-460f-80fe-cf485a7fa939","prev_last_polygon_uuid":"017d465d-2fd0-4d43-91b7-000a385af8b9","local_government_cd":"016080","point_lng":142.946548027,"point_lat":42.142948097}},{"arcs":[[943,-866]],"type":"Polygon","properties":{"polygon_uuid":"6d16d801-14f0-49f9-8d79-2140343ad321","land_type":200,"issue_year":2024,"edit_year":2020,"history":"[{\"筆ポリゴンID\":\"90042a50-6a6b-4c89-9763-41a8db8298e6\",\"更新年度\":2023,\"前年同一\":true},[{\"筆ポリゴンID\":\"731cd5ff-7515-4fc8-813b-65bdcb957309\",\"更新年度\":2022,\"前年同一\":true},[{\"筆ポリゴンID\":\"14556ac4-e549-4130-8e57-7121866dd5fd\",\"更新年度\":2021,\"前年同一\":true},{\"筆ポリゴンID\":\"14556ac4-e549-4130-8e57-7121866dd5fd\",\"発生年度\":2020}]]]","last_polygon_uuid":"90042a50-6a6b-4c89-9763-41a8db8298e6","prev_last_polygon_uuid":"731cd5ff-7515-4fc8-813b-65bdcb957309","local_government_cd":"016080","point_lng":142.912234848,"point_lat":42.143078144}},{"arcs":[[944,945,-926,946]],"type":"Polygon","properties":{"polygon_uuid":"f52e710e-301f-431a-b3ba-16c768595c58","land_type":100,"issue_year":2024,"edit_year":2020,"history":"[{\"筆ポリゴンID\":\"019cb2de-ae49-49f5-aee2-e9138bde2e31\",\"更新年度\":2023,\"前年同一\":true},[{\"筆ポリゴンID\":\"4ecd4368-68a1-4ede-9eb1-23f88370489c\",\"更新年度\":2022,\"前年同一\":true},[{\"筆ポリゴンID\":\"61e1a292-27dc-4079-89e3-d3d2a47fee8c\",\"更新年度\":2021,\"前年同一\":true},{\"筆ポリゴンID\":\"61e1a292-27dc-4079-89e3-d3d2a47fee8c\",\"発生年度\":2020}]]]","last_polygon_uuid":"019cb2de-ae49-49f5-aee2-e9138bde2e31","prev_last_polygon_uuid":"4ecd4368-68a1-4ede-9eb1-23f88370489c","local_government_cd":"016080","point_lng":142.942833581,"point_lat":42.148289391}},{"arcs":[[-794,947]],"type":"Polygon","properties":{"polygon_uuid":"1362b9d4-6337-4c71-92c3-68ff613bedf5","land_type":200,"issue_year":2024,"edit_year":2020,"history":"[{\"筆ポリゴンID\":\"0c0e0776-1911-42a6-bb56-f5f9d9e867c7\",\"更新年度\":2023,\"前年同一\":true},[{\"筆ポリゴンID\":\"016ddeb1-ec82-4731-9897-4009786fb645\",\"更新年度\":2022,\"前年同一\":true},[{\"筆ポリゴンID\":\"d99d45ea-4f59-4808-b3b6-e76972c7163e\",\"更新年度\":2021,\"前年同一\":true},{\"筆ポリゴンID\":\"d99d45ea-4f59-4808-b3b6-e76972c7163e\",\"発生年度\":2020}]]]","last_polygon_uuid":"0c0e0776-1911-42a6-bb56-f5f9d9e867c7","prev_last_polygon_uuid":"016ddeb1-ec82-4731-9897-4009786fb645","local_government_cd":"016080","point_lng":142.954701074,"point_lat":42.139083268}},{"arcs":[[948]],"type":"Polygon","properties":{"polygon_uuid":"94127f6c-ea86-49ab-86d8-8a6cffc1e743","land_type":200,"issue_year":2024,"edit_year":2020,"history":"[{\"筆ポリゴンID\":\"00a4d2d8-0bf6-4956-9f38-e5193536df6f\",\"更新年度\":2023,\"前年同一\":true},[{\"筆ポリゴンID\":\"1ac0f724-826a-443c-8c99-9fd194bacd5b\",\"更新年度\":2022,\"前年同一\":true},[{\"筆ポリゴンID\":\"e7101880-f161-4bdb-ab8f-9325abb7cdb3\",\"更新年度\":2021,\"前年同一\":true},{\"筆ポリゴンID\":\"e7101880-f161-4bdb-ab8f-9325abb7cdb3\",\"発生年度\":2020}]]]","last_polygon_uuid":"00a4d2d8-0bf6-4956-9f38-e5193536df6f","prev_last_polygon_uuid":"1ac0f724-826a-443c-8c99-9fd194bacd5b","local_government_cd":"016080","point_lng":142.911937585,"point_lat":42.167120016}},{"arcs":[[-814,-832,949]],"type":"Polygon","properties":{"polygon_uuid":"a9f21f58-bc11-4d76-8c1d-bdd1306fc64c","land_type":100,"issue_year":2024,"edit_year":2020,"history":"[{\"筆ポリゴンID\":\"add574c8-df59-43d9-b45f-c48e8527806c\",\"更新年度\":2023,\"前年同一\":true},[{\"筆ポリゴンID\":\"8d45c300-f7c1-4c7e-957b-bde22c68cc22\",\"更新年度\":2022,\"前年同一\":true},[{\"筆ポリゴンID\":\"7f59d225-6879-4684-a403-5f97537c2e99\",\"更新年度\":2021,\"前年同一\":true},{\"筆ポリゴンID\":\"7f59d225-6879-4684-a403-5f97537c2e99\",\"発生年度\":2020}]]]","last_polygon_uuid":"add574c8-df59-43d9-b45f-c48e8527806c","prev_last_polygon_uuid":"8d45c300-f7c1-4c7e-957b-bde22c68cc22","local_government_cd":"016080","point_lng":142.947086974,"point_lat":42.147539939}},{"arcs":[[-610,950,-789,951]],"type":"Polygon","properties":{"polygon_uuid":"5d4d94c2-8fd1-446e-ae26-69b87ab6da87","land_type":200,"issue_year":2024,"edit_year":2020,"history":"[{\"筆ポリゴンID\":\"0106790e-ead3-4efa-855b-c8c8b4fd9821\",\"更新年度\":2023,\"前年同一\":true},[{\"筆ポリゴンID\":\"27f8481c-5a77-4753-bf15-dbcdc60b81c0\",\"更新年度\":2022,\"前年同一\":true},[{\"筆ポリゴンID\":\"f38610b3-0864-48f3-9d87-99573a918d20\",\"更新年度\":2021,\"前年同一\":true},{\"筆ポリゴンID\":\"f38610b3-0864-48f3-9d87-99573a918d20\",\"発生年度\":2020}]]]","last_polygon_uuid":"0106790e-ead3-4efa-855b-c8c8b4fd9821","prev_last_polygon_uuid":"27f8481c-5a77-4753-bf15-dbcdc60b81c0","local_government_cd":"016080","point_lng":142.900963551,"point_lat":42.141826679}},{"arcs":[[952,-810,953,-852]],"type":"Polygon","properties":{"polygon_uuid":"5fa49c51-6dd5-46c8-ab44-f80ddfd8e04d","land_type":100,"issue_year":2024,"edit_year":2020,"history":"[{\"筆ポリゴンID\":\"fa464942-ef87-4e63-bc0b-d73ce596a0c1\",\"更新年度\":2023,\"前年同一\":true},[{\"筆ポリゴンID\":\"e13e0534-f4a8-4549-a31d-5c00facb183b\",\"更新年度\":2022,\"前年同一\":true},[{\"筆ポリゴンID\":\"ce54d488-1561-41a1-bcda-b9e6c32ab9a6\",\"更新年度\":2021,\"前年同一\":true},{\"筆ポリゴンID\":\"ce54d488-1561-41a1-bcda-b9e6c32ab9a6\",\"発生年度\":2020}]]]","last_polygon_uuid":"fa464942-ef87-4e63-bc0b-d73ce596a0c1","prev_last_polygon_uuid":"e13e0534-f4a8-4549-a31d-5c00facb183b","local_government_cd":"016080","point_lng":142.941965237,"point_lat":42.151048303}},{"arcs":[[954,-826]],"type":"Polygon","properties":{"polygon_uuid":"3c51679f-d238-431f-a15a-9f4b2272341f","land_type":200,"issue_year":2024,"edit_year":2020,"history":"[{\"筆ポリゴンID\":\"1dec4155-f220-4174-8c61-fdc41bb68e36\",\"更新年度\":2023,\"前年同一\":true},[{\"筆ポリゴンID\":\"b1a66fc4-2b82-48ae-9e03-c0e43593eed0\",\"更新年度\":2022,\"前年同一\":true},[{\"筆ポリゴンID\":\"ebe46f9a-988b-4a82-8e90-7a078edf1fa5\",\"更新年度\":2021,\"前年同一\":true},{\"筆ポリゴンID\":\"ebe46f9a-988b-4a82-8e90-7a078edf1fa5\",\"発生年度\":2020}]]]","last_polygon_uuid":"1dec4155-f220-4174-8c61-fdc41bb68e36","prev_last_polygon_uuid":"b1a66fc4-2b82-48ae-9e03-c0e43593eed0","local_government_cd":"016080","point_lng":142.946020677,"point_lat":42.142005499}},{"arcs":[[955,956,957,958]],"type":"Polygon","properties":{"polygon_uuid":"ef70be0b-3afc-4a74-b558-db8a77c68fea","land_type":100,"issue_year":2024,"edit_year":2020,"history":"[{\"筆ポリゴンID\":\"22ee4448-bba3-42e0-99f3-558e39aed0a9\",\"更新年度\":2023,\"前年同一\":true},[{\"筆ポリゴンID\":\"b5325a23-0623-4e4b-9536-1e9156c55f59\",\"更新年度\":2022,\"前年同一\":true},[{\"筆ポリゴンID\":\"3a0d3474-6e47-4305-b4c7-7f470aeb1464\",\"更新年度\":2021,\"前年同一\":true},{\"筆ポリゴンID\":\"3a0d3474-6e47-4305-b4c7-7f470aeb1464\",\"発生年度\":2020}]]]","last_polygon_uuid":"22ee4448-bba3-42e0-99f3-558e39aed0a9","prev_last_polygon_uuid":"b5325a23-0623-4e4b-9536-1e9156c55f59","local_government_cd":"016080","point_lng":142.944492017,"point_lat":42.145276824}},{"arcs":[[959]],"type":"Polygon","properties":{"polygon_uuid":"da750c0f-60b3-4c4d-8249-0b0c5bf7a0a7","land_type":200,"issue_year":2024,"edit_year":2020,"history":"[{\"筆ポリゴンID\":\"16492089-aadb-463e-bfb6-de3fcd4bfb1d\",\"更新年度\":2023,\"前年同一\":true},[{\"筆ポリゴンID\":\"e21c42c2-8cfd-4f71-bb8a-6b4af067bb56\",\"更新年度\":2022,\"前年同一\":true},[{\"筆ポリゴンID\":\"25edb2c3-cc4d-4784-a143-28ff0364d0f3\",\"更新年度\":2021,\"前年同一\":true},{\"筆ポリゴンID\":\"25edb2c3-cc4d-4784-a143-28ff0364d0f3\",\"発生年度\":2020}]]]","last_polygon_uuid":"16492089-aadb-463e-bfb6-de3fcd4bfb1d","prev_last_polygon_uuid":"e21c42c2-8cfd-4f71-bb8a-6b4af067bb56","local_government_cd":"016080","point_lng":142.939509768,"point_lat":42.154924647}},{"arcs":[[960]],"type":"Polygon","properties":{"polygon_uuid":"15048893-abe6-4c4d-975d-cf57f5dbc428","land_type":200,"issue_year":2024,"edit_year":2020,"history":"[{\"筆ポリゴンID\":\"1cb0cf54-04d9-4418-98ca-fad90c2cfd63\",\"更新年度\":2023,\"前年同一\":true},[{\"筆ポリゴンID\":\"1b2ecdb3-75a8-4582-9b74-ede7d3c10d91\",\"更新年度\":2022,\"前年同一\":true},[{\"筆ポリゴンID\":\"5883809c-7e22-4a7e-92c4-71c9c3382f50\",\"更新年度\":2021,\"前年同一\":true},{\"筆ポリゴンID\":\"5883809c-7e22-4a7e-92c4-71c9c3382f50\",\"発生年度\":2020}]]]","last_polygon_uuid":"1cb0cf54-04d9-4418-98ca-fad90c2cfd63","prev_last_polygon_uuid":"1b2ecdb3-75a8-4582-9b74-ede7d3c10d91","local_government_cd":"016080","point_lng":142.949179769,"point_lat":42.14482135}},{"arcs":[[961,-192,962,963]],"type":"Polygon","properties":{"polygon_uuid":"8fe784e7-e660-4bd3-b670-fe338bb08882","land_type":100,"issue_year":2024,"edit_year":2020,"history":"[{\"筆ポリゴンID\":\"1720aa1a-2050-4fdf-96f1-1f5a93c89a33\",\"更新年度\":2023,\"前年同一\":true},[{\"筆ポリゴンID\":\"eac7c726-c1c8-4faa-89ee-fd06a5c7ab06\",\"更新年度\":2022,\"前年同一\":true},[{\"筆ポリゴンID\":\"86ac17dd-2671-463d-b69a-160bef2923fa\",\"更新年度\":2021,\"前年同一\":true},{\"筆ポリゴンID\":\"86ac17dd-2671-463d-b69a-160bef2923fa\",\"発生年度\":2020}]]]","last_polygon_uuid":"1720aa1a-2050-4fdf-96f1-1f5a93c89a33","prev_last_polygon_uuid":"eac7c726-c1c8-4faa-89ee-fd06a5c7ab06","local_government_cd":"016080","point_lng":142.94504842,"point_lat":42.152205467}},{"arcs":[[964,965,966]],"type":"Polygon","properties":{"polygon_uuid":"9789ed9f-52a4-4e3f-b5a4-0b3dbd0034c1","land_type":100,"issue_year":2024,"edit_year":2020,"history":"[{\"筆ポリゴンID\":\"1d6aa5ca-94a1-4e16-b875-2d2ff129b7f4\",\"更新年度\":2023,\"前年同一\":true},[{\"筆ポリゴンID\":\"c69d50bf-1293-42ae-b9e5-ed2e2437e66a\",\"更新年度\":2022,\"前年同一\":true},[{\"筆ポリゴンID\":\"7ad352b6-3670-47ca-84e0-b52861c15579\",\"更新年度\":2021,\"前年同一\":true},{\"筆ポリゴンID\":\"7ad352b6-3670-47ca-84e0-b52861c15579\",\"発生年度\":2020}]]]","last_polygon_uuid":"1d6aa5ca-94a1-4e16-b875-2d2ff129b7f4","prev_last_polygon_uuid":"c69d50bf-1293-42ae-b9e5-ed2e2437e66a","local_government_cd":"016080","point_lng":142.942858828,"point_lat":42.147094723}},{"arcs":[[967]],"type":"Polygon","properties":{"polygon_uuid":"3d1ea8a9-e76c-4026-af7b-8fc2ed368553","land_type":100,"issue_year":2024,"edit_year":2020,"history":"[{\"筆ポリゴンID\":\"89fc0d04-f1f3-4dba-96ec-1e73c6042270\",\"更新年度\":2023,\"前年同一\":true},[{\"筆ポリゴンID\":\"9bde2e55-5009-4883-a305-0130788e6112\",\"更新年度\":2022,\"前年同一\":true},[{\"筆ポリゴンID\":\"aa730c28-5090-4fef-985d-86cd73c6de80\",\"更新年度\":2021,\"前年同一\":true},{\"筆ポリゴンID\":\"aa730c28-5090-4fef-985d-86cd73c6de80\",\"発生年度\":2020}]]]","last_polygon_uuid":"89fc0d04-f1f3-4dba-96ec-1e73c6042270","prev_last_polygon_uuid":"9bde2e55-5009-4883-a305-0130788e6112","local_government_cd":"016080","point_lng":142.939339024,"point_lat":42.141268602}},{"arcs":[[968]],"type":"Polygon","properties":{"polygon_uuid":"de4fcab0-428b-43d9-be18-59125c4fd61f","land_type":200,"issue_year":2024,"edit_year":2020,"history":"[{\"筆ポリゴンID\":\"6fc23e8c-dd86-4ccb-b2f5-9a48a965a907\",\"更新年度\":2023,\"前年同一\":true},[{\"筆ポリゴンID\":\"cc0f3caf-6d32-4973-98bf-b85e57f15d44\",\"更新年度\":2022,\"前年同一\":true},[{\"筆ポリゴンID\":\"b6f087a7-6a89-444c-a1f7-f42860c21f97\",\"更新年度\":2021,\"前年同一\":true},{\"筆ポリゴンID\":\"b6f087a7-6a89-444c-a1f7-f42860c21f97\",\"発生年度\":2020}]]]","last_polygon_uuid":"6fc23e8c-dd86-4ccb-b2f5-9a48a965a907","prev_last_polygon_uuid":"cc0f3caf-6d32-4973-98bf-b85e57f15d44","local_government_cd":"016080","point_lng":142.952562766,"point_lat":42.149797345}},{"arcs":[[969,970]],"type":"Polygon","properties":{"polygon_uuid":"2f539cb8-5816-44fa-b725-52817324165b","land_type":200,"issue_year":2024,"edit_year":2020,"history":"[{\"筆ポリゴンID\":\"1a43a0e2-a472-4e59-82ea-e2cf95df6d18\",\"更新年度\":2023,\"前年同一\":true},[{\"筆ポリゴンID\":\"dc164e7d-d250-4aa9-b555-1bee9227822e\",\"更新年度\":2022,\"前年同一\":true},[{\"筆ポリゴンID\":\"1495da3b-318b-4072-bcdd-66f6d1c65a03\",\"更新年度\":2021,\"前年同一\":true},{\"筆ポリゴンID\":\"1495da3b-318b-4072-bcdd-66f6d1c65a03\",\"発生年度\":2020}]]]","last_polygon_uuid":"1a43a0e2-a472-4e59-82ea-e2cf95df6d18","prev_last_polygon_uuid":"dc164e7d-d250-4aa9-b555-1bee9227822e","local_government_cd":"016080","point_lng":142.948469133,"point_lat":42.155941693}},{"arcs":[[971,972]],"type":"Polygon","properties":{"polygon_uuid":"b4e86404-865c-4e15-a512-dc950e6cfec2","land_type":200,"issue_year":2024,"edit_year":2020,"history":"[{\"筆ポリゴンID\":\"8219a45f-2e05-499d-80c0-6a8c815f71d3\",\"更新年度\":2023,\"前年同一\":true},[{\"筆ポリゴンID\":\"15dc86ed-4768-46c7-92e9-99995da8c6b5\",\"更新年度\":2022,\"前年同一\":true},[{\"筆ポリゴンID\":\"9e6cbf79-206e-4cd2-84ff-b3025cf42720\",\"更新年度\":2021,\"前年同一\":true},{\"筆ポリゴンID\":\"9e6cbf79-206e-4cd2-84ff-b3025cf42720\",\"発生年度\":2020}]]]","last_polygon_uuid":"8219a45f-2e05-499d-80c0-6a8c815f71d3","prev_last_polygon_uuid":"15dc86ed-4768-46c7-92e9-99995da8c6b5","local_government_cd":"016080","point_lng":142.947055694,"point_lat":42.154635383}},{"arcs":[[973,974,975,976]],"type":"Polygon","properties":{"polygon_uuid":"2dea97c9-76a8-43a5-a9e6-12d211a1dbe5","land_type":100,"issue_year":2024,"edit_year":2020,"history":"[{\"筆ポリゴンID\":\"c6a05398-a21c-437e-848a-17a46d83a110\",\"更新年度\":2023,\"前年同一\":true},[{\"筆ポリゴンID\":\"238ebd22-3198-4846-8492-65a1541e4814\",\"更新年度\":2022,\"前年同一\":true},[{\"筆ポリゴンID\":\"da1eabd1-e207-4435-b01d-05abd381c4ce\",\"更新年度\":2021,\"前年同一\":true},{\"筆ポリゴンID\":\"da1eabd1-e207-4435-b01d-05abd381c4ce\",\"発生年度\":2020}]]]","last_polygon_uuid":"c6a05398-a21c-437e-848a-17a46d83a110","prev_last_polygon_uuid":"238ebd22-3198-4846-8492-65a1541e4814","local_government_cd":"016080","point_lng":142.946378364,"point_lat":42.145196833}},{"arcs":[[977]],"type":"Polygon","properties":{"polygon_uuid":"9feb42ef-a494-4619-86af-94c09ca8301a","land_type":200,"issue_year":2024,"edit_year":2020,"history":"[{\"筆ポリゴンID\":\"44e8ef06-990c-414f-9baa-5d5737b64983\",\"更新年度\":2023,\"前年同一\":true},[{\"筆ポリゴンID\":\"fee4b723-6d79-4742-8c3f-52b29bf2aee4\",\"更新年度\":2022,\"前年同一\":true},[{\"筆ポリゴンID\":\"9347bb5f-28b9-4fac-8cad-a39133f9e8ab\",\"更新年度\":2021,\"前年同一\":true},{\"筆ポリゴンID\":\"9347bb5f-28b9-4fac-8cad-a39133f9e8ab\",\"発生年度\":2020}]]]","last_polygon_uuid":"44e8ef06-990c-414f-9baa-5d5737b64983","prev_last_polygon_uuid":"fee4b723-6d79-4742-8c3f-52b29bf2aee4","local_government_cd":"016080","point_lng":142.923817507,"point_lat":42.151997682}},{"arcs":[[978,979,980,981]],"type":"Polygon","properties":{"polygon_uuid":"5501bee6-f6df-4e1e-8c7c-8ed7d34b0ad5","land_type":100,"issue_year":2024,"edit_year":2020,"history":"[{\"筆ポリゴンID\":\"38d079a7-af6c-44cd-adad-8c92aec66581\",\"更新年度\":2023,\"前年同一\":true},[{\"筆ポリゴンID\":\"39ff59de-983e-474b-a2d7-f533ea93ed2b\",\"更新年度\":2022,\"前年同一\":true},[{\"筆ポリゴンID\":\"817d6419-7c98-40f2-8bbe-a237cec7717e\",\"更新年度\":2021,\"前年同一\":true},{\"筆ポリゴンID\":\"817d6419-7c98-40f2-8bbe-a237cec7717e\",\"発生年度\":2020}]]]","last_polygon_uuid":"38d079a7-af6c-44cd-adad-8c92aec66581","prev_last_polygon_uuid":"39ff59de-983e-474b-a2d7-f533ea93ed2b","local_government_cd":"016080","point_lng":142.945472227,"point_lat":42.148495206}},{"arcs":[[982]],"type":"Polygon","properties":{"polygon_uuid":"a5ab5b2c-faed-434e-a8f3-7a69677c4d32","land_type":100,"issue_year":2024,"edit_year":2022,"history":"[{\"筆ポリゴンID\":\"96ecfc4c-8bb1-4671-9248-2bfeec97e13d\",\"更新年度\":2023,\"前年同一\":true},[{\"筆ポリゴンID\":\"38f2415c-8cea-42a4-8279-a606d93ca5b7\",\"更新年度\":2022,\"関連\":true},[{\"筆ポリゴンID\":\"90a24cf3-04de-44fc-a179-faf663edaf99\",\"更新年度\":2021,\"前年同一\":true},{\"筆ポリゴンID\":\"90a24cf3-04de-44fc-a179-faf663edaf99\",\"発生年度\":2020}]]]","last_polygon_uuid":"96ecfc4c-8bb1-4671-9248-2bfeec97e13d","prev_last_polygon_uuid":null,"local_government_cd":"016080","point_lng":142.939710361,"point_lat":42.14338992}},{"arcs":[[983,984,985,-981]],"type":"Polygon","properties":{"polygon_uuid":"a1f069f8-afe2-4c8b-9ae8-fca0245c9e29","land_type":100,"issue_year":2024,"edit_year":2020,"history":"[{\"筆ポリゴンID\":\"2b4c6880-2de4-4995-96c0-8d56311601f9\",\"更新年度\":2023,\"前年同一\":true},[{\"筆ポリゴンID\":\"ba93803a-9fdc-428b-90b5-b98c25824610\",\"更新年度\":2022,\"前年同一\":true},[{\"筆ポリゴンID\":\"281e6b04-da06-48ed-828d-5b1c73a4a14a\",\"更新年度\":2021,\"前年同一\":true},{\"筆ポリゴンID\":\"281e6b04-da06-48ed-828d-5b1c73a4a14a\",\"発生年度\":2020}]]]","last_polygon_uuid":"2b4c6880-2de4-4995-96c0-8d56311601f9","prev_last_polygon_uuid":"ba93803a-9fdc-428b-90b5-b98c25824610","local_government_cd":"016080","point_lng":142.945391037,"point_lat":42.148059138}},{"arcs":[[-50,986,-854,987]],"type":"Polygon","properties":{"polygon_uuid":"5a67924a-d920-49fc-a0b8-d99643029e44","land_type":200,"issue_year":2024,"edit_year":2020,"history":"[{\"筆ポリゴンID\":\"5c6af9c6-f0da-4937-9659-a0909c589807\",\"更新年度\":2023,\"前年同一\":true},[{\"筆ポリゴンID\":\"af60fd45-c1ce-480d-9a79-a03121901ed6\",\"更新年度\":2022,\"前年同一\":true},[{\"筆ポリゴンID\":\"dfa161cd-70a1-4992-8cbd-24bf512c0b05\",\"更新年度\":2021,\"前年同一\":true},{\"筆ポリゴンID\":\"dfa161cd-70a1-4992-8cbd-24bf512c0b05\",\"発生年度\":2020}]]]","last_polygon_uuid":"5c6af9c6-f0da-4937-9659-a0909c589807","prev_last_polygon_uuid":"af60fd45-c1ce-480d-9a79-a03121901ed6","local_government_cd":"016080","point_lng":142.939956837,"point_lat":42.142604777}},{"arcs":[[988,989,990,991]],"type":"Polygon","properties":{"polygon_uuid":"4fa554d4-bbb2-4712-bf07-0684934dcd4e","land_type":100,"issue_year":2024,"edit_year":2020,"history":"[{\"筆ポリゴンID\":\"6478beba-d5f9-48e0-a4bb-cff946995945\",\"更新年度\":2023,\"前年同一\":true},[{\"筆ポリゴンID\":\"451895bd-e8e0-4f8b-935f-3174ee181eb4\",\"更新年度\":2022,\"前年同一\":true},[{\"筆ポリゴンID\":\"7d20b1f9-f9dd-4000-8092-39a868ab464d\",\"更新年度\":2021,\"前年同一\":true},{\"筆ポリゴンID\":\"7d20b1f9-f9dd-4000-8092-39a868ab464d\",\"発生年度\":2020}]]]","last_polygon_uuid":"6478beba-d5f9-48e0-a4bb-cff946995945","prev_last_polygon_uuid":"451895bd-e8e0-4f8b-935f-3174ee181eb4","local_government_cd":"016080","point_lng":142.946047555,"point_lat":42.150225553}},{"arcs":[[992],[993]],"type":"Polygon","properties":{"polygon_uuid":"7100df25-5199-4420-838d-6987edd9824e","land_type":200,"issue_year":2024,"edit_year":2020,"history":"[{\"筆ポリゴンID\":\"cc57750d-6463-42bb-8f6d-121111450831\",\"更新年度\":2023,\"前年同一\":true},[{\"筆ポリゴンID\":\"d7074eb4-1032-488c-8f38-595090a5db3a\",\"更新年度\":2022,\"前年同一\":true},[{\"筆ポリゴンID\":\"04739a72-777a-40c0-9498-4d18bd52eeb4\",\"更新年度\":2021,\"前年同一\":true},{\"筆ポリゴンID\":\"04739a72-777a-40c0-9498-4d18bd52eeb4\",\"発生年度\":2020}]]]","last_polygon_uuid":"cc57750d-6463-42bb-8f6d-121111450831","prev_last_polygon_uuid":"d7074eb4-1032-488c-8f38-595090a5db3a","local_government_cd":"016080","point_lng":142.947030003,"point_lat":42.134720659}},{"arcs":[[-966,994,995]],"type":"Polygon","properties":{"polygon_uuid":"a519c940-7d10-4a2b-8d5c-770cc999e193","land_type":100,"issue_year":2024,"edit_year":2020,"history":"[{\"筆ポリゴンID\":\"43a66948-9b1c-424e-837d-7d556fbf5618\",\"更新年度\":2023,\"前年同一\":true},[{\"筆ポリゴンID\":\"9d1d210b-51ca-4976-b8ff-9da729b2f837\",\"更新年度\":2022,\"前年同一\":true},[{\"筆ポリゴンID\":\"99bf1ecc-e29e-4b6a-9f00-e1448226a98e\",\"更新年度\":2021,\"前年同一\":true},{\"筆ポリゴンID\":\"99bf1ecc-e29e-4b6a-9f00-e1448226a98e\",\"発生年度\":2020}]]]","last_polygon_uuid":"43a66948-9b1c-424e-837d-7d556fbf5618","prev_last_polygon_uuid":"9d1d210b-51ca-4976-b8ff-9da729b2f837","local_government_cd":"016080","point_lng":142.941966584,"point_lat":42.147157605}},{"arcs":[[996,-195]],"type":"Polygon","properties":{"polygon_uuid":"efdfef7a-2716-4c05-8e7b-b09b1e1df790","land_type":100,"issue_year":2024,"edit_year":2020,"history":"[{\"筆ポリゴンID\":\"44d8859f-94f4-4a9a-bfb6-316a6eb22dd6\",\"更新年度\":2023,\"前年同一\":true},[{\"筆ポリゴンID\":\"3ed6d515-9528-41a4-bc4b-472ebb688192\",\"更新年度\":2022,\"前年同一\":true},[{\"筆ポリゴンID\":\"9d0f476d-eee3-436d-9d12-ade9507e958c\",\"更新年度\":2021,\"前年同一\":true},{\"筆ポリゴンID\":\"9d0f476d-eee3-436d-9d12-ade9507e958c\",\"発生年度\":2020}]]]","last_polygon_uuid":"44d8859f-94f4-4a9a-bfb6-316a6eb22dd6","prev_last_polygon_uuid":"3ed6d515-9528-41a4-bc4b-472ebb688192","local_government_cd":"016080","point_lng":142.948433034,"point_lat":42.153837899}},{"arcs":[[997]],"type":"Polygon","properties":{"polygon_uuid":"2213c37c-9f18-4365-b052-548bb34695d6","land_type":100,"issue_year":2024,"edit_year":2020,"history":"[{\"筆ポリゴンID\":\"e76e1f9b-dd2e-460b-95be-ee6f32a1595d\",\"更新年度\":2023,\"前年同一\":true},[{\"筆ポリゴンID\":\"a411e1ae-180e-4328-bef2-4c0ea816992c\",\"更新年度\":2022,\"前年同一\":true},[{\"筆ポリゴンID\":\"4b6af106-6d83-4c32-8d9f-427c13593bc1\",\"更新年度\":2021,\"前年同一\":true},{\"筆ポリゴンID\":\"4b6af106-6d83-4c32-8d9f-427c13593bc1\",\"発生年度\":2020}]]]","last_polygon_uuid":"e76e1f9b-dd2e-460b-95be-ee6f32a1595d","prev_last_polygon_uuid":"a411e1ae-180e-4328-bef2-4c0ea816992c","local_government_cd":"016080","point_lng":142.943410797,"point_lat":42.142471089}},{"arcs":[[998,999]],"type":"Polygon","properties":{"polygon_uuid":"8aae4c60-013d-464d-9414-d09aeb974e9b","land_type":200,"issue_year":2024,"edit_year":2020,"history":"[{\"筆ポリゴンID\":\"e88ce8e6-9ce4-41be-8b87-f5c5780f79b3\",\"更新年度\":2023,\"前年同一\":true},[{\"筆ポリゴンID\":\"1e139a40-3fd4-4492-9b0e-b74c8a4c50f7\",\"更新年度\":2022,\"前年同一\":true},[{\"筆ポリゴンID\":\"7d67a444-7ed8-435e-8710-1c0931500203\",\"更新年度\":2021,\"前年同一\":true},{\"筆ポリゴンID\":\"7d67a444-7ed8-435e-8710-1c0931500203\",\"発生年度\":2020}]]]","last_polygon_uuid":"e88ce8e6-9ce4-41be-8b87-f5c5780f79b3","prev_last_polygon_uuid":"1e139a40-3fd4-4492-9b0e-b74c8a4c50f7","local_government_cd":"016080","point_lng":142.942512815,"point_lat":42.135751538}},{"arcs":[[1000,1001,1002,-957]],"type":"Polygon","properties":{"polygon_uuid":"edd2052e-499f-4869-b573-40ba34bb3cc1","land_type":100,"issue_year":2024,"edit_year":2020,"history":"[{\"筆ポリゴンID\":\"3a72e358-c37c-4d0d-9d11-9308c8e17fdf\",\"更新年度\":2023,\"前年同一\":true},[{\"筆ポリゴンID\":\"7785aad9-7f5b-4837-89d6-0e4d57795566\",\"更新年度\":2022,\"前年同一\":true},[{\"筆ポリゴンID\":\"2e2c082a-6a40-4c92-a469-2306c0e746da\",\"更新年度\":2021,\"前年同一\":true},{\"筆ポリゴンID\":\"2e2c082a-6a40-4c92-a469-2306c0e746da\",\"発生年度\":2020}]]]","last_polygon_uuid":"3a72e358-c37c-4d0d-9d11-9308c8e17fdf","prev_last_polygon_uuid":"7785aad9-7f5b-4837-89d6-0e4d57795566","local_government_cd":"016080","point_lng":142.944242821,"point_lat":42.144562565}},{"arcs":[[1003,-182,1004,1005]],"type":"Polygon","properties":{"polygon_uuid":"3b232ffe-ed35-44fe-b968-9d17f2b4a00e","land_type":100,"issue_year":2024,"edit_year":2020,"history":"[{\"筆ポリゴンID\":\"82dea10d-6008-47ff-89c8-99d3e1c241ae\",\"更新年度\":2023,\"前年同一\":true},[{\"筆ポリゴンID\":\"26a7763f-32fd-4061-b724-6ca6b146230d\",\"更新年度\":2022,\"前年同一\":true},[{\"筆ポリゴンID\":\"19b34b6a-f524-42be-965a-23a5b2272692\",\"更新年度\":2021,\"前年同一\":true},{\"筆ポリゴンID\":\"19b34b6a-f524-42be-965a-23a5b2272692\",\"発生年度\":2020}]]]","last_polygon_uuid":"82dea10d-6008-47ff-89c8-99d3e1c241ae","prev_last_polygon_uuid":"26a7763f-32fd-4061-b724-6ca6b146230d","local_government_cd":"016080","point_lng":142.943364705,"point_lat":42.150007343}},{"arcs":[[1006]],"type":"Polygon","properties":{"polygon_uuid":"1205f76f-4100-48a5-8f35-1c8e7282e190","land_type":200,"issue_year":2024,"edit_year":2020,"history":"[{\"筆ポリゴンID\":\"5e8bcecd-d0ba-487a-99af-7a58805824a0\",\"更新年度\":2023,\"前年同一\":true},[{\"筆ポリゴンID\":\"b9d66da5-4080-4516-a5b2-754a20f569f1\",\"更新年度\":2022,\"前年同一\":true},[{\"筆ポリゴンID\":\"c885e8ab-afb7-4227-8efb-6b61951720bd\",\"更新年度\":2021,\"前年同一\":true},{\"筆ポリゴンID\":\"c885e8ab-afb7-4227-8efb-6b61951720bd\",\"発生年度\":2020}]]]","last_polygon_uuid":"5e8bcecd-d0ba-487a-99af-7a58805824a0","prev_last_polygon_uuid":"b9d66da5-4080-4516-a5b2-754a20f569f1","local_government_cd":"016080","point_lng":142.946598837,"point_lat":42.136747536}},{"arcs":[[1007]],"type":"Polygon","properties":{"polygon_uuid":"a8680e6c-377e-49fc-871d-1d823f561e6c","land_type":200,"issue_year":2024,"edit_year":2020,"history":"[{\"筆ポリゴンID\":\"4247295c-525d-48c5-945d-55d9524e05cf\",\"更新年度\":2023,\"前年同一\":true},[{\"筆ポリゴンID\":\"0e53ebf1-d94c-488e-be1c-7cd02073f1e5\",\"更新年度\":2022,\"前年同一\":true},[{\"筆ポリゴンID\":\"ec974e0b-4157-4ebc-9aee-e369fac7e494\",\"更新年度\":2021,\"前年同一\":true},{\"筆ポリゴンID\":\"ec974e0b-4157-4ebc-9aee-e369fac7e494\",\"発生年度\":2020}]]]","last_polygon_uuid":"4247295c-525d-48c5-945d-55d9524e05cf","prev_last_polygon_uuid":"0e53ebf1-d94c-488e-be1c-7cd02073f1e5","local_government_cd":"016080","point_lng":142.949765739,"point_lat":42.141673096}},{"arcs":[[-903,1008]],"type":"Polygon","properties":{"polygon_uuid":"1ae95095-5a4d-4792-abbf-1f1fe4bc039a","land_type":100,"issue_year":2024,"edit_year":2020,"history":"[{\"筆ポリゴンID\":\"8e3b48ba-a3f9-4e89-86e9-a5cc2cdeb5d6\",\"更新年度\":2023,\"前年同一\":true},[{\"筆ポリゴンID\":\"5ff49dd3-774c-4de5-a140-044ee134eb81\",\"更新年度\":2022,\"前年同一\":true},[{\"筆ポリゴンID\":\"1177ccd5-19fb-4665-9286-3dd82fe45f09\",\"更新年度\":2021,\"前年同一\":true},{\"筆ポリゴンID\":\"1177ccd5-19fb-4665-9286-3dd82fe45f09\",\"発生年度\":2020}]]]","last_polygon_uuid":"8e3b48ba-a3f9-4e89-86e9-a5cc2cdeb5d6","prev_last_polygon_uuid":"5ff49dd3-774c-4de5-a140-044ee134eb81","local_government_cd":"016080","point_lng":142.945207265,"point_lat":42.147238502}},{"arcs":[[1009]],"type":"Polygon","properties":{"polygon_uuid":"1127848b-ec5c-4cfe-9bf3-bf3a276bb1bd","land_type":200,"issue_year":2024,"edit_year":2020,"history":"[{\"筆ポリゴンID\":\"f20d0628-97e8-40da-8ba2-c341efab7c11\",\"更新年度\":2023,\"前年同一\":true},[{\"筆ポリゴンID\":\"df365e98-218f-4bb7-b717-e621ec86d6d9\",\"更新年度\":2022,\"前年同一\":true},[{\"筆ポリゴンID\":\"07e6d7ca-7591-47c9-8580-17cf58fee6ce\",\"更新年度\":2021,\"前年同一\":true},{\"筆ポリゴンID\":\"07e6d7ca-7591-47c9-8580-17cf58fee6ce\",\"発生年度\":2020}]]]","last_polygon_uuid":"f20d0628-97e8-40da-8ba2-c341efab7c11","prev_last_polygon_uuid":"df365e98-218f-4bb7-b717-e621ec86d6d9","local_government_cd":"016080","point_lng":142.950404886,"point_lat":42.139115872}},{"arcs":[[1010]],"type":"Polygon","properties":{"polygon_uuid":"7de9c768-5cae-4a44-a6eb-213db3584122","land_type":200,"issue_year":2024,"edit_year":2020,"history":"[{\"筆ポリゴンID\":\"9d2929b9-8836-4b40-a121-d89218b5129d\",\"更新年度\":2023,\"前年同一\":true},[{\"筆ポリゴンID\":\"ddb6de6b-dc07-4825-9b57-55a6585b38db\",\"更新年度\":2022,\"前年同一\":true},[{\"筆ポリゴンID\":\"682bc0fd-e5df-44d2-936c-0c643e1e15db\",\"更新年度\":2021,\"前年同一\":true},{\"筆ポリゴンID\":\"682bc0fd-e5df-44d2-936c-0c643e1e15db\",\"発生年度\":2020}]]]","last_polygon_uuid":"9d2929b9-8836-4b40-a121-d89218b5129d","prev_last_polygon_uuid":"ddb6de6b-dc07-4825-9b57-55a6585b38db","local_government_cd":"016080","point_lng":142.937858853,"point_lat":42.151971477}},{"arcs":[[1011]],"type":"Polygon","properties":{"polygon_uuid":"ecaf2c05-e12b-4e80-95d4-8df8c6086b42","land_type":200,"issue_year":2024,"edit_year":2020,"history":"[{\"筆ポリゴンID\":\"026cd066-ad9d-4db3-a7c6-4b9e07d163d4\",\"更新年度\":2023,\"前年同一\":true},[{\"筆ポリゴンID\":\"b8ef519a-11ad-4993-a4a5-10e486e0eb8d\",\"更新年度\":2022,\"前年同一\":true},[{\"筆ポリゴンID\":\"8ec5bac9-5bc6-424d-9275-35f6d0ad096f\",\"更新年度\":2021,\"前年同一\":true},{\"筆ポリゴンID\":\"8ec5bac9-5bc6-424d-9275-35f6d0ad096f\",\"発生年度\":2020}]]]","last_polygon_uuid":"026cd066-ad9d-4db3-a7c6-4b9e07d163d4","prev_last_polygon_uuid":"b8ef519a-11ad-4993-a4a5-10e486e0eb8d","local_government_cd":"016080","point_lng":142.946404047,"point_lat":42.135800201}},{"arcs":[[1012]],"type":"Polygon","properties":{"polygon_uuid":"ef5f73d4-d55b-4013-9356-8e0a06483533","land_type":200,"issue_year":2024,"edit_year":2020,"history":"[{\"筆ポリゴンID\":\"aa889285-2182-45e1-b48a-dcbebda55571\",\"更新年度\":2023,\"前年同一\":true},[{\"筆ポリゴンID\":\"4a3182bc-206b-4319-95f8-1eed90ca4e46\",\"更新年度\":2022,\"前年同一\":true},[{\"筆ポリゴンID\":\"457c3926-bc60-4ec8-9e5a-a98c5a733dc3\",\"更新年度\":2021,\"前年同一\":true},{\"筆ポリゴンID\":\"457c3926-bc60-4ec8-9e5a-a98c5a733dc3\",\"発生年度\":2020}]]]","last_polygon_uuid":"aa889285-2182-45e1-b48a-dcbebda55571","prev_last_polygon_uuid":"4a3182bc-206b-4319-95f8-1eed90ca4e46","local_government_cd":"016080","point_lng":142.939445478,"point_lat":42.144392721}},{"arcs":[[1013,-285,1014,1015]],"type":"Polygon","properties":{"polygon_uuid":"6980ae2b-3c0f-4d26-8c52-3a13640f7015","land_type":100,"issue_year":2024,"edit_year":2022,"history":"[{\"筆ポリゴンID\":\"f96a4c35-ff3a-479a-88ac-9605e00b55aa\",\"更新年度\":2023,\"前年同一\":true},[{\"筆ポリゴンID\":\"d165984f-12aa-4b22-91e5-1a221ffdfc1b\",\"更新年度\":2022,\"関連\":true},[{\"筆ポリゴンID\":\"bd7580eb-f5e8-48ae-8341-33c0ee179360\",\"更新年度\":2021,\"前年同一\":true},{\"筆ポリゴンID\":\"bd7580eb-f5e8-48ae-8341-33c0ee179360\",\"発生年度\":2020}]]]","last_polygon_uuid":"f96a4c35-ff3a-479a-88ac-9605e00b55aa","prev_last_polygon_uuid":null,"local_government_cd":"016080","point_lng":142.949730535,"point_lat":42.15275756}},{"arcs":[[1016]],"type":"Polygon","properties":{"polygon_uuid":"28bcc48c-e77b-421c-8b6a-49cdf96525ab","land_type":200,"issue_year":2024,"edit_year":2020,"history":"[{\"筆ポリゴンID\":\"385f1586-4c40-43da-9ffa-c40f1f2f8ed9\",\"更新年度\":2023,\"前年同一\":true},[{\"筆ポリゴンID\":\"f3164232-0096-495f-a922-d7aed4669264\",\"更新年度\":2022,\"前年同一\":true},[{\"筆ポリゴンID\":\"b24782fa-9b0a-48fb-afb2-63e8738d853d\",\"更新年度\":2021,\"前年同一\":true},{\"筆ポリゴンID\":\"b24782fa-9b0a-48fb-afb2-63e8738d853d\",\"発生年度\":2020}]]]","last_polygon_uuid":"385f1586-4c40-43da-9ffa-c40f1f2f8ed9","prev_last_polygon_uuid":"f3164232-0096-495f-a922-d7aed4669264","local_government_cd":"016080","point_lng":142.944066961,"point_lat":42.136871782}},{"arcs":[[1017]],"type":"Polygon","properties":{"polygon_uuid":"f8b84f28-55e1-412c-9065-d6dd6582077a","land_type":200,"issue_year":2024,"edit_year":2020,"history":"[{\"筆ポリゴンID\":\"9b229a9b-3d33-46f0-96c6-e05cd2ad441d\",\"更新年度\":2023,\"前年同一\":true},[{\"筆ポリゴンID\":\"425d5477-eed4-443c-a331-e90ad4310066\",\"更新年度\":2022,\"前年同一\":true},[{\"筆ポリゴンID\":\"952f8a35-a712-4ce9-90cd-a2c6130afad0\",\"更新年度\":2021,\"前年同一\":true},{\"筆ポリゴンID\":\"952f8a35-a712-4ce9-90cd-a2c6130afad0\",\"発生年度\":2020}]]]","last_polygon_uuid":"9b229a9b-3d33-46f0-96c6-e05cd2ad441d","prev_last_polygon_uuid":"425d5477-eed4-443c-a331-e90ad4310066","local_government_cd":"016080","point_lng":142.95011338,"point_lat":42.1377501}},{"arcs":[[1018]],"type":"Polygon","properties":{"polygon_uuid":"01d3c54a-7235-49c0-9f81-a80abec812df","land_type":200,"issue_year":2024,"edit_year":2020,"history":"[{\"筆ポリゴンID\":\"d824a4d6-a03e-4e93-96fb-ce9605caf539\",\"更新年度\":2023,\"前年同一\":true},[{\"筆ポリゴンID\":\"6df84862-b0a7-4fad-9a59-9b9e2a1f7032\",\"更新年度\":2022,\"前年同一\":true},[{\"筆ポリゴンID\":\"25c0a416-5129-4cc0-8e6b-b01f311137d9\",\"更新年度\":2021,\"前年同一\":true},{\"筆ポリゴンID\":\"25c0a416-5129-4cc0-8e6b-b01f311137d9\",\"発生年度\":2020}]]]","last_polygon_uuid":"d824a4d6-a03e-4e93-96fb-ce9605caf539","prev_last_polygon_uuid":"6df84862-b0a7-4fad-9a59-9b9e2a1f7032","local_government_cd":"016080","point_lng":142.938389931,"point_lat":42.153714182}},{"arcs":[[1019,-1006,1020,-945]],"type":"Polygon","properties":{"polygon_uuid":"80cf549e-f3f3-4027-b469-237b4599a97f","land_type":100,"issue_year":2024,"edit_year":2020,"history":"[{\"筆ポリゴンID\":\"e4ae0702-ae63-4757-83d1-a85917278f7c\",\"更新年度\":2023,\"前年同一\":true},[{\"筆ポリゴンID\":\"70976116-d9ab-466c-9674-f12fda10954d\",\"更新年度\":2022,\"前年同一\":true},[{\"筆ポリゴンID\":\"bdfc6f47-4635-46c7-9682-c8d7c610a8c4\",\"更新年度\":2021,\"前年同一\":true},{\"筆ポリゴンID\":\"bdfc6f47-4635-46c7-9682-c8d7c610a8c4\",\"発生年度\":2020}]]]","last_polygon_uuid":"e4ae0702-ae63-4757-83d1-a85917278f7c","prev_last_polygon_uuid":"70976116-d9ab-466c-9674-f12fda10954d","local_government_cd":"016080","point_lng":142.942935256,"point_lat":42.148834445}},{"arcs":[[1021,1022,1023,-990]],"type":"Polygon","properties":{"polygon_uuid":"c79ee0fc-fa8e-4db1-a1ce-744269dcd265","land_type":100,"issue_year":2024,"edit_year":2020,"history":"[{\"筆ポリゴンID\":\"1369e1a3-4fbf-412a-8f36-2ab9993644f7\",\"更新年度\":2023,\"前年同一\":true},[{\"筆ポリゴンID\":\"09bb9fe3-4290-4eab-af6f-90275f638972\",\"更新年度\":2022,\"前年同一\":true},[{\"筆ポリゴンID\":\"1af4f82e-b09d-4eef-81bc-8766d967dbe9\",\"更新年度\":2021,\"前年同一\":true},{\"筆ポリゴンID\":\"1af4f82e-b09d-4eef-81bc-8766d967dbe9\",\"発生年度\":2020}]]]","last_polygon_uuid":"1369e1a3-4fbf-412a-8f36-2ab9993644f7","prev_last_polygon_uuid":"09bb9fe3-4290-4eab-af6f-90275f638972","local_government_cd":"016080","point_lng":142.945804758,"point_lat":42.149733875}},{"arcs":[[1024,-999]],"type":"Polygon","properties":{"polygon_uuid":"5adc2412-371d-41f9-9098-7e66516b8910","land_type":200,"issue_year":2024,"edit_year":2020,"history":"[{\"筆ポリゴンID\":\"c95ab40c-aad4-4adb-a586-2811a2e873dc\",\"更新年度\":2023,\"前年同一\":true},[{\"筆ポリゴンID\":\"0db05e7b-a3e2-4ebf-951d-779bd3017d5f\",\"更新年度\":2022,\"前年同一\":true},[{\"筆ポリゴンID\":\"1be6df55-a4c0-4080-85a7-ca13415bd519\",\"更新年度\":2021,\"前年同一\":true},{\"筆ポリゴンID\":\"1be6df55-a4c0-4080-85a7-ca13415bd519\",\"発生年度\":2020}]]]","last_polygon_uuid":"c95ab40c-aad4-4adb-a586-2811a2e873dc","prev_last_polygon_uuid":"0db05e7b-a3e2-4ebf-951d-779bd3017d5f","local_government_cd":"016080","point_lng":142.942349181,"point_lat":42.136477579}},{"arcs":[[1025,1026]],"type":"Polygon","properties":{"polygon_uuid":"533722aa-6c26-428a-b942-f73b35f52c42","land_type":200,"issue_year":2024,"edit_year":2020,"history":"[{\"筆ポリゴンID\":\"02f7421d-3b16-4f76-bcbd-5be87dabb6a1\",\"更新年度\":2023,\"前年同一\":true},[{\"筆ポリゴンID\":\"5c5fd595-952c-4921-a011-5fce10abd6a6\",\"更新年度\":2022,\"前年同一\":true},[{\"筆ポリゴンID\":\"dfbc87be-96ca-498b-9221-608832f0bc97\",\"更新年度\":2021,\"前年同一\":true},{\"筆ポリゴンID\":\"dfbc87be-96ca-498b-9221-608832f0bc97\",\"発生年度\":2020}]]]","last_polygon_uuid":"02f7421d-3b16-4f76-bcbd-5be87dabb6a1","prev_last_polygon_uuid":"5c5fd595-952c-4921-a011-5fce10abd6a6","local_government_cd":"016080","point_lng":142.946469757,"point_lat":42.160051115}},{"arcs":[[1027,-808,1028,-118]],"type":"Polygon","properties":{"polygon_uuid":"2924d680-3e6e-46bf-942f-7564487d9297","land_type":100,"issue_year":2024,"edit_year":2020,"history":"[{\"筆ポリゴンID\":\"1ad1f1cb-7a9a-49b8-8325-da5bba2fd605\",\"更新年度\":2023,\"前年同一\":true},[{\"筆ポリゴンID\":\"629f2815-901e-4e1d-b96c-5ef4dd23584e\",\"更新年度\":2022,\"前年同一\":true},[{\"筆ポリゴンID\":\"6940e742-dc7b-4ac4-ba62-43b2fb02e655\",\"更新年度\":2021,\"前年同一\":true},{\"筆ポリゴンID\":\"6940e742-dc7b-4ac4-ba62-43b2fb02e655\",\"発生年度\":2020}]]]","last_polygon_uuid":"1ad1f1cb-7a9a-49b8-8325-da5bba2fd605","prev_last_polygon_uuid":"629f2815-901e-4e1d-b96c-5ef4dd23584e","local_government_cd":"016080","point_lng":142.942290208,"point_lat":42.151454118}},{"arcs":[[-278,1029]],"type":"Polygon","properties":{"polygon_uuid":"8131663f-4271-4935-8ba5-9a69fc1fd66c","land_type":200,"issue_year":2024,"edit_year":2020,"history":"[{\"筆ポリゴンID\":\"be59f824-f9c9-443f-8cd3-abeb9047155b\",\"更新年度\":2023,\"前年同一\":true},[{\"筆ポリゴンID\":\"70614d54-28c8-47e2-bf1c-e0f9a7d668d8\",\"更新年度\":2022,\"前年同一\":true},[{\"筆ポリゴンID\":\"4346ae42-031b-432e-94fe-771f76156ec1\",\"更新年度\":2021,\"前年同一\":true},{\"筆ポリゴンID\":\"4346ae42-031b-432e-94fe-771f76156ec1\",\"発生年度\":2020}]]]","last_polygon_uuid":"be59f824-f9c9-443f-8cd3-abeb9047155b","prev_last_polygon_uuid":"70614d54-28c8-47e2-bf1c-e0f9a7d668d8","local_government_cd":"016080","point_lng":142.925669458,"point_lat":42.164702432}},{"arcs":[[-885,1030,-912,-287,1031]],"type":"Polygon","properties":{"polygon_uuid":"8571d9ce-0216-4f8f-bf6b-e7a07d33bd0e","land_type":100,"issue_year":2024,"edit_year":2020,"history":"[{\"筆ポリゴンID\":\"1d1b1a9b-3055-40e7-bbac-eae42266cd0a\",\"更新年度\":2023,\"前年同一\":true},[{\"筆ポリゴンID\":\"2b4d9680-ec08-417f-b9a8-3cc6ac12119c\",\"更新年度\":2022,\"前年同一\":true},[{\"筆ポリゴンID\":\"4d4bd920-73ff-4f8a-942f-f3cb3952ef45\",\"更新年度\":2021,\"前年同一\":true},{\"筆ポリゴンID\":\"4d4bd920-73ff-4f8a-942f-f3cb3952ef45\",\"発生年度\":2020}]]]","last_polygon_uuid":"1d1b1a9b-3055-40e7-bbac-eae42266cd0a","prev_last_polygon_uuid":"2b4d9680-ec08-417f-b9a8-3cc6ac12119c","local_government_cd":"016080","point_lng":142.940891302,"point_lat":42.14221272}},{"arcs":[[1032]],"type":"Polygon","properties":{"polygon_uuid":"57504914-af19-43d7-b060-af36d571a008","land_type":200,"issue_year":2024,"edit_year":2020,"history":"[{\"筆ポリゴンID\":\"f316b9e1-3bac-47bc-97e2-f7fdfc87202f\",\"更新年度\":2023,\"前年同一\":true},[{\"筆ポリゴンID\":\"afdba1d4-7281-4f5c-b22a-e6ae5dbda94a\",\"更新年度\":2022,\"前年同一\":true},[{\"筆ポリゴンID\":\"41f0afef-c59d-45db-a304-9b0b863b9a8a\",\"更新年度\":2021,\"前年同一\":true},{\"筆ポリゴンID\":\"41f0afef-c59d-45db-a304-9b0b863b9a8a\",\"発生年度\":2020}]]]","last_polygon_uuid":"f316b9e1-3bac-47bc-97e2-f7fdfc87202f","prev_last_polygon_uuid":"afdba1d4-7281-4f5c-b22a-e6ae5dbda94a","local_government_cd":"016080","point_lng":142.924081983,"point_lat":42.164029843}},{"arcs":[[-52,1033]],"type":"Polygon","properties":{"polygon_uuid":"366e2427-283c-406f-9d26-c44ad049b748","land_type":200,"issue_year":2024,"edit_year":2020,"history":"[{\"筆ポリゴンID\":\"5a2a9dd1-f591-498b-b70e-a2624b0c7db8\",\"更新年度\":2023,\"前年同一\":true},[{\"筆ポリゴンID\":\"8507e789-292b-492e-8a30-897e404f890e\",\"更新年度\":2022,\"前年同一\":true},[{\"筆ポリゴンID\":\"15b7533c-5337-4cc6-a350-3c809ffc7984\",\"更新年度\":2021,\"前年同一\":true},{\"筆ポリゴンID\":\"15b7533c-5337-4cc6-a350-3c809ffc7984\",\"発生年度\":2020}]]]","last_polygon_uuid":"5a2a9dd1-f591-498b-b70e-a2624b0c7db8","prev_last_polygon_uuid":"8507e789-292b-492e-8a30-897e404f890e","local_government_cd":"016080","point_lng":142.941856433,"point_lat":42.157501081}},{"arcs":[[1034]],"type":"Polygon","properties":{"polygon_uuid":"dbfec582-667f-49c5-ab1b-2df1928252c0","land_type":200,"issue_year":2024,"edit_year":2020,"history":"[{\"筆ポリゴンID\":\"403cb05a-4365-477b-8ed5-52040aeee61d\",\"更新年度\":2023,\"前年同一\":true},[{\"筆ポリゴンID\":\"3a772512-9df2-4bd5-90c0-6dd26c189a8c\",\"更新年度\":2022,\"前年同一\":true},[{\"筆ポリゴンID\":\"a0ef7c06-2a48-4f95-baff-251a9ae545c6\",\"更新年度\":2021,\"前年同一\":true},{\"筆ポリゴンID\":\"a0ef7c06-2a48-4f95-baff-251a9ae545c6\",\"発生年度\":2020}]]]","last_polygon_uuid":"403cb05a-4365-477b-8ed5-52040aeee61d","prev_last_polygon_uuid":"3a772512-9df2-4bd5-90c0-6dd26c189a8c","local_government_cd":"016080","point_lng":142.939690252,"point_lat":42.157414156}},{"arcs":[[-176,1035,1036]],"type":"Polygon","properties":{"polygon_uuid":"b3024efc-35db-47a4-9d02-d5c00053428e","land_type":100,"issue_year":2024,"edit_year":2020,"history":"[{\"筆ポリゴンID\":\"5c1acecd-c25d-4fd0-9b33-56fdcfd367fb\",\"更新年度\":2023,\"前年同一\":true},[{\"筆ポリゴンID\":\"75a623ee-1378-421c-ac7b-476f3aacd292\",\"更新年度\":2022,\"前年同一\":true},[{\"筆ポリゴンID\":\"695456d7-be0e-416d-9f54-afc9c217f223\",\"更新年度\":2021,\"前年同一\":true},{\"筆ポリゴンID\":\"695456d7-be0e-416d-9f54-afc9c217f223\",\"発生年度\":2020}]]]","last_polygon_uuid":"5c1acecd-c25d-4fd0-9b33-56fdcfd367fb","prev_last_polygon_uuid":"75a623ee-1378-421c-ac7b-476f3aacd292","local_government_cd":"016080","point_lng":142.938455886,"point_lat":42.141145142}},{"arcs":[[1037,-974,1038,-889]],"type":"Polygon","properties":{"polygon_uuid":"087659d9-0682-487b-ac1a-dd698cef9830","land_type":100,"issue_year":2024,"edit_year":2020,"history":"[{\"筆ポリゴンID\":\"71583841-bbd3-4264-b4d2-2e6513f55bca\",\"更新年度\":2023,\"前年同一\":true},[{\"筆ポリゴンID\":\"6854b928-a1af-4713-9a6a-ca6a8c7c22a2\",\"更新年度\":2022,\"前年同一\":true},[{\"筆ポリゴンID\":\"03d7cbdc-d537-491b-913f-63c234697d63\",\"更新年度\":2021,\"前年同一\":true},{\"筆ポリゴンID\":\"03d7cbdc-d537-491b-913f-63c234697d63\",\"発生年度\":2020}]]]","last_polygon_uuid":"71583841-bbd3-4264-b4d2-2e6513f55bca","prev_last_polygon_uuid":"6854b928-a1af-4713-9a6a-ca6a8c7c22a2","local_government_cd":"016080","point_lng":142.94674203,"point_lat":42.145880803}},{"arcs":[[-869,1039]],"type":"Polygon","properties":{"polygon_uuid":"1623de0d-6194-4148-afeb-15c54dcafda6","land_type":200,"issue_year":2024,"edit_year":2020,"history":"[{\"筆ポリゴンID\":\"961ccb50-5b95-4c51-8306-6f3b893d2421\",\"更新年度\":2023,\"前年同一\":true},[{\"筆ポリゴンID\":\"37487a6d-1dc5-422c-9dc2-12a97cccb429\",\"更新年度\":2022,\"前年同一\":true},[{\"筆ポリゴンID\":\"94154c39-ccf3-4e1b-ab7c-147a58eadd84\",\"更新年度\":2021,\"前年同一\":true},{\"筆ポリゴンID\":\"94154c39-ccf3-4e1b-ab7c-147a58eadd84\",\"発生年度\":2020}]]]","last_polygon_uuid":"961ccb50-5b95-4c51-8306-6f3b893d2421","prev_last_polygon_uuid":"37487a6d-1dc5-422c-9dc2-12a97cccb429","local_government_cd":"016080","point_lng":142.944100795,"point_lat":42.132594433}},{"arcs":[[1040,1041,1042,-229]],"type":"Polygon","properties":{"polygon_uuid":"ffc85f37-0d08-4924-9b9c-662382e83c57","land_type":100,"issue_year":2024,"edit_year":2022,"history":"[{\"筆ポリゴンID\":\"ecd6d176-d3df-4894-b184-d5b1fe7a1815\",\"更新年度\":2023,\"前年同一\":true},[{\"筆ポリゴンID\":\"d165984f-12aa-4b22-91e5-1a221ffdfc1b\",\"更新年度\":2022,\"関連\":true},[{\"筆ポリゴンID\":\"bd7580eb-f5e8-48ae-8341-33c0ee179360\",\"更新年度\":2021,\"前年同一\":true},{\"筆ポリゴンID\":\"bd7580eb-f5e8-48ae-8341-33c0ee179360\",\"発生年度\":2020}]]]","last_polygon_uuid":"ecd6d176-d3df-4894-b184-d5b1fe7a1815","prev_last_polygon_uuid":null,"local_government_cd":"016080","point_lng":142.950046495,"point_lat":42.153176243}},{"arcs":[[1043]],"type":"Polygon","properties":{"polygon_uuid":"20b4ecdb-3827-443b-82ba-f75d12db244f","land_type":200,"issue_year":2024,"edit_year":2020,"history":"[{\"筆ポリゴンID\":\"f502956d-f688-4386-9bfc-0d29717a4066\",\"更新年度\":2023,\"前年同一\":true},[{\"筆ポリゴンID\":\"1adf3c94-a4a0-4e38-8391-6741cbcb105c\",\"更新年度\":2022,\"前年同一\":true},[{\"筆ポリゴンID\":\"7ed353f3-62e3-4282-a502-e9a562db18da\",\"更新年度\":2021,\"前年同一\":true},{\"筆ポリゴンID\":\"7ed353f3-62e3-4282-a502-e9a562db18da\",\"発生年度\":2020}]]]","last_polygon_uuid":"f502956d-f688-4386-9bfc-0d29717a4066","prev_last_polygon_uuid":"1adf3c94-a4a0-4e38-8391-6741cbcb105c","local_government_cd":"016080","point_lng":142.951390187,"point_lat":42.151926292}},{"arcs":[[-774,1044,1045]],"type":"Polygon","properties":{"polygon_uuid":"ee6ecffa-22cf-4707-8738-c2aff5cf7c77","land_type":100,"issue_year":2024,"edit_year":2020,"history":"[{\"筆ポリゴンID\":\"57e40df6-4b73-4307-ad8f-856ab884c12b\",\"更新年度\":2023,\"前年同一\":true},[{\"筆ポリゴンID\":\"0bf0e8a4-e101-4425-abd7-ac055ec34f64\",\"更新年度\":2022,\"前年同一\":true},[{\"筆ポリゴンID\":\"22ed8621-1b8f-4ec6-824a-49362a1fca46\",\"更新年度\":2021,\"前年同一\":true},{\"筆ポリゴンID\":\"22ed8621-1b8f-4ec6-824a-49362a1fca46\",\"発生年度\":2020}]]]","last_polygon_uuid":"57e40df6-4b73-4307-ad8f-856ab884c12b","prev_last_polygon_uuid":"0bf0e8a4-e101-4425-abd7-ac055ec34f64","local_government_cd":"016080","point_lng":142.950569377,"point_lat":42.154519102}},{"arcs":[[1046]],"type":"Polygon","properties":{"polygon_uuid":"c27f81c0-0010-4bc8-917c-9612a3ba3247","land_type":200,"issue_year":2024,"edit_year":2020,"history":"[{\"筆ポリゴンID\":\"0578cc10-fe7a-43b5-97e5-4cae12561109\",\"更新年度\":2023,\"前年同一\":true},[{\"筆ポリゴンID\":\"af4508ab-3b70-474d-9c49-fab006dd86a0\",\"更新年度\":2022,\"前年同一\":true},[{\"筆ポリゴンID\":\"07212cd2-1946-4845-86a5-dae1f557372e\",\"更新年度\":2021,\"前年同一\":true},{\"筆ポリゴンID\":\"07212cd2-1946-4845-86a5-dae1f557372e\",\"発生年度\":2020}]]]","last_polygon_uuid":"0578cc10-fe7a-43b5-97e5-4cae12561109","prev_last_polygon_uuid":"af4508ab-3b70-474d-9c49-fab006dd86a0","local_government_cd":"016080","point_lng":142.949790018,"point_lat":42.136793516}},{"arcs":[[-266,1047]],"type":"Polygon","properties":{"polygon_uuid":"e15a2a2d-081f-4e7e-bab4-be92f6b41ab7","land_type":200,"issue_year":2024,"edit_year":2020,"history":"[{\"筆ポリゴンID\":\"6639da82-dbb6-43a5-8a68-516e6257e097\",\"更新年度\":2023,\"前年同一\":true},[{\"筆ポリゴンID\":\"71cb0ddf-1da1-42b1-a930-274dccae4d60\",\"更新年度\":2022,\"前年同一\":true},[{\"筆ポリゴンID\":\"ae56d1fa-e323-4bd5-b952-14e484aeb26b\",\"更新年度\":2021,\"前年同一\":true},{\"筆ポリゴンID\":\"ae56d1fa-e323-4bd5-b952-14e484aeb26b\",\"発生年度\":2020}]]]","last_polygon_uuid":"6639da82-dbb6-43a5-8a68-516e6257e097","prev_last_polygon_uuid":"71cb0ddf-1da1-42b1-a930-274dccae4d60","local_government_cd":"016080","point_lng":142.948521941,"point_lat":42.14031324}},{"arcs":[[1048,-224]],"type":"Polygon","properties":{"polygon_uuid":"db013aed-8a17-4035-8453-d6b98594122b","land_type":100,"issue_year":2024,"edit_year":2020,"history":"[{\"筆ポリゴンID\":\"f01929cf-4ac6-4088-8bf2-d8671bb67495\",\"更新年度\":2023,\"前年同一\":true},[{\"筆ポリゴンID\":\"e05f92fe-306f-4321-9ade-fa99fd59bd72\",\"更新年度\":2022,\"前年同一\":true},[{\"筆ポリゴンID\":\"d90c9143-c2aa-4759-ae90-3395a2564059\",\"更新年度\":2021,\"前年同一\":true},{\"筆ポリゴンID\":\"d90c9143-c2aa-4759-ae90-3395a2564059\",\"発生年度\":2020}]]]","last_polygon_uuid":"f01929cf-4ac6-4088-8bf2-d8671bb67495","prev_last_polygon_uuid":"e05f92fe-306f-4321-9ade-fa99fd59bd72","local_government_cd":"016080","point_lng":142.938629835,"point_lat":42.138312494}},{"arcs":[[1049,-1002]],"type":"Polygon","properties":{"polygon_uuid":"042a7b65-e45c-4155-b83d-42b33046e96e","land_type":100,"issue_year":2024,"edit_year":2020,"history":"[{\"筆ポリゴンID\":\"498bd0a1-c6f5-4d9f-8f7c-d131816a6859\",\"更新年度\":2023,\"前年同一\":true},[{\"筆ポリゴンID\":\"69ba2f4b-0e3d-4d45-8a80-78dde3e4fe07\",\"更新年度\":2022,\"前年同一\":true},[{\"筆ポリゴンID\":\"0356face-7676-4d04-be7a-2e0a134e3114\",\"更新年度\":2021,\"前年同一\":true},{\"筆ポリゴンID\":\"0356face-7676-4d04-be7a-2e0a134e3114\",\"発生年度\":2020}]]]","last_polygon_uuid":"498bd0a1-c6f5-4d9f-8f7c-d131816a6859","prev_last_polygon_uuid":"69ba2f4b-0e3d-4d45-8a80-78dde3e4fe07","local_government_cd":"016080","point_lng":142.943862058,"point_lat":42.143489554}},{"arcs":[[1050]],"type":"Polygon","properties":{"polygon_uuid":"631ac0db-bac2-455c-bc1a-18868f1b2297","land_type":200,"issue_year":2024,"edit_year":2020,"history":"[{\"筆ポリゴンID\":\"235d09a2-506f-4752-ba44-a872a2b0ed2a\",\"更新年度\":2023,\"前年同一\":true},[{\"筆ポリゴンID\":\"fa8868e8-3663-4c3e-85f4-0b06f01c50f2\",\"更新年度\":2022,\"前年同一\":true},[{\"筆ポリゴンID\":\"7951ff39-ece2-4677-ba3c-6fbf26fe54e0\",\"更新年度\":2021,\"前年同一\":true},{\"筆ポリゴンID\":\"7951ff39-ece2-4677-ba3c-6fbf26fe54e0\",\"発生年度\":2020}]]]","last_polygon_uuid":"235d09a2-506f-4752-ba44-a872a2b0ed2a","prev_last_polygon_uuid":"fa8868e8-3663-4c3e-85f4-0b06f01c50f2","local_government_cd":"016080","point_lng":142.929107945,"point_lat":42.15794295}},{"arcs":[[1051]],"type":"Polygon","properties":{"polygon_uuid":"4b9165d1-07ff-4195-adc0-90c74456f934","land_type":200,"issue_year":2024,"edit_year":2020,"history":"[{\"筆ポリゴンID\":\"50caac28-14e6-40df-a507-10a101e976dd\",\"更新年度\":2023,\"前年同一\":true},[{\"筆ポリゴンID\":\"f5cff4fe-d566-4b08-8d13-a34b02118e6e\",\"更新年度\":2022,\"前年同一\":true},[{\"筆ポリゴンID\":\"6e8ec53e-0367-4168-ae44-3a116b1c36bd\",\"更新年度\":2021,\"前年同一\":true},{\"筆ポリゴンID\":\"6e8ec53e-0367-4168-ae44-3a116b1c36bd\",\"発生年度\":2020}]]]","last_polygon_uuid":"50caac28-14e6-40df-a507-10a101e976dd","prev_last_polygon_uuid":"f5cff4fe-d566-4b08-8d13-a34b02118e6e","local_government_cd":"016080","point_lng":142.927680488,"point_lat":42.159747307}},{"arcs":[[-1027,1052]],"type":"Polygon","properties":{"polygon_uuid":"6e7e0e2b-7706-4ef3-a531-dbee96937e0b","land_type":200,"issue_year":2024,"edit_year":2020,"history":"[{\"筆ポリゴンID\":\"19a44183-7d24-4562-a21a-83201398d9e7\",\"更新年度\":2023,\"前年同一\":true},[{\"筆ポリゴンID\":\"0f638887-19c6-433e-a7c9-eefd2be5bcd9\",\"更新年度\":2022,\"前年同一\":true},[{\"筆ポリゴンID\":\"3242e4ec-e730-4ea9-9385-febd9dc2c181\",\"更新年度\":2021,\"前年同一\":true},{\"筆ポリゴンID\":\"3242e4ec-e730-4ea9-9385-febd9dc2c181\",\"発生年度\":2020}]]]","last_polygon_uuid":"19a44183-7d24-4562-a21a-83201398d9e7","prev_last_polygon_uuid":"0f638887-19c6-433e-a7c9-eefd2be5bcd9","local_government_cd":"016080","point_lng":142.945175686,"point_lat":42.15869897}},{"arcs":[[1053,1054]],"type":"Polygon","properties":{"polygon_uuid":"d9e103aa-93de-45f4-856c-d3bcc6fab1e7","land_type":100,"issue_year":2024,"edit_year":2020,"history":"[{\"筆ポリゴンID\":\"471517c9-f620-4eaf-8bf1-0448f9e8db86\",\"更新年度\":2023,\"前年同一\":true},[{\"筆ポリゴンID\":\"be8c6fc1-c5dd-4324-9e75-b798252a0c4f\",\"更新年度\":2022,\"前年同一\":true},[{\"筆ポリゴンID\":\"13bb1d0f-8213-4a14-a3c5-543ff04dc9c2\",\"更新年度\":2021,\"前年同一\":true},{\"筆ポリゴンID\":\"13bb1d0f-8213-4a14-a3c5-543ff04dc9c2\",\"発生年度\":2020}]]]","last_polygon_uuid":"471517c9-f620-4eaf-8bf1-0448f9e8db86","prev_last_polygon_uuid":"be8c6fc1-c5dd-4324-9e75-b798252a0c4f","local_government_cd":"016080","point_lng":142.945302788,"point_lat":42.147597314}},{"arcs":[[1055,-901,1056,-894]],"type":"Polygon","properties":{"polygon_uuid":"31cff5ca-6365-42a6-8cf1-2db8db2d28c1","land_type":100,"issue_year":2024,"edit_year":2020,"history":"[{\"筆ポリゴンID\":\"138d539b-5e23-44f6-9b70-5a1aceed40d1\",\"更新年度\":2023,\"前年同一\":true},[{\"筆ポリゴンID\":\"6e8c4365-3e0b-4dae-88ee-d3f6c77703e0\",\"更新年度\":2022,\"前年同一\":true},[{\"筆ポリゴンID\":\"dd31a9a3-62c2-4244-afb3-80a528a47e58\",\"更新年度\":2021,\"前年同一\":true},{\"筆ポリゴンID\":\"dd31a9a3-62c2-4244-afb3-80a528a47e58\",\"発生年度\":2020}]]]","last_polygon_uuid":"138d539b-5e23-44f6-9b70-5a1aceed40d1","prev_last_polygon_uuid":"6e8c4365-3e0b-4dae-88ee-d3f6c77703e0","local_government_cd":"016080","point_lng":142.945026754,"point_lat":42.146777043}},{"arcs":[[1057,1058]],"type":"Polygon","properties":{"polygon_uuid":"0ed3f009-3845-4163-991e-08d4cffc8b99","land_type":100,"issue_year":2024,"edit_year":2020,"history":"[{\"筆ポリゴンID\":\"1d87395d-17b8-43bd-bcee-fde7dbdaebfb\",\"更新年度\":2023,\"前年同一\":true},[{\"筆ポリゴンID\":\"e8f2ecdc-1c0d-447b-ac9e-8801e160bc32\",\"更新年度\":2022,\"前年同一\":true},[{\"筆ポリゴンID\":\"177dd14d-bb74-4ac8-b2d9-7a5059f55a08\",\"更新年度\":2021,\"前年同一\":true},{\"筆ポリゴンID\":\"177dd14d-bb74-4ac8-b2d9-7a5059f55a08\",\"発生年度\":2020}]]]","last_polygon_uuid":"1d87395d-17b8-43bd-bcee-fde7dbdaebfb","prev_last_polygon_uuid":"e8f2ecdc-1c0d-447b-ac9e-8801e160bc32","local_government_cd":"016080","point_lng":142.937686112,"point_lat":42.141073699}},{"arcs":[[-270,1059],[1060]],"type":"Polygon","properties":{"polygon_uuid":"16f4c11e-54bc-4d95-a95c-2ecaa413e544","land_type":200,"issue_year":2024,"edit_year":2020,"history":"[{\"筆ポリゴンID\":\"24687858-d16a-4bb4-84e5-a97ae15e1d35\",\"更新年度\":2023,\"前年同一\":true},[{\"筆ポリゴンID\":\"aa5669d1-74c3-4460-9830-ed269ada1b12\",\"更新年度\":2022,\"前年同一\":true},[{\"筆ポリゴンID\":\"1890098c-afc6-45ad-aee2-e6823a2e0d4e\",\"更新年度\":2021,\"前年同一\":true},{\"筆ポリゴンID\":\"1890098c-afc6-45ad-aee2-e6823a2e0d4e\",\"発生年度\":2020}]]]","last_polygon_uuid":"24687858-d16a-4bb4-84e5-a97ae15e1d35","prev_last_polygon_uuid":"aa5669d1-74c3-4460-9830-ed269ada1b12","local_government_cd":"016080","point_lng":142.944697272,"point_lat":42.134967019}},{"arcs":[[1061]],"type":"Polygon","properties":{"polygon_uuid":"8bcdb149-865c-4a38-afa4-5ef7dd410d1c","land_type":200,"issue_year":2024,"edit_year":2020,"history":"[{\"筆ポリゴンID\":\"1204bb7d-cc56-4c18-ab5c-ba5d8de13ff8\",\"更新年度\":2023,\"前年同一\":true},[{\"筆ポリゴンID\":\"7ce92ac5-9773-48ab-81a0-bfbcc4e2a16e\",\"更新年度\":2022,\"前年同一\":true},[{\"筆ポリゴンID\":\"c33080fe-8939-404a-b1bf-cd61e62bab06\",\"更新年度\":2021,\"前年同一\":true},{\"筆ポリゴンID\":\"c33080fe-8939-404a-b1bf-cd61e62bab06\",\"発生年度\":2020}]]]","last_polygon_uuid":"1204bb7d-cc56-4c18-ab5c-ba5d8de13ff8","prev_last_polygon_uuid":"7ce92ac5-9773-48ab-81a0-bfbcc4e2a16e","local_government_cd":"016080","point_lng":142.947420334,"point_lat":42.139006616}},{"arcs":[[1062,-858]],"type":"Polygon","properties":{"polygon_uuid":"0e29f01c-545b-4c40-a6a4-ed30f340aef9","land_type":100,"issue_year":2024,"edit_year":2020,"history":"[{\"筆ポリゴンID\":\"4ed76787-5329-4958-8842-7a0469eb043d\",\"更新年度\":2023,\"前年同一\":true},[{\"筆ポリゴンID\":\"85bbb112-deec-48f0-b819-bef370d20a3b\",\"更新年度\":2022,\"前年同一\":true},[{\"筆ポリゴンID\":\"50c43412-a4fb-42b5-81c4-1621cd27de77\",\"更新年度\":2021,\"前年同一\":true},{\"筆ポリゴンID\":\"50c43412-a4fb-42b5-81c4-1621cd27de77\",\"発生年度\":2020}]]]","last_polygon_uuid":"4ed76787-5329-4958-8842-7a0469eb043d","prev_last_polygon_uuid":"85bbb112-deec-48f0-b819-bef370d20a3b","local_government_cd":"016080","point_lng":142.93900616,"point_lat":42.148388847}},{"arcs":[[1063,1064,1065]],"type":"Polygon","properties":{"polygon_uuid":"67313e8c-f3d1-4704-ae7d-a50e95ccd2bb","land_type":200,"issue_year":2024,"edit_year":2020,"history":"[{\"筆ポリゴンID\":\"f479be4e-30b0-4caa-ab89-a872665527f5\",\"更新年度\":2023,\"前年同一\":true},[{\"筆ポリゴンID\":\"78f0cba2-9009-4bd1-b702-81bc6b1daf39\",\"更新年度\":2022,\"前年同一\":true},[{\"筆ポリゴンID\":\"f8dc21cb-92ec-4f88-918f-d4940cb14425\",\"更新年度\":2021,\"前年同一\":true},{\"筆ポリゴンID\":\"f8dc21cb-92ec-4f88-918f-d4940cb14425\",\"発生年度\":2020}]]]","last_polygon_uuid":"f479be4e-30b0-4caa-ab89-a872665527f5","prev_last_polygon_uuid":"78f0cba2-9009-4bd1-b702-81bc6b1daf39","local_government_cd":"016080","point_lng":142.945378247,"point_lat":42.157631123}},{"arcs":[[1066,-205,1067,-200]],"type":"Polygon","properties":{"polygon_uuid":"86c3209f-9891-4b13-a945-81d75fcea96b","land_type":100,"issue_year":2024,"edit_year":2020,"history":"[{\"筆ポリゴンID\":\"6775e210-652e-44dd-8bf8-0ed6d3159f9b\",\"更新年度\":2023,\"前年同一\":true},[{\"筆ポリゴンID\":\"048efbfa-1a41-4155-abae-46565223debd\",\"更新年度\":2022,\"前年同一\":true},[{\"筆ポリゴンID\":\"2da655b0-bf76-403f-b484-d244e994f0bd\",\"更新年度\":2021,\"前年同一\":true},{\"筆ポリゴンID\":\"2da655b0-bf76-403f-b484-d244e994f0bd\",\"発生年度\":2020}]]]","last_polygon_uuid":"6775e210-652e-44dd-8bf8-0ed6d3159f9b","prev_last_polygon_uuid":"048efbfa-1a41-4155-abae-46565223debd","local_government_cd":"016080","point_lng":142.939097685,"point_lat":42.141843444}},{"arcs":[[-896,1068,-959,1069]],"type":"Polygon","properties":{"polygon_uuid":"4f06008b-3725-4c20-80f4-c4ab061d6f50","land_type":100,"issue_year":2024,"edit_year":2020,"history":"[{\"筆ポリゴンID\":\"3bcd297d-6bf3-46b3-9015-3db232f27d8d\",\"更新年度\":2023,\"前年同一\":true},[{\"筆ポリゴンID\":\"eba1b0bf-4035-4c11-929a-f866abca917d\",\"更新年度\":2022,\"前年同一\":true},[{\"筆ポリゴンID\":\"b15838e9-4154-4c04-bc59-58b184c850bc\",\"更新年度\":2021,\"前年同一\":true},{\"筆ポリゴンID\":\"b15838e9-4154-4c04-bc59-58b184c850bc\",\"発生年度\":2020}]]]","last_polygon_uuid":"3bcd297d-6bf3-46b3-9015-3db232f27d8d","prev_last_polygon_uuid":"eba1b0bf-4035-4c11-929a-f866abca917d","local_government_cd":"016080","point_lng":142.944754002,"point_lat":42.145977103}},{"arcs":[[1070]],"type":"Polygon","properties":{"polygon_uuid":"a3e6e2f7-ce51-4acc-88a4-67649ab8dcc2","land_type":100,"issue_year":2024,"edit_year":2020,"history":"[{\"筆ポリゴンID\":\"76d10bc8-fb41-49fa-95ad-7ed6eb9130a5\",\"更新年度\":2023,\"前年同一\":true},[{\"筆ポリゴンID\":\"0ebb3d2a-80b3-413b-b798-69b68df788c2\",\"更新年度\":2022,\"前年同一\":true},[{\"筆ポリゴンID\":\"87fba009-9cf8-4ab4-9fed-0e4435336be9\",\"更新年度\":2021,\"前年同一\":true},{\"筆ポリゴンID\":\"87fba009-9cf8-4ab4-9fed-0e4435336be9\",\"発生年度\":2020}]]]","last_polygon_uuid":"76d10bc8-fb41-49fa-95ad-7ed6eb9130a5","prev_last_polygon_uuid":"0ebb3d2a-80b3-413b-b798-69b68df788c2","local_government_cd":"016080","point_lng":142.944792488,"point_lat":42.15428347}},{"arcs":[[-799,1071]],"type":"Polygon","properties":{"polygon_uuid":"8e4a35a2-16b7-4283-8e81-3244bf7a94c8","land_type":100,"issue_year":2024,"edit_year":2022,"history":"[{\"筆ポリゴンID\":\"a92636a1-39c2-42ba-9129-8ae2f85e9139\",\"更新年度\":2023,\"前年同一\":true},[{\"筆ポリゴンID\":\"f518f1e8-d550-494a-b849-e39153bf6427\",\"更新年度\":2022,\"関連\":true},[{\"筆ポリゴンID\":\"f728532a-9358-4fc9-9f99-6b2a8b5cd505\",\"更新年度\":2021,\"前年同一\":true},{\"筆ポリゴンID\":\"f728532a-9358-4fc9-9f99-6b2a8b5cd505\",\"発生年度\":2020}]]]","last_polygon_uuid":"a92636a1-39c2-42ba-9129-8ae2f85e9139","prev_last_polygon_uuid":null,"local_government_cd":"016080","point_lng":142.948498574,"point_lat":42.150717235}},{"arcs":[[1072,1073]],"type":"Polygon","properties":{"polygon_uuid":"a5cfdbcd-bc8d-4c2e-80c4-5b382276efdc","land_type":200,"issue_year":2024,"edit_year":2020,"history":"[{\"筆ポリゴンID\":\"1634e30b-3c12-4853-8b11-aa2139f23127\",\"更新年度\":2023,\"前年同一\":true},[{\"筆ポリゴンID\":\"ace19948-dd65-4235-a3f6-6497a53722fa\",\"更新年度\":2022,\"前年同一\":true},[{\"筆ポリゴンID\":\"9032c1cd-d1ff-4345-983c-473476018ca7\",\"更新年度\":2021,\"前年同一\":true},{\"筆ポリゴンID\":\"9032c1cd-d1ff-4345-983c-473476018ca7\",\"発生年度\":2020}]]]","last_polygon_uuid":"1634e30b-3c12-4853-8b11-aa2139f23127","prev_last_polygon_uuid":"ace19948-dd65-4235-a3f6-6497a53722fa","local_government_cd":"016080","point_lng":142.944973875,"point_lat":42.156551636}},{"arcs":[[-1073,1074,1075,1076]],"type":"Polygon","properties":{"polygon_uuid":"c3538448-dd58-40dc-84d6-b589af46c9dc","land_type":200,"issue_year":2024,"edit_year":2020,"history":"[{\"筆ポリゴンID\":\"8be6b041-ce02-4912-8647-460bd14b0e52\",\"更新年度\":2023,\"前年同一\":true},[{\"筆ポリゴンID\":\"45fb4d9f-85ae-4fd4-81ef-5fc69899b313\",\"更新年度\":2022,\"前年同一\":true},[{\"筆ポリゴンID\":\"5c604e55-bd5e-46a6-a104-235be28b53fd\",\"更新年度\":2021,\"前年同一\":true},{\"筆ポリゴンID\":\"5c604e55-bd5e-46a6-a104-235be28b53fd\",\"発生年度\":2020}]]]","last_polygon_uuid":"8be6b041-ce02-4912-8647-460bd14b0e52","prev_last_polygon_uuid":"45fb4d9f-85ae-4fd4-81ef-5fc69899b313","local_government_cd":"016080","point_lng":142.946392176,"point_lat":42.156951878}},{"arcs":[[1077]],"type":"Polygon","properties":{"polygon_uuid":"8bdc0af3-61df-4fe2-97be-3a7c48f3cdac","land_type":200,"issue_year":2024,"edit_year":2020,"history":"[{\"筆ポリゴンID\":\"b2bafdf7-fa1a-42e5-9620-1f9f8cb5ec6f\",\"更新年度\":2023,\"前年同一\":true},[{\"筆ポリゴンID\":\"d4fc05b1-6aea-4c27-8c9f-9c3324a1b9bd\",\"更新年度\":2022,\"前年同一\":true},[{\"筆ポリゴンID\":\"4d8740d8-59ea-4a24-b63c-3480c62108d3\",\"更新年度\":2021,\"前年同一\":true},{\"筆ポリゴンID\":\"4d8740d8-59ea-4a24-b63c-3480c62108d3\",\"発生年度\":2020}]]]","last_polygon_uuid":"b2bafdf7-fa1a-42e5-9620-1f9f8cb5ec6f","prev_last_polygon_uuid":"d4fc05b1-6aea-4c27-8c9f-9c3324a1b9bd","local_government_cd":"016080","point_lng":142.927880398,"point_lat":42.158294295}},{"arcs":[[1078,1079,1080,1081]],"type":"Polygon","properties":{"polygon_uuid":"b8dbf38a-be16-49f8-954e-8357afae557e","land_type":100,"issue_year":2024,"edit_year":2020,"history":"[{\"筆ポリゴンID\":\"074ffa77-cfa3-4e17-b697-b74d8378bd55\",\"更新年度\":2023,\"前年同一\":true},[{\"筆ポリゴンID\":\"9fd9110d-a6df-4913-b212-fc5b10afd31d\",\"更新年度\":2022,\"前年同一\":true},[{\"筆ポリゴンID\":\"e384ca51-d373-4d60-bc10-01d27d456ef3\",\"更新年度\":2021,\"前年同一\":true},{\"筆ポリゴンID\":\"e384ca51-d373-4d60-bc10-01d27d456ef3\",\"発生年度\":2020}]]]","last_polygon_uuid":"074ffa77-cfa3-4e17-b697-b74d8378bd55","prev_last_polygon_uuid":"9fd9110d-a6df-4913-b212-fc5b10afd31d","local_government_cd":"016080","point_lng":142.942232125,"point_lat":42.145736862}},{"arcs":[[1082,1083,1084,-234]],"type":"Polygon","properties":{"polygon_uuid":"45b6a4ec-5dca-46c0-a456-b7615686c6c8","land_type":100,"issue_year":2024,"edit_year":2020,"history":"[{\"筆ポリゴンID\":\"8aa4cfb4-2781-4df5-a4ca-5b518a86784d\",\"更新年度\":2023,\"前年同一\":true},[{\"筆ポリゴンID\":\"ee1323a0-c11e-4a70-8caf-7d75ea094a43\",\"更新年度\":2022,\"前年同一\":true},[{\"筆ポリゴンID\":\"285b7c40-c2fa-4a81-b1f7-ef14a4ed6331\",\"更新年度\":2021,\"前年同一\":true},{\"筆ポリゴンID\":\"285b7c40-c2fa-4a81-b1f7-ef14a4ed6331\",\"発生年度\":2020}]]]","last_polygon_uuid":"8aa4cfb4-2781-4df5-a4ca-5b518a86784d","prev_last_polygon_uuid":"ee1323a0-c11e-4a70-8caf-7d75ea094a43","local_government_cd":"016080","point_lng":142.945542111,"point_lat":42.152834182}},{"arcs":[[-1066,1085,1086]],"type":"Polygon","properties":{"polygon_uuid":"aa39fad4-c0d2-4a4c-bd4e-fc7d66e23cf2","land_type":200,"issue_year":2024,"edit_year":2020,"history":"[{\"筆ポリゴンID\":\"9fea88ce-0529-4711-991b-1497dd2c459e\",\"更新年度\":2023,\"前年同一\":true},[{\"筆ポリゴンID\":\"7357a6ba-ada3-46a9-aea3-e175ade6ea05\",\"更新年度\":2022,\"前年同一\":true},[{\"筆ポリゴンID\":\"85510dfa-f011-4947-9949-c818fe09b896\",\"更新年度\":2021,\"前年同一\":true},{\"筆ポリゴンID\":\"85510dfa-f011-4947-9949-c818fe09b896\",\"発生年度\":2020}]]]","last_polygon_uuid":"9fea88ce-0529-4711-991b-1497dd2c459e","prev_last_polygon_uuid":"7357a6ba-ada3-46a9-aea3-e175ade6ea05","local_government_cd":"016080","point_lng":142.946599765,"point_lat":42.158426758}},{"arcs":[[1087,1088,1089,-1023]],"type":"Polygon","properties":{"polygon_uuid":"dd716e99-1291-49de-999f-369309203452","land_type":100,"issue_year":2024,"edit_year":2020,"history":"[{\"筆ポリゴンID\":\"f91fe26c-6064-46d2-bc9c-9241a227aee3\",\"更新年度\":2023,\"前年同一\":true},[{\"筆ポリゴンID\":\"65626487-8859-4f56-80ef-c64f5b9870a5\",\"更新年度\":2022,\"前年同一\":true},[{\"筆ポリゴンID\":\"2c9af382-abf3-46f0-8886-c09d282bf7e5\",\"更新年度\":2021,\"前年同一\":true},{\"筆ポリゴンID\":\"2c9af382-abf3-46f0-8886-c09d282bf7e5\",\"発生年度\":2020}]]]","last_polygon_uuid":"f91fe26c-6064-46d2-bc9c-9241a227aee3","prev_last_polygon_uuid":"65626487-8859-4f56-80ef-c64f5b9870a5","local_government_cd":"016080","point_lng":142.945686705,"point_lat":42.149491696}},{"arcs":[[1090]],"type":"Polygon","properties":{"polygon_uuid":"d551f891-049e-43d3-8059-c7a342c6d326","land_type":200,"issue_year":2024,"edit_year":2020,"history":"[{\"筆ポリゴンID\":\"cf8c36e3-36e7-442e-824c-b8f5f0fbdbd5\",\"更新年度\":2023,\"前年同一\":true},[{\"筆ポリゴンID\":\"5dfc2577-787e-40cb-a246-45cceb1e41f4\",\"更新年度\":2022,\"前年同一\":true},[{\"筆ポリゴンID\":\"edfa6d19-9696-46bd-a256-7d67a34a80c8\",\"更新年度\":2021,\"前年同一\":true},{\"筆ポリゴンID\":\"edfa6d19-9696-46bd-a256-7d67a34a80c8\",\"発生年度\":2020}]]]","last_polygon_uuid":"cf8c36e3-36e7-442e-824c-b8f5f0fbdbd5","prev_last_polygon_uuid":"5dfc2577-787e-40cb-a246-45cceb1e41f4","local_government_cd":"016080","point_lng":142.925716631,"point_lat":42.163555042}},{"arcs":[[1091,-1055,1092,-985]],"type":"Polygon","properties":{"polygon_uuid":"13e59c8a-ca65-49ba-a2a1-d93a25f9469c","land_type":100,"issue_year":2024,"edit_year":2020,"history":"[{\"筆ポリゴンID\":\"2f14506a-c8dc-4c1b-b884-b4b9f0789545\",\"更新年度\":2023,\"前年同一\":true},[{\"筆ポリゴンID\":\"dcbc1d2c-076a-4694-9a0e-ed70c03c677f\",\"更新年度\":2022,\"前年同一\":true},[{\"筆ポリゴンID\":\"b5a784f3-135e-4044-af5a-d0a847eca04f\",\"更新年度\":2021,\"前年同一\":true},{\"筆ポリゴンID\":\"b5a784f3-135e-4044-af5a-d0a847eca04f\",\"発生年度\":2020}]]]","last_polygon_uuid":"2f14506a-c8dc-4c1b-b884-b4b9f0789545","prev_last_polygon_uuid":"dcbc1d2c-076a-4694-9a0e-ed70c03c677f","local_government_cd":"016080","point_lng":142.945366764,"point_lat":42.147832135}},{"arcs":[[1093]],"type":"Polygon","properties":{"polygon_uuid":"2bad3353-e7ee-47ae-ab50-4883c5f3b774","land_type":200,"issue_year":2024,"edit_year":2020,"history":"[{\"筆ポリゴンID\":\"b9a2fc70-f5e2-4275-af97-16729872a9d8\",\"更新年度\":2023,\"前年同一\":true},[{\"筆ポリゴンID\":\"cc2b0716-28b0-408a-91df-2ebe8cb4f999\",\"更新年度\":2022,\"前年同一\":true},[{\"筆ポリゴンID\":\"33949f7e-7e76-4b82-9911-560853c2b998\",\"更新年度\":2021,\"前年同一\":true},{\"筆ポリゴンID\":\"33949f7e-7e76-4b82-9911-560853c2b998\",\"発生年度\":2020}]]]","last_polygon_uuid":"b9a2fc70-f5e2-4275-af97-16729872a9d8","prev_last_polygon_uuid":"cc2b0716-28b0-408a-91df-2ebe8cb4f999","local_government_cd":"016080","point_lng":142.948938401,"point_lat":42.138997406}},{"arcs":[[1094]],"type":"Polygon","properties":{"polygon_uuid":"9417b56d-a8f5-4693-adad-ad06555676a9","land_type":200,"issue_year":2024,"edit_year":2020,"history":"[{\"筆ポリゴンID\":\"1e681e6e-3c19-4c7b-a70a-586f4cf743ff\",\"更新年度\":2023,\"前年同一\":true},[{\"筆ポリゴンID\":\"fcd20f69-c98d-456e-adbe-5961cd5c26dd\",\"更新年度\":2022,\"前年同一\":true},[{\"筆ポリゴンID\":\"f760a385-44c1-4492-8ec1-fe3413658fda\",\"更新年度\":2021,\"前年同一\":true},{\"筆ポリゴンID\":\"f760a385-44c1-4492-8ec1-fe3413658fda\",\"発生年度\":2020}]]]","last_polygon_uuid":"1e681e6e-3c19-4c7b-a70a-586f4cf743ff","prev_last_polygon_uuid":"fcd20f69-c98d-456e-adbe-5961cd5c26dd","local_government_cd":"016080","point_lng":142.948807269,"point_lat":42.133200121}},{"arcs":[[1095,1096,-306,1097]],"type":"Polygon","properties":{"polygon_uuid":"e2c511ea-4728-41b3-a45f-00f57ff93662","land_type":100,"issue_year":2024,"edit_year":2020,"history":"[{\"筆ポリゴンID\":\"c806450a-00e6-40a6-ae2f-07cee5135d97\",\"更新年度\":2023,\"前年同一\":true},[{\"筆ポリゴンID\":\"e82df9b1-49ea-4300-90ce-f7aaa6f77f50\",\"更新年度\":2022,\"前年同一\":true},[{\"筆ポリゴンID\":\"4bd945cb-3bf6-46c3-8371-1651a9d51c52\",\"更新年度\":2021,\"前年同一\":true},{\"筆ポリゴンID\":\"4bd945cb-3bf6-46c3-8371-1651a9d51c52\",\"発生年度\":2020}]]]","last_polygon_uuid":"c806450a-00e6-40a6-ae2f-07cee5135d97","prev_last_polygon_uuid":"e82df9b1-49ea-4300-90ce-f7aaa6f77f50","local_government_cd":"016080","point_lng":142.945817824,"point_lat":42.144221727}},{"arcs":[[1098,-930,1099,-213]],"type":"Polygon","properties":{"polygon_uuid":"21d4af9d-9e14-4220-a31a-8acbbac39529","land_type":100,"issue_year":2024,"edit_year":2020,"history":"[{\"筆ポリゴンID\":\"04b058b6-e184-47be-a7bf-c0d5f447e93a\",\"更新年度\":2023,\"前年同一\":true},[{\"筆ポリゴンID\":\"2519a92c-511e-4443-9bdd-ece71bf03c52\",\"更新年度\":2022,\"前年同一\":true},[{\"筆ポリゴンID\":\"3e91cbbd-983b-4536-b012-41e24870e690\",\"更新年度\":2021,\"前年同一\":true},{\"筆ポリゴンID\":\"3e91cbbd-983b-4536-b012-41e24870e690\",\"発生年度\":2020}]]]","last_polygon_uuid":"04b058b6-e184-47be-a7bf-c0d5f447e93a","prev_last_polygon_uuid":"2519a92c-511e-4443-9bdd-ece71bf03c52","local_government_cd":"016080","point_lng":142.947700601,"point_lat":42.148351308}},{"arcs":[[1100]],"type":"Polygon","properties":{"polygon_uuid":"838ee028-5e10-4764-9c09-9869e386aca7","land_type":200,"issue_year":2024,"edit_year":2020,"history":"[{\"筆ポリゴンID\":\"d17ef2ac-97de-4085-a40d-29ae07561cb1\",\"更新年度\":2023,\"前年同一\":true},[{\"筆ポリゴンID\":\"516be868-245e-440e-8022-eaaf3095ffb2\",\"更新年度\":2022,\"前年同一\":true},[{\"筆ポリゴンID\":\"0d180d7f-dc40-4d26-8244-48345bd267b1\",\"更新年度\":2021,\"前年同一\":true},{\"筆ポリゴンID\":\"0d180d7f-dc40-4d26-8244-48345bd267b1\",\"発生年度\":2020}]]]","last_polygon_uuid":"d17ef2ac-97de-4085-a40d-29ae07561cb1","prev_last_polygon_uuid":"516be868-245e-440e-8022-eaaf3095ffb2","local_government_cd":"016080","point_lng":142.926301895,"point_lat":42.160359125}},{"arcs":[[-1080,1101]],"type":"Polygon","properties":{"polygon_uuid":"f0cf0779-51f7-4f2f-b520-f098ca9e1d69","land_type":100,"issue_year":2024,"edit_year":2020,"history":"[{\"筆ポリゴンID\":\"8c8b9366-6f46-47b6-959a-2a5b39e8004b\",\"更新年度\":2023,\"前年同一\":true},[{\"筆ポリゴンID\":\"76ded6a1-556c-4c81-8893-31104f9a0dc5\",\"更新年度\":2022,\"前年同一\":true},[{\"筆ポリゴンID\":\"2fd98c3f-7e0f-423d-a96e-9f3f19188f1c\",\"更新年度\":2021,\"前年同一\":true},{\"筆ポリゴンID\":\"2fd98c3f-7e0f-423d-a96e-9f3f19188f1c\",\"発生年度\":2020}]]]","last_polygon_uuid":"8c8b9366-6f46-47b6-959a-2a5b39e8004b","prev_last_polygon_uuid":"76ded6a1-556c-4c81-8893-31104f9a0dc5","local_government_cd":"016080","point_lng":142.942155382,"point_lat":42.145169103}},{"arcs":[[1102]],"type":"Polygon","properties":{"polygon_uuid":"7b39da2c-a199-434f-a555-c0d7fb1dec08","land_type":200,"issue_year":2024,"edit_year":2020,"history":"[{\"筆ポリゴンID\":\"e0a8592b-d4f8-4081-a2f9-955e0229697e\",\"更新年度\":2023,\"前年同一\":true},[{\"筆ポリゴンID\":\"44396a67-a3d7-4686-9b63-9d2c7ae9b81d\",\"更新年度\":2022,\"前年同一\":true},[{\"筆ポリゴンID\":\"5ae634a6-30af-4d5d-906f-d023feef1de3\",\"更新年度\":2021,\"前年同一\":true},{\"筆ポリゴンID\":\"5ae634a6-30af-4d5d-906f-d023feef1de3\",\"発生年度\":2020}]]]","last_polygon_uuid":"e0a8592b-d4f8-4081-a2f9-955e0229697e","prev_last_polygon_uuid":"44396a67-a3d7-4686-9b63-9d2c7ae9b81d","local_government_cd":"016080","point_lng":142.936240422,"point_lat":42.153887972}},{"arcs":[[1103,-260]],"type":"Polygon","properties":{"polygon_uuid":"3c790037-39be-4e3c-bb9e-e3908ea9a26e","land_type":200,"issue_year":2024,"edit_year":2020,"history":"[{\"筆ポリゴンID\":\"4415c4d1-7aab-43b7-a2d5-9fb2760eaee4\",\"更新年度\":2023,\"前年同一\":true},[{\"筆ポリゴンID\":\"2a07241a-47c3-44cc-9e36-e71fc93fdcfc\",\"更新年度\":2022,\"前年同一\":true},[{\"筆ポリゴンID\":\"95ee576f-1423-40d6-ac03-8e6eb69fd2eb\",\"更新年度\":2021,\"前年同一\":true},{\"筆ポリゴンID\":\"95ee576f-1423-40d6-ac03-8e6eb69fd2eb\",\"発生年度\":2020}]]]","last_polygon_uuid":"4415c4d1-7aab-43b7-a2d5-9fb2760eaee4","prev_last_polygon_uuid":"2a07241a-47c3-44cc-9e36-e71fc93fdcfc","local_government_cd":"016080","point_lng":142.950261209,"point_lat":42.155797127}},{"arcs":[[1104,-1016,1105,-1042]],"type":"Polygon","properties":{"polygon_uuid":"20d150d3-c21e-4914-9d71-4e886f44ae79","land_type":100,"issue_year":2024,"edit_year":2022,"history":"[{\"筆ポリゴンID\":\"34781e68-cac7-4e32-a9d1-c883b891ebed\",\"更新年度\":2023,\"前年同一\":true},[{\"筆ポリゴンID\":\"d165984f-12aa-4b22-91e5-1a221ffdfc1b\",\"更新年度\":2022,\"関連\":true},[{\"筆ポリゴンID\":\"bd7580eb-f5e8-48ae-8341-33c0ee179360\",\"更新年度\":2021,\"前年同一\":true},{\"筆ポリゴンID\":\"bd7580eb-f5e8-48ae-8341-33c0ee179360\",\"発生年度\":2020}]]]","last_polygon_uuid":"34781e68-cac7-4e32-a9d1-c883b891ebed","prev_last_polygon_uuid":null,"local_government_cd":"016080","point_lng":142.949888603,"point_lat":42.15296537}},{"arcs":[[-1082,1106,-995,-965,1107]],"type":"Polygon","properties":{"polygon_uuid":"936e786e-68b9-45ba-86fe-b5a214dd21e8","land_type":100,"issue_year":2024,"edit_year":2020,"history":"[{\"筆ポリゴンID\":\"56c1c67c-4129-4a01-9ce6-c1b289ca8115\",\"更新年度\":2023,\"前年同一\":true},[{\"筆ポリゴンID\":\"016fb037-5866-467d-89d7-23939eae143c\",\"更新年度\":2022,\"前年同一\":true},[{\"筆ポリゴンID\":\"1a6a53fb-719b-480d-88c5-efef406b7cda\",\"更新年度\":2021,\"前年同一\":true},{\"筆ポリゴンID\":\"1a6a53fb-719b-480d-88c5-efef406b7cda\",\"発生年度\":2020}]]]","last_polygon_uuid":"56c1c67c-4129-4a01-9ce6-c1b289ca8115","prev_last_polygon_uuid":"016fb037-5866-467d-89d7-23939eae143c","local_government_cd":"016080","point_lng":142.942322604,"point_lat":42.146378882}},{"arcs":[[1108]],"type":"Polygon","properties":{"polygon_uuid":"52b7d8f9-2342-4cc9-ab9a-398018f954a4","land_type":200,"issue_year":2024,"edit_year":2020,"history":"[{\"筆ポリゴンID\":\"f776787c-bffd-453b-9602-4451dba490a4\",\"更新年度\":2023,\"前年同一\":true},[{\"筆ポリゴンID\":\"7465b83f-4b5b-4e4d-807d-d538c92eee4b\",\"更新年度\":2022,\"前年同一\":true},[{\"筆ポリゴンID\":\"5f46db55-1b2a-4d9d-b2c2-1cfdf78241f2\",\"更新年度\":2021,\"前年同一\":true},{\"筆ポリゴンID\":\"5f46db55-1b2a-4d9d-b2c2-1cfdf78241f2\",\"発生年度\":2020}]]]","last_polygon_uuid":"f776787c-bffd-453b-9602-4451dba490a4","prev_last_polygon_uuid":"7465b83f-4b5b-4e4d-807d-d538c92eee4b","local_government_cd":"016080","point_lng":142.952425963,"point_lat":42.136132547}},{"arcs":[[1109]],"type":"Polygon","properties":{"polygon_uuid":"c60e39e4-b7c1-44a6-83a4-dba627a9c9a2","land_type":200,"issue_year":2024,"edit_year":2020,"history":"[{\"筆ポリゴンID\":\"88211a0a-eb8a-4498-a725-0fb15010cda5\",\"更新年度\":2023,\"前年同一\":true},[{\"筆ポリゴンID\":\"56f74e39-801f-4a23-964d-edf27588625a\",\"更新年度\":2022,\"前年同一\":true},[{\"筆ポリゴンID\":\"25ed63eb-cfe1-46ca-8ff8-cfdd57e052a5\",\"更新年度\":2021,\"前年同一\":true},{\"筆ポリゴンID\":\"25ed63eb-cfe1-46ca-8ff8-cfdd57e052a5\",\"発生年度\":2020}]]]","last_polygon_uuid":"88211a0a-eb8a-4498-a725-0fb15010cda5","prev_last_polygon_uuid":"56f74e39-801f-4a23-964d-edf27588625a","local_government_cd":"016080","point_lng":142.941984184,"point_lat":42.144257294}},{"arcs":[[1110]],"type":"Polygon","properties":{"polygon_uuid":"41403126-c3dd-48b0-81ab-c9748123a943","land_type":100,"issue_year":2024,"edit_year":2020,"history":"[{\"筆ポリゴンID\":\"4fad81d0-d3ac-494d-a421-3163762c2dd8\",\"更新年度\":2023,\"前年同一\":true},[{\"筆ポリゴンID\":\"617d03c7-b512-447e-9520-5f01a2718dcd\",\"更新年度\":2022,\"前年同一\":true},[{\"筆ポリゴンID\":\"ec457cde-04d7-433b-8eec-02a451d35c1d\",\"更新年度\":2021,\"前年同一\":true},{\"筆ポリゴンID\":\"ec457cde-04d7-433b-8eec-02a451d35c1d\",\"発生年度\":2020}]]]","last_polygon_uuid":"4fad81d0-d3ac-494d-a421-3163762c2dd8","prev_last_polygon_uuid":"617d03c7-b512-447e-9520-5f01a2718dcd","local_government_cd":"016080","point_lng":142.944845882,"point_lat":42.142475425}},{"arcs":[[1111]],"type":"Polygon","properties":{"polygon_uuid":"7e9eee87-8ff7-4550-8b6e-e0b9d2b23c43","land_type":200,"issue_year":2024,"edit_year":2020,"history":"[{\"筆ポリゴンID\":\"4a3feabf-2312-4b27-9ea6-e828c6c897e8\",\"更新年度\":2023,\"前年同一\":true},[{\"筆ポリゴンID\":\"23fda0e9-67fe-4a60-a15c-1789c2ea735b\",\"更新年度\":2022,\"前年同一\":true},[{\"筆ポリゴンID\":\"3c1001c2-107d-4db0-a375-253575bf09f6\",\"更新年度\":2021,\"前年同一\":true},{\"筆ポリゴンID\":\"3c1001c2-107d-4db0-a375-253575bf09f6\",\"発生年度\":2020}]]]","last_polygon_uuid":"4a3feabf-2312-4b27-9ea6-e828c6c897e8","prev_last_polygon_uuid":"23fda0e9-67fe-4a60-a15c-1789c2ea735b","local_government_cd":"016080","point_lng":142.947473124,"point_lat":42.159492479}},{"arcs":[[-304,1112],[1113]],"type":"Polygon","properties":{"polygon_uuid":"11ddc20f-d224-4ef2-92aa-9b240c0f619c","land_type":200,"issue_year":2024,"edit_year":2020,"history":"[{\"筆ポリゴンID\":\"474734c3-d940-4c58-9bf8-01fdd6d4da31\",\"更新年度\":2023,\"前年同一\":true},[{\"筆ポリゴンID\":\"0ec9d55b-662a-4130-a9dd-b99f863d7f37\",\"更新年度\":2022,\"前年同一\":true},[{\"筆ポリゴンID\":\"ded722e1-2a29-425b-a72c-1f98b4c24f55\",\"更新年度\":2021,\"前年同一\":true},{\"筆ポリゴンID\":\"ded722e1-2a29-425b-a72c-1f98b4c24f55\",\"発生年度\":2020}]]]","last_polygon_uuid":"474734c3-d940-4c58-9bf8-01fdd6d4da31","prev_last_polygon_uuid":"0ec9d55b-662a-4130-a9dd-b99f863d7f37","local_government_cd":"016080","point_lng":142.946303957,"point_lat":42.1379091}},{"arcs":[[1114,1115,1116,-1084]],"type":"Polygon","properties":{"polygon_uuid":"4187fd73-86fd-4cf1-86e1-4f9a03c00c8f","land_type":100,"issue_year":2024,"edit_year":2020,"history":"[{\"筆ポリゴンID\":\"2236435e-5ece-4967-96ff-425be1d08088\",\"更新年度\":2023,\"前年同一\":true},[{\"筆ポリゴンID\":\"7739bd41-0db4-4dea-a8b2-9d5c44ca46e0\",\"更新年度\":2022,\"前年同一\":true},[{\"筆ポリゴンID\":\"1df114ad-281c-4bd6-848f-5d5847352102\",\"更新年度\":2021,\"前年同一\":true},{\"筆ポリゴンID\":\"1df114ad-281c-4bd6-848f-5d5847352102\",\"発生年度\":2020}]]]","last_polygon_uuid":"2236435e-5ece-4967-96ff-425be1d08088","prev_last_polygon_uuid":"7739bd41-0db4-4dea-a8b2-9d5c44ca46e0","local_government_cd":"016080","point_lng":142.945370083,"point_lat":42.152616746}},{"arcs":[[1117,-1089,1118,-979]],"type":"Polygon","properties":{"polygon_uuid":"2d23262d-2c0f-47aa-8058-e3f5c416c523","land_type":100,"issue_year":2024,"edit_year":2020,"history":"[{\"筆ポリゴンID\":\"b55bc51a-2080-4233-bf85-7fd6d92c58dd\",\"更新年度\":2023,\"前年同一\":true},[{\"筆ポリゴンID\":\"ca9ece65-9e0e-40a9-bf24-bc846ab7413f\",\"更新年度\":2022,\"前年同一\":true},[{\"筆ポリゴンID\":\"0b3381b8-b25a-4886-a59f-d735c4dab19f\",\"更新年度\":2021,\"前年同一\":true},{\"筆ポリゴンID\":\"0b3381b8-b25a-4886-a59f-d735c4dab19f\",\"発生年度\":2020}]]]","last_polygon_uuid":"b55bc51a-2080-4233-bf85-7fd6d92c58dd","prev_last_polygon_uuid":"ca9ece65-9e0e-40a9-bf24-bc846ab7413f","local_government_cd":"016080","point_lng":142.945625178,"point_lat":42.149094005}},{"arcs":[[-976,1119,-1096,1120]],"type":"Polygon","properties":{"polygon_uuid":"77ccbbf8-0df4-4f05-bc97-f02e7d65cbd7","land_type":100,"issue_year":2024,"edit_year":2020,"history":"[{\"筆ポリゴンID\":\"8b79a9c8-6b85-4241-9642-f4dff03c8bf7\",\"更新年度\":2023,\"前年同一\":true},[{\"筆ポリゴンID\":\"6d323fdb-0c44-4f53-af74-249004a738a3\",\"更新年度\":2022,\"前年同一\":true},[{\"筆ポリゴンID\":\"868f14ca-3c42-465a-877f-60a5b582a767\",\"更新年度\":2021,\"前年同一\":true},{\"筆ポリゴンID\":\"868f14ca-3c42-465a-877f-60a5b582a767\",\"発生年度\":2020}]]]","last_polygon_uuid":"8b79a9c8-6b85-4241-9642-f4dff03c8bf7","prev_last_polygon_uuid":"6d323fdb-0c44-4f53-af74-249004a738a3","local_government_cd":"016080","point_lng":142.946122098,"point_lat":42.144752138}},{"arcs":[[1121]],"type":"Polygon","properties":{"polygon_uuid":"919c483d-64f2-47f3-b21c-00e41b7159ab","land_type":200,"issue_year":2024,"edit_year":2020,"history":"[{\"筆ポリゴンID\":\"2cd13ceb-44a7-42c3-9f86-a62117ddab8c\",\"更新年度\":2023,\"前年同一\":true},[{\"筆ポリゴンID\":\"91d9ed98-81a8-481f-8848-0cc6ddcf99a0\",\"更新年度\":2022,\"前年同一\":true},[{\"筆ポリゴンID\":\"4a0891b2-15e3-47af-876d-5f7663189d2d\",\"更新年度\":2021,\"前年同一\":true},{\"筆ポリゴンID\":\"4a0891b2-15e3-47af-876d-5f7663189d2d\",\"発生年度\":2020}]]]","last_polygon_uuid":"2cd13ceb-44a7-42c3-9f86-a62117ddab8c","prev_last_polygon_uuid":"91d9ed98-81a8-481f-8848-0cc6ddcf99a0","local_government_cd":"016080","point_lng":142.949368579,"point_lat":42.142777676}},{"arcs":[[-773,1122,-1045]],"type":"Polygon","properties":{"polygon_uuid":"6f780f31-1d17-4ecc-93ac-40ba05c1974a","land_type":100,"issue_year":2024,"edit_year":2020,"history":"[{\"筆ポリゴンID\":\"21e7a78f-04b0-419e-a604-92f9158f1b75\",\"更新年度\":2023,\"前年同一\":true},[{\"筆ポリゴンID\":\"272b3f9b-15b1-4efb-91b1-ac0f390faca8\",\"更新年度\":2022,\"前年同一\":true},[{\"筆ポリゴンID\":\"a5001c24-bd27-4eeb-9780-f0e61d6bad8a\",\"更新年度\":2021,\"前年同一\":true},{\"筆ポリゴンID\":\"a5001c24-bd27-4eeb-9780-f0e61d6bad8a\",\"発生年度\":2020}]]]","last_polygon_uuid":"21e7a78f-04b0-419e-a604-92f9158f1b75","prev_last_polygon_uuid":"272b3f9b-15b1-4efb-91b1-ac0f390faca8","local_government_cd":"016080","point_lng":142.951351476,"point_lat":42.154268891}},{"arcs":[[1123,-964,1124,-1116]],"type":"Polygon","properties":{"polygon_uuid":"4b76c984-1c1d-41b4-9ad0-744c23b3e5fe","land_type":100,"issue_year":2024,"edit_year":2020,"history":"[{\"筆ポリゴンID\":\"f70844cb-dbc0-40bd-9659-75724c8ff5f1\",\"更新年度\":2023,\"前年同一\":true},[{\"筆ポリゴンID\":\"1741aac5-f6f7-4967-beb6-a44967e75763\",\"更新年度\":2022,\"前年同一\":true},[{\"筆ポリゴンID\":\"bc26b4f0-fbba-4d3f-ab11-30149fcb33d3\",\"更新年度\":2021,\"前年同一\":true},{\"筆ポリゴンID\":\"bc26b4f0-fbba-4d3f-ab11-30149fcb33d3\",\"発生年度\":2020}]]]","last_polygon_uuid":"f70844cb-dbc0-40bd-9659-75724c8ff5f1","prev_last_polygon_uuid":"1741aac5-f6f7-4967-beb6-a44967e75763","local_government_cd":"016080","point_lng":142.945205852,"point_lat":42.15240139}},{"arcs":[[1125]],"type":"Polygon","properties":{"polygon_uuid":"a75c29bc-f93d-4ca6-ac56-a13b98403c18","land_type":200,"issue_year":2024,"edit_year":2020,"history":"[{\"筆ポリゴンID\":\"de9459c4-6980-49dd-ae3a-47f47b219180\",\"更新年度\":2023,\"前年同一\":true},[{\"筆ポリゴンID\":\"da751c2a-fb71-4ddd-819d-c2b56050c9de\",\"更新年度\":2022,\"前年同一\":true},[{\"筆ポリゴンID\":\"b390f4c5-646c-440a-84bb-8728e928aa64\",\"更新年度\":2021,\"前年同一\":true},{\"筆ポリゴンID\":\"b390f4c5-646c-440a-84bb-8728e928aa64\",\"発生年度\":2020}]]]","last_polygon_uuid":"de9459c4-6980-49dd-ae3a-47f47b219180","prev_last_polygon_uuid":"da751c2a-fb71-4ddd-819d-c2b56050c9de","local_government_cd":"016080","point_lng":142.944508373,"point_lat":42.158002611}},{"arcs":[[-992,1126]],"type":"Polygon","properties":{"polygon_uuid":"8eb6d72c-fd59-4ba0-afa2-bf7c88946a9f","land_type":100,"issue_year":2024,"edit_year":2020,"history":"[{\"筆ポリゴンID\":\"a4c76399-2446-415d-9145-09e3173f31d0\",\"更新年度\":2023,\"前年同一\":true},[{\"筆ポリゴンID\":\"3affefba-6f64-4672-80ea-6bd18036841a\",\"更新年度\":2022,\"前年同一\":true},[{\"筆ポリゴンID\":\"47c9f68b-f000-4b29-9fec-57d3facd6241\",\"更新年度\":2021,\"前年同一\":true},{\"筆ポリゴンID\":\"47c9f68b-f000-4b29-9fec-57d3facd6241\",\"発生年度\":2020}]]]","last_polygon_uuid":"a4c76399-2446-415d-9145-09e3173f31d0","prev_last_polygon_uuid":"3affefba-6f64-4672-80ea-6bd18036841a","local_government_cd":"016080","point_lng":142.94634282,"point_lat":42.150834847}},{"arcs":[[1127,-184,1128,-309]],"type":"Polygon","properties":{"polygon_uuid":"06bb4041-5887-452d-a122-b503f3677064","land_type":100,"issue_year":2024,"edit_year":2020,"history":"[{\"筆ポリゴンID\":\"91ce61a9-eaf9-4374-86ce-acbcd0ff23df\",\"更新年度\":2023,\"前年同一\":true},[{\"筆ポリゴンID\":\"ec0e6988-d6da-4833-8342-347698e39209\",\"更新年度\":2022,\"前年同一\":true},[{\"筆ポリゴンID\":\"eb7e636c-fbe6-4234-a9ed-bc7bd6a5bbaa\",\"更新年度\":2021,\"前年同一\":true},{\"筆ポリゴンID\":\"eb7e636c-fbe6-4234-a9ed-bc7bd6a5bbaa\",\"発生年度\":2020}]]]","last_polygon_uuid":"91ce61a9-eaf9-4374-86ce-acbcd0ff23df","prev_last_polygon_uuid":"ec0e6988-d6da-4833-8342-347698e39209","local_government_cd":"016080","point_lng":142.944182989,"point_lat":42.151107986}},{"arcs":[[1129]],"type":"Polygon","properties":{"polygon_uuid":"c4c5d20b-c22f-4d56-bb44-4ac492983ec0","land_type":200,"issue_year":2024,"edit_year":2020,"history":"[{\"筆ポリゴンID\":\"6b2092d2-465c-4f91-bfd1-ce2b33acc7bd\",\"更新年度\":2023,\"前年同一\":true},[{\"筆ポリゴンID\":\"08195b48-ccde-4914-aeba-a1e8021de02b\",\"更新年度\":2022,\"前年同一\":true},[{\"筆ポリゴンID\":\"38eab2ab-6fa9-4d1e-a0cc-4003cd0399f7\",\"更新年度\":2021,\"前年同一\":true},{\"筆ポリゴンID\":\"38eab2ab-6fa9-4d1e-a0cc-4003cd0399f7\",\"発生年度\":2020}]]]","last_polygon_uuid":"6b2092d2-465c-4f91-bfd1-ce2b33acc7bd","prev_last_polygon_uuid":"08195b48-ccde-4914-aeba-a1e8021de02b","local_government_cd":"016080","point_lng":142.935373608,"point_lat":42.149353118}},{"arcs":[[1130]],"type":"Polygon","properties":{"polygon_uuid":"88de8c4d-8474-434a-8cf3-c8e65fce488f","land_type":200,"issue_year":2024,"edit_year":2020,"history":"[{\"筆ポリゴンID\":\"a6a3380e-2a8a-45a8-bf34-7778ceb23208\",\"更新年度\":2023,\"前年同一\":true},[{\"筆ポリゴンID\":\"07d25ff5-33c6-4a68-964a-847e7aca968a\",\"更新年度\":2022,\"前年同一\":true},[{\"筆ポリゴンID\":\"890d586e-c35b-437f-8296-93c692dd7296\",\"更新年度\":2021,\"前年同一\":true},{\"筆ポリゴンID\":\"890d586e-c35b-437f-8296-93c692dd7296\",\"発生年度\":2020}]]]","last_polygon_uuid":"a6a3380e-2a8a-45a8-bf34-7778ceb23208","prev_last_polygon_uuid":"07d25ff5-33c6-4a68-964a-847e7aca968a","local_government_cd":"016080","point_lng":142.937149194,"point_lat":42.152402236}},{"arcs":[[-1087,1131,-1076,1132,-1064]],"type":"Polygon","properties":{"polygon_uuid":"acab2323-3496-4ec6-bf8e-ea51f31b849b","land_type":200,"issue_year":2024,"edit_year":2020,"history":"[{\"筆ポリゴンID\":\"61e449b1-87e9-4439-9453-a799715b04dd\",\"更新年度\":2023,\"前年同一\":true},[{\"筆ポリゴンID\":\"57891470-ddf7-4a8d-b381-d2a629afa760\",\"更新年度\":2022,\"前年同一\":true},[{\"筆ポリゴンID\":\"e4d173bf-d2a7-4509-87fd-ece4e128db93\",\"更新年度\":2021,\"前年同一\":true},{\"筆ポリゴンID\":\"e4d173bf-d2a7-4509-87fd-ece4e128db93\",\"発生年度\":2020}]]]","last_polygon_uuid":"61e449b1-87e9-4439-9453-a799715b04dd","prev_last_polygon_uuid":"57891470-ddf7-4a8d-b381-d2a629afa760","local_government_cd":"016080","point_lng":142.946458264,"point_lat":42.157415454}},{"arcs":[[1133]],"type":"Polygon","properties":{"polygon_uuid":"d282bbc2-948f-4ea5-915d-d1e412b61fee","land_type":200,"issue_year":2024,"edit_year":2020,"history":"[{\"筆ポリゴンID\":\"d8a9da38-17ae-402d-a648-e0df6d83c206\",\"更新年度\":2023,\"前年同一\":true},[{\"筆ポリゴンID\":\"0b5e3adc-bb31-48ce-88fc-4d96aae964c8\",\"更新年度\":2022,\"前年同一\":true},[{\"筆ポリゴンID\":\"061ceb94-4406-4da4-a5c0-5c836c4f8299\",\"更新年度\":2021,\"前年同一\":true},{\"筆ポリゴンID\":\"061ceb94-4406-4da4-a5c0-5c836c4f8299\",\"発生年度\":2020}]]]","last_polygon_uuid":"d8a9da38-17ae-402d-a648-e0df6d83c206","prev_last_polygon_uuid":"0b5e3adc-bb31-48ce-88fc-4d96aae964c8","local_government_cd":"016080","point_lng":142.94172006,"point_lat":42.14330305}},{"arcs":[[1134]],"type":"Polygon","properties":{"polygon_uuid":"e374533d-cb17-4e47-8ed3-fcb5bdc7cd22","land_type":200,"issue_year":2024,"edit_year":2020,"history":"[{\"筆ポリゴンID\":\"06abd394-383b-4238-8301-210e0e9fbcc1\",\"更新年度\":2023,\"前年同一\":true},[{\"筆ポリゴンID\":\"43272c94-5fc5-43b2-ab14-8ffab5584d3d\",\"更新年度\":2022,\"前年同一\":true},[{\"筆ポリゴンID\":\"cb2c28b7-f12c-4c52-b803-d6dcdc64efb8\",\"更新年度\":2021,\"前年同一\":true},{\"筆ポリゴンID\":\"cb2c28b7-f12c-4c52-b803-d6dcdc64efb8\",\"発生年度\":2020}]]]","last_polygon_uuid":"06abd394-383b-4238-8301-210e0e9fbcc1","prev_last_polygon_uuid":"43272c94-5fc5-43b2-ab14-8ffab5584d3d","local_government_cd":"016080","point_lng":142.943408325,"point_lat":42.137618737}},{"arcs":[[1135,-970]],"type":"Polygon","properties":{"polygon_uuid":"cd0be3ed-7291-46bf-8a87-d990946e1976","land_type":200,"issue_year":2024,"edit_year":2020,"history":"[{\"筆ポリゴンID\":\"6c99eb32-57e5-4e9b-a381-5a95e88edf1f\",\"更新年度\":2023,\"前年同一\":true},[{\"筆ポリゴンID\":\"5076f7c3-083c-49e1-8ee8-a77dfc409230\",\"更新年度\":2022,\"前年同一\":true},[{\"筆ポリゴンID\":\"9da58c1f-4bcd-436c-93fe-a6fcc42f147d\",\"更新年度\":2021,\"前年同一\":true},{\"筆ポリゴンID\":\"9da58c1f-4bcd-436c-93fe-a6fcc42f147d\",\"発生年度\":2020}]]]","last_polygon_uuid":"6c99eb32-57e5-4e9b-a381-5a95e88edf1f","prev_last_polygon_uuid":"5076f7c3-083c-49e1-8ee8-a77dfc409230","local_government_cd":"016080","point_lng":142.949429612,"point_lat":42.157027171}},{"arcs":[[1136]],"type":"Polygon","properties":{"polygon_uuid":"07c1a7e4-e397-4245-9eac-15fb22e46347","land_type":200,"issue_year":2024,"edit_year":2020,"history":"[{\"筆ポリゴンID\":\"023a0b54-448d-44cf-b343-a241214d81fe\",\"更新年度\":2023,\"前年同一\":true},[{\"筆ポリゴンID\":\"f2172cb5-c675-4557-ab73-cc366efa6d6c\",\"更新年度\":2022,\"前年同一\":true},[{\"筆ポリゴンID\":\"3033d698-8279-43d1-961d-99ea3d0ba727\",\"更新年度\":2021,\"前年同一\":true},{\"筆ポリゴンID\":\"3033d698-8279-43d1-961d-99ea3d0ba727\",\"発生年度\":2020}]]]","last_polygon_uuid":"023a0b54-448d-44cf-b343-a241214d81fe","prev_last_polygon_uuid":"f2172cb5-c675-4557-ab73-cc366efa6d6c","local_government_cd":"016080","point_lng":142.94435121,"point_lat":42.135966662}},{"arcs":[[-973,1137]],"type":"Polygon","properties":{"polygon_uuid":"88f9a492-cc46-45cb-9fb5-1716b4655974","land_type":100,"issue_year":2024,"edit_year":2020,"history":"[{\"筆ポリゴンID\":\"e0d0f7bc-1128-40c9-ac3c-ea8dd9efbf21\",\"更新年度\":2023,\"前年同一\":true},[{\"筆ポリゴンID\":\"44f2620e-7a81-4e07-8846-ec3ecc921bcf\",\"更新年度\":2022,\"前年同一\":true},[{\"筆ポリゴンID\":\"f58e5c54-6f07-483c-a153-6f1394384411\",\"更新年度\":2021,\"前年同一\":true},{\"筆ポリゴンID\":\"f58e5c54-6f07-483c-a153-6f1394384411\",\"発生年度\":2020}]]]","last_polygon_uuid":"e0d0f7bc-1128-40c9-ac3c-ea8dd9efbf21","prev_last_polygon_uuid":"44f2620e-7a81-4e07-8846-ec3ecc921bcf","local_government_cd":"016080","point_lng":142.946100888,"point_lat":42.153723872}},{"arcs":[[1138]],"type":"Polygon","properties":{"polygon_uuid":"38385e9d-8287-4647-91d6-d603bffd6951","land_type":200,"issue_year":2024,"edit_year":2020,"history":"[{\"筆ポリゴンID\":\"8d2e2a1e-9933-4fb4-aa6d-6479eb4006e4\",\"更新年度\":2023,\"前年同一\":true},[{\"筆ポリゴンID\":\"a389fd7c-9204-4773-9e1e-d44f65c13c40\",\"更新年度\":2022,\"前年同一\":true},[{\"筆ポリゴンID\":\"5c5fa3de-44f7-4759-8892-c1675f8af095\",\"更新年度\":2021,\"前年同一\":true},{\"筆ポリゴンID\":\"5c5fa3de-44f7-4759-8892-c1675f8af095\",\"発生年度\":2020}]]]","last_polygon_uuid":"8d2e2a1e-9933-4fb4-aa6d-6479eb4006e4","prev_last_polygon_uuid":"a389fd7c-9204-4773-9e1e-d44f65c13c40","local_government_cd":"016080","point_lng":142.868519789,"point_lat":42.14621865}},{"arcs":[[1139]],"type":"Polygon","properties":{"polygon_uuid":"0051e737-3beb-4194-8085-7cc059cb5570","land_type":200,"issue_year":2024,"edit_year":2020,"history":"[{\"筆ポリゴンID\":\"4cf900b8-7f47-462f-bf18-55f6047327e6\",\"更新年度\":2023,\"前年同一\":true},[{\"筆ポリゴンID\":\"559434a2-cdd6-4123-8bdd-3689a3eb6b7c\",\"更新年度\":2022,\"前年同一\":true},[{\"筆ポリゴンID\":\"fb576c7a-55ca-45f2-bdec-d980b26024a6\",\"更新年度\":2021,\"前年同一\":true},{\"筆ポリゴンID\":\"fb576c7a-55ca-45f2-bdec-d980b26024a6\",\"発生年度\":2020}]]]","last_polygon_uuid":"4cf900b8-7f47-462f-bf18-55f6047327e6","prev_last_polygon_uuid":"559434a2-cdd6-4123-8bdd-3689a3eb6b7c","local_government_cd":"016080","point_lng":142.875273162,"point_lat":42.151937221}},{"arcs":[[1140,-549]],"type":"Polygon","properties":{"polygon_uuid":"c9c54b9b-0c7f-4edf-8f5f-14b030274c3d","land_type":200,"issue_year":2024,"edit_year":2020,"history":"[{\"筆ポリゴンID\":\"0e106c6d-f0a3-48cc-ab46-a1c4951e499b\",\"更新年度\":2023,\"前年同一\":true},[{\"筆ポリゴンID\":\"50af190e-07e1-4fe3-8f0d-5f0faee650be\",\"更新年度\":2022,\"前年同一\":true},[{\"筆ポリゴンID\":\"a89ffda9-cac1-4f42-9873-728f4ee17d6e\",\"更新年度\":2021,\"前年同一\":true},{\"筆ポリゴンID\":\"a89ffda9-cac1-4f42-9873-728f4ee17d6e\",\"発生年度\":2020}]]]","last_polygon_uuid":"0e106c6d-f0a3-48cc-ab46-a1c4951e499b","prev_last_polygon_uuid":"50af190e-07e1-4fe3-8f0d-5f0faee650be","local_government_cd":"016080","point_lng":142.875331522,"point_lat":42.151008025}},{"arcs":[[1141]],"type":"Polygon","properties":{"polygon_uuid":"de9481fb-fcd9-4b71-b99d-5782e052295a","land_type":200,"issue_year":2024,"edit_year":2020,"history":"[{\"筆ポリゴンID\":\"8dc04c43-b3c2-4401-b492-95e8503fa2df\",\"更新年度\":2023,\"前年同一\":true},[{\"筆ポリゴンID\":\"2fa520f7-6f13-4689-9fee-f9d0dddf88e2\",\"更新年度\":2022,\"前年同一\":true},[{\"筆ポリゴンID\":\"92cf43e2-3487-446a-a0e0-cf6c2b7845d8\",\"更新年度\":2021,\"前年同一\":true},{\"筆ポリゴンID\":\"92cf43e2-3487-446a-a0e0-cf6c2b7845d8\",\"発生年度\":2020}]]]","last_polygon_uuid":"8dc04c43-b3c2-4401-b492-95e8503fa2df","prev_last_polygon_uuid":"2fa520f7-6f13-4689-9fee-f9d0dddf88e2","local_government_cd":"016080","point_lng":142.951460711,"point_lat":42.167964524}},{"arcs":[[1142]],"type":"Polygon","properties":{"polygon_uuid":"d9586f46-fb12-4bd5-b190-b6162ec5e23b","land_type":200,"issue_year":2024,"edit_year":2020,"history":"[{\"筆ポリゴンID\":\"224fa20c-5fa4-4178-b579-e9a64550f416\",\"更新年度\":2023,\"前年同一\":true},[{\"筆ポリゴンID\":\"4081483c-7fcc-4e4a-b394-42672576fd89\",\"更新年度\":2022,\"前年同一\":true},[{\"筆ポリゴンID\":\"a7205eb7-3e81-49aa-bd32-52e5888ba279\",\"更新年度\":2021,\"前年同一\":true},{\"筆ポリゴンID\":\"a7205eb7-3e81-49aa-bd32-52e5888ba279\",\"発生年度\":2020}]]]","last_polygon_uuid":"224fa20c-5fa4-4178-b579-e9a64550f416","prev_last_polygon_uuid":"4081483c-7fcc-4e4a-b394-42672576fd89","local_government_cd":"016080","point_lng":143.003645822,"point_lat":42.196642172}},{"arcs":[[1143]],"type":"Polygon","properties":{"polygon_uuid":"733a1767-0c92-4d11-9146-a954b7e55199","land_type":200,"issue_year":2024,"edit_year":2020,"history":"[{\"筆ポリゴンID\":\"230522f1-f80f-45c0-bd28-6e66897075fa\",\"更新年度\":2023,\"前年同一\":true},[{\"筆ポリゴンID\":\"881786ef-3f9e-479f-96d8-f9dc48b02e55\",\"更新年度\":2022,\"前年同一\":true},[{\"筆ポリゴンID\":\"e921026e-6663-4495-9803-a9d4dd9af4f2\",\"更新年度\":2021,\"前年同一\":true},{\"筆ポリゴンID\":\"e921026e-6663-4495-9803-a9d4dd9af4f2\",\"発生年度\":2020}]]]","last_polygon_uuid":"230522f1-f80f-45c0-bd28-6e66897075fa","prev_last_polygon_uuid":"881786ef-3f9e-479f-96d8-f9dc48b02e55","local_government_cd":"016080","point_lng":142.95813072,"point_lat":42.171061784}},{"arcs":[[1144,-446,-380]],"type":"Polygon","properties":{"polygon_uuid":"382349f1-a858-4131-888a-a64c60476627","land_type":200,"issue_year":2024,"edit_year":2020,"history":"[{\"筆ポリゴンID\":\"5c3353a9-7239-4e20-8a63-d8de4d21cabd\",\"更新年度\":2023,\"前年同一\":true},[{\"筆ポリゴンID\":\"f5f45db8-2216-40f0-b48e-be7df5d1b987\",\"更新年度\":2022,\"前年同一\":true},[{\"筆ポリゴンID\":\"eef6fdc0-eb75-4c02-b463-db3fcacd9db1\",\"更新年度\":2021,\"前年同一\":true},{\"筆ポリゴンID\":\"eef6fdc0-eb75-4c02-b463-db3fcacd9db1\",\"発生年度\":2020}]]]","last_polygon_uuid":"5c3353a9-7239-4e20-8a63-d8de4d21cabd","prev_last_polygon_uuid":"f5f45db8-2216-40f0-b48e-be7df5d1b987","local_government_cd":"016080","point_lng":142.956747516,"point_lat":42.169734235}},{"arcs":[[1145]],"type":"Polygon","properties":{"polygon_uuid":"5e3afdab-a4ae-4124-8430-32763f0dd86f","land_type":200,"issue_year":2024,"edit_year":2020,"history":"[{\"筆ポリゴンID\":\"2fb2cec1-82aa-4505-9674-15b02d876124\",\"更新年度\":2023,\"前年同一\":true},[{\"筆ポリゴンID\":\"8c09b511-fb26-452a-a868-36e37fb00526\",\"更新年度\":2022,\"前年同一\":true},[{\"筆ポリゴンID\":\"2294b915-f64d-4bd0-b2d1-a19ed4a76e95\",\"更新年度\":2021,\"前年同一\":true},{\"筆ポリゴンID\":\"2294b915-f64d-4bd0-b2d1-a19ed4a76e95\",\"発生年度\":2020}]]]","last_polygon_uuid":"2fb2cec1-82aa-4505-9674-15b02d876124","prev_last_polygon_uuid":"8c09b511-fb26-452a-a868-36e37fb00526","local_government_cd":"016080","point_lng":142.868853619,"point_lat":42.144889131}},{"arcs":[[1146]],"type":"Polygon","properties":{"polygon_uuid":"5f951ef6-b920-414e-b84a-eb37468abc83","land_type":200,"issue_year":2024,"edit_year":2020,"history":"[{\"筆ポリゴンID\":\"5c212355-0b7a-40f1-807c-b157f45faab3\",\"更新年度\":2023,\"前年同一\":true},[{\"筆ポリゴンID\":\"b373c9fb-0b52-44ae-86bd-a2b5fbf846c2\",\"更新年度\":2022,\"前年同一\":true},[{\"筆ポリゴンID\":\"4f1d6bdc-be8b-441a-9e38-6f78a0a0c420\",\"更新年度\":2021,\"前年同一\":true},{\"筆ポリゴンID\":\"4f1d6bdc-be8b-441a-9e38-6f78a0a0c420\",\"発生年度\":2020}]]]","last_polygon_uuid":"5c212355-0b7a-40f1-807c-b157f45faab3","prev_last_polygon_uuid":"b373c9fb-0b52-44ae-86bd-a2b5fbf846c2","local_government_cd":"016080","point_lng":142.906171802,"point_lat":42.177338017}},{"arcs":[[1147,-334]],"type":"Polygon","properties":{"polygon_uuid":"7fad7f54-41d7-4ee4-b980-4bb511689b56","land_type":200,"issue_year":2024,"edit_year":2020,"history":"[{\"筆ポリゴンID\":\"1b05096a-bc5c-4b4e-8377-a954af6a28f4\",\"更新年度\":2023,\"前年同一\":true},[{\"筆ポリゴンID\":\"e2fd9ef2-7d7f-4d2f-9ad8-1273bbdd2c8e\",\"更新年度\":2022,\"前年同一\":true},[{\"筆ポリゴンID\":\"27b1e0f5-7c0c-44c1-9a16-2a2d982e1fc8\",\"更新年度\":2021,\"前年同一\":true},{\"筆ポリゴンID\":\"27b1e0f5-7c0c-44c1-9a16-2a2d982e1fc8\",\"発生年度\":2020}]]]","last_polygon_uuid":"1b05096a-bc5c-4b4e-8377-a954af6a28f4","prev_last_polygon_uuid":"e2fd9ef2-7d7f-4d2f-9ad8-1273bbdd2c8e","local_government_cd":"016080","point_lng":142.984841533,"point_lat":42.111040271}},{"arcs":[[1148]],"type":"Polygon","properties":{"polygon_uuid":"1f8ec76d-2082-475d-89a3-b15186c85dd0","land_type":200,"issue_year":2024,"edit_year":2020,"history":"[{\"筆ポリゴンID\":\"5b0ecbef-488f-47ba-9808-a19de4c65e01\",\"更新年度\":2023,\"前年同一\":true},[{\"筆ポリゴンID\":\"cd4d57f3-8b1d-4cbf-9c1b-239c5d840c9c\",\"更新年度\":2022,\"前年同一\":true},[{\"筆ポリゴンID\":\"0cb325e5-83cb-4b63-8731-690c70ba58ee\",\"更新年度\":2021,\"前年同一\":true},{\"筆ポリゴンID\":\"0cb325e5-83cb-4b63-8731-690c70ba58ee\",\"発生年度\":2020}]]]","last_polygon_uuid":"5b0ecbef-488f-47ba-9808-a19de4c65e01","prev_last_polygon_uuid":"cd4d57f3-8b1d-4cbf-9c1b-239c5d840c9c","local_government_cd":"016080","point_lng":142.900403046,"point_lat":42.18052272}},{"arcs":[[1149]],"type":"Polygon","properties":{"polygon_uuid":"fd3460f3-3c5b-4fae-9d9f-96b6bfa701ca","land_type":200,"issue_year":2024,"edit_year":2020,"history":"[{\"筆ポリゴンID\":\"09bd038d-7b51-42e1-abaa-5dc626a6336f\",\"更新年度\":2023,\"前年同一\":true},[{\"筆ポリゴンID\":\"a0d0eac5-0395-4403-a7c6-e3cc81b48e86\",\"更新年度\":2022,\"前年同一\":true},[{\"筆ポリゴンID\":\"37bbd596-4a44-46db-afac-1d96ae4e07f9\",\"更新年度\":2021,\"前年同一\":true},{\"筆ポリゴンID\":\"37bbd596-4a44-46db-afac-1d96ae4e07f9\",\"発生年度\":2020}]]]","last_polygon_uuid":"09bd038d-7b51-42e1-abaa-5dc626a6336f","prev_last_polygon_uuid":"a0d0eac5-0395-4403-a7c6-e3cc81b48e86","local_government_cd":"016080","point_lng":142.91099912,"point_lat":42.174167492}},{"arcs":[[1150]],"type":"Polygon","properties":{"polygon_uuid":"665d26f4-7e75-4d35-9eee-38115608a10a","land_type":200,"issue_year":2024,"edit_year":2020,"history":"[{\"筆ポリゴンID\":\"08bc1711-8690-4aab-b584-f4a3fc78d1e9\",\"更新年度\":2023,\"前年同一\":true},[{\"筆ポリゴンID\":\"7b8f820a-4aaf-4cbe-847d-f983d481fe03\",\"更新年度\":2022,\"前年同一\":true},[{\"筆ポリゴンID\":\"b5b4976b-68d6-4d21-9b8a-378fed350d3b\",\"更新年度\":2021,\"前年同一\":true},{\"筆ポリゴンID\":\"b5b4976b-68d6-4d21-9b8a-378fed350d3b\",\"発生年度\":2020}]]]","last_polygon_uuid":"08bc1711-8690-4aab-b584-f4a3fc78d1e9","prev_last_polygon_uuid":"7b8f820a-4aaf-4cbe-847d-f983d481fe03","local_government_cd":"016080","point_lng":143.064914435,"point_lat":42.065678952}},{"arcs":[[1151,-442]],"type":"Polygon","properties":{"polygon_uuid":"1e82b9d2-fcd5-480b-bf7c-379ef44bad06","land_type":200,"issue_year":2024,"edit_year":2020,"history":"[{\"筆ポリゴンID\":\"8cf2fdf3-8db3-4227-8b9f-64c6ef2200ad\",\"更新年度\":2023,\"前年同一\":true},[{\"筆ポリゴンID\":\"73790055-5b37-4ccc-b3c2-92c526242e05\",\"更新年度\":2022,\"前年同一\":true},[{\"筆ポリゴンID\":\"c6456c4a-d19f-4494-8c7d-d4e3859d8703\",\"更新年度\":2021,\"前年同一\":true},{\"筆ポリゴンID\":\"c6456c4a-d19f-4494-8c7d-d4e3859d8703\",\"発生年度\":2020}]]]","last_polygon_uuid":"8cf2fdf3-8db3-4227-8b9f-64c6ef2200ad","prev_last_polygon_uuid":"73790055-5b37-4ccc-b3c2-92c526242e05","local_government_cd":"016080","point_lng":142.956508243,"point_lat":42.16928612}},{"arcs":[[1152]],"type":"Polygon","properties":{"polygon_uuid":"a272b0b8-716c-405b-bb1e-95605a018fda","land_type":200,"issue_year":2024,"edit_year":2020,"history":"[{\"筆ポリゴンID\":\"c3bcba08-8050-43b5-bfd9-be0a0b90ba8e\",\"更新年度\":2023,\"前年同一\":true},[{\"筆ポリゴンID\":\"92e90b53-b8b9-4c34-a28a-489a58f51978\",\"更新年度\":2022,\"前年同一\":true},[{\"筆ポリゴンID\":\"eaa710ca-ab02-4ffe-af6b-b497a179e554\",\"更新年度\":2021,\"前年同一\":true},{\"筆ポリゴンID\":\"eaa710ca-ab02-4ffe-af6b-b497a179e554\",\"発生年度\":2020}]]]","last_polygon_uuid":"c3bcba08-8050-43b5-bfd9-be0a0b90ba8e","prev_last_polygon_uuid":"92e90b53-b8b9-4c34-a28a-489a58f51978","local_government_cd":"016080","point_lng":142.907797078,"point_lat":42.175267963}},{"arcs":[[1153]],"type":"Polygon","properties":{"polygon_uuid":"e3cffae8-e45b-4bae-8863-fcb31615889a","land_type":200,"issue_year":2024,"edit_year":2020,"history":"[{\"筆ポリゴンID\":\"36cf4f5c-16d4-46b2-a76a-6175dc8df760\",\"更新年度\":2023,\"前年同一\":true},[{\"筆ポリゴンID\":\"bf7f8074-6133-4587-8fa3-42065415736a\",\"更新年度\":2022,\"前年同一\":true},[{\"筆ポリゴンID\":\"9c6cdd2b-b2ca-42a8-9890-e573e2482a9c\",\"更新年度\":2021,\"前年同一\":true},{\"筆ポリゴンID\":\"9c6cdd2b-b2ca-42a8-9890-e573e2482a9c\",\"発生年度\":2020}]]]","last_polygon_uuid":"36cf4f5c-16d4-46b2-a76a-6175dc8df760","prev_last_polygon_uuid":"bf7f8074-6133-4587-8fa3-42065415736a","local_government_cd":"016080","point_lng":142.9009132,"point_lat":42.180728796}},{"arcs":[[1154]],"type":"Polygon","properties":{"polygon_uuid":"e5f29a8a-9fe6-41c6-93bb-19488d74bdf1","land_type":200,"issue_year":2024,"edit_year":2020,"history":"[{\"筆ポリゴンID\":\"870461c4-2c58-4670-9d20-db6e48c91839\",\"更新年度\":2023,\"前年同一\":true},[{\"筆ポリゴンID\":\"886d8d40-bac2-4d99-a701-c18bf52024f0\",\"更新年度\":2022,\"前年同一\":true},[{\"筆ポリゴンID\":\"d4c08dcb-faab-4458-b756-cd9a58812c60\",\"更新年度\":2021,\"前年同一\":true},{\"筆ポリゴンID\":\"d4c08dcb-faab-4458-b756-cd9a58812c60\",\"発生年度\":2020}]]]","last_polygon_uuid":"870461c4-2c58-4670-9d20-db6e48c91839","prev_last_polygon_uuid":"886d8d40-bac2-4d99-a701-c18bf52024f0","local_government_cd":"016080","point_lng":142.910135534,"point_lat":42.170187015}},{"arcs":[[1155]],"type":"Polygon","properties":{"polygon_uuid":"6783e79b-ee78-4ad7-ac4d-5d0e344eee30","land_type":200,"issue_year":2024,"edit_year":2020,"history":"[{\"筆ポリゴンID\":\"2b4acfe9-7e2e-46cc-8f2d-36436ccc9b64\",\"更新年度\":2023,\"前年同一\":true},[{\"筆ポリゴンID\":\"604f69db-9ff8-463f-b55d-3dc8ad4a6536\",\"更新年度\":2022,\"前年同一\":true},[{\"筆ポリゴンID\":\"bc9e9bfa-bb02-4063-aaeb-9f096b0d0618\",\"更新年度\":2021,\"前年同一\":true},{\"筆ポリゴンID\":\"bc9e9bfa-bb02-4063-aaeb-9f096b0d0618\",\"発生年度\":2020}]]]","last_polygon_uuid":"2b4acfe9-7e2e-46cc-8f2d-36436ccc9b64","prev_last_polygon_uuid":"604f69db-9ff8-463f-b55d-3dc8ad4a6536","local_government_cd":"016080","point_lng":142.952450274,"point_lat":42.172653414}},{"arcs":[[1156]],"type":"Polygon","properties":{"polygon_uuid":"1277d6c9-448c-4cca-87d5-e16d47c56562","land_type":200,"issue_year":2024,"edit_year":2020,"history":"[{\"筆ポリゴンID\":\"570027de-20b0-486f-ab29-0b883a3cf9bd\",\"更新年度\":2023,\"前年同一\":true},[{\"筆ポリゴンID\":\"4ffd68a9-7d99-4674-8a50-917b7495b57c\",\"更新年度\":2022,\"前年同一\":true},[{\"筆ポリゴンID\":\"334c2d79-2083-4ebc-aa8f-1aa336738297\",\"更新年度\":2021,\"前年同一\":true},{\"筆ポリゴンID\":\"334c2d79-2083-4ebc-aa8f-1aa336738297\",\"発生年度\":2020}]]]","last_polygon_uuid":"570027de-20b0-486f-ab29-0b883a3cf9bd","prev_last_polygon_uuid":"4ffd68a9-7d99-4674-8a50-917b7495b57c","local_government_cd":"016080","point_lng":142.951869911,"point_lat":42.167938273}},{"arcs":[[1157]],"type":"Polygon","properties":{"polygon_uuid":"4da14146-6de8-4bcd-ae9a-09df9ee75dbf","land_type":200,"issue_year":2024,"edit_year":2020,"history":"[{\"筆ポリゴンID\":\"af252217-e45b-44f6-b752-7e35d3fe103b\",\"更新年度\":2023,\"前年同一\":true},[{\"筆ポリゴンID\":\"4e4822a4-4f95-43f6-8759-de087437ce24\",\"更新年度\":2022,\"前年同一\":true},[{\"筆ポリゴンID\":\"0a90034a-f291-47ab-bf6b-97c8f7ddc513\",\"更新年度\":2021,\"前年同一\":true},{\"筆ポリゴンID\":\"0a90034a-f291-47ab-bf6b-97c8f7ddc513\",\"発生年度\":2020}]]]","last_polygon_uuid":"af252217-e45b-44f6-b752-7e35d3fe103b","prev_last_polygon_uuid":"4e4822a4-4f95-43f6-8759-de087437ce24","local_government_cd":"016080","point_lng":142.968284375,"point_lat":42.176263066}},{"arcs":[[1158]],"type":"Polygon","properties":{"polygon_uuid":"d8164e5b-6e52-4c35-82a5-d534e9f14e54","land_type":200,"issue_year":2024,"edit_year":2020,"history":"[{\"筆ポリゴンID\":\"ec89f8d2-c271-44f6-a169-5794e51d04fd\",\"更新年度\":2023,\"前年同一\":true},[{\"筆ポリゴンID\":\"c3d6c968-37a5-499d-909f-067e9ed23304\",\"更新年度\":2022,\"前年同一\":true},[{\"筆ポリゴンID\":\"29772f37-795a-46d2-a04c-b6f2182335fa\",\"更新年度\":2021,\"前年同一\":true},{\"筆ポリゴンID\":\"29772f37-795a-46d2-a04c-b6f2182335fa\",\"発生年度\":2020}]]]","last_polygon_uuid":"ec89f8d2-c271-44f6-a169-5794e51d04fd","prev_last_polygon_uuid":"c3d6c968-37a5-499d-909f-067e9ed23304","local_government_cd":"016080","point_lng":142.968738182,"point_lat":42.176697148}},{"arcs":[[1159]],"type":"Polygon","properties":{"polygon_uuid":"0d8f0270-6c28-4899-84bd-b12b55cfffc8","land_type":200,"issue_year":2024,"edit_year":2020,"history":"[{\"筆ポリゴンID\":\"b62d2043-7f0a-4a00-aee7-347f30b05ac2\",\"更新年度\":2023,\"前年同一\":true},[{\"筆ポリゴンID\":\"05e4bf87-c3c7-4c2a-94ab-c2e2e1f5bd0b\",\"更新年度\":2022,\"前年同一\":true},[{\"筆ポリゴンID\":\"326f6eca-0dc8-49e6-bd73-ec66f5fd7ce7\",\"更新年度\":2021,\"前年同一\":true},{\"筆ポリゴンID\":\"326f6eca-0dc8-49e6-bd73-ec66f5fd7ce7\",\"発生年度\":2020}]]]","last_polygon_uuid":"b62d2043-7f0a-4a00-aee7-347f30b05ac2","prev_last_polygon_uuid":"05e4bf87-c3c7-4c2a-94ab-c2e2e1f5bd0b","local_government_cd":"016080","point_lng":142.899645338,"point_lat":42.179442741}},{"arcs":[[1160]],"type":"Polygon","properties":{"polygon_uuid":"a037b4ce-7043-4ae8-b404-bc62823ca24a","land_type":200,"issue_year":2024,"edit_year":2020,"history":"[{\"筆ポリゴンID\":\"27f616ad-03de-42da-9a84-c308b75be506\",\"更新年度\":2023,\"前年同一\":true},[{\"筆ポリゴンID\":\"73496d32-b615-4e45-a564-b8f61137be82\",\"更新年度\":2022,\"前年同一\":true},[{\"筆ポリゴンID\":\"8566cf98-7087-477b-a3f6-effcde1ed956\",\"更新年度\":2021,\"前年同一\":true},{\"筆ポリゴンID\":\"8566cf98-7087-477b-a3f6-effcde1ed956\",\"発生年度\":2020}]]]","last_polygon_uuid":"27f616ad-03de-42da-9a84-c308b75be506","prev_last_polygon_uuid":"73496d32-b615-4e45-a564-b8f61137be82","local_government_cd":"016080","point_lng":142.879352669,"point_lat":42.154388163}},{"arcs":[[1161]],"type":"Polygon","properties":{"polygon_uuid":"090d8b56-cde0-4c7e-b57f-6f0abbe62815","land_type":200,"issue_year":2024,"edit_year":2020,"history":"[{\"筆ポリゴンID\":\"d4d5aeb6-d601-40c0-904f-6ac8021d66b7\",\"更新年度\":2023,\"前年同一\":true},[{\"筆ポリゴンID\":\"38dcea23-f9f0-40a1-8ad4-70234ebaee20\",\"更新年度\":2022,\"前年同一\":true},[{\"筆ポリゴンID\":\"a33870ed-5dff-41f6-8b49-63dc60751890\",\"更新年度\":2021,\"前年同一\":true},{\"筆ポリゴンID\":\"a33870ed-5dff-41f6-8b49-63dc60751890\",\"発生年度\":2020}]]]","last_polygon_uuid":"d4d5aeb6-d601-40c0-904f-6ac8021d66b7","prev_last_polygon_uuid":"38dcea23-f9f0-40a1-8ad4-70234ebaee20","local_government_cd":"016080","point_lng":142.875130342,"point_lat":42.152318029}}]}}}