{"type":"Topology","arcs":[[[33869,24670],[-28,12],[-95,44],[-130,81],[-86,78],[-44,52],[-62,44],[-481,135],[-19,52],[45,60],[165,50],[263,99],[235,140],[229,178],[120,77],[109,21],[72,-21],[20,-48]],[[34182,25724],[11,-25],[33,-169],[32,-138],[37,-60],[116,-61],[87,-116]],[[34498,25155],[-629,-485]],[[29845,31343],[6,-464],[12,-150],[1,-276],[4,-76]],[[29868,30377],[-16,-2],[-159,32],[-664,130],[-381,62],[-37,20],[16,31],[15,36],[7,28],[11,31],[9,37],[6,45],[4,41],[-1,147],[-3,23],[-4,16],[-7,21],[-8,38],[-8,22],[5,9],[14,6],[14,7],[30,-3],[39,6],[32,3],[32,5],[63,6],[51,12],[68,12],[160,29],[71,7],[70,16],[48,7],[92,18],[22,6],[90,18],[34,2],[36,2],[41,4],[38,9],[23,1],[49,6],[37,9],[38,11]],[[27460,31609],[307,-78],[185,-38],[223,31],[171,-33],[109,-199],[64,-159],[37,-129],[-17,-157],[-14,-70],[-55,-129],[-81,33],[-37,3],[-26,-17],[-1269,466],[-128,35],[-106,19],[-80,68],[157,119],[116,99],[80,65],[182,-7],[66,25],[49,23],[37,7],[30,23]],[[35285,24442],[272,-391],[79,-78],[143,-94],[107,-77],[55,-25],[86,-45],[99,-47],[55,-26],[36,-17],[34,-16],[10,-16],[-2,-23],[-20,-25],[-36,-42],[-32,-41],[-17,-37],[-19,-18],[-41,-22],[-81,-30],[-103,-43],[-146,-60],[-144,-58],[-300,-116],[-147,-62],[-25,-9],[-21,3],[-21,10],[-85,104],[-62,76],[-44,61],[-25,37],[-16,33],[-15,23],[-28,33],[-9,25],[-4,29],[77,171],[-15,212],[-5,58],[-7,42],[-1,28],[-17,72],[-11,35],[-13,63],[-14,86],[-5,42],[-5,33],[4,33],[17,20],[18,22],[18,18],[22,37],[5,24],[9,25],[12,24],[12,15],[21,25],[37,34],[40,83],[37,56],[42,75],[21,12],[168,-361]],[[30771,34620],[-11,10],[-1,14],[14,49],[17,53],[7,47],[10,44],[59,166],[17,54],[15,47],[29,6],[102,253],[507,-210],[411,-176],[41,-53],[-7,-211],[6,-50],[-38,-24],[-36,-23],[-33,-24],[-43,-50],[-43,-41],[-34,-35],[-32,-35],[-29,-19],[-18,-11],[-33,-7],[-48,-6],[-18,2],[-36,4],[-20,7],[-23,11],[-18,12],[-18,19],[-24,38],[-218,51],[-109,-34],[-23,-18],[-30,6],[-47,17],[-50,26],[-72,32],[-36,15],[-42,21],[-26,13],[-19,10]],[[29845,31343],[19,10],[25,10],[34,7],[37,17],[34,17],[43,24],[38,23],[69,29],[67,54],[51,44],[42,62],[25,6],[33,-5],[12,-33],[21,-9],[15,11],[24,4],[18,0],[44,-33],[37,-35],[41,-30],[23,-31],[54,-50],[43,-41],[45,-59],[37,-80],[26,-63],[38,-69],[-12,-381],[-47,-145],[-56,-99],[-59,-62],[-48,-34],[-68,-44],[-53,-16],[-74,-22],[-40,4],[-21,7],[-26,5],[-26,-3],[-27,-35],[-31,-2],[-296,60],[-88,21]],[[30747,36380],[-45,48],[-151,40],[-173,83],[-208,90],[-312,160],[-25,61],[36,91],[151,-17],[128,29],[50,83],[4,67],[-202,119],[222,483],[177,-18],[282,-111],[334,-166],[237,-140],[21,-59],[-9,-81],[-29,-96],[13,-27],[4,-59],[-87,-170],[-110,-104],[-95,-113],[-89,-73],[-124,-120]],[[87919,77113],[55,-7],[63,-120],[85,-113],[27,-84],[30,-54],[12,-100],[32,-45],[-54,-30],[-197,-30],[-164,-60],[-75,5],[-83,42],[-161,200],[-23,105],[-28,42],[5,42],[-42,3],[-48,-40],[-12,-32],[7,-17],[-3,-75],[21,-86],[67,-59],[-1,-47],[-234,-83],[-26,-35],[-79,-51],[-106,-2],[-204,-95],[-133,-56],[-104,-70],[-121,-91],[-310,-364],[-101,45],[-72,17],[-146,1],[-7,81],[61,87],[179,125],[60,159],[17,38],[181,86],[91,79],[199,69],[239,84],[-16,126],[3,37],[19,56],[9,50],[44,16],[37,-7],[58,-43],[155,4],[33,24],[-9,103],[5,25],[41,19],[70,-7],[113,-38],[123,23],[40,25],[83,42],[37,-12],[204,70],[54,23]],[[54034,19779],[-60,-38],[-46,-30],[-55,-41],[-54,-29],[-46,-13],[-40,100],[-11,65],[12,67],[41,49],[49,29],[66,21],[59,19],[-84,243],[-24,-21],[-87,-133],[1,-36],[-12,-51],[-24,-36],[-22,-43],[-11,-42],[-25,-90],[-20,-58],[-19,-32],[-34,-25],[-44,-41],[-52,-37],[-36,-49],[-99,-59],[-84,-39],[-75,-31],[-71,-2],[-60,14],[-37,45],[-53,11],[-18,21],[-14,80],[-16,58],[-22,107],[4,46],[-20,90],[-15,86],[-3,53],[164,77],[901,363],[93,69],[22,-104],[39,-90],[102,-238],[-10,-46],[-43,-65],[-68,-95],[-39,-99]],[[29184,40849],[-26,56],[15,168],[-96,-30],[-95,-114],[-44,6],[-80,27],[47,112],[38,49],[50,71],[46,84],[76,139],[66,96],[42,40],[66,18],[73,39],[62,46],[58,39],[35,0],[40,-45],[30,-35],[-2,-56],[-68,-59],[-25,-32],[108,-232],[2,-40],[3,-59],[-7,-86],[4,-28],[39,-98],[9,-89],[33,-29],[93,-65],[121,66],[117,-47],[-13,-50],[-7,-91],[-35,-94],[-32,-100],[-45,-101],[-121,-64],[-230,17],[-20,29],[-4,22],[72,189],[111,131],[-7,11],[-104,-122],[-39,-10],[-34,2],[-75,98],[-207,186],[-40,35]],[[29717,37227],[36,99],[157,-31],[-34,-70],[-14,28],[-34,-31],[26,-42]],[[29854,37180],[-65,22],[-72,25]],[[55412,21291],[784,328],[-63,176],[489,194]],[[56622,21989],[37,-1],[80,54],[98,47],[95,57],[106,54],[198,128],[159,383],[68,86],[25,72],[35,37],[16,62],[37,77],[44,-5],[63,13],[62,-5],[1,-64],[-4,-82],[-65,-145],[-39,-171],[36,-46],[19,-61],[-5,-62],[-27,-37],[-50,-59],[-51,-29],[-103,-29],[-124,-60],[-102,-45],[-95,-68],[-80,-45],[-80,-80],[-243,-223],[-21,-21],[-39,-113],[-56,-45],[-89,-72],[-195,-77],[-384,-158],[-260,-66],[-142,-33],[-9,13],[-2,20],[-19,5],[-30,-5],[-48,48],[-27,53]],[[54209,20307],[37,65],[139,129],[53,25],[-6,-44],[9,-45],[20,-49],[29,-63],[-254,-221],[-39,49],[-27,38],[1,37],[9,18],[29,61]],[[58998,20471],[4,12],[9,-6],[9,4],[12,0],[33,-2],[11,0],[3,8],[0,14],[15,4],[0,14],[11,7],[7,4],[81,45],[-30,51]],[[59163,20626],[-25,39],[29,16],[3,22],[-30,59],[-67,130],[9,8],[17,-14],[9,-9],[17,-18],[14,-11],[16,-9],[13,-13],[7,-5],[108,-77],[62,-31],[168,-235],[4,-6],[10,-17],[14,-18],[11,-14],[-3,-13],[-9,-16],[-39,-56],[-76,-61],[-96,-4],[-4,0],[-42,8],[-8,-1],[-11,0],[-11,0],[-15,0],[-129,18],[-25,12],[-14,39],[-1,13],[-6,24],[-30,30],[-24,39],[-11,6],[0,10]],[[88588,80545],[44,-19],[34,-20],[5,-92],[56,109],[25,31],[179,65],[49,-10],[88,35],[74,37],[60,37],[54,44],[28,42],[70,84],[25,12],[26,-14],[27,-28],[-23,-54],[-42,-138],[-31,-161],[-51,-66],[-86,-53],[-255,-69],[13,-78],[-76,-39],[-172,-105],[-193,-181],[-135,-75],[-248,-125],[-156,-53],[-76,14],[-56,49],[12,40],[-28,82],[-43,103],[-30,3],[-286,-186],[-198,-185],[-353,-380],[-68,-93],[-63,-75],[-98,-327],[-110,-238],[-63,0],[-19,-93],[-191,-344],[-382,-539],[-129,-278],[-65,-112],[-88,-119],[-151,-128],[-270,-301],[-98,-55],[-174,0],[-94,80],[11,33],[126,133],[5,68],[107,119],[114,231],[199,359],[74,54],[102,53],[121,201],[72,65],[70,105],[49,96],[24,52],[25,42],[170,245],[75,48],[96,257],[-53,221],[61,91],[25,46],[86,35],[40,65],[118,77],[73,58],[2,26],[113,-3],[96,33],[123,105],[415,623],[102,6],[99,-23],[214,116],[77,49],[144,79],[37,9],[42,37],[92,40],[45,9],[120,51],[100,23],[63,30],[58,2]],[[32906,26107],[61,-47],[41,-86],[63,-51],[20,-64],[-26,-74],[-103,-26],[-116,-9],[-211,0],[-516,63],[-271,74],[-21,17],[79,145],[96,210],[157,8],[179,22],[72,1],[124,-14],[92,-30],[128,-48],[108,-49],[44,-42]],[[57221,19913],[67,56],[69,24],[131,87],[159,83]],[[57647,20163],[25,-46],[44,-94],[9,-53],[41,-21],[43,-25],[37,-56],[52,-35],[-70,-54],[-52,29],[-69,-1],[-38,10],[-72,-33],[-66,-60],[-100,-80],[-5,-3],[-148,-48]],[[57278,19593],[31,91],[-2,74],[-47,73],[-39,82]],[[57676,19623],[-40,-13],[-36,2],[-9,18],[-13,24],[16,29],[52,28],[58,18],[80,-7],[75,-3],[132,-121],[-50,-31],[-89,-34],[-83,-102],[-59,56],[22,31],[-56,105]],[[27751,35223],[226,526]],[[27977,35749],[56,47]],[[28033,35796],[287,-134]],[[28320,35662],[149,-62],[-20,-47],[-77,-205],[-31,5],[-53,-9],[-376,-121],[-99,-15],[-62,15]],[[57065,21533],[144,183],[198,84],[41,-101],[30,-76],[37,-78],[58,-103],[-157,-58],[-79,-24],[-78,-29],[-80,-40],[-128,-44],[-45,-1],[-28,52],[-21,118],[108,117]],[[30794,38128],[51,-35],[50,4],[58,-3],[104,-48],[-26,-177],[-40,-75],[26,-99],[139,-26],[45,-134],[1,-86],[-176,38],[-28,41],[-162,77],[-458,167],[100,184],[10,123],[81,33],[76,56],[149,-40]],[[30885,37984],[-24,45],[-39,-15],[26,-36],[37,6]],[[29467,40283],[-64,-20],[-29,26],[-54,121],[-45,37],[-7,25],[28,103],[-24,28],[-90,50],[-15,29],[-10,63],[11,25],[33,19],[120,-98],[194,-193],[-48,-215]],[[30536,33561],[4,-296]],[[30540,33265],[-791,357]],[[29749,33622],[-23,10],[13,123],[29,138]],[[29768,33893],[768,-332]],[[70118,74384],[3,31],[-1,36],[115,89],[1,33]],[[70236,74573],[177,-247],[55,-88],[36,-69],[-30,-14],[-38,66],[-45,-24],[94,-195],[21,-43],[-70,-28]],[[70436,73931],[-50,-7],[-51,19],[-147,306],[-13,-8],[-57,143]],[[27784,36162],[136,-36],[93,-63],[57,-5]],[[28070,36058],[-32,-63],[-77,-226],[5,-23],[11,3]],[[27751,35223],[-56,25],[-78,51],[-16,60],[-13,41],[27,52],[239,178],[87,78],[-80,137],[-272,-185],[31,94],[0,27],[2,17],[8,23],[5,8],[9,16],[0,12],[2,10],[17,12],[44,138],[77,145]],[[28485,36493],[156,385],[49,113]],[[28690,36991],[57,44],[17,-58],[30,-36],[49,-11],[56,-18],[34,-22],[244,-70],[-30,-95],[-29,-135],[-21,-41],[-53,-109],[-23,-54],[-118,47],[33,24],[-97,125],[-182,-158],[-172,69]],[[81740,69808],[-14,-24],[-432,152],[0,32],[-3,75],[22,56],[-1,41],[11,57],[32,90],[22,77],[15,75],[17,20],[69,-2],[102,-15],[58,146],[9,29],[285,131],[38,3],[7,-28],[-30,-53],[-40,-165],[47,-38],[155,449],[64,-19],[-339,-851],[-94,-238]],[[28639,32450],[88,18],[484,-230],[156,-340],[-249,-585],[-333,-58],[-147,-21],[-214,385],[55,30],[35,50],[21,44],[2,91],[-8,72],[-31,82],[-14,88],[0,106],[23,63],[71,143],[61,62]],[[31006,34097],[-81,-432]],[[30925,33665],[-313,112]],[[30612,33777],[26,193],[18,118],[108,11],[152,-11],[90,9]],[[29768,33893],[16,50],[43,79],[63,74],[110,127],[212,196],[79,-40],[156,-47],[33,-7],[-132,-269],[146,-69],[29,-98],[13,-328]],[[31006,34097],[24,3],[93,-15],[103,-10],[110,-21],[38,-19]],[[31374,34035],[32,-16],[142,-94],[20,-38]],[[31568,33887],[13,-73],[-31,-71],[-70,-248],[-47,-126],[-13,-53]],[[31420,33316],[-376,138]],[[31044,33454],[52,150]],[[31096,33604],[-171,61]],[[30414,38592],[-50,-99]],[[30364,38493],[-78,92],[-17,8],[-82,-172],[-93,42],[-16,30],[90,205],[-1,3],[2,1],[52,118]],[[30221,38820],[4,-77],[134,-68]],[[30359,38675],[2,-44],[27,-12],[26,-15],[0,-12]],[[30221,38820],[-4,65],[83,-29],[9,-18],[-2,-13],[-11,-8],[115,-44],[-52,-98]],[[31044,33454],[-298,-597]],[[30746,32857],[-26,-102]],[[30720,32755],[-53,16],[-27,231],[-24,395],[-4,380]],[[30612,33777],[484,-173]],[[29170,38571],[60,-99],[90,-62],[9,-24],[4,-34],[9,-30],[-16,-85],[70,-24],[53,47],[120,-131],[30,-64],[100,-28],[48,5],[35,-7],[-28,-70],[-61,-116],[-33,-78],[-58,-143],[-19,-33],[-8,-16],[-27,-27],[-25,-7],[-2,-20],[-36,-95],[-10,-23],[-8,-15],[-13,-16],[1,-35],[-2,-47],[-11,-36],[-16,-44],[-101,37],[-44,-20],[-30,14],[-38,21],[-29,10],[-18,12],[-26,11],[-25,12],[-21,13],[-24,15],[-17,7],[-15,6],[-19,7],[-17,8],[-21,4],[-17,10],[-16,5],[-31,1],[-29,12],[-16,8],[-11,9],[-19,3],[-16,4],[-9,7],[-12,5],[-10,4],[-15,8],[-10,7],[-16,4],[-16,6],[-39,9],[50,118],[11,33],[410,947]],[[118293,60081],[60,-61],[-170,-172],[-67,82],[103,91],[30,7],[44,53]],[[118475,60230],[48,-56],[-58,-63],[-49,49],[-4,26],[21,28],[42,16]],[[117742,60035],[122,-148],[-65,-56],[-51,45],[-76,110],[70,49]],[[127167,58185],[78,51],[27,-18],[39,-19],[12,-21],[78,-25],[72,-61],[141,-73],[200,-153],[258,-190],[45,-48],[36,-4],[39,-30],[6,-3],[110,-110],[30,-31],[72,-45],[114,-86],[41,-58],[-45,-60],[-187,-124],[-121,-109],[-54,-45],[-48,-30],[-63,-15],[-55,-36],[-27,-18],[-69,3],[-60,10],[-72,40],[-45,3],[-60,-36],[-30,0],[-75,101],[-30,36],[-26,64],[-12,43],[-39,24],[-33,34],[-33,27],[-9,30],[34,40],[78,60],[24,45],[-27,49],[-69,1],[-21,-19],[-65,71],[-109,-67],[-36,37],[-33,43],[-9,30],[4,79],[57,30],[42,39],[43,36],[9,34],[16,44],[-22,23],[-78,-21],[-33,-3],[-111,101],[-9,30],[43,57],[30,9],[26,50],[46,-35],[132,-61],[27,-61],[20,-15],[48,-22],[36,-73],[42,-76],[42,-58],[48,-27],[18,24],[-84,134],[-30,46],[-23,57],[-63,58],[-33,25],[-3,18],[-45,46],[-27,21],[-15,21],[-6,28],[-32,21],[-36,16],[-27,24],[-21,37],[-3,36]],[[129420,56434],[-184,-179],[-28,0],[-71,5],[-194,-189],[-223,301],[-106,133],[-84,95],[-284,303],[360,295],[332,-301],[362,-287],[120,-176]],[[122925,55290],[43,-37],[25,-38],[20,-38],[26,-28],[25,-20],[16,-28],[29,-23],[11,-31],[33,-24],[25,-24],[31,-24],[1,-16],[108,-30],[39,-14],[36,-16],[51,-36],[73,-66],[61,-86],[155,-201],[26,-47],[30,-29],[9,-26],[15,-2],[0,-39],[0,-26],[-5,-17],[16,-70],[4,-22],[-6,-14],[-20,0],[-38,7],[-29,-6],[-74,26],[-75,35],[-62,29],[-12,6],[-18,17],[-31,9],[-17,0],[-32,17],[-38,16],[-8,14],[-14,22],[-17,21],[-15,16],[-17,15],[-3,14],[0,21],[0,12],[-19,2],[-15,22],[-38,23],[-28,12],[-45,9],[-68,-2],[-49,2],[-55,7],[-49,2],[-64,-8],[-30,-7],[-24,0],[-26,1],[-20,0],[-19,22],[-19,14],[-15,19],[-13,23],[-22,38],[-72,100],[-3,15],[16,49],[20,44],[4,81],[9,35],[10,31],[24,17],[94,17],[35,67],[19,56],[25,47],[16,27],[17,23],[27,-7]],[[125509,52349],[-372,-333],[-73,-62],[-38,-35],[-21,-19],[-85,-67],[-60,8],[-58,15],[-58,3],[-57,58],[-34,42],[-15,56],[-3,30],[13,60],[4,42],[-11,28],[-15,38],[-72,99],[17,29],[218,186],[247,213],[93,52],[83,-64],[80,-101],[217,-278]],[[123095,59695],[287,-330],[-7,-33],[-102,-86],[-35,2],[-88,123],[-30,21],[-29,54],[-27,38],[-42,34],[-41,21],[-41,48],[-40,59],[-31,70],[226,-21]],[[126977,55855],[93,80],[120,82],[109,67],[80,60],[28,32],[44,0],[66,-30],[64,-36],[220,-175],[27,-34],[8,-27],[-14,-66],[-10,-12],[-28,-6],[-38,0],[-75,9],[-61,-11],[-25,-51],[-6,-58],[-6,-89],[61,-105],[42,-65],[60,-79],[19,-37],[32,-18],[0,-20],[84,-76],[-129,-116],[-28,-12],[-10,-19],[-18,-4],[-30,33],[-48,49],[-53,65],[-36,30],[-50,39],[-40,71],[-28,31],[-36,20],[-26,61],[-33,30],[-22,23],[-40,2],[-16,4],[-80,85],[-175,238],[-16,22],[20,13]],[[127312,55976],[-22,-2],[-22,0],[-18,-10],[-14,-10],[-20,-24],[-2,-40],[-1,-25],[20,-30],[28,-12],[28,0],[36,-1],[32,14],[19,19],[8,18],[4,40],[-22,16],[-22,23],[-32,24]],[[122570,59438],[210,-317],[-165,-121],[-219,308],[174,130]],[[123931,53933],[-65,-106],[-89,-112]],[[123777,53715],[-14,12],[-43,20],[-59,22],[-24,0],[-19,-5],[-8,19],[-24,9],[-10,17],[-29,11],[-15,2],[-33,27],[-75,42],[-23,0],[-64,11],[-110,40],[-120,16],[-32,19],[-54,16],[-75,16],[-45,0],[-44,-3],[-56,-7],[-21,14],[-20,-5],[-10,21],[-12,7],[-7,17],[-14,4],[-27,3],[-14,2],[-1,7],[-10,22],[-14,11],[-19,21],[-6,22],[-2,29],[-3,14],[-5,9],[-5,12],[1,12],[-10,19],[-3,12],[2,22],[7,25],[0,24],[5,12],[17,12],[4,12],[6,13],[24,24],[33,24],[26,2],[32,7],[31,0],[24,-14],[27,-21],[26,-18],[12,-2],[14,-6],[16,-10],[12,-29],[30,-10],[44,2],[30,0],[26,-3],[28,-12],[38,-18],[50,-23],[20,0],[34,-6],[83,50],[38,2],[18,-10],[23,-37],[14,-4],[14,-20],[14,-43],[8,-32],[20,-53],[16,-30],[22,-37],[23,-34],[20,-25],[32,-18],[36,-19],[28,-8],[34,14],[18,0],[46,0],[35,16],[30,20],[30,22],[16,22],[28,18],[0,27],[50,14],[0,-19],[12,-30],[20,-54],[-10,-40],[-4,-18]],[[123738,59713],[17,-14],[-5,-32],[-65,-66],[-52,-30],[-71,-37],[-27,-49],[-46,-63],[-35,-27],[-149,144],[193,166],[240,8]],[[126693,55583],[252,199],[260,-335],[205,-244],[209,-270],[-239,-187],[-84,83],[-61,69],[-56,73],[-32,37],[-30,69],[-38,34],[-21,37],[-32,8],[-22,59],[-26,30],[-26,21],[-249,284],[-20,0],[-12,19],[22,14]],[[121795,58675],[-30,19],[-22,28],[24,25],[55,17],[39,9],[70,81],[69,33],[35,30],[30,35],[52,33],[43,-59],[197,-190],[132,-98],[27,-35],[-91,-77],[-75,-43],[-8,-27],[-35,-43],[-40,-20],[-52,5],[-45,26],[-30,86],[-34,55],[-41,32],[-44,-6],[-93,33],[-133,51]],[[126179,55147],[215,-246]],[[126394,54901],[-10,-3],[-15,4],[-14,9],[-14,-12],[-12,-14],[-3,-20],[-15,-18],[-129,-137],[-13,5],[-13,16],[-15,14],[-17,14],[-18,11],[-22,13],[6,16],[1,21],[9,24],[4,31],[2,42],[4,28],[10,49],[3,28],[1,29],[5,28],[12,14],[18,15],[15,17],[5,22]],[[127457,54587],[13,71],[161,145],[28,6],[42,-45],[258,-347],[134,-173],[-179,-124],[-38,36],[-18,6],[-84,88],[-44,36],[-19,-19]],[[127711,54267],[-254,320]],[[126621,57969],[-79,-14],[-45,45],[-60,45],[-56,18],[-40,41],[-98,83],[25,50],[52,2],[34,12],[64,13],[43,-16],[25,-65],[45,-31],[11,-50],[79,-133]],[[123879,56415],[0,16],[9,14],[17,6],[10,0],[12,0],[16,-10],[13,-17],[7,-16],[12,-14],[8,4],[26,-37],[32,-34],[22,-26],[29,-23],[22,-5],[31,-5],[29,-23],[10,-17],[13,-11],[14,-15],[13,-23],[4,-15],[25,-35],[56,-60],[44,3],[31,-6],[36,-79],[32,-69],[42,-57],[17,-30],[22,-10],[20,-11],[14,0],[21,-5],[45,-48],[55,-80],[1,-19],[-10,-15],[-19,-19],[-17,-7],[-15,-12],[-14,-12],[-84,-94],[-16,0],[-12,-2],[-10,-12],[-8,-15],[-28,-21],[-22,-17],[-48,-38],[-10,-22],[-59,-38],[-73,-72],[-24,-22],[-33,-10],[-34,-17],[-19,-10],[-25,13],[-65,25],[-34,26],[-63,40],[-49,26],[-10,12],[0,33],[0,31],[-12,33],[-78,9],[-46,3],[-26,0],[-29,16],[-44,14],[-19,9],[-25,28],[0,17],[0,26],[-5,32],[0,19],[-3,11],[-19,5],[-14,-10],[-20,-12],[-22,-5],[-26,2],[-27,12],[-39,21],[-33,24],[-22,26],[21,26],[15,29],[-27,33],[-41,29],[-46,14],[-27,40],[-22,55],[-6,42],[22,31],[67,66],[144,107],[70,53],[87,51],[34,5],[50,8],[55,26],[32,26],[24,20],[21,19],[17,15],[10,31]],[[122998,53439],[111,-33],[122,-29],[107,-29],[66,-21],[85,0],[42,-40],[45,-90],[39,-37],[-11,-15],[-39,9],[-408,-342],[-47,-7],[-62,38],[-51,43],[-34,45],[-30,35],[-7,31],[-44,25],[-36,37],[-33,46],[-21,47],[-17,105],[65,36],[69,65],[51,34],[38,47]],[[126179,55147],[6,18],[15,24],[16,10],[15,15],[28,30],[17,9],[11,4],[19,-19],[26,-20],[29,-29],[21,-33],[31,-34],[25,-25],[30,-38],[-1,-25],[9,-24],[-13,-9],[-16,-9],[-4,-15],[-1,-16],[0,-13],[-13,-5],[-17,-18],[-18,-24]],[[117293,62145],[56,18],[76,-105],[-5,-40],[-33,-54],[-39,-18],[-26,-117],[-17,-14],[-122,64],[0,39],[19,57],[91,170]],[[126367,56046],[111,115],[56,34],[280,-286],[9,-30],[-128,-133],[-72,-40],[-125,-146],[-35,-5],[-17,-49],[-127,-97],[-35,9],[-53,59],[-65,84],[5,39],[68,50],[107,84],[28,77],[18,47],[8,30],[11,54],[-28,45],[-16,59]],[[124287,61541],[41,-8],[219,-265],[18,-15],[114,-148],[326,-408],[-57,-90],[-164,-100],[-41,-46],[-29,-36],[-31,-13],[-20,-23],[-26,-13],[-20,-28],[-57,-49],[-56,-44],[-90,-17],[-61,2],[-159,1],[-23,24],[-28,23],[-26,8],[-33,16],[-15,13],[-18,36],[-12,36],[-8,42],[-43,44],[-10,67],[0,28],[11,57],[0,34],[10,80],[13,31],[31,59],[-10,88],[22,129],[41,54],[3,55],[61,56],[32,106],[31,103],[38,67],[26,44]],[[124572,54356],[23,48],[50,47],[51,29],[37,-7],[45,-27],[29,-46],[119,-134],[283,-305],[194,-109],[42,-50],[-20,-15],[-21,-29],[-54,-48],[-77,-67],[-37,-12],[-4,-61],[-12,-71],[-41,-53],[-61,-59],[-88,-30],[-79,-27],[-63,-20],[-54,-3],[-67,37],[-60,76],[-81,79],[-76,114],[-44,59],[-91,102],[-65,82],[-65,83],[-2,50],[42,41],[30,14],[20,38],[18,35],[51,71],[26,43],[31,42],[47,41],[24,42]],[[123141,55709],[33,-48],[14,-40],[8,-14],[0,-22],[11,-4],[16,-46],[14,-57],[10,-31],[24,-28],[23,-21],[53,-19],[82,-9],[34,-7],[37,-23],[43,-28],[85,-85],[40,-51],[187,-189],[9,-18],[3,-15],[-19,-34],[-15,-35],[-67,-44],[-26,-7],[-20,-7],[-22,23],[-34,39],[-41,46],[-27,19],[-27,12],[-40,17],[-27,7],[-27,6],[-27,8],[-21,12],[-18,44],[-33,36],[-20,31],[-15,19],[-17,31],[-15,14],[-14,21],[-76,161],[-30,81],[-24,43],[-15,33],[-19,14],[-18,69],[10,27],[9,31],[-7,21],[-3,12],[19,5]],[[125274,52803],[-4,10],[-2,14],[-1,20],[2,20],[15,11],[16,7],[26,4],[32,6],[42,0],[38,-5],[19,-5],[32,-1],[20,-16],[-1,-12],[18,-17],[21,-13],[34,-13],[42,-4],[22,0],[49,4],[35,2],[34,3],[35,7],[43,12],[33,8],[36,17],[37,5],[34,15],[2,10],[-34,7],[-31,-3],[-36,7],[-34,-2],[-37,2],[-31,3],[-26,2],[-40,-4],[-42,-8],[-44,-7],[-39,-7],[-39,-5],[-27,-6],[-14,5],[-8,7],[15,9],[15,5],[23,7],[35,6],[45,5],[49,9],[42,5],[61,5],[42,-4],[45,-5],[58,-4],[47,-9],[57,-8],[42,-11],[7,-16],[1,-19],[-32,-26],[-32,-37],[-51,-54],[-29,-25],[-38,-30],[-42,-34],[-54,-38],[-55,-43],[-64,-56],[-29,-20],[-20,-16],[-11,-18],[32,9],[27,12],[42,32],[59,40],[50,37],[70,49],[56,40],[47,32],[46,37],[52,34],[43,30],[38,12],[29,11],[10,9],[22,1],[50,3],[52,-3],[38,-3],[38,-4],[20,-29],[36,-38],[31,-35],[21,-32],[32,-44],[24,-23],[25,-20],[26,-21],[22,-22],[1,-19],[-12,-10],[-25,-18],[-21,-16],[-24,-16],[-50,-49],[-17,-24],[-133,-105],[-57,-46],[-74,-60],[-149,-121],[-95,-78],[-24,-17],[-27,-27],[-30,-14],[-12,-3],[-15,11],[-14,15],[-27,38],[-41,62],[-70,76],[-66,80],[-97,134],[-21,30],[-1,14],[-7,28],[-29,23],[-16,19],[-27,22],[-15,18],[-17,37],[-10,25],[-19,22],[-23,18],[-13,27],[-23,28],[-16,13],[-32,22],[-13,29],[-11,22],[-20,38]],[[127711,54267],[-9,-9],[54,-61],[46,-53],[25,-36],[-6,-31],[-4,-21],[-32,-36],[-78,-66],[-13,-18],[6,-23],[-82,-44],[-30,-8],[-30,-2],[-32,11],[-18,16],[-54,87],[-101,122],[-144,181],[-274,360],[-18,40],[4,30],[-34,35],[-24,0],[-125,124],[-265,306],[-117,167],[281,231],[159,-226],[148,-182],[119,-139],[117,-138],[70,-85],[54,-85],[50,-61],[35,-41],[68,-25]],[[123931,53933],[14,-13],[20,0],[80,-18],[22,-15],[38,-20],[35,-33],[40,-32],[56,-39],[28,-8],[42,-2],[30,2],[56,-74],[42,-77],[38,-38],[30,-21],[25,-26],[20,-43],[32,-101],[18,-33],[35,-54],[46,-73],[16,-11],[28,-4],[16,-19],[36,-10],[20,-13],[34,-26],[28,-35],[36,-30],[16,0],[-79,-91],[-18,-8],[-22,-8],[-16,0],[-32,0],[-26,0],[-64,-24],[-57,-30],[-30,-12],[-44,-28],[-34,-28],[-26,-24],[-24,-40],[-16,4],[-44,0],[-30,-2],[-23,-14],[-18,-8],[-22,-12],[-28,-8],[-24,-4],[-30,-28],[-14,-14],[-2,-16],[-14,-18],[-12,-15],[-29,-10],[-20,1],[-12,0],[-34,6],[-16,0],[-18,0],[-20,0],[-26,0],[-20,-10],[-28,-8],[-28,-26],[-34,-36],[-8,-24],[-18,-10],[-14,-4],[-32,0],[-23,0],[-21,14],[-10,4],[-4,2],[-10,12],[-10,9],[-30,2],[-41,1],[-69,71],[-32,35],[-26,22],[-34,33],[-20,12],[-32,0],[-40,16],[-16,19],[-10,30],[-6,29],[-15,36],[2,18],[30,43],[30,36],[139,96],[131,121],[28,10],[30,-8],[26,-10],[24,-29],[16,-14],[37,-17],[41,-6],[42,2],[38,6],[52,38],[52,42],[43,55],[10,22],[-10,22],[-52,1],[-16,18],[-24,28],[-86,51],[-64,-10],[-4,-12],[-16,-26],[-24,-8],[-22,6],[-26,17],[-26,0],[-32,2],[-69,0],[-44,1],[-22,12],[-28,24],[-31,23],[-30,8],[-44,6],[-51,0],[-80,-1],[-42,22],[-38,13],[-42,24],[-19,22],[-36,13],[-32,6],[-36,10],[-28,2],[-16,11],[-26,10],[-41,-4],[-38,-4],[-16,14],[-7,25],[-2,30],[-4,35],[0,44],[-14,53],[-11,38],[-24,55],[-28,57],[58,30],[22,-6],[26,8],[20,0],[40,-13],[82,-41],[54,-32],[158,-72],[38,-4],[48,2],[12,-17],[16,-14],[38,-16],[30,-11],[34,-16],[16,-24],[10,-21],[36,-2],[42,-14],[42,-14],[46,-33],[48,-33],[47,-26],[44,-17],[52,-40],[22,-21],[38,-14],[34,-12],[38,-39],[50,-31],[34,-34],[30,-25],[16,21],[-8,23],[-22,10],[-14,28],[-28,35],[-26,26],[-30,19],[-22,17],[-41,42],[-20,24],[-22,14],[-41,29],[-29,28],[-3,14],[-4,20],[-18,37],[-15,26],[-24,-4]],[[124592,58429],[45,-16],[-3,-39],[18,-30],[40,-2],[67,-81],[-24,-34],[-5,-82],[-126,-79],[25,-42],[-30,-30],[-108,-74],[-43,-25],[-43,-30],[-14,-30],[-19,-10],[-29,14],[-195,276],[64,24],[31,12],[-2,47],[-1,51],[-7,56],[146,106],[56,-1],[38,33],[30,19],[89,-33]],[[123867,59645],[53,22],[27,24],[24,12],[210,23],[15,-33],[34,-7],[7,-38],[41,-40],[35,-34],[45,-25],[8,-14],[12,-20],[19,-4],[30,-14],[17,-33],[60,-29],[42,-33],[39,-50],[29,-44],[110,-135],[187,-200],[-62,-52],[-34,-34],[-60,-36],[-27,-12],[-24,-33],[-72,-77],[-4,-10],[-24,12],[-32,35],[-10,22],[-13,26],[-36,0],[-12,-17],[54,-73],[19,-25],[-2,-26],[-27,22],[-18,-15],[-3,-19],[-9,-12],[-27,2],[-46,3],[-19,4],[-12,26],[-13,5],[-15,19],[-16,0],[-19,5],[-25,16],[-15,-7],[-19,18],[-22,-4],[-19,-3],[-26,14],[-22,21],[-18,22],[-22,14],[-14,16],[-20,19],[66,13],[-5,52],[-22,-2],[-1,19],[-38,2],[-2,-29],[-13,-4],[-21,21],[-18,30],[27,34],[-36,38],[-3,40],[-25,15],[-12,18],[-64,-52],[-11,114],[-25,42],[-90,95],[-140,85],[-54,43],[217,180],[92,-133],[22,-26],[39,-24],[20,-18],[21,-36],[32,-31],[36,-42],[30,-12],[17,34],[-16,45],[-48,33],[-34,4],[-44,52],[-41,71],[-46,50],[-28,31],[-31,12],[-10,42]],[[127620,52150],[-29,-27],[-64,-55],[-62,-44],[-45,-28],[-20,-7],[-65,-41],[-49,-34]],[[127286,51914],[-9,2],[-130,-66],[-40,-9],[-29,-7],[-26,-10],[-62,-19],[-47,-10],[-55,-7],[-60,-19],[-41,-7],[-38,-8],[-20,-4],[-2,21],[-4,22],[-12,18],[-20,6],[-29,1],[-20,2],[-45,-4],[-29,-6],[-18,7],[-15,3],[-20,24],[-11,38],[0,29],[0,18],[-12,11],[-38,7],[-17,6],[-14,27],[-4,31],[-4,35],[2,19],[-10,15],[-4,25],[-6,13],[-26,-9],[-52,-12],[-31,-17],[-28,-19],[-5,-22],[-4,-28],[3,-34],[6,-21],[-16,-20],[-16,-19],[-20,-2],[-19,-3],[-21,-5],[-27,-16],[-7,-15],[-33,-21],[-27,-15],[-34,-21],[-32,0],[-21,10],[-15,25],[-1,14],[17,21],[30,18],[21,16],[22,20],[23,26],[34,26],[19,23],[18,13],[21,17],[33,33],[38,25],[18,18],[26,15],[28,21],[23,34],[12,15],[21,16],[28,26],[20,18],[28,20],[33,23],[36,8],[25,19],[40,29],[49,37],[16,19],[41,16],[23,30],[51,36],[39,53],[14,18],[17,6],[33,28],[26,27],[32,25],[39,23],[39,26],[35,21],[27,15],[27,8],[27,-3],[37,-16],[38,-16],[56,-36],[72,-54],[36,-34],[46,-40],[25,-18],[31,-32],[17,-28],[20,-41],[12,-16],[13,-10],[12,-28],[21,-16],[54,-61],[14,-21],[13,-30],[22,-6],[-7,-28],[-4,-28],[-12,-31],[-16,-13]],[[126290,53050],[-112,10],[-58,11],[-44,15],[-52,8],[-59,1],[-82,-2],[-87,5],[-55,-1],[-63,-10],[-83,-5],[-51,-10],[-48,-4],[-45,0],[-38,9],[-28,1],[-28,-2],[-33,-3],[-36,-1],[-41,-5],[-42,-9],[-28,1],[-47,-3],[-24,-4],[-33,9],[-28,14],[-18,8],[-26,-11],[-13,19],[-22,32],[-19,23],[-23,37],[-11,11],[-2,16],[2,16],[11,6],[19,9],[18,12],[34,10],[4,3],[37,10],[26,15],[39,23],[42,36],[38,33],[39,49],[27,35],[29,44],[4,17],[12,13],[15,1],[17,-18],[24,-7],[34,6],[19,12],[15,30],[2,22],[8,19],[24,7],[11,24],[29,45],[6,35],[7,28],[13,27],[18,24],[33,23],[24,21],[19,21],[21,16],[27,-2],[43,-17],[50,-33],[27,-38],[22,-14],[22,2],[27,2],[22,11],[15,23],[13,33],[15,41],[20,29],[20,42],[14,47],[12,36],[4,42],[19,23],[13,20],[6,31],[15,24],[10,28],[6,22],[14,15],[11,20],[17,14],[18,4],[28,-18],[29,-43],[32,-37],[49,-58],[96,-115],[26,-30],[20,-21],[13,-19],[6,-32],[-2,-22],[11,-25],[10,-23],[33,-36],[13,-28],[190,-207],[33,-34],[13,-14],[77,64],[157,126],[132,-33],[50,-76],[39,-1],[76,31],[70,19],[35,-52],[36,-84],[-1,-58],[-25,-49],[-81,-67],[-71,-33],[-75,-28],[-83,-33],[-54,-37],[-47,-32],[-54,-37],[-39,-40],[-57,-49],[-52,-4],[-110,0],[-211,11],[-113,-6],[-22,-2]],[[127620,52150],[27,8],[24,17],[24,15],[13,17],[21,-6],[40,-25],[35,-21],[35,-24],[25,-18],[34,-27],[23,-23],[12,-12],[5,-28],[7,-24],[20,-22],[18,-16],[-1,-13],[16,-24],[20,-11],[20,-20],[24,-22],[13,-31],[6,-23],[-44,-11],[-20,-28],[-30,-25],[-22,-29],[-38,-19],[-25,-25],[-20,-22],[-27,-25],[-36,-28],[-68,-61],[-44,-42],[-35,-35],[-37,-31],[-32,-30],[-25,-19],[-30,-23],[-25,-31],[2,-27],[-1,-13],[-11,-12],[-22,-5],[-31,4],[-40,18],[-85,28],[-49,18],[-59,27],[-37,12],[-43,15],[-58,25],[-42,6],[-95,26],[-44,13],[-44,7],[-26,13],[-4,51],[-1,46],[0,21],[6,21],[15,4],[31,3],[17,12],[3,22],[0,17],[0,23],[0,27],[6,24],[25,17],[18,2],[47,7],[40,10],[49,12],[24,7],[14,13],[21,10],[27,11],[26,10],[29,18],[28,18],[21,17],[6,3]],[[124045,58809],[71,-68],[36,-67],[171,-172],[-247,-192],[-106,46],[-64,8],[-28,-16],[-119,141],[224,191],[-32,44],[94,85]],[[125442,55225],[81,81],[145,123],[23,0],[61,-9],[28,2],[35,-31],[15,2],[55,-9],[65,-3],[123,103],[21,-5],[26,-10],[20,-30],[53,-57],[-18,-56],[-19,-51],[-198,-165],[-184,-156],[-65,-23],[-32,-35],[-73,80],[-97,114],[-10,9],[-71,102],[16,24]],[[51029,18257],[-41,114],[-33,80],[29,19],[62,-15],[50,-12],[31,-26],[42,11],[64,6],[17,-55],[-23,-44],[-198,-78]],[[29953,28601],[46,78],[66,-3],[60,-21],[51,-22],[56,-66],[-17,-79],[-262,113]],[[57647,20163],[8,89],[-37,70],[-92,185]],[[57526,20507],[66,34]],[[57592,20541],[90,-156],[32,-97],[59,-59]],[[57773,20229],[-126,-66]],[[31218,36005],[-20,2],[-24,7],[-19,7],[-16,7],[-16,5],[-24,13]],[[31099,36046],[29,32],[23,60],[19,30],[18,27],[14,30],[6,20],[9,17],[12,16],[8,17],[9,18],[10,9],[17,3],[13,-15],[12,-14],[-3,-22],[-8,-24],[-8,-26],[-4,-21],[-1,-20],[-5,-32],[-3,-21],[-12,-15],[-6,-31],[-4,-24],[-11,-19],[-5,-16],[-2,-21],[-8,1]],[[53677,19756],[65,-135],[-43,-46],[-43,-28],[-46,-42],[-54,-47],[-46,-34],[-30,111],[29,28],[36,35],[29,36],[32,21],[27,13],[26,49],[18,39]],[[28433,48603],[97,-72],[37,-164],[-17,-28],[-23,-9],[-14,18],[-39,7],[-88,-32],[7,119],[-2,169],[42,-8]],[[29289,36081],[107,-46],[-135,-310],[-43,18],[22,47],[-62,37],[68,181],[43,73]],[[28064,44821],[125,15],[32,-10],[-46,-61],[-208,-18],[-17,32],[-26,32],[-47,48],[-41,69],[78,-16],[68,-31],[82,-60]],[[36323,24690],[57,-77],[-283,-217],[-65,89],[143,99]],[[36175,24584],[148,106]],[[69794,74172],[39,-35],[9,-77],[5,-78],[53,-121],[-10,-33],[-30,-9],[-42,18],[-44,65],[-57,130],[-4,91],[47,43],[28,8],[6,-2]],[[27791,34327],[207,-86]],[[27998,34241],[-11,-59],[-16,-53],[-13,-14],[-25,-8],[-25,4],[-16,-6],[-18,11],[-23,7],[-25,-5],[-18,-6],[-24,11],[-17,16],[-2,30],[9,29],[12,28],[7,26],[3,28],[-10,17],[1,18],[4,12]],[[36175,24584],[-14,31],[-27,28],[-21,9],[-26,18],[-31,39],[163,121],[104,-140]],[[60798,22999],[240,85],[38,-90],[-238,-79],[-40,84]],[[53369,18926],[79,19],[56,28],[98,28],[42,-48],[-36,-49],[-62,-33],[-51,-24],[-75,-13],[-40,6],[-39,21],[3,34],[25,31]],[[27170,28552],[-2,28],[44,51],[44,12],[120,-122],[-42,-68],[-164,99]],[[71003,72713],[-123,159],[28,28],[46,-15],[27,-25],[35,-27],[32,-38],[14,-30],[72,-13],[32,-9],[-3,-47],[-46,0],[-42,-9],[-51,4],[-21,22]],[[58848,20999],[-36,-25]],[[58812,20974],[-29,68],[11,37],[43,52],[41,61],[69,43],[14,-137],[-113,-99]],[[28870,35538],[113,-48],[11,-32],[-51,-104],[-145,75],[44,85],[28,24]],[[30962,31921],[58,77]],[[31020,31998],[148,-115],[-100,-109],[-97,77],[-9,70]],[[28844,28891],[48,-19],[64,-41],[67,-44],[-57,-93],[-186,116],[64,81]],[[56446,20450],[86,48],[98,51],[23,-99],[-63,-79],[-97,-63],[-47,142]],[[33753,26813],[-127,-72]],[[33626,26741],[-59,-27],[-21,-23],[-47,38],[22,56],[20,50],[36,33],[59,22],[47,-4],[52,-44],[18,-29]],[[29017,46791],[24,-292]],[[29041,46499],[-157,-11],[133,303]],[[29854,37180],[-69,-177],[-123,47],[55,177]],[[32593,41347],[67,-157],[-169,-63],[-48,150],[150,70]],[[30454,37993],[19,-7],[-42,-75],[-127,54],[33,81]],[[30337,38046],[117,-53]],[[28092,34776],[11,61],[0,35],[-11,29],[32,95],[46,26],[53,-17],[-83,-241]],[[28140,34764],[-48,12]],[[30414,38592],[48,-2],[10,-14],[-39,-140],[-78,20],[9,37]],[[33753,26813],[59,-122],[-114,-61],[-18,17],[-54,94]],[[28513,33369],[69,-77]],[[28582,33292],[-51,-136],[-28,-37],[-70,31]],[[28433,33150],[80,219]],[[37010,21481],[5,-22],[1,-233],[-17,20],[-17,21],[-20,33],[-14,24],[-2,21],[14,2],[14,17],[9,17],[-1,23],[-10,18],[0,14],[11,15],[-8,22],[-1,15],[23,3],[13,-10]],[[30337,38046],[45,115],[99,-39],[-17,-35],[18,-10],[-28,-84]],[[52978,18632],[142,12],[-18,-133],[-102,7],[-39,27],[9,45],[8,42]],[[30942,39726],[-33,-61],[-94,36],[-8,25],[24,50],[111,-50]],[[29389,36770],[24,40],[119,-57],[-21,-26]],[[29511,36727],[-122,43]],[[51571,17696],[-18,63],[107,38]],[[51660,17797],[19,-62],[-108,-39]],[[41768,13402],[-11,-30],[-72,-321],[-10,-53],[-21,-40]],[[41654,12958],[-25,9],[-88,32],[-51,52],[-49,65],[-6,67],[20,73],[29,61],[75,78],[52,33],[50,21],[20,-7],[13,-6],[74,-34]],[[41299,14653],[-71,56],[-129,4],[-101,-72],[-141,-77],[-163,-118],[-142,-164],[-574,-148],[-144,53],[-83,213],[64,82],[129,-3],[564,210],[70,47],[39,-3],[57,53],[226,92],[166,33],[107,10],[120,37],[61,4],[18,-4],[21,-31],[0,-20]],[[41393,14907],[-8,-18],[-86,-236]],[[41393,14907],[228,-214],[-62,-124],[-6,-51],[-108,48],[-42,10],[-40,-34],[-31,-82],[-30,-17],[-33,-156],[-75,-219],[45,-142],[-9,-37],[-50,17],[-37,116],[-17,125],[24,117],[32,65],[30,140],[31,58],[63,68],[-7,58]],[[39357,16279],[-100,-114],[-20,0],[-30,0],[-32,8],[-35,20],[-23,26],[-12,20],[-8,30],[0,20],[0,33],[18,33],[12,33],[3,18],[0,25],[35,30]],[[39165,16461],[192,-182]],[[40530,18135],[18,-132],[-25,-82],[-355,-398],[-61,-121],[-10,-12],[-12,-32],[-13,-40],[-3,-40],[0,-32],[7,-45],[0,-36],[1,-22],[-10,-26],[-8,-16],[-25,-14],[-21,-4],[-23,9],[-18,13],[-39,30],[-36,33],[-50,47],[-43,44],[-44,44],[-65,60],[-46,48],[-27,30],[-4,18],[5,18],[19,20],[25,26],[18,29],[18,21],[42,36],[33,42],[44,39],[28,28],[25,21],[35,26],[33,25],[30,30],[23,34],[20,40],[24,42],[25,30],[18,26],[32,32],[31,31],[31,25],[40,26],[27,20],[44,47],[12,27],[9,26],[15,32],[22,29],[35,34],[8,1],[19,-8],[12,-5],[22,-18],[32,-36],[21,-37],[19,-49],[16,-34]],[[39165,16461],[-8,20]],[[39157,16481],[361,379]],[[39518,16860],[142,-143],[-10,-106],[-293,-332]],[[39157,16481],[-25,25],[-99,63],[-53,-17],[-62,-4],[58,200],[83,184],[46,116],[-29,172],[-115,405],[-70,21],[-164,388],[8,29],[25,9],[21,12],[29,0],[20,-8],[33,-42],[144,-309],[469,-753],[21,-35],[-225,-90],[-19,17],[-100,85],[-69,-47],[78,-100],[-8,-52],[30,-54],[51,-9],[73,107],[10,24],[171,82],[29,-40]],[[51363,17296],[88,-253]],[[51451,17043],[-495,-166],[-154,-66],[-131,-91],[-195,-29],[-62,56],[-166,456],[45,68],[75,83],[52,61],[113,81],[293,120]],[[50826,17616],[170,-459],[367,139]],[[39277,46253],[23,26],[40,39],[49,41],[27,28],[27,27],[31,21],[42,24],[59,37],[58,64],[59,71],[143,148],[71,70],[94,89],[102,93],[81,76],[88,91],[62,54],[37,31],[20,21],[43,-19],[17,-16],[34,-52],[39,-59],[-13,-42],[-247,-331],[-250,-293],[-160,-181],[-226,-282],[-303,-260],[-75,-39],[-23,-4],[-33,4],[-36,10],[-42,38],[-31,19],[-41,19],[-30,52],[-7,47],[-1,25],[5,64],[70,73],[55,57],[44,36],[48,41],[50,42]],[[33181,42418],[-43,-67],[-190,-175],[-203,-256],[-72,-76],[-131,-142],[-251,67],[-116,96],[-150,145],[-9,42],[128,365],[28,28],[104,-28],[237,237],[90,10],[92,-15],[96,-32],[175,-71],[125,-49],[90,-79]],[[47097,16157],[-65,21],[-204,122],[-55,23],[-57,31],[-121,52],[-47,61],[-83,17],[-41,30],[-14,58],[-36,64],[-19,62],[-16,89],[134,41],[71,-5],[80,6],[71,27],[59,14],[98,49],[19,0],[34,-34],[14,-52],[30,-88],[229,77],[180,71],[93,-232],[46,-126],[8,-53],[56,-169],[100,-232],[-29,-48],[-41,-76],[-60,0],[-68,0],[-59,21],[-42,46],[-122,81],[-81,20],[-62,32]],[[39616,19129],[519,228],[325,-516],[-110,-94],[-62,-51],[-69,-52],[-76,-67],[-108,-80],[-36,-29],[-1,-31],[-1,-34],[-3,-19],[-15,-28],[-47,-30],[-35,-29],[-29,-25],[-35,-33],[-47,-42],[-34,-27],[-215,-191],[-8,14],[-1,18],[-2,39],[3,22],[-18,39],[-13,46],[-19,33],[-34,120],[264,215],[-131,58],[-92,129],[48,180],[54,197],[28,40]],[[45982,15412],[10,23],[1,28],[17,41],[6,36],[0,36],[-1,27],[7,0],[24,-76],[11,-40],[4,-63],[-42,-8],[-37,-4]],[[46071,15411],[25,9],[64,-175],[-63,-23],[-2,64],[-9,35],[-15,90]],[[42210,14602],[-58,142],[60,23],[49,-71],[19,-65],[-70,-29]],[[32790,41274],[290,-17],[-179,-59],[-71,-25],[-48,-1],[8,102]],[[36753,18870],[-20,50],[-18,53],[-37,91],[1148,489],[207,-490],[-723,-303],[-115,296],[-442,-186]],[[45832,14937],[-18,26],[-36,51],[-18,25],[-23,33],[-5,55],[31,10],[35,5],[30,-37],[18,-30],[25,-40],[34,-63],[-73,-35]],[[45942,14905],[18,-32],[22,-97]],[[45982,14776],[-26,-13],[18,-73],[-46,-35],[-87,159],[-17,37],[118,54]],[[44121,10742],[95,-45],[-59,-134],[-60,-138],[-41,19],[16,136],[49,162]],[[44118,5426],[6,11],[8,9],[15,3],[18,-14],[14,-17],[26,-14],[16,-10],[10,-36],[-3,-19],[-10,-20],[-16,-14],[-17,-14],[-45,-29],[-61,-44],[-4,-16],[-10,10],[-11,38],[7,13],[-9,4],[2,28],[11,29],[17,48],[7,26],[29,28]],[[46664,359],[-15,122]],[[46649,481],[20,2],[73,5],[38,0],[25,0],[41,-5],[26,-11],[30,-7],[19,-5],[-27,-26],[-14,2],[-7,-5],[0,-16],[-32,-1],[-3,-21],[-4,-5],[0,-9],[-13,-12],[-55,-15],[-24,10],[-15,7],[-17,5],[-17,9],[-10,-7],[0,-14],[-6,-7],[-13,4]],[[46749,15137],[-30,27],[-25,68]],[[46694,15232],[889,365],[-8,-66],[11,-40],[23,-37],[-10,-142],[-98,-14],[-81,-12],[-143,-28],[-153,-44],[-220,-33],[-155,-44]],[[44764,1702],[67,-1],[9,-41],[18,-37],[11,-53],[19,-28],[14,-30],[42,-12],[21,-30],[13,-53],[-21,-5],[-10,35],[-13,21],[-15,13],[-74,-9],[-87,38],[1,115],[5,77]],[[37920,18486],[171,74],[5,-97],[-25,-6],[0,-56],[-39,-18],[3,-44],[-40,-13],[-48,-19]],[[37947,18307],[-27,179]],[[45942,14905],[160,74]],[[46102,14979],[80,-169]],[[46182,14810],[-26,-9],[-45,0],[-79,-27],[-33,10],[-17,-8]],[[45917,15234],[45,-90],[-57,-36],[13,-46],[-40,-18],[-71,112],[35,18],[19,41],[39,39],[37,32],[-5,29],[60,76],[64,21],[7,-72],[10,-57],[-156,-49]],[[44306,14113],[-4,16],[13,20],[38,42],[33,54],[40,55],[40,40],[28,30],[31,24],[23,23],[22,32],[7,27],[1,31],[28,-2],[31,-10],[19,-25],[27,-44],[-1,-33],[-28,-14],[-37,-23],[-44,-30],[-37,-30],[-52,-32],[-32,-25],[-43,-39],[-27,-18],[-27,-28],[-18,-21],[-9,-14],[-22,-6]],[[44403,5210],[1,17],[2,10],[8,12],[16,15],[19,0],[32,-20],[23,-19],[24,1],[30,-18],[38,-16],[32,-13],[15,-17],[-2,-30],[-14,-27],[-41,-128],[-20,-23],[-17,4],[-22,12],[-20,19],[-24,51],[2,27],[18,41],[14,30],[2,13],[-39,11],[-28,2],[-27,0],[-22,0],[-1,24],[1,22]],[[44928,1694],[114,1],[14,-48],[17,-29],[43,-91],[21,-77],[-37,17],[-45,5],[-55,-20],[-22,69],[-53,7],[-22,24],[-7,48],[-1,39],[33,55]],[[48946,16907],[9,14],[22,8],[34,-19],[21,-33],[21,-17],[32,-8],[18,-17],[16,-28],[23,-21],[22,-21],[16,-34],[-12,-35],[-20,-12],[-52,-38],[-23,-14],[-30,-11],[-60,144],[-34,80],[-6,51],[3,11]],[[44415,6453],[4,10],[7,15],[9,8],[19,1],[32,-3],[46,-13],[29,-5],[27,-2],[13,-36],[-3,-46],[-11,-74],[-9,-23],[-18,-22],[-12,-8],[-23,2],[-24,9],[-12,15],[-20,5],[-18,0],[-24,19],[-14,4],[-22,6],[-17,17],[-1,23],[4,40],[18,19],[14,15],[6,24]],[[44695,6533],[10,22],[17,15],[31,4],[27,-8],[17,-13],[9,-17],[8,-23],[5,-24],[-6,-16],[1,-35],[9,-19],[13,-30],[14,-36],[9,-27],[4,-12],[3,-18],[-5,-15],[-8,-14],[-27,-6],[-33,3],[-32,5],[-43,5],[-16,3],[-6,9],[-3,50],[1,56],[0,58],[2,57],[-1,26]],[[44822,7620],[26,-16],[276,29]],[[45124,7633],[81,8],[31,-5],[18,-57],[0,-18],[-188,-18],[-239,-44],[-54,37],[18,63],[31,21]],[[46664,359],[-29,-10],[-27,15],[-11,-8],[-1,-14],[-24,-7],[-22,-7],[-31,0],[-20,-13],[-24,-14],[5,17],[-9,17],[-23,16],[-29,-43],[0,-16],[-19,-3],[-14,-9],[-14,-13],[-22,0],[-13,0],[-24,7],[-39,7],[-29,1],[2,18],[18,22],[21,17],[39,31],[60,29],[54,16],[43,15],[167,51]],[[44763,8265],[47,4],[12,-3],[20,-17],[19,-7],[14,-8],[5,-13],[22,-7],[15,9],[4,-5],[9,-9],[14,-6],[18,0],[10,-6],[0,-6],[22,-17],[13,13],[7,-10],[14,0],[22,1],[17,0],[0,-9],[-8,-9],[9,-16],[0,-9],[-15,5],[-8,0],[-13,-4],[-17,-3],[-12,-4],[-13,-4],[-8,-12],[-1,-18],[0,-8],[0,-16],[0,-13],[7,-9],[-11,-2],[-10,11],[-17,-25],[-13,-1],[-18,0],[-10,0],[-7,1],[-11,7],[-12,15],[-11,16],[-10,10],[-14,5],[-10,7],[-14,13],[-14,8],[-4,7],[-8,12],[-6,4],[-4,5],[0,11],[0,9],[-12,23],[-21,-8],[-13,5],[-12,15],[-13,-2],[-7,-10],[-2,12],[1,11],[2,13],[0,8],[2,9],[5,10],[4,6],[7,6],[5,3],[6,1],[4,2],[5,2],[18,-3]],[[47438,17389],[106,-262]],[[47544,17127],[-16,-36],[-64,-43],[-26,41],[-55,102],[-32,95],[-17,122],[64,56],[15,-25],[-11,-22],[11,-22],[25,-6]],[[44196,10929],[-36,-81],[-61,-60],[-31,37],[10,29],[25,48],[14,34],[-23,41],[14,5],[-11,211],[-41,110],[12,75],[-12,66],[49,35],[91,-550]],[[41201,16245],[-183,-181]],[[41018,16064],[-97,87],[246,251],[109,-83],[-75,-74]],[[37792,19867],[-13,31],[-139,361],[151,35],[36,-79],[8,-53],[-1,-50],[19,-20]],[[37853,20092],[-3,-84],[-38,-86],[-20,-55]],[[40252,47957],[2,28],[149,112],[76,28],[47,-42],[39,-80],[-33,-56],[-38,-85],[-38,-6],[-125,47],[-57,31],[-22,23]],[[44943,9121],[7,32],[11,-6],[7,-3],[7,0],[7,12],[8,6],[6,8],[8,7],[7,7],[10,0],[4,-5],[11,2],[9,4],[8,5],[11,3],[13,0],[10,-2],[12,30],[4,16],[25,16],[22,-40],[-5,-58],[0,-11],[-3,-13],[-8,-3],[-1,14],[-10,4],[-12,-5],[0,-6],[0,-15],[8,-10],[-13,-10],[-1,-11],[7,-17],[9,-15],[0,-21],[-6,-14],[0,-13],[9,-15],[2,-15],[7,-18],[-12,0],[-9,-2],[-5,-16],[0,-11],[15,-17],[0,-18],[0,-22],[-5,-3],[-6,0],[-10,13],[-12,3],[-5,-12],[-9,3],[-14,-20],[5,-7],[-5,-8],[-10,-1],[-16,1],[-18,3],[-10,9],[-13,15],[-2,14],[0,13],[0,14],[0,13],[0,15],[-2,11],[-6,11],[-11,10],[-15,-17],[-4,66],[10,12],[3,8],[0,12],[-4,10],[-19,11],[-1,47]],[[44306,10983],[-69,338],[100,21],[132,-350],[-24,-24],[-28,-43],[-45,-10],[-8,34],[-16,29],[-42,5]],[[46893,17029],[366,142]],[[47259,17171],[63,-163],[31,-67],[-96,-32],[-35,40],[-49,12],[-97,26],[-43,29],[-69,4],[-71,9]],[[46750,535],[62,39],[67,35],[69,4],[111,3],[190,5],[2,-47],[-21,-40],[-57,-38],[-144,-55],[-35,28],[-50,42],[-85,9],[-109,15]],[[47341,256],[-83,19],[-66,24],[-58,11],[-53,-9],[-61,8],[-14,26],[25,44],[118,-53],[73,-16],[133,-24],[222,-28],[1,-50],[21,-15],[61,-9],[7,-21],[-24,-54],[-25,-22],[-54,2],[-46,3],[-43,0],[-42,4],[-32,21],[-3,39],[-1,37],[-25,40],[-31,23]],[[41395,49579],[-25,-77],[6,-16],[-65,-60],[-31,-32],[-78,-94],[-72,-33],[-87,99],[47,80],[86,68],[109,60],[110,5]],[[44559,7242],[-2,-21],[-77,-27],[-7,-18],[-39,-14],[-9,17],[-21,0],[28,146],[36,95],[37,192],[24,54],[4,60],[-4,70],[3,58],[-40,45],[50,-5],[29,-54],[-12,-598]],[[35472,43322],[336,230],[35,-75],[8,-17],[20,-2],[10,-19],[-1,-18],[3,-15],[-19,-20],[-16,0],[-8,-6],[-3,-12],[0,-13],[-25,-10],[-13,7],[-273,-111],[-18,-8]],[[35508,43233],[-36,89]],[[47032,18955],[94,-122],[16,-34],[36,-69],[20,-50],[8,-40],[-4,-36],[-15,-28],[-37,-17],[-31,27],[-21,-5],[-9,-35],[-7,-22],[-32,-27],[-24,34],[-16,50],[9,26],[-5,31],[7,38],[-4,44],[-25,24],[-8,40],[2,41],[22,25],[24,105]],[[34099,42900],[60,-23],[-348,-615],[-26,86],[7,7],[6,8],[0,10],[7,33],[3,19],[7,18],[7,17],[38,86],[26,85],[7,18],[20,23],[8,10],[41,35],[28,25],[20,26],[22,26],[24,26],[12,16],[0,23],[17,21],[14,20]],[[40948,49133],[-3,-14],[-15,-16],[0,-23],[3,-27],[-9,-37],[-28,-49],[-52,-89],[-31,18],[-35,-20],[-27,-52],[-22,-20],[-35,-41],[-28,-37],[-37,-38],[-26,-27],[-18,-14],[-30,-26],[-6,-22],[-16,-20],[-29,-5],[-29,23],[-3,30],[12,30],[19,19],[26,24],[28,19],[34,31],[29,21],[21,25],[8,26],[24,21],[70,89],[36,59],[30,54],[3,17],[25,32],[15,17],[68,47],[21,-11],[7,-14]],[[45863,16812],[30,18],[55,45],[176,70],[157,64],[59,-108],[-43,-39],[-58,-53],[-51,-19],[-84,-30],[-75,-44],[-69,-29],[-21,38],[-37,34],[-39,53]],[[40097,47786],[-3,36],[78,94],[36,1],[31,-9],[48,-13],[42,-18],[38,-20],[44,-24],[35,-25],[9,-26],[-10,-22],[-25,-31],[-21,-24],[-16,-21],[-27,-36],[-28,-31],[-37,-34],[-26,-3],[-39,7],[-32,9],[-21,40],[-24,35],[-30,29],[-32,61],[10,25]],[[44465,4750],[2,16],[0,28],[-5,26],[-1,29],[1,19],[0,16],[12,6],[14,0],[26,-6],[16,-17],[-4,-51],[-8,-34],[3,-24],[8,-14],[10,-22],[17,-8],[15,-19],[12,-21],[25,-12],[10,-11],[-1,-12],[-16,-10],[-26,-7],[-32,4],[-22,-12],[-20,3],[-53,-19],[-31,-6],[-45,-19],[-35,-10],[-44,-13],[-50,0],[-21,16],[-8,24],[-2,37],[1,22],[3,16],[-10,23],[4,15],[20,8],[9,-1],[18,-3],[29,5],[10,5],[23,-2],[22,14],[11,11],[23,8],[18,1],[12,0],[20,-16],[14,-9],[20,7],[6,19]],[[41768,13402],[508,-276],[-52,-193],[-8,-29],[-283,126],[-46,-124],[-23,-14],[-89,31],[-121,35]],[[48345,600],[52,-3],[57,-14],[113,-28],[18,-46],[88,-50],[-51,-143],[-118,55],[-61,-274],[-47,27],[-68,15],[-40,25],[57,436]],[[45021,1048],[27,-4],[12,-15],[10,-26],[9,-23],[10,-12],[13,-7],[5,-15],[4,-5],[-16,-2],[-1,-26],[8,-14],[22,4],[9,-14],[29,-54],[28,-27],[35,-18],[30,-24],[12,-10],[2,-10],[-5,-26],[-24,-11],[-31,-8],[-20,-2],[-19,-12],[-16,-1],[-13,0],[-7,0],[-15,0],[-17,0],[-19,7],[-15,7],[-19,12],[-14,20],[0,14],[-18,-2],[-9,9],[-3,16],[-17,25],[-34,7],[-27,59],[31,114],[3,26],[-8,15],[18,10],[11,14],[13,9],[26,0]],[[38988,15929],[-123,159],[-62,117],[39,124],[-14,27],[27,43],[62,-103],[36,-36],[91,17],[126,-192],[-90,-78],[-92,-78]],[[44729,1244],[9,33],[13,24],[35,17],[31,-9],[26,-7],[37,-2],[22,-13],[12,-24],[-5,-21],[2,-28],[-1,-16],[10,-11],[14,-13],[14,-23],[25,-14],[18,-4],[5,-21],[-8,-21],[-4,-26],[-16,-19],[-27,-17],[-13,-20],[-28,-1],[-19,5],[-17,-20],[-11,-24],[-7,-18],[-11,-26],[-1,-16],[-22,13],[-10,15],[-25,8],[-22,6],[-13,7],[-18,27],[-7,66],[-7,33],[-4,28],[0,31],[5,35],[9,31],[9,35]],[[47374,18079],[-11,-1],[-67,169],[15,24],[-9,18],[8,20],[29,18],[63,20],[40,19],[43,22],[45,4],[39,-10],[22,-20],[38,-54],[17,-42],[-2,-34],[30,-36]],[[47674,18196],[-300,-117]],[[50309,16610],[-73,228]],[[50236,16838],[-14,48],[-16,67],[-35,77],[-64,155],[-27,64],[21,11],[14,15],[23,10],[21,12],[22,4],[11,-14],[10,-30],[8,-31],[17,-33],[25,-37],[3,-28],[13,-32],[10,-43],[16,-39],[14,-29],[11,-43],[23,-60],[7,-44],[21,-47],[13,-14],[9,-25],[12,-38],[-3,-14],[-14,-6],[-3,-22],[5,-20],[-12,-3],[-17,-9],[-14,-12],[1,-16],[-26,-6],[-12,4]],[[34873,43483],[41,37],[43,25],[18,11],[32,13],[30,6],[35,-61],[93,-197],[77,-193],[-14,-18],[-110,-37],[-28,5],[-217,409]],[[48353,16561],[41,-78],[50,-68],[58,-118],[-5,-50],[-125,-81],[-30,-7],[-83,37],[-83,45],[-45,30],[40,144],[52,53],[40,56],[65,37],[25,0]],[[44974,1399],[46,18],[13,6],[9,7],[39,-1],[12,-29],[15,-24],[12,-27],[4,-18],[0,-15],[0,-5],[3,-11],[5,-12],[0,-14],[-13,-14],[0,-13],[22,-2],[8,10],[13,2],[-1,-37],[15,-20],[31,-27],[3,-14],[8,-13],[36,-44],[4,5],[12,7],[28,-31],[37,-26],[48,-47],[27,-13],[23,4],[-1,-13],[1,-9],[11,0],[15,0],[10,0],[27,-13],[1,-4],[-6,2],[-8,-2],[-12,-11],[11,-11],[0,-5],[-5,-1],[-2,-17],[0,-4],[-14,17],[-9,-2],[-3,-12],[3,-22],[-1,-6],[-8,-3],[-16,0],[-6,4],[-20,31],[-9,-5],[-6,-9],[-9,-7],[-11,0],[-16,7],[-8,0],[-2,5],[-11,9],[-16,-14],[7,-7],[1,-13],[-11,-3],[-15,8],[-8,16],[-9,3],[-8,4],[-14,13],[-21,17],[-19,21],[-10,11],[-14,20],[-9,15],[-9,17],[-13,25],[-47,86],[-20,12],[-4,17],[-9,19],[-11,12],[-17,16],[1,27],[-37,68],[-17,29],[-19,9],[-12,16],[3,9],[4,8],[-2,18]],[[45750,15541],[32,33],[4,31],[34,47],[39,6],[44,-17],[35,1],[27,17],[38,10],[-10,-37],[13,-43],[-10,-41],[-5,-35],[-7,-39],[-26,-47],[-32,-56],[-14,-42],[-20,-21],[-47,-43],[-30,-23],[-89,30],[-26,51],[7,59],[26,70],[11,40],[6,49]],[[39141,17778],[39,0],[73,-1],[61,-59],[67,-55],[28,-43],[11,-44],[5,-49],[-18,-12],[-18,-30],[-15,-31],[-1,-36],[2,-40],[-2,-26],[13,-30],[-2,-75],[-76,87],[-50,87],[-40,76],[-51,93],[-39,88],[-31,58],[0,32],[15,15],[29,-5]],[[44529,7164],[39,20],[27,-15],[10,-53],[-5,-196],[-2,-319],[-71,-22],[-24,36],[-31,42],[-16,48],[9,21],[-34,47],[7,40],[5,17],[-23,145],[25,36],[-50,79],[63,39],[71,35]],[[37947,18307],[27,-184],[18,7],[22,3],[35,11],[17,-1],[-4,-30],[0,-26],[4,-21],[-1,-39],[8,-9],[23,1],[22,2],[18,-1],[2,-13],[-8,-57],[-30,-146],[-27,-104],[-27,-108],[-32,-101],[-28,-62],[-8,-54],[-4,-52],[-3,-26],[-13,-24],[-25,-33],[-22,-34],[-9,-75],[-9,-61],[-12,-84],[-38,-43],[-130,3],[-22,71],[-17,45],[-16,41],[-11,40],[13,25],[-7,26],[-23,13],[-34,8],[7,29],[-42,28],[-16,15],[-19,43],[-13,24],[-3,22],[-7,31],[11,24],[5,24],[-9,31],[1,23],[-18,30],[-6,25],[3,48],[4,23],[-13,5],[1,23],[-8,25],[-5,10],[-13,42],[-3,86],[7,29],[2,27],[-13,16],[-47,67],[-61,103],[-65,147],[7,10],[21,9],[15,9],[17,6],[23,11],[25,10],[39,15],[20,10],[25,12],[32,18],[46,18],[50,19],[37,16],[45,20],[55,22],[67,18],[52,23],[45,19],[23,6]],[[36622,19416],[29,41],[56,12],[61,37],[39,39],[-7,70],[-23,44],[-21,80],[-19,76],[-43,36],[-32,103],[914,280],[242,-646],[-1129,-473],[-20,60],[-8,60],[-14,52],[10,28],[-15,27],[-20,74]],[[38118,19690],[5,-23],[16,-111],[7,-104],[18,-128],[-5,-80],[16,-76],[-2,-64],[-80,-30],[-191,533]],[[37902,19607],[110,49],[106,34]],[[43880,15686],[40,-167],[47,-149],[42,-103],[134,53],[131,49],[44,23],[27,-81],[14,-32]],[[44359,15279],[51,-114],[-15,-32],[-38,-9],[-21,-6],[-59,-30],[-39,-27],[-36,-25],[-29,-16],[-31,-14],[-28,-7],[-47,-8],[-55,-13],[-21,-16],[-30,-14],[-43,-14],[-35,-18],[-47,-21],[-32,-13],[-4,-17],[11,-26],[29,-3],[143,79],[88,25],[33,0],[-12,-38],[-282,-149],[-11,-29],[-1,-24],[-12,-26],[-18,-19],[-20,-26],[-25,-14],[-29,-14],[-23,0]],[[43671,14601],[-28,26],[-47,38],[-24,25],[-42,33],[-30,17],[-30,9],[-37,3],[-37,-4],[-34,-4],[-35,-7],[-47,-10],[-31,-13],[-28,-11],[-15,-8]],[[43206,14695],[-33,71],[-48,63],[-38,53],[119,56],[-63,126],[-241,-81],[-25,76],[-34,-6],[-166,-66],[-92,203],[430,203],[-30,57],[-721,-291],[-33,66],[-2,32],[-46,129],[472,190],[189,102],[296,124]],[[43140,15802],[115,-359],[142,61],[483,182]],[[44694,6640],[7,100],[-12,196],[11,32],[0,38],[-9,33],[0,63],[14,48],[85,-1],[26,-46],[22,-35],[7,-83],[1,-32],[10,-48],[20,-37],[4,-43],[60,-127],[-39,-73],[-45,1],[-46,-7],[-23,-21],[-69,4],[-24,38]],[[37902,19607],[-110,260]],[[37853,20092],[108,-34],[64,-94],[35,-78],[19,-73],[33,-97],[6,-26]],[[41201,16245],[101,-87],[54,-92],[29,-76],[30,-73],[12,-48],[-52,-57],[-36,-22],[-30,-1],[-17,18],[-90,78],[-98,100],[-86,79]],[[33239,40765],[-114,-147],[-53,-14],[-52,31],[83,129],[26,54],[24,41],[33,47],[19,32],[33,39],[25,25],[39,23],[29,24],[33,30],[50,31],[33,18],[16,26],[18,16],[32,24],[52,25],[47,14],[55,-3],[28,-32],[-211,-157],[-144,-164],[-101,-112]],[[46102,14979],[146,74],[118,58],[328,121]],[[46749,15137],[-100,-58],[-90,-48],[-75,-22],[-80,-50],[-43,-8],[-53,-34],[-3,-24],[1,-50],[-49,-3],[-56,-24],[-19,-6]],[[43983,16175],[-452,-156],[-63,186],[454,172],[61,-202]],[[34389,44111],[11,-50],[36,-27],[3,-117],[-24,-61],[-477,-629],[-228,-256],[-89,-84],[-94,-89],[-113,-75],[-106,-63],[-140,7],[-207,510],[396,258],[891,609],[141,67]],[[44351,3147],[98,-246],[46,-55],[106,-206],[-36,-49],[-37,-29],[-67,8],[-40,28],[-83,138],[-15,59],[5,116],[-100,74],[-66,60],[8,38],[37,19],[144,45]],[[48498,18031],[-74,168],[153,63],[16,-46],[289,99],[114,54],[235,2],[19,-44]],[[49250,18327],[-752,-296]],[[43880,15686],[-112,351]],[[43768,16037],[269,122],[91,-233],[-32,-45],[26,-146],[79,-182],[71,-20],[241,112],[102,-245],[-256,-121]],[[43838,10737],[55,-50],[-17,-99],[-32,-10],[-6,-20],[16,-93],[39,-63],[-34,-87],[-84,-3],[-3,30],[-9,34],[-18,19],[-132,-28],[-47,92],[0,121],[-83,69],[31,26],[70,15],[180,46],[74,1]],[[46893,17029],[-132,-51],[-30,8],[-46,96],[-3,51],[-15,34],[551,198],[9,-31],[20,-54],[41,-98],[-29,-11]],[[50309,16610],[5,-19],[10,-20],[6,-17],[-6,-22],[2,-34],[-4,-17],[-26,1],[-17,-7],[-20,-17],[-32,-15],[-26,12],[-18,-7],[-19,-22],[-26,2],[-18,-13],[-31,-17],[-23,-18],[-24,-19],[-16,-16],[-19,43],[-16,29],[-27,53],[-21,35],[-23,48],[-14,42],[-19,30],[-20,28],[-7,30],[7,0],[27,12],[31,11],[32,16],[63,26],[63,27],[66,27],[64,27],[23,9]],[[44822,7620],[-40,24],[-15,38],[-6,43],[-3,44],[16,78],[-54,41],[25,73],[2,48],[-27,29],[-16,24],[33,17],[14,36],[26,-28],[17,-19],[89,-55],[62,-61],[50,-62],[96,18],[67,-3],[-16,-26],[-7,-26],[20,-42],[24,-48],[-11,-23],[24,-50],[-28,-1],[-40,-56]],[[34120,44531],[132,-188],[31,-56],[1,-40],[-149,-131],[-58,-59],[-126,-91],[-29,-19],[-350,-224],[-37,-14],[-28,8],[-20,36],[-9,38],[14,44],[128,161],[4,44],[84,87],[219,218],[92,113],[101,73]],[[42589,13682],[-93,42],[-68,52],[-68,114],[-54,158],[77,38],[22,48],[-31,85],[-70,79],[-42,97],[-55,188],[80,31],[37,-131],[222,-304],[68,-144],[40,24],[61,-116],[225,87],[99,45],[89,77],[121,-122],[-105,-93],[-99,-10],[-138,-77],[-139,-114],[-93,-44],[-86,-10]],[[42881,14119],[-39,-29],[-18,23],[-157,-42],[2,54],[-74,54],[-202,277],[142,54],[151,-75],[88,-6],[129,-92],[126,-88],[13,-89],[-38,-25],[-50,-11],[-34,38],[-53,60],[-46,35],[-4,-57],[30,-38],[34,-43]],[[47755,780],[15,-65],[-31,-47],[-3,-52],[6,-40],[-16,-55],[7,-78],[-12,-81],[-10,-42],[-24,-34],[-103,24],[14,69],[-85,26],[-48,-53],[-83,-4],[-74,2],[-93,13],[-72,17],[-10,26],[46,22],[47,13],[30,52],[34,16],[31,36],[116,68],[22,24],[74,3],[47,20],[57,17],[40,19],[33,39],[45,45]],[[44871,9577],[11,-13],[11,1],[16,6],[4,-8],[12,-3],[3,-4],[13,0],[14,2],[7,-13],[12,-11],[16,2],[10,-1],[22,-1],[7,0],[21,0],[9,0],[17,-13],[17,-8],[15,-6],[12,0],[18,-7],[9,-1],[0,-13],[2,-3],[21,8],[5,8],[9,-17],[2,-12],[0,-23],[5,-19],[1,-16],[-1,-19],[0,-14],[-1,-7],[-9,12],[-8,0],[-6,-9],[-1,-9],[-1,-11],[-21,2],[-4,-7],[-5,-9],[0,-26],[-3,-2],[-18,2],[-6,-5],[0,-18],[0,-17],[6,-10],[0,-8],[1,-4],[-15,-2],[-16,0],[-4,8],[-14,9],[-5,-9],[1,-13],[-8,-3],[-11,-15],[-7,0],[-5,15],[-1,12],[-17,-6],[7,-7],[3,-6],[-37,-4],[-5,14],[-14,0],[-4,-5],[-7,2],[-3,-23],[-11,-2],[-5,10],[-21,-4],[-4,-10],[-9,-3],[-9,12],[-16,-1],[-4,-11],[-10,-2],[-17,1],[-31,0],[-11,-5],[1,-9],[-20,-8],[-9,-1],[-18,-1],[-28,-12],[-3,-20],[-16,9],[-14,14],[-13,17],[-3,22],[0,15],[-11,22],[0,7],[13,2],[20,1],[9,12],[-10,29],[18,21],[5,19],[-9,15],[-6,17],[2,28],[-1,24],[-4,23],[-8,19],[3,14],[12,7],[0,13],[0,14],[-13,7],[-13,3],[-8,10],[-2,10],[3,14],[9,10],[7,0],[8,0],[5,-1],[9,-4],[7,8],[6,12],[11,-3],[3,-17],[10,1],[12,2],[7,10],[14,1],[6,-9],[19,0],[14,0],[16,0],[26,5]],[[45756,813],[16,11],[23,1],[21,0],[29,-29],[18,-7],[12,-17],[14,-2],[14,0],[8,-3],[22,-13],[12,-12],[19,-15],[25,1],[14,4],[31,8],[25,-66],[79,-40],[20,35],[27,12],[17,-15],[26,-17],[28,0],[26,-20],[14,7],[22,-17],[13,-22],[16,0],[8,22],[34,5],[31,-10],[15,-4],[34,-36],[12,12],[34,-31],[31,-16],[37,-15],[27,0],[28,-9],[-4,-16],[-71,-18],[-191,-64],[-67,-34],[-58,-26],[-63,-46],[-24,15],[-15,13],[-19,21],[-8,17],[-10,10],[-5,17],[4,16],[18,10],[11,20],[13,25],[19,17],[-2,49],[-25,24],[-26,-6],[-56,-40],[-17,-20],[-15,-13],[3,-24],[-6,-12],[-12,-10],[-15,-5],[-15,-9],[-23,6],[-71,178],[-32,69],[-35,57],[-25,15],[-23,35],[-17,27]],[[45419,16620],[60,-135],[8,-52],[23,-57],[106,-271],[43,-143],[-72,-63],[-38,-27],[-43,-28],[-37,16],[0,35],[-19,34],[-65,163],[-35,63],[0,53],[-30,85],[-28,28],[-1,36],[-18,72],[-15,27],[-17,53],[-16,25],[-17,26],[47,50],[55,0],[43,18],[40,8],[26,-16]],[[45426,16838],[-97,87],[163,161],[37,50],[72,53],[95,80],[3,22],[36,59],[110,76],[79,-124],[-2,-20],[-58,-53],[2,-66],[5,-53],[-12,-51],[-53,-67],[-128,-120],[-69,-30],[-58,3],[-75,-8],[-50,1]],[[43894,9450],[112,-106],[118,-72],[4,-27],[119,-95],[61,-40],[72,-69],[1,-52],[-15,-52],[17,-177],[-26,-101],[-49,-20],[-22,-28],[-52,-41],[-29,-8],[-8,43],[1,37],[28,56],[10,77],[-18,80],[-40,87],[-15,28],[-36,20],[-61,-4],[-35,1],[-31,59],[-31,27],[-48,31],[-1,178],[-25,51],[5,48],[-6,69]],[[47087,17782],[17,25],[39,21],[38,2],[31,-33],[-4,-33],[-19,-44],[15,-54],[26,-91],[24,-106],[-725,-286],[-14,15],[14,35],[45,27],[17,50],[31,41],[110,35],[103,41],[43,25],[55,18],[8,32],[15,25],[-10,55],[-30,-22],[-12,-46],[-13,-30],[-71,-21],[-59,-15],[-33,1],[-12,42],[111,94],[82,48],[46,25],[36,45],[46,28],[44,18],[6,33]],[[48432,16616],[19,17],[29,16],[38,26],[78,53],[154,96],[85,52],[53,34],[9,5],[13,0],[10,-10],[10,-27],[6,-25],[21,-55],[18,-55],[11,-40],[13,-33],[6,-39],[-14,-26],[-63,-50],[-75,-51],[-47,-33],[-37,-4],[-8,-23],[-219,-137],[-22,39],[-11,42],[-20,48],[-21,31],[-3,67],[-12,26],[-34,34],[13,22]],[[40023,16371],[89,-53],[53,-6],[45,-25],[37,-10],[-12,-14]],[[40235,16263],[-248,-289],[-233,-240]],[[39754,15734],[-83,-93],[-40,-31],[-35,-10],[-23,-2],[-27,13],[-35,30],[-25,20],[-27,26],[-5,12],[0,21],[0,17],[15,20]],[[39469,15757],[554,614]],[[44391,3216],[-233,-67],[-72,353],[42,78],[-30,88],[-69,61],[15,97],[-28,172],[-34,193],[2,90],[124,24],[64,-250],[42,-193],[50,-193],[32,-159],[45,-52],[16,-110],[34,-132]],[[40798,14320],[231,-33],[-15,-66],[-8,-41],[36,-117],[14,-349],[2,-93],[-3,-110],[-12,-73],[-45,-1],[-199,23],[-95,18],[39,101],[39,374],[-23,144],[-6,60],[-7,66],[6,52],[46,45]],[[35717,44995],[65,-111],[103,64],[235,-347],[-100,-62],[-7,-35],[-743,-499],[-123,-79],[-428,-155],[-37,-6],[-61,49],[-32,166],[13,161],[35,104],[23,51],[51,45],[103,74],[903,580]],[[43235,14647],[46,22],[35,19],[64,19],[41,-1],[47,-12],[54,-37],[43,-39],[44,-33],[29,-19]],[[43638,14566],[-11,-21],[-55,-57],[-89,-128],[-82,-139],[-39,-72],[-27,-2],[-172,112],[-44,34],[-73,53],[-70,52],[-45,36],[-24,20],[-17,13],[-16,10],[48,19],[34,14],[41,12],[42,15],[32,-1],[18,-3],[44,24],[22,24],[5,16],[47,25],[28,25]],[[43243,14306],[-23,32],[-35,-34],[24,-30],[34,32]],[[44686,8992],[15,1],[20,14],[22,4],[9,5],[18,-1],[33,-19],[9,-6],[5,-2],[5,-4],[7,-1],[12,0],[13,-3],[23,0],[9,4],[17,4],[11,-7],[46,-58],[4,-14],[2,-13],[0,-9],[0,-5],[0,-7],[25,-26],[9,-8],[14,-1],[26,-9],[16,1],[3,-40],[4,-21],[9,-13],[3,-3],[5,-19],[15,8],[22,-9],[1,-19],[6,-17],[7,-9],[0,-29],[-9,3],[-5,-9],[1,-13],[8,-1],[5,-11],[7,-6],[2,-13],[10,-5],[0,-8],[-17,1],[-1,-11],[-3,-7],[-1,-32],[41,-49],[24,-33],[29,-27],[13,-17],[24,14],[17,-6],[-5,-12],[5,-16],[0,-6],[6,-14],[-1,-11],[-8,-13],[-9,-8],[-14,-3],[-11,-4],[-18,1],[-23,-4],[-7,-5],[-10,11],[-15,-11],[-8,-2],[-9,7],[-34,5],[-13,-4],[-27,-4],[-15,-1],[-16,11],[-1,-19],[13,-2],[0,-13],[-12,-1],[-50,-8],[-19,-3],[-18,24],[-12,9],[-12,11],[-1,17],[-3,15],[-12,11],[-10,14],[-12,15],[-9,16],[-1,24],[3,17],[0,10],[0,10],[0,11],[-9,11],[-9,5],[-12,50],[12,15],[-4,17],[-13,4],[-12,0],[-9,0],[-8,9],[-3,8],[-19,-9],[-4,6],[-7,12],[5,11],[4,8],[-1,5],[-16,4],[0,2],[-4,6],[0,4],[6,8],[5,6],[5,5],[-5,25],[16,5],[6,13],[0,14],[11,6],[10,3],[12,-8],[14,0],[10,0],[35,3],[10,29],[0,6],[-3,3],[-7,8],[-7,8],[-5,5],[-2,8],[-7,3],[-7,2],[-14,0],[-6,7],[-14,0],[-12,0],[-9,0],[-8,0],[-5,-5],[-4,0],[-6,4],[0,7],[-4,8],[-15,0],[-9,0],[-8,4],[-5,1],[-12,2],[-12,2],[-8,0],[-13,2],[-16,29],[-8,16],[0,2],[1,4],[3,4],[2,14],[0,13],[-8,9],[-18,-10],[-2,-4],[-2,16],[0,10],[4,12],[6,7],[12,12]],[[44759,14864],[10,-17],[191,27],[36,-7],[10,-21],[-3,-23],[-33,-30],[-51,-28],[-75,-21],[-29,-48],[8,-9],[21,5],[12,18],[8,14],[25,13],[29,11],[41,16],[27,12],[36,35],[47,35],[23,22],[46,28],[42,26],[58,40],[24,11],[44,21],[45,22],[30,4],[33,6],[58,-1],[46,-5],[33,1],[55,14],[29,15],[22,19],[18,2],[26,-25],[18,-30],[23,-50],[16,-30],[-3,-26],[-16,-24],[-44,-26],[-134,-56],[-162,-70],[-191,-85],[-140,-71],[-77,-34],[-201,-85],[-14,5],[-7,14],[-4,11],[-8,22],[-13,27],[-18,34],[-14,36],[-8,24],[-16,39],[-11,10],[-22,31],[1,8],[9,17],[-6,19],[-18,16],[-10,17],[-13,22],[18,14],[15,21],[13,6],[25,5],[27,11],[23,5],[20,-9]],[[44031,14323],[14,23],[19,18],[25,25],[42,36],[43,34],[39,38],[31,29],[26,30],[36,42],[42,29],[36,33],[28,23],[38,29],[25,12],[9,4],[27,-15],[26,-26],[34,-35],[12,-54],[-19,-61],[-44,-50],[-38,-43],[-40,-39],[-30,-61],[-40,-41],[-59,-80],[-83,-108],[-36,-52],[-28,-42],[-18,-44],[-19,-34],[-42,-35],[-58,46],[-9,20],[18,45],[7,56],[8,51],[2,56],[-3,56],[-14,25],[-9,27],[-14,15],[16,18]],[[50826,17616],[359,141]],[[51185,17757],[178,-461]],[[48607,17164],[69,41],[74,-79],[25,-79],[-356,-354],[-198,-102],[-31,47],[10,93],[151,135],[256,298]],[[44017,9532],[-49,115],[-31,100],[-33,163],[11,134],[41,146],[28,84],[55,146],[63,-31],[3,-80],[14,-64],[-2,-16],[9,-26],[27,-25],[1,-39],[-15,-29],[7,-68],[12,-47],[30,-29],[8,-43],[-9,-25],[17,-38],[6,-55],[-1,-37],[-22,-24],[4,-101],[52,-36],[-40,-38],[-22,-24],[18,-47],[-10,-15],[12,-57],[-34,-53],[-25,-6],[-12,32],[-34,11],[-54,73],[-25,49]],[[45498,16668],[58,3],[37,18],[27,35],[54,33],[61,29],[39,11],[39,-9],[26,-11],[31,-41],[34,-43],[39,-68],[18,-53],[-28,-37],[-31,-42],[-7,-37],[-22,-40],[-22,-31],[-17,-65],[-15,-55],[-19,-59],[-5,-44],[-20,-32],[4,-38],[-28,-42],[-29,-38],[-73,93],[-18,76],[-89,242],[-22,53],[-23,39],[-2,34],[-25,30],[-6,52],[4,39],[30,-2]],[[43778,11530],[23,-46],[18,-6],[90,-245],[92,-277],[-348,-39],[-57,62],[-3,65],[-39,90],[-54,52],[-5,56],[4,160],[119,113],[61,24],[99,-9]],[[47003,18408],[12,-66],[0,-69],[-5,-72],[-4,-77],[-8,-29],[-6,-109],[-13,-31],[39,-119],[22,-37],[-18,-45],[-336,-202],[-184,337],[-65,40],[-23,-12],[-30,58],[111,99],[67,24],[55,-4],[70,58],[78,58],[70,57],[6,83],[162,58]],[[47884,770],[100,-114],[42,-26],[64,15],[17,-14],[4,-54],[16,-36],[65,30],[72,31],[16,-33],[-30,-12],[-4,-33],[9,-53],[-18,-187],[-16,-80],[-34,-38],[-79,8],[-118,8],[-111,26],[-81,26],[-26,35],[-1,46],[21,56],[8,31],[-25,29],[-6,60],[-2,55],[8,41],[19,40],[2,27],[2,60],[6,46],[15,28],[41,-4],[24,-14]],[[38197,16637],[639,-94]],[[38836,16543],[-12,-16],[-62,-360],[0,-26],[-5,-28],[-2,-24],[-5,-18],[-22,-10],[-24,11],[-75,33],[-97,47],[-118,58],[-12,27],[-46,42],[-20,22],[-54,84],[-50,77],[-25,79],[-10,96]],[[37890,18516],[-424,-174],[-142,399],[616,259],[43,-80],[-128,-55],[12,-57],[-8,-24],[82,-193],[-59,-38],[8,-37]],[[45488,600],[14,0],[17,7],[222,67],[37,-45],[22,-29],[15,-26],[22,-26],[17,-21],[9,-21],[59,-141],[42,-136],[36,-106],[-19,1],[-12,-18],[-5,-19],[-12,-22],[-20,-17],[-21,-4],[-54,6],[-26,-21],[-43,-8],[-11,-9],[-31,-12],[-29,0],[-15,10],[-19,14],[-32,21],[-14,4],[-17,3],[-12,0],[-5,9],[-2,5],[-3,10],[7,28],[0,22],[-15,28],[-7,17],[-10,19],[-11,3],[-8,6],[-2,5],[-15,0],[-15,2],[-17,19],[8,6],[10,42],[2,12],[7,14],[-3,7],[-12,5],[-7,8],[5,14],[-8,9],[-12,17],[-12,16],[-10,8],[0,11],[-2,17],[-17,15],[-10,9],[-4,28],[4,8],[22,19],[15,35],[7,75]],[[51062,18099],[115,-303],[-701,-234],[-184,-79],[-37,32],[-26,173],[74,125],[103,21],[132,33],[124,70]],[[50662,17937],[400,162]],[[46401,15910],[85,-207],[89,-192],[90,-224]],[[46665,15287],[-386,-158],[-34,64],[-45,-14],[-94,262],[-28,-5],[-1,17],[-14,81],[-23,59],[1,58],[42,32],[63,43],[132,98],[103,75],[20,11]],[[34197,42887],[194,-175],[137,-109],[51,-43],[30,-41],[51,-62],[-51,-138],[5,-108],[-54,-68],[-387,-60],[-130,77],[-13,20],[-60,57],[-123,30],[350,620]],[[49839,16681],[-30,-12],[-28,4],[-23,-19],[-27,-25],[-29,-13],[-16,-25],[-17,-16],[-16,-15],[-18,-11],[-25,4],[-19,15],[-19,26],[-17,14],[-20,0],[-24,-3],[-30,3],[-41,7],[-17,16],[-23,14],[-17,6],[-19,7],[-16,15],[-14,21],[-7,21],[-1,24],[174,120],[114,84],[89,57],[57,43],[93,64],[69,48],[55,40],[41,28],[34,24],[24,-32],[21,-49],[30,-55],[28,-68],[26,-59],[20,-46],[25,-98],[-387,-159]],[[49250,18327],[122,-284],[-233,-221],[-234,-160],[-208,-67],[-135,298],[105,56],[-20,52],[-56,-19],[-19,25],[-57,-14],[-17,38]],[[50662,17937],[-367,-95],[-17,25],[-99,-8],[-24,54],[-91,-10],[-111,-29],[-79,28],[9,91],[41,115],[61,135],[282,87],[37,-44],[235,69],[151,-84],[49,-84],[41,-8],[21,-57],[119,-19],[142,-4]],[[39244,46446],[-141,-119],[-26,5],[-26,34],[35,61],[96,165],[97,131],[66,69],[33,96],[31,61],[20,35],[28,13],[29,51],[47,64],[94,118],[38,51],[40,44],[44,52],[17,23],[40,12],[17,35],[21,12],[54,67],[50,57],[60,71],[7,-4],[20,-23],[131,-155],[24,-27],[16,-32],[3,-34],[-9,-21],[-39,-39],[-24,-27],[-276,-240],[-20,-6],[-28,-34],[-16,-27],[-19,-38],[-45,-61],[-58,-38],[-25,-17],[-192,-185],[-214,-200]],[[37256,18216],[45,-115],[53,-115],[83,-119],[10,-127],[-60,-25],[-54,-6],[-70,-50],[-99,-12],[-56,-36],[-115,-52],[31,-106],[-1,-50],[-20,-52],[-31,-19],[-41,96],[-72,73],[-58,32],[-70,102],[-131,328],[656,253]],[[43235,14647],[-12,2],[-11,14],[-7,18],[1,14]],[[43671,14601],[-4,-18],[-12,-11],[-17,-6]],[[43140,15802],[201,85],[66,-252],[212,88],[-28,122],[157,78],[-38,87],[58,27]],[[39469,15757],[-68,-22],[-12,20],[-23,18],[-27,-3],[-13,-7],[-42,20],[-38,3],[-32,2],[-43,0],[-37,8],[-23,20],[-30,31],[-2,25],[0,31],[0,48],[10,27],[286,268],[338,374],[10,-3],[300,-203],[0,-43]],[[46401,15910],[301,177],[49,14],[63,-72],[53,-32],[89,-52],[65,-44],[116,-38],[13,-107],[13,-56],[21,-83],[46,-100],[-565,-230]],[[40235,16263],[99,-53],[108,-48],[50,-45],[75,-45],[62,-28],[36,-27],[16,-50],[-12,-47],[-48,-37],[-60,-34],[-90,-116],[-127,-136],[-131,-139],[-21,-14],[-19,18],[-19,35],[-38,8],[-37,-10],[-21,-11],[-21,-24],[-26,-35],[-57,-17],[-14,49],[-19,78],[-15,71],[-43,61],[-59,38],[-50,29]],[[48999,17226],[10,18],[13,10],[22,4],[31,-1],[38,-2],[38,1],[32,2],[29,-5],[34,7],[13,10],[25,3],[23,-9],[21,9],[29,16],[-1,12],[26,24],[19,17],[26,24],[27,39],[10,24],[18,29],[18,21],[25,14],[14,12],[9,27],[17,20],[27,18],[29,24],[31,12],[11,10],[3,18],[11,31],[16,29],[13,14],[22,14],[9,12],[20,4],[28,-9],[17,-18],[24,-44],[29,-49],[21,-24],[23,-34],[40,-47],[39,-77],[21,-39],[25,-40],[9,-40],[-3,-14],[-32,-24],[-219,-159],[-344,-236],[-196,-141],[-232,452],[-8,31]],[[36924,23292],[46,-14],[35,-1],[36,-21],[153,-131],[83,-62],[26,-28],[146,-118],[124,-126],[47,-46],[20,-7],[34,-84],[51,-82],[-5,-31],[-21,-102],[-30,-52],[-53,-51],[-79,-82],[-20,-30],[-79,-39],[-30,-25],[-34,-25],[-26,-32],[-26,-15],[-17,2],[-14,24],[-56,57],[-25,11],[0,58],[33,43],[-18,182],[-12,45],[-27,61],[-185,339],[-69,113],[-27,103],[19,166]],[[34316,41103],[41,-18],[47,-17],[46,-21],[38,-20],[47,-42],[18,-27],[49,-43],[-7,-101],[-119,-210],[-141,-189],[-112,-30],[-121,9],[-15,-16],[-28,-15],[-48,-14],[-50,-1],[-50,-24],[-46,0],[-71,57],[-23,16],[-25,17],[-30,7],[-30,14],[-33,11],[-89,1],[-3,41],[40,34],[43,51],[47,60],[46,53],[70,66],[54,66],[72,67],[70,53],[49,43],[53,40],[14,12],[22,16],[19,16],[22,-1],[23,-3],[21,13],[15,13],[13,10],[20,-5],[20,5],[22,6]],[[34170,40562],[-22,24],[-20,-21],[20,-27],[22,24]],[[34305,43113],[26,42],[200,153],[74,60],[88,58],[28,25],[24,9],[19,20],[25,13],[31,-24],[270,-477],[92,-150],[62,-82],[-350,-329],[-10,33],[-53,41],[-75,22],[-99,70],[-53,37],[-17,11],[-132,105],[-13,8],[14,26],[-31,26],[118,106],[-165,176],[-73,21]],[[47674,18196],[35,-31],[259,105],[12,-38],[37,-45],[44,12],[51,14],[32,-15],[42,28],[28,-3],[67,21],[47,23],[45,4],[125,-312],[-44,-11],[-728,-310],[-62,142],[-332,-145],[-26,23],[-19,29],[-42,171],[-20,34],[-7,85],[-34,120],[3,49],[-7,41],[2,44],[45,18],[35,4],[17,-9],[96,-241],[16,-6],[3,14],[4,14],[-24,54]],[[47438,17389],[13,17],[-30,68],[565,220],[549,197],[119,-321],[-153,-123],[-146,-91],[-73,-81],[-107,-48],[-59,-20],[-107,-33],[-45,26],[-298,-123],[-83,-44],[-39,94]],[[36631,18026],[5,192],[-55,143],[-20,81],[9,77],[46,51],[60,29],[86,16],[12,52],[-31,121],[15,72],[433,188],[260,-720],[-744,-292],[-76,-10]],[[41239,48721],[99,116],[139,147],[115,107],[56,61],[24,-11],[20,-21],[18,-27],[27,-41],[27,-51],[47,-76],[18,-43],[26,-23],[6,-18],[-13,-26],[-21,-12],[-28,-19],[-28,-20],[-15,-29],[-4,-9],[-61,-12],[-55,-44],[-44,-41],[-73,-82],[-130,-99],[-41,17],[-109,256]],[[40940,47089],[-16,-33],[-2,-23],[-36,-56],[-6,-37],[-76,-187],[-32,-95],[-128,-175],[-13,-63],[-30,-126],[4,-36],[-42,-83],[-15,-19],[-13,-23],[-11,-34],[-4,-33],[-124,-144],[-98,-101],[-37,-188],[-74,-59],[-4,-198],[-64,-125],[-121,59],[-88,45],[-29,23],[-34,21],[-36,8],[-25,32],[-16,25],[-36,40],[-20,12],[-8,15],[1,16],[274,375],[148,180],[159,221],[161,219],[167,224],[64,79],[77,92],[73,89],[58,73],[35,34],[16,-4],[10,-20],[-9,-20]],[[35508,43233],[-188,-91],[-45,44],[-53,67],[-12,86],[182,87],[68,-112],[12,8]],[[33292,34199],[56,113],[134,201],[4,65],[27,18],[51,-9],[-19,116],[6,105],[4,95],[38,27],[92,4],[50,-27],[52,4],[82,60],[-10,40],[-107,-25],[-2,86],[-33,44],[17,106],[95,63],[5,23],[-72,5],[19,61],[86,23],[81,35],[166,46],[121,84],[149,36],[0,-154],[-17,-88],[-131,-222],[-55,-21],[-70,-42],[-54,-177],[10,-121],[-37,-62],[-81,-83],[-133,-59],[-28,-27],[-164,-208],[-82,-47],[-73,-104],[-26,-5],[-10,-33],[-65,-37],[-45,-55],[-104,-101],[-42,-5],[-47,42],[18,51],[19,26],[125,133]],[[35232,44780],[-209,-117],[-14,26],[-13,50],[-140,192],[-2,108],[44,35],[135,149],[24,73],[399,245],[234,107],[57,-31],[60,-31],[49,-26],[54,-31],[138,-217],[-816,-532]],[[43505,16009],[-811,-315],[-158,-71],[-46,12],[-51,58],[31,42],[207,72],[762,346],[66,-144]],[[42039,48944],[-136,155],[-30,107],[-113,85],[-103,85],[-1,62],[102,84],[116,218],[107,152],[72,60],[34,-2],[79,-66],[58,-52],[40,-78],[34,-39],[66,-22],[98,0],[72,-4],[54,-27],[153,-168],[0,-49],[19,-35],[-306,-172],[-118,-86],[-297,-208]],[[41729,14360],[102,-135],[41,-321],[-39,-272],[131,-182],[92,-128],[-4,-41],[-452,246],[-34,99],[-57,24],[-142,55],[-70,284],[2,122],[40,152],[54,64],[90,-38],[28,173],[68,-27],[150,-75]],[[38197,16637],[-4,38],[67,148],[22,105],[29,93],[63,174],[60,139],[100,195],[53,110],[27,-1],[25,-12],[25,-10],[23,-6],[35,-7],[27,-13],[25,0],[28,-10],[35,-23],[17,-28],[25,-28],[25,-33],[15,-23],[0,-25],[20,-25],[5,-18],[7,-35],[3,-15],[0,-23],[17,-28],[10,-15],[0,-21],[0,-20],[0,-17],[0,-11],[5,-25],[12,-23],[5,-7],[-2,-26],[-15,-20],[-3,-23],[0,-15],[0,-12],[0,-21],[0,-27],[0,-26],[-8,-5],[-12,-7],[-8,-18],[-22,0],[-5,-18],[-14,-46],[-4,-57],[-10,8],[-2,-13],[-6,-44],[-2,-19],[0,-18],[0,-17],[0,-22],[-14,-52],[-15,-95],[-25,-1]],[[41633,49158],[-67,-67],[-197,-196],[-119,-139],[1,46],[16,45],[95,207],[55,112],[40,58],[48,-8],[128,-58]],[[27571,29716],[167,-70],[-55,-136],[-24,-6],[-14,0],[-80,38],[-6,12],[2,17],[16,53],[-36,20],[30,72]],[[29662,27741],[106,-41],[119,-35],[-118,-277],[-138,43],[-76,18]],[[29555,27449],[107,292]],[[27270,28185],[41,-67],[-127,-223],[-33,-6],[-174,87],[146,279]],[[27123,28255],[147,-70]],[[56577,20738],[256,105]],[[56833,20843],[79,-125],[30,-56],[-140,-91],[-112,-104],[-39,142],[-74,129]],[[54422,20652],[-5,-50],[-9,-38],[-35,-36],[-43,-40],[-75,-50],[-52,58],[-18,25],[-97,14],[-23,19],[-1,61],[27,23],[45,26],[53,28],[18,28],[51,39],[25,12],[41,-2],[37,10],[58,10],[0,-51],[-15,-15],[-4,-38],[22,-33]],[[28009,33701],[117,-62],[-120,-279],[65,-27],[-5,-10],[-6,-15],[-6,-28],[-7,-24],[-14,-12],[-19,7],[-17,-4],[-14,-19],[-18,-10],[-10,-19],[-18,-4],[-4,-15],[-17,-15],[-22,-7],[-38,12],[-15,16],[-16,33],[8,40],[7,32],[8,30],[16,27],[52,62],[-2,78],[8,26],[8,23],[21,24],[19,34],[8,14],[10,36],[11,28],[10,28]],[[30253,41806],[47,228],[268,-49],[139,-23],[-156,-165],[-47,6],[-154,8],[-97,-5]],[[57419,20663],[-35,-28],[-44,38],[-132,-48],[-111,-47],[-161,-82],[-75,-48],[-47,-30],[-62,-31],[-18,16],[90,93],[107,83],[79,59],[130,81],[211,104],[68,-160]],[[70436,73931],[171,-19],[18,-14],[99,-274],[71,-143],[0,-40],[-13,-17],[-33,4],[-22,6],[6,40],[-21,12],[-21,0],[-80,87],[-30,56],[-34,47],[-26,41],[-22,10],[-29,67],[-34,48],[-16,52],[1,21],[15,16]],[[28872,26373],[-18,54],[-31,35],[19,106],[29,54],[271,-140],[-20,-21],[-250,-88]],[[30759,28592],[-5,-40],[-16,-25],[-21,-26],[-28,-14],[-36,-8],[-264,239],[34,69],[336,-195]],[[30962,31921],[-51,3],[-155,133],[-55,66],[-42,62],[-11,29],[13,17],[128,-69],[231,-164]],[[54572,20669],[36,-44],[55,13],[67,35],[52,-78],[-32,-21],[0,-28],[-43,-45],[-46,-30],[-54,-23],[-40,-31],[-51,2],[-10,46],[-1,57],[-22,63],[3,33],[26,24],[60,27]],[[28411,45172],[-22,42],[-7,54],[2,25],[5,26],[92,-152],[42,-42],[60,-87],[30,-51],[-7,-31],[-47,-26],[-77,-4],[-33,3],[-52,23],[-5,38],[-2,106],[21,76]],[[29168,43243],[45,63],[9,39],[6,30],[16,14],[22,7],[31,25],[24,14],[21,8],[22,20],[13,21],[17,17],[23,17],[17,27],[13,21],[22,20],[20,6],[18,-17],[-1,-24],[-22,-40],[-19,-41],[-38,-70],[-60,-102],[-65,-53],[-68,-46],[-20,7],[-46,37]],[[54083,19208],[246,-3],[54,8],[41,-72],[-16,-19],[-227,-125],[-98,211]],[[31008,28335],[58,192]],[[31066,28527],[33,107],[50,-48],[89,-331],[-176,58],[-54,22]],[[27512,36183],[18,3],[4,4],[31,-11],[-1,-17],[4,-7],[13,-12],[9,-5],[14,-3],[13,-2],[12,-2],[14,-5],[7,-9],[-5,-10],[11,-55],[-7,-17],[-3,-6],[7,-44],[10,-9],[7,0],[-36,-79],[-19,-5],[-13,-6],[-14,-1],[-21,0],[-10,0],[-24,0],[-71,46],[-36,11],[28,72],[58,169]],[[59744,22984],[-20,163],[-32,89],[-99,-35],[-93,-180],[-120,-86],[-207,32],[133,144],[304,284],[154,30],[141,45],[122,16],[216,53],[198,62],[109,12],[64,-24],[67,-59],[47,-46],[56,-140],[-131,-71],[-305,-88],[-604,-201]],[[4313,14565],[567,54],[92,4],[2,19],[58,9],[-23,-37],[21,-38],[11,-652],[-641,-79],[-83,603],[-4,117]],[[28033,35796],[10,119],[183,436],[43,100],[40,44],[51,-24],[188,-88],[169,-61],[67,-73],[-8,-133],[14,-57],[-10,-71],[-185,-396],[-79,-12],[-196,82]],[[28093,48182],[146,11],[-3,-63],[-7,-45],[-32,-37],[9,-63],[26,-28],[-10,-365],[2,-162],[-11,-42],[-23,-2],[-28,-8],[-54,-3],[-100,26],[-23,16],[-133,23],[-81,14],[-100,20],[-92,8],[-34,0],[-2,24],[3,25],[5,109],[-19,93],[-55,148],[27,35],[35,16],[10,66],[20,35],[234,41],[139,40],[109,2],[42,66]],[[55365,21784],[92,-280]],[[55457,21504],[-78,-209],[2,-43],[0,-13],[-2,-18],[-2,-28],[6,-37],[24,-20],[8,-48],[-28,22],[-71,-46],[-7,-28],[-60,-54],[-39,-20],[-24,-2],[-15,9],[-405,1085],[3,28],[15,30],[121,47],[109,35],[69,-1],[115,-7],[4,-13],[15,-24],[5,-24],[17,-18],[13,-7],[0,-15],[6,-19],[9,-27],[6,-30],[22,-16],[-9,-26],[-4,-8],[12,-20],[7,-15],[11,-29],[13,-15],[-3,-26],[22,-33],[8,-15],[13,-22]],[[70118,74384],[-17,-14],[-28,-2],[-19,7],[-11,26],[-21,15],[-17,0],[-22,24],[-25,18],[-20,13],[-12,30],[-8,37],[-16,23],[-29,41],[-12,20],[-34,41],[-25,36],[-10,29],[19,10],[8,8],[-7,31],[-10,28],[-10,41],[-17,31],[-17,25],[-16,31],[-23,29],[-9,31],[-17,15],[-39,91],[-73,153],[-48,101],[-35,96],[-39,84],[-33,63],[-60,84],[-81,105],[-33,57],[-4,16],[16,20],[21,7],[27,-2],[21,-5],[22,11],[31,0],[39,-5],[56,-8],[60,-10],[47,0],[57,6],[24,-20],[4,-33],[-2,-58],[-1,-55],[6,-39],[14,-41],[33,-50],[8,-25],[24,-42],[13,-22],[42,-43],[23,-25],[76,-178],[25,-23],[29,-96],[22,-31],[17,-27],[22,-32],[16,-37],[7,-40],[5,-29],[18,-16],[-5,-14],[2,-35],[10,-38],[-3,-41],[36,-56],[40,-38],[31,-17],[27,-49],[28,-49]],[[36099,22044],[-54,108],[2,13],[29,9],[28,11],[29,13],[28,21],[24,19],[32,23],[20,12],[1,13],[8,27],[-5,22],[-8,29],[-3,27],[0,27],[53,0],[39,21],[23,87],[7,61],[-25,39],[-85,14],[-22,7],[-18,1],[-17,14],[-49,7],[-6,11],[7,17],[4,25],[-18,34],[-4,25],[-16,22],[-31,46],[-19,37],[-15,25],[-42,66],[16,10],[20,8],[30,10],[61,27],[35,13],[44,20],[47,18],[38,20],[37,21],[33,14],[32,4],[28,0],[32,-11],[19,-29],[18,-30],[13,-28]],[[36499,23044],[15,-34],[20,-39],[35,-100],[29,-83],[46,-104],[36,-108],[73,-160],[34,-64]],[[36787,22352],[-11,-30],[-6,-24],[-23,-24],[-43,-32],[-45,-24],[-162,-93]],[[36497,22125],[-23,-13],[-18,6],[-37,10],[-22,-5],[-24,1],[-31,10],[-30,4],[-29,-14],[-44,-20],[-49,-22],[-40,-14],[-30,-11],[-21,-13]],[[86,17613],[-86,7],[23,403],[81,44],[75,47],[217,241],[35,28],[131,-15],[236,-110],[248,-194],[51,-168],[140,-204],[3,-77],[-1154,-2]],[[31394,38450],[-28,199],[27,167],[7,139],[10,133],[27,128],[54,124],[47,103],[61,27],[72,43],[56,33],[104,36],[14,-14],[-181,-1706],[-1,-53],[-65,45],[-34,77],[-12,118],[-21,107],[-48,125],[-89,169]],[[36497,22125],[25,-5],[37,23],[22,6],[26,4]],[[36607,22153],[10,-35]],[[36617,22118],[-32,-10],[-13,-23],[2,-40],[25,-14],[1,-26],[13,-33],[20,-26],[14,-30],[-1,-54],[-4,-25],[16,-50],[5,-15],[34,-78],[11,-36],[35,-61],[24,-28],[29,-38],[22,-27],[2,-36],[2,-25],[22,-26],[-44,-53]],[[36800,21364],[-54,-32],[-88,-34],[-93,-44],[-103,-41],[-86,-47]],[[36376,21166],[-25,3],[-17,-11],[-19,-6],[-16,7],[-16,16],[-17,16],[-37,46],[-13,57],[-9,36],[-18,26],[-9,34],[-19,39],[-17,41],[-2,37],[-10,31],[-3,37],[-4,32],[-16,31],[-5,22],[8,80],[44,23],[10,50],[-23,110],[-18,28],[-26,93]],[[26125,29976],[425,-169],[37,56],[72,-40],[-52,-102],[-34,-127],[125,-59],[-42,-82],[-127,62],[-61,-152],[-101,-27],[-68,-7],[-92,-15],[-118,-54],[-158,-95],[-174,-159],[-76,-124],[-42,-21],[-29,30],[3,83],[1,8],[35,103],[41,66],[0,12],[1,12],[8,10],[9,18],[1,12],[14,8],[12,31],[-7,40],[16,5],[8,40],[17,7],[0,25],[12,18],[17,22],[14,19],[2,55],[116,214],[137,234],[0,17],[12,15],[10,12],[36,-1]],[[82832,71228],[56,122],[-9,47],[-5,10],[11,10],[19,7],[16,4],[8,-2],[19,2],[7,1],[29,-12],[29,-3],[61,-2],[145,8],[28,0],[12,-11],[17,-2],[12,2],[8,0],[22,0],[10,0],[18,0],[8,10],[9,9],[15,-5],[22,-2],[10,5],[81,-7],[70,-4],[0,-14],[25,12],[34,-7],[45,-10],[8,-19],[8,-166],[43,-5],[3,-47],[2,-13],[5,-18],[1,-17],[-10,-15],[-4,-30],[-10,-19],[-10,-22],[-9,-9],[-10,-3],[-9,-7],[-5,-7],[-3,-15],[-4,-7],[-6,-5],[-11,-24],[-8,-7],[-12,5],[-17,-21],[-6,-20],[4,-9],[7,0],[-47,-91],[-31,-64],[-25,-19],[-19,-5],[-31,11],[-48,17],[-59,26],[-179,56],[-160,54],[-77,24],[-73,27],[-31,8],[-15,11],[-14,13],[-2,49],[2,12],[0,19],[2,15],[2,31],[8,9],[7,36],[7,16],[0,18],[5,6],[9,10],[5,14],[0,15],[-7,5],[-8,9]],[[28073,37166],[-14,88],[25,100],[80,389],[12,36],[41,11],[470,-201],[-38,-103],[-76,-188],[-30,-102],[-34,-71],[-24,-87],[-50,-114],[-115,-304],[-30,-36],[-212,87],[-13,31],[72,151],[3,57],[-9,46],[-27,45],[-2,46],[-5,61],[-24,58]],[[51660,17797],[-8,23],[102,33],[-48,117],[201,62],[169,72],[148,77],[67,31],[61,-121],[46,-148],[40,-88],[28,-82],[23,-71],[32,-113],[17,-29],[-17,-37],[-97,-44],[-58,-33],[-33,-40],[-219,109],[-306,-119],[-39,40],[-16,-21],[0,-42],[-74,-14],[-16,-72],[-37,-2],[-131,384],[76,27]],[[57773,20229],[16,9],[79,12],[13,-79],[47,-88],[13,-51],[26,-21],[40,29],[17,33],[-45,61],[-24,55],[32,43],[43,-46],[26,-45],[39,-33],[57,-52],[56,-4],[49,-17],[32,-32],[23,12],[-8,31],[-57,108],[-44,3],[-26,27],[33,51],[-40,67],[53,40],[31,-43],[32,-17],[12,16],[11,38],[26,20],[33,-6],[58,-86],[89,-146],[74,-46],[41,-66],[31,-39],[21,-78],[4,-93],[5,-45],[-55,-30],[-35,-75],[-101,-36],[-58,-37],[-36,-50],[-293,59],[-12,25],[-8,168],[-123,38],[-77,45],[-26,65],[-76,63],[-45,38],[-45,72],[-54,67]],[[36642,20616],[457,195]],[[37099,20811],[12,-2],[17,2],[22,-6],[20,-17],[27,-32],[23,-46],[24,-51],[53,-48],[32,-43],[33,-52],[27,-46],[29,-49],[8,-26],[12,-29],[17,-21],[10,-31],[15,-23],[7,-23],[-10,-17],[-16,-10],[-89,-35],[-56,-27],[-42,-11],[-182,-52],[-95,-31],[-54,-18],[-308,-87],[-47,-7],[-23,-3],[-14,11],[-21,30],[-20,35],[-14,55],[-21,36],[-23,55],[-42,70],[-14,33],[-42,72],[-25,51],[12,51],[14,17],[43,19],[54,20],[58,30],[62,20],[57,31],[13,10]],[[27513,26822],[5,-53],[29,-68],[49,-71],[61,-112],[1,-66],[2,-60],[-3,-107],[-33,-55],[-171,21],[-129,10],[-63,9],[-146,15],[-113,16],[-155,59],[-90,63],[-1,61],[4,52],[35,83],[46,82],[40,30],[54,119],[126,-8],[276,-11],[176,-9]],[[2400,16678],[120,53],[88,45],[35,-33],[67,-234],[14,-89],[48,-199],[78,-152],[43,11],[15,-23],[11,-31],[42,-179],[28,-57],[30,-243],[51,-49],[11,-272],[32,-84],[-2,-70],[-51,-75],[-74,-159],[-5,-49],[-35,-56],[-34,-12],[-28,26],[-71,-19],[-42,33],[-30,131],[0,70],[-23,61],[-28,40],[-55,136],[-7,65],[0,335],[-21,152],[-23,166],[-78,391],[-62,182],[-56,132],[12,56]],[[29001,38840],[2,-25],[5,-18],[9,-20],[14,-15],[24,-10],[16,-7],[30,-25],[9,-8],[8,-17],[5,-27],[11,-31],[8,-18],[9,-20],[-2,-22],[-15,-25],[-16,-27],[-13,-24],[-21,-37],[-15,-24],[-11,-31],[-16,-36],[-12,-32],[-5,-17],[-11,-24],[-12,-5],[-12,1],[-16,10],[-12,-20],[-10,-21],[-5,-20],[9,-26],[5,-21],[-10,-8],[-15,-4],[-8,-12],[-1,-18],[-15,-14],[-21,-15],[-13,-21],[-8,-17],[-5,-14],[2,-18],[-1,-5],[5,-19],[-5,-14],[-15,-16],[-6,-29],[-4,-32],[-3,-30],[-17,6],[-19,-6],[-11,-21],[8,-37],[-5,-15],[-17,-1],[-6,-11],[4,-22],[12,-20],[9,-14],[-53,-123],[-17,-18],[-79,22],[-24,19],[-21,22],[-24,8],[-24,9],[-29,12],[-27,7],[-51,21],[-57,31],[-32,19],[-22,25],[-15,46],[15,34],[8,38],[28,48],[10,24],[31,47],[42,57],[33,51],[17,38],[15,44],[11,36],[23,63],[13,29],[31,80],[19,50],[17,34],[47,76],[66,115],[107,212],[24,-11],[29,-7],[23,-7],[19,-8],[41,-17],[11,-57]],[[30540,33265],[7,-880],[-35,-52],[-47,69],[-55,16],[-209,293],[-253,342],[-113,171],[-93,188],[-2,91],[9,119]],[[28662,49574],[115,-31],[121,267],[-156,68],[154,366],[517,-30],[8,-26],[-18,-10],[3,-29],[-10,-26],[-16,-46],[-11,-144],[-28,-131],[-8,-105],[-38,-148],[-86,-271],[-21,-23],[-8,-34],[2,-72],[-16,-74],[-56,-118],[-58,-63],[-50,-16],[-343,1],[-33,70],[-41,150],[-16,82],[49,244],[17,64],[9,36],[18,49]],[[28904,45133],[-95,32],[-47,100],[-97,91],[-72,143],[-32,130],[42,240],[85,214],[286,-86],[64,-66],[53,-124],[19,-64],[52,-538],[-26,-77],[-83,-22],[-83,7],[-66,20]],[[29047,39500],[25,2],[21,0],[33,0],[9,11],[18,0],[11,-2],[8,-11],[17,-16],[42,-16],[42,-13],[18,0],[7,-8],[37,-2],[42,0],[12,10],[11,5],[21,26],[58,12],[34,-22],[14,9],[13,0],[19,0],[18,-2],[21,-13],[0,-16],[50,-8],[43,-75],[18,-22],[9,-17],[19,-4],[27,-23],[33,-59],[26,-40],[56,-31],[38,-26],[50,-15],[37,-14],[46,-35],[19,-19],[60,-40],[-54,-103],[-16,-114],[-107,-274],[-56,-7],[-275,118],[-374,165],[-12,32],[-68,135],[-13,10],[-14,0],[-13,8],[0,5],[11,16],[-34,74],[-11,11],[-44,80],[-44,27],[-56,51],[-31,27],[-17,19],[-15,0],[-14,0],[6,37],[16,16],[3,3],[6,10],[21,29],[0,20],[23,50],[12,10],[11,5],[4,2],[8,0],[4,2],[6,4],[13,8],[10,0],[15,0],[17,-2]],[[30066,47061],[52,-37],[53,-334],[-189,-711],[-354,-26],[-49,92],[-26,212],[-20,274],[93,252],[107,162],[183,95],[150,21]],[[32330,28343],[126,-78],[131,-79],[119,-75],[58,-29],[75,-30],[56,-36],[62,-83],[38,-75],[11,-99],[-98,-224],[-99,-229],[-119,69],[-95,68],[-105,62],[-169,73],[63,173],[-30,38],[-46,13],[-116,45],[-411,176],[-25,71],[-12,87],[103,144],[75,75],[75,31],[86,14],[124,-22],[65,-38],[58,-42]],[[27297,48641],[112,62],[154,5],[304,33],[231,43],[64,0],[18,-48],[-8,-152],[47,-89],[-12,-243],[-33,-21],[-109,-10],[-44,-67],[-523,-105],[-97,16],[-7,125],[-21,102],[-70,187],[-30,7],[9,115],[15,40]],[[50877,59109],[10,7],[21,2],[24,1],[42,-4],[46,-5],[28,-9],[39,-1],[47,1],[41,-11],[22,-24],[26,-50],[38,-63],[32,-51],[74,-91],[68,-97],[63,-73],[12,4],[22,1],[26,-24],[61,-63],[38,-42],[34,-46],[31,-30],[46,-32],[26,-7],[52,-5],[48,-2],[42,6],[31,4],[29,-2],[22,-8],[18,-23],[12,-38],[4,-31],[-16,-50],[-38,-52],[-22,-29],[-19,-26],[-17,-31],[-20,-30],[-12,-24],[-19,-17],[-34,-20],[-38,-7],[-42,13],[-42,16],[-54,20],[-57,8],[-44,12],[-38,15],[-39,13],[-49,26],[-30,18],[-28,20],[-33,26],[-34,26],[-23,28],[-24,37],[-29,5],[-9,16],[-26,21],[-26,12],[-24,17],[-22,6],[-62,79],[-59,105],[-34,67],[-24,67],[-19,47],[-18,59],[-16,56],[-18,68],[-19,81],[-7,67],[3,24],[6,17]],[[578,16894],[-125,396],[5,234],[740,-1],[81,-32],[141,-309],[2,-85],[-28,-25],[-99,-63],[-109,-45],[-699,-233],[-18,86],[85,26],[24,51]],[[78110,70100],[-74,9],[-106,65],[-162,64],[-30,-7],[-37,99],[157,67],[39,10],[80,37],[40,16],[37,17],[28,7],[120,31],[264,-99],[9,-68],[53,-12],[28,28],[1382,-480],[174,-21],[34,-12],[-62,-261],[-25,0],[-27,5],[-28,14],[-30,13],[-40,24],[-5,17],[-62,37],[-7,26],[-18,20],[-17,8],[-26,1],[-24,1],[-33,2],[-35,2],[-89,21],[-38,6],[-92,21],[-57,28],[-44,-4],[-96,22],[-267,109],[-39,26],[-60,34],[-99,40],[-44,31],[-60,14],[-24,14],[-57,35],[-56,34],[-68,34],[-31,22],[-95,-46],[-15,-4],[-71,-33],[-120,5],[-75,-69]],[[54563,21150],[-33,111],[-26,80],[-18,122],[-6,111],[73,8],[35,18],[-14,48],[-4,53],[116,41],[84,25],[81,24],[107,-279],[36,-111],[62,-196],[46,-125],[51,-122],[-5,-37],[-54,-22],[-15,30],[-11,88],[-33,86],[-36,55],[-40,-10],[-40,-17],[-27,-29],[-4,-37],[19,-59],[66,-121],[39,-84],[-61,-35],[-78,-8],[-80,-4],[-68,-14],[-62,-7],[-59,-29],[-82,-15],[-18,8],[-43,61],[-1,75],[3,65],[-7,39],[3,42],[-15,47],[16,28],[60,28],[38,24],[5,44]],[[58476,26410],[134,-23],[2,-43],[157,-71],[162,-76],[-4,-21],[-3,-19],[-7,-23],[-9,-40],[11,-19],[-10,-33],[-21,-69],[-16,-65],[19,-102],[-19,-92],[-20,-16],[-7,-24],[-40,-23],[-18,-18],[-21,-9],[-18,-5],[-20,-6],[-19,11],[-19,28],[24,128],[7,38],[10,41],[8,32],[16,42],[10,37],[23,69],[5,21],[-28,1],[-16,6],[-23,9],[-17,-1],[-8,-15],[-20,-34],[-17,-37],[-15,-41],[-10,-28],[-11,-12],[-20,-17],[-6,-20],[-6,-25],[-9,-13],[4,-17],[-8,-17],[-9,-23],[12,-13],[15,-25],[7,-35],[4,-28],[12,-37],[10,-21],[8,-9],[18,-21],[0,-18],[5,-21],[-7,-14],[-32,-40],[-23,-22],[-12,-43],[-22,-20],[-23,-17],[-19,-43],[-48,-31],[-53,-15],[-21,-8],[-6,-3],[-40,-23],[-4,-21],[6,-55],[-57,44],[-24,-9],[-117,90],[7,103],[14,42],[64,166],[29,77],[84,369],[-6,50],[16,63],[105,222]],[[83443,69876],[156,-9],[41,20],[29,0],[21,0],[16,0],[31,1],[23,28],[2,31],[-2,11],[29,0],[29,0],[33,0],[46,-5],[41,-12],[62,-47],[12,-41],[17,-25],[37,-38],[24,-13],[33,-33],[9,-34],[-1,-21],[27,-40],[-32,-68],[46,-33],[-190,-546],[-88,2],[-571,222],[-157,71],[-26,54],[3,43],[32,8],[145,-44],[25,13],[4,33],[5,42],[-42,13],[131,417]],[[69138,75872],[123,-114],[85,-115],[54,-89],[52,-114],[105,-205],[-261,-137],[-39,35],[-115,-71],[-43,-24],[-74,110],[-91,276],[-200,345],[-88,135],[-76,113],[-21,28],[20,73],[50,-17],[8,-28],[143,-30],[218,-6],[57,-113],[50,4],[43,-56]],[[32791,40829],[-9,-89],[-9,-10],[-14,-25],[10,-41],[17,-35],[14,-23],[13,-20],[5,-30],[11,-26],[9,-35],[6,-21],[11,-31],[5,-16],[7,-24],[1,-20],[-5,-13],[-7,-5],[-58,-50],[-8,-16],[-19,-26],[-26,-29],[-13,-18],[-21,-25],[-20,-21],[-22,-21],[-19,-17],[-16,-3],[-36,8],[-56,24],[-58,23],[-26,13],[-42,10],[-37,8],[-37,0],[-30,4],[-30,3],[-30,15],[-19,-1],[-15,6],[-14,21],[-7,20],[3,22],[0,96],[12,108],[-21,73],[-40,152],[179,72],[13,9],[34,12],[20,8],[29,15],[40,11],[101,38],[45,8],[41,-6],[23,-4],[30,-15],[22,-9],[21,-9],[15,-10],[21,-19],[6,-16]],[[86719,77232],[72,-38],[11,-91],[-16,-14],[-237,-20],[-92,38],[-163,-23],[-79,-180],[-98,-112],[-68,-100],[-23,-122],[-65,-105],[-8,-56],[-39,-124],[-40,-84],[-40,-49],[-21,-30],[-53,-23],[-74,-40],[-115,-191],[-95,-80],[-345,20],[-123,22],[-51,47],[26,54],[95,121],[72,44],[38,12],[62,9],[96,180],[151,88],[42,19],[207,305],[51,49],[74,21],[21,21],[31,93],[137,136],[42,23],[70,79],[51,16],[204,9],[86,53],[64,-9],[33,18],[39,10],[70,4]],[[31374,34035],[88,164],[-7,75],[-51,26],[59,129],[54,-41],[67,-18],[-22,-74],[23,-47],[54,-25],[-56,-97],[-5,-61],[-18,-135],[8,-44]],[[28451,46762],[-2,50],[58,-2],[104,-80],[122,-40],[12,-86],[-30,-25],[-53,-39],[-26,-32],[-78,-19],[-81,-23],[-39,246],[13,50]],[[29453,44423],[17,17],[15,-18],[24,-21],[24,-33],[22,-26],[13,-32],[18,-32],[15,-31],[6,-22],[6,-34],[10,-59],[16,-45],[1,-31],[-1,-25],[-14,-28],[0,-45],[9,-44],[1,-41],[-2,-22],[-61,-25],[-28,30],[-9,42],[-1,44],[2,34],[-12,33],[-12,25],[6,20],[-1,27],[-9,23],[-21,39],[-15,34],[-11,31],[1,38],[-3,38],[-15,47],[-1,29],[5,27],[5,36]],[[28942,44565],[-27,21],[-4,38],[14,44],[32,14],[42,16],[59,7],[38,-2],[30,-38],[12,-67],[34,0],[37,-4],[39,-7],[40,-12],[24,-10],[26,-11],[26,-22],[11,-22],[5,-25],[-2,-14],[-11,-16],[-14,-15],[-13,-6],[-23,3],[-28,4],[-40,5],[-33,-1],[-6,7],[-15,21],[-17,11],[-26,-2],[-36,-11],[0,-1],[-55,69],[-42,4],[-61,15],[-16,7]],[[27971,36700],[-292,132],[-54,32],[-35,3],[-31,31],[30,89],[69,1],[69,-27],[47,-33],[66,-19],[29,19],[48,39],[27,-14],[48,-18],[1,-39],[-3,-73],[-13,-51],[-6,-72]],[[30593,39995],[23,-6],[22,-3],[19,-19],[0,-29],[9,-4],[15,0],[11,11],[47,-33]],[[30739,39912],[-28,-41],[-22,-33],[-32,-39],[-22,-31],[-41,-80],[-41,-18]],[[30553,39670],[-222,118]],[[30331,39788],[69,42],[76,67],[34,48],[31,18],[26,30],[26,2]],[[30414,39199],[159,-80],[-37,-110],[44,-24],[-61,-126],[-57,-9],[-141,68],[-37,52],[130,229]],[[29378,26154],[118,-75],[-93,-133],[-129,-136],[-504,-3],[-28,87],[94,88],[39,-14],[503,186]],[[59726,22113],[-15,-65],[-45,-27],[-102,-73],[-126,-69],[-66,-51],[-182,-145],[-88,16],[-57,107],[-4,46],[13,56],[186,166],[114,52],[190,69],[71,0],[111,-82]],[[71208,72189],[25,-21],[47,-276],[72,-417],[-166,-74],[-40,-2],[-44,33],[-76,320],[-5,100],[-31,217],[147,97],[71,23]],[[30416,44175],[-373,-15]],[[30043,44160],[-64,164],[-53,185],[-8,40],[3,23],[3,41],[7,6],[9,-1],[146,-9],[28,-40],[30,-2],[36,2],[32,4],[38,-8],[29,-20],[29,-11],[27,-28],[41,-28],[26,-18],[29,-20],[7,-33],[23,-16],[9,-25],[3,-24],[17,-31],[6,-34],[-12,-28],[-13,-25],[-12,-9],[-27,-30],[-16,-10]],[[28160,32237],[32,59],[42,28],[109,14],[14,166],[118,4],[49,12],[69,-5],[21,-35],[-32,-65],[-40,-62],[-49,-71],[-29,-42],[-2,-78],[-7,-99],[19,-89],[5,-60],[-27,-51],[-3,-51],[27,-51],[27,-18],[4,-24],[-16,-27],[-31,-26],[-40,-12],[-162,321],[-1,59],[-97,203]],[[30553,39670],[19,-15],[-101,-102],[2,-22],[-39,-63],[6,-31],[-116,-230]],[[30324,39207],[-246,106]],[[30078,39313],[-5,35],[29,26],[4,16],[4,15],[2,24],[0,22],[-4,17],[-2,20],[-4,17],[15,22],[13,22],[0,15],[0,26],[45,37],[98,109],[58,52]],[[53850,17190],[99,-3],[97,18],[48,0],[49,-29],[19,-48],[10,-98],[8,-77],[31,-85],[47,-77],[65,-59],[37,-74],[50,-62],[28,-47],[-70,21],[-111,51],[-97,42],[-91,35],[-79,72],[-110,72],[-44,69],[-32,72],[-26,80],[-36,64]],[[53742,17127],[108,63]],[[31148,35592],[27,4],[428,-237],[143,-47],[75,-14],[74,11],[24,-31],[22,-25],[9,-215],[-30,-16],[-894,373],[122,197]],[[71214,72250],[-46,-17],[-79,-46],[-309,-137],[-23,47],[-22,52],[-30,40],[-67,40],[-45,39],[-11,229],[71,32],[99,32],[79,20],[66,-1],[143,-28],[174,-302]],[[82285,71115],[-91,67],[0,30],[13,37],[12,21],[21,29],[29,29],[21,17],[25,29],[16,21],[21,25],[25,29],[17,16],[58,96],[20,13],[25,25],[21,0],[21,-1],[33,0],[16,-4],[0,-42],[26,-35],[13,-55],[5,-23],[5,-37],[-2,-166],[-42,-49],[-43,-14],[-79,-113],[-186,55]],[[57066,21014],[-70,106]],[[56996,21120],[7,71],[66,30],[210,84],[108,31],[93,48],[93,28],[147,-400],[-231,-81],[-178,-53],[-20,52],[-26,83],[-41,81],[-30,23],[-128,-103]],[[28140,34764],[-18,-62],[-33,-113],[-23,-77],[-12,-56],[-13,-54],[-14,-61],[-10,-35],[-17,-33],[-2,-32]],[[27791,34327],[2,14],[-14,18],[-18,0],[-15,8],[-19,38],[-21,22],[-8,-4],[-14,-10],[-25,1],[-19,3],[-11,4],[30,75],[4,26],[6,17],[14,22],[50,121],[58,156],[12,23],[19,6],[31,-9],[23,-12],[25,-3],[19,-6],[55,-26],[32,-10],[35,-13],[50,-12]],[[28938,33545],[14,6],[18,2],[7,-22],[17,-14],[20,-20],[41,-60],[0,-26],[23,-14],[31,-44],[3,-19],[15,-21],[-2,-26],[12,-14],[11,-1],[22,-18],[17,-24],[9,-26],[10,-27],[15,-21],[24,-29],[23,-23],[11,-22],[5,-14],[24,-35],[14,-27],[11,-12],[8,6],[27,-21],[30,-28],[13,-15],[10,-42],[8,-38],[1,-39],[-5,-23],[-9,-16],[-11,-16]],[[29405,32762],[-30,12],[-53,22],[-61,31],[-47,19],[-71,32],[-21,20],[-32,42],[-32,37],[-11,28],[-11,34],[-16,15],[-255,116]],[[28765,33170],[173,375]],[[29157,26995],[232,-17],[273,-26],[6,-47],[14,-61],[-143,-92],[-113,-82],[-103,-27],[-44,-46],[-72,-28],[-83,30],[-110,33]],[[29014,26632],[143,363]],[[53039,19422],[20,-36],[98,-7],[57,-1],[53,21],[47,18],[78,45],[42,27],[19,14],[21,-80],[-34,-35],[-40,-25],[-19,-36],[-65,-88],[-62,-46],[-46,-24],[-79,10],[-31,13],[-56,14],[-6,45],[-215,23],[-12,-39],[-9,-39],[-89,0],[-44,-1],[-78,18],[-58,16],[4,98],[57,4],[28,5],[25,23],[18,19],[21,34],[21,14],[60,10],[116,19],[47,4],[49,-15],[62,-22]],[[32938,25081],[101,-40],[122,-46],[116,-31],[67,-15],[82,-25],[54,-34],[73,-63],[113,-96],[101,-55],[79,-39],[206,-92],[-148,-42],[-103,-11],[-111,5],[-127,24],[-91,32],[-54,64],[-90,134],[-61,30],[-66,28],[-78,51],[-48,51],[-82,66],[-38,14],[-36,11],[-30,27],[3,35],[21,18],[25,-1]],[[30223,34938],[173,209],[166,172],[96,125],[108,124],[79,74],[125,137],[37,5],[41,-47],[37,-70],[-185,-253],[-114,-235],[-65,17],[-93,-126],[-63,-68],[-58,-15],[-40,32],[-18,24],[-184,-145],[-42,40]],[[31682,36711],[-164,36]],[[31518,36747],[81,346],[84,346],[234,21],[14,-68],[-33,-115],[-7,-168],[-36,-27],[-36,-281],[4,-78],[-16,-21],[-36,-3],[-36,18],[-53,-6]],[[56662,20305],[92,-130],[82,-213],[4,-75],[18,-40],[0,-43],[-29,-49],[-83,0],[-75,-17],[-64,-1],[-64,7],[-57,-26],[-11,94],[-66,254],[14,39],[107,111],[132,89]],[[27827,59248],[0,-96],[4,-17],[79,-33],[19,-44],[-15,-119],[-23,-21],[7,-54],[-5,-89],[-41,-23],[-47,23],[-25,45],[-51,35],[-33,-19],[-81,19],[-46,159],[-11,49],[-51,8],[-44,109],[-8,92],[5,61],[41,14],[171,-66],[65,-7],[90,-26]],[[71415,71491],[-78,498],[56,-47],[34,-19],[54,-10],[41,19],[75,42],[97,-14],[44,-15],[62,-140],[12,-143],[-397,-171]],[[55365,21784],[20,13],[-17,30],[-7,18],[-6,22],[-9,19],[4,29],[-10,24],[-7,24],[-4,17],[-2,11],[-11,33],[2,20],[-4,30],[-8,11],[-13,11],[6,26],[-8,11],[-5,48],[197,14],[53,-110],[39,-80],[86,-74],[142,-288],[-346,-139]],[[27516,27956],[-157,-390],[-38,-70]],[[27321,27496],[-102,24],[-372,199],[53,85],[34,-17],[76,127],[189,-92],[154,289],[115,-78],[41,-40],[7,-37]],[[32590,26670],[216,-89],[110,-48],[80,-32],[82,-33],[83,-31],[33,-21],[33,-25],[37,-10],[12,-32],[-16,-45],[-26,-35],[-2,-32],[-25,-58],[-21,-46],[-28,-64],[-28,-37],[-25,-42],[-59,78],[-66,69],[-47,41],[-21,33],[-21,52],[-19,53],[0,67],[3,21],[-21,52],[-19,12],[-30,-9],[-31,-10],[-19,7],[-23,-20],[-11,-40],[-7,-32],[11,-27],[-25,0],[-28,25],[-16,20],[-31,-2],[-14,-25],[-28,-1],[-14,23],[-18,40],[-19,25],[-22,13],[42,148],[5,32],[14,30],[19,5]],[[58998,20471],[-36,-1],[-98,-37],[-28,68],[-30,-21],[5,-73],[-58,-17],[-72,39],[-82,41],[-87,29],[-32,81],[-7,93],[85,18],[80,62],[199,94],[-36,66],[11,61]],[[58848,20999],[31,-121],[87,28],[52,-54],[42,21],[50,-82],[1,-64],[18,-48],[34,-53]],[[29301,38739],[313,-121],[293,-126],[19,0],[25,-14],[23,-13],[-62,-173],[-102,-197],[-26,-7],[-27,3],[-139,63],[-19,31],[-85,117],[-23,28],[-7,63],[19,66],[-16,44],[-81,59],[-26,-7],[-25,-7],[-53,26],[-35,68],[-10,33],[19,64],[25,0]],[[29448,50617],[0,-35],[0,-23],[-3,-37],[0,-25],[0,-44],[0,-37],[-8,-36],[0,-36],[0,-18],[-8,-21],[-2,-31],[0,-20],[0,-13],[-3,-11],[-524,32],[137,313]],[[29037,50575],[17,1],[45,-4],[90,12],[109,15],[150,18]],[[57165,19125],[34,-103],[19,-51],[-130,-26],[-121,-21],[-31,-37],[-77,-18],[-91,161],[-69,151],[-32,97],[5,81],[94,47],[99,31],[107,-17],[93,-12],[39,-117],[8,-81],[20,-56],[33,-29]],[[51185,17757],[215,85],[69,-184],[11,-3],[59,-174],[28,-92],[38,-112],[0,-77],[-14,-49],[-20,-20],[-22,-1],[-24,-77],[-25,0],[-26,-27],[-23,17]],[[36336,24136],[199,216],[92,-38],[21,-19],[35,-18],[164,-152],[-3,-130],[128,-157],[-13,-15],[0,-20],[0,-13],[-23,0],[-23,0],[-25,2],[-61,2],[-27,8],[-17,7],[-35,4],[-21,0],[-11,18],[-27,2],[-23,6],[-10,15],[-31,4],[-17,2],[-9,16],[-39,15],[-23,-5],[-17,-6],[-44,52],[-4,10],[-21,8],[-81,132],[-30,9],[-4,45]],[[70077,73976],[19,8],[20,-12],[16,-10],[28,1],[10,-12],[15,-23],[19,-18],[22,-13],[13,-36],[16,-28],[25,-34],[23,-43],[23,-28],[18,-16],[24,-3],[27,-10],[16,-10],[22,-18],[27,-41],[24,-32],[33,-41],[23,-78],[53,-16],[10,-12],[4,-24],[73,-88],[5,-12],[-10,-19],[-3,-44],[-38,-57],[-17,-6],[-190,266],[-97,132],[-148,177],[-43,68],[-27,50],[-11,34],[-24,48]],[[29442,50847],[-297,-32]],[[29145,50815],[257,592],[51,-31],[3,0],[-12,-329],[4,-163],[-17,-10],[0,-13],[11,-14]],[[30158,35954],[-77,14],[-62,-152],[-511,240],[58,142]],[[29566,36198],[592,-244]],[[36389,24510],[39,7],[28,-17],[44,-52],[21,-37],[-4,-25],[0,-20],[-196,-212],[-51,23],[-8,14],[-8,15],[-5,10],[-8,11],[-15,16],[-21,12],[-18,11],[-17,10],[-9,17],[0,12],[-16,16],[-55,58],[292,218],[11,-9],[0,-10],[0,-15],[-12,-28],[0,-17],[8,-8]],[[32410,26729],[-35,-138],[-59,-163],[-140,18],[-128,12],[79,224],[69,145],[48,-24],[166,-74]],[[28485,36493],[-120,54],[-3,80],[96,221],[100,262],[49,19],[72,-38],[16,-56],[-5,-44]],[[28762,42878],[8,30],[10,46],[25,22],[29,25],[49,32],[72,15],[38,5],[37,31],[68,66],[57,31],[36,1],[60,-24],[-151,-210],[-77,-105],[-122,-168],[-54,63],[-60,42],[-25,63],[0,35]],[[55802,20107],[-52,38],[-118,103],[2,67],[52,36],[60,28],[59,39],[120,-104],[213,-177],[-7,-24],[-210,-99],[-19,39]],[[55902,20053],[-100,54]],[[29763,35871],[-250,-592]],[[29513,35279],[-97,42],[54,293],[135,319],[158,-62]],[[30571,39494],[19,5],[53,15],[16,2],[5,8],[9,8],[1,3],[10,8],[11,3],[9,2],[7,5],[45,-19],[1,-15],[12,-6],[2,-11],[11,-21],[-13,-40],[-8,-7],[-24,-7],[-2,-16],[-4,-13],[0,-15],[11,-17],[39,-8],[23,-9],[-42,-119],[-26,5],[-1,-12],[-51,-137],[-37,22],[-14,7],[-23,7],[-9,3],[-28,8],[-148,80],[69,159],[77,122]],[[28270,51183],[108,-24],[57,-17],[52,-10],[29,-21],[109,-22],[27,10],[56,-20],[7,-58],[-2,-46],[-13,-35],[-14,-8],[-15,-18],[-51,-9],[-58,4],[-10,13],[-180,32],[-12,6],[-21,13],[-40,-2],[-35,4],[-21,24],[-31,4],[-17,0],[-30,4],[-18,7],[-15,10],[12,49],[23,25],[32,17],[16,8],[17,6],[9,0],[14,0],[8,5],[7,49]],[[27540,26812],[88,7],[99,-14],[37,-26],[165,-4],[-30,-134],[-1,-62],[-3,-99],[-145,2],[-76,65],[-120,187],[-15,49],[1,29]],[[35994,25515],[-20,18],[-25,56],[-20,33],[-36,62],[-26,53],[-29,52],[-25,49],[-23,51],[-17,38],[-20,45],[-22,33],[-169,274],[18,16],[23,9],[23,0],[19,-22],[18,-22],[19,-39],[16,-35],[17,-40],[28,-39],[16,-30],[13,-22],[5,4],[28,10],[22,11],[15,5],[11,5]],[[35853,26090],[253,-493],[0,-14],[-8,-17],[-104,-51]],[[30217,41050],[-34,20],[-15,-56],[-31,-64],[-42,-66],[-55,82],[-86,84],[40,8],[62,28],[29,43],[104,201],[242,-133],[-108,-210]],[[30323,40987],[-106,63]],[[28394,47722],[374,-34],[55,-46],[22,-80],[-19,-153],[-43,1],[-51,56],[-324,45],[-14,211]],[[58793,21342],[22,-9],[11,-40],[-29,-21],[-5,-31],[-19,-45],[-20,-18],[-25,-14],[-53,-40],[-23,-65],[-54,-22],[-64,-38],[-60,-21],[-58,6],[-53,16],[-22,33],[-25,33],[-26,-32],[-29,14],[-17,28],[-4,32],[17,24],[67,29],[97,43],[25,21],[347,117]],[[56577,20738],[-77,133],[39,61],[457,188]],[[57066,21014],[-53,-40],[-103,-85],[-30,-14],[-47,-32]],[[61474,22980],[247,-6],[314,-11],[76,-3],[92,-11],[105,-29],[-15,-91],[-53,0],[-36,-7],[-432,21],[-71,19],[-97,4],[-118,6],[-9,72],[-3,36]],[[36000,25178],[99,-172],[70,-112],[0,-19],[-11,-14],[-91,-66],[-39,10],[-41,8],[-88,-45],[-139,246],[93,74],[16,12],[18,11],[42,28],[71,39]],[[54955,19736],[36,-53],[60,-57],[25,-44],[-3,-30],[-208,-126],[-217,-155],[-48,84],[15,34],[61,61],[102,185],[177,101]],[[27795,37458],[-7,55],[13,72],[22,53],[26,57],[66,66],[70,68],[53,32],[26,1],[33,-11],[14,-25],[0,-40],[-21,-83],[-11,-94],[-7,-53],[-13,-35],[-25,-13],[-55,-123],[-184,73]],[[28680,34819],[142,-41],[9,-15],[-52,-162],[-75,15],[-23,1],[-46,-36],[-49,2],[-90,-229],[-104,47],[129,367],[36,28],[57,-18],[45,37],[21,4]],[[58697,21623],[21,-12],[35,35],[20,25],[21,20],[67,11],[-2,-44],[16,-49],[22,-45],[22,0],[48,21],[38,-24],[50,1],[12,-25],[-22,-41],[-7,-43],[26,-41],[-87,-36],[-16,32],[-33,35],[-26,2],[-313,-115],[-52,43],[160,250]],[[53742,17127],[-95,48],[-49,2],[-113,54],[-60,50],[-87,19],[-60,43],[-87,53],[-62,16],[-3,45],[34,16],[181,8],[26,-14],[79,-24],[92,-43],[47,-66],[37,-64],[55,-42],[89,-27],[84,-11]],[[52415,19869],[148,-43],[4,-66],[14,-78],[29,-70],[15,-96],[-9,-80],[-15,-39],[-32,3],[-56,-9],[-36,-1],[-54,17],[-9,38],[11,69],[-4,76],[4,43],[-26,96],[10,66],[6,74]],[[29442,50847],[2,-31],[-17,-21],[-8,-12],[9,-19],[29,-89],[-9,-58]],[[29037,50575],[108,240]],[[35116,26443],[6,-5],[52,12],[50,-39],[19,-15],[29,-25],[44,-35],[21,-19],[20,-30],[11,-37],[-311,-205],[-37,-26],[-27,-2],[-40,13]],[[34953,26030],[163,413]],[[27765,37371],[215,-58],[5,-19],[21,-53],[19,-58],[18,-57],[11,-61],[-7,-47],[-16,-30],[-93,49],[-149,89],[-59,27],[-37,20],[49,175],[23,23]],[[29511,36727],[141,-54],[-125,-297]],[[29527,36376],[-255,122]],[[29272,36498],[117,272]],[[29748,44571],[15,-4],[19,-1],[30,-7],[17,-15],[50,-31],[39,-159],[42,-180],[-22,-21],[-21,-9],[-35,-2],[-22,-3],[-60,-2],[-63,108],[-39,121],[-22,60],[-8,29],[-12,29],[-14,17],[-21,17],[-12,8]],[[29609,44526],[34,13],[44,10],[42,16],[19,6]],[[31088,34448],[35,35],[183,-80],[-58,-152],[-3,-134],[-280,27]],[[30965,34144],[123,304]],[[57278,19593],[-94,-7],[-100,-2],[-88,7],[-36,53],[-30,37],[-42,16],[4,53],[81,27],[54,-14],[55,7],[45,83],[94,60]],[[37072,21473],[10,5],[23,-9],[16,-16],[5,-35],[4,-23],[4,-44],[1,-35],[-2,-17],[0,-21],[13,-15],[-1,-23],[-7,-28],[7,-21],[13,-31],[19,-20],[28,-40],[18,-48],[21,-60],[10,-24],[14,-32],[23,-44],[20,-37],[15,-18],[9,-29],[20,-14],[28,-20],[33,-41],[28,-36],[25,-34],[18,-41],[14,-43],[-2,-14],[-10,-13],[-24,-9],[-22,59],[-90,96],[-94,127],[-63,82],[-31,-10],[-29,43],[-37,68],[-10,30],[-9,31],[-9,19],[-1,19],[-4,31],[-1,40],[4,266],[8,12],[-5,17]],[[29527,36376],[-117,-276],[-247,97],[-5,37],[114,264]],[[29763,35871],[283,-111],[-315,-751],[-68,-96],[-210,103],[102,239],[-42,24]],[[51914,19696],[59,-765]],[[51973,18931],[-33,3],[-25,8],[-38,4],[-39,13],[-23,22],[-30,11],[-17,-10],[-27,6],[-20,-20],[-27,0],[-24,-10],[-26,-5],[-23,-14],[-16,-22],[-10,-24],[-6,-8],[-17,-8],[-31,30],[-50,33],[-21,7],[-28,8],[-14,11],[-16,-1],[-22,-6],[-24,9],[-12,13],[-4,24],[-13,27],[-12,9],[0,18],[9,21],[-13,19],[-9,14],[5,26],[8,22],[23,23],[31,23],[19,30],[24,15],[29,24],[38,34],[32,24],[23,14],[34,26],[31,31],[30,20],[26,8],[14,9],[27,9],[26,12],[28,13],[18,19],[27,17],[18,36],[13,26],[15,2],[25,25],[19,36],[17,51],[2,8]],[[33064,34170],[9,-53],[11,-46],[-1,-39],[3,-59],[13,-28],[7,-28],[-14,-23],[-66,-93],[-29,-34],[-23,-64],[-65,-82],[-54,-36],[-86,-42],[-45,-10],[-33,13],[-60,232],[-76,281],[11,57],[43,20]],[[32609,34136],[83,12],[289,5],[83,17]],[[84210,69572],[12,25],[12,17],[38,37],[33,17],[21,8],[24,17],[1,25],[0,37],[29,29],[37,0],[66,-54],[33,-100],[-1,-42],[-8,-25],[-4,-17],[-54,-96],[0,-41],[4,-21],[5,-119],[-18,-27],[-10,-116],[-67,-112],[-106,-114],[-63,-9],[-20,22],[-21,14],[-8,19],[-4,9],[-4,16],[-25,1],[-20,0],[0,-21],[-5,-25],[-52,17],[-9,42],[184,587]],[[31682,36711],[14,-113],[74,-88],[-10,-220],[109,-23],[10,-443],[-559,179],[28,73],[23,9],[4,23],[-4,28],[50,265],[15,42],[82,304]],[[35853,26090],[-5,11],[15,18],[8,29],[2,23],[10,23],[15,14],[19,2],[10,-10],[42,-40],[65,-194],[61,-51],[76,-90],[56,-93],[3,-25],[-11,-22],[-15,-31],[-10,-7],[-15,-12],[-27,-6],[-27,0],[-2,-34],[25,-1],[11,-21],[42,-4],[4,-31],[71,-124],[17,-45],[161,-192],[20,-47],[2,-50],[147,-288],[-44,-32],[-44,-117],[-27,-10],[-65,87],[-28,20],[-12,4],[-73,109],[-13,40],[-48,86],[-101,167],[-52,83],[-19,49],[0,29],[4,23],[-32,37],[-29,15],[-46,133]],[[31162,35627],[144,325],[39,11],[520,-167],[26,-26],[8,-358],[-31,-36],[-87,-4],[-33,-11],[-15,-9],[-70,12],[-501,263]],[[63117,21873],[130,147]],[[63247,22020],[933,-220],[-70,-83],[-124,-119],[-114,-118],[-91,-73],[-299,-24],[-74,71],[-35,102],[-111,115],[-52,127],[-93,75]],[[30276,36160],[-449,174]],[[29827,36334],[-161,101],[118,285],[77,-14],[640,-261],[-144,-229],[-81,-56]],[[28582,33292],[28,-52],[155,-70]],[[29405,32762],[0,-24],[-11,-28],[-13,-35],[-12,-35],[-54,-40],[-94,12],[-36,11],[-40,16],[-18,9],[-84,41],[-36,14],[-27,15],[-15,0],[-22,14],[-25,20],[-31,17],[-26,3],[-246,103],[-66,28],[-139,54],[-63,25],[-28,12],[-13,5],[-57,24],[5,14],[11,19],[10,28],[2,27],[5,15],[25,58],[29,-21],[38,14],[59,-27]],[[1329,18724],[32,-120],[-19,-112],[0,-253],[23,-28],[-21,-61],[-123,15],[-36,16],[4,75],[-18,25],[-5,22],[-88,46],[-20,-7],[-37,-9],[-5,2],[-49,47],[-104,36],[-71,0],[-49,20],[-16,36],[-62,12],[-51,-3],[-200,48],[1,41],[74,61],[90,54],[252,112],[130,9],[127,19],[65,9],[48,-9],[22,0],[106,-103]],[[35875,25418],[-138,-71],[-35,-21],[-39,-20],[-53,1],[-76,80],[-96,30],[-14,32],[-20,36],[-13,30],[-5,31],[0,27],[-9,38],[-3,34],[-24,47],[-14,33],[-19,28],[-15,37],[-19,27],[-25,29],[-21,22],[-39,48],[-27,23],[-33,8],[-48,7],[-53,31],[20,14],[33,21],[43,20],[57,41],[35,18],[51,31],[49,27],[40,23],[46,34],[17,1],[17,-20],[40,-58],[40,-50],[50,-84],[33,-52],[33,-69],[56,-121],[73,-143],[33,-47],[72,-153]],[[27207,56738],[-51,17],[-67,37],[-68,-30],[-9,-21],[74,-75],[44,-129],[16,-44],[4,-82],[22,-21],[34,-18],[31,-4],[30,25],[80,44],[28,72],[45,50],[43,43],[56,-21],[-100,-279],[-35,-6],[-81,31],[-60,13],[-52,-1],[-48,7],[-63,-6],[-57,15],[-30,140],[-35,111],[-3,65],[27,75],[80,309],[8,51],[26,22],[154,107],[12,35],[-66,86],[0,54],[-36,39],[23,36],[424,-59],[29,-26],[-12,-272],[-28,-41],[-91,-43],[-175,-44],[-96,-234],[-27,-28]],[[55902,20053],[-25,-15],[18,-63],[76,-172],[-65,-22],[-260,-68],[-133,-28],[-220,-56],[-62,123],[-19,48],[-47,105],[79,62],[52,50],[58,43],[38,21],[61,16],[47,9],[19,7],[31,17],[64,17],[34,11],[35,-2],[65,-27],[54,-22]],[[36499,23044],[143,50],[-30,88],[160,42],[9,-55],[16,-57],[27,-49],[36,-58],[31,-45],[78,-103],[163,-384],[-64,-7],[-87,-14],[-62,-9],[-55,-40],[-77,-51]],[[55412,21291],[-10,18],[71,191],[347,139],[-133,276],[391,153],[188,-141],[35,-3],[53,26],[125,20],[135,42],[8,-23]],[[32461,33597],[11,-56],[20,-78],[2,-41],[-20,-30],[-94,-43],[-80,-54],[-81,-61],[-53,-58],[-52,-74],[-34,-114],[-26,-102],[-7,-107],[-11,-63],[-32,-50],[-55,-56],[-41,-41],[-52,-32],[-42,-80],[-30,-72],[-11,-41],[-28,-36],[-59,-48],[-66,-54],[-41,-22],[-63,-32],[-22,7],[-41,152],[14,33],[60,156],[132,271],[-2,54],[60,49],[74,2],[30,-21],[77,19],[60,42],[9,35],[-41,133],[-76,50],[2,44],[88,51],[125,77],[125,40],[84,175],[111,9],[28,80],[36,6],[12,-19]],[[33031,27111],[78,-32],[65,-36],[26,-21],[54,-18],[49,-9],[48,-18],[59,-26],[44,-29],[17,-14],[-95,-255],[-60,-102],[-70,-4],[-105,20],[-269,101],[-66,31],[-18,30],[-7,37],[159,354],[22,26],[28,-9],[41,-26]],[[69969,73981],[0,12],[13,15],[17,2],[21,-28],[16,-32],[30,-55],[39,-80],[88,-131],[66,-50],[64,-87],[62,-79],[256,-366],[145,-193],[167,-215],[39,-70],[-28,-24],[-80,24],[-85,37],[-75,31],[-61,18],[-56,28],[-55,42],[-68,65],[-32,43],[-30,36],[-29,26],[-55,19],[-50,2],[-26,17],[-20,48],[1,40],[6,67],[-4,65],[-4,27],[-15,11],[-32,-3],[-36,-17],[-28,-2],[-7,14],[-7,33],[-1,62],[-7,57],[-10,72],[-28,35],[-10,48],[-13,18],[-9,35],[-7,12],[-14,19],[-8,29],[-5,20],[-7,38],[-7,22],[1,37],[-2,19],[11,26],[9,22],[-5,32],[-9,38],[-8,29],[-18,40]],[[51914,19696],[11,21],[15,21],[14,18],[26,13],[27,20],[30,18],[38,25],[38,20],[46,24],[18,6],[-4,-210],[23,-9],[20,-5],[36,-21],[20,-12],[17,-348],[-22,-19],[-18,-23],[-26,-17],[-12,-13],[-2,-31],[4,-29],[8,-35],[-174,-177],[-19,-5],[-55,3]],[[1724,18531],[-118,94],[-76,52],[-46,60],[-25,31],[-22,13],[-27,14],[-25,30],[-10,30],[-60,66],[-14,34],[-72,47],[-74,3],[-85,9],[-155,-54],[-88,-7],[-44,-14],[-19,43],[28,53],[63,56],[58,19],[44,12],[80,30],[121,0],[131,-27],[18,-5],[44,-7],[71,-27],[35,-8],[90,-49],[57,-53],[49,-21],[99,-148],[32,-63],[56,-54],[122,-175],[90,-173],[44,-68],[81,-333],[-16,-28],[13,-142],[-16,-24],[-69,-23],[-139,236],[-14,141],[26,39],[14,61],[-62,150],[-145,152],[-45,28]],[[63117,21873],[-10,14],[-34,31],[-35,40],[-57,41],[-42,18],[-21,29],[-22,22],[-12,16],[-29,12],[-24,-2],[-26,28],[-30,24],[-26,22],[-29,9],[-20,3],[-25,29],[-23,12],[-26,15],[-29,27],[-21,34],[-10,30],[-21,40],[-7,20],[-5,42],[9,20],[-9,33],[10,31],[8,20],[5,31],[-4,14],[54,46],[28,63],[43,63],[8,18],[15,13],[36,-22],[39,-24],[33,-33],[18,-30],[107,-179],[185,-291],[69,-100],[25,-25],[17,-19],[10,-19],[8,-19]],[[69134,74970],[41,14],[26,4],[22,5],[85,77],[74,-3],[26,42],[82,52],[-2,25],[28,15],[36,17],[49,-90],[70,-163],[49,-118],[54,-139],[46,-140],[-14,-5],[-18,-12],[-23,-33],[47,-111],[-9,-23],[-52,-27],[-39,25],[-22,-13],[-4,-7],[-35,-30],[-51,31],[-28,76],[-35,70],[-29,44],[-38,70],[-21,45],[-63,74],[-146,96],[-27,32],[-23,29],[-32,23],[-24,48]],[[52190,18537],[42,-91],[-4,-55],[-32,-63],[-29,-59],[-133,-111],[-359,-117],[-83,-31],[-94,15],[-58,48],[-58,57],[-25,82],[-27,-10],[-12,42],[-2,38],[8,55],[19,48],[-21,89],[219,85],[61,4],[70,3],[63,-51],[275,-1],[148,28],[32,-5]],[[31678,40892],[-21,-118],[-50,-119],[-78,-69],[-55,-39],[-81,-7],[-120,-63],[-125,-98],[-29,117],[-103,222],[130,70],[-83,209],[69,15],[114,0],[88,14],[80,44],[127,-39],[59,-29],[35,-6],[24,23],[26,-12],[-7,-115]],[[27516,27956],[288,-96],[106,-47],[157,-69],[-61,-234],[40,-44],[-158,-36],[-232,5],[-141,14],[-194,47]],[[59583,22752],[-19,-59],[-221,-106],[-116,-31],[-181,-38],[-114,-8],[-98,17],[-91,13],[-207,-1],[-50,32],[-16,33],[3,99],[56,56],[112,33],[117,61],[180,-11],[126,-14],[165,-46],[354,-30]],[[29230,47725],[-5,185],[30,58],[31,19],[102,30],[59,-6],[75,-26],[85,-25],[29,-46],[26,-40],[-2,-26],[28,-38],[20,-74],[9,-89],[-21,-139],[-12,-34],[-94,-53],[-77,-28],[-109,-29],[-115,-27],[-39,16],[-95,68],[-7,74],[61,24],[8,53],[13,153]],[[30323,40987],[189,-84],[156,-55],[148,-78],[53,-168],[33,-76],[61,-19],[37,-25],[2,-16],[-53,-27],[-52,-37],[-48,-52],[-64,-8],[-106,-15],[-134,58],[-182,68],[-37,136],[-86,133],[-60,24],[-40,17],[3,77],[74,210]],[[59492,21703],[339,95],[35,-21],[47,-50],[36,-42],[16,-34],[36,-50],[78,-62],[40,-87],[71,18],[65,2],[54,4],[83,-21],[-15,-146],[-36,-3],[-59,50],[-51,35],[-54,4],[-119,-46],[-60,-6],[-146,-8],[-62,1],[-63,9],[-43,-16],[-90,-29],[-71,-1],[-64,13],[-36,7],[34,19],[58,24],[-29,70],[-206,-72],[-27,34],[11,33],[118,46],[103,21],[26,30],[-2,50],[-21,59],[-11,56],[15,14]],[[84004,71142],[459,-106],[20,-37],[4,-30],[-37,1],[-29,-17],[-5,-38],[-16,-29],[-25,-13],[-24,-21],[-25,-28],[-21,29],[-8,-41],[-25,-46],[-17,-38],[-41,-25],[-58,1],[-17,-96],[-54,-4],[4,-42],[-41,-29],[-38,-64],[-306,151],[-19,28],[37,103],[4,50],[58,58],[17,96],[203,187]],[[31322,32571],[-94,-270],[-120,-262],[-393,318],[-32,285],[37,113]],[[30746,32857],[576,-286]],[[32287,31699],[25,-32],[18,-39],[6,-47],[23,-31],[29,-38],[21,-38],[23,-38],[43,-67],[17,-23],[41,-2],[39,-23],[7,-46],[8,-51],[-17,-42],[-50,-46],[-43,-65],[-77,-54],[-75,-54],[-56,-42],[-43,6],[-3,37],[-128,140],[-52,56],[-54,53],[-68,75],[-35,72],[8,293],[14,30],[95,23],[18,40],[158,68],[44,-14],[27,-59],[37,-42]],[[80462,70902],[21,13],[18,10],[15,2],[13,6],[18,-1],[15,0],[21,3],[5,0],[10,-23],[100,-16],[28,-19],[39,-5],[23,-13],[0,-36],[-34,-151],[-13,-59],[-165,-354],[-139,12],[-16,-9],[-44,-14],[-74,12],[-107,23],[-85,27],[-107,35],[48,192],[21,13],[10,47],[42,96],[10,23],[16,18],[18,3],[23,2],[5,23],[23,3],[18,0],[13,21],[0,20],[10,16],[13,10],[16,18],[13,8],[18,18],[18,8],[12,10],[18,11],[26,-1],[18,-5],[16,0],[7,0],[26,3]],[[36800,21364],[20,0],[28,-1],[32,-11],[12,-13],[13,-24],[35,-7],[26,-38],[18,-38],[29,-36],[3,-19],[1,-29],[3,-31],[5,-39],[9,-47],[16,-42],[19,-43],[25,-31],[21,-28],[22,-33],[0,-16],[-12,-16],[-26,-11]],[[36642,20616],[-8,37],[-25,51],[-26,59],[-20,51],[-19,46],[-20,41],[-14,17],[-13,20],[-10,30],[-19,43],[-15,19],[-21,65],[-18,26],[-26,33],[-12,12]],[[32377,27430],[66,-23],[82,-21],[60,-20],[28,-60],[29,-44],[51,-34],[42,-23],[54,-43],[33,-56],[-98,-299],[-34,-18],[-35,-9],[-596,239],[128,336],[13,47],[-2,57],[4,43],[16,46],[22,-1],[20,-35],[24,-28],[52,-29],[41,-25]],[[27784,36162],[-30,60],[-7,17],[-10,13],[-17,8],[-12,2],[-15,0],[-14,-12],[-14,-7],[-7,-3],[-23,24],[-14,5],[-26,0],[-10,10],[-80,66],[-10,31],[14,57],[8,0],[9,0],[41,157],[17,36],[5,29],[19,28],[7,20],[0,21],[0,15],[7,11],[8,8],[9,6],[8,1],[19,0],[15,0],[7,-12],[0,-3],[7,-4],[17,-14],[10,11],[16,10],[361,-157],[177,-73],[-24,-76],[-182,-389]],[[34953,26030],[-15,3],[-15,15],[-21,36],[-20,24],[-27,35],[-37,42],[-56,66],[-114,64],[-166,63],[-74,17],[-72,19],[-83,9],[-113,8],[18,121],[26,26],[155,53],[109,19],[69,7],[111,7],[165,-17],[124,-36],[77,-28],[97,-49],[25,-24],[0,-67]],[[31420,33316],[41,-18],[-117,-521],[-38,-57],[29,-101],[-13,-48]],[[35187,22991],[1,31],[24,13],[53,21],[61,25],[89,31],[35,12],[74,29],[70,28],[51,23],[65,25],[116,46],[63,26],[79,28],[93,37],[41,21],[35,9],[77,25],[31,8],[32,-4],[38,-21],[32,-33],[21,-35],[23,-44],[23,-56],[2,-39],[-442,-200],[-53,13],[-3,-32],[-120,-49],[-196,-65],[-71,0],[-344,127]],[[75583,61486],[13,78],[3,79],[-3,49],[-19,66],[18,69],[18,93],[40,61],[43,65],[24,43],[51,14],[49,-11],[23,-33],[-1,-88],[-2,-62],[8,-76],[-7,-57],[-41,-64],[31,-61],[-3,-116],[-38,-54],[7,-57],[-81,-135],[-6,-47],[-26,-114],[-50,-73],[-28,-56],[-12,-49],[-66,-31],[-50,2],[-36,72],[-19,75],[14,37],[-17,39],[-20,42],[26,28],[35,40],[18,5],[75,8],[35,21],[-4,44],[-1,52],[3,55],[-4,47]],[[30416,44175],[6,-43],[15,-30],[12,-38],[12,-47],[3,-22],[-27,-46],[-17,-33],[-23,-45],[-21,-38],[-38,-37],[-41,-48],[-20,-28],[-30,-22],[-34,-18],[-28,-9],[-37,-26],[-23,-28],[-33,-31],[-35,-31],[-15,-1],[-37,-10],[-19,-6],[-27,-1],[-21,-16],[-47,-25],[-27,-13],[-37,-13],[-17,-14],[-39,-15],[-11,9],[-12,19],[-7,17],[12,28],[13,30],[11,30],[8,48],[-6,33],[-3,35],[-8,28],[-14,31],[0,31],[9,26],[5,29],[8,34],[5,24],[6,-8],[13,-27],[12,-22],[14,-20],[18,-18],[52,-26],[19,16],[77,89],[4,56],[-1,19],[20,89],[13,38],[-1,24],[16,57]],[[28532,26621],[-21,-96],[-53,-11],[23,-38],[-24,-252],[-375,-39],[-92,72],[5,113],[-26,107],[-34,28],[14,199],[54,81],[31,50],[30,27],[231,70],[62,6],[145,-5],[69,-13],[17,-27],[-12,-124],[-42,-49],[-16,-37],[14,-62]],[[29555,27449],[-288,20],[-252,10],[-301,1],[93,180],[282,71],[28,61],[56,43],[187,25],[155,-61],[-21,-73],[99,-37],[26,72],[43,-20]],[[55351,19477],[47,-17],[51,-27],[39,-45],[25,-34],[29,0],[21,21],[11,-3],[65,-15],[42,-16],[33,-24],[43,-36],[32,-37],[34,-45],[16,-29],[-781,-120],[-109,-17],[-108,131],[-7,43],[13,44],[41,31],[48,30],[51,31],[173,80],[40,43],[45,15],[50,0],[56,-4]],[[36607,22153],[23,4],[48,33],[47,23],[30,29],[46,42],[30,33],[35,35],[46,38],[29,19],[36,26],[151,14],[30,-16],[16,-149],[-7,-39],[-7,-68],[-19,-97],[-32,-91],[-16,-86],[-44,-102],[-19,-50],[-7,-59],[-10,-68],[-5,-41],[-13,-8],[-26,-4],[-33,4],[-12,-3],[-103,8],[-1,28],[-7,25],[-14,12],[-18,-12],[-9,-21],[-6,7],[-11,22],[-9,23],[-22,44],[-10,36],[-12,20],[6,27],[-9,36],[-10,19],[-4,40],[3,42],[8,22],[26,13],[10,9],[-2,23],[-4,24],[-9,21],[-10,22],[-14,17],[-24,25],[-22,10],[-30,4]],[[87107,76313],[77,-7],[37,-19],[-10,-21],[-30,-56],[-44,-30],[-100,-68],[-5,-67],[-121,-93],[-207,-185],[-93,-32],[-130,-119],[-63,-42],[-145,59],[-40,54],[17,56],[367,366],[272,74],[102,40],[88,53],[28,37]],[[60769,22737],[21,-56],[21,-53],[-38,-144],[-52,-49],[-96,-84],[-430,-248],[-133,-9],[-41,81],[-36,-16],[-82,188],[866,390]],[[34498,25155],[51,-85],[12,-45],[74,-34],[68,-11],[87,2],[57,-10],[44,-54],[-3,-44],[-37,-38],[-39,-102],[-54,-81],[-43,-129],[-56,-148],[-93,33],[-89,63],[-105,50],[-111,32],[-80,0],[-54,11],[-258,105]],[[31757,34166],[-10,-32],[14,-24],[-10,-30],[-22,3],[-16,-12],[8,-25],[4,-46],[-12,-22],[-18,-30],[-7,-36],[-4,-44],[11,-32],[-109,-61],[7,28],[-5,32],[-12,51],[-12,43],[10,74],[10,75],[6,39],[33,47],[17,37],[7,38],[27,16],[0,-33],[1,-30],[14,-20],[34,-3],[34,-3]],[[27123,28255],[50,15],[-105,72],[83,207],[221,-167],[-49,-61],[-36,-50],[-13,-30],[-4,-56]],[[30324,39207],[-91,-182],[-9,-6],[-22,0],[-34,17],[-28,11],[-11,2],[-65,40],[-15,17],[-17,11],[-28,18],[-28,13],[-19,6],[19,5],[22,0],[10,8],[9,7],[2,22],[5,13],[6,13],[15,24],[11,22],[11,15],[11,30]],[[30593,39995],[210,179],[205,100],[22,-43],[-291,-319]],[[59924,22578],[196,108],[111,44],[56,-128],[-322,-159],[-29,49],[-12,86]],[[52470,19154],[58,29],[42,-19],[43,-19],[83,-21],[64,-28],[8,-33],[-10,-24],[-15,-39],[-31,-29],[-64,-34],[-23,-5],[-20,14],[-39,29],[-63,-6],[-31,38],[-26,35],[24,112]],[[53142,18495],[14,5],[33,1],[34,1],[14,-2],[35,-1],[20,11],[26,5],[25,10],[24,9],[35,5],[17,20],[3,10],[1,32],[-4,26],[-7,37],[4,11],[21,-2],[35,2],[50,4],[46,2],[58,4],[37,-1],[59,4],[54,4],[47,8],[31,11],[21,9],[47,26],[16,19],[58,25],[31,17],[46,34],[47,28],[37,-27],[-12,-21],[-4,-17],[-13,-15],[-18,-15],[-17,-36],[-6,-38],[-71,-4],[-5,-16],[-37,-14],[-21,-52],[-12,-33],[-155,-72],[-81,38],[-41,-11],[-79,25],[-37,3],[-48,-42],[-39,-61],[2,-25],[12,-35],[-75,27],[-133,23],[-32,1],[-21,9],[-17,-1],[-20,6],[-17,18],[-18,11]],[[30150,26610],[185,-125],[-4,-30],[72,-66],[107,-93],[-31,-80],[-69,9],[-110,3],[-102,3],[-106,-6],[-105,36],[-60,-14],[-165,45],[246,121],[62,59],[60,96],[20,42]],[[28375,47793],[10,228],[13,28],[-1,79],[29,33],[55,11],[59,-8],[198,-56],[61,-14],[60,11],[31,-2],[-13,-47],[-48,-80],[-51,-74],[-50,-43],[-65,-42],[-83,-8],[-205,-16]],[[32609,34136],[-53,-15],[-3,41],[-44,194],[41,9],[29,-18],[47,-6],[107,-11],[80,91],[48,-25],[54,-26],[45,-17],[54,-40],[80,-40],[39,-28],[0,-57],[-30,16],[-27,-9],[-12,-25]],[[2462,18468],[18,37],[21,2],[39,-70],[26,-108],[71,-107],[53,-33],[50,-26],[16,0],[38,-6],[19,0],[136,4],[135,63],[16,-10],[48,17],[56,49],[76,9],[12,-22],[51,-48],[-16,-38],[-112,-25],[-145,-54],[-146,-72],[-16,-35],[-153,-56],[-53,18],[-86,190],[-108,222],[-28,12],[-18,87]],[[56608,20603],[-29,-16],[-3,-27],[-176,-66],[-129,-11],[-100,-28],[-51,27],[-41,65],[3,36],[55,57],[89,77],[98,65],[154,79],[81,-127],[49,-131]],[[52921,18367],[16,20],[78,-2],[164,-15],[25,-32],[12,-116],[-3,-120],[2,-94],[8,-70],[-109,-19],[-97,60],[-11,135],[-90,68],[5,185]],[[26527,29159],[-39,-124],[-26,-22],[-53,-118],[-34,-53],[-13,-63],[-100,-219],[-33,14],[-21,-28],[-240,122],[125,148],[107,111],[103,87],[83,71],[79,45],[62,29]],[[28513,33369],[6,16],[9,28],[16,30],[18,22],[2,26],[14,29],[14,25],[14,24],[14,33],[21,14],[1,16],[13,17],[20,8],[17,2],[22,0],[21,16],[20,2],[28,-13],[21,-20],[16,-11],[33,-6],[23,-13],[32,-15],[21,-13],[6,-23],[3,-18]],[[26908,28637],[-404,199],[2,38],[85,218],[117,-46],[135,-84],[96,-57],[16,-72],[5,-89],[-52,-107]],[[27782,59821],[170,-29],[22,-22],[-31,-181],[-9,-94],[-30,-11],[0,-77],[-47,-19],[-87,19],[66,-24],[-74,24],[-65,11],[-11,57],[-18,2],[-47,26],[-40,22],[-22,15],[-33,-2],[-18,40],[51,54],[67,70],[49,70],[107,49]],[[30965,34144],[-106,-5],[-144,-4],[-46,23],[84,336],[112,-27],[31,71],[192,-90]],[[58749,21806],[-357,-505],[-188,127],[-6,40],[16,30],[-13,19],[89,136],[60,54],[70,45],[76,36],[64,17],[78,28],[68,8],[43,-35]],[[63027,22474],[19,9],[31,16],[23,12],[31,5],[35,-9],[34,-9],[39,-31],[36,-32],[22,-27],[37,-59],[48,-50],[39,-50],[56,-68],[0,-15],[-8,-20],[-9,-37],[-5,-24],[-2,-34],[-11,-21],[-19,-16],[-20,0],[-29,20],[-76,47],[-37,-4],[-43,58],[-49,82],[-142,257]],[[29017,46791],[12,71],[135,222],[60,52],[56,76],[25,52],[106,51],[-25,-77],[3,-85],[-61,-60],[-48,-47],[-68,-14],[-39,-63],[18,-355],[9,-107],[-159,-8]],[[34182,25724],[15,23],[97,23],[42,-5],[61,-33],[111,-111],[39,-83],[7,-128],[30,-66],[21,-112],[-130,28],[72,-49],[-49,-56]],[[30276,36160],[-118,-206]],[[29566,36198],[53,129],[197,-61],[11,68]],[[54883,20258],[39,34],[56,25],[69,33],[54,15],[50,10],[59,-2],[54,0],[-9,-65],[-39,-42],[-48,-53],[-32,-27],[-35,-82],[-65,-63],[-69,-15],[-46,-19],[-39,5],[-56,-19],[-34,-17],[-35,-23],[-38,-36],[-41,-21],[-17,32],[6,65],[26,63],[56,68],[33,35],[48,34],[53,65]],[[27827,58106],[-34,-7],[-21,-66],[-107,-95],[2,-28],[-35,-47],[-37,5],[-48,146],[-38,88],[-20,35],[-35,173],[9,31],[32,9],[126,26],[64,5],[172,-32],[15,-61],[-22,-140],[-23,-42]],[[33262,25901],[-84,72],[57,83],[40,23],[44,44],[53,32],[53,44],[40,86],[18,59],[20,22],[9,53],[58,19],[151,26],[104,19],[43,16],[-45,-75],[-24,-166],[-34,2],[-40,-126],[-93,-33],[-73,-6],[-78,-2],[-77,-41],[-59,-45],[-49,-62],[-34,-44]],[[52806,19973],[13,9],[23,12],[17,-22],[5,-80],[14,-62],[9,-108],[13,-72],[18,-43],[0,-42],[15,-33],[4,-28],[-18,-28],[-77,-10],[-75,-9],[-76,-11],[-40,-4],[6,47],[9,45],[-9,56],[-6,45],[-16,30],[-6,56],[-13,54],[-4,35],[-9,60],[25,42],[38,18],[49,1],[43,5],[48,37]],[[76028,61969],[91,-31],[159,-56],[54,-38],[-33,-106],[-35,-42],[-16,-52],[-55,-114],[-86,-5],[-54,8],[-86,75],[-31,47],[5,75],[14,51],[31,31],[-20,32],[-23,41],[7,76],[37,15],[41,-7]],[[29014,26632],[-93,40],[-7,24],[-127,54],[-33,-21],[-127,21],[0,208],[28,26],[144,23],[122,-3],[236,-9]],[[29776,41609],[268,-183],[57,76],[111,-69],[-28,-55],[-34,-63],[-29,-63],[-39,-76],[-24,-39],[-53,0],[-83,14],[-67,49],[-81,155],[-27,185],[0,46],[29,23]],[[31218,36005],[-5,-24],[-7,-27],[-12,-18],[-3,-23],[-14,-37],[-17,-29],[-8,-29],[-12,-26],[-20,-37],[-16,-48],[-26,6],[-18,26],[-65,120],[47,56],[21,82],[9,25],[14,9],[10,4],[3,11]],[[54784,18965],[16,11],[18,-3],[29,-10],[13,7],[22,4],[14,-5],[23,-1],[37,1],[26,1],[5,-2],[12,-33],[11,-17],[-7,-16],[-5,-19],[-1,-23],[-1,-28],[-14,-15],[-8,-17],[-16,-31],[-6,-11],[-9,-47],[-3,-21],[-14,-22],[-9,-31],[-8,-28],[-10,-35],[-140,0],[2,17],[17,20],[4,37],[18,42],[17,67],[9,37],[-1,41],[-13,44],[-11,36],[-17,50]],[[33417,33943],[47,-16],[-27,-68],[-70,-61],[-50,-61],[-86,-50],[-78,-81],[-108,-224],[-121,-84],[-28,117],[51,14],[190,261],[95,90],[77,54],[90,67],[18,42]],[[29609,44526],[-9,-4],[-36,-2],[-39,3],[-22,10],[-55,40],[-51,39],[-49,51],[-33,29],[-32,18],[-24,28],[2,10],[8,11],[11,6],[16,-3],[17,-17],[21,-16],[17,-19],[7,-23],[12,-13],[21,4],[13,-14],[23,-17],[21,6],[29,14],[44,8],[24,19],[26,4],[20,16],[29,14],[46,16],[22,1],[16,-18],[41,-42],[20,-32],[21,-23],[0,-6],[-17,-4],[-22,-13],[-4,-18],[5,-18]],[[28162,45229],[-59,41],[-53,19],[-63,137],[49,119],[41,35],[35,2],[37,-16],[45,-43],[24,-42],[11,-58],[-2,-81],[4,-75],[-69,-38]],[[57526,20507],[-26,28],[-49,126],[-63,163],[356,129],[15,-105],[-32,-26],[-122,-46],[-95,-42],[12,-45],[33,-86],[28,-23],[9,-39]],[[31008,28335],[-75,31],[-189,77],[31,52],[27,70],[7,39],[12,34],[38,0],[207,-111]]],"transform":{"scale":[0.0000028041199737289548,0.000002035993152039592],"translate":[142.319757406,42.921196091]},"objects":{"2025_014630":{"type":"GeometryCollection","geometries":[{"arcs":[[0,1,2]],"type":"Polygon","properties":{"polygon_uuid":"a232c36f-cde5-4799-b3ac-4de41d373356","land_type":200,"issue_year":2025,"edit_year":2020,"history":"[{\"筆ポリゴンID\":\"db537a41-4d8b-4e7f-b09e-853b4dd0129b\",\"更新年度\":2024,\"前年同一\":true},[{\"筆ポリゴンID\":\"0f952aef-86e3-4865-9afc-92fb6973a668\",\"更新年度\":2023,\"前年同一\":true},[{\"筆ポリゴンID\":\"814252f5-a67a-433a-9630-cb6a938d1696\",\"更新年度\":2022,\"前年同一\":true},[{\"筆ポリゴンID\":\"1b901861-01a6-4508-99fd-82badb2dc117\",\"更新年度\":2021,\"前年同一\":true},{\"筆ポリゴンID\":\"1b901861-01a6-4508-99fd-82badb2dc117\",\"発生年度\":2020}]]]]","last_polygon_uuid":"db537a41-4d8b-4e7f-b09e-853b4dd0129b","prev_last_polygon_uuid":"0f952aef-86e3-4865-9afc-92fb6973a668","local_government_cd":"014630","point_lng":142.414558395,"point_lat":42.972530695}},{"arcs":[[3,4]],"type":"Polygon","properties":{"polygon_uuid":"6a9a85c1-3ca1-4b76-adf0-1e6f76f66024","land_type":100,"issue_year":2025,"edit_year":2020,"history":"[{\"筆ポリゴンID\":\"f4e2b7d7-b9c9-4b2a-bbb7-8e59a73b9164\",\"更新年度\":2024,\"前年同一\":true},[{\"筆ポリゴンID\":\"ccb38aaa-01a6-493e-8bb7-f59858f2f93d\",\"更新年度\":2023,\"前年同一\":true},[{\"筆ポリゴンID\":\"d203a181-af3d-425f-8c88-60154972f224\",\"更新年度\":2022,\"前年同一\":true},[{\"筆ポリゴンID\":\"02a3d1c6-5dfa-4ae8-8e85-b245c1e3de95\",\"更新年度\":2021,\"前年同一\":true},{\"筆ポリゴンID\":\"02a3d1c6-5dfa-4ae8-8e85-b245c1e3de95\",\"発生年度\":2020}]]]]","last_polygon_uuid":"f4e2b7d7-b9c9-4b2a-bbb7-8e59a73b9164","prev_last_polygon_uuid":"ccb38aaa-01a6-493e-8bb7-f59858f2f93d","local_government_cd":"014630","point_lng":142.401958428,"point_lat":42.984032795}},{"arcs":[[5]],"type":"Polygon","properties":{"polygon_uuid":"3bfd28d1-10a1-4f9b-90a3-c19b538c5708","land_type":100,"issue_year":2025,"edit_year":2020,"history":"[{\"筆ポリゴンID\":\"5073254b-aa61-456a-94b7-3a0e716d998d\",\"更新年度\":2024,\"前年同一\":true},[{\"筆ポリゴンID\":\"9ce0fd58-1893-4529-aba5-97c821a66db3\",\"更新年度\":2023,\"前年同一\":true},[{\"筆ポリゴンID\":\"e3e9620b-02d0-4da5-a1f1-037d29af2a92\",\"更新年度\":2022,\"前年同一\":true},[{\"筆ポリゴンID\":\"b8d0c0ee-4bd3-4fc7-a75f-2e25dc928178\",\"更新年度\":2021,\"前年同一\":true},{\"筆ポリゴンID\":\"b8d0c0ee-4bd3-4fc7-a75f-2e25dc928178\",\"発生年度\":2020}]]]]","last_polygon_uuid":"5073254b-aa61-456a-94b7-3a0e716d998d","prev_last_polygon_uuid":"9ce0fd58-1893-4529-aba5-97c821a66db3","local_government_cd":"014630","point_lng":142.397704094,"point_lat":42.984687505}},{"arcs":[[6]],"type":"Polygon","properties":{"polygon_uuid":"0a3e97c5-9e9d-467d-8fe9-f2ce959613db","land_type":200,"issue_year":2025,"edit_year":2020,"history":"[{\"筆ポリゴンID\":\"7306dcf7-6f9a-404b-a95f-9016fe32356f\",\"更新年度\":2024,\"前年同一\":true},[{\"筆ポリゴンID\":\"255bf299-1527-41f9-998d-df89b4fb5ef2\",\"更新年度\":2023,\"前年同一\":true},[{\"筆ポリゴンID\":\"f0fa9313-3f98-4ebb-b763-4a42db093444\",\"更新年度\":2022,\"前年同一\":true},[{\"筆ポリゴンID\":\"81c89ac7-f7e3-41df-9fd5-cc89e611487b\",\"更新年度\":2021,\"前年同一\":true},{\"筆ポリゴンID\":\"81c89ac7-f7e3-41df-9fd5-cc89e611487b\",\"発生年度\":2020}]]]]","last_polygon_uuid":"7306dcf7-6f9a-404b-a95f-9016fe32356f","prev_last_polygon_uuid":"255bf299-1527-41f9-998d-df89b4fb5ef2","local_government_cd":"014630","point_lng":142.418877076,"point_lat":42.969567874}},{"arcs":[[7]],"type":"Polygon","properties":{"polygon_uuid":"e5ea424a-9b15-4355-8cd0-1ec6915fbfe9","land_type":200,"issue_year":2025,"edit_year":2020,"history":"[{\"筆ポリゴンID\":\"d42d9ddb-814a-4147-a17a-650350197e41\",\"更新年度\":2024,\"前年同一\":true},[{\"筆ポリゴンID\":\"9cf1b9af-ac9a-47b6-8a27-85243418d616\",\"更新年度\":2023,\"前年同一\":true},[{\"筆ポリゴンID\":\"867aa970-a0cc-4f01-944e-8e6ffb93ba9c\",\"更新年度\":2022,\"前年同一\":true},[{\"筆ポリゴンID\":\"6c8842d6-2c34-4577-a4ac-eb0ad73da382\",\"更新年度\":2021,\"前年同一\":true},{\"筆ポリゴンID\":\"6c8842d6-2c34-4577-a4ac-eb0ad73da382\",\"発生年度\":2020}]]]]","last_polygon_uuid":"d42d9ddb-814a-4147-a17a-650350197e41","prev_last_polygon_uuid":"9cf1b9af-ac9a-47b6-8a27-85243418d616","local_government_cd":"014630","point_lng":142.407709826,"point_lat":42.992118704}},{"arcs":[[8,-4]],"type":"Polygon","properties":{"polygon_uuid":"ff977db2-7657-4e85-b47d-9779cdb54f1c","land_type":100,"issue_year":2025,"edit_year":2020,"history":"[{\"筆ポリゴンID\":\"e05ebced-80f8-4335-b55b-0592023e2a7f\",\"更新年度\":2024,\"前年同一\":true},[{\"筆ポリゴンID\":\"7185fb48-d3e7-411c-9746-d87aa807104e\",\"更新年度\":2023,\"前年同一\":true},[{\"筆ポリゴンID\":\"cbe762d4-6afd-406c-a50e-2ba701088e33\",\"更新年度\":2022,\"前年同一\":true},[{\"筆ポリゴンID\":\"85b9f96b-a4e5-495e-a817-04dc99cb10f2\",\"更新年度\":2021,\"前年同一\":true},{\"筆ポリゴンID\":\"85b9f96b-a4e5-495e-a817-04dc99cb10f2\",\"発生年度\":2020}]]]]","last_polygon_uuid":"e05ebced-80f8-4335-b55b-0592023e2a7f","prev_last_polygon_uuid":"7185fb48-d3e7-411c-9746-d87aa807104e","local_government_cd":"014630","point_lng":142.4047902,"point_lat":42.984168054}},{"arcs":[[9]],"type":"Polygon","properties":{"polygon_uuid":"fea4a771-d240-4d78-b3ed-3393ed9c436c","land_type":100,"issue_year":2025,"edit_year":2020,"history":"[{\"筆ポリゴンID\":\"c3ecd15b-cece-46ca-90e7-a630b8becb93\",\"更新年度\":2024,\"前年同一\":true},[{\"筆ポリゴンID\":\"e1e04e96-c717-4c43-8e7f-cf10f6d3a9a0\",\"更新年度\":2023,\"前年同一\":true},[{\"筆ポリゴンID\":\"8ca06065-080e-4d04-bc0e-0d0bf175222f\",\"更新年度\":2022,\"前年同一\":true},[{\"筆ポリゴンID\":\"6cd5b3fb-288e-45a5-ad43-cd7a7675a62b\",\"更新年度\":2021,\"前年同一\":true},{\"筆ポリゴンID\":\"6cd5b3fb-288e-45a5-ad43-cd7a7675a62b\",\"発生年度\":2020}]]]]","last_polygon_uuid":"c3ecd15b-cece-46ca-90e7-a630b8becb93","prev_last_polygon_uuid":"e1e04e96-c717-4c43-8e7f-cf10f6d3a9a0","local_government_cd":"014630","point_lng":142.405548367,"point_lat":42.996639206}},{"arcs":[[10]],"type":"Polygon","properties":{"polygon_uuid":"31f380d7-5e95-44c8-8673-1961cd19fcb9","land_type":200,"issue_year":2025,"edit_year":2020,"history":"[{\"筆ポリゴンID\":\"be868b1b-5414-48fd-8273-90c3439ff976\",\"更新年度\":2024,\"前年同一\":true},[{\"筆ポリゴンID\":\"6c91fd14-4ed7-4022-9542-fd308e719db8\",\"更新年度\":2023,\"前年同一\":true},[{\"筆ポリゴンID\":\"b8446217-fa50-4111-a3d8-336271f0c8be\",\"更新年度\":2022,\"前年同一\":true},[{\"筆ポリゴンID\":\"bdea9757-4a2f-459c-9e3c-698e4956314a\",\"更新年度\":2021,\"前年同一\":true},{\"筆ポリゴンID\":\"bdea9757-4a2f-459c-9e3c-698e4956314a\",\"発生年度\":2020}]]]]","last_polygon_uuid":"be868b1b-5414-48fd-8273-90c3439ff976","prev_last_polygon_uuid":"6c91fd14-4ed7-4022-9542-fd308e719db8","local_government_cd":"014630","point_lng":142.563896892,"point_lat":43.076968214}},{"arcs":[[11]],"type":"Polygon","properties":{"polygon_uuid":"1b9ed1a1-6282-4391-a41a-0bf8806e2bd9","land_type":100,"issue_year":2025,"edit_year":2021,"history":"[{\"筆ポリゴンID\":\"d75ebb8d-5507-4152-869f-5141aeb180df\",\"更新年度\":2024,\"前年同一\":true},[{\"筆ポリゴンID\":\"ab24f0ae-dd3f-4abf-bcc8-df6056c07e29\",\"更新年度\":2023,\"前年同一\":true},[{\"筆ポリゴンID\":\"a26475e6-c451-4989-8c33-22fe5c492adc\",\"更新年度\":2022,\"前年同一\":true},[{\"筆ポリゴンID\":\"f61ef47d-acce-4725-9cfb-177464285e0b\",\"更新年度\":2021,\"関連\":true},{\"筆ポリゴンID\":\"f61ef47d-acce-4725-9cfb-177464285e0b\",\"発生年度\":2020}]]]]","last_polygon_uuid":"d75ebb8d-5507-4152-869f-5141aeb180df","prev_last_polygon_uuid":"ab24f0ae-dd3f-4abf-bcc8-df6056c07e29","local_government_cd":"014630","point_lng":142.469788364,"point_lat":42.96176327}},{"arcs":[[12]],"type":"Polygon","properties":{"polygon_uuid":"f3c349e6-7126-4755-b2aa-b1827d15430b","land_type":200,"issue_year":2025,"edit_year":2021,"history":"[{\"筆ポリゴンID\":\"525cfa5c-9a6b-4e10-98bf-b8a46d1c6e09\",\"更新年度\":2024,\"前年同一\":true},[{\"筆ポリゴンID\":\"9f06fb56-93be-4cec-889d-bb66479419bd\",\"更新年度\":2023,\"前年同一\":true},[{\"筆ポリゴンID\":\"5f45dc1f-556e-4cdc-95b1-f7dd995dd687\",\"更新年度\":2022,\"前年同一\":true},[{\"筆ポリゴンID\":\"baa2b0c9-df0a-486c-ad4f-2c41091fdab0\",\"更新年度\":2021,\"関連\":true},{\"筆ポリゴンID\":\"baa2b0c9-df0a-486c-ad4f-2c41091fdab0\",\"発生年度\":2020}]]]]","last_polygon_uuid":"525cfa5c-9a6b-4e10-98bf-b8a46d1c6e09","prev_last_polygon_uuid":"9f06fb56-93be-4cec-889d-bb66479419bd","local_government_cd":"014630","point_lng":142.402380373,"point_lat":43.004577571}},{"arcs":[[13,14]],"type":"Polygon","properties":{"polygon_uuid":"1fb49a99-22ad-4645-8e5a-531da670dffe","land_type":100,"issue_year":2025,"edit_year":2021,"history":"[{\"筆ポリゴンID\":\"5179a0db-e751-4acb-a303-149533a7ec03\",\"更新年度\":2024,\"前年同一\":true},[{\"筆ポリゴンID\":\"9e1f22b6-f13f-4341-8e15-63052af8fab7\",\"更新年度\":2023,\"前年同一\":true},[{\"筆ポリゴンID\":\"ab5bd39d-585c-48b7-8994-92e2423e6325\",\"更新年度\":2022,\"前年同一\":true},[{\"筆ポリゴンID\":\"1f418805-e79c-4432-a1ef-c9920cb8fb55\",\"更新年度\":2021,\"関連\":true},{\"筆ポリゴンID\":\"1f418805-e79c-4432-a1ef-c9920cb8fb55\",\"発生年度\":2020}]]]]","last_polygon_uuid":"5179a0db-e751-4acb-a303-149533a7ec03","prev_last_polygon_uuid":"9e1f22b6-f13f-4341-8e15-63052af8fab7","local_government_cd":"014630","point_lng":142.403338226,"point_lat":42.997059608}},{"arcs":[[15,16]],"type":"Polygon","properties":{"polygon_uuid":"b97554d3-852e-4fba-8589-887de876e758","land_type":200,"issue_year":2025,"edit_year":2021,"history":"[{\"筆ポリゴンID\":\"bb1473a6-b5a0-4b94-9aae-e7cdddae090f\",\"更新年度\":2024,\"前年同一\":true},[{\"筆ポリゴンID\":\"851f6faa-a1c7-4486-96ad-f6c238e84794\",\"更新年度\":2023,\"前年同一\":true},[{\"筆ポリゴンID\":\"02b68464-bea9-46b8-8546-1857b0410cc5\",\"更新年度\":2022,\"前年同一\":true},[[{\"筆ポリゴンID\":\"40f10a03-1f8e-468a-9360-8c58def8c379\",\"更新年度\":2021,\"関連\":true},{\"筆ポリゴンID\":\"40f10a03-1f8e-468a-9360-8c58def8c379\",\"発生年度\":2020}],[{\"筆ポリゴンID\":\"f2da6843-019a-4ece-832d-bcbc1b672fe3\",\"更新年度\":2021,\"関連\":true},{\"筆ポリゴンID\":\"f2da6843-019a-4ece-832d-bcbc1b672fe3\",\"発生年度\":2020}]]]]]","last_polygon_uuid":"bb1473a6-b5a0-4b94-9aae-e7cdddae090f","prev_last_polygon_uuid":"851f6faa-a1c7-4486-96ad-f6c238e84794","local_government_cd":"014630","point_lng":142.478815227,"point_lat":42.965897355}},{"arcs":[[17]],"type":"Polygon","properties":{"polygon_uuid":"b18263a3-c860-48f2-bdc8-b42318b51aba","land_type":100,"issue_year":2025,"edit_year":2021,"history":"[{\"筆ポリゴンID\":\"21bcd015-fb49-4e12-92f3-a113829d4c17\",\"更新年度\":2024,\"前年同一\":true},[{\"筆ポリゴンID\":\"bf20ced6-7f9b-48c4-8649-6cac8fa48538\",\"更新年度\":2023,\"前年同一\":true},[{\"筆ポリゴンID\":\"71d58968-8a50-4212-a048-256a51b1faff\",\"更新年度\":2022,\"前年同一\":true},[{\"筆ポリゴンID\":\"63383b39-4261-4bd6-b591-de5ddff12558\",\"更新年度\":2021,\"関連\":true},{\"筆ポリゴンID\":\"63383b39-4261-4bd6-b591-de5ddff12558\",\"発生年度\":2020}]]]]","last_polygon_uuid":"21bcd015-fb49-4e12-92f3-a113829d4c17","prev_last_polygon_uuid":"bf20ced6-7f9b-48c4-8649-6cac8fa48538","local_government_cd":"014630","point_lng":142.472093521,"point_lat":42.962545024}},{"arcs":[[18,19]],"type":"Polygon","properties":{"polygon_uuid":"cf009884-5570-4beb-82af-e2e5433a40b3","land_type":200,"issue_year":2025,"edit_year":2021,"history":"[{\"筆ポリゴンID\":\"408660cb-ea06-4291-955c-18f949a759f2\",\"更新年度\":2024,\"前年同一\":true},[{\"筆ポリゴンID\":\"8d29978e-9772-475d-86d2-0b27dd1754c8\",\"更新年度\":2023,\"前年同一\":true},[{\"筆ポリゴンID\":\"e5cd5533-3bc7-4565-8d50-9d07a3c783cf\",\"更新年度\":2022,\"前年同一\":true},[{\"筆ポリゴンID\":\"b74a0ccf-7c5f-493b-8482-783f5bdbb260\",\"更新年度\":2021,\"関連\":true},{\"筆ポリゴンID\":\"b74a0ccf-7c5f-493b-8482-783f5bdbb260\",\"発生年度\":2020}]]]]","last_polygon_uuid":"408660cb-ea06-4291-955c-18f949a759f2","prev_last_polygon_uuid":"8d29978e-9772-475d-86d2-0b27dd1754c8","local_government_cd":"014630","point_lng":142.485979372,"point_lat":42.96292626}},{"arcs":[[20]],"type":"Polygon","properties":{"polygon_uuid":"3c4ee4ee-7f44-475f-9b57-ca8f69a7a1a1","land_type":200,"issue_year":2025,"edit_year":2021,"history":"[{\"筆ポリゴンID\":\"a4811f15-e5a4-427b-b56b-56db06d5bb66\",\"更新年度\":2024,\"前年同一\":true},[{\"筆ポリゴンID\":\"7996c498-a0a5-4a84-82c0-aa5ccf12d17a\",\"更新年度\":2023,\"前年同一\":true},[{\"筆ポリゴンID\":\"4739f662-7ab0-4927-9db0-c0471604b5f0\",\"更新年度\":2022,\"前年同一\":true},[{\"筆ポリゴンID\":\"100fbbc1-761a-4867-9196-af9f633bbcb5\",\"更新年度\":2021,\"関連\":true},{\"筆ポリゴンID\":\"100fbbc1-761a-4867-9196-af9f633bbcb5\",\"発生年度\":2020}]]]]","last_polygon_uuid":"a4811f15-e5a4-427b-b56b-56db06d5bb66","prev_last_polygon_uuid":"7996c498-a0a5-4a84-82c0-aa5ccf12d17a","local_government_cd":"014630","point_lng":142.563613186,"point_lat":43.081844085}},{"arcs":[[21]],"type":"Polygon","properties":{"polygon_uuid":"8e068f92-e573-4738-b697-dccca3bc8ac2","land_type":100,"issue_year":2025,"edit_year":2021,"history":"[{\"筆ポリゴンID\":\"b2ecf38f-0bb9-4870-b04d-e417be390b79\",\"更新年度\":2024,\"前年同一\":true},[{\"筆ポリゴンID\":\"f91ff864-3bb9-4c0a-9baa-c05c47fe9563\",\"更新年度\":2023,\"前年同一\":true},[{\"筆ポリゴンID\":\"98469b06-271c-4903-9471-f88a0b4a78f6\",\"更新年度\":2022,\"前年同一\":true},[{\"筆ポリゴンID\":\"139797fd-9f18-4534-b1f0-6763b3446ca3\",\"更新年度\":2021,\"関連\":true},{\"筆ポリゴンID\":\"139797fd-9f18-4534-b1f0-6763b3446ca3\",\"発生年度\":2020}]]]]","last_polygon_uuid":"b2ecf38f-0bb9-4870-b04d-e417be390b79","prev_last_polygon_uuid":"f91ff864-3bb9-4c0a-9baa-c05c47fe9563","local_government_cd":"014630","point_lng":142.410774413,"point_lat":42.974138748}},{"arcs":[[22,23,24]],"type":"Polygon","properties":{"polygon_uuid":"c173f91c-204f-483d-b35b-9255ada3cb46","land_type":200,"issue_year":2025,"edit_year":2021,"history":"[{\"筆ポリゴンID\":\"0c66fe85-f81a-4e75-baaf-9e27649711b6\",\"更新年度\":2024,\"前年同一\":true},[{\"筆ポリゴンID\":\"6d5db103-5d19-4b3f-922d-6273b4189274\",\"更新年度\":2023,\"前年同一\":true},[{\"筆ポリゴンID\":\"cf8f7b97-2e60-4a5c-9563-67dbdd0e014b\",\"更新年度\":2022,\"前年同一\":true},[{\"筆ポリゴンID\":\"7bd8b2c1-00fc-41b2-ab8f-c1ebd509386c\",\"更新年度\":2021,\"関連\":true},{\"筆ポリゴンID\":\"7bd8b2c1-00fc-41b2-ab8f-c1ebd509386c\",\"発生年度\":2020}]]]]","last_polygon_uuid":"0c66fe85-f81a-4e75-baaf-9e27649711b6","prev_last_polygon_uuid":"6d5db103-5d19-4b3f-922d-6273b4189274","local_government_cd":"014630","point_lng":142.481047925,"point_lat":42.961680954}},{"arcs":[[25]],"type":"Polygon","properties":{"polygon_uuid":"04d3df5d-c5d0-4dc3-aded-29ee86f327f9","land_type":200,"issue_year":2025,"edit_year":2021,"history":"[{\"筆ポリゴンID\":\"fb1c4c4e-538a-41c9-8a91-b24257afd409\",\"更新年度\":2024,\"前年同一\":true},[{\"筆ポリゴンID\":\"898e22e8-ea66-4278-9b86-1ede663c2249\",\"更新年度\":2023,\"前年同一\":true},[{\"筆ポリゴンID\":\"76b8c06c-a1ba-42eb-8a39-b226f7f1e5f5\",\"更新年度\":2022,\"前年同一\":true},[{\"筆ポリゴンID\":\"63882fbe-e42f-42d5-88b4-ba40e4844740\",\"更新年度\":2021,\"関連\":true},{\"筆ポリゴンID\":\"63882fbe-e42f-42d5-88b4-ba40e4844740\",\"発生年度\":2020}]]]]","last_polygon_uuid":"fb1c4c4e-538a-41c9-8a91-b24257afd409","prev_last_polygon_uuid":"898e22e8-ea66-4278-9b86-1ede663c2249","local_government_cd":"014630","point_lng":142.481784232,"point_lat":42.961131423}},{"arcs":[[26,27,28,29]],"type":"Polygon","properties":{"polygon_uuid":"a9cf092d-a2b8-4b11-a6c2-511bb2e40856","land_type":200,"issue_year":2025,"edit_year":2021,"history":"[{\"筆ポリゴンID\":\"79554e45-4f32-4779-9af1-469f8af35507\",\"更新年度\":2024,\"前年同一\":true},[{\"筆ポリゴンID\":\"83ec4cb1-b333-4727-8c9a-81c1636525f6\",\"更新年度\":2023,\"前年同一\":true},[{\"筆ポリゴンID\":\"06147341-c1fc-428b-8505-dacd3ac186e0\",\"更新年度\":2022,\"前年同一\":true},[[{\"筆ポリゴンID\":\"e54010b3-12f4-4ace-a7c1-1fe03b6ea4d2\",\"更新年度\":2021,\"関連\":true},{\"筆ポリゴンID\":\"e54010b3-12f4-4ace-a7c1-1fe03b6ea4d2\",\"発生年度\":2020}],[{\"筆ポリゴンID\":\"f00df153-e643-4bd3-a6be-6d9e044548aa\",\"更新年度\":2021,\"関連\":true},{\"筆ポリゴンID\":\"f00df153-e643-4bd3-a6be-6d9e044548aa\",\"発生年度\":2020}],[{\"筆ポリゴンID\":\"baa62c33-2260-45ca-a5d6-63ef175c1085\",\"更新年度\":2021,\"関連\":true},{\"筆ポリゴンID\":\"baa62c33-2260-45ca-a5d6-63ef175c1085\",\"発生年度\":2020}]]]]]","last_polygon_uuid":"79554e45-4f32-4779-9af1-469f8af35507","prev_last_polygon_uuid":"83ec4cb1-b333-4727-8c9a-81c1636525f6","local_government_cd":"014630","point_lng":142.398565235,"point_lat":42.993448307}},{"arcs":[[30]],"type":"Polygon","properties":{"polygon_uuid":"9d1549cf-5609-44eb-9b7b-a664ac8401c1","land_type":200,"issue_year":2025,"edit_year":2021,"history":"[{\"筆ポリゴンID\":\"e3b8a709-b818-424b-8af3-4dee0b976351\",\"更新年度\":2024,\"前年同一\":true},[{\"筆ポリゴンID\":\"c1cc6751-eb75-4bad-9714-e5b933b77b1c\",\"更新年度\":2023,\"前年同一\":true},[{\"筆ポリゴンID\":\"452afdcc-cd2f-4a13-81f7-939cedead945\",\"更新年度\":2022,\"前年同一\":true},[{\"筆ポリゴンID\":\"b1933286-8fbd-431b-821b-e20e47b804e2\",\"更新年度\":2021,\"関連\":true},{\"筆ポリゴンID\":\"b1933286-8fbd-431b-821b-e20e47b804e2\",\"発生年度\":2020}]]]]","last_polygon_uuid":"e3b8a709-b818-424b-8af3-4dee0b976351","prev_last_polygon_uuid":"c1cc6751-eb75-4bad-9714-e5b933b77b1c","local_government_cd":"014630","point_lng":142.480311943,"point_lat":42.964974856}},{"arcs":[[31],[32]],"type":"Polygon","properties":{"polygon_uuid":"052d33c5-5d7b-4277-9129-2e1519dae843","land_type":200,"issue_year":2025,"edit_year":2021,"history":"[{\"筆ポリゴンID\":\"e00d5f08-14b6-4160-947d-1813aede63ef\",\"更新年度\":2024,\"前年同一\":true},[{\"筆ポリゴンID\":\"2ddf6a52-b88a-49f0-aa68-ed0ad2c489b3\",\"更新年度\":2023,\"前年同一\":true},[{\"筆ポリゴンID\":\"27f8d196-99a4-4a69-95c0-9cf88a6fede1\",\"更新年度\":2022,\"前年同一\":true},[{\"筆ポリゴンID\":\"022f7166-206c-43fa-b6b8-492e5a7f13e7\",\"更新年度\":2021,\"関連\":true},{\"筆ポリゴンID\":\"022f7166-206c-43fa-b6b8-492e5a7f13e7\",\"発生年度\":2020}]]]]","last_polygon_uuid":"e00d5f08-14b6-4160-947d-1813aede63ef","prev_last_polygon_uuid":"2ddf6a52-b88a-49f0-aa68-ed0ad2c489b3","local_government_cd":"014630","point_lng":142.406110953,"point_lat":42.998229653}},{"arcs":[[33]],"type":"Polygon","properties":{"polygon_uuid":"6ee33fa6-2926-4cac-83bc-decbea10d185","land_type":200,"issue_year":2025,"edit_year":2021,"history":"[{\"筆ポリゴンID\":\"7d211656-ffd7-4d53-8726-abe7d1979889\",\"更新年度\":2024,\"前年同一\":true},[{\"筆ポリゴンID\":\"be96889e-f2e5-41ff-8bb3-4cad37eb6933\",\"更新年度\":2023,\"前年同一\":true},[{\"筆ポリゴンID\":\"39464965-90fb-40b5-9224-ea7f2d65ac82\",\"更新年度\":2022,\"前年同一\":true},[{\"筆ポリゴンID\":\"baa2b0c9-df0a-486c-ad4f-2c41091fdab0\",\"更新年度\":2021,\"関連\":true},{\"筆ポリゴンID\":\"baa2b0c9-df0a-486c-ad4f-2c41091fdab0\",\"発生年度\":2020}]]]]","last_polygon_uuid":"7d211656-ffd7-4d53-8726-abe7d1979889","prev_last_polygon_uuid":"be96889e-f2e5-41ff-8bb3-4cad37eb6933","local_government_cd":"014630","point_lng":142.402069599,"point_lat":43.003693146}},{"arcs":[[34,35,36,37]],"type":"Polygon","properties":{"polygon_uuid":"a2c5c379-6964-44b8-8702-12fa9194b166","land_type":200,"issue_year":2025,"edit_year":2021,"history":"[{\"筆ポリゴンID\":\"50e6d743-98ba-49d4-8cb9-56609d5da461\",\"更新年度\":2024,\"前年同一\":true},[{\"筆ポリゴンID\":\"3d5fcdbb-5f95-4c95-a850-6f7e2b864ee4\",\"更新年度\":2023,\"前年同一\":true},[{\"筆ポリゴンID\":\"ff8e5be9-4e48-42f6-a8f6-3deff886dc59\",\"更新年度\":2022,\"前年同一\":true},[{\"筆ポリゴンID\":\"94e23354-a38c-4a6b-92a5-6a361b1ace2f\",\"更新年度\":2021,\"関連\":true},{\"筆ポリゴンID\":\"94e23354-a38c-4a6b-92a5-6a361b1ace2f\",\"発生年度\":2020}]]]]","last_polygon_uuid":"50e6d743-98ba-49d4-8cb9-56609d5da461","prev_last_polygon_uuid":"3d5fcdbb-5f95-4c95-a850-6f7e2b864ee4","local_government_cd":"014630","point_lng":142.404286208,"point_lat":42.989575847}},{"arcs":[[38,39,40]],"type":"Polygon","properties":{"polygon_uuid":"8daa7abc-2f3f-470f-9fbf-6a53af486e39","land_type":200,"issue_year":2025,"edit_year":2021,"history":"[{\"筆ポリゴンID\":\"adce96f5-bf56-4e06-bdcb-345f6914f8c5\",\"更新年度\":2024,\"前年同一\":true},[{\"筆ポリゴンID\":\"5625bd68-d597-4874-b7a8-753283743827\",\"更新年度\":2023,\"前年同一\":true},[{\"筆ポリゴンID\":\"b057d6c5-73c8-4e5c-b6ac-ff576e6f7c89\",\"更新年度\":2022,\"前年同一\":true},{\"筆ポリゴンID\":\"b057d6c5-73c8-4e5c-b6ac-ff576e6f7c89\",\"発生年度\":2021}]]]","last_polygon_uuid":"adce96f5-bf56-4e06-bdcb-345f6914f8c5","prev_last_polygon_uuid":"5625bd68-d597-4874-b7a8-753283743827","local_government_cd":"014630","point_lng":142.516915087,"point_lat":43.072343777}},{"arcs":[[41,42,-27,43]],"type":"Polygon","properties":{"polygon_uuid":"b080431e-d50b-4dad-aaf8-d5e863a0b74f","land_type":200,"issue_year":2025,"edit_year":2021,"history":"[{\"筆ポリゴンID\":\"cc23de64-5a13-4d85-abce-c3690f992fb6\",\"更新年度\":2024,\"前年同一\":true},[{\"筆ポリゴンID\":\"7d0901a2-6653-4ee7-b179-41c70c6f0e16\",\"更新年度\":2023,\"前年同一\":true},[{\"筆ポリゴンID\":\"010bf32d-11ed-4412-9b92-70fbc3aeee99\",\"更新年度\":2022,\"前年同一\":true},[{\"筆ポリゴンID\":\"f00df153-e643-4bd3-a6be-6d9e044548aa\",\"更新年度\":2021,\"関連\":true},{\"筆ポリゴンID\":\"f00df153-e643-4bd3-a6be-6d9e044548aa\",\"発生年度\":2020}]]]]","last_polygon_uuid":"cc23de64-5a13-4d85-abce-c3690f992fb6","prev_last_polygon_uuid":"7d0901a2-6653-4ee7-b179-41c70c6f0e16","local_government_cd":"014630","point_lng":142.39772618,"point_lat":42.993983803}},{"arcs":[[44,45]],"type":"Polygon","properties":{"polygon_uuid":"a19cfc41-1bce-4b9c-8a3e-c04553a6518b","land_type":100,"issue_year":2025,"edit_year":2021,"history":"[{\"筆ポリゴンID\":\"c63d94c0-f9af-4e27-a961-3513f17a4382\",\"更新年度\":2024,\"前年同一\":true},[{\"筆ポリゴンID\":\"b939b6eb-d4a0-4658-bed7-26d95bb44b91\",\"更新年度\":2023,\"前年同一\":true},[{\"筆ポリゴンID\":\"84598ab3-978b-4eab-a89a-c8b7ece00c0b\",\"更新年度\":2022,\"前年同一\":true},[{\"筆ポリゴンID\":\"ee0ffa93-3a59-4f5f-a658-3ba9128e4c64\",\"更新年度\":2021,\"関連\":true},{\"筆ポリゴンID\":\"ee0ffa93-3a59-4f5f-a658-3ba9128e4c64\",\"発生年度\":2020}]]]]","last_polygon_uuid":"c63d94c0-f9af-4e27-a961-3513f17a4382","prev_last_polygon_uuid":"b939b6eb-d4a0-4658-bed7-26d95bb44b91","local_government_cd":"014630","point_lng":142.400613357,"point_lat":42.995889091}},{"arcs":[[46]],"type":"Polygon","properties":{"polygon_uuid":"d9d25bd3-2c30-4bdc-95cd-358b26856815","land_type":200,"issue_year":2025,"edit_year":2021,"history":"[{\"筆ポリゴンID\":\"024eb805-5e84-472f-bb1c-88dde5eb337d\",\"更新年度\":2024,\"前年同一\":true},[{\"筆ポリゴンID\":\"91ec4537-fe70-4953-9649-c5afa18e312e\",\"更新年度\":2023,\"前年同一\":true},[{\"筆ポリゴンID\":\"9da836ec-622a-445f-86c6-8a75b99582a6\",\"更新年度\":2022,\"前年同一\":true},[{\"筆ポリゴンID\":\"cd1de35e-1c93-48f8-8d8d-d0765914e3bc\",\"更新年度\":2021,\"関連\":true},{\"筆ポリゴンID\":\"cd1de35e-1c93-48f8-8d8d-d0765914e3bc\",\"発生年度\":2020}]]]]","last_polygon_uuid":"024eb805-5e84-472f-bb1c-88dde5eb337d","prev_last_polygon_uuid":"91ec4537-fe70-4953-9649-c5afa18e312e","local_government_cd":"014630","point_lng":142.54877773,"point_lat":43.064259075}},{"arcs":[[47]],"type":"Polygon","properties":{"polygon_uuid":"377f55f4-3805-4d39-81d9-7a75820c64d5","land_type":200,"issue_year":2025,"edit_year":2021,"history":"[{\"筆ポリゴンID\":\"fcf34df6-2ff6-4014-8f7c-2d1e2a24b437\",\"更新年度\":2024,\"前年同一\":true},[{\"筆ポリゴンID\":\"d4a3db7a-3d33-4b11-906e-16f3f1738efe\",\"更新年度\":2023,\"前年同一\":true},[{\"筆ポリゴンID\":\"991827b4-df9d-498e-a586-faef44c1b6e8\",\"更新年度\":2022,\"前年同一\":true},[[{\"筆ポリゴンID\":\"96cbc538-836f-40c2-b4de-32ccbfa6c7b4\",\"更新年度\":2021,\"関連\":true},{\"筆ポリゴンID\":\"96cbc538-836f-40c2-b4de-32ccbfa6c7b4\",\"発生年度\":2020}],[{\"筆ポリゴンID\":\"e199c230-f611-4976-a090-7ed4de126c41\",\"更新年度\":2021,\"関連\":true},{\"筆ポリゴンID\":\"e199c230-f611-4976-a090-7ed4de126c41\",\"発生年度\":2020}]]]]]","last_polygon_uuid":"fcf34df6-2ff6-4014-8f7c-2d1e2a24b437","prev_last_polygon_uuid":"d4a3db7a-3d33-4b11-906e-16f3f1738efe","local_government_cd":"014630","point_lng":142.400717864,"point_lat":42.986022351}},{"arcs":[[48,49,50]],"type":"Polygon","properties":{"polygon_uuid":"84e41fcd-69f2-4896-9b25-a544e5063465","land_type":100,"issue_year":2025,"edit_year":2021,"history":"[{\"筆ポリゴンID\":\"9f8359f3-cefe-4bdc-970c-f6b563a52c6e\",\"更新年度\":2024,\"前年同一\":true},[{\"筆ポリゴンID\":\"7679d561-5926-4b2b-b19b-f060ccb136b1\",\"更新年度\":2023,\"前年同一\":true},[{\"筆ポリゴンID\":\"e447c8d7-dee9-423c-9c1b-fd66689f8c4a\",\"更新年度\":2022,\"前年同一\":true},[{\"筆ポリゴンID\":\"8517b80c-d22e-4682-b862-0446e1abc68e\",\"更新年度\":2021,\"関連\":true},{\"筆ポリゴンID\":\"8517b80c-d22e-4682-b862-0446e1abc68e\",\"発生年度\":2020}]]]]","last_polygon_uuid":"9f8359f3-cefe-4bdc-970c-f6b563a52c6e","prev_last_polygon_uuid":"7679d561-5926-4b2b-b19b-f060ccb136b1","local_government_cd":"014630","point_lng":142.406146557,"point_lat":42.990231713}},{"arcs":[[-38,51]],"type":"Polygon","properties":{"polygon_uuid":"1776c7de-de66-4844-8f5e-21feb2afebe9","land_type":100,"issue_year":2025,"edit_year":2021,"history":"[{\"筆ポリゴンID\":\"41fb0f1c-ab83-4747-a7c8-c7fd3f4b0ed2\",\"更新年度\":2024,\"前年同一\":true},[{\"筆ポリゴンID\":\"a9aa13ca-79fd-42e2-a7ea-0a56b3353a19\",\"更新年度\":2023,\"前年同一\":true},[{\"筆ポリゴンID\":\"9873e7a1-1026-466e-aad8-14649d79cd16\",\"更新年度\":2022,\"前年同一\":true},[[{\"筆ポリゴンID\":\"19ecf660-6403-43b9-84e7-4c49c8db6494\",\"更新年度\":2021,\"関連\":true},{\"筆ポリゴンID\":\"19ecf660-6403-43b9-84e7-4c49c8db6494\",\"発生年度\":2020}],[{\"筆ポリゴンID\":\"94e23354-a38c-4a6b-92a5-6a361b1ace2f\",\"更新年度\":2021,\"関連\":true},{\"筆ポリゴンID\":\"94e23354-a38c-4a6b-92a5-6a361b1ace2f\",\"発生年度\":2020}]]]]]","last_polygon_uuid":"41fb0f1c-ab83-4747-a7c8-c7fd3f4b0ed2","prev_last_polygon_uuid":"a9aa13ca-79fd-42e2-a7ea-0a56b3353a19","local_government_cd":"014630","point_lng":142.404461834,"point_lat":42.99040126}},{"arcs":[[-49,52,53,54,55,56,57]],"type":"Polygon","properties":{"polygon_uuid":"f4faf1a7-b6a9-4508-951c-4bdc81937461","land_type":100,"issue_year":2025,"edit_year":2021,"history":"[{\"筆ポリゴンID\":\"54f1554c-a354-4c2d-8fc2-a992b9bdcbfc\",\"更新年度\":2024,\"前年同一\":true},[{\"筆ポリゴンID\":\"66f9fe75-3685-4f02-aa8f-d7d779ca35f4\",\"更新年度\":2023,\"前年同一\":true},[{\"筆ポリゴンID\":\"bd07fac1-5b45-4ab3-bcf7-8bd6fa6bd7c6\",\"更新年度\":2022,\"前年同一\":true},[{\"筆ポリゴンID\":\"8517b80c-d22e-4682-b862-0446e1abc68e\",\"更新年度\":2021,\"関連\":true},{\"筆ポリゴンID\":\"8517b80c-d22e-4682-b862-0446e1abc68e\",\"発生年度\":2020}]]]]","last_polygon_uuid":"54f1554c-a354-4c2d-8fc2-a992b9bdcbfc","prev_last_polygon_uuid":"66f9fe75-3685-4f02-aa8f-d7d779ca35f4","local_government_cd":"014630","point_lng":142.407399694,"point_lat":42.989890819}},{"arcs":[[58,59,60,61]],"type":"Polygon","properties":{"polygon_uuid":"d6c02145-71ae-43b8-8523-948ebe3acfc8","land_type":200,"issue_year":2025,"edit_year":2021,"history":"[{\"筆ポリゴンID\":\"6200bf04-0a71-4151-90ff-6f6611624795\",\"更新年度\":2024,\"前年同一\":true},[{\"筆ポリゴンID\":\"b199e091-14eb-4105-b848-80c3a6289f8e\",\"更新年度\":2023,\"前年同一\":true},[{\"筆ポリゴンID\":\"c3fbb9c7-2025-4c58-a58c-27c91d9a4986\",\"更新年度\":2022,\"前年同一\":true},[[{\"筆ポリゴンID\":\"e532f7a3-2dd2-48df-93ed-29b04386dc14\",\"更新年度\":2021,\"関連\":true},{\"筆ポリゴンID\":\"e532f7a3-2dd2-48df-93ed-29b04386dc14\",\"発生年度\":2020}],[{\"筆ポリゴンID\":\"959afe27-e541-4dc0-8d31-b2121de00146\",\"更新年度\":2021,\"関連\":true},{\"筆ポリゴンID\":\"959afe27-e541-4dc0-8d31-b2121de00146\",\"発生年度\":2020}]]]]]","last_polygon_uuid":"6200bf04-0a71-4151-90ff-6f6611624795","prev_last_polygon_uuid":"b199e091-14eb-4105-b848-80c3a6289f8e","local_government_cd":"014630","point_lng":142.404532634,"point_lat":42.999776349}},{"arcs":[[-61,62]],"type":"Polygon","properties":{"polygon_uuid":"06ab7723-a878-47ac-bd95-360be8ac4d29","land_type":200,"issue_year":2025,"edit_year":2020,"history":"[{\"筆ポリゴンID\":\"081cef87-84f7-4132-bf69-00660975d4cd\",\"更新年度\":2024,\"前年同一\":true},[{\"筆ポリゴンID\":\"de2f8123-676f-491a-8ed8-b787bcfb2ff6\",\"更新年度\":2023,\"前年同一\":true},[{\"筆ポリゴンID\":\"5ce0ca4c-88b9-48df-ba6c-cc46149ada37\",\"更新年度\":2022,\"前年同一\":true},[{\"筆ポリゴンID\":\"e532f7a3-2dd2-48df-93ed-29b04386dc14\",\"更新年度\":2021,\"前年同一\":true},{\"筆ポリゴンID\":\"e532f7a3-2dd2-48df-93ed-29b04386dc14\",\"発生年度\":2020}]]]]","last_polygon_uuid":"081cef87-84f7-4132-bf69-00660975d4cd","prev_last_polygon_uuid":"de2f8123-676f-491a-8ed8-b787bcfb2ff6","local_government_cd":"014630","point_lng":142.404721217,"point_lat":43.000141719}},{"arcs":[[63,64,65,66,-57]],"type":"Polygon","properties":{"polygon_uuid":"7222e905-24eb-4ae7-84a3-0b86e4969270","land_type":100,"issue_year":2025,"edit_year":2021,"history":"[{\"筆ポリゴンID\":\"7f455525-0892-4dc3-ab6a-ed54a48cd75a\",\"更新年度\":2024,\"前年同一\":true},[{\"筆ポリゴンID\":\"9257f751-f2ae-4b00-9763-2d9ee79a3e34\",\"更新年度\":2023,\"前年同一\":true},[{\"筆ポリゴンID\":\"2c33418e-5586-43c6-8ff7-fbb0a7e6c911\",\"更新年度\":2022,\"前年同一\":true},[{\"筆ポリゴンID\":\"8517b80c-d22e-4682-b862-0446e1abc68e\",\"更新年度\":2021,\"関連\":true},{\"筆ポリゴンID\":\"8517b80c-d22e-4682-b862-0446e1abc68e\",\"発生年度\":2020}]]]]","last_polygon_uuid":"7f455525-0892-4dc3-ab6a-ed54a48cd75a","prev_last_polygon_uuid":"9257f751-f2ae-4b00-9763-2d9ee79a3e34","local_government_cd":"014630","point_lng":142.406099251,"point_lat":42.989105662}},{"arcs":[[67]],"type":"Polygon","properties":{"polygon_uuid":"1c31f9dc-080f-4b46-8190-7290cca064a3","land_type":200,"issue_year":2025,"edit_year":2021,"history":"[{\"筆ポリゴンID\":\"9eb4eb21-d26a-49cd-8d65-46ec8b6eaad8\",\"更新年度\":2024,\"前年同一\":true},[{\"筆ポリゴンID\":\"166b0165-76b2-4b07-b2a9-824a4dadb197\",\"更新年度\":2023,\"前年同一\":true},[{\"筆ポリゴンID\":\"06f6c128-66d0-4d82-b761-dbb7558cb73c\",\"更新年度\":2022,\"前年同一\":true},[{\"筆ポリゴンID\":\"d2035a98-3a27-4d75-b5a6-07e35916a4de\",\"更新年度\":2021,\"関連\":true},{\"筆ポリゴンID\":\"d2035a98-3a27-4d75-b5a6-07e35916a4de\",\"発生年度\":2020}]]]]","last_polygon_uuid":"9eb4eb21-d26a-49cd-8d65-46ec8b6eaad8","prev_last_polygon_uuid":"166b0165-76b2-4b07-b2a9-824a4dadb197","local_government_cd":"014630","point_lng":142.401731598,"point_lat":42.998174034}},{"arcs":[[68]],"type":"Polygon","properties":{"polygon_uuid":"f4c9367a-7cef-48ac-82a6-c4dec69b2cfe","land_type":200,"issue_year":2025,"edit_year":2020,"history":"[{\"筆ポリゴンID\":\"6c67843f-ac71-44bf-9ee9-72f6a616f156\",\"更新年度\":2024,\"前年同一\":true},[{\"筆ポリゴンID\":\"b39051a5-54d0-47f0-ab73-fd81850501be\",\"更新年度\":2023,\"前年同一\":true},[{\"筆ポリゴンID\":\"dc5af7c8-4b8e-468d-a975-833a2ec45258\",\"更新年度\":2022,\"前年同一\":true},[{\"筆ポリゴンID\":\"7e98aee3-a6ce-4330-bc32-7ea79e1b2c84\",\"更新年度\":2021,\"前年同一\":true},{\"筆ポリゴンID\":\"7e98aee3-a6ce-4330-bc32-7ea79e1b2c84\",\"発生年度\":2020}]]]]","last_polygon_uuid":"6c67843f-ac71-44bf-9ee9-72f6a616f156","prev_last_polygon_uuid":"b39051a5-54d0-47f0-ab73-fd81850501be","local_government_cd":"014630","point_lng":142.651296362,"point_lat":43.043284266}},{"arcs":[[69]],"type":"Polygon","properties":{"polygon_uuid":"7024216b-f76e-47d0-8976-ab6a54698da9","land_type":200,"issue_year":2025,"edit_year":2020,"history":"[{\"筆ポリゴンID\":\"8bdcbbd5-4086-4c49-9209-c6d9e0253dbb\",\"更新年度\":2024,\"前年同一\":true},[{\"筆ポリゴンID\":\"c43a2c57-13dc-4f0c-87f6-a1a62b39f11b\",\"更新年度\":2023,\"前年同一\":true},[{\"筆ポリゴンID\":\"509a18fd-f31b-4758-9f05-259cdb99874f\",\"更新年度\":2022,\"前年同一\":true},[{\"筆ポリゴンID\":\"592253d5-3b89-41dc-969d-f6292c3e4eb0\",\"更新年度\":2021,\"前年同一\":true},{\"筆ポリゴンID\":\"592253d5-3b89-41dc-969d-f6292c3e4eb0\",\"発生年度\":2020}]]]]","last_polygon_uuid":"8bdcbbd5-4086-4c49-9209-c6d9e0253dbb","prev_last_polygon_uuid":"c43a2c57-13dc-4f0c-87f6-a1a62b39f11b","local_government_cd":"014630","point_lng":142.651944386,"point_lat":43.043710193}},{"arcs":[[70]],"type":"Polygon","properties":{"polygon_uuid":"85017403-007b-4236-a12f-e01156484d58","land_type":200,"issue_year":2025,"edit_year":2020,"history":"[{\"筆ポリゴンID\":\"cb23e245-54ef-49f7-8b68-05e8576a2046\",\"更新年度\":2024,\"前年同一\":true},[{\"筆ポリゴンID\":\"c93dd6a6-1f62-4bb1-b16a-5393b9b4cdf9\",\"更新年度\":2023,\"前年同一\":true},[{\"筆ポリゴンID\":\"b3024b1d-4c9e-4046-b23e-5cc31b7681c5\",\"更新年度\":2022,\"前年同一\":true},[{\"筆ポリゴンID\":\"dd681533-f158-46e1-af93-5077ca168e90\",\"更新年度\":2021,\"前年同一\":true},{\"筆ポリゴンID\":\"dd681533-f158-46e1-af93-5077ca168e90\",\"発生年度\":2020}]]]]","last_polygon_uuid":"cb23e245-54ef-49f7-8b68-05e8576a2046","prev_last_polygon_uuid":"c93dd6a6-1f62-4bb1-b16a-5393b9b4cdf9","local_government_cd":"014630","point_lng":142.649990575,"point_lat":43.043217017}},{"arcs":[[71]],"type":"Polygon","properties":{"polygon_uuid":"05246512-367d-481e-b595-82aefcdd6611","land_type":200,"issue_year":2025,"edit_year":2020,"history":"[{\"筆ポリゴンID\":\"68ec6039-f436-43bd-bf92-fb550f1442e0\",\"更新年度\":2024,\"前年同一\":true},[{\"筆ポリゴンID\":\"ee168c2b-dc29-4925-9124-a59d991b75d1\",\"更新年度\":2023,\"前年同一\":true},[{\"筆ポリゴンID\":\"4454fbe1-cf20-4416-ba8e-1526011dd604\",\"更新年度\":2022,\"前年同一\":true},[{\"筆ポリゴンID\":\"328f7618-752e-481c-9f76-8b90c633c11b\",\"更新年度\":2021,\"前年同一\":true},{\"筆ポリゴンID\":\"328f7618-752e-481c-9f76-8b90c633c11b\",\"発生年度\":2020}]]]]","last_polygon_uuid":"68ec6039-f436-43bd-bf92-fb550f1442e0","prev_last_polygon_uuid":"ee168c2b-dc29-4925-9124-a59d991b75d1","local_government_cd":"014630","point_lng":142.678033957,"point_lat":43.038140977}},{"arcs":[[72]],"type":"Polygon","properties":{"polygon_uuid":"c11389d7-4e55-499a-a22a-431f97ba68c9","land_type":200,"issue_year":2025,"edit_year":2020,"history":"[{\"筆ポリゴンID\":\"8981d784-50a2-48e1-8054-50f1a35b61ed\",\"更新年度\":2024,\"前年同一\":true},[{\"筆ポリゴンID\":\"0bdd101f-9c40-4176-ace2-0574f7309760\",\"更新年度\":2023,\"前年同一\":true},[{\"筆ポリゴンID\":\"c9684337-07c4-4392-a603-55be59882a7c\",\"更新年度\":2022,\"前年同一\":true},[{\"筆ポリゴンID\":\"716bb6a0-b6d8-4864-9f5b-a101fe43fd02\",\"更新年度\":2021,\"前年同一\":true},{\"筆ポリゴンID\":\"716bb6a0-b6d8-4864-9f5b-a101fe43fd02\",\"発生年度\":2020}]]]]","last_polygon_uuid":"8981d784-50a2-48e1-8054-50f1a35b61ed","prev_last_polygon_uuid":"0bdd101f-9c40-4176-ace2-0574f7309760","local_government_cd":"014630","point_lng":142.68103643,"point_lat":43.036520589}},{"arcs":[[73]],"type":"Polygon","properties":{"polygon_uuid":"c7f5414c-4f72-4b9e-88c2-bd72888af3c3","land_type":200,"issue_year":2025,"edit_year":2020,"history":"[{\"筆ポリゴンID\":\"d2ed1f29-e7ea-4019-bcc1-c5309cfd709f\",\"更新年度\":2024,\"前年同一\":true},[{\"筆ポリゴンID\":\"021d715c-2392-4e48-ab18-228caf5bce9d\",\"更新年度\":2023,\"前年同一\":true},[{\"筆ポリゴンID\":\"de8498b0-e29d-4057-9de8-bb22b62aa509\",\"更新年度\":2022,\"前年同一\":true},[{\"筆ポリゴンID\":\"8ead7126-2573-4e81-baef-72ceb29840d8\",\"更新年度\":2021,\"前年同一\":true},{\"筆ポリゴンID\":\"8ead7126-2573-4e81-baef-72ceb29840d8\",\"発生年度\":2020}]]]]","last_polygon_uuid":"d2ed1f29-e7ea-4019-bcc1-c5309cfd709f","prev_last_polygon_uuid":"021d715c-2392-4e48-ab18-228caf5bce9d","local_government_cd":"014630","point_lng":142.665165752,"point_lat":43.032631376}},{"arcs":[[74]],"type":"Polygon","properties":{"polygon_uuid":"a9f50033-f043-4b13-97d0-6779bff24ec4","land_type":200,"issue_year":2025,"edit_year":2020,"history":"[{\"筆ポリゴンID\":\"6e38bdb4-1b8a-4260-b4ae-f9ecd11b59b2\",\"更新年度\":2024,\"前年同一\":true},[{\"筆ポリゴンID\":\"86c76b25-3823-4e1e-b7ab-89860469213c\",\"更新年度\":2023,\"前年同一\":true},[{\"筆ポリゴンID\":\"ae3b32ca-cc41-49f9-aff9-4a6ec7ba6d84\",\"更新年度\":2022,\"前年同一\":true},[{\"筆ポリゴンID\":\"a075f2e2-31dc-48d1-98ac-98b6b91012ca\",\"更新年度\":2021,\"前年同一\":true},{\"筆ポリゴンID\":\"a075f2e2-31dc-48d1-98ac-98b6b91012ca\",\"発生年度\":2020}]]]]","last_polygon_uuid":"6e38bdb4-1b8a-4260-b4ae-f9ecd11b59b2","prev_last_polygon_uuid":"86c76b25-3823-4e1e-b7ab-89860469213c","local_government_cd":"014630","point_lng":142.67028839,"point_lat":43.027677828}},{"arcs":[[75]],"type":"Polygon","properties":{"polygon_uuid":"cca879fc-01de-49a7-9c98-90d8066d3751","land_type":200,"issue_year":2025,"edit_year":2020,"history":"[{\"筆ポリゴンID\":\"4c690baf-bae5-4887-9958-792326d8b2f2\",\"更新年度\":2024,\"前年同一\":true},[{\"筆ポリゴンID\":\"b66d6a7b-4d10-4928-a3cc-81b38b1b8385\",\"更新年度\":2023,\"前年同一\":true},[{\"筆ポリゴンID\":\"beb19415-081d-4372-8510-e6e162084b6d\",\"更新年度\":2022,\"前年同一\":true},[{\"筆ポリゴンID\":\"2761b032-42a0-442e-9e31-1ac3b308ab5d\",\"更新年度\":2021,\"前年同一\":true},{\"筆ポリゴンID\":\"2761b032-42a0-442e-9e31-1ac3b308ab5d\",\"発生年度\":2020}]]]]","last_polygon_uuid":"4c690baf-bae5-4887-9958-792326d8b2f2","prev_last_polygon_uuid":"b66d6a7b-4d10-4928-a3cc-81b38b1b8385","local_government_cd":"014630","point_lng":142.665064275,"point_lat":43.042334247}},{"arcs":[[76],[77]],"type":"Polygon","properties":{"polygon_uuid":"3961576e-d07c-4dab-954a-e9941395a1f3","land_type":200,"issue_year":2025,"edit_year":2020,"history":"[{\"筆ポリゴンID\":\"d82a034b-fc59-4e6c-843f-5293e185f1b9\",\"更新年度\":2024,\"前年同一\":true},[{\"筆ポリゴンID\":\"961652b4-610c-4879-b80d-1dadbfc5f241\",\"更新年度\":2023,\"前年同一\":true},[{\"筆ポリゴンID\":\"5d8aa4f2-1eab-4df0-8452-6374601f5ad9\",\"更新年度\":2022,\"前年同一\":true},[{\"筆ポリゴンID\":\"7c8275b4-b6b3-470b-b1fd-d9ff903b9e4b\",\"更新年度\":2021,\"前年同一\":true},{\"筆ポリゴンID\":\"7c8275b4-b6b3-470b-b1fd-d9ff903b9e4b\",\"発生年度\":2020}]]]]","last_polygon_uuid":"d82a034b-fc59-4e6c-843f-5293e185f1b9","prev_last_polygon_uuid":"961652b4-610c-4879-b80d-1dadbfc5f241","local_government_cd":"014630","point_lng":142.677152248,"point_lat":43.034552205}},{"arcs":[[78]],"type":"Polygon","properties":{"polygon_uuid":"06bea329-f3d6-4a5f-931c-e4e1154b6a8c","land_type":200,"issue_year":2025,"edit_year":2020,"history":"[{\"筆ポリゴンID\":\"44be2961-2818-4107-a281-13ac3ef5dfbd\",\"更新年度\":2024,\"前年同一\":true},[{\"筆ポリゴンID\":\"7d18ec29-df92-4a45-9f5c-feb459f1e420\",\"更新年度\":2023,\"前年同一\":true},[{\"筆ポリゴンID\":\"b6a255ad-1e85-45c4-95e0-e6f79a4df16d\",\"更新年度\":2022,\"前年同一\":true},[{\"筆ポリゴンID\":\"5f9aa281-6da3-4fb1-bb35-8de66ba18ac3\",\"更新年度\":2021,\"前年同一\":true},{\"筆ポリゴンID\":\"5f9aa281-6da3-4fb1-bb35-8de66ba18ac3\",\"発生年度\":2020}]]]]","last_polygon_uuid":"44be2961-2818-4107-a281-13ac3ef5dfbd","prev_last_polygon_uuid":"7d18ec29-df92-4a45-9f5c-feb459f1e420","local_government_cd":"014630","point_lng":142.663511966,"point_lat":43.041763984}},{"arcs":[[79,80]],"type":"Polygon","properties":{"polygon_uuid":"13a72e7d-ac2e-4f69-987b-327951790496","land_type":200,"issue_year":2025,"edit_year":2020,"history":"[{\"筆ポリゴンID\":\"a4c21ba9-c80d-4245-a50c-e1e83b64357b\",\"更新年度\":2024,\"前年同一\":true},[{\"筆ポリゴンID\":\"f1b1eb9c-0713-48b5-8f24-27ec5331356c\",\"更新年度\":2023,\"前年同一\":true},[{\"筆ポリゴンID\":\"c3fed8ce-6630-4b0f-b82d-faab8f50daec\",\"更新年度\":2022,\"前年同一\":true},[{\"筆ポリゴンID\":\"ba2fc4f1-b896-4f9b-8c25-52a14f4e1ce9\",\"更新年度\":2021,\"前年同一\":true},{\"筆ポリゴンID\":\"ba2fc4f1-b896-4f9b-8c25-52a14f4e1ce9\",\"発生年度\":2020}]]]]","last_polygon_uuid":"a4c21ba9-c80d-4245-a50c-e1e83b64357b","prev_last_polygon_uuid":"f1b1eb9c-0713-48b5-8f24-27ec5331356c","local_government_cd":"014630","point_lng":142.66523001,"point_lat":43.031323049}},{"arcs":[[81]],"type":"Polygon","properties":{"polygon_uuid":"163d9c14-0b0b-4db2-b97b-2f55cccbc6bb","land_type":200,"issue_year":2025,"edit_year":2020,"history":"[{\"筆ポリゴンID\":\"e49c2f62-e33d-48d1-95aa-cdd4c226d23f\",\"更新年度\":2024,\"前年同一\":true},[{\"筆ポリゴンID\":\"4fa23076-7406-4b69-8129-8296ac37b4e2\",\"更新年度\":2023,\"前年同一\":true},[{\"筆ポリゴンID\":\"b2135909-22ec-4f65-9c60-dc5d7a248b37\",\"更新年度\":2022,\"前年同一\":true},[{\"筆ポリゴンID\":\"be60b15d-ac0b-4e66-b794-7b68c55c22c7\",\"更新年度\":2021,\"前年同一\":true},{\"筆ポリゴンID\":\"be60b15d-ac0b-4e66-b794-7b68c55c22c7\",\"発生年度\":2020}]]]]","last_polygon_uuid":"e49c2f62-e33d-48d1-95aa-cdd4c226d23f","prev_last_polygon_uuid":"4fa23076-7406-4b69-8129-8296ac37b4e2","local_government_cd":"014630","point_lng":142.666121567,"point_lat":43.042509813}},{"arcs":[[82]],"type":"Polygon","properties":{"polygon_uuid":"9c5fbb5c-26cb-4751-9f84-74073818a3db","land_type":200,"issue_year":2025,"edit_year":2020,"history":"[{\"筆ポリゴンID\":\"3b4b2159-bb04-4555-9071-98de3fbbeb0b\",\"更新年度\":2024,\"前年同一\":true},[{\"筆ポリゴンID\":\"d4755ff5-a2f1-4e6e-9c27-71d340f8a0cf\",\"更新年度\":2023,\"前年同一\":true},[{\"筆ポリゴンID\":\"68c6c179-556e-4bb0-8c11-df526fa5f232\",\"更新年度\":2022,\"前年同一\":true},[{\"筆ポリゴンID\":\"6f8f2474-9132-4ea3-84ce-28953afdbbc6\",\"更新年度\":2021,\"前年同一\":true},{\"筆ポリゴンID\":\"6f8f2474-9132-4ea3-84ce-28953afdbbc6\",\"発生年度\":2020}]]]]","last_polygon_uuid":"3b4b2159-bb04-4555-9071-98de3fbbeb0b","prev_last_polygon_uuid":"d4755ff5-a2f1-4e6e-9c27-71d340f8a0cf","local_government_cd":"014630","point_lng":142.676313853,"point_lat":43.033707419}},{"arcs":[[83]],"type":"Polygon","properties":{"polygon_uuid":"992dcfdd-cbbc-4ec3-9dfc-f06da0a0d628","land_type":200,"issue_year":2025,"edit_year":2020,"history":"[{\"筆ポリゴンID\":\"5e7de6d4-18ba-4ff3-bec3-18f488fc8f70\",\"更新年度\":2024,\"前年同一\":true},[{\"筆ポリゴンID\":\"fbd66b22-097f-4f2c-ad33-59aaa390bca9\",\"更新年度\":2023,\"前年同一\":true},[{\"筆ポリゴンID\":\"0966c30a-7f6a-4233-85a4-5898360d4b2e\",\"更新年度\":2022,\"前年同一\":true},[{\"筆ポリゴンID\":\"a4e7a637-30a9-47b6-85d1-946af9c5e3b3\",\"更新年度\":2021,\"前年同一\":true},{\"筆ポリゴンID\":\"a4e7a637-30a9-47b6-85d1-946af9c5e3b3\",\"発生年度\":2020}]]]]","last_polygon_uuid":"5e7de6d4-18ba-4ff3-bec3-18f488fc8f70","prev_last_polygon_uuid":"fbd66b22-097f-4f2c-ad33-59aaa390bca9","local_government_cd":"014630","point_lng":142.662287072,"point_lat":43.040673342}},{"arcs":[[84,85]],"type":"Polygon","properties":{"polygon_uuid":"a69b8231-8c71-4d37-8b90-4208d1038adc","land_type":200,"issue_year":2025,"edit_year":2020,"history":"[{\"筆ポリゴンID\":\"2db93fe6-8d70-4688-94df-5cdb398bf41e\",\"更新年度\":2024,\"前年同一\":true},[{\"筆ポリゴンID\":\"6a89093a-6d8e-4425-bf7d-5f087d9d0052\",\"更新年度\":2023,\"前年同一\":true},[{\"筆ポリゴンID\":\"bf03d376-a911-422f-bb04-1f21a2d03ddc\",\"更新年度\":2022,\"前年同一\":true},[{\"筆ポリゴンID\":\"21304f84-2407-4261-8efc-3938be88d4ff\",\"更新年度\":2021,\"前年同一\":true},{\"筆ポリゴンID\":\"21304f84-2407-4261-8efc-3938be88d4ff\",\"発生年度\":2020}]]]]","last_polygon_uuid":"2db93fe6-8d70-4688-94df-5cdb398bf41e","prev_last_polygon_uuid":"6a89093a-6d8e-4425-bf7d-5f087d9d0052","local_government_cd":"014630","point_lng":142.673660993,"point_lat":43.033008356}},{"arcs":[[86,87]],"type":"Polygon","properties":{"polygon_uuid":"f48e4a57-598a-4898-8d57-538e01b44744","land_type":200,"issue_year":2025,"edit_year":2020,"history":"[{\"筆ポリゴンID\":\"249d0e02-38f2-4785-9cb7-9b69587fd40e\",\"更新年度\":2024,\"前年同一\":true},[{\"筆ポリゴンID\":\"334c7575-ba63-42f8-a97b-f2851f69edcf\",\"更新年度\":2023,\"前年同一\":true},[{\"筆ポリゴンID\":\"da9ec511-cacc-491f-af26-328acca16f21\",\"更新年度\":2022,\"前年同一\":true},[{\"筆ポリゴンID\":\"383a6262-c159-4a39-8c18-def407b54703\",\"更新年度\":2021,\"前年同一\":true},{\"筆ポリゴンID\":\"383a6262-c159-4a39-8c18-def407b54703\",\"発生年度\":2020}]]]]","last_polygon_uuid":"249d0e02-38f2-4785-9cb7-9b69587fd40e","prev_last_polygon_uuid":"334c7575-ba63-42f8-a97b-f2851f69edcf","local_government_cd":"014630","point_lng":142.678000558,"point_lat":43.032076338}},{"arcs":[[88]],"type":"Polygon","properties":{"polygon_uuid":"2e15f2d2-9cf2-464b-bbc7-0f85ec9ab48b","land_type":200,"issue_year":2025,"edit_year":2020,"history":"[{\"筆ポリゴンID\":\"8ecef1e2-b46d-40f8-8207-92de44cf685a\",\"更新年度\":2024,\"前年同一\":true},[{\"筆ポリゴンID\":\"946623a3-ce61-444e-8c3a-50c290bd541f\",\"更新年度\":2023,\"前年同一\":true},[{\"筆ポリゴンID\":\"bde0c5ef-e363-403b-91fb-a2923d8bb765\",\"更新年度\":2022,\"前年同一\":true},[{\"筆ポリゴンID\":\"3c39e22b-4ff3-499e-81ea-bf61e08041ba\",\"更新年度\":2021,\"前年同一\":true},{\"筆ポリゴンID\":\"3c39e22b-4ff3-499e-81ea-bf61e08041ba\",\"発生年度\":2020}]]]]","last_polygon_uuid":"8ecef1e2-b46d-40f8-8207-92de44cf685a","prev_last_polygon_uuid":"946623a3-ce61-444e-8c3a-50c290bd541f","local_government_cd":"014630","point_lng":142.674291691,"point_lat":43.039539623}},{"arcs":[[89]],"type":"Polygon","properties":{"polygon_uuid":"6551131c-ec49-410c-8106-3c3f18b603bd","land_type":200,"issue_year":2025,"edit_year":2020,"history":"[{\"筆ポリゴンID\":\"beba2bc4-b139-46e3-b40a-b13a35aa8db8\",\"更新年度\":2024,\"前年同一\":true},[{\"筆ポリゴンID\":\"00ace9ea-71b6-490a-b003-b5400669d2f9\",\"更新年度\":2023,\"前年同一\":true},[{\"筆ポリゴンID\":\"21ec5976-c3de-4f1f-8838-bc5fb2d2bf7d\",\"更新年度\":2022,\"前年同一\":true},[{\"筆ポリゴンID\":\"50c40f13-a1bf-4b71-8682-3103908998f6\",\"更新年度\":2021,\"前年同一\":true},{\"筆ポリゴンID\":\"50c40f13-a1bf-4b71-8682-3103908998f6\",\"発生年度\":2020}]]]]","last_polygon_uuid":"beba2bc4-b139-46e3-b40a-b13a35aa8db8","prev_last_polygon_uuid":"00ace9ea-71b6-490a-b003-b5400669d2f9","local_government_cd":"014630","point_lng":142.667374629,"point_lat":43.034828127}},{"arcs":[[90]],"type":"Polygon","properties":{"polygon_uuid":"c2b2a46e-ed9d-4847-aa8d-de234f5a3742","land_type":200,"issue_year":2025,"edit_year":2020,"history":"[{\"筆ポリゴンID\":\"28b40fb5-1315-4247-b4d1-7fc7ab10abdf\",\"更新年度\":2024,\"前年同一\":true},[{\"筆ポリゴンID\":\"5b21c0ca-dedb-417f-873e-7869c5c05bc5\",\"更新年度\":2023,\"前年同一\":true},[{\"筆ポリゴンID\":\"b2797a98-0bec-4617-9514-5619c9ad1099\",\"更新年度\":2022,\"前年同一\":true},[{\"筆ポリゴンID\":\"f8d5ecbf-d057-46ce-af7c-4cd689a632c9\",\"更新年度\":2021,\"前年同一\":true},{\"筆ポリゴンID\":\"f8d5ecbf-d057-46ce-af7c-4cd689a632c9\",\"発生年度\":2020}]]]]","last_polygon_uuid":"28b40fb5-1315-4247-b4d1-7fc7ab10abdf","prev_last_polygon_uuid":"5b21c0ca-dedb-417f-873e-7869c5c05bc5","local_government_cd":"014630","point_lng":142.665104325,"point_lat":43.029404182}},{"arcs":[[91,-85]],"type":"Polygon","properties":{"polygon_uuid":"8a6826c1-ea70-4d84-8f40-e6c73bb55774","land_type":200,"issue_year":2025,"edit_year":2020,"history":"[{\"筆ポリゴンID\":\"ff859ad1-6bb7-4455-93e0-f8b3a8cd215d\",\"更新年度\":2024,\"前年同一\":true},[{\"筆ポリゴンID\":\"9304833c-9a34-4689-a075-435a2b1778f6\",\"更新年度\":2023,\"前年同一\":true},[{\"筆ポリゴンID\":\"20af9db2-bea0-4e6e-9229-d1fff9ab0286\",\"更新年度\":2022,\"前年同一\":true},[{\"筆ポリゴンID\":\"2a420721-c326-4630-b8f5-9c4e00c298c4\",\"更新年度\":2021,\"前年同一\":true},{\"筆ポリゴンID\":\"2a420721-c326-4630-b8f5-9c4e00c298c4\",\"発生年度\":2020}]]]]","last_polygon_uuid":"ff859ad1-6bb7-4455-93e0-f8b3a8cd215d","prev_last_polygon_uuid":"9304833c-9a34-4689-a075-435a2b1778f6","local_government_cd":"014630","point_lng":142.674012098,"point_lat":43.033356018}},{"arcs":[[92]],"type":"Polygon","properties":{"polygon_uuid":"4b0cba51-363e-46eb-b8e9-cafd722fb20a","land_type":200,"issue_year":2025,"edit_year":2020,"history":"[{\"筆ポリゴンID\":\"9c853b39-f026-4a63-9afd-e8b8c8c17ede\",\"更新年度\":2024,\"前年同一\":true},[{\"筆ポリゴンID\":\"e70ffa33-49a9-4965-9058-12b42932ea94\",\"更新年度\":2023,\"前年同一\":true},[{\"筆ポリゴンID\":\"09f03fd2-d786-434f-81fa-1421d679595e\",\"更新年度\":2022,\"前年同一\":true},[{\"筆ポリゴンID\":\"de74eece-437c-44be-93f0-f4c2a8243517\",\"更新年度\":2021,\"前年同一\":true},{\"筆ポリゴンID\":\"de74eece-437c-44be-93f0-f4c2a8243517\",\"発生年度\":2020}]]]]","last_polygon_uuid":"9c853b39-f026-4a63-9afd-e8b8c8c17ede","prev_last_polygon_uuid":"e70ffa33-49a9-4965-9058-12b42932ea94","local_government_cd":"014630","point_lng":142.648686124,"point_lat":43.047407246}},{"arcs":[[93]],"type":"Polygon","properties":{"polygon_uuid":"1b1c023f-3e1b-46ce-b37c-bed89c6d3055","land_type":200,"issue_year":2025,"edit_year":2020,"history":"[{\"筆ポリゴンID\":\"00d02ae6-ac21-4a7c-a5b5-4e397e446d87\",\"更新年度\":2024,\"前年同一\":true},[{\"筆ポリゴンID\":\"9b2bffc7-c9ec-4210-8496-719a37fbe833\",\"更新年度\":2023,\"前年同一\":true},[{\"筆ポリゴンID\":\"00a96e9e-f100-4d73-8ea3-928850f0a25c\",\"更新年度\":2022,\"前年同一\":true},[{\"筆ポリゴンID\":\"0cc285ee-850c-426b-9891-004277567c13\",\"更新年度\":2021,\"前年同一\":true},{\"筆ポリゴンID\":\"0cc285ee-850c-426b-9891-004277567c13\",\"発生年度\":2020}]]]]","last_polygon_uuid":"00d02ae6-ac21-4a7c-a5b5-4e397e446d87","prev_last_polygon_uuid":"9b2bffc7-c9ec-4210-8496-719a37fbe833","local_government_cd":"014630","point_lng":142.674460181,"point_lat":43.034808369}},{"arcs":[[94]],"type":"Polygon","properties":{"polygon_uuid":"e3445d3d-0383-4e07-8a63-389ecd92d68c","land_type":200,"issue_year":2025,"edit_year":2020,"history":"[{\"筆ポリゴンID\":\"ee074b11-e5f4-45b3-ab24-490010edbe09\",\"更新年度\":2024,\"前年同一\":true},[{\"筆ポリゴンID\":\"81d3b6ae-02d4-465f-9699-9ac7d61e15e4\",\"更新年度\":2023,\"前年同一\":true},[{\"筆ポリゴンID\":\"d05fde98-9b3c-4003-8785-b4e399ec691c\",\"更新年度\":2022,\"前年同一\":true},[{\"筆ポリゴンID\":\"3ca8d38a-3c0b-4e04-b2b1-67c444d90cf3\",\"更新年度\":2021,\"前年同一\":true},{\"筆ポリゴンID\":\"3ca8d38a-3c0b-4e04-b2b1-67c444d90cf3\",\"発生年度\":2020}]]]]","last_polygon_uuid":"ee074b11-e5f4-45b3-ab24-490010edbe09","prev_last_polygon_uuid":"81d3b6ae-02d4-465f-9699-9ac7d61e15e4","local_government_cd":"014630","point_lng":142.668629363,"point_lat":43.044968675}},{"arcs":[[95]],"type":"Polygon","properties":{"polygon_uuid":"ff33440c-b7e0-45a7-930d-7c2b6b666e45","land_type":200,"issue_year":2025,"edit_year":2020,"history":"[{\"筆ポリゴンID\":\"5ef83edd-33f3-4d61-848a-aba43995737f\",\"更新年度\":2024,\"前年同一\":true},[{\"筆ポリゴンID\":\"1a67bdb3-e142-430b-8ba6-452bc5dd0447\",\"更新年度\":2023,\"前年同一\":true},[{\"筆ポリゴンID\":\"984fb937-58bd-422a-8b73-2ad937e5560a\",\"更新年度\":2022,\"前年同一\":true},[{\"筆ポリゴンID\":\"7bc8d8dd-2be4-4b71-9a61-99feecc92572\",\"更新年度\":2021,\"前年同一\":true},{\"筆ポリゴンID\":\"7bc8d8dd-2be4-4b71-9a61-99feecc92572\",\"発生年度\":2020}]]]]","last_polygon_uuid":"5ef83edd-33f3-4d61-848a-aba43995737f","prev_last_polygon_uuid":"1a67bdb3-e142-430b-8ba6-452bc5dd0447","local_government_cd":"014630","point_lng":142.66979471,"point_lat":43.030853767}},{"arcs":[[96]],"type":"Polygon","properties":{"polygon_uuid":"69c7d938-5fdc-41ab-86fa-81b6048e2fe2","land_type":200,"issue_year":2025,"edit_year":2020,"history":"[{\"筆ポリゴンID\":\"6eb27eab-e9e1-44ea-88b9-9f97ceaedab9\",\"更新年度\":2024,\"前年同一\":true},[{\"筆ポリゴンID\":\"07953c00-2e77-41f1-a862-96ada344d77c\",\"更新年度\":2023,\"前年同一\":true},[{\"筆ポリゴンID\":\"1d236e07-dbe0-40d8-bccc-9c9c3b8cd7b3\",\"更新年度\":2022,\"前年同一\":true},[{\"筆ポリゴンID\":\"3aac108b-a3a1-4f91-b76d-9ec6d664e965\",\"更新年度\":2021,\"前年同一\":true},{\"筆ポリゴンID\":\"3aac108b-a3a1-4f91-b76d-9ec6d664e965\",\"発生年度\":2020}]]]]","last_polygon_uuid":"6eb27eab-e9e1-44ea-88b9-9f97ceaedab9","prev_last_polygon_uuid":"07953c00-2e77-41f1-a862-96ada344d77c","local_government_cd":"014630","point_lng":142.666080148,"point_lat":43.033525725}},{"arcs":[[97]],"type":"Polygon","properties":{"polygon_uuid":"9bafc082-9e49-4add-9627-37c77d704517","land_type":200,"issue_year":2025,"edit_year":2020,"history":"[{\"筆ポリゴンID\":\"c961757f-ef0d-4587-8507-4203f3102ac0\",\"更新年度\":2024,\"前年同一\":true},[{\"筆ポリゴンID\":\"c2dbaae2-b379-47da-b51b-241857b9dd70\",\"更新年度\":2023,\"前年同一\":true},[{\"筆ポリゴンID\":\"1cb1fd11-33de-4b57-ab51-2dba8738aefa\",\"更新年度\":2022,\"前年同一\":true},[{\"筆ポリゴンID\":\"ad3d43f2-9356-4248-9c94-e1863c26f4fc\",\"更新年度\":2021,\"前年同一\":true},{\"筆ポリゴンID\":\"ad3d43f2-9356-4248-9c94-e1863c26f4fc\",\"発生年度\":2020}]]]]","last_polygon_uuid":"c961757f-ef0d-4587-8507-4203f3102ac0","prev_last_polygon_uuid":"c2dbaae2-b379-47da-b51b-241857b9dd70","local_government_cd":"014630","point_lng":142.673004424,"point_lat":43.028130017}},{"arcs":[[-88,98]],"type":"Polygon","properties":{"polygon_uuid":"7672bcfe-fa81-438b-a3dc-ea81e10b2e07","land_type":200,"issue_year":2025,"edit_year":2020,"history":"[{\"筆ポリゴンID\":\"4c285131-85bd-4f75-a10c-47f5c74a48fc\",\"更新年度\":2024,\"前年同一\":true},[{\"筆ポリゴンID\":\"9c98abe4-dab5-4d0f-862f-18cb47616af3\",\"更新年度\":2023,\"前年同一\":true},[{\"筆ポリゴンID\":\"ea5aa884-0706-43af-bf27-78ed6644cf5d\",\"更新年度\":2022,\"前年同一\":true},[{\"筆ポリゴンID\":\"5803b65e-81f0-4574-b041-951b72b53cd5\",\"更新年度\":2021,\"前年同一\":true},{\"筆ポリゴンID\":\"5803b65e-81f0-4574-b041-951b72b53cd5\",\"発生年度\":2020}]]]]","last_polygon_uuid":"4c285131-85bd-4f75-a10c-47f5c74a48fc","prev_last_polygon_uuid":"9c98abe4-dab5-4d0f-862f-18cb47616af3","local_government_cd":"014630","point_lng":142.676191056,"point_lat":43.032544598}},{"arcs":[[-80,99]],"type":"Polygon","properties":{"polygon_uuid":"88c9d330-bfcb-416e-b4af-9e1b62427334","land_type":200,"issue_year":2025,"edit_year":2020,"history":"[{\"筆ポリゴンID\":\"5da8b2bf-b390-4da6-a1f5-7facf8be857c\",\"更新年度\":2024,\"前年同一\":true},[{\"筆ポリゴンID\":\"08285ff7-595d-4658-a606-5af58da1a222\",\"更新年度\":2023,\"前年同一\":true},[{\"筆ポリゴンID\":\"31ac6689-5dc5-452e-9998-6d10016818eb\",\"更新年度\":2022,\"前年同一\":true},[{\"筆ポリゴンID\":\"ce25b7ff-8b2a-408b-b9e7-36fed1aeccea\",\"更新年度\":2021,\"前年同一\":true},{\"筆ポリゴンID\":\"ce25b7ff-8b2a-408b-b9e7-36fed1aeccea\",\"発生年度\":2020}]]]]","last_polygon_uuid":"5da8b2bf-b390-4da6-a1f5-7facf8be857c","prev_last_polygon_uuid":"08285ff7-595d-4658-a606-5af58da1a222","local_government_cd":"014630","point_lng":142.66726826,"point_lat":43.029609913}},{"arcs":[[100]],"type":"Polygon","properties":{"polygon_uuid":"4845a141-c4dc-4b82-ad8f-af433de3dd76","land_type":200,"issue_year":2025,"edit_year":2020,"history":"[{\"筆ポリゴンID\":\"4fcce584-12c7-4004-ac9a-03b03c6e92dd\",\"更新年度\":2024,\"前年同一\":true},[{\"筆ポリゴンID\":\"a66f7d87-7662-4853-9889-7a88b2eb2de6\",\"更新年度\":2023,\"前年同一\":true},[{\"筆ポリゴンID\":\"a18ff25f-023d-4252-a530-165a68a6b6eb\",\"更新年度\":2022,\"前年同一\":true},[{\"筆ポリゴンID\":\"0b374505-9f40-433e-b375-6f6e6a9d45ee\",\"更新年度\":2021,\"前年同一\":true},{\"筆ポリゴンID\":\"0b374505-9f40-433e-b375-6f6e6a9d45ee\",\"発生年度\":2020}]]]]","last_polygon_uuid":"4fcce584-12c7-4004-ac9a-03b03c6e92dd","prev_last_polygon_uuid":"a66f7d87-7662-4853-9889-7a88b2eb2de6","local_government_cd":"014630","point_lng":142.668740188,"point_lat":43.039619766}},{"arcs":[[101]],"type":"Polygon","properties":{"polygon_uuid":"0b566074-fe16-4719-b129-b81d65ae3f42","land_type":200,"issue_year":2025,"edit_year":2020,"history":"[{\"筆ポリゴンID\":\"817d1960-b580-4816-beda-26717e1021a2\",\"更新年度\":2024,\"前年同一\":true},[{\"筆ポリゴンID\":\"41dae250-b5fe-4c31-83f0-02d5e6d20bfd\",\"更新年度\":2023,\"前年同一\":true},[{\"筆ポリゴンID\":\"27847fb0-e002-4aeb-9f8a-a8f9fde8051e\",\"更新年度\":2022,\"前年同一\":true},[{\"筆ポリゴンID\":\"25ecc56e-bc24-4ed7-a810-f9b4f8792e86\",\"更新年度\":2021,\"前年同一\":true},{\"筆ポリゴンID\":\"25ecc56e-bc24-4ed7-a810-f9b4f8792e86\",\"発生年度\":2020}]]]]","last_polygon_uuid":"817d1960-b580-4816-beda-26717e1021a2","prev_last_polygon_uuid":"41dae250-b5fe-4c31-83f0-02d5e6d20bfd","local_government_cd":"014630","point_lng":142.668291997,"point_lat":43.041705567}},{"arcs":[[102,103]],"type":"Polygon","properties":{"polygon_uuid":"21ce9844-394c-45bd-adf9-ef2c8d11f3cf","land_type":200,"issue_year":2025,"edit_year":2021,"history":"[{\"筆ポリゴンID\":\"397d3fa0-586c-459c-bd8c-232de3a4c77d\",\"更新年度\":2024,\"前年同一\":true},[{\"筆ポリゴンID\":\"45f6d4d4-d3dc-4c62-8503-c9fde7250736\",\"更新年度\":2023,\"前年同一\":true},[{\"筆ポリゴンID\":\"49e62390-f510-46cc-95c1-a0d3ea1a1cb8\",\"更新年度\":2022,\"前年同一\":true},[{\"筆ポリゴンID\":\"dc25c150-8dd8-430a-b54f-146911d963b9\",\"更新年度\":2021,\"関連\":true},{\"筆ポリゴンID\":\"dc25c150-8dd8-430a-b54f-146911d963b9\",\"発生年度\":2020}]]]]","last_polygon_uuid":"397d3fa0-586c-459c-bd8c-232de3a4c77d","prev_last_polygon_uuid":"45f6d4d4-d3dc-4c62-8503-c9fde7250736","local_government_cd":"014630","point_lng":142.675772737,"point_lat":43.0274936}},{"arcs":[[104]],"type":"Polygon","properties":{"polygon_uuid":"401d9a56-f369-46cc-a556-7be22b4c23a6","land_type":200,"issue_year":2025,"edit_year":2024,"history":"[{\"筆ポリゴンID\":\"77abaa5f-4af7-432a-9700-d59762d1d28a\",\"更新年度\":2024,\"関連\":true},[{\"筆ポリゴンID\":\"b843c8bc-eca3-42c3-bab3-96c50ef0740d\",\"更新年度\":2023,\"前年同一\":true},[{\"筆ポリゴンID\":\"3ba4cfd5-c356-4e53-97d5-9c6bea28de22\",\"更新年度\":2022,\"前年同一\":true},[{\"筆ポリゴンID\":\"891e169c-9e9e-4fb2-947e-a42ce5e5f0a9\",\"更新年度\":2021,\"前年同一\":true},{\"筆ポリゴンID\":\"891e169c-9e9e-4fb2-947e-a42ce5e5f0a9\",\"発生年度\":2020}]]]]","last_polygon_uuid":null,"prev_last_polygon_uuid":null,"local_government_cd":"014630","point_lng":142.673500955,"point_lat":43.030046416}},{"arcs":[[105,-103]],"type":"Polygon","properties":{"polygon_uuid":"e14c956a-e492-48ca-9cce-981903056946","land_type":200,"issue_year":2025,"edit_year":2020,"history":"[{\"筆ポリゴンID\":\"dbdec596-acce-4d96-bd5d-cd24469ff0cc\",\"更新年度\":2024,\"前年同一\":true},[{\"筆ポリゴンID\":\"849a93eb-b7d6-4095-ad80-8c4731d0c1e2\",\"更新年度\":2023,\"前年同一\":true},[{\"筆ポリゴンID\":\"273d3b16-f487-4aed-af19-b469ed228d21\",\"更新年度\":2022,\"前年同一\":true},[{\"筆ポリゴンID\":\"859d3cd5-21eb-4ad7-97da-518b37a53de3\",\"更新年度\":2021,\"前年同一\":true},{\"筆ポリゴンID\":\"859d3cd5-21eb-4ad7-97da-518b37a53de3\",\"発生年度\":2020}]]]]","last_polygon_uuid":"dbdec596-acce-4d96-bd5d-cd24469ff0cc","prev_last_polygon_uuid":"849a93eb-b7d6-4095-ad80-8c4731d0c1e2","local_government_cd":"014630","point_lng":142.677201471,"point_lat":43.026495925}},{"arcs":[[106]],"type":"Polygon","properties":{"polygon_uuid":"af5c2121-2288-453f-83b7-1c033f950852","land_type":200,"issue_year":2025,"edit_year":2020,"history":"[{\"筆ポリゴンID\":\"a3276b30-f42a-4037-8e5e-166d6d7aa913\",\"更新年度\":2024,\"前年同一\":true},[{\"筆ポリゴンID\":\"147d67a2-b1f9-4523-8f7e-e8268c61be5a\",\"更新年度\":2023,\"前年同一\":true},[{\"筆ポリゴンID\":\"2808af61-8567-4119-ac00-4d1d86558fa2\",\"更新年度\":2022,\"前年同一\":true},[{\"筆ポリゴンID\":\"dd8c15b2-d1b8-4d5c-9633-bf4a8862eb67\",\"更新年度\":2021,\"前年同一\":true},{\"筆ポリゴンID\":\"dd8c15b2-d1b8-4d5c-9633-bf4a8862eb67\",\"発生年度\":2020}]]]]","last_polygon_uuid":"a3276b30-f42a-4037-8e5e-166d6d7aa913","prev_last_polygon_uuid":"147d67a2-b1f9-4523-8f7e-e8268c61be5a","local_government_cd":"014630","point_lng":142.667581628,"point_lat":43.040355741}},{"arcs":[[107]],"type":"Polygon","properties":{"polygon_uuid":"4fd33d28-60e2-4bdc-9d9d-0fe1fe2be6ec","land_type":200,"issue_year":2025,"edit_year":2020,"history":"[{\"筆ポリゴンID\":\"eb49758e-bc5b-40b5-8de0-6430f5022c2e\",\"更新年度\":2024,\"前年同一\":true},[{\"筆ポリゴンID\":\"7eec0e33-0f2f-44f1-8eee-d4f507ea27ce\",\"更新年度\":2023,\"前年同一\":true},[{\"筆ポリゴンID\":\"97e9a60b-184e-46ab-85ca-d6c74a67feb8\",\"更新年度\":2022,\"前年同一\":true},[{\"筆ポリゴンID\":\"5220f106-b5ff-446b-add3-4b26fb3358e7\",\"更新年度\":2021,\"前年同一\":true},{\"筆ポリゴンID\":\"5220f106-b5ff-446b-add3-4b26fb3358e7\",\"発生年度\":2020}]]]]","last_polygon_uuid":"eb49758e-bc5b-40b5-8de0-6430f5022c2e","prev_last_polygon_uuid":"7eec0e33-0f2f-44f1-8eee-d4f507ea27ce","local_government_cd":"014630","point_lng":142.672500684,"point_lat":43.033619268}},{"arcs":[[108]],"type":"Polygon","properties":{"polygon_uuid":"a2b3a9a7-4239-4f10-99bc-ef63eec1d1df","land_type":200,"issue_year":2025,"edit_year":2020,"history":"[{\"筆ポリゴンID\":\"a6fc1b30-dd97-4530-bced-616ca157eae5\",\"更新年度\":2024,\"前年同一\":true},[{\"筆ポリゴンID\":\"8908e96c-a7f5-4565-bb33-38f0cb6fc18e\",\"更新年度\":2023,\"前年同一\":true},[{\"筆ポリゴンID\":\"d384ea00-8387-49a5-95c8-e7cfcd8f4e38\",\"更新年度\":2022,\"前年同一\":true},[{\"筆ポリゴンID\":\"10b007a5-7ed5-4d46-959f-d4d35d20503d\",\"更新年度\":2021,\"前年同一\":true},{\"筆ポリゴンID\":\"10b007a5-7ed5-4d46-959f-d4d35d20503d\",\"発生年度\":2020}]]]]","last_polygon_uuid":"a6fc1b30-dd97-4530-bced-616ca157eae5","prev_last_polygon_uuid":"8908e96c-a7f5-4565-bb33-38f0cb6fc18e","local_government_cd":"014630","point_lng":142.463035368,"point_lat":42.958601585}},{"arcs":[[109]],"type":"Polygon","properties":{"polygon_uuid":"77e13535-e292-4cd2-9889-a5a828ac7a29","land_type":200,"issue_year":2025,"edit_year":2020,"history":"[{\"筆ポリゴンID\":\"48187ee3-f548-4b09-8bcc-d6f4f34596e9\",\"更新年度\":2024,\"前年同一\":true},[{\"筆ポリゴンID\":\"7f06358b-553a-46e1-aa8e-5ace6880fbc8\",\"更新年度\":2023,\"前年同一\":true},[{\"筆ポリゴンID\":\"257d3ef8-ac57-4a43-9523-a2152c3c5739\",\"更新年度\":2022,\"前年同一\":true},[{\"筆ポリゴンID\":\"8309f3d2-9352-4655-a470-9ec74e284a1f\",\"更新年度\":2021,\"前年同一\":true},{\"筆ポリゴンID\":\"8309f3d2-9352-4655-a470-9ec74e284a1f\",\"発生年度\":2020}]]]]","last_polygon_uuid":"48187ee3-f548-4b09-8bcc-d6f4f34596e9","prev_last_polygon_uuid":"7f06358b-553a-46e1-aa8e-5ace6880fbc8","local_government_cd":"014630","point_lng":142.404167163,"point_lat":42.979414713}},{"arcs":[[110,111,112,113]],"type":"Polygon","properties":{"polygon_uuid":"05ef2598-a82f-429a-9797-a1398448d4ad","land_type":200,"issue_year":2025,"edit_year":2020,"history":"[{\"筆ポリゴンID\":\"520903cd-c67a-45f4-a39a-fbef8eb98869\",\"更新年度\":2024,\"前年同一\":true},[{\"筆ポリゴンID\":\"5eb9502a-34db-4a22-a4df-84857fe3970f\",\"更新年度\":2023,\"前年同一\":true},[{\"筆ポリゴンID\":\"87ba8355-9bc3-4933-9a60-1a8a959c7c75\",\"更新年度\":2022,\"前年同一\":true},[{\"筆ポリゴンID\":\"d5860a88-93da-432a-881e-8b9ec1244051\",\"更新年度\":2021,\"前年同一\":true},{\"筆ポリゴンID\":\"d5860a88-93da-432a-881e-8b9ec1244051\",\"発生年度\":2020}]]]]","last_polygon_uuid":"520903cd-c67a-45f4-a39a-fbef8eb98869","prev_last_polygon_uuid":"5eb9502a-34db-4a22-a4df-84857fe3970f","local_government_cd":"014630","point_lng":142.481398557,"point_lat":42.962636173}},{"arcs":[[114,115]],"type":"Polygon","properties":{"polygon_uuid":"ee07b4cc-c71d-452a-bb6d-eef37f8e330c","land_type":100,"issue_year":2025,"edit_year":2020,"history":"[{\"筆ポリゴンID\":\"8c9c75c7-3100-4c32-8966-d267eb653d23\",\"更新年度\":2024,\"前年同一\":true},[{\"筆ポリゴンID\":\"e1c966d9-202c-4f19-bdfc-9c9077aab49e\",\"更新年度\":2023,\"前年同一\":true},[{\"筆ポリゴンID\":\"40238923-ecc1-457d-8457-9029bb41dffb\",\"更新年度\":2022,\"前年同一\":true},[{\"筆ポリゴンID\":\"764d8316-2c14-4784-91f2-da2c90efc2f9\",\"更新年度\":2021,\"前年同一\":true},{\"筆ポリゴンID\":\"764d8316-2c14-4784-91f2-da2c90efc2f9\",\"発生年度\":2020}]]]]","last_polygon_uuid":"8c9c75c7-3100-4c32-8966-d267eb653d23","prev_last_polygon_uuid":"e1c966d9-202c-4f19-bdfc-9c9077aab49e","local_government_cd":"014630","point_lng":142.40728239,"point_lat":42.994790324}},{"arcs":[[116]],"type":"Polygon","properties":{"polygon_uuid":"ec9eb802-18b6-47b4-b4c2-ff93d019ce76","land_type":100,"issue_year":2025,"edit_year":2020,"history":"[{\"筆ポリゴンID\":\"2bb24ccd-0b2e-482e-9a6d-ad32cc4117f9\",\"更新年度\":2024,\"前年同一\":true},[{\"筆ポリゴンID\":\"bb8a05a4-2569-4e01-a26c-7f65b6a82fe5\",\"更新年度\":2023,\"前年同一\":true},[{\"筆ポリゴンID\":\"09f84b03-fad4-4759-b3c0-a0870c313ad7\",\"更新年度\":2022,\"前年同一\":true},[{\"筆ポリゴンID\":\"c3263811-7321-4b63-90fb-fdd1ef909a1e\",\"更新年度\":2021,\"前年同一\":true},{\"筆ポリゴンID\":\"c3263811-7321-4b63-90fb-fdd1ef909a1e\",\"発生年度\":2020}]]]]","last_polygon_uuid":"2bb24ccd-0b2e-482e-9a6d-ad32cc4117f9","prev_last_polygon_uuid":"bb8a05a4-2569-4e01-a26c-7f65b6a82fe5","local_government_cd":"014630","point_lng":142.470084746,"point_lat":42.96106358}},{"arcs":[[117]],"type":"Polygon","properties":{"polygon_uuid":"4cd446c8-8ef4-4af1-b6f2-5d569fe4b6db","land_type":200,"issue_year":2025,"edit_year":2020,"history":"[{\"筆ポリゴンID\":\"b71e3adc-b89e-4f61-b547-be094a120f08\",\"更新年度\":2024,\"前年同一\":true},[{\"筆ポリゴンID\":\"b8ecd124-029d-4e9a-a873-15d59504f356\",\"更新年度\":2023,\"前年同一\":true},[{\"筆ポリゴンID\":\"42f69e3a-fe52-4ca9-9195-405630909786\",\"更新年度\":2022,\"前年同一\":true},[{\"筆ポリゴンID\":\"85228f7f-df3f-4dd4-b29d-0afb940661e0\",\"更新年度\":2021,\"前年同一\":true},{\"筆ポリゴンID\":\"85228f7f-df3f-4dd4-b29d-0afb940661e0\",\"発生年度\":2020}]]]]","last_polygon_uuid":"b71e3adc-b89e-4f61-b547-be094a120f08","prev_last_polygon_uuid":"b8ecd124-029d-4e9a-a873-15d59504f356","local_government_cd":"014630","point_lng":142.399575365,"point_lat":43.019851146}},{"arcs":[[118]],"type":"Polygon","properties":{"polygon_uuid":"f21bea9c-8a78-4bf3-bc9d-07e410d62444","land_type":200,"issue_year":2025,"edit_year":2020,"history":"[{\"筆ポリゴンID\":\"4875a96e-c436-48f1-a6a9-c82b208f3cd9\",\"更新年度\":2024,\"前年同一\":true},[{\"筆ポリゴンID\":\"061874c7-b2cd-4435-8ddf-6df204bcb0b4\",\"更新年度\":2023,\"前年同一\":true},[{\"筆ポリゴンID\":\"5e9822f2-4872-4374-b20c-62d2e0ae5be8\",\"更新年度\":2022,\"前年同一\":true},[{\"筆ポリゴンID\":\"a282553a-63fd-412a-96de-d330eab53257\",\"更新年度\":2021,\"前年同一\":true},{\"筆ポリゴンID\":\"a282553a-63fd-412a-96de-d330eab53257\",\"発生年度\":2020}]]]]","last_polygon_uuid":"4875a96e-c436-48f1-a6a9-c82b208f3cd9","prev_last_polygon_uuid":"061874c7-b2cd-4435-8ddf-6df204bcb0b4","local_government_cd":"014630","point_lng":142.401867543,"point_lat":42.994325732}},{"arcs":[[119]],"type":"Polygon","properties":{"polygon_uuid":"bc0bd9ca-8d98-4f7b-a7e5-417c621b66b9","land_type":100,"issue_year":2025,"edit_year":2020,"history":"[{\"筆ポリゴンID\":\"005a6b83-1d76-47e9-9711-1ea7ddf4bfa1\",\"更新年度\":2024,\"前年同一\":true},[{\"筆ポリゴンID\":\"669f2b54-be16-40e1-89d9-820c7353d1b9\",\"更新年度\":2023,\"前年同一\":true},[{\"筆ポリゴンID\":\"b7083f55-7c5c-4f1d-8f6c-20e18c971542\",\"更新年度\":2022,\"前年同一\":true},[{\"筆ポリゴンID\":\"d25e7e63-391e-4106-a16a-80f379e4f4f2\",\"更新年度\":2021,\"前年同一\":true},{\"筆ポリゴンID\":\"d25e7e63-391e-4106-a16a-80f379e4f4f2\",\"発生年度\":2020}]]]]","last_polygon_uuid":"005a6b83-1d76-47e9-9711-1ea7ddf4bfa1","prev_last_polygon_uuid":"669f2b54-be16-40e1-89d9-820c7353d1b9","local_government_cd":"014630","point_lng":142.398321813,"point_lat":43.012451814}},{"arcs":[[120,121]],"type":"Polygon","properties":{"polygon_uuid":"3ef1933c-a0ab-4301-9e34-e044402e0308","land_type":200,"issue_year":2025,"edit_year":2020,"history":"[{\"筆ポリゴンID\":\"13337528-3356-4cc9-b02b-8010e62ae1b4\",\"更新年度\":2024,\"前年同一\":true},[{\"筆ポリゴンID\":\"ea1d1308-66f9-4aa9-889a-19075a6d543a\",\"更新年度\":2023,\"前年同一\":true},[{\"筆ポリゴンID\":\"b6bb0020-0099-468d-8d01-a6a114184a64\",\"更新年度\":2022,\"前年同一\":true},[{\"筆ポリゴンID\":\"c0cea291-bf62-44cc-8d28-c789d8d68d99\",\"更新年度\":2021,\"前年同一\":true},{\"筆ポリゴンID\":\"c0cea291-bf62-44cc-8d28-c789d8d68d99\",\"発生年度\":2020}]]]]","last_polygon_uuid":"13337528-3356-4cc9-b02b-8010e62ae1b4","prev_last_polygon_uuid":"ea1d1308-66f9-4aa9-889a-19075a6d543a","local_government_cd":"014630","point_lng":142.421279793,"point_lat":42.971166045}},{"arcs":[[122]],"type":"Polygon","properties":{"polygon_uuid":"3e58c6dd-0128-495f-9849-7a929198c025","land_type":200,"issue_year":2025,"edit_year":2020,"history":"[{\"筆ポリゴンID\":\"bf10fc54-22fa-41a6-9877-159ad34f126d\",\"更新年度\":2024,\"前年同一\":true},[{\"筆ポリゴンID\":\"5231e994-4033-4bd1-8525-8c311e2687c3\",\"更新年度\":2023,\"前年同一\":true},[{\"筆ポリゴンID\":\"e723b8e6-a93e-431e-9467-145a9f5c109b\",\"更新年度\":2022,\"前年同一\":true},[{\"筆ポリゴンID\":\"a9938679-18eb-442e-b032-6bfc9c5e62ff\",\"更新年度\":2021,\"前年同一\":true},{\"筆ポリゴンID\":\"a9938679-18eb-442e-b032-6bfc9c5e62ff\",\"発生年度\":2020}]]]]","last_polygon_uuid":"bf10fc54-22fa-41a6-9877-159ad34f126d","prev_last_polygon_uuid":"5231e994-4033-4bd1-8525-8c311e2687c3","local_government_cd":"014630","point_lng":142.515484721,"point_lat":43.07186156}},{"arcs":[[123,124]],"type":"Polygon","properties":{"polygon_uuid":"3768a0f0-34a9-4f6f-b182-51282fd6967f","land_type":100,"issue_year":2025,"edit_year":2020,"history":"[{\"筆ポリゴンID\":\"6bc9cc7a-400f-4b4f-ac45-b396f133cd57\",\"更新年度\":2024,\"前年同一\":true},[{\"筆ポリゴンID\":\"505ea61a-f2a1-4c43-806a-114a207a3d6a\",\"更新年度\":2023,\"前年同一\":true},[{\"筆ポリゴンID\":\"d6d4444e-7183-423f-89f7-0e4f89c02996\",\"更新年度\":2022,\"前年同一\":true},[{\"筆ポリゴンID\":\"10b38669-3293-4d13-98dd-3e27aa857619\",\"更新年度\":2021,\"前年同一\":true},{\"筆ポリゴンID\":\"10b38669-3293-4d13-98dd-3e27aa857619\",\"発生年度\":2020}]]]]","last_polygon_uuid":"6bc9cc7a-400f-4b4f-ac45-b396f133cd57","prev_last_polygon_uuid":"505ea61a-f2a1-4c43-806a-114a207a3d6a","local_government_cd":"014630","point_lng":142.397922402,"point_lat":42.99083011}},{"arcs":[[-122,125]],"type":"Polygon","properties":{"polygon_uuid":"d257b4bf-66e5-49cf-b13d-dc7a976b6da6","land_type":200,"issue_year":2025,"edit_year":2020,"history":"[{\"筆ポリゴンID\":\"7da9c816-0c36-458e-a838-503ff60e4666\",\"更新年度\":2024,\"前年同一\":true},[{\"筆ポリゴンID\":\"780c1a3e-49f0-4810-9926-8f802100441d\",\"更新年度\":2023,\"前年同一\":true},[{\"筆ポリゴンID\":\"7d321779-89f2-49da-bec4-1e4c8835033d\",\"更新年度\":2022,\"前年同一\":true},[{\"筆ポリゴンID\":\"5a0da45a-cf47-44bb-a42d-05e25c8c50c1\",\"更新年度\":2021,\"前年同一\":true},{\"筆ポリゴンID\":\"5a0da45a-cf47-44bb-a42d-05e25c8c50c1\",\"発生年度\":2020}]]]]","last_polygon_uuid":"7da9c816-0c36-458e-a838-503ff60e4666","prev_last_polygon_uuid":"780c1a3e-49f0-4810-9926-8f802100441d","local_government_cd":"014630","point_lng":142.421246968,"point_lat":42.971498664}},{"arcs":[[126]],"type":"Polygon","properties":{"polygon_uuid":"655365f3-1a66-4b7f-bfd7-5d93e5cbd474","land_type":200,"issue_year":2025,"edit_year":2020,"history":"[{\"筆ポリゴンID\":\"c4c9e1ad-e522-48a8-af52-9a3edd64fe8f\",\"更新年度\":2024,\"前年同一\":true},[{\"筆ポリゴンID\":\"e585dc86-c0b4-4ab9-a1bf-5758e8025f6c\",\"更新年度\":2023,\"前年同一\":true},[{\"筆ポリゴンID\":\"5dbcb9d5-5922-4f3e-a789-f3728073739e\",\"更新年度\":2022,\"前年同一\":true},[{\"筆ポリゴンID\":\"5cc62a68-1b98-4ca1-a861-83a0d56728b2\",\"更新年度\":2021,\"前年同一\":true},{\"筆ポリゴンID\":\"5cc62a68-1b98-4ca1-a861-83a0d56728b2\",\"発生年度\":2020}]]]]","last_polygon_uuid":"c4c9e1ad-e522-48a8-af52-9a3edd64fe8f","prev_last_polygon_uuid":"e585dc86-c0b4-4ab9-a1bf-5758e8025f6c","local_government_cd":"014630","point_lng":142.490636586,"point_lat":42.968021379}},{"arcs":[[127]],"type":"Polygon","properties":{"polygon_uuid":"de76d9b9-d527-45a7-a513-f3ba12677b70","land_type":100,"issue_year":2025,"edit_year":2020,"history":"[{\"筆ポリゴンID\":\"7e60dd1f-1b5d-407a-83eb-1cd858d4ad48\",\"更新年度\":2024,\"前年同一\":true},[{\"筆ポリゴンID\":\"c6b37e56-c6dd-4097-8e37-f0124cd5524a\",\"更新年度\":2023,\"前年同一\":true},[{\"筆ポリゴンID\":\"ec3c6652-f818-41c5-84e8-aa2a625c00db\",\"更新年度\":2022,\"前年同一\":true},[{\"筆ポリゴンID\":\"24807285-32f8-4c21-83d6-9d1946f3af56\",\"更新年度\":2021,\"前年同一\":true},{\"筆ポリゴンID\":\"24807285-32f8-4c21-83d6-9d1946f3af56\",\"発生年度\":2020}]]]]","last_polygon_uuid":"7e60dd1f-1b5d-407a-83eb-1cd858d4ad48","prev_last_polygon_uuid":"c6b37e56-c6dd-4097-8e37-f0124cd5524a","local_government_cd":"014630","point_lng":142.469754346,"point_lat":42.959699625}},{"arcs":[[128]],"type":"Polygon","properties":{"polygon_uuid":"12e1b990-75a8-46c7-be32-131c0b43cce8","land_type":200,"issue_year":2025,"edit_year":2020,"history":"[{\"筆ポリゴンID\":\"ac2e81fd-1f12-486e-beb2-482cdace2556\",\"更新年度\":2024,\"前年同一\":true},[{\"筆ポリゴンID\":\"1212cdaa-a3be-4247-9ad8-9414bd199f69\",\"更新年度\":2023,\"前年同一\":true},[{\"筆ポリゴンID\":\"d7bbd4bd-1467-4ae1-93f5-23a1c3695cf2\",\"更新年度\":2022,\"前年同一\":true},[{\"筆ポリゴンID\":\"aab2b23a-ec6b-4cc0-9b66-eac91cef8d30\",\"更新年度\":2021,\"前年同一\":true},{\"筆ポリゴンID\":\"aab2b23a-ec6b-4cc0-9b66-eac91cef8d30\",\"発生年度\":2020}]]]]","last_polygon_uuid":"ac2e81fd-1f12-486e-beb2-482cdace2556","prev_last_polygon_uuid":"1212cdaa-a3be-4247-9ad8-9414bd199f69","local_government_cd":"014630","point_lng":142.396226598,"point_lat":42.979326862}},{"arcs":[[129]],"type":"Polygon","properties":{"polygon_uuid":"a89d3300-fd66-48d7-ad4d-a06971128bcb","land_type":200,"issue_year":2025,"edit_year":2020,"history":"[{\"筆ポリゴンID\":\"69d35935-df8f-4428-8a47-c2fcdfba46fc\",\"更新年度\":2024,\"前年同一\":true},[{\"筆ポリゴンID\":\"8ba0b218-2a83-4e06-94dc-92a02d82c0cf\",\"更新年度\":2023,\"前年同一\":true},[{\"筆ポリゴンID\":\"51d2ff16-7803-43b2-84c5-b0a49db2857e\",\"更新年度\":2022,\"前年同一\":true},[{\"筆ポリゴンID\":\"6d827636-7509-4de2-8e66-f0c10a42b523\",\"更新年度\":2021,\"前年同一\":true},{\"筆ポリゴンID\":\"6d827636-7509-4de2-8e66-f0c10a42b523\",\"発生年度\":2020}]]]]","last_polygon_uuid":"69d35935-df8f-4428-8a47-c2fcdfba46fc","prev_last_polygon_uuid":"8ba0b218-2a83-4e06-94dc-92a02d82c0cf","local_government_cd":"014630","point_lng":142.518900318,"point_lat":43.069371584}},{"arcs":[[130,131]],"type":"Polygon","properties":{"polygon_uuid":"89dfcc48-f8d7-445c-826c-953b19403076","land_type":200,"issue_year":2025,"edit_year":2020,"history":"[{\"筆ポリゴンID\":\"2e5767d8-7172-4967-9e3e-1580cdf34529\",\"更新年度\":2024,\"前年同一\":true},[{\"筆ポリゴンID\":\"e16791bc-4633-428d-96e2-45fd799b0d68\",\"更新年度\":2023,\"前年同一\":true},[{\"筆ポリゴンID\":\"11d2fb29-2d47-41e6-b80a-45a14d2e84e1\",\"更新年度\":2022,\"前年同一\":true},[{\"筆ポリゴンID\":\"a0790ba9-54a6-454b-b9f4-c77455768086\",\"更新年度\":2021,\"前年同一\":true},{\"筆ポリゴンID\":\"a0790ba9-54a6-454b-b9f4-c77455768086\",\"発生年度\":2020}]]]]","last_polygon_uuid":"2e5767d8-7172-4967-9e3e-1580cdf34529","prev_last_polygon_uuid":"e16791bc-4633-428d-96e2-45fd799b0d68","local_government_cd":"014630","point_lng":142.484856575,"point_lat":42.964157905}},{"arcs":[[132]],"type":"Polygon","properties":{"polygon_uuid":"a81523b8-3f87-4bb0-8ff1-60a568e3d075","land_type":200,"issue_year":2025,"edit_year":2020,"history":"[{\"筆ポリゴンID\":\"217345f1-42c8-42ec-a7dc-fb520dea194b\",\"更新年度\":2024,\"前年同一\":true},[{\"筆ポリゴンID\":\"23016878-d2e5-4a85-83bf-6b27f3dcb72d\",\"更新年度\":2023,\"前年同一\":true},[{\"筆ポリゴンID\":\"6e0e3564-9321-4250-9850-209a0e4696f6\",\"更新年度\":2022,\"前年同一\":true},[{\"筆ポリゴンID\":\"4024a424-aa6e-4270-978e-252a228085a1\",\"更新年度\":2021,\"前年同一\":true},{\"筆ポリゴンID\":\"4024a424-aa6e-4270-978e-252a228085a1\",\"発生年度\":2020}]]]]","last_polygon_uuid":"217345f1-42c8-42ec-a7dc-fb520dea194b","prev_last_polygon_uuid":"23016878-d2e5-4a85-83bf-6b27f3dcb72d","local_government_cd":"014630","point_lng":142.400799473,"point_lat":42.993371423}},{"arcs":[[133,134]],"type":"Polygon","properties":{"polygon_uuid":"2b027e59-2ff0-4cc8-9891-3e83878333a6","land_type":100,"issue_year":2025,"edit_year":2020,"history":"[{\"筆ポリゴンID\":\"53aede29-8ddd-40d8-b3c9-24dfe88cca1a\",\"更新年度\":2024,\"前年同一\":true},[{\"筆ポリゴンID\":\"7df4e2ba-851b-433a-a92a-4900978c57dc\",\"更新年度\":2023,\"前年同一\":true},[{\"筆ポリゴンID\":\"44a0b666-2f17-403d-b97b-ec9537d6e3f9\",\"更新年度\":2022,\"前年同一\":true},[{\"筆ポリゴンID\":\"5eaacd49-c31a-431a-830d-5e89181c425a\",\"更新年度\":2021,\"前年同一\":true},{\"筆ポリゴンID\":\"5eaacd49-c31a-431a-830d-5e89181c425a\",\"発生年度\":2020}]]]]","last_polygon_uuid":"53aede29-8ddd-40d8-b3c9-24dfe88cca1a","prev_last_polygon_uuid":"7df4e2ba-851b-433a-a92a-4900978c57dc","local_government_cd":"014630","point_lng":142.406831045,"point_lat":42.986113306}},{"arcs":[[135]],"type":"Polygon","properties":{"polygon_uuid":"30ec994e-a181-4e5f-986f-9587050e3f36","land_type":200,"issue_year":2025,"edit_year":2020,"history":"[{\"筆ポリゴンID\":\"209de610-78ba-4e34-bebb-03cb71814bd5\",\"更新年度\":2024,\"前年同一\":true},[{\"筆ポリゴンID\":\"25d70307-9879-4243-97f9-3af307d7e9f1\",\"更新年度\":2023,\"前年同一\":true},[{\"筆ポリゴンID\":\"9e3721fd-9b11-4551-837c-f05cb8807cdf\",\"更新年度\":2022,\"前年同一\":true},[{\"筆ポリゴンID\":\"3d2bc631-106d-4090-9c2a-0630352494e7\",\"更新年度\":2021,\"前年同一\":true},{\"筆ポリゴンID\":\"3d2bc631-106d-4090-9c2a-0630352494e7\",\"発生年度\":2020}]]]]","last_polygon_uuid":"209de610-78ba-4e34-bebb-03cb71814bd5","prev_last_polygon_uuid":"25d70307-9879-4243-97f9-3af307d7e9f1","local_government_cd":"014630","point_lng":142.40080873,"point_lat":42.979825773}},{"arcs":[[136]],"type":"Polygon","properties":{"polygon_uuid":"f991be9f-f5d5-4d81-b4d7-46e22cb2db01","land_type":100,"issue_year":2025,"edit_year":2020,"history":"[{\"筆ポリゴンID\":\"1e04d26c-36b6-431e-afeb-b730a3ed0b15\",\"更新年度\":2024,\"前年同一\":true},[{\"筆ポリゴンID\":\"54eae1c4-7250-4a43-937c-f94df81b9fe2\",\"更新年度\":2023,\"前年同一\":true},[{\"筆ポリゴンID\":\"f17e5627-812a-47c7-8c91-c5918f7479f0\",\"更新年度\":2022,\"前年同一\":true},[{\"筆ポリゴンID\":\"c3ee4b71-a951-41bf-9b26-800b0ebaf06e\",\"更新年度\":2021,\"前年同一\":true},{\"筆ポリゴンID\":\"c3ee4b71-a951-41bf-9b26-800b0ebaf06e\",\"発生年度\":2020}]]]]","last_polygon_uuid":"1e04d26c-36b6-431e-afeb-b730a3ed0b15","prev_last_polygon_uuid":"54eae1c4-7250-4a43-937c-f94df81b9fe2","local_government_cd":"014630","point_lng":142.478333967,"point_lat":42.96279547}},{"arcs":[[137,138]],"type":"Polygon","properties":{"polygon_uuid":"78c1ba7a-6986-40d6-929b-ac06389dedb2","land_type":200,"issue_year":2025,"edit_year":2020,"history":"[{\"筆ポリゴンID\":\"258cc942-64e4-466b-9844-060070ff2fd9\",\"更新年度\":2024,\"前年同一\":true},[{\"筆ポリゴンID\":\"516026ae-a574-48c7-9c3e-41f116c1c934\",\"更新年度\":2023,\"前年同一\":true},[{\"筆ポリゴンID\":\"6e61a4e2-3a95-40b7-be5c-2f42fdae049d\",\"更新年度\":2022,\"前年同一\":true},[{\"筆ポリゴンID\":\"541cf5a7-30ec-486e-b1ac-ba16ae1ca4cb\",\"更新年度\":2021,\"前年同一\":true},{\"筆ポリゴンID\":\"541cf5a7-30ec-486e-b1ac-ba16ae1ca4cb\",\"発生年度\":2020}]]]]","last_polygon_uuid":"258cc942-64e4-466b-9844-060070ff2fd9","prev_last_polygon_uuid":"516026ae-a574-48c7-9c3e-41f116c1c934","local_government_cd":"014630","point_lng":142.41402142,"point_lat":42.975764754}},{"arcs":[[139,140]],"type":"Polygon","properties":{"polygon_uuid":"80393661-e4be-481e-8262-383a2e077d38","land_type":200,"issue_year":2025,"edit_year":2020,"history":"[{\"筆ポリゴンID\":\"64f2c694-40bd-40bc-9728-56cffeb1cdc0\",\"更新年度\":2024,\"前年同一\":true},[{\"筆ポリゴンID\":\"72c79c1d-3559-4559-897f-c2bfd7d73307\",\"更新年度\":2023,\"前年同一\":true},[{\"筆ポリゴンID\":\"2447d38e-8568-451b-b7b4-78911daaa921\",\"更新年度\":2022,\"前年同一\":true},[{\"筆ポリゴンID\":\"4f0e34c2-1ecf-4982-b72e-2244eaa14bd1\",\"更新年度\":2021,\"前年同一\":true},{\"筆ポリゴンID\":\"4f0e34c2-1ecf-4982-b72e-2244eaa14bd1\",\"発生年度\":2020}]]]]","last_polygon_uuid":"64f2c694-40bd-40bc-9728-56cffeb1cdc0","prev_last_polygon_uuid":"72c79c1d-3559-4559-897f-c2bfd7d73307","local_government_cd":"014630","point_lng":142.401022283,"point_lat":43.016058951}},{"arcs":[[-15,141]],"type":"Polygon","properties":{"polygon_uuid":"110cb145-6ebe-4490-a96b-f7f72d65f270","land_type":100,"issue_year":2025,"edit_year":2020,"history":"[{\"筆ポリゴンID\":\"6ceb6017-ae0f-43ab-9620-c7557b715058\",\"更新年度\":2024,\"前年同一\":true},[{\"筆ポリゴンID\":\"a0547485-6094-4594-b101-3d606cb43b59\",\"更新年度\":2023,\"前年同一\":true},[{\"筆ポリゴンID\":\"9b5c55c2-795c-4f23-b28c-1b9427641d88\",\"更新年度\":2022,\"前年同一\":true},[{\"筆ポリゴンID\":\"132ceefa-acf9-46be-9e53-27750c9004ad\",\"更新年度\":2021,\"前年同一\":true},{\"筆ポリゴンID\":\"132ceefa-acf9-46be-9e53-27750c9004ad\",\"発生年度\":2020}]]]]","last_polygon_uuid":"6ceb6017-ae0f-43ab-9620-c7557b715058","prev_last_polygon_uuid":"a0547485-6094-4594-b101-3d606cb43b59","local_government_cd":"014630","point_lng":142.403195167,"point_lat":42.996764731}},{"arcs":[[142]],"type":"Polygon","properties":{"polygon_uuid":"7ca513e0-ea91-4033-9c07-12ee5d9acd76","land_type":200,"issue_year":2025,"edit_year":2020,"history":"[{\"筆ポリゴンID\":\"cddb0c1a-45ac-4f55-9b1a-87f5a1e3b5a1\",\"更新年度\":2024,\"前年同一\":true},[{\"筆ポリゴンID\":\"96c74a5c-268c-4b2e-b0e1-81ed16a6e1fa\",\"更新年度\":2023,\"前年同一\":true},[{\"筆ポリゴンID\":\"8cf3a21d-b6e7-49bb-8518-b9e98bb93e98\",\"更新年度\":2022,\"前年同一\":true},[{\"筆ポリゴンID\":\"ca8942fb-eb4b-4a5b-8967-85eae9592a08\",\"更新年度\":2021,\"前年同一\":true},{\"筆ポリゴンID\":\"ca8942fb-eb4b-4a5b-8967-85eae9592a08\",\"発生年度\":2020}]]]]","last_polygon_uuid":"cddb0c1a-45ac-4f55-9b1a-87f5a1e3b5a1","prev_last_polygon_uuid":"96c74a5c-268c-4b2e-b0e1-81ed16a6e1fa","local_government_cd":"014630","point_lng":142.411027097,"point_lat":43.005149951}},{"arcs":[[143,144]],"type":"Polygon","properties":{"polygon_uuid":"7e11009f-d925-4b87-bf93-8f211d6ae7e8","land_type":200,"issue_year":2025,"edit_year":2020,"history":"[{\"筆ポリゴンID\":\"df5eeaa6-2335-46c6-81e2-9d8d172a42ab\",\"更新年度\":2024,\"前年同一\":true},[{\"筆ポリゴンID\":\"1d3b9c97-085e-4ac9-8968-2eaa7b0d339c\",\"更新年度\":2023,\"前年同一\":true},[{\"筆ポリゴンID\":\"66d85e8e-b19f-4bac-ae00-8e175e1fe70d\",\"更新年度\":2022,\"前年同一\":true},[{\"筆ポリゴンID\":\"d76ed29d-ab90-4519-813e-28786bc87706\",\"更新年度\":2021,\"前年同一\":true},{\"筆ポリゴンID\":\"d76ed29d-ab90-4519-813e-28786bc87706\",\"発生年度\":2020}]]]]","last_polygon_uuid":"df5eeaa6-2335-46c6-81e2-9d8d172a42ab","prev_last_polygon_uuid":"1d3b9c97-085e-4ac9-8968-2eaa7b0d339c","local_government_cd":"014630","point_lng":142.404963225,"point_lat":42.998518126}},{"arcs":[[145,146]],"type":"Polygon","properties":{"polygon_uuid":"8dcf18b5-e3ca-4dc5-a153-42a05c30c6f2","land_type":200,"issue_year":2025,"edit_year":2020,"history":"[{\"筆ポリゴンID\":\"eaa561dd-8cdd-4060-89ae-eed0e39b8f9d\",\"更新年度\":2024,\"前年同一\":true},[{\"筆ポリゴンID\":\"dbf3399d-c74b-4a1b-80e4-f5327e9fe41b\",\"更新年度\":2023,\"前年同一\":true},[{\"筆ポリゴンID\":\"42e3514b-b1e6-42ad-a55b-a5c69bb0ff60\",\"更新年度\":2022,\"前年同一\":true},[{\"筆ポリゴンID\":\"cfdfcddb-19df-4e02-bead-e52fb8b7e5f1\",\"更新年度\":2021,\"前年同一\":true},{\"筆ポリゴンID\":\"cfdfcddb-19df-4e02-bead-e52fb8b7e5f1\",\"発生年度\":2020}]]]]","last_polygon_uuid":"eaa561dd-8cdd-4060-89ae-eed0e39b8f9d","prev_last_polygon_uuid":"dbf3399d-c74b-4a1b-80e4-f5327e9fe41b","local_government_cd":"014630","point_lng":142.398685871,"point_lat":42.99226215}},{"arcs":[[147,-59]],"type":"Polygon","properties":{"polygon_uuid":"312e2920-e30c-41c1-8ce6-fd2f156b71df","land_type":200,"issue_year":2025,"edit_year":2020,"history":"[{\"筆ポリゴンID\":\"b6c63021-154f-41de-8b69-e30befbfeeeb\",\"更新年度\":2024,\"前年同一\":true},[{\"筆ポリゴンID\":\"acd140fb-8812-4356-812f-8c100a5084a7\",\"更新年度\":2023,\"前年同一\":true},[{\"筆ポリゴンID\":\"72f7774b-32ef-4944-8e8d-f918165a45f1\",\"更新年度\":2022,\"前年同一\":true},[{\"筆ポリゴンID\":\"a9e5f9ba-7fb4-4035-80af-ad4e35148151\",\"更新年度\":2021,\"前年同一\":true},{\"筆ポリゴンID\":\"a9e5f9ba-7fb4-4035-80af-ad4e35148151\",\"発生年度\":2020}]]]]","last_polygon_uuid":"b6c63021-154f-41de-8b69-e30befbfeeeb","prev_last_polygon_uuid":"acd140fb-8812-4356-812f-8c100a5084a7","local_government_cd":"014630","point_lng":142.405049069,"point_lat":42.999610134}},{"arcs":[[148,-138]],"type":"Polygon","properties":{"polygon_uuid":"20f6fe59-78e7-46fa-9b5d-a93df684b2c9","land_type":200,"issue_year":2025,"edit_year":2020,"history":"[{\"筆ポリゴンID\":\"9ce51968-6e2b-4f91-95c0-adec110df485\",\"更新年度\":2024,\"前年同一\":true},[{\"筆ポリゴンID\":\"16c1d365-b5b1-4ab2-a474-590e113ccd94\",\"更新年度\":2023,\"前年同一\":true},[{\"筆ポリゴンID\":\"b21962ee-27a0-4675-8017-669833b0d5cc\",\"更新年度\":2022,\"前年同一\":true},[{\"筆ポリゴンID\":\"bffc8f7f-8095-470d-b10c-f6a7bda7bbf5\",\"更新年度\":2021,\"前年同一\":true},{\"筆ポリゴンID\":\"bffc8f7f-8095-470d-b10c-f6a7bda7bbf5\",\"発生年度\":2020}]]]]","last_polygon_uuid":"9ce51968-6e2b-4f91-95c0-adec110df485","prev_last_polygon_uuid":"16c1d365-b5b1-4ab2-a474-590e113ccd94","local_government_cd":"014630","point_lng":142.414314065,"point_lat":42.97559582}},{"arcs":[[149,150,151]],"type":"Polygon","properties":{"polygon_uuid":"9b41ef61-3b74-4a12-956b-d3a65c8dc2e6","land_type":200,"issue_year":2025,"edit_year":2020,"history":"[{\"筆ポリゴンID\":\"1ebcceb8-9d10-452e-8b75-5b48897d867a\",\"更新年度\":2024,\"前年同一\":true},[{\"筆ポリゴンID\":\"4c1c7fb5-19aa-4bdb-9b6b-2fdefee4dc65\",\"更新年度\":2023,\"前年同一\":true},[{\"筆ポリゴンID\":\"2134f91d-0cb2-41f0-b5da-c31f99c15835\",\"更新年度\":2022,\"前年同一\":true},[{\"筆ポリゴンID\":\"5cde54ef-f722-45dc-bc2e-574273514be5\",\"更新年度\":2021,\"前年同一\":true},{\"筆ポリゴンID\":\"5cde54ef-f722-45dc-bc2e-574273514be5\",\"発生年度\":2020}]]]]","last_polygon_uuid":"1ebcceb8-9d10-452e-8b75-5b48897d867a","prev_last_polygon_uuid":"4c1c7fb5-19aa-4bdb-9b6b-2fdefee4dc65","local_government_cd":"014630","point_lng":142.399702123,"point_lat":42.988860188}},{"arcs":[[152]],"type":"Polygon","properties":{"polygon_uuid":"f0604839-7d1e-4211-86db-12184ccb9f67","land_type":200,"issue_year":2025,"edit_year":2020,"history":"[{\"筆ポリゴンID\":\"2d0766d9-e504-4b44-86d3-04c4ff45d840\",\"更新年度\":2024,\"前年同一\":true},[{\"筆ポリゴンID\":\"b78edc75-2f89-4976-8fd3-d128afd7e31b\",\"更新年度\":2023,\"前年同一\":true},[{\"筆ポリゴンID\":\"8e7ec6cb-7c7a-4ad1-bec6-b0ddf964b553\",\"更新年度\":2022,\"前年同一\":true},[{\"筆ポリゴンID\":\"0d8c21d9-ce84-4fac-967b-3c76bf42569c\",\"更新年度\":2021,\"前年同一\":true},{\"筆ポリゴンID\":\"0d8c21d9-ce84-4fac-967b-3c76bf42569c\",\"発生年度\":2020}]]]]","last_polygon_uuid":"2d0766d9-e504-4b44-86d3-04c4ff45d840","prev_last_polygon_uuid":"b78edc75-2f89-4976-8fd3-d128afd7e31b","local_government_cd":"014630","point_lng":142.423487732,"point_lat":42.96468626}},{"arcs":[[-145,153]],"type":"Polygon","properties":{"polygon_uuid":"bd91893a-f75a-4dd4-8719-518aae4ddd94","land_type":200,"issue_year":2025,"edit_year":2020,"history":"[{\"筆ポリゴンID\":\"b3de0b8f-8e9b-4df6-9089-499e3bbf3983\",\"更新年度\":2024,\"前年同一\":true},[{\"筆ポリゴンID\":\"96ee7e34-2ace-45fa-95be-a18a50748e30\",\"更新年度\":2023,\"前年同一\":true},[{\"筆ポリゴンID\":\"111e8af6-af3c-4531-8c6c-10facf873969\",\"更新年度\":2022,\"前年同一\":true},[{\"筆ポリゴンID\":\"b7f8a832-fee7-4e55-a56b-469eadeffa6c\",\"更新年度\":2021,\"前年同一\":true},{\"筆ポリゴンID\":\"b7f8a832-fee7-4e55-a56b-469eadeffa6c\",\"発生年度\":2020}]]]]","last_polygon_uuid":"b3de0b8f-8e9b-4df6-9089-499e3bbf3983","prev_last_polygon_uuid":"96ee7e34-2ace-45fa-95be-a18a50748e30","local_government_cd":"014630","point_lng":142.405042772,"point_lat":42.998721632}},{"arcs":[[154]],"type":"Polygon","properties":{"polygon_uuid":"2d1a701b-395d-47dc-b7c8-93c1117bfb51","land_type":100,"issue_year":2025,"edit_year":2020,"history":"[{\"筆ポリゴンID\":\"524bb1d0-cc4e-47dd-ae6c-72297a9977b9\",\"更新年度\":2024,\"前年同一\":true},[{\"筆ポリゴンID\":\"8779b1ee-c5b5-463f-85dc-f9d6e7ca5c4c\",\"更新年度\":2023,\"前年同一\":true},[{\"筆ポリゴンID\":\"7a69a886-aff5-486a-967e-d7322d068498\",\"更新年度\":2022,\"前年同一\":true},[{\"筆ポリゴンID\":\"454b02d3-b305-4b8c-920d-8b64b7bf71ac\",\"更新年度\":2021,\"前年同一\":true},{\"筆ポリゴンID\":\"454b02d3-b305-4b8c-920d-8b64b7bf71ac\",\"発生年度\":2020}]]]]","last_polygon_uuid":"524bb1d0-cc4e-47dd-ae6c-72297a9977b9","prev_last_polygon_uuid":"8779b1ee-c5b5-463f-85dc-f9d6e7ca5c4c","local_government_cd":"014630","point_lng":142.468497002,"point_lat":42.95902137}},{"arcs":[[155]],"type":"Polygon","properties":{"polygon_uuid":"fabde551-8e4b-4909-b444-957472ec0240","land_type":200,"issue_year":2025,"edit_year":2020,"history":"[{\"筆ポリゴンID\":\"5e995f03-af26-40ba-858f-f0abbf6d7d5a\",\"更新年度\":2024,\"前年同一\":true},[{\"筆ポリゴンID\":\"d95367f1-d521-4513-9491-b7e7039cf49e\",\"更新年度\":2023,\"前年同一\":true},[{\"筆ポリゴンID\":\"8f1fd216-6f5a-461e-a622-26dcfd3395be\",\"更新年度\":2022,\"前年同一\":true},[{\"筆ポリゴンID\":\"1ecf54d6-a494-4aee-af2d-803851b5472a\",\"更新年度\":2021,\"前年同一\":true},{\"筆ポリゴンID\":\"1ecf54d6-a494-4aee-af2d-803851b5472a\",\"発生年度\":2020}]]]]","last_polygon_uuid":"5e995f03-af26-40ba-858f-f0abbf6d7d5a","prev_last_polygon_uuid":"d95367f1-d521-4513-9491-b7e7039cf49e","local_government_cd":"014630","point_lng":142.40632179,"point_lat":43.00206445}},{"arcs":[[156,157]],"type":"Polygon","properties":{"polygon_uuid":"96546250-218a-4349-b22d-b45e3512ca59","land_type":200,"issue_year":2025,"edit_year":2020,"history":"[{\"筆ポリゴンID\":\"a9c3e16d-62b9-4b18-bc8b-1eddd318de58\",\"更新年度\":2024,\"前年同一\":true},[{\"筆ポリゴンID\":\"855b91d3-be5c-4c84-9bd5-6d4417079c41\",\"更新年度\":2023,\"前年同一\":true},[{\"筆ポリゴンID\":\"5c171ca7-6656-45d1-a6e6-e0bbb2cbc60d\",\"更新年度\":2022,\"前年同一\":true},[{\"筆ポリゴンID\":\"66c9b84e-ab4f-4812-a74d-884f17b09115\",\"更新年度\":2021,\"前年同一\":true},{\"筆ポリゴンID\":\"66c9b84e-ab4f-4812-a74d-884f17b09115\",\"発生年度\":2020}]]]]","last_polygon_uuid":"a9c3e16d-62b9-4b18-bc8b-1eddd318de58","prev_last_polygon_uuid":"855b91d3-be5c-4c84-9bd5-6d4417079c41","local_government_cd":"014630","point_lng":142.402359708,"point_lat":42.996052321}},{"arcs":[[158,159]],"type":"Polygon","properties":{"polygon_uuid":"bf6714d5-3e6b-4a55-ac3b-bccf5908e54b","land_type":200,"issue_year":2025,"edit_year":2020,"history":"[{\"筆ポリゴンID\":\"8e71a55c-c93e-4f75-83ba-16a4696e3447\",\"更新年度\":2024,\"前年同一\":true},[{\"筆ポリゴンID\":\"ef7ef517-c221-42ed-92fa-4fd9dc0be78a\",\"更新年度\":2023,\"前年同一\":true},[{\"筆ポリゴンID\":\"a7575c7f-ba19-4436-929b-18931d5d62db\",\"更新年度\":2022,\"前年同一\":true},[{\"筆ポリゴンID\":\"1b8c6cb4-1278-423c-a4c9-97a956a5ce70\",\"更新年度\":2021,\"前年同一\":true},{\"筆ポリゴンID\":\"1b8c6cb4-1278-423c-a4c9-97a956a5ce70\",\"発生年度\":2020}]]]]","last_polygon_uuid":"8e71a55c-c93e-4f75-83ba-16a4696e3447","prev_last_polygon_uuid":"ef7ef517-c221-42ed-92fa-4fd9dc0be78a","local_government_cd":"014630","point_lng":142.464493957,"point_lat":42.957327999}},{"arcs":[[160,161]],"type":"Polygon","properties":{"polygon_uuid":"14a78210-156a-46f8-aaa2-bd65dd68cd03","land_type":200,"issue_year":2025,"edit_year":2021,"history":"[{\"筆ポリゴンID\":\"5eb89558-1466-4a57-b5eb-cb9f11c538f8\",\"更新年度\":2024,\"前年同一\":true},[{\"筆ポリゴンID\":\"cf97f326-6b06-4360-971b-5a1ef5ffeaa3\",\"更新年度\":2023,\"前年同一\":true},[{\"筆ポリゴンID\":\"5d5e3dd9-bcb9-4229-9ec0-3c2494832ca9\",\"更新年度\":2022,\"前年同一\":true},[{\"筆ポリゴンID\":\"ec832991-3c2b-471e-87bb-e9a638205b4e\",\"更新年度\":2021,\"関連\":true},{\"筆ポリゴンID\":\"ec832991-3c2b-471e-87bb-e9a638205b4e\",\"発生年度\":2020}]]]]","last_polygon_uuid":"5eb89558-1466-4a57-b5eb-cb9f11c538f8","prev_last_polygon_uuid":"cf97f326-6b06-4360-971b-5a1ef5ffeaa3","local_government_cd":"014630","point_lng":142.436409585,"point_lat":42.948096286}},{"arcs":[[162,163]],"type":"Polygon","properties":{"polygon_uuid":"34cd2e96-18e3-4a67-a723-3d2a9c624aae","land_type":100,"issue_year":2025,"edit_year":2021,"history":"[{\"筆ポリゴンID\":\"cc6ad3d5-54f4-4cf7-b704-6f08b0883405\",\"更新年度\":2024,\"前年同一\":true},[{\"筆ポリゴンID\":\"63f3a59d-0f38-437e-ba19-e6ca1f759a35\",\"更新年度\":2023,\"前年同一\":true},[{\"筆ポリゴンID\":\"f5930171-9ea3-4169-8d32-50e9e9fda01e\",\"更新年度\":2022,\"前年同一\":true},[[{\"筆ポリゴンID\":\"b453233d-e357-4da3-9d1a-f0bedd4752b1\",\"更新年度\":2021,\"関連\":true},{\"筆ポリゴンID\":\"b453233d-e357-4da3-9d1a-f0bedd4752b1\",\"発生年度\":2020}],[{\"筆ポリゴンID\":\"9f68ba43-382a-436a-b680-1976f1c4ae95\",\"更新年度\":2021,\"関連\":true},{\"筆ポリゴンID\":\"9f68ba43-382a-436a-b680-1976f1c4ae95\",\"発生年度\":2020}]]]]]","last_polygon_uuid":"cc6ad3d5-54f4-4cf7-b704-6f08b0883405","prev_last_polygon_uuid":"63f3a59d-0f38-437e-ba19-e6ca1f759a35","local_government_cd":"014630","point_lng":142.43337528,"point_lat":42.950785953}},{"arcs":[[-164,164]],"type":"Polygon","properties":{"polygon_uuid":"ec8c1453-4ebb-4466-ba47-221184b9d545","land_type":100,"issue_year":2025,"edit_year":2021,"history":"[{\"筆ポリゴンID\":\"6194e79d-bfe9-4842-9d56-a33939eac877\",\"更新年度\":2024,\"前年同一\":true},[{\"筆ポリゴンID\":\"59b82d0f-06e9-4d3e-b83a-7014de08f04f\",\"更新年度\":2023,\"前年同一\":true},[{\"筆ポリゴンID\":\"3bbfe158-c23c-4162-892e-3ecce2ddd015\",\"更新年度\":2022,\"前年同一\":true},[[{\"筆ポリゴンID\":\"b453233d-e357-4da3-9d1a-f0bedd4752b1\",\"更新年度\":2021,\"関連\":true},{\"筆ポリゴンID\":\"b453233d-e357-4da3-9d1a-f0bedd4752b1\",\"発生年度\":2020}],[{\"筆ポリゴンID\":\"9f68ba43-382a-436a-b680-1976f1c4ae95\",\"更新年度\":2021,\"関連\":true},{\"筆ポリゴンID\":\"9f68ba43-382a-436a-b680-1976f1c4ae95\",\"発生年度\":2020}]]]]]","last_polygon_uuid":"6194e79d-bfe9-4842-9d56-a33939eac877","prev_last_polygon_uuid":"59b82d0f-06e9-4d3e-b83a-7014de08f04f","local_government_cd":"014630","point_lng":142.435693307,"point_lat":42.950712228}},{"arcs":[[165,166]],"type":"Polygon","properties":{"polygon_uuid":"3f077602-243d-4a96-9c53-37493b597cd3","land_type":100,"issue_year":2025,"edit_year":2021,"history":"[{\"筆ポリゴンID\":\"b6672344-52ea-49a3-bf41-b76f7cd9cde6\",\"更新年度\":2024,\"前年同一\":true},[{\"筆ポリゴンID\":\"42a5024b-69f3-47b5-9e3e-13d5f7a3624e\",\"更新年度\":2023,\"前年同一\":true},[{\"筆ポリゴンID\":\"7d43434a-afdd-4984-a9cf-8f1b2fac1549\",\"更新年度\":2022,\"前年同一\":true},[{\"筆ポリゴンID\":\"e612454b-dfd0-4969-8652-17d859cce8df\",\"更新年度\":2021,\"関連\":true},{\"筆ポリゴンID\":\"e612454b-dfd0-4969-8652-17d859cce8df\",\"発生年度\":2020}]]]]","last_polygon_uuid":"b6672344-52ea-49a3-bf41-b76f7cd9cde6","prev_last_polygon_uuid":"42a5024b-69f3-47b5-9e3e-13d5f7a3624e","local_government_cd":"014630","point_lng":142.429698851,"point_lat":42.954369971}},{"arcs":[[167]],"type":"Polygon","properties":{"polygon_uuid":"0dadbdc8-07ef-470f-a5c7-eb283e95bbca","land_type":200,"issue_year":2025,"edit_year":2021,"history":"[{\"筆ポリゴンID\":\"6be7ea03-cd77-48c8-bd88-b0f33db7b63a\",\"更新年度\":2024,\"前年同一\":true},[{\"筆ポリゴンID\":\"814aefd1-3f74-4fc2-a590-4f27bc4163d8\",\"更新年度\":2023,\"前年同一\":true},[{\"筆ポリゴンID\":\"6fd46599-cd96-4d73-9fc8-acfda7e3fb61\",\"更新年度\":2022,\"前年同一\":true},[{\"筆ポリゴンID\":\"bb31cfd3-ace2-4e9e-8a23-e9db96ee1c20\",\"更新年度\":2021,\"関連\":true},{\"筆ポリゴンID\":\"bb31cfd3-ace2-4e9e-8a23-e9db96ee1c20\",\"発生年度\":2020}]]]]","last_polygon_uuid":"6be7ea03-cd77-48c8-bd88-b0f33db7b63a","prev_last_polygon_uuid":"814aefd1-3f74-4fc2-a590-4f27bc4163d8","local_government_cd":"014630","point_lng":142.432217527,"point_lat":42.957230878}},{"arcs":[[-167,168,169,170]],"type":"Polygon","properties":{"polygon_uuid":"20a289c6-3337-40eb-9de2-e95f1fc72dbe","land_type":100,"issue_year":2025,"edit_year":2021,"history":"[{\"筆ポリゴンID\":\"a9e7fdad-242b-479f-98ef-9ee528ad2ff7\",\"更新年度\":2024,\"前年同一\":true},[{\"筆ポリゴンID\":\"9a8d1f0a-1f47-470f-8ae2-6e68b0e8a92b\",\"更新年度\":2023,\"前年同一\":true},[{\"筆ポリゴンID\":\"cf08d1a6-8d7d-44a1-91da-4bb4c21382a5\",\"更新年度\":2022,\"前年同一\":true},[{\"筆ポリゴンID\":\"e612454b-dfd0-4969-8652-17d859cce8df\",\"更新年度\":2021,\"関連\":true},{\"筆ポリゴンID\":\"e612454b-dfd0-4969-8652-17d859cce8df\",\"発生年度\":2020}]]]]","last_polygon_uuid":"a9e7fdad-242b-479f-98ef-9ee528ad2ff7","prev_last_polygon_uuid":"9a8d1f0a-1f47-470f-8ae2-6e68b0e8a92b","local_government_cd":"014630","point_lng":142.430312395,"point_lat":42.954927635}},{"arcs":[[-170,171]],"type":"Polygon","properties":{"polygon_uuid":"edb17b92-dac8-4104-9bd0-2f346a3edd96","land_type":100,"issue_year":2025,"edit_year":2021,"history":"[{\"筆ポリゴンID\":\"20e6bce0-ea95-4739-a84b-0afedb4eadc8\",\"更新年度\":2024,\"前年同一\":true},[{\"筆ポリゴンID\":\"d1f48bbd-8d98-4752-b7c4-7a4f445d73ff\",\"更新年度\":2023,\"前年同一\":true},[{\"筆ポリゴンID\":\"d4de49ae-2307-49f4-9ccf-c4a415bfab0a\",\"更新年度\":2022,\"前年同一\":true},[{\"筆ポリゴンID\":\"64c88f0b-1164-43aa-9cd7-caaf7c504a33\",\"更新年度\":2021,\"関連\":true},{\"筆ポリゴンID\":\"64c88f0b-1164-43aa-9cd7-caaf7c504a33\",\"発生年度\":2020}]]]]","last_polygon_uuid":"20e6bce0-ea95-4739-a84b-0afedb4eadc8","prev_last_polygon_uuid":"d1f48bbd-8d98-4752-b7c4-7a4f445d73ff","local_government_cd":"014630","point_lng":142.429491362,"point_lat":42.956117817}},{"arcs":[[172,173,174]],"type":"Polygon","properties":{"polygon_uuid":"f53fdc64-6ed1-4dc7-8eef-9943c112f903","land_type":100,"issue_year":2025,"edit_year":2020,"history":"[{\"筆ポリゴンID\":\"adfe804d-4997-4c29-bc8e-7c111a85ccad\",\"更新年度\":2024,\"前年同一\":true},[{\"筆ポリゴンID\":\"d8e94eef-0f9e-491e-8a6e-66ab63851b21\",\"更新年度\":2023,\"前年同一\":true},[{\"筆ポリゴンID\":\"d9d3586e-1a40-4eb7-8419-b7c9be440152\",\"更新年度\":2022,\"前年同一\":true},[{\"筆ポリゴンID\":\"49ccdbc9-4421-45a8-91d2-57fe5a5458e0\",\"更新年度\":2021,\"前年同一\":true},{\"筆ポリゴンID\":\"49ccdbc9-4421-45a8-91d2-57fe5a5458e0\",\"発生年度\":2020}]]]]","last_polygon_uuid":"adfe804d-4997-4c29-bc8e-7c111a85ccad","prev_last_polygon_uuid":"d8e94eef-0f9e-491e-8a6e-66ab63851b21","local_government_cd":"014630","point_lng":142.462073755,"point_lat":42.956060015}},{"arcs":[[175]],"type":"Polygon","properties":{"polygon_uuid":"af2f473e-0106-42f8-8a11-56d597ccae61","land_type":200,"issue_year":2025,"edit_year":2020,"history":"[{\"筆ポリゴンID\":\"b975c5ea-e2b5-4e04-8148-5b3461815982\",\"更新年度\":2024,\"前年同一\":true},[{\"筆ポリゴンID\":\"de088d76-5471-441f-85a2-d81e5ab2bb1a\",\"更新年度\":2023,\"前年同一\":true},[{\"筆ポリゴンID\":\"d9bcddab-b633-48d8-9bab-825770f63718\",\"更新年度\":2022,\"前年同一\":true},[{\"筆ポリゴンID\":\"15585c82-d19b-4d64-9544-0ff1ed0b342e\",\"更新年度\":2021,\"前年同一\":true},{\"筆ポリゴンID\":\"15585c82-d19b-4d64-9544-0ff1ed0b342e\",\"発生年度\":2020}]]]]","last_polygon_uuid":"b975c5ea-e2b5-4e04-8148-5b3461815982","prev_last_polygon_uuid":"de088d76-5471-441f-85a2-d81e5ab2bb1a","local_government_cd":"014630","point_lng":142.431165533,"point_lat":43.015756288}},{"arcs":[[176]],"type":"Polygon","properties":{"polygon_uuid":"4da59519-a7f6-4447-a1b4-de8027b153e9","land_type":100,"issue_year":2025,"edit_year":2020,"history":"[{\"筆ポリゴンID\":\"15f586ad-5f4a-4163-82a1-4a364d0df9e1\",\"更新年度\":2024,\"前年同一\":true},[{\"筆ポリゴンID\":\"1c22a88e-27b3-4456-9b33-59e470080992\",\"更新年度\":2023,\"前年同一\":true},[{\"筆ポリゴンID\":\"a97809cf-2f81-43e1-bdf6-dbadd9072ead\",\"更新年度\":2022,\"前年同一\":true},[{\"筆ポリゴンID\":\"14c2d696-8876-4993-9cfb-bebb0edc601a\",\"更新年度\":2021,\"前年同一\":true},{\"筆ポリゴンID\":\"14c2d696-8876-4993-9cfb-bebb0edc601a\",\"発生年度\":2020}]]]]","last_polygon_uuid":"15f586ad-5f4a-4163-82a1-4a364d0df9e1","prev_last_polygon_uuid":"1c22a88e-27b3-4456-9b33-59e470080992","local_government_cd":"014630","point_lng":142.411030841,"point_lat":43.007137863}},{"arcs":[[177]],"type":"Polygon","properties":{"polygon_uuid":"cf0dc9b4-320d-41ab-b34b-256d2a0c6aac","land_type":100,"issue_year":2025,"edit_year":2020,"history":"[{\"筆ポリゴンID\":\"d798f436-9b03-4aa0-a918-999ba35400a1\",\"更新年度\":2024,\"前年同一\":true},[{\"筆ポリゴンID\":\"a2c1e43d-5cc3-4988-9420-31714b829240\",\"更新年度\":2023,\"前年同一\":true},[{\"筆ポリゴンID\":\"fe6c8b4f-763f-43c3-8bd5-16d76d35a119\",\"更新年度\":2022,\"前年同一\":true},[{\"筆ポリゴンID\":\"21d3af93-e33a-4c4b-a16f-fa097670182e\",\"更新年度\":2021,\"前年同一\":true},{\"筆ポリゴンID\":\"21d3af93-e33a-4c4b-a16f-fa097670182e\",\"発生年度\":2020}]]]]","last_polygon_uuid":"d798f436-9b03-4aa0-a918-999ba35400a1","prev_last_polygon_uuid":"a2c1e43d-5cc3-4988-9420-31714b829240","local_government_cd":"014630","point_lng":142.451706454,"point_lat":42.954760929}},{"arcs":[[178]],"type":"Polygon","properties":{"polygon_uuid":"3731a92d-3081-412b-8892-b1cc4aebf8f8","land_type":200,"issue_year":2025,"edit_year":2020,"history":"[{\"筆ポリゴンID\":\"65356149-d522-42c4-97ca-483805477304\",\"更新年度\":2024,\"前年同一\":true},[{\"筆ポリゴンID\":\"7aa00371-9fde-43cd-a6cd-0b40860204ce\",\"更新年度\":2023,\"前年同一\":true},[{\"筆ポリゴンID\":\"55e5a141-68e2-42f0-b537-d8fbb77ecf69\",\"更新年度\":2022,\"前年同一\":true},[{\"筆ポリゴンID\":\"0757c9df-44a2-40cd-8437-b0f676a93e2a\",\"更新年度\":2021,\"前年同一\":true},{\"筆ポリゴンID\":\"0757c9df-44a2-40cd-8437-b0f676a93e2a\",\"発生年度\":2020}]]]]","last_polygon_uuid":"65356149-d522-42c4-97ca-483805477304","prev_last_polygon_uuid":"7aa00371-9fde-43cd-a6cd-0b40860204ce","local_government_cd":"014630","point_lng":142.431623899,"point_lat":42.9593835}},{"arcs":[[179]],"type":"Polygon","properties":{"polygon_uuid":"2c25088f-b213-4d49-bcd1-2c4f3704f5fd","land_type":200,"issue_year":2025,"edit_year":2020,"history":"[{\"筆ポリゴンID\":\"42311cd9-ebb1-4f2c-8766-8f259442dca0\",\"更新年度\":2024,\"前年同一\":true},[{\"筆ポリゴンID\":\"34177829-347d-4bc2-9e84-0b0121317c5b\",\"更新年度\":2023,\"前年同一\":true},[{\"筆ポリゴンID\":\"f7911962-b9ea-4f31-81f9-8d601969aea7\",\"更新年度\":2022,\"前年同一\":true},[{\"筆ポリゴンID\":\"5122cafc-6964-4feb-b30b-4aa71348e7f3\",\"更新年度\":2021,\"前年同一\":true},{\"筆ポリゴンID\":\"5122cafc-6964-4feb-b30b-4aa71348e7f3\",\"発生年度\":2020}]]]]","last_polygon_uuid":"42311cd9-ebb1-4f2c-8766-8f259442dca0","prev_last_polygon_uuid":"34177829-347d-4bc2-9e84-0b0121317c5b","local_government_cd":"014630","point_lng":142.448820709,"point_lat":42.952717723}},{"arcs":[[180]],"type":"Polygon","properties":{"polygon_uuid":"5cfadebb-dce1-4ef2-b10f-6dcf75da1959","land_type":200,"issue_year":2025,"edit_year":2020,"history":"[{\"筆ポリゴンID\":\"3b3dacb7-95af-4877-9852-496e503e0825\",\"更新年度\":2024,\"前年同一\":true},[{\"筆ポリゴンID\":\"500349c1-721c-4707-8a2c-0db2d658d988\",\"更新年度\":2023,\"前年同一\":true},[{\"筆ポリゴンID\":\"627afb95-255a-4cf9-a5c4-be7bcb3451ac\",\"更新年度\":2022,\"前年同一\":true},[{\"筆ポリゴンID\":\"5c92d117-7628-484e-aa78-04e6ffbf805a\",\"更新年度\":2021,\"前年同一\":true},{\"筆ポリゴンID\":\"5c92d117-7628-484e-aa78-04e6ffbf805a\",\"発生年度\":2020}]]]]","last_polygon_uuid":"3b3dacb7-95af-4877-9852-496e503e0825","prev_last_polygon_uuid":"500349c1-721c-4707-8a2c-0db2d658d988","local_government_cd":"014630","point_lng":142.449057116,"point_lat":42.952371981}},{"arcs":[[181]],"type":"Polygon","properties":{"polygon_uuid":"110670e7-e4ff-49d7-9ee5-f43c28a7506c","land_type":200,"issue_year":2025,"edit_year":2020,"history":"[{\"筆ポリゴンID\":\"9fd4a723-2990-4973-b5bb-6cdecfbdff97\",\"更新年度\":2024,\"前年同一\":true},[{\"筆ポリゴンID\":\"923d0168-6c7b-4a25-8115-494649ed9cb6\",\"更新年度\":2023,\"前年同一\":true},[{\"筆ポリゴンID\":\"05edb190-9a16-47fb-bdda-6990d0062d0c\",\"更新年度\":2022,\"前年同一\":true},[{\"筆ポリゴンID\":\"5c4a906d-541f-495d-8c12-642317435420\",\"更新年度\":2021,\"前年同一\":true},{\"筆ポリゴンID\":\"5c4a906d-541f-495d-8c12-642317435420\",\"発生年度\":2020}]]]]","last_polygon_uuid":"9fd4a723-2990-4973-b5bb-6cdecfbdff97","prev_last_polygon_uuid":"923d0168-6c7b-4a25-8115-494649ed9cb6","local_government_cd":"014630","point_lng":142.438139491,"point_lat":42.951095069}},{"arcs":[[182]],"type":"Polygon","properties":{"polygon_uuid":"e47a3755-3f6c-4f28-bb39-83f03a4a8d1b","land_type":200,"issue_year":2025,"edit_year":2020,"history":"[{\"筆ポリゴンID\":\"49c7da26-eee2-455d-8e77-6fdfbf8667fe\",\"更新年度\":2024,\"前年同一\":true},[{\"筆ポリゴンID\":\"2cb62b94-87b7-4d61-8456-23289e13c442\",\"更新年度\":2023,\"前年同一\":true},[{\"筆ポリゴンID\":\"f06792be-239e-4377-a8a8-50f34af09f75\",\"更新年度\":2022,\"前年同一\":true},[{\"筆ポリゴンID\":\"8340bc0c-5eb9-4f53-b354-3b4388521396\",\"更新年度\":2021,\"前年同一\":true},{\"筆ポリゴンID\":\"8340bc0c-5eb9-4f53-b354-3b4388521396\",\"発生年度\":2020}]]]]","last_polygon_uuid":"49c7da26-eee2-455d-8e77-6fdfbf8667fe","prev_last_polygon_uuid":"2cb62b94-87b7-4d61-8456-23289e13c442","local_government_cd":"014630","point_lng":142.411970938,"point_lat":43.005141838}},{"arcs":[[183]],"type":"Polygon","properties":{"polygon_uuid":"a53e1742-4617-4855-8ca3-53b76d8b0827","land_type":100,"issue_year":2025,"edit_year":2020,"history":"[{\"筆ポリゴンID\":\"b249c451-d969-421c-aae7-0cad50daf9eb\",\"更新年度\":2024,\"前年同一\":true},[{\"筆ポリゴンID\":\"787e6dd7-0a61-49ea-b683-2e69d51df2a2\",\"更新年度\":2023,\"前年同一\":true},[{\"筆ポリゴンID\":\"9c89d5f3-59bd-4fbb-9750-922b83c63c28\",\"更新年度\":2022,\"前年同一\":true},[{\"筆ポリゴンID\":\"0036f788-0575-48ab-a399-1e94af8346c0\",\"更新年度\":2021,\"前年同一\":true},{\"筆ポリゴンID\":\"0036f788-0575-48ab-a399-1e94af8346c0\",\"発生年度\":2020}]]]]","last_polygon_uuid":"b249c451-d969-421c-aae7-0cad50daf9eb","prev_last_polygon_uuid":"787e6dd7-0a61-49ea-b683-2e69d51df2a2","local_government_cd":"014630","point_lng":142.424767132,"point_lat":42.960160307}},{"arcs":[[184]],"type":"Polygon","properties":{"polygon_uuid":"35ab9daa-0376-4d8d-a345-748a4975454e","land_type":200,"issue_year":2025,"edit_year":2020,"history":"[{\"筆ポリゴンID\":\"72925fa7-2762-48f3-b7ff-af2e775e2f3b\",\"更新年度\":2024,\"前年同一\":true},[{\"筆ポリゴンID\":\"f719139a-616f-418c-ab1b-af6b6862d16e\",\"更新年度\":2023,\"前年同一\":true},[{\"筆ポリゴンID\":\"42a9f4a1-4d2a-48b1-b101-14ae68b326fb\",\"更新年度\":2022,\"前年同一\":true},[{\"筆ポリゴンID\":\"c3bc206d-1e64-4bd9-ac1c-e395debd10f3\",\"更新年度\":2021,\"前年同一\":true},{\"筆ポリゴンID\":\"c3bc206d-1e64-4bd9-ac1c-e395debd10f3\",\"発生年度\":2020}]]]]","last_polygon_uuid":"72925fa7-2762-48f3-b7ff-af2e775e2f3b","prev_last_polygon_uuid":"f719139a-616f-418c-ab1b-af6b6862d16e","local_government_cd":"014630","point_lng":142.448222033,"point_lat":42.951823359}},{"arcs":[[185,186]],"type":"Polygon","properties":{"polygon_uuid":"596bb30d-93dd-4062-b63e-cf30ec343fd1","land_type":100,"issue_year":2025,"edit_year":2020,"history":"[{\"筆ポリゴンID\":\"46cb93f3-404a-4880-867c-ab09de081b38\",\"更新年度\":2024,\"前年同一\":true},[{\"筆ポリゴンID\":\"d7a84b5e-143b-43d2-93e0-7887e6461959\",\"更新年度\":2023,\"前年同一\":true},[{\"筆ポリゴンID\":\"f7fbdcae-ca74-4b9f-8de6-cce430d606d0\",\"更新年度\":2022,\"前年同一\":true},[{\"筆ポリゴンID\":\"715728ee-4b82-408d-8449-10d044943bd6\",\"更新年度\":2021,\"前年同一\":true},{\"筆ポリゴンID\":\"715728ee-4b82-408d-8449-10d044943bd6\",\"発生年度\":2020}]]]]","last_polygon_uuid":"46cb93f3-404a-4880-867c-ab09de081b38","prev_last_polygon_uuid":"d7a84b5e-143b-43d2-93e0-7887e6461959","local_government_cd":"014630","point_lng":142.448508759,"point_lat":42.951314085}},{"arcs":[[187]],"type":"Polygon","properties":{"polygon_uuid":"c0df7b67-b353-4187-bfcc-1f960c206c2e","land_type":200,"issue_year":2025,"edit_year":2020,"history":"[{\"筆ポリゴンID\":\"b6e37eff-050c-4652-b5bb-63aa6b7d0d25\",\"更新年度\":2024,\"前年同一\":true},[{\"筆ポリゴンID\":\"ff2a1fbd-3fa6-46a6-b6f3-36a3b300ce24\",\"更新年度\":2023,\"前年同一\":true},[{\"筆ポリゴンID\":\"0603d4c1-8968-442c-a504-0ef90e180e56\",\"更新年度\":2022,\"前年同一\":true},[{\"筆ポリゴンID\":\"8a14d532-cde7-4b37-b418-3e6032f3a17a\",\"更新年度\":2021,\"前年同一\":true},{\"筆ポリゴンID\":\"8a14d532-cde7-4b37-b418-3e6032f3a17a\",\"発生年度\":2020}]]]]","last_polygon_uuid":"b6e37eff-050c-4652-b5bb-63aa6b7d0d25","prev_last_polygon_uuid":"ff2a1fbd-3fa6-46a6-b6f3-36a3b300ce24","local_government_cd":"014630","point_lng":142.443488181,"point_lat":42.942769246}},{"arcs":[[188]],"type":"Polygon","properties":{"polygon_uuid":"0c2d36e9-a08f-49f5-a88e-259a1360ad56","land_type":100,"issue_year":2025,"edit_year":2020,"history":"[{\"筆ポリゴンID\":\"f1aad6f9-43dc-4e3a-9b37-ac0fa4e8781e\",\"更新年度\":2024,\"前年同一\":true},[{\"筆ポリゴンID\":\"59c726d5-ce19-44a6-8581-933c06439677\",\"更新年度\":2023,\"前年同一\":true},[{\"筆ポリゴンID\":\"9495b76a-f3fb-4c82-9fa9-3992cb6d2957\",\"更新年度\":2022,\"前年同一\":true},[{\"筆ポリゴンID\":\"b777e173-53ec-4646-8c0c-d65e6d0dce0b\",\"更新年度\":2021,\"前年同一\":true},{\"筆ポリゴンID\":\"b777e173-53ec-4646-8c0c-d65e6d0dce0b\",\"発生年度\":2020}]]]]","last_polygon_uuid":"f1aad6f9-43dc-4e3a-9b37-ac0fa4e8781e","prev_last_polygon_uuid":"59c726d5-ce19-44a6-8581-933c06439677","local_government_cd":"014630","point_lng":142.443518513,"point_lat":42.932058869}},{"arcs":[[189,190]],"type":"Polygon","properties":{"polygon_uuid":"378c0c17-9995-4c35-acf0-c0ee7d2e070b","land_type":200,"issue_year":2025,"edit_year":2020,"history":"[{\"筆ポリゴンID\":\"2c271dd1-bc67-445c-9d63-92cc7548ae98\",\"更新年度\":2024,\"前年同一\":true},[{\"筆ポリゴンID\":\"0a2c216c-de14-4be8-b751-502b3bcbf0b0\",\"更新年度\":2023,\"前年同一\":true},[{\"筆ポリゴンID\":\"eaacb5cf-4952-44b7-ab10-4ab70082305a\",\"更新年度\":2022,\"前年同一\":true},[{\"筆ポリゴンID\":\"d3dd6bba-5e29-4662-86bb-5643d55cb023\",\"更新年度\":2021,\"前年同一\":true},{\"筆ポリゴンID\":\"d3dd6bba-5e29-4662-86bb-5643d55cb023\",\"発生年度\":2020}]]]]","last_polygon_uuid":"2c271dd1-bc67-445c-9d63-92cc7548ae98","prev_last_polygon_uuid":"0a2c216c-de14-4be8-b751-502b3bcbf0b0","local_government_cd":"014630","point_lng":142.450889146,"point_lat":42.922070092}},{"arcs":[[191,192]],"type":"Polygon","properties":{"polygon_uuid":"0f81d106-f6ae-46c1-85f4-7df3ce9aaf1d","land_type":100,"issue_year":2025,"edit_year":2020,"history":"[{\"筆ポリゴンID\":\"dc08149f-cc40-4d60-87e2-a7551a09b0a9\",\"更新年度\":2024,\"前年同一\":true},[{\"筆ポリゴンID\":\"1340ac5e-6fb0-4e83-a31a-92f8381c3133\",\"更新年度\":2023,\"前年同一\":true},[{\"筆ポリゴンID\":\"a4f7b602-902f-4f0c-b885-9a3808952922\",\"更新年度\":2022,\"前年同一\":true},[{\"筆ポリゴンID\":\"c088652a-f15a-4b5a-8116-116acee58fde\",\"更新年度\":2021,\"前年同一\":true},{\"筆ポリゴンID\":\"c088652a-f15a-4b5a-8116-116acee58fde\",\"発生年度\":2020}]]]]","last_polygon_uuid":"dc08149f-cc40-4d60-87e2-a7551a09b0a9","prev_last_polygon_uuid":"1340ac5e-6fb0-4e83-a31a-92f8381c3133","local_government_cd":"014630","point_lng":142.452171341,"point_lat":42.952435653}},{"arcs":[[193]],"type":"Polygon","properties":{"polygon_uuid":"0fa39f33-0d99-4ed7-8101-d023ba52650f","land_type":100,"issue_year":2025,"edit_year":2020,"history":"[{\"筆ポリゴンID\":\"920ee52e-43b1-4aac-95b4-8a5c71fb8d2e\",\"更新年度\":2024,\"前年同一\":true},[{\"筆ポリゴンID\":\"09434eae-33c6-48ef-821d-19176fa37eb7\",\"更新年度\":2023,\"前年同一\":true},[{\"筆ポリゴンID\":\"33bf0bfb-7dc9-4a85-abf3-5a99d30100dd\",\"更新年度\":2022,\"前年同一\":true},[{\"筆ポリゴンID\":\"f6780e95-a6f9-41ae-b8f8-72678bbe5521\",\"更新年度\":2021,\"前年同一\":true},{\"筆ポリゴンID\":\"f6780e95-a6f9-41ae-b8f8-72678bbe5521\",\"発生年度\":2020}]]]]","last_polygon_uuid":"920ee52e-43b1-4aac-95b4-8a5c71fb8d2e","prev_last_polygon_uuid":"09434eae-33c6-48ef-821d-19176fa37eb7","local_government_cd":"014630","point_lng":142.445471768,"point_lat":42.924384461}},{"arcs":[[194,195]],"type":"Polygon","properties":{"polygon_uuid":"dbc41e01-644b-44f7-84cf-2c7b8a4836e0","land_type":200,"issue_year":2025,"edit_year":2020,"history":"[{\"筆ポリゴンID\":\"d41c2e52-1b81-4621-a685-aa1ad789ed86\",\"更新年度\":2024,\"前年同一\":true},[{\"筆ポリゴンID\":\"8d9360bc-89e3-4478-a52f-1bcfcdea5c9a\",\"更新年度\":2023,\"前年同一\":true},[{\"筆ポリゴンID\":\"d8f90114-b0ce-4658-9167-e6faefac0dff\",\"更新年度\":2022,\"前年同一\":true},[{\"筆ポリゴンID\":\"9eeaa2b5-9232-4b54-a08a-2fa51fb023d8\",\"更新年度\":2021,\"前年同一\":true},{\"筆ポリゴンID\":\"9eeaa2b5-9232-4b54-a08a-2fa51fb023d8\",\"発生年度\":2020}]]]]","last_polygon_uuid":"d41c2e52-1b81-4621-a685-aa1ad789ed86","prev_last_polygon_uuid":"8d9360bc-89e3-4478-a52f-1bcfcdea5c9a","local_government_cd":"014630","point_lng":142.426329498,"point_lat":42.95873531}},{"arcs":[[196,197,198,-186]],"type":"Polygon","properties":{"polygon_uuid":"ad03bf84-26d2-4f44-bca4-847f966b3a2e","land_type":100,"issue_year":2025,"edit_year":2020,"history":"[{\"筆ポリゴンID\":\"447dc3a8-8de7-4bcc-ad9f-0c593e541afe\",\"更新年度\":2024,\"前年同一\":true},[{\"筆ポリゴンID\":\"a841515e-1d66-4523-99e0-6281405839cd\",\"更新年度\":2023,\"前年同一\":true},[{\"筆ポリゴンID\":\"5428a261-76e5-4b4e-83e8-025827e4b0ee\",\"更新年度\":2022,\"前年同一\":true},[{\"筆ポリゴンID\":\"5244146b-3027-4b50-a93a-8c363979d41b\",\"更新年度\":2021,\"前年同一\":true},{\"筆ポリゴンID\":\"5244146b-3027-4b50-a93a-8c363979d41b\",\"発生年度\":2020}]]]]","last_polygon_uuid":"447dc3a8-8de7-4bcc-ad9f-0c593e541afe","prev_last_polygon_uuid":"a841515e-1d66-4523-99e0-6281405839cd","local_government_cd":"014630","point_lng":142.448913356,"point_lat":42.951464678}},{"arcs":[[199]],"type":"Polygon","properties":{"polygon_uuid":"1c25db94-b0fb-47b6-b644-1c2df7d789cd","land_type":200,"issue_year":2025,"edit_year":2020,"history":"[{\"筆ポリゴンID\":\"43725077-0e48-4ed5-8c99-e507f95405d1\",\"更新年度\":2024,\"前年同一\":true},[{\"筆ポリゴンID\":\"7b39decd-917d-4d40-aa14-ba010b5680ab\",\"更新年度\":2023,\"前年同一\":true},[{\"筆ポリゴンID\":\"6c2ff7ad-644e-42e8-a6c2-2ac35df5ad23\",\"更新年度\":2022,\"前年同一\":true},[{\"筆ポリゴンID\":\"c36dec02-2186-4e41-a66d-db542eda193f\",\"更新年度\":2021,\"前年同一\":true},{\"筆ポリゴンID\":\"c36dec02-2186-4e41-a66d-db542eda193f\",\"発生年度\":2020}]]]]","last_polygon_uuid":"43725077-0e48-4ed5-8c99-e507f95405d1","prev_last_polygon_uuid":"7b39decd-917d-4d40-aa14-ba010b5680ab","local_government_cd":"014630","point_lng":142.448590035,"point_lat":42.952214615}},{"arcs":[[200]],"type":"Polygon","properties":{"polygon_uuid":"ac9abe54-a0cb-416b-afde-271b772e7f25","land_type":200,"issue_year":2025,"edit_year":2020,"history":"[{\"筆ポリゴンID\":\"2bcd484f-d284-479d-90dd-ed00dc74be8a\",\"更新年度\":2024,\"前年同一\":true},[{\"筆ポリゴンID\":\"2fa406f3-bcad-44b8-b4f0-1bb96ddc7e8b\",\"更新年度\":2023,\"前年同一\":true},[{\"筆ポリゴンID\":\"72f9e18e-2746-4287-a5f3-72c23ce0a4fc\",\"更新年度\":2022,\"前年同一\":true},[{\"筆ポリゴンID\":\"853974e3-3502-4609-892f-a9ee7c8a2f3d\",\"更新年度\":2021,\"前年同一\":true},{\"筆ポリゴンID\":\"853974e3-3502-4609-892f-a9ee7c8a2f3d\",\"発生年度\":2020}]]]]","last_polygon_uuid":"2bcd484f-d284-479d-90dd-ed00dc74be8a","prev_last_polygon_uuid":"2fa406f3-bcad-44b8-b4f0-1bb96ddc7e8b","local_government_cd":"014630","point_lng":142.444609679,"point_lat":42.950394443}},{"arcs":[[201]],"type":"Polygon","properties":{"polygon_uuid":"8ced820e-ccf6-471c-8904-30ce684545d2","land_type":100,"issue_year":2025,"edit_year":2020,"history":"[{\"筆ポリゴンID\":\"5e58148f-ff57-4cd1-a1bd-804e0469dec9\",\"更新年度\":2024,\"前年同一\":true},[{\"筆ポリゴンID\":\"5278d9b2-2786-41b0-8a72-938448e346c9\",\"更新年度\":2023,\"前年同一\":true},[{\"筆ポリゴンID\":\"f0772be1-da82-4f38-ac40-5814c6c159e6\",\"更新年度\":2022,\"前年同一\":true},[{\"筆ポリゴンID\":\"c743e140-d79e-42d5-b6cd-ea027e3de165\",\"更新年度\":2021,\"前年同一\":true},{\"筆ポリゴンID\":\"c743e140-d79e-42d5-b6cd-ea027e3de165\",\"発生年度\":2020}]]]]","last_polygon_uuid":"5e58148f-ff57-4cd1-a1bd-804e0469dec9","prev_last_polygon_uuid":"5278d9b2-2786-41b0-8a72-938448e346c9","local_government_cd":"014630","point_lng":142.444631933,"point_lat":42.931622742}},{"arcs":[[202]],"type":"Polygon","properties":{"polygon_uuid":"55961bae-a356-49c2-9d67-054fea98ce52","land_type":100,"issue_year":2025,"edit_year":2020,"history":"[{\"筆ポリゴンID\":\"465a7b1e-eeeb-4e55-b58c-abb850bb3a36\",\"更新年度\":2024,\"前年同一\":true},[{\"筆ポリゴンID\":\"7fb0ebc1-06b5-4f92-be5c-41c98df64318\",\"更新年度\":2023,\"前年同一\":true},[{\"筆ポリゴンID\":\"2f24ff43-e1f3-4438-978f-43d751183d93\",\"更新年度\":2022,\"前年同一\":true},[{\"筆ポリゴンID\":\"fa280dd8-7b0a-4075-b1ba-067b6f657a5c\",\"更新年度\":2021,\"前年同一\":true},{\"筆ポリゴンID\":\"fa280dd8-7b0a-4075-b1ba-067b6f657a5c\",\"発生年度\":2020}]]]]","last_polygon_uuid":"465a7b1e-eeeb-4e55-b58c-abb850bb3a36","prev_last_polygon_uuid":"7fb0ebc1-06b5-4f92-be5c-41c98df64318","local_government_cd":"014630","point_lng":142.445961227,"point_lat":42.924409586}},{"arcs":[[203]],"type":"Polygon","properties":{"polygon_uuid":"5d777726-f381-4e53-9243-fbacb34fde73","land_type":200,"issue_year":2025,"edit_year":2020,"history":"[{\"筆ポリゴンID\":\"fd2b8669-6356-426e-9d06-1bd4243feefa\",\"更新年度\":2024,\"前年同一\":true},[{\"筆ポリゴンID\":\"f74d453f-a35a-4491-80b9-27cf830f2725\",\"更新年度\":2023,\"前年同一\":true},[{\"筆ポリゴンID\":\"e6c52b58-dfb3-4cc1-8d9b-9a98f7876510\",\"更新年度\":2022,\"前年同一\":true},[{\"筆ポリゴンID\":\"65f9bac9-745a-4c42-9780-316088ce8f7b\",\"更新年度\":2021,\"前年同一\":true},{\"筆ポリゴンID\":\"65f9bac9-745a-4c42-9780-316088ce8f7b\",\"発生年度\":2020}]]]]","last_polygon_uuid":"fd2b8669-6356-426e-9d06-1bd4243feefa","prev_last_polygon_uuid":"f74d453f-a35a-4491-80b9-27cf830f2725","local_government_cd":"014630","point_lng":142.45731128,"point_lat":42.955342735}},{"arcs":[[204]],"type":"Polygon","properties":{"polygon_uuid":"5f968d18-12a0-41db-adfc-0935ce6d9afc","land_type":200,"issue_year":2025,"edit_year":2020,"history":"[{\"筆ポリゴンID\":\"bd8e6abd-d24c-4ca1-a4b3-aa4e5c3e2cc3\",\"更新年度\":2024,\"前年同一\":true},[{\"筆ポリゴンID\":\"770e0786-25af-4ac5-b083-0eaf92aa96d4\",\"更新年度\":2023,\"前年同一\":true},[{\"筆ポリゴンID\":\"a76fc293-d08b-454c-bf1a-34844a526215\",\"更新年度\":2022,\"前年同一\":true},[{\"筆ポリゴンID\":\"ba3b3675-01fd-4422-8f11-c9d85f165dd6\",\"更新年度\":2021,\"前年同一\":true},{\"筆ポリゴンID\":\"ba3b3675-01fd-4422-8f11-c9d85f165dd6\",\"発生年度\":2020}]]]]","last_polygon_uuid":"bd8e6abd-d24c-4ca1-a4b3-aa4e5c3e2cc3","prev_last_polygon_uuid":"770e0786-25af-4ac5-b083-0eaf92aa96d4","local_government_cd":"014630","point_lng":142.44452462,"point_lat":42.934177313}},{"arcs":[[205]],"type":"Polygon","properties":{"polygon_uuid":"987d7ad9-8da6-4b30-a57e-57411d5aae76","land_type":200,"issue_year":2025,"edit_year":2020,"history":"[{\"筆ポリゴンID\":\"9e24406f-ec09-410c-ae45-06c31ffe601d\",\"更新年度\":2024,\"前年同一\":true},[{\"筆ポリゴンID\":\"e7554292-3ee6-416a-b3df-40d16fe27095\",\"更新年度\":2023,\"前年同一\":true},[{\"筆ポリゴンID\":\"2dec2980-8224-4498-aec7-aa726ca5123e\",\"更新年度\":2022,\"前年同一\":true},[{\"筆ポリゴンID\":\"c015d23c-4f15-4f69-a291-f5ee709314f3\",\"更新年度\":2021,\"前年同一\":true},{\"筆ポリゴンID\":\"c015d23c-4f15-4f69-a291-f5ee709314f3\",\"発生年度\":2020}]]]]","last_polygon_uuid":"9e24406f-ec09-410c-ae45-06c31ffe601d","prev_last_polygon_uuid":"e7554292-3ee6-416a-b3df-40d16fe27095","local_government_cd":"014630","point_lng":142.445285235,"point_lat":42.934233447}},{"arcs":[[206,207]],"type":"Polygon","properties":{"polygon_uuid":"bb60fcd7-fdf0-404f-a927-6f0f2fc7344d","land_type":200,"issue_year":2025,"edit_year":2020,"history":"[{\"筆ポリゴンID\":\"b66eb0b3-439d-4786-969c-8aaf74759479\",\"更新年度\":2024,\"前年同一\":true},[{\"筆ポリゴンID\":\"84eba81f-43a2-46cb-a329-cf810eedd81a\",\"更新年度\":2023,\"前年同一\":true},[{\"筆ポリゴンID\":\"bee31444-8980-4c0e-840b-7013d4bba061\",\"更新年度\":2022,\"前年同一\":true},[{\"筆ポリゴンID\":\"16920acb-e5cc-4f40-9b4c-080cb38cbb65\",\"更新年度\":2021,\"前年同一\":true},{\"筆ポリゴンID\":\"16920acb-e5cc-4f40-9b4c-080cb38cbb65\",\"発生年度\":2020}]]]]","last_polygon_uuid":"b66eb0b3-439d-4786-969c-8aaf74759479","prev_last_polygon_uuid":"84eba81f-43a2-46cb-a329-cf810eedd81a","local_government_cd":"014630","point_lng":142.445957004,"point_lat":42.93662029}},{"arcs":[[208,-190]],"type":"Polygon","properties":{"polygon_uuid":"2a8ff75a-50d0-4137-aa68-37fac85ebead","land_type":200,"issue_year":2025,"edit_year":2020,"history":"[{\"筆ポリゴンID\":\"9f5a222a-65ef-4df3-b5fc-a866cef68c51\",\"更新年度\":2024,\"前年同一\":true},[{\"筆ポリゴンID\":\"7cd39300-e65d-49e9-bf03-67983d6125da\",\"更新年度\":2023,\"前年同一\":true},[{\"筆ポリゴンID\":\"42d2620d-9638-4cb7-98e4-616cbf64d134\",\"更新年度\":2022,\"前年同一\":true},[{\"筆ポリゴンID\":\"5926b0e8-e554-4970-85ca-ac1973f4d390\",\"更新年度\":2021,\"前年同一\":true},{\"筆ポリゴンID\":\"5926b0e8-e554-4970-85ca-ac1973f4d390\",\"発生年度\":2020}]]]]","last_polygon_uuid":"9f5a222a-65ef-4df3-b5fc-a866cef68c51","prev_last_polygon_uuid":"7cd39300-e65d-49e9-bf03-67983d6125da","local_government_cd":"014630","point_lng":142.450070664,"point_lat":42.921944334}},{"arcs":[[209]],"type":"Polygon","properties":{"polygon_uuid":"5ba5aaaa-a67b-4acf-b3be-81486b937f95","land_type":200,"issue_year":2025,"edit_year":2020,"history":"[{\"筆ポリゴンID\":\"43742659-fa1a-43ce-9040-dff6ba2bea51\",\"更新年度\":2024,\"前年同一\":true},[{\"筆ポリゴンID\":\"d2fa9bc7-10e9-4f78-b59f-dfc087901db9\",\"更新年度\":2023,\"前年同一\":true},[{\"筆ポリゴンID\":\"debc6bd1-19af-4bae-ad61-f5bb152953ac\",\"更新年度\":2022,\"前年同一\":true},[{\"筆ポリゴンID\":\"81767c1e-b7fb-479a-a11a-a6432e8c3d10\",\"更新年度\":2021,\"前年同一\":true},{\"筆ポリゴンID\":\"81767c1e-b7fb-479a-a11a-a6432e8c3d10\",\"発生年度\":2020}]]]]","last_polygon_uuid":"43742659-fa1a-43ce-9040-dff6ba2bea51","prev_last_polygon_uuid":"d2fa9bc7-10e9-4f78-b59f-dfc087901db9","local_government_cd":"014630","point_lng":142.445598258,"point_lat":42.937808216}},{"arcs":[[210,211]],"type":"Polygon","properties":{"polygon_uuid":"66fdb757-109c-4b8d-9a9d-46d46c50b084","land_type":100,"issue_year":2025,"edit_year":2020,"history":"[{\"筆ポリゴンID\":\"b2e81e2f-1ba6-454c-b934-d191477a1db9\",\"更新年度\":2024,\"前年同一\":true},[{\"筆ポリゴンID\":\"c23fe4dd-c000-4616-aa77-f3a3b3f3e719\",\"更新年度\":2023,\"前年同一\":true},[{\"筆ポリゴンID\":\"d016d2e1-d287-428a-ac32-0d96bb9fe7a6\",\"更新年度\":2022,\"前年同一\":true},[{\"筆ポリゴンID\":\"ef3e5639-b252-47e5-a979-cbd2ee02f6e0\",\"更新年度\":2021,\"前年同一\":true},{\"筆ポリゴンID\":\"ef3e5639-b252-47e5-a979-cbd2ee02f6e0\",\"発生年度\":2020}]]]]","last_polygon_uuid":"b2e81e2f-1ba6-454c-b934-d191477a1db9","prev_last_polygon_uuid":"c23fe4dd-c000-4616-aa77-f3a3b3f3e719","local_government_cd":"014630","point_lng":142.452764061,"point_lat":42.956308928}},{"arcs":[[212]],"type":"Polygon","properties":{"polygon_uuid":"2d53d484-903e-46f8-a67b-03e02646e8c3","land_type":100,"issue_year":2025,"edit_year":2020,"history":"[{\"筆ポリゴンID\":\"aded4961-6439-416a-8de4-9e4c9645f964\",\"更新年度\":2024,\"前年同一\":true},[{\"筆ポリゴンID\":\"84f075c1-f082-4c5f-bb2b-98a57c3a45ad\",\"更新年度\":2023,\"前年同一\":true},[{\"筆ポリゴンID\":\"698d9e2f-b285-4dfa-a540-d303ee2c2175\",\"更新年度\":2022,\"前年同一\":true},[{\"筆ポリゴンID\":\"a53e4784-1153-4897-a249-71fdaf349b29\",\"更新年度\":2021,\"前年同一\":true},{\"筆ポリゴンID\":\"a53e4784-1153-4897-a249-71fdaf349b29\",\"発生年度\":2020}]]]]","last_polygon_uuid":"aded4961-6439-416a-8de4-9e4c9645f964","prev_last_polygon_uuid":"84f075c1-f082-4c5f-bb2b-98a57c3a45ad","local_government_cd":"014630","point_lng":142.443481208,"point_lat":42.943821932}},{"arcs":[[213,214]],"type":"Polygon","properties":{"polygon_uuid":"db424627-8b91-42f3-9d2d-fd8839b088e2","land_type":200,"issue_year":2025,"edit_year":2020,"history":"[{\"筆ポリゴンID\":\"273d4ec1-4d5d-4e68-9d6b-015f763d07be\",\"更新年度\":2024,\"前年同一\":true},[{\"筆ポリゴンID\":\"199c73fe-a1e9-40b5-bb0a-75679c3e0029\",\"更新年度\":2023,\"前年同一\":true},[{\"筆ポリゴンID\":\"fd2707bc-5113-48d5-a127-5ccea6ba9855\",\"更新年度\":2022,\"前年同一\":true},[{\"筆ポリゴンID\":\"9b8dff9c-48ba-4c83-9426-6bde443041f6\",\"更新年度\":2021,\"前年同一\":true},{\"筆ポリゴンID\":\"9b8dff9c-48ba-4c83-9426-6bde443041f6\",\"発生年度\":2020}]]]]","last_polygon_uuid":"273d4ec1-4d5d-4e68-9d6b-015f763d07be","prev_last_polygon_uuid":"199c73fe-a1e9-40b5-bb0a-75679c3e0029","local_government_cd":"014630","point_lng":142.434997661,"point_lat":42.954249981}},{"arcs":[[215,216]],"type":"Polygon","properties":{"polygon_uuid":"3d1731c1-f688-4f1e-8d62-383df7c983d4","land_type":200,"issue_year":2025,"edit_year":2020,"history":"[{\"筆ポリゴンID\":\"e67fc2c4-878c-48d1-a48d-8a36cfc5bd0f\",\"更新年度\":2024,\"前年同一\":true},[{\"筆ポリゴンID\":\"0b624cd7-2f47-4ec3-8b02-d249bbc9b391\",\"更新年度\":2023,\"前年同一\":true},[{\"筆ポリゴンID\":\"b4dae8bd-9cbe-491b-a9d2-845b040dcb3b\",\"更新年度\":2022,\"前年同一\":true},[{\"筆ポリゴンID\":\"d19c636f-f969-4083-8827-bbfaddb905d0\",\"更新年度\":2021,\"前年同一\":true},{\"筆ポリゴンID\":\"d19c636f-f969-4083-8827-bbfaddb905d0\",\"発生年度\":2020}]]]]","last_polygon_uuid":"e67fc2c4-878c-48d1-a48d-8a36cfc5bd0f","prev_last_polygon_uuid":"0b624cd7-2f47-4ec3-8b02-d249bbc9b391","local_government_cd":"014630","point_lng":142.425654418,"point_lat":42.962160154}},{"arcs":[[217]],"type":"Polygon","properties":{"polygon_uuid":"ee208761-2541-4364-89f2-849e72fa65db","land_type":200,"issue_year":2025,"edit_year":2020,"history":"[{\"筆ポリゴンID\":\"6217da41-ab73-43ac-a09f-c66b29c4db23\",\"更新年度\":2024,\"前年同一\":true},[{\"筆ポリゴンID\":\"a789222c-01b5-404b-84b6-3d878bc18d9f\",\"更新年度\":2023,\"前年同一\":true},[{\"筆ポリゴンID\":\"e1a5969a-6228-423f-b471-1973ae96dc56\",\"更新年度\":2022,\"前年同一\":true},[{\"筆ポリゴンID\":\"609aab7b-b5d7-4c17-9d1d-9639c6020768\",\"更新年度\":2021,\"前年同一\":true},{\"筆ポリゴンID\":\"609aab7b-b5d7-4c17-9d1d-9639c6020768\",\"発生年度\":2020}]]]]","last_polygon_uuid":"6217da41-ab73-43ac-a09f-c66b29c4db23","prev_last_polygon_uuid":"a789222c-01b5-404b-84b6-3d878bc18d9f","local_government_cd":"014630","point_lng":142.433105742,"point_lat":43.01889439}},{"arcs":[[218]],"type":"Polygon","properties":{"polygon_uuid":"2b7e14b9-b275-4c08-b59d-cea6e2a19e91","land_type":200,"issue_year":2025,"edit_year":2020,"history":"[{\"筆ポリゴンID\":\"6dd772d9-6bb7-43ad-a462-da6de67101e9\",\"更新年度\":2024,\"前年同一\":true},[{\"筆ポリゴンID\":\"f4cfa324-8809-4ba3-9fe9-a19dd50810f6\",\"更新年度\":2023,\"前年同一\":true},[{\"筆ポリゴンID\":\"36c41dbc-67d3-47c2-9378-c279e39c9e14\",\"更新年度\":2022,\"前年同一\":true},[{\"筆ポリゴンID\":\"5eb1d2df-ab88-4656-9250-c30c6466c602\",\"更新年度\":2021,\"前年同一\":true},{\"筆ポリゴンID\":\"5eb1d2df-ab88-4656-9250-c30c6466c602\",\"発生年度\":2020}]]]]","last_polygon_uuid":"6dd772d9-6bb7-43ad-a462-da6de67101e9","prev_last_polygon_uuid":"f4cfa324-8809-4ba3-9fe9-a19dd50810f6","local_government_cd":"014630","point_lng":142.446077528,"point_lat":42.939605189}},{"arcs":[[219]],"type":"Polygon","properties":{"polygon_uuid":"6bd068ab-9a97-45d3-befb-ae9820732689","land_type":200,"issue_year":2025,"edit_year":2020,"history":"[{\"筆ポリゴンID\":\"5f5bee15-05db-4761-84cc-489196254dd9\",\"更新年度\":2024,\"前年同一\":true},[{\"筆ポリゴンID\":\"8a4f4edd-8554-4272-9bc4-1f4b7605091d\",\"更新年度\":2023,\"前年同一\":true},[{\"筆ポリゴンID\":\"05261272-c614-4927-ae70-fcc41c46dce8\",\"更新年度\":2022,\"前年同一\":true},[{\"筆ポリゴンID\":\"c28c3af5-70cf-4515-a7f5-f4b91a5b2da6\",\"更新年度\":2021,\"前年同一\":true},{\"筆ポリゴンID\":\"c28c3af5-70cf-4515-a7f5-f4b91a5b2da6\",\"発生年度\":2020}]]]]","last_polygon_uuid":"5f5bee15-05db-4761-84cc-489196254dd9","prev_last_polygon_uuid":"8a4f4edd-8554-4272-9bc4-1f4b7605091d","local_government_cd":"014630","point_lng":142.444113028,"point_lat":42.94385152}},{"arcs":[[220,221]],"type":"Polygon","properties":{"polygon_uuid":"39a60bb9-a821-40e3-824f-65b6be60598a","land_type":100,"issue_year":2025,"edit_year":2020,"history":"[{\"筆ポリゴンID\":\"6be3d18c-69ca-403a-988d-ddd2ed2737cf\",\"更新年度\":2024,\"前年同一\":true},[{\"筆ポリゴンID\":\"f76072c8-5ef5-45f5-b327-6e530396a47d\",\"更新年度\":2023,\"前年同一\":true},[{\"筆ポリゴンID\":\"1b56203b-34e3-4660-ae16-2d30069082b2\",\"更新年度\":2022,\"前年同一\":true},[{\"筆ポリゴンID\":\"5ae9b222-3b67-4db1-8a9f-bb6e18201981\",\"更新年度\":2021,\"前年同一\":true},{\"筆ポリゴンID\":\"5ae9b222-3b67-4db1-8a9f-bb6e18201981\",\"発生年度\":2020}]]]]","last_polygon_uuid":"6be3d18c-69ca-403a-988d-ddd2ed2737cf","prev_last_polygon_uuid":"f76072c8-5ef5-45f5-b327-6e530396a47d","local_government_cd":"014630","point_lng":142.452047917,"point_lat":42.955884827}},{"arcs":[[222]],"type":"Polygon","properties":{"polygon_uuid":"fc114836-5394-4807-af98-51ebfee6d79d","land_type":200,"issue_year":2025,"edit_year":2020,"history":"[{\"筆ポリゴンID\":\"375a8859-7595-48dd-830c-5dfa6a7645a5\",\"更新年度\":2024,\"前年同一\":true},[{\"筆ポリゴンID\":\"52f1203e-7a2e-4ca4-bef2-5cafa1a16d11\",\"更新年度\":2023,\"前年同一\":true},[{\"筆ポリゴンID\":\"40d3d3ef-9bd4-433e-a32c-9906ca303e91\",\"更新年度\":2022,\"前年同一\":true},[{\"筆ポリゴンID\":\"312676c9-ca5d-4040-938a-d322bab5ea32\",\"更新年度\":2021,\"前年同一\":true},{\"筆ポリゴンID\":\"312676c9-ca5d-4040-938a-d322bab5ea32\",\"発生年度\":2020}]]]]","last_polygon_uuid":"375a8859-7595-48dd-830c-5dfa6a7645a5","prev_last_polygon_uuid":"52f1203e-7a2e-4ca4-bef2-5cafa1a16d11","local_government_cd":"014630","point_lng":142.451652838,"point_lat":42.922315952}},{"arcs":[[223]],"type":"Polygon","properties":{"polygon_uuid":"cc73e7d5-a237-44cc-b926-1fac1ad955bf","land_type":200,"issue_year":2025,"edit_year":2020,"history":"[{\"筆ポリゴンID\":\"d90ee155-f875-4fac-a285-c97ca63b96e3\",\"更新年度\":2024,\"前年同一\":true},[{\"筆ポリゴンID\":\"61e11d2d-a2de-486b-9158-139251ed125f\",\"更新年度\":2023,\"前年同一\":true},[{\"筆ポリゴンID\":\"e1ce3b4b-ce59-4e9d-9354-447947b368b6\",\"更新年度\":2022,\"前年同一\":true},[{\"筆ポリゴンID\":\"f0747953-eb0b-4ec1-9899-d40c08d3521b\",\"更新年度\":2021,\"前年同一\":true},{\"筆ポリゴンID\":\"f0747953-eb0b-4ec1-9899-d40c08d3521b\",\"発生年度\":2020}]]]]","last_polygon_uuid":"d90ee155-f875-4fac-a285-c97ca63b96e3","prev_last_polygon_uuid":"61e11d2d-a2de-486b-9158-139251ed125f","local_government_cd":"014630","point_lng":142.452748676,"point_lat":42.921621784}},{"arcs":[[224]],"type":"Polygon","properties":{"polygon_uuid":"ae6083d8-f97d-4463-a46f-75f81b40aa14","land_type":200,"issue_year":2025,"edit_year":2020,"history":"[{\"筆ポリゴンID\":\"22b9cc5a-a5f9-4001-b74b-ca57623ced12\",\"更新年度\":2024,\"前年同一\":true},[{\"筆ポリゴンID\":\"852d4c92-6aae-4f39-9d81-b054e1d3b3e2\",\"更新年度\":2023,\"前年同一\":true},[{\"筆ポリゴンID\":\"08deb467-233c-4235-bb2e-bd0347c80574\",\"更新年度\":2022,\"前年同一\":true},[{\"筆ポリゴンID\":\"f4ecc248-699a-4538-8085-4da632f92cc6\",\"更新年度\":2021,\"前年同一\":true},{\"筆ポリゴンID\":\"f4ecc248-699a-4538-8085-4da632f92cc6\",\"発生年度\":2020}]]]]","last_polygon_uuid":"22b9cc5a-a5f9-4001-b74b-ca57623ced12","prev_last_polygon_uuid":"852d4c92-6aae-4f39-9d81-b054e1d3b3e2","local_government_cd":"014630","point_lng":142.435324844,"point_lat":43.021842282}},{"arcs":[[225]],"type":"Polygon","properties":{"polygon_uuid":"43c12a88-2007-49ca-875e-6a464eb18fde","land_type":200,"issue_year":2025,"edit_year":2020,"history":"[{\"筆ポリゴンID\":\"9b8cdabd-622c-44de-a979-344094616d8d\",\"更新年度\":2024,\"前年同一\":true},[{\"筆ポリゴンID\":\"77efac0e-f1dc-44d9-9bba-ae361aef4219\",\"更新年度\":2023,\"前年同一\":true},[{\"筆ポリゴンID\":\"62952a53-70ad-4fdf-bbe0-bbf48ebca1ce\",\"更新年度\":2022,\"前年同一\":true},[{\"筆ポリゴンID\":\"35debdf7-52e6-4e0a-a20c-8f71ba53d717\",\"更新年度\":2021,\"前年同一\":true},{\"筆ポリゴンID\":\"35debdf7-52e6-4e0a-a20c-8f71ba53d717\",\"発生年度\":2020}]]]]","last_polygon_uuid":"9b8cdabd-622c-44de-a979-344094616d8d","prev_last_polygon_uuid":"77efac0e-f1dc-44d9-9bba-ae361aef4219","local_government_cd":"014630","point_lng":142.44457225,"point_lat":42.936357235}},{"arcs":[[226,227]],"type":"Polygon","properties":{"polygon_uuid":"adcee73f-9fe8-4d35-8dac-df3e610a64b1","land_type":100,"issue_year":2025,"edit_year":2020,"history":"[{\"筆ポリゴンID\":\"af2d9066-b533-4e8d-962a-bfdd4f6cdd01\",\"更新年度\":2024,\"前年同一\":true},[{\"筆ポリゴンID\":\"3fce0bee-7dfa-4a04-b0bd-52e79718940e\",\"更新年度\":2023,\"前年同一\":true},[{\"筆ポリゴンID\":\"e35c007c-fc75-47f9-8174-f36c7bc3ec69\",\"更新年度\":2022,\"前年同一\":true},[{\"筆ポリゴンID\":\"05f6e391-22d4-4f61-9d87-0c207b1c684f\",\"更新年度\":2021,\"前年同一\":true},{\"筆ポリゴンID\":\"05f6e391-22d4-4f61-9d87-0c207b1c684f\",\"発生年度\":2020}]]]]","last_polygon_uuid":"af2d9066-b533-4e8d-962a-bfdd4f6cdd01","prev_last_polygon_uuid":"3fce0bee-7dfa-4a04-b0bd-52e79718940e","local_government_cd":"014630","point_lng":142.419833445,"point_lat":43.009525646}},{"arcs":[[228]],"type":"Polygon","properties":{"polygon_uuid":"04054514-3efb-43b9-a3ba-72fb176ed6e9","land_type":200,"issue_year":2025,"edit_year":2020,"history":"[{\"筆ポリゴンID\":\"91711bb0-3751-4965-8414-796173983291\",\"更新年度\":2024,\"前年同一\":true},[{\"筆ポリゴンID\":\"45135657-7f28-472c-8462-3cbfb6721235\",\"更新年度\":2023,\"前年同一\":true},[{\"筆ポリゴンID\":\"1ca62c19-7e32-4602-8f5a-a30ff4e96916\",\"更新年度\":2022,\"前年同一\":true},[{\"筆ポリゴンID\":\"961c6781-bbdd-48c8-8977-cb3bd5ad1108\",\"更新年度\":2021,\"前年同一\":true},{\"筆ポリゴンID\":\"961c6781-bbdd-48c8-8977-cb3bd5ad1108\",\"発生年度\":2020}]]]]","last_polygon_uuid":"91711bb0-3751-4965-8414-796173983291","prev_last_polygon_uuid":"45135657-7f28-472c-8462-3cbfb6721235","local_government_cd":"014630","point_lng":142.451790298,"point_lat":42.959290977}},{"arcs":[[229]],"type":"Polygon","properties":{"polygon_uuid":"beedeeb6-b29a-4a2a-827a-3c7db1d16c37","land_type":100,"issue_year":2025,"edit_year":2020,"history":"[{\"筆ポリゴンID\":\"4058044f-13c4-459f-8a8d-e0b68c77bccd\",\"更新年度\":2024,\"前年同一\":true},[{\"筆ポリゴンID\":\"4b3ba6cc-d34a-4c28-9814-bd656c6f6354\",\"更新年度\":2023,\"前年同一\":true},[{\"筆ポリゴンID\":\"33223acc-df91-4f8a-82e0-352f7995310f\",\"更新年度\":2022,\"前年同一\":true},[{\"筆ポリゴンID\":\"86062fd7-adbd-4d6f-91f5-0030d9f2e9fb\",\"更新年度\":2021,\"前年同一\":true},{\"筆ポリゴンID\":\"86062fd7-adbd-4d6f-91f5-0030d9f2e9fb\",\"発生年度\":2020}]]]]","last_polygon_uuid":"4058044f-13c4-459f-8a8d-e0b68c77bccd","prev_last_polygon_uuid":"4b3ba6cc-d34a-4c28-9814-bd656c6f6354","local_government_cd":"014630","point_lng":142.414956538,"point_lat":43.007923924}},{"arcs":[[230]],"type":"Polygon","properties":{"polygon_uuid":"00c6a7b8-6e8e-476d-b0d3-826d5e222f10","land_type":200,"issue_year":2025,"edit_year":2020,"history":"[{\"筆ポリゴンID\":\"7546c659-fe87-4659-bd4a-d90b6531547a\",\"更新年度\":2024,\"前年同一\":true},[{\"筆ポリゴンID\":\"62837571-1dc8-4ffb-b1ed-96b55bf11403\",\"更新年度\":2023,\"前年同一\":true},[{\"筆ポリゴンID\":\"2bc56bc6-0a98-4811-9f8b-86c8c3bdbce0\",\"更新年度\":2022,\"前年同一\":true},[{\"筆ポリゴンID\":\"82a60e8a-afc2-4322-bae9-27654d7a1799\",\"更新年度\":2021,\"前年同一\":true},{\"筆ポリゴンID\":\"82a60e8a-afc2-4322-bae9-27654d7a1799\",\"発生年度\":2020}]]]]","last_polygon_uuid":"7546c659-fe87-4659-bd4a-d90b6531547a","prev_last_polygon_uuid":"62837571-1dc8-4ffb-b1ed-96b55bf11403","local_government_cd":"014630","point_lng":142.433986101,"point_lat":43.02070092}},{"arcs":[[231]],"type":"Polygon","properties":{"polygon_uuid":"3aee1099-a2ee-49b5-8148-bcfe3fff53ef","land_type":200,"issue_year":2025,"edit_year":2020,"history":"[{\"筆ポリゴンID\":\"1fb19b87-e3b6-4744-8d77-bf377e9728df\",\"更新年度\":2024,\"前年同一\":true},[{\"筆ポリゴンID\":\"e9f348e3-2d81-472a-8e26-15875d7f1c14\",\"更新年度\":2023,\"前年同一\":true},[{\"筆ポリゴンID\":\"fcb45324-f115-4f11-99d9-5d84172fcd18\",\"更新年度\":2022,\"前年同一\":true},[{\"筆ポリゴンID\":\"f847f5de-f4f9-4b27-a4b2-cead150966f1\",\"更新年度\":2021,\"前年同一\":true},{\"筆ポリゴンID\":\"f847f5de-f4f9-4b27-a4b2-cead150966f1\",\"発生年度\":2020}]]]]","last_polygon_uuid":"1fb19b87-e3b6-4744-8d77-bf377e9728df","prev_last_polygon_uuid":"e9f348e3-2d81-472a-8e26-15875d7f1c14","local_government_cd":"014630","point_lng":142.449043674,"point_lat":42.955500407}},{"arcs":[[232]],"type":"Polygon","properties":{"polygon_uuid":"9e2982be-56ce-4d44-9547-3668699ceced","land_type":200,"issue_year":2025,"edit_year":2020,"history":"[{\"筆ポリゴンID\":\"2c8e7c0a-56d6-43bf-b355-3b0ae9da1d21\",\"更新年度\":2024,\"前年同一\":true},[{\"筆ポリゴンID\":\"88ae93cc-09cb-4909-8010-f833941f457f\",\"更新年度\":2023,\"前年同一\":true},[{\"筆ポリゴンID\":\"0ba6c560-081a-4094-83b7-a12b60e032f4\",\"更新年度\":2022,\"前年同一\":true},[{\"筆ポリゴンID\":\"1538f0de-08c7-49b7-afac-534e9025cd6a\",\"更新年度\":2021,\"前年同一\":true},{\"筆ポリゴンID\":\"1538f0de-08c7-49b7-afac-534e9025cd6a\",\"発生年度\":2020}]]]]","last_polygon_uuid":"2c8e7c0a-56d6-43bf-b355-3b0ae9da1d21","prev_last_polygon_uuid":"88ae93cc-09cb-4909-8010-f833941f457f","local_government_cd":"014630","point_lng":142.432647909,"point_lat":43.018428667}},{"arcs":[[233]],"type":"Polygon","properties":{"polygon_uuid":"793da413-6e3f-43b3-b51a-ec9ac61c1a35","land_type":100,"issue_year":2025,"edit_year":2020,"history":"[{\"筆ポリゴンID\":\"a80fe24d-0d30-4812-b86d-68946058d2de\",\"更新年度\":2024,\"前年同一\":true},[{\"筆ポリゴンID\":\"ce2ae477-393c-4c8b-b99a-dec916b359c3\",\"更新年度\":2023,\"前年同一\":true},[{\"筆ポリゴンID\":\"2350e187-4560-4d69-933a-805440a382c0\",\"更新年度\":2022,\"前年同一\":true},[{\"筆ポリゴンID\":\"508fa805-d210-4ad3-8efd-d2e006a1955c\",\"更新年度\":2021,\"前年同一\":true},{\"筆ポリゴンID\":\"508fa805-d210-4ad3-8efd-d2e006a1955c\",\"発生年度\":2020}]]]]","last_polygon_uuid":"a80fe24d-0d30-4812-b86d-68946058d2de","prev_last_polygon_uuid":"ce2ae477-393c-4c8b-b99a-dec916b359c3","local_government_cd":"014630","point_lng":142.444265092,"point_lat":42.930719019}},{"arcs":[[234,-161]],"type":"Polygon","properties":{"polygon_uuid":"6e747cb5-0bcd-4f04-aa11-145f8ef5b2a4","land_type":200,"issue_year":2025,"edit_year":2021,"history":"[{\"筆ポリゴンID\":\"18957281-399f-4beb-876f-43d33cb41656\",\"更新年度\":2024,\"前年同一\":true},[{\"筆ポリゴンID\":\"9354416a-77af-4684-85e9-cc09f1ff0afd\",\"更新年度\":2023,\"前年同一\":true},[{\"筆ポリゴンID\":\"a8498160-fad2-4f28-a567-ea5a223b616a\",\"更新年度\":2022,\"前年同一\":true},[{\"筆ポリゴンID\":\"a857faa3-382f-4197-b179-5aed8e848f27\",\"更新年度\":2021,\"関連\":true},{\"筆ポリゴンID\":\"a857faa3-382f-4197-b179-5aed8e848f27\",\"発生年度\":2020}]]]]","last_polygon_uuid":"18957281-399f-4beb-876f-43d33cb41656","prev_last_polygon_uuid":"9354416a-77af-4684-85e9-cc09f1ff0afd","local_government_cd":"014630","point_lng":142.437364354,"point_lat":42.947898515}},{"arcs":[[235]],"type":"Polygon","properties":{"polygon_uuid":"d6f0ee6a-2fcd-4f4e-9710-c7c560373c5f","land_type":200,"issue_year":2025,"edit_year":2020,"history":"[{\"筆ポリゴンID\":\"05838da4-1e13-4993-a400-d7175a24ab0f\",\"更新年度\":2024,\"前年同一\":true},[{\"筆ポリゴンID\":\"424c0a09-9b6e-4165-972b-50614788fc5c\",\"更新年度\":2023,\"前年同一\":true},[{\"筆ポリゴンID\":\"fe17a351-1818-48f7-b26a-03cb0b13c4e6\",\"更新年度\":2022,\"前年同一\":true},[{\"筆ポリゴンID\":\"c725251e-46fb-4b78-b8ee-fafafd67edc3\",\"更新年度\":2021,\"前年同一\":true},{\"筆ポリゴンID\":\"c725251e-46fb-4b78-b8ee-fafafd67edc3\",\"発生年度\":2020}]]]]","last_polygon_uuid":"05838da4-1e13-4993-a400-d7175a24ab0f","prev_last_polygon_uuid":"424c0a09-9b6e-4165-972b-50614788fc5c","local_government_cd":"014630","point_lng":142.455605322,"point_lat":42.921966802}},{"arcs":[[236]],"type":"Polygon","properties":{"polygon_uuid":"36c81e31-6ce7-4112-bc3c-d9428fb70990","land_type":100,"issue_year":2025,"edit_year":2020,"history":"[{\"筆ポリゴンID\":\"da312b99-ddee-44aa-968c-296b0a6014af\",\"更新年度\":2024,\"前年同一\":true},[{\"筆ポリゴンID\":\"2c223773-87b1-4406-b425-8036d22b8e65\",\"更新年度\":2023,\"前年同一\":true},[{\"筆ポリゴンID\":\"fb24c3be-2143-445a-81ef-fcfec577b1c3\",\"更新年度\":2022,\"前年同一\":true},[{\"筆ポリゴンID\":\"8d28ac4a-694a-447a-9563-841a5eb5a871\",\"更新年度\":2021,\"前年同一\":true},{\"筆ポリゴンID\":\"8d28ac4a-694a-447a-9563-841a5eb5a871\",\"発生年度\":2020}]]]]","last_polygon_uuid":"da312b99-ddee-44aa-968c-296b0a6014af","prev_last_polygon_uuid":"2c223773-87b1-4406-b425-8036d22b8e65","local_government_cd":"014630","point_lng":142.446145021,"point_lat":42.922914653}},{"arcs":[[237]],"type":"Polygon","properties":{"polygon_uuid":"32c52336-0cea-499a-96c1-a773002b0490","land_type":200,"issue_year":2025,"edit_year":2020,"history":"[{\"筆ポリゴンID\":\"ecfaf346-2fbc-463c-be27-31a8dfaa5f31\",\"更新年度\":2024,\"前年同一\":true},[{\"筆ポリゴンID\":\"dacb5673-cd7f-4b92-a7d1-9816777eea77\",\"更新年度\":2023,\"前年同一\":true},[{\"筆ポリゴンID\":\"3d6e6f76-a0ad-4081-9661-a2da5bbcf24c\",\"更新年度\":2022,\"前年同一\":true},[{\"筆ポリゴンID\":\"b93a7ce7-7eb2-4e8a-a180-e3344dd1bde9\",\"更新年度\":2021,\"前年同一\":true},{\"筆ポリゴンID\":\"b93a7ce7-7eb2-4e8a-a180-e3344dd1bde9\",\"発生年度\":2020}]]]]","last_polygon_uuid":"ecfaf346-2fbc-463c-be27-31a8dfaa5f31","prev_last_polygon_uuid":"dacb5673-cd7f-4b92-a7d1-9816777eea77","local_government_cd":"014630","point_lng":142.429039098,"point_lat":42.954069798}},{"arcs":[[238]],"type":"Polygon","properties":{"polygon_uuid":"fc5c4545-d037-4e5e-8744-1f485ebb4562","land_type":100,"issue_year":2025,"edit_year":2020,"history":"[{\"筆ポリゴンID\":\"8e961757-546d-46f6-83e9-42f44c47fd12\",\"更新年度\":2024,\"前年同一\":true},[{\"筆ポリゴンID\":\"904eb993-54e9-4640-956e-91472b8b7823\",\"更新年度\":2023,\"前年同一\":true},[{\"筆ポリゴンID\":\"c3ab5c1c-3b1f-4215-a8c3-5d3abe8b0279\",\"更新年度\":2022,\"前年同一\":true},[{\"筆ポリゴンID\":\"20d7f819-6c69-432f-96f4-2710fa757c87\",\"更新年度\":2021,\"前年同一\":true},{\"筆ポリゴンID\":\"20d7f819-6c69-432f-96f4-2710fa757c87\",\"発生年度\":2020}]]]]","last_polygon_uuid":"8e961757-546d-46f6-83e9-42f44c47fd12","prev_last_polygon_uuid":"904eb993-54e9-4640-956e-91472b8b7823","local_government_cd":"014630","point_lng":142.445462289,"point_lat":42.92348557}},{"arcs":[[239,240]],"type":"Polygon","properties":{"polygon_uuid":"8e49039a-90bd-47c0-83db-907717751d7e","land_type":200,"issue_year":2025,"edit_year":2020,"history":"[{\"筆ポリゴンID\":\"2067ae0d-0b97-460d-8307-ae50d55a3395\",\"更新年度\":2024,\"前年同一\":true},[{\"筆ポリゴンID\":\"9a5b7a93-2d35-4288-8f49-aea55388bcc0\",\"更新年度\":2023,\"前年同一\":true},[{\"筆ポリゴンID\":\"45037789-bbd5-42d7-8c5d-115219691611\",\"更新年度\":2022,\"前年同一\":true},[{\"筆ポリゴンID\":\"162e9cfd-94d6-4691-9540-2e0197bb1a48\",\"更新年度\":2021,\"前年同一\":true},{\"筆ポリゴンID\":\"162e9cfd-94d6-4691-9540-2e0197bb1a48\",\"発生年度\":2020}]]]]","last_polygon_uuid":"2067ae0d-0b97-460d-8307-ae50d55a3395","prev_last_polygon_uuid":"9a5b7a93-2d35-4288-8f49-aea55388bcc0","local_government_cd":"014630","point_lng":142.452875967,"point_lat":42.958338609}},{"arcs":[[241,242]],"type":"Polygon","properties":{"polygon_uuid":"fed0abcf-34a0-4068-85ae-f0f751c9559d","land_type":200,"issue_year":2025,"edit_year":2020,"history":"[{\"筆ポリゴンID\":\"4ae0573f-cd3f-410b-9565-c24c02353605\",\"更新年度\":2024,\"前年同一\":true},[{\"筆ポリゴンID\":\"c9b5c8b2-a5b9-4d4c-9a7d-14d4ac59ff01\",\"更新年度\":2023,\"前年同一\":true},[{\"筆ポリゴンID\":\"c0fba245-101e-4833-a4d3-a00e84728316\",\"更新年度\":2022,\"前年同一\":true},[{\"筆ポリゴンID\":\"510e042a-31ad-4059-a677-da3b01d87e30\",\"更新年度\":2021,\"前年同一\":true},{\"筆ポリゴンID\":\"510e042a-31ad-4059-a677-da3b01d87e30\",\"発生年度\":2020}]]]]","last_polygon_uuid":"4ae0573f-cd3f-410b-9565-c24c02353605","prev_last_polygon_uuid":"c9b5c8b2-a5b9-4d4c-9a7d-14d4ac59ff01","local_government_cd":"014630","point_lng":142.460666489,"point_lat":42.955729253}},{"arcs":[[243]],"type":"Polygon","properties":{"polygon_uuid":"9e8d742b-f6c2-4598-8130-1dcdac21b337","land_type":100,"issue_year":2025,"edit_year":2020,"history":"[{\"筆ポリゴンID\":\"bb28a0e6-7222-4bea-beda-af061e3b9b8c\",\"更新年度\":2024,\"前年同一\":true},[{\"筆ポリゴンID\":\"16b017d8-bb49-4be6-aee1-6d0f6c56b029\",\"更新年度\":2023,\"前年同一\":true},[{\"筆ポリゴンID\":\"267ac6e4-5be8-44b7-84e7-4a7e22ec59a2\",\"更新年度\":2022,\"前年同一\":true},[{\"筆ポリゴンID\":\"d93c3f19-a7ce-4a50-91b3-c16f05fe1af3\",\"更新年度\":2021,\"前年同一\":true},{\"筆ポリゴンID\":\"d93c3f19-a7ce-4a50-91b3-c16f05fe1af3\",\"発生年度\":2020}]]]]","last_polygon_uuid":"bb28a0e6-7222-4bea-beda-af061e3b9b8c","prev_last_polygon_uuid":"16b017d8-bb49-4be6-aee1-6d0f6c56b029","local_government_cd":"014630","point_lng":142.418073323,"point_lat":43.009398423}},{"arcs":[[244]],"type":"Polygon","properties":{"polygon_uuid":"ec18bb68-0d42-433c-b078-1523b911a77a","land_type":200,"issue_year":2025,"edit_year":2020,"history":"[{\"筆ポリゴンID\":\"dc6a7cbb-5f0e-44e9-b36f-fe54c4aea68a\",\"更新年度\":2024,\"前年同一\":true},[{\"筆ポリゴンID\":\"9aa63490-7fac-4cba-bdad-2437ab378f2f\",\"更新年度\":2023,\"前年同一\":true},[{\"筆ポリゴンID\":\"f6a89a8a-5563-40bb-9e2d-7e45d11df869\",\"更新年度\":2022,\"前年同一\":true},[{\"筆ポリゴンID\":\"4a776d5b-846c-43b4-af02-e13cf1da284c\",\"更新年度\":2021,\"前年同一\":true},{\"筆ポリゴンID\":\"4a776d5b-846c-43b4-af02-e13cf1da284c\",\"発生年度\":2020}]]]]","last_polygon_uuid":"dc6a7cbb-5f0e-44e9-b36f-fe54c4aea68a","prev_last_polygon_uuid":"9aa63490-7fac-4cba-bdad-2437ab378f2f","local_government_cd":"014630","point_lng":142.455249899,"point_lat":42.954469968}},{"arcs":[[245]],"type":"Polygon","properties":{"polygon_uuid":"75254aab-6cef-44a6-a494-46ae66356fd9","land_type":100,"issue_year":2025,"edit_year":2020,"history":"[{\"筆ポリゴンID\":\"d25b24fc-dd05-45d1-90db-85835a2f42f8\",\"更新年度\":2024,\"前年同一\":true},[{\"筆ポリゴンID\":\"a41e4c9e-9702-4c4e-b4e9-cc89e9ec7d64\",\"更新年度\":2023,\"前年同一\":true},[{\"筆ポリゴンID\":\"dc2f9aa3-40bc-4239-8cec-556539a375c0\",\"更新年度\":2022,\"前年同一\":true},[{\"筆ポリゴンID\":\"383c242b-12fa-4b15-8282-a6a157378390\",\"更新年度\":2021,\"前年同一\":true},{\"筆ポリゴンID\":\"383c242b-12fa-4b15-8282-a6a157378390\",\"発生年度\":2020}]]]]","last_polygon_uuid":"d25b24fc-dd05-45d1-90db-85835a2f42f8","prev_last_polygon_uuid":"a41e4c9e-9702-4c4e-b4e9-cc89e9ec7d64","local_government_cd":"014630","point_lng":142.446528224,"point_lat":42.923477399}},{"arcs":[[246]],"type":"Polygon","properties":{"polygon_uuid":"d86774d8-1339-4763-b319-ab589650ad4e","land_type":100,"issue_year":2025,"edit_year":2020,"history":"[{\"筆ポリゴンID\":\"d165e84e-f1cc-4f29-9d34-0778fd47a183\",\"更新年度\":2024,\"前年同一\":true},[{\"筆ポリゴンID\":\"368cdde1-bb16-4fc5-87a0-9640225a6074\",\"更新年度\":2023,\"前年同一\":true},[{\"筆ポリゴンID\":\"7f5fabbd-a285-4c1e-8590-5118cded562a\",\"更新年度\":2022,\"前年同一\":true},[{\"筆ポリゴンID\":\"6e3291e9-1bc1-4186-9dff-6c814debcdd5\",\"更新年度\":2021,\"前年同一\":true},{\"筆ポリゴンID\":\"6e3291e9-1bc1-4186-9dff-6c814debcdd5\",\"発生年度\":2020}]]]]","last_polygon_uuid":"d165e84e-f1cc-4f29-9d34-0778fd47a183","prev_last_polygon_uuid":"368cdde1-bb16-4fc5-87a0-9640225a6074","local_government_cd":"014630","point_lng":142.448328952,"point_lat":42.952675735}},{"arcs":[[247]],"type":"Polygon","properties":{"polygon_uuid":"33e78fdc-8f68-4e75-97a0-260eee0eb10b","land_type":200,"issue_year":2025,"edit_year":2020,"history":"[{\"筆ポリゴンID\":\"3bf6fcfa-e290-4e86-be96-42a34b8fceeb\",\"更新年度\":2024,\"前年同一\":true},[{\"筆ポリゴンID\":\"f3b4d1ed-f78e-4b50-9551-8ee350b2cef9\",\"更新年度\":2023,\"前年同一\":true},[{\"筆ポリゴンID\":\"7729bbdb-e372-486c-a2ac-3f73be64a46b\",\"更新年度\":2022,\"前年同一\":true},[{\"筆ポリゴンID\":\"ddfaa624-ca05-477b-b116-d5c90b3a381a\",\"更新年度\":2021,\"前年同一\":true},{\"筆ポリゴンID\":\"ddfaa624-ca05-477b-b116-d5c90b3a381a\",\"発生年度\":2020}]]]]","last_polygon_uuid":"3bf6fcfa-e290-4e86-be96-42a34b8fceeb","prev_last_polygon_uuid":"f3b4d1ed-f78e-4b50-9551-8ee350b2cef9","local_government_cd":"014630","point_lng":142.429898462,"point_lat":42.95697863}},{"arcs":[[248]],"type":"Polygon","properties":{"polygon_uuid":"dad6b960-868a-49cd-96c6-e47325346997","land_type":200,"issue_year":2025,"edit_year":2020,"history":"[{\"筆ポリゴンID\":\"64f0da24-c3ea-424e-b71e-e742eff086dc\",\"更新年度\":2024,\"前年同一\":true},[{\"筆ポリゴンID\":\"e361a3eb-0b7d-49a6-b5c9-09cbae5be0dd\",\"更新年度\":2023,\"前年同一\":true},[{\"筆ポリゴンID\":\"a829dcbf-5278-4ae1-8ffe-00d3256178b0\",\"更新年度\":2022,\"前年同一\":true},[{\"筆ポリゴンID\":\"679e5049-c507-4777-8c39-fa3755379e95\",\"更新年度\":2021,\"前年同一\":true},{\"筆ポリゴンID\":\"679e5049-c507-4777-8c39-fa3755379e95\",\"発生年度\":2020}]]]]","last_polygon_uuid":"64f0da24-c3ea-424e-b71e-e742eff086dc","prev_last_polygon_uuid":"e361a3eb-0b7d-49a6-b5c9-09cbae5be0dd","local_government_cd":"014630","point_lng":142.44460059,"point_lat":42.935235193}},{"arcs":[[-196,249]],"type":"Polygon","properties":{"polygon_uuid":"2941edf1-d79f-461c-89ba-33d45a0c1536","land_type":100,"issue_year":2025,"edit_year":2020,"history":"[{\"筆ポリゴンID\":\"0cbec3b4-df83-440c-93f4-d3bcc26f423e\",\"更新年度\":2024,\"前年同一\":true},[{\"筆ポリゴンID\":\"d2ed3f9d-dc31-4c43-8f4d-17b3e0edfc49\",\"更新年度\":2023,\"前年同一\":true},[{\"筆ポリゴンID\":\"84462f4b-c560-437a-9760-7096c9f44cf7\",\"更新年度\":2022,\"前年同一\":true},[{\"筆ポリゴンID\":\"8d2fd143-35ab-482d-8f1e-8385185cf2a0\",\"更新年度\":2021,\"前年同一\":true},{\"筆ポリゴンID\":\"8d2fd143-35ab-482d-8f1e-8385185cf2a0\",\"発生年度\":2020}]]]]","last_polygon_uuid":"0cbec3b4-df83-440c-93f4-d3bcc26f423e","prev_last_polygon_uuid":"d2ed3f9d-dc31-4c43-8f4d-17b3e0edfc49","local_government_cd":"014630","point_lng":142.425593516,"point_lat":42.957407719}},{"arcs":[[250]],"type":"Polygon","properties":{"polygon_uuid":"ed3c7833-f036-482e-8f92-355655dc340b","land_type":200,"issue_year":2025,"edit_year":2020,"history":"[{\"筆ポリゴンID\":\"ca81d5e3-e6f9-4062-965e-0c6fd5e1dac2\",\"更新年度\":2024,\"前年同一\":true},[{\"筆ポリゴンID\":\"9fe95166-b15e-473d-8a98-cd51eb93ca42\",\"更新年度\":2023,\"前年同一\":true},[{\"筆ポリゴンID\":\"67b598db-f442-4ae8-9c07-b6cb5d4a4f10\",\"更新年度\":2022,\"前年同一\":true},[{\"筆ポリゴンID\":\"2972e898-242e-43f5-bc10-6b99d64c6d14\",\"更新年度\":2021,\"前年同一\":true},{\"筆ポリゴンID\":\"2972e898-242e-43f5-bc10-6b99d64c6d14\",\"発生年度\":2020}]]]]","last_polygon_uuid":"ca81d5e3-e6f9-4062-965e-0c6fd5e1dac2","prev_last_polygon_uuid":"9fe95166-b15e-473d-8a98-cd51eb93ca42","local_government_cd":"014630","point_lng":142.424047627,"point_lat":42.961307894}},{"arcs":[[251,252]],"type":"Polygon","properties":{"polygon_uuid":"8255f6ee-a702-4637-abd1-0962d44154cb","land_type":100,"issue_year":2025,"edit_year":2020,"history":"[{\"筆ポリゴンID\":\"e165383f-700b-4aba-816b-54d7d2839532\",\"更新年度\":2024,\"前年同一\":true},[{\"筆ポリゴンID\":\"a2e85ec1-7d94-46df-9f3f-2b6cb26b5c44\",\"更新年度\":2023,\"前年同一\":true},[{\"筆ポリゴンID\":\"70014a74-ea30-4f37-aa66-d043dc2b73c9\",\"更新年度\":2022,\"前年同一\":true},[{\"筆ポリゴンID\":\"3ccf31a5-277e-46e9-b1b7-3b58137a0264\",\"更新年度\":2021,\"前年同一\":true},{\"筆ポリゴンID\":\"3ccf31a5-277e-46e9-b1b7-3b58137a0264\",\"発生年度\":2020}]]]]","last_polygon_uuid":"e165383f-700b-4aba-816b-54d7d2839532","prev_last_polygon_uuid":"a2e85ec1-7d94-46df-9f3f-2b6cb26b5c44","local_government_cd":"014630","point_lng":142.426495884,"point_lat":42.960720858}},{"arcs":[[253,254,255,256,257]],"type":"Polygon","properties":{"polygon_uuid":"8c5a8f49-2119-4dec-b95e-baa1ca4e7933","land_type":100,"issue_year":2025,"edit_year":2021,"history":"[{\"筆ポリゴンID\":\"43b6ba14-ca7a-4129-9393-60dde26d56dc\",\"更新年度\":2024,\"前年同一\":true},[{\"筆ポリゴンID\":\"c7a0f6fe-7f32-48e7-9230-db6d12f50aa0\",\"更新年度\":2023,\"前年同一\":true},[{\"筆ポリゴンID\":\"3214f018-ced0-4522-8495-4e7929fc6f6d\",\"更新年度\":2022,\"前年同一\":true},[[{\"筆ポリゴンID\":\"c48ce28e-d9e4-4d76-87a5-11aa3ef0ff47\",\"更新年度\":2021,\"関連\":true},{\"筆ポリゴンID\":\"c48ce28e-d9e4-4d76-87a5-11aa3ef0ff47\",\"発生年度\":2020}],[{\"筆ポリゴンID\":\"af3d21b6-3e7f-4458-9699-a030cd2ef417\",\"更新年度\":2021,\"関連\":true},{\"筆ポリゴンID\":\"af3d21b6-3e7f-4458-9699-a030cd2ef417\",\"発生年度\":2020}]]]]]","last_polygon_uuid":"43b6ba14-ca7a-4129-9393-60dde26d56dc","prev_last_polygon_uuid":"c7a0f6fe-7f32-48e7-9230-db6d12f50aa0","local_government_cd":"014630","point_lng":142.441335364,"point_lat":42.952188112}},{"arcs":[[258]],"type":"Polygon","properties":{"polygon_uuid":"7387b8f9-f9e3-456f-b989-75774912ce33","land_type":200,"issue_year":2025,"edit_year":2020,"history":"[{\"筆ポリゴンID\":\"6d917663-a132-4017-a13d-db8ff34b4910\",\"更新年度\":2024,\"前年同一\":true},[{\"筆ポリゴンID\":\"8c941054-c377-44b0-a304-8827f06ea545\",\"更新年度\":2023,\"前年同一\":true},[{\"筆ポリゴンID\":\"a1c609f2-e883-491f-9823-0b56505823a0\",\"更新年度\":2022,\"前年同一\":true},[{\"筆ポリゴンID\":\"eda3d2d5-8de0-49ac-8b8b-e9b778339c93\",\"更新年度\":2021,\"前年同一\":true},{\"筆ポリゴンID\":\"eda3d2d5-8de0-49ac-8b8b-e9b778339c93\",\"発生年度\":2020}]]]]","last_polygon_uuid":"6d917663-a132-4017-a13d-db8ff34b4910","prev_last_polygon_uuid":"8c941054-c377-44b0-a304-8827f06ea545","local_government_cd":"014630","point_lng":142.445345148,"point_lat":42.935140197}},{"arcs":[[-253,259,-217,260]],"type":"Polygon","properties":{"polygon_uuid":"666ea6b9-f4c4-47ff-963c-c5754e4460a1","land_type":100,"issue_year":2025,"edit_year":2020,"history":"[{\"筆ポリゴンID\":\"42a5d36b-f89a-419c-814b-1b47e879d0c9\",\"更新年度\":2024,\"前年同一\":true},[{\"筆ポリゴンID\":\"c2af4039-181d-44e0-91cd-ebbb40106698\",\"更新年度\":2023,\"前年同一\":true},[{\"筆ポリゴンID\":\"ffe30996-7c49-44c4-9dda-ffd7fb9faf65\",\"更新年度\":2022,\"前年同一\":true},[{\"筆ポリゴンID\":\"57d2e0c1-6e25-4c82-aaf1-6408045635b6\",\"更新年度\":2021,\"前年同一\":true},{\"筆ポリゴンID\":\"57d2e0c1-6e25-4c82-aaf1-6408045635b6\",\"発生年度\":2020}]]]]","last_polygon_uuid":"42a5d36b-f89a-419c-814b-1b47e879d0c9","prev_last_polygon_uuid":"c2af4039-181d-44e0-91cd-ebbb40106698","local_government_cd":"014630","point_lng":142.426159542,"point_lat":42.961587365}},{"arcs":[[261,-214]],"type":"Polygon","properties":{"polygon_uuid":"6a98e0ae-1364-4fe1-b76f-cbb4d4d8f5bd","land_type":200,"issue_year":2025,"edit_year":2020,"history":"[{\"筆ポリゴンID\":\"7e5ec47d-151f-405a-a78c-cd321ed4fd0f\",\"更新年度\":2024,\"前年同一\":true},[{\"筆ポリゴンID\":\"cde86e13-e96d-40bf-933e-c04e00a58be9\",\"更新年度\":2023,\"前年同一\":true},[{\"筆ポリゴンID\":\"9d42b662-2eff-4a72-ab95-869ee70f1a8c\",\"更新年度\":2022,\"前年同一\":true},[{\"筆ポリゴンID\":\"6baaa334-8938-445b-bc2e-d5af781184b9\",\"更新年度\":2021,\"前年同一\":true},{\"筆ポリゴンID\":\"6baaa334-8938-445b-bc2e-d5af781184b9\",\"発生年度\":2020}]]]]","last_polygon_uuid":"7e5ec47d-151f-405a-a78c-cd321ed4fd0f","prev_last_polygon_uuid":"cde86e13-e96d-40bf-933e-c04e00a58be9","local_government_cd":"014630","point_lng":142.435402479,"point_lat":42.953797659}},{"arcs":[[262]],"type":"Polygon","properties":{"polygon_uuid":"19717517-6c28-4d2d-898b-53ec262b55f1","land_type":200,"issue_year":2025,"edit_year":2020,"history":"[{\"筆ポリゴンID\":\"a7909f91-2268-40cd-ae9a-bc259d0e6f3c\",\"更新年度\":2024,\"前年同一\":true},[{\"筆ポリゴンID\":\"aac1bde5-5429-440c-88dd-34e274723368\",\"更新年度\":2023,\"前年同一\":true},[{\"筆ポリゴンID\":\"0c7ee56d-edb7-4250-b0e6-33ac960aa18d\",\"更新年度\":2022,\"前年同一\":true},[{\"筆ポリゴンID\":\"4f09ff75-dbdd-4933-af55-3e23de390415\",\"更新年度\":2021,\"前年同一\":true},{\"筆ポリゴンID\":\"4f09ff75-dbdd-4933-af55-3e23de390415\",\"発生年度\":2020}]]]]","last_polygon_uuid":"a7909f91-2268-40cd-ae9a-bc259d0e6f3c","prev_last_polygon_uuid":"aac1bde5-5429-440c-88dd-34e274723368","local_government_cd":"014630","point_lng":142.413206669,"point_lat":43.004544551}},{"arcs":[[263,-192,264,-198]],"type":"Polygon","properties":{"polygon_uuid":"d4629f10-929a-409a-b25a-c3c20d8361a2","land_type":100,"issue_year":2025,"edit_year":2020,"history":"[{\"筆ポリゴンID\":\"033fdc7b-5830-4291-99af-284a0e72aa46\",\"更新年度\":2024,\"前年同一\":true},[{\"筆ポリゴンID\":\"bd71b22f-774d-4d79-b243-e56c8e3e5ea0\",\"更新年度\":2023,\"前年同一\":true},[{\"筆ポリゴンID\":\"7d677b04-3ffb-4fe9-b536-2051e4fb6e39\",\"更新年度\":2022,\"前年同一\":true},[{\"筆ポリゴンID\":\"2ef80e3a-b989-4bfb-ac05-4b0808f45551\",\"更新年度\":2021,\"前年同一\":true},{\"筆ポリゴンID\":\"2ef80e3a-b989-4bfb-ac05-4b0808f45551\",\"発生年度\":2020}]]]]","last_polygon_uuid":"033fdc7b-5830-4291-99af-284a0e72aa46","prev_last_polygon_uuid":"bd71b22f-774d-4d79-b243-e56c8e3e5ea0","local_government_cd":"014630","point_lng":142.449869382,"point_lat":42.951800148}},{"arcs":[[265]],"type":"Polygon","properties":{"polygon_uuid":"51b7ff97-ff48-41d3-aa07-d3b94bb7867d","land_type":200,"issue_year":2025,"edit_year":2020,"history":"[{\"筆ポリゴンID\":\"1ed34c0a-2d9d-4f34-9baa-d99cd75a1376\",\"更新年度\":2024,\"前年同一\":true},[{\"筆ポリゴンID\":\"6f2c494e-f3dc-43d1-8fcf-22419ad96301\",\"更新年度\":2023,\"前年同一\":true},[{\"筆ポリゴンID\":\"1a0f49ed-862d-49c1-8f29-a8c86c691b5a\",\"更新年度\":2022,\"前年同一\":true},[{\"筆ポリゴンID\":\"09244a0a-9561-4ea3-bded-05c74f547185\",\"更新年度\":2021,\"前年同一\":true},{\"筆ポリゴンID\":\"09244a0a-9561-4ea3-bded-05c74f547185\",\"発生年度\":2020}]]]]","last_polygon_uuid":"1ed34c0a-2d9d-4f34-9baa-d99cd75a1376","prev_last_polygon_uuid":"6f2c494e-f3dc-43d1-8fcf-22419ad96301","local_government_cd":"014630","point_lng":142.442377996,"point_lat":42.954169803}},{"arcs":[[266]],"type":"Polygon","properties":{"polygon_uuid":"dae138cb-d9b9-47f4-8f11-6f62fbb477a6","land_type":200,"issue_year":2025,"edit_year":2020,"history":"[{\"筆ポリゴンID\":\"82b72f89-ae11-4e85-b091-7f30245f90fe\",\"更新年度\":2024,\"前年同一\":true},[{\"筆ポリゴンID\":\"f833db6c-99a8-4fc8-8757-51cb6bd3fd65\",\"更新年度\":2023,\"前年同一\":true},[{\"筆ポリゴンID\":\"b467e406-af65-4878-9d33-12c546db3557\",\"更新年度\":2022,\"前年同一\":true},[{\"筆ポリゴンID\":\"a970881e-1983-449b-b850-415a4632a5bb\",\"更新年度\":2021,\"前年同一\":true},{\"筆ポリゴンID\":\"a970881e-1983-449b-b850-415a4632a5bb\",\"発生年度\":2020}]]]]","last_polygon_uuid":"82b72f89-ae11-4e85-b091-7f30245f90fe","prev_last_polygon_uuid":"f833db6c-99a8-4fc8-8757-51cb6bd3fd65","local_government_cd":"014630","point_lng":142.414164634,"point_lat":43.009425914}},{"arcs":[[267]],"type":"Polygon","properties":{"polygon_uuid":"cc2cd131-6684-4909-9200-b6b1b17f6452","land_type":200,"issue_year":2025,"edit_year":2020,"history":"[{\"筆ポリゴンID\":\"a748e7d6-f0b6-467b-91c5-dd513a0bf8f5\",\"更新年度\":2024,\"前年同一\":true},[{\"筆ポリゴンID\":\"201112fd-d5d1-4527-a35b-b56276c4bd8f\",\"更新年度\":2023,\"前年同一\":true},[{\"筆ポリゴンID\":\"67dd5f69-c6c4-454d-9af5-696b14e92107\",\"更新年度\":2022,\"前年同一\":true},[{\"筆ポリゴンID\":\"07d52cf5-8b48-4c2b-8820-ad302c3efa74\",\"更新年度\":2021,\"前年同一\":true},{\"筆ポリゴンID\":\"07d52cf5-8b48-4c2b-8820-ad302c3efa74\",\"発生年度\":2020}]]]]","last_polygon_uuid":"a748e7d6-f0b6-467b-91c5-dd513a0bf8f5","prev_last_polygon_uuid":"201112fd-d5d1-4527-a35b-b56276c4bd8f","local_government_cd":"014630","point_lng":142.444244772,"point_lat":42.926996096}},{"arcs":[[268,269]],"type":"Polygon","properties":{"polygon_uuid":"5dbb9901-a2df-4ea6-b455-d122ea476e4c","land_type":100,"issue_year":2025,"edit_year":2020,"history":"[{\"筆ポリゴンID\":\"68328bec-2b6b-47be-bc48-b7a3c7580423\",\"更新年度\":2024,\"前年同一\":true},[{\"筆ポリゴンID\":\"e369ca2e-e764-4972-bdf7-53dee416a09d\",\"更新年度\":2023,\"前年同一\":true},[{\"筆ポリゴンID\":\"b7bb642a-c98e-4e1e-99a7-19b30c056c9e\",\"更新年度\":2022,\"前年同一\":true},[{\"筆ポリゴンID\":\"65f898bf-25c8-43c1-aea1-737a2fbfca4a\",\"更新年度\":2021,\"前年同一\":true},{\"筆ポリゴンID\":\"65f898bf-25c8-43c1-aea1-737a2fbfca4a\",\"発生年度\":2020}]]]]","last_polygon_uuid":"68328bec-2b6b-47be-bc48-b7a3c7580423","prev_last_polygon_uuid":"e369ca2e-e764-4972-bdf7-53dee416a09d","local_government_cd":"014630","point_lng":142.456581101,"point_lat":42.958296667}},{"arcs":[[-254,270,271]],"type":"Polygon","properties":{"polygon_uuid":"04f98caf-0b25-419f-87dd-74f0b80115a6","land_type":200,"issue_year":2025,"edit_year":2021,"history":"[{\"筆ポリゴンID\":\"e204e7c1-9891-49ac-bc2a-4272358a7e06\",\"更新年度\":2024,\"前年同一\":true},[{\"筆ポリゴンID\":\"21585cf3-fafa-472a-af4d-ed28f9e25e8d\",\"更新年度\":2023,\"前年同一\":true},[{\"筆ポリゴンID\":\"7181cde2-7884-4ac7-8e4a-a21c26a8ad14\",\"更新年度\":2022,\"前年同一\":true},[[{\"筆ポリゴンID\":\"c48ce28e-d9e4-4d76-87a5-11aa3ef0ff47\",\"更新年度\":2021,\"関連\":true},{\"筆ポリゴンID\":\"c48ce28e-d9e4-4d76-87a5-11aa3ef0ff47\",\"発生年度\":2020}],[{\"筆ポリゴンID\":\"af3d21b6-3e7f-4458-9699-a030cd2ef417\",\"更新年度\":2021,\"関連\":true},{\"筆ポリゴンID\":\"af3d21b6-3e7f-4458-9699-a030cd2ef417\",\"発生年度\":2020}]]]]]","last_polygon_uuid":"e204e7c1-9891-49ac-bc2a-4272358a7e06","prev_last_polygon_uuid":"21585cf3-fafa-472a-af4d-ed28f9e25e8d","local_government_cd":"014630","point_lng":142.443482633,"point_lat":42.953048978}},{"arcs":[[272]],"type":"Polygon","properties":{"polygon_uuid":"eeb82c93-5b45-490c-8ba5-f577fedd52e9","land_type":200,"issue_year":2025,"edit_year":2020,"history":"[{\"筆ポリゴンID\":\"d95aa0b7-f3e7-4446-bb30-284a49161d6c\",\"更新年度\":2024,\"前年同一\":true},[{\"筆ポリゴンID\":\"346d954f-481b-4c67-a0e0-43782498c2ac\",\"更新年度\":2023,\"前年同一\":true},[{\"筆ポリゴンID\":\"ba7dcbaf-8629-45e8-b8c5-a7a134509cb2\",\"更新年度\":2022,\"前年同一\":true},[{\"筆ポリゴンID\":\"2d77bbbf-60c6-47a1-a877-ad816d508cd4\",\"更新年度\":2021,\"前年同一\":true},{\"筆ポリゴンID\":\"2d77bbbf-60c6-47a1-a877-ad816d508cd4\",\"発生年度\":2020}]]]]","last_polygon_uuid":"d95aa0b7-f3e7-4446-bb30-284a49161d6c","prev_last_polygon_uuid":"346d954f-481b-4c67-a0e0-43782498c2ac","local_government_cd":"014630","point_lng":142.442355936,"point_lat":42.942665295}},{"arcs":[[273,-221]],"type":"Polygon","properties":{"polygon_uuid":"e2828d2f-bf68-4844-94b5-45653b252789","land_type":100,"issue_year":2025,"edit_year":2020,"history":"[{\"筆ポリゴンID\":\"54603ff9-964d-4f97-b31b-aad115ecd94c\",\"更新年度\":2024,\"前年同一\":true},[{\"筆ポリゴンID\":\"2ed2a48c-a1c1-4f5d-a7e8-25672f44ef79\",\"更新年度\":2023,\"前年同一\":true},[{\"筆ポリゴンID\":\"73a4627e-cd71-4687-89cf-f0708dff433b\",\"更新年度\":2022,\"前年同一\":true},[{\"筆ポリゴンID\":\"6eb26c72-4b08-40b9-8c13-d50a1baf5e83\",\"更新年度\":2021,\"前年同一\":true},{\"筆ポリゴンID\":\"6eb26c72-4b08-40b9-8c13-d50a1baf5e83\",\"発生年度\":2020}]]]]","last_polygon_uuid":"54603ff9-964d-4f97-b31b-aad115ecd94c","prev_last_polygon_uuid":"2ed2a48c-a1c1-4f5d-a7e8-25672f44ef79","local_government_cd":"014630","point_lng":142.451473163,"point_lat":42.956151279}},{"arcs":[[274,-242]],"type":"Polygon","properties":{"polygon_uuid":"47e48d8f-b942-4bcb-8423-d02d30697526","land_type":200,"issue_year":2025,"edit_year":2020,"history":"[{\"筆ポリゴンID\":\"e20c56e0-4cbe-430d-8bf9-06b5dda46da7\",\"更新年度\":2024,\"前年同一\":true},[{\"筆ポリゴンID\":\"039ac266-4236-4514-9d85-173811d0068a\",\"更新年度\":2023,\"前年同一\":true},[{\"筆ポリゴンID\":\"9f2021b2-7eda-4914-b39c-5391786e00fb\",\"更新年度\":2022,\"前年同一\":true},[{\"筆ポリゴンID\":\"2e901733-2c8f-450d-82af-5760bc11c2a5\",\"更新年度\":2021,\"前年同一\":true},{\"筆ポリゴンID\":\"2e901733-2c8f-450d-82af-5760bc11c2a5\",\"発生年度\":2020}]]]]","last_polygon_uuid":"e20c56e0-4cbe-430d-8bf9-06b5dda46da7","prev_last_polygon_uuid":"039ac266-4236-4514-9d85-173811d0068a","local_government_cd":"014630","point_lng":142.46027526,"point_lat":42.954993748}},{"arcs":[[275,-207]],"type":"Polygon","properties":{"polygon_uuid":"1bc6391b-b882-4711-b38a-c190703e9e7a","land_type":200,"issue_year":2025,"edit_year":2020,"history":"[{\"筆ポリゴンID\":\"cf5cd7c2-a3f8-4ed1-8a44-54ed0660a7ad\",\"更新年度\":2024,\"前年同一\":true},[{\"筆ポリゴンID\":\"1ff66cbe-fb02-432a-8e68-c908f2e52349\",\"更新年度\":2023,\"前年同一\":true},[{\"筆ポリゴンID\":\"ed4445a2-8ef3-4985-84a2-e64d44bcd812\",\"更新年度\":2022,\"前年同一\":true},[{\"筆ポリゴンID\":\"09973809-02af-4774-a9df-d51df762b783\",\"更新年度\":2021,\"前年同一\":true},{\"筆ポリゴンID\":\"09973809-02af-4774-a9df-d51df762b783\",\"発生年度\":2020}]]]]","last_polygon_uuid":"cf5cd7c2-a3f8-4ed1-8a44-54ed0660a7ad","prev_last_polygon_uuid":"1ff66cbe-fb02-432a-8e68-c908f2e52349","local_government_cd":"014630","point_lng":142.445746439,"point_lat":42.937093379}},{"arcs":[[276]],"type":"Polygon","properties":{"polygon_uuid":"ee945dea-ed2e-4957-9b69-3f7d83b8e3c8","land_type":200,"issue_year":2025,"edit_year":2022,"history":"[{\"筆ポリゴンID\":\"94942d49-c64f-4445-91e1-73bc22102678\",\"更新年度\":2024,\"前年同一\":true},[{\"筆ポリゴンID\":\"d36032c2-17ba-4683-9924-a0b788026d21\",\"更新年度\":2023,\"前年同一\":true},[{\"筆ポリゴンID\":\"8cc299e6-3882-419c-8810-1f31cef1a734\",\"更新年度\":2022,\"関連\":true},[{\"筆ポリゴンID\":\"8791e09b-62d3-4ea0-bdfc-a03eeae32393\",\"更新年度\":2021,\"前年同一\":true},{\"筆ポリゴンID\":\"8791e09b-62d3-4ea0-bdfc-a03eeae32393\",\"発生年度\":2020}]]]]","last_polygon_uuid":"94942d49-c64f-4445-91e1-73bc22102678","prev_last_polygon_uuid":"d36032c2-17ba-4683-9924-a0b788026d21","local_government_cd":"014630","point_lng":142.41482299,"point_lat":43.011022393}},{"arcs":[[277]],"type":"Polygon","properties":{"polygon_uuid":"47db9cc1-d77c-4e59-a205-715dcd984684","land_type":100,"issue_year":2025,"edit_year":2021,"history":"[{\"筆ポリゴンID\":\"14ae9160-7b64-46ef-96b7-b469111f335c\",\"更新年度\":2024,\"前年同一\":true},[{\"筆ポリゴンID\":\"14779801-d2db-43e6-ac5d-6bc392a9777c\",\"更新年度\":2023,\"前年同一\":true},[{\"筆ポリゴンID\":\"0ba3ec3b-270a-485c-8277-c955626f5f71\",\"更新年度\":2022,\"前年同一\":true},[{\"筆ポリゴンID\":\"39e05ada-5f04-432c-9d4e-9f3185639a15\",\"更新年度\":2021,\"関連\":true},{\"筆ポリゴンID\":\"39e05ada-5f04-432c-9d4e-9f3185639a15\",\"発生年度\":2020}]]]]","last_polygon_uuid":"14ae9160-7b64-46ef-96b7-b469111f335c","prev_last_polygon_uuid":"14779801-d2db-43e6-ac5d-6bc392a9777c","local_government_cd":"014630","point_lng":142.439305297,"point_lat":42.949726201}},{"arcs":[[278]],"type":"Polygon","properties":{"polygon_uuid":"93c43f5a-ee73-4eda-84c3-a5ae2dbfdec9","land_type":100,"issue_year":2025,"edit_year":2020,"history":"[{\"筆ポリゴンID\":\"45eed7c1-1787-44ed-8a25-1b078c82dcd7\",\"更新年度\":2024,\"前年同一\":true},[{\"筆ポリゴンID\":\"701149ab-84da-47ff-8441-8a2bce61c83b\",\"更新年度\":2023,\"前年同一\":true},[{\"筆ポリゴンID\":\"066b4e2f-c188-4940-836f-4604ce51b9b3\",\"更新年度\":2022,\"前年同一\":true},[{\"筆ポリゴンID\":\"8d8c2c23-5cf8-47be-9e8e-415a9de849cc\",\"更新年度\":2021,\"前年同一\":true},{\"筆ポリゴンID\":\"8d8c2c23-5cf8-47be-9e8e-415a9de849cc\",\"発生年度\":2020}]]]]","last_polygon_uuid":"45eed7c1-1787-44ed-8a25-1b078c82dcd7","prev_last_polygon_uuid":"701149ab-84da-47ff-8441-8a2bce61c83b","local_government_cd":"014630","point_lng":142.439536281,"point_lat":42.950292647}},{"arcs":[[279]],"type":"Polygon","properties":{"polygon_uuid":"8f0e8676-4adf-4b4d-85ee-3688139f1983","land_type":200,"issue_year":2025,"edit_year":2020,"history":"[{\"筆ポリゴンID\":\"66e48c21-31d5-4d4d-8e52-00b4117b889b\",\"更新年度\":2024,\"前年同一\":true},[{\"筆ポリゴンID\":\"4e390402-4aeb-4251-b391-3a5fd0af2bf6\",\"更新年度\":2023,\"前年同一\":true},[{\"筆ポリゴンID\":\"bd40597a-d464-40af-8020-f8da2049feed\",\"更新年度\":2022,\"前年同一\":true},[{\"筆ポリゴンID\":\"bed7e068-ec09-4501-a42d-8f1cf5ccb5a0\",\"更新年度\":2021,\"前年同一\":true},{\"筆ポリゴンID\":\"bed7e068-ec09-4501-a42d-8f1cf5ccb5a0\",\"発生年度\":2020}]]]]","last_polygon_uuid":"66e48c21-31d5-4d4d-8e52-00b4117b889b","prev_last_polygon_uuid":"4e390402-4aeb-4251-b391-3a5fd0af2bf6","local_government_cd":"014630","point_lng":142.453002003,"point_lat":42.922198258}},{"arcs":[[280]],"type":"Polygon","properties":{"polygon_uuid":"2dabed87-626e-4a6f-bbdd-b86243c6d95d","land_type":200,"issue_year":2025,"edit_year":2020,"history":"[{\"筆ポリゴンID\":\"07804c00-60b9-44d5-9d5b-47da0b4c9146\",\"更新年度\":2024,\"前年同一\":true},[{\"筆ポリゴンID\":\"563fdc9c-1f15-4003-8f20-2b6594b3750b\",\"更新年度\":2023,\"前年同一\":true},[{\"筆ポリゴンID\":\"4f26a5db-e0d0-4a2c-8984-1bc2ebee0b08\",\"更新年度\":2022,\"前年同一\":true},[{\"筆ポリゴンID\":\"54608e1f-0246-4db3-8f0d-8cfd09dc9330\",\"更新年度\":2021,\"前年同一\":true},{\"筆ポリゴンID\":\"54608e1f-0246-4db3-8f0d-8cfd09dc9330\",\"発生年度\":2020}]]]]","last_polygon_uuid":"07804c00-60b9-44d5-9d5b-47da0b4c9146","prev_last_polygon_uuid":"563fdc9c-1f15-4003-8f20-2b6594b3750b","local_government_cd":"014630","point_lng":142.445688843,"point_lat":42.940309061}},{"arcs":[[281]],"type":"Polygon","properties":{"polygon_uuid":"584b50e9-fbe0-4444-94aa-4c5aed1349c7","land_type":200,"issue_year":2025,"edit_year":2020,"history":"[{\"筆ポリゴンID\":\"e0ec0204-d683-495e-85f1-08a57cf5d6a9\",\"更新年度\":2024,\"前年同一\":true},[{\"筆ポリゴンID\":\"99bd7c9f-6c83-43c0-bc5e-1fdc4051bec9\",\"更新年度\":2023,\"前年同一\":true},[{\"筆ポリゴンID\":\"abeb0ce5-ba70-469b-b687-067891dc52af\",\"更新年度\":2022,\"前年同一\":true},[{\"筆ポリゴンID\":\"882d6126-7889-4758-80ff-eb413b249b39\",\"更新年度\":2021,\"前年同一\":true},{\"筆ポリゴンID\":\"882d6126-7889-4758-80ff-eb413b249b39\",\"発生年度\":2020}]]]]","last_polygon_uuid":"e0ec0204-d683-495e-85f1-08a57cf5d6a9","prev_last_polygon_uuid":"99bd7c9f-6c83-43c0-bc5e-1fdc4051bec9","local_government_cd":"014630","point_lng":142.449223473,"point_lat":42.922325098}},{"arcs":[[282]],"type":"Polygon","properties":{"polygon_uuid":"099e57c7-ec51-488f-bd7f-9a7b08d3f425","land_type":200,"issue_year":2025,"edit_year":2020,"history":"[{\"筆ポリゴンID\":\"8716aac4-16d4-4505-a75d-ae01614d14b4\",\"更新年度\":2024,\"前年同一\":true},[{\"筆ポリゴンID\":\"7f13ce0e-de36-42cb-b6df-027ad512f2db\",\"更新年度\":2023,\"前年同一\":true},[{\"筆ポリゴンID\":\"f385f1f4-295f-4a3b-a2e7-b1ff9130263d\",\"更新年度\":2022,\"前年同一\":true},[{\"筆ポリゴンID\":\"bf717e47-6a7d-4db5-ba17-0ea8fbc6f792\",\"更新年度\":2021,\"前年同一\":true},{\"筆ポリゴンID\":\"bf717e47-6a7d-4db5-ba17-0ea8fbc6f792\",\"発生年度\":2020}]]]]","last_polygon_uuid":"8716aac4-16d4-4505-a75d-ae01614d14b4","prev_last_polygon_uuid":"7f13ce0e-de36-42cb-b6df-027ad512f2db","local_government_cd":"014630","point_lng":142.447181591,"point_lat":42.954285933}},{"arcs":[[283]],"type":"Polygon","properties":{"polygon_uuid":"6e83c1bf-5b06-43ea-96b5-b533fcd76c45","land_type":200,"issue_year":2025,"edit_year":2020,"history":"[{\"筆ポリゴンID\":\"9403e078-4bc5-4a89-b5f9-a0794e09ae11\",\"更新年度\":2024,\"前年同一\":true},[{\"筆ポリゴンID\":\"47e1c419-9dbf-4cfe-8f02-0b35a1a7d6bc\",\"更新年度\":2023,\"前年同一\":true},[{\"筆ポリゴンID\":\"5cb3539f-2b47-4fa5-b4d9-a9b660ba59ac\",\"更新年度\":2022,\"前年同一\":true},[{\"筆ポリゴンID\":\"469af9fd-6f96-4218-b3e3-6ac2ad6741fa\",\"更新年度\":2021,\"前年同一\":true},{\"筆ポリゴンID\":\"469af9fd-6f96-4218-b3e3-6ac2ad6741fa\",\"発生年度\":2020}]]]]","last_polygon_uuid":"9403e078-4bc5-4a89-b5f9-a0794e09ae11","prev_last_polygon_uuid":"47e1c419-9dbf-4cfe-8f02-0b35a1a7d6bc","local_government_cd":"014630","point_lng":142.447795601,"point_lat":42.955973001}},{"arcs":[[284]],"type":"Polygon","properties":{"polygon_uuid":"29e6c51a-ed8b-4ef0-a162-72446aee4e65","land_type":200,"issue_year":2025,"edit_year":2020,"history":"[{\"筆ポリゴンID\":\"22cab90a-b75c-4455-ae89-33154ac3e7c6\",\"更新年度\":2024,\"前年同一\":true},[{\"筆ポリゴンID\":\"b9827084-9d35-4e9a-ba84-7b2935604484\",\"更新年度\":2023,\"前年同一\":true},[{\"筆ポリゴンID\":\"8fd4f7bf-bc54-46c0-b3d2-0f22883f2150\",\"更新年度\":2022,\"前年同一\":true},[{\"筆ポリゴンID\":\"9d9b7a36-437c-49c8-b29a-e751e2a22598\",\"更新年度\":2021,\"前年同一\":true},{\"筆ポリゴンID\":\"9d9b7a36-437c-49c8-b29a-e751e2a22598\",\"発生年度\":2020}]]]]","last_polygon_uuid":"22cab90a-b75c-4455-ae89-33154ac3e7c6","prev_last_polygon_uuid":"b9827084-9d35-4e9a-ba84-7b2935604484","local_government_cd":"014630","point_lng":142.443599587,"point_lat":42.939570618}},{"arcs":[[285]],"type":"Polygon","properties":{"polygon_uuid":"7b3ea74f-c2a4-4d78-9180-48b6bc4017fc","land_type":100,"issue_year":2025,"edit_year":2020,"history":"[{\"筆ポリゴンID\":\"0f699d66-c70e-4048-841d-8efbca89f771\",\"更新年度\":2024,\"前年同一\":true},[{\"筆ポリゴンID\":\"0459726c-5d3d-4d49-91b5-636dab5674df\",\"更新年度\":2023,\"前年同一\":true},[{\"筆ポリゴンID\":\"5aa67b26-7d85-41fa-b882-4dfcaee3315d\",\"更新年度\":2022,\"前年同一\":true},[{\"筆ポリゴンID\":\"9abf3ca8-f0cb-4a5b-b9f9-1521b53355d6\",\"更新年度\":2021,\"前年同一\":true},{\"筆ポリゴンID\":\"9abf3ca8-f0cb-4a5b-b9f9-1521b53355d6\",\"発生年度\":2020}]]]]","last_polygon_uuid":"0f699d66-c70e-4048-841d-8efbca89f771","prev_last_polygon_uuid":"0459726c-5d3d-4d49-91b5-636dab5674df","local_government_cd":"014630","point_lng":142.451436465,"point_lat":42.956831009}},{"arcs":[[286]],"type":"Polygon","properties":{"polygon_uuid":"5dd3fcaf-fd88-4a13-840a-4111093e56cb","land_type":100,"issue_year":2025,"edit_year":2020,"history":"[{\"筆ポリゴンID\":\"cd3a78f7-d20e-4ceb-a45e-fd8899482178\",\"更新年度\":2024,\"前年同一\":true},[{\"筆ポリゴンID\":\"cdb219bb-546d-4bdb-ac52-15bbd3112d12\",\"更新年度\":2023,\"前年同一\":true},[{\"筆ポリゴンID\":\"0b600719-2746-4bed-9205-59a750d5506c\",\"更新年度\":2022,\"前年同一\":true},[{\"筆ポリゴンID\":\"ba7dc42c-af17-4ff8-b4c1-d67f937d380d\",\"更新年度\":2021,\"前年同一\":true},{\"筆ポリゴンID\":\"ba7dc42c-af17-4ff8-b4c1-d67f937d380d\",\"発生年度\":2020}]]]]","last_polygon_uuid":"cd3a78f7-d20e-4ceb-a45e-fd8899482178","prev_last_polygon_uuid":"cdb219bb-546d-4bdb-ac52-15bbd3112d12","local_government_cd":"014630","point_lng":142.456377556,"point_lat":42.95502291}},{"arcs":[[287,288,289,290]],"type":"Polygon","properties":{"polygon_uuid":"448e8622-59ee-4417-afc3-2fb5a46ee2ab","land_type":100,"issue_year":2025,"edit_year":2020,"history":"[{\"筆ポリゴンID\":\"64854b28-6fb0-4cef-b17b-71569d1cfe3a\",\"更新年度\":2024,\"前年同一\":true},[{\"筆ポリゴンID\":\"bf2c53fe-d7ca-4bcf-98ca-c3e31777bbd2\",\"更新年度\":2023,\"前年同一\":true},[{\"筆ポリゴンID\":\"6924a0e3-79f0-4074-9441-3c047ac99304\",\"更新年度\":2022,\"前年同一\":true},[{\"筆ポリゴンID\":\"4481f5c9-7af3-403c-bcd7-33060fdd6f48\",\"更新年度\":2021,\"前年同一\":true},{\"筆ポリゴンID\":\"4481f5c9-7af3-403c-bcd7-33060fdd6f48\",\"発生年度\":2020}]]]]","last_polygon_uuid":"64854b28-6fb0-4cef-b17b-71569d1cfe3a","prev_last_polygon_uuid":"bf2c53fe-d7ca-4bcf-98ca-c3e31777bbd2","local_government_cd":"014630","point_lng":142.431448068,"point_lat":42.953737806}},{"arcs":[[291]],"type":"Polygon","properties":{"polygon_uuid":"8764f166-1fe1-4b16-a3ad-fb41a3b2ad42","land_type":200,"issue_year":2025,"edit_year":2020,"history":"[{\"筆ポリゴンID\":\"7c6fea79-d13a-430b-8d4e-8480cce8d3e9\",\"更新年度\":2024,\"前年同一\":true},[{\"筆ポリゴンID\":\"4232fff3-8381-4d26-a496-76d6bda9faf2\",\"更新年度\":2023,\"前年同一\":true},[{\"筆ポリゴンID\":\"15ddd816-5afc-4147-ae02-0a1a7f740b49\",\"更新年度\":2022,\"前年同一\":true},[{\"筆ポリゴンID\":\"e2b67a0c-2b79-42f6-b2ed-6270f99063c9\",\"更新年度\":2021,\"前年同一\":true},{\"筆ポリゴンID\":\"e2b67a0c-2b79-42f6-b2ed-6270f99063c9\",\"発生年度\":2020}]]]]","last_polygon_uuid":"7c6fea79-d13a-430b-8d4e-8480cce8d3e9","prev_last_polygon_uuid":"4232fff3-8381-4d26-a496-76d6bda9faf2","local_government_cd":"014630","point_lng":142.443601476,"point_lat":42.92869814}},{"arcs":[[292]],"type":"Polygon","properties":{"polygon_uuid":"56b4daa5-769b-4f56-93f6-25296955af65","land_type":100,"issue_year":2025,"edit_year":2021,"history":"[{\"筆ポリゴンID\":\"a3afc080-8163-46cd-8b66-c9e5e8ab90f9\",\"更新年度\":2024,\"前年同一\":true},[{\"筆ポリゴンID\":\"9bb1ec9f-18a6-474b-8ac3-f42fd6112de2\",\"更新年度\":2023,\"前年同一\":true},[{\"筆ポリゴンID\":\"fb779279-c8b7-4668-bd4b-9df00fa561ab\",\"更新年度\":2022,\"前年同一\":true},[{\"筆ポリゴンID\":\"c9e36e25-ab81-4dbf-9865-4dff51256a8a\",\"更新年度\":2021,\"関連\":true},{\"筆ポリゴンID\":\"c9e36e25-ab81-4dbf-9865-4dff51256a8a\",\"発生年度\":2020}]]]]","last_polygon_uuid":"a3afc080-8163-46cd-8b66-c9e5e8ab90f9","prev_last_polygon_uuid":"9bb1ec9f-18a6-474b-8ac3-f42fd6112de2","local_government_cd":"014630","point_lng":142.434446279,"point_lat":42.949413413}},{"arcs":[[293]],"type":"Polygon","properties":{"polygon_uuid":"41bc02b1-14b4-49e2-b989-99a5c31c85a2","land_type":200,"issue_year":2025,"edit_year":2020,"history":"[{\"筆ポリゴンID\":\"cd4c03e2-e320-4808-b737-118fb074d898\",\"更新年度\":2024,\"前年同一\":true},[{\"筆ポリゴンID\":\"1be1786a-a4aa-4ae5-9f66-5c991ffb0c4a\",\"更新年度\":2023,\"前年同一\":true},[{\"筆ポリゴンID\":\"62bbf83e-180e-4c2b-9ec1-0542d1135586\",\"更新年度\":2022,\"前年同一\":true},[{\"筆ポリゴンID\":\"a8c243bf-2978-4a6d-9ea2-bf07fbc73120\",\"更新年度\":2021,\"前年同一\":true},{\"筆ポリゴンID\":\"a8c243bf-2978-4a6d-9ea2-bf07fbc73120\",\"発生年度\":2020}]]]]","last_polygon_uuid":"cd4c03e2-e320-4808-b737-118fb074d898","prev_last_polygon_uuid":"1be1786a-a4aa-4ae5-9f66-5c991ffb0c4a","local_government_cd":"014630","point_lng":142.418758467,"point_lat":43.011548893}},{"arcs":[[294,295],[296]],"type":"Polygon","properties":{"polygon_uuid":"2abb2934-5363-46f7-aef6-df0b785569b9","land_type":100,"issue_year":2025,"edit_year":2022,"history":"[{\"筆ポリゴンID\":\"a680b414-8cfd-4e9d-adfd-c46d3f3cc1fb\",\"更新年度\":2024,\"前年同一\":true},[{\"筆ポリゴンID\":\"709f35b0-5631-49bd-95ec-9ade0b501430\",\"更新年度\":2023,\"前年同一\":true},[{\"筆ポリゴンID\":\"463f7826-11ae-44e9-a627-785e1f100353\",\"更新年度\":2022,\"関連\":true},[{\"筆ポリゴンID\":\"a6d9da76-4afc-4851-b6bc-890a7738a266\",\"更新年度\":2021,\"関連\":true},{\"筆ポリゴンID\":\"a6d9da76-4afc-4851-b6bc-890a7738a266\",\"発生年度\":2020}]]]]","last_polygon_uuid":"a680b414-8cfd-4e9d-adfd-c46d3f3cc1fb","prev_last_polygon_uuid":"709f35b0-5631-49bd-95ec-9ade0b501430","local_government_cd":"014630","point_lng":142.441160183,"point_lat":42.950624811}},{"arcs":[[297]],"type":"Polygon","properties":{"polygon_uuid":"b3cb3cb8-898d-42e1-ad21-217d2e71743d","land_type":200,"issue_year":2025,"edit_year":2020,"history":"[{\"筆ポリゴンID\":\"39b1eac8-03f4-445d-ac81-0338e869f78f\",\"更新年度\":2024,\"前年同一\":true},[{\"筆ポリゴンID\":\"d9209106-2654-4fc5-9f2f-6484a70e0840\",\"更新年度\":2023,\"前年同一\":true},[{\"筆ポリゴンID\":\"6f242130-c386-4634-b1e5-62539c80ccd1\",\"更新年度\":2022,\"前年同一\":true},[{\"筆ポリゴンID\":\"d8768a22-ab84-4b09-bb16-ae86983c6808\",\"更新年度\":2021,\"前年同一\":true},{\"筆ポリゴンID\":\"d8768a22-ab84-4b09-bb16-ae86983c6808\",\"発生年度\":2020}]]]]","last_polygon_uuid":"39b1eac8-03f4-445d-ac81-0338e869f78f","prev_last_polygon_uuid":"d9209106-2654-4fc5-9f2f-6484a70e0840","local_government_cd":"014630","point_lng":142.4458616,"point_lat":42.93878644}},{"arcs":[[298]],"type":"Polygon","properties":{"polygon_uuid":"ec5c6247-e134-4700-ac40-4df94169bdff","land_type":100,"issue_year":2025,"edit_year":2021,"history":"[{\"筆ポリゴンID\":\"c60cc0e3-4e7a-455f-a763-c526a2340791\",\"更新年度\":2024,\"前年同一\":true},[{\"筆ポリゴンID\":\"c192f3e2-5f67-4744-bffb-c2956fdd7893\",\"更新年度\":2023,\"前年同一\":true},[{\"筆ポリゴンID\":\"827fe35d-59fc-4ddd-8695-99f7e85907a5\",\"更新年度\":2022,\"前年同一\":true},[{\"筆ポリゴンID\":\"d5545c89-e97d-4689-b841-085866030a6a\",\"更新年度\":2021,\"関連\":true},{\"筆ポリゴンID\":\"d5545c89-e97d-4689-b841-085866030a6a\",\"発生年度\":2020}]]]]","last_polygon_uuid":"c60cc0e3-4e7a-455f-a763-c526a2340791","prev_last_polygon_uuid":"c192f3e2-5f67-4744-bffb-c2956fdd7893","local_government_cd":"014630","point_lng":142.446392416,"point_lat":42.951299939}},{"arcs":[[299]],"type":"Polygon","properties":{"polygon_uuid":"9d114d44-c30a-4486-af71-5ecbf2fbdc0b","land_type":200,"issue_year":2025,"edit_year":2020,"history":"[{\"筆ポリゴンID\":\"201b457d-11d5-441c-8b3e-0a67d3473df0\",\"更新年度\":2024,\"前年同一\":true},[{\"筆ポリゴンID\":\"4b915073-8a55-44d3-b755-102ddf20c99a\",\"更新年度\":2023,\"前年同一\":true},[{\"筆ポリゴンID\":\"b2628803-2421-46db-9fa4-4529992b9dd7\",\"更新年度\":2022,\"前年同一\":true},[{\"筆ポリゴンID\":\"68ac75a6-73b9-48ab-bfb6-4b45c41a4b0e\",\"更新年度\":2021,\"前年同一\":true},{\"筆ポリゴンID\":\"68ac75a6-73b9-48ab-bfb6-4b45c41a4b0e\",\"発生年度\":2020}]]]]","last_polygon_uuid":"201b457d-11d5-441c-8b3e-0a67d3473df0","prev_last_polygon_uuid":"4b915073-8a55-44d3-b755-102ddf20c99a","local_government_cd":"014630","point_lng":142.44389936,"point_lat":42.950423118}},{"arcs":[[300,301,-175]],"type":"Polygon","properties":{"polygon_uuid":"1c608316-4d46-4303-ac9f-d1e3c97a2635","land_type":200,"issue_year":2025,"edit_year":2020,"history":"[{\"筆ポリゴンID\":\"e14eda60-47f7-4189-a959-abcdf43c0374\",\"更新年度\":2024,\"前年同一\":true},[{\"筆ポリゴンID\":\"0e9e4e90-efdc-4b5c-b8b1-326df696c25a\",\"更新年度\":2023,\"前年同一\":true},[{\"筆ポリゴンID\":\"687b82e0-a20a-46b1-9498-f23f982385ec\",\"更新年度\":2022,\"前年同一\":true},[{\"筆ポリゴンID\":\"8a0f315e-31ec-4f0e-a1ab-28acae7b1e10\",\"更新年度\":2021,\"前年同一\":true},{\"筆ポリゴンID\":\"8a0f315e-31ec-4f0e-a1ab-28acae7b1e10\",\"発生年度\":2020}]]]]","last_polygon_uuid":"e14eda60-47f7-4189-a959-abcdf43c0374","prev_last_polygon_uuid":"0e9e4e90-efdc-4b5c-b8b1-326df696c25a","local_government_cd":"014630","point_lng":142.46302907,"point_lat":42.956736106}},{"arcs":[[302]],"type":"Polygon","properties":{"polygon_uuid":"861358e9-606f-4639-9ef1-6172a2b01d69","land_type":200,"issue_year":2025,"edit_year":2021,"history":"[{\"筆ポリゴンID\":\"a615ab24-2dbc-4fae-8033-8ead67551804\",\"更新年度\":2024,\"前年同一\":true},[{\"筆ポリゴンID\":\"48912fca-f530-4c2f-b674-062b26e0e918\",\"更新年度\":2023,\"前年同一\":true},[{\"筆ポリゴンID\":\"2ff14fe9-fca7-4890-bdb0-3b83b0845ae7\",\"更新年度\":2022,\"前年同一\":true},{\"筆ポリゴンID\":\"2ff14fe9-fca7-4890-bdb0-3b83b0845ae7\",\"発生年度\":2021}]]]","last_polygon_uuid":"a615ab24-2dbc-4fae-8033-8ead67551804","prev_last_polygon_uuid":"48912fca-f530-4c2f-b674-062b26e0e918","local_government_cd":"014630","point_lng":142.455727578,"point_lat":42.955598971}},{"arcs":[[303]],"type":"Polygon","properties":{"polygon_uuid":"7441dec1-c46f-4c9a-825c-6c11b012b92f","land_type":100,"issue_year":2025,"edit_year":2020,"history":"[{\"筆ポリゴンID\":\"946e82b2-a867-4ef7-9885-b6243d2f8c87\",\"更新年度\":2024,\"前年同一\":true},[{\"筆ポリゴンID\":\"992b2de1-5cee-4920-a44c-b61a2d289e55\",\"更新年度\":2023,\"前年同一\":true},[{\"筆ポリゴンID\":\"a52f8e5e-bc54-4c2c-9d11-d70281889b25\",\"更新年度\":2022,\"前年同一\":true},[{\"筆ポリゴンID\":\"7e48242e-9197-4d5f-9ff7-bdd64d1c9c5e\",\"更新年度\":2021,\"前年同一\":true},{\"筆ポリゴンID\":\"7e48242e-9197-4d5f-9ff7-bdd64d1c9c5e\",\"発生年度\":2020}]]]]","last_polygon_uuid":"946e82b2-a867-4ef7-9885-b6243d2f8c87","prev_last_polygon_uuid":"992b2de1-5cee-4920-a44c-b61a2d289e55","local_government_cd":"014630","point_lng":142.443322293,"point_lat":42.941301628}},{"arcs":[[304]],"type":"Polygon","properties":{"polygon_uuid":"1c12dfec-89ac-45ca-a085-d9d110ce9d72","land_type":200,"issue_year":2025,"edit_year":2020,"history":"[{\"筆ポリゴンID\":\"da1b487c-91ed-4132-842b-a2a663fe43c1\",\"更新年度\":2024,\"前年同一\":true},[{\"筆ポリゴンID\":\"2ec1f8ea-3662-40b4-bc69-6851ec9c2e2b\",\"更新年度\":2023,\"前年同一\":true},[{\"筆ポリゴンID\":\"15c94bfb-a6cf-43b0-953a-c44c670e7ee5\",\"更新年度\":2022,\"前年同一\":true},[{\"筆ポリゴンID\":\"5acfdc2b-88d9-4885-8720-50d6825b7f8e\",\"更新年度\":2021,\"前年同一\":true},{\"筆ポリゴンID\":\"5acfdc2b-88d9-4885-8720-50d6825b7f8e\",\"発生年度\":2020}]]]]","last_polygon_uuid":"da1b487c-91ed-4132-842b-a2a663fe43c1","prev_last_polygon_uuid":"2ec1f8ea-3662-40b4-bc69-6851ec9c2e2b","local_government_cd":"014630","point_lng":142.447947738,"point_lat":42.954735389}},{"arcs":[[305]],"type":"Polygon","properties":{"polygon_uuid":"67f62c6c-b0e9-42a4-8acb-711cad999fc6","land_type":100,"issue_year":2025,"edit_year":2020,"history":"[{\"筆ポリゴンID\":\"793a9307-733a-4f8d-a4d2-b3293c8b5e7e\",\"更新年度\":2024,\"前年同一\":true},[{\"筆ポリゴンID\":\"f64a219a-17b4-4c4f-9137-d346b8052a8f\",\"更新年度\":2023,\"前年同一\":true},[{\"筆ポリゴンID\":\"037a65be-06e2-41d8-badb-a6f44a9094d1\",\"更新年度\":2022,\"前年同一\":true},[{\"筆ポリゴンID\":\"c970ca74-b958-4923-aa66-987042eb4b46\",\"更新年度\":2021,\"前年同一\":true},{\"筆ポリゴンID\":\"c970ca74-b958-4923-aa66-987042eb4b46\",\"発生年度\":2020}]]]]","last_polygon_uuid":"793a9307-733a-4f8d-a4d2-b3293c8b5e7e","prev_last_polygon_uuid":"f64a219a-17b4-4c4f-9137-d346b8052a8f","local_government_cd":"014630","point_lng":142.442369759,"point_lat":42.94402306}},{"arcs":[[306]],"type":"Polygon","properties":{"polygon_uuid":"66dd3435-01be-491b-a7fb-3309874d0c37","land_type":100,"issue_year":2025,"edit_year":2020,"history":"[{\"筆ポリゴンID\":\"2f307ef8-5a88-4f26-9c66-6b44b29d99ca\",\"更新年度\":2024,\"前年同一\":true},[{\"筆ポリゴンID\":\"0742a5f8-406c-4edc-a06d-bad1ebde7bc7\",\"更新年度\":2023,\"前年同一\":true},[{\"筆ポリゴンID\":\"c09c9713-691d-42a5-ba12-c8f7d93bae64\",\"更新年度\":2022,\"前年同一\":true},[{\"筆ポリゴンID\":\"471dbb87-af43-4674-9956-9059493e7320\",\"更新年度\":2021,\"前年同一\":true},{\"筆ポリゴンID\":\"471dbb87-af43-4674-9956-9059493e7320\",\"発生年度\":2020}]]]]","last_polygon_uuid":"2f307ef8-5a88-4f26-9c66-6b44b29d99ca","prev_last_polygon_uuid":"0742a5f8-406c-4edc-a06d-bad1ebde7bc7","local_government_cd":"014630","point_lng":142.450922811,"point_lat":42.957758898}},{"arcs":[[307]],"type":"Polygon","properties":{"polygon_uuid":"cbe1a155-5d29-4e51-8bf9-05e42e72789d","land_type":200,"issue_year":2025,"edit_year":2020,"history":"[{\"筆ポリゴンID\":\"b135062c-7d9d-4e0f-b125-59df6fad4a6f\",\"更新年度\":2024,\"前年同一\":true},[{\"筆ポリゴンID\":\"0f55a2f7-9ce3-4c9f-84cd-dc6df6ae5885\",\"更新年度\":2023,\"前年同一\":true},[{\"筆ポリゴンID\":\"6ca3ea0a-a820-4965-ad1d-986e83293a14\",\"更新年度\":2022,\"前年同一\":true},[{\"筆ポリゴンID\":\"2f0c7e52-c166-4c6e-984a-9e8317041ada\",\"更新年度\":2021,\"前年同一\":true},{\"筆ポリゴンID\":\"2f0c7e52-c166-4c6e-984a-9e8317041ada\",\"発生年度\":2020}]]]]","last_polygon_uuid":"b135062c-7d9d-4e0f-b125-59df6fad4a6f","prev_last_polygon_uuid":"0f55a2f7-9ce3-4c9f-84cd-dc6df6ae5885","local_government_cd":"014630","point_lng":142.454346271,"point_lat":42.922081}},{"arcs":[[308,309]],"type":"Polygon","properties":{"polygon_uuid":"e6e9640c-8f3c-47d1-b86f-ecc4ec3d0051","land_type":100,"issue_year":2025,"edit_year":2020,"history":"[{\"筆ポリゴンID\":\"7b7b2e30-c3e4-40d9-a259-df15daa8afa7\",\"更新年度\":2024,\"前年同一\":true},[{\"筆ポリゴンID\":\"4f4d75e1-60c6-46ae-a554-d9777101375c\",\"更新年度\":2023,\"前年同一\":true},[{\"筆ポリゴンID\":\"b834fd4a-554f-4bf9-bc75-d83cc77c801a\",\"更新年度\":2022,\"前年同一\":true},[{\"筆ポリゴンID\":\"98cf2a62-cdea-4185-be4c-6e8e05faac8e\",\"更新年度\":2021,\"前年同一\":true},{\"筆ポリゴンID\":\"98cf2a62-cdea-4185-be4c-6e8e05faac8e\",\"発生年度\":2020}]]]]","last_polygon_uuid":"7b7b2e30-c3e4-40d9-a259-df15daa8afa7","prev_last_polygon_uuid":"4f4d75e1-60c6-46ae-a554-d9777101375c","local_government_cd":"014630","point_lng":142.427823282,"point_lat":42.954557842}},{"arcs":[[310]],"type":"Polygon","properties":{"polygon_uuid":"6a2c03ae-8865-4b67-b42c-aed3577358d8","land_type":100,"issue_year":2025,"edit_year":2020,"history":"[{\"筆ポリゴンID\":\"3bdf06ef-f704-4865-a72b-5a0e9e7f20b6\",\"更新年度\":2024,\"前年同一\":true},[{\"筆ポリゴンID\":\"409d58a6-272c-4369-bd26-7c19fbbcc525\",\"更新年度\":2023,\"前年同一\":true},[{\"筆ポリゴンID\":\"676b8385-98ef-4fe2-a7b9-071f4482486b\",\"更新年度\":2022,\"前年同一\":true},[{\"筆ポリゴンID\":\"caaf9f9d-9bde-41a3-b823-8660f455cb42\",\"更新年度\":2021,\"前年同一\":true},{\"筆ポリゴンID\":\"caaf9f9d-9bde-41a3-b823-8660f455cb42\",\"発生年度\":2020}]]]]","last_polygon_uuid":"3bdf06ef-f704-4865-a72b-5a0e9e7f20b6","prev_last_polygon_uuid":"409d58a6-272c-4369-bd26-7c19fbbcc525","local_government_cd":"014630","point_lng":142.425332848,"point_lat":42.959188246}},{"arcs":[[311]],"type":"Polygon","properties":{"polygon_uuid":"efb060a0-8766-487d-af4f-fd65e9ceb464","land_type":200,"issue_year":2025,"edit_year":2020,"history":"[{\"筆ポリゴンID\":\"25514ba5-713b-4983-8aca-2cc7b9cfae51\",\"更新年度\":2024,\"前年同一\":true},[{\"筆ポリゴンID\":\"d0451993-6e13-400d-a395-86abe778f31d\",\"更新年度\":2023,\"前年同一\":true},[{\"筆ポリゴンID\":\"0ffb76bc-739d-4d5c-bd82-4de2cd4d0ee4\",\"更新年度\":2022,\"前年同一\":true},[{\"筆ポリゴンID\":\"0d4c5566-bfc3-45c8-850f-1762337ba355\",\"更新年度\":2021,\"前年同一\":true},{\"筆ポリゴンID\":\"0d4c5566-bfc3-45c8-850f-1762337ba355\",\"発生年度\":2020}]]]]","last_polygon_uuid":"25514ba5-713b-4983-8aca-2cc7b9cfae51","prev_last_polygon_uuid":"d0451993-6e13-400d-a395-86abe778f31d","local_government_cd":"014630","point_lng":142.447957517,"point_lat":42.921867825}},{"arcs":[[312,313]],"type":"Polygon","properties":{"polygon_uuid":"03909aed-521e-48b2-8458-c2af561b1b24","land_type":100,"issue_year":2025,"edit_year":2020,"history":"[{\"筆ポリゴンID\":\"f3da9757-bb09-4ae6-b731-ac8d4b46fd84\",\"更新年度\":2024,\"前年同一\":true},[{\"筆ポリゴンID\":\"bbaf3f63-0a69-40c1-aa24-4f81bad363bd\",\"更新年度\":2023,\"前年同一\":true},[{\"筆ポリゴンID\":\"0b9df318-9709-4ea7-9fca-068889175a4f\",\"更新年度\":2022,\"前年同一\":true},[{\"筆ポリゴンID\":\"25a44c3c-d6f3-45f0-9a0b-3754a7791194\",\"更新年度\":2021,\"前年同一\":true},{\"筆ポリゴンID\":\"25a44c3c-d6f3-45f0-9a0b-3754a7791194\",\"発生年度\":2020}]]]]","last_polygon_uuid":"f3da9757-bb09-4ae6-b731-ac8d4b46fd84","prev_last_polygon_uuid":"bbaf3f63-0a69-40c1-aa24-4f81bad363bd","local_government_cd":"014630","point_lng":142.461916249,"point_lat":42.957411489}},{"arcs":[[314,315]],"type":"Polygon","properties":{"polygon_uuid":"6353c732-8c10-4b47-b96f-f7be356a3155","land_type":100,"issue_year":2025,"edit_year":2020,"history":"[{\"筆ポリゴンID\":\"93e569bd-3876-46ee-8fde-47d4decfaa0e\",\"更新年度\":2024,\"前年同一\":true},[{\"筆ポリゴンID\":\"5890591d-a280-403e-b075-c765bf93d0b4\",\"更新年度\":2023,\"前年同一\":true},[{\"筆ポリゴンID\":\"9905716d-0b07-4738-bf2f-0c7e867dd9df\",\"更新年度\":2022,\"前年同一\":true},[{\"筆ポリゴンID\":\"a9d818c2-5977-44aa-9dd1-b2db9df402c9\",\"更新年度\":2021,\"前年同一\":true},{\"筆ポリゴンID\":\"a9d818c2-5977-44aa-9dd1-b2db9df402c9\",\"発生年度\":2020}]]]]","last_polygon_uuid":"93e569bd-3876-46ee-8fde-47d4decfaa0e","prev_last_polygon_uuid":"5890591d-a280-403e-b075-c765bf93d0b4","local_government_cd":"014630","point_lng":142.449694599,"point_lat":42.95273756}},{"arcs":[[316]],"type":"Polygon","properties":{"polygon_uuid":"2105b85f-10bb-48fd-b4d0-e5e8518a8f64","land_type":100,"issue_year":2025,"edit_year":2020,"history":"[{\"筆ポリゴンID\":\"af13c469-bc00-4a47-a075-ef9b39516531\",\"更新年度\":2024,\"前年同一\":true},[{\"筆ポリゴンID\":\"b4d6ffa1-d4e7-4645-9b46-42e05a0368a4\",\"更新年度\":2023,\"前年同一\":true},[{\"筆ポリゴンID\":\"cc9aed7f-d664-4ef5-bd11-e5086f69ef36\",\"更新年度\":2022,\"前年同一\":true},[{\"筆ポリゴンID\":\"f2678a6b-7dbe-4701-af83-6b640872bc06\",\"更新年度\":2021,\"前年同一\":true},{\"筆ポリゴンID\":\"f2678a6b-7dbe-4701-af83-6b640872bc06\",\"発生年度\":2020}]]]]","last_polygon_uuid":"af13c469-bc00-4a47-a075-ef9b39516531","prev_last_polygon_uuid":"b4d6ffa1-d4e7-4645-9b46-42e05a0368a4","local_government_cd":"014630","point_lng":142.415869464,"point_lat":43.007562373}},{"arcs":[[317]],"type":"Polygon","properties":{"polygon_uuid":"4d75f633-694b-4e52-acbb-526a12384b9c","land_type":100,"issue_year":2025,"edit_year":2020,"history":"[{\"筆ポリゴンID\":\"67f99609-d829-4925-a910-6cbcb9a8be34\",\"更新年度\":2024,\"前年同一\":true},[{\"筆ポリゴンID\":\"8a6cec97-d8bc-41e1-a6d6-adbc45617489\",\"更新年度\":2023,\"前年同一\":true},[{\"筆ポリゴンID\":\"a6669ed0-433b-4ec0-91b5-3a7fa0a5163b\",\"更新年度\":2022,\"前年同一\":true},[{\"筆ポリゴンID\":\"c6f3c6ba-0030-44a5-aa5b-ca200eeb6832\",\"更新年度\":2021,\"前年同一\":true},{\"筆ポリゴンID\":\"c6f3c6ba-0030-44a5-aa5b-ca200eeb6832\",\"発生年度\":2020}]]]]","last_polygon_uuid":"67f99609-d829-4925-a910-6cbcb9a8be34","prev_last_polygon_uuid":"8a6cec97-d8bc-41e1-a6d6-adbc45617489","local_government_cd":"014630","point_lng":142.459437207,"point_lat":42.95553595}},{"arcs":[[-270,318]],"type":"Polygon","properties":{"polygon_uuid":"38dbc838-3ea6-45bc-928b-e28ed1063ab8","land_type":200,"issue_year":2025,"edit_year":2020,"history":"[{\"筆ポリゴンID\":\"07ad8913-8a15-4b14-a3f2-6d9cd62133d5\",\"更新年度\":2024,\"前年同一\":true},[{\"筆ポリゴンID\":\"e7434f03-7d17-49d9-b85d-077518eb2b9b\",\"更新年度\":2023,\"前年同一\":true},[{\"筆ポリゴンID\":\"bb99b90f-18bf-45ec-ae78-b73f7fbbdc2c\",\"更新年度\":2022,\"前年同一\":true},[{\"筆ポリゴンID\":\"19617f00-21c9-4605-a195-3600692a5b71\",\"更新年度\":2021,\"前年同一\":true},{\"筆ポリゴンID\":\"19617f00-21c9-4605-a195-3600692a5b71\",\"発生年度\":2020}]]]]","last_polygon_uuid":"07ad8913-8a15-4b14-a3f2-6d9cd62133d5","prev_last_polygon_uuid":"e7434f03-7d17-49d9-b85d-077518eb2b9b","local_government_cd":"014630","point_lng":142.457011742,"point_lat":42.957779317}},{"arcs":[[-314,319]],"type":"Polygon","properties":{"polygon_uuid":"e8618c26-cf67-4021-8c22-229ee52c9433","land_type":100,"issue_year":2025,"edit_year":2020,"history":"[{\"筆ポリゴンID\":\"8d5d2f14-93a9-449a-99f6-5d0918dde50e\",\"更新年度\":2024,\"前年同一\":true},[{\"筆ポリゴンID\":\"d243d470-1fe2-4148-9458-e0e4e81d7a12\",\"更新年度\":2023,\"前年同一\":true},[{\"筆ポリゴンID\":\"269aef0e-9dfb-4b6d-bb18-91d20b132f8e\",\"更新年度\":2022,\"前年同一\":true},[{\"筆ポリゴンID\":\"f6162fbf-597e-4da2-b62f-59cab44ef3b8\",\"更新年度\":2021,\"前年同一\":true},{\"筆ポリゴンID\":\"f6162fbf-597e-4da2-b62f-59cab44ef3b8\",\"発生年度\":2020}]]]]","last_polygon_uuid":"8d5d2f14-93a9-449a-99f6-5d0918dde50e","prev_last_polygon_uuid":"d243d470-1fe2-4148-9458-e0e4e81d7a12","local_government_cd":"014630","point_lng":142.460986724,"point_lat":42.958026109}},{"arcs":[[320]],"type":"Polygon","properties":{"polygon_uuid":"5038c071-38e3-48b7-80e1-213390ea41b6","land_type":200,"issue_year":2025,"edit_year":2020,"history":"[{\"筆ポリゴンID\":\"b9bfe91a-0452-4f48-914c-2b1696a55010\",\"更新年度\":2024,\"前年同一\":true},[{\"筆ポリゴンID\":\"25b47d1a-85a2-4640-8b94-78f34e68615e\",\"更新年度\":2023,\"前年同一\":true},[{\"筆ポリゴンID\":\"14879603-2553-4a43-8bb5-a26b827f4340\",\"更新年度\":2022,\"前年同一\":true},[{\"筆ポリゴンID\":\"d28d5f9d-7640-4f15-8501-90ba15b12c79\",\"更新年度\":2021,\"前年同一\":true},{\"筆ポリゴンID\":\"d28d5f9d-7640-4f15-8501-90ba15b12c79\",\"発生年度\":2020}]]]]","last_polygon_uuid":"b9bfe91a-0452-4f48-914c-2b1696a55010","prev_last_polygon_uuid":"25b47d1a-85a2-4640-8b94-78f34e68615e","local_government_cd":"014630","point_lng":142.431032913,"point_lat":43.016996537}},{"arcs":[[321]],"type":"Polygon","properties":{"polygon_uuid":"f8b35713-76dd-4269-bb2b-91bb86214845","land_type":200,"issue_year":2025,"edit_year":2020,"history":"[{\"筆ポリゴンID\":\"360a9c0a-4f82-4dc1-807a-3a2a86ff7a91\",\"更新年度\":2024,\"前年同一\":true},[{\"筆ポリゴンID\":\"4af957f2-d3e3-47d9-9ac7-3700ce1123b6\",\"更新年度\":2023,\"前年同一\":true},[{\"筆ポリゴンID\":\"70367600-519b-4764-ab0f-3d9ebdf786a2\",\"更新年度\":2022,\"前年同一\":true},[{\"筆ポリゴンID\":\"97f8d01f-24a0-4d0c-8a78-b3f835a9a030\",\"更新年度\":2021,\"前年同一\":true},{\"筆ポリゴンID\":\"97f8d01f-24a0-4d0c-8a78-b3f835a9a030\",\"発生年度\":2020}]]]]","last_polygon_uuid":"360a9c0a-4f82-4dc1-807a-3a2a86ff7a91","prev_last_polygon_uuid":"4af957f2-d3e3-47d9-9ac7-3700ce1123b6","local_government_cd":"014630","point_lng":142.42358575,"point_lat":42.957505779}},{"arcs":[[322,-256,323,-295]],"type":"Polygon","properties":{"polygon_uuid":"49b006a6-1d53-46f9-983e-baca75dc179c","land_type":200,"issue_year":2025,"edit_year":2020,"history":"[{\"筆ポリゴンID\":\"2581c255-5783-4a5b-b339-81f671426348\",\"更新年度\":2024,\"前年同一\":true},[{\"筆ポリゴンID\":\"cc1ee880-395b-4587-9ae1-e7c64003eade\",\"更新年度\":2023,\"前年同一\":true},[{\"筆ポリゴンID\":\"d2cf3284-d904-4d94-a383-77bba0b9dbb7\",\"更新年度\":2022,\"前年同一\":true},[{\"筆ポリゴンID\":\"8d6e0d20-9bed-4564-9866-8bd18bc504f8\",\"更新年度\":2021,\"前年同一\":true},{\"筆ポリゴンID\":\"8d6e0d20-9bed-4564-9866-8bd18bc504f8\",\"発生年度\":2020}]]]]","last_polygon_uuid":"2581c255-5783-4a5b-b339-81f671426348","prev_last_polygon_uuid":"cc1ee880-395b-4587-9ae1-e7c64003eade","local_government_cd":"014630","point_lng":142.441597182,"point_lat":42.951088827}},{"arcs":[[324,-271,-258]],"type":"Polygon","properties":{"polygon_uuid":"ee0cf6af-1993-406e-b0bd-0697ddb1f918","land_type":200,"issue_year":2025,"edit_year":2021,"history":"[{\"筆ポリゴンID\":\"3790f6c6-a520-4b3b-a1af-0d2667bb482e\",\"更新年度\":2024,\"前年同一\":true},[{\"筆ポリゴンID\":\"f2bbb9ac-8a43-4d97-bac0-45321b654648\",\"更新年度\":2023,\"前年同一\":true},[{\"筆ポリゴンID\":\"c1bf5610-87bf-450b-ada1-2a235ac5497d\",\"更新年度\":2022,\"前年同一\":true},[[{\"筆ポリゴンID\":\"c6640510-c3a8-41da-a64b-8bf426c7845d\",\"更新年度\":2021,\"関連\":true},{\"筆ポリゴンID\":\"c6640510-c3a8-41da-a64b-8bf426c7845d\",\"発生年度\":2020}],[{\"筆ポリゴンID\":\"af3d21b6-3e7f-4458-9699-a030cd2ef417\",\"更新年度\":2021,\"関連\":true},{\"筆ポリゴンID\":\"af3d21b6-3e7f-4458-9699-a030cd2ef417\",\"発生年度\":2020}]]]]]","last_polygon_uuid":"3790f6c6-a520-4b3b-a1af-0d2667bb482e","prev_last_polygon_uuid":"f2bbb9ac-8a43-4d97-bac0-45321b654648","local_government_cd":"014630","point_lng":142.441742684,"point_lat":42.953171263}},{"arcs":[[-291,325]],"type":"Polygon","properties":{"polygon_uuid":"f3b07978-51b5-4489-a248-4d683b24f190","land_type":100,"issue_year":2025,"edit_year":2020,"history":"[{\"筆ポリゴンID\":\"6ab19738-e901-4e44-a0c6-2be7de9302e8\",\"更新年度\":2024,\"前年同一\":true},[{\"筆ポリゴンID\":\"da9ce90f-c37e-492d-899b-292a38a1ac55\",\"更新年度\":2023,\"前年同一\":true},[{\"筆ポリゴンID\":\"1fdab1d2-29e7-41f7-827b-752242edf4b3\",\"更新年度\":2022,\"前年同一\":true},[{\"筆ポリゴンID\":\"f49057f6-bc86-4da3-9ae4-8174be21b2d8\",\"更新年度\":2021,\"前年同一\":true},{\"筆ポリゴンID\":\"f49057f6-bc86-4da3-9ae4-8174be21b2d8\",\"発生年度\":2020}]]]]","last_polygon_uuid":"6ab19738-e901-4e44-a0c6-2be7de9302e8","prev_last_polygon_uuid":"da9ce90f-c37e-492d-899b-292a38a1ac55","local_government_cd":"014630","point_lng":142.430649135,"point_lat":42.954081233}},{"arcs":[[326,-315]],"type":"Polygon","properties":{"polygon_uuid":"ddc2cb27-0d55-453a-bd53-40b0d285724b","land_type":100,"issue_year":2025,"edit_year":2020,"history":"[{\"筆ポリゴンID\":\"1e74f8e7-831c-4c9b-848d-ba1a6039fcc7\",\"更新年度\":2024,\"前年同一\":true},[{\"筆ポリゴンID\":\"b9ba1743-be8f-49b5-971a-92fc0ed2f778\",\"更新年度\":2023,\"前年同一\":true},[{\"筆ポリゴンID\":\"ce2a7c7b-3eba-4836-9560-5f3db81a934d\",\"更新年度\":2022,\"前年同一\":true},[{\"筆ポリゴンID\":\"dbad2e61-38f1-4b18-bce1-f36caa0db01d\",\"更新年度\":2021,\"前年同一\":true},{\"筆ポリゴンID\":\"dbad2e61-38f1-4b18-bce1-f36caa0db01d\",\"発生年度\":2020}]]]]","last_polygon_uuid":"1e74f8e7-831c-4c9b-848d-ba1a6039fcc7","prev_last_polygon_uuid":"b9ba1743-be8f-49b5-971a-92fc0ed2f778","local_government_cd":"014630","point_lng":142.451004234,"point_lat":42.953161568}},{"arcs":[[327,-289]],"type":"Polygon","properties":{"polygon_uuid":"2ce0a633-8a41-4c89-bd97-f382f797462e","land_type":100,"issue_year":2025,"edit_year":2020,"history":"[{\"筆ポリゴンID\":\"b4f56549-5af9-4649-9f49-c0a46dd2863f\",\"更新年度\":2024,\"前年同一\":true},[{\"筆ポリゴンID\":\"d3d28ed6-2b68-4d4d-9386-1c361fd1b791\",\"更新年度\":2023,\"前年同一\":true},[{\"筆ポリゴンID\":\"b768abf8-fa35-437c-ba0e-60beda768862\",\"更新年度\":2022,\"前年同一\":true},[{\"筆ポリゴンID\":\"b5ccc82f-24db-46a1-a13e-a55ac58f7c73\",\"更新年度\":2021,\"前年同一\":true},{\"筆ポリゴンID\":\"b5ccc82f-24db-46a1-a13e-a55ac58f7c73\",\"発生年度\":2020}]]]]","last_polygon_uuid":"b4f56549-5af9-4649-9f49-c0a46dd2863f","prev_last_polygon_uuid":"d3d28ed6-2b68-4d4d-9386-1c361fd1b791","local_government_cd":"014630","point_lng":142.432531361,"point_lat":42.953447173}},{"arcs":[[328]],"type":"Polygon","properties":{"polygon_uuid":"c8f7c944-2496-404d-be99-53d779347865","land_type":200,"issue_year":2025,"edit_year":2020,"history":"[{\"筆ポリゴンID\":\"737f641b-a91c-4584-8d87-bd175a8ddbe7\",\"更新年度\":2024,\"前年同一\":true},[{\"筆ポリゴンID\":\"bb7df04a-e75b-479f-ada0-f7f1670e2440\",\"更新年度\":2023,\"前年同一\":true},[{\"筆ポリゴンID\":\"3f0878dd-c8ed-429a-ace1-33161a36b492\",\"更新年度\":2022,\"前年同一\":true},[{\"筆ポリゴンID\":\"3499ac9f-71da-4d61-b29d-b592ce2630e9\",\"更新年度\":2021,\"前年同一\":true},{\"筆ポリゴンID\":\"3499ac9f-71da-4d61-b29d-b592ce2630e9\",\"発生年度\":2020}]]]]","last_polygon_uuid":"737f641b-a91c-4584-8d87-bd175a8ddbe7","prev_last_polygon_uuid":"bb7df04a-e75b-479f-ada0-f7f1670e2440","local_government_cd":"014630","point_lng":142.458658041,"point_lat":42.956281622}},{"arcs":[[329]],"type":"Polygon","properties":{"polygon_uuid":"df431112-7ec1-44c7-966e-cfda91c5ec6d","land_type":200,"issue_year":2025,"edit_year":2020,"history":"[{\"筆ポリゴンID\":\"f25341cc-8c49-4b6d-be95-b01b1e14d0c8\",\"更新年度\":2024,\"前年同一\":true},[{\"筆ポリゴンID\":\"128b76ad-3110-4d92-90c4-2e863eb72923\",\"更新年度\":2023,\"前年同一\":true},[{\"筆ポリゴンID\":\"dc3d7e30-9c95-4899-a75b-94282553795e\",\"更新年度\":2022,\"前年同一\":true},[{\"筆ポリゴンID\":\"08585f1d-aca3-4f95-ba9a-319d05947d76\",\"更新年度\":2021,\"前年同一\":true},{\"筆ポリゴンID\":\"08585f1d-aca3-4f95-ba9a-319d05947d76\",\"発生年度\":2020}]]]]","last_polygon_uuid":"f25341cc-8c49-4b6d-be95-b01b1e14d0c8","prev_last_polygon_uuid":"128b76ad-3110-4d92-90c4-2e863eb72923","local_government_cd":"014630","point_lng":142.424411058,"point_lat":42.967380966}},{"arcs":[[330],[331]],"type":"Polygon","properties":{"polygon_uuid":"0c1d4407-9322-4be9-b1d9-aa6bfc185418","land_type":200,"issue_year":2025,"edit_year":2022,"history":"[{\"筆ポリゴンID\":\"befecb0e-7b43-4462-8d97-c2fa8a074029\",\"更新年度\":2024,\"前年同一\":true},[{\"筆ポリゴンID\":\"6834e2bc-de20-4e0f-ad16-5058d22fa505\",\"更新年度\":2023,\"前年同一\":true},[{\"筆ポリゴンID\":\"e26b6483-694f-4b0a-b914-28b6d5b9cd09\",\"更新年度\":2022,\"関連\":true},[{\"筆ポリゴンID\":\"cb95e790-a3b2-47d7-a696-e9e72eb6487d\",\"更新年度\":2021,\"前年同一\":true},{\"筆ポリゴンID\":\"cb95e790-a3b2-47d7-a696-e9e72eb6487d\",\"発生年度\":2020}]]]]","last_polygon_uuid":"befecb0e-7b43-4462-8d97-c2fa8a074029","prev_last_polygon_uuid":"6834e2bc-de20-4e0f-ad16-5058d22fa505","local_government_cd":"014630","point_lng":142.415472937,"point_lat":43.004049203}},{"arcs":[[332]],"type":"Polygon","properties":{"polygon_uuid":"4bedb333-2d3b-4737-b9d1-4a5519598316","land_type":200,"issue_year":2025,"edit_year":2020,"history":"[{\"筆ポリゴンID\":\"d7efcdc6-3bcc-462b-a4cf-516d4745a3ab\",\"更新年度\":2024,\"前年同一\":true},[{\"筆ポリゴンID\":\"01b6518c-0445-43ae-be86-5ee47a5f7dd5\",\"更新年度\":2023,\"前年同一\":true},[{\"筆ポリゴンID\":\"de7cd77d-ac10-49de-af26-f40aae047dbc\",\"更新年度\":2022,\"前年同一\":true},[{\"筆ポリゴンID\":\"72af9567-068f-4137-be11-5609716b9322\",\"更新年度\":2021,\"前年同一\":true},{\"筆ポリゴンID\":\"72af9567-068f-4137-be11-5609716b9322\",\"発生年度\":2020}]]]]","last_polygon_uuid":"d7efcdc6-3bcc-462b-a4cf-516d4745a3ab","prev_last_polygon_uuid":"01b6518c-0445-43ae-be86-5ee47a5f7dd5","local_government_cd":"014630","point_lng":142.417292198,"point_lat":43.008639909}},{"arcs":[[-241,333]],"type":"Polygon","properties":{"polygon_uuid":"38d0c344-e205-4eaf-a763-73943022e347","land_type":100,"issue_year":2025,"edit_year":2020,"history":"[{\"筆ポリゴンID\":\"896fc229-9e7e-4ef0-a045-5543a7795a76\",\"更新年度\":2024,\"前年同一\":true},[{\"筆ポリゴンID\":\"ad548125-c25f-49a3-89bc-455c1a641312\",\"更新年度\":2023,\"前年同一\":true},[{\"筆ポリゴンID\":\"4f0690db-e87f-4a87-b2e8-e64b8564d4a0\",\"更新年度\":2022,\"前年同一\":true},[{\"筆ポリゴンID\":\"c62aa438-1f2b-47d5-a63a-86b9f706d55a\",\"更新年度\":2021,\"前年同一\":true},{\"筆ポリゴンID\":\"c62aa438-1f2b-47d5-a63a-86b9f706d55a\",\"発生年度\":2020}]]]]","last_polygon_uuid":"896fc229-9e7e-4ef0-a045-5543a7795a76","prev_last_polygon_uuid":"ad548125-c25f-49a3-89bc-455c1a641312","local_government_cd":"014630","point_lng":142.453803764,"point_lat":42.957789668}},{"arcs":[[-211,334]],"type":"Polygon","properties":{"polygon_uuid":"4c67fed8-3ae5-49ba-bed5-afdc7f96f485","land_type":200,"issue_year":2025,"edit_year":2020,"history":"[{\"筆ポリゴンID\":\"95bfa396-14f3-49a5-b114-2991b579a729\",\"更新年度\":2024,\"前年同一\":true},[{\"筆ポリゴンID\":\"a3038dce-bf45-40f6-affe-cfe7ee3a3a89\",\"更新年度\":2023,\"前年同一\":true},[{\"筆ポリゴンID\":\"1825cc77-367b-418d-9c82-9c529d3494d9\",\"更新年度\":2022,\"前年同一\":true},[{\"筆ポリゴンID\":\"ee7a95ed-d14b-4a22-bcfc-0874e84b4e95\",\"更新年度\":2021,\"前年同一\":true},{\"筆ポリゴンID\":\"ee7a95ed-d14b-4a22-bcfc-0874e84b4e95\",\"発生年度\":2020}]]]]","last_polygon_uuid":"95bfa396-14f3-49a5-b114-2991b579a729","prev_last_polygon_uuid":"a3038dce-bf45-40f6-affe-cfe7ee3a3a89","local_government_cd":"014630","point_lng":142.454455145,"point_lat":42.95675574}},{"arcs":[[335]],"type":"Polygon","properties":{"polygon_uuid":"28a73e0f-21c1-43be-846f-9c3e4e9c9263","land_type":200,"issue_year":2025,"edit_year":2020,"history":"[{\"筆ポリゴンID\":\"29a34073-1fa4-4eab-87b6-d99b2cafcc60\",\"更新年度\":2024,\"前年同一\":true},[{\"筆ポリゴンID\":\"99170117-7e14-4c65-b14f-79b71f22d718\",\"更新年度\":2023,\"前年同一\":true},[{\"筆ポリゴンID\":\"12627ae7-c833-4235-8387-f60eff8e7e3f\",\"更新年度\":2022,\"前年同一\":true},[{\"筆ポリゴンID\":\"c70836a4-1538-4808-a827-042b1593fd78\",\"更新年度\":2021,\"前年同一\":true},{\"筆ポリゴンID\":\"c70836a4-1538-4808-a827-042b1593fd78\",\"発生年度\":2020}]]]]","last_polygon_uuid":"29a34073-1fa4-4eab-87b6-d99b2cafcc60","prev_last_polygon_uuid":"99170117-7e14-4c65-b14f-79b71f22d718","local_government_cd":"014630","point_lng":142.423475715,"point_lat":42.958887179}},{"arcs":[[336]],"type":"Polygon","properties":{"polygon_uuid":"6eea02a0-f41a-4cd1-9f58-d51a4ef76f25","land_type":200,"issue_year":2025,"edit_year":2022,"history":"[{\"筆ポリゴンID\":\"e7213e9f-1737-47d1-8325-aedb949b3c56\",\"更新年度\":2024,\"前年同一\":true},[{\"筆ポリゴンID\":\"6bd7e4c2-7cb7-49ee-a60d-19c4eebbc9c0\",\"更新年度\":2023,\"前年同一\":true},[{\"筆ポリゴンID\":\"852fd81a-5a6d-4fb7-bcd9-d7c129b65931\",\"更新年度\":2022,\"関連\":true},[{\"筆ポリゴンID\":\"3e2737ee-b8a4-46e5-996b-68e9a4b84eed\",\"更新年度\":2021,\"関連\":true},{\"筆ポリゴンID\":\"3e2737ee-b8a4-46e5-996b-68e9a4b84eed\",\"発生年度\":2020}]]]]","last_polygon_uuid":"e7213e9f-1737-47d1-8325-aedb949b3c56","prev_last_polygon_uuid":"6bd7e4c2-7cb7-49ee-a60d-19c4eebbc9c0","local_government_cd":"014630","point_lng":142.436242161,"point_lat":43.020546339}},{"arcs":[[337]],"type":"Polygon","properties":{"polygon_uuid":"f11a6c79-271f-4f38-9098-39226deee02b","land_type":200,"issue_year":2025,"edit_year":2020,"history":"[{\"筆ポリゴンID\":\"585130bb-1f22-47cb-a0b8-1f0eb2e79f8d\",\"更新年度\":2024,\"前年同一\":true},[{\"筆ポリゴンID\":\"dbed6669-5782-463a-ba74-4707a00daa12\",\"更新年度\":2023,\"前年同一\":true},[{\"筆ポリゴンID\":\"a5c0e5ae-5103-4ba4-a9db-2fac75c0bff1\",\"更新年度\":2022,\"前年同一\":true},[{\"筆ポリゴンID\":\"f80e8a68-27d2-48f2-806f-32c7eb4ce569\",\"更新年度\":2021,\"前年同一\":true},{\"筆ポリゴンID\":\"f80e8a68-27d2-48f2-806f-32c7eb4ce569\",\"発生年度\":2020}]]]]","last_polygon_uuid":"585130bb-1f22-47cb-a0b8-1f0eb2e79f8d","prev_last_polygon_uuid":"dbed6669-5782-463a-ba74-4707a00daa12","local_government_cd":"014630","point_lng":142.432702114,"point_lat":43.014920335}},{"arcs":[[-228,338]],"type":"Polygon","properties":{"polygon_uuid":"7e0ffcd1-bcf5-4c12-add8-25e2bfe719e2","land_type":100,"issue_year":2025,"edit_year":2020,"history":"[{\"筆ポリゴンID\":\"84832de6-3535-4448-8e23-472159ab8741\",\"更新年度\":2024,\"前年同一\":true},[{\"筆ポリゴンID\":\"dace5c37-7d27-4c27-b99b-430dcc3fa174\",\"更新年度\":2023,\"前年同一\":true},[{\"筆ポリゴンID\":\"62adb2ae-c571-4c1b-a65e-3c9dedf1fe14\",\"更新年度\":2022,\"前年同一\":true},[{\"筆ポリゴンID\":\"dfec7a85-c025-4f85-bae1-39667703115b\",\"更新年度\":2021,\"前年同一\":true},{\"筆ポリゴンID\":\"dfec7a85-c025-4f85-bae1-39667703115b\",\"発生年度\":2020}]]]]","last_polygon_uuid":"84832de6-3535-4448-8e23-472159ab8741","prev_last_polygon_uuid":"dace5c37-7d27-4c27-b99b-430dcc3fa174","local_government_cd":"014630","point_lng":142.418887566,"point_lat":43.009316023}},{"arcs":[[339]],"type":"Polygon","properties":{"polygon_uuid":"de8fbfd5-9556-4f42-89c8-6ef1e6825110","land_type":200,"issue_year":2025,"edit_year":2020,"history":"[{\"筆ポリゴンID\":\"749b413b-0d5e-4666-93ba-6280469e4b36\",\"更新年度\":2024,\"前年同一\":true},[{\"筆ポリゴンID\":\"c2e3dace-d93d-4374-a749-3cbe2a2d9f4c\",\"更新年度\":2023,\"前年同一\":true},[{\"筆ポリゴンID\":\"e62060c7-6d75-4577-920f-ae21f7280b44\",\"更新年度\":2022,\"前年同一\":true},[{\"筆ポリゴンID\":\"01250f4e-7fba-494c-b799-40cd7092f90c\",\"更新年度\":2021,\"前年同一\":true},{\"筆ポリゴンID\":\"01250f4e-7fba-494c-b799-40cd7092f90c\",\"発生年度\":2020}]]]]","last_polygon_uuid":"749b413b-0d5e-4666-93ba-6280469e4b36","prev_last_polygon_uuid":"c2e3dace-d93d-4374-a749-3cbe2a2d9f4c","local_government_cd":"014630","point_lng":142.41463149,"point_lat":42.992219105}},{"arcs":[[340]],"type":"Polygon","properties":{"polygon_uuid":"4bfaba1c-fd7e-4f7c-833d-2509b6e4ff59","land_type":200,"issue_year":2025,"edit_year":2020,"history":"[{\"筆ポリゴンID\":\"4342afdb-c6f7-42a4-b23d-b6c72655b072\",\"更新年度\":2024,\"前年同一\":true},[{\"筆ポリゴンID\":\"9ea25d29-54b5-4fc5-96e9-9334477288ae\",\"更新年度\":2023,\"前年同一\":true},[{\"筆ポリゴンID\":\"568022cb-4e7c-40d6-b058-3c5096e4407d\",\"更新年度\":2022,\"前年同一\":true},[{\"筆ポリゴンID\":\"f06c3821-cb7f-4060-a81c-ddbf0f082f1a\",\"更新年度\":2021,\"前年同一\":true},{\"筆ポリゴンID\":\"f06c3821-cb7f-4060-a81c-ddbf0f082f1a\",\"発生年度\":2020}]]]]","last_polygon_uuid":"4342afdb-c6f7-42a4-b23d-b6c72655b072","prev_last_polygon_uuid":"9ea25d29-54b5-4fc5-96e9-9334477288ae","local_government_cd":"014630","point_lng":142.419060732,"point_lat":43.013200916}},{"arcs":[[341]],"type":"Polygon","properties":{"polygon_uuid":"c39e64f2-eeee-4474-a76c-a799de0df728","land_type":100,"issue_year":2025,"edit_year":2021,"history":"[{\"筆ポリゴンID\":\"c2f61b17-9050-4078-be12-1e960b98e4f0\",\"更新年度\":2024,\"前年同一\":true},[{\"筆ポリゴンID\":\"5b552884-7370-4efc-bf79-035547b13616\",\"更新年度\":2023,\"前年同一\":true},[{\"筆ポリゴンID\":\"abca05ff-6b0f-4571-8ae1-6a2ffb297967\",\"更新年度\":2022,\"前年同一\":true},[{\"筆ポリゴンID\":\"1858ed07-a242-4dba-a8e9-2fd58422b555\",\"更新年度\":2021,\"関連\":true},{\"筆ポリゴンID\":\"1858ed07-a242-4dba-a8e9-2fd58422b555\",\"発生年度\":2020}]]]]","last_polygon_uuid":"c2f61b17-9050-4078-be12-1e960b98e4f0","prev_last_polygon_uuid":"5b552884-7370-4efc-bf79-035547b13616","local_government_cd":"014630","point_lng":142.440333577,"point_lat":42.953534225}},{"arcs":[[342]],"type":"Polygon","properties":{"polygon_uuid":"52c3eb14-19a0-45ff-9ce7-f82581698bd4","land_type":200,"issue_year":2025,"edit_year":2020,"history":"[{\"筆ポリゴンID\":\"233133e4-6b9f-415b-ba19-de0c86abd466\",\"更新年度\":2024,\"前年同一\":true},[{\"筆ポリゴンID\":\"ed829dcd-4e33-4ecd-b43c-904a29aa6408\",\"更新年度\":2023,\"前年同一\":true},[{\"筆ポリゴンID\":\"1f24f1a3-f62c-4058-b171-174a579e50ed\",\"更新年度\":2022,\"前年同一\":true},[{\"筆ポリゴンID\":\"382d390c-e9d5-4dc3-a5ed-aad948460412\",\"更新年度\":2021,\"前年同一\":true},{\"筆ポリゴンID\":\"382d390c-e9d5-4dc3-a5ed-aad948460412\",\"発生年度\":2020}]]]]","last_polygon_uuid":"233133e4-6b9f-415b-ba19-de0c86abd466","prev_last_polygon_uuid":"ed829dcd-4e33-4ecd-b43c-904a29aa6408","local_government_cd":"014630","point_lng":142.438005223,"point_lat":43.021878195}},{"arcs":[[343]],"type":"Polygon","properties":{"polygon_uuid":"a3e2080f-31ec-47ff-835e-69996cf73285","land_type":100,"issue_year":2025,"edit_year":2021,"history":"[{\"筆ポリゴンID\":\"06683581-f460-4566-942b-484dd94c44b2\",\"更新年度\":2024,\"前年同一\":true},[{\"筆ポリゴンID\":\"3f9138a3-a9b0-412c-a3b3-07387def6e5f\",\"更新年度\":2023,\"前年同一\":true},[{\"筆ポリゴンID\":\"c8c4b0f4-ef5e-4fec-aff3-c313f62b0a92\",\"更新年度\":2022,\"前年同一\":true},[[{\"筆ポリゴンID\":\"b453233d-e357-4da3-9d1a-f0bedd4752b1\",\"更新年度\":2021,\"関連\":true},{\"筆ポリゴンID\":\"b453233d-e357-4da3-9d1a-f0bedd4752b1\",\"発生年度\":2020}],[{\"筆ポリゴンID\":\"50800f93-914e-4497-801e-111e766faa65\",\"更新年度\":2021,\"関連\":true},{\"筆ポリゴンID\":\"50800f93-914e-4497-801e-111e766faa65\",\"発生年度\":2020}]]]]]","last_polygon_uuid":"06683581-f460-4566-942b-484dd94c44b2","prev_last_polygon_uuid":"3f9138a3-a9b0-412c-a3b3-07387def6e5f","local_government_cd":"014630","point_lng":142.436481067,"point_lat":42.949539782}},{"arcs":[[-309,344]],"type":"Polygon","properties":{"polygon_uuid":"517afc91-00b9-429f-8924-ee3704d36a8c","land_type":100,"issue_year":2025,"edit_year":2020,"history":"[{\"筆ポリゴンID\":\"f02e1333-1620-4c13-9866-117445859e84\",\"更新年度\":2024,\"前年同一\":true},[{\"筆ポリゴンID\":\"9e614103-95d2-4055-919c-b8cb71e4c852\",\"更新年度\":2023,\"前年同一\":true},[{\"筆ポリゴンID\":\"ab113a5d-fa1f-425d-a7a7-b3229287cb77\",\"更新年度\":2022,\"前年同一\":true},[{\"筆ポリゴンID\":\"12df19ff-93a8-40f7-8dbf-676cb634e5b5\",\"更新年度\":2021,\"前年同一\":true},{\"筆ポリゴンID\":\"12df19ff-93a8-40f7-8dbf-676cb634e5b5\",\"発生年度\":2020}]]]]","last_polygon_uuid":"f02e1333-1620-4c13-9866-117445859e84","prev_last_polygon_uuid":"9e614103-95d2-4055-919c-b8cb71e4c852","local_government_cd":"014630","point_lng":142.428101509,"point_lat":42.955891251}},{"arcs":[[345]],"type":"Polygon","properties":{"polygon_uuid":"672fd7f9-b4d6-4f95-aa28-1fc5e88c45cf","land_type":200,"issue_year":2025,"edit_year":2022,"history":"[{\"筆ポリゴンID\":\"9b948e30-d4ec-423d-a860-c91b20bd215a\",\"更新年度\":2024,\"前年同一\":true},[{\"筆ポリゴンID\":\"77d12df6-43fc-4c4e-be76-80fc5446f4cc\",\"更新年度\":2023,\"前年同一\":true},[{\"筆ポリゴンID\":\"852fd81a-5a6d-4fb7-bcd9-d7c129b65931\",\"更新年度\":2022,\"関連\":true},[{\"筆ポリゴンID\":\"3e2737ee-b8a4-46e5-996b-68e9a4b84eed\",\"更新年度\":2021,\"関連\":true},{\"筆ポリゴンID\":\"3e2737ee-b8a4-46e5-996b-68e9a4b84eed\",\"発生年度\":2020}]]]]","last_polygon_uuid":"9b948e30-d4ec-423d-a860-c91b20bd215a","prev_last_polygon_uuid":"77d12df6-43fc-4c4e-be76-80fc5446f4cc","local_government_cd":"014630","point_lng":142.435940151,"point_lat":43.021046946}},{"arcs":[[346]],"type":"Polygon","properties":{"polygon_uuid":"d68ef18e-98e2-4087-969b-48685a757c33","land_type":200,"issue_year":2025,"edit_year":2021,"history":"[{\"筆ポリゴンID\":\"f8543884-af63-47fe-8bfd-4a7ae880eb6d\",\"更新年度\":2024,\"前年同一\":true},[{\"筆ポリゴンID\":\"4f4f7d0d-0899-4aa5-8dad-21b0f9da35f3\",\"更新年度\":2023,\"前年同一\":true},[{\"筆ポリゴンID\":\"fc24ac13-0a79-461e-9d39-df4621fcb465\",\"更新年度\":2022,\"前年同一\":true},{\"筆ポリゴンID\":\"fc24ac13-0a79-461e-9d39-df4621fcb465\",\"発生年度\":2021}]]]","last_polygon_uuid":"f8543884-af63-47fe-8bfd-4a7ae880eb6d","prev_last_polygon_uuid":"4f4f7d0d-0899-4aa5-8dad-21b0f9da35f3","local_government_cd":"014630","point_lng":142.397248749,"point_lat":42.981476342}},{"arcs":[[347,348]],"type":"Polygon","properties":{"polygon_uuid":"82a167fc-6b23-41b7-9772-87753eccec60","land_type":200,"issue_year":2025,"edit_year":2020,"history":"[{\"筆ポリゴンID\":\"d0a386a7-ff2a-4a3f-8200-ee830d5c307f\",\"更新年度\":2024,\"前年同一\":true},[{\"筆ポリゴンID\":\"5926f93b-dca2-4e66-aef6-0b77fc55b507\",\"更新年度\":2023,\"前年同一\":true},[{\"筆ポリゴンID\":\"bd2159b2-082b-4343-a285-38bcd43bb3e9\",\"更新年度\":2022,\"前年同一\":true},[{\"筆ポリゴンID\":\"bd62251e-c047-47f1-97a0-8fbb92f1f5e4\",\"更新年度\":2021,\"前年同一\":true},{\"筆ポリゴンID\":\"bd62251e-c047-47f1-97a0-8fbb92f1f5e4\",\"発生年度\":2020}]]]]","last_polygon_uuid":"d0a386a7-ff2a-4a3f-8200-ee830d5c307f","prev_last_polygon_uuid":"5926f93b-dca2-4e66-aef6-0b77fc55b507","local_government_cd":"014630","point_lng":142.403090405,"point_lat":42.977312603}},{"arcs":[[349,350]],"type":"Polygon","properties":{"polygon_uuid":"7166560f-de70-4a98-996e-071a6fc0f9b6","land_type":100,"issue_year":2025,"edit_year":2020,"history":"[{\"筆ポリゴンID\":\"119697ed-3782-4264-a858-c1fa965c5ef1\",\"更新年度\":2024,\"前年同一\":true},[{\"筆ポリゴンID\":\"61c4e2fa-0b7f-4c12-b73a-8899775edea3\",\"更新年度\":2023,\"前年同一\":true},[{\"筆ポリゴンID\":\"94115924-fb45-448d-8416-26fca994bae0\",\"更新年度\":2022,\"前年同一\":true},[{\"筆ポリゴンID\":\"fd48bd50-4676-43ce-8fd9-0f46fc4055ac\",\"更新年度\":2021,\"前年同一\":true},{\"筆ポリゴンID\":\"fd48bd50-4676-43ce-8fd9-0f46fc4055ac\",\"発生年度\":2020}]]]]","last_polygon_uuid":"119697ed-3782-4264-a858-c1fa965c5ef1","prev_last_polygon_uuid":"61c4e2fa-0b7f-4c12-b73a-8899775edea3","local_government_cd":"014630","point_lng":142.395887864,"point_lat":42.978337717}},{"arcs":[[351,352]],"type":"Polygon","properties":{"polygon_uuid":"4faa8bfd-c63a-47e0-b676-23c5de6c3c4e","land_type":100,"issue_year":2025,"edit_year":2020,"history":"[{\"筆ポリゴンID\":\"397b14d0-f68a-4948-b950-796162965852\",\"更新年度\":2024,\"前年同一\":true},[{\"筆ポリゴンID\":\"e56a2524-9861-4bac-bfcc-2e4d9869c462\",\"更新年度\":2023,\"前年同一\":true},[{\"筆ポリゴンID\":\"a658f364-00a9-4441-8e06-f6a5872e62c7\",\"更新年度\":2022,\"前年同一\":true},[{\"筆ポリゴンID\":\"a9d7f606-d36f-45d7-9e29-645502fd8ccf\",\"更新年度\":2021,\"前年同一\":true},{\"筆ポリゴンID\":\"a9d7f606-d36f-45d7-9e29-645502fd8ccf\",\"発生年度\":2020}]]]]","last_polygon_uuid":"397b14d0-f68a-4948-b950-796162965852","prev_last_polygon_uuid":"e56a2524-9861-4bac-bfcc-2e4d9869c462","local_government_cd":"014630","point_lng":142.478914918,"point_lat":42.963295439}},{"arcs":[[353]],"type":"Polygon","properties":{"polygon_uuid":"673d7d64-e8f7-4575-a0b4-a19d4609ec3f","land_type":100,"issue_year":2025,"edit_year":2020,"history":"[{\"筆ポリゴンID\":\"a5796342-11bb-422d-b22f-3a54c0f10957\",\"更新年度\":2024,\"前年同一\":true},[{\"筆ポリゴンID\":\"cb824018-0c3f-4237-8332-c941c3c9d56d\",\"更新年度\":2023,\"前年同一\":true},[{\"筆ポリゴンID\":\"5ba00247-031f-4344-b5eb-a3e19db46ec1\",\"更新年度\":2022,\"前年同一\":true},[{\"筆ポリゴンID\":\"02544037-b1f1-46a8-b86d-c600902ae0dc\",\"更新年度\":2021,\"前年同一\":true},{\"筆ポリゴンID\":\"02544037-b1f1-46a8-b86d-c600902ae0dc\",\"発生年度\":2020}]]]]","last_polygon_uuid":"a5796342-11bb-422d-b22f-3a54c0f10957","prev_last_polygon_uuid":"cb824018-0c3f-4237-8332-c941c3c9d56d","local_government_cd":"014630","point_lng":142.471926809,"point_lat":42.963175819}},{"arcs":[[354]],"type":"Polygon","properties":{"polygon_uuid":"51ca1a8a-47c7-44c6-8ee0-010b46efcdc3","land_type":100,"issue_year":2025,"edit_year":2020,"history":"[{\"筆ポリゴンID\":\"b59da042-37c5-460f-8b1a-5e5e0af61342\",\"更新年度\":2024,\"前年同一\":true},[{\"筆ポリゴンID\":\"e308d8dc-fd65-487a-9ff1-81cf9cac16af\",\"更新年度\":2023,\"前年同一\":true},[{\"筆ポリゴンID\":\"f1ed31c0-3003-4a85-abc4-ea2d79062adf\",\"更新年度\":2022,\"前年同一\":true},[{\"筆ポリゴンID\":\"c5d17502-d17c-4a55-babf-9e6b5ec922d9\",\"更新年度\":2021,\"前年同一\":true},{\"筆ポリゴンID\":\"c5d17502-d17c-4a55-babf-9e6b5ec922d9\",\"発生年度\":2020}]]]]","last_polygon_uuid":"b59da042-37c5-460f-8b1a-5e5e0af61342","prev_last_polygon_uuid":"e308d8dc-fd65-487a-9ff1-81cf9cac16af","local_government_cd":"014630","point_lng":142.398196208,"point_lat":42.989221287}},{"arcs":[[355]],"type":"Polygon","properties":{"polygon_uuid":"175b0dc9-1d2e-4bc1-be7c-fbc83e148da7","land_type":200,"issue_year":2025,"edit_year":2020,"history":"[{\"筆ポリゴンID\":\"8043cde0-92ac-4316-a0f0-338459895290\",\"更新年度\":2024,\"前年同一\":true},[{\"筆ポリゴンID\":\"ee782fd3-b01e-4264-a1c4-b1396afd4be7\",\"更新年度\":2023,\"前年同一\":true},[{\"筆ポリゴンID\":\"c6e3706c-3e74-4368-bd83-239519c1d3b9\",\"更新年度\":2022,\"前年同一\":true},[{\"筆ポリゴンID\":\"85363e58-70c4-40d8-ba54-1bc1ef567593\",\"更新年度\":2021,\"前年同一\":true},{\"筆ポリゴンID\":\"85363e58-70c4-40d8-ba54-1bc1ef567593\",\"発生年度\":2020}]]]]","last_polygon_uuid":"8043cde0-92ac-4316-a0f0-338459895290","prev_last_polygon_uuid":"ee782fd3-b01e-4264-a1c4-b1396afd4be7","local_government_cd":"014630","point_lng":142.405141007,"point_lat":43.006521106}},{"arcs":[[356]],"type":"Polygon","properties":{"polygon_uuid":"f8996823-db95-4a55-876b-242e1d97ff4f","land_type":100,"issue_year":2025,"edit_year":2020,"history":"[{\"筆ポリゴンID\":\"4a42dc96-5032-4eb8-979b-a2823ab7d0ea\",\"更新年度\":2024,\"前年同一\":true},[{\"筆ポリゴンID\":\"7ca0e982-612e-4796-800d-77260374e8d4\",\"更新年度\":2023,\"前年同一\":true},[{\"筆ポリゴンID\":\"f4a0831f-a9bc-4847-bb41-afe706bac371\",\"更新年度\":2022,\"前年同一\":true},[{\"筆ポリゴンID\":\"faddab70-6cbc-4912-8066-06e520f522c2\",\"更新年度\":2021,\"前年同一\":true},{\"筆ポリゴンID\":\"faddab70-6cbc-4912-8066-06e520f522c2\",\"発生年度\":2020}]]]]","last_polygon_uuid":"4a42dc96-5032-4eb8-979b-a2823ab7d0ea","prev_last_polygon_uuid":"7ca0e982-612e-4796-800d-77260374e8d4","local_government_cd":"014630","point_lng":142.479931927,"point_lat":42.963200658}},{"arcs":[[357]],"type":"Polygon","properties":{"polygon_uuid":"c8ded820-7608-4d37-b088-389b75ed9be5","land_type":200,"issue_year":2025,"edit_year":2020,"history":"[{\"筆ポリゴンID\":\"8d247508-64d0-4ced-8a7c-e5d8ab26a5d8\",\"更新年度\":2024,\"前年同一\":true},[{\"筆ポリゴンID\":\"6e4af0b1-ca55-4dc3-bf54-0b8ef53950af\",\"更新年度\":2023,\"前年同一\":true},[{\"筆ポリゴンID\":\"be94dd16-dfd5-4a1b-8f5f-21deec87fba8\",\"更新年度\":2022,\"前年同一\":true},[{\"筆ポリゴンID\":\"bb1cafdd-4caa-4f5e-86dd-25e7c05fe812\",\"更新年度\":2021,\"前年同一\":true},{\"筆ポリゴンID\":\"bb1cafdd-4caa-4f5e-86dd-25e7c05fe812\",\"発生年度\":2020}]]]]","last_polygon_uuid":"8d247508-64d0-4ced-8a7c-e5d8ab26a5d8","prev_last_polygon_uuid":"6e4af0b1-ca55-4dc3-bf54-0b8ef53950af","local_government_cd":"014630","point_lng":142.517754263,"point_lat":43.07127774}},{"arcs":[[358]],"type":"Polygon","properties":{"polygon_uuid":"b053c0c0-83e1-4248-801f-c8121fc8784d","land_type":200,"issue_year":2025,"edit_year":2020,"history":"[{\"筆ポリゴンID\":\"0e146d06-ea8b-4a7c-b1d6-f5b1625e3705\",\"更新年度\":2024,\"前年同一\":true},[{\"筆ポリゴンID\":\"8694f3f0-9135-470e-8f4d-f80038aea8aa\",\"更新年度\":2023,\"前年同一\":true},[{\"筆ポリゴンID\":\"fb4cfd9e-448a-4a67-b235-0bef7514239c\",\"更新年度\":2022,\"前年同一\":true},[{\"筆ポリゴンID\":\"e06b9b75-33b6-4669-91c5-48f0c0360def\",\"更新年度\":2021,\"前年同一\":true},{\"筆ポリゴンID\":\"e06b9b75-33b6-4669-91c5-48f0c0360def\",\"発生年度\":2020}]]]]","last_polygon_uuid":"0e146d06-ea8b-4a7c-b1d6-f5b1625e3705","prev_last_polygon_uuid":"8694f3f0-9135-470e-8f4d-f80038aea8aa","local_government_cd":"014630","point_lng":142.400932534,"point_lat":42.97513289}},{"arcs":[[359]],"type":"Polygon","properties":{"polygon_uuid":"e1e9d7d0-94a5-4e6d-a39d-6c9cc0c22c79","land_type":200,"issue_year":2025,"edit_year":2020,"history":"[{\"筆ポリゴンID\":\"db53fa5b-d0c5-44e1-baa1-5a3baa57f9d9\",\"更新年度\":2024,\"前年同一\":true},[{\"筆ポリゴンID\":\"75aa43ea-55c9-4673-9569-7f86727456ee\",\"更新年度\":2023,\"前年同一\":true},[{\"筆ポリゴンID\":\"af9638e8-cf62-4fae-97b5-6f81021da4d4\",\"更新年度\":2022,\"前年同一\":true},[{\"筆ポリゴンID\":\"29ceddb3-c23e-44cb-928a-99664a65d32d\",\"更新年度\":2021,\"前年同一\":true},{\"筆ポリゴンID\":\"29ceddb3-c23e-44cb-928a-99664a65d32d\",\"発生年度\":2020}]]]]","last_polygon_uuid":"db53fa5b-d0c5-44e1-baa1-5a3baa57f9d9","prev_last_polygon_uuid":"75aa43ea-55c9-4673-9569-7f86727456ee","local_government_cd":"014630","point_lng":142.405518365,"point_lat":42.979475531}},{"arcs":[[360,-134]],"type":"Polygon","properties":{"polygon_uuid":"dd061d49-40da-49a1-912c-6b936f216d08","land_type":100,"issue_year":2025,"edit_year":2020,"history":"[{\"筆ポリゴンID\":\"7902a710-091d-4cb4-8b2a-fe5c4f73b9f3\",\"更新年度\":2024,\"前年同一\":true},[{\"筆ポリゴンID\":\"6f8310eb-e658-4e04-a653-875b6c22252d\",\"更新年度\":2023,\"前年同一\":true},[{\"筆ポリゴンID\":\"04264690-5033-4bf6-ae8f-f5cafebdc7e6\",\"更新年度\":2022,\"前年同一\":true},[{\"筆ポリゴンID\":\"467b4a39-104c-4f6c-9dbf-291ff128b1ca\",\"更新年度\":2021,\"前年同一\":true},{\"筆ポリゴンID\":\"467b4a39-104c-4f6c-9dbf-291ff128b1ca\",\"発生年度\":2020}]]]]","last_polygon_uuid":"7902a710-091d-4cb4-8b2a-fe5c4f73b9f3","prev_last_polygon_uuid":"6f8310eb-e658-4e04-a653-875b6c22252d","local_government_cd":"014630","point_lng":142.406231272,"point_lat":42.986474308}},{"arcs":[[361]],"type":"Polygon","properties":{"polygon_uuid":"284365bd-c7e2-412c-b3b3-ba518ce1c6c8","land_type":100,"issue_year":2025,"edit_year":2020,"history":"[{\"筆ポリゴンID\":\"1a4281a9-b81c-4ea4-a5ef-8384f8c0da88\",\"更新年度\":2024,\"前年同一\":true},[{\"筆ポリゴンID\":\"6c34b6af-731a-489e-b3b7-4683081157ba\",\"更新年度\":2023,\"前年同一\":true},[{\"筆ポリゴンID\":\"ddfad256-6db0-48a8-9872-860b83dcb951\",\"更新年度\":2022,\"前年同一\":true},[{\"筆ポリゴンID\":\"1653190e-127f-45a2-9fc8-9d4d23926f4b\",\"更新年度\":2021,\"前年同一\":true},{\"筆ポリゴンID\":\"1653190e-127f-45a2-9fc8-9d4d23926f4b\",\"発生年度\":2020}]]]]","last_polygon_uuid":"1a4281a9-b81c-4ea4-a5ef-8384f8c0da88","prev_last_polygon_uuid":"6c34b6af-731a-489e-b3b7-4683081157ba","local_government_cd":"014630","point_lng":142.472902928,"point_lat":42.963044447}},{"arcs":[[362]],"type":"Polygon","properties":{"polygon_uuid":"c0c41206-bf8c-46ee-87ef-76c092846d7e","land_type":100,"issue_year":2025,"edit_year":2020,"history":"[{\"筆ポリゴンID\":\"7b27a07c-a423-4f5f-a433-740e168b07db\",\"更新年度\":2024,\"前年同一\":true},[{\"筆ポリゴンID\":\"b5ca6b06-c941-4fd7-8c91-6117b1f7ec4e\",\"更新年度\":2023,\"前年同一\":true},[{\"筆ポリゴンID\":\"db60930c-d355-4ae4-892b-ac6f14616f4c\",\"更新年度\":2022,\"前年同一\":true},[{\"筆ポリゴンID\":\"c420e838-6757-409e-bc6b-c378cb309b04\",\"更新年度\":2021,\"前年同一\":true},{\"筆ポリゴンID\":\"c420e838-6757-409e-bc6b-c378cb309b04\",\"発生年度\":2020}]]]]","last_polygon_uuid":"7b27a07c-a423-4f5f-a433-740e168b07db","prev_last_polygon_uuid":"b5ca6b06-c941-4fd7-8c91-6117b1f7ec4e","local_government_cd":"014630","point_lng":142.399605329,"point_lat":43.012942634}},{"arcs":[[363]],"type":"Polygon","properties":{"polygon_uuid":"9b929730-ff78-4e53-8e5b-88c05e5eb725","land_type":100,"issue_year":2025,"edit_year":2020,"history":"[{\"筆ポリゴンID\":\"8e57ca25-bd3b-4f2f-90f5-9b0947fe7f79\",\"更新年度\":2024,\"前年同一\":true},[{\"筆ポリゴンID\":\"4f0085cc-0976-487a-a9c9-39481f8322d2\",\"更新年度\":2023,\"前年同一\":true},[{\"筆ポリゴンID\":\"09f6f24f-5dcb-424e-ba55-8a87cec41d41\",\"更新年度\":2022,\"前年同一\":true},[{\"筆ポリゴンID\":\"66bdb3e0-b143-41ec-bc13-fcf9d85e82c3\",\"更新年度\":2021,\"前年同一\":true},{\"筆ポリゴンID\":\"66bdb3e0-b143-41ec-bc13-fcf9d85e82c3\",\"発生年度\":2020}]]]]","last_polygon_uuid":"8e57ca25-bd3b-4f2f-90f5-9b0947fe7f79","prev_last_polygon_uuid":"4f0085cc-0976-487a-a9c9-39481f8322d2","local_government_cd":"014630","point_lng":142.402019563,"point_lat":43.009507059}},{"arcs":[[364]],"type":"Polygon","properties":{"polygon_uuid":"4336429f-f6a2-43b3-9ad6-84a75e75721c","land_type":100,"issue_year":2025,"edit_year":2020,"history":"[{\"筆ポリゴンID\":\"f7b92821-0755-43b8-9cba-72424057c21c\",\"更新年度\":2024,\"前年同一\":true},[{\"筆ポリゴンID\":\"35b10977-8dc1-44eb-b54d-c535893c4738\",\"更新年度\":2023,\"前年同一\":true},[{\"筆ポリゴンID\":\"c2128b7d-7c74-42f9-aba9-f8a3fafb930d\",\"更新年度\":2022,\"前年同一\":true},[{\"筆ポリゴンID\":\"5ce4bd83-d8dd-4f55-9d34-64aafd4fada4\",\"更新年度\":2021,\"前年同一\":true},{\"筆ポリゴンID\":\"5ce4bd83-d8dd-4f55-9d34-64aafd4fada4\",\"発生年度\":2020}]]]]","last_polygon_uuid":"f7b92821-0755-43b8-9cba-72424057c21c","prev_last_polygon_uuid":"35b10977-8dc1-44eb-b54d-c535893c4738","local_government_cd":"014630","point_lng":142.471876206,"point_lat":42.960145665}},{"arcs":[[365,366]],"type":"Polygon","properties":{"polygon_uuid":"16305cb5-69a2-4123-b2c9-ef7015eaf889","land_type":200,"issue_year":2025,"edit_year":2020,"history":"[{\"筆ポリゴンID\":\"d8921c67-48c7-4dce-8377-4edd6098595b\",\"更新年度\":2024,\"前年同一\":true},[{\"筆ポリゴンID\":\"b3e37412-1c0a-4501-be65-a2d19dc9f44b\",\"更新年度\":2023,\"前年同一\":true},[{\"筆ポリゴンID\":\"656b5c05-54e0-48fa-95fa-158208e24c02\",\"更新年度\":2022,\"前年同一\":true},[{\"筆ポリゴンID\":\"5a78f692-66fc-460a-bbb0-9e3cc3f2ceab\",\"更新年度\":2021,\"前年同一\":true},{\"筆ポリゴンID\":\"5a78f692-66fc-460a-bbb0-9e3cc3f2ceab\",\"発生年度\":2020}]]]]","last_polygon_uuid":"d8921c67-48c7-4dce-8377-4edd6098595b","prev_last_polygon_uuid":"b3e37412-1c0a-4501-be65-a2d19dc9f44b","local_government_cd":"014630","point_lng":142.407025541,"point_lat":42.97905639}},{"arcs":[[367]],"type":"Polygon","properties":{"polygon_uuid":"c8c8e371-640f-4720-b02f-72a805b36173","land_type":200,"issue_year":2025,"edit_year":2020,"history":"[{\"筆ポリゴンID\":\"81c850c7-c1ee-421c-9373-a34927a0de20\",\"更新年度\":2024,\"前年同一\":true},[{\"筆ポリゴンID\":\"9445da8b-5e99-40ac-b294-cb375bf56659\",\"更新年度\":2023,\"前年同一\":true},[{\"筆ポリゴンID\":\"6f451e71-fb33-4989-8e9a-9799222f7d34\",\"更新年度\":2022,\"前年同一\":true},[{\"筆ポリゴンID\":\"7fca86bf-8990-4ebc-929e-811206a3b977\",\"更新年度\":2021,\"前年同一\":true},{\"筆ポリゴンID\":\"7fca86bf-8990-4ebc-929e-811206a3b977\",\"発生年度\":2020}]]]]","last_polygon_uuid":"81c850c7-c1ee-421c-9373-a34927a0de20","prev_last_polygon_uuid":"9445da8b-5e99-40ac-b294-cb375bf56659","local_government_cd":"014630","point_lng":142.397025797,"point_lat":42.994532066}},{"arcs":[[368]],"type":"Polygon","properties":{"polygon_uuid":"2ae4ab26-3dd7-426f-8e6e-01ee71e6c9d5","land_type":200,"issue_year":2025,"edit_year":2020,"history":"[{\"筆ポリゴンID\":\"86e656c1-d56c-4ee1-95b2-76089d446fb0\",\"更新年度\":2024,\"前年同一\":true},[{\"筆ポリゴンID\":\"65c65872-6d96-40a9-9479-a2eaa29f7e14\",\"更新年度\":2023,\"前年同一\":true},[{\"筆ポリゴンID\":\"3e04c409-87de-426c-b6b2-ba95de11f0ca\",\"更新年度\":2022,\"前年同一\":true},[{\"筆ポリゴンID\":\"db080927-c5dd-45ae-be3c-4139a4dce807\",\"更新年度\":2021,\"前年同一\":true},{\"筆ポリゴンID\":\"db080927-c5dd-45ae-be3c-4139a4dce807\",\"発生年度\":2020}]]]]","last_polygon_uuid":"86e656c1-d56c-4ee1-95b2-76089d446fb0","prev_last_polygon_uuid":"65c65872-6d96-40a9-9479-a2eaa29f7e14","local_government_cd":"014630","point_lng":142.488146127,"point_lat":42.96862057}},{"arcs":[[369]],"type":"Polygon","properties":{"polygon_uuid":"10ad3210-f278-4026-8f4c-791a9e1c86d0","land_type":200,"issue_year":2025,"edit_year":2020,"history":"[{\"筆ポリゴンID\":\"d1db90e1-9182-4941-9328-c89e7ea7d7cf\",\"更新年度\":2024,\"前年同一\":true},[{\"筆ポリゴンID\":\"b26a19a0-fe2a-45a5-ad01-935da44b9fb9\",\"更新年度\":2023,\"前年同一\":true},[{\"筆ポリゴンID\":\"e424af66-d3b1-4614-9cf2-0d15f96025e5\",\"更新年度\":2022,\"前年同一\":true},[{\"筆ポリゴンID\":\"6a4d7f05-567b-4de4-a443-3b6f745de6a7\",\"更新年度\":2021,\"前年同一\":true},{\"筆ポリゴンID\":\"6a4d7f05-567b-4de4-a443-3b6f745de6a7\",\"発生年度\":2020}]]]]","last_polygon_uuid":"d1db90e1-9182-4941-9328-c89e7ea7d7cf","prev_last_polygon_uuid":"b26a19a0-fe2a-45a5-ad01-935da44b9fb9","local_government_cd":"014630","point_lng":142.332912297,"point_lat":42.950205363}},{"arcs":[[-29,370]],"type":"Polygon","properties":{"polygon_uuid":"845735ea-5f6a-4641-866b-5157a5433515","land_type":100,"issue_year":2025,"edit_year":2020,"history":"[{\"筆ポリゴンID\":\"26070522-11f3-40f7-9608-de164ec89143\",\"更新年度\":2024,\"前年同一\":true},[{\"筆ポリゴンID\":\"fa5f530c-e565-46db-9e1e-5bed719a082d\",\"更新年度\":2023,\"前年同一\":true},[{\"筆ポリゴンID\":\"1365b26a-c424-4d49-b57b-fd4dd1195e36\",\"更新年度\":2022,\"前年同一\":true},[{\"筆ポリゴンID\":\"baa62c33-2260-45ca-a5d6-63ef175c1085\",\"更新年度\":2021,\"前年同一\":true},{\"筆ポリゴンID\":\"baa62c33-2260-45ca-a5d6-63ef175c1085\",\"発生年度\":2020}]]]]","last_polygon_uuid":"26070522-11f3-40f7-9608-de164ec89143","prev_last_polygon_uuid":"fa5f530c-e565-46db-9e1e-5bed719a082d","local_government_cd":"014630","point_lng":142.399475848,"point_lat":42.994537741}},{"arcs":[[371]],"type":"Polygon","properties":{"polygon_uuid":"150fa180-fec5-483c-bc57-30dc58ddda11","land_type":200,"issue_year":2025,"edit_year":2020,"history":"[{\"筆ポリゴンID\":\"936e21f0-7195-4de8-a373-8a17907dc802\",\"更新年度\":2024,\"前年同一\":true},[{\"筆ポリゴンID\":\"98b86b0b-0e3e-4d9d-bea9-0aecf7858730\",\"更新年度\":2023,\"前年同一\":true},[{\"筆ポリゴンID\":\"a40da060-d6db-4b72-a3c4-c71c99af8d35\",\"更新年度\":2022,\"前年同一\":true},[{\"筆ポリゴンID\":\"fd9c81fd-ceba-4df7-b3a6-ad26ed088630\",\"更新年度\":2021,\"前年同一\":true},{\"筆ポリゴンID\":\"fd9c81fd-ceba-4df7-b3a6-ad26ed088630\",\"発生年度\":2020}]]]]","last_polygon_uuid":"936e21f0-7195-4de8-a373-8a17907dc802","prev_last_polygon_uuid":"98b86b0b-0e3e-4d9d-bea9-0aecf7858730","local_government_cd":"014630","point_lng":142.398000605,"point_lat":43.018454054}},{"arcs":[[372,373]],"type":"Polygon","properties":{"polygon_uuid":"72988e7e-1c87-404c-90da-93a3ecf36ae7","land_type":200,"issue_year":2025,"edit_year":2020,"history":"[{\"筆ポリゴンID\":\"8a62c0b6-72d8-4732-8a96-04cadf106dc2\",\"更新年度\":2024,\"前年同一\":true},[{\"筆ポリゴンID\":\"6d469420-15d0-4b48-8e00-0d25d652237a\",\"更新年度\":2023,\"前年同一\":true},[{\"筆ポリゴンID\":\"b8c2cf9d-d1cc-46dd-beea-3a7a7c600924\",\"更新年度\":2022,\"前年同一\":true},[{\"筆ポリゴンID\":\"c0fa5096-c5ab-464b-a8ac-8b883e75f879\",\"更新年度\":2021,\"前年同一\":true},{\"筆ポリゴンID\":\"c0fa5096-c5ab-464b-a8ac-8b883e75f879\",\"発生年度\":2020}]]]]","last_polygon_uuid":"8a62c0b6-72d8-4732-8a96-04cadf106dc2","prev_last_polygon_uuid":"6d469420-15d0-4b48-8e00-0d25d652237a","local_government_cd":"014630","point_lng":142.474380607,"point_lat":42.965275941}},{"arcs":[[-39,374]],"type":"Polygon","properties":{"polygon_uuid":"a2f2f6cc-127c-48cb-94ee-2e6c8e114a36","land_type":200,"issue_year":2025,"edit_year":2020,"history":"[{\"筆ポリゴンID\":\"3e0d15c0-ad69-4582-9309-e5ddcec50ff2\",\"更新年度\":2024,\"前年同一\":true},[{\"筆ポリゴンID\":\"31479095-c4fc-459d-8fed-b72656b694c2\",\"更新年度\":2023,\"前年同一\":true},[{\"筆ポリゴンID\":\"ba196cb9-8515-4624-b7b8-a316e19cf8e2\",\"更新年度\":2022,\"前年同一\":true},[{\"筆ポリゴンID\":\"0c6aa2b2-a0db-44f1-8cbd-b801c0069bc6\",\"更新年度\":2021,\"前年同一\":true},{\"筆ポリゴンID\":\"0c6aa2b2-a0db-44f1-8cbd-b801c0069bc6\",\"発生年度\":2020}]]]]","last_polygon_uuid":"3e0d15c0-ad69-4582-9309-e5ddcec50ff2","prev_last_polygon_uuid":"31479095-c4fc-459d-8fed-b72656b694c2","local_government_cd":"014630","point_lng":142.515407644,"point_lat":43.074241849}},{"arcs":[[375,376,377,378]],"type":"Polygon","properties":{"polygon_uuid":"89fdd5e5-6be9-4aab-bbec-7f7e637d21f9","land_type":100,"issue_year":2025,"edit_year":2020,"history":"[{\"筆ポリゴンID\":\"fee2d335-9f12-48f6-bf87-173fd9d2a502\",\"更新年度\":2024,\"前年同一\":true},[{\"筆ポリゴンID\":\"69f699e9-988e-497a-9d06-0d25e0b849a1\",\"更新年度\":2023,\"前年同一\":true},[{\"筆ポリゴンID\":\"efa1623e-f037-40b7-ac4b-b26b746f1a45\",\"更新年度\":2022,\"前年同一\":true},[{\"筆ポリゴンID\":\"fb470624-d7d9-421e-863f-ef59eec265f4\",\"更新年度\":2021,\"前年同一\":true},{\"筆ポリゴンID\":\"fb470624-d7d9-421e-863f-ef59eec265f4\",\"発生年度\":2020}]]]]","last_polygon_uuid":"fee2d335-9f12-48f6-bf87-173fd9d2a502","prev_last_polygon_uuid":"69f699e9-988e-497a-9d06-0d25e0b849a1","local_government_cd":"014630","point_lng":142.421827316,"point_lat":42.967198502}},{"arcs":[[379]],"type":"Polygon","properties":{"polygon_uuid":"a64c566b-7a67-4625-8e5f-f6a63424fb0e","land_type":200,"issue_year":2025,"edit_year":2020,"history":"[{\"筆ポリゴンID\":\"e330e927-a904-44ff-b57a-9b8504639bb8\",\"更新年度\":2024,\"前年同一\":true},[{\"筆ポリゴンID\":\"c4c2ea14-4897-4d40-b3a9-e1aeceb8b139\",\"更新年度\":2023,\"前年同一\":true},[{\"筆ポリゴンID\":\"0176fe42-1d97-4bf4-b60a-ecbd985e37e9\",\"更新年度\":2022,\"前年同一\":true},[{\"筆ポリゴンID\":\"62c46b6d-82f5-4573-9e51-d243d2f46d64\",\"更新年度\":2021,\"前年同一\":true},{\"筆ポリゴンID\":\"62c46b6d-82f5-4573-9e51-d243d2f46d64\",\"発生年度\":2020}]]]]","last_polygon_uuid":"e330e927-a904-44ff-b57a-9b8504639bb8","prev_last_polygon_uuid":"c4c2ea14-4897-4d40-b3a9-e1aeceb8b139","local_government_cd":"014630","point_lng":142.321373744,"point_lat":42.957681175}},{"arcs":[[380]],"type":"Polygon","properties":{"polygon_uuid":"6e3e8ee1-9309-485f-8b98-e15ad9b75349","land_type":200,"issue_year":2025,"edit_year":2020,"history":"[{\"筆ポリゴンID\":\"803aa617-ce13-4371-9295-c585d4b0f788\",\"更新年度\":2024,\"前年同一\":true},[{\"筆ポリゴンID\":\"84621fe6-885c-4faf-92b6-4a63d7435c83\",\"更新年度\":2023,\"前年同一\":true},[{\"筆ポリゴンID\":\"075eea11-0ce2-4ed3-920e-f502bc2c12e9\",\"更新年度\":2022,\"前年同一\":true},[{\"筆ポリゴンID\":\"f1f9ea67-8c39-4a17-93bc-93d330047800\",\"更新年度\":2021,\"前年同一\":true},{\"筆ポリゴンID\":\"f1f9ea67-8c39-4a17-93bc-93d330047800\",\"発生年度\":2020}]]]]","last_polygon_uuid":"803aa617-ce13-4371-9295-c585d4b0f788","prev_last_polygon_uuid":"84621fe6-885c-4faf-92b6-4a63d7435c83","local_government_cd":"014630","point_lng":142.40837537,"point_lat":43.000201286}},{"arcs":[[-379,381,382,383,384,385]],"type":"Polygon","properties":{"polygon_uuid":"bfa855ad-cdc0-48b8-ae2d-d5a5d66aed51","land_type":100,"issue_year":2025,"edit_year":2020,"history":"[{\"筆ポリゴンID\":\"4cddcebf-e59d-4358-a040-d8df5fe244e3\",\"更新年度\":2024,\"前年同一\":true},[{\"筆ポリゴンID\":\"33a3f685-f709-42bf-84d4-c9ba69b86f0e\",\"更新年度\":2023,\"前年同一\":true},[{\"筆ポリゴンID\":\"d734b136-8d0c-45fa-8f0f-6c672f4b01ad\",\"更新年度\":2022,\"前年同一\":true},[{\"筆ポリゴンID\":\"5762fcd4-8d01-48ca-ab85-0e24b04a2cdf\",\"更新年度\":2021,\"前年同一\":true},{\"筆ポリゴンID\":\"5762fcd4-8d01-48ca-ab85-0e24b04a2cdf\",\"発生年度\":2020}]]]]","last_polygon_uuid":"4cddcebf-e59d-4358-a040-d8df5fe244e3","prev_last_polygon_uuid":"33a3f685-f709-42bf-84d4-c9ba69b86f0e","local_government_cd":"014630","point_lng":142.421899136,"point_lat":42.965278048}},{"arcs":[[386]],"type":"Polygon","properties":{"polygon_uuid":"b397fce0-0f85-499c-b037-8e5927492db3","land_type":200,"issue_year":2025,"edit_year":2020,"history":"[{\"筆ポリゴンID\":\"97018973-9af0-499a-a96e-efccb3581783\",\"更新年度\":2024,\"前年同一\":true},[{\"筆ポリゴンID\":\"122ed4ea-e661-4dc2-b1d1-26d7b487b7ae\",\"更新年度\":2023,\"前年同一\":true},[{\"筆ポリゴンID\":\"d2da52c7-0fe2-4234-ad44-7d2b48a31b12\",\"更新年度\":2022,\"前年同一\":true},[{\"筆ポリゴンID\":\"4a26816e-399a-44e9-a83d-84fcb0b2f4d6\",\"更新年度\":2021,\"前年同一\":true},{\"筆ポリゴンID\":\"4a26816e-399a-44e9-a83d-84fcb0b2f4d6\",\"発生年度\":2020}]]]]","last_polygon_uuid":"97018973-9af0-499a-a96e-efccb3581783","prev_last_polygon_uuid":"122ed4ea-e661-4dc2-b1d1-26d7b487b7ae","local_government_cd":"014630","point_lng":142.393066716,"point_lat":42.98128927}},{"arcs":[[387]],"type":"Polygon","properties":{"polygon_uuid":"9f0e1e56-1b5b-4c65-b58a-4639a4412cc6","land_type":200,"issue_year":2025,"edit_year":2020,"history":"[{\"筆ポリゴンID\":\"b94d4ef9-5665-4620-bf76-fd30a7289cc8\",\"更新年度\":2024,\"前年同一\":true},[{\"筆ポリゴンID\":\"36afe644-3bb3-4ed9-9345-01c884b7f07a\",\"更新年度\":2023,\"前年同一\":true},[{\"筆ポリゴンID\":\"9b460800-c3b9-4207-af5f-8d3e37760705\",\"更新年度\":2022,\"前年同一\":true},[{\"筆ポリゴンID\":\"c1c5d03a-9c4d-45fa-b944-5d30338df1cd\",\"更新年度\":2021,\"前年同一\":true},{\"筆ポリゴンID\":\"c1c5d03a-9c4d-45fa-b944-5d30338df1cd\",\"発生年度\":2020}]]]]","last_polygon_uuid":"b94d4ef9-5665-4620-bf76-fd30a7289cc8","prev_last_polygon_uuid":"36afe644-3bb3-4ed9-9345-01c884b7f07a","local_government_cd":"014630","point_lng":142.553267475,"point_lat":43.065989009}},{"arcs":[[388]],"type":"Polygon","properties":{"polygon_uuid":"1c7a63f1-94b2-488a-ad5c-1ed85afb1666","land_type":100,"issue_year":2025,"edit_year":2020,"history":"[{\"筆ポリゴンID\":\"84aaff4b-f69d-4828-b5d7-90be17bb410b\",\"更新年度\":2024,\"前年同一\":true},[{\"筆ポリゴンID\":\"f05a2e45-0087-4d7e-8bc8-b0def82af70a\",\"更新年度\":2023,\"前年同一\":true},[{\"筆ポリゴンID\":\"0c45b672-3d56-4af7-88a4-553c1206ea23\",\"更新年度\":2022,\"前年同一\":true},[{\"筆ポリゴンID\":\"e5febc01-4c5d-4744-9585-8a9c273a1c33\",\"更新年度\":2021,\"前年同一\":true},{\"筆ポリゴンID\":\"e5febc01-4c5d-4744-9585-8a9c273a1c33\",\"発生年度\":2020}]]]]","last_polygon_uuid":"84aaff4b-f69d-4828-b5d7-90be17bb410b","prev_last_polygon_uuid":"f05a2e45-0087-4d7e-8bc8-b0def82af70a","local_government_cd":"014630","point_lng":142.399163836,"point_lat":42.997020718}},{"arcs":[[-160,389]],"type":"Polygon","properties":{"polygon_uuid":"76c2e485-3599-4044-a9c4-3b0a735d7c1c","land_type":200,"issue_year":2025,"edit_year":2020,"history":"[{\"筆ポリゴンID\":\"d5946854-3be0-4fae-838a-8d68a31a11d7\",\"更新年度\":2024,\"前年同一\":true},[{\"筆ポリゴンID\":\"35da25ee-ce66-4903-b6a2-9f603bb30c79\",\"更新年度\":2023,\"前年同一\":true},[{\"筆ポリゴンID\":\"0313a73f-3413-44cf-b701-a05eddbbb6b2\",\"更新年度\":2022,\"前年同一\":true},[{\"筆ポリゴンID\":\"c7ef18b3-4942-4ed5-b87b-93b778fd4106\",\"更新年度\":2021,\"前年同一\":true},{\"筆ポリゴンID\":\"c7ef18b3-4942-4ed5-b87b-93b778fd4106\",\"発生年度\":2020}]]]]","last_polygon_uuid":"d5946854-3be0-4fae-838a-8d68a31a11d7","prev_last_polygon_uuid":"35da25ee-ce66-4903-b6a2-9f603bb30c79","local_government_cd":"014630","point_lng":142.465680385,"point_lat":42.957300215}},{"arcs":[[-114,390]],"type":"Polygon","properties":{"polygon_uuid":"a191237d-fde1-4533-8032-96c53ca45f56","land_type":200,"issue_year":2025,"edit_year":2020,"history":"[{\"筆ポリゴンID\":\"1e2f901c-4492-4121-b87c-e55ae186a85a\",\"更新年度\":2024,\"前年同一\":true},[{\"筆ポリゴンID\":\"bc6eacbb-0a5b-46c2-8559-0605ff5dd4ff\",\"更新年度\":2023,\"前年同一\":true},[{\"筆ポリゴンID\":\"d89757bd-04b3-4db9-86de-e23367677c76\",\"更新年度\":2022,\"前年同一\":true},[{\"筆ポリゴンID\":\"5dc8a36d-a000-45b5-aefa-c537feec9cb2\",\"更新年度\":2021,\"前年同一\":true},{\"筆ポリゴンID\":\"5dc8a36d-a000-45b5-aefa-c537feec9cb2\",\"発生年度\":2020}]]]]","last_polygon_uuid":"1e2f901c-4492-4121-b87c-e55ae186a85a","prev_last_polygon_uuid":"bc6eacbb-0a5b-46c2-8559-0605ff5dd4ff","local_government_cd":"014630","point_lng":142.483105904,"point_lat":42.96176545}},{"arcs":[[391,392]],"type":"Polygon","properties":{"polygon_uuid":"d049e1b1-605d-4075-aaf8-29d226770a56","land_type":100,"issue_year":2025,"edit_year":2020,"history":"[{\"筆ポリゴンID\":\"65b5c439-6f9c-45d1-987f-b1b91718ab8b\",\"更新年度\":2024,\"前年同一\":true},[{\"筆ポリゴンID\":\"8281926f-e76c-4a14-947d-0e0d2c333753\",\"更新年度\":2023,\"前年同一\":true},[{\"筆ポリゴンID\":\"192d1228-61ae-459b-bb52-07995e8e275c\",\"更新年度\":2022,\"前年同一\":true},[{\"筆ポリゴンID\":\"c73909a5-48f0-4ff5-8c12-87ff0bdf0a56\",\"更新年度\":2021,\"前年同一\":true},{\"筆ポリゴンID\":\"c73909a5-48f0-4ff5-8c12-87ff0bdf0a56\",\"発生年度\":2020}]]]]","last_polygon_uuid":"65b5c439-6f9c-45d1-987f-b1b91718ab8b","prev_last_polygon_uuid":"8281926f-e76c-4a14-947d-0e0d2c333753","local_government_cd":"014630","point_lng":142.423229309,"point_lat":42.962683542}},{"arcs":[[393]],"type":"Polygon","properties":{"polygon_uuid":"0004d421-fd64-423b-99f2-9a5f98a83d50","land_type":100,"issue_year":2025,"edit_year":2020,"history":"[{\"筆ポリゴンID\":\"aaf00bad-05b4-4555-bb6b-5a1205a636a2\",\"更新年度\":2024,\"前年同一\":true},[{\"筆ポリゴンID\":\"bd5bda56-2f73-46e2-b62b-6e8899bd8ef9\",\"更新年度\":2023,\"前年同一\":true},[{\"筆ポリゴンID\":\"fe03d173-5a7d-4c6f-a98b-22c1e6f180ac\",\"更新年度\":2022,\"前年同一\":true},[{\"筆ポリゴンID\":\"52bd7760-e221-4d16-84bd-fb683d867f9a\",\"更新年度\":2021,\"前年同一\":true},{\"筆ポリゴンID\":\"52bd7760-e221-4d16-84bd-fb683d867f9a\",\"発生年度\":2020}]]]]","last_polygon_uuid":"aaf00bad-05b4-4555-bb6b-5a1205a636a2","prev_last_polygon_uuid":"bd5bda56-2f73-46e2-b62b-6e8899bd8ef9","local_government_cd":"014630","point_lng":142.396103173,"point_lat":42.975229301}},{"arcs":[[394]],"type":"Polygon","properties":{"polygon_uuid":"1dab0a1b-83a2-4432-98d1-032a0bde54bb","land_type":200,"issue_year":2025,"edit_year":2020,"history":"[{\"筆ポリゴンID\":\"37c1fa07-0f2d-40d0-968c-fe8488e73956\",\"更新年度\":2024,\"前年同一\":true},[{\"筆ポリゴンID\":\"69b0a079-b5f6-47c6-aa94-281242224353\",\"更新年度\":2023,\"前年同一\":true},[{\"筆ポリゴンID\":\"c65960d9-c9b0-4764-bee7-a1015d9508b5\",\"更新年度\":2022,\"前年同一\":true},[{\"筆ポリゴンID\":\"3d7351fe-9267-4421-be56-fb0a5926daa2\",\"更新年度\":2021,\"前年同一\":true},{\"筆ポリゴンID\":\"3d7351fe-9267-4421-be56-fb0a5926daa2\",\"発生年度\":2020}]]]]","last_polygon_uuid":"37c1fa07-0f2d-40d0-968c-fe8488e73956","prev_last_polygon_uuid":"69b0a079-b5f6-47c6-aa94-281242224353","local_government_cd":"014630","point_lng":142.327540549,"point_lat":42.953122343}},{"arcs":[[395]],"type":"Polygon","properties":{"polygon_uuid":"e3e80f34-b6d3-4666-9593-7f216dbdc0b6","land_type":100,"issue_year":2025,"edit_year":2020,"history":"[{\"筆ポリゴンID\":\"f87578df-cf2b-498c-9592-bc391697ffc4\",\"更新年度\":2024,\"前年同一\":true},[{\"筆ポリゴンID\":\"59829577-b024-4c14-b1b5-5c7d4a3eecbc\",\"更新年度\":2023,\"前年同一\":true},[{\"筆ポリゴンID\":\"3490901f-a0e2-4658-8153-0928fbff50e3\",\"更新年度\":2022,\"前年同一\":true},[{\"筆ポリゴンID\":\"63d4fc61-47bf-4da8-ba9d-f39a41a08dba\",\"更新年度\":2021,\"前年同一\":true},{\"筆ポリゴンID\":\"63d4fc61-47bf-4da8-ba9d-f39a41a08dba\",\"発生年度\":2020}]]]]","last_polygon_uuid":"f87578df-cf2b-498c-9592-bc391697ffc4","prev_last_polygon_uuid":"59829577-b024-4c14-b1b5-5c7d4a3eecbc","local_government_cd":"014630","point_lng":142.40037008,"point_lat":42.999107382}},{"arcs":[[-36,396]],"type":"Polygon","properties":{"polygon_uuid":"a9c9d80d-649e-4b46-840f-a025627b6305","land_type":100,"issue_year":2025,"edit_year":2020,"history":"[{\"筆ポリゴンID\":\"3188fd49-bbb2-44c0-b7d0-3556dc35c3ea\",\"更新年度\":2024,\"前年同一\":true},[{\"筆ポリゴンID\":\"a3c4ebac-c3b1-4c3a-83ed-cafc82f77f33\",\"更新年度\":2023,\"前年同一\":true},[{\"筆ポリゴンID\":\"7d8c8d2d-efb3-4931-89b1-b7df742ece2d\",\"更新年度\":2022,\"前年同一\":true},[{\"筆ポリゴンID\":\"265a0dd1-274d-449b-a26b-8c3e8e59d81a\",\"更新年度\":2021,\"前年同一\":true},{\"筆ポリゴンID\":\"265a0dd1-274d-449b-a26b-8c3e8e59d81a\",\"発生年度\":2020}]]]]","last_polygon_uuid":"3188fd49-bbb2-44c0-b7d0-3556dc35c3ea","prev_last_polygon_uuid":"a3c4ebac-c3b1-4c3a-83ed-cafc82f77f33","local_government_cd":"014630","point_lng":142.404493305,"point_lat":42.98849318}},{"arcs":[[397]],"type":"Polygon","properties":{"polygon_uuid":"582540a7-ad0c-4347-b9c9-3797cc9fd421","land_type":100,"issue_year":2025,"edit_year":2020,"history":"[{\"筆ポリゴンID\":\"a50fbf56-be57-4098-8268-6704022027a1\",\"更新年度\":2024,\"前年同一\":true},[{\"筆ポリゴンID\":\"b5013ae6-69bc-4013-9657-2e5b79388682\",\"更新年度\":2023,\"前年同一\":true},[{\"筆ポリゴンID\":\"7c15d9e3-871d-41e9-b88d-86ae029cfbbc\",\"更新年度\":2022,\"前年同一\":true},[{\"筆ポリゴンID\":\"03eaaba8-c6c2-41de-a656-be60252dc09b\",\"更新年度\":2021,\"前年同一\":true},{\"筆ポリゴンID\":\"03eaaba8-c6c2-41de-a656-be60252dc09b\",\"発生年度\":2020}]]]]","last_polygon_uuid":"a50fbf56-be57-4098-8268-6704022027a1","prev_last_polygon_uuid":"b5013ae6-69bc-4013-9657-2e5b79388682","local_government_cd":"014630","point_lng":142.401051796,"point_lat":43.022087585}},{"arcs":[[398]],"type":"Polygon","properties":{"polygon_uuid":"01973706-6284-4c55-99ac-b338992666b3","land_type":200,"issue_year":2025,"edit_year":2020,"history":"[{\"筆ポリゴンID\":\"b0a1c773-5145-49d7-83d7-9693888139c8\",\"更新年度\":2024,\"前年同一\":true},[{\"筆ポリゴンID\":\"230fa2af-ca74-4e18-98cd-931ed521f21b\",\"更新年度\":2023,\"前年同一\":true},[{\"筆ポリゴンID\":\"37fdd6f3-f48a-49c6-bac3-1dde56a389e0\",\"更新年度\":2022,\"前年同一\":true},[{\"筆ポリゴンID\":\"799672f7-011a-44ab-aa6a-a3db5fccd5d7\",\"更新年度\":2021,\"前年同一\":true},{\"筆ポリゴンID\":\"799672f7-011a-44ab-aa6a-a3db5fccd5d7\",\"発生年度\":2020}]]]]","last_polygon_uuid":"b0a1c773-5145-49d7-83d7-9693888139c8","prev_last_polygon_uuid":"230fa2af-ca74-4e18-98cd-931ed521f21b","local_government_cd":"014630","point_lng":142.400717697,"point_lat":43.01400865}},{"arcs":[[399]],"type":"Polygon","properties":{"polygon_uuid":"2cdd7acb-b6a9-41ff-af46-087fc80f523d","land_type":200,"issue_year":2025,"edit_year":2020,"history":"[{\"筆ポリゴンID\":\"19ad7af3-fb99-41da-93fd-21186d284ef4\",\"更新年度\":2024,\"前年同一\":true},[{\"筆ポリゴンID\":\"90ef5d56-ba12-466b-9109-914f93b63fd2\",\"更新年度\":2023,\"前年同一\":true},[{\"筆ポリゴンID\":\"4d090f81-5d23-497c-8a22-88bbc4a91cf7\",\"更新年度\":2022,\"前年同一\":true},[{\"筆ポリゴンID\":\"d52ee8e7-2d0e-4d34-aa21-164e903b300c\",\"更新年度\":2021,\"前年同一\":true},{\"筆ポリゴンID\":\"d52ee8e7-2d0e-4d34-aa21-164e903b300c\",\"発生年度\":2020}]]]]","last_polygon_uuid":"19ad7af3-fb99-41da-93fd-21186d284ef4","prev_last_polygon_uuid":"90ef5d56-ba12-466b-9109-914f93b63fd2","local_government_cd":"014630","point_lng":142.402576646,"point_lat":43.000721591}},{"arcs":[[400]],"type":"Polygon","properties":{"polygon_uuid":"1a7e3a14-082c-40ff-b173-1d67f23ba59b","land_type":200,"issue_year":2025,"edit_year":2021,"history":"[{\"筆ポリゴンID\":\"cbf22868-3854-4ff3-8150-780ad3d2dbb2\",\"更新年度\":2024,\"前年同一\":true},[{\"筆ポリゴンID\":\"91e34f03-148c-4f77-8a91-68ef15d557dc\",\"更新年度\":2023,\"前年同一\":true},[{\"筆ポリゴンID\":\"b4850af8-2226-40f5-affb-d36984c7fabe\",\"更新年度\":2022,\"前年同一\":true},{\"筆ポリゴンID\":\"b4850af8-2226-40f5-affb-d36984c7fabe\",\"発生年度\":2021}]]]","last_polygon_uuid":"cbf22868-3854-4ff3-8150-780ad3d2dbb2","prev_last_polygon_uuid":"91e34f03-148c-4f77-8a91-68ef15d557dc","local_government_cd":"014630","point_lng":142.403453389,"point_lat":43.015869303}},{"arcs":[[401]],"type":"Polygon","properties":{"polygon_uuid":"16fa32d9-8f24-4bea-ad11-b329bf261bb3","land_type":200,"issue_year":2025,"edit_year":2020,"history":"[{\"筆ポリゴンID\":\"b74bdca3-2391-45f7-af53-53b89ab42449\",\"更新年度\":2024,\"前年同一\":true},[{\"筆ポリゴンID\":\"1518476a-683b-4f1f-816d-6a28510ffe37\",\"更新年度\":2023,\"前年同一\":true},[{\"筆ポリゴンID\":\"51367498-35f1-408a-87a1-8e2a8cbd5abb\",\"更新年度\":2022,\"前年同一\":true},[{\"筆ポリゴンID\":\"c6ddcb8a-861d-42c8-a04c-1a29234276f9\",\"更新年度\":2021,\"前年同一\":true},{\"筆ポリゴンID\":\"c6ddcb8a-861d-42c8-a04c-1a29234276f9\",\"発生年度\":2020}]]]]","last_polygon_uuid":"b74bdca3-2391-45f7-af53-53b89ab42449","prev_last_polygon_uuid":"1518476a-683b-4f1f-816d-6a28510ffe37","local_government_cd":"014630","point_lng":142.4106755,"point_lat":42.978077601}},{"arcs":[[402]],"type":"Polygon","properties":{"polygon_uuid":"2589c644-58e9-40df-826e-89db563946d5","land_type":200,"issue_year":2025,"edit_year":2020,"history":"[{\"筆ポリゴンID\":\"d651566d-7737-44d1-9cc9-e161e89595d2\",\"更新年度\":2024,\"前年同一\":true},[{\"筆ポリゴンID\":\"d91e713e-b1fb-40a3-9a6c-a3d8cb4f3550\",\"更新年度\":2023,\"前年同一\":true},[{\"筆ポリゴンID\":\"f1e8a122-361b-41de-921c-799d00788f97\",\"更新年度\":2022,\"前年同一\":true},[{\"筆ポリゴンID\":\"647418ce-08e0-4793-ada5-23be5c85d5d3\",\"更新年度\":2021,\"前年同一\":true},{\"筆ポリゴンID\":\"647418ce-08e0-4793-ada5-23be5c85d5d3\",\"発生年度\":2020}]]]]","last_polygon_uuid":"d651566d-7737-44d1-9cc9-e161e89595d2","prev_last_polygon_uuid":"d91e713e-b1fb-40a3-9a6c-a3d8cb4f3550","local_government_cd":"014630","point_lng":142.397593741,"point_lat":43.019799809}},{"arcs":[[403]],"type":"Polygon","properties":{"polygon_uuid":"c4396314-2805-4813-b509-f3f608031411","land_type":200,"issue_year":2025,"edit_year":2020,"history":"[{\"筆ポリゴンID\":\"906b4933-e0a0-46e7-a10f-1953e13e50da\",\"更新年度\":2024,\"前年同一\":true},[{\"筆ポリゴンID\":\"fb2d0efd-22af-4144-b6db-e23c4a5e9717\",\"更新年度\":2023,\"前年同一\":true},[{\"筆ポリゴンID\":\"4beffaf8-32d7-4ab5-bb44-c32e3c7d3658\",\"更新年度\":2022,\"前年同一\":true},[{\"筆ポリゴンID\":\"5841ebc7-4218-4dd4-981e-7f7956452a6b\",\"更新年度\":2021,\"前年同一\":true},{\"筆ポリゴンID\":\"5841ebc7-4218-4dd4-981e-7f7956452a6b\",\"発生年度\":2020}]]]]","last_polygon_uuid":"906b4933-e0a0-46e7-a10f-1953e13e50da","prev_last_polygon_uuid":"fb2d0efd-22af-4144-b6db-e23c4a5e9717","local_government_cd":"014630","point_lng":142.46388917,"point_lat":43.040353929}},{"arcs":[[404]],"type":"Polygon","properties":{"polygon_uuid":"eb24a871-870f-411a-80dd-170a13e3bcd1","land_type":200,"issue_year":2025,"edit_year":2020,"history":"[{\"筆ポリゴンID\":\"7a69bc85-2724-40a0-907c-ce407fb9a9f7\",\"更新年度\":2024,\"前年同一\":true},[{\"筆ポリゴンID\":\"0d3cfd3a-9969-4f29-a500-c26e5bd43f0a\",\"更新年度\":2023,\"前年同一\":true},[{\"筆ポリゴンID\":\"471332d7-acdb-4b53-8163-0a0ec87a5641\",\"更新年度\":2022,\"前年同一\":true},[{\"筆ポリゴンID\":\"b8a659dd-4957-4543-8e5a-ba691c92a4d3\",\"更新年度\":2021,\"前年同一\":true},{\"筆ポリゴンID\":\"b8a659dd-4957-4543-8e5a-ba691c92a4d3\",\"発生年度\":2020}]]]]","last_polygon_uuid":"7a69bc85-2724-40a0-907c-ce407fb9a9f7","prev_last_polygon_uuid":"0d3cfd3a-9969-4f29-a500-c26e5bd43f0a","local_government_cd":"014630","point_lng":142.322266007,"point_lat":42.956213599}},{"arcs":[[405]],"type":"Polygon","properties":{"polygon_uuid":"331ed95d-64d4-40a0-85a5-3bdbd9950e52","land_type":200,"issue_year":2025,"edit_year":2020,"history":"[{\"筆ポリゴンID\":\"0af3ab1a-a88e-4d65-9c1a-e57d30fa46d5\",\"更新年度\":2024,\"前年同一\":true},[{\"筆ポリゴンID\":\"e86d1605-536f-4ae6-86f1-5affa4624c0b\",\"更新年度\":2023,\"前年同一\":true},[{\"筆ポリゴンID\":\"07d54e2c-2219-41a2-8edb-54842ba33725\",\"更新年度\":2022,\"前年同一\":true},[{\"筆ポリゴンID\":\"c60d0144-85c7-4f24-91b8-4f8f69f1090b\",\"更新年度\":2021,\"前年同一\":true},{\"筆ポリゴンID\":\"c60d0144-85c7-4f24-91b8-4f8f69f1090b\",\"発生年度\":2020}]]]]","last_polygon_uuid":"0af3ab1a-a88e-4d65-9c1a-e57d30fa46d5","prev_last_polygon_uuid":"e86d1605-536f-4ae6-86f1-5affa4624c0b","local_government_cd":"014630","point_lng":142.54099178,"point_lat":43.063925085}},{"arcs":[[406]],"type":"Polygon","properties":{"polygon_uuid":"a6beaecd-84b8-46a8-a8ad-979e377c8822","land_type":100,"issue_year":2025,"edit_year":2020,"history":"[{\"筆ポリゴンID\":\"476cefa0-8d81-4278-960c-cf98eef13064\",\"更新年度\":2024,\"前年同一\":true},[{\"筆ポリゴンID\":\"6fb47b76-dd5d-46d2-8ec7-feae270ee7b9\",\"更新年度\":2023,\"前年同一\":true},[{\"筆ポリゴンID\":\"02557633-6a6c-4554-9012-eb5f7ed51181\",\"更新年度\":2022,\"前年同一\":true},[{\"筆ポリゴンID\":\"a26b9698-3013-452a-a980-997367f00828\",\"更新年度\":2021,\"前年同一\":true},{\"筆ポリゴンID\":\"a26b9698-3013-452a-a980-997367f00828\",\"発生年度\":2020}]]]]","last_polygon_uuid":"476cefa0-8d81-4278-960c-cf98eef13064","prev_last_polygon_uuid":"6fb47b76-dd5d-46d2-8ec7-feae270ee7b9","local_government_cd":"014630","point_lng":142.47326856,"point_lat":42.964377383}},{"arcs":[[407]],"type":"Polygon","properties":{"polygon_uuid":"8a0a0430-ff9b-42cf-923e-e6c4f5fe0256","land_type":200,"issue_year":2025,"edit_year":2020,"history":"[{\"筆ポリゴンID\":\"f852c3ba-ef7e-4e68-a6ca-4da53f82b77a\",\"更新年度\":2024,\"前年同一\":true},[{\"筆ポリゴンID\":\"13561ed1-855e-44dc-8af4-97f4142d54c3\",\"更新年度\":2023,\"前年同一\":true},[{\"筆ポリゴンID\":\"e5acb2c3-5534-4805-9309-8672ff19880b\",\"更新年度\":2022,\"前年同一\":true},[{\"筆ポリゴンID\":\"7824f9a4-1f87-433a-b5e9-b367c2802e1c\",\"更新年度\":2021,\"前年同一\":true},{\"筆ポリゴンID\":\"7824f9a4-1f87-433a-b5e9-b367c2802e1c\",\"発生年度\":2020}]]]]","last_polygon_uuid":"f852c3ba-ef7e-4e68-a6ca-4da53f82b77a","prev_last_polygon_uuid":"13561ed1-855e-44dc-8af4-97f4142d54c3","local_government_cd":"014630","point_lng":142.483884874,"point_lat":42.97378207}},{"arcs":[[408]],"type":"Polygon","properties":{"polygon_uuid":"f15ddd08-3054-40c0-ab31-8921fc7d907f","land_type":200,"issue_year":2025,"edit_year":2020,"history":"[{\"筆ポリゴンID\":\"3eb5c787-a7c5-42ac-8507-b8beecd8553e\",\"更新年度\":2024,\"前年同一\":true},[{\"筆ポリゴンID\":\"f4df25f2-8733-48d5-bd2b-5fb2d8b474e5\",\"更新年度\":2023,\"前年同一\":true},[{\"筆ポリゴンID\":\"6b454f96-7f72-4d0b-851e-97c1c953aaa6\",\"更新年度\":2022,\"前年同一\":true},[{\"筆ポリゴンID\":\"3c7bc291-ab90-437a-815a-d505a12212de\",\"更新年度\":2021,\"前年同一\":true},{\"筆ポリゴンID\":\"3c7bc291-ab90-437a-815a-d505a12212de\",\"発生年度\":2020}]]]]","last_polygon_uuid":"3eb5c787-a7c5-42ac-8507-b8beecd8553e","prev_last_polygon_uuid":"f4df25f2-8733-48d5-bd2b-5fb2d8b474e5","local_government_cd":"014630","point_lng":142.55454727,"point_lat":43.06266662}},{"arcs":[[409]],"type":"Polygon","properties":{"polygon_uuid":"530a9676-5d81-451c-8cfc-caa4648875c1","land_type":200,"issue_year":2025,"edit_year":2020,"history":"[{\"筆ポリゴンID\":\"4f2208f9-1263-4655-bbe3-4947332b2b59\",\"更新年度\":2024,\"前年同一\":true},[{\"筆ポリゴンID\":\"93bf8577-1162-4b7c-9211-ae419fd50527\",\"更新年度\":2023,\"前年同一\":true},[{\"筆ポリゴンID\":\"8b92fd0e-32a4-425f-a7ec-ae4192867336\",\"更新年度\":2022,\"前年同一\":true},[{\"筆ポリゴンID\":\"5f7e4ccf-5371-4207-bb52-6afd79b1d3cf\",\"更新年度\":2021,\"前年同一\":true},{\"筆ポリゴンID\":\"5f7e4ccf-5371-4207-bb52-6afd79b1d3cf\",\"発生年度\":2020}]]]]","last_polygon_uuid":"4f2208f9-1263-4655-bbe3-4947332b2b59","prev_last_polygon_uuid":"93bf8577-1162-4b7c-9211-ae419fd50527","local_government_cd":"014630","point_lng":142.513465932,"point_lat":43.075061356}},{"arcs":[[410]],"type":"Polygon","properties":{"polygon_uuid":"5522bc48-42ba-472e-ac40-833ee1f45ed8","land_type":100,"issue_year":2025,"edit_year":2020,"history":"[{\"筆ポリゴンID\":\"deee3335-ee64-4ca9-b1d5-78beab3bd481\",\"更新年度\":2024,\"前年同一\":true},[{\"筆ポリゴンID\":\"ac5e5cf6-9106-4230-b8c7-0e6bf9af9559\",\"更新年度\":2023,\"前年同一\":true},[{\"筆ポリゴンID\":\"331caa81-e064-47a8-8c9f-cb6c204b294b\",\"更新年度\":2022,\"前年同一\":true},[{\"筆ポリゴンID\":\"51381155-fd8d-4564-a6e1-aead6343bdc1\",\"更新年度\":2021,\"前年同一\":true},{\"筆ポリゴンID\":\"51381155-fd8d-4564-a6e1-aead6343bdc1\",\"発生年度\":2020}]]]]","last_polygon_uuid":"deee3335-ee64-4ca9-b1d5-78beab3bd481","prev_last_polygon_uuid":"ac5e5cf6-9106-4230-b8c7-0e6bf9af9559","local_government_cd":"014630","point_lng":142.410930707,"point_lat":43.003717448}},{"arcs":[[411]],"type":"Polygon","properties":{"polygon_uuid":"5298a7b9-f97a-477e-9de5-47d078b871c0","land_type":200,"issue_year":2025,"edit_year":2020,"history":"[{\"筆ポリゴンID\":\"708b82c5-697c-4f48-bc32-bba7ba0e8294\",\"更新年度\":2024,\"前年同一\":true},[{\"筆ポリゴンID\":\"bd8b34b5-1451-40b1-94c1-251164ba9552\",\"更新年度\":2023,\"前年同一\":true},[{\"筆ポリゴンID\":\"66721786-f6e6-4b16-95fe-f16ebc85502a\",\"更新年度\":2022,\"前年同一\":true},[{\"筆ポリゴンID\":\"66133825-3519-47f0-bc1f-2e3ffe8f4a15\",\"更新年度\":2021,\"前年同一\":true},{\"筆ポリゴンID\":\"66133825-3519-47f0-bc1f-2e3ffe8f4a15\",\"発生年度\":2020}]]]]","last_polygon_uuid":"708b82c5-697c-4f48-bc32-bba7ba0e8294","prev_last_polygon_uuid":"bd8b34b5-1451-40b1-94c1-251164ba9552","local_government_cd":"014630","point_lng":142.560154494,"point_lat":43.076757838}},{"arcs":[[-54,412]],"type":"Polygon","properties":{"polygon_uuid":"9de218d4-b44d-48ba-8c88-54315dbdb3b1","land_type":100,"issue_year":2025,"edit_year":2020,"history":"[{\"筆ポリゴンID\":\"2b4c4912-0315-484d-b63b-418a76a2dd71\",\"更新年度\":2024,\"前年同一\":true},[{\"筆ポリゴンID\":\"94755677-950d-4dcd-9587-97e7b1942306\",\"更新年度\":2023,\"前年同一\":true},[{\"筆ポリゴンID\":\"7d88e017-d158-4c66-9f09-86be60e3d2c2\",\"更新年度\":2022,\"前年同一\":true},[{\"筆ポリゴンID\":\"d076f9d4-2ca8-40aa-8343-c409d3044926\",\"更新年度\":2021,\"前年同一\":true},{\"筆ポリゴンID\":\"d076f9d4-2ca8-40aa-8343-c409d3044926\",\"発生年度\":2020}]]]]","last_polygon_uuid":"2b4c4912-0315-484d-b63b-418a76a2dd71","prev_last_polygon_uuid":"94755677-950d-4dcd-9587-97e7b1942306","local_government_cd":"014630","point_lng":142.408105241,"point_lat":42.990767581}},{"arcs":[[413]],"type":"Polygon","properties":{"polygon_uuid":"fb7f1318-fec5-49e7-a716-7b44c14fc979","land_type":200,"issue_year":2025,"edit_year":2020,"history":"[{\"筆ポリゴンID\":\"988741e5-4eb2-424c-a5da-4648bbcd95c2\",\"更新年度\":2024,\"前年同一\":true},[{\"筆ポリゴンID\":\"e73ffc91-d9b1-4787-802f-5913a52ac1e2\",\"更新年度\":2023,\"前年同一\":true},[{\"筆ポリゴンID\":\"2aa25bb3-7c08-4221-af5a-6c58cb13f462\",\"更新年度\":2022,\"前年同一\":true},[{\"筆ポリゴンID\":\"de8d0938-20f4-47c5-a0d7-a9c8c6f52207\",\"更新年度\":2021,\"前年同一\":true},{\"筆ポリゴンID\":\"de8d0938-20f4-47c5-a0d7-a9c8c6f52207\",\"発生年度\":2020}]]]]","last_polygon_uuid":"988741e5-4eb2-424c-a5da-4648bbcd95c2","prev_last_polygon_uuid":"e73ffc91-d9b1-4787-802f-5913a52ac1e2","local_government_cd":"014630","point_lng":142.399868274,"point_lat":43.016146132}},{"arcs":[[414]],"type":"Polygon","properties":{"polygon_uuid":"f205e2b1-11e0-42d1-8c76-ae24ef277464","land_type":100,"issue_year":2025,"edit_year":2020,"history":"[{\"筆ポリゴンID\":\"8d045720-0501-4d2d-8f24-3fb5cff4062b\",\"更新年度\":2024,\"前年同一\":true},[{\"筆ポリゴンID\":\"e1af1b63-7e2d-4e17-ae65-bf0dd68cebeb\",\"更新年度\":2023,\"前年同一\":true},[{\"筆ポリゴンID\":\"c46f4ff6-8030-4b3b-9f2b-a67da13ee805\",\"更新年度\":2022,\"前年同一\":true},[{\"筆ポリゴンID\":\"9008d9a0-e027-40db-9913-7d6117a8a60f\",\"更新年度\":2021,\"前年同一\":true},{\"筆ポリゴンID\":\"9008d9a0-e027-40db-9913-7d6117a8a60f\",\"発生年度\":2020}]]]]","last_polygon_uuid":"8d045720-0501-4d2d-8f24-3fb5cff4062b","prev_last_polygon_uuid":"e1af1b63-7e2d-4e17-ae65-bf0dd68cebeb","local_government_cd":"014630","point_lng":142.402617164,"point_lat":43.011052746}},{"arcs":[[415]],"type":"Polygon","properties":{"polygon_uuid":"2ec3d853-e8a3-4d69-acd7-09ef5d964137","land_type":100,"issue_year":2025,"edit_year":2020,"history":"[{\"筆ポリゴンID\":\"6289c7b1-5027-4dc7-9452-a0fd56ba0a9f\",\"更新年度\":2024,\"前年同一\":true},[{\"筆ポリゴンID\":\"c67480d5-d043-43f2-a5cc-ac51f1774f54\",\"更新年度\":2023,\"前年同一\":true},[{\"筆ポリゴンID\":\"df025915-b9d3-484f-b22f-9bcbbe7a95a7\",\"更新年度\":2022,\"前年同一\":true},[{\"筆ポリゴンID\":\"f04bcbfd-19ed-41c8-958b-3756283e4768\",\"更新年度\":2021,\"前年同一\":true},{\"筆ポリゴンID\":\"f04bcbfd-19ed-41c8-958b-3756283e4768\",\"発生年度\":2020}]]]]","last_polygon_uuid":"6289c7b1-5027-4dc7-9452-a0fd56ba0a9f","prev_last_polygon_uuid":"c67480d5-d043-43f2-a5cc-ac51f1774f54","local_government_cd":"014630","point_lng":142.401464013,"point_lat":43.011931959}},{"arcs":[[416]],"type":"Polygon","properties":{"polygon_uuid":"093b41f1-096e-4666-ae2f-57271a501a4a","land_type":200,"issue_year":2025,"edit_year":2020,"history":"[{\"筆ポリゴンID\":\"2960e9b5-6976-409e-9dd7-df9541539407\",\"更新年度\":2024,\"前年同一\":true},[{\"筆ポリゴンID\":\"e819efa8-4b42-4185-bbfe-25ed09eec968\",\"更新年度\":2023,\"前年同一\":true},[{\"筆ポリゴンID\":\"d63b1f9d-ae66-4c1d-8860-f1e3a71e7109\",\"更新年度\":2022,\"前年同一\":true},[{\"筆ポリゴンID\":\"259ddad7-2983-4872-8279-8b213b38a176\",\"更新年度\":2021,\"前年同一\":true},{\"筆ポリゴンID\":\"259ddad7-2983-4872-8279-8b213b38a176\",\"発生年度\":2020}]]]]","last_polygon_uuid":"2960e9b5-6976-409e-9dd7-df9541539407","prev_last_polygon_uuid":"e819efa8-4b42-4185-bbfe-25ed09eec968","local_government_cd":"014630","point_lng":142.39772864,"point_lat":42.996253567}},{"arcs":[[417,418,419,420]],"type":"Polygon","properties":{"polygon_uuid":"1dcac069-6794-45cb-ac4d-13397fbee7ca","land_type":200,"issue_year":2025,"edit_year":2020,"history":"[{\"筆ポリゴンID\":\"2538ebd1-bbbc-4d00-a57c-2842d55a16a6\",\"更新年度\":2024,\"前年同一\":true},[{\"筆ポリゴンID\":\"2995503e-d4d8-47a7-a0d8-7b65bb0f2486\",\"更新年度\":2023,\"前年同一\":true},[{\"筆ポリゴンID\":\"b4d0b01a-cacf-4415-9930-edc284f8b923\",\"更新年度\":2022,\"前年同一\":true},[{\"筆ポリゴンID\":\"ef37b195-a7e5-4466-8e77-b660c9271613\",\"更新年度\":2021,\"前年同一\":true},{\"筆ポリゴンID\":\"ef37b195-a7e5-4466-8e77-b660c9271613\",\"発生年度\":2020}]]]]","last_polygon_uuid":"2538ebd1-bbbc-4d00-a57c-2842d55a16a6","prev_last_polygon_uuid":"2995503e-d4d8-47a7-a0d8-7b65bb0f2486","local_government_cd":"014630","point_lng":142.405427759,"point_lat":43.002297887}},{"arcs":[[421]],"type":"Polygon","properties":{"polygon_uuid":"9c13dad9-5d2d-411a-8326-cd7cbbb1087f","land_type":200,"issue_year":2025,"edit_year":2020,"history":"[{\"筆ポリゴンID\":\"312a0f5a-7d6c-4cf2-b1d3-85638419d102\",\"更新年度\":2024,\"前年同一\":true},[{\"筆ポリゴンID\":\"c8ee7824-8620-477b-8905-64d9c868bb64\",\"更新年度\":2023,\"前年同一\":true},[{\"筆ポリゴンID\":\"ce2691d2-918c-4a73-97cd-5762be54138c\",\"更新年度\":2022,\"前年同一\":true},[{\"筆ポリゴンID\":\"f04e54d9-1cdb-42a4-87d4-490c17a97da0\",\"更新年度\":2021,\"前年同一\":true},{\"筆ポリゴンID\":\"f04e54d9-1cdb-42a4-87d4-490c17a97da0\",\"発生年度\":2020}]]]]","last_polygon_uuid":"312a0f5a-7d6c-4cf2-b1d3-85638419d102","prev_last_polygon_uuid":"c8ee7824-8620-477b-8905-64d9c868bb64","local_government_cd":"014630","point_lng":142.405120525,"point_lat":43.000625699}},{"arcs":[[422]],"type":"Polygon","properties":{"polygon_uuid":"23d69d74-06cc-48c8-8b2e-9eda36560cd0","land_type":200,"issue_year":2025,"edit_year":2020,"history":"[{\"筆ポリゴンID\":\"a4cbb40e-6454-4a51-9529-ed22dfaae521\",\"更新年度\":2024,\"前年同一\":true},[{\"筆ポリゴンID\":\"31bdfdc2-8fa5-41b0-9e25-42cd3b411ea9\",\"更新年度\":2023,\"前年同一\":true},[{\"筆ポリゴンID\":\"0dc44b84-9692-4e06-89dd-aa66b5244a1b\",\"更新年度\":2022,\"前年同一\":true},[{\"筆ポリゴンID\":\"2d142f76-0ff4-4faa-8bb3-09b29260b7dc\",\"更新年度\":2021,\"前年同一\":true},{\"筆ポリゴンID\":\"2d142f76-0ff4-4faa-8bb3-09b29260b7dc\",\"発生年度\":2020}]]]]","last_polygon_uuid":"a4cbb40e-6454-4a51-9529-ed22dfaae521","prev_last_polygon_uuid":"31bdfdc2-8fa5-41b0-9e25-42cd3b411ea9","local_government_cd":"014630","point_lng":142.401456357,"point_lat":42.974025544}},{"arcs":[[423]],"type":"Polygon","properties":{"polygon_uuid":"6979c5aa-21a2-4aed-8ca8-d1ce30038646","land_type":200,"issue_year":2025,"edit_year":2020,"history":"[{\"筆ポリゴンID\":\"7f47164a-e39d-4ac1-8c60-69270e6ff58e\",\"更新年度\":2024,\"前年同一\":true},[{\"筆ポリゴンID\":\"39a453bc-52a5-42b1-8236-d58a74b5115b\",\"更新年度\":2023,\"前年同一\":true},[{\"筆ポリゴンID\":\"6e77bc19-bdef-4306-8277-09d5a82c1b48\",\"更新年度\":2022,\"前年同一\":true},[{\"筆ポリゴンID\":\"ddd97fa8-a3e1-41b7-829d-9f87ded67011\",\"更新年度\":2021,\"前年同一\":true},{\"筆ポリゴンID\":\"ddd97fa8-a3e1-41b7-829d-9f87ded67011\",\"発生年度\":2020}]]]]","last_polygon_uuid":"7f47164a-e39d-4ac1-8c60-69270e6ff58e","prev_last_polygon_uuid":"39a453bc-52a5-42b1-8236-d58a74b5115b","local_government_cd":"014630","point_lng":142.486196682,"point_lat":42.965908603}},{"arcs":[[424]],"type":"Polygon","properties":{"polygon_uuid":"d49a3c75-25af-4984-aa3c-11721cf6deec","land_type":200,"issue_year":2025,"edit_year":2020,"history":"[{\"筆ポリゴンID\":\"7b6bc25f-e125-46ed-b610-c62f678adf78\",\"更新年度\":2024,\"前年同一\":true},[{\"筆ポリゴンID\":\"549ff802-95a4-492a-88a5-6ae671c4ac4e\",\"更新年度\":2023,\"前年同一\":true},[{\"筆ポリゴンID\":\"36e022eb-7f09-42c6-8ae8-038c92b09031\",\"更新年度\":2022,\"前年同一\":true},[{\"筆ポリゴンID\":\"66a2bbff-56a9-4ccd-b987-cb60ff7e4867\",\"更新年度\":2021,\"前年同一\":true},{\"筆ポリゴンID\":\"66a2bbff-56a9-4ccd-b987-cb60ff7e4867\",\"発生年度\":2020}]]]]","last_polygon_uuid":"7b6bc25f-e125-46ed-b610-c62f678adf78","prev_last_polygon_uuid":"549ff802-95a4-492a-88a5-6ae671c4ac4e","local_government_cd":"014630","point_lng":142.519319247,"point_lat":43.067347323}},{"arcs":[[425,426]],"type":"Polygon","properties":{"polygon_uuid":"6fb50fb5-2f29-4bf5-b65f-008737614069","land_type":200,"issue_year":2025,"edit_year":2020,"history":"[{\"筆ポリゴンID\":\"3f7f7a51-2295-4306-8ea2-2baf3f50796d\",\"更新年度\":2024,\"前年同一\":true},[{\"筆ポリゴンID\":\"b7e4e4aa-42c7-49bf-8d11-8de69517909e\",\"更新年度\":2023,\"前年同一\":true},[{\"筆ポリゴンID\":\"f8fc6020-b632-4bcc-8074-a22ad4c874cd\",\"更新年度\":2022,\"前年同一\":true},[{\"筆ポリゴンID\":\"477eaf9c-2e9f-4537-89d2-bb7fd04a684e\",\"更新年度\":2021,\"前年同一\":true},{\"筆ポリゴンID\":\"477eaf9c-2e9f-4537-89d2-bb7fd04a684e\",\"発生年度\":2020}]]]]","last_polygon_uuid":"3f7f7a51-2295-4306-8ea2-2baf3f50796d","prev_last_polygon_uuid":"b7e4e4aa-42c7-49bf-8d11-8de69517909e","local_government_cd":"014630","point_lng":142.404419188,"point_lat":43.011539884}},{"arcs":[[427]],"type":"Polygon","properties":{"polygon_uuid":"7dae5c04-844a-42f6-a013-593f9c4103e4","land_type":200,"issue_year":2025,"edit_year":2020,"history":"[{\"筆ポリゴンID\":\"6d779b5a-1343-4f3c-a1a5-c41f288015cc\",\"更新年度\":2024,\"前年同一\":true},[{\"筆ポリゴンID\":\"4052e1b2-ed81-4d1d-afdd-3617c9a1bacf\",\"更新年度\":2023,\"前年同一\":true},[{\"筆ポリゴンID\":\"4f0995f7-6f7a-4b5f-a7b6-cdea83c5f68c\",\"更新年度\":2022,\"前年同一\":true},[{\"筆ポリゴンID\":\"1c2398c3-cdf4-40ad-9b0c-73b3cb574895\",\"更新年度\":2021,\"前年同一\":true},{\"筆ポリゴンID\":\"1c2398c3-cdf4-40ad-9b0c-73b3cb574895\",\"発生年度\":2020}]]]]","last_polygon_uuid":"6d779b5a-1343-4f3c-a1a5-c41f288015cc","prev_last_polygon_uuid":"4052e1b2-ed81-4d1d-afdd-3617c9a1bacf","local_government_cd":"014630","point_lng":142.399349971,"point_lat":42.986652951}},{"arcs":[[-420,428,429,430]],"type":"Polygon","properties":{"polygon_uuid":"a01fcd11-d798-45fe-b349-2c4fdb3e6f06","land_type":200,"issue_year":2025,"edit_year":2020,"history":"[{\"筆ポリゴンID\":\"7908c6e6-40b3-44c5-9052-31c7ce3271bf\",\"更新年度\":2024,\"前年同一\":true},[{\"筆ポリゴンID\":\"af53021c-313f-4e0b-a6dc-8f45492f94fd\",\"更新年度\":2023,\"前年同一\":true},[{\"筆ポリゴンID\":\"bfed724e-5eb4-4704-bd37-e1ca7498e963\",\"更新年度\":2022,\"前年同一\":true},[{\"筆ポリゴンID\":\"63ec7f60-c015-4e6f-a2cf-b5c9eb5e0f93\",\"更新年度\":2021,\"前年同一\":true},{\"筆ポリゴンID\":\"63ec7f60-c015-4e6f-a2cf-b5c9eb5e0f93\",\"発生年度\":2020}]]]]","last_polygon_uuid":"7908c6e6-40b3-44c5-9052-31c7ce3271bf","prev_last_polygon_uuid":"af53021c-313f-4e0b-a6dc-8f45492f94fd","local_government_cd":"014630","point_lng":142.404722664,"point_lat":43.001624972}},{"arcs":[[431,432]],"type":"Polygon","properties":{"polygon_uuid":"d749980f-7089-4ac3-87f0-e1b0bc2ae27d","land_type":200,"issue_year":2025,"edit_year":2020,"history":"[{\"筆ポリゴンID\":\"9ca7ea72-6a6a-46e9-bbd9-321bc1ef38fa\",\"更新年度\":2024,\"前年同一\":true},[{\"筆ポリゴンID\":\"3259b9df-13e2-4eda-8923-fd58bc4b0602\",\"更新年度\":2023,\"前年同一\":true},[{\"筆ポリゴンID\":\"efb49d1e-92c9-4a08-bac6-d5447db00fc9\",\"更新年度\":2022,\"前年同一\":true},[{\"筆ポリゴンID\":\"1244c4df-d484-4905-afb5-77bcc0ddf30e\",\"更新年度\":2021,\"前年同一\":true},{\"筆ポリゴンID\":\"1244c4df-d484-4905-afb5-77bcc0ddf30e\",\"発生年度\":2020}]]]]","last_polygon_uuid":"9ca7ea72-6a6a-46e9-bbd9-321bc1ef38fa","prev_last_polygon_uuid":"3259b9df-13e2-4eda-8923-fd58bc4b0602","local_government_cd":"014630","point_lng":142.471328389,"point_lat":42.95565502}},{"arcs":[[433]],"type":"Polygon","properties":{"polygon_uuid":"ed764a0e-54fc-44f5-b82f-5a2ad426d10b","land_type":200,"issue_year":2025,"edit_year":2020,"history":"[{\"筆ポリゴンID\":\"7417b7a0-a818-4dbf-a6aa-ddb0263c4558\",\"更新年度\":2024,\"前年同一\":true},[{\"筆ポリゴンID\":\"d930bb5d-f0f9-4d03-977c-371bf9af7621\",\"更新年度\":2023,\"前年同一\":true},[{\"筆ポリゴンID\":\"5c28b372-5de1-4bce-bb3e-df8667e9a28c\",\"更新年度\":2022,\"前年同一\":true},[{\"筆ポリゴンID\":\"55e0fe99-22cd-4d8c-ae18-a9fff4d27701\",\"更新年度\":2021,\"前年同一\":true},{\"筆ポリゴンID\":\"55e0fe99-22cd-4d8c-ae18-a9fff4d27701\",\"発生年度\":2020}]]]]","last_polygon_uuid":"7417b7a0-a818-4dbf-a6aa-ddb0263c4558","prev_last_polygon_uuid":"d930bb5d-f0f9-4d03-977c-371bf9af7621","local_government_cd":"014630","point_lng":142.408113789,"point_lat":42.993083012}},{"arcs":[[434]],"type":"Polygon","properties":{"polygon_uuid":"2235abb9-e7e2-450d-bb2b-5b0d169f7e8b","land_type":200,"issue_year":2025,"edit_year":2020,"history":"[{\"筆ポリゴンID\":\"c2533c33-dede-4cd7-bb37-7ad4e685796a\",\"更新年度\":2024,\"前年同一\":true},[{\"筆ポリゴンID\":\"b0107590-a1ae-4c99-8a38-711745a4e3a8\",\"更新年度\":2023,\"前年同一\":true},[{\"筆ポリゴンID\":\"1ca7b720-f889-4fd2-a076-45a3f8b10094\",\"更新年度\":2022,\"前年同一\":true},[{\"筆ポリゴンID\":\"56876346-004a-428f-b6f8-10adf08121e9\",\"更新年度\":2021,\"前年同一\":true},{\"筆ポリゴンID\":\"56876346-004a-428f-b6f8-10adf08121e9\",\"発生年度\":2020}]]]]","last_polygon_uuid":"c2533c33-dede-4cd7-bb37-7ad4e685796a","prev_last_polygon_uuid":"b0107590-a1ae-4c99-8a38-711745a4e3a8","local_government_cd":"014630","point_lng":142.518484063,"point_lat":43.068484626}},{"arcs":[[435]],"type":"Polygon","properties":{"polygon_uuid":"3fbf8e68-7fef-4fb3-aa02-bcfacac26f24","land_type":200,"issue_year":2025,"edit_year":2020,"history":"[{\"筆ポリゴンID\":\"12be71e7-eaa1-4b61-9fb1-2ff1366a139a\",\"更新年度\":2024,\"前年同一\":true},[{\"筆ポリゴンID\":\"7ed2e7c2-3ca5-4d8f-92ce-427ed90a03bf\",\"更新年度\":2023,\"前年同一\":true},[{\"筆ポリゴンID\":\"12aeb19e-6ba1-46c5-9bb0-988e55f716d1\",\"更新年度\":2022,\"前年同一\":true},[{\"筆ポリゴンID\":\"ea8007cf-b90c-4de4-96e1-bf3a6b41d97b\",\"更新年度\":2021,\"前年同一\":true},{\"筆ポリゴンID\":\"ea8007cf-b90c-4de4-96e1-bf3a6b41d97b\",\"発生年度\":2020}]]]]","last_polygon_uuid":"12be71e7-eaa1-4b61-9fb1-2ff1366a139a","prev_last_polygon_uuid":"7ed2e7c2-3ca5-4d8f-92ce-427ed90a03bf","local_government_cd":"014630","point_lng":142.550951956,"point_lat":43.066386843}},{"arcs":[[436,437]],"type":"Polygon","properties":{"polygon_uuid":"db72afd7-c759-4e5b-af5a-59c8df1a83e9","land_type":100,"issue_year":2025,"edit_year":2020,"history":"[{\"筆ポリゴンID\":\"b684a224-a879-42de-bb43-97357582516b\",\"更新年度\":2024,\"前年同一\":true},[{\"筆ポリゴンID\":\"042f4529-7307-4357-b6eb-1e5003a8e3b5\",\"更新年度\":2023,\"前年同一\":true},[{\"筆ポリゴンID\":\"919e0b82-0a52-4fe1-9dc5-674252fccf79\",\"更新年度\":2022,\"前年同一\":true},[{\"筆ポリゴンID\":\"c361466d-fa1b-4b45-aa83-b24bd61ee5fa\",\"更新年度\":2021,\"前年同一\":true},{\"筆ポリゴンID\":\"c361466d-fa1b-4b45-aa83-b24bd61ee5fa\",\"発生年度\":2020}]]]]","last_polygon_uuid":"b684a224-a879-42de-bb43-97357582516b","prev_last_polygon_uuid":"042f4529-7307-4357-b6eb-1e5003a8e3b5","local_government_cd":"014630","point_lng":142.480692322,"point_lat":42.964239075}},{"arcs":[[-147,438,-124,439]],"type":"Polygon","properties":{"polygon_uuid":"8fe5dfe7-ed3b-4cfd-8f20-d19816b06d2a","land_type":100,"issue_year":2025,"edit_year":2020,"history":"[{\"筆ポリゴンID\":\"4463effb-70e2-4a0f-a324-309e5fc99c42\",\"更新年度\":2024,\"前年同一\":true},[{\"筆ポリゴンID\":\"04998a25-7ddd-4417-8b7a-99665e528937\",\"更新年度\":2023,\"前年同一\":true},[{\"筆ポリゴンID\":\"c08446db-3511-4c76-8e05-6c39b57491c9\",\"更新年度\":2022,\"前年同一\":true},[{\"筆ポリゴンID\":\"db27a12e-0630-4593-8bc1-ca0a06121847\",\"更新年度\":2021,\"前年同一\":true},{\"筆ポリゴンID\":\"db27a12e-0630-4593-8bc1-ca0a06121847\",\"発生年度\":2020}]]]]","last_polygon_uuid":"4463effb-70e2-4a0f-a324-309e5fc99c42","prev_last_polygon_uuid":"04998a25-7ddd-4417-8b7a-99665e528937","local_government_cd":"014630","point_lng":142.397977749,"point_lat":42.991572653}},{"arcs":[[440,441,442]],"type":"Polygon","properties":{"polygon_uuid":"7cf1ef5e-5514-4371-b876-71a86071e156","land_type":100,"issue_year":2025,"edit_year":2020,"history":"[{\"筆ポリゴンID\":\"078e4d1e-6228-488a-9162-33a46f92ebf9\",\"更新年度\":2024,\"前年同一\":true},[{\"筆ポリゴンID\":\"3b5f66df-7181-4d42-91f9-df8dcb50d672\",\"更新年度\":2023,\"前年同一\":true},[{\"筆ポリゴンID\":\"dd9f98b0-36c2-419d-a909-990c6add1eac\",\"更新年度\":2022,\"前年同一\":true},[{\"筆ポリゴンID\":\"8e41c7fd-ed39-4563-b26b-281572e2f924\",\"更新年度\":2021,\"前年同一\":true},{\"筆ポリゴンID\":\"8e41c7fd-ed39-4563-b26b-281572e2f924\",\"発生年度\":2020}]]]]","last_polygon_uuid":"078e4d1e-6228-488a-9162-33a46f92ebf9","prev_last_polygon_uuid":"3b5f66df-7181-4d42-91f9-df8dcb50d672","local_government_cd":"014630","point_lng":142.401329344,"point_lat":42.988668022}},{"arcs":[[443,444]],"type":"Polygon","properties":{"polygon_uuid":"68136853-1706-4a6a-86ff-19494d1ee8ab","land_type":100,"issue_year":2025,"edit_year":2020,"history":"[{\"筆ポリゴンID\":\"c1f76178-a95f-4cd8-a6f3-31723cf690d5\",\"更新年度\":2024,\"前年同一\":true},[{\"筆ポリゴンID\":\"afa6e7eb-85c8-473c-b240-978587dade77\",\"更新年度\":2023,\"前年同一\":true},[{\"筆ポリゴンID\":\"f39bbef8-1064-4d93-9d3a-106c11a4e444\",\"更新年度\":2022,\"前年同一\":true},[{\"筆ポリゴンID\":\"26a848fb-25b9-4b85-9166-31e9f2fbcff7\",\"更新年度\":2021,\"前年同一\":true},{\"筆ポリゴンID\":\"26a848fb-25b9-4b85-9166-31e9f2fbcff7\",\"発生年度\":2020}]]]]","last_polygon_uuid":"c1f76178-a95f-4cd8-a6f3-31723cf690d5","prev_last_polygon_uuid":"afa6e7eb-85c8-473c-b240-978587dade77","local_government_cd":"014630","point_lng":142.401987944,"point_lat":42.97576982}},{"arcs":[[445]],"type":"Polygon","properties":{"polygon_uuid":"e56286f0-8577-4302-9c10-9703aad3df0b","land_type":100,"issue_year":2025,"edit_year":2020,"history":"[{\"筆ポリゴンID\":\"61d28bde-b935-4eb7-ba50-ff30ee5b786f\",\"更新年度\":2024,\"前年同一\":true},[{\"筆ポリゴンID\":\"0eb44291-49ff-40c7-b234-e45155685f79\",\"更新年度\":2023,\"前年同一\":true},[{\"筆ポリゴンID\":\"36c1d21a-4dae-45dc-8a0a-6d6e26911222\",\"更新年度\":2022,\"前年同一\":true},[{\"筆ポリゴンID\":\"3b27246d-44e3-4d37-b39e-81e44d28a44e\",\"更新年度\":2021,\"前年同一\":true},{\"筆ポリゴンID\":\"3b27246d-44e3-4d37-b39e-81e44d28a44e\",\"発生年度\":2020}]]]]","last_polygon_uuid":"61d28bde-b935-4eb7-ba50-ff30ee5b786f","prev_last_polygon_uuid":"0eb44291-49ff-40c7-b234-e45155685f79","local_government_cd":"014630","point_lng":142.468347226,"point_lat":42.960533183}},{"arcs":[[446]],"type":"Polygon","properties":{"polygon_uuid":"0d1b021c-3d9a-4c54-aae9-dbf037f59f98","land_type":200,"issue_year":2025,"edit_year":2020,"history":"[{\"筆ポリゴンID\":\"4f079e39-ea22-4e75-90a8-ca88aa3c9c75\",\"更新年度\":2024,\"前年同一\":true},[{\"筆ポリゴンID\":\"099b30ff-3829-4acf-9df7-ac4cb9c12252\",\"更新年度\":2023,\"前年同一\":true},[{\"筆ポリゴンID\":\"8f8ed910-4fb1-462f-be51-643c71c9dd3b\",\"更新年度\":2022,\"前年同一\":true},[{\"筆ポリゴンID\":\"10a64d91-b35f-4394-9c23-511ef46a9471\",\"更新年度\":2021,\"前年同一\":true},{\"筆ポリゴンID\":\"10a64d91-b35f-4394-9c23-511ef46a9471\",\"発生年度\":2020}]]]]","last_polygon_uuid":"4f079e39-ea22-4e75-90a8-ca88aa3c9c75","prev_last_polygon_uuid":"099b30ff-3829-4acf-9df7-ac4cb9c12252","local_government_cd":"014630","point_lng":142.413612825,"point_lat":42.971578258}},{"arcs":[[447]],"type":"Polygon","properties":{"polygon_uuid":"71b55678-808b-41de-abe9-11aa22bad217","land_type":100,"issue_year":2025,"edit_year":2020,"history":"[{\"筆ポリゴンID\":\"18f6cbfb-0fae-4731-a5ff-d8cf29e08137\",\"更新年度\":2024,\"前年同一\":true},[{\"筆ポリゴンID\":\"17462131-52eb-471f-a596-66449c3eb021\",\"更新年度\":2023,\"前年同一\":true},[{\"筆ポリゴンID\":\"f9734c64-bd3a-4e4d-896f-5744eb69dde2\",\"更新年度\":2022,\"前年同一\":true},[{\"筆ポリゴンID\":\"082bb11a-018b-40c1-b707-cacd17e295a6\",\"更新年度\":2021,\"前年同一\":true},{\"筆ポリゴンID\":\"082bb11a-018b-40c1-b707-cacd17e295a6\",\"発生年度\":2020}]]]]","last_polygon_uuid":"18f6cbfb-0fae-4731-a5ff-d8cf29e08137","prev_last_polygon_uuid":"17462131-52eb-471f-a596-66449c3eb021","local_government_cd":"014630","point_lng":142.405842172,"point_lat":42.993134802}},{"arcs":[[448,449]],"type":"Polygon","properties":{"polygon_uuid":"c477bc5f-13fc-4ea8-9c4d-4812651671e5","land_type":200,"issue_year":2025,"edit_year":2020,"history":"[{\"筆ポリゴンID\":\"48a769cb-64f8-41b4-b674-461107201c3d\",\"更新年度\":2024,\"前年同一\":true},[{\"筆ポリゴンID\":\"20f568c7-07a3-4793-9a14-daae28676360\",\"更新年度\":2023,\"前年同一\":true},[{\"筆ポリゴンID\":\"f1ace9f3-99b8-4bf7-ba78-3772471903c3\",\"更新年度\":2022,\"前年同一\":true},[{\"筆ポリゴンID\":\"6f319843-9e57-4404-a896-6e7c4e9b89b6\",\"更新年度\":2021,\"前年同一\":true},{\"筆ポリゴンID\":\"6f319843-9e57-4404-a896-6e7c4e9b89b6\",\"発生年度\":2020}]]]]","last_polygon_uuid":"48a769cb-64f8-41b4-b674-461107201c3d","prev_last_polygon_uuid":"20f568c7-07a3-4793-9a14-daae28676360","local_government_cd":"014630","point_lng":142.408742626,"point_lat":42.996679129}},{"arcs":[[450]],"type":"Polygon","properties":{"polygon_uuid":"c7b9a781-ebaa-42cb-94aa-bb8329ddf09c","land_type":100,"issue_year":2025,"edit_year":2020,"history":"[{\"筆ポリゴンID\":\"75d736bb-747e-4f45-862d-b84cdd472ec5\",\"更新年度\":2024,\"前年同一\":true},[{\"筆ポリゴンID\":\"1dc1d11a-30cc-4a65-9766-e7efcd4ca9ab\",\"更新年度\":2023,\"前年同一\":true},[{\"筆ポリゴンID\":\"21209593-ac3f-4862-b26a-ab61f03de025\",\"更新年度\":2022,\"前年同一\":true},[{\"筆ポリゴンID\":\"fba117ae-cf33-4829-b842-1faefe1e6351\",\"更新年度\":2021,\"前年同一\":true},{\"筆ポリゴンID\":\"fba117ae-cf33-4829-b842-1faefe1e6351\",\"発生年度\":2020}]]]]","last_polygon_uuid":"75d736bb-747e-4f45-862d-b84cdd472ec5","prev_last_polygon_uuid":"1dc1d11a-30cc-4a65-9766-e7efcd4ca9ab","local_government_cd":"014630","point_lng":142.478562946,"point_lat":42.9618771}},{"arcs":[[451]],"type":"Polygon","properties":{"polygon_uuid":"393a27b0-1f32-4a33-b661-6613cd7093e5","land_type":200,"issue_year":2025,"edit_year":2020,"history":"[{\"筆ポリゴンID\":\"de8b4b68-ca1f-4eee-830c-d14916a343ba\",\"更新年度\":2024,\"前年同一\":true},[{\"筆ポリゴンID\":\"7a2648ff-e7e8-4165-9603-118389ad4152\",\"更新年度\":2023,\"前年同一\":true},[{\"筆ポリゴンID\":\"83dcbc2e-4f22-4af3-ad2a-82d9ad6cb4d2\",\"更新年度\":2022,\"前年同一\":true},[{\"筆ポリゴンID\":\"c4a60b4b-f2b1-4337-b230-c763d54de0a2\",\"更新年度\":2021,\"前年同一\":true},{\"筆ポリゴンID\":\"c4a60b4b-f2b1-4337-b230-c763d54de0a2\",\"発生年度\":2020}]]]]","last_polygon_uuid":"de8b4b68-ca1f-4eee-830c-d14916a343ba","prev_last_polygon_uuid":"7a2648ff-e7e8-4165-9603-118389ad4152","local_government_cd":"014630","point_lng":142.397435133,"point_lat":43.041456996}},{"arcs":[[452]],"type":"Polygon","properties":{"polygon_uuid":"1fe4e787-9220-402e-b5aa-d8e5befe0fff","land_type":200,"issue_year":2025,"edit_year":2020,"history":"[{\"筆ポリゴンID\":\"f2d2f722-0b62-46c6-bf51-2d465a7c9b8a\",\"更新年度\":2024,\"前年同一\":true},[{\"筆ポリゴンID\":\"f8b62457-488e-4867-90de-8b955d568111\",\"更新年度\":2023,\"前年同一\":true},[{\"筆ポリゴンID\":\"1e0153e4-90eb-48dc-bc71-200998c34e2f\",\"更新年度\":2022,\"前年同一\":true},[{\"筆ポリゴンID\":\"52178b96-45eb-4311-abe9-c96f610491ee\",\"更新年度\":2021,\"前年同一\":true},{\"筆ポリゴンID\":\"52178b96-45eb-4311-abe9-c96f610491ee\",\"発生年度\":2020}]]]]","last_polygon_uuid":"f2d2f722-0b62-46c6-bf51-2d465a7c9b8a","prev_last_polygon_uuid":"f8b62457-488e-4867-90de-8b955d568111","local_government_cd":"014630","point_lng":142.520448444,"point_lat":43.06729509}},{"arcs":[[453,-373]],"type":"Polygon","properties":{"polygon_uuid":"f4cf83bb-884d-4d4c-ae0c-40452d46b518","land_type":200,"issue_year":2025,"edit_year":2020,"history":"[{\"筆ポリゴンID\":\"986dc5fa-7995-491c-91b9-d87d17b23a05\",\"更新年度\":2024,\"前年同一\":true},[{\"筆ポリゴンID\":\"a526f1d4-dc5a-477b-9039-933361f720df\",\"更新年度\":2023,\"前年同一\":true},[{\"筆ポリゴンID\":\"8079d699-a3b5-4c2a-96b9-e28b1b259ce1\",\"更新年度\":2022,\"前年同一\":true},[{\"筆ポリゴンID\":\"f163c274-d60c-4bb3-b365-af87ee9ab055\",\"更新年度\":2021,\"前年同一\":true},{\"筆ポリゴンID\":\"f163c274-d60c-4bb3-b365-af87ee9ab055\",\"発生年度\":2020}]]]]","last_polygon_uuid":"986dc5fa-7995-491c-91b9-d87d17b23a05","prev_last_polygon_uuid":"a526f1d4-dc5a-477b-9039-933361f720df","local_government_cd":"014630","point_lng":142.475434413,"point_lat":42.96566899}},{"arcs":[[454,455]],"type":"Polygon","properties":{"polygon_uuid":"95296699-a2f5-4e59-9ff5-d01060df373d","land_type":100,"issue_year":2025,"edit_year":2020,"history":"[{\"筆ポリゴンID\":\"ad97caf3-5d4e-4c2e-8e81-c5ee6076f5ad\",\"更新年度\":2024,\"前年同一\":true},[{\"筆ポリゴンID\":\"a7bfa210-17cf-44ca-96b2-224207e11d5c\",\"更新年度\":2023,\"前年同一\":true},[{\"筆ポリゴンID\":\"53ee8777-d088-40b4-a621-03dc84ce6c02\",\"更新年度\":2022,\"前年同一\":true},[{\"筆ポリゴンID\":\"42a20c3f-3c51-46a7-afb2-d43e442af4d8\",\"更新年度\":2021,\"前年同一\":true},{\"筆ポリゴンID\":\"42a20c3f-3c51-46a7-afb2-d43e442af4d8\",\"発生年度\":2020}]]]]","last_polygon_uuid":"ad97caf3-5d4e-4c2e-8e81-c5ee6076f5ad","prev_last_polygon_uuid":"a7bfa210-17cf-44ca-96b2-224207e11d5c","local_government_cd":"014630","point_lng":142.396110186,"point_lat":42.977746453}},{"arcs":[[456]],"type":"Polygon","properties":{"polygon_uuid":"202a0d5e-8e9e-4ad5-8f58-9985fbc48d5a","land_type":100,"issue_year":2025,"edit_year":2020,"history":"[{\"筆ポリゴンID\":\"2efccbf8-99f9-46c6-b7e9-659a38291abf\",\"更新年度\":2024,\"前年同一\":true},[{\"筆ポリゴンID\":\"40708e2d-1c27-4fe8-94ab-b35b9dab7c5a\",\"更新年度\":2023,\"前年同一\":true},[{\"筆ポリゴンID\":\"e37a78e0-b27e-4d22-9d30-2f0132f7eefe\",\"更新年度\":2022,\"前年同一\":true},[{\"筆ポリゴンID\":\"79c2d088-582e-4acb-b7c7-a89fb436e29d\",\"更新年度\":2021,\"前年同一\":true},{\"筆ポリゴンID\":\"79c2d088-582e-4acb-b7c7-a89fb436e29d\",\"発生年度\":2020}]]]]","last_polygon_uuid":"2efccbf8-99f9-46c6-b7e9-659a38291abf","prev_last_polygon_uuid":"40708e2d-1c27-4fe8-94ab-b35b9dab7c5a","local_government_cd":"014630","point_lng":142.412072379,"point_lat":42.974883817}},{"arcs":[[-19,457,-131,458]],"type":"Polygon","properties":{"polygon_uuid":"db0602a2-65bd-485c-b939-b8438c5a8324","land_type":200,"issue_year":2025,"edit_year":2020,"history":"[{\"筆ポリゴンID\":\"1f5f76dc-77ab-4fab-bd3e-1dd7fb5175ce\",\"更新年度\":2024,\"前年同一\":true},[{\"筆ポリゴンID\":\"c3ef5d45-9f0f-4b66-86ce-2db81f4a3722\",\"更新年度\":2023,\"前年同一\":true},[{\"筆ポリゴンID\":\"ab78bb8b-3568-4273-ac3b-8b2ece54c810\",\"更新年度\":2022,\"前年同一\":true},[{\"筆ポリゴンID\":\"a6034d68-7877-480a-ac7c-c0b60fbe9edc\",\"更新年度\":2021,\"前年同一\":true},{\"筆ポリゴンID\":\"a6034d68-7877-480a-ac7c-c0b60fbe9edc\",\"発生年度\":2020}]]]]","last_polygon_uuid":"1f5f76dc-77ab-4fab-bd3e-1dd7fb5175ce","prev_last_polygon_uuid":"c3ef5d45-9f0f-4b66-86ce-2db81f4a3722","local_government_cd":"014630","point_lng":142.484746128,"point_lat":42.963231469}},{"arcs":[[459]],"type":"Polygon","properties":{"polygon_uuid":"976906b6-8bd4-411f-a22d-999b965e9a86","land_type":200,"issue_year":2025,"edit_year":2020,"history":"[{\"筆ポリゴンID\":\"7346bf53-bef9-48c6-a990-e60ed60d1a02\",\"更新年度\":2024,\"前年同一\":true},[{\"筆ポリゴンID\":\"7b5d1bc7-07c9-4d27-bdbb-f4481bae9109\",\"更新年度\":2023,\"前年同一\":true},[{\"筆ポリゴンID\":\"e18f2149-1995-4050-8f19-342ecf0a0e01\",\"更新年度\":2022,\"前年同一\":true},[{\"筆ポリゴンID\":\"2f3f5cd1-4a95-487d-954a-4b00a4d96c1f\",\"更新年度\":2021,\"前年同一\":true},{\"筆ポリゴンID\":\"2f3f5cd1-4a95-487d-954a-4b00a4d96c1f\",\"発生年度\":2020}]]]]","last_polygon_uuid":"7346bf53-bef9-48c6-a990-e60ed60d1a02","prev_last_polygon_uuid":"7b5d1bc7-07c9-4d27-bdbb-f4481bae9109","local_government_cd":"014630","point_lng":142.402901277,"point_lat":42.999411194}},{"arcs":[[460,461]],"type":"Polygon","properties":{"polygon_uuid":"ecaa88ce-c572-48f1-9f71-aa6de616510a","land_type":100,"issue_year":2025,"edit_year":2020,"history":"[{\"筆ポリゴンID\":\"a7efbeb1-8e86-43f2-bc83-bd478093517d\",\"更新年度\":2024,\"前年同一\":true},[{\"筆ポリゴンID\":\"67ac5208-b6ad-4246-812d-2e162b61ab81\",\"更新年度\":2023,\"前年同一\":true},[{\"筆ポリゴンID\":\"9e49866a-2e24-43be-8dd1-2f999f6f0ee2\",\"更新年度\":2022,\"前年同一\":true},[{\"筆ポリゴンID\":\"599e2eb8-1830-4a62-b250-7013632b71db\",\"更新年度\":2021,\"前年同一\":true},{\"筆ポリゴンID\":\"599e2eb8-1830-4a62-b250-7013632b71db\",\"発生年度\":2020}]]]]","last_polygon_uuid":"a7efbeb1-8e86-43f2-bc83-bd478093517d","prev_last_polygon_uuid":"67ac5208-b6ad-4246-812d-2e162b61ab81","local_government_cd":"014630","point_lng":142.401668864,"point_lat":43.023833658}},{"arcs":[[462]],"type":"Polygon","properties":{"polygon_uuid":"866e792c-b521-4c72-b36e-4436959f9256","land_type":200,"issue_year":2025,"edit_year":2020,"history":"[{\"筆ポリゴンID\":\"31dc9e5c-8589-490a-ace0-94b9334d8fe0\",\"更新年度\":2024,\"前年同一\":true},[{\"筆ポリゴンID\":\"debba69a-9740-4b5b-bb4a-b1454c114c06\",\"更新年度\":2023,\"前年同一\":true},[{\"筆ポリゴンID\":\"2f0a65eb-00f1-43d8-a3f3-37b8bcc5b253\",\"更新年度\":2022,\"前年同一\":true},[{\"筆ポリゴンID\":\"05626477-a0e1-4b91-924f-9e7a9e3cff25\",\"更新年度\":2021,\"前年同一\":true},{\"筆ポリゴンID\":\"05626477-a0e1-4b91-924f-9e7a9e3cff25\",\"発生年度\":2020}]]]]","last_polygon_uuid":"31dc9e5c-8589-490a-ace0-94b9334d8fe0","prev_last_polygon_uuid":"debba69a-9740-4b5b-bb4a-b1454c114c06","local_government_cd":"014630","point_lng":142.479388415,"point_lat":42.960221937}},{"arcs":[[-302,463,-173]],"type":"Polygon","properties":{"polygon_uuid":"e4b5f248-5352-4161-9506-1d199c147066","land_type":200,"issue_year":2025,"edit_year":2020,"history":"[{\"筆ポリゴンID\":\"9847d2d3-3e45-4807-8bb3-287447be74f5\",\"更新年度\":2024,\"前年同一\":true},[{\"筆ポリゴンID\":\"68150608-a88b-47fd-b133-73dc9725eecd\",\"更新年度\":2023,\"前年同一\":true},[{\"筆ポリゴンID\":\"7db349bc-f8dd-4ded-94f9-0886108afc9e\",\"更新年度\":2022,\"前年同一\":true},[{\"筆ポリゴンID\":\"e12ca3e6-f3f6-4729-a644-dcf270d21dd3\",\"更新年度\":2021,\"前年同一\":true},{\"筆ポリゴンID\":\"e12ca3e6-f3f6-4729-a644-dcf270d21dd3\",\"発生年度\":2020}]]]]","last_polygon_uuid":"9847d2d3-3e45-4807-8bb3-287447be74f5","prev_last_polygon_uuid":"68150608-a88b-47fd-b133-73dc9725eecd","local_government_cd":"014630","point_lng":142.463938708,"point_lat":42.956740235}},{"arcs":[[464]],"type":"Polygon","properties":{"polygon_uuid":"9f4df3d0-b54b-4d6c-b26d-8d05af4730fa","land_type":200,"issue_year":2025,"edit_year":2020,"history":"[{\"筆ポリゴンID\":\"1e19eecb-5ab6-4f2b-9e9f-0aa4a207dee3\",\"更新年度\":2024,\"前年同一\":true},[{\"筆ポリゴンID\":\"d94aa29b-050f-4fc7-a081-3947eb0703da\",\"更新年度\":2023,\"前年同一\":true},[{\"筆ポリゴンID\":\"f0843acc-1a7d-4b5a-a54c-a56f925694a0\",\"更新年度\":2022,\"前年同一\":true},[{\"筆ポリゴンID\":\"7f6db276-8413-45aa-8be8-a8140b52a56a\",\"更新年度\":2021,\"前年同一\":true},{\"筆ポリゴンID\":\"7f6db276-8413-45aa-8be8-a8140b52a56a\",\"発生年度\":2020}]]]]","last_polygon_uuid":"1e19eecb-5ab6-4f2b-9e9f-0aa4a207dee3","prev_last_polygon_uuid":"d94aa29b-050f-4fc7-a081-3947eb0703da","local_government_cd":"014630","point_lng":142.42250638,"point_lat":42.970167379}},{"arcs":[[465]],"type":"Polygon","properties":{"polygon_uuid":"014d6004-b54a-404f-975a-f660edab707d","land_type":200,"issue_year":2025,"edit_year":2020,"history":"[{\"筆ポリゴンID\":\"c5c04ecd-5ee2-4ab9-8b9f-8b53c47203b3\",\"更新年度\":2024,\"前年同一\":true},[{\"筆ポリゴンID\":\"7f9d7caf-0aec-4417-bed9-180de2cd1ee8\",\"更新年度\":2023,\"前年同一\":true},[{\"筆ポリゴンID\":\"86dd4c82-ae4f-49f7-827c-faba96aaf8fc\",\"更新年度\":2022,\"前年同一\":true},[{\"筆ポリゴンID\":\"83b30a0f-9379-460a-b9d2-4911bb7a68eb\",\"更新年度\":2021,\"前年同一\":true},{\"筆ポリゴンID\":\"83b30a0f-9379-460a-b9d2-4911bb7a68eb\",\"発生年度\":2020}]]]]","last_polygon_uuid":"c5c04ecd-5ee2-4ab9-8b9f-8b53c47203b3","prev_last_polygon_uuid":"7f9d7caf-0aec-4417-bed9-180de2cd1ee8","local_government_cd":"014630","point_lng":142.517192248,"point_lat":43.07100085}},{"arcs":[[466,467]],"type":"Polygon","properties":{"polygon_uuid":"941aa694-260f-4c16-8878-079a90ed5273","land_type":100,"issue_year":2025,"edit_year":2020,"history":"[{\"筆ポリゴンID\":\"8e427892-bed0-4721-b466-15246a6f5c8b\",\"更新年度\":2024,\"前年同一\":true},[{\"筆ポリゴンID\":\"52e8b850-cb05-4eae-81af-229700e1ccfb\",\"更新年度\":2023,\"前年同一\":true},[{\"筆ポリゴンID\":\"958cbf34-5886-4a09-86ff-f60163b27c5f\",\"更新年度\":2022,\"前年同一\":true},[{\"筆ポリゴンID\":\"1fec606c-0888-4e09-82f4-74da4c38fc7d\",\"更新年度\":2021,\"前年同一\":true},{\"筆ポリゴンID\":\"1fec606c-0888-4e09-82f4-74da4c38fc7d\",\"発生年度\":2020}]]]]","last_polygon_uuid":"8e427892-bed0-4721-b466-15246a6f5c8b","prev_last_polygon_uuid":"52e8b850-cb05-4eae-81af-229700e1ccfb","local_government_cd":"014630","point_lng":142.402042368,"point_lat":43.025133965}},{"arcs":[[468,469]],"type":"Polygon","properties":{"polygon_uuid":"e528ce39-6a8b-412b-a171-2ff4bf1d4f04","land_type":100,"issue_year":2025,"edit_year":2020,"history":"[{\"筆ポリゴンID\":\"7090861d-1fd8-4176-9879-8ccb7e6f3094\",\"更新年度\":2024,\"前年同一\":true},[{\"筆ポリゴンID\":\"cd65d923-8255-4676-b6f9-d0b8c11f427c\",\"更新年度\":2023,\"前年同一\":true},[{\"筆ポリゴンID\":\"2f24c93f-86ec-482a-91a9-94035fd16864\",\"更新年度\":2022,\"前年同一\":true},[{\"筆ポリゴンID\":\"28bffa07-00dd-4a99-9172-c539c690e32d\",\"更新年度\":2021,\"前年同一\":true},{\"筆ポリゴンID\":\"28bffa07-00dd-4a99-9172-c539c690e32d\",\"発生年度\":2020}]]]]","last_polygon_uuid":"7090861d-1fd8-4176-9879-8ccb7e6f3094","prev_last_polygon_uuid":"cd65d923-8255-4676-b6f9-d0b8c11f427c","local_government_cd":"014630","point_lng":142.403330434,"point_lat":42.994512156}},{"arcs":[[470]],"type":"Polygon","properties":{"polygon_uuid":"591a33a4-21e6-4e55-80a5-8a2fd26548c8","land_type":100,"issue_year":2025,"edit_year":2020,"history":"[{\"筆ポリゴンID\":\"4b5b831b-028c-4c1e-97b9-692e88da44c8\",\"更新年度\":2024,\"前年同一\":true},[{\"筆ポリゴンID\":\"194e9375-cea7-49a4-b05c-f4d99c6b1cf2\",\"更新年度\":2023,\"前年同一\":true},[{\"筆ポリゴンID\":\"c3a3f488-dfcf-4df9-b172-0655cffdb1b2\",\"更新年度\":2022,\"前年同一\":true},[{\"筆ポリゴンID\":\"78efb944-cc1d-4b02-a0d0-9e33d07ab2e4\",\"更新年度\":2021,\"前年同一\":true},{\"筆ポリゴンID\":\"78efb944-cc1d-4b02-a0d0-9e33d07ab2e4\",\"発生年度\":2020}]]]]","last_polygon_uuid":"4b5b831b-028c-4c1e-97b9-692e88da44c8","prev_last_polygon_uuid":"194e9375-cea7-49a4-b05c-f4d99c6b1cf2","local_government_cd":"014630","point_lng":142.421606761,"point_lat":42.970816469}},{"arcs":[[471]],"type":"Polygon","properties":{"polygon_uuid":"1a9f65be-c00a-4591-9b03-8b3512ae38a9","land_type":200,"issue_year":2025,"edit_year":2020,"history":"[{\"筆ポリゴンID\":\"52399297-509b-441b-bed1-9576e5735c50\",\"更新年度\":2024,\"前年同一\":true},[{\"筆ポリゴンID\":\"3b39f295-d9bd-4ce3-928c-1aa40582fdd0\",\"更新年度\":2023,\"前年同一\":true},[{\"筆ポリゴンID\":\"37667f87-aecd-4eb9-b15c-c68b5b29a1b1\",\"更新年度\":2022,\"前年同一\":true},[{\"筆ポリゴンID\":\"d91032f9-6791-4384-8467-6dfe24aba2da\",\"更新年度\":2021,\"前年同一\":true},{\"筆ポリゴンID\":\"d91032f9-6791-4384-8467-6dfe24aba2da\",\"発生年度\":2020}]]]]","last_polygon_uuid":"52399297-509b-441b-bed1-9576e5735c50","prev_last_polygon_uuid":"3b39f295-d9bd-4ce3-928c-1aa40582fdd0","local_government_cd":"014630","point_lng":142.410151385,"point_lat":42.975372233}},{"arcs":[[472,-45]],"type":"Polygon","properties":{"polygon_uuid":"0bce80ab-ef0e-458a-ade7-95a821a55bee","land_type":100,"issue_year":2025,"edit_year":2020,"history":"[{\"筆ポリゴンID\":\"19546653-405f-43a9-871d-c5c732eac3d1\",\"更新年度\":2024,\"前年同一\":true},[{\"筆ポリゴンID\":\"2d2ba874-9de7-4c8a-9334-813554cc5247\",\"更新年度\":2023,\"前年同一\":true},[{\"筆ポリゴンID\":\"d842a1c4-e208-4bdf-8ea2-1387cf71552c\",\"更新年度\":2022,\"前年同一\":true},[{\"筆ポリゴンID\":\"e6d13a93-1da6-4145-a2f6-a61488ae475d\",\"更新年度\":2021,\"前年同一\":true},{\"筆ポリゴンID\":\"e6d13a93-1da6-4145-a2f6-a61488ae475d\",\"発生年度\":2020}]]]]","last_polygon_uuid":"19546653-405f-43a9-871d-c5c732eac3d1","prev_last_polygon_uuid":"2d2ba874-9de7-4c8a-9334-813554cc5247","local_government_cd":"014630","point_lng":142.399754276,"point_lat":42.996149653}},{"arcs":[[473]],"type":"Polygon","properties":{"polygon_uuid":"7a7bded2-761d-46d6-8da3-3185ab8630de","land_type":100,"issue_year":2025,"edit_year":2020,"history":"[{\"筆ポリゴンID\":\"4357e718-b4c2-4446-856d-a93ad8b25955\",\"更新年度\":2024,\"前年同一\":true},[{\"筆ポリゴンID\":\"f0229e98-582f-4f6c-952e-0882243fa026\",\"更新年度\":2023,\"前年同一\":true},[{\"筆ポリゴンID\":\"2d50f5de-fa31-490f-b9f3-89258d33c3e5\",\"更新年度\":2022,\"前年同一\":true},[{\"筆ポリゴンID\":\"c65968a8-1610-400a-8952-f5630d87b06c\",\"更新年度\":2021,\"前年同一\":true},{\"筆ポリゴンID\":\"c65968a8-1610-400a-8952-f5630d87b06c\",\"発生年度\":2020}]]]]","last_polygon_uuid":"4357e718-b4c2-4446-856d-a93ad8b25955","prev_last_polygon_uuid":"f0229e98-582f-4f6c-952e-0882243fa026","local_government_cd":"014630","point_lng":142.400995648,"point_lat":43.008623018}},{"arcs":[[474,475]],"type":"Polygon","properties":{"polygon_uuid":"b1366e86-fb32-496b-af81-002307490e7d","land_type":200,"issue_year":2025,"edit_year":2020,"history":"[{\"筆ポリゴンID\":\"6e569e05-0b3e-4d8f-b98a-a34af7786f1f\",\"更新年度\":2024,\"前年同一\":true},[{\"筆ポリゴンID\":\"36b02bf3-806e-4eba-b67c-166c7606b791\",\"更新年度\":2023,\"前年同一\":true},[{\"筆ポリゴンID\":\"db10551f-1d0b-4dab-8f09-3ee2dcdf8955\",\"更新年度\":2022,\"前年同一\":true},[{\"筆ポリゴンID\":\"e221c123-2a86-46f2-979a-b819479653e1\",\"更新年度\":2021,\"前年同一\":true},{\"筆ポリゴンID\":\"e221c123-2a86-46f2-979a-b819479653e1\",\"発生年度\":2020}]]]]","last_polygon_uuid":"6e569e05-0b3e-4d8f-b98a-a34af7786f1f","prev_last_polygon_uuid":"36b02bf3-806e-4eba-b67c-166c7606b791","local_government_cd":"014630","point_lng":142.476417863,"point_lat":42.962348154}},{"arcs":[[476,477]],"type":"Polygon","properties":{"polygon_uuid":"1f0ff278-c605-47fd-b451-c99c6630c023","land_type":100,"issue_year":2025,"edit_year":2020,"history":"[{\"筆ポリゴンID\":\"7ab06709-82ba-4e4c-b9f4-c904fd2e20fa\",\"更新年度\":2024,\"前年同一\":true},[{\"筆ポリゴンID\":\"40e3f6b7-50d3-4669-b660-d99d653060ec\",\"更新年度\":2023,\"前年同一\":true},[{\"筆ポリゴンID\":\"4f04eed0-d739-44ab-be2f-a7ebb2b9ac71\",\"更新年度\":2022,\"前年同一\":true},[{\"筆ポリゴンID\":\"841a8a01-e1fc-42ee-bd78-b126dc7a34a1\",\"更新年度\":2021,\"前年同一\":true},{\"筆ポリゴンID\":\"841a8a01-e1fc-42ee-bd78-b126dc7a34a1\",\"発生年度\":2020}]]]]","last_polygon_uuid":"7ab06709-82ba-4e4c-b9f4-c904fd2e20fa","prev_last_polygon_uuid":"40e3f6b7-50d3-4669-b660-d99d653060ec","local_government_cd":"014630","point_lng":142.402684248,"point_lat":42.993726835}},{"arcs":[[478]],"type":"Polygon","properties":{"polygon_uuid":"cbee3b0a-37d4-40af-9627-fcaa45daa6d0","land_type":100,"issue_year":2025,"edit_year":2020,"history":"[{\"筆ポリゴンID\":\"8ad97cb0-d1b6-4c65-8f5c-0aad61742828\",\"更新年度\":2024,\"前年同一\":true},[{\"筆ポリゴンID\":\"29a7f109-1d12-4a06-b77d-b5c13c4043e0\",\"更新年度\":2023,\"前年同一\":true},[{\"筆ポリゴンID\":\"e7aec51f-2379-42f5-af26-7d2afc16ef9d\",\"更新年度\":2022,\"前年同一\":true},[{\"筆ポリゴンID\":\"05ef9b8f-eb15-4400-a8e1-0044338f2abd\",\"更新年度\":2021,\"前年同一\":true},{\"筆ポリゴンID\":\"05ef9b8f-eb15-4400-a8e1-0044338f2abd\",\"発生年度\":2020}]]]]","last_polygon_uuid":"8ad97cb0-d1b6-4c65-8f5c-0aad61742828","prev_last_polygon_uuid":"29a7f109-1d12-4a06-b77d-b5c13c4043e0","local_government_cd":"014630","point_lng":142.40564083,"point_lat":43.001247243}},{"arcs":[[479]],"type":"Polygon","properties":{"polygon_uuid":"a2c64bd6-235c-4af0-afec-3a64cf2a02ef","land_type":200,"issue_year":2025,"edit_year":2020,"history":"[{\"筆ポリゴンID\":\"0d2c7f7e-fe4d-4420-b467-44815d52c2eb\",\"更新年度\":2024,\"前年同一\":true},[{\"筆ポリゴンID\":\"8903c4d5-7720-465b-949c-503f0e472dbe\",\"更新年度\":2023,\"前年同一\":true},[{\"筆ポリゴンID\":\"890845d3-53c3-4334-9c4f-cac7ea5dc5bb\",\"更新年度\":2022,\"前年同一\":true},[{\"筆ポリゴンID\":\"24db1943-1da8-4203-ae1e-33f41bf6c5c1\",\"更新年度\":2021,\"前年同一\":true},{\"筆ポリゴンID\":\"24db1943-1da8-4203-ae1e-33f41bf6c5c1\",\"発生年度\":2020}]]]]","last_polygon_uuid":"0d2c7f7e-fe4d-4420-b467-44815d52c2eb","prev_last_polygon_uuid":"8903c4d5-7720-465b-949c-503f0e472dbe","local_government_cd":"014630","point_lng":142.399512636,"point_lat":43.025108083}},{"arcs":[[480]],"type":"Polygon","properties":{"polygon_uuid":"76daf215-e5ff-4701-afe1-df1a216368b4","land_type":200,"issue_year":2025,"edit_year":2020,"history":"[{\"筆ポリゴンID\":\"62e6c1cc-6c55-4cce-99c1-9a5f941cec34\",\"更新年度\":2024,\"前年同一\":true},[{\"筆ポリゴンID\":\"7026bd2b-4ef8-433c-8b73-2fce491c3d36\",\"更新年度\":2023,\"前年同一\":true},[{\"筆ポリゴンID\":\"e3861abe-29dd-4599-b032-5cf74a3144ea\",\"更新年度\":2022,\"前年同一\":true},[{\"筆ポリゴンID\":\"a1fc98d3-5c2f-4537-ae5b-c707e21a4247\",\"更新年度\":2021,\"前年同一\":true},{\"筆ポリゴンID\":\"a1fc98d3-5c2f-4537-ae5b-c707e21a4247\",\"発生年度\":2020}]]]]","last_polygon_uuid":"62e6c1cc-6c55-4cce-99c1-9a5f941cec34","prev_last_polygon_uuid":"7026bd2b-4ef8-433c-8b73-2fce491c3d36","local_government_cd":"014630","point_lng":142.397570316,"point_lat":42.975479779}},{"arcs":[[481,482]],"type":"Polygon","properties":{"polygon_uuid":"abae8712-8106-4269-8194-9c77d69dfa1a","land_type":100,"issue_year":2025,"edit_year":2020,"history":"[{\"筆ポリゴンID\":\"748be631-3845-4736-8445-d6b7fcbfa5a5\",\"更新年度\":2024,\"前年同一\":true},[{\"筆ポリゴンID\":\"09c65443-ea2b-4858-87fa-20181b507aa2\",\"更新年度\":2023,\"前年同一\":true},[{\"筆ポリゴンID\":\"aa6e62b3-686a-430c-94f7-c2e54f9c9fff\",\"更新年度\":2022,\"前年同一\":true},[{\"筆ポリゴンID\":\"bb375a55-1152-4fb0-81a3-18de218de73a\",\"更新年度\":2021,\"前年同一\":true},{\"筆ポリゴンID\":\"bb375a55-1152-4fb0-81a3-18de218de73a\",\"発生年度\":2020}]]]]","last_polygon_uuid":"748be631-3845-4736-8445-d6b7fcbfa5a5","prev_last_polygon_uuid":"09c65443-ea2b-4858-87fa-20181b507aa2","local_government_cd":"014630","point_lng":142.420340637,"point_lat":42.973873468}},{"arcs":[[483,484]],"type":"Polygon","properties":{"polygon_uuid":"4fe3a660-0518-4c2d-9700-86ecc2c4db97","land_type":100,"issue_year":2025,"edit_year":2020,"history":"[{\"筆ポリゴンID\":\"0838014f-114b-4b70-883a-96d216aee9b2\",\"更新年度\":2024,\"前年同一\":true},[{\"筆ポリゴンID\":\"770defc3-ec59-4ad1-b359-4453611b300d\",\"更新年度\":2023,\"前年同一\":true},[{\"筆ポリゴンID\":\"e7e91c27-c559-4589-95c0-65b7a51a3f71\",\"更新年度\":2022,\"前年同一\":true},[{\"筆ポリゴンID\":\"4e25229d-162b-43f3-baa7-efd9811c752e\",\"更新年度\":2021,\"前年同一\":true},{\"筆ポリゴンID\":\"4e25229d-162b-43f3-baa7-efd9811c752e\",\"発生年度\":2020}]]]]","last_polygon_uuid":"0838014f-114b-4b70-883a-96d216aee9b2","prev_last_polygon_uuid":"770defc3-ec59-4ad1-b359-4453611b300d","local_government_cd":"014630","point_lng":142.404462896,"point_lat":43.004913911}},{"arcs":[[485]],"type":"Polygon","properties":{"polygon_uuid":"97459864-d910-4faa-97a8-144c462d6751","land_type":100,"issue_year":2025,"edit_year":2020,"history":"[{\"筆ポリゴンID\":\"fd825ade-f169-4463-a3d4-ec2b5ba2317d\",\"更新年度\":2024,\"前年同一\":true},[{\"筆ポリゴンID\":\"cde277cb-38a0-4910-9773-a668cb4f38e4\",\"更新年度\":2023,\"前年同一\":true},[{\"筆ポリゴンID\":\"f57bb00d-7e5e-461a-81ff-4775572decb5\",\"更新年度\":2022,\"前年同一\":true},[{\"筆ポリゴンID\":\"0fd69371-944e-4f11-bb00-013ba5647995\",\"更新年度\":2021,\"前年同一\":true},{\"筆ポリゴンID\":\"0fd69371-944e-4f11-bb00-013ba5647995\",\"発生年度\":2020}]]]]","last_polygon_uuid":"fd825ade-f169-4463-a3d4-ec2b5ba2317d","prev_last_polygon_uuid":"cde277cb-38a0-4910-9773-a668cb4f38e4","local_government_cd":"014630","point_lng":142.40002441,"point_lat":43.018078363}},{"arcs":[[486]],"type":"Polygon","properties":{"polygon_uuid":"485cd56d-f77b-431c-ad3c-b4fd6a90d8d3","land_type":100,"issue_year":2025,"edit_year":2020,"history":"[{\"筆ポリゴンID\":\"69b9f117-c64f-4dd9-980d-c127b782db15\",\"更新年度\":2024,\"前年同一\":true},[{\"筆ポリゴンID\":\"c0861077-4b15-4250-a5d6-47f2ba417b9d\",\"更新年度\":2023,\"前年同一\":true},[{\"筆ポリゴンID\":\"3e05ee46-33d2-47a8-bbfd-ecd08f3db962\",\"更新年度\":2022,\"前年同一\":true},[{\"筆ポリゴンID\":\"5fe20977-cee6-4292-895f-5a7c7f5d4b8d\",\"更新年度\":2021,\"前年同一\":true},{\"筆ポリゴンID\":\"5fe20977-cee6-4292-895f-5a7c7f5d4b8d\",\"発生年度\":2020}]]]]","last_polygon_uuid":"69b9f117-c64f-4dd9-980d-c127b782db15","prev_last_polygon_uuid":"c0861077-4b15-4250-a5d6-47f2ba417b9d","local_government_cd":"014630","point_lng":142.483898276,"point_lat":42.964252672}},{"arcs":[[487,-437,488,-352]],"type":"Polygon","properties":{"polygon_uuid":"07f961de-2c84-48e4-b5c2-9d6851439f7a","land_type":200,"issue_year":2025,"edit_year":2020,"history":"[{\"筆ポリゴンID\":\"8b2bf459-2890-4e86-89c0-36c108580c45\",\"更新年度\":2024,\"前年同一\":true},[{\"筆ポリゴンID\":\"ed4b6b45-d9ed-4d76-b73c-c3e96a62d96a\",\"更新年度\":2023,\"前年同一\":true},[{\"筆ポリゴンID\":\"45f3518a-0e58-4048-9d0d-034a396a867b\",\"更新年度\":2022,\"前年同一\":true},[{\"筆ポリゴンID\":\"e7434b3d-8e08-47df-b257-2d3836e3281d\",\"更新年度\":2021,\"前年同一\":true},{\"筆ポリゴンID\":\"e7434b3d-8e08-47df-b257-2d3836e3281d\",\"発生年度\":2020}]]]]","last_polygon_uuid":"8b2bf459-2890-4e86-89c0-36c108580c45","prev_last_polygon_uuid":"ed4b6b45-d9ed-4d76-b73c-c3e96a62d96a","local_government_cd":"014630","point_lng":142.478954832,"point_lat":42.96380739}},{"arcs":[[489]],"type":"Polygon","properties":{"polygon_uuid":"eef5a988-afd8-4336-90ca-613db9341098","land_type":200,"issue_year":2025,"edit_year":2020,"history":"[{\"筆ポリゴンID\":\"f898c3e7-2f63-4702-8c23-00629701e84d\",\"更新年度\":2024,\"前年同一\":true},[{\"筆ポリゴンID\":\"8fc1122d-480a-4a8f-94f1-00c30413639f\",\"更新年度\":2023,\"前年同一\":true},[{\"筆ポリゴンID\":\"01a924f1-461e-42d8-ba77-5f67c2d521d1\",\"更新年度\":2022,\"前年同一\":true},[{\"筆ポリゴンID\":\"ab96df6a-a4ea-440c-821c-c7e61d08cb7f\",\"更新年度\":2021,\"前年同一\":true},{\"筆ポリゴンID\":\"ab96df6a-a4ea-440c-821c-c7e61d08cb7f\",\"発生年度\":2020}]]]]","last_polygon_uuid":"f898c3e7-2f63-4702-8c23-00629701e84d","prev_last_polygon_uuid":"8fc1122d-480a-4a8f-94f1-00c30413639f","local_government_cd":"014630","point_lng":142.493323378,"point_lat":42.967828423}},{"arcs":[[490]],"type":"Polygon","properties":{"polygon_uuid":"de4c8559-3a2c-4c1f-b0d5-fe3a0f63f70b","land_type":200,"issue_year":2025,"edit_year":2020,"history":"[{\"筆ポリゴンID\":\"f4aab792-92ff-4ded-997f-61b6a146ff4d\",\"更新年度\":2024,\"前年同一\":true},[{\"筆ポリゴンID\":\"5561d54c-331e-402b-90e3-82248bfb4b67\",\"更新年度\":2023,\"前年同一\":true},[{\"筆ポリゴンID\":\"da34d9a0-c3bc-4635-ad89-872c2ff0306a\",\"更新年度\":2022,\"前年同一\":true},[{\"筆ポリゴンID\":\"587dff9c-2d6e-4575-a88e-13c0edb8cdc5\",\"更新年度\":2021,\"前年同一\":true},{\"筆ポリゴンID\":\"587dff9c-2d6e-4575-a88e-13c0edb8cdc5\",\"発生年度\":2020}]]]]","last_polygon_uuid":"f4aab792-92ff-4ded-997f-61b6a146ff4d","prev_last_polygon_uuid":"5561d54c-331e-402b-90e3-82248bfb4b67","local_government_cd":"014630","point_lng":142.420612008,"point_lat":42.97201395}},{"arcs":[[491]],"type":"Polygon","properties":{"polygon_uuid":"af881d3b-5a0a-4931-97b3-aa5c088f34b0","land_type":200,"issue_year":2025,"edit_year":2020,"history":"[{\"筆ポリゴンID\":\"3c5a9f01-c4e1-42fe-a656-c93c595eac21\",\"更新年度\":2024,\"前年同一\":true},[{\"筆ポリゴンID\":\"827fbf25-1628-4810-a385-28375c82d12c\",\"更新年度\":2023,\"前年同一\":true},[{\"筆ポリゴンID\":\"f80a2cab-bc30-423e-ba75-4c8e693c63ae\",\"更新年度\":2022,\"前年同一\":true},[{\"筆ポリゴンID\":\"1c8f9846-8509-4f5c-b405-4e3bd3784c2a\",\"更新年度\":2021,\"前年同一\":true},{\"筆ポリゴンID\":\"1c8f9846-8509-4f5c-b405-4e3bd3784c2a\",\"発生年度\":2020}]]]]","last_polygon_uuid":"3c5a9f01-c4e1-42fe-a656-c93c595eac21","prev_last_polygon_uuid":"827fbf25-1628-4810-a385-28375c82d12c","local_government_cd":"014630","point_lng":142.473534328,"point_lat":42.960933067}},{"arcs":[[492]],"type":"Polygon","properties":{"polygon_uuid":"ccfb30f9-68e7-4675-aa50-1795bb391953","land_type":200,"issue_year":2025,"edit_year":2020,"history":"[{\"筆ポリゴンID\":\"1fc43c38-8c48-41a3-9580-d5b5db7efa79\",\"更新年度\":2024,\"前年同一\":true},[{\"筆ポリゴンID\":\"b89f9681-452d-4ad6-932d-eebfca9f024d\",\"更新年度\":2023,\"前年同一\":true},[{\"筆ポリゴンID\":\"e1f6b03a-c178-438c-81be-fb9ee172aac0\",\"更新年度\":2022,\"前年同一\":true},[{\"筆ポリゴンID\":\"0458308f-c5aa-4dae-9f22-6ebee721c717\",\"更新年度\":2021,\"前年同一\":true},{\"筆ポリゴンID\":\"0458308f-c5aa-4dae-9f22-6ebee721c717\",\"発生年度\":2020}]]]]","last_polygon_uuid":"1fc43c38-8c48-41a3-9580-d5b5db7efa79","prev_last_polygon_uuid":"b89f9681-452d-4ad6-932d-eebfca9f024d","local_government_cd":"014630","point_lng":142.39815274,"point_lat":42.99778934}},{"arcs":[[493]],"type":"Polygon","properties":{"polygon_uuid":"6ba4f311-2602-4e32-842d-505894818680","land_type":200,"issue_year":2025,"edit_year":2020,"history":"[{\"筆ポリゴンID\":\"658b4e50-fab1-4a95-bdae-c02b3ab31d50\",\"更新年度\":2024,\"前年同一\":true},[{\"筆ポリゴンID\":\"05162d47-84fa-4cc8-9815-296b3172257a\",\"更新年度\":2023,\"前年同一\":true},[{\"筆ポリゴンID\":\"c4ca8895-fcc5-4856-897c-bd4ff1fa5ae1\",\"更新年度\":2022,\"前年同一\":true},[{\"筆ポリゴンID\":\"58c5de90-9ce0-4d28-b1a1-1b911a933a61\",\"更新年度\":2021,\"前年同一\":true},{\"筆ポリゴンID\":\"58c5de90-9ce0-4d28-b1a1-1b911a933a61\",\"発生年度\":2020}]]]]","last_polygon_uuid":"658b4e50-fab1-4a95-bdae-c02b3ab31d50","prev_last_polygon_uuid":"05162d47-84fa-4cc8-9815-296b3172257a","local_government_cd":"014630","point_lng":142.39995463,"point_lat":42.991706438}},{"arcs":[[494]],"type":"Polygon","properties":{"polygon_uuid":"444bbb5a-2d5d-45ae-9cc1-c8ccc19817f2","land_type":100,"issue_year":2025,"edit_year":2020,"history":"[{\"筆ポリゴンID\":\"35367599-1b7a-4db2-acdc-8a6e5b0b4594\",\"更新年度\":2024,\"前年同一\":true},[{\"筆ポリゴンID\":\"dc6213dd-67d6-4af9-a6b2-f2ff510c5d14\",\"更新年度\":2023,\"前年同一\":true},[{\"筆ポリゴンID\":\"b7a0420a-b038-4186-beca-1ed86416d816\",\"更新年度\":2022,\"前年同一\":true},[{\"筆ポリゴンID\":\"ac6bfac6-8661-4cf6-bed0-a5cde89cebd5\",\"更新年度\":2021,\"前年同一\":true},{\"筆ポリゴンID\":\"ac6bfac6-8661-4cf6-bed0-a5cde89cebd5\",\"発生年度\":2020}]]]]","last_polygon_uuid":"35367599-1b7a-4db2-acdc-8a6e5b0b4594","prev_last_polygon_uuid":"dc6213dd-67d6-4af9-a6b2-f2ff510c5d14","local_government_cd":"014630","point_lng":142.484646451,"point_lat":42.964968312}},{"arcs":[[-433,495]],"type":"Polygon","properties":{"polygon_uuid":"34346589-e9ee-4f39-b3ad-7a3651b56db1","land_type":200,"issue_year":2025,"edit_year":2020,"history":"[{\"筆ポリゴンID\":\"e3bc71c6-d65a-48df-8845-9030c40069e6\",\"更新年度\":2024,\"前年同一\":true},[{\"筆ポリゴンID\":\"fef3b63a-bd9a-4ce7-a4cd-f35568457878\",\"更新年度\":2023,\"前年同一\":true},[{\"筆ポリゴンID\":\"53930846-ed5f-46cc-8202-fdd0c05d6851\",\"更新年度\":2022,\"前年同一\":true},[{\"筆ポリゴンID\":\"f4c34df8-1a22-449f-b212-524e5fad603e\",\"更新年度\":2021,\"前年同一\":true},{\"筆ポリゴンID\":\"f4c34df8-1a22-449f-b212-524e5fad603e\",\"発生年度\":2020}]]]]","last_polygon_uuid":"e3bc71c6-d65a-48df-8845-9030c40069e6","prev_last_polygon_uuid":"fef3b63a-bd9a-4ce7-a4cd-f35568457878","local_government_cd":"014630","point_lng":142.469645628,"point_lat":42.956480194}},{"arcs":[[496]],"type":"Polygon","properties":{"polygon_uuid":"f81a8a91-5c25-4ae4-bcde-033e51cc618c","land_type":100,"issue_year":2025,"edit_year":2020,"history":"[{\"筆ポリゴンID\":\"ff551aa0-3622-45ce-8dd4-1e0ed7b7f847\",\"更新年度\":2024,\"前年同一\":true},[{\"筆ポリゴンID\":\"0e71f0ba-e4f2-4240-b9d6-6c6f21ce2cc5\",\"更新年度\":2023,\"前年同一\":true},[{\"筆ポリゴンID\":\"dff2d3b5-84de-4808-9da8-1c07ecac96a5\",\"更新年度\":2022,\"前年同一\":true},[{\"筆ポリゴンID\":\"5b8b3263-0301-4cc5-b088-ed3166d21d1e\",\"更新年度\":2021,\"前年同一\":true},{\"筆ポリゴンID\":\"5b8b3263-0301-4cc5-b088-ed3166d21d1e\",\"発生年度\":2020}]]]]","last_polygon_uuid":"ff551aa0-3622-45ce-8dd4-1e0ed7b7f847","prev_last_polygon_uuid":"0e71f0ba-e4f2-4240-b9d6-6c6f21ce2cc5","local_government_cd":"014630","point_lng":142.466990405,"point_lat":42.961123858}},{"arcs":[[497,-462,498,-467]],"type":"Polygon","properties":{"polygon_uuid":"77e4b934-9f69-4c00-8fcb-1f578170e252","land_type":100,"issue_year":2025,"edit_year":2020,"history":"[{\"筆ポリゴンID\":\"49ea2816-ce25-43d8-b788-757dbaea9b44\",\"更新年度\":2024,\"前年同一\":true},[{\"筆ポリゴンID\":\"35e5c04f-7500-4517-821b-fa3bc569715a\",\"更新年度\":2023,\"前年同一\":true},[{\"筆ポリゴンID\":\"238a94c6-1f14-4376-972d-9564bca37846\",\"更新年度\":2022,\"前年同一\":true},[{\"筆ポリゴンID\":\"4a99bdcf-bff5-40d8-87bf-6726098d7eaf\",\"更新年度\":2021,\"前年同一\":true},{\"筆ポリゴンID\":\"4a99bdcf-bff5-40d8-87bf-6726098d7eaf\",\"発生年度\":2020}]]]]","last_polygon_uuid":"49ea2816-ce25-43d8-b788-757dbaea9b44","prev_last_polygon_uuid":"35e5c04f-7500-4517-821b-fa3bc569715a","local_government_cd":"014630","point_lng":142.401816795,"point_lat":43.024428145}},{"arcs":[[499,500]],"type":"Polygon","properties":{"polygon_uuid":"fc42da6c-d8bf-48c4-b37c-9d3d01bdf05c","land_type":100,"issue_year":2025,"edit_year":2020,"history":"[{\"筆ポリゴンID\":\"b28e4d72-a3f0-4a22-9536-0e12306fb191\",\"更新年度\":2024,\"前年同一\":true},[{\"筆ポリゴンID\":\"8e36c76d-c75a-49da-b319-34e433fc35d9\",\"更新年度\":2023,\"前年同一\":true},[{\"筆ポリゴンID\":\"9a922425-b12e-4045-bff6-c66454a408fe\",\"更新年度\":2022,\"前年同一\":true},[{\"筆ポリゴンID\":\"9cc2114f-c282-40ed-b7be-1f431ddfb1a9\",\"更新年度\":2021,\"前年同一\":true},{\"筆ポリゴンID\":\"9cc2114f-c282-40ed-b7be-1f431ddfb1a9\",\"発生年度\":2020}]]]]","last_polygon_uuid":"b28e4d72-a3f0-4a22-9536-0e12306fb191","prev_last_polygon_uuid":"8e36c76d-c75a-49da-b319-34e433fc35d9","local_government_cd":"014630","point_lng":142.418332061,"point_lat":42.974619168}},{"arcs":[[501]],"type":"Polygon","properties":{"polygon_uuid":"af8ec43b-e817-4287-b911-c6ab495345d9","land_type":200,"issue_year":2025,"edit_year":2020,"history":"[{\"筆ポリゴンID\":\"f149d33a-4ec7-40ee-b8a5-ace3f8137977\",\"更新年度\":2024,\"前年同一\":true},[{\"筆ポリゴンID\":\"3579ea7f-aef6-4948-bb2c-9b874c04a1f4\",\"更新年度\":2023,\"前年同一\":true},[{\"筆ポリゴンID\":\"7c69c7be-baa2-46cb-b6e4-1c33bacb9280\",\"更新年度\":2022,\"前年同一\":true},[{\"筆ポリゴンID\":\"266ad151-4f4d-4b5e-9bb9-66bccea6bb77\",\"更新年度\":2021,\"前年同一\":true},{\"筆ポリゴンID\":\"266ad151-4f4d-4b5e-9bb9-66bccea6bb77\",\"発生年度\":2020}]]]]","last_polygon_uuid":"f149d33a-4ec7-40ee-b8a5-ace3f8137977","prev_last_polygon_uuid":"3579ea7f-aef6-4948-bb2c-9b874c04a1f4","local_government_cd":"014630","point_lng":142.397948132,"point_lat":42.996923265}},{"arcs":[[-158,502,503,504]],"type":"Polygon","properties":{"polygon_uuid":"d761813f-9ce1-422c-bc61-613d0d11cfe6","land_type":100,"issue_year":2025,"edit_year":2020,"history":"[{\"筆ポリゴンID\":\"ba9c3944-b8e8-4a7d-864b-160bea9cfcf0\",\"更新年度\":2024,\"前年同一\":true},[{\"筆ポリゴンID\":\"e667d71e-c4ba-4e44-a2c6-750c27c01ecd\",\"更新年度\":2023,\"前年同一\":true},[{\"筆ポリゴンID\":\"ce920415-86ed-4310-bed3-ff4ed8c6f9a5\",\"更新年度\":2022,\"前年同一\":true},[{\"筆ポリゴンID\":\"5be4a188-dbfc-4098-be0d-f459b88e7693\",\"更新年度\":2021,\"前年同一\":true},{\"筆ポリゴンID\":\"5be4a188-dbfc-4098-be0d-f459b88e7693\",\"発生年度\":2020}]]]]","last_polygon_uuid":"ba9c3944-b8e8-4a7d-864b-160bea9cfcf0","prev_last_polygon_uuid":"e667d71e-c4ba-4e44-a2c6-750c27c01ecd","local_government_cd":"014630","point_lng":142.402372406,"point_lat":42.995670484}},{"arcs":[[505,506]],"type":"Polygon","properties":{"polygon_uuid":"f3985baf-a9bb-4b1d-a663-07f438dd3303","land_type":100,"issue_year":2025,"edit_year":2020,"history":"[{\"筆ポリゴンID\":\"7996b77d-4438-47d8-af56-b9d9dcd56aef\",\"更新年度\":2024,\"前年同一\":true},[{\"筆ポリゴンID\":\"503a1479-2600-4f77-8cad-f214dd629aa5\",\"更新年度\":2023,\"前年同一\":true},[{\"筆ポリゴンID\":\"37b63580-db19-4aec-ae8a-e41a39c1fc54\",\"更新年度\":2022,\"前年同一\":true},[{\"筆ポリゴンID\":\"faef57ad-56f7-4dc0-8471-3e0a5ff9765a\",\"更新年度\":2021,\"前年同一\":true},{\"筆ポリゴンID\":\"faef57ad-56f7-4dc0-8471-3e0a5ff9765a\",\"発生年度\":2020}]]]]","last_polygon_uuid":"7996b77d-4438-47d8-af56-b9d9dcd56aef","prev_last_polygon_uuid":"503a1479-2600-4f77-8cad-f214dd629aa5","local_government_cd":"014630","point_lng":142.403339367,"point_lat":43.011510009}},{"arcs":[[507,508]],"type":"Polygon","properties":{"polygon_uuid":"6097f250-b21f-4adc-928d-7522b795a3ac","land_type":200,"issue_year":2025,"edit_year":2020,"history":"[{\"筆ポリゴンID\":\"0ddd52d3-bd68-4c81-bcb2-323f3e95f910\",\"更新年度\":2024,\"前年同一\":true},[{\"筆ポリゴンID\":\"d63434e6-ed95-4a47-aa17-bfa09f15305d\",\"更新年度\":2023,\"前年同一\":true},[{\"筆ポリゴンID\":\"1dd931cd-5004-45f1-9bd1-08b0573d750f\",\"更新年度\":2022,\"前年同一\":true},[{\"筆ポリゴンID\":\"7b3f7590-8a20-4804-a90c-9e95a2c48065\",\"更新年度\":2021,\"前年同一\":true},{\"筆ポリゴンID\":\"7b3f7590-8a20-4804-a90c-9e95a2c48065\",\"発生年度\":2020}]]]]","last_polygon_uuid":"0ddd52d3-bd68-4c81-bcb2-323f3e95f910","prev_last_polygon_uuid":"d63434e6-ed95-4a47-aa17-bfa09f15305d","local_government_cd":"014630","point_lng":142.407086905,"point_lat":42.990997399}},{"arcs":[[509,-25]],"type":"Polygon","properties":{"polygon_uuid":"19549478-aaa4-4fdf-8779-5fb9c1dd4423","land_type":200,"issue_year":2025,"edit_year":2020,"history":"[{\"筆ポリゴンID\":\"f90bea4b-7a3d-4858-b440-ecde461ee077\",\"更新年度\":2024,\"前年同一\":true},[{\"筆ポリゴンID\":\"65d4e989-8946-46d0-b823-eb8837ca0edc\",\"更新年度\":2023,\"前年同一\":true},[{\"筆ポリゴンID\":\"89a3fa74-b99a-49b6-9e9c-ee20e516845c\",\"更新年度\":2022,\"前年同一\":true},[{\"筆ポリゴンID\":\"41f9718a-8f09-4589-b5f3-d3274761d123\",\"更新年度\":2021,\"前年同一\":true},{\"筆ポリゴンID\":\"41f9718a-8f09-4589-b5f3-d3274761d123\",\"発生年度\":2020}]]]]","last_polygon_uuid":"f90bea4b-7a3d-4858-b440-ecde461ee077","prev_last_polygon_uuid":"65d4e989-8946-46d0-b823-eb8837ca0edc","local_government_cd":"014630","point_lng":142.479958542,"point_lat":42.961331375}},{"arcs":[[510]],"type":"Polygon","properties":{"polygon_uuid":"96fc24f5-3c2e-455e-8043-95c746f480d8","land_type":100,"issue_year":2025,"edit_year":2020,"history":"[{\"筆ポリゴンID\":\"dde63de0-114b-457f-adbc-e7380d223e48\",\"更新年度\":2024,\"前年同一\":true},[{\"筆ポリゴンID\":\"1ab14b03-ce5f-4637-8c0a-7149c3eae396\",\"更新年度\":2023,\"前年同一\":true},[{\"筆ポリゴンID\":\"b2bb383c-21ba-4396-aa79-40bbc330c969\",\"更新年度\":2022,\"前年同一\":true},[{\"筆ポリゴンID\":\"bc08cfc0-4bd7-401c-b7b1-2f689b6f294b\",\"更新年度\":2021,\"前年同一\":true},{\"筆ポリゴンID\":\"bc08cfc0-4bd7-401c-b7b1-2f689b6f294b\",\"発生年度\":2020}]]]]","last_polygon_uuid":"dde63de0-114b-457f-adbc-e7380d223e48","prev_last_polygon_uuid":"1ab14b03-ce5f-4637-8c0a-7149c3eae396","local_government_cd":"014630","point_lng":142.424105082,"point_lat":42.96396552}},{"arcs":[[-504,511]],"type":"Polygon","properties":{"polygon_uuid":"8f0e3aec-f66f-412e-b35c-5157e29de092","land_type":100,"issue_year":2025,"edit_year":2020,"history":"[{\"筆ポリゴンID\":\"99c0b6e3-3684-448c-84c9-3152ce6004c0\",\"更新年度\":2024,\"前年同一\":true},[{\"筆ポリゴンID\":\"6ac02cda-8a39-4a68-a208-ee821b7d5d58\",\"更新年度\":2023,\"前年同一\":true},[{\"筆ポリゴンID\":\"316e124f-d80a-4f91-baeb-816d5c65c77f\",\"更新年度\":2022,\"前年同一\":true},[{\"筆ポリゴンID\":\"4a7c1fce-42e5-4691-8b28-036c884d7c5d\",\"更新年度\":2021,\"前年同一\":true},{\"筆ポリゴンID\":\"4a7c1fce-42e5-4691-8b28-036c884d7c5d\",\"発生年度\":2020}]]]]","last_polygon_uuid":"99c0b6e3-3684-448c-84c9-3152ce6004c0","prev_last_polygon_uuid":"6ac02cda-8a39-4a68-a208-ee821b7d5d58","local_government_cd":"014630","point_lng":142.402023995,"point_lat":42.995093168}},{"arcs":[[512,-477]],"type":"Polygon","properties":{"polygon_uuid":"ec517ba7-7366-4750-ae5e-f05bcf23ee75","land_type":100,"issue_year":2025,"edit_year":2020,"history":"[{\"筆ポリゴンID\":\"c1a53a84-b266-4a40-b90b-0986c1745230\",\"更新年度\":2024,\"前年同一\":true},[{\"筆ポリゴンID\":\"bc9ee56b-613a-4a49-919a-047b0158b154\",\"更新年度\":2023,\"前年同一\":true},[{\"筆ポリゴンID\":\"cae2373c-a738-47fa-8361-debd951115e1\",\"更新年度\":2022,\"前年同一\":true},[{\"筆ポリゴンID\":\"cc89e10f-f838-47ca-88a0-9a92eb8371be\",\"更新年度\":2021,\"前年同一\":true},{\"筆ポリゴンID\":\"cc89e10f-f838-47ca-88a0-9a92eb8371be\",\"発生年度\":2020}]]]]","last_polygon_uuid":"c1a53a84-b266-4a40-b90b-0986c1745230","prev_last_polygon_uuid":"bc9ee56b-613a-4a49-919a-047b0158b154","local_government_cd":"014630","point_lng":142.403147757,"point_lat":42.993281691}},{"arcs":[[513,514]],"type":"Polygon","properties":{"polygon_uuid":"b5363284-17eb-498a-baec-6ca5da9e6e08","land_type":200,"issue_year":2025,"edit_year":2020,"history":"[{\"筆ポリゴンID\":\"4dda57fa-3116-4bc3-88a3-03d790ac7c89\",\"更新年度\":2024,\"前年同一\":true},[{\"筆ポリゴンID\":\"b8f5b1cb-2db8-430c-9523-59a60c7f6264\",\"更新年度\":2023,\"前年同一\":true},[{\"筆ポリゴンID\":\"dc9588fa-a19f-4d6e-a375-882b8e379d17\",\"更新年度\":2022,\"前年同一\":true},[{\"筆ポリゴンID\":\"b67365d7-4ab2-478c-9b8e-0d98a0ebfac5\",\"更新年度\":2021,\"前年同一\":true},{\"筆ポリゴンID\":\"b67365d7-4ab2-478c-9b8e-0d98a0ebfac5\",\"発生年度\":2020}]]]]","last_polygon_uuid":"4dda57fa-3116-4bc3-88a3-03d790ac7c89","prev_last_polygon_uuid":"b8f5b1cb-2db8-430c-9523-59a60c7f6264","local_government_cd":"014630","point_lng":142.464699365,"point_lat":42.960274511}},{"arcs":[[515,516]],"type":"Polygon","properties":{"polygon_uuid":"eeb2d3bf-93df-4913-9491-65708b97b795","land_type":200,"issue_year":2025,"edit_year":2020,"history":"[{\"筆ポリゴンID\":\"4c87027f-cd5e-4151-9956-1cc28f9f14eb\",\"更新年度\":2024,\"前年同一\":true},[{\"筆ポリゴンID\":\"5be77e79-0b89-4a7a-8d9a-a7d49717a9ef\",\"更新年度\":2023,\"前年同一\":true},[{\"筆ポリゴンID\":\"fae4fa10-3cab-4ba1-a5df-6ef2380475be\",\"更新年度\":2022,\"前年同一\":true},[{\"筆ポリゴンID\":\"bc135447-1d9e-424e-8ac1-bba5ace6d11b\",\"更新年度\":2021,\"前年同一\":true},{\"筆ポリゴンID\":\"bc135447-1d9e-424e-8ac1-bba5ace6d11b\",\"発生年度\":2020}]]]]","last_polygon_uuid":"4c87027f-cd5e-4151-9956-1cc28f9f14eb","prev_last_polygon_uuid":"5be77e79-0b89-4a7a-8d9a-a7d49717a9ef","local_government_cd":"014630","point_lng":142.41180162,"point_lat":42.990209605}},{"arcs":[[517]],"type":"Polygon","properties":{"polygon_uuid":"5a5ff6b3-6243-416b-a667-ffaf4a0e01bf","land_type":200,"issue_year":2025,"edit_year":2020,"history":"[{\"筆ポリゴンID\":\"c8490a55-1cf9-4a6a-aec1-1e4e0a06dc56\",\"更新年度\":2024,\"前年同一\":true},[{\"筆ポリゴンID\":\"8d8601a0-7a97-4acf-80a1-05d83b8cedbc\",\"更新年度\":2023,\"前年同一\":true},[{\"筆ポリゴンID\":\"31ef8db0-670a-4c33-9827-dbb784e77236\",\"更新年度\":2022,\"前年同一\":true},[{\"筆ポリゴンID\":\"fb69bcf7-b702-43ac-a9d8-70d0cf8ca4f4\",\"更新年度\":2021,\"前年同一\":true},{\"筆ポリゴンID\":\"fb69bcf7-b702-43ac-a9d8-70d0cf8ca4f4\",\"発生年度\":2020}]]]]","last_polygon_uuid":"c8490a55-1cf9-4a6a-aec1-1e4e0a06dc56","prev_last_polygon_uuid":"8d8601a0-7a97-4acf-80a1-05d83b8cedbc","local_government_cd":"014630","point_lng":142.55611485,"point_lat":43.06231069}},{"arcs":[[-449,518]],"type":"Polygon","properties":{"polygon_uuid":"610d2afb-e838-4dab-9c1a-b3ebd6a9e406","land_type":200,"issue_year":2025,"edit_year":2020,"history":"[{\"筆ポリゴンID\":\"e61455ce-f443-4043-82b1-821836225120\",\"更新年度\":2024,\"前年同一\":true},[{\"筆ポリゴンID\":\"97878278-6086-4fe8-a51d-91d44fc46027\",\"更新年度\":2023,\"前年同一\":true},[{\"筆ポリゴンID\":\"e265e091-5f03-4598-b2fb-557d56c5aad0\",\"更新年度\":2022,\"前年同一\":true},[{\"筆ポリゴンID\":\"c32815ac-073d-4ec5-8af8-4ed2daca0946\",\"更新年度\":2021,\"前年同一\":true},{\"筆ポリゴンID\":\"c32815ac-073d-4ec5-8af8-4ed2daca0946\",\"発生年度\":2020}]]]]","last_polygon_uuid":"e61455ce-f443-4043-82b1-821836225120","prev_last_polygon_uuid":"97878278-6086-4fe8-a51d-91d44fc46027","local_government_cd":"014630","point_lng":142.40842407,"point_lat":42.994986602}},{"arcs":[[-483,519]],"type":"Polygon","properties":{"polygon_uuid":"051d092b-1f80-49fc-9519-31a729f8d559","land_type":200,"issue_year":2025,"edit_year":2020,"history":"[{\"筆ポリゴンID\":\"145d6bf7-f696-45ea-bdd8-70b2630cbbd8\",\"更新年度\":2024,\"前年同一\":true},[{\"筆ポリゴンID\":\"e4fe1579-4d0d-4768-9dfb-17a13dc043c6\",\"更新年度\":2023,\"前年同一\":true},[{\"筆ポリゴンID\":\"0acdf6bc-18f8-488f-9061-388b6aa8641d\",\"更新年度\":2022,\"前年同一\":true},[{\"筆ポリゴンID\":\"34bcf21f-cf28-47a0-bbbf-ece975833138\",\"更新年度\":2021,\"前年同一\":true},{\"筆ポリゴンID\":\"34bcf21f-cf28-47a0-bbbf-ece975833138\",\"発生年度\":2020}]]]]","last_polygon_uuid":"145d6bf7-f696-45ea-bdd8-70b2630cbbd8","prev_last_polygon_uuid":"e4fe1579-4d0d-4768-9dfb-17a13dc043c6","local_government_cd":"014630","point_lng":142.421375212,"point_lat":42.972782286}},{"arcs":[[520]],"type":"Polygon","properties":{"polygon_uuid":"86927a56-b735-46b2-908e-306ebcd2ae29","land_type":200,"issue_year":2025,"edit_year":2020,"history":"[{\"筆ポリゴンID\":\"f7a8b4c3-1b8b-4093-8808-2d2168f6d989\",\"更新年度\":2024,\"前年同一\":true},[{\"筆ポリゴンID\":\"061aa232-f41c-4707-b681-8eaeabe442bf\",\"更新年度\":2023,\"前年同一\":true},[{\"筆ポリゴンID\":\"094fee92-324b-40f3-a363-b4e38f137254\",\"更新年度\":2022,\"前年同一\":true},[{\"筆ポリゴンID\":\"73cca951-93a4-452e-b91a-fdbf408cac29\",\"更新年度\":2021,\"前年同一\":true},{\"筆ポリゴンID\":\"73cca951-93a4-452e-b91a-fdbf408cac29\",\"発生年度\":2020}]]]]","last_polygon_uuid":"f7a8b4c3-1b8b-4093-8808-2d2168f6d989","prev_last_polygon_uuid":"061aa232-f41c-4707-b681-8eaeabe442bf","local_government_cd":"014630","point_lng":142.408276503,"point_lat":42.993791414}},{"arcs":[[521,522]],"type":"Polygon","properties":{"polygon_uuid":"6c840d07-cc15-4fca-81c1-21569d277f31","land_type":200,"issue_year":2025,"edit_year":2020,"history":"[{\"筆ポリゴンID\":\"27d2a479-6841-4185-b341-e78a1ca579b1\",\"更新年度\":2024,\"前年同一\":true},[{\"筆ポリゴンID\":\"2d797c9a-032e-44c3-bbad-73fb1d588e45\",\"更新年度\":2023,\"前年同一\":true},[{\"筆ポリゴンID\":\"13f48439-fb3c-4267-801e-8231dfdf2abd\",\"更新年度\":2022,\"前年同一\":true},[{\"筆ポリゴンID\":\"70e442f6-478a-4171-8329-68103cd7354b\",\"更新年度\":2021,\"前年同一\":true},{\"筆ポリゴンID\":\"70e442f6-478a-4171-8329-68103cd7354b\",\"発生年度\":2020}]]]]","last_polygon_uuid":"27d2a479-6841-4185-b341-e78a1ca579b1","prev_last_polygon_uuid":"2d797c9a-032e-44c3-bbad-73fb1d588e45","local_government_cd":"014630","point_lng":142.498142932,"point_lat":42.965391177}},{"arcs":[[523,524]],"type":"Polygon","properties":{"polygon_uuid":"2df63ff1-4c58-4889-be54-bb4786347b17","land_type":200,"issue_year":2025,"edit_year":2020,"history":"[{\"筆ポリゴンID\":\"262fc927-e056-45c8-847a-473779a54d74\",\"更新年度\":2024,\"前年同一\":true},[{\"筆ポリゴンID\":\"2f4d69dc-14b2-4980-a628-c7281bbb564a\",\"更新年度\":2023,\"前年同一\":true},[{\"筆ポリゴンID\":\"b290a1c6-5ad7-4379-89f8-99d98d2aef35\",\"更新年度\":2022,\"前年同一\":true},[{\"筆ポリゴンID\":\"b2386f9b-a9aa-49b7-8957-a0f720777e0d\",\"更新年度\":2021,\"前年同一\":true},{\"筆ポリゴンID\":\"b2386f9b-a9aa-49b7-8957-a0f720777e0d\",\"発生年度\":2020}]]]]","last_polygon_uuid":"262fc927-e056-45c8-847a-473779a54d74","prev_last_polygon_uuid":"2f4d69dc-14b2-4980-a628-c7281bbb564a","local_government_cd":"014630","point_lng":142.404068676,"point_lat":42.995379445}},{"arcs":[[525,-442,526,-151]],"type":"Polygon","properties":{"polygon_uuid":"5466c09d-5c1e-410e-8c1a-bdf8476ff6fe","land_type":100,"issue_year":2025,"edit_year":2020,"history":"[{\"筆ポリゴンID\":\"73b6d33a-703f-4804-a679-70d06fe38134\",\"更新年度\":2024,\"前年同一\":true},[{\"筆ポリゴンID\":\"1343f485-7d9e-4268-b9a1-4bde6e9ae9ce\",\"更新年度\":2023,\"前年同一\":true},[{\"筆ポリゴンID\":\"2f630232-4da1-45e6-a520-ee871bb9d9f7\",\"更新年度\":2022,\"前年同一\":true},[{\"筆ポリゴンID\":\"216c65cc-4672-4221-b637-0bb47160af00\",\"更新年度\":2021,\"前年同一\":true},{\"筆ポリゴンID\":\"216c65cc-4672-4221-b637-0bb47160af00\",\"発生年度\":2020}]]]]","last_polygon_uuid":"73b6d33a-703f-4804-a679-70d06fe38134","prev_last_polygon_uuid":"1343f485-7d9e-4268-b9a1-4bde6e9ae9ce","local_government_cd":"014630","point_lng":142.400597146,"point_lat":42.988250201}},{"arcs":[[527]],"type":"Polygon","properties":{"polygon_uuid":"2899bde8-6b9d-418a-a798-767601355339","land_type":200,"issue_year":2025,"edit_year":2020,"history":"[{\"筆ポリゴンID\":\"d2736ca2-145f-4b2f-bbf0-412988cc3d49\",\"更新年度\":2024,\"前年同一\":true},[{\"筆ポリゴンID\":\"ec699540-c9ce-4a38-8146-eb40d776c306\",\"更新年度\":2023,\"前年同一\":true},[{\"筆ポリゴンID\":\"2c141bbf-c6ea-4217-a2d8-0ed8e9784d54\",\"更新年度\":2022,\"前年同一\":true},[{\"筆ポリゴンID\":\"7bcbc22b-a7fe-41ee-b9f6-9737a7f90a78\",\"更新年度\":2021,\"前年同一\":true},{\"筆ポリゴンID\":\"7bcbc22b-a7fe-41ee-b9f6-9737a7f90a78\",\"発生年度\":2020}]]]]","last_polygon_uuid":"d2736ca2-145f-4b2f-bbf0-412988cc3d49","prev_last_polygon_uuid":"ec699540-c9ce-4a38-8146-eb40d776c306","local_government_cd":"014630","point_lng":142.322559923,"point_lat":42.958977493}},{"arcs":[[528]],"type":"Polygon","properties":{"polygon_uuid":"21e4d7cc-a6e0-4daf-89fa-ba453a09e3c6","land_type":100,"issue_year":2025,"edit_year":2020,"history":"[{\"筆ポリゴンID\":\"b62539cf-43e5-408d-a6fc-7f2e7f68c35b\",\"更新年度\":2024,\"前年同一\":true},[{\"筆ポリゴンID\":\"f3fbc43b-6a85-4095-98ad-3208d98afad4\",\"更新年度\":2023,\"前年同一\":true},[{\"筆ポリゴンID\":\"eb426685-c720-42dd-9b8b-dae1f2c3a745\",\"更新年度\":2022,\"前年同一\":true},[{\"筆ポリゴンID\":\"98983580-6a21-45cf-91fd-26b802b59dae\",\"更新年度\":2021,\"前年同一\":true},{\"筆ポリゴンID\":\"98983580-6a21-45cf-91fd-26b802b59dae\",\"発生年度\":2020}]]]]","last_polygon_uuid":"b62539cf-43e5-408d-a6fc-7f2e7f68c35b","prev_last_polygon_uuid":"f3fbc43b-6a85-4095-98ad-3208d98afad4","local_government_cd":"014630","point_lng":142.419295826,"point_lat":42.973625588}},{"arcs":[[529]],"type":"Polygon","properties":{"polygon_uuid":"ae5a8f51-3dbc-4c58-9534-e958b44f04a0","land_type":200,"issue_year":2025,"edit_year":2020,"history":"[{\"筆ポリゴンID\":\"1dc9dae5-8491-4b66-96b5-aff8ca11fef7\",\"更新年度\":2024,\"前年同一\":true},[{\"筆ポリゴンID\":\"9145227a-f96c-454c-8ec1-7779a4da3158\",\"更新年度\":2023,\"前年同一\":true},[{\"筆ポリゴンID\":\"c965fe62-cf25-4e25-b0ef-2f16fd8fc4d2\",\"更新年度\":2022,\"前年同一\":true},[{\"筆ポリゴンID\":\"6df49a07-4de2-45e9-b555-f65aaa1ec4d4\",\"更新年度\":2021,\"前年同一\":true},{\"筆ポリゴンID\":\"6df49a07-4de2-45e9-b555-f65aaa1ec4d4\",\"発生年度\":2020}]]]]","last_polygon_uuid":"1dc9dae5-8491-4b66-96b5-aff8ca11fef7","prev_last_polygon_uuid":"9145227a-f96c-454c-8ec1-7779a4da3158","local_government_cd":"014630","point_lng":142.396276735,"point_lat":43.037184823}},{"arcs":[[-476,530]],"type":"Polygon","properties":{"polygon_uuid":"be585580-cb0a-4ef8-9ee3-01d1b8d0a4a0","land_type":200,"issue_year":2025,"edit_year":2020,"history":"[{\"筆ポリゴンID\":\"bb9087ef-31fa-46fb-b61c-b1996766090e\",\"更新年度\":2024,\"前年同一\":true},[{\"筆ポリゴンID\":\"1526bb5a-dac1-41d3-b3bb-ff3dffd95be7\",\"更新年度\":2023,\"前年同一\":true},[{\"筆ポリゴンID\":\"12f7633d-c6f7-4702-a475-3d0888e1accf\",\"更新年度\":2022,\"前年同一\":true},[{\"筆ポリゴンID\":\"6db15f71-a81e-4564-8859-40b42cbe0790\",\"更新年度\":2021,\"前年同一\":true},{\"筆ポリゴンID\":\"6db15f71-a81e-4564-8859-40b42cbe0790\",\"発生年度\":2020}]]]]","last_polygon_uuid":"bb9087ef-31fa-46fb-b61c-b1996766090e","prev_last_polygon_uuid":"1526bb5a-dac1-41d3-b3bb-ff3dffd95be7","local_government_cd":"014630","point_lng":142.47555655,"point_lat":42.961706197}},{"arcs":[[531,-377]],"type":"Polygon","properties":{"polygon_uuid":"6b98f929-4447-45e6-8be7-b51a72025167","land_type":100,"issue_year":2025,"edit_year":2020,"history":"[{\"筆ポリゴンID\":\"41ee18ff-e99b-4bdb-b858-41feed10cf09\",\"更新年度\":2024,\"前年同一\":true},[{\"筆ポリゴンID\":\"c0b12c08-3ce8-4da3-aedb-44f3eae46a58\",\"更新年度\":2023,\"前年同一\":true},[{\"筆ポリゴンID\":\"f9ed857d-eb05-4b66-a4cc-8343eecb77a1\",\"更新年度\":2022,\"前年同一\":true},[{\"筆ポリゴンID\":\"9e975da7-4f8d-4068-a188-8e9b631ec2fe\",\"更新年度\":2021,\"前年同一\":true},{\"筆ポリゴンID\":\"9e975da7-4f8d-4068-a188-8e9b631ec2fe\",\"発生年度\":2020}]]]]","last_polygon_uuid":"41ee18ff-e99b-4bdb-b858-41feed10cf09","prev_last_polygon_uuid":"c0b12c08-3ce8-4da3-aedb-44f3eae46a58","local_government_cd":"014630","point_lng":142.422951694,"point_lat":42.967559039}},{"arcs":[[532,-16]],"type":"Polygon","properties":{"polygon_uuid":"d668e7e2-c02b-41bd-a154-ae6c9f9d44d1","land_type":100,"issue_year":2025,"edit_year":2020,"history":"[{\"筆ポリゴンID\":\"eedc73d4-723d-4b3d-862b-19d470d33911\",\"更新年度\":2024,\"前年同一\":true},[{\"筆ポリゴンID\":\"d92517bf-7c63-434b-9652-92ecbcf16bb5\",\"更新年度\":2023,\"前年同一\":true},[{\"筆ポリゴンID\":\"7ada889b-09a3-4dd3-9e49-40843b216e9c\",\"更新年度\":2022,\"前年同一\":true},[{\"筆ポリゴンID\":\"7d9288a1-434c-466b-8ff4-dde814744bde\",\"更新年度\":2021,\"前年同一\":true},{\"筆ポリゴンID\":\"7d9288a1-434c-466b-8ff4-dde814744bde\",\"発生年度\":2020}]]]]","last_polygon_uuid":"eedc73d4-723d-4b3d-862b-19d470d33911","prev_last_polygon_uuid":"d92517bf-7c63-434b-9652-92ecbcf16bb5","local_government_cd":"014630","point_lng":142.476565101,"point_lat":42.965420826}},{"arcs":[[533]],"type":"Polygon","properties":{"polygon_uuid":"17df9776-905e-45a6-a281-6562c93be0de","land_type":200,"issue_year":2025,"edit_year":2020,"history":"[{\"筆ポリゴンID\":\"5f81ba39-d8a4-474a-b050-70d57d122fa3\",\"更新年度\":2024,\"前年同一\":true},[{\"筆ポリゴンID\":\"e6f2ca40-f98c-4c3a-b704-190cee11571d\",\"更新年度\":2023,\"前年同一\":true},[{\"筆ポリゴンID\":\"19e6845b-081d-46b4-86cd-1bb37a14ae85\",\"更新年度\":2022,\"前年同一\":true},[{\"筆ポリゴンID\":\"59c0ac83-1b6a-4103-914f-ff904cc469d6\",\"更新年度\":2021,\"前年同一\":true},{\"筆ポリゴンID\":\"59c0ac83-1b6a-4103-914f-ff904cc469d6\",\"発生年度\":2020}]]]]","last_polygon_uuid":"5f81ba39-d8a4-474a-b050-70d57d122fa3","prev_last_polygon_uuid":"e6f2ca40-f98c-4c3a-b704-190cee11571d","local_government_cd":"014630","point_lng":142.409216269,"point_lat":42.988047847}},{"arcs":[[534]],"type":"Polygon","properties":{"polygon_uuid":"ae7d6d69-e7be-424a-a8a1-89c743137d27","land_type":200,"issue_year":2025,"edit_year":2020,"history":"[{\"筆ポリゴンID\":\"0333ac84-40b5-4dbe-9a35-37fe8b6a4b68\",\"更新年度\":2024,\"前年同一\":true},[{\"筆ポリゴンID\":\"42e56ff5-0efd-4752-aa49-bbb24a08bb86\",\"更新年度\":2023,\"前年同一\":true},[{\"筆ポリゴンID\":\"8657bea0-021c-4f69-b7be-f929a5e9fbe0\",\"更新年度\":2022,\"前年同一\":true},[{\"筆ポリゴンID\":\"723d8c60-66f2-4f6f-b662-734fcb81554a\",\"更新年度\":2021,\"前年同一\":true},{\"筆ポリゴンID\":\"723d8c60-66f2-4f6f-b662-734fcb81554a\",\"発生年度\":2020}]]]]","last_polygon_uuid":"0333ac84-40b5-4dbe-9a35-37fe8b6a4b68","prev_last_polygon_uuid":"42e56ff5-0efd-4752-aa49-bbb24a08bb86","local_government_cd":"014630","point_lng":142.412630674,"point_lat":42.975809131}},{"arcs":[[535]],"type":"Polygon","properties":{"polygon_uuid":"141bf4a0-0373-42d1-9067-3d11ae6695ee","land_type":200,"issue_year":2025,"edit_year":2020,"history":"[{\"筆ポリゴンID\":\"1c30b07a-8a2c-45fc-8606-e2ecfc77de41\",\"更新年度\":2024,\"前年同一\":true},[{\"筆ポリゴンID\":\"7a7d7d61-2fb7-4e26-a5e8-223027205a11\",\"更新年度\":2023,\"前年同一\":true},[{\"筆ポリゴンID\":\"aa091c0e-7502-4c06-9fb1-dd63a458b8a3\",\"更新年度\":2022,\"前年同一\":true},[{\"筆ポリゴンID\":\"bea5fafb-d782-4c47-8b35-3d3b0c3fec5f\",\"更新年度\":2021,\"前年同一\":true},{\"筆ポリゴンID\":\"bea5fafb-d782-4c47-8b35-3d3b0c3fec5f\",\"発生年度\":2020}]]]]","last_polygon_uuid":"1c30b07a-8a2c-45fc-8606-e2ecfc77de41","prev_last_polygon_uuid":"7a7d7d61-2fb7-4e26-a5e8-223027205a11","local_government_cd":"014630","point_lng":142.51719712,"point_lat":43.070231951}},{"arcs":[[-514,536]],"type":"Polygon","properties":{"polygon_uuid":"099fc25b-e739-42af-a812-09c0563f2248","land_type":200,"issue_year":2025,"edit_year":2020,"history":"[{\"筆ポリゴンID\":\"62b28d9b-34ef-4bff-adc2-8b5096fa2228\",\"更新年度\":2024,\"前年同一\":true},[{\"筆ポリゴンID\":\"bff7cf57-8e79-41e1-a577-6792e6d26031\",\"更新年度\":2023,\"前年同一\":true},[{\"筆ポリゴンID\":\"51e7db70-3ed2-4d01-b0fb-ab2b57fd7255\",\"更新年度\":2022,\"前年同一\":true},[{\"筆ポリゴンID\":\"560c194c-7477-495b-b235-693360f4d129\",\"更新年度\":2021,\"前年同一\":true},{\"筆ポリゴンID\":\"560c194c-7477-495b-b235-693360f4d129\",\"発生年度\":2020}]]]]","last_polygon_uuid":"62b28d9b-34ef-4bff-adc2-8b5096fa2228","prev_last_polygon_uuid":"bff7cf57-8e79-41e1-a577-6792e6d26031","local_government_cd":"014630","point_lng":142.465827025,"point_lat":42.960711748}},{"arcs":[[537]],"type":"Polygon","properties":{"polygon_uuid":"94d15a59-da72-404a-ba5a-bfe3375a42bb","land_type":200,"issue_year":2025,"edit_year":2020,"history":"[{\"筆ポリゴンID\":\"935c5360-56e3-4cec-8532-3220c87b7039\",\"更新年度\":2024,\"前年同一\":true},[{\"筆ポリゴンID\":\"7ae6ac47-573a-470f-a8b9-c40852c544ca\",\"更新年度\":2023,\"前年同一\":true},[{\"筆ポリゴンID\":\"49b93317-85ea-4883-8705-cca96a38290d\",\"更新年度\":2022,\"前年同一\":true},[{\"筆ポリゴンID\":\"9a4cf11e-40da-40ce-a11d-487cf5d968a3\",\"更新年度\":2021,\"前年同一\":true},{\"筆ポリゴンID\":\"9a4cf11e-40da-40ce-a11d-487cf5d968a3\",\"発生年度\":2020}]]]]","last_polygon_uuid":"935c5360-56e3-4cec-8532-3220c87b7039","prev_last_polygon_uuid":"7ae6ac47-573a-470f-a8b9-c40852c544ca","local_government_cd":"014630","point_lng":142.324341189,"point_lat":42.959107794}},{"arcs":[[-522,538]],"type":"Polygon","properties":{"polygon_uuid":"88d56269-8551-437f-ba75-47e8b0f0cfa7","land_type":200,"issue_year":2025,"edit_year":2020,"history":"[{\"筆ポリゴンID\":\"004ba04f-1319-46ba-915a-2d011702f8ee\",\"更新年度\":2024,\"前年同一\":true},[{\"筆ポリゴンID\":\"0be04e41-70ea-4ffe-a12d-6ec387015522\",\"更新年度\":2023,\"前年同一\":true},[{\"筆ポリゴンID\":\"c90fcec2-4b11-4d69-b34b-54f180a888c4\",\"更新年度\":2022,\"前年同一\":true},[{\"筆ポリゴンID\":\"bcf2831c-01b7-4d1f-abba-8531611be3e2\",\"更新年度\":2021,\"前年同一\":true},{\"筆ポリゴンID\":\"bcf2831c-01b7-4d1f-abba-8531611be3e2\",\"発生年度\":2020}]]]]","last_polygon_uuid":"004ba04f-1319-46ba-915a-2d011702f8ee","prev_last_polygon_uuid":"0be04e41-70ea-4ffe-a12d-6ec387015522","local_government_cd":"014630","point_lng":142.495996465,"point_lat":42.966648477}},{"arcs":[[539]],"type":"Polygon","properties":{"polygon_uuid":"93e03d16-653d-4e88-8dd1-a2c436d69ae9","land_type":200,"issue_year":2025,"edit_year":2020,"history":"[{\"筆ポリゴンID\":\"c3f4f6b6-865b-4f1c-ab2f-23ef3ac39e7c\",\"更新年度\":2024,\"前年同一\":true},[{\"筆ポリゴンID\":\"9c2e44a2-fdb3-42a2-8906-038caa4c32b8\",\"更新年度\":2023,\"前年同一\":true},[{\"筆ポリゴンID\":\"c509174c-0942-4e3f-95c7-85e07c8bc171\",\"更新年度\":2022,\"前年同一\":true},[{\"筆ポリゴンID\":\"fbe551b5-9444-4f36-b1a2-410ae4082a96\",\"更新年度\":2021,\"前年同一\":true},{\"筆ポリゴンID\":\"fbe551b5-9444-4f36-b1a2-410ae4082a96\",\"発生年度\":2020}]]]]","last_polygon_uuid":"c3f4f6b6-865b-4f1c-ab2f-23ef3ac39e7c","prev_last_polygon_uuid":"9c2e44a2-fdb3-42a2-8906-038caa4c32b8","local_government_cd":"014630","point_lng":142.514748142,"point_lat":43.073468246}},{"arcs":[[540]],"type":"Polygon","properties":{"polygon_uuid":"69c3b41b-359a-4efb-938c-9ceb52fdb0d5","land_type":100,"issue_year":2025,"edit_year":2020,"history":"[{\"筆ポリゴンID\":\"d6951896-6a68-44ed-ba79-149745b9f230\",\"更新年度\":2024,\"前年同一\":true},[{\"筆ポリゴンID\":\"bdef1127-d8bf-4032-8820-de7de34d2d8a\",\"更新年度\":2023,\"前年同一\":true},[{\"筆ポリゴンID\":\"61b43852-5cb0-4de8-a9c0-1633b9a5afbd\",\"更新年度\":2022,\"前年同一\":true},[{\"筆ポリゴンID\":\"4a71b967-59ed-4051-a9c7-c2619ff12b24\",\"更新年度\":2021,\"前年同一\":true},{\"筆ポリゴンID\":\"4a71b967-59ed-4051-a9c7-c2619ff12b24\",\"発生年度\":2020}]]]]","last_polygon_uuid":"d6951896-6a68-44ed-ba79-149745b9f230","prev_last_polygon_uuid":"bdef1127-d8bf-4032-8820-de7de34d2d8a","local_government_cd":"014630","point_lng":142.464839902,"point_lat":42.958482172}},{"arcs":[[541]],"type":"Polygon","properties":{"polygon_uuid":"e4c0c570-e323-4725-a85d-1f1d1a232c9d","land_type":100,"issue_year":2025,"edit_year":2020,"history":"[{\"筆ポリゴンID\":\"17af87ff-09ae-44a9-b033-b502afd136be\",\"更新年度\":2024,\"前年同一\":true},[{\"筆ポリゴンID\":\"29d999f3-b28f-4777-a8c4-775a1b51c0f1\",\"更新年度\":2023,\"前年同一\":true},[{\"筆ポリゴンID\":\"d20fb2c8-0672-4eb3-9d68-0f388b8bd052\",\"更新年度\":2022,\"前年同一\":true},[{\"筆ポリゴンID\":\"b5f6a4f5-8158-4669-a330-27863b8efaaf\",\"更新年度\":2021,\"前年同一\":true},{\"筆ポリゴンID\":\"b5f6a4f5-8158-4669-a330-27863b8efaaf\",\"発生年度\":2020}]]]]","last_polygon_uuid":"17af87ff-09ae-44a9-b033-b502afd136be","prev_last_polygon_uuid":"29d999f3-b28f-4777-a8c4-775a1b51c0f1","local_government_cd":"014630","point_lng":142.407665113,"point_lat":43.004206933}},{"arcs":[[-455,542]],"type":"Polygon","properties":{"polygon_uuid":"e64b4033-4174-44eb-a369-0b68ee445843","land_type":200,"issue_year":2025,"edit_year":2020,"history":"[{\"筆ポリゴンID\":\"0fd420ce-d1da-4c39-91fd-a113d481b906\",\"更新年度\":2024,\"前年同一\":true},[{\"筆ポリゴンID\":\"f6c7cbf4-cded-47f3-bf21-f1d25775d943\",\"更新年度\":2023,\"前年同一\":true},[{\"筆ポリゴンID\":\"8391196f-d691-4f96-9b65-2edb0b26d792\",\"更新年度\":2022,\"前年同一\":true},[{\"筆ポリゴンID\":\"8398b97d-b160-4406-beb7-01fa9dd22840\",\"更新年度\":2021,\"前年同一\":true},{\"筆ポリゴンID\":\"8398b97d-b160-4406-beb7-01fa9dd22840\",\"発生年度\":2020}]]]]","last_polygon_uuid":"0fd420ce-d1da-4c39-91fd-a113d481b906","prev_last_polygon_uuid":"f6c7cbf4-cded-47f3-bf21-f1d25775d943","local_government_cd":"014630","point_lng":142.39743636,"point_lat":42.977496101}},{"arcs":[[543]],"type":"Polygon","properties":{"polygon_uuid":"48c7ed48-6240-4228-a777-90be81b1e59c","land_type":200,"issue_year":2025,"edit_year":2020,"history":"[{\"筆ポリゴンID\":\"fcb8a1e2-d87f-464d-a16b-1f8a7b9135b5\",\"更新年度\":2024,\"前年同一\":true},[{\"筆ポリゴンID\":\"7d277787-714e-4111-893d-652ba06e0ddc\",\"更新年度\":2023,\"前年同一\":true},[{\"筆ポリゴンID\":\"5f3232ab-7233-4d93-aab6-445ee7ef7c69\",\"更新年度\":2022,\"前年同一\":true},[{\"筆ポリゴンID\":\"32b50841-6260-4ccc-9168-d567aa53600d\",\"更新年度\":2021,\"前年同一\":true},{\"筆ポリゴンID\":\"32b50841-6260-4ccc-9168-d567aa53600d\",\"発生年度\":2020}]]]]","last_polygon_uuid":"fcb8a1e2-d87f-464d-a16b-1f8a7b9135b5","prev_last_polygon_uuid":"7d277787-714e-4111-893d-652ba06e0ddc","local_government_cd":"014630","point_lng":142.485100907,"point_lat":42.967367003}},{"arcs":[[544]],"type":"Polygon","properties":{"polygon_uuid":"301125bd-b71a-46a7-93fa-0198c2962804","land_type":100,"issue_year":2025,"edit_year":2020,"history":"[{\"筆ポリゴンID\":\"cca6342f-cc3b-4155-aba0-fea426f0ad2f\",\"更新年度\":2024,\"前年同一\":true},[{\"筆ポリゴンID\":\"22e00478-04f3-4ba4-b534-6808e6ef159e\",\"更新年度\":2023,\"前年同一\":true},[{\"筆ポリゴンID\":\"386c9f09-6d71-41d7-966a-e9a94a892b71\",\"更新年度\":2022,\"前年同一\":true},[{\"筆ポリゴンID\":\"9a19bdf1-3f61-412e-8789-60b025bc328d\",\"更新年度\":2021,\"前年同一\":true},{\"筆ポリゴンID\":\"9a19bdf1-3f61-412e-8789-60b025bc328d\",\"発生年度\":2020}]]]]","last_polygon_uuid":"cca6342f-cc3b-4155-aba0-fea426f0ad2f","prev_last_polygon_uuid":"22e00478-04f3-4ba4-b534-6808e6ef159e","local_government_cd":"014630","point_lng":142.402309893,"point_lat":43.018256954}},{"arcs":[[-485,545]],"type":"Polygon","properties":{"polygon_uuid":"3d9544bf-ecb7-46e6-bcf9-d67646bb2ed0","land_type":100,"issue_year":2025,"edit_year":2020,"history":"[{\"筆ポリゴンID\":\"a5fa2af9-5f62-4542-bac0-742677e79a9a\",\"更新年度\":2024,\"前年同一\":true},[{\"筆ポリゴンID\":\"97f2c8b4-7a02-460b-a23d-199cc81089f6\",\"更新年度\":2023,\"前年同一\":true},[{\"筆ポリゴンID\":\"4b74f88d-f095-4cba-a46e-dfbb3061ca5d\",\"更新年度\":2022,\"前年同一\":true},[{\"筆ポリゴンID\":\"60f599e4-138a-4d67-a7e2-7ffe2dc8b768\",\"更新年度\":2021,\"前年同一\":true},{\"筆ポリゴンID\":\"60f599e4-138a-4d67-a7e2-7ffe2dc8b768\",\"発生年度\":2020}]]]]","last_polygon_uuid":"a5fa2af9-5f62-4542-bac0-742677e79a9a","prev_last_polygon_uuid":"97f2c8b4-7a02-460b-a23d-199cc81089f6","local_government_cd":"014630","point_lng":142.40540806,"point_lat":43.003971999}},{"arcs":[[546]],"type":"Polygon","properties":{"polygon_uuid":"e895e1f1-eb58-44dd-92be-657febbbe999","land_type":200,"issue_year":2025,"edit_year":2020,"history":"[{\"筆ポリゴンID\":\"6491498d-9c57-41ba-924b-ca449b451a21\",\"更新年度\":2024,\"前年同一\":true},[{\"筆ポリゴンID\":\"221f3c72-cd3d-4686-84ed-264b8bb7da2d\",\"更新年度\":2023,\"前年同一\":true},[{\"筆ポリゴンID\":\"843e0414-8629-484d-9532-c96327b9de76\",\"更新年度\":2022,\"前年同一\":true},[{\"筆ポリゴンID\":\"36f659b6-9a10-4399-930e-345cc697ed00\",\"更新年度\":2021,\"前年同一\":true},{\"筆ポリゴンID\":\"36f659b6-9a10-4399-930e-345cc697ed00\",\"発生年度\":2020}]]]]","last_polygon_uuid":"6491498d-9c57-41ba-924b-ca449b451a21","prev_last_polygon_uuid":"221f3c72-cd3d-4686-84ed-264b8bb7da2d","local_government_cd":"014630","point_lng":142.487435726,"point_lat":42.96498666}},{"arcs":[[547]],"type":"Polygon","properties":{"polygon_uuid":"6b72e9aa-69a0-43d4-a318-68ea01cc3513","land_type":200,"issue_year":2025,"edit_year":2020,"history":"[{\"筆ポリゴンID\":\"1050f7b7-7037-4814-b5ce-c7042351f7de\",\"更新年度\":2024,\"前年同一\":true},[{\"筆ポリゴンID\":\"8a5dbd9f-a83b-4f9e-9bbf-dc045f749195\",\"更新年度\":2023,\"前年同一\":true},[{\"筆ポリゴンID\":\"5de3febc-a8d2-491d-949f-f4effd41bb38\",\"更新年度\":2022,\"前年同一\":true},[{\"筆ポリゴンID\":\"c148f6c1-f100-4ef5-a789-8ac4c4a3cc3d\",\"更新年度\":2021,\"前年同一\":true},{\"筆ポリゴンID\":\"c148f6c1-f100-4ef5-a789-8ac4c4a3cc3d\",\"発生年度\":2020}]]]]","last_polygon_uuid":"1050f7b7-7037-4814-b5ce-c7042351f7de","prev_last_polygon_uuid":"8a5dbd9f-a83b-4f9e-9bbf-dc045f749195","local_government_cd":"014630","point_lng":142.555431274,"point_lat":43.065417332}},{"arcs":[[548,-65,549]],"type":"Polygon","properties":{"polygon_uuid":"87a045a3-f66e-4690-8f1f-8508e64fd43e","land_type":100,"issue_year":2025,"edit_year":2020,"history":"[{\"筆ポリゴンID\":\"ec78974c-72ee-492f-8f84-107c65a66993\",\"更新年度\":2024,\"前年同一\":true},[{\"筆ポリゴンID\":\"619e7bf0-f683-45eb-8dae-9d2fca999297\",\"更新年度\":2023,\"前年同一\":true},[{\"筆ポリゴンID\":\"c9b4c342-f99c-4fc6-83e3-67326ee3fdfc\",\"更新年度\":2022,\"前年同一\":true},[{\"筆ポリゴンID\":\"fe299731-3484-42b8-8b86-1caac186aa14\",\"更新年度\":2021,\"前年同一\":true},{\"筆ポリゴンID\":\"fe299731-3484-42b8-8b86-1caac186aa14\",\"発生年度\":2020}]]]]","last_polygon_uuid":"ec78974c-72ee-492f-8f84-107c65a66993","prev_last_polygon_uuid":"619e7bf0-f683-45eb-8dae-9d2fca999297","local_government_cd":"014630","point_lng":142.406624395,"point_lat":42.987299132}},{"arcs":[[550]],"type":"Polygon","properties":{"polygon_uuid":"b1270054-791d-4d8d-95d8-ee8f85f505db","land_type":200,"issue_year":2025,"edit_year":2020,"history":"[{\"筆ポリゴンID\":\"c8a83f4e-2693-43f3-bfff-514faaf764e6\",\"更新年度\":2024,\"前年同一\":true},[{\"筆ポリゴンID\":\"f2ddaae8-ae78-4e81-9145-c08ac7f60a1c\",\"更新年度\":2023,\"前年同一\":true},[{\"筆ポリゴンID\":\"aba6886e-d4c8-403b-8d92-6d16a6521c43\",\"更新年度\":2022,\"前年同一\":true},[{\"筆ポリゴンID\":\"2095e41c-db3b-4a08-af06-e968a0759e75\",\"更新年度\":2021,\"前年同一\":true},{\"筆ポリゴンID\":\"2095e41c-db3b-4a08-af06-e968a0759e75\",\"発生年度\":2020}]]]]","last_polygon_uuid":"c8a83f4e-2693-43f3-bfff-514faaf764e6","prev_last_polygon_uuid":"f2ddaae8-ae78-4e81-9145-c08ac7f60a1c","local_government_cd":"014630","point_lng":142.410064968,"point_lat":42.985064026}},{"arcs":[[551]],"type":"Polygon","properties":{"polygon_uuid":"69612ff7-c2b2-4c93-92fa-d830b495f584","land_type":200,"issue_year":2025,"edit_year":2020,"history":"[{\"筆ポリゴンID\":\"1fb7b2b1-536c-4c2f-8fbd-a00e3c41bbc3\",\"更新年度\":2024,\"前年同一\":true},[{\"筆ポリゴンID\":\"4c1c85c0-ca14-495f-94ec-eb31627ceb85\",\"更新年度\":2023,\"前年同一\":true},[{\"筆ポリゴンID\":\"38e1b55d-1790-449f-85f6-e5fc6310c8f4\",\"更新年度\":2022,\"前年同一\":true},[{\"筆ポリゴンID\":\"671268e2-9d7f-4408-b0c8-0a7a5221c7ec\",\"更新年度\":2021,\"前年同一\":true},{\"筆ポリゴンID\":\"671268e2-9d7f-4408-b0c8-0a7a5221c7ec\",\"発生年度\":2020}]]]]","last_polygon_uuid":"1fb7b2b1-536c-4c2f-8fbd-a00e3c41bbc3","prev_last_polygon_uuid":"4c1c85c0-ca14-495f-94ec-eb31627ceb85","local_government_cd":"014630","point_lng":142.545244254,"point_lat":43.064898172}},{"arcs":[[-385,552,-392,553]],"type":"Polygon","properties":{"polygon_uuid":"d799fedf-2712-4e86-afdc-51c363ac8957","land_type":200,"issue_year":2025,"edit_year":2020,"history":"[{\"筆ポリゴンID\":\"5c1e79cf-fae8-442c-ba11-3ee1d9e08efb\",\"更新年度\":2024,\"前年同一\":true},[{\"筆ポリゴンID\":\"ee4b8013-d3c0-41e7-a45a-d6b665af829a\",\"更新年度\":2023,\"前年同一\":true},[{\"筆ポリゴンID\":\"75d41a3c-3b9e-44b5-bc35-012c58e75b62\",\"更新年度\":2022,\"前年同一\":true},[{\"筆ポリゴンID\":\"ec394396-a2a7-441f-b207-6ce904a595a3\",\"更新年度\":2021,\"前年同一\":true},{\"筆ポリゴンID\":\"ec394396-a2a7-441f-b207-6ce904a595a3\",\"発生年度\":2020}]]]]","last_polygon_uuid":"5c1e79cf-fae8-442c-ba11-3ee1d9e08efb","prev_last_polygon_uuid":"ee4b8013-d3c0-41e7-a45a-d6b665af829a","local_government_cd":"014630","point_lng":142.422853637,"point_lat":42.963966456}},{"arcs":[[554]],"type":"Polygon","properties":{"polygon_uuid":"280a845d-f88e-46c8-a308-e90533c8caef","land_type":200,"issue_year":2025,"edit_year":2020,"history":"[{\"筆ポリゴンID\":\"07bd616d-e93e-4df3-b1ac-00e7359ab558\",\"更新年度\":2024,\"前年同一\":true},[{\"筆ポリゴンID\":\"372222e8-3fcd-4b07-9def-683e794a4298\",\"更新年度\":2023,\"前年同一\":true},[{\"筆ポリゴンID\":\"c50b729e-880e-4c51-97dd-c7ed8cef3aab\",\"更新年度\":2022,\"前年同一\":true},[{\"筆ポリゴンID\":\"5d1f6354-efe1-4338-b00d-0a6ec854cea2\",\"更新年度\":2021,\"前年同一\":true},{\"筆ポリゴンID\":\"5d1f6354-efe1-4338-b00d-0a6ec854cea2\",\"発生年度\":2020}]]]]","last_polygon_uuid":"07bd616d-e93e-4df3-b1ac-00e7359ab558","prev_last_polygon_uuid":"372222e8-3fcd-4b07-9def-683e794a4298","local_government_cd":"014630","point_lng":142.410735289,"point_lat":42.976424821}},{"arcs":[[-42,555]],"type":"Polygon","properties":{"polygon_uuid":"daca80a3-04d7-4bc4-b007-6d493a9636f3","land_type":200,"issue_year":2025,"edit_year":2020,"history":"[{\"筆ポリゴンID\":\"e06fa4e2-5898-483a-bdcd-4f2f7dd494d7\",\"更新年度\":2024,\"前年同一\":true},[{\"筆ポリゴンID\":\"7c347152-0272-4149-9e47-77b592b81ef5\",\"更新年度\":2023,\"前年同一\":true},[{\"筆ポリゴンID\":\"2388ac3d-a107-4d8b-92b8-7f5543545ca2\",\"更新年度\":2022,\"前年同一\":true},[{\"筆ポリゴンID\":\"d1571c66-246e-43c5-aee8-f0ba01215b26\",\"更新年度\":2021,\"前年同一\":true},{\"筆ポリゴンID\":\"d1571c66-246e-43c5-aee8-f0ba01215b26\",\"発生年度\":2020}]]]]","last_polygon_uuid":"e06fa4e2-5898-483a-bdcd-4f2f7dd494d7","prev_last_polygon_uuid":"7c347152-0272-4149-9e47-77b592b81ef5","local_government_cd":"014630","point_lng":142.397925873,"point_lat":42.995353239}},{"arcs":[[-501,556]],"type":"Polygon","properties":{"polygon_uuid":"dc3d4321-d98b-4bf9-aa7e-0c7ff32e5de3","land_type":100,"issue_year":2025,"edit_year":2020,"history":"[{\"筆ポリゴンID\":\"ac2e6a9e-c1e9-4214-863c-b6f2005f6b3a\",\"更新年度\":2024,\"前年同一\":true},[{\"筆ポリゴンID\":\"7f3fdf40-ac7e-4149-b379-8e2f7a5c4a0e\",\"更新年度\":2023,\"前年同一\":true},[{\"筆ポリゴンID\":\"8674aa2c-e35c-4975-9107-8e106aa5c5ae\",\"更新年度\":2022,\"前年同一\":true},[{\"筆ポリゴンID\":\"c33bed98-e289-43f0-813b-8ee38ed2281e\",\"更新年度\":2021,\"前年同一\":true},{\"筆ポリゴンID\":\"c33bed98-e289-43f0-813b-8ee38ed2281e\",\"発生年度\":2020}]]]]","last_polygon_uuid":"ac2e6a9e-c1e9-4214-863c-b6f2005f6b3a","prev_last_polygon_uuid":"7f3fdf40-ac7e-4149-b379-8e2f7a5c4a0e","local_government_cd":"014630","point_lng":142.417064062,"point_lat":42.97503079}},{"arcs":[[557,-550,-64,-56]],"type":"Polygon","properties":{"polygon_uuid":"31a725d6-97ec-41e0-b19e-90b3f74421bf","land_type":200,"issue_year":2025,"edit_year":2020,"history":"[{\"筆ポリゴンID\":\"2beb82b1-5a2b-465f-b9c9-52b361d52975\",\"更新年度\":2024,\"前年同一\":true},[{\"筆ポリゴンID\":\"2021b41f-b710-4863-8e3b-27f29e715088\",\"更新年度\":2023,\"前年同一\":true},[{\"筆ポリゴンID\":\"1c0c6207-1701-464a-9322-5599b3ec6e53\",\"更新年度\":2022,\"前年同一\":true},[{\"筆ポリゴンID\":\"f5f4bbf6-46c3-43c0-b686-0fa0ce679a38\",\"更新年度\":2021,\"前年同一\":true},{\"筆ポリゴンID\":\"f5f4bbf6-46c3-43c0-b686-0fa0ce679a38\",\"発生年度\":2020}]]]]","last_polygon_uuid":"2beb82b1-5a2b-465f-b9c9-52b361d52975","prev_last_polygon_uuid":"2021b41f-b710-4863-8e3b-27f29e715088","local_government_cd":"014630","point_lng":142.40706455,"point_lat":42.988441841}},{"arcs":[[558]],"type":"Polygon","properties":{"polygon_uuid":"5039235d-be8f-4786-9874-c6cfaa5e2f25","land_type":100,"issue_year":2025,"edit_year":2020,"history":"[{\"筆ポリゴンID\":\"d917f39b-ad72-4262-87c4-24f5eed2944f\",\"更新年度\":2024,\"前年同一\":true},[{\"筆ポリゴンID\":\"05a90cba-16fd-40de-be88-5baaf37c06ee\",\"更新年度\":2023,\"前年同一\":true},[{\"筆ポリゴンID\":\"26819ca1-cf99-4890-a021-a9f2e0e4597f\",\"更新年度\":2022,\"前年同一\":true},[{\"筆ポリゴンID\":\"bab9b1a7-8fe7-4451-8b62-19c7324b8e1b\",\"更新年度\":2021,\"前年同一\":true},{\"筆ポリゴンID\":\"bab9b1a7-8fe7-4451-8b62-19c7324b8e1b\",\"発生年度\":2020}]]]]","last_polygon_uuid":"d917f39b-ad72-4262-87c4-24f5eed2944f","prev_last_polygon_uuid":"05a90cba-16fd-40de-be88-5baaf37c06ee","local_government_cd":"014630","point_lng":142.4202907,"point_lat":42.968286068}},{"arcs":[[559]],"type":"Polygon","properties":{"polygon_uuid":"ffc64543-b9ff-4634-ba98-f8d29b657d17","land_type":200,"issue_year":2025,"edit_year":2020,"history":"[{\"筆ポリゴンID\":\"c868b8db-fd64-4797-a62a-9cf8f8fe6963\",\"更新年度\":2024,\"前年同一\":true},[{\"筆ポリゴンID\":\"ff8910ff-48e6-4b59-ba8f-6203c71e12e9\",\"更新年度\":2023,\"前年同一\":true},[{\"筆ポリゴンID\":\"4a0d4ba9-80de-4199-9cf2-22f5ecf95b23\",\"更新年度\":2022,\"前年同一\":true},[{\"筆ポリゴンID\":\"3931932f-d26a-4f66-8209-01b1c8e651f2\",\"更新年度\":2021,\"前年同一\":true},{\"筆ポリゴンID\":\"3931932f-d26a-4f66-8209-01b1c8e651f2\",\"発生年度\":2020}]]]]","last_polygon_uuid":"c868b8db-fd64-4797-a62a-9cf8f8fe6963","prev_last_polygon_uuid":"ff8910ff-48e6-4b59-ba8f-6203c71e12e9","local_government_cd":"014630","point_lng":142.53192069,"point_lat":43.046433957}},{"arcs":[[560,-426]],"type":"Polygon","properties":{"polygon_uuid":"bc181253-59d0-44ff-8dd0-58148ff26616","land_type":200,"issue_year":2025,"edit_year":2020,"history":"[{\"筆ポリゴンID\":\"c6a72e50-ea1e-4509-b3d6-e819a089650b\",\"更新年度\":2024,\"前年同一\":true},[{\"筆ポリゴンID\":\"d6a1a521-0f95-462a-9653-828d2d458d52\",\"更新年度\":2023,\"前年同一\":true},[{\"筆ポリゴンID\":\"ee5d8dae-559c-4ed2-b04c-33a3b6bdeff8\",\"更新年度\":2022,\"前年同一\":true},[{\"筆ポリゴンID\":\"9a911d6a-0614-4d91-98a5-6745462782f8\",\"更新年度\":2021,\"前年同一\":true},{\"筆ポリゴンID\":\"9a911d6a-0614-4d91-98a5-6745462782f8\",\"発生年度\":2020}]]]]","last_polygon_uuid":"c6a72e50-ea1e-4509-b3d6-e819a089650b","prev_last_polygon_uuid":"d6a1a521-0f95-462a-9653-828d2d458d52","local_government_cd":"014630","point_lng":142.404180944,"point_lat":43.010463716}},{"arcs":[[561]],"type":"Polygon","properties":{"polygon_uuid":"77630ab5-4e61-4bf5-abf6-1f9211eb0513","land_type":200,"issue_year":2025,"edit_year":2020,"history":"[{\"筆ポリゴンID\":\"50ba2d94-72cd-4538-8166-f7d5328ea5aa\",\"更新年度\":2024,\"前年同一\":true},[{\"筆ポリゴンID\":\"97767cc0-c142-4672-a75b-cb39a3eeaee1\",\"更新年度\":2023,\"前年同一\":true},[{\"筆ポリゴンID\":\"8b5e4fff-ffbf-4f3b-9359-3be27ffcf11d\",\"更新年度\":2022,\"前年同一\":true},[{\"筆ポリゴンID\":\"01d91190-4410-4486-a88c-bfec168c8757\",\"更新年度\":2021,\"前年同一\":true},{\"筆ポリゴンID\":\"01d91190-4410-4486-a88c-bfec168c8757\",\"発生年度\":2020}]]]]","last_polygon_uuid":"50ba2d94-72cd-4538-8166-f7d5328ea5aa","prev_last_polygon_uuid":"97767cc0-c142-4672-a75b-cb39a3eeaee1","local_government_cd":"014630","point_lng":142.398979452,"point_lat":42.97530143}},{"arcs":[[-349,562]],"type":"Polygon","properties":{"polygon_uuid":"f6c41015-9f1c-4722-a763-49ddf61106b8","land_type":100,"issue_year":2025,"edit_year":2020,"history":"[{\"筆ポリゴンID\":\"a8d8d85d-27fe-4eea-8663-b1079b963bec\",\"更新年度\":2024,\"前年同一\":true},[{\"筆ポリゴンID\":\"54f0a656-c446-4d8c-a5a6-682433879b9b\",\"更新年度\":2023,\"前年同一\":true},[{\"筆ポリゴンID\":\"81bd98b0-b2e4-4c5c-ad50-ef1638038e2c\",\"更新年度\":2022,\"前年同一\":true},[{\"筆ポリゴンID\":\"66649140-8995-4b05-9962-4c40bf109546\",\"更新年度\":2021,\"前年同一\":true},{\"筆ポリゴンID\":\"66649140-8995-4b05-9962-4c40bf109546\",\"発生年度\":2020}]]]]","last_polygon_uuid":"a8d8d85d-27fe-4eea-8663-b1079b963bec","prev_last_polygon_uuid":"54f0a656-c446-4d8c-a5a6-682433879b9b","local_government_cd":"014630","point_lng":142.40171529,"point_lat":42.977443253}},{"arcs":[[563]],"type":"Polygon","properties":{"polygon_uuid":"7b75a2fd-1d0a-4215-9a2e-48c7c68b7a14","land_type":200,"issue_year":2025,"edit_year":2020,"history":"[{\"筆ポリゴンID\":\"aa118311-0ed6-4586-a436-2e3d5e74f8a7\",\"更新年度\":2024,\"前年同一\":true},[{\"筆ポリゴンID\":\"0f41659e-6c8a-486e-812c-bfa9d5bc313c\",\"更新年度\":2023,\"前年同一\":true},[{\"筆ポリゴンID\":\"edfe37e4-d8b1-4294-9d96-738cb7c51b88\",\"更新年度\":2022,\"前年同一\":true},[{\"筆ポリゴンID\":\"fa775c56-7e85-46ef-b1ab-68e09fda8da0\",\"更新年度\":2021,\"前年同一\":true},{\"筆ポリゴンID\":\"fa775c56-7e85-46ef-b1ab-68e09fda8da0\",\"発生年度\":2020}]]]]","last_polygon_uuid":"aa118311-0ed6-4586-a436-2e3d5e74f8a7","prev_last_polygon_uuid":"0f41659e-6c8a-486e-812c-bfa9d5bc313c","local_government_cd":"014630","point_lng":142.474801777,"point_lat":42.960378697}},{"arcs":[[564,-383]],"type":"Polygon","properties":{"polygon_uuid":"4d43d0d3-e0f8-488b-bf82-6ef9fb67beba","land_type":200,"issue_year":2025,"edit_year":2020,"history":"[{\"筆ポリゴンID\":\"fd34978b-2211-4d9a-a839-5113139bbcb8\",\"更新年度\":2024,\"前年同一\":true},[{\"筆ポリゴンID\":\"b304e28d-82e6-4e60-8f65-b0cd259ffb8a\",\"更新年度\":2023,\"前年同一\":true},[{\"筆ポリゴンID\":\"68ce91e7-2121-48fc-9b34-e2b4b0510c6e\",\"更新年度\":2022,\"前年同一\":true},[{\"筆ポリゴンID\":\"1a58a0d3-6109-4497-a62d-b35cf510e040\",\"更新年度\":2021,\"前年同一\":true},{\"筆ポリゴンID\":\"1a58a0d3-6109-4497-a62d-b35cf510e040\",\"発生年度\":2020}]]]]","last_polygon_uuid":"fd34978b-2211-4d9a-a839-5113139bbcb8","prev_last_polygon_uuid":"b304e28d-82e6-4e60-8f65-b0cd259ffb8a","local_government_cd":"014630","point_lng":142.423288061,"point_lat":42.966038418}},{"arcs":[[565]],"type":"Polygon","properties":{"polygon_uuid":"768d3f9d-d895-4f94-9034-98481873f340","land_type":200,"issue_year":2025,"edit_year":2020,"history":"[{\"筆ポリゴンID\":\"f41d67b8-75ad-4d52-9aac-0d394ceec7f7\",\"更新年度\":2024,\"前年同一\":true},[{\"筆ポリゴンID\":\"fa4e1fb1-fe06-436f-800b-58b6b442d3ef\",\"更新年度\":2023,\"前年同一\":true},[{\"筆ポリゴンID\":\"7e26a0ce-0fa2-4ef5-a95c-f5983de9b073\",\"更新年度\":2022,\"前年同一\":true},[{\"筆ポリゴンID\":\"04a5a192-beb5-44f3-92cb-d3b9efac32d1\",\"更新年度\":2021,\"前年同一\":true},{\"筆ポリゴンID\":\"04a5a192-beb5-44f3-92cb-d3b9efac32d1\",\"発生年度\":2020}]]]]","last_polygon_uuid":"f41d67b8-75ad-4d52-9aac-0d394ceec7f7","prev_last_polygon_uuid":"fa4e1fb1-fe06-436f-800b-58b6b442d3ef","local_government_cd":"014630","point_lng":142.562820086,"point_lat":43.075800636}},{"arcs":[[566]],"type":"Polygon","properties":{"polygon_uuid":"059411c0-e107-487e-a857-1935af9f1302","land_type":200,"issue_year":2025,"edit_year":2020,"history":"[{\"筆ポリゴンID\":\"6c23fda6-68fa-4ddd-a04c-28f002aa3fe1\",\"更新年度\":2024,\"前年同一\":true},[{\"筆ポリゴンID\":\"17dafd93-2181-4d8f-b9b3-974358109053\",\"更新年度\":2023,\"前年同一\":true},[{\"筆ポリゴンID\":\"1a76a86f-f934-4dc8-a8ef-7b7dc2890f17\",\"更新年度\":2022,\"前年同一\":true},[{\"筆ポリゴンID\":\"7670d979-958e-4bde-9401-d02d9071b310\",\"更新年度\":2021,\"前年同一\":true},{\"筆ポリゴンID\":\"7670d979-958e-4bde-9401-d02d9071b310\",\"発生年度\":2020}]]]]","last_polygon_uuid":"6c23fda6-68fa-4ddd-a04c-28f002aa3fe1","prev_last_polygon_uuid":"17dafd93-2181-4d8f-b9b3-974358109053","local_government_cd":"014630","point_lng":142.489035402,"point_lat":42.966789649}},{"arcs":[[-3,567]],"type":"Polygon","properties":{"polygon_uuid":"b58180f3-314f-41d4-80eb-279be9427298","land_type":200,"issue_year":2025,"edit_year":2020,"history":"[{\"筆ポリゴンID\":\"beae5fc4-9563-4f9e-aec7-543b9f3f28af\",\"更新年度\":2024,\"前年同一\":true},[{\"筆ポリゴンID\":\"d34e0b9d-f917-4525-ad9c-c553976dd2a6\",\"更新年度\":2023,\"前年同一\":true},[{\"筆ポリゴンID\":\"2c16c707-8dd0-43f2-9bf4-eab63d1cd459\",\"更新年度\":2022,\"前年同一\":true},[{\"筆ポリゴンID\":\"051fbb50-bfd5-4d5c-85c4-4e7764a0f695\",\"更新年度\":2021,\"前年同一\":true},{\"筆ポリゴンID\":\"051fbb50-bfd5-4d5c-85c4-4e7764a0f695\",\"発生年度\":2020}]]]]","last_polygon_uuid":"beae5fc4-9563-4f9e-aec7-543b9f3f28af","prev_last_polygon_uuid":"d34e0b9d-f917-4525-ad9c-c553976dd2a6","local_government_cd":"014630","point_lng":142.416344086,"point_lat":42.971601501}},{"arcs":[[568]],"type":"Polygon","properties":{"polygon_uuid":"ed291c82-848f-43c8-9467-6f88e40a3fd0","land_type":200,"issue_year":2025,"edit_year":2020,"history":"[{\"筆ポリゴンID\":\"108489ed-2bfc-4159-bbc0-0a956b53be77\",\"更新年度\":2024,\"前年同一\":true},[{\"筆ポリゴンID\":\"ee692e9f-b1cb-4176-96b7-e85ca03296dc\",\"更新年度\":2023,\"前年同一\":true},[{\"筆ポリゴンID\":\"e719660c-7838-4cbe-8818-3c8bf1717c8a\",\"更新年度\":2022,\"前年同一\":true},[{\"筆ポリゴンID\":\"b09069bb-5044-4b20-8908-fd32914f2691\",\"更新年度\":2021,\"前年同一\":true},{\"筆ポリゴンID\":\"b09069bb-5044-4b20-8908-fd32914f2691\",\"発生年度\":2020}]]]]","last_polygon_uuid":"108489ed-2bfc-4159-bbc0-0a956b53be77","prev_last_polygon_uuid":"ee692e9f-b1cb-4176-96b7-e85ca03296dc","local_government_cd":"014630","point_lng":142.408507694,"point_lat":42.990443479}},{"arcs":[[-351,569]],"type":"Polygon","properties":{"polygon_uuid":"59579794-7498-4e21-b440-d1acc738af4c","land_type":100,"issue_year":2025,"edit_year":2020,"history":"[{\"筆ポリゴンID\":\"fb38ed2f-d22d-415a-adb1-ee849fc032d3\",\"更新年度\":2024,\"前年同一\":true},[{\"筆ポリゴンID\":\"812b5b7b-2fa1-4612-818a-81cf79ac8adc\",\"更新年度\":2023,\"前年同一\":true},[{\"筆ポリゴンID\":\"67eb99e1-3b4f-4f59-aa82-db06224ee270\",\"更新年度\":2022,\"前年同一\":true},[{\"筆ポリゴンID\":\"cfbfa131-306b-4d22-a0d8-3bcb8dcb599e\",\"更新年度\":2021,\"前年同一\":true},{\"筆ポリゴンID\":\"cfbfa131-306b-4d22-a0d8-3bcb8dcb599e\",\"発生年度\":2020}]]]]","last_polygon_uuid":"fb38ed2f-d22d-415a-adb1-ee849fc032d3","prev_last_polygon_uuid":"812b5b7b-2fa1-4612-818a-81cf79ac8adc","local_government_cd":"014630","point_lng":142.39605945,"point_lat":42.978948992}},{"arcs":[[570,-430]],"type":"Polygon","properties":{"polygon_uuid":"b880ff2c-6627-45f1-aef2-f8d8b3b55f13","land_type":200,"issue_year":2025,"edit_year":2020,"history":"[{\"筆ポリゴンID\":\"10bc478e-104b-4f5f-b521-594a27ad18b4\",\"更新年度\":2024,\"前年同一\":true},[{\"筆ポリゴンID\":\"dd72c29f-4f20-4f27-aa2c-72aba5ae7ab9\",\"更新年度\":2023,\"前年同一\":true},[{\"筆ポリゴンID\":\"725ae201-ff4d-450e-ab20-0f3f3660052b\",\"更新年度\":2022,\"前年同一\":true},[{\"筆ポリゴンID\":\"9f72b412-5cfc-4d01-b83f-d3764a2237fd\",\"更新年度\":2021,\"前年同一\":true},{\"筆ポリゴンID\":\"9f72b412-5cfc-4d01-b83f-d3764a2237fd\",\"発生年度\":2020}]]]]","last_polygon_uuid":"10bc478e-104b-4f5f-b521-594a27ad18b4","prev_last_polygon_uuid":"dd72c29f-4f20-4f27-aa2c-72aba5ae7ab9","local_government_cd":"014630","point_lng":142.404316525,"point_lat":43.000933289}},{"arcs":[[571,-418]],"type":"Polygon","properties":{"polygon_uuid":"3e16d89e-e0e8-409f-a01f-2906ec071b21","land_type":200,"issue_year":2025,"edit_year":2020,"history":"[{\"筆ポリゴンID\":\"0a6408d5-7dc7-43d8-8901-5f85d258432f\",\"更新年度\":2024,\"前年同一\":true},[{\"筆ポリゴンID\":\"16f03fa8-9c29-4e40-8343-3ce17a8eed1c\",\"更新年度\":2023,\"前年同一\":true},[{\"筆ポリゴンID\":\"62eb0052-d477-406b-9338-2fab7a31cd12\",\"更新年度\":2022,\"前年同一\":true},[{\"筆ポリゴンID\":\"6f8c2b97-09a4-48ff-b17d-95747af34f0b\",\"更新年度\":2021,\"前年同一\":true},{\"筆ポリゴンID\":\"6f8c2b97-09a4-48ff-b17d-95747af34f0b\",\"発生年度\":2020}]]]]","last_polygon_uuid":"0a6408d5-7dc7-43d8-8901-5f85d258432f","prev_last_polygon_uuid":"16f03fa8-9c29-4e40-8343-3ce17a8eed1c","local_government_cd":"014630","point_lng":142.406151144,"point_lat":43.00281308}},{"arcs":[[572]],"type":"Polygon","properties":{"polygon_uuid":"77baddcc-2111-42ce-8aab-13c8f0bb6a0a","land_type":200,"issue_year":2025,"edit_year":2020,"history":"[{\"筆ポリゴンID\":\"3cf4dedc-9bb3-4b07-96c0-cb3bc594c817\",\"更新年度\":2024,\"前年同一\":true},[{\"筆ポリゴンID\":\"c7c656ba-182d-4bbd-a9ee-8703cf337e0a\",\"更新年度\":2023,\"前年同一\":true},[{\"筆ポリゴンID\":\"2a3bf2a5-e97e-4950-92c7-e7cb163ecf98\",\"更新年度\":2022,\"前年同一\":true},[{\"筆ポリゴンID\":\"16060c63-d155-4c5f-a17b-da1eec44378f\",\"更新年度\":2021,\"前年同一\":true},{\"筆ポリゴンID\":\"16060c63-d155-4c5f-a17b-da1eec44378f\",\"発生年度\":2020}]]]]","last_polygon_uuid":"3cf4dedc-9bb3-4b07-96c0-cb3bc594c817","prev_last_polygon_uuid":"c7c656ba-182d-4bbd-a9ee-8703cf337e0a","local_government_cd":"014630","point_lng":142.488281841,"point_lat":42.967186921}},{"arcs":[[573]],"type":"Polygon","properties":{"polygon_uuid":"67776456-b3b0-4962-b2f2-29945b6e97c3","land_type":100,"issue_year":2025,"edit_year":2020,"history":"[{\"筆ポリゴンID\":\"0d64a24e-e0ac-44b9-b966-65cc88e4ac13\",\"更新年度\":2024,\"前年同一\":true},[{\"筆ポリゴンID\":\"73189c1a-ee01-48fe-9565-fc5e0d241f46\",\"更新年度\":2023,\"前年同一\":true},[{\"筆ポリゴンID\":\"4f15c8f3-26b5-48e4-bdd2-87028744a8f1\",\"更新年度\":2022,\"前年同一\":true},[{\"筆ポリゴンID\":\"8848b53a-01f3-4678-8dbe-0bbcd7b9f50a\",\"更新年度\":2021,\"前年同一\":true},{\"筆ポリゴンID\":\"8848b53a-01f3-4678-8dbe-0bbcd7b9f50a\",\"発生年度\":2020}]]]]","last_polygon_uuid":"0d64a24e-e0ac-44b9-b966-65cc88e4ac13","prev_last_polygon_uuid":"73189c1a-ee01-48fe-9565-fc5e0d241f46","local_government_cd":"014630","point_lng":142.467252784,"point_lat":42.959995284}},{"arcs":[[574]],"type":"Polygon","properties":{"polygon_uuid":"f3abab58-d083-465f-b23e-5cbb6bf7ad53","land_type":100,"issue_year":2025,"edit_year":2020,"history":"[{\"筆ポリゴンID\":\"293b9515-e3c2-426a-88ef-a9513d0e1572\",\"更新年度\":2024,\"前年同一\":true},[{\"筆ポリゴンID\":\"75501385-633c-44cc-84d3-1f42bb392a18\",\"更新年度\":2023,\"前年同一\":true},[{\"筆ポリゴンID\":\"f2df416e-2b41-47e2-a76c-c87b0bb4b5f4\",\"更新年度\":2022,\"前年同一\":true},[{\"筆ポリゴンID\":\"4730456b-081c-4793-af4a-0942ed18fa8d\",\"更新年度\":2021,\"前年同一\":true},{\"筆ポリゴンID\":\"4730456b-081c-4793-af4a-0942ed18fa8d\",\"発生年度\":2020}]]]]","last_polygon_uuid":"293b9515-e3c2-426a-88ef-a9513d0e1572","prev_last_polygon_uuid":"75501385-633c-44cc-84d3-1f42bb392a18","local_government_cd":"014630","point_lng":142.470321337,"point_lat":42.95910116}},{"arcs":[[575]],"type":"Polygon","properties":{"polygon_uuid":"c146ac27-bfc1-43d3-8561-d4a7eba40863","land_type":100,"issue_year":2025,"edit_year":2020,"history":"[{\"筆ポリゴンID\":\"5d7c1e3c-8cbd-491f-ad14-12478d5a5722\",\"更新年度\":2024,\"前年同一\":true},[{\"筆ポリゴンID\":\"2773e9cc-03fb-4cfc-99ff-831cbef31165\",\"更新年度\":2023,\"前年同一\":true},[{\"筆ポリゴンID\":\"fd6fceaa-a242-4f87-8f03-d526269bd183\",\"更新年度\":2022,\"前年同一\":true},[{\"筆ポリゴンID\":\"022b32ad-36a8-49dd-bd3a-81d04150450c\",\"更新年度\":2021,\"前年同一\":true},{\"筆ポリゴンID\":\"022b32ad-36a8-49dd-bd3a-81d04150450c\",\"発生年度\":2020}]]]]","last_polygon_uuid":"5d7c1e3c-8cbd-491f-ad14-12478d5a5722","prev_last_polygon_uuid":"2773e9cc-03fb-4cfc-99ff-831cbef31165","local_government_cd":"014630","point_lng":142.404386149,"point_lat":42.974862832}},{"arcs":[[576]],"type":"Polygon","properties":{"polygon_uuid":"0d40a781-9da6-4eb0-9ecf-bad43e505cec","land_type":200,"issue_year":2025,"edit_year":2020,"history":"[{\"筆ポリゴンID\":\"2d176f71-d5f3-49d0-aeb4-0525bcdfd450\",\"更新年度\":2024,\"前年同一\":true},[{\"筆ポリゴンID\":\"f039f2b9-ddb8-424f-bdfa-4fd23d9d4fdd\",\"更新年度\":2023,\"前年同一\":true},[{\"筆ポリゴンID\":\"26216d48-d2b4-49fc-b869-f0461cdd0a0b\",\"更新年度\":2022,\"前年同一\":true},[{\"筆ポリゴンID\":\"f89c3f40-8bc8-4f72-a5e8-4d09d42bf8e8\",\"更新年度\":2021,\"前年同一\":true},{\"筆ポリゴンID\":\"f89c3f40-8bc8-4f72-a5e8-4d09d42bf8e8\",\"発生年度\":2020}]]]]","last_polygon_uuid":"2d176f71-d5f3-49d0-aeb4-0525bcdfd450","prev_last_polygon_uuid":"f039f2b9-ddb8-424f-bdfa-4fd23d9d4fdd","local_government_cd":"014630","point_lng":142.399925689,"point_lat":43.018890065}},{"arcs":[[-517,577]],"type":"Polygon","properties":{"polygon_uuid":"589612bd-85ef-44ca-b385-549088e8e8b0","land_type":200,"issue_year":2025,"edit_year":2020,"history":"[{\"筆ポリゴンID\":\"8a7e67b4-5c94-48d0-b151-b186e51e776f\",\"更新年度\":2024,\"前年同一\":true},[{\"筆ポリゴンID\":\"bf6bda71-8ccc-4117-aaf6-43862f9dae21\",\"更新年度\":2023,\"前年同一\":true},[{\"筆ポリゴンID\":\"aa9f7bdd-b41a-4931-ad82-844a06518c7b\",\"更新年度\":2022,\"前年同一\":true},[{\"筆ポリゴンID\":\"bc4ef851-2b33-40ac-8b5a-03e38a9d2206\",\"更新年度\":2021,\"前年同一\":true},{\"筆ポリゴンID\":\"bc4ef851-2b33-40ac-8b5a-03e38a9d2206\",\"発生年度\":2020}]]]]","last_polygon_uuid":"8a7e67b4-5c94-48d0-b151-b186e51e776f","prev_last_polygon_uuid":"bf6bda71-8ccc-4117-aaf6-43862f9dae21","local_government_cd":"014630","point_lng":142.411739469,"point_lat":42.990937593}},{"arcs":[[578]],"type":"Polygon","properties":{"polygon_uuid":"ee26a951-a0f5-4e96-b227-6d8563fffccb","land_type":200,"issue_year":2025,"edit_year":2020,"history":"[{\"筆ポリゴンID\":\"1c079b83-3d52-4b3e-ae44-a6d771d1f3b4\",\"更新年度\":2024,\"前年同一\":true},[{\"筆ポリゴンID\":\"69764261-2a1b-463a-9d59-0ecfc6c54335\",\"更新年度\":2023,\"前年同一\":true},[{\"筆ポリゴンID\":\"9dbf70bc-81bb-40d3-a153-ee9d0e9206ed\",\"更新年度\":2022,\"前年同一\":true},[{\"筆ポリゴンID\":\"d662beba-16fb-4788-a920-8b509866b6a1\",\"更新年度\":2021,\"前年同一\":true},{\"筆ポリゴンID\":\"d662beba-16fb-4788-a920-8b509866b6a1\",\"発生年度\":2020}]]]]","last_polygon_uuid":"1c079b83-3d52-4b3e-ae44-a6d771d1f3b4","prev_last_polygon_uuid":"69764261-2a1b-463a-9d59-0ecfc6c54335","local_government_cd":"014630","point_lng":142.327813894,"point_lat":42.958152601}},{"arcs":[[579]],"type":"Polygon","properties":{"polygon_uuid":"ed441f8a-ef86-4d05-bb2b-5b24d507f085","land_type":200,"issue_year":2025,"edit_year":2020,"history":"[{\"筆ポリゴンID\":\"fdb63c38-1ad4-48e6-8aa2-fdd02dedda2a\",\"更新年度\":2024,\"前年同一\":true},[{\"筆ポリゴンID\":\"52cdfa21-41f6-4065-8aac-15ea24ce40df\",\"更新年度\":2023,\"前年同一\":true},[{\"筆ポリゴンID\":\"46e00a1d-151e-4151-bb5b-37b01116909a\",\"更新年度\":2022,\"前年同一\":true},[{\"筆ポリゴンID\":\"a2fc800c-2064-4b76-b712-0579ed310b48\",\"更新年度\":2021,\"前年同一\":true},{\"筆ポリゴンID\":\"a2fc800c-2064-4b76-b712-0579ed310b48\",\"発生年度\":2020}]]]]","last_polygon_uuid":"fdb63c38-1ad4-48e6-8aa2-fdd02dedda2a","prev_last_polygon_uuid":"52cdfa21-41f6-4065-8aac-15ea24ce40df","local_government_cd":"014630","point_lng":142.477780572,"point_lat":42.963206294}},{"arcs":[[580]],"type":"Polygon","properties":{"polygon_uuid":"61b2a5b6-54de-4dda-b14a-030afba0fef9","land_type":100,"issue_year":2025,"edit_year":2020,"history":"[{\"筆ポリゴンID\":\"f4a6c329-e786-4ff3-a9c4-ea9f4e0606ae\",\"更新年度\":2024,\"前年同一\":true},[{\"筆ポリゴンID\":\"8df00100-9016-4fe5-b1b3-e852c54c7884\",\"更新年度\":2023,\"前年同一\":true},[{\"筆ポリゴンID\":\"e63e520b-7016-4082-be6f-ac4794d63e14\",\"更新年度\":2022,\"前年同一\":true},[{\"筆ポリゴンID\":\"7bf5a32e-5290-4b5e-b495-127c414deabc\",\"更新年度\":2021,\"前年同一\":true},{\"筆ポリゴンID\":\"7bf5a32e-5290-4b5e-b495-127c414deabc\",\"発生年度\":2020}]]]]","last_polygon_uuid":"f4a6c329-e786-4ff3-a9c4-ea9f4e0606ae","prev_last_polygon_uuid":"8df00100-9016-4fe5-b1b3-e852c54c7884","local_government_cd":"014630","point_lng":142.468610095,"point_lat":42.958203033}},{"arcs":[[581]],"type":"Polygon","properties":{"polygon_uuid":"271bda16-8383-44f3-8a7e-d38eee1be853","land_type":100,"issue_year":2025,"edit_year":2020,"history":"[{\"筆ポリゴンID\":\"545c3b4b-ed5e-4795-a13e-cadad9301c4d\",\"更新年度\":2024,\"前年同一\":true},[{\"筆ポリゴンID\":\"e3e5fd5c-c275-406e-87ad-67d5bea2364e\",\"更新年度\":2023,\"前年同一\":true},[{\"筆ポリゴンID\":\"0a75f21a-e999-417a-b3f5-a6dd906e98d9\",\"更新年度\":2022,\"前年同一\":true},[{\"筆ポリゴンID\":\"02955596-d02f-4844-8b60-5931792e092f\",\"更新年度\":2021,\"前年同一\":true},{\"筆ポリゴンID\":\"02955596-d02f-4844-8b60-5931792e092f\",\"発生年度\":2020}]]]]","last_polygon_uuid":"545c3b4b-ed5e-4795-a13e-cadad9301c4d","prev_last_polygon_uuid":"e3e5fd5c-c275-406e-87ad-67d5bea2364e","local_government_cd":"014630","point_lng":142.39336665,"point_lat":42.979862511}},{"arcs":[[582,-443,-526,-150]],"type":"Polygon","properties":{"polygon_uuid":"e8103087-5496-4a39-b5aa-bcbb415ef302","land_type":100,"issue_year":2025,"edit_year":2020,"history":"[{\"筆ポリゴンID\":\"cd74c120-aa2b-4fae-9af6-52bf3d943f20\",\"更新年度\":2024,\"前年同一\":true},[{\"筆ポリゴンID\":\"4ea91e9f-6a47-43ef-a177-66eaf73534d3\",\"更新年度\":2023,\"前年同一\":true},[{\"筆ポリゴンID\":\"71c6a338-97e4-404b-a4c7-a3d1d0d36c66\",\"更新年度\":2022,\"前年同一\":true},[{\"筆ポリゴンID\":\"a3f73baf-bf03-4ed9-837e-7d77b1800cc5\",\"更新年度\":2021,\"前年同一\":true},{\"筆ポリゴンID\":\"a3f73baf-bf03-4ed9-837e-7d77b1800cc5\",\"発生年度\":2020}]]]]","last_polygon_uuid":"cd74c120-aa2b-4fae-9af6-52bf3d943f20","prev_last_polygon_uuid":"4ea91e9f-6a47-43ef-a177-66eaf73534d3","local_government_cd":"014630","point_lng":142.400306121,"point_lat":42.989278456}},{"arcs":[[583]],"type":"Polygon","properties":{"polygon_uuid":"f1058e3c-f82f-4525-8fca-859ff8145760","land_type":100,"issue_year":2025,"edit_year":2020,"history":"[{\"筆ポリゴンID\":\"db0877af-fbb6-44e9-ad61-2f87f48863a0\",\"更新年度\":2024,\"前年同一\":true},[{\"筆ポリゴンID\":\"4b2f2454-145e-4f98-8bd4-15113d8a1d5f\",\"更新年度\":2023,\"前年同一\":true},[{\"筆ポリゴンID\":\"6bc0faa2-5fa0-4bb9-82bf-95d64529573b\",\"更新年度\":2022,\"前年同一\":true},[{\"筆ポリゴンID\":\"339f40cc-1640-4af3-ba5d-3cd85fe24a1f\",\"更新年度\":2021,\"前年同一\":true},{\"筆ポリゴンID\":\"339f40cc-1640-4af3-ba5d-3cd85fe24a1f\",\"発生年度\":2020}]]]]","last_polygon_uuid":"db0877af-fbb6-44e9-ad61-2f87f48863a0","prev_last_polygon_uuid":"4b2f2454-145e-4f98-8bd4-15113d8a1d5f","local_government_cd":"014630","point_lng":142.394742185,"point_lat":42.979964531}},{"arcs":[[584]],"type":"Polygon","properties":{"polygon_uuid":"ff2c2384-33ba-45f2-9912-28ff2b390830","land_type":200,"issue_year":2025,"edit_year":2020,"history":"[{\"筆ポリゴンID\":\"dc91538f-0b42-4517-a7c4-f4fe7cf78ec1\",\"更新年度\":2024,\"前年同一\":true},[{\"筆ポリゴンID\":\"5adf015c-e25e-46c1-84bf-29e8c945d937\",\"更新年度\":2023,\"前年同一\":true},[{\"筆ポリゴンID\":\"8282bf03-0845-4e1b-8939-1cd28eb1061e\",\"更新年度\":2022,\"前年同一\":true},[{\"筆ポリゴンID\":\"781d44df-8d67-4b13-a926-6a04394ee53c\",\"更新年度\":2021,\"前年同一\":true},{\"筆ポリゴンID\":\"781d44df-8d67-4b13-a926-6a04394ee53c\",\"発生年度\":2020}]]]]","last_polygon_uuid":"dc91538f-0b42-4517-a7c4-f4fe7cf78ec1","prev_last_polygon_uuid":"5adf015c-e25e-46c1-84bf-29e8c945d937","local_government_cd":"014630","point_lng":142.397640932,"point_lat":43.042564345}},{"arcs":[[-509,585]],"type":"Polygon","properties":{"polygon_uuid":"951d9a72-0ff2-494e-8771-fb332ffd06e8","land_type":100,"issue_year":2025,"edit_year":2020,"history":"[{\"筆ポリゴンID\":\"4a57fe4e-9cdf-4c04-b8ca-54b3346e0e7e\",\"更新年度\":2024,\"前年同一\":true},[{\"筆ポリゴンID\":\"48ac4282-4d29-4d0e-9ffc-e032f16c888b\",\"更新年度\":2023,\"前年同一\":true},[{\"筆ポリゴンID\":\"355d002a-9f7a-4d71-96ce-889d8121bb1d\",\"更新年度\":2022,\"前年同一\":true},[{\"筆ポリゴンID\":\"34617a88-c31f-48ba-8ad6-fec782cd1e68\",\"更新年度\":2021,\"前年同一\":true},{\"筆ポリゴンID\":\"34617a88-c31f-48ba-8ad6-fec782cd1e68\",\"発生年度\":2020}]]]]","last_polygon_uuid":"4a57fe4e-9cdf-4c04-b8ca-54b3346e0e7e","prev_last_polygon_uuid":"48ac4282-4d29-4d0e-9ffc-e032f16c888b","local_government_cd":"014630","point_lng":142.406322721,"point_lat":42.99107114}},{"arcs":[[586]],"type":"Polygon","properties":{"polygon_uuid":"74cf8a73-9371-4780-8ae5-3e94799a3472","land_type":200,"issue_year":2025,"edit_year":2020,"history":"[{\"筆ポリゴンID\":\"d600f749-9598-4140-831a-c91078d38b69\",\"更新年度\":2024,\"前年同一\":true},[{\"筆ポリゴンID\":\"07522449-394e-4516-806d-2e691f9b8c0a\",\"更新年度\":2023,\"前年同一\":true},[{\"筆ポリゴンID\":\"04b246af-d91c-4efb-aea1-950bc74cfc95\",\"更新年度\":2022,\"前年同一\":true},[{\"筆ポリゴンID\":\"118f0887-81dc-4eab-87b4-e2532832276d\",\"更新年度\":2021,\"前年同一\":true},{\"筆ポリゴンID\":\"118f0887-81dc-4eab-87b4-e2532832276d\",\"発生年度\":2020}]]]]","last_polygon_uuid":"d600f749-9598-4140-831a-c91078d38b69","prev_last_polygon_uuid":"07522449-394e-4516-806d-2e691f9b8c0a","local_government_cd":"014630","point_lng":142.483644765,"point_lat":42.965152778}},{"arcs":[[587]],"type":"Polygon","properties":{"polygon_uuid":"1db46c2b-04a9-4bac-b104-a66a6249dc67","land_type":200,"issue_year":2025,"edit_year":2020,"history":"[{\"筆ポリゴンID\":\"f3ce6e48-3834-471b-8f61-ed876f8811da\",\"更新年度\":2024,\"前年同一\":true},[{\"筆ポリゴンID\":\"df0948f6-9e01-4a91-8f38-8290d9fd8e1d\",\"更新年度\":2023,\"前年同一\":true},[{\"筆ポリゴンID\":\"28fbcb7c-b0d2-444d-80d7-dae7c632befc\",\"更新年度\":2022,\"前年同一\":true},[{\"筆ポリゴンID\":\"1cce0203-9a0e-4053-aa3b-ad89837abbbb\",\"更新年度\":2021,\"前年同一\":true},{\"筆ポリゴンID\":\"1cce0203-9a0e-4053-aa3b-ad89837abbbb\",\"発生年度\":2020}]]]]","last_polygon_uuid":"f3ce6e48-3834-471b-8f61-ed876f8811da","prev_last_polygon_uuid":"df0948f6-9e01-4a91-8f38-8290d9fd8e1d","local_government_cd":"014630","point_lng":142.497162027,"point_lat":42.966539515}},{"arcs":[[-140,588]],"type":"Polygon","properties":{"polygon_uuid":"3539b405-9aff-4ae3-83ab-bf3e03a852d3","land_type":100,"issue_year":2025,"edit_year":2020,"history":"[{\"筆ポリゴンID\":\"d0e711b1-6ff8-4862-82e8-14c41ef97f3a\",\"更新年度\":2024,\"前年同一\":true},[{\"筆ポリゴンID\":\"5a21ee2e-92b7-4933-8166-9f809478cc04\",\"更新年度\":2023,\"前年同一\":true},[{\"筆ポリゴンID\":\"caead1dc-9320-4f26-8ae1-1302fc43b1e3\",\"更新年度\":2022,\"前年同一\":true},[{\"筆ポリゴンID\":\"be1f0cc1-afa7-4d17-b6d4-4089f4ff8e9a\",\"更新年度\":2021,\"前年同一\":true},{\"筆ポリゴンID\":\"be1f0cc1-afa7-4d17-b6d4-4089f4ff8e9a\",\"発生年度\":2020}]]]]","last_polygon_uuid":"d0e711b1-6ff8-4862-82e8-14c41ef97f3a","prev_last_polygon_uuid":"5a21ee2e-92b7-4933-8166-9f809478cc04","local_government_cd":"014630","point_lng":142.401543042,"point_lat":43.016610999}},{"arcs":[[-2,589]],"type":"Polygon","properties":{"polygon_uuid":"41641c71-b0b8-4679-bac9-28806ae91ac3","land_type":200,"issue_year":2025,"edit_year":2020,"history":"[{\"筆ポリゴンID\":\"15d476c8-141b-45b2-8b8a-d0055530fce7\",\"更新年度\":2024,\"前年同一\":true},[{\"筆ポリゴンID\":\"6c0c7d82-98b0-4178-85d1-b7925671a4d1\",\"更新年度\":2023,\"前年同一\":true},[{\"筆ポリゴンID\":\"ceeff29a-1c5b-4588-8366-2e60cb42a10f\",\"更新年度\":2022,\"前年同一\":true},[{\"筆ポリゴンID\":\"95103125-9c12-41fd-9f44-4f6a9853f846\",\"更新年度\":2021,\"前年同一\":true},{\"筆ポリゴンID\":\"95103125-9c12-41fd-9f44-4f6a9853f846\",\"発生年度\":2020}]]]]","last_polygon_uuid":"15d476c8-141b-45b2-8b8a-d0055530fce7","prev_last_polygon_uuid":"6c0c7d82-98b0-4178-85d1-b7925671a4d1","local_government_cd":"014630","point_lng":142.416199842,"point_lat":42.973095917}},{"arcs":[[590,-470,591,-524]],"type":"Polygon","properties":{"polygon_uuid":"c7109e00-f06d-4e90-bdb3-ad9b8e00f6ee","land_type":100,"issue_year":2025,"edit_year":2020,"history":"[{\"筆ポリゴンID\":\"cae7d0d1-23a1-48ad-88ec-1b4f1e607b97\",\"更新年度\":2024,\"前年同一\":true},[{\"筆ポリゴンID\":\"1ebefe6d-2274-4f30-a2db-99effaf20d67\",\"更新年度\":2023,\"前年同一\":true},[{\"筆ポリゴンID\":\"809573e0-b96b-4a02-b540-1b6d2532dc28\",\"更新年度\":2022,\"前年同一\":true},[{\"筆ポリゴンID\":\"4990f3b2-54c5-41ff-99cb-03bd1e12167c\",\"更新年度\":2021,\"前年同一\":true},{\"筆ポリゴンID\":\"4990f3b2-54c5-41ff-99cb-03bd1e12167c\",\"発生年度\":2020}]]]]","last_polygon_uuid":"cae7d0d1-23a1-48ad-88ec-1b4f1e607b97","prev_last_polygon_uuid":"1ebefe6d-2274-4f30-a2db-99effaf20d67","local_government_cd":"014630","point_lng":142.403704404,"point_lat":42.994819616}},{"arcs":[[592]],"type":"Polygon","properties":{"polygon_uuid":"62d890a8-d081-4f8f-b8ea-6f383e15d7f1","land_type":200,"issue_year":2025,"edit_year":2020,"history":"[{\"筆ポリゴンID\":\"ca678e99-a0b8-4ef9-b619-fd24219e17f3\",\"更新年度\":2024,\"前年同一\":true},[{\"筆ポリゴンID\":\"4163ae6c-d79e-44af-b8cb-bcf5d0fb4905\",\"更新年度\":2023,\"前年同一\":true},[{\"筆ポリゴンID\":\"aac7977a-1624-4049-8e6c-776927aa3043\",\"更新年度\":2022,\"前年同一\":true},[{\"筆ポリゴンID\":\"0c5313af-fab1-46ab-bc74-f45deacc0f88\",\"更新年度\":2021,\"前年同一\":true},{\"筆ポリゴンID\":\"0c5313af-fab1-46ab-bc74-f45deacc0f88\",\"発生年度\":2020}]]]]","last_polygon_uuid":"ca678e99-a0b8-4ef9-b619-fd24219e17f3","prev_last_polygon_uuid":"4163ae6c-d79e-44af-b8cb-bcf5d0fb4905","local_government_cd":"014630","point_lng":142.473868175,"point_lat":42.962244609}},{"arcs":[[593]],"type":"Polygon","properties":{"polygon_uuid":"dc27b381-47e4-45eb-9fbc-b20760b1b61d","land_type":200,"issue_year":2025,"edit_year":2020,"history":"[{\"筆ポリゴンID\":\"a7eea650-d5d2-49fd-adc2-f485d2412c96\",\"更新年度\":2024,\"前年同一\":true},[{\"筆ポリゴンID\":\"b528ed43-768f-460a-9543-6ee05d76017b\",\"更新年度\":2023,\"前年同一\":true},[{\"筆ポリゴンID\":\"755b1355-e947-4ebd-b0e0-30bc57e594ce\",\"更新年度\":2022,\"前年同一\":true},[{\"筆ポリゴンID\":\"9a324703-1b71-4e04-b609-512e472a5c89\",\"更新年度\":2021,\"前年同一\":true},{\"筆ポリゴンID\":\"9a324703-1b71-4e04-b609-512e472a5c89\",\"発生年度\":2020}]]]]","last_polygon_uuid":"a7eea650-d5d2-49fd-adc2-f485d2412c96","prev_last_polygon_uuid":"b528ed43-768f-460a-9543-6ee05d76017b","local_government_cd":"014630","point_lng":142.397318771,"point_lat":43.039643385}},{"arcs":[[594]],"type":"Polygon","properties":{"polygon_uuid":"a8456457-643b-4666-9a55-5cf8fdd73039","land_type":200,"issue_year":2025,"edit_year":2020,"history":"[{\"筆ポリゴンID\":\"00b9ed1f-7daf-4d98-a6c8-d3435641161d\",\"更新年度\":2024,\"前年同一\":true},[{\"筆ポリゴンID\":\"96e4b5d4-67e3-41e5-9a9d-dd436c0e1966\",\"更新年度\":2023,\"前年同一\":true},[{\"筆ポリゴンID\":\"8b3e3c4b-a37d-4b6b-9841-04a44d971ad1\",\"更新年度\":2022,\"前年同一\":true},[{\"筆ポリゴンID\":\"28996362-f0a0-4ea4-8829-04731559ad59\",\"更新年度\":2021,\"前年同一\":true},{\"筆ポリゴンID\":\"28996362-f0a0-4ea4-8829-04731559ad59\",\"発生年度\":2020}]]]]","last_polygon_uuid":"00b9ed1f-7daf-4d98-a6c8-d3435641161d","prev_last_polygon_uuid":"96e4b5d4-67e3-41e5-9a9d-dd436c0e1966","local_government_cd":"014630","point_lng":142.413860077,"point_lat":42.974599068}},{"arcs":[[595]],"type":"Polygon","properties":{"polygon_uuid":"52498546-2bfb-45e9-b914-51aa4faf2415","land_type":100,"issue_year":2025,"edit_year":2020,"history":"[{\"筆ポリゴンID\":\"f73ec346-575b-427d-ad4e-d906bbf9e311\",\"更新年度\":2024,\"前年同一\":true},[{\"筆ポリゴンID\":\"da5a2577-1fdd-49cd-ac50-429a63f4b48f\",\"更新年度\":2023,\"前年同一\":true},[{\"筆ポリゴンID\":\"681fe873-3a9e-444c-a015-4bb572b4b51f\",\"更新年度\":2022,\"前年同一\":true},[{\"筆ポリゴンID\":\"655d88bc-3e94-4331-84dc-c4ec26c4e084\",\"更新年度\":2021,\"前年同一\":true},{\"筆ポリゴンID\":\"655d88bc-3e94-4331-84dc-c4ec26c4e084\",\"発生年度\":2020}]]]]","last_polygon_uuid":"f73ec346-575b-427d-ad4e-d906bbf9e311","prev_last_polygon_uuid":"da5a2577-1fdd-49cd-ac50-429a63f4b48f","local_government_cd":"014630","point_lng":142.467721545,"point_lat":42.961306291}},{"arcs":[[596]],"type":"Polygon","properties":{"polygon_uuid":"9512c0ea-c66e-48ce-a55f-00ef2df9e003","land_type":200,"issue_year":2025,"edit_year":2020,"history":"[{\"筆ポリゴンID\":\"b41aedd8-7402-4c7d-84e2-82d85a1e2f14\",\"更新年度\":2024,\"前年同一\":true},[{\"筆ポリゴンID\":\"c9687180-451f-46b4-9c00-a222af6ae665\",\"更新年度\":2023,\"前年同一\":true},[{\"筆ポリゴンID\":\"5a2ec95f-a313-4b4c-83e9-b50443bb52ec\",\"更新年度\":2022,\"前年同一\":true},[{\"筆ポリゴンID\":\"6eb3d8d0-10bb-45cf-b77b-82501bd6757a\",\"更新年度\":2021,\"前年同一\":true},{\"筆ポリゴンID\":\"6eb3d8d0-10bb-45cf-b77b-82501bd6757a\",\"発生年度\":2020}]]]]","last_polygon_uuid":"b41aedd8-7402-4c7d-84e2-82d85a1e2f14","prev_last_polygon_uuid":"c9687180-451f-46b4-9c00-a222af6ae665","local_government_cd":"014630","point_lng":142.533183217,"point_lat":43.046921337}},{"arcs":[[-445,597]],"type":"Polygon","properties":{"polygon_uuid":"d0b60566-a52e-47fa-919c-16a67acc2494","land_type":100,"issue_year":2025,"edit_year":2020,"history":"[{\"筆ポリゴンID\":\"37336ce2-577b-4ef3-a5e3-05311e6f6ab3\",\"更新年度\":2024,\"前年同一\":true},[{\"筆ポリゴンID\":\"dfa2563b-9dde-4f2d-9fce-bb834377c9f1\",\"更新年度\":2023,\"前年同一\":true},[{\"筆ポリゴンID\":\"85630290-53d4-4ef1-b637-d31a0f103fca\",\"更新年度\":2022,\"前年同一\":true},[{\"筆ポリゴンID\":\"f0561429-4c95-42d1-acf2-c59113ac669c\",\"更新年度\":2021,\"前年同一\":true},{\"筆ポリゴンID\":\"f0561429-4c95-42d1-acf2-c59113ac669c\",\"発生年度\":2020}]]]]","last_polygon_uuid":"37336ce2-577b-4ef3-a5e3-05311e6f6ab3","prev_last_polygon_uuid":"dfa2563b-9dde-4f2d-9fce-bb834377c9f1","local_government_cd":"014630","point_lng":142.40073906,"point_lat":42.975877356}},{"arcs":[[598]],"type":"Polygon","properties":{"polygon_uuid":"edf6570a-70a5-4d6e-a155-039c98686daf","land_type":100,"issue_year":2025,"edit_year":2020,"history":"[{\"筆ポリゴンID\":\"b9b2ccd0-b62f-465a-923e-e68b4c45244e\",\"更新年度\":2024,\"前年同一\":true},[{\"筆ポリゴンID\":\"5f09b4f7-a08a-43b4-b861-7f3ae0c2bfae\",\"更新年度\":2023,\"前年同一\":true},[{\"筆ポリゴンID\":\"ecb5aefb-11ce-4e9e-8ed3-49c8939893f9\",\"更新年度\":2022,\"前年同一\":true},[{\"筆ポリゴンID\":\"3d6c3b51-f52e-4bbc-9dc1-b1e772b1b934\",\"更新年度\":2021,\"前年同一\":true},{\"筆ポリゴンID\":\"3d6c3b51-f52e-4bbc-9dc1-b1e772b1b934\",\"発生年度\":2020}]]]]","last_polygon_uuid":"b9b2ccd0-b62f-465a-923e-e68b4c45244e","prev_last_polygon_uuid":"5f09b4f7-a08a-43b4-b861-7f3ae0c2bfae","local_government_cd":"014630","point_lng":142.403757989,"point_lat":43.005397701}},{"arcs":[[-115,599]],"type":"Polygon","properties":{"polygon_uuid":"5874a218-9175-4bc6-b8d7-0caa50e6700b","land_type":100,"issue_year":2025,"edit_year":2020,"history":"[{\"筆ポリゴンID\":\"a85f689e-cdce-4ef7-aa30-e693cfd897d6\",\"更新年度\":2024,\"前年同一\":true},[{\"筆ポリゴンID\":\"0f4ed903-59b5-4b3e-8640-d94dbcfef101\",\"更新年度\":2023,\"前年同一\":true},[{\"筆ポリゴンID\":\"7d229884-a18f-4b36-8b64-2a880e662fc0\",\"更新年度\":2022,\"前年同一\":true},[{\"筆ポリゴンID\":\"11610a1a-e305-4b78-b5dc-64230d584839\",\"更新年度\":2021,\"前年同一\":true},{\"筆ポリゴンID\":\"11610a1a-e305-4b78-b5dc-64230d584839\",\"発生年度\":2020}]]]]","last_polygon_uuid":"a85f689e-cdce-4ef7-aa30-e693cfd897d6","prev_last_polygon_uuid":"0f4ed903-59b5-4b3e-8640-d94dbcfef101","local_government_cd":"014630","point_lng":142.406980637,"point_lat":42.994266936}},{"arcs":[[600]],"type":"Polygon","properties":{"polygon_uuid":"9783f930-8da0-4074-b677-baeab6391593","land_type":200,"issue_year":2025,"edit_year":2020,"history":"[{\"筆ポリゴンID\":\"938047de-0201-4cf0-abc4-04cb57c69aa9\",\"更新年度\":2024,\"前年同一\":true},[{\"筆ポリゴンID\":\"3895ed98-5d2c-4c8c-a865-22f448fdf1bd\",\"更新年度\":2023,\"前年同一\":true},[{\"筆ポリゴンID\":\"57c418b9-4b1c-454c-8605-f16ced9f79a3\",\"更新年度\":2022,\"前年同一\":true},[{\"筆ポリゴンID\":\"23609e06-96e9-499c-a160-35dff93788ad\",\"更新年度\":2021,\"前年同一\":true},{\"筆ポリゴンID\":\"23609e06-96e9-499c-a160-35dff93788ad\",\"発生年度\":2020}]]]]","last_polygon_uuid":"938047de-0201-4cf0-abc4-04cb57c69aa9","prev_last_polygon_uuid":"3895ed98-5d2c-4c8c-a865-22f448fdf1bd","local_government_cd":"014630","point_lng":142.473657045,"point_lat":42.959450698}},{"arcs":[[601]],"type":"Polygon","properties":{"polygon_uuid":"afb0c8d4-55fd-42b4-a16f-b0e69a7e31ea","land_type":100,"issue_year":2025,"edit_year":2020,"history":"[{\"筆ポリゴンID\":\"d7832b97-2ad2-4c54-afce-41ae2fd28497\",\"更新年度\":2024,\"前年同一\":true},[{\"筆ポリゴンID\":\"3dc33fd0-cd3c-4199-95b0-c9c18417b5d5\",\"更新年度\":2023,\"前年同一\":true},[{\"筆ポリゴンID\":\"664ae6b7-1104-4031-9c81-f6d86a7efe3b\",\"更新年度\":2022,\"前年同一\":true},[{\"筆ポリゴンID\":\"6e29f34a-6557-46d2-a4f0-40af57fafcef\",\"更新年度\":2021,\"前年同一\":true},{\"筆ポリゴンID\":\"6e29f34a-6557-46d2-a4f0-40af57fafcef\",\"発生年度\":2020}]]]]","last_polygon_uuid":"d7832b97-2ad2-4c54-afce-41ae2fd28497","prev_last_polygon_uuid":"3dc33fd0-cd3c-4199-95b0-c9c18417b5d5","local_government_cd":"014630","point_lng":142.41271189,"point_lat":42.989628191}},{"arcs":[[-507,602]],"type":"Polygon","properties":{"polygon_uuid":"95efe44a-002f-41fa-a8c3-a6617b3f1278","land_type":100,"issue_year":2025,"edit_year":2020,"history":"[{\"筆ポリゴンID\":\"88b4daec-a9f0-45e9-b38d-3f220ac64bbc\",\"更新年度\":2024,\"前年同一\":true},[{\"筆ポリゴンID\":\"e01a5b6a-a480-4652-84ef-a104802f8b54\",\"更新年度\":2023,\"前年同一\":true},[{\"筆ポリゴンID\":\"3b19e47c-bf64-4ae8-8804-fec62057985c\",\"更新年度\":2022,\"前年同一\":true},[{\"筆ポリゴンID\":\"03c8caa4-1d4a-4ea2-b57e-adc428cae43a\",\"更新年度\":2021,\"前年同一\":true},{\"筆ポリゴンID\":\"03c8caa4-1d4a-4ea2-b57e-adc428cae43a\",\"発生年度\":2020}]]]]","last_polygon_uuid":"88b4daec-a9f0-45e9-b38d-3f220ac64bbc","prev_last_polygon_uuid":"e01a5b6a-a480-4652-84ef-a104802f8b54","local_government_cd":"014630","point_lng":142.40267482,"point_lat":43.012067235}},{"arcs":[[603]],"type":"Polygon","properties":{"polygon_uuid":"203e4d8a-d0aa-42c6-8aca-d18fa741598b","land_type":100,"issue_year":2025,"edit_year":2020,"history":"[{\"筆ポリゴンID\":\"2ff4acbc-44ec-4c87-b58d-b492cc54b315\",\"更新年度\":2024,\"前年同一\":true},[{\"筆ポリゴンID\":\"d49616bc-e7b4-4dda-9e65-fc702c6046d5\",\"更新年度\":2023,\"前年同一\":true},[{\"筆ポリゴンID\":\"5cc06c9d-6e2a-42b7-bff1-12b54f019b33\",\"更新年度\":2022,\"前年同一\":true},[{\"筆ポリゴンID\":\"6ac8f89e-3b7b-4043-b0be-850d138678d4\",\"更新年度\":2021,\"前年同一\":true},{\"筆ポリゴンID\":\"6ac8f89e-3b7b-4043-b0be-850d138678d4\",\"発生年度\":2020}]]]]","last_polygon_uuid":"2ff4acbc-44ec-4c87-b58d-b492cc54b315","prev_last_polygon_uuid":"d49616bc-e7b4-4dda-9e65-fc702c6046d5","local_government_cd":"014630","point_lng":142.398610127,"point_lat":43.013648407}},{"arcs":[[-112,604]],"type":"Polygon","properties":{"polygon_uuid":"82a77a57-93f9-40f2-ac2f-d5070f7e262c","land_type":100,"issue_year":2025,"edit_year":2020,"history":"[{\"筆ポリゴンID\":\"cc3392d4-86b8-4344-be6d-0297108d2983\",\"更新年度\":2024,\"前年同一\":true},[{\"筆ポリゴンID\":\"38d792c8-e512-455d-bff7-6086ed95821d\",\"更新年度\":2023,\"前年同一\":true},[{\"筆ポリゴンID\":\"100d2d55-a27f-4b22-b293-f2defbf73bef\",\"更新年度\":2022,\"前年同一\":true},[{\"筆ポリゴンID\":\"ce610b9b-bce7-455b-955a-a6241e7367b4\",\"更新年度\":2021,\"前年同一\":true},{\"筆ポリゴンID\":\"ce610b9b-bce7-455b-955a-a6241e7367b4\",\"発生年度\":2020}]]]]","last_polygon_uuid":"cc3392d4-86b8-4344-be6d-0297108d2983","prev_last_polygon_uuid":"38d792c8-e512-455d-bff7-6086ed95821d","local_government_cd":"014630","point_lng":142.481160005,"point_lat":42.963483963}},{"arcs":[[605,-366]],"type":"Polygon","properties":{"polygon_uuid":"8c186062-07d8-479b-98e9-980d38887abd","land_type":200,"issue_year":2025,"edit_year":2020,"history":"[{\"筆ポリゴンID\":\"39db5a59-6cb9-4e12-84de-bd14757ee7b3\",\"更新年度\":2024,\"前年同一\":true},[{\"筆ポリゴンID\":\"ffd62588-85ac-412e-889c-997c54b65a02\",\"更新年度\":2023,\"前年同一\":true},[{\"筆ポリゴンID\":\"e8bed9ff-6bf3-43d4-ad99-ba4be1c8b2a6\",\"更新年度\":2022,\"前年同一\":true},[{\"筆ポリゴンID\":\"19f8fabe-ac77-4592-9158-711dfbc204dc\",\"更新年度\":2021,\"前年同一\":true},{\"筆ポリゴンID\":\"19f8fabe-ac77-4592-9158-711dfbc204dc\",\"発生年度\":2020}]]]]","last_polygon_uuid":"39db5a59-6cb9-4e12-84de-bd14757ee7b3","prev_last_polygon_uuid":"ffd62588-85ac-412e-889c-997c54b65a02","local_government_cd":"014630","point_lng":142.406436686,"point_lat":42.979198742}}]}}}