{"type":"Topology","arcs":[[[42313,62307],[-68,112],[-33,87],[2,45],[22,82],[81,208],[51,71],[26,19],[35,-21],[37,-72],[7,-51],[-38,-25],[-14,13],[-19,13],[-16,-14],[5,-20],[10,-20],[4,-16],[1,-20],[-14,-36],[-14,-27],[-11,-25],[-10,-127],[-24,-97],[7,-45],[5,-37],[-6,-9],[-26,12]],[[29156,51493],[41,-20],[37,-22],[23,-22],[4,-47],[-1,-51],[13,-59],[10,-36],[6,-25],[-3,-10],[-38,-3],[-9,7],[-5,33],[-38,79],[-43,73],[-51,51],[-92,56],[-98,57],[-88,34],[-47,51],[-15,45],[4,92],[11,23],[38,-13],[20,-23],[73,-63],[100,-99],[88,-75],[60,-33]],[[51231,67931],[12,8],[11,0],[11,-6],[20,-26],[8,-32],[-2,-30],[-1,-53],[9,-24],[1,-31],[0,-20],[4,-78],[-9,-41],[-4,-67],[-8,-12],[-22,-20],[-21,-23],[-8,-14],[-17,-27],[-32,-79],[-32,-19],[-27,-20],[-14,-12],[-7,-17],[0,-5],[33,-9],[18,-14],[15,-2],[10,-7],[0,-20],[-4,-140],[-11,-58],[-7,-48],[-9,-26],[-8,-32],[-1,-61],[-4,-71],[-13,-23],[-4,-22],[-4,-23],[4,-19],[3,-23],[2,-21],[-2,-42],[-6,-35],[0,-36],[4,-42],[-5,-47],[3,-28],[5,-27],[26,-63],[8,-21],[9,-24],[21,-56],[12,-19],[23,-11],[27,-19],[22,-8],[17,-10],[18,-7],[15,-4],[20,4],[19,9],[44,14],[29,6],[19,0],[1,-7],[-2,-17],[-7,-11],[-3,-17],[3,-20],[-3,-9],[-18,-6],[-15,-5],[-10,-14],[-8,-26],[-15,-12],[-50,-41],[-27,-26],[-29,-33],[-28,-9],[-34,3],[-26,-6],[-33,-7],[-19,-3],[-15,9],[-10,32],[-5,26],[-9,28],[-17,43],[-10,20],[-17,35],[-10,32],[2,25],[17,51],[26,56],[-1,21],[-3,42],[-7,28],[-9,19],[-19,30],[-26,90],[-15,60],[19,99],[5,64],[-11,62],[-21,43],[-27,72],[-11,48],[-4,70],[-14,58],[2,22],[8,13],[44,31],[27,32],[14,24],[4,22],[-7,22],[-9,15],[-3,24],[-19,64],[-39,94],[-34,73],[-2,25],[4,77],[7,86],[12,38],[16,35],[36,37],[28,17],[24,6],[16,4],[65,34],[32,16],[23,0],[13,4],[33,21]],[[6978,44252],[-60,2],[-69,25],[-50,43],[-24,44],[-41,27],[-45,11],[-39,-1],[-46,-6],[-43,-5],[-39,1],[-49,7],[-28,19],[6,44],[16,39],[17,38],[54,59],[57,54],[68,77],[51,41],[83,98],[72,50],[39,26],[12,28],[71,-9],[82,-22],[95,-81],[62,-12],[20,-36],[4,-28],[0,-18],[-2,-30],[-11,-43],[-1,-17],[-8,-28],[-33,-29],[-21,-23],[-19,-45],[-12,-21],[-14,-45],[-28,-32],[-19,-36],[-16,-36],[-27,-41],[-36,-38],[-29,-51]],[[50050,72471],[-17,-49],[-18,-124],[-20,-119],[-11,-2],[-41,13],[-4,15],[-3,28],[0,48],[-1,15],[-12,23],[-35,31],[-17,14],[-22,-1],[-16,-15],[-21,-21],[-25,-20],[-16,-12],[-17,-4],[-23,0],[-21,11],[-27,25],[-27,22],[-35,12],[-30,1],[-21,-4],[-16,2],[-63,22],[-67,26],[-28,12],[-20,17],[-8,17],[0,36],[-2,31],[-45,36],[0,19],[3,23],[-19,13],[-6,17],[0,18],[6,49],[-1,51],[-6,35],[-4,30],[-3,15],[7,12],[12,5],[13,1],[20,-12],[24,-15],[23,-8],[39,4],[40,12],[48,25],[28,18],[17,6],[19,0],[17,-11],[8,-15],[8,-13],[12,-13],[17,-13],[12,-8],[32,-2],[56,5],[45,3],[30,7],[36,23],[17,11],[21,7],[27,-1],[39,-15],[38,-22],[14,-22],[20,-9],[28,-3],[11,-4],[6,-15],[-5,-35],[-34,-121],[-5,-60],[25,-24],[-6,-54]],[[38542,54423],[69,-18],[43,-144],[64,-33],[81,-22],[54,-7],[68,-119],[70,-167],[36,-62],[64,-19],[-4,-77],[-21,-87],[-44,-9],[-157,27],[-172,35],[-145,25],[-155,25],[6,183],[80,73],[-21,40],[-52,33],[-29,64],[47,83],[66,97],[52,79]],[[41803,40604],[-194,-563]],[[41609,40041],[-20,8],[-32,21],[-77,9],[-37,-16],[-66,-18],[-16,4],[-36,19],[3,60],[-81,10],[-38,51],[-36,28],[-97,15],[-34,47],[-32,22],[-27,39],[-26,47],[-5,42],[8,68],[9,44],[31,35],[54,60],[19,10],[31,9],[48,30],[29,23],[18,36],[61,78],[37,37],[33,16],[36,11],[35,10],[29,-2],[35,-11],[49,-26],[101,-63],[12,-35],[24,-7],[39,-16],[79,-84],[16,-29],[18,-19]],[[54286,62934],[508,98],[40,2],[60,-28],[16,-57],[40,-19],[260,34],[72,13],[34,7],[33,-21],[-2,-43],[-21,-27],[-605,-272],[-282,-127],[-155,-66],[-20,-3],[-5,180],[7,70],[-11,75],[-10,126],[16,24],[9,25],[16,9]],[[52843,74148],[8,11],[8,8],[16,-2],[20,-9],[28,-18],[42,-19],[46,-14],[35,-26],[48,-20],[74,-30],[75,-27],[42,-16],[36,-23],[27,-15],[10,-12],[3,-19],[-60,-71],[-46,-75],[-43,-73],[-33,-66],[-48,-52],[-11,-23],[-4,-23],[6,-25],[4,-19],[-7,-16],[-58,-69],[-61,-68],[-72,-76],[-62,-50],[-53,-38],[-18,-11],[-22,2],[-23,15],[-23,39],[-18,39],[-30,78],[-33,71],[-43,55],[-24,19],[-12,17],[-6,15],[8,37],[7,48],[6,23],[15,30],[13,20],[28,19],[15,32],[5,32],[11,53],[13,28],[14,18],[26,16],[16,22],[23,40],[25,59],[22,67],[35,92]],[[53893,73755],[11,-13],[8,-48],[4,-51],[19,-55],[21,-31],[24,-20],[15,-19],[12,-20],[-7,-69],[-51,-59],[-24,-35],[-8,-38],[-4,-33],[0,-31],[-7,-37],[0,-34],[-9,-27],[-22,-31],[-31,-35],[-31,-38],[-14,-27],[-6,-39],[-1,-53],[-6,-29],[-12,-16],[-20,-12],[-12,-8],[-10,-22],[10,-19],[22,-37],[-5,-18],[-22,-9],[-60,-20],[-18,-10],[-1,-24],[-7,-28],[-9,-33],[9,-29],[8,-14],[29,-21],[7,-13],[-16,-8],[-21,-2],[-33,16],[-96,58],[-68,42],[-27,11],[-28,12],[-20,5],[-20,2],[0,13],[13,20],[30,56],[41,99],[24,59],[6,37],[1,41],[-2,62],[-12,53],[-10,65],[-4,32],[4,28],[9,29],[28,51],[42,64],[51,67],[70,78],[78,95],[104,115],[22,6],[15,2],[17,-3]],[[49279,63443],[268,267],[136,133],[77,80],[66,84],[47,92],[31,59],[31,-10],[36,-34],[52,-35],[54,-17],[19,-18],[-83,-52],[-24,-39],[-34,-84],[-21,-47],[-29,-85],[-7,-63],[-20,-110],[-26,-106],[-51,-179],[-68,-90],[-58,-59],[-50,34],[-53,20],[-72,52],[-84,53],[-14,22],[164,118],[85,77],[36,58],[108,112],[-7,41],[-131,-122],[-42,-69],[-267,-204],[-32,30],[-53,52],[16,39]],[[19910,57815],[60,51],[44,28],[33,47],[14,21],[7,31],[37,48],[41,-14],[27,-12],[24,-10],[20,3],[27,9],[34,10],[24,12],[27,47],[28,33],[39,35],[105,93],[104,95],[39,36],[35,22],[28,-9],[6,-88],[-4,-38],[-3,-33],[-8,-34],[89,-8],[94,-8],[175,7],[123,19],[58,-22],[42,-15],[32,-23],[20,-8],[26,-18],[6,-15],[-12,-14],[-6,-6],[-377,-11],[-241,-13],[-49,1],[-51,-11],[-35,-28],[-39,-32],[-27,-28],[-59,-94],[-203,-336],[-77,-126],[-25,-43],[-15,-22],[-43,-26],[-52,1],[-81,-3],[-86,17],[4,39],[13,59],[23,50],[16,46],[8,60],[4,49],[-43,61],[-19,21],[-16,38],[5,23],[30,36]],[[48781,63423],[12,-18],[103,-209],[4,-17],[-8,-9],[-234,-233],[-273,-291],[-262,-285],[-15,-11],[-27,5],[-7,18],[1,24],[12,38],[13,39],[4,27],[-1,100],[-11,54],[-2,26],[36,57],[3,22],[-11,74],[14,35],[-34,52],[1,23],[13,17],[16,14],[7,18],[13,41],[15,70],[3,34],[-6,69],[-22,68],[-7,30],[0,14],[9,19],[29,19],[23,12],[85,43],[41,19],[53,19],[54,32],[61,35],[11,3],[118,-40],[75,-21],[76,-24],[15,-12]],[[57559,63238],[228,-62],[257,-75],[418,-77],[3,-106],[-95,-49],[-55,-19],[-110,-10],[-97,-3],[-58,4],[-32,35],[-48,-3],[-22,29],[13,15],[6,37],[-15,23],[-24,6],[-10,-27],[5,-33],[4,-42],[1,-14],[-160,13],[-148,10],[-110,-5],[-40,10],[-50,46],[-22,-72],[7,-62],[-215,-63],[-112,-22],[-33,36],[-23,39],[-7,31],[10,23],[8,52],[-19,4],[-40,-13],[-18,-35],[8,-48],[16,-29],[34,-33],[15,-38],[-2,-45],[-20,-44],[-136,19],[-13,50],[-9,60],[-16,31],[-55,61],[-39,80],[-5,44],[25,25],[72,35],[78,40],[80,11],[94,-16],[34,-3],[42,34],[56,33],[62,18],[80,-6],[68,-9],[17,46],[33,31],[84,32]],[[33042,54271],[20,-9],[26,-61],[32,-54],[48,-46],[34,-37],[123,-79],[144,-103],[80,-54],[57,-46],[34,-57],[11,-39],[7,-72],[-6,-35],[-10,-67]],[[33642,53512],[-917,-25]],[[32725,53487],[317,784]],[[33260,52022],[228,670]],[[33488,52692],[105,293]],[[33593,52985],[180,-12],[341,-13],[14,-19],[-67,-65],[-37,-57],[-25,-30],[-722,-1121],[-88,21],[0,55],[-5,56],[26,77],[50,145]],[[35775,53339],[24,9],[26,-31],[44,-133],[72,-192],[58,-145],[57,-111],[-31,-12],[-87,19],[-161,29],[-106,10],[-156,21],[-100,2],[-23,-3],[-42,-8],[-38,-14],[-59,-20],[-12,4],[-26,33],[-6,13],[-4,73],[-7,90],[-19,191],[13,23],[41,12],[542,140]],[[27479,51571],[-48,-3],[-17,52],[-37,72],[-23,108],[-6,83],[28,76],[116,16],[24,31],[4,90],[-37,45],[-107,232],[-160,22],[-133,-43],[-91,-290],[61,-11],[88,-52],[57,-108],[57,-94],[-17,-38],[-54,8],[-58,42],[-58,-3],[-41,-62],[-99,45],[-61,63],[-36,211],[116,338],[72,169],[106,-11],[245,-47],[129,-74],[68,-28],[-13,-322],[-14,-138],[-61,-379]],[[42124,21881],[-747,787]],[[41377,22668],[13,33],[21,25],[6,17],[7,20],[30,49],[44,57],[47,77],[23,18],[23,5],[13,-19],[18,-29],[20,-17],[23,-16],[8,-15],[63,-46],[24,18]],[[41760,22845],[4,-70],[719,-685]],[[42483,22090],[25,-25],[7,-11],[-8,-23],[-20,-22],[-35,-25],[-35,-26],[-32,-29],[-25,-26],[-31,-41],[-24,-48],[-42,-59],[-139,126]],[[31826,51269],[-8,14],[18,278],[35,329],[17,248],[7,11],[28,0],[40,-12],[131,-62],[94,-55],[41,-37],[27,-28],[15,-27],[12,-16],[53,-33],[14,11],[18,2],[501,-146],[24,-9],[16,-35],[1,-19],[-29,-79],[0,-11],[6,-13],[25,-28],[0,-12],[-56,-123],[-11,-10],[-566,189],[-24,6],[-18,1],[-21,-5],[-44,-26],[-292,-318],[-54,15]],[[42037,39162],[-53,-19],[-39,-6],[4,-78],[-10,-46],[5,-44],[-9,-92],[-36,-6],[-45,-13],[-50,9],[-73,-42],[-124,-48],[-54,27],[-31,31],[-76,-19],[-69,3],[-77,-8],[-82,-32],[-12,33],[26,71],[3,47],[18,30],[68,183],[43,128],[39,108],[14,73],[151,-53],[73,-33],[189,-21],[257,-37],[22,-36],[48,-86],[-27,-8],[-93,-16]],[[6283,44086],[182,-356],[-44,-17],[-75,-14],[-38,-25],[-59,-34],[-57,-42],[-60,-39],[-59,-38],[-48,-30],[-33,-22],[-180,-119],[-124,72],[-35,39],[-5,38],[-16,-3],[-6,56],[43,20],[-25,107],[176,107],[74,40],[80,76],[84,62],[66,43],[159,79]],[[52649,72564],[25,-1],[14,-20],[22,-32],[12,-32],[-1,-19],[-3,-16],[-39,-13],[-20,-15],[-14,-37],[-15,-15],[-9,-14],[-3,-15],[10,-13],[11,-23],[7,-18],[9,-14],[25,-12],[15,-18],[-39,-10],[22,-15],[23,-14],[24,-9],[20,-8],[12,-13],[7,-10],[2,-13],[-5,-26],[-43,-101],[-39,-68],[-52,-87],[-85,-152],[-51,-101],[-11,-2],[-18,12],[-122,120],[-7,9],[3,14],[19,44],[16,65],[1,29],[10,88],[-3,32],[-11,29],[-8,15],[-18,20],[-23,30],[-13,14],[-2,13],[5,15],[19,52],[-9,73],[8,30],[16,74],[28,55],[44,73],[31,41],[26,21],[22,-1],[19,15],[11,19],[9,42],[10,42],[12,39],[6,40],[1,35],[-2,44],[1,18],[9,10],[18,3],[15,-1],[15,-3],[14,-11],[18,-28],[13,-17],[7,-12],[3,-16],[-15,-22],[-33,-67],[-24,-67],[-6,-21],[7,-15],[24,-24],[23,-14]],[[35480,35363],[30,-45],[-50,-188],[-95,-355],[-32,-129],[-14,-240],[-5,-244],[13,-208],[5,-155],[4,-104],[17,-42],[62,-95],[34,-67],[21,-54],[-7,-75],[-25,-69],[-33,-64],[-40,-83],[-32,10],[-32,31],[-45,99],[-79,125],[-32,129],[27,93],[-32,40],[2,106],[-1,41],[41,67],[22,85],[9,159],[14,147],[27,60],[-7,78],[-26,223],[36,69],[-6,109],[26,64],[-16,120],[6,61],[90,73],[11,37],[-36,57],[1,65],[22,41],[26,-2],[21,33],[78,-3]],[[49278,71936],[20,2],[45,6],[84,-1],[75,-15],[63,-6],[42,-4],[68,14],[49,17],[36,1],[40,-9],[58,-19],[69,-25],[53,-29],[22,-57],[0,-40],[1,-31],[-13,-45],[-11,-90],[-12,-24],[-6,-96],[-3,-54],[-8,-20],[-17,-4],[-56,-1],[-80,9],[-76,54],[-49,22],[-44,10],[-38,9],[-45,0],[-61,3],[-103,12],[-90,29],[-30,23],[-5,24],[-1,118],[-2,88],[-4,95],[29,34]],[[6988,43880],[-59,6],[-48,14],[-42,-3],[-218,375],[128,79],[45,-62],[25,-27],[27,-22],[19,-10],[81,-28],[15,-9],[22,-19],[17,-23],[8,-16],[14,-39],[7,-29],[10,-18],[26,-29],[42,-45],[5,-3],[8,2],[36,24],[7,2],[28,-21],[10,-5],[14,-2],[28,-6],[40,-17],[74,-33],[36,-19],[15,-4],[14,-2],[13,2],[14,6],[35,21],[12,2],[11,-5],[22,-16],[8,-13],[14,-13],[20,-30],[27,-35],[22,-21],[30,-21],[30,-20],[53,-29],[14,-5],[16,-2],[28,1],[25,-3],[13,-7],[21,-27],[24,-33],[18,-28],[54,-71],[26,-32],[11,-19],[5,-12],[3,-19],[-4,-13],[-29,-45],[-10,-6],[-19,1],[-35,8],[-11,2],[-16,9],[-21,5],[-26,-2],[-18,-3],[-17,-2],[-37,13],[-15,14],[-26,43],[-36,43],[-18,16],[-20,12],[-61,33],[-51,47],[-56,33],[-46,29],[-61,48],[-43,39],[-38,42],[-40,45],[-49,58],[-5,3],[-11,-2],[2,-11],[18,-59],[-87,25],[-56,-2],[-61,-5]],[[21665,56937],[90,14],[65,22],[115,22],[64,10],[33,12],[70,-13],[57,-13],[59,-31],[18,-38],[4,-41],[-27,-57],[-1,-58],[14,-67],[7,-67],[-25,-52],[56,-37],[59,-50],[32,-31],[-9,-44],[-3,-56],[-5,-106],[-1,-93],[17,-61],[7,-51],[-23,-37],[-50,-20],[-60,13],[-69,33],[-89,67],[-40,31],[-35,40],[-34,33],[-12,66],[-27,33],[-15,76],[-24,31],[-67,69],[-57,38],[-27,43],[-32,31],[-3,58],[-39,33],[-15,53],[-17,81],[-86,41],[67,48],[58,25]],[[32599,50834],[-26,-66]],[[32573,50768],[-46,-120]],[[32527,50648],[-88,22],[-12,-24],[-138,42],[-26,-71],[-3,-27],[12,-23],[-15,-39],[3,-13],[20,-15],[24,-12],[-12,-35]],[[32292,50453],[-56,17],[-147,45]],[[32089,50515],[-307,87]],[[31782,50602],[8,22],[-13,22],[-15,22],[-8,25],[0,33],[19,126],[28,208],[16,33],[13,26]],[[31830,51119],[42,-17],[744,-235]],[[32616,50867],[-17,-33]],[[2803,40754],[-1,-71],[-5,-55],[7,-50],[2,-50],[-6,-30],[-35,-24],[-51,-26],[-76,-66],[-27,-29],[-32,-35],[-29,-30],[-22,-22],[-17,-39],[-4,-36],[-50,-42],[-70,-32],[-31,-6],[-19,0],[-29,21],[-21,28],[-38,56],[-40,12],[-32,18],[-29,-8],[-42,26],[-15,-5],[-10,-15],[45,-43],[32,-27],[68,-60],[7,-88],[-51,-26],[-60,-29],[-41,-22],[-45,-23],[-35,-15],[-106,-6],[-18,2],[-6,25],[18,42],[23,70],[-8,23],[-39,26],[33,54],[15,23],[25,34],[51,46],[129,105],[158,139],[111,92],[66,68],[34,46],[40,59],[46,30],[46,17],[63,2],[53,-11],[67,-11],[1,-32]],[[3942,37840],[121,251]],[[4063,38091],[155,-209],[51,-65],[86,-76],[93,-123],[43,-41],[40,-28],[117,-40],[59,-21],[14,-8],[66,-44],[59,-45],[22,-15],[56,-39],[17,-14],[26,-34],[15,-22],[4,-14],[5,-46],[16,-92],[16,-61],[28,-69],[14,-60],[-14,-31],[-31,-10],[-16,6],[-13,22],[-35,124],[-51,59],[-43,112],[-11,16],[-80,0],[-62,1],[-45,-10],[-9,-6],[-6,-13],[-5,-13],[-4,-6],[-34,5],[-8,6],[-14,41],[-16,35],[-22,21],[-22,13],[-23,27],[-25,23],[-33,26],[-12,7],[-13,-1],[-58,-17],[-77,-21],[-21,-3],[-21,11],[-23,12],[-27,20],[-8,16],[-16,46],[-3,30],[-1,25],[5,15],[8,25],[35,34],[25,28],[12,28],[-3,16],[-28,41],[-26,37],[-12,23],[-3,20],[-8,16],[-24,27],[-51,46],[-11,6],[-14,3],[-54,4],[-23,-3],[-49,-24]],[[35718,52709],[3,-12],[-5,-26],[2,-13],[5,-13],[15,-14],[7,-38],[-24,-54],[-2,-20],[1,-32],[3,-16],[13,-22],[1,-15],[-18,-64],[0,-15],[5,-10],[55,-52],[16,-26],[9,-18],[2,-40],[-3,-21],[-11,-65],[-30,-32],[-38,-17],[-37,-5],[-36,-5],[-56,13],[-81,32],[-125,64],[-117,58],[-45,31],[-27,25],[-18,8],[-30,-1],[-63,0],[-75,7],[-21,6],[-6,11],[-6,62],[-11,47],[-12,21],[-30,25],[-13,8],[-7,10],[6,40],[167,87],[110,54],[43,5],[40,33],[28,7],[70,12],[69,10],[43,3],[90,-6],[88,-15],[56,-12]],[[32822,50836],[416,638],[250,380],[143,-70],[-54,-215],[-16,0],[-39,-157],[-28,-25],[0,-22],[-1,-57],[-51,-123],[-40,-58],[-247,-272],[-97,-119],[-177,-202],[-211,-224],[-149,-53],[41,144],[83,141],[88,138],[50,-30],[7,-25],[49,-30],[18,0],[21,63],[78,44],[-21,19],[49,54],[-31,30],[-40,-48],[-24,38],[-68,29],[1,12]],[[37021,53664],[187,50],[58,14],[215,52],[77,11],[64,2],[63,-2],[25,-2],[161,-30],[153,-38],[11,-6],[-167,-170],[-93,-97],[-26,-18],[-24,-6],[-120,-13],[-69,1],[-61,4],[-56,1],[-47,3],[-61,16],[-44,1],[-99,-19],[-52,-18],[-16,-2],[-16,3],[-24,23],[-98,172],[0,24],[6,21],[12,11],[41,12]],[[35389,54771],[33,-34],[-6,-46],[-62,-39],[-96,-62],[-107,-84],[-85,-91],[-133,-471],[-71,-47],[-102,-27],[-115,-7],[-26,61],[-30,450],[29,170],[69,153],[45,57],[118,16],[539,1]],[[14751,54692],[-4,-12],[-19,-10],[-38,-1],[-43,10],[-61,21],[-58,22],[-26,9],[-30,8],[-45,3],[-23,3],[-16,7],[-8,16],[-10,20],[-16,13],[-25,24],[-37,28],[-29,27],[-14,18],[-11,17],[-15,30],[-21,41],[-10,21],[-15,20],[-21,19],[-39,30],[-37,34],[-23,24],[-22,26],[-28,35],[-26,28],[-24,22],[-33,25],[-44,26],[-27,26],[-45,28],[-20,18],[-25,27],[-22,30],[-18,18],[-17,29],[-12,31],[-12,59],[-12,54],[-7,28],[-6,28],[-1,14],[8,9],[16,18],[13,3],[10,-2],[46,-19],[59,-26],[60,-34],[67,-51],[81,-81],[160,-180],[44,-48],[0,-11],[24,-10],[18,-10],[48,-48],[111,-125],[254,-275],[72,-86],[4,-18]],[[33897,54160],[-37,-89]],[[33860,54071],[-14,-130],[-11,-62],[-77,-38],[-68,-7],[-55,28],[-24,-5],[-96,65],[-79,51],[-68,47],[-68,44],[-42,39],[-61,67],[-22,37],[-20,45],[-10,31],[18,7],[-2,75],[119,67],[383,210],[31,-21],[-4,-51],[-6,-56],[-5,-69],[115,-19],[52,-15],[44,-42],[49,-63],[-2,-52],[-40,-94]],[[4192,41843],[38,18],[28,6],[29,0],[66,-12],[131,-43],[136,-42],[78,-27],[41,-14],[57,-28],[75,-41],[29,-11],[64,-21],[67,-17],[53,-16],[15,-7],[77,-56],[10,-9],[103,-74],[70,-50],[47,-31],[16,-15],[12,-18],[19,-25],[19,-25],[79,-55],[22,-9],[40,-7],[15,-4],[15,-14],[15,-31],[-1,-21],[-14,-24],[-18,-17],[-53,-30],[-25,9],[-26,-1],[-19,22],[-18,33],[-18,18],[-65,29],[-23,19],[-29,35],[-11,20],[0,12],[27,86],[-2,7],[-10,8],[-8,-3],[-4,-5],[-23,-61],[-10,-23],[-9,-1],[-23,11],[-16,0],[-24,-7],[-19,2],[-49,31],[-36,30],[-32,16],[-49,15],[-86,24],[-50,18],[-71,50],[-60,36],[-42,34],[-33,15],[-48,14],[-43,5],[-39,2],[-29,0],[-36,24],[-37,15],[-28,14],[-61,9],[-36,3],[-21,-2],[-41,-16],[-26,-26],[-14,-35],[-25,-36],[-51,19],[-2,33],[-12,144],[-2,13],[-2,20],[5,20],[11,33],[20,38]],[[58263,63384],[-751,109],[-44,-14],[-15,35],[-32,33],[-21,12],[-7,31],[14,49],[40,15],[292,86],[53,5],[139,72],[29,75],[42,40],[86,66],[222,-25],[38,-16],[64,-156],[-102,-262],[-47,-155]],[[4652,41062],[-93,-104],[-110,-111],[-81,-25],[-56,14],[-182,131],[-94,86],[-92,53],[-35,54],[-48,7],[-61,31],[-50,27],[-42,32],[-24,36],[-7,42],[43,47],[77,19],[51,20],[56,-11],[41,50],[71,23],[71,2],[51,-11],[49,-11],[60,-6],[33,37],[28,32],[27,22],[43,2],[22,-6],[25,-10],[13,-38],[60,-25],[48,-25],[41,-9],[38,-3],[22,-4],[34,-31],[41,-5],[11,-21],[-3,-55],[-15,-50],[-24,-28],[-26,-75],[-3,-32],[-10,-71]],[[51921,70669],[-12,7],[-1,9],[5,15],[26,28],[325,445],[108,147],[70,98],[83,154],[36,50],[149,271],[22,36],[54,108],[13,20],[12,-10],[22,-38],[44,-70],[71,-109],[23,-43],[-22,-45],[-43,-51],[-23,-15],[-13,-26],[-19,-33],[-42,-44],[-13,-18],[-26,-23],[-53,-52],[-30,-36],[-31,-7],[-23,-5],[-10,-6],[-14,-12],[-14,-27],[0,-15],[9,-17],[0,-15],[-4,-29],[-1,-12],[4,-6],[12,-4],[23,15],[16,14],[12,3],[6,-6],[4,-7],[2,-6],[-4,-10],[-8,-15],[-48,-64],[-11,-15],[-3,-14],[-16,-12],[-8,-11],[-20,-39],[-9,-24],[-21,3],[-33,38],[-32,16],[-44,48],[-21,9],[-11,2],[-12,-7],[-10,-17],[-8,-26],[-5,-17],[2,-9],[7,-14],[24,-41],[24,-27],[10,-14],[20,-1],[15,-22],[-18,-29],[-27,-3],[-20,-10],[-19,-30],[-15,-29],[-22,-23],[-8,-19],[-8,-23],[3,0],[1,-24],[3,-17],[-6,-10],[-11,-7],[-35,-18],[-26,-7],[-31,7],[-25,-2],[-38,-14],[-26,-11],[-8,-12],[-9,-22],[-7,-21],[-8,-7],[-15,-14],[-2,-11],[1,-8],[11,-8],[7,-9],[1,-12],[-6,-59],[-10,-12],[-11,-6],[-24,-1],[-21,12],[-20,11],[-17,5],[-18,21],[-20,18],[-4,10],[-9,18],[-18,26]],[[31896,51214],[-2,16],[9,30],[94,80],[217,234],[29,0],[599,-177],[-129,-293],[-15,-4],[-42,17],[-46,-101],[-8,-15]],[[32602,51001],[-706,213]],[[38630,50814],[-91,-52],[-49,-113],[-83,-116],[-115,141],[-71,88],[-261,300],[-210,285],[10,61],[46,49],[82,91],[118,-96],[127,-7],[38,-50],[58,-54],[30,-82],[83,-81],[67,-43],[15,-30],[11,-36],[100,-36],[58,-35],[27,-64],[10,-120]],[[48600,62138],[-68,40],[-74,33],[-20,41],[21,80],[112,93],[99,79],[82,79],[-3,129],[75,0],[29,-79],[-4,-57],[-31,-100],[-15,-28],[-87,-73],[-53,-47],[-41,-80],[-7,-79],[-15,-31]],[[35828,54125],[12,-159],[67,-200],[37,-79],[58,-20],[36,-6],[29,-142],[-286,-73],[-178,482]],[[35603,53928],[51,32],[58,59],[44,51],[42,46],[30,9]],[[28797,53194],[218,-134],[22,-14],[8,-12],[2,-13],[0,-15],[-14,-16],[-51,-68],[-38,-70],[-12,-6],[-22,3],[-21,9],[-189,129],[-10,17],[-5,19],[4,32],[28,89],[14,28],[18,13],[18,9],[30,0]],[[51632,71372],[20,-13],[6,-12],[-8,-101],[5,-72],[7,-62],[8,-24],[0,-29],[2,-21],[7,-26],[-2,-19],[-14,-8],[-26,4],[-9,-4],[-6,-22],[-13,-7],[-28,-2],[-21,1],[-19,-9],[-17,-10],[-6,-11],[-2,-22],[-2,-15],[-28,-29],[-16,-2],[-17,6],[-11,24],[-4,23],[2,46],[3,66],[13,41],[26,40],[33,38],[9,13],[15,32],[16,29],[3,17],[-4,28],[11,15],[22,5],[12,16],[10,25],[4,30],[8,16],[11,5]],[[31971,50151],[118,364]],[[32292,50453],[93,-33],[21,-37]],[[32406,50383],[-75,-161]],[[32331,50222],[-167,-40],[-76,-13],[-77,-18],[-26,-2],[-14,2]],[[36529,53914],[138,38],[11,-15],[136,-196],[-31,-25],[-449,-117],[-18,13],[-15,102],[-18,95],[39,14],[29,50],[178,41]],[[45307,61208],[93,-19],[119,32],[95,11],[39,-8],[14,-33],[-15,-297],[-32,6],[-38,33],[-54,75],[-40,27],[-37,29],[-48,49],[-100,79],[4,16]],[[50876,71792],[93,72],[-237,-576],[-48,-3],[-71,34],[43,108],[86,177],[76,142],[58,46]],[[52994,71811],[-22,25],[-44,58],[-43,69],[-55,88],[-8,23],[2,25],[17,38],[67,90],[10,2],[18,-1],[12,-21],[7,-17],[26,-11],[9,-8],[7,-12],[-6,-15],[-3,-14],[1,-13],[12,-11],[20,-9],[25,-16],[21,-1],[18,-9],[16,-16],[2,-12],[-1,-18],[-27,-51],[-18,-27],[-3,-13],[7,-24],[4,-18],[-6,-17],[-21,-23],[-8,-20],[-15,-25],[-21,4]],[[15819,52708],[-45,-5],[-129,41],[-31,24],[-41,129],[-24,65],[-30,94],[-16,63],[-16,48],[-10,24],[-11,31],[-6,28],[2,27],[26,12],[44,23],[17,9],[6,-13],[-3,-23],[5,-14],[15,-9],[13,-46],[0,-40],[3,-19],[22,-40],[6,-24],[4,-10],[11,-19],[26,-31],[-8,-73],[1,-34],[29,-87],[17,-9],[71,-3],[16,-9],[41,-89],[-5,-21]],[[37175,54490],[32,-21],[38,-60],[67,-120],[35,-88],[10,-10],[38,-26],[22,-40],[31,-58],[56,-110],[27,-53],[7,-16],[-1,-11],[-230,-62],[-97,-12],[-69,-16],[-148,-38],[-32,-1],[-11,2],[-6,16],[-5,45],[21,124],[36,34],[4,17],[1,17],[17,14],[33,17],[25,10],[8,10],[5,17],[1,35],[-6,23],[-18,36],[-12,18],[8,98],[12,27],[4,26],[3,44],[3,23],[13,24],[31,40],[19,17],[15,10],[13,-2]],[[37204,52249],[71,85],[35,8],[100,-68],[28,-48],[36,-10],[36,-52],[40,-8],[41,16],[42,-3],[61,-26],[33,-42],[41,-15],[56,-4],[43,-17],[29,-35],[-28,-88],[30,-41],[24,-33],[-13,-24],[-16,-35],[-13,-49],[-57,-71],[-74,56],[-120,103],[-159,112],[-195,155],[-17,58],[-75,47],[21,29]],[[6935,45008],[7,80],[9,35],[19,23],[52,51],[70,78],[72,71],[37,33],[48,50],[26,26],[11,7],[12,-4],[32,-38],[11,-34],[2,-38],[-1,-51],[1,-24],[-6,-28],[-81,-81],[-20,-28],[12,-2],[99,78],[13,0],[16,-11],[42,-50],[28,-31],[23,-15],[22,-15],[34,-6],[39,1],[75,25],[9,-2],[12,-16],[-27,-25],[-38,-27],[-32,-29],[-8,-15],[-3,-19],[1,-15],[-25,-25],[-16,-29],[-12,-15],[-11,0],[-67,31],[-60,13],[-42,0],[-40,-11],[-40,-21],[-24,-21],[-19,-2],[-12,5],[-33,33],[-25,26],[-19,15],[-33,16],[-130,24],[-10,7]],[[23100,54699],[45,-43],[7,-60],[-27,-266],[13,-638],[-253,-118],[-6,67],[25,92],[19,120],[21,113],[5,117],[-14,78],[-6,103],[8,92],[15,89],[46,84],[53,85],[49,85]],[[35412,53541],[16,100],[11,111],[10,112]],[[35449,53864],[19,9],[42,17],[38,4],[30,-14],[30,-22],[44,-92],[62,-153],[18,-49],[34,-111],[3,-15],[-250,-61],[-67,-17],[-49,-23],[-281,-66],[2,32],[12,29],[14,46],[4,27],[-19,46],[-26,39],[-43,35],[119,1],[53,5],[60,-8],[59,11],[40,-3],[15,10]],[[16677,52463],[-13,11],[-23,62],[-27,35],[-24,41],[-62,85],[-42,54],[-6,18],[5,14],[44,70],[105,161],[59,94],[12,1],[17,-4],[17,-12],[7,-11],[4,-16],[7,-7],[-36,-58],[3,-12],[51,-36],[20,-7],[28,4],[34,22],[31,27],[18,37],[12,50],[7,38],[0,29],[-7,29],[-14,35],[-11,50],[2,29],[10,19],[29,30],[19,8],[28,-1],[31,-15],[4,-13],[-10,-31],[-11,-40],[5,-40],[-12,-26],[-2,-18],[-12,-22],[-4,-43],[-33,-94],[-60,-253],[-5,-33],[-6,-45],[13,-25],[5,-22],[-8,-49],[-13,-44],[-15,-33],[-16,-11],[-33,-17],[-29,-5],[-55,-6],[-38,-4]],[[23185,53637],[36,0],[28,-9],[40,-16],[58,-26],[30,-3],[53,0],[190,42],[83,27],[129,21],[62,-10],[36,-44],[-46,-49],[-65,-44],[-194,-88],[-166,-67],[-123,-43],[-84,-61],[-30,15],[-58,41],[-31,22],[-61,38],[-33,35],[-52,37],[-12,41],[18,31],[37,25],[37,30],[53,31],[65,24]],[[5128,38355],[208,-17],[46,-84],[31,-46],[45,-23],[81,45],[88,-148],[0,-71],[-23,-34],[-407,-228],[-53,36],[-104,174],[21,86],[47,2],[10,-71],[84,-134],[41,-12],[18,23],[-40,104],[-39,98],[-62,135],[-10,113],[18,52]],[[42864,62582],[54,16],[57,3],[101,-7],[54,-15],[97,-48],[89,-13],[40,-49],[25,-70],[34,-58],[50,-72],[62,-66],[68,-70],[125,-87],[-50,-139],[-323,210],[-211,151],[-107,89],[-74,83],[-91,142]],[[39823,21630],[32,41],[36,38],[30,30],[29,33],[24,48],[30,14],[30,21],[57,48],[24,23],[16,3],[99,-8],[48,-12],[28,-27],[36,-78],[4,-25],[-5,-30],[-26,-70],[-9,-23],[-29,-16],[-13,-18],[-4,-24],[-1,-21],[-4,-29],[-10,-39],[-58,-171],[-23,-45],[-22,-22],[-30,1],[-34,17],[-19,21],[-20,8],[-18,43],[-27,35],[-22,19],[-56,72],[-75,81],[-21,18],[-6,13],[-1,14],[10,17]],[[53087,72105],[-27,12],[-21,7],[-12,8],[11,17],[-3,21],[-19,13],[-16,45],[-9,27],[20,49],[1,37],[1,17],[165,92],[27,9],[26,21],[49,54],[69,57],[30,22],[20,8],[11,0],[28,-6],[54,-24],[90,-51],[44,-32],[-1,-35],[-3,-36],[-21,-35],[-24,-18],[-9,-6],[7,-25],[-6,-17],[-25,-53],[-30,-54],[-24,-35],[-27,0],[-34,-2],[-40,8],[-20,-5],[-52,-39],[-51,-39],[-28,-1],[-34,-4],[-18,-10],[-6,-20],[-16,-4],[-28,6],[-33,11],[-16,10]],[[37956,54346],[59,109],[22,48],[76,-20],[92,56],[57,11],[66,5],[108,-38],[31,-135],[-109,-135],[-53,-93],[18,-158],[17,-240],[-115,33],[-31,116],[-63,160],[-90,163],[-85,118]],[[51901,73576],[-48,-179],[-20,-60],[-41,-79],[-32,-57],[-31,-70],[-16,-58],[-5,-31],[-7,-52],[1,-33],[3,-12],[-5,-14],[-13,3],[-12,4],[-22,14],[-35,21],[-38,19],[-25,25],[-24,21],[-14,14],[-5,15],[211,487],[95,229],[96,247],[35,89],[13,6],[19,3],[33,-4],[36,-10],[35,-12],[29,-15],[16,-14],[6,-13],[-12,-22],[-74,-117],[-68,-129],[-23,-50],[-24,-83],[-4,-46],[-5,-19],[-11,-10],[-14,-8]],[[33488,52692],[-112,-27],[-216,-39],[-75,501],[59,12],[447,55]],[[33591,53194],[-13,-58],[-43,-110],[38,-19],[20,-22]],[[57225,63431],[-613,-157],[-393,-95],[-53,78],[42,13],[49,-16],[42,5],[110,38],[43,118],[47,10],[103,52],[96,82],[66,44],[65,37],[51,13],[40,0],[42,3],[51,33],[152,-27],[3,-36],[34,-35],[5,-60],[18,-100]],[[12944,56053],[34,-13],[14,-7],[17,-17],[16,-23],[23,-11],[123,-57],[122,-50],[93,-41],[124,-63],[3,-8],[-15,-34],[-9,-8],[-36,-16],[-47,8],[-58,2],[-47,5],[-32,7],[-16,3],[-21,-1],[-17,-15],[-42,-32],[-24,-9],[-19,1],[-19,0],[-18,5],[-45,8],[-30,-8],[-38,-31],[-36,-24],[-36,-12],[-25,-5],[-18,2],[-28,10],[-15,20],[-29,58],[-21,46],[-7,21],[0,15],[7,18],[8,19],[22,42],[29,59],[39,68],[24,44],[38,22],[12,2]],[[31366,51985],[18,12],[226,19],[2,-65],[-1,-148],[-10,-97],[-20,-73],[-18,-84],[-18,-71],[3,-73],[-26,-120],[-19,-78],[-28,-7],[-22,-22],[-75,-312],[-30,-151],[-146,57],[-14,26],[148,427],[60,163],[27,184],[-14,120],[-43,293]],[[4580,36431],[34,27],[60,46],[108,88],[86,65],[11,-1],[32,-18],[23,-13],[134,-180],[12,-21],[16,-28],[15,-73],[32,-91],[30,-78],[-2,-17],[-44,-9],[-111,-31],[-124,-57],[-67,-33],[-67,140],[-91,150],[-87,134]],[[50732,67461],[25,13],[38,-1],[14,-13],[12,-29],[8,-38],[14,-40],[4,-37],[16,-56],[1,-20],[-12,-24],[-13,-22],[-7,-18],[-5,-41],[-2,-24],[12,-62],[24,-108],[5,-33],[5,-43],[12,-61],[4,-44],[2,-53],[4,-42],[6,-30],[-12,-3],[-40,2],[-26,3],[-15,-8],[-14,-27],[-10,-23],[-19,-5],[-22,7],[-12,31],[-34,65],[-70,104],[-85,122],[-21,52],[-8,50],[-8,52],[7,75],[13,42],[19,36],[40,67],[38,36],[40,42],[38,46],[34,60]],[[52767,72792],[38,26],[109,48],[116,75],[82,55],[59,40],[36,41],[48,54],[16,44],[7,27],[22,13],[21,4],[13,-4],[3,-8],[-11,-10],[-11,-18],[2,-15],[10,-9],[16,1],[11,6],[14,-7],[11,-38],[7,-27],[5,-30],[2,-31],[-7,-60],[-11,-51],[-16,-35],[-26,-38],[-47,-64],[-48,-80],[-76,-115],[-55,-81],[-33,-20],[-90,-59],[-26,-3],[1,26],[-2,25],[-14,21],[-5,25],[35,21],[13,25],[-43,21],[-22,-28],[-25,8],[-20,-9],[-9,16],[7,14],[-12,22],[-12,14],[-21,40],[-14,21],[-24,43],[-33,50],[9,14]],[[18451,54503],[-133,46],[-35,26],[-28,58],[0,18],[16,12],[-15,52],[-24,15],[-18,17],[-38,145],[-1,82],[1,21],[11,10],[324,-110],[23,-24],[20,-24],[200,-22],[54,-21],[139,-69],[129,-85],[16,-24],[-3,-31],[-117,-140],[-14,-15],[-39,2],[-142,64],[-57,70],[-71,76],[-79,38],[-50,14],[-36,17],[-25,28],[-33,-14],[-14,-35],[-9,-36],[-12,-46],[32,-41],[30,-34],[10,-24],[-12,-16]],[[33986,53719],[359,20],[24,-19],[29,-375],[-9,-24],[-200,-29],[-314,-46],[2,64],[0,53],[7,127],[-48,38],[-6,45],[3,61],[17,79],[136,6]],[[22943,53349],[98,-43],[41,-36],[42,-61],[3,-67],[-34,-662],[-38,-4],[-4,-120],[-119,4],[-41,139],[-28,25],[1,74],[-49,65],[18,74],[-9,159],[28,36],[16,184],[-14,10],[8,202],[81,21]],[[45790,61675],[196,46],[102,15],[48,-25],[64,-35],[41,-23],[77,-105],[-33,-121],[-25,-106],[-17,-133],[-92,-18],[-173,51],[-97,25],[-190,4],[-3,25],[140,95],[-59,225],[21,80]],[[23006,51363],[13,15],[14,-1],[13,-15],[17,-25],[22,-19],[39,-52],[17,-21],[33,-29],[50,-35],[32,-14],[81,-20],[77,-21],[94,-19],[108,-6],[72,6],[127,23],[115,39],[101,22],[38,4],[37,-2],[20,-9],[-1,-29],[-21,-34],[-2,-14],[-61,-41],[-92,-57],[-23,-16],[-90,-34],[-75,-22],[-96,-18],[-87,-11],[-50,-1],[-100,13],[-99,22],[-79,21],[-128,46],[-85,28],[-79,44],[-66,35],[-32,8],[-45,-1],[-19,22],[-5,10],[3,12],[99,66],[85,88],[28,42]],[[51730,70653],[-15,-41],[-28,-25],[-13,-5],[-7,-19],[-6,-24],[-112,-146],[-50,-61],[-12,-20],[-18,-25],[-2,-33],[3,-22],[-41,-52],[-10,-13],[-19,-9],[-19,-4],[-14,-1],[-17,0],[-17,3],[-19,10],[-1,34],[18,68],[12,36],[2,31],[-4,24],[-17,43],[-2,31],[0,28],[-14,20],[-12,19],[-7,37],[13,48],[21,51],[1,25],[7,30],[14,37],[17,18],[28,-3],[25,-12],[62,-1],[99,16],[52,12],[49,11],[24,-16],[19,-27],[14,-46],[-4,-27]],[[58844,62665],[53,-3],[75,-20],[8,-25],[77,-72],[-67,-91],[-59,-21],[-39,-84],[-19,-40],[-57,-15],[-4,37],[-52,54],[-21,-9],[-35,-31],[-27,-48],[-19,-51],[3,-43],[-11,-44],[-29,-74],[-97,-7],[-5,52],[8,42],[4,54],[-2,44],[-28,23],[-15,-25],[1,-30],[0,-48],[2,-37],[-52,10],[-38,-9],[-4,-54],[-143,48],[-23,-48],[-1,-29],[-38,-17],[-74,12],[-49,24],[-37,21],[6,33],[23,23],[43,-6],[61,-14],[28,-3],[46,46],[40,71],[14,73],[24,86],[31,55],[59,92],[45,-16],[19,4],[44,11],[53,5],[42,2],[36,-5],[32,-13],[36,-16],[34,-6],[40,0],[30,7],[14,34],[14,91]],[[35648,32284],[15,-15],[6,-12],[7,-55],[6,-28],[8,-26],[2,-17],[-3,-52],[-28,-102],[-16,-34],[-7,-47],[-15,-71],[-62,-162],[-52,-155],[-4,-32],[-13,-141],[-8,-25],[-16,-32],[-59,-92],[-13,-12],[-48,-14],[-116,-51],[-26,6],[116,437],[74,339],[89,413],[14,15],[82,-15],[67,-20]],[[57731,63433],[518,-70],[239,-31],[34,-10],[49,-20],[637,-361],[-116,-224],[-195,148],[-88,-11],[-100,206],[-40,33],[-83,15],[-36,-15],[-28,8],[-23,34],[-39,18],[-42,-15],[-91,-11],[-7,48],[-19,24],[-57,21],[-47,58],[-52,14],[-92,-20],[-112,-12],[-84,41],[0,48],[-125,39],[-1,45]],[[35077,30715],[34,-6],[65,-10],[56,-1],[7,10],[5,35],[4,28],[11,0],[58,3],[55,13],[62,14],[42,15],[15,2],[30,-5],[82,-27],[35,-10],[24,-18],[16,-5],[26,3],[21,2],[49,-6],[3,-4],[-2,-9],[-82,-34],[-119,-32],[-90,-30],[-63,-37],[-63,-45],[-57,-35],[-26,-20],[-25,-20],[-22,-46],[-30,-84],[0,-45],[-4,-17],[-42,-45],[-42,-53],[-17,6],[-35,18],[-34,8],[18,52],[-6,20],[-11,8],[-13,7],[-36,2],[-35,13],[-8,13],[144,372]],[[12991,55511],[20,5],[19,8],[20,12],[49,15],[88,12],[65,13],[29,16],[29,9],[25,0],[24,-10],[23,-18],[18,-28],[6,-17],[19,-15],[10,-20],[-4,-13],[-12,-9],[-4,-8],[6,-14],[12,-5],[15,-16],[9,-22],[2,-42],[-17,-38],[-25,-48],[-36,-39],[-15,-26],[-7,-25],[-7,-34],[-2,-19],[-11,-15],[-41,-36],[-57,-38],[-29,-15],[-25,-4],[-16,10],[-13,15],[-41,79],[-20,25],[-27,68],[-12,29],[-20,16],[-14,22],[-30,56],[-17,45],[-20,19],[-4,16],[-1,24],[5,22],[15,22],[19,16]],[[3709,38668],[76,-14],[109,-33],[81,-39],[55,-57],[120,-140],[86,-116],[78,-114],[47,-46],[57,-59],[92,-46],[80,-51],[78,-75],[53,-55],[29,-66],[15,-46],[-25,-25],[-91,19],[-96,30],[-82,117],[-74,87],[-109,98],[-119,135],[-123,128],[-97,112],[-103,76],[-95,80],[-59,5],[-15,29],[3,41],[29,25]],[[35553,35365],[79,149],[77,76],[67,-51],[-8,-45],[-24,-32],[0,-52],[-57,-107],[-22,-104],[-20,-73],[-12,-53],[-56,-105],[-43,-95],[-18,-61],[-18,-72],[-20,-112],[-7,-96],[0,-78],[6,-93],[4,-93],[-4,-127],[-1,-90],[-48,-94],[-19,20],[-23,32],[-7,268],[5,128],[5,146],[4,86],[20,86],[17,147],[20,63],[57,258],[32,104],[14,70]],[[47877,62000],[37,31],[52,67],[27,-17],[-36,-47],[-47,-65],[74,-40],[40,36],[5,56],[25,32],[-8,55],[42,-35],[69,-81],[79,-94],[-57,-29],[-79,-9],[-69,-14],[-58,-57],[-16,-58],[-48,-18],[-80,-28],[-103,-19],[-94,-29],[-77,17],[-61,28],[-74,58],[-47,-5],[32,-55],[-15,-41],[-59,-15],[-43,40],[-1,32],[43,17],[-6,44],[-22,36],[36,14],[51,10],[-16,36],[97,8],[143,19],[127,44],[137,76]],[[35866,53358],[9,8],[450,122],[11,-6],[20,-27],[43,-93],[38,-102],[34,-83],[4,-15],[-6,-28],[-28,-32],[-136,-147],[-100,-97],[-17,-15],[-24,-10],[-11,-2],[-18,10],[-22,29],[-11,13],[-15,8],[-19,2],[-40,-4],[-10,10],[-20,50],[-137,388],[0,10],[5,11]],[[15742,53094],[-46,246],[-24,129],[-33,101],[-28,56],[-28,40],[-122,166],[-71,101],[-49,65],[-140,193],[-7,29],[0,46],[7,17],[11,8],[12,2],[18,-7],[52,-31],[70,-43],[24,-21],[40,-46],[20,-28],[32,-94],[34,-33],[25,-17],[36,-18],[6,-19],[-5,-25],[-17,-16],[-1,-12],[2,-14],[8,-16],[34,-49],[179,-215],[49,-62],[15,-28],[7,-20],[0,-23],[-5,-14],[-17,-16],[-29,-25],[-10,-12],[-11,-29],[-3,-14],[4,-38],[10,-52],[-3,-38],[8,-65],[3,-13],[2,-28],[-3,-18],[-3,-16],[-23,4],[-30,12]],[[683,36379],[-40,-85],[-46,-124],[-49,-152],[-47,-131],[-31,-120],[-42,35],[-45,92],[-20,45],[-14,30],[3,32],[21,68],[35,96],[49,124],[79,36],[119,68],[28,-14]],[[27711,53647],[-33,-84],[-24,-62],[-1,-14],[4,-16],[23,-24],[15,-10],[20,-3],[17,8],[25,8],[33,3],[35,0],[17,-9],[15,-19],[13,-54],[13,-19],[13,-13],[14,-11],[27,-18],[22,-15],[2,-15],[-19,-101],[-241,114],[-35,13],[-24,2],[-23,-4],[-14,-5],[-9,-13],[0,-30],[1,-32],[-10,-14],[-11,-7],[-10,1],[-56,9],[-78,13],[-55,0],[-54,5],[-38,2],[-87,0],[-59,20],[-46,28],[-63,73],[-23,21],[-18,25],[-6,19],[2,81],[4,13],[41,47],[63,66],[75,105],[56,64],[48,55],[40,42],[15,7],[14,-3],[47,-28],[11,1],[25,7],[131,-82],[106,-74],[20,-18],[30,-38],[0,-17]],[[29657,57533],[107,-13],[88,1],[108,10],[91,6],[96,-15],[52,-25],[-11,-87],[-25,-28],[99,26],[5,-45],[5,-48],[16,-53],[18,-48],[-5,-75],[-200,-106],[-70,22],[-29,47],[-131,-1],[-55,-29],[-15,-40],[-103,-11],[-18,113],[-159,51],[-88,24],[10,35],[46,20],[-1,22],[-76,76],[13,24],[-59,35],[63,87],[88,-49],[-5,-54],[52,-28],[22,49],[71,107]],[[29185,55706],[371,-336],[43,-41],[16,-20],[2,-15],[-8,-22],[-77,-99],[-72,-78],[-23,-14],[-20,-1],[-21,9],[-42,28],[-54,44],[-191,146],[-210,170],[-8,31],[-2,23],[6,31],[18,50],[32,55],[41,39],[57,25],[59,11],[32,-3],[51,-33]],[[26682,56095],[10,50],[-1,76],[-11,151],[-21,151],[-7,108],[-6,64],[-9,44],[-5,35]],[[26632,56774],[29,33],[31,-14],[67,-55],[70,-82],[51,-67],[25,-70],[10,-127],[12,-188],[8,-152],[-4,-86],[-14,-44],[-122,42],[-41,-97],[-18,-4],[-103,75],[55,95],[-6,62]],[[27291,55655],[1,-64],[3,-78],[-1,-47],[-5,-32],[-4,-31],[1,-101],[2,-92],[-3,-34],[-44,-111],[-58,-139],[-32,-60],[-8,-8],[-10,1],[-11,7],[-9,14],[-111,511],[0,17],[3,16],[63,156],[31,50],[5,37],[34,65],[19,46],[9,7],[78,-20],[12,-9],[35,-101]],[[26682,56095],[-15,-41],[-22,-51],[-75,-77],[-62,-54],[-60,-55],[-38,-41],[-26,-40],[-15,-46],[-10,-57],[2,-81],[4,-31],[-34,6],[-50,8],[-58,7],[26,132],[16,85],[11,108],[18,95],[12,64],[-4,43],[-44,22],[-54,79],[-60,68],[-113,150],[-55,70],[18,52],[67,49],[49,55],[72,14],[58,32],[69,55],[67,60],[49,21],[58,19],[17,-21],[48,11],[46,-4],[38,-27]],[[28245,55496],[170,-155],[55,-67],[14,-48],[-105,-163],[-30,-78],[-13,-65],[9,-72],[111,-67],[59,-56],[73,-105],[73,-100],[161,-223],[140,-173],[-214,-577],[-17,-14],[-124,-313],[-53,-140],[-23,-35],[-136,98],[-158,120],[-113,94],[-193,179],[30,104],[62,138],[23,143],[6,137],[-7,101],[2,105],[-5,80],[-19,71],[-143,368],[14,39],[67,85],[127,226],[59,148],[98,215]],[[28779,55183],[35,106],[23,100],[36,60],[84,-64],[284,-227],[57,-52],[20,-62],[-2,-29],[-99,-320],[-206,-550],[-117,139],[-383,456],[112,107],[44,78],[51,106],[61,152]],[[26811,55584],[11,8],[25,126],[26,-6],[-2,-42],[4,-47],[137,-600],[148,-693],[16,-96],[21,-71],[60,-130],[-107,-145],[-34,-10],[-73,-9],[-69,-3],[-6,49],[-19,42],[-101,235],[-195,374],[-106,136],[-84,113],[-36,61],[-52,140],[-5,80],[16,58],[39,169],[-1,72],[-5,50]],[[26419,55445],[392,139]],[[27707,55832],[61,14],[45,24],[48,24],[113,46],[80,34],[67,32],[65,19],[33,8],[10,-1],[10,-7],[7,-17],[10,-29],[1,-25],[-8,-48],[-14,-51],[-3,-20],[1,-19],[6,-179],[-9,-70],[-4,-42],[-9,-28],[-57,-117],[-35,-55],[-92,-151],[-59,-129],[-31,-55],[-19,-7],[-14,-3],[12,-19],[5,-17],[-2,-14],[-66,-117],[-7,-18],[-2,-34],[17,-58],[60,-156],[26,-78],[15,-67],[11,-60],[12,-144],[3,-99],[-4,-189],[-2,-58],[-6,-37],[-23,-95],[-21,-72],[-10,-26],[-10,-15],[-11,-2],[-18,6],[-26,16],[-89,89],[-33,25],[-41,40],[-91,53],[-91,57],[-67,47],[-78,78],[-18,23],[-31,45],[-21,49],[-6,24],[-9,44],[1,27],[36,46],[-45,16],[-19,110],[-45,259],[-8,104],[0,43],[9,34],[17,35],[54,122],[100,245],[38,61],[-50,25],[-12,12],[-6,28],[3,141],[6,152],[7,15],[15,30],[23,43],[27,23],[24,13],[40,11],[103,17],[101,19]],[[26439,54628],[27,22],[27,13],[56,-43],[28,-41],[51,-108],[53,-89],[62,-105],[71,-148],[55,-101],[44,-96],[4,-36],[11,-62],[-3,-64],[-2,-88],[-6,-82],[0,-82],[0,-29],[-18,-15],[-24,-7],[-57,4],[-44,13],[-38,40],[-18,16],[-14,25],[-16,13],[-39,11],[-14,2],[-43,5],[-54,16],[-47,23],[-62,14],[-56,42],[-103,53],[-24,34],[0,25],[48,186],[4,144],[-9,34],[52,75],[28,59],[16,56],[14,64],[10,84],[20,79],[10,44]],[[31262,54442],[-88,-715],[-33,-221],[-9,-62],[-4,-61],[0,-75],[3,-45],[16,-120],[42,-289],[24,-156],[36,-245],[-9,-19],[-252,-5],[-15,14],[-20,-6],[-19,-16],[-303,-27],[-94,-8],[-57,29],[-38,20],[-58,17],[-36,97],[-3,34],[9,39],[7,26],[0,20],[-9,14],[-24,16],[-17,8],[-12,-4],[-13,0],[-14,-3],[-15,-9],[-6,-12],[0,-13],[19,-32],[31,-31],[34,-80],[19,-60],[0,-13],[-4,-5],[-142,-7],[-197,-4],[-34,4],[-15,10],[-26,32],[-19,45],[-46,122],[-113,274],[-93,223],[-6,21],[7,21],[11,12],[18,9],[23,3],[7,4],[25,42],[15,11],[23,10],[-115,32],[-5,9],[29,99],[94,304],[29,84],[107,167],[107,175],[13,14],[27,25],[28,37],[16,26],[120,228],[161,352],[194,-201],[19,-21],[36,-27],[38,-12],[564,-104],[9,-9],[3,-12]],[[29291,52324],[-106,163],[-43,49],[-170,195],[-10,13],[-6,24],[2,20],[107,144],[46,71],[5,20],[-2,15],[-9,26],[-20,20],[-247,145],[-21,19],[-15,24],[-12,27],[-3,18],[7,26],[38,117],[48,145],[114,333],[44,130],[143,351],[74,135],[65,95],[59,130],[30,60],[16,19],[32,-43],[12,-12],[23,-9],[27,-5],[22,3],[21,12],[119,76],[289,282],[20,7],[23,-1],[11,-6],[342,-300],[8,-12],[4,-12],[-3,-15],[-101,-213],[-64,-137],[-54,-107],[-29,-40],[-18,-7],[-22,5],[-68,54],[-17,-1],[-48,-126],[-2,-16],[11,-54],[8,-8],[46,-17],[-120,-185],[-53,-86],[-28,-50],[-23,-17],[-1,-19],[-112,-364],[-33,-115],[-12,-19],[-13,-8],[-18,1],[-26,-14],[17,-67],[19,-46],[42,-95],[95,-227],[63,-145],[48,-97],[3,-20],[-2,-14],[-14,-35],[-17,-22],[-20,-16],[-14,-6],[-13,-3],[-24,0],[-308,93],[-31,12],[-20,8],[-3,-8],[-5,-49],[-6,-21],[-10,-17],[-7,-19],[0,-14],[2,-71],[-2,-15],[-3,-13],[-58,-47],[-12,-3],[-7,1]],[[27101,56387],[-37,-100]],[[27064,56287],[-63,-171],[-53,18],[-13,155],[0,173],[27,17],[29,0],[20,-33],[41,-26],[49,-33]],[[29383,55846],[78,-68],[43,-33],[29,-21],[28,-30],[52,-50],[115,-105],[24,-37],[28,-71],[-74,-47],[-32,-22],[-38,-31],[-258,236],[-56,45],[-49,42],[-81,79],[-87,60],[49,4],[30,8],[69,23],[68,17],[31,7],[31,-6]],[[27101,56387],[52,17],[52,33],[91,46],[71,44],[71,40],[-7,-204],[-25,-50],[-45,-60],[-25,-43],[-40,-120],[-191,89],[20,87],[-61,21]],[[26419,55445],[-14,35],[-13,49],[-9,51],[3,72],[14,69],[31,49],[54,52],[120,112],[49,-42],[63,-51],[71,-51],[66,-37],[-13,-25],[-30,-144]],[[48828,62998],[204,191],[122,97],[52,-20],[52,62],[19,-15],[73,-53],[17,-34],[-14,-37],[-46,-19],[-68,-24],[-47,-27],[-38,-34],[-51,-22],[-13,-23],[-16,-61],[-64,-63],[-59,-19],[-73,33],[-50,68]],[[48775,63508],[91,34],[96,38],[118,62],[86,14],[41,-40],[34,-74],[-18,-50],[-151,-169],[-72,-31],[-82,-6],[-50,55],[-62,92],[-31,75]],[[41525,39551],[48,2],[635,8],[20,-16],[6,-47],[-1,-76],[-2,-85],[-53,-12],[-59,37],[-78,2],[-87,-1],[-131,37],[-95,6],[-111,23],[-73,20],[-85,23],[18,62],[48,17]],[[62079,74358],[-27,7],[-41,17],[-30,-5],[-52,-22],[-110,-21],[-56,-5],[-38,-3],[-27,-5],[-22,2],[-13,8],[-12,39],[-3,29],[12,18],[34,20],[67,38],[52,35],[29,37],[30,38],[20,20],[34,11],[31,-1],[28,-6],[20,-9],[34,-51],[33,-34],[41,-37],[64,-51],[170,-119],[23,-28],[-30,-47],[-25,10],[-167,96],[-31,22],[-18,0],[-20,-3]],[[53900,72967],[53,22],[27,15],[17,25],[12,7],[9,-10],[1,-46],[0,-24],[0,-23],[7,-28],[17,-32],[6,-57],[-8,-80],[-5,-67],[0,-22],[6,-18],[17,-13],[-21,-18],[-52,-18],[-39,-23],[-34,-23],[-30,-9],[-40,4],[-18,9],[-24,5],[-31,6],[-11,12],[3,19],[13,28],[16,23],[8,23],[2,52],[20,35],[28,28],[1,18],[-10,27],[0,24],[8,26],[31,80],[21,23]],[[29917,51265],[335,-526],[-5,-21],[-134,-88],[-87,10],[-146,24],[-14,13],[-13,37],[-13,47],[4,84],[23,220],[21,194],[29,6]],[[51638,70395],[188,249],[18,6],[30,-9],[22,-12],[5,-41],[-25,-29],[-20,-12],[-18,22],[-25,-10],[-19,-22],[0,-36],[15,-21],[16,-8],[23,-1],[16,-19],[-8,-18],[-30,-10],[-2,-15],[7,-27],[7,-13],[22,29],[31,0],[27,-13],[9,-20],[-11,-8],[8,-19],[14,-17],[5,-17],[-8,-30],[-14,-34],[-66,-101],[-17,-21],[-40,-6],[-38,6],[-15,22],[-11,28],[11,51],[-9,24],[-24,1],[-18,21],[-1,23],[-15,28],[-22,54],[-10,10],[-8,15]],[[51848,70228],[9,0],[6,11],[-12,12],[-12,-7],[9,-16]],[[51832,70191],[11,-1],[9,4],[-2,11],[-18,1],[0,-15]],[[3477,41574],[90,-93],[-79,-104],[-39,33],[-20,4],[-28,-40],[44,-62],[22,-31],[26,-31],[14,-10],[52,-28],[82,-40],[69,-38],[48,-50],[48,-31],[47,-45],[13,-51],[5,-43],[-5,-33],[-24,17],[-12,20],[-15,27],[-40,42],[-89,56],[-46,23],[-37,18],[-39,14],[-55,30],[-33,22],[-94,32],[-77,33],[-60,33],[141,196],[91,130]],[[22232,50200],[34,22],[48,0],[52,-42],[78,-27],[89,-46],[107,-50],[30,-30],[-112,-48],[-68,-26],[-78,-3],[-56,-38],[-67,-41],[-71,-29],[-22,30],[8,75],[16,114],[12,139]],[[16108,52060],[107,-798],[-116,1],[-20,85],[11,69],[9,120],[-31,117],[-41,120],[-149,17],[-2,64],[22,87],[32,80],[44,39],[134,-1]],[[36489,53537],[333,90],[33,8],[25,-6],[17,-20],[101,-143],[-15,-28],[20,-31],[7,-33],[-119,-21],[-85,-12],[-67,-24],[-74,-25],[-92,-64],[-17,5],[-18,39],[-49,112],[-23,53],[23,100]],[[31971,50151],[-20,-7],[-60,-12],[-127,-15],[-31,3],[-24,20],[-2,12],[5,30],[0,19],[-6,25],[-9,12],[-3,12],[51,348],[8,9],[29,-5]],[[42646,23582],[-17,3],[-10,13],[-16,11],[-19,16],[2,19],[9,30],[51,80],[40,63],[72,97],[26,52],[47,59],[83,97],[62,49],[11,25],[15,30],[95,-56],[38,-15],[23,0],[32,0],[31,-11],[29,-17],[53,-2],[76,0],[18,-9],[34,-22],[89,-7],[39,-7],[46,5],[41,18],[130,63],[59,-28],[-32,-46],[-50,-3],[-90,-12],[-88,-9],[-111,-11],[-162,-16],[-126,-7],[-94,-7],[-22,-4],[-19,-11],[-121,-120],[-40,-37],[-22,-30],[-14,-18],[-22,-24],[-11,-14],[-60,-69],[-73,-83],[-21,-21],[-11,-14]],[[35817,52683],[7,2],[26,-17],[75,-19],[67,0],[108,-9],[47,-7],[54,-41],[-42,-43],[-26,-122],[-28,-49],[-36,-24],[-43,-31],[-21,-27],[-16,-64],[-49,-46],[-43,-49],[-21,-27],[-30,15],[0,31],[-5,101],[-15,47],[-27,77],[-14,119],[-14,111],[-14,123],[60,-51]],[[35778,33139],[41,-50],[54,-60],[116,11],[152,11],[112,-21],[16,-10],[13,-29],[0,-16],[-3,-22],[-10,-8],[-39,-17],[-54,-12],[-80,-16],[-93,-28],[-65,-26],[-100,-18],[-18,0],[-10,11],[-6,53],[-11,49],[-21,13],[-34,-4],[-48,0],[-1,-62],[-105,1],[-2,71],[1,103],[3,89],[112,6],[80,-19]],[[15341,52277],[-62,-13]],[[15279,52264],[-20,1],[-10,10],[-16,45],[-14,23],[-3,16],[12,15],[36,5],[32,3],[30,11],[42,20],[76,73],[33,19],[8,15],[5,24],[5,14],[25,14],[163,57],[114,42],[28,14],[13,0],[11,-7],[37,-81],[50,-105],[-7,-9],[-52,-17],[-99,-24],[-189,-75],[-137,-59],[-80,-25],[-31,-6]],[[34939,53824],[111,12],[38,-11],[27,-5],[28,0],[67,13],[12,-2],[8,-9],[11,-126],[-14,-63],[14,-45],[-4,-6],[-14,-4],[-6,-8],[-5,-8],[-1,-17],[-39,-5],[-27,-8],[-55,2],[-38,-1],[-53,78],[8,11],[1,13],[-8,16],[-10,5],[-15,-4],[-9,4],[-8,18],[-31,124],[1,16],[11,10]],[[15990,52965],[41,-10],[91,-35],[35,-19],[80,-55],[47,-35],[17,-8],[20,-1],[55,12],[29,2],[9,-6],[3,-8],[2,-9],[-68,-87],[-34,-39],[-47,-28],[-96,-51],[-170,-69],[-19,2],[-11,14],[-17,52],[-53,106],[-47,96],[-7,35],[10,8],[18,4],[48,-3],[9,8],[17,58],[9,15],[8,13],[3,27],[18,11]],[[46365,61381],[38,131],[101,42],[-9,39],[26,22],[172,-9],[37,-140],[71,16],[12,-35],[-238,-146],[-102,-89],[-26,7],[-82,162]],[[18373,51032],[14,-106],[-17,-83],[1,-80],[2,-50],[-1,-69],[-10,-45],[-25,-12],[-117,-10],[-33,5],[-27,-11],[-86,-9],[-85,2],[6,56],[9,117],[10,61],[27,34],[92,87],[93,64],[52,39],[29,42],[66,-32]],[[43461,22488],[127,-39],[-23,-69],[-4,-28],[-7,-14],[3,-30],[5,-46],[-1,-35],[-4,-24],[-10,-17],[-15,-10],[-2,-18],[2,-13],[-14,-37],[-49,-30],[-19,-4],[-38,3],[-12,-17],[-6,-23],[-71,-114],[-18,5],[-95,63],[42,79],[14,17],[41,94],[53,69],[20,66],[18,26],[12,23],[9,23],[4,21],[-3,31],[14,5],[8,38],[19,5]],[[27758,52807],[104,-87],[26,-52],[48,-34],[49,-76],[56,-16],[61,-42],[61,-51],[33,-97],[-67,-60],[-64,10],[-202,169],[-68,-25],[-16,-56],[-27,11],[-14,42],[75,218],[-67,117],[12,29]],[[40754,39669],[37,49],[39,58],[53,20],[61,-29],[76,-16],[48,23],[68,-7],[97,-76],[74,-70],[52,-48],[34,-38],[-18,-55],[-75,-16],[-62,-7],[-69,-1],[-71,45],[-37,19],[-64,16],[-69,47],[-133,49],[-41,37]],[[17646,55369],[53,-79],[57,-82],[57,-59],[39,-42],[-17,-20],[-40,-36],[-23,-27],[-18,-31],[-17,-45],[-21,-51],[-10,-33],[-20,-71],[-12,-14],[-25,-12],[-68,-8],[-60,-1],[-21,37],[-19,35],[2,231],[37,36],[37,42],[18,22],[11,53],[7,48],[10,45],[3,27],[40,35]],[[52329,71715],[11,-3],[22,-17],[21,-24],[47,-48],[21,-11],[10,-14],[11,-13],[-2,-10],[-22,-38],[-25,-47],[-42,-67],[-20,-36],[-32,-44],[-42,-56],[-73,-109],[-85,-120],[-32,-41],[-60,-94],[-89,-109],[-17,-2],[-13,8],[-4,17],[5,30],[8,38],[24,39],[31,35],[21,28],[37,37],[23,35],[8,23],[5,30],[12,25],[46,91],[27,47],[24,58],[39,75],[28,48],[23,44],[6,21],[10,43],[11,28],[8,27],[8,29],[6,39],[5,8]],[[15602,53968],[-38,16],[-18,15],[-16,16],[-19,37],[-17,51],[-18,40],[-29,38],[-21,25],[-15,15],[-24,9],[-302,211],[-10,13],[-4,15],[-1,87],[1,79],[7,21],[7,10],[10,4],[13,2],[19,-7],[28,-22],[13,-17],[22,-34],[21,-23],[39,-29],[47,-38],[26,-7],[76,-30],[36,-18],[26,-13],[11,-7],[9,-16],[8,-24],[-3,-19],[-6,-10],[-2,-9],[4,-7],[18,-12],[23,-16],[13,-14],[28,-47],[8,-21],[7,-39],[41,-69],[31,-54],[19,-29],[14,-12],[-2,-8],[-6,-5],[-59,-44],[-15,-4]],[[35438,32293],[-108,-460],[-183,-702],[-14,-4],[-17,-11],[-9,-16],[-7,-19],[-8,-27],[-5,-17],[-7,-66],[-4,-9],[-22,18],[-3,23],[-10,12],[-14,7],[-26,6],[-46,14],[-21,-2],[-71,-5],[-42,-1],[-4,5],[51,77],[23,34],[16,25],[33,40],[20,17],[35,22],[107,64],[51,35],[24,27],[19,38],[40,137],[11,57],[26,179],[16,118],[14,114],[15,111],[20,150],[5,14],[10,7],[25,6],[19,-1],[36,-9],[5,-8]],[[15470,52121],[8,20],[24,17],[65,25],[98,44],[128,47],[48,-18],[9,-20],[0,-34],[14,-33],[-3,-47],[23,-17],[15,-31],[-3,-36],[-18,-24],[-21,-14],[-22,-16],[-3,-24],[4,-29],[-4,-37],[-3,-56],[-15,-20],[-24,-8],[-60,45],[-118,90],[-93,85],[-40,33],[-19,34],[10,24]],[[35191,31084],[14,6],[14,-5],[10,-6],[29,1],[58,33],[23,11],[25,7],[19,-3],[19,5],[40,27],[29,54],[9,4],[9,-4],[3,-16],[1,-27],[4,-13],[24,-37],[40,-53],[6,-17],[10,-19],[12,-17],[21,-13],[16,-23],[10,-14],[15,-13],[25,-18],[35,-17],[31,-9],[3,-7],[-11,-17],[-15,-2],[-25,15],[-38,12],[-26,6],[-52,-1],[-46,-2],[-48,1],[-46,-2],[-26,-10],[-18,-14],[-17,-24],[-16,-10],[-11,-2],[-67,14],[-70,14],[-54,40],[-9,11],[41,154]],[[32602,51001],[73,-22]],[[32675,50979],[-59,-112]],[[31830,51119],[10,20],[56,75]],[[35722,33931],[12,-28],[40,-12],[9,-33],[-8,-29],[-9,-36],[-16,-58],[-68,-158],[-18,-18],[-19,-15],[-87,-25],[-27,40],[-49,92],[-71,115],[-12,51],[31,38],[13,32],[40,25],[34,4],[39,-30],[75,3],[91,42]],[[32863,51398],[184,-58],[18,-44],[-11,-60],[-212,-316],[-60,33],[-62,14],[-55,32],[82,163],[34,48],[82,188]],[[35556,34730],[33,-3],[45,-80],[5,-65],[-9,-40],[11,-38],[-30,-51],[0,-32],[4,-55],[20,-41],[2,-50],[17,-86],[5,-118],[22,-83],[-3,-31],[-28,-14],[-38,-7],[-37,5],[-37,9],[-33,7],[-30,14],[16,42],[33,59],[-7,89],[-7,77],[2,184],[-8,143],[27,146],[25,19]],[[13072,56077],[-1,14],[-1,36],[3,22],[10,8],[65,-5],[46,-11],[64,-20],[64,-23],[166,-63],[31,-14],[47,-25],[39,-26],[43,-29],[4,-6],[4,-22],[-1,-17],[-28,-61],[-17,-18],[-12,-4],[-10,1],[-509,253],[-7,10]],[[44327,24002],[386,319],[12,-9],[13,-14],[24,1],[15,-16],[-4,-19],[-4,-16],[-2,-23],[-6,-23],[9,-8],[32,5],[42,5],[35,0],[12,-5],[19,-3],[21,-6],[-37,-152],[-379,-196]],[[44515,23842],[-188,160]],[[34653,53779],[12,4],[120,16],[89,4],[11,-4],[8,-14],[12,-61],[22,-69],[7,-18],[12,-18],[36,-42],[27,-32],[-1,-13],[-6,-10],[-22,-11],[-29,0],[-10,-3],[-14,-7],[-56,-54],[-44,-55],[-42,-52],[-21,-18],[-13,-4],[-63,0],[-12,3],[-17,20],[-4,11],[-9,65],[0,27],[0,325],[7,10]],[[34314,54205],[30,2],[14,-1],[46,-47],[35,-54],[-35,-20],[-3,-8],[25,-46],[8,-4],[11,1],[23,8],[9,-4],[114,-209],[18,-33],[8,-27],[5,-20],[1,-48],[-1,-258],[0,-45],[-23,-13],[-143,-26],[-14,7],[-7,11],[-28,291],[14,12],[5,24],[-6,51],[19,6],[10,7],[0,10],[-5,15],[-29,58],[-40,95],[-8,1],[-48,-25],[-4,106],[1,19],[-8,14],[1,36],[5,114]],[[34133,53257],[8,-127],[4,-99],[-1,-22],[-29,-11],[-55,-4],[-314,9],[-133,11],[-9,8],[1,10],[35,157],[3,18],[4,5],[4,3],[22,10],[165,17],[16,-3],[20,-2],[116,19],[120,15],[10,-3],[13,-11]],[[14432,55278],[120,-124],[153,-120],[155,-170],[37,-58],[42,-13],[28,3],[61,-64],[-14,-244],[-17,8],[-97,76],[-81,122],[-194,230],[-204,231],[-47,55],[-9,33],[67,35]],[[12700,55528],[14,-3],[16,-13],[41,-2],[22,-5],[10,-8],[0,-14],[-30,-53],[-40,-68],[-23,-62],[-12,-35],[-2,-39],[-4,-47],[4,-17],[0,-12],[-10,-35],[-63,-101],[-32,-62],[-78,-127],[-21,-5],[-11,2],[-7,10],[-5,25],[1,45],[2,36],[-5,14],[-9,18],[10,50],[6,45],[4,39],[41,68],[10,19],[6,25],[10,48],[7,29],[10,31],[8,33],[6,22],[19,32],[24,37],[25,22],[26,21],[9,18],[10,15],[11,4]],[[3717,41886],[148,-144]],[[3865,41742],[87,-84],[31,-37],[37,20],[34,21],[43,26],[8,-22],[33,-2],[5,-117],[-19,0],[-45,3],[-52,-6],[-35,14],[-58,-17],[-41,-22],[-47,-29],[-64,-10],[-36,-11],[-51,-10],[-34,-4],[-30,14],[-42,31],[-32,35],[-54,78],[38,53],[20,36],[12,36],[7,26],[23,22],[57,51],[57,49]],[[20125,57301],[-117,-194],[-149,-293],[-93,-216],[-31,-46],[-170,-172],[-41,32],[-14,36],[4,50],[25,88],[112,17],[46,49],[91,59],[-19,203],[25,95],[-10,78],[53,32],[18,46],[11,56],[182,48],[17,25],[60,7]],[[50752,65640],[-18,79],[-12,22],[29,52],[38,7],[24,26],[0,29],[21,28],[124,47],[44,-12],[43,-37],[-10,-62],[-5,-50],[-29,-19],[-33,-9],[-7,-29],[-6,-50],[-12,-14],[-26,-26],[-41,-100],[-26,-36],[-10,-36],[-12,-48],[-67,-69],[-52,-57],[-41,-2],[-40,15],[-23,39],[1,60],[12,28],[61,35],[22,7],[38,10],[19,14],[10,48],[0,57],[-16,53]],[[42504,62033],[-27,56],[-8,36],[-14,21],[-84,136],[-3,28],[191,205],[30,14],[53,-58],[3,-19],[-23,-16],[10,-38],[74,-83],[44,-37],[42,-20],[29,9],[-11,32],[-89,122],[-28,64],[-8,44],[11,30],[19,27],[45,21],[12,2],[25,-10],[39,-52],[38,-95],[29,-55],[37,-32],[9,12],[23,-14],[53,-51],[-4,-11],[20,-13],[12,2],[58,-49],[4,-16],[-81,-120],[-120,-101],[-28,20],[-25,18],[-39,-1],[-46,-21],[-30,-40],[8,-19],[30,-28],[9,-39],[-36,-16],[-35,7],[-78,12],[-19,24],[-87,60],[-33,7],[-1,45]],[[51761,71405],[-220,83],[-60,62],[-120,140],[-21,163],[1,38],[52,149],[54,145],[82,265],[36,86],[35,72],[41,76],[37,63],[36,62],[20,26],[29,31],[22,31],[21,21],[20,14],[20,30],[25,67],[11,42],[-2,19],[-5,17],[-37,63],[-12,27],[-11,18],[-2,24],[30,88],[48,136],[35,94],[23,80],[15,66],[24,72],[42,96],[33,56],[60,96],[211,-124],[42,-21],[24,-11],[22,-12],[8,-28],[-1,-25],[-12,-53],[0,-9],[-21,-85],[-8,-42],[-5,-40],[3,-48],[6,-27],[9,-31],[7,-37],[21,-37],[19,-34],[25,-38],[20,-22],[19,-13],[12,-24],[4,-28],[-2,-26],[8,-26],[4,-20],[0,-22],[-11,-18],[-17,-11],[-26,-1],[-29,5],[-19,6],[-14,-2],[-31,-102],[-86,-252],[-23,-50],[-23,-57],[-53,-126],[-77,-192],[-255,-645],[-113,-290]],[[31303,54291],[92,-10],[567,-77],[-11,-34],[-81,-372],[-56,-268],[-42,-305],[-43,-305],[-31,-235],[-60,-457],[-13,-179],[-10,-15],[-235,-24],[-19,12],[-77,489],[-50,338],[-51,314],[-11,59],[-11,83],[-1,70],[1,42],[114,844],[28,30]],[[33897,54160],[25,58],[117,-10],[40,-23],[35,43],[46,5],[37,40],[25,18],[29,-2],[34,-24],[4,-55],[-30,-283],[-63,-37],[-99,13],[-17,-18],[-193,39],[-39,29],[12,118]],[[28423,50171],[-12,-11],[-5,-22],[-97,-50],[-18,15],[-20,2],[-56,-32],[-3,-12],[-2,-30],[-36,-24],[-35,50],[-24,23],[-14,1],[-16,1],[-283,290],[-128,133],[-38,36],[-81,81],[-48,49],[-172,172],[-23,23],[-9,16],[-12,46],[0,20],[9,33],[13,26],[13,18],[14,13],[48,20],[32,9],[17,1],[14,-3],[12,1],[38,68],[45,70],[6,19],[-7,18],[-17,15],[-70,40],[-11,9],[-6,23],[3,18],[52,115],[20,12],[12,-1],[135,-58],[235,-115],[225,-112],[303,-138],[265,-126],[356,-173],[17,-22],[4,-24],[7,-36],[15,-51],[36,-109],[14,-46],[2,-36],[-6,-10],[-13,0],[-25,20],[-34,9],[-23,-11],[-15,-12],[-15,-15],[-8,-12],[-11,-21],[-2,-19],[5,-22],[16,-39],[-2,-13],[-134,-106],[-44,-26],[-8,-1],[-24,8],[-36,81],[-6,10],[-37,38],[-94,69],[-63,18],[-2,-3],[-82,-45],[-15,-122],[-41,-31]],[[27965,50709],[-66,-69],[2,-32],[65,-92],[20,-8],[18,-3],[14,6],[79,75],[24,4],[45,-22],[16,2],[24,6],[13,9],[8,26],[17,143],[-2,20],[-4,18],[-9,13],[-13,13],[-20,13],[-11,2],[-63,11],[-169,28],[-21,-2],[-16,-9],[-12,-13],[-8,-17],[-9,-27],[3,-20],[5,-15],[28,-44],[10,-5],[32,-11]],[[28139,50397],[19,-20],[38,-23],[18,-20],[29,-4],[66,-5],[57,10],[39,7],[9,18],[-1,26],[-10,28],[-12,20],[-19,17],[-14,20],[-22,20],[-14,26],[-31,7],[-39,2],[-28,0],[-28,-7],[-21,-6],[-29,-19],[-13,-32],[0,-36],[6,-29]],[[36173,32332],[-54,-40],[-26,-52],[-8,-52],[13,-43],[26,-1],[20,27],[21,23],[27,16],[71,-72],[154,-93],[143,-81],[75,4],[70,16],[61,38],[45,24],[56,51],[159,-172],[-122,-85],[-236,-225],[-48,44],[-54,35],[-35,29],[-14,-13],[-11,-55],[1,-87],[10,-53],[30,-96],[-161,-130],[-61,3],[-70,-5],[-67,3],[-42,39],[-48,-3],[-40,-16],[-47,-41],[-97,-47],[-181,-11],[34,120],[4,65],[70,75],[-36,34],[10,82],[41,84],[65,18],[22,58],[46,67],[-4,112],[-19,89],[2,35],[42,-30],[45,13],[15,61],[-35,41],[-15,68],[-43,14],[-69,42],[-106,106],[-74,125],[57,19],[67,12],[67,3],[95,27],[47,23],[75,105],[54,-60],[37,-60],[22,-86],[2,-49],[-69,-72],[-9,-20]],[[71673,37],[-31,11],[-6,15],[-28,21],[0,50],[77,-24],[116,-24],[49,135],[17,19],[20,39],[126,-68],[-137,-211],[-92,5],[-56,16],[-55,16]],[[43186,23112],[-30,21],[-139,119],[-48,29],[-22,-22],[-18,-20],[-12,-5],[-16,8],[-3,15],[0,19],[4,19],[20,24],[-107,70]],[[42815,23389],[10,25],[15,9],[14,12],[7,19],[0,18],[2,10],[38,7],[40,23],[23,14],[28,18],[15,15],[3,26],[-11,9],[-17,1],[-33,-4],[-26,2],[-41,-17],[-23,-11],[-18,1],[-50,-15],[-39,-8],[-21,2],[-15,37],[-7,6],[-20,3],[-10,-18],[10,-24],[-9,-7],[-30,-2],[-11,-2],[-21,8],[4,12],[10,9],[15,7],[16,19],[206,226],[131,137],[60,54],[24,4],[94,6],[109,8],[138,11],[114,13],[162,18],[10,1],[-16,-38],[-28,-49],[-10,-33],[14,-10],[23,20],[23,37],[18,33],[11,24],[12,22],[5,0],[27,1],[16,0],[50,64],[16,13],[20,3],[148,-48],[3,-8],[-7,-55],[-28,-104],[-13,-49],[-21,-17],[-6,-36],[-7,-28],[-48,-38],[-71,-36],[-39,5],[-24,-11],[-26,0],[-21,-19],[-10,-25],[-68,-24],[-19,0],[-36,-24],[-12,-21],[-83,-56],[-8,-23],[-23,-43],[-146,-244],[-85,-130],[-36,-12],[-20,0]],[[43093,23506],[65,9],[84,37],[41,14],[-15,15],[-40,9],[-40,-14],[-47,-8],[-38,-41],[-10,-21]],[[43186,23112],[-17,-24],[-57,-50],[-40,-68],[-53,-101],[-105,-167],[-38,-58],[-41,-32],[-111,97],[-52,44],[-86,-66]],[[42586,22687],[-389,412]],[[42197,23099],[6,8],[-4,15],[-20,24],[41,30],[32,26],[27,27],[122,58],[86,45],[53,16],[17,26],[-33,46],[92,22],[41,29],[21,-30],[-12,-17],[-20,-30],[17,-21],[27,2],[28,-23],[16,-33],[-12,-34],[14,-35],[14,18],[16,41],[22,6],[31,-5],[7,22],[-14,16],[-8,18],[11,23]],[[60327,6291],[11,70],[0,45],[14,-14],[17,-24],[19,-2],[-1,-42],[-2,-30],[-7,-31],[-52,13],[1,15]],[[41760,22845],[44,33],[70,49],[75,43],[119,60],[44,46],[37,2],[48,21]],[[42586,22687],[24,-22],[-11,-12]],[[42599,22653],[-53,-57],[-35,-39]],[[42511,22557],[-14,-11],[26,-41],[67,-49],[-28,-49],[40,-24],[24,47],[21,-15],[16,-16],[-42,-67],[-64,-131],[-32,-75],[-13,-29],[-29,-7]],[[44515,23842],[2,-63],[-17,0],[-11,-9],[-7,-15],[-32,-24],[-24,0],[-17,-7],[-20,3],[-25,-19],[-57,-64],[-37,-31],[-44,-8],[-38,-5],[-30,-8],[-14,-10],[-4,-13],[-13,-2],[-40,-8],[12,19],[20,26],[17,33],[20,52],[18,52],[17,67],[8,33],[51,48],[68,-65],[37,50],[-39,32],[29,27],[-49,41],[31,28]],[[60225,6038],[-11,-1],[-10,-5],[-6,-3],[-32,8],[-19,22],[6,35],[8,21],[13,10],[17,3],[15,-2],[-8,-18],[-1,-17],[13,-13],[17,24],[13,-12],[11,-1],[47,-17],[7,-15],[-10,-35],[-6,-15],[-31,15],[-33,16]],[[42124,21881],[-145,-139],[0,-18],[4,-48],[2,-120],[-10,-24],[-80,-51],[-18,-6],[-31,14],[-37,34],[-23,36],[-48,52],[-38,20],[-14,0],[-26,-9],[-116,-94],[-52,-39],[-45,-38]],[[41447,21451],[-64,-55],[-25,-30],[-10,-5],[-32,0],[-226,38],[-194,24],[-148,21],[-72,20],[-38,10]],[[40638,21474],[-17,25],[-7,22],[5,31],[49,69],[33,35],[49,29],[56,19],[114,47],[107,52],[116,70],[83,71],[53,58],[29,13],[30,29],[19,56],[3,39],[3,79],[-20,111],[-30,84],[-12,33],[-7,38],[-2,27],[-2,27],[29,45],[26,26],[22,36],[10,23]],[[41558,21987],[-8,-10],[0,-21],[-3,-14],[-6,-5],[-19,8],[-12,21],[-11,5],[-11,-11],[-14,4],[-8,-18],[-6,-23],[-8,-11],[-14,1],[-7,-5],[7,-23],[14,-16],[6,-12],[1,-11],[13,-20],[9,-7],[23,2],[8,12],[-2,19],[15,10],[18,3],[24,5],[24,14],[18,27],[35,45],[13,30],[-5,16],[-17,6],[-12,-6],[-9,-3],[-10,15],[-13,31],[-20,24],[-20,0],[-22,33],[-38,4],[-26,-43],[23,-23],[46,7],[23,-31],[10,-29],[-9,0]],[[42379,39900],[22,107],[239,-64],[58,1],[76,13]],[[42774,39957],[39,-60],[0,-26],[-5,-16],[13,-67],[18,-35],[17,-28],[-1,-20],[-14,-20],[-12,-17],[-19,-13],[-26,2],[-37,-2],[-83,-8],[-32,-4],[-18,-13],[-12,-23],[-68,0],[-287,-6],[-454,-3],[-270,-5],[-7,27],[33,98],[5,20],[52,186],[7,33],[0,9],[15,-2],[15,-19],[11,-11],[22,-9],[25,-8],[75,-18],[92,-16],[82,-20],[64,-17],[23,-16],[24,-12],[29,-12],[60,-24],[55,-20],[77,-22],[45,25],[62,4],[26,24],[1,20],[-42,32],[-1,28],[6,27]],[[45931,61941],[1,23],[18,31],[158,263],[78,36],[108,79],[66,63],[12,7],[33,-5],[42,-7],[33,-24],[84,-11],[276,59],[105,42],[-4,82],[51,46],[54,0],[74,69],[105,97],[87,73],[78,129],[353,374],[34,33],[42,42],[44,27],[33,11],[41,-5],[25,-15],[16,-25],[23,-39],[34,-52],[23,-53],[20,-46],[11,-41],[8,-49],[1,-35],[1,-29],[-12,-33],[-16,-14],[-19,-16],[-4,-26],[1,-19],[-4,-20],[-1,-23],[2,-22],[20,-59],[8,-31],[-2,-22],[-14,-23],[-13,-31],[-6,-38],[1,-29],[4,-49],[2,-60],[1,-80],[-12,-87],[-3,-17],[3,-16],[29,-52],[-9,-18],[-23,-8],[-13,-3],[-11,-7],[-22,-43],[-19,-29],[-37,-51],[-63,-57],[-111,-76],[-76,-34],[-17,-5],[-68,-15],[-140,-32],[-54,-10],[-111,-17],[-130,-15],[-102,-14],[-152,-15],[-132,-9],[-33,0],[-21,6],[-50,21],[-42,14],[-36,3],[-39,-4],[-42,-7],[-86,9],[-77,14],[-66,28],[-27,7],[-26,0],[-24,-7],[-26,-23],[-17,-27],[-21,-14],[-37,-11],[-60,13],[-75,23],[-31,17],[-7,13]],[[51104,73008],[71,1],[36,-38],[4,-38],[42,-36],[90,-42],[21,-25],[0,-10],[-10,-42],[-289,-751],[-53,8],[-88,36],[-387,179],[-155,61],[-18,9],[-15,25],[-54,32],[4,60],[12,81],[12,64],[24,62],[40,72],[27,90],[16,49],[12,21],[50,17],[142,31],[260,48],[126,26],[80,10]],[[50496,70462],[5,178],[14,80],[144,259],[47,87],[5,112],[17,24],[42,-22],[77,-25],[58,-30],[55,-34],[49,-43],[49,-54],[18,-27],[25,-48],[21,-46],[12,-55],[5,-63],[5,-81],[-11,-255],[-8,-108],[-28,-40],[-51,-28],[-15,0],[-433,175],[-26,-1],[-51,34],[-25,11]],[[60484,6508],[-8,138],[30,4],[46,2],[-6,67],[8,0],[83,-1],[6,-109],[85,-2],[-4,115],[24,-4],[10,-12],[-2,-77],[2,-35],[10,-40],[18,-43],[-10,-12],[-27,4],[-11,66],[-15,21],[-28,-3],[-3,-81],[-88,6],[-120,-4]],[[50124,65498],[6,12],[78,113],[36,64],[28,22],[14,8],[5,14],[7,43],[33,60],[12,6],[18,-1],[26,-16],[15,-7],[36,-3],[20,-9],[16,-20],[8,-25],[12,-15],[22,-23],[8,-17],[-5,-21],[7,-13],[34,-32],[27,-24],[3,-12],[1,-13],[-21,-50],[-61,-118],[-19,-38],[-21,-48],[-10,-36],[-1,-32],[9,-29],[17,-56],[9,-29],[1,-62],[3,-73],[11,-108],[-3,-31],[-6,-33],[4,-58],[-13,-28],[-9,-18],[0,-22],[-4,-22],[-12,-37],[-11,-34],[-21,-29],[-41,-25],[-20,-5],[-32,-1],[-13,4],[-23,37],[-25,58],[-14,55],[-37,20],[64,44],[29,49],[-45,31],[-27,19],[-13,35],[-11,11],[-25,20],[-13,36],[-18,32],[-27,54],[-47,85],[35,104],[90,94],[44,41],[-8,60],[-44,-14],[-38,-19],[-28,-39],[-28,-36],[-20,-5],[-21,-6],[-14,-11],[-8,-19],[-14,-59],[-17,-44],[-9,-21],[2,-21],[-7,-11],[-12,-5],[-7,-8],[6,-33],[4,-30],[-8,-26],[-13,-15],[-22,-3],[-30,8],[-16,6],[-6,11],[0,8],[29,92],[44,70],[44,85],[47,78],[34,66],[20,42],[0,1]],[[50801,64707],[-151,-116],[-75,34],[-29,35],[13,31],[27,66],[47,104],[25,76],[33,56],[77,68],[53,66],[47,47],[37,-6],[47,-18],[56,-75],[-69,-189],[-27,-34],[-117,86],[-43,16],[-8,-19],[10,-10],[66,-50],[68,-55],[-87,-113]],[[48897,73779],[63,-5],[-4,-110],[-37,-5],[-14,5],[-9,14],[-3,34],[4,67]],[[32573,50768],[132,-53],[2,-12],[-89,-133],[-16,-3],[-90,40],[15,41]],[[3057,33825],[86,-22],[-30,-92],[-86,18],[30,96]],[[42510,62643],[-49,4],[-32,24],[2,29],[11,21],[20,20],[26,5],[16,3],[27,-27],[-1,-39],[-11,-24],[-9,-16]],[[16424,52931],[26,201],[9,5],[40,-11],[55,-39],[5,-23],[-46,-95],[-34,-54],[-15,-18],[-22,0],[-15,17],[-3,17]],[[32406,50383],[63,-30],[-4,-16],[-14,-30],[-18,-46],[-52,-22],[-50,-17]],[[49044,73674],[72,-6],[-4,-47],[-3,-44],[-76,5],[11,92]],[[30783,50105],[40,116],[55,-19],[-42,-127],[45,-15],[-3,-27],[-53,-165],[-99,46],[10,28],[52,76],[15,32],[3,24],[-5,17],[-18,14]],[[32606,49905],[-29,30],[15,16],[6,32],[2,37],[6,39],[42,-3],[-21,-121],[-21,-30]],[[32507,50587],[39,-12],[41,-31],[-58,-107],[-71,40],[34,95],[15,15]],[[12770,55999],[51,-27],[-24,-17],[-50,-85],[-25,-10],[-32,8],[32,53],[48,78]],[[1591,38795],[-34,-1],[-42,15],[-21,12],[-12,11],[-1,21],[42,127],[96,-21],[-28,-164]],[[0,35586],[31,93],[8,20],[8,9],[11,12],[14,9],[11,5],[10,1],[12,0],[17,-3],[58,-36],[-28,-39],[-36,-47],[-22,-16],[-21,-12],[-30,-2],[-23,0],[-20,6]],[[61366,5321],[26,-18],[44,-48],[32,-37],[-6,-18],[-47,1],[-24,9],[-20,21],[-44,37],[-6,24],[45,29]],[[60136,6008],[59,-23],[-20,-52],[-61,23],[22,52]],[[1432,39720],[7,-13],[12,-82],[20,-110],[24,-96],[9,-40],[-2,-16],[-21,2],[-41,18],[-39,40],[-11,32],[-4,29],[1,92],[6,139],[39,5]],[[13040,56175],[-2,-69],[-39,1],[-118,62],[-82,44],[-57,25],[-49,23],[39,0],[67,-8],[92,-6],[149,-72]],[[70719,391],[56,-27],[2,-30],[-6,-33],[-32,-24],[-24,4],[-32,27],[0,39],[36,44]],[[13624,55799],[22,25],[8,16],[13,36],[10,5],[19,-17],[29,-24],[17,-12],[20,-16],[29,-39],[15,-11],[17,-9],[23,-10],[26,-14],[9,-12],[7,-24],[5,-34],[-35,18],[-94,55],[-140,67]],[[3676,42449],[74,90],[47,56],[47,-28],[-2,-47],[12,-68],[-101,-101],[-77,98]],[[22930,52344],[98,-2],[-3,-68],[-96,11],[1,59]],[[40960,18143],[96,52],[31,-49],[-80,-44],[-47,41]],[[32675,50979],[37,-19],[68,-16],[-76,-161],[-105,51]],[[15301,53655],[75,18],[19,1],[-3,-29],[0,-36],[-5,-33],[0,-22],[-4,-33],[12,-35],[-12,-48],[-21,-6],[-27,5],[-22,10],[-6,25],[-6,183]],[[43742,17959],[36,-13],[12,-16],[6,-22],[-8,-30],[-19,-41],[-8,-2],[-55,15],[9,22],[27,87]],[[49141,73703],[77,-5],[33,-44],[0,-47],[-71,-28],[-50,-13],[-1,8],[12,129]],[[3735,42278],[132,127],[14,3],[11,-8],[5,-26],[-14,-52],[-61,-167],[-42,27],[14,38],[-17,26],[-42,32]],[[15096,54320],[-46,63],[0,28],[28,0],[91,-61],[1,-5],[-64,-30],[-10,5]],[[50773,67811],[-66,-19],[-26,3],[-37,44],[9,23],[126,64],[38,26],[31,38],[21,-3],[-2,-28],[-24,-50],[-29,-19],[-26,-34],[0,-31],[-15,-14]],[[3717,41886],[25,19],[64,2],[37,5],[17,-7],[42,-34],[54,-36],[23,-8],[-21,-28],[-29,4],[-64,-61]],[[15523,53594],[-14,0],[-20,-26],[-5,13],[-3,14],[-4,19],[-9,12],[-40,37],[-14,15],[11,20],[14,13],[21,-1],[45,-61],[18,-55]],[[4335,33617],[-4,20],[50,0],[3,-26],[46,-3],[-1,-52],[-100,3],[6,58]],[[14350,55314],[-22,-24],[-80,61],[-39,11],[-89,94],[-68,69],[36,33],[173,-176],[26,-9],[63,-59]],[[16696,53218],[-39,-62],[-45,36],[-37,29],[-56,37],[-4,15],[-2,26],[30,37]],[[16543,53336],[153,-118]],[[60875,5781],[21,9],[32,-12],[27,-30],[-3,-30],[-36,-15],[-38,18],[-3,60]],[[36961,54315],[55,-36],[7,-9],[2,-37],[-5,-27],[-9,-25],[-13,-21],[-14,-8],[-70,10],[-12,6],[-15,28],[-5,25],[-11,14],[-14,8],[-14,13],[-1,26],[5,19],[17,16],[11,16],[9,5],[13,-6],[64,-17]],[[16057,51202],[170,-4],[28,-219],[-50,3],[-37,6],[-39,64],[-33,107],[-39,43]],[[42479,62845],[-60,104],[29,48],[29,42],[26,-6],[34,-29],[15,-45],[-2,-27],[-41,-57],[-16,-25],[-14,-5]],[[29747,49756],[68,18],[32,-95],[0,-27],[-17,-33],[-25,-9],[-25,20],[-33,126]],[[15511,53573],[28,19],[19,-22],[24,-41],[21,-63],[10,-39],[1,-23],[-22,-12],[-20,4],[-21,23],[-34,58],[-6,29],[0,24],[0,43]],[[5359,43555],[23,-93],[-214,-70],[-17,32],[21,40],[64,51],[123,40]],[[2925,41002],[28,-43],[-89,-82],[-34,-10],[-34,-6],[-41,41],[95,64],[13,-20],[62,56]],[[60513,6504],[59,1],[73,-13],[29,-2],[23,-68],[-49,10],[-128,10],[-7,62]],[[49184,62528],[-30,58],[-9,54],[-7,35],[13,83],[5,46],[8,56],[24,45],[27,4],[43,-3],[20,-40],[12,-47],[14,-14],[0,-23],[-10,-16],[-7,-62],[-8,-40],[22,-17],[22,-21],[-2,-18],[-95,-63],[0,-19],[-20,0],[-22,2]],[[70798,613],[0,48],[32,-5],[7,35],[66,6],[52,-2],[0,-26],[68,-3],[116,-13],[1,35],[79,-21],[-26,-93],[-93,15],[-89,10],[-75,1],[-138,13]],[[661,34503],[-23,-60],[82,-28],[22,57],[69,-23],[91,-31],[17,-12],[-59,-127],[-23,-6],[-79,22],[-27,18],[-34,13],[-61,20],[-45,20],[-38,22],[-20,15],[55,119],[73,-19]],[[12875,56098],[-14,-40],[-27,-56],[-56,8],[-43,10],[-79,29],[-48,19],[-9,8],[2,25],[-14,43],[19,25],[51,4],[45,-3],[32,-7],[59,-26],[82,-39]],[[16272,50801],[19,-197],[-37,-7],[10,-83],[-102,6],[-5,67],[29,37],[-15,13],[-34,6],[-31,114],[66,42],[100,2]],[[36782,53848],[-14,6],[-55,81],[23,151],[7,25],[17,69],[18,22],[20,3],[33,-20],[3,-17],[-3,-81],[-11,-61],[-26,-141],[-6,-26],[-6,-11]],[[42599,22653],[95,-91],[35,21],[34,-36],[10,-12],[-53,-83],[-42,16],[-34,-22],[-133,111]],[[15270,53995],[43,-69],[0,-18],[-20,7],[-35,29],[-44,21],[-23,15],[-63,71],[-35,22],[-31,10],[-36,57],[7,20],[-17,43],[-96,159],[-37,11],[-1,22],[25,22],[30,25],[12,-8],[321,-439]],[[30980,50234],[12,0],[6,-22],[8,-124],[8,-71],[12,-43],[13,-29],[3,-25],[-13,-19],[-56,-8],[-39,-3],[-47,6],[-20,21],[105,299],[8,18]],[[39140,53857],[-1,19],[-48,52],[-31,26],[-6,44],[29,17],[36,-50],[102,-4],[51,-14],[24,-35],[-29,-54],[-41,-92],[-48,-91],[-71,11],[32,151],[1,20]],[[31100,52381],[103,3],[9,-2],[18,-10],[5,-9],[23,-122],[-1,-10],[-8,-12],[-10,-10],[-115,-8],[-27,12],[-5,9],[-8,140],[3,11],[13,8]],[[35234,32665],[39,19],[58,-18],[171,-12],[-6,-55],[-15,-75],[-6,-68],[-30,6],[-59,6],[-3,-17],[-58,13],[-38,10],[-29,79],[-24,112]],[[33840,53510],[-8,-232],[-166,-10],[-5,9],[47,223],[6,10],[15,4],[71,0],[28,1],[12,-5]],[[35412,53541],[-41,12],[-63,2],[-51,1],[-16,65],[15,75],[33,15],[-5,94],[32,27],[-1,86],[76,-12],[45,-6],[17,-8],[-4,-28]],[[4266,39229],[141,22],[80,-42],[93,-107],[11,-64],[-233,-55],[14,25],[4,34],[-6,46],[-18,50],[-28,41],[-58,50]],[[1661,39373],[-28,-30],[-4,-17]],[[1629,39326],[-22,25],[8,28],[-11,11],[-21,6],[-14,6],[-12,17],[-2,11],[-6,20],[-6,26],[-11,15],[-28,2],[-12,52],[-15,25],[-25,159],[-2,53],[4,13],[11,6],[121,3],[18,-5],[-20,-272],[1,-12],[21,-17],[41,3],[9,-11],[-3,-50],[1,-48],[7,-19]],[[6987,46029],[8,-3],[50,-51],[65,-83],[39,-53],[17,-26],[35,-66],[32,-75],[11,-43],[2,-17],[-2,-55],[-18,0],[-30,11],[-33,28],[-55,133],[-33,71],[-23,65],[-48,65],[-24,38],[-12,30],[11,27],[8,4]],[[18484,54501],[-51,86],[-10,43],[2,41],[17,45],[26,-3],[43,-40],[45,0],[51,-16],[60,-39],[41,-60],[52,-57],[-3,-17],[-90,-6],[-61,45],[-25,20],[-21,-12],[-12,-25],[-20,-19],[-30,1],[-14,13]],[[51210,65468],[-59,-102],[-40,-73],[-26,-73],[-7,-45],[-11,-30],[-58,17],[-102,55],[-32,19],[-6,16],[19,11],[65,5],[11,23],[37,62],[5,24],[8,42],[7,41],[17,19],[24,6],[30,5],[33,14],[24,0],[30,-4],[28,-16],[3,-16]],[[17935,55079],[31,-21],[34,-100],[-35,-38],[-51,-29],[-33,-14],[-29,-28],[-22,-35],[-40,-31],[-44,1],[8,51],[19,65],[43,88],[83,80],[36,11]],[[33169,51663],[92,-18],[38,-21],[-204,-320],[-9,6],[37,214],[46,139]],[[53613,62329],[92,8],[56,20],[119,63]],[[53880,62420],[-9,-43],[2,-39],[18,-39],[-25,-27],[-52,-13],[-25,-38],[-41,-59],[-45,3],[-33,48],[-17,45],[-40,71]],[[53613,62329],[-9,27],[23,18],[13,37],[10,50],[5,84],[12,40],[29,7],[152,-8],[36,-21],[8,-121],[-12,-22]],[[49339,63757],[-50,21],[-74,60],[-15,32],[-12,15],[-2,25],[42,44],[60,33],[23,-5],[105,-92],[12,-22],[-16,-14],[-1,-26],[-27,-11],[-13,-17],[-18,-32],[-14,-11]],[[14628,54654],[122,4],[61,-56],[77,-83],[41,-51],[-10,-30],[-54,6],[-35,33],[-30,0],[-39,0],[-30,20],[-49,44],[-42,70],[-12,43]],[[51422,72844],[61,143],[11,2],[19,-9],[7,-3],[27,-19],[16,12],[20,0],[28,-15],[41,-27],[16,-14],[14,-7],[15,-5],[1,-16],[-15,-28],[-15,-10],[-2,-16],[19,-18],[-11,-28],[-23,-40],[-24,-25],[-83,37],[-21,8],[7,21],[-108,57]],[[3942,37840],[-12,-17],[-77,-126],[-43,-42],[-12,-14],[-13,-17],[-12,-35],[-21,-77],[-49,-19],[-21,-10],[-47,-24],[-26,-16],[-18,-21],[-13,-19],[-10,-30],[-10,-96],[-11,-21],[-13,-21],[-23,-12],[-38,-22],[-71,-40],[-57,-43],[-75,-77],[-15,-21],[-21,-37],[-10,-25],[-10,-49],[-32,-115],[-11,-35],[-29,-64],[-28,-58],[-20,-47],[-12,-20],[-15,-12],[-33,-16],[-128,-34],[-34,-8],[-18,-10],[-16,-15],[-14,-18],[-60,-121],[-131,-279],[-17,-15],[-12,-4],[-19,3],[-104,20],[-18,0],[-17,-4],[-80,-39],[-96,-60],[-57,-49]],[[2213,35909],[-45,-48],[-28,-40],[-14,-41],[-11,-18],[-11,1],[-114,55],[-105,54],[-1,13]],[[1884,35885],[7,11],[70,58],[58,11],[11,5],[5,6],[34,47],[81,69],[109,121],[95,94],[40,30],[81,89],[106,99],[61,53],[61,19],[20,6],[77,38],[32,25],[58,49],[16,20],[103,121],[111,136],[51,69],[84,118],[71,111],[12,16],[5,14],[4,18],[-2,53],[2,22],[3,12],[28,43],[11,11],[60,41],[13,13],[47,53],[12,18],[26,45],[13,26],[9,37],[7,34],[8,18],[12,20],[19,21],[37,42],[23,23],[20,30],[7,17],[3,24],[7,45],[-10,118],[-12,145],[-8,28],[-14,28],[-23,21],[-109,41],[-23,4],[-21,1],[-111,-5],[-31,1],[-82,8],[-16,7],[-46,45],[-2,14],[-9,98],[2,16],[9,8],[20,8],[67,4],[130,-1],[123,-9],[86,-14],[27,-10],[22,-9],[33,-19],[19,-12],[84,-69],[16,-17],[10,-11],[78,-109],[142,-205]],[[31522,56826],[-52,-446],[-20,-178],[-70,-516],[-95,-705],[-60,-485],[-440,75],[-103,17],[-54,23],[-32,37],[-20,45],[-37,162],[-39,185],[159,-13],[-1,131],[-19,46],[-50,87],[-18,66],[67,66],[33,26],[10,63],[41,65],[39,-8],[10,35],[0,43],[27,42],[39,72],[15,55],[24,25],[55,55],[41,38],[32,61],[48,88],[43,143],[25,88],[-3,80],[79,38],[34,30],[-3,25],[-18,29],[-53,17],[-21,69],[51,33],[31,58],[18,13],[80,48],[54,49],[46,15],[52,12],[55,-4]],[[40550,20725],[-72,76],[-58,64],[-45,54],[-25,56],[-40,55],[-18,21],[-12,39],[6,30],[13,24],[30,113],[24,80],[15,32],[16,49],[27,109],[69,-13],[40,0],[32,-11],[26,-11],[60,-18]],[[41447,21451],[92,-54],[108,-82],[78,-45],[18,-1],[36,32],[108,-64],[-52,-53],[-16,-53],[-17,-44],[-16,-29],[-11,-18],[-42,-24]],[[41733,21016],[-33,-1]],[[41700,21015],[49,137],[-243,228],[-166,-111],[-790,-544]],[[20530,57217],[5,35],[38,7],[208,-160],[198,-159],[37,-8],[48,40],[73,66],[52,-65],[44,-73],[-80,-105],[-92,-176],[-70,-101],[-58,6],[-41,32],[-58,49],[-60,-37],[-82,-42],[-68,-15],[-137,19],[-59,30],[-80,39],[-49,28],[-67,9],[-53,-18],[-57,46],[-15,89],[-29,48],[8,38],[73,65],[62,78],[86,100],[53,55],[57,15],[63,32],[50,33]],[[45687,61225],[202,-3],[317,-91],[20,0],[103,-212],[76,-93],[90,-122],[245,-383],[122,-190],[-352,-263],[-186,481],[-37,121],[-29,123],[-12,43],[-46,33],[-328,218],[-42,-20],[-43,-3],[-26,0],[-28,25],[-22,18],[-41,-1],[3,118],[14,201]],[[4223,42314],[60,-14],[4,17],[-69,53],[-33,37],[-69,52],[-39,32],[-5,29],[89,117],[57,30],[158,59],[91,16],[181,42],[64,39],[101,31],[42,41],[34,35],[24,79],[5,35],[31,19],[131,39],[97,60],[21,2],[24,-9],[21,-20],[17,-25],[7,-18],[48,-35],[24,-25],[21,-39],[23,-40],[16,-52],[23,-61],[13,-92],[34,-71],[21,-77],[12,-31],[-11,-33],[-20,-27],[-37,-29],[-5,-42],[-52,-43],[43,-45],[34,25],[25,12],[26,13],[28,0],[12,-14],[11,-20],[29,-24],[36,-47],[49,-5],[51,-14],[30,-57],[66,-7],[63,0],[27,27],[-8,50],[-40,38],[-38,31],[-24,17],[-17,25],[-24,31],[-21,19],[-35,19],[-27,59],[-16,21],[-14,67],[-17,46],[-12,30],[-17,32],[-15,19],[-12,38],[-2,25],[-2,30],[44,30],[45,30],[72,37],[76,35],[26,-42],[25,-38],[35,-60],[12,-19],[-50,-53],[-45,-32],[-12,-33],[29,-48],[42,-37],[5,-58],[-4,-66],[6,-42],[63,-36],[20,-34],[4,-53],[11,-51],[10,-148],[-39,-74],[-19,-51],[-47,-21],[-71,-44],[-26,47],[-49,68],[-10,25],[-6,39],[-48,8],[-50,-15],[-25,41],[-34,32],[-25,15],[-70,8],[-53,6],[-42,-6],[-51,-19],[-46,-13],[-40,-10],[-59,-25],[-48,-32],[-56,-23],[-80,-10],[-97,7],[-65,28],[-35,8],[-65,-7],[-69,26],[-64,27],[-38,-16],[-4,-34],[-11,-54],[-22,-32],[-32,-10],[-43,0],[-55,13],[-42,20],[-43,20],[-73,10],[-73,2],[-39,-4],[-33,9],[-20,19],[-17,22],[-21,31],[-1,42],[6,27],[-1,44],[-23,39],[33,28],[24,21],[42,9],[25,5],[41,-22],[52,-28]],[[33260,52022],[-36,21],[-24,43],[-40,84],[-30,-48],[-23,-41],[-23,-57],[-49,-125],[-27,-61],[-36,-90],[-309,83],[-30,13],[-144,35],[-62,19],[-50,13],[-61,19],[-24,20],[-56,52],[-50,39],[-68,46],[-57,24],[-36,14],[-44,23],[-28,66],[-30,43],[-38,50],[-19,88],[9,121]],[[31875,52516],[208,78],[171,345],[203,-90],[268,638]],[[33642,53512],[-3,-48],[-30,-237],[-18,-33]],[[58746,63800],[155,-2],[173,8],[123,-5],[119,-18],[140,-30],[99,9],[23,45],[259,23],[116,5],[161,25],[39,-284],[-7,-37],[-113,-122],[-59,-5],[-250,-182],[-125,-51],[-80,-1],[-97,-35],[-76,-80],[-58,-88],[-645,357],[-90,63],[29,270],[75,-18],[71,36],[18,117]],[[33948,51479],[-53,52],[-45,14],[-29,26],[-26,15],[4,28],[15,15],[50,2],[69,-15],[35,30],[2,29],[-30,47],[-38,42],[6,47],[-32,57],[-74,64],[55,45],[-16,27],[-87,-59],[-39,-75],[10,-33],[-21,-41],[-66,9],[41,100],[77,106],[66,58],[56,35],[171,80],[362,163],[339,159],[38,8],[56,-40],[20,-46],[28,-73],[12,-45],[-13,-49],[-4,-37],[-3,-75],[-8,-48],[-32,-155],[16,-49],[-9,-72],[-2,-98],[-9,-69],[-51,-39],[-81,-18],[-49,-57],[-42,-38],[-75,-22],[-100,-83],[-36,-20],[-73,-18],[-117,13],[-57,11],[-93,3],[-60,58],[-58,31]],[[41733,21016],[48,1],[387,-306],[-3,-27],[-73,-59],[-39,-42],[-29,-35],[-108,-64],[-136,-85],[-93,-62],[-45,-41],[-27,-15],[-33,-27],[-55,-28],[-106,-34],[-163,-78],[-80,-39],[-33,4],[-84,92],[-139,150]],[[40922,20321],[778,694]],[[4985,41272],[51,-28],[45,-48],[19,-20],[8,-20],[1,-24],[-3,-39],[-8,-58],[-13,-36],[-10,-43],[-8,-22],[-16,-12],[-26,-34],[-9,-24],[-12,-37],[-22,-42],[-19,-25],[-24,-28],[-14,-20],[-11,-5],[-12,-24],[-15,-6],[-4,-9],[0,-35],[9,-30],[25,-46],[31,-62],[34,-80],[18,-40],[40,-52],[38,-63],[22,-72],[8,-11],[102,-111],[71,-63],[50,-41],[86,-42],[75,-32],[30,-18],[46,-30],[15,-7],[44,-4],[56,-19],[26,-17],[5,-18],[-1,-12],[-29,-37],[-10,-41],[-24,-38],[-36,-39],[-43,-37],[-67,-27],[-14,4],[-25,56],[-24,60],[-12,18],[-49,49],[-39,43],[-16,8],[-61,12],[-72,23],[-63,33],[-31,34],[-12,18],[-17,29],[-18,52],[-12,23],[-9,9],[-14,4],[-29,7],[-69,37],[-10,2],[-38,2],[-66,9],[-44,29],[-21,3],[-31,0],[-52,2],[-19,7],[-17,43],[-2,16],[15,46],[16,24],[42,37],[38,52],[17,48],[5,30],[-4,19],[-8,23],[-13,40],[-1,20],[13,59],[-2,16],[-11,18],[-14,13],[-28,13],[-45,17],[-36,4],[-30,21],[-16,5],[-20,-1],[-39,-10],[-19,-4],[-11,8],[-16,20],[-22,42],[-5,23],[4,12],[10,14],[26,20],[36,38],[17,15],[36,23],[56,55],[47,73],[10,10],[13,0],[14,-9],[20,2],[15,-6],[22,-21],[10,-4],[14,0],[51,13],[58,16],[31,14],[29,15],[22,18],[14,19],[8,23],[4,24],[-2,39],[12,32],[6,20],[-3,22],[-19,36]],[[4959,40242],[-12,-3],[-8,-9],[0,-11],[4,-15],[11,-25],[6,-22],[4,-18],[7,-9],[7,-2],[9,0],[10,14],[6,17],[11,29],[4,19],[-2,17],[-4,11],[-10,5],[-43,2]],[[31875,52516],[6,47],[25,270],[23,164],[24,156],[42,224],[34,177],[25,98],[98,405],[25,84],[117,487],[29,108],[51,256],[-10,80],[17,74],[16,233],[-8,76],[1,67],[-5,92],[-40,130],[-23,96],[-20,74],[-3,41],[-38,78],[-34,54],[-20,35],[-22,43],[-1,55],[40,0],[100,-155],[86,-119],[43,-80],[38,-74],[48,-99],[35,-101],[70,-168],[83,-220],[79,-232],[-17,2],[-57,-21],[-33,11],[-25,25],[-56,-6],[-63,-28],[-39,-34],[-10,-31],[-14,-51],[-45,-40],[-21,-33],[2,-41],[20,-10],[106,56],[76,7],[71,-25],[73,53],[26,6],[55,-9],[20,-33],[106,-316],[50,-119],[18,-29],[-7,-35]],[[30905,50699],[16,-16],[3,-12],[-18,-69],[-13,-42],[-33,-29],[-14,-13],[-22,-71],[-11,-42],[-8,-12],[-51,-6],[-29,2],[-81,26],[-54,12],[-25,-3],[-15,-4],[-10,-13],[-22,-8],[-14,4],[-39,88],[-24,36],[-95,143],[-304,488],[-5,12],[0,11],[25,91],[99,311],[11,28],[-56,6],[-102,19],[-32,-113],[-17,-6],[-25,2],[-10,4],[-35,-4],[-42,-10],[-13,2],[-261,404],[0,25],[43,49],[-12,45],[-14,4],[-8,6],[-75,94],[-7,20],[-1,14],[13,46],[8,38],[9,46],[-3,79],[-6,70],[-4,41],[4,12],[11,5],[10,1],[140,-37],[165,-50],[24,-29],[23,8],[19,-1],[16,-5],[22,-11],[466,-97],[19,-7],[17,-16],[68,-92],[50,-46],[74,-71],[31,-24],[25,-25],[59,-31],[42,-21],[60,-36],[20,-9],[30,-8],[25,-1],[9,3],[14,11],[349,26],[18,-15],[3,-10],[34,-223],[17,-96],[6,-61],[-8,-21],[-8,-11],[11,-18],[0,-16],[-16,-57],[-63,-174],[-164,-456],[-154,64],[1,35],[-3,12],[-20,-11],[-24,-8],[-62,-12],[-21,2],[-20,-6],[-19,-19],[-11,-26],[-35,-48],[-4,-10],[-355,85],[0,-24],[366,-88],[122,-30]],[[3344,40517],[35,10],[62,-11],[33,-6],[43,-28],[18,1],[39,-34],[28,-33],[30,-40],[3,-57],[-4,-56],[-18,-49],[-25,-92],[18,-66],[36,-52],[64,-35],[55,-39],[35,-27],[14,-19],[13,-48],[2,-51],[5,-80],[14,-69],[19,-75],[17,-51],[30,-43],[28,-39],[32,-30],[41,-39],[68,-56],[62,-45],[89,-77],[51,-50],[35,-46],[18,-42],[3,-43],[-4,-22],[-30,-29],[-35,-36],[-49,-63],[-23,-44],[-39,-48],[-18,-38],[-28,-18],[-46,37],[-63,69],[-71,53],[-57,48],[9,40],[18,18],[54,26],[42,37],[17,26],[-8,41],[-59,65],[-61,73],[-42,58],[-10,60],[-4,43],[1,42],[-30,44],[-15,48],[18,64],[-23,60],[-17,68],[-39,33],[-35,15],[-65,20],[-49,26],[-40,43],[-52,61],[-62,-7],[-76,-19],[-11,9],[-30,33],[-29,35],[-42,53],[-25,21],[-21,13],[-27,1],[-41,-5],[-41,8],[-20,8],[-9,16],[-9,16],[-9,22],[-14,25],[-4,44],[17,49],[30,54],[59,63],[68,53],[60,37],[46,35],[50,33]],[[27636,53198],[2,43],[0,19],[13,13],[11,2],[13,-6],[13,-8],[200,-86],[3,-11],[6,-25],[6,-26],[3,-5],[12,-11],[8,-5],[-9,-47],[-6,-40],[4,-24],[11,-15],[14,-8],[15,-3],[53,2],[13,-12],[11,-36],[12,-17],[24,-3],[36,-7],[33,-20],[0,55],[11,31],[-34,206],[3,16],[15,16],[13,5],[19,-3],[37,-16],[46,-36],[18,-30],[9,-13],[69,-39],[19,3],[10,12],[12,10],[11,4],[426,-337],[64,-43],[7,-18],[27,-17],[65,-32],[67,-63],[73,-103],[120,-175],[-4,-31],[-256,-163],[-5,-13],[27,-52],[-2,-13],[-11,-16],[-171,-113],[-23,7],[-194,296],[-15,33],[-3,11],[3,18],[-14,17],[-20,-5],[-42,25],[-8,6],[-13,3],[-25,-5],[-87,4],[-73,9],[-22,8],[-52,72],[-58,71],[-67,57],[-53,52],[-55,49],[-73,66],[-58,49],[-59,54],[-53,60],[-36,52],[-22,63],[-13,56],[-26,81],[-22,59],[-3,36]],[[43907,27736],[20,65],[0,31],[-10,38],[-103,121],[-19,16],[-45,45],[-50,40],[-51,25],[-48,18],[-24,-1],[-39,-12],[-46,-36],[-35,-50],[-52,-23],[-71,-23],[-15,27],[0,46],[5,48],[8,26],[8,18],[13,13],[10,14],[-4,21],[-13,15],[-8,13],[-4,27],[9,14],[9,17],[16,30],[6,31],[8,44],[3,21],[15,18],[34,7],[35,29],[29,45],[35,39],[43,10],[30,20],[18,51],[18,35],[6,13],[15,11],[27,9],[21,17],[18,31],[0,34],[-6,20],[27,74],[22,46],[4,41],[13,27],[30,26],[24,47],[17,44],[-1,30],[-11,17],[-20,11],[18,98],[0,23],[28,43],[52,32],[45,34],[55,31],[29,5],[41,17],[80,36],[18,23],[33,24],[3,28],[-4,22],[13,38],[19,34],[36,45],[48,51],[19,24],[32,37],[17,6],[19,37],[1,48],[18,20],[33,20],[12,16],[30,24],[17,29],[12,47],[29,40],[57,95],[46,62],[45,63],[26,16],[43,29],[43,29],[43,26],[52,18],[50,13],[19,-14],[21,-21],[25,-11],[24,11],[20,29],[6,17],[15,3],[19,-7],[22,-11],[6,-15],[-15,-35],[-27,-54],[-53,-151],[-42,-129],[-21,-86],[-11,-25],[-8,-34],[-43,-176],[-17,-75],[-29,-98],[-7,-29],[-1,-25],[-5,-35],[-15,-60],[-33,-74],[-42,-76],[-45,-66],[-22,-21],[-20,-37],[-13,-47],[-20,-113],[-31,-161],[-31,-145],[-28,-110],[-55,-166],[-33,-78],[-29,-75],[-14,-41],[-26,-84],[-13,-62],[-13,-40],[-19,-32],[-22,-20],[-33,-20],[-15,-12],[0,-14],[-47,-11],[-22,-20],[-24,-29],[-33,-33],[-85,-51],[-62,-33],[-74,-14],[-40,-3],[-18,5]],[[32355,56383],[502,-529],[74,-99],[129,-197],[145,-150],[46,-47],[91,28],[99,-40],[38,-74],[60,-21],[32,-39],[62,-13],[44,-66],[-29,-149],[-69,-34],[-156,-89],[30,-10],[28,-50],[1,-35],[-48,-44],[16,-27],[29,-84],[-176,-91],[-156,-82],[-84,-41],[-108,310],[-81,225],[-67,180],[-77,220],[-36,87],[-91,230],[-39,100],[-58,120],[-41,81],[-73,104],[-36,50],[-122,167],[76,87],[45,22]],[[31504,56313],[130,-18],[31,-14],[-1,-101],[-12,-84],[123,-23],[73,-95],[76,67],[80,-87],[67,-139],[89,-220],[62,-126],[9,-109],[3,-199],[-36,-176],[-96,-347],[-91,-284],[-357,69],[-385,70],[48,488],[95,741],[92,587]],[[51927,74165],[2,-16],[-2,-18],[-66,-164],[-90,-219],[-134,-339],[-49,-88],[-32,-74],[-33,-80],[-23,-51],[-14,-22],[-16,-7],[-24,8],[-33,13],[-39,7],[-33,9],[-17,12],[-16,22],[-14,43],[-12,63],[-12,71],[-10,54],[-12,54],[-8,45],[-8,28],[-4,24],[-10,23],[-15,16],[-9,15],[2,16],[0,19],[-3,15],[-31,34],[-11,31],[-10,40],[1,28],[-2,30],[2,18],[17,23],[46,66],[93,148],[86,119],[35,32],[31,18],[31,10],[45,7],[75,-4],[186,-32],[83,-17],[41,-15],[16,-15]],[[40922,20321],[-153,178],[-69,92],[-21,27],[-28,13],[-30,25],[-41,33],[-30,36]],[[1661,39373],[22,20],[36,11],[34,1],[19,-5],[15,-18],[-1,-26],[8,-67],[13,-217],[4,-31],[5,-36],[1,-32],[-1,-32],[-15,-31],[-29,-47],[-41,-65],[-3,-18],[8,-26],[9,-63],[-6,-36],[-11,-35],[-18,-47],[-22,-53],[-2,-50],[1,-27],[12,-140],[7,-55],[16,-50],[34,-64],[33,-44],[32,-25],[42,-22],[86,-39],[77,-28],[27,-13],[14,-19],[6,-21],[3,-18],[-20,-28],[-21,-13],[-28,-7],[-55,-5],[-105,6],[-71,4],[-38,-2],[-34,-9],[-41,-33],[-32,-31],[-14,-16],[31,-35],[12,-22],[-2,-26],[-16,-29],[-19,-16],[-53,-14],[-32,-7],[-37,-19],[-30,-19],[-31,-24],[-36,-38],[-49,-75],[-64,-93],[-29,-37],[-33,-42],[-31,-32],[-24,-15],[-22,2],[-14,6],[-13,16],[-7,38],[-5,77],[-11,74],[-2,63],[10,57],[27,62],[58,97],[152,244],[81,144],[70,163],[55,203],[68,309],[30,133],[32,154],[9,51],[6,35],[-1,38],[-12,42],[-18,41],[-22,32],[-16,17]],[[16543,53336],[95,176],[59,121],[12,18],[13,29],[86,158],[84,139],[59,109],[87,135],[50,62],[25,67],[22,46],[15,47],[22,37],[48,64],[35,41],[43,41],[58,32],[50,14],[79,20],[71,16],[36,5],[39,6],[10,-6],[-3,-51],[5,-19],[9,-11],[-6,-34],[-7,-19],[-66,-157],[-41,-85],[-59,-106],[-28,-56],[-60,-109],[-13,-27],[-2,-20],[-1,-53],[-29,-62],[-60,-101],[-21,-26],[-22,-20],[-99,-84],[-25,-9],[-24,1],[-27,13],[-29,21],[-29,11],[-19,1],[-10,-3],[-8,-15],[-11,-16],[-27,-12],[-39,-11],[-5,-17],[10,-13],[23,-6],[13,3],[55,34],[25,-1],[17,-8],[18,-14],[7,-15],[0,-17],[-6,-18],[-124,-101],[-48,-44],[-46,-55],[-49,-56],[-16,-10],[-68,-98]],[[5076,36629],[95,69],[33,21],[10,0],[7,-7],[27,-26],[75,-66],[24,-26],[40,-45],[14,-24],[66,-135],[70,-137],[127,-193],[21,-34],[82,-131],[101,-90],[22,-23],[34,-48],[18,-30],[20,-63],[25,-77],[46,-115],[46,-74],[81,-79],[64,-57],[49,-45],[56,-50],[35,-41],[134,-204],[151,-239],[77,-129],[5,-14],[5,-36],[-4,-8],[-111,-17],[-70,-52],[-17,-5],[-21,4],[-109,41],[-117,3],[-22,3],[-195,99],[-84,71],[-78,86],[-116,118],[-15,16],[-63,29],[-97,42],[-53,47],[-11,15],[-20,41],[-9,19],[-13,55],[7,18],[20,22],[50,47],[31,21],[15,18],[20,37],[3,21],[-5,27],[-28,74],[-6,80],[-13,135],[-3,22],[-9,33],[-29,60],[-17,44],[-43,65],[-55,95],[-63,102],[-54,105],[-67,103],[-50,92],[-17,53],[-23,63],[-15,16],[-6,0],[-87,157],[0,15],[9,16]],[[5779,34987],[9,-19],[17,-17],[43,-36],[24,-32],[18,-15],[74,-42],[52,-25],[12,-5],[25,0],[7,6],[16,34],[6,21],[10,92],[3,33],[-5,34],[-16,36],[-15,15],[-37,24],[-35,18],[-23,4],[-25,-7],[-49,-25],[-39,-27],[-18,-25],[-17,-10],[-29,-19],[-8,-13]],[[36560,53203],[54,37],[49,34],[77,26],[81,24],[77,14],[107,15],[60,-19],[50,-29],[23,-15],[46,-55],[-1,-37],[-54,-45],[-179,-84],[-204,-62],[-73,-34],[-9,-58],[30,-70],[50,-41],[75,-19],[102,-32],[123,-85],[92,-109],[44,-47],[82,-67],[32,-55],[-165,-193],[-95,11],[-61,61],[-123,79],[-133,86],[-172,99],[-91,83],[-187,124],[-58,32],[-22,41],[177,178],[165,170],[31,42]],[[29075,50762],[-253,119],[-425,213],[-354,152],[-413,203],[-119,59],[4,61],[9,67],[10,70],[16,74],[10,72],[-1,45],[5,26],[20,-5],[19,-12],[24,-20],[65,-35],[78,-43],[-5,-39],[24,-48],[42,-39],[85,-52],[76,-49],[104,-50],[62,-23],[89,57],[159,-103],[197,-118],[148,-81],[56,-15],[130,-122],[94,-41],[57,22],[63,-38],[55,-22],[-15,-62],[-21,-70],[-13,-77],[-12,-57],[-13,-37],[-57,18]],[[28779,51057],[4,-33],[16,-16],[36,-16],[64,-16],[19,11],[-3,13],[-136,57]],[[16656,52433],[74,10],[110,21],[105,20],[37,0],[76,-6],[44,-22],[25,-30],[17,-39],[7,-15],[37,-36],[20,-80],[49,-83],[95,-255],[83,-115],[41,-112],[41,-86],[55,-40],[-6,-66],[-29,-29],[-255,74],[-28,-7],[92,-23],[259,-77],[74,-53],[30,-15],[12,-16],[87,-186],[33,-62],[44,-85],[42,-67],[15,-76],[19,-33],[19,-14],[16,-69],[-105,4],[5,-86],[81,-29],[-9,-96],[-99,1],[-551,23],[-87,14],[-33,7],[-112,39],[-24,13],[-29,-2],[-13,32],[-9,186],[-9,107],[-8,77],[-32,197],[-33,147],[-33,205],[16,37],[42,-1],[8,14],[-21,6],[-53,18],[-46,8],[-30,171],[-33,167],[-15,67],[0,53],[-26,53],[-15,54],[-31,58],[-26,54],[-15,40],[5,34]],[[37155,53359],[78,5],[94,2],[128,13],[105,-2],[142,-4],[53,-2],[65,60],[94,102],[99,109],[68,58],[34,14],[167,-22],[443,-72],[194,-29],[168,-18],[168,-13],[-3,-59],[-13,-118],[-34,-42],[-65,-14],[-69,32],[-99,20],[-30,-69],[-120,2],[-114,-24],[-145,-55],[-94,-25],[-74,-3],[-41,-39],[-63,-47],[-59,-2],[-32,16],[-80,29],[-123,47],[-156,64],[-48,6],[-150,-5],[-76,-21],[-49,-34],[-44,-11],[-29,4],[-112,28],[-80,29],[-85,61],[-13,29]],[[16890,54318],[29,23],[22,8],[25,2],[17,-2],[27,-12],[6,-9],[0,-16],[-7,-23],[-28,-31],[-32,-60],[-90,-158],[-95,-159],[-99,-186],[-91,-161],[-53,-90],[-27,-58],[-14,-41],[-23,-50],[-12,-55],[-10,-27],[7,-16],[1,-29],[-7,-61],[-22,-140],[3,-46],[-1,-24],[-7,-48],[-9,-8],[-90,-6],[-21,6],[-34,29],[-44,34],[-65,38],[-21,11],[-23,12],[-75,35],[-122,42],[-26,21],[-27,33],[-9,43],[-1,38],[-2,56],[-13,37],[-17,52],[-3,20],[9,26],[11,13],[26,24],[22,20],[9,13],[3,20],[-3,42],[-4,14],[-22,47],[-70,83],[-185,222],[-3,18],[16,32],[12,22],[33,26],[51,39],[18,2],[18,-8],[76,-63],[47,-30],[51,-44],[27,-27],[2,-29],[3,-28],[5,-24],[12,-18],[36,-38],[46,-26],[14,-17],[2,-26],[6,-24],[11,-10],[33,-16],[36,-12],[33,15],[68,31],[69,32],[38,11],[16,1],[21,-2],[51,-17],[129,-58],[13,29],[-106,44],[-21,17],[-25,20],[2,19],[11,15],[18,10],[84,168],[37,57],[21,11],[11,21],[4,21],[33,68],[36,57],[46,58],[68,73],[78,52]],[[35120,53172],[44,-303],[-9,-44],[-7,-14],[-12,-16],[-1,-19],[4,-10],[16,-3],[15,4],[11,-11],[-4,-18],[-43,-27],[-63,-27],[-155,-70],[-401,-191],[-376,-174],[-223,-102],[-35,-16],[-83,-56],[-53,-51],[-66,-79],[-49,-103],[-36,-19],[-67,35],[-17,26],[178,292],[409,595],[13,13],[34,10],[17,1],[30,-11],[21,0],[14,9],[14,19],[141,25],[362,68],[-29,157],[406,110]],[[35603,53928],[-144,3],[-57,-4],[-44,6],[-30,16],[-39,6],[-32,-3],[-35,-15],[-36,-19],[-44,-16],[-30,2],[-21,-1],[-81,-1],[-28,-4],[-27,16],[-9,29],[39,157],[43,161],[31,99],[19,35],[31,15],[118,74],[118,89],[65,42],[32,30],[29,44],[27,86],[173,1],[15,32],[76,9],[104,-14],[100,-10],[102,-9],[103,13],[31,-46],[15,-29],[5,-93],[3,-9],[-1,-56],[39,-45],[-8,-40],[-30,-4],[-78,-45],[-15,-4],[-19,18],[-68,-19],[-38,0],[-27,-11],[-23,-40],[-8,-36],[-4,-37],[0,-31],[12,-94],[-97,-28],[-32,-23]],[[2213,35909],[58,-67],[2,-93],[55,-14],[35,-118],[15,-91],[-27,-75],[-3,-66],[47,-70],[55,-114],[-37,-100],[-61,-95],[-96,-85],[-84,-34],[-73,-8],[-48,-59],[-5,-59],[-77,-97],[-162,60],[27,89],[23,58],[31,36],[79,91],[32,79],[-44,34],[-33,57],[-54,-22],[3,-154],[-92,-77],[-39,-47],[-44,2],[-47,30],[-29,75],[-48,187],[19,56],[5,50],[-32,10],[-54,-27],[5,-48],[11,-27],[-62,-93],[-71,-17],[-12,-105],[-32,-4],[-9,-70],[-65,-9],[-118,101],[-38,52],[-13,41],[-22,12],[-29,-23],[-47,-13],[-35,168],[30,98],[36,97],[91,101],[78,59],[74,-10],[93,138],[107,-51],[22,-45],[34,52],[119,112],[42,-52],[13,-64],[54,45],[40,159],[78,30]],[[40987,39489],[-9,-74],[4,-33],[22,-28],[52,-21],[114,-18],[140,-72],[3,-52],[-29,-79],[-55,-146],[-26,-17],[-40,-42],[2,-70],[-29,-78],[-54,-31],[-90,-4],[-78,10],[-116,-25],[-71,-13],[-87,-79],[-111,-66],[-114,-87],[-87,441],[-23,288],[2,112],[-17,51],[36,17],[94,69],[88,59],[78,54],[98,61],[36,22],[51,-42],[84,-23],[132,-84]],[[62773,72256],[-48,43],[-21,54],[-19,46],[-34,92],[-75,160],[-73,177],[-55,110],[-58,130],[-50,112],[-24,60],[-32,85],[-50,105],[-64,147],[-30,66],[6,18],[10,19],[26,13],[27,4],[12,-9],[12,-15],[138,-36],[163,-21],[88,-12],[56,-18],[24,-14],[20,-13],[28,-29],[77,-59],[7,-8],[-3,-12],[-26,3],[-49,7],[-92,16],[-49,-5],[-33,-13],[-20,-21],[-16,-37],[-9,-29],[-7,-26],[1,-19],[7,-18],[35,-15],[40,-8],[56,-5],[47,2],[22,-26],[23,-21],[42,-7],[41,5],[25,-3],[38,-37],[44,-18],[60,-15],[81,-14],[62,-11],[49,3],[43,-6],[55,-17],[47,-14],[45,-19],[40,-15],[40,-16],[30,-16],[32,-17],[20,-17],[35,-18],[41,-17],[33,-13],[35,-25],[28,-10],[15,-10],[50,-34],[42,-19],[44,-19],[40,-17],[36,-21],[27,-22],[12,-21],[17,-32],[20,-5],[1,16],[-18,39],[6,8],[13,1],[22,-13],[61,-43],[60,-31],[28,-19],[21,-26],[-7,-18],[-20,-21],[-27,-24],[-21,-23],[-13,-31],[-14,-63],[1,-43],[-5,-33],[7,-29],[6,-22],[-1,-27],[-21,-29],[-41,-2],[-40,-7],[-32,-19],[-19,-24],[-39,-13],[-41,-10],[-49,-12],[-61,-3],[-49,8],[-72,10],[-43,11],[-43,18],[-56,14],[-51,-7],[-61,-21],[-48,-16],[-49,-12],[-77,-9],[-40,1],[-29,12],[-10,21],[-7,31],[-2,35],[-7,24],[-18,16],[-46,25],[-59,22],[-29,-1],[-37,-16],[-27,-18],[-40,-16],[-20,-11],[-52,-33],[-23,-18],[-19,-12]],[[16030,52462],[15,18],[23,15],[148,70],[57,28],[44,15],[51,31],[27,25],[33,33],[41,5],[57,-93],[103,-190],[-3,-21],[9,-17],[18,-21],[15,-46],[37,-62],[23,-90],[8,-106],[12,-42],[15,-15],[66,-311],[16,-76],[40,-145],[41,-243],[14,-61],[16,-69],[13,-73],[20,-183],[6,-140],[-6,-25],[-23,-11],[-50,7],[-234,65],[-346,102],[-34,265],[16,25],[51,5],[57,-1],[28,26],[-3,120],[18,5],[0,26],[-21,17],[-18,16],[-66,-1],[6,-130],[-82,6],[-11,108],[-37,284],[-23,220],[-21,170],[-21,116],[-32,81],[-21,67],[-20,44],[-24,31],[-48,126]],[[29858,51306],[1,-23],[-6,-49],[-4,-39],[-11,-10],[-7,-3],[-475,22],[-19,4],[-7,5],[-6,35],[-23,68],[-11,86],[6,58],[-7,24],[-26,33],[-14,5],[-21,-5],[-44,19],[-70,52],[-92,78],[-108,112],[-47,41],[-13,10],[-7,27],[5,9],[185,135],[5,12],[-3,14],[-24,53],[1,11],[6,7],[229,145],[26,-2],[210,-321],[83,-127],[10,-29],[197,-327],[37,-55],[24,-37],[15,-24],[5,-14]],[[50409,72907],[-11,26],[-5,34],[-11,43],[-26,72],[-8,28],[-4,39],[1,38],[5,36],[10,34],[19,56],[20,62],[21,71],[26,74],[26,57],[29,66],[36,67],[20,40],[37,64],[41,92],[88,205],[64,148],[46,98],[31,69],[12,9],[14,7],[15,-4],[44,-25],[18,-17],[18,-13],[27,-7],[23,-9],[27,-22],[12,-18],[2,-21],[-7,-31],[-16,-38],[-19,-49],[-10,-32],[-4,-48],[4,-46],[14,-53],[9,-62],[3,-77],[3,-46],[-6,-9],[-13,-5],[-48,-14],[-63,-14],[-73,-19],[-42,-9],[0,-19],[247,60],[10,-3],[11,-14],[26,-58],[29,-65],[26,-63],[24,-79],[20,-88],[24,-117],[24,-120],[28,-102],[0,-15],[-7,-14],[-12,-7],[-17,-3],[-94,-14],[-156,-24],[-44,-9],[-52,-5],[-77,-18],[-52,-10],[-109,-18],[-130,-30],[-69,-18],[-22,-3],[-17,0],[-10,9]],[[42379,39900],[-80,4],[-126,13],[-180,26],[-94,3],[-54,14],[-14,9],[-21,18],[-25,8],[-28,-10],[-31,-3],[-18,5],[-35,8],[-18,18],[-10,17],[-12,9],[-24,2]],[[41803,40604],[19,-13],[82,-24],[29,-11],[28,-23],[18,-1],[63,-6],[140,-9],[43,-7],[189,1],[29,-13],[22,-16],[16,0],[16,4],[21,21],[19,24],[19,57],[0,27],[22,46],[19,7],[15,26],[18,7],[61,-11],[13,-14],[32,-13],[31,-12],[89,-12],[81,-13],[32,-14],[71,-26],[47,-23],[16,-11],[6,-14],[-4,-22],[7,-15],[51,-66],[33,-34],[24,-22],[27,-16],[57,-38],[21,48],[20,12],[22,0],[26,-14],[38,-11],[33,-7],[39,8],[47,-7],[61,-16],[113,-37],[54,-29],[23,-7],[47,2],[59,-19],[36,2],[95,-48],[104,-55],[83,-52],[278,-154],[66,-30],[29,-25],[19,-28],[1,-28],[-10,-37],[-11,-29],[9,-15],[9,-22],[-4,-19],[-20,-25],[-19,-16],[16,-23],[4,-36],[-11,-57],[-2,-35],[10,-33],[-5,-19],[-11,-18],[-14,-32],[-8,-33],[3,-58],[-14,-36],[3,-49],[0,-43],[-14,-37],[-13,-34],[-24,-45],[-5,-28],[7,-17],[3,-21],[0,-32],[4,-15],[-8,-15],[-29,-23],[-37,-32],[-18,-21],[-28,-2],[-21,-8],[-45,-42],[-52,-16],[-75,-21],[-83,-41],[-60,-7],[-32,10],[-68,-16],[-63,11],[-48,1],[-41,-8],[-78,-26],[-58,17],[-33,-4],[-61,-22],[-59,-15],[-41,7],[-31,0],[-30,-6],[-29,-19],[-26,-11],[-72,-9],[-46,-1],[-28,-29],[-28,2],[-26,-22],[-17,5],[-45,-25],[-22,4],[-27,15],[-26,-3],[-74,-19],[-59,-15],[-37,-12],[-25,-10],[-28,-2],[-25,6],[-40,9],[-51,3],[-41,20],[-46,25],[-26,6],[-21,10],[-13,7],[-26,29],[-9,35],[-31,69],[-13,33],[-1,19],[2,68],[22,66],[33,28],[46,2],[17,3],[18,13],[46,10],[22,7],[13,17],[17,38],[23,90],[4,62],[2,35],[12,23],[32,12],[23,8],[16,-20],[9,-16],[13,-3],[19,7],[16,53],[32,123],[20,113],[14,7],[19,1],[12,-14],[16,-6],[20,-4],[73,0],[68,2],[168,33],[57,11],[105,33],[74,19],[430,79],[68,11],[4,13],[-4,26],[-8,11],[-19,0],[-33,3],[-19,6],[-50,-17],[-35,-1],[-53,1],[-48,-13],[-33,-7],[-60,-12],[-43,-15],[-69,-3],[-44,-11],[-53,-2],[-38,-9],[-36,-20],[-45,-14],[-7,7],[-4,61],[-4,20],[-20,11],[-19,14],[-12,7],[-19,-3],[-31,-25],[-53,-36],[-13,6],[-26,49],[-15,24],[-13,30],[-44,39],[-28,17],[-2,18],[0,30],[16,46],[9,15],[-47,0],[-180,-22],[-53,-5]],[[40656,63639],[28,-7],[30,-15],[33,-24],[50,-36],[38,-45],[42,-55],[10,-10],[14,-2],[26,-2],[72,-4],[63,-8],[61,-15],[24,-2],[17,4],[52,25],[74,35],[59,23],[121,23],[54,12],[32,1],[44,-7],[43,-10],[54,0],[73,6],[82,13],[55,5],[23,-3],[60,-12],[36,-15],[35,-16],[25,-13],[71,-70],[48,-67],[14,-29],[33,-32],[21,-17],[34,-49],[25,-32],[7,-16],[-1,-20],[-20,-43],[-3,-14],[6,-31],[-37,-30],[-27,-21],[-11,-14],[2,-27],[-11,-27],[-2,-18],[1,-45],[5,-26],[-14,-12],[-4,-14],[-3,-14],[-12,-11],[-13,2],[-26,29],[-36,41],[-28,27],[-32,19],[-47,18],[-41,11],[-97,8],[-141,10],[-251,33],[-223,30],[-197,40],[-235,56],[-110,12],[-78,9],[-29,11],[-105,120],[-129,128],[-29,40],[-1,14],[33,29],[122,60],[19,9],[75,73],[21,6],[26,-2]],[[35359,26614],[15,26],[24,0],[16,-22],[0,-10],[-6,-12],[-26,-10],[-23,28]],[[16706,41976],[-7,10],[-12,30],[-36,87],[35,23],[41,17],[43,13],[107,34],[103,30],[66,29],[35,37],[21,52],[7,-46],[16,-115],[16,-70],[-1,-16],[-353,-102],[-60,-10],[-21,-3]],[[29775,46955],[-3,26],[186,524],[7,15],[11,8],[13,0],[15,-5],[8,-12],[0,-14],[-72,-261],[-7,-43],[-55,-255],[-5,-11],[-5,-7],[-32,0],[-17,3],[-44,32]],[[18823,40428],[29,17],[31,-27],[29,-51],[8,-53],[-8,-57],[-40,-99],[-42,-96],[-32,-13],[-39,24],[-32,27],[-36,23],[36,90],[96,215]],[[15905,43468],[31,-22],[12,-14],[4,-13],[0,-11],[-8,-11],[-47,-20],[-40,-10],[-36,4],[-39,12],[-29,-6],[-27,-13],[-38,-24],[-26,2],[-41,29],[-19,9],[-21,1],[-22,-10],[-14,-18],[-17,5],[-24,12],[-45,4],[-82,31],[-75,37],[-39,51],[-17,41],[-4,13],[4,4],[10,-5],[26,-24],[72,-51],[26,-5],[27,-10],[41,-24],[16,-4],[23,5],[27,15],[21,0],[37,-5],[30,-7],[43,-13],[19,0],[20,11],[15,18],[19,10],[32,10],[47,12],[31,-4],[30,-8],[29,-1],[18,-3]],[[12889,38024],[-7,-71],[6,-31]],[[12888,37922],[-93,-21],[-75,-2],[-79,-9],[-67,10],[-3,35],[78,30],[40,33],[-20,45],[-39,46],[-109,56],[3,53],[79,-8],[67,-28],[57,-41],[77,-64],[85,-33]],[[31305,46828],[77,137],[26,-2],[38,138]],[[31446,47101],[61,-10],[66,-36],[5,-10],[-180,-321],[-8,-6],[-11,0],[-93,28],[-7,10],[-2,10],[28,62]],[[15989,41790],[2,18],[14,28],[33,28],[37,28],[99,70],[55,34],[29,14],[34,4],[33,15],[26,11],[27,2],[34,1],[14,-20],[-20,-19],[-78,-38],[2,-11],[17,-27],[23,-1],[3,-15],[-19,-25],[-40,-46],[-69,-66],[-42,-29],[-83,-42],[-29,-2],[-34,-5],[-36,-9]],[[16021,41688],[-32,102]],[[31326,43988],[14,-1],[9,-9],[4,-13],[-6,-26],[-43,-124],[-37,-112],[-30,-87],[-34,-80],[-12,-31],[-19,-29],[-116,-103],[-63,-56],[-39,40],[135,250],[150,265],[48,84],[11,13],[17,8],[11,11]],[[32454,49785],[57,26],[74,31],[22,7],[13,-11],[-10,-46],[-21,-84],[-45,-137],[-17,-54],[1,-17],[-3,-15],[-37,-37],[-22,-32],[-21,-51],[-18,-72],[-27,-102],[-14,-23],[-20,-6],[-13,3],[-14,16],[-4,30],[105,559],[14,15]],[[31790,33222],[28,-25],[27,-10],[128,-15],[60,-19],[19,-9],[55,-11],[27,-9],[-80,-46],[-48,-60],[-59,-50],[-29,-15],[-40,3],[-23,31],[-69,185],[-11,41],[15,9]],[[32517,30100],[3,30],[126,114],[84,-30],[36,-24],[55,37],[45,-44],[-105,-87],[-92,-58],[-91,-1],[-61,63]],[[27545,47324],[-12,-57],[-16,-101],[-49,34],[-80,91],[-11,49],[-49,115],[-39,133],[38,24],[152,-40],[78,-29],[-4,-121],[-8,-98]],[[16021,41688],[-19,-2],[-15,0],[-15,-14],[-20,-29],[-64,-35],[-42,-17],[-50,-23],[-87,-26],[-24,-9],[-11,-12],[-8,-15],[-3,-17],[-12,-10],[-94,-27],[-58,-14],[-37,3],[-44,16],[-164,-2],[-23,6],[36,26],[51,19],[26,2],[43,4],[30,7],[26,7],[30,0],[16,7],[21,13],[34,31],[14,5],[21,1],[36,0],[43,6],[45,14],[35,12],[16,10],[21,9],[8,10],[24,6],[17,10],[16,17],[10,1],[10,7],[42,53],[25,13],[26,27],[20,13],[16,-1]],[[16795,43521],[42,-32],[30,-23],[29,-23],[37,-30],[74,-76],[70,-78],[31,-44],[6,-19],[-20,-13],[-52,-20],[-64,-24],[-49,-16],[-25,-9],[-31,10],[-19,32],[-51,82],[-30,64],[-2,54],[8,64],[16,101]],[[16704,46551],[91,-10],[-11,-81],[-137,-514],[-11,-61],[-37,4],[-19,28],[-11,104],[-18,69],[7,103],[33,42],[33,43],[38,77],[31,61],[2,71],[9,64]],[[17128,42060],[21,-63],[20,-64],[-406,-135],[-6,71],[7,33],[11,30],[22,15],[179,71],[17,-24],[63,15],[1,34],[71,17]],[[19614,42802],[68,-11],[194,68],[278,80],[44,-72],[-10,-83],[-12,-169],[-47,-72],[-81,-32],[-155,-23],[-9,57],[-44,43],[-67,-47],[-81,-17],[-15,-62],[-192,-28],[-123,-32],[-42,-14],[-46,97],[84,44],[15,80],[18,65],[47,52],[42,52],[-46,65],[-84,-20],[-25,-114],[-118,-31],[-138,-2],[-61,56],[-39,82],[3,42],[64,62],[8,62],[-98,31],[-78,46],[-88,33],[-22,37],[-14,82],[5,55],[35,45],[10,67],[91,2],[52,-18],[126,-136],[79,-20],[16,-68],[61,-60],[22,-15],[-21,65],[-22,62],[-26,83],[-54,53],[-105,83],[-63,82],[-12,78],[25,47],[40,37],[73,-1],[24,-152],[12,-65],[55,-97],[210,138],[119,-151],[-105,-19],[0,-284],[29,-8],[129,64],[59,19],[78,-3],[74,52],[47,-45],[41,-23],[54,-18],[88,-33],[76,-20],[-132,-27],[-96,-11],[-50,-47],[-108,-42],[-66,-76]],[[28315,32750],[196,-13]],[[28511,32737],[-16,-162],[-5,-35],[-4,-35],[-5,-31],[-10,-74],[-4,-53],[-10,-82],[-10,-49],[-9,-58],[-19,-33],[-34,-3],[-497,42],[-52,12],[-2,35],[1,88],[11,285],[114,-3],[-14,-169],[179,-7],[2,99],[45,24],[40,9],[95,-1],[-2,48],[10,166]],[[29310,28964],[-126,7],[-20,78],[55,87],[11,76],[2,89],[-25,48],[-14,27],[-26,28],[-22,56],[22,57],[41,94],[-54,42],[15,25],[49,11],[82,109],[53,-12],[10,35],[57,-1],[80,57],[114,-123],[-6,-46],[-31,-7],[2,-27],[-60,-52],[24,-58],[-132,-89],[103,-111],[-60,-75],[-53,-111],[-22,-57],[-7,-164],[-62,7]],[[35143,32688],[65,-126],[16,-47],[37,-91],[6,-107],[-3,-74],[-14,-80],[-9,-77],[-7,-58],[-12,-95],[-11,-108],[-35,-102],[-12,-62],[6,-96],[-78,-148],[-25,-1],[-59,-45],[-76,-2],[-49,-37],[-84,-47],[-36,2],[-98,63],[16,35],[-28,28],[-214,138],[18,61],[109,43],[73,69],[122,38],[72,55],[27,52],[41,43],[17,54],[34,-13],[28,23],[-6,27],[34,51],[-11,36],[31,88],[13,57],[51,96],[-16,24],[-27,20],[-20,7],[-52,20],[-23,34],[4,37],[27,92],[35,135],[25,17],[98,-29]],[[14752,35633],[-157,-15],[-127,-2],[-137,-5],[-32,-3],[-14,25],[-8,72],[-14,-1],[2,-68],[-16,-23],[-25,-9],[-108,4],[-220,25],[-147,13],[-184,36],[-150,40],[-100,37],[-77,32],[-80,82],[-30,51],[-62,82],[61,47],[57,18],[43,-53],[24,-74],[45,-82],[62,-43],[64,-17],[80,-20],[57,9],[113,0],[59,-11],[96,-5],[79,10],[42,40],[58,19],[58,38],[46,47],[33,75],[15,36],[39,53],[8,58],[12,53],[23,46],[67,5],[102,-44],[21,-48],[12,-51],[2,-60],[-5,-22],[-2,-50],[6,-45],[27,-36],[41,-31],[49,-23],[57,31],[16,50],[25,71],[7,81],[16,33],[35,7],[40,-17],[83,-51],[49,-17],[17,-45],[-40,-98],[-34,-77],[-19,-36],[-30,-32],[3,-47],[-8,-36],[-25,-29]],[[32238,45673],[30,81],[22,32],[35,9],[55,12],[20,49],[86,15],[53,8],[52,15],[54,14],[24,-12],[45,-66],[25,-31],[29,-36],[27,-36],[32,-25],[30,7],[61,-8],[16,-28],[-5,-72],[-11,-160],[-2,-16],[178,-14],[106,-7],[57,2],[13,-72],[43,-12],[41,-14],[7,-40],[-8,-36],[-31,-21],[-71,0],[-122,-19],[-113,-11],[-73,3],[-49,8],[-133,13],[-84,-21],[-57,-5],[-84,-1],[-128,-13],[-86,-19]],[[32322,45146],[83,368],[-203,66],[36,93]],[[16377,44293],[3,98],[57,309],[58,308],[99,469],[79,338],[25,12],[20,-23],[17,-54],[20,-67],[17,-40],[52,-39],[41,-50],[26,-58],[13,-40],[-36,-211],[-69,-210],[-14,-276],[-47,-276],[-13,-75],[-11,-67],[-15,-58],[-8,-43],[-26,-41],[-100,15],[-193,41],[5,38]],[[25290,40093],[33,-22],[17,-15],[7,-23],[5,-52],[15,-130],[10,-109],[-4,-69],[15,-46],[2,-17],[5,-35],[-1,-56],[1,-56],[-1,-154],[-3,-32],[-210,64],[-9,27],[-23,44],[-17,50],[-22,29],[-23,27],[-77,70],[-87,80],[-25,31],[-46,23],[-59,62],[-30,15],[-25,18],[-27,32],[1,49],[-17,48],[-11,72],[-4,70],[-5,55],[-9,60],[-8,39],[-3,47],[10,72],[23,-3],[53,-14]],[[24741,40344],[549,-251]],[[32119,35647],[3,-68],[33,-64],[22,-68],[31,-193]],[[32208,35254],[-34,0],[-73,65],[-32,-3],[-38,-13],[-68,-37],[-13,-20],[-36,-34],[-100,-79],[-62,-53],[55,-49],[-6,-25],[-64,-18],[-124,1],[-73,24],[-94,6],[-131,-12],[-62,32],[2,31],[47,68],[56,77],[50,82],[-28,128],[1,75],[-9,20],[45,111],[32,27],[139,21],[183,12],[98,-2],[126,0],[99,8],[25,-50]],[[18674,35927],[13,-1],[38,31],[43,48],[21,26],[8,11],[-10,24],[-31,43],[-72,86],[-44,49],[-31,36],[-34,28],[-26,28],[-42,46],[-15,41],[-9,44],[-14,44],[-22,58],[-6,27],[-1,42],[-7,35]],[[18433,36673],[101,-110],[112,-52],[117,-36],[110,-51],[101,-69],[97,-66],[62,-77],[25,-92],[9,-41],[220,-138],[45,43],[6,52],[141,-65],[38,-64],[-131,-102],[-135,-64],[-84,-31],[-105,-5],[-116,-16],[-187,95],[-185,143]],[[31419,45670],[10,21],[353,-286],[357,-304],[-23,-34],[-219,-171],[-25,-19],[-15,28],[-24,55],[-94,57],[-12,-36],[27,-44],[-17,-31],[-3,-29],[9,-4],[32,-25],[19,-34],[-359,-266],[-19,22],[3,1100]],[[17915,41953],[269,-425],[-144,-145],[-78,-62],[-73,-31],[-60,19],[-68,28],[-47,24],[-75,36],[-14,-38],[-50,-15],[-105,-7],[-150,-5],[-60,401],[-2,14],[657,206]],[[31546,34364],[16,-40],[-36,-144],[-34,-53],[-2,-70],[-39,-110],[-24,-94],[-4,-52],[35,-48],[28,-23],[53,-5],[81,-9],[88,-1],[94,-6],[86,-24],[85,-23],[30,-39],[-51,-44],[-25,2],[-58,-28],[-74,14],[-102,-6],[-104,-6],[-69,37],[-73,12],[-55,24],[-68,49],[-72,75],[-29,48],[-22,19],[-48,58],[64,31],[-40,60],[47,33],[-52,69],[-38,74],[-22,40],[-22,49],[80,38],[76,8],[156,34],[144,51]],[[16558,45798],[64,44],[17,-20],[-156,-680],[-62,9],[-18,-94],[55,-22],[-75,-356],[-70,-329],[-23,-42],[-38,57],[-16,37],[7,69],[-35,49],[-20,70],[-1,74],[-12,57],[-25,33],[-22,45],[-18,54],[-5,43],[-1,58],[7,69],[-8,70],[-8,63],[1,42],[11,43],[10,75],[-34,35],[-53,59],[-32,41],[-6,40],[18,14],[17,13],[21,4],[98,-4],[113,9],[60,53],[93,70],[55,15],[45,42],[46,91]],[[27651,48167],[-61,-31],[-88,31],[-82,34],[-157,119],[-190,161],[-189,159],[-141,125],[-50,43],[6,12],[109,174],[67,113],[27,41],[148,-137],[198,-180],[61,-82],[30,-38],[66,-54],[121,-115],[119,-119],[88,-70],[-19,-51],[-42,-87],[-21,-48]],[[28106,49367],[21,-4],[13,-40],[22,-86],[7,-29],[127,-183],[83,-138],[2,-10],[2,-11],[-33,-113],[-12,-10],[-497,15],[-12,4],[-22,25],[-5,13],[-2,51],[2,19],[12,66],[9,32],[31,73],[84,159],[14,21],[42,44],[77,76],[35,26]],[[27032,33610],[45,-27],[-21,-60],[-108,27],[22,66],[62,-6]],[[20876,43176],[153,-87],[-2,-44],[-230,-436],[-74,-81],[-257,-387],[-53,-26],[-33,-18],[-70,-7],[-89,-27],[-66,-18],[-48,-17],[-45,-10],[-49,-16],[-57,-40],[-112,-129],[-243,-313],[-123,-159],[-53,-56],[-31,-29],[-135,-29],[-99,-18],[-61,-24],[-57,-36],[-44,-40],[-15,25],[738,689],[405,390],[251,241],[94,103],[149,229],[91,150],[97,154],[68,66]],[[31305,46828],[-56,20],[-79,34],[-72,28],[-13,0],[-7,-6],[-15,-52],[-15,-38],[-17,-62],[-15,-46],[-4,-1],[-115,50],[-77,53],[-75,35],[-45,10],[-126,56],[-24,4],[-70,40],[-14,28],[-1,14],[28,76],[19,51],[4,16],[2,14],[20,77],[10,12],[12,2],[19,-5],[31,-18],[17,-8],[20,-6],[30,-11],[44,-12],[17,8],[18,125],[27,-7],[6,20],[18,-2],[8,63],[-61,14],[-7,-43],[-15,-11],[-13,-16],[-12,0],[-34,48],[-19,27],[-7,24],[0,37],[10,33],[10,22],[29,24],[34,26],[38,16],[34,15],[37,10],[10,-33],[8,-19],[13,-16],[30,-9],[35,-17],[58,-14],[54,-13],[31,-12],[-23,-97],[8,-13],[91,-27],[29,85],[34,-21],[3,-15],[-1,-37],[34,-57],[224,-58],[-31,-109],[0,-33]],[[27833,48652],[221,3],[385,8],[27,-2],[20,-12],[20,-28],[5,-19],[19,-138],[11,-7],[48,17],[35,2],[15,-8],[90,-118],[77,-118],[111,-158],[29,-29],[38,-23],[58,-26],[70,-13],[63,2],[42,6],[11,2],[3,-12],[-19,-23],[-12,-35],[-1,-33],[-11,-27],[-34,-54],[-24,-19],[-49,-49],[-20,-37],[-9,0],[-131,147],[-213,242],[-11,16],[-35,29],[-68,57],[-16,6],[-21,-6],[-44,-8],[-124,-18],[-116,-20],[-80,-5],[-109,-13],[-40,56],[-36,34],[-48,39],[-48,25],[-17,16],[-18,66],[-45,140],[-16,118],[2,14],[15,13]],[[32752,44851],[27,-102],[77,-153],[62,-120],[52,-140],[42,-113],[16,-122],[17,-75],[-300,165],[-51,36],[-49,21],[-111,1],[-74,5],[-120,55],[-111,70],[-68,58],[-83,72],[-23,139],[-17,62],[91,53],[75,51],[107,-17],[63,7],[57,36],[75,21],[22,41],[128,74],[43,5],[13,-104],[40,-26]],[[14889,39215],[4,-11],[9,-77],[-8,-130],[4,-72],[7,-97],[-2,-49],[-18,-139],[-23,-115],[0,-28],[-5,-226],[19,-9],[9,-17],[21,-109],[3,-135],[33,-183],[7,-21],[8,-18],[42,-82],[45,-67],[12,-26],[3,-27],[2,-30],[1,-108],[-11,-164],[-1,-19],[3,-25],[15,-55],[2,-48],[3,-30],[31,-77],[-1,-21],[-6,-35],[-21,-111],[-3,-56],[-1,-97],[3,-29],[9,-13],[27,-13],[68,-36],[41,-12],[62,-23],[74,-46],[1,-10],[-2,-14],[1,-13],[13,-29],[57,-76],[20,-27],[-16,-17],[-4,-10],[49,-45],[23,20],[51,-31],[32,-22],[14,-14],[-5,-82],[-5,-18],[-12,-3],[-507,239],[-184,90],[-14,21],[-5,29],[-9,65],[-16,72],[-10,49],[-12,95],[2,135],[9,74],[7,55],[10,75],[3,90],[-18,110],[-8,18],[-4,25],[2,12],[9,11],[26,13],[17,6],[8,13],[-4,21],[-20,17],[-13,10],[-9,15],[-1,48],[-36,110],[-7,48],[-23,60],[-27,43],[-41,70],[-30,51],[-10,104],[-27,93],[-11,45],[-21,81],[-9,61],[-9,33],[-21,44],[-13,46],[-7,27],[5,35],[13,27],[10,13],[17,8],[-17,17],[-5,12],[1,11],[32,148],[-1,29],[-7,25],[-7,34],[-1,51],[4,61],[-8,27],[-30,63],[-15,33],[-31,105],[-15,64],[-12,29],[3,8],[9,4],[53,-4],[110,-15],[101,-26],[34,-9],[26,-1],[69,7],[11,-3]],[[19051,37751],[3,-27],[-8,-19],[-33,-54],[-42,-93],[-8,-27],[-8,-20],[-18,-18],[-24,-25],[-16,-19],[-26,-30],[-44,-39],[-22,-25],[-14,-31],[-9,-33],[-7,-42],[-3,-56],[2,-74],[2,-110],[1,-45],[-4,-23],[-17,-21],[-28,-24],[-52,-29],[-41,-19],[-36,-15],[-48,-1],[-80,10],[-11,2],[-12,10],[1,10],[70,174],[11,43],[1,25],[-6,20],[-8,19],[-5,16],[3,24],[20,85],[7,71],[7,39],[11,28],[11,28],[13,29],[33,82],[60,176],[-2,9],[-9,12],[-1,17],[10,45],[21,66],[10,8],[18,8],[22,2],[35,-4],[19,-4],[13,-7],[9,-22],[28,-3],[45,-2],[26,3],[14,-4],[28,-14],[33,-16],[27,-26],[23,-18],[5,-22]],[[19390,40785],[-28,-74],[-42,-149],[-14,-131],[-32,-142],[-11,-91],[-25,-72],[-29,-79],[-46,-125],[-286,113],[77,161],[34,82],[-3,65],[-13,58],[-34,67],[-13,61],[7,105],[68,213],[85,12],[101,-23],[50,-12]],[[19236,40824],[154,-39]],[[12889,38024],[33,69],[27,126],[10,100],[-8,118],[-19,109],[-11,64],[6,92],[-48,104],[-9,44],[-6,75],[4,53],[5,82],[3,49],[5,47],[-38,107],[6,74],[15,119],[-6,71],[0,57],[0,37],[58,19],[9,-33],[8,-105],[15,-81],[6,-72],[16,-45],[15,-44],[14,-20],[-1,-72],[-16,-69],[-12,-74],[15,-102],[44,-159],[54,-156],[24,-88]],[[13107,38520],[-1,-99]],[[13106,38421],[13,-77],[-19,-117],[-20,-64],[-4,-110],[-13,-153],[-7,-90],[-19,-84],[-1,-84],[-7,-90],[0,-93],[-1,-87],[-7,-72],[-13,-102],[0,-53],[-1,-72],[6,-68],[-1,-47],[-5,-27],[0,-25],[-1,-84],[-19,-59],[0,-68],[-23,-90],[9,-56],[39,-131],[132,-296],[-6,-42],[-114,-73],[-122,-81],[-48,15],[-57,47],[-46,68],[-20,122],[-21,131],[-15,96],[13,94],[7,80],[25,103],[4,118],[26,72],[24,27],[28,56],[10,90],[-8,168],[8,196],[4,103],[19,112],[16,143],[17,155]],[[33038,43997],[-26,-80],[-20,-44],[-10,-37],[-20,-77],[-1,-58],[-13,-56],[-30,-55],[-54,-101],[-43,11],[-104,33],[-80,50],[-71,29],[-43,13],[-78,37],[-67,44],[-50,40],[-66,55],[-39,33],[-54,46],[-74,113],[-47,92],[-29,69],[-3,75],[-21,95],[-66,-50],[-55,51],[-84,10],[-62,88],[-38,50],[-18,24],[-30,37],[-35,44],[279,222],[150,110],[44,-52],[57,35],[26,-30],[19,-23],[5,-18],[-92,-62],[-88,-32],[-14,-36],[16,-91],[20,-52],[22,-42],[51,-98],[54,-19],[93,-66],[71,-58],[129,-71],[104,-16],[78,-1],[51,-6],[46,-4],[61,-20],[249,-151]],[[32416,50094],[-268,-1672],[-6,-14],[-11,-4],[-16,7],[-548,477],[87,195],[6,3],[59,-21],[-3,15],[4,21],[17,19],[18,28],[12,44],[10,33],[24,61],[15,36],[-4,24],[-20,17],[-28,10],[-45,10],[-120,30],[-112,59],[10,16],[9,20],[10,17],[30,35],[59,83],[90,63],[23,24],[32,41],[30,16],[16,28],[15,52],[21,25],[30,58],[25,39],[36,26],[43,31],[39,14],[97,23],[117,18],[57,5],[98,18],[23,4],[13,-5],[6,-29]],[[16390,38018],[38,-48],[49,-39],[25,-28],[22,-48],[24,-38],[38,-43],[158,-133],[79,-80],[18,-24]],[[16841,37537],[-12,-10],[33,-64],[9,-16],[25,-22],[34,-32],[-5,-17],[-302,-339],[-105,-116],[-39,-30],[-24,-29],[-32,-54],[-34,-71],[-12,-21],[-8,-3],[-6,4],[-4,44],[-4,36],[-33,57],[-21,34],[-19,47],[-8,7],[-33,21],[-1,-13],[8,-30],[14,-46],[11,-49],[32,-87],[21,-77],[2,-23],[-5,-29],[-12,-18],[-30,-8],[-82,-31],[-182,-48],[-91,-13],[-94,-23],[-77,-15],[-17,6],[-8,18],[-5,18],[40,61],[34,34],[74,104],[30,39],[42,42],[36,28],[38,32],[29,47],[15,54],[64,188],[45,163],[6,50],[8,35],[17,38],[15,35],[110,123],[55,65],[79,78],[12,20],[4,16],[-5,23],[-8,26],[-148,197],[-10,21],[-1,13],[8,6],[23,-2],[21,-3],[32,-10]],[[34838,28575],[17,-1],[16,-6],[129,-98],[321,-221],[128,-91],[51,-28],[155,-82],[35,-26],[1,-8],[-24,-25],[-9,-13],[-4,-14],[-1,-20],[4,-21],[36,-89],[34,-57],[6,-28],[-2,-16],[-15,-28],[-66,-58],[-75,-59],[-70,-34],[-32,-17],[-53,-39],[-47,-20],[-12,-2],[-16,-8],[-13,-16],[-6,-18],[-3,-25],[-2,-15],[-2,-9],[-40,-24],[-35,-23],[-8,-1],[-80,29],[-77,35],[-6,6],[-1,70],[10,24],[8,12],[83,117],[7,15],[-3,11],[-9,10],[-72,43],[-74,35],[-10,4],[-14,2],[-39,1],[-40,2],[-29,7],[-21,9],[-133,90],[-132,99],[-14,14],[-9,20],[-2,18],[5,11],[7,10],[31,21],[8,12],[7,26],[46,50],[15,19],[8,18],[1,14],[-2,15],[-5,7],[-17,16],[-3,11],[4,12],[68,128],[20,48],[12,52],[4,30],[39,58],[11,9]],[[18184,38665],[-140,-307],[-8,-1],[-18,6],[-91,24],[-6,-22],[-47,-92],[0,-11],[5,-11],[10,-9],[75,-29],[5,-42],[-104,-231],[-20,-2],[-59,19],[-18,-1],[-41,-103],[71,-35],[6,-9],[-360,-798],[-17,-3],[-606,103],[-7,10],[3,9],[264,282],[104,127],[83,90],[35,32],[23,28],[59,97],[75,136],[35,42],[-4,17],[44,100],[179,391],[33,83],[68,139],[11,8],[14,3],[267,-8],[63,-9],[5,-11],[9,-12]],[[18961,41258],[-98,106],[-46,56],[-28,13],[-63,-38],[-95,-33],[-78,-54],[-130,-81],[-115,185],[62,54],[107,99],[115,110],[75,59],[79,-20],[17,22],[29,29],[48,24],[76,47],[45,38],[68,9],[74,70],[15,66],[-6,59],[-5,70],[-12,29],[25,33],[32,24],[12,-8],[17,-34],[33,-52],[37,-44],[49,-21],[49,6],[78,6],[68,-13],[84,-76],[28,-9],[33,-2],[131,47],[-15,55],[-40,67],[50,93],[36,13],[178,79],[99,48],[39,-58],[2,-26],[-1112,-1057],[-47,10]],[[13576,35265],[-224,98],[-97,6],[-122,-69],[-166,-111],[-63,12],[-53,28],[-56,0],[-32,-12],[-40,-21],[-96,-19],[-74,-26],[-74,27],[-13,37],[21,15],[44,22],[47,31],[6,90],[-21,115],[-44,28],[-59,34],[-71,-19],[-57,-26],[-40,-7],[-25,45],[34,42],[119,46],[123,1],[84,76],[84,6],[97,50],[53,31],[81,-20],[212,-75],[330,-81],[179,-34],[276,-54],[208,0],[67,-3],[-4,-125],[-62,2],[-53,-33],[-60,-30],[-459,-77]],[[31838,47356],[230,400],[34,60],[26,102],[24,145],[131,-7],[-5,-48],[58,-3],[66,-91],[19,-69],[-6,-79],[-21,-64],[-20,-51],[-12,-48],[24,-55],[27,-61],[7,-58],[3,-90],[-18,-70],[-36,-96],[-27,-84],[-150,-240],[-240,-321],[-26,54],[16,42],[-57,53],[-59,-13],[-64,-61],[-54,-68],[-49,20],[-143,78],[-66,46],[269,474]],[[31719,47153],[533,-76],[36,84]],[[32288,47161],[14,52]],[[32302,47213],[-1,87],[-463,56]],[[16390,38018],[-18,25],[-37,35],[-27,16],[-43,30],[-34,33],[-16,11],[-21,23],[-57,76],[-29,30],[-61,104],[-23,28],[-16,14],[-20,23],[-19,53],[-9,31],[1,24],[8,20],[21,16],[16,8],[16,-5],[28,-30],[20,-9],[45,-55],[26,-39],[7,-28],[10,-9],[80,-83],[15,-25],[18,-19],[115,-99],[124,-104],[40,-30],[43,-36],[27,-33],[23,-18],[21,-11],[21,-7],[21,-2],[24,4],[36,14],[85,24],[25,4],[11,6],[13,19],[24,45],[42,49],[23,10],[26,26],[19,13],[26,3],[42,-4],[37,-4],[23,-12],[24,-3],[27,-3],[20,-18],[26,-8],[24,2],[34,3],[34,12],[29,16],[27,23],[16,30],[20,59],[34,115],[44,99],[14,43],[40,76],[16,56],[3,61],[9,35],[6,21],[12,5],[13,-3],[13,-8],[19,-28],[13,-14],[8,-22],[12,-12],[17,-15],[7,-11],[0,-16],[-11,-24],[-18,-21],[-10,-12],[-11,-21],[-12,-62],[-29,-60],[-37,-73],[-73,-159],[-99,-209],[-62,-132],[-59,-102],[-25,-34],[-142,-162],[-89,-89],[-24,-15],[-13,-11],[-31,-50],[-21,-9],[-33,24],[-73,87],[-10,3]],[[33253,31717],[-182,-173],[-47,-61],[-116,-144],[-167,-204],[-59,-65],[-10,-17],[0,-17],[14,-27],[36,-33],[37,-34],[21,-22],[23,-44],[10,-21],[-5,-22],[-17,-15],[-35,-14],[-29,-11],[-14,-19],[-10,-34],[-18,-35],[-39,-59],[-13,-8],[-10,8],[-46,67],[-15,9],[-12,-8],[-33,-55],[-30,-14],[-11,-9],[-50,-79],[-31,-14],[-17,-19],[-18,-35],[-2,-18],[6,-13],[68,-83],[44,-40],[42,-24],[48,-37],[11,-18],[5,-19],[-6,-18],[-68,-66],[-11,2],[-12,2],[-206,207],[-35,36],[-22,14],[-13,37],[1,14],[44,74],[60,79],[13,19],[36,75],[18,43],[38,108],[42,123],[-5,22],[-25,15],[-10,9],[-16,47],[-16,117],[1,32],[5,18],[24,45],[28,37],[20,14],[23,10],[18,10],[7,15],[8,22],[31,40],[8,12],[3,20],[9,63],[43,123],[5,21],[-1,9],[-9,8],[-120,59],[-12,23],[4,12],[8,9],[12,5],[20,-3],[38,18],[27,4],[50,0],[95,-10],[34,4],[27,6],[38,31],[18,4],[30,-18],[19,-8],[48,-10],[40,-7],[29,-15],[90,-18],[151,-45],[5,-7],[-10,-12]],[[18674,35927],[-76,33],[-38,22],[-46,37],[-58,36],[-163,71],[-57,32],[-36,23],[-34,44],[-50,32],[-21,13],[-30,21],[-33,9],[-34,1],[-50,-18],[-33,-4],[-33,-14],[-17,-33],[-38,-21],[-72,-18],[-187,-28],[-272,-55],[-170,-33],[-10,2],[-6,4],[1,11],[207,480],[67,-22],[256,-101],[20,5],[48,109],[123,303],[15,18],[423,-64],[57,-22],[55,-47],[29,-46],[22,-34]],[[14242,34347],[105,-43],[90,-52],[50,-38],[13,-14],[26,-41],[1,-13],[-27,-76],[-34,-79],[-7,-12],[-7,-5],[-37,-12],[-249,-61],[-223,-55],[-62,-19],[-37,-14],[-64,-23],[-43,-18],[-19,-8],[-47,-5],[-16,0],[-137,47],[-123,51],[-13,7],[-44,45],[-54,61],[-33,43],[-10,15],[-8,22],[-10,56],[3,16],[10,13],[93,50],[109,59],[21,9],[214,70],[154,47],[132,32],[15,1],[27,-7],[15,-11],[11,-4],[54,-7],[138,-18],[23,-9]],[[32503,46215],[3,-113],[2,-71],[-19,-69],[-37,-45],[-83,34],[-48,47],[-25,-6],[-21,-48],[-35,23],[-18,-31],[-107,50],[19,44],[-45,18],[-25,-48],[-34,-65],[-14,-30],[-368,184],[249,331],[9,1],[133,-47],[168,-58],[112,-38],[90,-30],[94,-33]],[[29444,48014],[53,131],[44,105],[7,26],[10,33],[6,32],[2,21],[-2,30],[-6,32],[-23,62],[-52,110],[-27,51],[28,31],[12,2],[92,-31],[178,-69],[243,-96],[196,-82],[17,-19],[0,-6],[-28,-89],[-52,10],[-15,-2],[-36,-93],[2,-14],[42,-18],[4,-7],[0,-10],[-7,-28],[-171,-456],[-12,-4],[-17,-1],[-143,49],[-102,43],[-15,-13],[-3,-139],[-20,-9],[-20,10],[-263,148],[-4,6],[4,32],[4,30],[12,44],[14,39],[48,109]],[[29800,28696],[-83,52],[-107,66],[-125,55],[10,33],[-47,29],[-48,168],[2,42],[115,170],[54,102],[78,114],[41,40],[132,254],[61,240],[110,-1],[46,-106],[38,-43],[24,-63],[12,-148],[27,-148],[-38,-54],[32,-29],[16,-94],[-38,-44],[3,-92],[-82,-19],[-66,-34],[-35,-34],[-23,-57],[4,-277],[-44,8],[-31,-69],[-4,-67],[-34,6]],[[29488,46939],[-28,11],[-82,49],[-10,15],[2,9],[19,42],[23,44],[11,39],[6,36],[3,44],[-11,97],[-17,108],[-30,175],[-17,104],[2,14],[7,6],[11,-1],[22,-11],[159,-99],[64,-48],[40,-30],[15,-5],[9,4],[18,20],[14,8],[16,-4],[147,-75],[7,-9],[-2,-18],[-175,-459],[-61,-149],[-6,-7],[-8,-4],[-12,3],[-55,48],[-81,43]],[[17692,49410],[85,31],[114,64],[15,-6],[10,-11],[23,-6],[9,0],[16,-2],[11,-5],[20,8],[59,16],[27,6],[13,8],[39,40],[27,26],[9,21],[9,12],[26,16],[20,7],[24,-1],[17,-7],[22,-16],[27,-30],[5,-17],[8,-18],[15,-29],[14,-19],[28,-35],[20,-43],[21,-49],[27,-42],[14,-15],[10,-6],[20,-16],[15,-21],[12,-6],[42,-19],[28,-14],[18,-13],[7,-15],[-3,-25],[-3,-16],[-10,-13],[-28,-14],[-13,-22],[-8,-18],[-11,-16],[-1,-20],[2,-21],[6,-28],[8,-28],[-1,-13],[-10,-32],[-12,-14],[-18,-16],[-7,-30],[-6,-10],[-6,-9],[-18,-20],[-9,-34],[-9,-11],[-24,-5],[-27,4],[-29,14],[-18,19],[-25,12],[-21,-8],[-49,6],[-22,2],[-31,-4],[-40,3],[-34,10],[-26,16],[-20,24],[-23,22],[-19,14],[-39,9],[-93,14],[-60,-3],[-57,3],[-44,-6],[-31,-16],[-45,-31],[-10,-1],[-2,6],[-2,37],[11,32],[-6,26],[-7,27],[-12,43],[8,39],[-5,9],[-23,35],[-15,22],[-1,14],[37,104],[3,18],[32,106]],[[18430,49071],[-19,14],[-15,2],[-20,-2],[-30,-10],[-51,-13],[-12,-8],[-9,-14],[-1,-16],[5,-18],[7,-21],[8,-18],[12,-16],[27,-17],[20,-30],[18,-9],[26,0],[14,7],[11,12],[20,7],[23,17],[11,20],[2,22],[7,14],[1,25],[-8,20],[-17,22],[-16,6],[-14,4]],[[17867,49110],[-16,-1],[-17,-14],[-2,-16],[0,-20],[29,-24],[36,-14],[23,-11],[11,-14],[17,-13],[21,-1],[12,13],[0,19],[-11,21],[-19,21],[-32,24],[-22,10],[-30,20]],[[30397,46800],[18,47],[13,24],[9,41],[18,11],[10,-1],[214,-101],[36,-20],[18,-18],[24,-15],[28,-11],[60,-9],[76,-35],[127,-60],[100,-53],[23,17],[37,50],[10,7],[59,-24],[49,-13],[3,-7],[-346,-603],[-13,-8],[-16,6],[-466,214],[-131,60],[-11,8],[-3,11],[7,223],[13,107],[6,32],[28,120]],[[29102,28594],[-39,-18],[-70,1],[-153,41],[-174,87],[-204,88],[-156,86],[0,63],[-22,110],[22,18],[19,-3],[30,14],[75,125],[42,-2],[32,-6],[52,-2],[41,-4],[56,-1],[72,5],[87,8],[54,15],[84,-33],[7,-22],[9,-44],[14,-35],[44,-53],[28,-47],[57,-53],[107,-77],[47,-36],[-87,-129],[-74,-96]],[[27589,47573],[486,-51],[114,-109],[136,-146],[79,-69],[84,-49],[-72,-124],[-29,-21],[-51,-41],[-56,21],[-91,-110],[-51,-23],[-130,60],[-127,17],[-44,26],[-62,-6],[-23,19],[-49,53],[8,42],[13,67],[16,52],[-46,96],[-35,52],[-40,86],[-20,52],[-10,106]],[[25356,40339],[-57,12],[-64,32],[-57,12],[-198,60],[-64,36],[-50,37],[-45,41],[-37,25],[-34,11],[-82,22],[-85,13]],[[24583,40640],[-25,10],[-36,9],[-40,23],[-66,21],[-35,25],[-29,39],[-7,24],[6,25],[24,23],[12,22],[20,25],[31,35],[27,24],[15,22],[41,9],[57,4],[53,2],[40,-4],[29,-2],[46,-15],[45,-11],[57,-11],[53,-17],[50,-11],[54,-18],[43,-11],[64,-20],[57,-21],[52,-11],[75,-21],[36,-11],[68,-13],[2,-82],[-5,-81],[-9,-64],[-10,-88],[-8,-61],[-3,-39],[-11,-31]],[[17427,36966],[-242,-539],[-14,-9],[-170,64],[-172,64],[-166,64],[-77,28],[-35,1],[-44,-3],[-48,6],[-7,7],[5,11],[14,50],[14,27],[28,56],[34,44],[78,81],[146,157],[656,-109]],[[31018,38309],[160,194],[53,66],[23,61],[38,48],[31,22],[28,20],[29,20]],[[31380,38740],[250,-150],[14,-62],[-19,-69],[-16,-42],[-74,-27],[-14,-76],[-50,-44],[-19,-41],[-36,-14],[-39,-39],[-20,-138],[-248,48],[-84,47],[-93,1],[71,78],[15,97]],[[13451,35272],[41,-31],[17,-18],[8,-28],[-3,-20],[-34,-92],[-3,-31],[-3,-51],[0,-43],[-27,-81],[-18,-43],[-80,-127],[-5,-13],[7,-10],[10,-3],[12,3],[68,74],[10,12],[22,12],[13,-1],[13,-6],[36,-23],[4,-9],[-4,-8],[-34,-38],[-4,-11],[5,-8],[211,-146],[45,-26],[25,-10],[28,-7],[35,-3],[27,2],[62,18],[238,85],[357,146],[13,13],[48,54],[8,4],[56,-12],[40,-22],[15,-9],[4,-7],[-18,-59],[-47,-89],[-41,-77],[-43,-43],[-21,-23],[-34,-37],[-67,-78],[-11,-9],[-13,0],[-28,3],[-49,17],[-89,27],[-41,4],[-129,17],[-99,21],[-65,15],[-14,-4],[-71,-49],[-24,-5],[-192,-58],[-133,-44],[-67,-27],[-172,-90],[-8,1],[-7,4],[-14,85],[-8,55],[-8,17],[-13,19],[-21,17],[-43,33],[-3,16],[10,25],[13,19],[42,39],[59,56],[14,11],[8,16],[1,20],[-3,20],[-27,41],[-31,36],[-47,48],[-20,16],[-30,14],[-40,6],[-25,-4],[-41,-12],[-45,-23],[-14,-10],[0,-10],[2,-12],[7,-9],[41,-27],[48,-54],[19,-48],[-2,-16],[-9,-32],[-17,-15],[-30,-14],[-22,-9],[-13,0],[-16,-5],[-15,-10],[-3,-10],[-1,-18],[-4,-18],[-21,-22],[-13,-4],[-13,3],[-64,47],[-68,53],[-45,38],[-9,15],[-9,26],[-8,38],[0,36],[6,29],[12,39],[60,109],[83,123],[81,142],[16,20],[71,63],[170,115],[25,7],[25,-4],[28,9],[52,9],[52,-7],[47,-14],[43,-26]],[[12807,38806],[65,-285],[-18,-15],[-117,-57],[7,-33],[142,-9],[-9,-156],[-26,-126],[-35,-38],[-138,123],[-112,18],[-104,44],[-62,36],[-136,44],[-9,148],[119,-31],[6,111],[122,83],[105,49],[57,25],[16,68],[32,25],[95,-24]],[[30476,29420],[4,66],[4,74],[8,85],[31,50],[18,47],[106,-4],[151,-17],[59,61],[70,-52],[70,1],[85,34],[47,-20],[40,-29],[85,-29],[62,-49],[-8,-25],[-79,22],[-84,-1],[-22,-27],[16,-40],[21,-56],[3,-102],[-61,14],[-64,31],[-34,66],[-58,-9],[-1,-43],[121,-91],[43,5],[49,-19],[10,-31],[-64,-109],[-118,-105],[-90,32],[-127,66],[-98,3]],[[30671,29219],[-79,95],[-116,106]],[[30767,29424],[24,120],[-4,43],[-30,10],[-10,-37],[11,-52],[-6,-77],[15,-7]],[[30609,29531],[16,63],[43,-4],[14,63],[-79,68],[-74,-40],[-18,-67],[40,-8],[58,-75]],[[17190,49174],[142,72],[284,121],[10,-2],[10,-15],[0,-8],[-4,-17],[-28,-85],[-28,-54],[-3,-9],[-1,-9],[1,-50],[6,-117],[14,-125],[-1,-78],[3,-53],[-5,-43],[-4,-34],[-5,-18],[-16,-21],[-4,-20],[1,-21],[4,-17],[-4,-52],[-3,-20],[2,-22],[6,-14],[4,-31],[6,-50],[-6,-51],[-9,-19],[-15,-23],[-28,0],[-289,33],[-26,7],[-10,11],[2,33],[4,136],[-9,158],[11,30],[-3,40],[-8,46],[-3,193],[-7,186],[9,12]],[[32322,45146],[-47,-10],[-108,-17],[-398,333],[-30,38],[59,79],[151,196],[133,-41],[156,-51]],[[13555,34732],[66,54],[15,14],[13,22],[29,96],[10,12],[33,36],[14,21],[28,37],[19,28],[21,21],[26,19],[69,32],[16,1],[16,-5],[79,-33],[197,-69],[181,-56],[128,-46],[43,-14],[12,-7],[10,-7],[1,-19],[-12,-21],[-66,-71],[-12,-11],[-18,-14],[-162,-75],[-229,-89],[-15,-1],[-26,-14],[-15,-9],[-120,-40],[-29,-7],[-44,0],[-23,3],[-36,12],[-120,76],[-124,90],[2,7],[23,27]],[[19260,38015],[79,-5],[55,-24],[45,-42],[41,-28],[115,-29],[69,-38],[36,-42],[14,-56],[4,-66],[9,-61],[32,-47],[27,-56],[45,-79],[64,-90],[-33,-41],[-55,9],[-92,43],[-110,48],[-78,28],[-73,48],[-64,65],[-50,71],[-50,38],[-69,61],[-54,61],[-14,61],[107,171]],[[28409,43060],[74,-6],[-36,-73],[-40,-60],[-38,57],[-21,30],[23,19],[38,33]],[[16520,41834],[83,-19],[33,-3],[17,6],[27,49],[38,-4],[7,-9],[-2,-26],[-6,-33],[-7,-53],[5,-33],[0,-79],[-3,-119],[-5,-56],[-9,-37],[1,-32],[5,-37],[5,-172],[-3,-40],[-7,-30],[1,-13],[-31,-64],[-30,-39],[-51,-76],[-45,-31],[-42,-31],[-43,-31],[-22,-10],[-23,4],[-11,10],[-5,33],[-4,91],[-9,124],[-10,128],[-17,89],[-19,40],[-25,31],[-36,20],[-34,21],[-29,5],[-30,-2],[-25,-3],[-15,5],[-17,51],[-9,26],[-6,34],[11,38],[13,22],[28,23],[34,24],[37,21],[31,7],[18,-7],[16,3],[13,6],[25,32],[47,31],[36,59],[33,43],[23,16],[17,2],[26,-5]],[[30464,29430],[-3,-55],[-3,-91],[11,-79],[19,-127],[16,-88],[5,-90],[12,-97],[17,-62],[-40,-24],[-119,-54],[-76,-15],[-55,8],[-30,21],[-28,51],[11,161],[10,119],[37,124],[93,192],[102,45],[21,61]],[[17004,41018],[38,-1],[42,-35],[48,-88],[46,-56],[25,-52],[-24,-32],[-32,-14],[-25,-15],[-32,-16],[-25,-19],[2,-19],[44,-66],[133,-190],[48,-54],[46,-80],[-55,-34],[-70,-41],[-60,-25],[-94,35],[-130,53],[-65,57],[-62,48],[-57,58],[-43,50],[-40,48],[-49,68],[-70,61],[-51,26],[13,53],[256,156],[243,124]],[[28433,48948],[-85,139],[-100,153],[-8,17],[-9,45],[-5,28],[0,51],[0,18],[10,44],[23,51],[28,41],[35,37],[28,17],[33,20],[42,13],[47,7],[35,0],[20,-4],[49,-13],[20,-11],[49,-31],[16,-17],[184,-267],[33,-35],[111,-169],[168,-247],[55,-85],[12,-23],[40,-144],[50,-196],[17,-76],[1,-30],[-3,-31],[-9,-27],[-18,-41],[-23,-29],[-23,-26],[-31,-21],[-24,-13],[-40,-10],[-47,-5],[-30,3],[-30,8],[-40,19],[-26,18],[-44,45],[-286,426],[-153,252],[-72,99]],[[18851,40003],[168,-65],[153,-63],[-19,-170],[-10,-143],[12,-171],[-20,-137],[-15,-83],[-7,-43],[-53,4],[-102,19],[-88,17],[-124,21],[-101,23],[-92,10],[-43,22],[341,759]],[[16482,43293],[45,3],[80,7],[36,-2],[21,0],[23,4],[18,-3],[17,-13],[-2,-16],[-2,-17],[2,-19],[31,-67],[8,-10],[72,-88],[31,-45],[26,-52],[44,-107],[38,-63],[16,-22],[19,-33],[4,-20],[2,-42],[-4,-15],[-22,-20],[-26,-14],[-80,-19],[-99,-18],[-109,-16],[-113,-21],[-49,-6],[-14,5],[-21,40],[-22,47],[-38,58],[-23,17],[-16,15],[-7,23],[-8,26],[-5,70],[3,32],[4,38],[-3,29],[-16,35],[-36,60],[-13,44],[1,20],[12,20],[76,80],[19,32],[28,25],[21,12],[31,6]],[[29196,46860],[-411,201],[-87,45],[-45,22],[0,21],[7,49],[8,81],[116,97],[104,86],[48,13],[44,5],[44,11],[60,13],[34,-5],[21,-7],[23,-16],[16,4],[-4,35],[2,31],[14,46],[19,49],[35,79],[33,49],[27,-64],[33,-172],[11,-61],[13,-52],[22,-112],[9,-51],[-10,-65],[-7,-56],[-16,-30],[-45,-82],[-118,-164]],[[18491,39201],[136,-13],[157,-33],[136,-26],[96,-19],[45,-14],[-11,-124],[41,-15],[0,-42],[-36,-169],[-52,-124],[-21,-8],[-364,41],[-344,51],[217,495]],[[17764,40572],[-17,35],[11,10],[180,113],[277,170],[237,137],[25,16],[24,-21],[178,-287],[-148,-157],[-15,-33],[81,-115],[27,-50],[20,-75],[53,9],[27,-29],[-86,-177],[-32,-77],[-15,45],[-9,75],[-11,59],[-36,60],[-78,97],[-106,80],[-127,48],[-167,28],[-195,22],[-98,17]],[[32560,35314],[-181,-150],[-139,-138],[-89,-96],[-88,-70],[-82,-68],[-35,-28],[-14,-18],[-9,-13],[-2,-10],[5,-5],[16,-3],[63,0],[86,-8],[60,-10],[28,-15],[23,-13],[11,-14],[21,-29],[27,-14],[17,-14],[13,-11],[17,-5],[24,-3],[37,2],[62,8],[11,10],[6,15],[11,5],[36,-14],[28,-19],[34,-14],[20,-15],[63,-67],[36,-20],[14,-13],[-2,-9],[-23,-12],[-30,-1],[-36,25],[-25,9],[-60,18],[-44,9],[-18,17],[-29,3],[-31,-1],[-36,-15],[-46,-16],[-36,-11],[-78,10],[-85,33],[-32,6],[-53,11],[-67,16],[-106,15],[-59,14],[-18,15],[-7,20],[-9,10],[-37,37],[-19,8],[-13,8],[-3,16],[-3,255],[27,3],[43,10],[52,21],[18,13],[14,19],[39,67],[12,8],[44,15],[18,10],[13,14],[14,34],[15,23],[14,9],[43,20],[19,6],[12,-1],[6,-7],[7,-69],[7,-3],[12,3],[25,20],[60,25],[32,8],[18,11],[46,24],[37,31],[139,92],[103,66],[51,21],[62,33],[12,2],[11,-5],[19,-11],[7,-10],[-9,-15],[-167,-120]],[[29806,48764],[-41,-130],[-50,20],[-155,69],[-59,32],[-36,27],[-14,14],[-40,51],[-21,37],[-22,64],[-6,17],[-39,74],[-3,15],[2,61],[-5,16],[-11,16],[-36,40],[-16,26],[-6,23],[10,140],[-1,53],[-7,44],[-11,33],[-23,82],[-25,64],[-14,52],[1,51],[-6,32],[-10,22],[-14,16],[-21,22],[-20,6],[-21,-5],[-43,-5],[-26,-11],[-22,-14],[-222,-43],[-147,184],[0,8],[52,38],[140,107],[214,155],[23,-5],[12,1],[97,84],[22,6],[9,-1],[10,-14],[14,-23],[32,-17],[57,-44],[47,-18],[39,-23],[15,-9],[43,-73],[38,-75],[13,-15],[42,-34],[17,-16],[20,-36],[16,-44],[7,-40],[-2,-32],[36,-149],[5,-23],[10,-15],[16,-14],[18,-38],[2,-30],[-4,-22],[-19,-26],[-8,-25],[-7,-48],[-10,-55],[-11,-63],[-5,-49],[3,-28],[8,-22],[12,-20],[22,-18],[27,-14],[27,-2],[34,4],[71,21],[26,6],[18,-4],[8,-10],[21,-32],[7,-18],[2,-16],[-7,-29],[-99,-336]],[[17429,47117],[-151,-56],[-109,-38],[-33,37],[15,316],[-15,28],[-11,23],[3,187],[22,70],[-6,12],[-7,1],[9,145],[44,473],[397,-53],[27,-86],[27,-42],[27,-50],[28,-22],[51,-8],[37,28],[28,58],[22,53],[29,39],[29,21],[46,12],[89,15],[82,24],[91,24],[78,16],[49,50],[51,43],[152,34],[91,42],[51,32],[110,38],[35,-1],[38,-15],[13,-25],[7,-37],[-2,-37],[-35,-32],[-160,-53],[-111,-63],[-63,-19],[-79,-3],[-59,-2],[-35,-21],[-40,-45],[-36,-55],[-44,-38],[-59,-1],[-78,-4],[-49,-19],[-61,-48],[-60,-50],[-66,-70],[-53,-103],[-35,-67],[-50,-7],[35,-74],[54,-201],[0,-34],[-144,-165],[-72,-67],[-58,-59],[-86,-51]],[[17170,41918],[50,-324],[46,-229],[6,-41],[8,-52],[-7,-10],[-42,-14],[-52,-19],[-42,-27],[-60,-31],[-29,-15],[-28,-34],[-55,-33],[-55,-15],[-64,-26],[-44,-26],[-29,5],[1,43],[-2,82],[-10,233],[0,39],[9,157],[-1,197],[400,140]],[[15964,35878],[-486,-91],[-56,3],[-36,39],[-99,47],[-182,80],[-152,82],[-72,41],[-9,33],[-44,18],[-68,41],[-33,31],[6,28],[50,108],[77,87],[1039,-506],[65,-41]],[[32461,35783],[-170,-75]],[[32291,35708],[-66,35],[-50,21],[-51,1],[-99,-14],[-56,-4],[-110,0],[-125,11],[-49,12],[-47,1],[-31,-2],[-56,-18],[-45,-7],[-144,-10],[-213,-9],[-19,-11],[-168,-3],[-18,17],[0,62],[-6,13],[-14,10],[-32,1],[-22,23],[-17,68],[-6,78],[6,12],[45,9],[75,13],[66,17],[86,11],[90,25],[29,31],[28,9],[45,-1],[122,-22],[29,17],[113,-18],[72,-2],[58,13],[30,18],[71,56],[31,30],[18,39],[11,28],[18,41],[18,33],[41,59],[13,38],[1,43],[57,60],[38,22],[23,3],[126,-6],[119,-2],[116,-26],[68,-26],[45,-23],[56,-21],[26,-6],[57,-2],[92,4],[26,-3],[36,-9],[53,-35],[29,-29],[5,-17],[-4,-13],[-29,-35],[-33,-37],[-38,-55],[-16,-23],[-44,-30],[-26,-9],[-23,-2],[-48,-3],[-28,-10],[-31,-23],[-39,-38],[-38,-44],[-69,-91],[-40,-61],[32,-109]],[[15289,43034],[39,19],[42,20],[180,81],[128,50],[27,31],[32,8],[15,12],[43,-1],[58,12],[27,-4],[74,-28],[46,-32],[82,-55],[13,-10],[22,-5],[25,-8],[7,-18],[20,-14],[15,-19],[34,-78],[4,-30],[35,-46],[-53,-20],[-51,8],[-73,27],[-25,12],[-34,-5],[-41,1],[-29,-15],[0,-32],[26,-47],[28,-43],[-29,-2],[-80,-2],[-93,-10],[-65,6],[-52,-5],[-28,-18],[-8,-52],[43,-85],[62,18],[101,-51],[-98,-68],[-8,-42],[3,-14],[22,-6],[15,-40],[57,37],[57,62],[24,29],[33,-3],[101,-19],[58,60],[36,26],[29,2],[36,2],[44,50],[37,8],[28,-1],[44,-37],[41,-45],[25,-52],[20,-69],[-10,-26],[-31,-8],[-25,12],[-50,24],[-19,-19],[30,-35],[16,-21],[50,-51],[15,-59],[-4,-40],[-32,-35],[-43,-27],[-124,-39],[-121,-42],[-85,-35],[-105,-28],[-39,14],[-70,-31],[-82,-15],[-70,0],[-110,11],[-53,35],[-14,20],[-39,34],[-11,67],[-4,55],[-27,75],[-18,71],[-35,48],[-27,87],[-71,-7],[-45,-4],[-34,79],[-62,119],[98,22],[70,12],[35,51],[24,74],[-39,52],[-10,110]],[[31596,42883],[38,-5],[131,-3],[74,8],[23,0],[28,-3],[12,-7],[5,-12],[-4,-41],[-29,-39],[-103,-36],[-80,-14],[-51,-1],[-37,1],[-97,23],[-22,8],[-24,-3],[-30,-30],[-13,-17],[-61,-34],[-25,-8],[-24,-13],[-21,-26],[-46,-72],[-37,-33],[-20,-8],[-38,1],[-73,7],[-89,14],[-88,18],[-69,10],[-21,15],[0,12],[15,130],[6,22],[18,45],[0,20],[-12,43],[14,179],[28,23],[12,3],[57,-11],[158,-39],[235,-59],[242,-65],[18,-3]],[[16914,47025],[-20,37],[-14,130],[-7,243],[-9,302],[-44,608],[334,-28],[-47,-564],[-25,-20],[2,-65],[13,-45],[-16,-175],[-34,-419],[-133,-4]],[[18204,41469],[28,-9],[24,-35],[21,-35],[197,-310],[-269,-157],[-280,-177],[-27,68],[49,94],[65,106],[64,69],[-54,68],[-204,-186],[-35,6],[-43,62],[-16,38],[50,46],[30,6],[36,40],[116,97],[248,209]],[[18371,39802],[77,-31],[7,-7],[-32,-96],[-8,-10],[-13,-3],[-18,5],[-65,30],[-12,14],[-1,11],[4,13],[42,69],[8,6],[11,-1]],[[29798,49503],[27,-108],[-4,-21],[-9,-16],[-67,1],[-2,116],[24,25],[31,3]],[[16791,43818],[14,-7],[26,-59],[53,-110],[70,-80],[83,-56],[-27,-64],[-112,87],[-93,76],[-13,22],[-6,176],[5,15]],[[17353,41314],[159,11],[20,-51],[-151,-51],[-12,2],[-3,13],[-13,68],[0,8]],[[17455,41074],[-10,6],[-44,128],[109,27],[57,-136]],[[17567,41099],[-55,-12],[-57,-13]],[[17372,41198],[29,-87],[1,-10],[-29,-8],[4,-6],[-20,-4],[-8,46],[8,4],[4,19],[2,24],[-11,4],[2,14],[8,7],[10,-3]],[[32172,30088],[53,38],[49,26],[38,4],[30,-10],[72,-73],[-103,-111],[-49,21],[-90,105]],[[30333,49229],[13,-20],[-39,-48],[-33,-26],[-9,-27],[11,-15],[-11,-18],[-61,17],[-59,42],[52,24],[53,35],[83,36]],[[25135,38712],[-17,15],[-22,30],[-2,19],[23,100],[208,-51],[11,-15],[-13,-94],[-10,-42]],[[25313,38674],[-178,38]],[[25313,38674],[14,-37],[3,-15],[-8,-37],[-14,-35],[-201,65],[1,53],[3,22],[24,22]],[[15991,37238],[57,63]],[[16048,37301],[21,23],[8,-1],[60,-50],[-9,-45],[-49,-62],[-11,-5],[-18,6],[-59,62],[0,9]],[[26908,30404],[88,-16],[-11,-54],[-100,15],[23,55]],[[18713,40952],[47,49],[57,5],[29,39],[-13,35],[78,80],[39,-29],[-34,-81],[-19,-55],[-3,-63],[-3,-79],[-139,54],[-39,45]],[[19236,40824],[-18,66],[1,36],[22,13],[28,6],[18,-13],[17,3],[18,4],[9,-3],[25,-11],[25,-23],[12,-26],[0,-18],[-1,-32],[-2,-41]],[[27142,32603],[64,-1],[-26,-105],[-56,13],[18,93]],[[31562,29400],[-80,125],[78,60],[15,-34],[90,38],[54,-113],[-94,-48],[-63,-28]],[[17284,41207],[57,-284],[-101,-85],[-26,65],[16,24],[-84,140],[65,60],[24,49],[49,31]],[[27462,32591],[22,-1],[-50,-247],[-50,3],[78,245]],[[16423,49258],[-38,105],[0,20],[24,10],[20,-9],[70,-205],[7,-26],[-20,-12],[-35,63],[-24,41],[-4,13]],[[27260,31828],[23,60],[113,-44],[-27,-65],[-109,49]],[[27889,48233],[14,16],[40,-19],[15,-22],[7,-105],[-78,-40],[-17,28],[8,73],[11,69]],[[26829,30232],[116,-36],[-50,-168],[-7,-46],[-121,30],[62,220]],[[15991,37238],[-19,-7],[-48,59],[7,17],[2,23],[-16,50],[-7,45],[55,33],[28,-45],[14,-33],[6,-33],[4,-21],[7,-12],[24,-13]],[[31821,36522],[23,12],[32,-40],[10,-40],[-23,-8],[-16,28],[-26,48]],[[24243,32908],[23,-16],[23,-2],[72,-57],[13,-14],[-31,-27],[-44,31],[-36,19],[-36,33],[16,33]],[[26875,31648],[157,-33],[-41,-155],[-77,30],[19,67],[-76,18],[18,73]],[[15983,43359],[8,16],[65,11],[19,9],[16,5],[21,2],[11,-7],[7,-14],[8,-64],[-32,-48],[-15,1],[-39,34],[-11,6],[-11,-4],[-47,53]],[[34534,28444],[31,-22],[-28,-68],[-7,-18],[-35,-57],[-20,-7],[-40,21],[-3,9],[40,72],[28,49],[20,19],[14,2]],[[29792,46666],[-49,-88],[-121,74],[39,82],[131,-68]],[[14899,35234],[-145,42],[-5,21],[7,65],[6,24],[10,6],[18,0],[191,-49],[42,-20],[16,-22],[5,-23],[-17,-68],[-17,-9],[-111,33]],[[28306,48109],[20,14],[14,4],[203,33],[23,0],[14,-9],[2,-19],[4,-16],[11,1],[13,7],[9,1],[17,-5],[66,-61],[148,-177],[3,-8],[0,-11],[41,-51],[20,6],[9,-3],[125,-142],[-4,-29],[-9,-18],[-47,-46],[-60,-24],[-27,-7],[-19,0],[-58,20],[-28,17],[-89,129],[-40,42],[-49,63],[-21,48],[16,9],[10,7],[4,8],[-2,11],[-33,38],[-17,3],[-25,-19],[-39,-38],[-25,-20],[-35,16],[-5,7],[-9,22],[-7,7],[-10,1],[-40,-25],[-111,173],[37,41]],[[29484,28537],[62,94],[6,86],[31,21],[126,-40],[115,-43],[-24,-122],[-44,-152],[-103,-3],[-84,89],[-62,8],[-23,62]],[[13107,38520],[81,51],[30,78],[105,80],[43,58],[11,96],[-12,58],[47,40],[95,-3],[22,-46],[-53,-55],[16,-167],[-47,-77],[-88,-96],[-95,-75],[-38,-14],[-42,2],[-76,-29]],[[17084,46437],[-18,-3],[-16,5],[-15,27],[2,34],[20,57],[2,17],[12,92],[27,299],[21,13],[79,19],[210,80],[7,-54],[-12,-57],[-7,-36],[7,-19],[16,-39],[1,-22],[-23,-57],[-36,-35],[-61,-30],[-63,-47],[-49,-58],[-53,-84],[-34,-61],[-17,-41]],[[16269,35146],[-12,-27],[-33,-82],[-29,-79],[-42,-40],[-60,-10],[-79,13],[-31,14],[3,34],[2,41],[14,32],[20,28],[-4,26],[22,39],[17,42],[37,62],[40,66],[8,35],[25,39],[82,46],[56,11],[26,-14],[1,-47],[-8,-70],[-15,-43],[-19,-64],[-21,-52]],[[17134,42619],[367,7],[139,-214],[-9,-28],[-179,-56],[-53,-14],[-42,18],[-43,78],[-30,-9],[-57,-28],[-49,58],[-16,51],[-27,19],[-10,101],[9,17]],[[14701,35108],[-49,-141],[-21,-48],[-48,2],[-63,14],[-316,98],[-205,74],[-39,20],[7,30],[20,8],[15,39],[45,35],[49,21],[34,32],[27,6],[44,-4],[56,-13],[59,-20],[66,-24],[31,-43],[41,32],[35,16],[89,-37],[82,-39],[41,-58]],[[32089,48304],[-48,-26],[-44,-34],[-49,-42],[-16,-43],[-11,-34],[-8,-55],[-159,22],[-19,4],[-1,6],[129,364],[21,41],[14,11],[46,-31],[54,-47],[46,-40],[27,-35],[11,-22],[10,-23],[-3,-16]],[[28534,47338],[50,-71],[-56,-89],[-117,74],[-185,210],[-322,471],[64,30],[71,-7],[75,-126],[100,66],[59,-165],[84,-139],[64,-127],[113,-127]],[[33169,30423],[-3,9],[13,32],[20,20],[28,12],[50,-14],[89,-35],[155,-65],[101,-60],[55,-38],[34,-9],[40,0],[33,14],[35,34],[20,27],[21,23],[45,21],[84,37],[53,41],[39,-5],[69,0],[-44,-18],[-63,-64],[-95,-113],[-39,-36],[-59,-26],[-74,-11],[-51,1],[-71,21],[-218,109],[-139,81],[-51,16],[-54,1],[-23,-5]],[[17567,41099],[23,5],[33,15],[-3,-25],[-4,-41],[20,-68],[14,-65],[90,-279],[-129,-56],[-28,10],[-33,19],[-55,47],[-42,91],[-37,66],[-5,62],[-2,65],[-12,50],[-11,58],[69,21]],[[31556,48835],[-456,62],[-47,-31],[-23,-466]],[[31030,48400],[-99,28]],[[30931,48428],[-7,13],[-58,33],[6,46],[14,85],[16,57],[14,34],[22,14],[12,26],[16,43],[36,36],[16,23],[6,17],[-2,16],[-2,16],[9,12],[50,88],[104,134],[13,5],[271,-213],[89,-78]],[[17562,42636],[346,19]],[[17908,42655],[67,-175],[41,-92],[110,-223],[42,-96],[-199,-66],[-407,633]],[[27077,47965],[47,92],[59,147],[48,103],[122,-95],[36,-24],[82,-38],[51,-18],[23,-23],[18,-57],[-10,-83],[-50,-138],[-54,-13],[-151,62],[-221,85]],[[27781,47911],[17,40],[35,13],[47,-76],[52,-77],[89,-131],[60,-101],[-11,-32],[-400,41],[36,52],[19,48],[19,39],[15,69],[9,46],[13,69]],[[16690,45886],[131,560],[83,296],[21,21],[49,4],[33,-9],[-14,-158],[-5,-147],[-43,-670],[-12,-173],[-7,-18],[-29,-13],[-25,33],[-70,49],[-22,62],[-35,86],[-55,77]],[[26772,48191],[1,106],[12,152],[12,136],[8,86],[111,-93],[166,-142],[98,-83],[34,-31],[-9,-24],[-42,-91],[-76,-172],[-33,-48],[-27,-6],[-162,104],[-85,49],[-8,57]],[[27704,48993],[-278,245],[185,275],[265,-194],[-115,-209],[-3,-52],[-54,-65]],[[7622,44981],[28,12],[42,65],[12,30],[12,13],[16,6],[20,-15],[27,-23],[34,-18],[35,-19],[37,-28],[20,-19],[24,-21],[28,-22],[24,-3],[35,-1],[31,0],[32,0],[37,-15],[50,-13],[49,-4],[89,-3],[99,-29],[-34,-50],[-57,-23],[-41,-12],[-43,-22],[-65,-31],[-59,-10],[-40,-4],[-40,8],[-59,7],[-65,1],[-70,-1],[-47,28],[-59,18],[-53,6],[-77,28],[-89,42],[43,71],[38,19],[36,32]],[[30958,45982],[-134,-251],[-33,19],[9,23],[-6,9],[-108,63],[-47,26],[-48,26],[-45,26],[-19,6],[-11,0],[-9,-8],[-13,-28],[-18,-5],[-45,11],[-64,6],[-55,7],[19,331],[3,16],[4,12],[5,3],[131,-57],[446,-206],[32,-15],[6,-14]],[[18448,39203],[-84,-178],[-95,41],[-61,7],[-54,19],[-52,-126],[-45,-108],[-32,-131],[-169,2],[-18,15],[43,109],[77,157],[48,57],[59,75],[60,65],[30,11],[96,-57],[46,30],[30,2],[38,-2],[21,20],[24,12],[38,-20]],[[34822,30247],[-73,-192],[-18,-13],[-14,-14],[-26,-45],[-17,-13],[-33,-48],[-13,-55],[-10,-3],[-11,-9],[-17,-30],[-9,-2],[-56,50],[-45,62],[-18,27],[-11,35],[-2,25],[4,61],[5,43],[22,76],[19,45],[30,61],[14,25],[11,11],[64,-19],[204,-78]],[[18559,39799],[13,-1],[57,-20],[40,-18],[20,-19],[-197,-441],[-147,-33],[-58,10],[-37,22],[4,41],[34,40],[49,56],[41,68],[58,49],[28,34],[7,50],[23,-4],[14,32],[26,69],[25,65]],[[30781,44010],[144,136],[19,7],[147,-152],[30,29],[16,-1],[83,-59],[1,-31],[-43,-77],[-65,-114]],[[31113,43748],[-158,87]],[[30955,43835],[-174,175]],[[31712,45502],[-256,211],[-1,34],[6,58],[11,46],[31,62],[126,156],[334,-175],[36,-23],[-74,-94],[-180,-239],[-33,-36]],[[16728,43669],[-215,159],[-47,46],[-33,48],[-39,57],[-26,60],[-18,88],[-4,89],[25,7],[119,-23],[141,-32],[63,-7],[4,-99],[34,-9],[0,-70],[-4,-314]],[[29369,39914],[-10,-109]],[[29359,39805],[-335,18]],[[29024,39823],[43,111]],[[29067,39934],[302,-20]],[[14959,36010],[150,-75],[168,-79],[103,-57],[38,-19],[-524,-100],[-46,15],[-23,14],[5,39],[42,65],[27,80],[60,117]],[[30694,49555],[6,-50],[-14,-32],[-6,-25],[2,-21],[-22,-56],[-37,-116],[-46,-145],[-16,-20],[-29,0],[-23,18],[-12,24],[-2,21],[-18,16],[-84,28],[-45,24],[-6,12],[6,21],[33,31],[39,8],[16,9],[14,41],[28,19],[18,38],[22,25],[1,27],[35,32],[16,47],[21,51],[3,24],[8,34],[12,24],[18,8],[29,0],[31,-12],[21,-18],[6,-32],[-4,-22],[-9,-16],[-12,-17]],[[31878,46428],[-247,-325],[-319,163],[-58,60],[173,313],[110,-67],[180,-83],[161,-61]],[[16772,48145],[15,-297],[16,-194],[9,-191],[18,-30],[10,-368],[7,-75],[-67,4],[-131,-11],[-44,71],[121,49],[22,23],[-1,67],[8,177],[5,90],[-13,104],[-6,182],[5,334],[-4,49],[30,16]],[[17409,42262],[248,97],[37,-13],[117,-220],[88,-148],[-644,-211],[-34,216],[211,153],[-23,126]],[[17562,42636],[-304,464],[-55,90],[-3,14],[10,5],[42,-13],[36,-20],[39,-11],[60,-7],[50,-5],[60,-13],[48,-20],[54,-29],[45,-49],[12,-22],[11,-31],[9,-9],[36,-10],[13,-15],[33,-48],[60,-103],[42,-62],[28,-38],[20,-49]],[[30174,28685],[29,-39],[47,-23],[77,-5],[76,25],[72,28],[21,6],[-18,-119],[30,-10],[4,-35],[-6,-34],[-38,-21],[-15,-21],[3,-40],[34,-22],[51,-2],[-76,-88],[-95,20],[-36,-44],[-16,-25],[-52,14],[-69,-41],[-49,54],[-85,27],[25,40],[21,19],[-63,116],[-7,71],[23,83],[35,69],[77,-3]],[[16600,43665],[8,1],[13,-6],[50,-48],[8,-18],[10,-14],[7,-8],[4,-10],[-3,-123],[7,-74],[-2,-10],[-17,-8],[-249,-5],[-53,4],[-65,25],[-4,10],[5,22],[7,18],[40,47],[36,36],[159,136],[39,25]],[[31055,35691],[304,11],[-131,-515],[-47,-183],[-135,-2],[-183,-17],[-148,-7],[-41,224],[189,37],[172,-15],[71,98],[63,226],[-118,23],[4,120]],[[31376,46201],[222,-110],[0,-18],[-128,-164],[-25,-67],[-13,-66],[-22,-6],[-170,129],[-185,89],[87,151],[153,-76],[81,138]],[[32461,35783],[25,-189],[110,-105],[-27,-35],[-361,-200]],[[32119,35647],[10,108],[65,-11],[97,-36]],[[31428,49486],[104,-43],[12,-10],[-57,-149],[-40,-95],[82,-32],[2,-21],[-65,-159],[-11,-1],[-102,103],[-154,130],[114,143],[31,4],[-8,25],[92,105]],[[25187,38913],[17,112],[9,88],[-35,13],[-13,48],[15,118],[19,13],[221,-62],[6,-145],[-3,-123],[-3,-36],[-7,-43],[-6,-30],[-15,-17],[-43,3],[-145,38],[-17,23]],[[18973,38577],[6,-14],[0,-18],[13,-19],[5,-11],[-7,-20],[-5,-19],[-2,-17],[6,-13],[0,-13],[-26,-63],[-51,-84],[-15,-18],[-22,-15],[-24,-12],[-655,244],[-11,9],[74,162],[25,22],[346,-48],[334,-45],[9,-8]],[[35072,30036],[36,-24],[-2,-16],[-42,-52],[-6,-21],[-6,-44],[-10,-45],[-4,-29],[-8,-43],[-22,-57],[-24,-50],[-17,-26],[-24,-22],[-29,-14],[-40,-40],[-38,-29],[-24,-22],[-7,-12],[-3,-13],[-1,-33],[-10,-37],[-3,-28],[1,-26],[2,-17],[2,-28],[9,-31],[-7,-48],[-4,-24],[-2,-16],[-173,74],[-3,11],[-8,15],[-23,15],[-59,26],[-6,11],[136,312],[135,334],[7,4],[44,-13],[61,-28],[6,-17],[13,-8],[31,-8],[16,3],[15,16],[44,56],[25,40],[11,6],[11,-2]],[[17966,41980],[194,67],[40,-32],[41,-23],[47,-47],[45,-14],[44,-58],[22,-59],[86,-83],[38,-54],[10,-44],[-129,-116],[-78,-83],[-360,546]],[[31030,48400],[66,-25],[17,-15],[8,-44],[2,-57],[-59,-373],[-51,-270]],[[31013,47616],[-45,8],[-121,34],[-99,45],[-5,10],[14,61],[14,119],[27,54],[15,60],[8,74],[22,143],[18,40],[-1,42],[-1,52],[13,48],[13,18],[34,-4],[12,8]],[[16983,42592],[37,-72],[32,-75],[21,-68],[-1,-33],[-35,-47],[-64,-45],[-57,-17],[-137,-40],[-11,0],[-13,27],[-28,61],[9,14],[74,25],[7,14],[-23,80],[-13,10],[-120,-31],[-21,-4],[-21,5],[-26,9],[-22,11],[-24,19],[-37,57],[5,20],[43,12],[122,23],[174,33],[112,17],[17,-5]],[[31220,43476],[21,11],[13,-5],[9,-12],[10,-41],[29,-112],[5,-68],[3,-73],[-1,-19],[2,-10],[8,-12],[43,-56],[79,-74],[5,-10],[-1,-8],[-5,-10],[-10,-5],[-14,1],[-130,28],[-200,52],[-183,47],[-21,17],[-4,12],[3,14],[13,25],[27,31],[57,58],[39,38],[86,71],[53,50],[64,60]],[[24741,40344],[-32,19],[-41,14],[-13,32],[-19,40],[-11,36],[-38,30],[-28,49],[0,36],[11,27],[13,13]],[[25356,40339],[4,-31],[5,-16],[4,-25],[-8,-56],[-2,-34],[-28,-60],[-19,-15],[-22,-9]],[[20379,43123],[28,9],[26,32],[29,-13],[30,-2],[40,28],[62,89],[47,73],[13,36],[41,42],[14,-21],[30,-92],[20,-33],[27,-25],[42,-30],[-66,-57],[-49,-77],[-57,-90],[-96,-139],[-60,-104],[-43,-65],[-55,-88],[-19,52],[-4,73],[3,70],[-1,64],[4,71],[3,43],[-4,41],[-15,28],[10,20],[11,32],[-11,33]],[[12694,34177],[1,-32],[2,-15],[16,-8],[28,-9],[29,-18],[24,-28],[23,-21],[17,-23],[25,-2],[2,-16],[-21,-40],[-12,-49],[6,-23],[-8,-17],[-40,3],[-87,38],[-59,42],[-19,14],[-12,2],[-16,-1],[-22,-24],[-23,-2],[-9,-9],[-9,-17],[-1,-19],[5,-13],[68,-49],[55,-38],[20,-16],[11,-14],[9,-10],[3,-15],[0,-9],[-25,-2],[-50,21],[-36,39],[-75,36],[-51,51],[-24,22],[-11,30],[-4,72],[-2,42],[-6,11],[-10,9],[-1,22],[3,12],[8,20],[15,8],[24,12],[38,17],[16,13],[12,29],[6,22],[-4,16],[-18,8],[-13,15],[6,21],[13,13],[38,-5],[40,-13],[48,-34],[30,-14],[16,-15],[9,-20],[2,-20]],[[17150,43165],[14,-14],[289,-466],[1,-8],[-6,-8],[-14,-2],[-302,-2],[-11,6],[-11,16],[-9,28],[-11,22],[-14,11],[-9,26],[-5,20],[-45,96],[-70,109],[-31,54],[4,13],[25,26],[8,5],[35,7],[35,21],[19,11],[53,21],[41,9],[14,-1]],[[29516,37293],[-97,26]],[[29419,37319],[23,22],[12,34],[20,6],[70,0],[4,-5],[-32,-83]],[[16298,44062],[18,-40],[35,-64],[50,-75],[50,-63],[90,-80],[14,-24],[3,-12],[-5,-17],[-71,-61],[-79,-65],[-67,-59],[-25,-18],[-12,-3],[-35,6],[-47,23],[-36,20],[-21,21],[-29,39],[-50,29],[-42,2],[-20,15],[0,10],[8,12],[18,17],[19,25],[10,23],[2,15],[-3,42],[5,49],[9,58],[-6,37],[4,44],[8,18],[36,39],[33,22],[29,11],[44,10],[33,0],[20,0],[10,-6]],[[34785,30932],[14,11],[15,4],[42,10],[25,1],[29,-4],[27,-11],[39,-26],[49,-29],[38,-25],[5,-15],[-191,-531],[-13,-11],[-20,-7],[-233,101],[-13,16],[0,9],[41,67],[59,84],[21,21],[15,18],[9,18],[11,41],[19,29],[3,17],[0,34],[4,152],[5,26]],[[16012,36478],[68,-477],[-5,-71],[-43,-11],[-76,29],[-303,132],[-30,41],[8,83],[32,160],[52,55],[45,8],[98,29],[154,22]],[[29265,41245],[-19,-122]],[[29246,41123],[-906,83]],[[28340,41206],[68,121]],[[28408,41327],[857,-82]],[[29111,37620],[-327,-24]],[[28784,37596],[105,264],[298,-16],[-18,-88],[-11,-46],[-47,-90]],[[29016,38035],[177,-7],[42,-4],[-49,-174],[-159,18],[-62,13],[-62,0],[66,156],[47,-2]],[[28103,40269],[-14,-106],[-752,41],[14,104]],[[27351,40308],[752,-39]],[[33337,33756],[16,-11],[178,-136],[18,-35],[11,-10],[9,-20],[4,-19],[8,-13],[17,-12],[16,3],[70,71],[31,22],[17,8],[19,1],[19,-3],[23,-22],[46,-28],[33,-20],[14,-14],[11,0],[9,7],[17,18],[64,1],[17,-10],[17,-20],[6,-24],[4,-11],[6,-15],[33,-40],[-6,-17],[-21,-61],[-9,-40],[-23,-9],[-21,-17],[-9,-18],[2,-19],[6,-21],[-36,-44],[-31,14],[-29,1],[-12,-14],[-16,-23],[28,-4],[12,-8],[94,-80],[16,-13],[22,-28],[8,-16],[-1,-13],[-486,-526],[-13,-8],[-17,9],[-111,112],[-22,10],[-41,41],[-41,35],[-15,5],[-18,16],[-23,39],[-13,6],[-12,27],[-14,9],[-14,0],[-16,-5],[-9,-12],[-34,-179],[-3,-39],[-9,-21],[-7,-4],[-16,7],[-47,54],[-42,41],[-18,13],[-15,9],[-14,15],[-37,68],[-46,96],[10,40],[-1,30],[-25,21],[-15,22],[-12,15],[-24,14],[-15,12],[-22,2],[-51,1],[-52,-5],[-17,4],[-9,15],[1,15],[27,37],[49,41],[18,17],[9,14],[7,15],[13,4],[13,3],[7,10],[-1,16],[-6,35],[0,22],[6,24],[10,18],[14,20],[26,27],[53,47],[43,28],[36,6],[23,6],[10,13],[8,23],[3,25],[6,18],[28,26],[48,61],[146,153],[52,43],[16,7],[14,-1]],[[30339,45236],[44,43],[29,19],[16,4],[95,-42],[0,-15],[-139,-257],[-12,-10],[-59,38],[-61,50],[-1,7],[27,46],[61,117]],[[28203,37887],[-106,-295],[-18,-47],[-311,-36],[48,391],[387,-13]],[[25536,44005],[16,19],[14,12],[17,19],[24,21],[32,30],[48,46],[20,29],[18,21],[21,17],[37,13],[29,12],[22,16],[21,27],[20,28],[26,21],[24,17],[9,2],[11,-3],[9,-8],[32,-26],[20,-22],[4,-10],[-7,-14],[-24,-25],[-36,-50],[-36,-46],[-72,-78],[-112,-112],[-38,-44],[-24,-15],[-16,4],[-45,28],[-45,20],[-17,11],[-6,15],[0,11],[4,14]],[[29332,38850],[101,-33],[56,-36],[-5,-73],[-28,-50],[-15,-46],[0,-20],[-146,28],[-45,66],[52,128],[30,36]],[[26984,37819],[12,112],[373,-11],[-9,-114],[-23,1]],[[27337,37807],[-353,12]],[[29392,40096],[16,123]],[[29408,40219],[345,-23]],[[29753,40196],[-38,-108],[-26,-10],[-297,18]],[[26217,40898],[-37,-234]],[[26180,40664],[-31,1],[-25,-16],[-43,-60],[-48,39],[26,38],[11,25],[-10,41],[-20,37],[-5,61],[7,46],[24,29],[151,-7]],[[29516,37293],[55,-36],[-4,-21],[-116,-139],[-130,-61],[-19,-5],[-26,15],[4,9],[15,16],[14,19],[35,89],[54,96],[5,24],[16,20]],[[28097,39657],[16,105]],[[28113,39762],[827,-39]],[[28940,39723],[-39,-103]],[[28901,39620],[-804,37]],[[29785,35035],[-1,-160],[-32,-18],[-13,-31],[-2,-45],[-33,-6],[-83,25],[-90,46],[-131,71],[-99,63],[-30,18],[83,14],[130,9],[30,25],[77,15],[63,6],[26,-14],[36,-19],[21,6],[48,-5]],[[30243,41026],[-186,19]],[[30057,41045],[29,114]],[[30086,41159],[121,-10]],[[30207,41149],[52,-14],[-16,-109]],[[29339,39594],[-392,28]],[[28947,39622],[37,97]],[[28984,39719],[365,-23]],[[29349,39696],[-10,-102]],[[28984,39719],[40,104]],[[29359,39805],[-10,-109]],[[27809,44500],[90,-53],[-72,-119],[-81,-91],[-77,-79],[-76,-44],[-8,22],[224,364]],[[28942,42437],[-47,-83]],[[28895,42354],[-746,45]],[[28149,42399],[48,84]],[[28197,42483],[745,-46]],[[27615,40127],[-30,-305]],[[27585,39822],[-303,17]],[[27282,39839],[50,304],[283,-16]],[[26065,42638],[85,-28],[8,-34],[25,-30],[-8,-45],[-67,-141],[-202,-357],[-42,-71],[-53,-1],[2,59],[5,54],[91,219],[99,229],[57,146]],[[21562,48111],[47,66],[34,-15],[53,-36],[34,-55],[38,-43],[35,-67],[52,-23],[-75,-266],[-44,8],[-45,11],[-68,7],[-37,8],[-4,37],[-29,53],[32,16],[15,61],[42,65],[-53,113],[-12,12],[-15,48]],[[29019,39932],[-39,-104]],[[28980,39828],[-851,46]],[[28129,39874],[16,104]],[[28145,39978],[874,-46]],[[28113,39762],[16,112]],[[28980,39828],[-40,-105]],[[29148,40235],[260,-16]],[[29392,40096],[-270,17],[26,122]],[[29523,34774],[-21,-14],[-21,-6],[-56,19],[-15,-33],[-24,-8],[-33,2],[-131,56],[-134,57],[-51,32],[-42,9],[-45,29],[-46,45],[-74,89],[-24,0],[-92,7],[-36,21],[3,74],[119,5],[96,12],[48,-37],[56,-24],[83,-41],[64,-42],[33,-21],[64,-37],[75,-50],[88,-44],[75,-50],[30,-17],[11,-33]],[[27602,34697],[230,57]],[[27832,34754],[22,-20],[20,-13],[10,-173],[16,-9],[7,-36],[-3,-25],[-6,-13],[-50,-11],[-65,-5],[-138,-17],[-8,-10],[12,-93],[16,-64],[-2,-19],[-340,-41],[-2,11],[15,135],[9,10],[219,29],[10,21],[19,52],[13,141],[-1,48],[-3,45]],[[21269,43382],[12,-80],[-54,-23],[-34,-7],[-48,-28],[-49,-52],[-24,-46],[-119,67],[-14,28],[73,35],[77,30],[69,39],[103,44],[8,-7]],[[18049,50528],[325,27],[7,-3],[-1,-79],[0,-28],[12,-21],[7,-16],[13,-14],[24,-12],[29,-10],[32,-16],[39,-23],[30,-12],[20,-18],[17,-27],[5,-37],[-6,-31],[-20,-40],[-3,-13],[4,-12],[41,-8],[17,-3],[8,-7],[-12,-32],[-38,-66],[-9,-24],[-3,-27],[4,-94],[1,-20],[-1,-14],[-10,-13],[-14,-5],[-46,-13],[-34,-26],[-40,-30],[-52,-26],[-45,-9],[-46,-23],[-86,-13],[-106,-31],[-96,-25],[-50,-35],[-62,-61],[-44,-17],[-39,-23],[-59,-36],[-71,-28],[-78,-40],[-385,-186],[-28,28],[-28,14],[-8,13],[-8,73],[5,57],[8,94],[4,44],[10,33],[3,27],[0,39],[-17,65],[-80,477],[-17,197],[-11,140],[3,41],[6,17],[12,7],[15,-2],[78,-21],[75,-16],[31,-3],[676,-29],[17,2],[7,-14],[1,-68],[-14,-83],[-13,-53],[-11,-34],[-8,-20],[0,-31],[-15,-37],[-12,-11],[-4,-13],[5,-24],[-5,-43],[8,-27],[5,-32],[-4,-65],[-11,-26],[-13,-11],[-35,-26],[-23,-14],[-11,-17],[1,-14],[-23,-24],[41,0],[35,-5],[38,-19],[21,-25],[27,-12],[19,2],[21,8],[11,16],[9,22],[-5,22],[-10,27],[-14,18],[-13,41],[-5,29],[7,88],[15,58],[13,44],[3,24],[4,12],[8,4],[32,-1],[14,4],[12,8],[20,15],[13,15],[2,14],[-5,12],[-11,11],[-38,25],[-19,17],[-9,22],[-3,11],[-15,147],[0,42],[5,8],[27,6]],[[18388,50192],[-6,16],[-11,16],[-15,7],[-22,8],[-14,-1],[-20,-11],[-11,-22],[-9,-2],[-26,4],[-20,-7],[-12,-11],[-3,-23],[0,-26],[-2,-18],[-6,-14],[-10,-7],[-8,-12],[2,-23],[15,-25],[13,-17],[24,-8],[11,-13],[33,-39],[23,-16],[24,-19],[34,-7],[12,4],[13,23],[2,22],[-2,35],[-1,41],[8,22],[1,35],[-7,42],[-10,46]],[[17233,40754],[17,-17],[0,-42],[-12,-34],[7,-26],[-1,-30],[4,-23],[18,-28],[22,-19],[27,-18],[32,-19],[67,-19],[3,25],[-56,43],[1,25],[-9,1],[-14,7],[-44,-7],[8,69],[-3,42],[-3,37],[-4,36],[-12,44],[18,30],[36,26],[38,7],[3,-34],[27,-100],[39,-60],[45,-50],[7,-37],[45,-45],[114,-44],[106,-2],[70,11],[253,-33],[198,-47],[77,-43],[66,-53],[62,-88],[9,-49],[-158,-220],[-69,-96],[-83,-115],[48,-43],[74,-48],[67,-38],[-19,-59],[-25,-69],[-115,-124],[-148,-173],[-47,-20],[-105,-126],[-54,-91],[-74,-155],[-27,-84],[-22,15],[-64,63],[-39,50],[-9,44],[0,50],[10,62],[-6,84],[-23,76],[-15,84],[-6,25],[-27,50],[-22,31],[-24,53],[-15,53],[27,63],[-28,64],[-10,52],[-4,50],[20,56],[40,65],[54,44],[-40,28],[-100,41],[-71,17],[-65,28],[-35,46],[-34,47],[9,44],[1,28],[15,34],[49,29],[62,53],[-2,39],[-18,39],[-43,53],[-33,44],[-73,80],[-53,66],[-45,59],[-26,43],[20,-2],[76,48],[43,27]],[[17159,48329],[-264,30],[-68,11],[-6,104],[-38,151],[-74,166],[-73,220],[-21,47],[32,25],[80,23],[5,102],[-54,28],[-82,-6],[0,77],[84,1],[42,47],[-92,67],[-75,32],[-61,50],[-41,233],[-35,237],[-33,150],[-10,146],[-6,223],[49,4],[44,9],[22,17],[25,57],[29,46],[63,-2],[-15,92],[429,-129],[37,-372],[6,-107],[54,-301],[7,-103],[8,-72],[-6,-77],[-6,-356],[2,-120],[12,-142],[17,-221],[25,-181],[-12,-206]],[[26249,42874],[6,-78],[60,-51],[-29,-76],[-35,-55],[-54,13],[-95,65],[33,67],[42,55],[72,60]],[[28917,45040],[-301,-168]],[[28616,44872],[-40,-23],[-12,-4],[-13,3],[-117,77],[-7,14],[4,11],[257,321]],[[28688,45271],[229,-231]],[[29141,40443],[-16,-105]],[[29125,40338],[-923,47]],[[28202,40385],[16,112]],[[28218,40497],[923,-54]],[[27887,44728],[35,4],[35,-19],[78,-67]],[[28035,44646],[-9,-27],[-90,-99],[-29,-2],[-26,6],[-31,21],[-44,31],[81,152]],[[27915,39804],[-330,18]],[[27615,40127],[246,9],[-10,-178],[13,-19],[146,-9],[7,-19],[-23,-115],[-79,8]],[[28754,39143],[599,-30]],[[29353,39113],[-71,-185]],[[29282,38928],[-602,24]],[[28680,38952],[74,191]],[[29125,40338],[-17,-111]],[[29108,40227],[-922,50]],[[28186,40277],[16,108]],[[30004,49242],[-57,52],[10,31],[-22,44],[-22,12],[-22,5],[-26,29],[-19,17],[-8,20],[-7,25],[-12,17],[-10,30],[8,17],[28,20],[23,33],[21,3],[-9,27],[1,45],[-8,45],[-12,30],[-10,36],[-14,9],[-65,19],[-36,15],[-11,8],[-10,35],[-16,68],[-22,42],[-45,43],[-44,73],[-25,21],[-20,22],[-30,77],[-13,15],[-28,26],[-17,21],[-43,29],[-38,27],[-28,18],[-26,3],[-33,2],[-24,5],[-12,8],[-3,32],[0,83],[-31,84],[-21,58],[-6,34],[3,54],[9,43],[18,106],[12,66],[18,55],[13,32],[23,36],[40,67],[6,17],[4,32],[5,3],[22,-3],[438,-24],[15,-2],[14,-9],[11,-15],[-4,-42],[-26,-248],[-11,-101],[17,-56],[19,-78],[3,-25],[-6,-361],[17,-17],[204,-23],[57,-35],[-41,-529],[14,-4],[68,530],[29,281],[273,-47],[29,-184],[23,-149],[-35,-90],[-10,-34],[1,-77],[-13,-73],[-71,-203],[-34,-32],[-82,-76],[-60,-55],[-60,-54],[-112,-92],[-13,-7],[-13,8]],[[29957,49431],[-4,-39],[10,-13],[70,-10],[10,6],[2,41],[-14,11],[-64,10],[-10,-6]],[[28569,45846],[260,-275]],[[28829,45571],[-232,-301],[-73,81],[-83,82],[-86,74],[214,339]],[[31556,48835],[331,-294],[0,-13],[-42,-93],[-61,-162],[-65,-201],[254,-35],[11,-12],[-16,-99],[2,-11],[13,-8],[36,-7],[12,-8],[0,-20],[-7,-24],[-338,-613],[-9,-10],[-8,-2],[-302,78],[-29,8],[-7,9],[-1,14],[39,112],[24,78],[39,131],[-195,35],[-11,-4],[-74,-40],[-21,-14],[-52,-15],[-20,-3],[-22,0],[-24,4]],[[26873,44990],[-3,-43],[-180,-294],[-21,85],[-61,74],[-80,97],[-48,8],[-60,20],[1,54],[-29,63],[57,30],[86,10],[88,-20],[132,-33],[118,-51]],[[29899,44625],[199,404],[101,-56],[-44,-88],[103,-50],[40,-21],[-184,-316]],[[30114,44498],[-215,127]],[[29246,41123],[-17,-111]],[[29229,41012],[-928,77]],[[28301,41089],[5,40],[10,32],[24,45]],[[29050,44485],[-277,177]],[[28773,44662],[9,9]],[[28782,44671],[281,281],[26,-1],[25,-25],[20,-49]],[[29134,44877],[17,-56],[40,-51],[16,-37],[9,-45],[-79,-76],[0,-28],[-87,-99]],[[18201,36872],[-677,111],[-11,11],[-3,10],[4,11],[230,514],[125,278],[18,28],[12,4],[192,-71],[15,3],[77,197],[-10,9],[-182,80],[166,379],[16,11],[24,0],[595,-230],[202,-66],[34,-37],[46,9],[130,-65],[19,-15],[1,-11],[-19,-20],[-27,-65],[-19,-50],[-27,-43],[-13,-19],[-20,-4],[-13,3],[-92,47],[-6,22],[-7,17],[-11,9],[-32,-3],[-34,-4],[-45,1],[-57,12],[-57,10],[-37,9],[-22,14],[-11,-3],[-16,-22],[-74,-142],[-38,-74],[-51,-105],[-35,-72],[-23,-34],[-21,-39],[-10,-34],[-6,-39],[-12,-66],[-31,-88],[-149,-371],[-8,-7]],[[29108,40227],[-13,-83],[-14,-32],[-912,45],[17,120]],[[22696,45427],[39,-25],[31,-47],[21,-56],[41,-16],[70,-4],[51,13],[58,-14],[91,-27],[75,-28],[70,-39],[22,-50],[20,-75],[60,-82],[-41,-35],[-75,88],[-42,45],[-30,39],[-71,54],[-86,8],[-102,7],[-105,-14],[-58,-49],[-185,-148],[113,364],[27,65],[6,26]],[[28400,33080],[-29,-291],[-56,-39]],[[28315,32750],[-34,29],[-42,0],[-42,2],[-15,25],[-92,25],[-72,11],[-1,124],[23,152],[143,-16],[217,-22]],[[30612,45633],[15,-3],[38,-20],[62,-37],[2,-10],[-95,-138],[-99,93],[2,12],[75,103]],[[28724,39151],[-75,-197]],[[28649,38954],[-651,33]],[[27998,38987],[30,207]],[[28028,39194],[696,-43]],[[27602,34697],[-135,-39],[-79,-23],[-9,3],[-2,33],[48,277],[8,8],[70,-6],[174,63],[20,-9],[32,-41],[120,-193],[-17,-16]],[[26930,37927],[-89,-14]],[[26841,37913],[-268,-28]],[[26573,37885],[-350,-26]],[[26223,37859],[-14,118],[636,-37],[85,-13]],[[28145,39978],[17,120],[5,8],[899,-43],[-5,-21],[-42,-110]],[[28582,38697],[352,-14]],[[28934,38683],[186,-19],[12,-15],[-62,-216]],[[29070,38433],[-581,22]],[[28489,38455],[93,242]],[[27564,43245],[11,-11],[2,-7],[-109,-208],[-10,0],[-45,18],[-30,16],[-19,24],[135,119],[55,45],[10,4]],[[30427,39385],[-20,-165],[-13,-35],[-18,-14],[-19,-1],[-14,10],[-7,16],[1,77],[-1,74],[4,34],[9,23],[17,8],[15,2],[23,-5],[18,-10],[5,-14]],[[29366,39698],[176,-7],[17,-24],[-11,-68],[-185,10],[-6,9],[9,80]],[[28129,45136],[147,237],[63,113],[82,-73],[70,-68],[92,-94],[-231,-282],[-223,167]],[[27413,41097],[-14,-101]],[[27399,40996],[-642,32]],[[26757,41028],[9,68],[5,37]],[[26771,41133],[642,-36]],[[27102,41825],[60,104]],[[27162,41929],[650,-41]],[[27812,41888],[-55,-94]],[[27757,41794],[-655,31]],[[27347,40618],[-14,-98]],[[27333,40520],[-650,35]],[[26683,40555],[16,99]],[[26699,40654],[648,-36]],[[30086,41159],[35,148],[107,-14],[-21,-144]],[[27399,40996],[-14,-101]],[[27385,40895],[-642,36]],[[26743,40931],[7,41],[7,56]],[[27428,41195],[-5,-24],[-10,-74]],[[26771,41133],[9,74],[4,22]],[[26784,41229],[644,-34]],[[28804,37004],[109,-57],[15,0],[11,22],[121,-37],[-21,-15],[-43,-29],[-57,-41],[-44,-43],[-34,-50],[-50,-42],[-44,-27],[-58,-4],[-117,7],[121,179],[69,103],[22,34]],[[27887,44728],[73,120],[15,9],[30,40],[43,22],[29,43],[60,33],[117,-65],[-1,-45],[-218,-239]],[[29109,38278],[161,-11],[8,-16],[-28,-124],[-38,0],[1,63],[-61,1],[-42,8],[-21,43],[20,36]],[[27162,41929],[52,93]],[[27214,42022],[651,-41]],[[27865,41981],[-53,-93]],[[29169,40337],[618,-42]],[[29787,40295],[-34,-99]],[[29148,40235],[21,102]],[[27463,41290],[-22,-41],[-8,-28],[-5,-26]],[[26784,41229],[3,15],[7,30],[14,32],[13,18]],[[26821,41324],[642,-34]],[[27372,40802],[-13,-95]],[[27359,40707],[-647,29]],[[26712,40736],[16,97]],[[26728,40833],[644,-31]],[[27385,40895],[-13,-93]],[[26728,40833],[15,98]],[[28127,40457],[-10,-88]],[[28117,40369],[-752,32]],[[27365,40401],[14,98]],[[27379,40499],[748,-42]],[[29067,39934],[45,117],[573,-30],[-33,-119],[-283,12]],[[27689,41680],[-63,-107]],[[27626,41573],[-644,41]],[[26982,41614],[59,104]],[[27041,41718],[648,-38]],[[27626,41573],[-61,-104]],[[27565,41469],[-641,36]],[[26924,41505],[58,109]],[[29391,39904],[242,-14],[-28,-83],[-68,5],[6,46],[-12,7],[-25,0],[-4,-18],[-34,-4],[-1,-24],[-82,3],[6,82]],[[29189,40436],[555,-44]],[[29744,40392],[42,-4],[18,-9],[6,-16],[-23,-68]],[[29169,40337],[18,83],[2,16]],[[29111,37620],[-56,-138],[-36,-23],[-72,-59],[-58,-25],[-209,-28],[104,249]],[[25680,33526],[31,27],[32,13],[25,7],[34,19],[34,27],[25,25],[32,-24],[-25,-47],[-48,-61],[-78,-51],[-10,3],[-34,48],[-18,14]],[[21942,47456],[64,33],[60,6],[41,-226],[16,-181],[2,-215],[-11,-26],[-34,7],[-38,28],[-9,53],[-4,51],[-2,75],[3,79],[-8,59],[-9,92],[-30,66],[5,31],[-46,68]],[[27514,41382],[-51,-92]],[[26821,41324],[9,13],[48,77]],[[26878,41414],[636,-32]],[[27336,37778],[140,0],[-1,-95],[241,-6],[-5,-143],[-15,-12]],[[27696,37522],[-369,14],[9,242]],[[27565,41469],[-51,-87]],[[26878,41414],[46,91]],[[27393,40598],[749,-43]],[[28142,40555],[-15,-98]],[[27379,40499],[14,99]],[[27359,40707],[-12,-89]],[[26699,40654],[13,82]],[[28117,40369],[-14,-100]],[[27351,40308],[14,93]],[[30666,42732],[97,-34],[10,-38],[-18,-97],[-33,-55],[-60,-42],[-88,-74],[-101,-84],[-30,-31],[-2,38],[53,101],[58,113],[60,116],[54,87]],[[27041,41718],[61,107]],[[27757,41794],[-68,-114]],[[25517,39182],[8,-10],[22,-48],[5,-28],[9,-158],[-4,-132],[-4,-76],[-15,-36],[-9,-69],[-5,-54],[-15,-33],[-25,-22],[-16,1],[-46,36],[-7,21],[-1,27],[11,70],[40,132],[20,90],[10,62],[2,194],[4,25],[8,8],[8,0]],[[22921,46918],[49,22],[39,-20],[42,12],[35,-15],[33,10],[100,-14],[74,-7],[29,-12],[23,-22],[7,-24],[-32,-12],[-54,-8],[-30,-3],[-36,-6],[-39,-7],[-34,-42],[-61,-3],[-57,10],[-61,17],[-19,29],[-18,41],[1,28],[9,26]],[[30113,39613],[59,0],[63,30],[85,-7],[30,-25],[61,-3],[44,6],[7,-102],[-34,0],[-19,-43],[-281,19],[-28,27],[-7,80],[20,18]],[[28400,33080],[12,1],[94,-14],[37,-35],[-32,-295]],[[27011,38318],[-1025,65],[76,219],[30,168],[-6,118],[-8,66],[20,14],[996,-50],[4,-25],[-87,-575]],[[29282,38928],[-87,-230],[-15,0],[-23,11],[-220,8],[-3,-34]],[[28582,38697],[98,255]],[[29003,42544],[-61,-107]],[[28197,42483],[61,105]],[[28258,42588],[745,-44]],[[27264,33948],[355,11]],[[27619,33959],[182,5],[0,39],[1,34],[115,7],[3,-79],[-16,-301],[-11,-86],[-81,-33],[-57,-2],[-249,32],[-252,22],[-98,2],[63,188],[45,161]],[[26396,37158],[249,31],[0,-74],[-242,-30],[-7,73]],[[29321,41617],[-713,66]],[[28608,41683],[114,203],[11,7],[605,-48],[8,-7],[4,-17],[-21,-157],[-8,-47]],[[28688,45271],[255,319],[196,248],[22,5],[145,-169],[147,-188],[34,-52],[9,-22],[-1,-16],[-11,-10],[-76,-49],[-124,-76],[-173,-113],[-22,-1],[-47,37],[-97,-71],[28,-42]],[[28973,45071],[-56,-31]],[[24983,43345],[15,15],[23,2],[46,4],[46,4],[23,4],[22,5],[20,13],[27,30],[24,13],[35,7],[40,2],[69,5],[41,8],[61,6],[53,2],[53,-7],[46,-9],[45,-15],[47,-18],[67,-40],[28,-18],[27,-12],[43,-13],[47,-24],[18,-2],[15,1],[7,-5],[4,-10],[-10,-18],[-15,-19],[-43,-33],[-64,-38],[-20,-8],[-19,-1],[-48,20],[-64,31],[-11,0],[-18,-4],[-23,-13],[-16,-19],[-10,-53],[10,-63],[6,-25],[-8,-24],[-21,-22],[-18,-9],[-55,0],[-23,3],[-35,-12],[-41,-16],[-67,-26],[-31,3],[-40,21],[-29,3],[-46,-2],[-33,11],[-42,47],[-36,50],[-7,34],[-47,92],[-46,66],[-21,52],[-1,24]],[[29474,46236],[53,-1],[29,3],[42,6],[37,-14],[4,-54],[-17,-35],[-25,-25],[-21,-28],[-16,-32],[-24,-54],[-21,-56],[0,-35],[-5,-35],[-12,-93],[-10,-37],[-19,-44],[-2,-51],[6,-40],[9,-35],[-21,-19],[-27,-4],[-267,350],[5,30],[86,134],[35,30],[60,0],[25,4],[12,14],[33,61],[21,39],[30,21]],[[29232,42791],[550,967],[35,28],[73,-45],[94,-55],[108,-57],[66,-35],[20,-6],[56,-7],[-4,-25],[-312,-333],[-9,-15],[-4,-14],[6,-14],[14,-5],[102,-9],[14,-3],[10,-11],[2,-15],[-219,-391]],[[29834,42746],[-602,45]],[[29123,42753],[-744,46]],[[28379,42799],[36,61],[13,8],[729,-37],[6,-8],[-40,-70]],[[29791,40673],[-15,-25],[-32,-256]],[[29189,40436],[41,290]],[[29230,40726],[561,-53]],[[23688,47862],[-36,-51],[-15,-48],[-34,-105],[-3,-100],[-10,-133],[-21,-80],[-23,-25],[-84,-29],[-86,75],[-74,38],[-153,-54],[-131,46],[-63,48],[-102,68],[-32,52],[-54,-11],[-67,-36],[-50,-13],[-70,2],[-75,18],[-58,5],[-42,6],[-32,40],[-17,48],[-38,121],[-30,72],[40,-4],[68,-38],[36,-7],[0,49],[56,-29],[16,-53],[30,-23],[37,-3],[29,35],[-10,56],[-18,40],[-13,41],[-32,23],[-41,10],[-25,19],[-26,35],[-4,35],[8,28],[11,41],[23,22],[26,-2],[45,-12],[37,-26],[32,-6],[52,6],[40,6],[72,16],[80,7],[71,-5],[134,-49],[62,-23],[56,-8],[82,-15],[48,4],[75,-29],[66,-12],[52,-6],[42,-20],[45,-2],[36,-19],[37,-8],[25,-28]],[[27968,39385],[-1,-20],[-15,-103],[-9,-33],[-23,8],[-161,12],[-16,-12],[-13,-30],[-4,-51]],[[27726,39156],[-540,27]],[[27186,39183],[37,241]],[[27223,39424],[745,-39]],[[22302,45574],[12,5],[51,4],[62,4],[67,1],[46,1],[52,-2],[61,9],[11,-8],[1,-16],[-7,-59],[-6,-79],[-15,-85],[-95,-298],[-110,49],[-115,55],[-32,18],[13,22],[4,15],[-6,22],[-14,17],[-18,5],[7,32],[16,71],[1,105],[-3,89],[17,23]],[[30955,43835],[-550,-699]],[[30405,43136],[-260,61],[-116,26],[-11,4],[-6,20],[2,11],[366,394],[34,32],[367,326]],[[27393,40598],[61,431]],[[27454,41029],[745,-48]],[[28199,40981],[-57,-426]],[[28680,33901],[-67,18],[-51,14],[-115,-12],[-72,-19]],[[28375,33902],[-78,55],[-65,46],[-76,60],[-44,75],[-47,55],[18,43],[82,-1],[88,3],[112,3],[99,-6],[130,1],[72,0],[47,-13],[-33,-322]],[[28467,34129],[-14,-14],[9,-13],[12,-17],[12,-16],[22,-14],[27,-5],[27,1],[23,2],[41,8],[1,10],[-2,18],[-16,14],[-24,5],[-37,2],[-33,0],[-18,4],[-30,15]],[[20976,44273],[155,53],[143,-178],[19,-72],[22,-77],[7,-75],[2,-55],[-54,-30],[-45,-74],[9,-132],[-52,-22],[-52,-2],[-71,15],[-73,31],[-25,18],[23,67],[42,29],[3,38],[-47,12],[-35,-22],[-39,-59],[-123,48],[-26,127],[62,42],[-59,55],[-31,80],[-24,83],[-61,48],[-103,-2],[-93,16],[-66,53],[-76,95],[-34,72],[-11,88],[91,6],[-102,116],[-30,47],[-26,68],[-14,55],[17,89],[11,78],[40,106],[62,70],[116,53],[14,-64],[79,-6],[26,-55],[44,-13],[62,25],[47,-1],[24,-55],[-28,-69],[-44,-70],[-43,-59],[-27,-72],[-21,-85],[71,-107],[21,-65],[25,-58],[56,-43],[39,-30],[78,-1],[125,-130]],[[26312,38022],[42,312],[628,-41],[24,-5],[-51,-291],[-643,25]],[[31018,38309],[-26,-26],[-206,-205],[-6,-8],[-18,4],[-47,49],[-160,198],[-35,24],[-40,45],[-15,18],[-28,27],[344,321],[71,60],[44,29],[47,24],[66,40],[51,24],[55,33],[47,33],[55,40],[58,53],[45,40],[68,60],[76,62],[88,44],[175,74],[152,55],[91,21],[53,-14],[125,4],[16,-40],[47,-135],[6,-22],[9,-16],[-109,-8],[-69,-31],[-40,-5],[-44,-8],[-73,-15],[-89,-41],[-89,-58],[-53,-28],[-29,-38],[-37,-38],[-47,-78],[-40,-55],[-27,-31],[-100,-51]],[[30762,42504],[45,22],[18,3],[154,-41],[39,-14],[13,-12],[18,-24],[1,-12],[-28,-76],[-29,-43],[-18,-36],[-13,-35],[-7,-31],[-4,-39],[-7,-40],[-11,-20],[-27,-25],[-51,-20],[-42,-5],[-63,-2],[-53,1],[-78,2],[-28,11],[-7,13],[20,95],[-4,16],[-29,16],[-26,25],[-16,39],[9,23],[29,35],[54,56],[49,42],[67,54],[25,22]],[[21441,45120],[-16,-2],[-80,173],[-5,11],[17,17],[45,6],[36,-1],[31,-14],[38,-27],[13,-60],[-23,-55],[-26,-25],[-30,-23]],[[26145,49499],[34,1],[21,25],[95,-18],[90,-44],[101,-93],[128,-47],[126,-44],[20,-7],[111,-102],[5,-24],[-40,-66],[-155,-250],[-29,-20],[34,-35],[104,-86],[-13,-191],[-12,-153],[-29,-19],[-65,7],[-110,36],[-105,48],[-113,74],[-34,43],[-37,6],[-26,1],[-57,38],[-138,191],[-109,168],[-53,125],[-35,113],[-13,55],[10,31],[131,79],[21,31],[63,57],[79,70]],[[26322,38336],[-40,-312],[-309,27],[-36,30],[-54,-1],[78,273],[33,4],[328,-21]],[[28245,37883],[591,-34],[-107,-252],[-112,-9],[-480,-43],[108,338]],[[30718,43024],[-56,-108]],[[30662,42916],[-645,44]],[[30017,42960],[56,103]],[[30073,43063],[645,-39]],[[29434,34600],[-1,-311],[10,-38],[-3,-13],[-195,35],[-105,16],[-134,17],[-182,15],[-80,4],[-140,3],[-13,20],[13,215],[-4,125],[4,9],[14,6],[77,-2],[236,-6],[31,5],[20,4],[18,15],[34,21],[22,2],[43,-13],[77,-12],[117,-38],[127,-57],[9,-9],[5,-13]],[[25107,40880],[-44,14],[-47,9],[-60,19],[-25,12],[-36,8],[-32,9],[-51,11],[2,25],[7,27],[24,54],[21,49],[24,38],[19,54],[9,40],[7,55],[15,21],[33,1],[53,-35],[45,-42],[44,-42],[20,-19],[16,-19],[22,-8],[39,-9],[39,-12],[46,-6],[45,-6],[25,-5],[23,-16],[1,-71],[4,-43],[4,-103],[-2,-46],[-6,-36],[-22,8],[-32,1],[-153,40],[-77,23]],[[27926,42086],[-61,-105]],[[27214,42022],[64,111]],[[27278,42133],[648,-47]],[[28970,38122],[-596,34]],[[28374,38156],[115,299]],[[29070,38433],[13,-23],[-113,-288]],[[28973,45071],[120,61],[79,-115],[214,180],[58,-71],[-17,-51],[-19,-48],[-22,-65],[-34,-60],[-63,-98],[-25,-31],[-22,-6],[-56,49],[-27,47],[-25,14]],[[28782,44671],[-32,14],[-39,22],[-38,27],[-28,16],[46,44],[-75,78]],[[27054,38272],[635,-33],[6,-137],[9,-132],[-394,14],[-32,13],[-270,14],[46,261]],[[28434,35903],[15,-1],[9,-68],[4,-25],[-7,-56],[-10,-21],[-88,-76],[-63,-48],[-64,-34],[-11,-15],[-9,-41],[-15,-56],[0,-40],[9,-52],[4,-31],[-8,-65],[-11,-9],[-74,-9],[-29,-5],[-470,-161],[3,302],[8,9],[377,59],[61,14],[32,9],[29,12],[36,33],[58,61],[56,74],[74,90],[19,29],[58,114],[7,7]],[[22094,47610],[201,61]],[[22295,47671],[26,-73],[7,-67],[57,-113],[24,-62],[19,-54],[36,-63],[34,-96],[39,-78],[-4,-54],[-282,-37],[-51,2],[-25,32],[-2,37],[-1,61],[-10,126],[-14,95],[-42,227],[-12,56]],[[22128,46788],[73,-1029],[-14,-16],[-114,32],[-193,68],[-96,33],[-41,60],[-1,35],[-3,89],[-18,104],[-40,120],[-90,89],[-77,123],[13,80],[-11,41],[10,49],[26,31],[67,27],[84,54],[50,33],[29,27],[9,39],[25,21],[77,-5],[57,2],[57,-5],[11,-34],[22,-23],[14,-28],[74,-17]],[[28570,41787],[-62,-103]],[[28508,41684],[-743,44]],[[27765,41728],[58,102]],[[27823,41830],[747,-43]],[[28373,42876],[0,-1],[-56,-96]],[[28317,42779],[-378,24]],[[27939,42803],[52,91],[20,12]],[[28011,42906],[362,-30]],[[27262,35870],[-551,-93]],[[26711,35777],[49,394]],[[26760,36171],[758,102]],[[27518,36273],[-25,-178],[-136,-13],[-1,-23],[-29,-7],[-9,-9],[-11,-41],[-22,-54],[-17,-62],[-6,-16]],[[29937,41558],[-572,62]],[[29365,41620],[34,224],[758,-47],[-42,-253],[-178,14]],[[28825,43561],[227,-126],[277,-253]],[[29329,43182],[3,-28],[-3,-16],[-146,-261],[-726,38],[368,646]],[[25718,42847],[18,20],[93,-54],[59,-39],[39,-16],[39,-18],[19,-30],[5,-12],[-15,-59],[-182,-412],[-13,-49],[-15,-5],[-34,8],[-39,13],[-51,19],[-35,15],[-26,18],[-37,26],[-17,40],[2,72],[32,103],[32,89],[1,44],[27,7],[26,44],[22,57],[24,64],[26,55]],[[27726,39156],[-4,-66],[41,-11],[67,4],[45,17],[45,-6],[-16,-127],[-10,-77],[-14,-20],[-722,39],[-10,24],[38,250]],[[26014,36365],[732,118]],[[26746,36483],[0,-2],[-21,-141],[-45,-266]],[[26680,36074],[-726,-112]],[[25954,35962],[54,269],[6,134]],[[31638,34670],[-7,-79],[-41,-87],[-43,-75],[-72,-33],[-112,-45],[-203,-48],[-145,-68],[-69,4],[-28,22],[-15,26],[-18,77],[-90,185],[-107,157],[-19,29],[-7,29],[-21,26],[-52,37],[-36,21],[-6,5],[4,15],[13,13],[34,20],[27,11],[142,22],[98,8],[37,-6],[29,0],[231,27],[38,3],[23,0],[138,-27],[128,2],[91,1],[66,8],[-1,-43],[-2,-160],[-5,-77]],[[30375,37638],[20,-12],[6,-35],[29,-154],[16,-54],[16,-22],[26,-77],[9,-23],[-4,-9],[-35,-13],[-72,-40],[-68,-54],[-69,-55],[-15,-4],[-18,0],[-20,5],[-80,20],[-36,11],[-63,19],[-14,0],[-35,0],[-28,12],[-22,20],[-8,15],[6,36],[15,37],[35,70],[31,58],[19,22],[107,93],[145,94],[89,36],[18,4]],[[30662,42916],[-54,-104]],[[30608,42812],[-644,49]],[[29964,42861],[53,99]],[[26921,47724],[87,-33],[140,-31],[20,-21],[15,-39],[47,-182],[18,-78],[4,-70],[-13,-67],[-49,-109],[-39,-87],[-19,-31],[-95,-124],[-104,-173],[-127,55],[-123,61],[-149,82],[-115,77],[-20,4],[-94,67],[-66,42],[-76,62],[-56,31],[-59,19],[-61,16],[5,39],[165,92],[343,176],[344,181],[77,41]],[[31113,43748],[-296,-524],[-49,-97],[-14,-33],[-15,-26],[-15,-5],[-319,73]],[[29937,41558],[-62,-367]],[[29875,41191],[-563,77]],[[29312,41268],[53,352]],[[26525,37279],[-159,-22]],[[26366,37257],[-19,297]],[[26347,37554],[162,14]],[[26509,37568],[16,-289]],[[27890,46055],[50,151],[12,70],[8,65],[22,50],[35,55],[37,-7],[42,24],[-9,41],[54,109],[25,-2],[44,53],[39,32],[58,14],[30,37],[54,62],[88,114],[35,48],[81,137],[596,-291],[-650,-985],[-200,-324],[-64,33],[-19,-16],[-236,87],[-211,91],[11,168],[19,53],[49,131]],[[28649,35732],[49,18],[75,-1],[250,-12],[215,0]],[[29238,35737],[45,-8],[109,-23],[24,-22],[4,-33],[-2,-47],[-11,-17],[-4,-41],[-23,-36],[-5,-28],[1,-85],[0,-61],[-5,-28],[16,-42],[-244,-32],[-70,20],[-128,41],[-147,63],[-68,-9],[-89,-2],[-52,5],[-39,10],[-15,11],[-24,75],[32,77],[-15,57],[37,65],[51,61],[33,24]],[[28926,35447],[-7,-29],[12,-14],[31,-9],[21,16],[17,22],[11,20],[-14,26],[-24,6],[-47,-38]],[[29050,44485],[-21,-31],[-67,-55],[-59,-41],[-97,-36],[-133,-42],[-155,-39],[-121,-17],[-103,-17],[-171,-27],[-54,123],[232,52],[-27,62],[104,41],[-255,192],[251,282],[180,-110],[36,-55],[47,-32],[57,-46],[79,-27]],[[26065,37214],[-41,-6]],[[26024,37208],[-95,309]],[[25929,37517],[130,11]],[[26059,37528],[6,-314]],[[26871,40234],[17,310]],[[26888,40544],[445,-24]],[[27333,40520],[-41,-293],[-10,-16],[-411,23]],[[26013,37106],[383,52]],[[26396,37158],[10,-109]],[[26406,37049],[-384,-52],[-9,109]],[[29434,35680],[-26,45],[-22,-4],[-107,28],[-277,629],[5,31],[115,17],[118,24],[97,22],[10,-17],[35,2],[68,-9],[79,-3],[35,-6],[13,-76],[30,-282],[30,-323],[-4,-43],[-4,-28],[-13,-68],[-1,-64],[-8,-45],[-12,-27],[-27,-20],[-32,-18],[-47,-8],[-73,-3],[7,53],[8,45],[4,37],[-1,111]],[[28497,36391],[-3,-23],[-9,-80],[6,-31],[-6,-39],[14,-62],[-31,-33],[-45,-77],[-29,-49],[-49,-107],[-37,-55],[-35,-59],[-35,-39],[-43,-51],[-59,-67],[-37,-39],[-30,-20],[-35,-12],[-95,-14],[-221,-37],[-29,0],[-44,11],[35,133],[32,115],[2,41],[-64,58],[34,256],[7,136],[1,68],[-97,-14],[6,60],[21,151]],[[27622,36512],[875,-121]],[[27077,41886],[-249,-427],[-29,-40],[0,-29],[-12,-27],[-14,-17],[-29,-18],[-11,-19],[-4,-21],[-10,-49],[1,-41],[2,-38],[-2,-55],[-31,-180],[-666,42],[12,47],[156,342],[130,244],[227,284],[34,36]],[[26582,41920],[495,-34]],[[30974,44271],[-175,-165],[-13,-10],[-89,-39],[-9,-7],[-12,-33],[-15,-23],[-98,-98],[-154,-134],[-64,-50],[-28,-19],[-48,-16],[-15,-14],[-15,-3],[-75,17],[-110,59],[-149,83],[-46,34],[-9,12],[2,11],[195,343],[128,-76],[15,2],[34,51],[57,87],[1,16],[-7,17],[-32,33],[22,38],[2,18],[-7,15],[-13,13],[-29,8],[-27,6],[-8,11],[153,267],[7,7],[10,0],[118,-80]],[[30471,44652],[503,-381]],[[30608,42812],[-53,-103]],[[30555,42709],[-646,50]],[[29909,42759],[55,102]],[[29231,36550],[4,16],[250,431]],[[29485,36997],[21,36],[27,-2],[19,-16],[127,-43],[38,-12],[26,-16],[4,-19],[-12,-42],[31,10],[31,-4],[60,-23],[26,3],[99,-53],[41,-12],[99,-27],[115,-24],[17,-10],[10,-11],[-1,-38],[-22,-267],[-6,-15],[-15,-7],[-93,6],[-153,11],[-157,16],[-150,21],[-24,7],[-22,17],[-8,49],[-3,48],[9,109],[-71,-93],[-40,-48],[-20,-15],[-60,-17],[-173,31],[-24,3]],[[24559,42652],[41,-27],[60,-30],[54,-46],[23,-25],[25,-14],[14,-15],[31,-37],[32,-42],[24,-35],[33,-35],[44,-44],[15,-27],[16,-16],[21,-16],[30,-25],[20,-27],[15,-41],[15,-38],[7,-15],[31,-23],[47,-29],[82,-53],[45,-28],[25,-20],[49,-44],[29,-42],[23,-52],[27,-42],[23,-55],[20,-37],[1,-27],[1,-29],[-19,-39],[-20,-45],[-17,-60],[-18,-30],[-14,-8],[-18,7],[-53,34],[-86,29],[-28,-44],[-52,-33],[-4,-9],[6,-11],[-16,-22],[-23,-25],[-36,16],[-13,-5],[-18,-8],[-21,1],[-52,25],[-7,19],[-16,15],[-34,24],[-23,14],[-45,20],[-34,24],[-63,40],[-45,56],[-49,34],[-48,62],[-66,82],[-37,46],[-31,50],[-21,50],[0,50],[3,45],[17,22],[7,46],[-10,32],[-8,36],[9,41],[2,26],[-4,76],[-17,34],[-22,8],[-52,24],[-38,23],[-39,30],[-32,33],[20,26],[35,15],[43,28],[58,49],[23,34],[64,69],[39,-20]],[[29775,42641],[-53,-94]],[[29722,42547],[-611,32]],[[29111,42579],[68,120]],[[29179,42699],[596,-58]],[[30174,40866],[25,-216],[134,-88],[-36,-177],[-44,-49],[-81,-30],[-70,-7],[15,153],[-97,3],[14,60],[-148,12],[82,114],[185,226],[21,-1]],[[30633,35184],[36,-8],[31,-163],[-6,-16],[-73,-10],[-67,-28],[-104,-48],[-2,-19],[-63,-34],[-53,-16],[-115,-16],[-89,-11],[-167,-42],[-105,-7],[-5,330],[287,0],[219,8],[109,8],[126,54],[41,18]],[[28680,33901],[5,-19],[-27,-43],[-1,-23],[-7,-68],[-14,-53],[11,-24],[0,-38],[-3,-59],[-4,-38],[-4,-32],[-10,-11],[-30,31],[-25,27],[-21,13],[-25,0],[-25,0],[-23,11],[-45,24],[-25,26],[-34,25],[-21,11],[-15,4],[-5,8],[-13,9],[-8,6],[-18,10],[-37,2],[-27,4],[18,29],[6,24],[2,26],[-15,18],[-27,30],[-29,26],[2,15],[10,25],[5,22],[8,30],[2,25],[2,18],[76,-56],[33,-27],[17,-16],[7,-9],[15,-6],[9,2],[5,22]],[[29231,36550],[-18,-17],[-56,-45],[-35,-11],[-163,-32],[-84,159],[17,54],[33,43],[35,43],[30,21],[23,-5],[34,15],[23,22],[21,46],[40,27],[40,47],[94,-8],[96,-10],[19,14],[1,23],[18,38],[31,31],[55,-8]],[[30208,36004],[-14,-269],[-13,-35],[-48,-42],[-33,-10],[-49,-2],[-171,51],[-73,7],[-105,2],[-41,9],[-9,117],[-38,586],[47,0],[81,-3],[40,-17],[47,-23],[40,-17],[36,10],[43,6],[41,8],[52,-3],[45,-4],[48,-17],[47,-11],[26,-33],[26,-74],[0,-28],[-25,-208]],[[26678,44308],[4,60],[2,46],[4,56],[36,127],[28,71],[47,66],[79,133],[34,66],[11,8],[22,2],[23,-3],[737,-395],[28,-17],[7,-15],[-53,-91],[3,-34],[-84,-147],[-62,-87],[-13,-20],[-26,-19],[-12,-11],[-36,-47],[-165,-123],[-104,-84],[-72,-47],[-69,-60],[-150,-105],[-11,6],[-171,534],[-31,95],[-6,35]],[[30114,44498],[-325,-544],[-15,-19],[-13,-5],[-67,14],[-52,7],[-56,4],[-166,3],[-119,7],[15,52],[43,24],[180,131],[40,42],[78,75],[44,32],[33,41],[112,168],[30,49],[23,46]],[[28649,35732],[-16,37],[-37,156],[-28,101],[-11,70],[-6,70],[23,10],[49,55],[122,110],[31,30],[18,13],[24,6],[63,11],[63,14],[40,-97],[134,-260],[121,-262],[-1,-59]],[[30397,38417],[58,-57],[207,-268],[33,-40],[5,-13],[2,-18],[-5,-17],[-38,-32],[-322,-245],[-52,-1],[-44,-28],[-136,-104],[-154,-123],[-21,-8],[-233,-25],[-178,-18],[-21,0],[-33,6],[-56,25],[74,144],[54,103],[66,103],[33,46],[46,38],[54,49],[149,97],[170,116],[146,89],[109,100],[87,81]],[[28563,35127],[0,-200],[-39,-13],[-101,-32],[-59,-19],[-90,-40],[-55,-7],[-26,6],[-103,29],[-19,4],[-80,-2],[-34,2],[-18,5],[-90,41],[-97,139],[3,12],[181,72],[30,11],[133,34],[99,17],[57,6],[162,6],[100,-3],[6,-68],[40,0]],[[26214,37564],[-158,-13]],[[26056,37551],[-14,303]],[[26042,37854],[148,4]],[[26190,37858],[24,-294]],[[25690,45430],[-997,-1540]],[[24693,43890],[-29,9],[-30,41],[-8,37],[0,54],[-4,34],[-7,14],[-10,13],[-14,7],[-22,3],[-43,-11],[-42,-3],[-22,7],[-51,55],[-36,36],[-48,20],[-20,33],[-16,5],[-37,-3],[-12,7],[-29,44],[13,35],[5,46],[2,41],[-6,43],[-10,32],[-50,87],[-26,37],[-38,36],[-37,35],[-26,40],[-15,29],[-18,51],[-17,55],[-3,26],[4,17],[12,34],[27,85],[23,65],[48,105],[28,69],[24,56],[40,43],[20,34],[16,41],[5,31],[3,76],[2,68],[0,81],[7,89],[4,50],[8,40],[8,28],[30,72],[30,65],[61,98],[47,86],[31,57],[33,53],[38,57],[13,20],[20,9],[12,-7],[56,-65],[55,-81],[98,-138],[75,-106],[101,-131],[57,-55],[12,-12],[3,-11],[-42,-77],[69,-47],[17,5],[40,66],[122,-69],[446,-256]],[[27337,37807],[-1,-29]],[[27696,37522],[-381,-65],[-458,-79],[-117,-18]],[[26740,37360],[-8,65],[5,55],[15,51],[52,114],[110,175],[70,-1]],[[21753,45850],[435,-153],[17,-14],[5,-161],[7,-140],[-4,-25],[-28,-123],[-35,-102],[-333,-707],[-128,-277],[-46,-108],[-36,-69],[-13,-2],[-37,13],[-37,15],[-13,23],[-6,43],[-3,35],[0,44],[4,61],[12,51],[23,93],[14,63],[16,77],[17,118],[7,113],[-5,50],[-16,62],[-19,47],[-19,38],[-18,53],[-17,41],[-1,38],[16,39],[22,48],[11,57],[-1,44],[-3,35],[-16,33],[-31,44],[-27,18],[-52,24],[-56,22],[-18,12],[-5,20],[6,40],[8,18],[26,27],[58,30],[54,2],[83,4],[93,14],[37,11],[27,26],[19,41],[16,64],[-20,96],[10,34]],[[29123,42753],[-62,-108]],[[29061,42645],[-744,46]],[[28317,42691],[62,108]],[[27947,44855],[-156,97],[-586,373],[-47,27]],[[27158,45352],[275,431],[30,51],[185,-83],[150,-48],[465,-190],[-24,-51],[41,-45],[-333,-562]],[[27795,38263],[-726,38],[79,571],[9,20],[711,-33],[14,-10],[-2,-69],[-21,-112],[-89,3],[-11,-9],[-35,-227],[92,-13],[8,-9],[-15,-133],[-14,-17]],[[21755,48681],[-23,11],[-27,14],[-44,43],[-33,33],[-39,48],[-17,51],[5,62],[17,29],[46,33],[48,40],[29,13],[20,21],[10,33],[-4,44],[-7,56],[4,83],[-56,206],[19,72],[63,174],[57,132],[35,84],[30,115],[47,118],[11,16],[3,28],[-9,78],[-9,39],[-29,64],[-6,26],[3,26],[15,35],[40,68],[54,82],[10,33],[-20,19],[-8,25],[-4,38],[7,73],[30,75],[6,35],[-5,28],[-19,52],[-25,51],[-44,64],[-22,51],[-37,150],[-6,42],[-1,56],[6,33],[6,37],[16,19],[10,2],[36,-33],[59,-39],[91,-51],[93,-54],[43,-22],[16,26],[22,18],[49,14],[59,10],[38,20],[79,75],[60,67],[56,56],[71,66],[80,86],[38,60],[48,49],[40,72],[11,46],[5,19],[8,5],[54,-1],[62,11],[39,-1],[-89,-489],[-11,-30],[-50,-60],[-1,-14],[15,-17],[-22,-34],[-58,-53],[-33,-34],[-47,-66],[-51,-30],[-82,-23],[-82,-19],[-62,-29],[-70,56],[-15,1],[-10,-30],[-36,-70],[-14,-89],[-35,-95],[-36,-148],[-49,-217],[-35,-170],[-34,-210],[-30,-332],[-15,-371],[-6,-245],[-23,-193],[-31,-108],[-9,-161],[-2,-43],[-26,-40]],[[22016,48677],[-261,4]],[[28901,39620],[-177,-469]],[[28028,39194],[69,463]],[[29721,34098],[27,7],[17,7],[15,-4],[8,-11],[-2,-41],[3,-14],[19,-42],[10,-34],[10,-22],[0,-16],[-9,-34],[-14,-21],[-27,-8],[-19,-17],[-18,-19],[-30,-5],[-39,-17],[-62,-37],[-30,-3],[-31,9],[-42,-13],[-32,7],[-38,23],[-24,4],[-15,-1],[-39,-20],[-44,-45],[-27,-14],[-28,3],[-217,55],[-24,2],[-20,-2],[-27,-17],[-73,32],[-108,33],[-27,19],[-25,24],[-9,25],[2,34],[27,156],[-10,41],[-2,38],[6,35],[14,21],[22,11],[97,7],[145,-11],[120,-40],[53,14],[72,-13],[139,-17],[118,-21],[85,-21],[78,-25],[25,-2]],[[28876,34203],[-18,7],[-14,-3],[-13,-14],[-5,-19],[0,-26],[5,-19],[8,-17],[13,-10],[9,-1],[3,-11],[16,-15],[8,-2],[9,0],[15,3],[5,9],[4,20],[-5,25],[-16,12],[-7,10],[0,11],[-3,25],[-14,15]],[[22016,48677],[-2,-56],[3,-37],[8,-18],[-148,-533],[-84,14],[-34,65],[-39,48],[-11,31],[-40,53],[-15,30],[48,0],[68,26],[22,56],[-14,79],[-37,35],[-41,-19],[-52,12],[-48,-3],[-41,-19],[-30,-34],[-60,-14],[-93,-3],[-89,34],[-26,46],[-40,38],[-37,45],[-34,27],[-14,42],[4,22],[41,4],[52,-12],[55,-4],[60,3],[56,7],[63,-23],[41,-27],[48,-4],[139,25],[53,47],[7,21]],[[22520,45008],[-85,-269],[-53,-135],[-27,-59],[-78,-125],[-17,-26],[-77,-168],[-15,-43],[-74,-233],[-38,-117],[-9,-34],[-8,-9],[-65,-67],[-9,-13],[-67,-39],[-79,-64],[-130,-91],[-31,-22],[-53,-55],[-79,-70],[-94,-33],[-85,-22],[-22,2],[-11,15],[-5,12],[7,26],[15,12],[65,33],[35,24],[33,39],[33,41],[30,68],[50,111],[38,92],[79,183],[64,127],[69,147],[125,289],[44,89],[48,101],[109,251],[65,149],[7,9],[11,6],[19,3],[24,-6],[227,-101],[8,-11],[6,-17]],[[29804,39236],[275,-37],[223,-34],[123,-24],[144,-29],[33,-81],[-84,-4],[-165,-140],[-135,-65],[-21,-56],[-92,-45],[-44,-78],[-26,-116],[-23,-83],[-67,-41],[-59,-32],[-85,-64],[-145,99],[16,300],[89,-29],[90,94],[58,-51],[30,39],[-54,49],[-207,41],[-31,49],[0,48],[34,28],[55,-5],[54,168],[14,99]],[[27223,39424],[59,415]],[[27915,39804],[-11,-83],[-68,6],[-10,-86],[6,-24],[49,-13],[12,-14],[9,-46],[18,-32],[30,-12],[23,-22],[-5,-93]],[[25921,36983],[-28,102]],[[25893,37085],[74,13],[0,-109],[-46,-6]],[[26366,37257],[-147,-21]],[[26219,37236],[-11,305]],[[26208,37541],[139,13]],[[29061,42645],[-58,-101]],[[28258,42588],[59,103]],[[28460,38456],[-198,-519],[-10,-17],[-19,-5],[-357,20],[-16,9],[-11,9],[75,528]],[[27924,38481],[536,-25]],[[28266,40826],[35,263]],[[29229,41012],[-42,-274]],[[29187,40738],[-921,88]],[[26680,36074],[-68,-503],[-18,-26],[-6,-29],[5,-23],[10,-13],[1,-16],[-14,-9],[-76,-12],[-44,1],[-538,-99],[-16,1],[-15,17],[-21,75],[0,72],[9,83],[15,94],[50,275]],[[21002,42874],[35,-16],[50,-23],[45,-32],[6,-35],[-7,-42],[-24,-76],[-41,-83],[-30,10],[-20,0],[27,-30],[54,-36],[87,-42],[123,-58],[81,-55],[71,-59],[99,-87],[52,-49],[-14,-44],[-27,-95],[-29,-75],[-44,-22],[-58,19],[-44,21],[-48,100],[-65,44],[-93,42],[-109,33],[-86,3],[-106,-29],[-219,-89],[-171,-47],[-178,-42],[-114,-11],[0,35],[63,17],[52,18],[124,38],[49,44],[61,68],[76,114],[129,176],[95,161],[69,115],[50,112],[29,7]],[[27210,42115],[-133,-229]],[[26582,41920],[205,218]],[[26787,42138],[423,-23]],[[28569,45846],[263,397],[289,443],[74,126],[339,-169],[-289,-534],[-123,-171],[-293,-367]],[[28566,34889],[-2,-190],[-6,-357],[-1,-10],[-9,-4],[-357,15],[-166,8],[-16,230],[-10,101],[-1,80],[7,21],[8,11],[23,11],[18,0],[43,-17],[69,-15],[32,-7],[57,-1],[37,5],[47,17],[56,31],[38,21],[37,18],[75,32],[21,0]],[[27947,44855],[-165,-283],[-957,538],[333,242]],[[26760,36171],[25,160],[34,158],[5,94]],[[26824,36583],[743,91]],[[27567,36674],[3,-23],[-52,-378]],[[28859,43743],[-180,-338],[-183,-307],[-248,23],[-139,393],[323,121],[192,59],[235,49]],[[27238,39859],[-52,-341]],[[27186,39518],[-650,37]],[[26536,39555],[52,335]],[[26588,39890],[650,-31]],[[26509,37568],[213,18],[-28,-47],[-19,-51],[-1,-78],[8,-108],[-157,-23]],[[21171,48297],[71,16],[17,42],[52,31],[73,-19],[81,-2],[-30,-55],[30,-61],[29,-31],[53,-93],[-13,-76],[-53,-25],[-52,-18],[-28,-24],[-29,0],[-34,58],[-35,10],[-11,-16],[-19,-24],[-41,-39],[-39,-44],[-54,-38],[-70,-39],[-110,-54],[-74,-7],[-73,21],[-46,8],[-39,42],[41,27],[31,-1],[43,-31],[100,-10],[61,58],[51,21],[24,51],[2,87],[-39,37],[-38,-9],[-40,3],[-57,-1],[-67,-3],[-70,-15],[-64,-45],[-116,-17],[-63,62],[37,43],[44,-8],[42,10],[20,35],[69,-22],[84,57],[-5,49],[15,40],[25,41],[37,0],[51,1],[81,4],[41,0],[104,-27]],[[31658,40418],[142,-17],[118,-4],[147,-19],[76,-145],[-23,-108],[-12,-108],[-38,33],[-40,-32],[-14,-71],[-12,-74],[-3,-41],[-41,-70],[-83,-10],[-33,-30],[-142,83],[-85,55],[-103,7],[-307,39],[-180,2],[-51,15],[-5,60],[20,81],[-74,23],[-116,8],[-119,22],[-103,9],[-277,13],[6,87],[116,29],[47,115],[-91,28],[30,133],[172,-34],[25,24],[110,-11],[137,-56],[201,-18],[117,-24],[75,1],[67,40],[150,-23],[71,-5],[59,-4],[66,-3]],[[30605,41436],[27,57],[96,-31],[28,-19],[104,1],[125,-11],[126,-1],[185,-5],[77,-36],[95,18],[66,0],[122,-1],[74,-29],[98,-3],[103,29],[12,-55],[3,-57],[-57,-123],[-82,-59],[-61,-16],[-64,20],[-52,19],[-87,-8],[-68,-22],[-79,-29],[-56,-28],[-69,-23],[-120,54],[-96,-2],[-115,-1],[-111,2],[-133,13],[-65,6],[-71,12],[7,50],[38,278]],[[26548,43296],[-53,-76],[-27,-23],[-10,-10],[-5,-13],[-11,-43],[-31,-55],[-24,-22],[-46,-23],[-61,-53],[-37,-21],[-65,-46],[-53,-49],[-37,-44],[-26,-23],[-39,-18],[-31,-8],[-15,1],[-22,7],[-73,34],[-61,39],[-14,12],[-4,11],[1,10],[4,8],[112,113],[48,65],[44,78],[45,65],[25,15],[2,12],[-34,29],[-16,19],[-8,14],[-1,21],[8,18],[25,30],[67,47],[67,55],[61,38],[20,9],[17,-2],[13,-4],[136,-113],[99,-84],[11,-11],[-1,-9]],[[30555,42709],[-51,-97]],[[30504,42612],[-653,47]],[[29851,42659],[54,93],[4,7]],[[26121,48267],[32,-44],[92,-9],[62,-3],[58,8],[62,-16],[17,-26],[69,-27],[26,-36],[12,-24],[42,-135],[42,-40],[16,-16],[156,-80],[10,-65],[7,-60],[-208,-110],[-226,-120],[-528,-265],[-51,3],[-80,11],[-85,4],[-121,52],[-5,50],[-15,33],[-30,19],[-9,55],[-34,20],[-8,29],[24,70],[39,62],[43,35],[70,101],[31,59],[1,55],[46,46],[62,46],[131,89],[137,202],[33,28],[80,-1]],[[27696,37522],[3,-102],[-438,-80],[19,-163],[389,54],[-86,-532],[-16,-25]],[[26824,36583],[-18,100],[-30,248],[-45,230],[-3,86],[22,33],[-10,80]],[[28646,37571],[60,-11],[-60,-186],[-85,-195],[-43,-79],[-51,-12],[-48,-224],[19,-25],[-32,-106],[-20,-15],[-23,-1],[-696,95],[96,682],[561,50],[322,27]],[[30504,42612],[-58,-113],[-155,9]],[[30291,42508],[-162,24]],[[30129,42532],[-336,27]],[[29793,42559],[58,100]],[[26219,37236],[-154,-22]],[[26059,37528],[149,13]],[[28658,41941],[-88,-154]],[[27823,41830],[94,164]],[[27917,41994],[741,-53]],[[26217,40898],[464,-25],[-95,-617],[-397,13],[-40,4],[-29,16],[8,46],[30,136],[17,11],[27,24],[-5,79],[-17,16],[-1,54],[1,9]],[[29339,39594],[193,-9],[-179,-472]],[[28754,39143],[193,479]],[[26282,43609],[4,23],[14,33],[64,125],[70,124],[93,170],[6,20],[2,20],[9,25],[17,26],[-5,13],[2,11],[7,17],[21,12],[22,6],[16,-6],[15,-9],[28,-49],[185,-542],[4,-28],[-4,-14],[-228,-250],[-26,-12],[-11,2],[-108,92],[-185,154],[-9,19],[-3,18]],[[22191,46802],[20,10],[32,8],[41,-17],[29,-48],[0,-26],[-1,-65],[6,-82],[5,-40],[13,-94],[47,-98],[19,-39],[23,-44],[30,-54],[36,-75],[53,-59],[40,-88],[61,-101],[24,-80],[2,-89],[-1,-83],[-31,-19],[-82,7],[-24,8],[-23,-14],[-110,-14],[-110,5],[-19,53],[4,34],[-2,44],[-2,54],[-3,74],[-24,216],[-22,208],[-31,383],[0,125]],[[26787,42138],[99,106]],[[26886,42244],[388,-19]],[[27274,42225],[-64,-110]],[[29187,40738],[-46,-295]],[[28218,40497],[48,329]],[[26353,37576],[-139,-12]],[[26190,37858],[33,1]],[[26223,37859],[123,9]],[[26346,37868],[7,-292]],[[28648,33418],[66,-7],[20,0],[33,7],[22,9],[25,-7],[11,-4],[16,1],[53,19],[36,3],[22,-11],[45,-26],[43,-22],[51,-22],[22,-8],[29,-3],[33,-1],[93,14],[67,14],[42,7],[64,6],[82,6],[104,10],[42,7],[62,28],[61,24],[119,42],[124,39],[126,53],[71,26],[18,0],[22,-4],[30,-12],[21,-10],[25,-14],[13,-20],[10,-12],[98,-71],[19,-9],[23,-5],[55,-45],[17,-10],[27,-7],[32,-3],[28,3],[43,-8],[53,-25],[51,-24],[24,-8],[33,-17],[39,-38],[22,-31],[40,-65],[34,-43],[17,-40],[4,-18],[-3,-30],[3,-17],[5,-14],[25,-41],[55,-58],[14,-18],[34,-77],[9,-21],[12,-14],[80,-61],[15,-21],[20,-24],[76,-76],[60,-65],[12,-16],[1,-30],[-6,-16],[-12,-10],[-18,0],[-44,12],[-29,13],[-70,76],[-69,81],[-14,24],[-72,66],[-28,82],[-19,40],[-21,30],[-37,62],[-12,11],[-16,11],[-54,28],[-141,138],[-53,39],[-26,22],[-27,32],[-29,30],[-16,15],[-31,14],[-81,14],[-31,21],[-40,24],[-80,28],[-98,59],[-10,15],[5,20],[13,20],[6,14],[-5,15],[-12,8],[-20,-4],[-28,-17],[-48,-20],[-52,-18],[-33,-5],[-39,-4],[-26,-12],[-7,-8],[-20,8],[-17,1],[-17,-5],[-12,-14],[-7,-12],[-37,-23],[-16,-15],[-52,-54],[-62,-22],[-25,-15],[-57,-20],[-123,-26],[-44,-21],[-43,-23],[-48,-16],[-51,-7],[-36,-14],[-105,-31],[-75,-11],[-73,-1],[-36,11],[-20,1],[-60,-13],[-41,-3],[-45,14],[-23,9],[-34,-2],[-54,-12],[-56,-7],[-54,11],[-39,14],[-19,19],[31,244]],[[27454,41029],[16,126],[11,66],[17,44],[130,223],[137,240]],[[28508,41684],[-188,-313],[-57,-92],[-13,-29],[-17,-59],[-26,-130],[-8,-80]],[[29321,41617],[-56,-372]],[[28408,41327],[200,356]],[[30212,35728],[269,-47],[70,-50],[114,32],[59,-1],[14,-35],[-13,-12],[-6,-49],[-51,-86],[-21,-109],[-13,-68],[-108,-79],[-43,-22],[-65,-14],[-119,5],[-75,-12],[-156,26],[-127,30],[31,57],[6,68],[-9,43],[48,35],[25,43],[51,77],[37,47],[39,60],[43,61]],[[30398,36668],[13,-15],[69,-7],[13,-4],[4,-15],[13,-94],[26,-164],[-4,-11],[-45,-7],[-10,-7],[-2,-20],[4,-20],[12,-35],[19,-153],[-8,-34],[-3,-24],[4,-23],[11,-18],[15,-11],[21,-9],[29,10],[48,20],[17,0],[11,-11],[9,-20],[49,-122],[60,-164],[5,-18],[-32,-13],[-162,-11],[-26,18],[-12,7],[-264,43],[-20,7],[-6,9],[0,162],[6,191],[7,102],[3,68],[-7,70],[21,327],[13,5],[50,1],[49,-10]],[[28649,38954],[-189,-498]],[[27924,38481],[74,506]],[[26586,40205],[-26,-225],[-145,-997],[-339,18],[-52,229],[-77,323],[-25,180],[-44,294],[4,219],[704,-41]],[[28825,43561],[89,158],[12,12],[175,61],[176,74],[21,6],[31,0],[81,-6],[214,-9],[50,-7],[24,-9],[24,-18],[2,-8],[-53,-92],[-45,10],[-21,11],[-18,-1],[-14,-1],[-62,-26],[-97,-68],[-25,-16],[-11,-15],[0,-10],[132,-129],[4,-9],[-28,-62],[-127,-214],[-30,-11]],[[27270,40074],[-15,-102]],[[27255,39972],[-651,27]],[[26604,39999],[13,110]],[[26617,40109],[653,-35]],[[27262,35870],[-6,-18],[22,-43],[63,3],[10,-23],[8,-74],[3,-23],[14,-10],[59,2],[-16,-63],[-15,-9],[-711,-139],[-18,0],[-3,9],[12,77],[27,218]],[[27264,33948],[2,8],[26,204],[315,41],[12,-242]],[[32294,47185],[-6,-24]],[[31719,47153],[65,111]],[[31784,47264],[510,-79]],[[30621,45234],[750,-554]],[[31371,44680],[-2,-37],[-4,-104],[-7,-24],[-14,-12],[-26,-23],[-60,-33],[-81,-33],[-44,-23],[-64,-50],[-95,-70]],[[30471,44652],[21,51],[27,34],[11,38],[14,44],[-12,19],[-98,71],[87,156],[88,149],[12,20]],[[30621,45234],[71,121],[38,54],[136,245],[157,273],[20,8],[169,-79],[63,-48],[93,-70],[17,-19],[8,-20],[-6,-389],[-15,-543],[-1,-87]],[[28078,42357],[-16,-28],[-29,-52]],[[28033,42277],[-650,41]],[[27383,42318],[43,75]],[[27426,42393],[652,-36]],[[28119,42431],[-41,-74]],[[27426,42393],[46,80]],[[27472,42473],[647,-42]],[[28157,42497],[-38,-66]],[[27472,42473],[53,94]],[[27525,42567],[591,-34]],[[28116,42533],[41,-36]],[[28116,42533],[69,14]],[[28185,42547],[-28,-50]],[[30243,41026],[-2,-14],[-72,-90],[-19,1],[-54,15],[-66,-1],[19,76],[8,32]],[[30671,29219],[-71,-118],[-27,-50],[16,-106],[-1,-115],[28,-35],[-34,-28],[-20,-12],[-4,0],[-12,15],[-13,37],[-11,94],[-4,91],[-36,213],[-10,77],[-2,57],[6,81]],[[30464,29430],[-82,74],[-2,75],[-31,34],[12,114],[100,35],[62,-19],[-19,-44],[-26,-40],[-5,-92],[-4,-75],[-5,-62]],[[28235,42635],[-50,-88]],[[27525,42567],[61,106]],[[27586,42673],[649,-38]],[[28274,42703],[-39,-68]],[[27586,42673],[43,76]],[[27629,42749],[645,-46]],[[28317,42779],[-5,-9],[-38,-67]],[[27629,42749],[37,65],[249,-20],[24,9]],[[26617,40109],[11,88],[655,-35],[-13,-88]],[[28011,42906],[111,59],[26,1],[121,-8],[54,0],[19,-3],[9,-10],[24,-37],[3,-19],[-5,-13]],[[27954,43350],[-184,-75]],[[27770,43275],[-37,93],[153,86]],[[27886,43454],[68,-104]],[[30865,36609],[-30,-310],[-112,20],[-37,16],[-57,40],[-23,48],[-15,66],[4,56],[26,53],[39,29],[69,15],[136,-14],[0,-19]],[[30804,36350],[8,17],[0,16],[-8,18],[-16,16],[-14,3],[-18,1],[-16,-7],[-8,-8],[-1,-11],[-1,-14],[8,-23],[18,-11],[22,-6],[26,9]],[[30963,36280],[41,314],[677,-75],[45,-7],[21,-9],[23,-17],[21,-31],[11,-36],[5,-22],[-4,-25],[-11,-30],[-24,-35],[-41,-36],[-43,-32],[-54,-30],[-25,-8],[-29,-6],[-54,4],[-559,81]],[[31488,44402],[15,13],[50,-134],[82,-25],[130,-34],[43,-70],[78,-130],[125,-160],[80,-45],[-8,-13],[-10,-12],[-38,-8],[-37,-12],[-24,-12],[-14,-12],[-38,-40],[-31,-45],[-31,-53],[-64,-142],[-30,-89],[-12,-48],[1,-31],[5,-24],[11,-21],[17,-21],[25,-20],[48,-24],[46,-34],[24,-14],[51,-24],[15,-16],[3,-19],[-3,-27],[-14,-20],[-23,-27],[-18,-6],[-23,2],[-61,9],[-29,18],[-18,7],[-16,-7],[-48,-18],[-51,-20],[-54,-12],[-46,5],[-29,6],[-32,32],[-49,48],[-33,36],[-27,37],[-11,45],[2,28],[5,26],[9,39],[8,49],[-7,46],[-16,26],[-19,24],[-32,29],[-16,20],[-17,32],[-9,63],[3,40],[12,45],[11,37],[77,232],[95,200],[-25,180],[1,28],[-9,67]],[[27954,43350],[50,-83]],[[28004,43267],[-189,-108],[-45,116]],[[32216,37381],[-22,-5],[-61,20],[-101,-18],[-8,-94],[32,-216],[-101,-152],[-37,-14],[-110,-34],[-20,-1],[-50,-1],[-52,12],[-17,3],[-9,-1],[-8,-12],[-22,-133],[-25,-73],[-8,-12],[-119,15],[-170,4],[-145,13],[-48,9],[-101,4],[-33,9],[-104,20],[-17,44],[-145,57],[-74,12],[-16,7],[-122,56],[-107,27],[3,15],[34,77],[24,69],[28,69],[27,63],[3,43],[-42,136],[-33,92],[-14,73],[-5,69],[20,17],[15,66],[117,71],[68,40],[92,48],[48,11],[6,43],[-3,21],[4,11],[25,28],[13,6],[48,5],[147,8],[79,-12],[65,-24],[54,-32],[71,-26],[85,22],[74,22],[63,86],[247,-45],[212,-45],[130,-62],[97,-55],[-21,-69],[-29,-43],[-3,-78],[16,-75],[14,-49],[48,-46],[-7,-96]],[[28076,43418],[-122,-68]],[[27886,43454],[122,69],[12,2],[30,-43],[26,-64]],[[18661,41265],[-1,-9],[116,-175],[-122,-121],[-49,14],[-31,32],[16,36],[-26,24],[-80,100],[1,74],[55,31],[28,-21],[60,28],[33,-13]],[[27330,42320],[-56,-95]],[[26886,42244],[91,97]],[[26977,42341],[353,-21]],[[31784,47264],[54,92]],[[32302,47213],[-8,-28]],[[27369,42387],[-39,-67]],[[26977,42341],[91,97]],[[27068,42438],[241,-5],[60,-46]],[[27068,42438],[300,318],[24,45],[20,29],[31,31],[46,17],[42,0],[69,3],[54,-4],[-285,-490]],[[27186,39518],[-87,-566],[-631,29],[-19,17],[87,557]],[[27255,39972],[-5,-36],[-12,-77]],[[26588,39890],[11,70],[5,39]],[[26871,40234],[-221,12],[-12,13],[2,21],[43,275]],[[26683,40555],[205,-11]],[[26346,37868],[227,17]],[[26573,37885],[52,6]],[[26625,37891],[20,-292]],[[26645,37599],[-292,-23]],[[28895,42354],[-53,-93]],[[28842,42261],[-745,48]],[[28097,42309],[52,90]],[[29459,42079],[-92,-165],[-20,-14],[-18,-5],[-561,40],[-13,11],[6,17],[94,166]],[[28855,42129],[604,-50]],[[28076,43418],[115,-270],[-10,-10],[-66,-45],[-6,8],[-105,166]],[[26013,37106],[11,102]],[[26024,37208],[361,51],[11,-101]],[[22296,48217],[-159,58],[-95,63]],[[22042,48338],[7,26],[23,77],[20,73],[15,97],[54,-20],[74,-11],[66,-13],[61,-39],[72,-3],[76,-15],[89,-8],[99,19],[51,-12],[60,3],[72,12],[65,3],[47,-18],[109,-49],[125,-53],[-6,-52],[-38,-15],[-72,-2],[-110,21],[-75,-4],[-65,11],[-71,-2],[-30,-1],[-26,-10],[-78,-20],[-77,25],[-22,-19],[-60,-31],[-51,-18],[-34,-16],[-21,-12],[-32,-4],[-30,-7],[-22,-8],[-11,-26]],[[22256,47841],[-200,-59]],[[22056,47782],[-12,53],[-17,170],[-5,184],[-1,62],[12,53],[9,34]],[[22296,48217],[-15,-37],[-5,-68],[-26,-90],[-1,-65],[1,-85],[6,-31]],[[22094,47610],[-12,54],[-26,118]],[[22256,47841],[13,-64],[22,-95],[4,-11]],[[25830,37923],[15,-77]],[[25845,37846],[87,-305]],[[25932,37541],[-65,-5],[-70,-7],[-10,71],[-8,83],[3,124],[14,109],[16,9],[18,-2]],[[25690,45430],[14,-8],[252,-148],[101,-57],[67,-35],[37,-19],[83,-26],[35,-10],[22,-10],[11,-7],[2,-29],[-17,-75],[-2,-41],[-6,-37],[-2,-40],[7,-31],[12,-24],[7,-18],[-2,-53],[-21,-60],[-47,-85],[-20,-41],[-20,-17],[-44,-35],[-86,-52],[-77,-40],[-79,-26],[-91,-23],[-38,-42],[-61,-46],[-15,-16],[-28,-59],[-110,-120],[-67,-68],[-85,-70],[-70,-68],[-68,-66],[-28,-47],[-25,-51],[-31,-4],[-53,20],[-45,6],[-50,4],[-50,-3],[-53,-9],[-41,-8],[-24,9],[-28,15],[-32,5],[-19,7],[-33,19],[-24,33],[-15,32],[-17,22],[-21,11],[-2,1]],[[25979,37853],[-134,-7]],[[25830,37923],[28,90],[126,-11],[-5,-149]],[[26056,37551],[-124,-10]],[[25979,37853],[63,1]],[[26625,37891],[216,22]],[[26930,37927],[-196,-320],[-89,-8]],[[26013,37106],[-120,-21]],[[25893,37085],[-51,182],[-27,236],[56,9],[58,5]],[[26014,36365],[-2,129],[-4,122],[-7,48],[-23,115],[-37,144],[-12,34],[-8,26]],[[25921,36983],[485,66]],[[26406,37049],[292,33],[3,-30],[40,-434],[8,-81],[-3,-54]],[[27622,36512],[35,251],[710,-97],[154,-23],[-7,-72],[-5,-66],[-12,-114]],[[18961,41258],[11,-20],[-128,-128],[-17,20],[-30,40],[13,71],[2,21],[-4,23],[-10,19],[-5,7],[14,4],[6,-11],[24,16],[38,31],[86,-93]],[[28970,38122],[-95,-242],[-11,-12],[-575,40],[-8,4],[93,244]],[[29967,40968],[-85,-276],[-20,-6],[-37,-1],[-34,-12]],[[29230,40726],[46,306]],[[29276,41032],[691,-64]],[[16967,39968],[79,-26],[188,-73],[46,-88],[119,119],[150,-16],[-35,-42],[-75,-139],[15,-43],[21,-60],[4,-114],[-49,-10],[-49,15],[-81,-29],[-27,-37],[6,-75],[160,-11],[98,-29],[41,-77],[24,-105],[16,-85],[-33,-179],[-612,-362],[-31,55],[-16,217],[-81,-4],[-6,-192],[16,-140],[-204,24],[-254,-135],[-56,6],[-68,108],[-90,102],[-76,76],[-139,130],[212,101],[298,107],[14,-142],[230,-24],[16,122],[-109,227],[119,99],[-95,86],[-46,-150],[-219,266],[-77,120],[-96,-14],[-86,26],[-129,155],[-60,113],[-54,122],[-112,66],[-91,33],[-31,68],[180,111],[83,-55],[23,79],[103,29],[165,-29],[7,-269],[81,-117],[143,96],[-67,327],[279,149],[234,-201],[54,-3],[194,-71],[-50,-59],[-7,-60],[-186,5],[-3,-38],[82,-56]],[[29993,41059],[-26,-91]],[[29276,41032],[18,114]],[[29294,41146],[699,-87]],[[29875,41191],[0,-1],[24,-2],[126,-12],[-32,-117]],[[29294,41146],[18,122]],[[30122,42455],[-7,-75]],[[30115,42380],[-405,37]],[[29710,42417],[35,60]],[[29745,42477],[377,-22]],[[30079,42032],[109,-18],[3,-80],[-30,-91],[-763,48],[110,179],[3,5]],[[29511,42075],[568,-43]],[[30129,42532],[-7,-77]],[[29745,42477],[48,82]],[[30291,42508],[-31,-50],[-26,-117],[29,-8],[-10,-116],[-53,2],[-11,-91],[-97,3]],[[30092,42131],[37,401]],[[30115,42380],[-23,-249]],[[30092,42131],[-13,-99]],[[29511,42075],[199,342]],[[29524,42195],[-65,-116]],[[28855,42129],[67,118]],[[28922,42247],[602,-52]],[[29589,42311],[-65,-116]],[[28922,42247],[61,107]],[[28983,42354],[606,-43]],[[30073,43063],[51,95],[264,-54],[330,-80]],[[29651,42421],[-62,-110]],[[28983,42354],[68,118]],[[29051,42472],[600,-51]],[[29722,42547],[-71,-126]],[[29051,42472],[60,107]],[[29179,42699],[53,92]],[[29834,42746],[-59,-105]],[[28697,42009],[-39,-68]],[[27917,41994],[34,61]],[[27951,42055],[746,-46]],[[28738,42080],[-41,-71]],[[27951,42055],[38,67]],[[27989,42122],[749,-42]],[[28784,42160],[-46,-80]],[[27989,42122],[35,60],[17,30]],[[28041,42212],[743,-52]],[[28842,42261],[-58,-101]],[[28041,42212],[56,97]],[[27982,42185],[-10,-18],[-46,-81]],[[27278,42133],[53,93]],[[27331,42226],[651,-41]],[[28033,42277],[-51,-92]],[[27331,42226],[52,92]],[[47261,61833],[4,-33],[0,-39],[-26,-48],[-11,-37],[6,-33],[-24,-6],[-77,2],[-23,24],[-89,3],[-136,1],[-158,5],[-35,35],[-44,24],[20,19],[168,25],[278,44],[147,14]],[[16228,50499],[91,10],[0,-319],[54,-368],[30,-228],[-67,-5],[-69,16],[-30,129],[31,64],[-21,289],[-20,215],[1,197]],[[35227,32731],[80,195],[89,181],[30,68],[126,-9],[-7,-119],[-18,-188],[-24,-154],[-276,26]],[[31335,50390],[-17,-69],[-29,-137],[-11,-37],[-55,3],[-29,44],[-20,58],[-18,39],[-25,52],[-12,12],[-49,24],[-19,8],[77,212],[19,8],[98,-32],[82,-33],[20,-10],[-3,-55],[-9,-87]],[[15341,52277],[-55,-116],[-84,1],[-85,-37],[-82,-47],[-166,-47],[-144,-34],[-157,-22],[-6,10],[118,64],[110,71],[116,59],[55,21],[61,8],[72,-57],[56,51],[51,1],[-2,48],[80,13]]],"transform":{"scale":[0.000002822713079582922,0.0000020709160233730152],"translate":[142.864474498,42.064360773]},"objects":{"2025_016080":{"type":"GeometryCollection","geometries":[{"arcs":[[0]],"type":"Polygon","properties":{"polygon_uuid":"630ba235-661a-4331-a29e-153c5903a55b","land_type":200,"issue_year":2025,"edit_year":2020,"history":"[{\"筆ポリゴンID\":\"6c299441-d360-4d5e-bfe9-5f600e81338b\",\"更新年度\":2024,\"前年同一\":true},[{\"筆ポリゴンID\":\"7ab93042-53d9-4fde-a673-5da69b72e740\",\"更新年度\":2023,\"前年同一\":true},[{\"筆ポリゴンID\":\"b8e196ba-7e8b-48b5-a804-552669c4e549\",\"更新年度\":2022,\"前年同一\":true},[{\"筆ポリゴンID\":\"d06de5ae-a0df-4314-bba1-1ee7d81fbca2\",\"更新年度\":2021,\"前年同一\":true},{\"筆ポリゴンID\":\"d06de5ae-a0df-4314-bba1-1ee7d81fbca2\",\"発生年度\":2020}]]]]","last_polygon_uuid":"6c299441-d360-4d5e-bfe9-5f600e81338b","prev_last_polygon_uuid":"7ab93042-53d9-4fde-a673-5da69b72e740","local_government_cd":"016080","point_lng":142.983952801,"point_lat":42.194076377}},{"arcs":[[1]],"type":"Polygon","properties":{"polygon_uuid":"0a28a2fb-70e7-485b-b1dc-b70d4c1d489d","land_type":200,"issue_year":2025,"edit_year":2020,"history":"[{\"筆ポリゴンID\":\"2e1b4aaa-7f61-4605-b3e5-f11594898d18\",\"更新年度\":2024,\"前年同一\":true},[{\"筆ポリゴンID\":\"7b00f340-e796-4d5e-ac51-e91faa4c3842\",\"更新年度\":2023,\"前年同一\":true},[{\"筆ポリゴンID\":\"a2373a28-b695-4650-836e-315eb10a3503\",\"更新年度\":2022,\"前年同一\":true},[{\"筆ポリゴンID\":\"a14a8e73-f516-40f6-a81c-50dbd5812fce\",\"更新年度\":2021,\"前年同一\":true},{\"筆ポリゴンID\":\"a14a8e73-f516-40f6-a81c-50dbd5812fce\",\"発生年度\":2020}]]]]","last_polygon_uuid":"2e1b4aaa-7f61-4605-b3e5-f11594898d18","prev_last_polygon_uuid":"7b00f340-e796-4d5e-ac51-e91faa4c3842","local_government_cd":"016080","point_lng":142.946378648,"point_lat":42.171080673}},{"arcs":[[2]],"type":"Polygon","properties":{"polygon_uuid":"91d4062d-06a6-4e45-856d-83f3df1bf6c6","land_type":200,"issue_year":2025,"edit_year":2020,"history":"[{\"筆ポリゴンID\":\"6e2ec22f-51f1-41fe-9fba-54bae87b4cb9\",\"更新年度\":2024,\"前年同一\":true},[{\"筆ポリゴンID\":\"1d3c599b-37ed-4e74-b4cc-faf0ed8c16f7\",\"更新年度\":2023,\"前年同一\":true},[{\"筆ポリゴンID\":\"0eca5649-0467-40a2-91da-71a518e1242e\",\"更新年度\":2022,\"前年同一\":true},[{\"筆ポリゴンID\":\"10234723-a1bf-4feb-bb84-ab1883624d6d\",\"更新年度\":2021,\"前年同一\":true},{\"筆ポリゴンID\":\"10234723-a1bf-4feb-bb84-ab1883624d6d\",\"発生年度\":2020}]]]]","last_polygon_uuid":"6e2ec22f-51f1-41fe-9fba-54bae87b4cb9","prev_last_polygon_uuid":"1d3c599b-37ed-4e74-b4cc-faf0ed8c16f7","local_government_cd":"016080","point_lng":143.008774323,"point_lat":42.20320079}},{"arcs":[[3]],"type":"Polygon","properties":{"polygon_uuid":"f5efe140-bd67-4bba-9f10-59cf0902c28f","land_type":200,"issue_year":2025,"edit_year":2020,"history":"[{\"筆ポリゴンID\":\"92f7bf8e-5b87-4c45-a7f9-15573a5f8a83\",\"更新年度\":2024,\"前年同一\":true},[{\"筆ポリゴンID\":\"0c8fc7f6-7115-4854-aae8-3e6fe5e00577\",\"更新年度\":2023,\"前年同一\":true},[{\"筆ポリゴンID\":\"438d824f-2850-4a98-a6a5-a3bb985cb4bf\",\"更新年度\":2022,\"前年同一\":true},[{\"筆ポリゴンID\":\"0d2bc9b0-5357-4834-b1cc-2d7b80949e4e\",\"更新年度\":2021,\"前年同一\":true},{\"筆ポリゴンID\":\"0d2bc9b0-5357-4834-b1cc-2d7b80949e4e\",\"発生年度\":2020}]]]]","last_polygon_uuid":"92f7bf8e-5b87-4c45-a7f9-15573a5f8a83","prev_last_polygon_uuid":"0c8fc7f6-7115-4854-aae8-3e6fe5e00577","local_government_cd":"016080","point_lng":142.883924103,"point_lat":42.156748743}},{"arcs":[[4]],"type":"Polygon","properties":{"polygon_uuid":"d47bfce5-6fc5-41fd-b050-598a196eb1dd","land_type":200,"issue_year":2025,"edit_year":2020,"history":"[{\"筆ポリゴンID\":\"68dfb10b-e847-4d2c-a0cd-c1d7eab4c512\",\"更新年度\":2024,\"前年同一\":true},[{\"筆ポリゴンID\":\"65d47b23-0121-4943-accc-4b1092780076\",\"更新年度\":2023,\"前年同一\":true},[{\"筆ポリゴンID\":\"6f8a73c3-d307-4e09-91ac-545e841e0f9c\",\"更新年度\":2022,\"前年同一\":true},[{\"筆ポリゴンID\":\"6c0e70b5-ac88-4fe9-b30f-a4ea1661c2f5\",\"更新年度\":2021,\"前年同一\":true},{\"筆ポリゴンID\":\"6c0e70b5-ac88-4fe9-b30f-a4ea1661c2f5\",\"発生年度\":2020}]]]]","last_polygon_uuid":"68dfb10b-e847-4d2c-a0cd-c1d7eab4c512","prev_last_polygon_uuid":"65d47b23-0121-4943-accc-4b1092780076","local_government_cd":"016080","point_lng":143.004774628,"point_lat":42.214679784}},{"arcs":[[5]],"type":"Polygon","properties":{"polygon_uuid":"e60e9142-782e-4ab0-b7a9-d49e02be568c","land_type":200,"issue_year":2025,"edit_year":2020,"history":"[{\"筆ポリゴンID\":\"ea316154-cc24-46c6-b321-1f88b6aefc37\",\"更新年度\":2024,\"前年同一\":true},[{\"筆ポリゴンID\":\"c5aa6f37-dabd-45cd-bc30-f2693e57c008\",\"更新年度\":2023,\"前年同一\":true},[{\"筆ポリゴンID\":\"d0d31e2f-9b63-4960-9fdf-23052a0fa3c4\",\"更新年度\":2022,\"前年同一\":true},[{\"筆ポリゴンID\":\"bd0a3783-ec60-49cb-84e5-7d00fad554f0\",\"更新年度\":2021,\"前年同一\":true},{\"筆ポリゴンID\":\"bd0a3783-ec60-49cb-84e5-7d00fad554f0\",\"発生年度\":2020}]]]]","last_polygon_uuid":"ea316154-cc24-46c6-b321-1f88b6aefc37","prev_last_polygon_uuid":"c5aa6f37-dabd-45cd-bc30-f2693e57c008","local_government_cd":"016080","point_lng":142.973704049,"point_lat":42.176147047}},{"arcs":[[6,7]],"type":"Polygon","properties":{"polygon_uuid":"be3ef9df-d0da-4564-a0ae-5926e071e9f0","land_type":200,"issue_year":2025,"edit_year":2020,"history":"[{\"筆ポリゴンID\":\"f5a8e40f-8504-402d-bbbe-3282c2073d86\",\"更新年度\":2024,\"前年同一\":true},[{\"筆ポリゴンID\":\"ebc35db2-b31f-4da5-980d-37fd64315979\",\"更新年度\":2023,\"前年同一\":true},[{\"筆ポリゴンID\":\"1bce5c8d-ca6a-45f2-ba7c-97bac279656d\",\"更新年度\":2022,\"前年同一\":true},[{\"筆ポリゴンID\":\"46fedd63-8303-404b-a7de-73bac5a39a4b\",\"更新年度\":2021,\"前年同一\":true},{\"筆ポリゴンID\":\"46fedd63-8303-404b-a7de-73bac5a39a4b\",\"発生年度\":2020}]]]]","last_polygon_uuid":"f5a8e40f-8504-402d-bbbe-3282c2073d86","prev_last_polygon_uuid":"ebc35db2-b31f-4da5-980d-37fd64315979","local_government_cd":"016080","point_lng":142.981312293,"point_lat":42.148166263}},{"arcs":[[8]],"type":"Polygon","properties":{"polygon_uuid":"14c505bb-7230-4a52-b287-aee792f558ad","land_type":200,"issue_year":2025,"edit_year":2020,"history":"[{\"筆ポリゴンID\":\"5cf9a88c-a5e4-4629-a6fe-fba04c3a4296\",\"更新年度\":2024,\"前年同一\":true},[{\"筆ポリゴンID\":\"ac5ba8bf-2cdf-472b-a4bc-926de7280e20\",\"更新年度\":2023,\"前年同一\":true},[{\"筆ポリゴンID\":\"55e3a10f-1f21-4872-b641-ca1d38700167\",\"更新年度\":2022,\"前年同一\":true},[{\"筆ポリゴンID\":\"9abc1124-3aec-4fee-8bdd-f94739864333\",\"更新年度\":2021,\"前年同一\":true},{\"筆ポリゴンID\":\"9abc1124-3aec-4fee-8bdd-f94739864333\",\"発生年度\":2020}]]]]","last_polygon_uuid":"5cf9a88c-a5e4-4629-a6fe-fba04c3a4296","prev_last_polygon_uuid":"ac5ba8bf-2cdf-472b-a4bc-926de7280e20","local_government_cd":"016080","point_lng":143.018770213,"point_lat":42.194387474}},{"arcs":[[9]],"type":"Polygon","properties":{"polygon_uuid":"38c37040-65c5-4b07-b150-dca744641489","land_type":200,"issue_year":2025,"edit_year":2020,"history":"[{\"筆ポリゴンID\":\"dba53f7e-2942-40ff-a611-131b9212dc4e\",\"更新年度\":2024,\"前年同一\":true},[{\"筆ポリゴンID\":\"8e38ac8c-bbd2-481b-84d9-e8d5a378c034\",\"更新年度\":2023,\"前年同一\":true},[{\"筆ポリゴンID\":\"552cf296-8b80-40a4-93d6-2057bc59c748\",\"更新年度\":2022,\"前年同一\":true},[{\"筆ポリゴンID\":\"f06afa63-ac3e-4034-ab13-085c8b09f3f1\",\"更新年度\":2021,\"前年同一\":true},{\"筆ポリゴンID\":\"f06afa63-ac3e-4034-ab13-085c8b09f3f1\",\"発生年度\":2020}]]]]","last_polygon_uuid":"dba53f7e-2942-40ff-a611-131b9212dc4e","prev_last_polygon_uuid":"8e38ac8c-bbd2-481b-84d9-e8d5a378c034","local_government_cd":"016080","point_lng":143.013862694,"point_lat":42.216959297}},{"arcs":[[10]],"type":"Polygon","properties":{"polygon_uuid":"7742a41f-511d-4175-9b4b-1f63c6766892","land_type":200,"issue_year":2025,"edit_year":2020,"history":"[{\"筆ポリゴンID\":\"6c622cc8-af39-453e-a12a-9b46d815cafd\",\"更新年度\":2024,\"前年同一\":true},[{\"筆ポリゴンID\":\"a716895e-ce88-400e-ac5e-b05c9c46af21\",\"更新年度\":2023,\"前年同一\":true},[{\"筆ポリゴンID\":\"055e0516-f840-46be-86c7-5edc068404ce\",\"更新年度\":2022,\"前年同一\":true},[{\"筆ポリゴンID\":\"84dbaac9-dfe8-46b3-a1b7-7404276c0fcb\",\"更新年度\":2021,\"前年同一\":true},{\"筆ポリゴンID\":\"84dbaac9-dfe8-46b3-a1b7-7404276c0fcb\",\"発生年度\":2020}]]]]","last_polygon_uuid":"6c622cc8-af39-453e-a12a-9b46d815cafd","prev_last_polygon_uuid":"a716895e-ce88-400e-ac5e-b05c9c46af21","local_government_cd":"016080","point_lng":143.016017912,"point_lat":42.215873258}},{"arcs":[[11]],"type":"Polygon","properties":{"polygon_uuid":"c21ae654-1943-4158-a3da-3c8c44e64b1f","land_type":200,"issue_year":2025,"edit_year":2020,"history":"[{\"筆ポリゴンID\":\"6ef57463-be9b-4a2f-b174-e61bf598334d\",\"更新年度\":2024,\"前年同一\":true},[{\"筆ポリゴンID\":\"96f5adcb-049e-4988-98f5-64b651ebbf52\",\"更新年度\":2023,\"前年同一\":true},[{\"筆ポリゴンID\":\"c4c64db1-668e-4eef-8110-f795435bc07e\",\"更新年度\":2022,\"前年同一\":true},[{\"筆ポリゴンID\":\"5771a416-d033-4527-a92b-652c261ba3a4\",\"更新年度\":2021,\"前年同一\":true},{\"筆ポリゴンID\":\"5771a416-d033-4527-a92b-652c261ba3a4\",\"発生年度\":2020}]]]]","last_polygon_uuid":"6ef57463-be9b-4a2f-b174-e61bf598334d","prev_last_polygon_uuid":"96f5adcb-049e-4988-98f5-64b651ebbf52","local_government_cd":"016080","point_lng":143.004737031,"point_lat":42.196056509}},{"arcs":[[12]],"type":"Polygon","properties":{"polygon_uuid":"306e8d21-8372-4172-a848-2b83f1fca0ca","land_type":200,"issue_year":2025,"edit_year":2020,"history":"[{\"筆ポリゴンID\":\"469c6f75-1cbb-4282-81a5-018173984f50\",\"更新年度\":2024,\"前年同一\":true},[{\"筆ポリゴンID\":\"21612156-5500-4436-b685-b52c869cba96\",\"更新年度\":2023,\"前年同一\":true},[{\"筆ポリゴンID\":\"454e80c3-036d-47e4-bbcd-4fe2223d6fec\",\"更新年度\":2022,\"前年同一\":true},[{\"筆ポリゴンID\":\"e1868221-23b7-4261-a5cf-5edd8f2698cd\",\"更新年度\":2021,\"前年同一\":true},{\"筆ポリゴンID\":\"e1868221-23b7-4261-a5cf-5edd8f2698cd\",\"発生年度\":2020}]]]]","last_polygon_uuid":"469c6f75-1cbb-4282-81a5-018173984f50","prev_last_polygon_uuid":"21612156-5500-4436-b685-b52c869cba96","local_government_cd":"016080","point_lng":142.9219864,"point_lat":42.184205186}},{"arcs":[[13]],"type":"Polygon","properties":{"polygon_uuid":"ebbcf0d2-b62c-4918-9d27-22b19aa58d0a","land_type":200,"issue_year":2025,"edit_year":2020,"history":"[{\"筆ポリゴンID\":\"effa4691-ab14-4fc4-8a53-615eeb8c9926\",\"更新年度\":2024,\"前年同一\":true},[{\"筆ポリゴンID\":\"0354ce9e-19de-4a7b-b8ce-8e8561622b65\",\"更新年度\":2023,\"前年同一\":true},[{\"筆ポリゴンID\":\"5cbfabe5-5a98-4445-bc3e-1bd08f30c5ad\",\"更新年度\":2022,\"前年同一\":true},[{\"筆ポリゴンID\":\"00e7431a-c39c-4750-b40d-a697bd1fddfe\",\"更新年度\":2021,\"前年同一\":true},{\"筆ポリゴンID\":\"00e7431a-c39c-4750-b40d-a697bd1fddfe\",\"発生年度\":2020}]]]]","last_polygon_uuid":"effa4691-ab14-4fc4-8a53-615eeb8c9926","prev_last_polygon_uuid":"0354ce9e-19de-4a7b-b8ce-8e8561622b65","local_government_cd":"016080","point_lng":143.001163823,"point_lat":42.194930132}},{"arcs":[[14]],"type":"Polygon","properties":{"polygon_uuid":"0b5d7faa-9180-4cc8-93b7-b2cee5558fca","land_type":200,"issue_year":2025,"edit_year":2020,"history":"[{\"筆ポリゴンID\":\"4392017c-9edb-43b9-aafa-9ceb9058f813\",\"更新年度\":2024,\"前年同一\":true},[{\"筆ポリゴンID\":\"75d20006-904d-4a17-8d06-ecb40f1f2ecb\",\"更新年度\":2023,\"前年同一\":true},[{\"筆ポリゴンID\":\"0bde5b9a-8386-41b4-bf61-2f51cd5df13a\",\"更新年度\":2022,\"前年同一\":true},[{\"筆ポリゴンID\":\"3712311b-506b-44a3-8aee-62e8293c7077\",\"更新年度\":2021,\"前年同一\":true},{\"筆ポリゴンID\":\"3712311b-506b-44a3-8aee-62e8293c7077\",\"発生年度\":2020}]]]]","last_polygon_uuid":"4392017c-9edb-43b9-aafa-9ceb9058f813","prev_last_polygon_uuid":"75d20006-904d-4a17-8d06-ecb40f1f2ecb","local_government_cd":"016080","point_lng":143.026852834,"point_lat":42.194755405}},{"arcs":[[15,16,17]],"type":"Polygon","properties":{"polygon_uuid":"3b20a9ac-2197-4589-a192-88b27b343ec3","land_type":200,"issue_year":2025,"edit_year":2020,"history":"[{\"筆ポリゴンID\":\"eae18dcb-b571-40e3-85f0-8107e51ac220\",\"更新年度\":2024,\"前年同一\":true},[{\"筆ポリゴンID\":\"c6b87127-d0d9-481d-93af-40bb1631bab3\",\"更新年度\":2023,\"前年同一\":true},[{\"筆ポリゴンID\":\"0b7fe4a2-2a9e-4066-9218-98c5daa2c96b\",\"更新年度\":2022,\"前年同一\":true},[{\"筆ポリゴンID\":\"41f1f038-2948-4b60-b76e-ba86bb3457e7\",\"更新年度\":2021,\"前年同一\":true},{\"筆ポリゴンID\":\"41f1f038-2948-4b60-b76e-ba86bb3457e7\",\"発生年度\":2020}]]]]","last_polygon_uuid":"eae18dcb-b571-40e3-85f0-8107e51ac220","prev_last_polygon_uuid":"c6b87127-d0d9-481d-93af-40bb1631bab3","local_government_cd":"016080","point_lng":142.95814824,"point_lat":42.175688133}},{"arcs":[[18,19,20]],"type":"Polygon","properties":{"polygon_uuid":"67050dbf-600e-47cb-87c9-0d20635c6461","land_type":200,"issue_year":2025,"edit_year":2020,"history":"[{\"筆ポリゴンID\":\"4f210d50-f24f-410b-ba0e-35f8c08aa3a2\",\"更新年度\":2024,\"前年同一\":true},[{\"筆ポリゴンID\":\"140a04a6-deb3-4e15-92c8-af798300eb4c\",\"更新年度\":2023,\"前年同一\":true},[{\"筆ポリゴンID\":\"ceef0240-699e-42e2-b2f0-ab46efbff41f\",\"更新年度\":2022,\"前年同一\":true},[{\"筆ポリゴンID\":\"ffce1e3c-c621-4e68-b181-c12832d59ac2\",\"更新年度\":2021,\"前年同一\":true},{\"筆ポリゴンID\":\"ffce1e3c-c621-4e68-b181-c12832d59ac2\",\"発生年度\":2020}]]]]","last_polygon_uuid":"4f210d50-f24f-410b-ba0e-35f8c08aa3a2","prev_last_polygon_uuid":"140a04a6-deb3-4e15-92c8-af798300eb4c","local_government_cd":"016080","point_lng":142.959308943,"point_lat":42.172992685}},{"arcs":[[21]],"type":"Polygon","properties":{"polygon_uuid":"23f7fc30-856a-4b77-ae24-a375893d2e13","land_type":200,"issue_year":2025,"edit_year":2020,"history":"[{\"筆ポリゴンID\":\"6343f7e3-a46e-48a0-9362-24beea8fac53\",\"更新年度\":2024,\"前年同一\":true},[{\"筆ポリゴンID\":\"714aa53d-fe99-40d2-9fb6-8fb227ead68d\",\"更新年度\":2023,\"前年同一\":true},[{\"筆ポリゴンID\":\"47247b92-5c50-4fb6-a91f-221c741e1a24\",\"更新年度\":2022,\"前年同一\":true},[{\"筆ポリゴンID\":\"b4ff3585-1571-4500-87ae-2e448c9530ea\",\"更新年度\":2021,\"前年同一\":true},{\"筆ポリゴンID\":\"b4ff3585-1571-4500-87ae-2e448c9530ea\",\"発生年度\":2020}]]]]","last_polygon_uuid":"6343f7e3-a46e-48a0-9362-24beea8fac53","prev_last_polygon_uuid":"714aa53d-fe99-40d2-9fb6-8fb227ead68d","local_government_cd":"016080","point_lng":142.964935018,"point_lat":42.174149916}},{"arcs":[[22]],"type":"Polygon","properties":{"polygon_uuid":"2acc4a94-0ba4-44bf-aee8-3f0dabb12429","land_type":200,"issue_year":2025,"edit_year":2020,"history":"[{\"筆ポリゴンID\":\"62f99a61-9c35-44e6-a0e0-b440a965e243\",\"更新年度\":2024,\"前年同一\":true},[{\"筆ポリゴンID\":\"2ec5c0df-fd6d-48e0-b20b-67b2a7b6d883\",\"更新年度\":2023,\"前年同一\":true},[{\"筆ポリゴンID\":\"263b0607-54ac-41d6-b63a-ed761b7ff0d9\",\"更新年度\":2022,\"前年同一\":true},[{\"筆ポリゴンID\":\"ff8fc741-8a2d-4f3a-be48-48b562b3743d\",\"更新年度\":2021,\"前年同一\":true},{\"筆ポリゴンID\":\"ff8fc741-8a2d-4f3a-be48-48b562b3743d\",\"発生年度\":2020}]]]]","last_polygon_uuid":"62f99a61-9c35-44e6-a0e0-b440a965e243","prev_last_polygon_uuid":"2ec5c0df-fd6d-48e0-b20b-67b2a7b6d883","local_government_cd":"016080","point_lng":142.94123639,"point_lat":42.172301481}},{"arcs":[[23,24,25,26]],"type":"Polygon","properties":{"polygon_uuid":"b4654d3e-c946-4dd4-921f-905755fcefc5","land_type":200,"issue_year":2025,"edit_year":2020,"history":"[{\"筆ポリゴンID\":\"efd44ac2-db83-49ed-a340-a499d579b002\",\"更新年度\":2024,\"前年同一\":true},[{\"筆ポリゴンID\":\"cedb10eb-4242-4b4c-b3c5-d9e8e6ffcf55\",\"更新年度\":2023,\"前年同一\":true},[{\"筆ポリゴンID\":\"01f47cb1-9141-4bda-88ad-e562a3d93749\",\"更新年度\":2022,\"前年同一\":true},[{\"筆ポリゴンID\":\"79a01517-558d-49ea-806e-568071ac094c\",\"更新年度\":2021,\"前年同一\":true},{\"筆ポリゴンID\":\"79a01517-558d-49ea-806e-568071ac094c\",\"発生年度\":2020}]]]]","last_polygon_uuid":"efd44ac2-db83-49ed-a340-a499d579b002","prev_last_polygon_uuid":"cedb10eb-4242-4b4c-b3c5-d9e8e6ffcf55","local_government_cd":"016080","point_lng":142.98284371,"point_lat":42.11066164}},{"arcs":[[27]],"type":"Polygon","properties":{"polygon_uuid":"13843cf7-5e86-4184-b2ff-c20e1b8e8e60","land_type":200,"issue_year":2025,"edit_year":2020,"history":"[{\"筆ポリゴンID\":\"710712dd-7a64-4083-ac39-c3e61e14f270\",\"更新年度\":2024,\"前年同一\":true},[{\"筆ポリゴンID\":\"96c67a0e-148c-415f-a8a0-275b62dc782b\",\"更新年度\":2023,\"前年同一\":true},[{\"筆ポリゴンID\":\"a069356c-fae2-4298-aba4-d9e40ea81c4a\",\"更新年度\":2022,\"前年同一\":true},[{\"筆ポリゴンID\":\"b1144004-cf35-421b-ac61-aa6b7efba569\",\"更新年度\":2021,\"前年同一\":true},{\"筆ポリゴンID\":\"b1144004-cf35-421b-ac61-aa6b7efba569\",\"発生年度\":2020}]]]]","last_polygon_uuid":"710712dd-7a64-4083-ac39-c3e61e14f270","prev_last_polygon_uuid":"96c67a0e-148c-415f-a8a0-275b62dc782b","local_government_cd":"016080","point_lng":142.955568554,"point_lat":42.171433807}},{"arcs":[[28]],"type":"Polygon","properties":{"polygon_uuid":"bb97bca2-d889-451a-bbef-2f4e2588da9b","land_type":200,"issue_year":2025,"edit_year":2020,"history":"[{\"筆ポリゴンID\":\"cb74cac5-e6ac-483f-a3d4-d8b88358e134\",\"更新年度\":2024,\"前年同一\":true},[{\"筆ポリゴンID\":\"2964c77c-3548-42a8-920b-843963bc580d\",\"更新年度\":2023,\"前年同一\":true},[{\"筆ポリゴンID\":\"27bafcf9-3440-4b7b-9cf5-eac0b26f7d71\",\"更新年度\":2022,\"前年同一\":true},[{\"筆ポリゴンID\":\"70c378ca-5285-42c4-9604-bd10fcb68f62\",\"更新年度\":2021,\"前年同一\":true},{\"筆ポリゴンID\":\"70c378ca-5285-42c4-9604-bd10fcb68f62\",\"発生年度\":2020}]]]]","last_polygon_uuid":"cb74cac5-e6ac-483f-a3d4-d8b88358e134","prev_last_polygon_uuid":"2964c77c-3548-42a8-920b-843963bc580d","local_government_cd":"016080","point_lng":142.982000418,"point_lat":42.145327033}},{"arcs":[[29]],"type":"Polygon","properties":{"polygon_uuid":"1db9c681-c6b2-4f20-a282-7e87704dcd82","land_type":200,"issue_year":2025,"edit_year":2020,"history":"[{\"筆ポリゴンID\":\"ee24cdf0-d988-47e0-9478-be23cd87459f\",\"更新年度\":2024,\"前年同一\":true},[{\"筆ポリゴンID\":\"ecef0729-1300-40ee-9bdd-3492942481ef\",\"更新年度\":2023,\"前年同一\":true},[{\"筆ポリゴンID\":\"dd286b38-3020-4bd1-b126-fc18e4bd364c\",\"更新年度\":2022,\"前年同一\":true},[{\"筆ポリゴンID\":\"3e1a90cf-a40a-4bf8-a076-ccac3dbc8083\",\"更新年度\":2021,\"前年同一\":true},{\"筆ポリゴンID\":\"3e1a90cf-a40a-4bf8-a076-ccac3dbc8083\",\"発生年度\":2020}]]]]","last_polygon_uuid":"ee24cdf0-d988-47e0-9478-be23cd87459f","prev_last_polygon_uuid":"ecef0729-1300-40ee-9bdd-3492942481ef","local_government_cd":"016080","point_lng":142.881494021,"point_lat":42.154878728}},{"arcs":[[30]],"type":"Polygon","properties":{"polygon_uuid":"2b44015b-955e-4bf6-a013-f3e25c58899c","land_type":200,"issue_year":2025,"edit_year":2020,"history":"[{\"筆ポリゴンID\":\"a7356c79-f459-4c56-a57b-d1af4a48edcc\",\"更新年度\":2024,\"前年同一\":true},[{\"筆ポリゴンID\":\"a6d738a0-47b8-4621-b503-7809d8cee9d8\",\"更新年度\":2023,\"前年同一\":true},[{\"筆ポリゴンID\":\"b9e829bc-f7b2-4974-9be4-5d814feb4ead\",\"更新年度\":2022,\"前年同一\":true},[{\"筆ポリゴンID\":\"ebf6ccaa-757c-4942-af07-38b3a31d866a\",\"更新年度\":2021,\"前年同一\":true},{\"筆ポリゴンID\":\"ebf6ccaa-757c-4942-af07-38b3a31d866a\",\"発生年度\":2020}]]]]","last_polygon_uuid":"a7356c79-f459-4c56-a57b-d1af4a48edcc","prev_last_polygon_uuid":"a6d738a0-47b8-4621-b503-7809d8cee9d8","local_government_cd":"016080","point_lng":143.012729739,"point_lat":42.21385778}},{"arcs":[[31]],"type":"Polygon","properties":{"polygon_uuid":"cf8d937d-e85b-4805-8db7-696b0d8a2f59","land_type":200,"issue_year":2025,"edit_year":2020,"history":"[{\"筆ポリゴンID\":\"3ebec49f-6110-4548-abab-48e1fcab6cf7\",\"更新年度\":2024,\"前年同一\":true},[{\"筆ポリゴンID\":\"8fede88f-e646-4b91-9e95-970c09c761e6\",\"更新年度\":2023,\"前年同一\":true},[{\"筆ポリゴンID\":\"64a1ae73-4726-4726-a7c8-b0309fcfac1f\",\"更新年度\":2022,\"前年同一\":true},[{\"筆ポリゴンID\":\"ff8533c7-357a-4e8c-b973-ac676665442d\",\"更新年度\":2021,\"前年同一\":true},{\"筆ポリゴンID\":\"ff8533c7-357a-4e8c-b973-ac676665442d\",\"発生年度\":2020}]]]]","last_polygon_uuid":"3ebec49f-6110-4548-abab-48e1fcab6cf7","prev_last_polygon_uuid":"8fede88f-e646-4b91-9e95-970c09c761e6","local_government_cd":"016080","point_lng":142.964138655,"point_lat":42.135050161}},{"arcs":[[32]],"type":"Polygon","properties":{"polygon_uuid":"2f353def-bca0-46cd-807e-c9124005395f","land_type":200,"issue_year":2025,"edit_year":2020,"history":"[{\"筆ポリゴンID\":\"81ce8a06-5053-4c72-afdc-d828f9ced2c1\",\"更新年度\":2024,\"前年同一\":true},[{\"筆ポリゴンID\":\"f11f931f-bf12-402c-bf73-27d6a67a5ce5\",\"更新年度\":2023,\"前年同一\":true},[{\"筆ポリゴンID\":\"555544fd-c4ac-494e-b89d-b9c29beec9f3\",\"更新年度\":2022,\"前年同一\":true},[{\"筆ポリゴンID\":\"97548f75-7c42-4c06-8b28-cdb38542083c\",\"更新年度\":2021,\"前年同一\":true},{\"筆ポリゴンID\":\"97548f75-7c42-4c06-8b28-cdb38542083c\",\"発生年度\":2020}]]]]","last_polygon_uuid":"81ce8a06-5053-4c72-afdc-d828f9ced2c1","prev_last_polygon_uuid":"f11f931f-bf12-402c-bf73-27d6a67a5ce5","local_government_cd":"016080","point_lng":143.00458373,"point_lat":42.212857364}},{"arcs":[[33]],"type":"Polygon","properties":{"polygon_uuid":"f5c8032e-60fc-4660-8de9-24be97028d93","land_type":200,"issue_year":2025,"edit_year":2020,"history":"[{\"筆ポリゴンID\":\"e98bfe1f-d54b-474b-9565-cc72ad5c886b\",\"更新年度\":2024,\"前年同一\":true},[{\"筆ポリゴンID\":\"17dc3379-f0cb-4c51-a55a-4fa5cd7c106d\",\"更新年度\":2023,\"前年同一\":true},[{\"筆ポリゴンID\":\"9f4da2dd-f531-4a2d-8a85-36a1e889205b\",\"更新年度\":2022,\"前年同一\":true},[{\"筆ポリゴンID\":\"76ee37eb-9949-439d-82a0-a98c6ab1ecf1\",\"更新年度\":2021,\"前年同一\":true},{\"筆ポリゴンID\":\"76ee37eb-9949-439d-82a0-a98c6ab1ecf1\",\"発生年度\":2020}]]]]","last_polygon_uuid":"e98bfe1f-d54b-474b-9565-cc72ad5c886b","prev_last_polygon_uuid":"17dc3379-f0cb-4c51-a55a-4fa5cd7c106d","local_government_cd":"016080","point_lng":142.885091952,"point_lat":42.155173193}},{"arcs":[[34]],"type":"Polygon","properties":{"polygon_uuid":"7b7ebc53-a219-445c-aa13-f271c5d94f8c","land_type":200,"issue_year":2025,"edit_year":2020,"history":"[{\"筆ポリゴンID\":\"6a0b4219-35ab-4ffe-819b-733834d6f583\",\"更新年度\":2024,\"前年同一\":true},[{\"筆ポリゴンID\":\"ab885226-733a-485d-9aad-511d6590ff5e\",\"更新年度\":2023,\"前年同一\":true},[{\"筆ポリゴンID\":\"d5dc3609-14f3-4afd-950c-b5130c4d73d2\",\"更新年度\":2022,\"前年同一\":true},[{\"筆ポリゴンID\":\"fd1670bc-c148-42ea-8729-7400270118ed\",\"更新年度\":2021,\"前年同一\":true},{\"筆ポリゴンID\":\"fd1670bc-c148-42ea-8729-7400270118ed\",\"発生年度\":2020}]]]]","last_polygon_uuid":"6a0b4219-35ab-4ffe-819b-733834d6f583","prev_last_polygon_uuid":"ab885226-733a-485d-9aad-511d6590ff5e","local_government_cd":"016080","point_lng":142.92665125,"point_lat":42.181504942}},{"arcs":[[35,36,37,38,39,40,41,42]],"type":"Polygon","properties":{"polygon_uuid":"aefb0885-5ce0-49fd-935e-a791b6d1eab3","land_type":200,"issue_year":2025,"edit_year":2020,"history":"[{\"筆ポリゴンID\":\"163041c2-12e0-4c34-8b26-143e97b20241\",\"更新年度\":2024,\"前年同一\":true},[{\"筆ポリゴンID\":\"e8de53ac-c838-4879-9a5c-d648789f6062\",\"更新年度\":2023,\"前年同一\":true},[{\"筆ポリゴンID\":\"22bb10ea-c849-4b49-bec6-446de83dc471\",\"更新年度\":2022,\"前年同一\":true},[{\"筆ポリゴンID\":\"e1ae9ade-7c52-4b6a-8bf4-64d98deb0c44\",\"更新年度\":2021,\"前年同一\":true},{\"筆ポリゴンID\":\"e1ae9ade-7c52-4b6a-8bf4-64d98deb0c44\",\"発生年度\":2020}]]]]","last_polygon_uuid":"163041c2-12e0-4c34-8b26-143e97b20241","prev_last_polygon_uuid":"e8de53ac-c838-4879-9a5c-d648789f6062","local_government_cd":"016080","point_lng":142.955134301,"point_lat":42.169544802}},{"arcs":[[43]],"type":"Polygon","properties":{"polygon_uuid":"50fe54e0-04c2-4da8-b2f3-ea98d3b2e52d","land_type":200,"issue_year":2025,"edit_year":2020,"history":"[{\"筆ポリゴンID\":\"cc9e4821-276a-45f0-9814-86cd86c9f48a\",\"更新年度\":2024,\"前年同一\":true},[{\"筆ポリゴンID\":\"bb2fe8ed-8fc9-48e2-b3a2-107c56043839\",\"更新年度\":2023,\"前年同一\":true},[{\"筆ポリゴンID\":\"19527661-a055-49f5-8616-72100577660f\",\"更新年度\":2022,\"前年同一\":true},[{\"筆ポリゴンID\":\"17a83b8f-74d6-4cdb-949c-ca9f7c28bbc0\",\"更新年度\":2021,\"前年同一\":true},{\"筆ポリゴンID\":\"17a83b8f-74d6-4cdb-949c-ca9f7c28bbc0\",\"発生年度\":2020}]]]]","last_polygon_uuid":"cc9e4821-276a-45f0-9814-86cd86c9f48a","prev_last_polygon_uuid":"bb2fe8ed-8fc9-48e2-b3a2-107c56043839","local_government_cd":"016080","point_lng":142.871162545,"point_lat":42.147952573}},{"arcs":[[44,45]],"type":"Polygon","properties":{"polygon_uuid":"25e8fdcc-0411-4533-a6bc-93516be478da","land_type":200,"issue_year":2025,"edit_year":2020,"history":"[{\"筆ポリゴンID\":\"3159b291-5487-48a2-b5f4-84fb4783ee7f\",\"更新年度\":2024,\"前年同一\":true},[{\"筆ポリゴンID\":\"d6da76f3-f2d2-4de8-b39a-1a0d0ca95f5f\",\"更新年度\":2023,\"前年同一\":true},[{\"筆ポリゴンID\":\"26ebd190-f201-4d39-b936-9dedd53aa199\",\"更新年度\":2022,\"前年同一\":true},[{\"筆ポリゴンID\":\"2de537e5-84b2-4a00-9efd-1b1b27b8e345\",\"更新年度\":2021,\"前年同一\":true},{\"筆ポリゴンID\":\"2de537e5-84b2-4a00-9efd-1b1b27b8e345\",\"発生年度\":2020}]]]]","last_polygon_uuid":"3159b291-5487-48a2-b5f4-84fb4783ee7f","prev_last_polygon_uuid":"d6da76f3-f2d2-4de8-b39a-1a0d0ca95f5f","local_government_cd":"016080","point_lng":142.87717992,"point_lat":42.14196871}},{"arcs":[[46]],"type":"Polygon","properties":{"polygon_uuid":"45e021f8-bad9-40d1-b1b9-19e6990620ac","land_type":200,"issue_year":2025,"edit_year":2020,"history":"[{\"筆ポリゴンID\":\"2d61d34d-b5df-4a73-9ab1-7dc13741c93c\",\"更新年度\":2024,\"前年同一\":true},[{\"筆ポリゴンID\":\"46bfa8e2-6c28-4bf7-9971-5250af842ce8\",\"更新年度\":2023,\"前年同一\":true},[{\"筆ポリゴンID\":\"9048357f-8b9e-4003-b77f-eeb3ef13f043\",\"更新年度\":2022,\"前年同一\":true},[{\"筆ポリゴンID\":\"b2146b63-9645-40df-b7fd-06e6d86676a5\",\"更新年度\":2021,\"前年同一\":true},{\"筆ポリゴンID\":\"b2146b63-9645-40df-b7fd-06e6d86676a5\",\"発生年度\":2020}]]]]","last_polygon_uuid":"2d61d34d-b5df-4a73-9ab1-7dc13741c93c","prev_last_polygon_uuid":"46bfa8e2-6c28-4bf7-9971-5250af842ce8","local_government_cd":"016080","point_lng":142.964443828,"point_lat":42.172935134}},{"arcs":[[47]],"type":"Polygon","properties":{"polygon_uuid":"aa94497c-3558-4798-8526-952067479075","land_type":200,"issue_year":2025,"edit_year":2020,"history":"[{\"筆ポリゴンID\":\"55ff9b91-8340-4456-a2db-be5abb09d2ee\",\"更新年度\":2024,\"前年同一\":true},[{\"筆ポリゴンID\":\"18468469-8fd5-4037-bf40-9f2c9d1a9cd5\",\"更新年度\":2023,\"前年同一\":true},[{\"筆ポリゴンID\":\"3baf1f6e-a8e9-4436-84c0-0bcadca462c8\",\"更新年度\":2022,\"前年同一\":true},[{\"筆ポリゴンID\":\"9433722e-a3c4-4491-9516-b883ee6fc0ae\",\"更新年度\":2021,\"前年同一\":true},{\"筆ポリゴンID\":\"9433722e-a3c4-4491-9516-b883ee6fc0ae\",\"発生年度\":2020}]]]]","last_polygon_uuid":"55ff9b91-8340-4456-a2db-be5abb09d2ee","prev_last_polygon_uuid":"18468469-8fd5-4037-bf40-9f2c9d1a9cd5","local_government_cd":"016080","point_lng":142.958065387,"point_lat":42.170191244}},{"arcs":[[48]],"type":"Polygon","properties":{"polygon_uuid":"377c952c-c43a-4649-a4cb-56a41af71b6f","land_type":200,"issue_year":2025,"edit_year":2020,"history":"[{\"筆ポリゴンID\":\"5f13417d-3a50-489e-a0a0-def99786ff5b\",\"更新年度\":2024,\"前年同一\":true},[{\"筆ポリゴンID\":\"b4078baf-fe7b-4bd5-bad7-9b01eee741b7\",\"更新年度\":2023,\"前年同一\":true},[{\"筆ポリゴンID\":\"54654d7b-6b1c-4657-81a6-edb79ecf2222\",\"更新年度\":2022,\"前年同一\":true},[{\"筆ポリゴンID\":\"aab4dc3a-e891-4658-955f-ec0b98c9a022\",\"更新年度\":2021,\"前年同一\":true},{\"筆ポリゴンID\":\"aab4dc3a-e891-4658-955f-ec0b98c9a022\",\"発生年度\":2020}]]]]","last_polygon_uuid":"5f13417d-3a50-489e-a0a0-def99786ff5b","prev_last_polygon_uuid":"b4078baf-fe7b-4bd5-bad7-9b01eee741b7","local_government_cd":"016080","point_lng":142.970270168,"point_lat":42.175354624}},{"arcs":[[49]],"type":"Polygon","properties":{"polygon_uuid":"9196cc5d-9156-4208-b41d-ee1d71c9c2fa","land_type":200,"issue_year":2025,"edit_year":2020,"history":"[{\"筆ポリゴンID\":\"03e89679-adc6-49f1-95e6-211e2a567295\",\"更新年度\":2024,\"前年同一\":true},[{\"筆ポリゴンID\":\"4b9d0d87-cadc-400e-81cf-3bb5e680e85d\",\"更新年度\":2023,\"前年同一\":true},[{\"筆ポリゴンID\":\"8253a8cd-b5fb-4746-a3e3-8f7ac080b881\",\"更新年度\":2022,\"前年同一\":true},[{\"筆ポリゴンID\":\"b6363b23-06cd-4d70-aa1b-f97b2ef6232e\",\"更新年度\":2021,\"前年同一\":true},{\"筆ポリゴンID\":\"b6363b23-06cd-4d70-aa1b-f97b2ef6232e\",\"発生年度\":2020}]]]]","last_polygon_uuid":"03e89679-adc6-49f1-95e6-211e2a567295","prev_last_polygon_uuid":"4b9d0d87-cadc-400e-81cf-3bb5e680e85d","local_government_cd":"016080","point_lng":142.962946052,"point_lat":42.177006515}},{"arcs":[[50]],"type":"Polygon","properties":{"polygon_uuid":"3275e98a-2523-4676-80ed-49fabae5e73c","land_type":200,"issue_year":2025,"edit_year":2020,"history":"[{\"筆ポリゴンID\":\"77c4c2a3-0078-4bcd-a9a3-acc30e1ac5c0\",\"更新年度\":2024,\"前年同一\":true},[{\"筆ポリゴンID\":\"4e3e83c7-cef4-43d0-8d04-b804a421bee5\",\"更新年度\":2023,\"前年同一\":true},[{\"筆ポリゴンID\":\"a0a4b361-0443-4446-9f91-72947ae861d7\",\"更新年度\":2022,\"前年同一\":true},[{\"筆ポリゴンID\":\"7fb0c0e0-6376-4890-b72b-61cee22fa6c5\",\"更新年度\":2021,\"前年同一\":true},{\"筆ポリゴンID\":\"7fb0c0e0-6376-4890-b72b-61cee22fa6c5\",\"発生年度\":2020}]]]]","last_polygon_uuid":"77c4c2a3-0078-4bcd-a9a3-acc30e1ac5c0","prev_last_polygon_uuid":"4e3e83c7-cef4-43d0-8d04-b804a421bee5","local_government_cd":"016080","point_lng":142.904452596,"point_lat":42.178633397}},{"arcs":[[51,52]],"type":"Polygon","properties":{"polygon_uuid":"488ab1e8-a3f6-4e3f-b5d1-a98f68792f01","land_type":200,"issue_year":2025,"edit_year":2020,"history":"[{\"筆ポリゴンID\":\"bfedf22d-4ae8-434a-84df-4a50ebdabb03\",\"更新年度\":2024,\"前年同一\":true},[{\"筆ポリゴンID\":\"2290f072-a449-4afe-a2a4-6603b11d1e34\",\"更新年度\":2023,\"前年同一\":true},[{\"筆ポリゴンID\":\"7f7b544f-4abc-4f35-9e93-8fedc9f389d5\",\"更新年度\":2022,\"前年同一\":true},[{\"筆ポリゴンID\":\"5fad5ace-17f3-494c-a67c-efe4c90fdb28\",\"更新年度\":2021,\"前年同一\":true},{\"筆ポリゴンID\":\"5fad5ace-17f3-494c-a67c-efe4c90fdb28\",\"発生年度\":2020}]]]]","last_polygon_uuid":"bfedf22d-4ae8-434a-84df-4a50ebdabb03","prev_last_polygon_uuid":"2290f072-a449-4afe-a2a4-6603b11d1e34","local_government_cd":"016080","point_lng":142.959227901,"point_lat":42.176648027}},{"arcs":[[53]],"type":"Polygon","properties":{"polygon_uuid":"2d86008b-8eee-4dbf-b287-8c6fefe426be","land_type":200,"issue_year":2025,"edit_year":2020,"history":"[{\"筆ポリゴンID\":\"c835d99d-278f-492d-90eb-c0d67a916a31\",\"更新年度\":2024,\"前年同一\":true},[{\"筆ポリゴンID\":\"ea2a2dff-1fe0-4db4-b9c1-20d62fe4bc8d\",\"更新年度\":2023,\"前年同一\":true},[{\"筆ポリゴンID\":\"438f6a77-913e-4518-9f46-fffb49e97fd7\",\"更新年度\":2022,\"前年同一\":true},[{\"筆ポリゴンID\":\"9c672d9e-5d82-42ad-a0d5-aa695978920e\",\"更新年度\":2021,\"前年同一\":true},{\"筆ポリゴンID\":\"9c672d9e-5d82-42ad-a0d5-aa695978920e\",\"発生年度\":2020}]]]]","last_polygon_uuid":"c835d99d-278f-492d-90eb-c0d67a916a31","prev_last_polygon_uuid":"ea2a2dff-1fe0-4db4-b9c1-20d62fe4bc8d","local_government_cd":"016080","point_lng":142.878136638,"point_lat":42.15038461}},{"arcs":[[54]],"type":"Polygon","properties":{"polygon_uuid":"b9889431-514e-4d22-b370-dd5f9ba814ef","land_type":200,"issue_year":2025,"edit_year":2020,"history":"[{\"筆ポリゴンID\":\"bd3874c3-2175-4819-9b18-52e5858b1426\",\"更新年度\":2024,\"前年同一\":true},[{\"筆ポリゴンID\":\"b449d969-4af9-452a-abd1-471673dd56a6\",\"更新年度\":2023,\"前年同一\":true},[{\"筆ポリゴンID\":\"77c62915-a606-4036-9418-cd65192515e6\",\"更新年度\":2022,\"前年同一\":true},[{\"筆ポリゴンID\":\"28614808-ed86-4442-9a87-1fd85ce31e41\",\"更新年度\":2021,\"前年同一\":true},{\"筆ポリゴンID\":\"28614808-ed86-4442-9a87-1fd85ce31e41\",\"発生年度\":2020}]]]]","last_polygon_uuid":"bd3874c3-2175-4819-9b18-52e5858b1426","prev_last_polygon_uuid":"b449d969-4af9-452a-abd1-471673dd56a6","local_government_cd":"016080","point_lng":143.02816768,"point_lat":42.196201828}},{"arcs":[[55]],"type":"Polygon","properties":{"polygon_uuid":"d91aea73-f8bc-412f-b132-32b6dba0a3a2","land_type":200,"issue_year":2025,"edit_year":2020,"history":"[{\"筆ポリゴンID\":\"29b3a0ab-bdf0-473b-83e9-dd815ca9f013\",\"更新年度\":2024,\"前年同一\":true},[{\"筆ポリゴンID\":\"3737fa29-e768-4d22-9524-d829a1329d85\",\"更新年度\":2023,\"前年同一\":true},[{\"筆ポリゴンID\":\"79600662-68ca-48ad-857f-05c144aad4a8\",\"更新年度\":2022,\"前年同一\":true},[{\"筆ポリゴンID\":\"3499757f-ea28-455d-b9b6-d33b769238f7\",\"更新年度\":2021,\"前年同一\":true},{\"筆ポリゴンID\":\"3499757f-ea28-455d-b9b6-d33b769238f7\",\"発生年度\":2020}]]]]","last_polygon_uuid":"29b3a0ab-bdf0-473b-83e9-dd815ca9f013","prev_last_polygon_uuid":"3737fa29-e768-4d22-9524-d829a1329d85","local_government_cd":"016080","point_lng":142.876513025,"point_lat":42.149721631}},{"arcs":[[56]],"type":"Polygon","properties":{"polygon_uuid":"e5e275aa-dfd0-4655-8374-97a87365e367","land_type":200,"issue_year":2025,"edit_year":2020,"history":"[{\"筆ポリゴンID\":\"a5c58540-d3b0-4c33-b52b-fbb2acc8b138\",\"更新年度\":2024,\"前年同一\":true},[{\"筆ポリゴンID\":\"cc1990e2-d08a-462c-a2ea-55f391764a4a\",\"更新年度\":2023,\"前年同一\":true},[{\"筆ポリゴンID\":\"debf1ccf-58b3-4471-8fc6-69ed189534ea\",\"更新年度\":2022,\"前年同一\":true},[{\"筆ポリゴンID\":\"9dc74758-f8ce-4c38-a895-5128ea12739a\",\"更新年度\":2021,\"前年同一\":true},{\"筆ポリゴンID\":\"9dc74758-f8ce-4c38-a895-5128ea12739a\",\"発生年度\":2020}]]]]","last_polygon_uuid":"a5c58540-d3b0-4c33-b52b-fbb2acc8b138","prev_last_polygon_uuid":"cc1990e2-d08a-462c-a2ea-55f391764a4a","local_government_cd":"016080","point_lng":143.012588001,"point_lat":42.212014174}},{"arcs":[[57,58]],"type":"Polygon","properties":{"polygon_uuid":"04c139b8-12c6-4f96-bd3b-5c98bf678a9c","land_type":200,"issue_year":2025,"edit_year":2020,"history":"[{\"筆ポリゴンID\":\"2ca116cf-1b32-4fc0-a3e1-fa5aa3c60ac0\",\"更新年度\":2024,\"前年同一\":true},[{\"筆ポリゴンID\":\"ee0897ba-327d-44ef-ad2c-2b3305972da6\",\"更新年度\":2023,\"前年同一\":true},[{\"筆ポリゴンID\":\"94345603-39a4-4521-91db-8792129d065f\",\"更新年度\":2022,\"前年同一\":true},[{\"筆ポリゴンID\":\"54e7086c-9f0e-46fe-8b3a-23433adbeacb\",\"更新年度\":2021,\"前年同一\":true},{\"筆ポリゴンID\":\"54e7086c-9f0e-46fe-8b3a-23433adbeacb\",\"発生年度\":2020}]]]]","last_polygon_uuid":"2ca116cf-1b32-4fc0-a3e1-fa5aa3c60ac0","prev_last_polygon_uuid":"ee0897ba-327d-44ef-ad2c-2b3305972da6","local_government_cd":"016080","point_lng":142.955900773,"point_lat":42.170583195}},{"arcs":[[59]],"type":"Polygon","properties":{"polygon_uuid":"c72c2f9b-9f04-4b9f-b67e-ecd8ea7fc983","land_type":200,"issue_year":2025,"edit_year":2020,"history":"[{\"筆ポリゴンID\":\"ebee461d-6717-406f-84a7-c9209ff560dd\",\"更新年度\":2024,\"前年同一\":true},[{\"筆ポリゴンID\":\"7da992d8-99bb-4872-bea0-9393f86361d5\",\"更新年度\":2023,\"前年同一\":true},[{\"筆ポリゴンID\":\"09142a3a-12b6-405c-9e4d-8b284b7634c3\",\"更新年度\":2022,\"前年同一\":true},[{\"筆ポリゴンID\":\"e32bb47b-be9e-4896-aa51-1d7d7a2ca243\",\"更新年度\":2021,\"前年同一\":true},{\"筆ポリゴンID\":\"e32bb47b-be9e-4896-aa51-1d7d7a2ca243\",\"発生年度\":2020}]]]]","last_polygon_uuid":"ebee461d-6717-406f-84a7-c9209ff560dd","prev_last_polygon_uuid":"7da992d8-99bb-4872-bea0-9393f86361d5","local_government_cd":"016080","point_lng":142.972310701,"point_lat":42.170113157}},{"arcs":[[60]],"type":"Polygon","properties":{"polygon_uuid":"aeab1ed7-dd77-4962-8dec-39fd0e9c4496","land_type":200,"issue_year":2025,"edit_year":2020,"history":"[{\"筆ポリゴンID\":\"e8378705-7ac2-4513-8c25-6ff1fb17e5ea\",\"更新年度\":2024,\"前年同一\":true},[{\"筆ポリゴンID\":\"21c33232-3249-454f-ab94-1a1e79859237\",\"更新年度\":2023,\"前年同一\":true},[{\"筆ポリゴンID\":\"7dde1fbd-2ad7-4b75-af65-2aafb43f0051\",\"更新年度\":2022,\"前年同一\":true},[{\"筆ポリゴンID\":\"dc8dabcd-ef10-49f8-8513-a2b1da67d94a\",\"更新年度\":2021,\"前年同一\":true},{\"筆ポリゴンID\":\"dc8dabcd-ef10-49f8-8513-a2b1da67d94a\",\"発生年度\":2020}]]]]","last_polygon_uuid":"e8378705-7ac2-4513-8c25-6ff1fb17e5ea","prev_last_polygon_uuid":"21c33232-3249-454f-ab94-1a1e79859237","local_government_cd":"016080","point_lng":143.00181164,"point_lat":42.193604478}},{"arcs":[[61,62]],"type":"Polygon","properties":{"polygon_uuid":"29a691bf-e09f-4c83-aaf0-013b6479fbd5","land_type":200,"issue_year":2025,"edit_year":2020,"history":"[{\"筆ポリゴンID\":\"d6d87b0a-b60a-4e2d-aeef-b9490e2b2710\",\"更新年度\":2024,\"前年同一\":true},[{\"筆ポリゴンID\":\"956c622c-cc5f-4f87-ba4b-4a0b86e4ce87\",\"更新年度\":2023,\"前年同一\":true},[{\"筆ポリゴンID\":\"bd34c37b-00c1-4c94-9952-3a7bb796d068\",\"更新年度\":2022,\"前年同一\":true},[{\"筆ポリゴンID\":\"f8c6bc8c-cd49-460a-a507-646342a32aac\",\"更新年度\":2021,\"前年同一\":true},{\"筆ポリゴンID\":\"f8c6bc8c-cd49-460a-a507-646342a32aac\",\"発生年度\":2020}]]]]","last_polygon_uuid":"d6d87b0a-b60a-4e2d-aeef-b9490e2b2710","prev_last_polygon_uuid":"956c622c-cc5f-4f87-ba4b-4a0b86e4ce87","local_government_cd":"016080","point_lng":142.965577479,"point_lat":42.175651534}},{"arcs":[[63]],"type":"Polygon","properties":{"polygon_uuid":"9f45b130-f57c-4b4b-95fb-2ebf7d9ae3b9","land_type":200,"issue_year":2025,"edit_year":2020,"history":"[{\"筆ポリゴンID\":\"9fcf12dd-1e85-4d20-83be-6697940bd37b\",\"更新年度\":2024,\"前年同一\":true},[{\"筆ポリゴンID\":\"05adc328-ba19-4a26-9a6d-d7fee3eebf4e\",\"更新年度\":2023,\"前年同一\":true},[{\"筆ポリゴンID\":\"0620141c-3f7e-48eb-8986-dc3ec80ece5b\",\"更新年度\":2022,\"前年同一\":true},[{\"筆ポリゴンID\":\"b67662f4-0ece-4a52-b534-94734c815b01\",\"更新年度\":2021,\"前年同一\":true},{\"筆ポリゴンID\":\"b67662f4-0ece-4a52-b534-94734c815b01\",\"発生年度\":2020}]]]]","last_polygon_uuid":"9fcf12dd-1e85-4d20-83be-6697940bd37b","prev_last_polygon_uuid":"05adc328-ba19-4a26-9a6d-d7fee3eebf4e","local_government_cd":"016080","point_lng":142.945927384,"point_lat":42.174169}},{"arcs":[[64]],"type":"Polygon","properties":{"polygon_uuid":"c223ce75-f1eb-49b7-b24f-574b6e97aee0","land_type":200,"issue_year":2025,"edit_year":2020,"history":"[{\"筆ポリゴンID\":\"ea943368-4436-401c-b56a-377deae68863\",\"更新年度\":2024,\"前年同一\":true},[{\"筆ポリゴンID\":\"f2c3fcfa-6843-4697-959b-a3bb28594e08\",\"更新年度\":2023,\"前年同一\":true},[{\"筆ポリゴンID\":\"631ddeb8-86af-477d-b747-5f41723ca3d9\",\"更新年度\":2022,\"前年同一\":true},[{\"筆ポリゴンID\":\"e29865b5-8635-459b-a428-8525d4358a30\",\"更新年度\":2021,\"前年同一\":true},{\"筆ポリゴンID\":\"e29865b5-8635-459b-a428-8525d4358a30\",\"発生年度\":2020}]]]]","last_polygon_uuid":"ea943368-4436-401c-b56a-377deae68863","prev_last_polygon_uuid":"f2c3fcfa-6843-4697-959b-a3bb28594e08","local_government_cd":"016080","point_lng":143.010028111,"point_lat":42.211571945}},{"arcs":[[65,-39,66,67,68]],"type":"Polygon","properties":{"polygon_uuid":"c8aaf4a0-da3b-4e15-9685-65a0ea54867e","land_type":200,"issue_year":2025,"edit_year":2020,"history":"[{\"筆ポリゴンID\":\"0e59f971-c2c9-4a69-b815-5b8b579fe169\",\"更新年度\":2024,\"前年同一\":true},[{\"筆ポリゴンID\":\"6bea3290-61c2-4480-89a5-5c543f8b364a\",\"更新年度\":2023,\"前年同一\":true},[{\"筆ポリゴンID\":\"ffe95b52-6be8-4b92-ab3a-2bab9b55fef4\",\"更新年度\":2022,\"前年同一\":true},[{\"筆ポリゴンID\":\"0f0a7500-c441-40dd-875e-7b48ed55c593\",\"更新年度\":2021,\"前年同一\":true},{\"筆ポリゴンID\":\"0f0a7500-c441-40dd-875e-7b48ed55c593\",\"発生年度\":2020}]]]]","last_polygon_uuid":"0e59f971-c2c9-4a69-b815-5b8b579fe169","prev_last_polygon_uuid":"6bea3290-61c2-4480-89a5-5c543f8b364a","local_government_cd":"016080","point_lng":142.955318089,"point_lat":42.16857975}},{"arcs":[[69]],"type":"Polygon","properties":{"polygon_uuid":"dc3e6228-bcee-48f5-bae3-a3ad42729da3","land_type":200,"issue_year":2025,"edit_year":2020,"history":"[{\"筆ポリゴンID\":\"bf06e0a8-16e3-43e2-a670-6c8698411b89\",\"更新年度\":2024,\"前年同一\":true},[{\"筆ポリゴンID\":\"58e83887-75a1-4f97-a99f-800a02f526e4\",\"更新年度\":2023,\"前年同一\":true},[{\"筆ポリゴンID\":\"683a2ce6-fd05-4004-b500-664d0d1cf9c7\",\"更新年度\":2022,\"前年同一\":true},[{\"筆ポリゴンID\":\"0a124e67-f978-47b2-92c2-89ea6b8fb8ea\",\"更新年度\":2021,\"前年同一\":true},{\"筆ポリゴンID\":\"0a124e67-f978-47b2-92c2-89ea6b8fb8ea\",\"発生年度\":2020}]]]]","last_polygon_uuid":"bf06e0a8-16e3-43e2-a670-6c8698411b89","prev_last_polygon_uuid":"58e83887-75a1-4f97-a99f-800a02f526e4","local_government_cd":"016080","point_lng":142.967580493,"point_lat":42.175724439}},{"arcs":[[70]],"type":"Polygon","properties":{"polygon_uuid":"a860846d-1ba7-467c-bf0d-f40ae45c7942","land_type":200,"issue_year":2025,"edit_year":2020,"history":"[{\"筆ポリゴンID\":\"8fb66a04-a1cc-4a6e-ba37-363490ef820b\",\"更新年度\":2024,\"前年同一\":true},[{\"筆ポリゴンID\":\"c69213e5-5bb6-4790-a485-687f69fb092a\",\"更新年度\":2023,\"前年同一\":true},[{\"筆ポリゴンID\":\"a6b0b023-bcce-4df8-b4f5-ef3e2178cc79\",\"更新年度\":2022,\"前年同一\":true},[{\"筆ポリゴンID\":\"82cda69b-2a29-424d-815a-f0396b0afee5\",\"更新年度\":2021,\"前年同一\":true},{\"筆ポリゴンID\":\"82cda69b-2a29-424d-815a-f0396b0afee5\",\"発生年度\":2020}]]]]","last_polygon_uuid":"8fb66a04-a1cc-4a6e-ba37-363490ef820b","prev_last_polygon_uuid":"c69213e5-5bb6-4790-a485-687f69fb092a","local_government_cd":"016080","point_lng":142.993031066,"point_lat":42.190897032}},{"arcs":[[71]],"type":"Polygon","properties":{"polygon_uuid":"72ef014f-90c6-4641-bf2b-bd7d9c51761b","land_type":200,"issue_year":2025,"edit_year":2020,"history":"[{\"筆ポリゴンID\":\"d3404769-c324-49f5-a12c-63258c7052ed\",\"更新年度\":2024,\"前年同一\":true},[{\"筆ポリゴンID\":\"629b4acb-041e-4244-8581-e226820968ac\",\"更新年度\":2023,\"前年同一\":true},[{\"筆ポリゴンID\":\"cf6f78c0-d64e-44db-8831-bf01da13eaed\",\"更新年度\":2022,\"前年同一\":true},[{\"筆ポリゴンID\":\"4833d3db-231e-40ad-847e-c553fd45ba99\",\"更新年度\":2021,\"前年同一\":true},{\"筆ポリゴンID\":\"4833d3db-231e-40ad-847e-c553fd45ba99\",\"発生年度\":2020}]]]]","last_polygon_uuid":"d3404769-c324-49f5-a12c-63258c7052ed","prev_last_polygon_uuid":"629b4acb-041e-4244-8581-e226820968ac","local_government_cd":"016080","point_lng":143.007803904,"point_lat":42.21251304}},{"arcs":[[72]],"type":"Polygon","properties":{"polygon_uuid":"dce9520f-d0c8-46d6-bbae-04245239e4e8","land_type":200,"issue_year":2025,"edit_year":2020,"history":"[{\"筆ポリゴンID\":\"daf7717f-f803-4b47-b9d6-a63314e136ea\",\"更新年度\":2024,\"前年同一\":true},[{\"筆ポリゴンID\":\"69e3726f-e954-458f-a2aa-62a31ceb19cc\",\"更新年度\":2023,\"前年同一\":true},[{\"筆ポリゴンID\":\"6acdab82-6d38-4f1c-a5cc-d701c872856a\",\"更新年度\":2022,\"前年同一\":true},[{\"筆ポリゴンID\":\"f1ff3937-69b0-4479-9c0e-7c950d078d70\",\"更新年度\":2021,\"前年同一\":true},{\"筆ポリゴンID\":\"f1ff3937-69b0-4479-9c0e-7c950d078d70\",\"発生年度\":2020}]]]]","last_polygon_uuid":"daf7717f-f803-4b47-b9d6-a63314e136ea","prev_last_polygon_uuid":"69e3726f-e954-458f-a2aa-62a31ceb19cc","local_government_cd":"016080","point_lng":143.013967395,"point_lat":42.21351744}},{"arcs":[[73]],"type":"Polygon","properties":{"polygon_uuid":"d7ae7221-e935-4479-8991-b8221cc1df69","land_type":200,"issue_year":2025,"edit_year":2020,"history":"[{\"筆ポリゴンID\":\"bb064f24-9646-4e0f-9714-af9559fc1599\",\"更新年度\":2024,\"前年同一\":true},[{\"筆ポリゴンID\":\"d11f37cf-a9b3-4344-bbdf-0706b79c645c\",\"更新年度\":2023,\"前年同一\":true},[{\"筆ポリゴンID\":\"8552c4cd-25fa-4178-97b0-128ca5b9e384\",\"更新年度\":2022,\"前年同一\":true},[{\"筆ポリゴンID\":\"1faa1eb3-7acb-464e-b041-0ecc823760bd\",\"更新年度\":2021,\"前年同一\":true},{\"筆ポリゴンID\":\"1faa1eb3-7acb-464e-b041-0ecc823760bd\",\"発生年度\":2020}]]]]","last_polygon_uuid":"bb064f24-9646-4e0f-9714-af9559fc1599","prev_last_polygon_uuid":"d11f37cf-a9b3-4344-bbdf-0706b79c645c","local_government_cd":"016080","point_lng":142.908545158,"point_lat":42.174085514}},{"arcs":[[74]],"type":"Polygon","properties":{"polygon_uuid":"e20c46e8-5459-4476-b636-1790baabea16","land_type":200,"issue_year":2025,"edit_year":2020,"history":"[{\"筆ポリゴンID\":\"1c0f9020-b6f2-4251-afdc-8173d0281eed\",\"更新年度\":2024,\"前年同一\":true},[{\"筆ポリゴンID\":\"7de9c963-04f9-4111-aef4-fab01da20b68\",\"更新年度\":2023,\"前年同一\":true},[{\"筆ポリゴンID\":\"dfa332d0-4eaa-49fa-a66b-d747fdd77646\",\"更新年度\":2022,\"前年同一\":true},[{\"筆ポリゴンID\":\"13ac5b9e-3d53-4fbe-b525-5b7b95883707\",\"更新年度\":2021,\"前年同一\":true},{\"筆ポリゴンID\":\"13ac5b9e-3d53-4fbe-b525-5b7b95883707\",\"発生年度\":2020}]]]]","last_polygon_uuid":"1c0f9020-b6f2-4251-afdc-8173d0281eed","prev_last_polygon_uuid":"7de9c963-04f9-4111-aef4-fab01da20b68","local_government_cd":"016080","point_lng":142.969518512,"point_lat":42.17630488}},{"arcs":[[75]],"type":"Polygon","properties":{"polygon_uuid":"fe326938-d15c-490f-acbb-e0c0adb9734f","land_type":200,"issue_year":2025,"edit_year":2020,"history":"[{\"筆ポリゴンID\":\"8e1a70cc-5f31-49c5-beb4-2dcb956fc15b\",\"更新年度\":2024,\"前年同一\":true},[{\"筆ポリゴンID\":\"2ad35117-6fbb-4198-a915-1a3139a5ab8e\",\"更新年度\":2023,\"前年同一\":true},[{\"筆ポリゴンID\":\"f209e149-d065-4be2-83b3-074de2481666\",\"更新年度\":2022,\"前年同一\":true},[{\"筆ポリゴンID\":\"b50eb830-3345-491b-9778-b857164f8406\",\"更新年度\":2021,\"前年同一\":true},{\"筆ポリゴンID\":\"b50eb830-3345-491b-9778-b857164f8406\",\"発生年度\":2020}]]]]","last_polygon_uuid":"8e1a70cc-5f31-49c5-beb4-2dcb956fc15b","prev_last_polygon_uuid":"2ad35117-6fbb-4198-a915-1a3139a5ab8e","local_government_cd":"016080","point_lng":142.970586367,"point_lat":42.172102884}},{"arcs":[[76]],"type":"Polygon","properties":{"polygon_uuid":"e04d17e4-c8b4-4f7d-9e47-b602000115fb","land_type":200,"issue_year":2025,"edit_year":2020,"history":"[{\"筆ポリゴンID\":\"0817c829-9462-4685-8864-881c317858da\",\"更新年度\":2024,\"前年同一\":true},[{\"筆ポリゴンID\":\"2eda3987-d619-4ae0-bcbc-46ca0a55b6aa\",\"更新年度\":2023,\"前年同一\":true},[{\"筆ポリゴンID\":\"48324014-55da-42cc-958f-9641e24d46ef\",\"更新年度\":2022,\"前年同一\":true},[{\"筆ポリゴンID\":\"7944a3bc-f069-4c31-a239-9cb9811ecde7\",\"更新年度\":2021,\"前年同一\":true},{\"筆ポリゴンID\":\"7944a3bc-f069-4c31-a239-9cb9811ecde7\",\"発生年度\":2020}]]]]","last_polygon_uuid":"0817c829-9462-4685-8864-881c317858da","prev_last_polygon_uuid":"2eda3987-d619-4ae0-bcbc-46ca0a55b6aa","local_government_cd":"016080","point_lng":142.884942932,"point_lat":42.157788506}},{"arcs":[[77]],"type":"Polygon","properties":{"polygon_uuid":"496fce8e-762e-405c-9338-f88663205cdf","land_type":200,"issue_year":2025,"edit_year":2020,"history":"[{\"筆ポリゴンID\":\"cd949f79-21e5-4852-9d09-3f1b66bdd2ed\",\"更新年度\":2024,\"前年同一\":true},[{\"筆ポリゴンID\":\"568f6775-dc94-429b-972f-9b17f49bdb53\",\"更新年度\":2023,\"前年同一\":true},[{\"筆ポリゴンID\":\"73fd06ae-1b19-4d0a-a4df-ac099729c643\",\"更新年度\":2022,\"前年同一\":true},[{\"筆ポリゴンID\":\"97ccbbc0-2bbc-41a5-9985-6607cc7ff03b\",\"更新年度\":2021,\"前年同一\":true},{\"筆ポリゴンID\":\"97ccbbc0-2bbc-41a5-9985-6607cc7ff03b\",\"発生年度\":2020}]]]]","last_polygon_uuid":"cd949f79-21e5-4852-9d09-3f1b66bdd2ed","prev_last_polygon_uuid":"568f6775-dc94-429b-972f-9b17f49bdb53","local_government_cd":"016080","point_lng":142.929491046,"point_lat":42.176394062}},{"arcs":[[78,79]],"type":"Polygon","properties":{"polygon_uuid":"17c88688-076a-47a4-961d-b8fe9fc905e2","land_type":200,"issue_year":2025,"edit_year":2020,"history":"[{\"筆ポリゴンID\":\"71626171-bae1-4c53-b57e-287f5e694b29\",\"更新年度\":2024,\"前年同一\":true},[{\"筆ポリゴンID\":\"a7c9e2a1-99db-4efd-86ae-5d90800b5aae\",\"更新年度\":2023,\"前年同一\":true},[{\"筆ポリゴンID\":\"dfd8e9c3-b0a3-46a7-a5f5-da8e4abc9f1c\",\"更新年度\":2022,\"前年同一\":true},[{\"筆ポリゴンID\":\"91e68321-0c62-4d1a-af4c-7996f8e40dd9\",\"更新年度\":2021,\"前年同一\":true},{\"筆ポリゴンID\":\"91e68321-0c62-4d1a-af4c-7996f8e40dd9\",\"発生年度\":2020}]]]]","last_polygon_uuid":"71626171-bae1-4c53-b57e-287f5e694b29","prev_last_polygon_uuid":"a7c9e2a1-99db-4efd-86ae-5d90800b5aae","local_government_cd":"016080","point_lng":142.964581638,"point_lat":42.175245254}},{"arcs":[[80]],"type":"Polygon","properties":{"polygon_uuid":"33a1cf24-c9cd-4127-8278-28120470b68f","land_type":200,"issue_year":2025,"edit_year":2020,"history":"[{\"筆ポリゴンID\":\"e98e8deb-a4fa-4b4d-a3bd-44c83720bca3\",\"更新年度\":2024,\"前年同一\":true},[{\"筆ポリゴンID\":\"3c76cced-83d5-4abd-a693-9526909d0976\",\"更新年度\":2023,\"前年同一\":true},[{\"筆ポリゴンID\":\"81587b93-7c4d-40fa-8cfb-2e6a212bf76b\",\"更新年度\":2022,\"前年同一\":true},[{\"筆ポリゴンID\":\"d8e0cbd1-fd6a-473a-a5e6-2e0fbd718ee0\",\"更新年度\":2021,\"前年同一\":true},{\"筆ポリゴンID\":\"d8e0cbd1-fd6a-473a-a5e6-2e0fbd718ee0\",\"発生年度\":2020}]]]]","last_polygon_uuid":"e98e8deb-a4fa-4b4d-a3bd-44c83720bca3","prev_last_polygon_uuid":"3c76cced-83d5-4abd-a693-9526909d0976","local_government_cd":"016080","point_lng":142.911747077,"point_lat":42.173749348}},{"arcs":[[81]],"type":"Polygon","properties":{"polygon_uuid":"2716cabe-96a3-4b42-9d56-08fcbcc763ba","land_type":200,"issue_year":2025,"edit_year":2020,"history":"[{\"筆ポリゴンID\":\"cf594aec-ed15-494b-af49-cda4cb8f96d7\",\"更新年度\":2024,\"前年同一\":true},[{\"筆ポリゴンID\":\"14057d96-b20e-4c20-8c04-fb54ae7ee587\",\"更新年度\":2023,\"前年同一\":true},[{\"筆ポリゴンID\":\"dc9a169e-a480-4152-8819-91bf221fa192\",\"更新年度\":2022,\"前年同一\":true},[{\"筆ポリゴンID\":\"33a5121b-e995-4fc2-9b69-7eeb557854c4\",\"更新年度\":2021,\"前年同一\":true},{\"筆ポリゴンID\":\"33a5121b-e995-4fc2-9b69-7eeb557854c4\",\"発生年度\":2020}]]]]","last_polygon_uuid":"cf594aec-ed15-494b-af49-cda4cb8f96d7","prev_last_polygon_uuid":"14057d96-b20e-4c20-8c04-fb54ae7ee587","local_government_cd":"016080","point_lng":142.930532934,"point_lat":42.17515062}},{"arcs":[[82]],"type":"Polygon","properties":{"polygon_uuid":"fe95af26-3895-4587-8d5e-de7813ce8eed","land_type":200,"issue_year":2025,"edit_year":2020,"history":"[{\"筆ポリゴンID\":\"c53344f5-f19b-40e5-9a02-112d7c3ec743\",\"更新年度\":2024,\"前年同一\":true},[{\"筆ポリゴンID\":\"8b00cb6b-852a-4711-90bc-8b9dede046c4\",\"更新年度\":2023,\"前年同一\":true},[{\"筆ポリゴンID\":\"9b086f78-689d-4961-bf60-85a11fde897f\",\"更新年度\":2022,\"前年同一\":true},[{\"筆ポリゴンID\":\"8de2b3ac-8f54-41a1-a40e-cf22755ed9d5\",\"更新年度\":2021,\"前年同一\":true},{\"筆ポリゴンID\":\"8de2b3ac-8f54-41a1-a40e-cf22755ed9d5\",\"発生年度\":2020}]]]]","last_polygon_uuid":"c53344f5-f19b-40e5-9a02-112d7c3ec743","prev_last_polygon_uuid":"8b00cb6b-852a-4711-90bc-8b9dede046c4","local_government_cd":"016080","point_lng":142.879501057,"point_lat":42.143193198}},{"arcs":[[83]],"type":"Polygon","properties":{"polygon_uuid":"9daf83fb-8913-452e-9987-4a1e03ccad67","land_type":200,"issue_year":2025,"edit_year":2020,"history":"[{\"筆ポリゴンID\":\"fb85622f-04a7-4f4f-9f61-8722bbc9c84f\",\"更新年度\":2024,\"前年同一\":true},[{\"筆ポリゴンID\":\"fdff9dc5-10c9-4d9f-8936-d8e55f008dd7\",\"更新年度\":2023,\"前年同一\":true},[{\"筆ポリゴンID\":\"e3bebceb-1ede-4f39-b0c7-d045f5f6f2d6\",\"更新年度\":2022,\"前年同一\":true},[{\"筆ポリゴンID\":\"9ed09b36-1874-4c8d-8f45-ca61f8467ab4\",\"更新年度\":2021,\"前年同一\":true},{\"筆ポリゴンID\":\"9ed09b36-1874-4c8d-8f45-ca61f8467ab4\",\"発生年度\":2020}]]]]","last_polygon_uuid":"fb85622f-04a7-4f4f-9f61-8722bbc9c84f","prev_last_polygon_uuid":"fdff9dc5-10c9-4d9f-8936-d8e55f008dd7","local_government_cd":"016080","point_lng":142.986666776,"point_lat":42.193388513}},{"arcs":[[84]],"type":"Polygon","properties":{"polygon_uuid":"5606b91e-d179-4014-b772-ca972ead9f2e","land_type":200,"issue_year":2025,"edit_year":2020,"history":"[{\"筆ポリゴンID\":\"bb1c85f1-9d49-4e87-bdcd-ab29787ea6d3\",\"更新年度\":2024,\"前年同一\":true},[{\"筆ポリゴンID\":\"68b2cb8f-5dd7-4faa-b8ec-c193592e1c9f\",\"更新年度\":2023,\"前年同一\":true},[{\"筆ポリゴンID\":\"f88ca963-c417-4c89-b0a0-7fde4a56fb80\",\"更新年度\":2022,\"前年同一\":true},[{\"筆ポリゴンID\":\"71c69e73-ede0-45f4-bb70-a5a879a28ea5\",\"更新年度\":2021,\"前年同一\":true},{\"筆ポリゴンID\":\"71c69e73-ede0-45f4-bb70-a5a879a28ea5\",\"発生年度\":2020}]]]]","last_polygon_uuid":"bb1c85f1-9d49-4e87-bdcd-ab29787ea6d3","prev_last_polygon_uuid":"68b2cb8f-5dd7-4faa-b8ec-c193592e1c9f","local_government_cd":"016080","point_lng":142.9776665,"point_lat":42.109155156}},{"arcs":[[85]],"type":"Polygon","properties":{"polygon_uuid":"2c5027c8-bb85-4ef6-b082-69513cd37c4b","land_type":200,"issue_year":2025,"edit_year":2020,"history":"[{\"筆ポリゴンID\":\"b3db8f0f-ff09-4e77-991b-14142820952c\",\"更新年度\":2024,\"前年同一\":true},[{\"筆ポリゴンID\":\"4c32cf8d-7bdd-4ca7-9c11-9ad6b6d5a582\",\"更新年度\":2023,\"前年同一\":true},[{\"筆ポリゴンID\":\"d4a1b7d0-23df-42a1-9fc6-3775165a59cd\",\"更新年度\":2022,\"前年同一\":true},[{\"筆ポリゴンID\":\"49000247-94df-44e8-be2e-c4f36edd5491\",\"更新年度\":2021,\"前年同一\":true},{\"筆ポリゴンID\":\"49000247-94df-44e8-be2e-c4f36edd5491\",\"発生年度\":2020}]]]]","last_polygon_uuid":"b3db8f0f-ff09-4e77-991b-14142820952c","prev_last_polygon_uuid":"4c32cf8d-7bdd-4ca7-9c11-9ad6b6d5a582","local_government_cd":"016080","point_lng":143.01495836,"point_lat":42.214180772}},{"arcs":[[86]],"type":"Polygon","properties":{"polygon_uuid":"ed1a1dc8-7909-4e8b-ab0c-6e88ed2a7df4","land_type":200,"issue_year":2025,"edit_year":2020,"history":"[{\"筆ポリゴンID\":\"8cadd26e-5bef-4ac7-bb2f-2dc3b63daac9\",\"更新年度\":2024,\"前年同一\":true},[{\"筆ポリゴンID\":\"ce46783d-7269-459f-9d62-f90ff1da254f\",\"更新年度\":2023,\"前年同一\":true},[{\"筆ポリゴンID\":\"fd3f8101-ee7e-489d-a95c-bf31953aa43f\",\"更新年度\":2022,\"前年同一\":true},[{\"筆ポリゴンID\":\"646dac65-ec79-448f-a307-3c3202f189c9\",\"更新年度\":2021,\"前年同一\":true},{\"筆ポリゴンID\":\"646dac65-ec79-448f-a307-3c3202f189c9\",\"発生年度\":2020}]]]]","last_polygon_uuid":"8cadd26e-5bef-4ac7-bb2f-2dc3b63daac9","prev_last_polygon_uuid":"ce46783d-7269-459f-9d62-f90ff1da254f","local_government_cd":"016080","point_lng":142.972370066,"point_lat":42.176705261}},{"arcs":[[87]],"type":"Polygon","properties":{"polygon_uuid":"018e2e33-6d98-47f3-b52c-bc3af0286053","land_type":200,"issue_year":2025,"edit_year":2020,"history":"[{\"筆ポリゴンID\":\"3535abc4-f280-4e34-b637-1eba1f7df505\",\"更新年度\":2024,\"前年同一\":true},[{\"筆ポリゴンID\":\"8dbb1d24-db22-4343-86f0-6b7ea66b278d\",\"更新年度\":2023,\"前年同一\":true},[{\"筆ポリゴンID\":\"6a04af1a-0737-4162-8908-507a58942eef\",\"更新年度\":2022,\"前年同一\":true},[{\"筆ポリゴンID\":\"d3488e13-39ea-4822-a891-3abefbebce61\",\"更新年度\":2021,\"前年同一\":true},{\"筆ポリゴンID\":\"d3488e13-39ea-4822-a891-3abefbebce61\",\"発生年度\":2020}]]]]","last_polygon_uuid":"3535abc4-f280-4e34-b637-1eba1f7df505","prev_last_polygon_uuid":"8dbb1d24-db22-4343-86f0-6b7ea66b278d","local_government_cd":"016080","point_lng":143.01071513,"point_lat":42.216653074}},{"arcs":[[-20,88,89]],"type":"Polygon","properties":{"polygon_uuid":"9ab3c4b4-cbab-4323-b94a-189cad2fcf42","land_type":200,"issue_year":2025,"edit_year":2020,"history":"[{\"筆ポリゴンID\":\"57d257a8-4848-4e1e-8049-dcb4f645df26\",\"更新年度\":2024,\"前年同一\":true},[{\"筆ポリゴンID\":\"2f98dbd1-5a45-43b5-bf6d-c2a6a07a3b7e\",\"更新年度\":2023,\"前年同一\":true},[{\"筆ポリゴンID\":\"abc77b94-2560-4326-99de-7ff9b73125c1\",\"更新年度\":2022,\"前年同一\":true},[{\"筆ポリゴンID\":\"83560ca1-dbe7-496a-865f-35f72291ec3d\",\"更新年度\":2021,\"前年同一\":true},{\"筆ポリゴンID\":\"83560ca1-dbe7-496a-865f-35f72291ec3d\",\"発生年度\":2020}]]]]","last_polygon_uuid":"57d257a8-4848-4e1e-8049-dcb4f645df26","prev_last_polygon_uuid":"2f98dbd1-5a45-43b5-bf6d-c2a6a07a3b7e","local_government_cd":"016080","point_lng":142.958570686,"point_lat":42.173965425}},{"arcs":[[90]],"type":"Polygon","properties":{"polygon_uuid":"c51c0bd1-a93f-4bab-b3a9-0ea5ec185854","land_type":200,"issue_year":2025,"edit_year":2020,"history":"[{\"筆ポリゴンID\":\"a96d7a57-24da-4cee-93de-a037440b7b43\",\"更新年度\":2024,\"前年同一\":true},[{\"筆ポリゴンID\":\"9fb64ecb-06bf-49d3-99fb-e5753fe8de7c\",\"更新年度\":2023,\"前年同一\":true},[{\"筆ポリゴンID\":\"4027be47-83d8-45dc-b2d2-3d80c8c70af1\",\"更新年度\":2022,\"前年同一\":true},[{\"筆ポリゴンID\":\"98dfcd4d-bf55-44b4-889d-c3454881701c\",\"更新年度\":2021,\"前年同一\":true},{\"筆ポリゴンID\":\"98dfcd4d-bf55-44b4-889d-c3454881701c\",\"発生年度\":2020}]]]]","last_polygon_uuid":"a96d7a57-24da-4cee-93de-a037440b7b43","prev_last_polygon_uuid":"9fb64ecb-06bf-49d3-99fb-e5753fe8de7c","local_government_cd":"016080","point_lng":143.024807757,"point_lat":42.195755373}},{"arcs":[[91]],"type":"Polygon","properties":{"polygon_uuid":"10ec7e12-5ebd-422a-ad30-58354350213f","land_type":200,"issue_year":2025,"edit_year":2020,"history":"[{\"筆ポリゴンID\":\"1815beab-cdd0-4e13-8a72-09760f89544d\",\"更新年度\":2024,\"前年同一\":true},[{\"筆ポリゴンID\":\"5682233d-bd30-4f75-98fb-633cd2c797f4\",\"更新年度\":2023,\"前年同一\":true},[{\"筆ポリゴンID\":\"a032c9d1-cbbc-49c0-8e11-515bf389333f\",\"更新年度\":2022,\"前年同一\":true},[{\"筆ポリゴンID\":\"f257ea0f-6654-4b44-9999-e5c7bf614bcc\",\"更新年度\":2021,\"前年同一\":true},{\"筆ポリゴンID\":\"f257ea0f-6654-4b44-9999-e5c7bf614bcc\",\"発生年度\":2020}]]]]","last_polygon_uuid":"1815beab-cdd0-4e13-8a72-09760f89544d","prev_last_polygon_uuid":"5682233d-bd30-4f75-98fb-633cd2c797f4","local_government_cd":"016080","point_lng":142.901345079,"point_lat":42.179939879}},{"arcs":[[92]],"type":"Polygon","properties":{"polygon_uuid":"4c62a4a3-6a7d-417e-8bb6-1b680e0a6924","land_type":200,"issue_year":2025,"edit_year":2020,"history":"[{\"筆ポリゴンID\":\"163c89a5-4b2d-4d06-b221-c6d94477a04a\",\"更新年度\":2024,\"前年同一\":true},[{\"筆ポリゴンID\":\"97f301e0-c8d2-4839-ad28-f25567b86f99\",\"更新年度\":2023,\"前年同一\":true},[{\"筆ポリゴンID\":\"57a47072-1174-463c-b873-bd33139a67c5\",\"更新年度\":2022,\"前年同一\":true},[{\"筆ポリゴンID\":\"404cf82a-c3ab-4b01-82af-8816e901f245\",\"更新年度\":2021,\"前年同一\":true},{\"筆ポリゴンID\":\"404cf82a-c3ab-4b01-82af-8816e901f245\",\"発生年度\":2020}]]]]","last_polygon_uuid":"163c89a5-4b2d-4d06-b221-c6d94477a04a","prev_last_polygon_uuid":"97f301e0-c8d2-4839-ad28-f25567b86f99","local_government_cd":"016080","point_lng":142.953199523,"point_lat":42.17084853}},{"arcs":[[93]],"type":"Polygon","properties":{"polygon_uuid":"2eac5cd1-269c-41e5-862b-6fe5e322c910","land_type":200,"issue_year":2025,"edit_year":2020,"history":"[{\"筆ポリゴンID\":\"b98df560-be16-4e2f-aeb5-9c40a03b8da4\",\"更新年度\":2024,\"前年同一\":true},[{\"筆ポリゴンID\":\"cca9190b-78d4-44e6-a306-583bf70205dd\",\"更新年度\":2023,\"前年同一\":true},[{\"筆ポリゴンID\":\"8a94ae85-cb2c-4ff4-8e0b-bdf9843eb478\",\"更新年度\":2022,\"前年同一\":true},[{\"筆ポリゴンID\":\"17c3e2af-5402-45fa-804d-437b74338b0d\",\"更新年度\":2021,\"前年同一\":true},{\"筆ポリゴンID\":\"17c3e2af-5402-45fa-804d-437b74338b0d\",\"発生年度\":2020}]]]]","last_polygon_uuid":"b98df560-be16-4e2f-aeb5-9c40a03b8da4","prev_last_polygon_uuid":"cca9190b-78d4-44e6-a306-583bf70205dd","local_government_cd":"016080","point_lng":142.878265003,"point_lat":42.139598013}},{"arcs":[[94]],"type":"Polygon","properties":{"polygon_uuid":"42bb9c97-f2b0-48f4-aac4-80685dbbab23","land_type":200,"issue_year":2025,"edit_year":2020,"history":"[{\"筆ポリゴンID\":\"65e9c426-caec-466e-9baa-db490e5bb5df\",\"更新年度\":2024,\"前年同一\":true},[{\"筆ポリゴンID\":\"8953e160-b55a-4b5f-8944-c6662e0efc34\",\"更新年度\":2023,\"前年同一\":true},[{\"筆ポリゴンID\":\"64870b0a-8391-4927-8d55-cc25249b1404\",\"更新年度\":2022,\"前年同一\":true},[{\"筆ポリゴンID\":\"5841a999-fd17-4af4-a79b-85b892627fb0\",\"更新年度\":2021,\"前年同一\":true},{\"筆ポリゴンID\":\"5841a999-fd17-4af4-a79b-85b892627fb0\",\"発生年度\":2020}]]]]","last_polygon_uuid":"65e9c426-caec-466e-9baa-db490e5bb5df","prev_last_polygon_uuid":"8953e160-b55a-4b5f-8944-c6662e0efc34","local_government_cd":"016080","point_lng":143.007628976,"point_lat":42.203161275}},{"arcs":[[95]],"type":"Polygon","properties":{"polygon_uuid":"7e01b208-ea24-4ed1-a503-2754535832c0","land_type":200,"issue_year":2025,"edit_year":2020,"history":"[{\"筆ポリゴンID\":\"4ed88613-3b05-43da-984b-a36db8d540b6\",\"更新年度\":2024,\"前年同一\":true},[{\"筆ポリゴンID\":\"226503c3-0356-4216-8113-e2f58d25f336\",\"更新年度\":2023,\"前年同一\":true},[{\"筆ポリゴンID\":\"9f444d3e-b09b-4305-9a4b-39e978d55ecc\",\"更新年度\":2022,\"前年同一\":true},[{\"筆ポリゴンID\":\"31052723-9a56-4155-a523-c8e4846cced7\",\"更新年度\":2021,\"前年同一\":true},{\"筆ポリゴンID\":\"31052723-9a56-4155-a523-c8e4846cced7\",\"発生年度\":2020}]]]]","last_polygon_uuid":"4ed88613-3b05-43da-984b-a36db8d540b6","prev_last_polygon_uuid":"226503c3-0356-4216-8113-e2f58d25f336","local_government_cd":"016080","point_lng":143.014373608,"point_lat":42.215131992}},{"arcs":[[96]],"type":"Polygon","properties":{"polygon_uuid":"3d6395bd-e898-4099-98d6-11d060c340cd","land_type":200,"issue_year":2025,"edit_year":2020,"history":"[{\"筆ポリゴンID\":\"3d7b2a36-9bdd-4d68-8966-0ad9d5e21771\",\"更新年度\":2024,\"前年同一\":true},[{\"筆ポリゴンID\":\"9e8ba5cf-aeff-48c1-b5f7-edf1e670fe56\",\"更新年度\":2023,\"前年同一\":true},[{\"筆ポリゴンID\":\"cf7651e4-1d06-4cfd-b671-08179becb9eb\",\"更新年度\":2022,\"前年同一\":true},[{\"筆ポリゴンID\":\"4e4b3814-dba1-4787-bccc-deb8442bd87a\",\"更新年度\":2021,\"前年同一\":true},{\"筆ポリゴンID\":\"4e4b3814-dba1-4787-bccc-deb8442bd87a\",\"発生年度\":2020}]]]]","last_polygon_uuid":"3d7b2a36-9bdd-4d68-8966-0ad9d5e21771","prev_last_polygon_uuid":"9e8ba5cf-aeff-48c1-b5f7-edf1e670fe56","local_government_cd":"016080","point_lng":142.916990035,"point_lat":42.177668661}},{"arcs":[[97]],"type":"Polygon","properties":{"polygon_uuid":"cc6fa1bb-c0e1-44da-b74d-60c1e6febf8a","land_type":200,"issue_year":2025,"edit_year":2020,"history":"[{\"筆ポリゴンID\":\"0a34c537-a9a7-4ba7-b262-3c8c167044af\",\"更新年度\":2024,\"前年同一\":true},[{\"筆ポリゴンID\":\"adec96b4-60e7-494f-9921-f9788342b288\",\"更新年度\":2023,\"前年同一\":true},[{\"筆ポリゴンID\":\"0dc10fb0-cb4c-47cb-89e9-d343b3783c3b\",\"更新年度\":2022,\"前年同一\":true},[{\"筆ポリゴンID\":\"593dfee8-bb4f-4461-9f67-685608483bed\",\"更新年度\":2021,\"前年同一\":true},{\"筆ポリゴンID\":\"593dfee8-bb4f-4461-9f67-685608483bed\",\"発生年度\":2020}]]]]","last_polygon_uuid":"0a34c537-a9a7-4ba7-b262-3c8c167044af","prev_last_polygon_uuid":"adec96b4-60e7-494f-9921-f9788342b288","local_government_cd":"016080","point_lng":142.960775491,"point_lat":42.17516768}},{"arcs":[[98]],"type":"Polygon","properties":{"polygon_uuid":"58b03e31-2144-4a50-a980-eed0f077cea6","land_type":200,"issue_year":2025,"edit_year":2020,"history":"[{\"筆ポリゴンID\":\"4a7f7a68-3b38-4bac-bc9b-4e26a94df66a\",\"更新年度\":2024,\"前年同一\":true},[{\"筆ポリゴンID\":\"29d6daf2-09e4-4be2-acb0-713b2e7da668\",\"更新年度\":2023,\"前年同一\":true},[{\"筆ポリゴンID\":\"2ffc2005-8d93-473b-a314-3596304e95ee\",\"更新年度\":2022,\"前年同一\":true},[{\"筆ポリゴンID\":\"23311d73-7ff7-4aad-a105-5728f1dc355b\",\"更新年度\":2021,\"前年同一\":true},{\"筆ポリゴンID\":\"23311d73-7ff7-4aad-a105-5728f1dc355b\",\"発生年度\":2020}]]]]","last_polygon_uuid":"4a7f7a68-3b38-4bac-bc9b-4e26a94df66a","prev_last_polygon_uuid":"29d6daf2-09e4-4be2-acb0-713b2e7da668","local_government_cd":"016080","point_lng":142.929335756,"point_lat":42.173845644}},{"arcs":[[99]],"type":"Polygon","properties":{"polygon_uuid":"31328eee-cdde-4960-8d49-1feee578b2b7","land_type":200,"issue_year":2025,"edit_year":2020,"history":"[{\"筆ポリゴンID\":\"34ed5275-9eb5-4e5d-9054-1d79f290030a\",\"更新年度\":2024,\"前年同一\":true},[{\"筆ポリゴンID\":\"eeeffbf3-8fd9-43e4-b94a-1153f1f03365\",\"更新年度\":2023,\"前年同一\":true},[{\"筆ポリゴンID\":\"52a9e2d9-5de1-4fe3-8f63-75c731707a63\",\"更新年度\":2022,\"前年同一\":true},[{\"筆ポリゴンID\":\"23d1ebf9-8348-45fe-8c2b-ce6f94bc9108\",\"更新年度\":2021,\"前年同一\":true},{\"筆ポリゴンID\":\"23d1ebf9-8348-45fe-8c2b-ce6f94bc9108\",\"発生年度\":2020}]]]]","last_polygon_uuid":"34ed5275-9eb5-4e5d-9054-1d79f290030a","prev_last_polygon_uuid":"eeeffbf3-8fd9-43e4-b94a-1153f1f03365","local_government_cd":"016080","point_lng":142.994412625,"point_lat":42.191629379}},{"arcs":[[100]],"type":"Polygon","properties":{"polygon_uuid":"e7c65731-87ed-49a5-aa55-5a509c0f9086","land_type":200,"issue_year":2025,"edit_year":2020,"history":"[{\"筆ポリゴンID\":\"60ce40fe-1085-4761-86a2-03f698a74e6c\",\"更新年度\":2024,\"前年同一\":true},[{\"筆ポリゴンID\":\"cf86f9f5-365f-4e39-a6a3-5a9059925f9f\",\"更新年度\":2023,\"前年同一\":true},[{\"筆ポリゴンID\":\"37d153b3-fb4f-4d70-b8de-dc0f5b48856f\",\"更新年度\":2022,\"前年同一\":true},[{\"筆ポリゴンID\":\"b2135d55-b503-4b18-9c80-0129c1266a9f\",\"更新年度\":2021,\"前年同一\":true},{\"筆ポリゴンID\":\"b2135d55-b503-4b18-9c80-0129c1266a9f\",\"発生年度\":2020}]]]]","last_polygon_uuid":"60ce40fe-1085-4761-86a2-03f698a74e6c","prev_last_polygon_uuid":"cf86f9f5-365f-4e39-a6a3-5a9059925f9f","local_government_cd":"016080","point_lng":142.930588861,"point_lat":42.170159264}},{"arcs":[[101]],"type":"Polygon","properties":{"polygon_uuid":"7607a071-0c33-433f-b985-9276c71472a9","land_type":200,"issue_year":2025,"edit_year":2020,"history":"[{\"筆ポリゴンID\":\"0ec1c3c1-1c95-467c-9bae-896c78a1bb69\",\"更新年度\":2024,\"前年同一\":true},[{\"筆ポリゴンID\":\"01bedd68-eb8c-4801-bd74-65a9c5bac798\",\"更新年度\":2023,\"前年同一\":true},[{\"筆ポリゴンID\":\"dd8744eb-658a-4bce-aca6-6e8124363d2b\",\"更新年度\":2022,\"前年同一\":true},[{\"筆ポリゴンID\":\"8a08a278-a175-4bb5-bad9-670bd114459b\",\"更新年度\":2021,\"前年同一\":true},{\"筆ポリゴンID\":\"8a08a278-a175-4bb5-bad9-670bd114459b\",\"発生年度\":2020}]]]]","last_polygon_uuid":"0ec1c3c1-1c95-467c-9bae-896c78a1bb69","prev_last_polygon_uuid":"01bedd68-eb8c-4801-bd74-65a9c5bac798","local_government_cd":"016080","point_lng":143.009781771,"point_lat":42.21039607}},{"arcs":[[102]],"type":"Polygon","properties":{"polygon_uuid":"ce3f68e2-3560-451c-a596-73d5ef63b9dc","land_type":200,"issue_year":2025,"edit_year":2020,"history":"[{\"筆ポリゴンID\":\"4378afa6-16ed-4425-8b64-b8bc627a87cf\",\"更新年度\":2024,\"前年同一\":true},[{\"筆ポリゴンID\":\"1e7132c5-4fea-450c-adbf-02255082cb25\",\"更新年度\":2023,\"前年同一\":true},[{\"筆ポリゴンID\":\"6767251e-468c-49a9-afec-4776627776f8\",\"更新年度\":2022,\"前年同一\":true},[{\"筆ポリゴンID\":\"ac830d14-2aa5-4233-b14e-bbae3ad88996\",\"更新年度\":2021,\"前年同一\":true},{\"筆ポリゴンID\":\"ac830d14-2aa5-4233-b14e-bbae3ad88996\",\"発生年度\":2020}]]]]","last_polygon_uuid":"4378afa6-16ed-4425-8b64-b8bc627a87cf","prev_last_polygon_uuid":"1e7132c5-4fea-450c-adbf-02255082cb25","local_government_cd":"016080","point_lng":143.029814479,"point_lat":42.193514039}},{"arcs":[[103]],"type":"Polygon","properties":{"polygon_uuid":"7fa2aff5-7f3c-46a2-b22c-62a4fbb197b8","land_type":200,"issue_year":2025,"edit_year":2020,"history":"[{\"筆ポリゴンID\":\"7a620f18-6a2c-497f-a02e-261847f0e0c1\",\"更新年度\":2024,\"前年同一\":true},[{\"筆ポリゴンID\":\"171f3f0d-16f9-43ac-837b-854609213227\",\"更新年度\":2023,\"前年同一\":true},[{\"筆ポリゴンID\":\"f4202eb6-fa77-4e05-b6f0-5abf33db0ef1\",\"更新年度\":2022,\"前年同一\":true},[{\"筆ポリゴンID\":\"7bb94a83-8bc2-4594-a248-56a1ebe1a212\",\"更新年度\":2021,\"前年同一\":true},{\"筆ポリゴンID\":\"7bb94a83-8bc2-4594-a248-56a1ebe1a212\",\"発生年度\":2020}]]]]","last_polygon_uuid":"7a620f18-6a2c-497f-a02e-261847f0e0c1","prev_last_polygon_uuid":"171f3f0d-16f9-43ac-837b-854609213227","local_government_cd":"016080","point_lng":142.964591364,"point_lat":42.13008013}},{"arcs":[[104]],"type":"Polygon","properties":{"polygon_uuid":"f9f737e6-b38d-40b5-a543-527d59c470d1","land_type":200,"issue_year":2025,"edit_year":2020,"history":"[{\"筆ポリゴンID\":\"da4c5e87-6b07-489f-b11c-3b1f5e094aaf\",\"更新年度\":2024,\"前年同一\":true},[{\"筆ポリゴンID\":\"9a0f31c5-2fd9-4158-8775-d00168fb4a31\",\"更新年度\":2023,\"前年同一\":true},[{\"筆ポリゴンID\":\"395c032a-3e56-472b-ac43-84ee35d5d511\",\"更新年度\":2022,\"前年同一\":true},[{\"筆ポリゴンID\":\"93ca722b-d57b-4acc-bef3-f4ab9d4062e9\",\"更新年度\":2021,\"前年同一\":true},{\"筆ポリゴンID\":\"93ca722b-d57b-4acc-bef3-f4ab9d4062e9\",\"発生年度\":2020}]]]]","last_polygon_uuid":"da4c5e87-6b07-489f-b11c-3b1f5e094aaf","prev_last_polygon_uuid":"9a0f31c5-2fd9-4158-8775-d00168fb4a31","local_government_cd":"016080","point_lng":143.029866925,"point_lat":42.195093914}},{"arcs":[[105]],"type":"Polygon","properties":{"polygon_uuid":"a04bcc2f-df20-4309-9a3e-45348cb0d506","land_type":200,"issue_year":2025,"edit_year":2020,"history":"[{\"筆ポリゴンID\":\"9674a0b5-f1c7-45fc-9637-e2ef666e847c\",\"更新年度\":2024,\"前年同一\":true},[{\"筆ポリゴンID\":\"563793c1-dbf1-4109-abea-fa21fae095df\",\"更新年度\":2023,\"前年同一\":true},[{\"筆ポリゴンID\":\"e913fb76-b7cf-4c0e-9171-2230aecb7740\",\"更新年度\":2022,\"前年同一\":true},[{\"筆ポリゴンID\":\"9e5ff558-0afc-4b91-919c-521d945b48e3\",\"更新年度\":2021,\"前年同一\":true},{\"筆ポリゴンID\":\"9e5ff558-0afc-4b91-919c-521d945b48e3\",\"発生年度\":2020}]]]]","last_polygon_uuid":"9674a0b5-f1c7-45fc-9637-e2ef666e847c","prev_last_polygon_uuid":"563793c1-dbf1-4109-abea-fa21fae095df","local_government_cd":"016080","point_lng":142.963973824,"point_lat":42.127658026}},{"arcs":[[106]],"type":"Polygon","properties":{"polygon_uuid":"83d4737d-82a9-4100-a1da-a15695d4ca4d","land_type":200,"issue_year":2025,"edit_year":2020,"history":"[{\"筆ポリゴンID\":\"950d92b7-a6ec-47de-8e14-8b747d107056\",\"更新年度\":2024,\"前年同一\":true},[{\"筆ポリゴンID\":\"ec8f3081-14b6-4e81-8371-6b1573299bdb\",\"更新年度\":2023,\"前年同一\":true},[{\"筆ポリゴンID\":\"4a8da00a-d96c-40e0-bd49-7d885ff3880f\",\"更新年度\":2022,\"前年同一\":true},[{\"筆ポリゴンID\":\"ead59b96-d7fd-4221-b505-0ce9e70a1cfa\",\"更新年度\":2021,\"前年同一\":true},{\"筆ポリゴンID\":\"ead59b96-d7fd-4221-b505-0ce9e70a1cfa\",\"発生年度\":2020}]]]]","last_polygon_uuid":"950d92b7-a6ec-47de-8e14-8b747d107056","prev_last_polygon_uuid":"ec8f3081-14b6-4e81-8371-6b1573299bdb","local_government_cd":"016080","point_lng":142.901786271,"point_lat":42.17897987}},{"arcs":[[107]],"type":"Polygon","properties":{"polygon_uuid":"24a23c18-ac93-4526-a15f-b3e0fcaf30c3","land_type":200,"issue_year":2025,"edit_year":2020,"history":"[{\"筆ポリゴンID\":\"3385c0c1-4531-4bb7-8214-5d4eb96a88f7\",\"更新年度\":2024,\"前年同一\":true},[{\"筆ポリゴンID\":\"c3fda5d0-d07b-4ef6-aeca-2d9fb426c93e\",\"更新年度\":2023,\"前年同一\":true},[{\"筆ポリゴンID\":\"a2ffe695-d9d5-44d5-a7bc-4b0572b50b26\",\"更新年度\":2022,\"前年同一\":true},[{\"筆ポリゴンID\":\"5b4c6307-23cc-4de2-913c-d8f7deb10596\",\"更新年度\":2021,\"前年同一\":true},{\"筆ポリゴンID\":\"5b4c6307-23cc-4de2-913c-d8f7deb10596\",\"発生年度\":2020}]]]]","last_polygon_uuid":"3385c0c1-4531-4bb7-8214-5d4eb96a88f7","prev_last_polygon_uuid":"c3fda5d0-d07b-4ef6-aeca-2d9fb426c93e","local_government_cd":"016080","point_lng":142.876447655,"point_lat":42.143433511}},{"arcs":[[108]],"type":"Polygon","properties":{"polygon_uuid":"982427fd-5b5f-4052-9cb0-092ba07bf6b6","land_type":200,"issue_year":2025,"edit_year":2020,"history":"[{\"筆ポリゴンID\":\"ac439b17-2270-45ef-8be8-4d05f4ffd4f6\",\"更新年度\":2024,\"前年同一\":true},[{\"筆ポリゴンID\":\"403c319e-a289-41f1-9b41-e5803a41e785\",\"更新年度\":2023,\"前年同一\":true},[{\"筆ポリゴンID\":\"b2d459d5-191b-4910-bdb2-85b785f66955\",\"更新年度\":2022,\"前年同一\":true},[{\"筆ポリゴンID\":\"d6b1b456-de0d-4503-acb8-7797c1aea8fe\",\"更新年度\":2021,\"前年同一\":true},{\"筆ポリゴンID\":\"d6b1b456-de0d-4503-acb8-7797c1aea8fe\",\"発生年度\":2020}]]]]","last_polygon_uuid":"ac439b17-2270-45ef-8be8-4d05f4ffd4f6","prev_last_polygon_uuid":"403c319e-a289-41f1-9b41-e5803a41e785","local_government_cd":"016080","point_lng":142.964758898,"point_lat":42.136573945}},{"arcs":[[109]],"type":"Polygon","properties":{"polygon_uuid":"3fdfda52-c8be-4106-b420-df251f9a2c70","land_type":200,"issue_year":2025,"edit_year":2020,"history":"[{\"筆ポリゴンID\":\"29b33ffd-0b83-44ac-9b24-2a3f8a0779ff\",\"更新年度\":2024,\"前年同一\":true},[{\"筆ポリゴンID\":\"552efcc4-5034-427c-96ad-d91d1f1d1f40\",\"更新年度\":2023,\"前年同一\":true},[{\"筆ポリゴンID\":\"641298bb-241b-4ca2-9321-a99e990c4427\",\"更新年度\":2022,\"前年同一\":true},[{\"筆ポリゴンID\":\"065f5e6e-f4f3-472c-8eeb-c36975dcc069\",\"更新年度\":2021,\"前年同一\":true},{\"筆ポリゴンID\":\"065f5e6e-f4f3-472c-8eeb-c36975dcc069\",\"発生年度\":2020}]]]]","last_polygon_uuid":"29b33ffd-0b83-44ac-9b24-2a3f8a0779ff","prev_last_polygon_uuid":"552efcc4-5034-427c-96ad-d91d1f1d1f40","local_government_cd":"016080","point_lng":142.999287556,"point_lat":42.192397622}},{"arcs":[[110]],"type":"Polygon","properties":{"polygon_uuid":"19f0fa47-9d09-43e8-8a69-e27936e02dc0","land_type":200,"issue_year":2025,"edit_year":2020,"history":"[{\"筆ポリゴンID\":\"0af53845-1ec8-4a4c-bb1d-4c3f00aba2e3\",\"更新年度\":2024,\"前年同一\":true},[{\"筆ポリゴンID\":\"b460b94e-4ba3-4e7b-a071-40262ad72d38\",\"更新年度\":2023,\"前年同一\":true},[{\"筆ポリゴンID\":\"ffb2868d-5215-481a-9204-f5a48c47d54d\",\"更新年度\":2022,\"前年同一\":true},[{\"筆ポリゴンID\":\"f4b41750-e2fc-4d55-b500-109b2ff3f1d4\",\"更新年度\":2021,\"前年同一\":true},{\"筆ポリゴンID\":\"f4b41750-e2fc-4d55-b500-109b2ff3f1d4\",\"発生年度\":2020}]]]]","last_polygon_uuid":"0af53845-1ec8-4a4c-bb1d-4c3f00aba2e3","prev_last_polygon_uuid":"b460b94e-4ba3-4e7b-a071-40262ad72d38","local_government_cd":"016080","point_lng":142.966580131,"point_lat":42.174497805}},{"arcs":[[111]],"type":"Polygon","properties":{"polygon_uuid":"f6554492-a4b3-4ea8-9f0c-b637092f898d","land_type":200,"issue_year":2025,"edit_year":2020,"history":"[{\"筆ポリゴンID\":\"cf5779a0-fdf8-47af-bfd0-9b421f9b8975\",\"更新年度\":2024,\"前年同一\":true},[{\"筆ポリゴンID\":\"9b875fc9-e523-40fa-9393-63fd3f6772a6\",\"更新年度\":2023,\"前年同一\":true},[{\"筆ポリゴンID\":\"99efa3fd-1585-495d-8c49-b436355929a7\",\"更新年度\":2022,\"前年同一\":true},[{\"筆ポリゴンID\":\"97a16f6e-82bc-44ef-8d1f-3e3d5dfac22b\",\"更新年度\":2021,\"前年同一\":true},{\"筆ポリゴンID\":\"97a16f6e-82bc-44ef-8d1f-3e3d5dfac22b\",\"発生年度\":2020}]]]]","last_polygon_uuid":"cf5779a0-fdf8-47af-bfd0-9b421f9b8975","prev_last_polygon_uuid":"9b875fc9-e523-40fa-9393-63fd3f6772a6","local_government_cd":"016080","point_lng":142.908388538,"point_lat":42.175687276}},{"arcs":[[112]],"type":"Polygon","properties":{"polygon_uuid":"9ad0ec4f-20fc-4485-9df6-46e5c2e16396","land_type":200,"issue_year":2025,"edit_year":2020,"history":"[{\"筆ポリゴンID\":\"94d36571-253b-4f42-b210-dc142fd8dbb2\",\"更新年度\":2024,\"前年同一\":true},[{\"筆ポリゴンID\":\"60c25f80-1120-471d-8ce1-b56983bb099b\",\"更新年度\":2023,\"前年同一\":true},[{\"筆ポリゴンID\":\"5c5a2242-b68c-4a4c-9dc7-9b72089a272e\",\"更新年度\":2022,\"前年同一\":true},[{\"筆ポリゴンID\":\"5921bb9a-2b1d-4b09-938b-e8aca85948b8\",\"更新年度\":2021,\"前年同一\":true},{\"筆ポリゴンID\":\"5921bb9a-2b1d-4b09-938b-e8aca85948b8\",\"発生年度\":2020}]]]]","last_polygon_uuid":"94d36571-253b-4f42-b210-dc142fd8dbb2","prev_last_polygon_uuid":"60c25f80-1120-471d-8ce1-b56983bb099b","local_government_cd":"016080","point_lng":142.865865857,"point_lat":42.139121775}},{"arcs":[[113]],"type":"Polygon","properties":{"polygon_uuid":"edb987db-4a3d-4ce1-a9c3-3be90170abfd","land_type":200,"issue_year":2025,"edit_year":2020,"history":"[{\"筆ポリゴンID\":\"174373a2-a018-482e-a365-5880d7633d0e\",\"更新年度\":2024,\"前年同一\":true},[{\"筆ポリゴンID\":\"c42b3d8a-8d48-4348-9555-e14362f71a30\",\"更新年度\":2023,\"前年同一\":true},[{\"筆ポリゴンID\":\"d5e14c3d-4fe5-4e87-a104-70e03ad7b004\",\"更新年度\":2022,\"前年同一\":true},[{\"筆ポリゴンID\":\"a2ce3089-601a-4303-8d00-f4153f8fd4ad\",\"更新年度\":2021,\"前年同一\":true},{\"筆ポリゴンID\":\"a2ce3089-601a-4303-8d00-f4153f8fd4ad\",\"発生年度\":2020}]]]]","last_polygon_uuid":"174373a2-a018-482e-a365-5880d7633d0e","prev_last_polygon_uuid":"c42b3d8a-8d48-4348-9555-e14362f71a30","local_government_cd":"016080","point_lng":142.941864508,"point_lat":42.175150578}},{"arcs":[[114]],"type":"Polygon","properties":{"polygon_uuid":"585c4a9b-621c-49c6-81d3-3b0d9dcc6635","land_type":200,"issue_year":2025,"edit_year":2020,"history":"[{\"筆ポリゴンID\":\"c1eea8b7-a15c-4acf-8f3b-028fe3ba9c13\",\"更新年度\":2024,\"前年同一\":true},[{\"筆ポリゴンID\":\"6ae6e0bd-1257-4ccd-a84b-f7cc18901e6f\",\"更新年度\":2023,\"前年同一\":true},[{\"筆ポリゴンID\":\"7b0514a0-ccb0-4764-b4c9-7ead45cacbf6\",\"更新年度\":2022,\"前年同一\":true},[{\"筆ポリゴンID\":\"3772222f-8ac6-43d0-aa3a-2fdfb253c05a\",\"更新年度\":2021,\"前年同一\":true},{\"筆ポリゴンID\":\"3772222f-8ac6-43d0-aa3a-2fdfb253c05a\",\"発生年度\":2020}]]]]","last_polygon_uuid":"c1eea8b7-a15c-4acf-8f3b-028fe3ba9c13","prev_last_polygon_uuid":"6ae6e0bd-1257-4ccd-a84b-f7cc18901e6f","local_government_cd":"016080","point_lng":142.948812853,"point_lat":42.18301977}},{"arcs":[[115]],"type":"Polygon","properties":{"polygon_uuid":"c3038e16-16ec-47ac-827c-9d53f5ea8cc5","land_type":200,"issue_year":2025,"edit_year":2020,"history":"[{\"筆ポリゴンID\":\"09d2dc3c-dce0-4182-934d-776429fd5776\",\"更新年度\":2024,\"前年同一\":true},[{\"筆ポリゴンID\":\"94c37845-8765-420e-911d-d3e6d53eea68\",\"更新年度\":2023,\"前年同一\":true},[{\"筆ポリゴンID\":\"dc1e283d-7ad1-4baf-ac59-97897d3b901e\",\"更新年度\":2022,\"前年同一\":true},[{\"筆ポリゴンID\":\"9f2cedf9-4697-4a32-a9aa-740ebb70d00c\",\"更新年度\":2021,\"前年同一\":true},{\"筆ポリゴンID\":\"9f2cedf9-4697-4a32-a9aa-740ebb70d00c\",\"発生年度\":2020}]]]]","last_polygon_uuid":"09d2dc3c-dce0-4182-934d-776429fd5776","prev_last_polygon_uuid":"94c37845-8765-420e-911d-d3e6d53eea68","local_government_cd":"016080","point_lng":142.947019348,"point_lat":42.179133139}},{"arcs":[[116,117]],"type":"Polygon","properties":{"polygon_uuid":"9f207bdc-2868-403d-8a3e-4e03b3c30197","land_type":200,"issue_year":2025,"edit_year":2020,"history":"[{\"筆ポリゴンID\":\"4af32919-74b7-4833-884b-3a79478a7f20\",\"更新年度\":2024,\"前年同一\":true},[{\"筆ポリゴンID\":\"6a6b575d-662a-47c0-9a70-20fa3f14ba54\",\"更新年度\":2023,\"前年同一\":true},[{\"筆ポリゴンID\":\"93e485e0-c951-46dc-8eab-c5288e4abed4\",\"更新年度\":2022,\"前年同一\":true},[{\"筆ポリゴンID\":\"54ad1ff1-793d-48ed-8d5d-94dfa66937dc\",\"更新年度\":2021,\"前年同一\":true},{\"筆ポリゴンID\":\"54ad1ff1-793d-48ed-8d5d-94dfa66937dc\",\"発生年度\":2020}]]]]","last_polygon_uuid":"4af32919-74b7-4833-884b-3a79478a7f20","prev_last_polygon_uuid":"6a6b575d-662a-47c0-9a70-20fa3f14ba54","local_government_cd":"016080","point_lng":142.940080024,"point_lat":42.180980524}},{"arcs":[[118]],"type":"Polygon","properties":{"polygon_uuid":"79f0f2f1-2e65-4727-bc14-ecb6b8adc128","land_type":200,"issue_year":2025,"edit_year":2020,"history":"[{\"筆ポリゴンID\":\"2aee08eb-a8f7-4dad-8a70-fb272c8d0e5d\",\"更新年度\":2024,\"前年同一\":true},[{\"筆ポリゴンID\":\"0e6830dc-c01d-4392-a74d-7de48a030d8f\",\"更新年度\":2023,\"前年同一\":true},[{\"筆ポリゴンID\":\"33bc0784-6ab5-4e64-b452-1fdbb9856975\",\"更新年度\":2022,\"前年同一\":true},[{\"筆ポリゴンID\":\"b7172df6-0633-4891-ac01-f42a46536f7f\",\"更新年度\":2021,\"前年同一\":true},{\"筆ポリゴンID\":\"b7172df6-0633-4891-ac01-f42a46536f7f\",\"発生年度\":2020}]]]]","last_polygon_uuid":"2aee08eb-a8f7-4dad-8a70-fb272c8d0e5d","prev_last_polygon_uuid":"0e6830dc-c01d-4392-a74d-7de48a030d8f","local_government_cd":"016080","point_lng":142.941150365,"point_lat":42.178990165}},{"arcs":[[-117,119]],"type":"Polygon","properties":{"polygon_uuid":"744fe238-1174-438b-a1af-0f24ccfc347a","land_type":200,"issue_year":2025,"edit_year":2020,"history":"[{\"筆ポリゴンID\":\"6d00465a-37f4-42de-8c71-0acb24a4ff55\",\"更新年度\":2024,\"前年同一\":true},[{\"筆ポリゴンID\":\"c23e892c-58de-4b9c-9fb0-8f6846267caf\",\"更新年度\":2023,\"前年同一\":true},[{\"筆ポリゴンID\":\"04fa5a6c-2ddb-40e1-a749-49fad7cb5fa6\",\"更新年度\":2022,\"前年同一\":true},[{\"筆ポリゴンID\":\"5fb253d1-f657-400e-b1f5-a68d7dd37fc2\",\"更新年度\":2021,\"前年同一\":true},{\"筆ポリゴンID\":\"5fb253d1-f657-400e-b1f5-a68d7dd37fc2\",\"発生年度\":2020}]]]]","last_polygon_uuid":"6d00465a-37f4-42de-8c71-0acb24a4ff55","prev_last_polygon_uuid":"c23e892c-58de-4b9c-9fb0-8f6846267caf","local_government_cd":"016080","point_lng":142.938982971,"point_lat":42.180937456}},{"arcs":[[120]],"type":"Polygon","properties":{"polygon_uuid":"c30db040-3899-40dc-b5e9-19703ca1dec6","land_type":200,"issue_year":2025,"edit_year":2020,"history":"[{\"筆ポリゴンID\":\"2e8b9164-ab37-48b1-bd1c-f40e07805da7\",\"更新年度\":2024,\"前年同一\":true},[{\"筆ポリゴンID\":\"095ef338-ba91-4102-af8a-e5c97634a18e\",\"更新年度\":2023,\"前年同一\":true},[{\"筆ポリゴンID\":\"6d1f2f8c-8f74-4d34-9822-d5cd40dd91f1\",\"更新年度\":2022,\"前年同一\":true},[{\"筆ポリゴンID\":\"09248d4c-360d-42e5-877a-64586b79f3a7\",\"更新年度\":2021,\"前年同一\":true},{\"筆ポリゴンID\":\"09248d4c-360d-42e5-877a-64586b79f3a7\",\"発生年度\":2020}]]]]","last_polygon_uuid":"2e8b9164-ab37-48b1-bd1c-f40e07805da7","prev_last_polygon_uuid":"095ef338-ba91-4102-af8a-e5c97634a18e","local_government_cd":"016080","point_lng":142.944554737,"point_lat":42.176528868}},{"arcs":[[121]],"type":"Polygon","properties":{"polygon_uuid":"2a230f15-4007-4bad-aa2a-130eaa87a905","land_type":200,"issue_year":2025,"edit_year":2020,"history":"[{\"筆ポリゴンID\":\"24acfd24-313c-412c-a05d-a36bedba0410\",\"更新年度\":2024,\"前年同一\":true},[{\"筆ポリゴンID\":\"77714ecb-e3ff-4265-94ab-3dac2b1a85bf\",\"更新年度\":2023,\"前年同一\":true},[{\"筆ポリゴンID\":\"1ae54716-b3b3-4333-b9f8-c657006d72f6\",\"更新年度\":2022,\"前年同一\":true},[{\"筆ポリゴンID\":\"78004a19-7723-4612-998a-796e4b6faa17\",\"更新年度\":2021,\"前年同一\":true},{\"筆ポリゴンID\":\"78004a19-7723-4612-998a-796e4b6faa17\",\"発生年度\":2020}]]]]","last_polygon_uuid":"24acfd24-313c-412c-a05d-a36bedba0410","prev_last_polygon_uuid":"77714ecb-e3ff-4265-94ab-3dac2b1a85bf","local_government_cd":"016080","point_lng":142.946187533,"point_lat":42.177893372}},{"arcs":[[122,123]],"type":"Polygon","properties":{"polygon_uuid":"2d767457-c16a-46c9-8656-4141931d3806","land_type":200,"issue_year":2025,"edit_year":2020,"history":"[{\"筆ポリゴンID\":\"f704f041-2198-4358-a00a-25eaffbdcaa1\",\"更新年度\":2024,\"前年同一\":true},[{\"筆ポリゴンID\":\"b1e5a8e5-d7d6-469f-b095-47afbde6540b\",\"更新年度\":2023,\"前年同一\":true},[{\"筆ポリゴンID\":\"a38efa57-9e7d-46d5-9472-fd041540f5a4\",\"更新年度\":2022,\"前年同一\":true},[{\"筆ポリゴンID\":\"f9fc0dc3-66c0-4e9e-a0a2-21a97d3df85e\",\"更新年度\":2021,\"前年同一\":true},{\"筆ポリゴンID\":\"f9fc0dc3-66c0-4e9e-a0a2-21a97d3df85e\",\"発生年度\":2020}]]]]","last_polygon_uuid":"f704f041-2198-4358-a00a-25eaffbdcaa1","prev_last_polygon_uuid":"b1e5a8e5-d7d6-469f-b095-47afbde6540b","local_government_cd":"016080","point_lng":142.940153013,"point_lat":42.17785486}},{"arcs":[[124]],"type":"Polygon","properties":{"polygon_uuid":"5635bf4e-4b62-4dd8-a112-46a1836b36ec","land_type":200,"issue_year":2025,"edit_year":2020,"history":"[{\"筆ポリゴンID\":\"cba8089b-4747-4d33-8166-7c9a0a03e618\",\"更新年度\":2024,\"前年同一\":true},[{\"筆ポリゴンID\":\"d9db0217-5234-46b2-b437-e620fb338d86\",\"更新年度\":2023,\"前年同一\":true},[{\"筆ポリゴンID\":\"0403a383-d923-4418-b48a-4498d31b4893\",\"更新年度\":2022,\"前年同一\":true},[{\"筆ポリゴンID\":\"cdff92ee-f201-4789-a6fc-54cc9a0f7a2a\",\"更新年度\":2021,\"前年同一\":true},{\"筆ポリゴンID\":\"cdff92ee-f201-4789-a6fc-54cc9a0f7a2a\",\"発生年度\":2020}]]]]","last_polygon_uuid":"cba8089b-4747-4d33-8166-7c9a0a03e618","prev_last_polygon_uuid":"d9db0217-5234-46b2-b437-e620fb338d86","local_government_cd":"016080","point_lng":142.942671654,"point_lat":42.17804387}},{"arcs":[[125]],"type":"Polygon","properties":{"polygon_uuid":"dd7df8a2-c783-4423-a353-4ffe1052307d","land_type":200,"issue_year":2025,"edit_year":2020,"history":"[{\"筆ポリゴンID\":\"ced577dd-1947-4e80-a37c-f1f1dde87536\",\"更新年度\":2024,\"前年同一\":true},[{\"筆ポリゴンID\":\"cc6423d7-6fa3-4863-b63d-10b5558389be\",\"更新年度\":2023,\"前年同一\":true},[{\"筆ポリゴンID\":\"d86e6a76-7950-4ce9-826d-f21e3105902d\",\"更新年度\":2022,\"前年同一\":true},[{\"筆ポリゴンID\":\"15da76df-7717-4270-a744-20d5d9f77afc\",\"更新年度\":2021,\"前年同一\":true},{\"筆ポリゴンID\":\"15da76df-7717-4270-a744-20d5d9f77afc\",\"発生年度\":2020}]]]]","last_polygon_uuid":"ced577dd-1947-4e80-a37c-f1f1dde87536","prev_last_polygon_uuid":"cc6423d7-6fa3-4863-b63d-10b5558389be","local_government_cd":"016080","point_lng":142.939538445,"point_lat":42.176181308}},{"arcs":[[126]],"type":"Polygon","properties":{"polygon_uuid":"d5035ad7-f2a6-44cc-b93e-023f04ebd273","land_type":200,"issue_year":2025,"edit_year":2020,"history":"[{\"筆ポリゴンID\":\"01137df1-2320-4daf-928b-3ef372291940\",\"更新年度\":2024,\"前年同一\":true},[{\"筆ポリゴンID\":\"5ab3b13b-d981-49d0-b579-933382f7e51a\",\"更新年度\":2023,\"前年同一\":true},[{\"筆ポリゴンID\":\"96b8b520-e4d8-4e7f-8248-b1a1dfa339b8\",\"更新年度\":2022,\"前年同一\":true},[{\"筆ポリゴンID\":\"ec8d041b-2440-48a2-a29d-cc3e8d09c46c\",\"更新年度\":2021,\"前年同一\":true},{\"筆ポリゴンID\":\"ec8d041b-2440-48a2-a29d-cc3e8d09c46c\",\"発生年度\":2020}]]]]","last_polygon_uuid":"01137df1-2320-4daf-928b-3ef372291940","prev_last_polygon_uuid":"5ab3b13b-d981-49d0-b579-933382f7e51a","local_government_cd":"016080","point_lng":142.950622267,"point_lat":42.175077106}},{"arcs":[[127]],"type":"Polygon","properties":{"polygon_uuid":"ecd72967-16d8-4a30-902e-eeb6f0ea74af","land_type":200,"issue_year":2025,"edit_year":2020,"history":"[{\"筆ポリゴンID\":\"c92b26e8-a902-4dab-802f-23a94e379afa\",\"更新年度\":2024,\"前年同一\":true},[{\"筆ポリゴンID\":\"99e0f751-a8b8-4c2c-95f9-9eddaf332039\",\"更新年度\":2023,\"前年同一\":true},[{\"筆ポリゴンID\":\"07f7ff41-cafe-4655-8062-55c5be9c8c2c\",\"更新年度\":2022,\"前年同一\":true},[{\"筆ポリゴンID\":\"ea56acd1-bb40-4c79-996f-853f097d237a\",\"更新年度\":2021,\"前年同一\":true},{\"筆ポリゴンID\":\"ea56acd1-bb40-4c79-996f-853f097d237a\",\"発生年度\":2020}]]]]","last_polygon_uuid":"c92b26e8-a902-4dab-802f-23a94e379afa","prev_last_polygon_uuid":"99e0f751-a8b8-4c2c-95f9-9eddaf332039","local_government_cd":"016080","point_lng":142.947776004,"point_lat":42.175799446}},{"arcs":[[128,129]],"type":"Polygon","properties":{"polygon_uuid":"dd54bca3-dfed-4cc9-95f4-05e2c1bf7d77","land_type":200,"issue_year":2025,"edit_year":2020,"history":"[{\"筆ポリゴンID\":\"5401ee3c-4336-4a7e-93e4-aa5e15924d99\",\"更新年度\":2024,\"前年同一\":true},[{\"筆ポリゴンID\":\"69658c08-7de4-40fb-bcfe-fe6ff7cf7493\",\"更新年度\":2023,\"前年同一\":true},[{\"筆ポリゴンID\":\"1819a798-f23d-4014-b095-1b8ce24db198\",\"更新年度\":2022,\"前年同一\":true},[{\"筆ポリゴンID\":\"6004b699-b13c-42a1-8f49-28af6b5e7253\",\"更新年度\":2021,\"前年同一\":true},{\"筆ポリゴンID\":\"6004b699-b13c-42a1-8f49-28af6b5e7253\",\"発生年度\":2020}]]]]","last_polygon_uuid":"5401ee3c-4336-4a7e-93e4-aa5e15924d99","prev_last_polygon_uuid":"69658c08-7de4-40fb-bcfe-fe6ff7cf7493","local_government_cd":"016080","point_lng":142.940682127,"point_lat":42.180977047}},{"arcs":[[130]],"type":"Polygon","properties":{"polygon_uuid":"5b36c20c-d0f9-48cb-8e9f-d113d508e419","land_type":200,"issue_year":2025,"edit_year":2020,"history":"[{\"筆ポリゴンID\":\"281d7b6a-b85e-438e-ad72-0100d2b4b9fd\",\"更新年度\":2024,\"前年同一\":true},[{\"筆ポリゴンID\":\"441c4af7-c819-46c3-b4ad-3eac9bc4fae9\",\"更新年度\":2023,\"前年同一\":true},[{\"筆ポリゴンID\":\"ae1f9df1-3b3c-4c58-afe8-0a964d50dbe9\",\"更新年度\":2022,\"前年同一\":true},[{\"筆ポリゴンID\":\"c6f27c45-8bbf-4be2-a0e9-cb4ca68e0faf\",\"更新年度\":2021,\"前年同一\":true},{\"筆ポリゴンID\":\"c6f27c45-8bbf-4be2-a0e9-cb4ca68e0faf\",\"発生年度\":2020}]]]]","last_polygon_uuid":"281d7b6a-b85e-438e-ad72-0100d2b4b9fd","prev_last_polygon_uuid":"441c4af7-c819-46c3-b4ad-3eac9bc4fae9","local_government_cd":"016080","point_lng":142.947685219,"point_lat":42.179529494}},{"arcs":[[131,-129]],"type":"Polygon","properties":{"polygon_uuid":"16b69ae0-4de7-4a7c-a8c7-db45a8c764a3","land_type":200,"issue_year":2025,"edit_year":2020,"history":"[{\"筆ポリゴンID\":\"5ac16de7-7dce-47e2-8136-cb4228f25472\",\"更新年度\":2024,\"前年同一\":true},[{\"筆ポリゴンID\":\"54f542c2-41c8-4dc7-8ae0-309b3a8dc8e4\",\"更新年度\":2023,\"前年同一\":true},[{\"筆ポリゴンID\":\"4ed9cc4a-dda1-4a67-abfa-b3523ad2bbbc\",\"更新年度\":2022,\"前年同一\":true},[{\"筆ポリゴンID\":\"973ee28b-56c1-4dee-a41e-389ee9c0df07\",\"更新年度\":2021,\"前年同一\":true},{\"筆ポリゴンID\":\"973ee28b-56c1-4dee-a41e-389ee9c0df07\",\"発生年度\":2020}]]]]","last_polygon_uuid":"5ac16de7-7dce-47e2-8136-cb4228f25472","prev_last_polygon_uuid":"54f542c2-41c8-4dc7-8ae0-309b3a8dc8e4","local_government_cd":"016080","point_lng":142.941441267,"point_lat":42.180999923}},{"arcs":[[-124,132]],"type":"Polygon","properties":{"polygon_uuid":"4815e053-216f-4f94-8cff-548bd398c7c6","land_type":200,"issue_year":2025,"edit_year":2020,"history":"[{\"筆ポリゴンID\":\"7f1f71c3-a8e3-4703-bea1-f001c04036bd\",\"更新年度\":2024,\"前年同一\":true},[{\"筆ポリゴンID\":\"7ab22ea1-0529-4718-b1e2-8500579c01b5\",\"更新年度\":2023,\"前年同一\":true},[{\"筆ポリゴンID\":\"fa67cbfc-992a-4749-a8f1-63fe89e5e5d5\",\"更新年度\":2022,\"前年同一\":true},[{\"筆ポリゴンID\":\"8c62be54-f342-4632-9c6b-e1297df06ecd\",\"更新年度\":2021,\"前年同一\":true},{\"筆ポリゴンID\":\"8c62be54-f342-4632-9c6b-e1297df06ecd\",\"発生年度\":2020}]]]]","last_polygon_uuid":"7f1f71c3-a8e3-4703-bea1-f001c04036bd","prev_last_polygon_uuid":"7ab22ea1-0529-4718-b1e2-8500579c01b5","local_government_cd":"016080","point_lng":142.939550187,"point_lat":42.179668152}},{"arcs":[[133]],"type":"Polygon","properties":{"polygon_uuid":"e153d028-addc-4af5-a911-d7d0815dc1ad","land_type":200,"issue_year":2025,"edit_year":2020,"history":"[{\"筆ポリゴンID\":\"3ec0cbf6-65eb-4ec6-9afc-1a222e4f8e25\",\"更新年度\":2024,\"前年同一\":true},[{\"筆ポリゴンID\":\"a5448f00-bcf6-4e31-9fd6-6c1c7825b34d\",\"更新年度\":2023,\"前年同一\":true},[{\"筆ポリゴンID\":\"0f16f1ed-70b2-4c4f-b19f-79996589b770\",\"更新年度\":2022,\"前年同一\":true},[{\"筆ポリゴンID\":\"b60b5eb8-6950-4a7c-85c9-a5eeacc8bc97\",\"更新年度\":2021,\"前年同一\":true},{\"筆ポリゴンID\":\"b60b5eb8-6950-4a7c-85c9-a5eeacc8bc97\",\"発生年度\":2020}]]]]","last_polygon_uuid":"3ec0cbf6-65eb-4ec6-9afc-1a222e4f8e25","prev_last_polygon_uuid":"a5448f00-bcf6-4e31-9fd6-6c1c7825b34d","local_government_cd":"016080","point_lng":143.003036078,"point_lat":42.195062726}},{"arcs":[[134]],"type":"Polygon","properties":{"polygon_uuid":"88d7d05d-6047-4f01-b1f4-af7b521400dd","land_type":200,"issue_year":2025,"edit_year":2020,"history":"[{\"筆ポリゴンID\":\"2cea70fb-10bb-41f5-8c5a-e7858dd4f98c\",\"更新年度\":2024,\"前年同一\":true},[{\"筆ポリゴンID\":\"6294c5e4-4ecd-4efb-aa46-e26fd77b7a45\",\"更新年度\":2023,\"前年同一\":true},[{\"筆ポリゴンID\":\"4ef5f856-6aff-441b-a0fc-7b3dfda2000d\",\"更新年度\":2022,\"前年同一\":true},[{\"筆ポリゴンID\":\"9cfdb72c-6c6c-4662-a272-719d7a026b39\",\"更新年度\":2021,\"前年同一\":true},{\"筆ポリゴンID\":\"9cfdb72c-6c6c-4662-a272-719d7a026b39\",\"発生年度\":2020}]]]]","last_polygon_uuid":"2cea70fb-10bb-41f5-8c5a-e7858dd4f98c","prev_last_polygon_uuid":"6294c5e4-4ecd-4efb-aa46-e26fd77b7a45","local_government_cd":"016080","point_lng":143.002837661,"point_lat":42.195806239}},{"arcs":[[135]],"type":"Polygon","properties":{"polygon_uuid":"fa2b2910-25d9-4540-9817-c91e68a933d3","land_type":200,"issue_year":2025,"edit_year":2020,"history":"[{\"筆ポリゴンID\":\"d9751f79-2b25-4ccb-917a-5210ee8e1562\",\"更新年度\":2024,\"前年同一\":true},[{\"筆ポリゴンID\":\"ad054cc3-6630-452d-81e3-2ce9f70d6e59\",\"更新年度\":2023,\"前年同一\":true},[{\"筆ポリゴンID\":\"af5cf80f-28d9-454e-8bec-8c0faca3c68f\",\"更新年度\":2022,\"前年同一\":true},[{\"筆ポリゴンID\":\"c693ce3c-e666-423f-aba2-22fd28ebd354\",\"更新年度\":2021,\"前年同一\":true},{\"筆ポリゴンID\":\"c693ce3c-e666-423f-aba2-22fd28ebd354\",\"発生年度\":2020}]]]]","last_polygon_uuid":"d9751f79-2b25-4ccb-917a-5210ee8e1562","prev_last_polygon_uuid":"ad054cc3-6630-452d-81e3-2ce9f70d6e59","local_government_cd":"016080","point_lng":142.982762748,"point_lat":42.146098276}},{"arcs":[[136]],"type":"Polygon","properties":{"polygon_uuid":"3f1c367a-a370-43d1-9a48-cd10729a2aa3","land_type":200,"issue_year":2025,"edit_year":2020,"history":"[{\"筆ポリゴンID\":\"9b8479af-2c69-4a9a-97ee-5b16dad0fe74\",\"更新年度\":2024,\"前年同一\":true},[{\"筆ポリゴンID\":\"05f2d6b2-d362-4fb9-812c-404067f1e586\",\"更新年度\":2023,\"前年同一\":true},[{\"筆ポリゴンID\":\"96f53756-bbb3-4f57-8f48-756f17b11463\",\"更新年度\":2022,\"前年同一\":true},[{\"筆ポリゴンID\":\"074c972d-3695-4d30-b728-d5f01d2561bd\",\"更新年度\":2021,\"前年同一\":true},{\"筆ポリゴンID\":\"074c972d-3695-4d30-b728-d5f01d2561bd\",\"発生年度\":2020}]]]]","last_polygon_uuid":"9b8479af-2c69-4a9a-97ee-5b16dad0fe74","prev_last_polygon_uuid":"05f2d6b2-d362-4fb9-812c-404067f1e586","local_government_cd":"016080","point_lng":143.039400987,"point_lat":42.218492359}},{"arcs":[[137]],"type":"Polygon","properties":{"polygon_uuid":"12069754-d616-4264-82eb-86712b61c71a","land_type":200,"issue_year":2025,"edit_year":2020,"history":"[{\"筆ポリゴンID\":\"d4e827de-1b90-4f6a-9bcc-acba0f942c73\",\"更新年度\":2024,\"前年同一\":true},[{\"筆ポリゴンID\":\"faac122f-56e9-4f70-bf21-4366b35db0e1\",\"更新年度\":2023,\"前年同一\":true},[{\"筆ポリゴンID\":\"e8f4fb6e-3a95-43eb-9063-c390a4e1c9ba\",\"更新年度\":2022,\"前年同一\":true},[{\"筆ポリゴンID\":\"c72c11dd-f161-47bd-bc9a-c314cd377cde\",\"更新年度\":2021,\"前年同一\":true},{\"筆ポリゴンID\":\"c72c11dd-f161-47bd-bc9a-c314cd377cde\",\"発生年度\":2020}]]]]","last_polygon_uuid":"d4e827de-1b90-4f6a-9bcc-acba0f942c73","prev_last_polygon_uuid":"faac122f-56e9-4f70-bf21-4366b35db0e1","local_government_cd":"016080","point_lng":143.016693988,"point_lat":42.21501121}},{"arcs":[[138]],"type":"Polygon","properties":{"polygon_uuid":"d7f92727-7f58-4e68-8ce4-48ad553661cd","land_type":200,"issue_year":2025,"edit_year":2020,"history":"[{\"筆ポリゴンID\":\"dd30d6b4-17f4-465d-b1fd-c76f0edabd5c\",\"更新年度\":2024,\"前年同一\":true},[{\"筆ポリゴンID\":\"d4be2dfb-779b-4f55-8548-b1c1892a9538\",\"更新年度\":2023,\"前年同一\":true},[{\"筆ポリゴンID\":\"7030d4de-927f-4a38-8927-67cd72c1183b\",\"更新年度\":2022,\"前年同一\":true},[{\"筆ポリゴンID\":\"aa197863-7fb1-422b-b3ee-7cc4dd34afba\",\"更新年度\":2021,\"前年同一\":true},{\"筆ポリゴンID\":\"aa197863-7fb1-422b-b3ee-7cc4dd34afba\",\"発生年度\":2020}]]]]","last_polygon_uuid":"dd30d6b4-17f4-465d-b1fd-c76f0edabd5c","prev_last_polygon_uuid":"d4be2dfb-779b-4f55-8548-b1c1892a9538","local_government_cd":"016080","point_lng":142.94916575,"point_lat":42.169721384}},{"arcs":[[139],[140],[141]],"type":"Polygon","properties":{"polygon_uuid":"1aade2bc-73e2-414f-81b8-7f3381e036d9","land_type":200,"issue_year":2025,"edit_year":2020,"history":"[{\"筆ポリゴンID\":\"7e08a40b-b7a9-43f8-b71d-9ff94984ed66\",\"更新年度\":2024,\"前年同一\":true},[{\"筆ポリゴンID\":\"1e2b7cf4-8a7f-4231-8479-5eb0d9074a48\",\"更新年度\":2023,\"前年同一\":true},[{\"筆ポリゴンID\":\"c54bf2ad-5109-46d6-904b-5f427925e2bf\",\"更新年度\":2022,\"前年同一\":true},[{\"筆ポリゴンID\":\"0106e8e6-27d7-4d1a-9fc5-70acec589258\",\"更新年度\":2021,\"前年同一\":true},{\"筆ポリゴンID\":\"0106e8e6-27d7-4d1a-9fc5-70acec589258\",\"発生年度\":2020}]]]]","last_polygon_uuid":"7e08a40b-b7a9-43f8-b71d-9ff94984ed66","prev_last_polygon_uuid":"1e2b7cf4-8a7f-4231-8479-5eb0d9074a48","local_government_cd":"016080","point_lng":143.010683742,"point_lat":42.21005655}},{"arcs":[[142]],"type":"Polygon","properties":{"polygon_uuid":"ecb9e339-4d8c-4173-8ab2-4f6cfdbfd2e8","land_type":200,"issue_year":2025,"edit_year":2020,"history":"[{\"筆ポリゴンID\":\"b685e934-f2eb-486a-81fb-3e1622819518\",\"更新年度\":2024,\"前年同一\":true},[{\"筆ポリゴンID\":\"7b636163-9b46-4260-a449-c1587136a11b\",\"更新年度\":2023,\"前年同一\":true},[{\"筆ポリゴンID\":\"73ed8bb0-1fef-4e25-8f98-398cdd3a68f4\",\"更新年度\":2022,\"前年同一\":true},[{\"筆ポリゴンID\":\"af878c86-74e6-4130-934e-7df847cba2a1\",\"更新年度\":2021,\"前年同一\":true},{\"筆ポリゴンID\":\"af878c86-74e6-4130-934e-7df847cba2a1\",\"発生年度\":2020}]]]]","last_polygon_uuid":"b685e934-f2eb-486a-81fb-3e1622819518","prev_last_polygon_uuid":"7b636163-9b46-4260-a449-c1587136a11b","local_government_cd":"016080","point_lng":142.874419103,"point_lat":42.149753658}},{"arcs":[[143]],"type":"Polygon","properties":{"polygon_uuid":"2937540d-3d18-4ee6-87fc-9570a45f92c7","land_type":200,"issue_year":2025,"edit_year":2020,"history":"[{\"筆ポリゴンID\":\"b8715f9d-2434-406e-bb8d-ba228b1044f5\",\"更新年度\":2024,\"前年同一\":true},[{\"筆ポリゴンID\":\"6a9f78e2-dfca-4788-a14b-3ef2d9411f78\",\"更新年度\":2023,\"前年同一\":true},[{\"筆ポリゴンID\":\"44e95873-d98a-4198-8d0f-3d06d9b9da30\",\"更新年度\":2022,\"前年同一\":true},[{\"筆ポリゴンID\":\"6485db32-871e-483e-b4ce-a3196eb1a80e\",\"更新年度\":2021,\"前年同一\":true},{\"筆ポリゴンID\":\"6485db32-871e-483e-b4ce-a3196eb1a80e\",\"発生年度\":2020}]]]]","last_polygon_uuid":"b8715f9d-2434-406e-bb8d-ba228b1044f5","prev_last_polygon_uuid":"6a9f78e2-dfca-4788-a14b-3ef2d9411f78","local_government_cd":"016080","point_lng":142.927628315,"point_lat":42.167989272}},{"arcs":[[144]],"type":"Polygon","properties":{"polygon_uuid":"c543ca15-1ba1-4b14-82fa-0e305020dfb3","land_type":200,"issue_year":2025,"edit_year":2020,"history":"[{\"筆ポリゴンID\":\"51c8a14e-608f-4c95-ace7-51ffcff6881a\",\"更新年度\":2024,\"前年同一\":true},[{\"筆ポリゴンID\":\"78a1fecf-028e-436d-a4eb-3f6dd0c66d92\",\"更新年度\":2023,\"前年同一\":true},[{\"筆ポリゴンID\":\"103499e8-0c0e-418c-a97a-f7b250da533e\",\"更新年度\":2022,\"前年同一\":true},[{\"筆ポリゴンID\":\"46c716ee-6cd5-4e6c-94ff-0fb21aac27a5\",\"更新年度\":2021,\"前年同一\":true},{\"筆ポリゴンID\":\"46c716ee-6cd5-4e6c-94ff-0fb21aac27a5\",\"発生年度\":2020}]]]]","last_polygon_uuid":"51c8a14e-608f-4c95-ace7-51ffcff6881a","prev_last_polygon_uuid":"78a1fecf-028e-436d-a4eb-3f6dd0c66d92","local_government_cd":"016080","point_lng":142.909824576,"point_lat":42.171487329}},{"arcs":[[145]],"type":"Polygon","properties":{"polygon_uuid":"0db7b064-a174-4493-b32c-953a7fe5bef5","land_type":200,"issue_year":2025,"edit_year":2020,"history":"[{\"筆ポリゴンID\":\"023fde8f-fd4f-4e93-a229-117d42ecf33a\",\"更新年度\":2024,\"前年同一\":true},[{\"筆ポリゴンID\":\"7c53d946-de66-4dc6-a1f0-7f84a162736c\",\"更新年度\":2023,\"前年同一\":true},[{\"筆ポリゴンID\":\"c348754a-27b1-4911-a3ed-db8a8b183e8b\",\"更新年度\":2022,\"前年同一\":true},[{\"筆ポリゴンID\":\"ebb7a5d8-dd35-4b44-b845-485d940d2077\",\"更新年度\":2021,\"前年同一\":true},{\"筆ポリゴンID\":\"ebb7a5d8-dd35-4b44-b845-485d940d2077\",\"発生年度\":2020}]]]]","last_polygon_uuid":"023fde8f-fd4f-4e93-a229-117d42ecf33a","prev_last_polygon_uuid":"7c53d946-de66-4dc6-a1f0-7f84a162736c","local_government_cd":"016080","point_lng":142.968135167,"point_lat":42.175046558}},{"arcs":[[146,-40,-66]],"type":"Polygon","properties":{"polygon_uuid":"7c515a8f-38c0-42d0-832f-acca057b14d6","land_type":200,"issue_year":2025,"edit_year":2020,"history":"[{\"筆ポリゴンID\":\"327fa390-3cdd-4972-a518-b7b3cbf8a16f\",\"更新年度\":2024,\"前年同一\":true},[{\"筆ポリゴンID\":\"c7ef7e87-3899-4c08-ba25-17ff33c9f74e\",\"更新年度\":2023,\"前年同一\":true},[{\"筆ポリゴンID\":\"f00d6c08-59e9-45cb-85cb-8b48656ace12\",\"更新年度\":2022,\"前年同一\":true},[{\"筆ポリゴンID\":\"010c92a5-6ada-4b31-b95e-3525b00b1b99\",\"更新年度\":2021,\"前年同一\":true},{\"筆ポリゴンID\":\"010c92a5-6ada-4b31-b95e-3525b00b1b99\",\"発生年度\":2020}]]]]","last_polygon_uuid":"327fa390-3cdd-4972-a518-b7b3cbf8a16f","prev_last_polygon_uuid":"c7ef7e87-3899-4c08-ba25-17ff33c9f74e","local_government_cd":"016080","point_lng":142.954429489,"point_lat":42.168649188}},{"arcs":[[147]],"type":"Polygon","properties":{"polygon_uuid":"a093909b-2c43-4a22-8b82-491506204d1d","land_type":200,"issue_year":2025,"edit_year":2020,"history":"[{\"筆ポリゴンID\":\"a0b3c2ce-5e7c-421c-97dc-9719ecf20daf\",\"更新年度\":2024,\"前年同一\":true},[{\"筆ポリゴンID\":\"19a03ba9-aded-4b50-b076-5e7016d4e692\",\"更新年度\":2023,\"前年同一\":true},[{\"筆ポリゴンID\":\"3d5191d9-06e6-4918-ad6c-fd2b86566f01\",\"更新年度\":2022,\"前年同一\":true},[{\"筆ポリゴンID\":\"07298045-65bb-476f-98d1-5726a80a083a\",\"更新年度\":2021,\"前年同一\":true},{\"筆ポリゴンID\":\"07298045-65bb-476f-98d1-5726a80a083a\",\"発生年度\":2020}]]]]","last_polygon_uuid":"a0b3c2ce-5e7c-421c-97dc-9719ecf20daf","prev_last_polygon_uuid":"19a03ba9-aded-4b50-b076-5e7016d4e692","local_government_cd":"016080","point_lng":142.985901797,"point_lat":42.114011384}},{"arcs":[[148]],"type":"Polygon","properties":{"polygon_uuid":"446f73be-5e3d-47cb-8b4b-e25c694fe9eb","land_type":200,"issue_year":2025,"edit_year":2020,"history":"[{\"筆ポリゴンID\":\"4d98d5cb-c6d0-48c2-a8c0-fa9e3ef5e8b7\",\"更新年度\":2024,\"前年同一\":true},[{\"筆ポリゴンID\":\"6806157d-9e38-43c8-870b-54514ceb1fae\",\"更新年度\":2023,\"前年同一\":true},[{\"筆ポリゴンID\":\"bad2dd2e-861a-495a-a40d-4047676da7ed\",\"更新年度\":2022,\"前年同一\":true},[{\"筆ポリゴンID\":\"7f62900f-d687-49ee-9b48-1e5fa34a26a1\",\"更新年度\":2021,\"前年同一\":true},{\"筆ポリゴンID\":\"7f62900f-d687-49ee-9b48-1e5fa34a26a1\",\"発生年度\":2020}]]]]","last_polygon_uuid":"4d98d5cb-c6d0-48c2-a8c0-fa9e3ef5e8b7","prev_last_polygon_uuid":"6806157d-9e38-43c8-870b-54514ceb1fae","local_government_cd":"016080","point_lng":142.965944751,"point_lat":42.172996961}},{"arcs":[[149]],"type":"Polygon","properties":{"polygon_uuid":"9ca2b30f-bfc5-47bf-865b-3a23357b6502","land_type":200,"issue_year":2025,"edit_year":2020,"history":"[{\"筆ポリゴンID\":\"7f05b5e5-2eb8-4fec-9275-910072151c15\",\"更新年度\":2024,\"前年同一\":true},[{\"筆ポリゴンID\":\"51d406ea-83f1-409e-bdc5-83aabe44cab6\",\"更新年度\":2023,\"前年同一\":true},[{\"筆ポリゴンID\":\"8862c119-ffa1-4767-a3d1-98bd72557dc1\",\"更新年度\":2022,\"前年同一\":true},[{\"筆ポリゴンID\":\"5a89af21-1502-48a8-824a-d746547a9692\",\"更新年度\":2021,\"前年同一\":true},{\"筆ポリゴンID\":\"5a89af21-1502-48a8-824a-d746547a9692\",\"発生年度\":2020}]]]]","last_polygon_uuid":"7f05b5e5-2eb8-4fec-9275-910072151c15","prev_last_polygon_uuid":"51d406ea-83f1-409e-bdc5-83aabe44cab6","local_government_cd":"016080","point_lng":142.965747711,"point_lat":42.132676358}},{"arcs":[[150,151]],"type":"Polygon","properties":{"polygon_uuid":"406fa208-14ea-4497-a943-150c8f9c7c37","land_type":200,"issue_year":2025,"edit_year":2020,"history":"[{\"筆ポリゴンID\":\"418ae604-ecd3-4685-ad64-efcecc32518a\",\"更新年度\":2024,\"前年同一\":true},[{\"筆ポリゴンID\":\"92636ac2-87d4-4e8f-8729-c7ca8230fa4f\",\"更新年度\":2023,\"前年同一\":true},[{\"筆ポリゴンID\":\"3a867111-6c64-469e-839b-cb5163226da3\",\"更新年度\":2022,\"前年同一\":true},[{\"筆ポリゴンID\":\"25eda277-cd62-42fe-92e8-2c264a757ae9\",\"更新年度\":2021,\"前年同一\":true},{\"筆ポリゴンID\":\"25eda277-cd62-42fe-92e8-2c264a757ae9\",\"発生年度\":2020}]]]]","last_polygon_uuid":"418ae604-ecd3-4685-ad64-efcecc32518a","prev_last_polygon_uuid":"92636ac2-87d4-4e8f-8729-c7ca8230fa4f","local_government_cd":"016080","point_lng":142.908511455,"point_lat":42.173023565}},{"arcs":[[152]],"type":"Polygon","properties":{"polygon_uuid":"8d3c921b-e296-4d02-85cc-56d7fbe3415c","land_type":200,"issue_year":2025,"edit_year":2020,"history":"[{\"筆ポリゴンID\":\"110d9677-7efa-4dcc-97e5-9dfe1d1ec748\",\"更新年度\":2024,\"前年同一\":true},[{\"筆ポリゴンID\":\"bd2d2507-a068-470b-9b14-f7b03d2a5f0f\",\"更新年度\":2023,\"前年同一\":true},[{\"筆ポリゴンID\":\"1e454690-2169-44f8-bf37-7b284c10a4ec\",\"更新年度\":2022,\"前年同一\":true},[{\"筆ポリゴンID\":\"24b6ac1c-5999-46c6-b4af-619e99fcd51b\",\"更新年度\":2021,\"前年同一\":true},{\"筆ポリゴンID\":\"24b6ac1c-5999-46c6-b4af-619e99fcd51b\",\"発生年度\":2020}]]]]","last_polygon_uuid":"110d9677-7efa-4dcc-97e5-9dfe1d1ec748","prev_last_polygon_uuid":"bd2d2507-a068-470b-9b14-f7b03d2a5f0f","local_government_cd":"016080","point_lng":142.963549173,"point_lat":42.1755594}},{"arcs":[[153]],"type":"Polygon","properties":{"polygon_uuid":"4850cce5-e8b7-4d58-84d9-9a17e37b37db","land_type":200,"issue_year":2025,"edit_year":2020,"history":"[{\"筆ポリゴンID\":\"90717be5-dbea-4443-824e-410beca3ee3e\",\"更新年度\":2024,\"前年同一\":true},[{\"筆ポリゴンID\":\"b5228049-922c-496b-9925-6b0516015948\",\"更新年度\":2023,\"前年同一\":true},[{\"筆ポリゴンID\":\"fa0cf731-7ae2-49b3-8f6c-c43dac4a1b08\",\"更新年度\":2022,\"前年同一\":true},[{\"筆ポリゴンID\":\"38443966-a14f-4b0f-815e-2023f4c478db\",\"更新年度\":2021,\"前年同一\":true},{\"筆ポリゴンID\":\"38443966-a14f-4b0f-815e-2023f4c478db\",\"発生年度\":2020}]]]]","last_polygon_uuid":"90717be5-dbea-4443-824e-410beca3ee3e","prev_last_polygon_uuid":"b5228049-922c-496b-9925-6b0516015948","local_government_cd":"016080","point_lng":142.909922027,"point_lat":42.173587656}},{"arcs":[[154]],"type":"Polygon","properties":{"polygon_uuid":"b9a76eba-a4ff-49ba-8e9e-28563472fa1d","land_type":200,"issue_year":2025,"edit_year":2020,"history":"[{\"筆ポリゴンID\":\"5ab72057-facc-4e6f-a491-5f91567ce444\",\"更新年度\":2024,\"前年同一\":true},[{\"筆ポリゴンID\":\"dd71e8a5-e464-4cd5-b948-b41a0ca012d9\",\"更新年度\":2023,\"前年同一\":true},[{\"筆ポリゴンID\":\"ea96118a-7f01-43ba-83b3-653b9750c0df\",\"更新年度\":2022,\"前年同一\":true},[{\"筆ポリゴンID\":\"3d1a752e-7c12-435c-84ae-6e7ae5605283\",\"更新年度\":2021,\"前年同一\":true},{\"筆ポリゴンID\":\"3d1a752e-7c12-435c-84ae-6e7ae5605283\",\"発生年度\":2020}]]]]","last_polygon_uuid":"5ab72057-facc-4e6f-a491-5f91567ce444","prev_last_polygon_uuid":"dd71e8a5-e464-4cd5-b948-b41a0ca012d9","local_government_cd":"016080","point_lng":142.995891905,"point_lat":42.191586829}},{"arcs":[[155]],"type":"Polygon","properties":{"polygon_uuid":"01990d4e-d0a7-44c1-baed-c98ecc6d80c7","land_type":200,"issue_year":2025,"edit_year":2020,"history":"[{\"筆ポリゴンID\":\"72daae80-36fd-45f5-825a-d5f72cf84eac\",\"更新年度\":2024,\"前年同一\":true},[{\"筆ポリゴンID\":\"aa0046b2-56b2-4b64-bf0d-2ab306b902c8\",\"更新年度\":2023,\"前年同一\":true},[{\"筆ポリゴンID\":\"7a0fcfaf-cf94-424c-a4fb-0d2293aba72f\",\"更新年度\":2022,\"前年同一\":true},[{\"筆ポリゴンID\":\"ad38a25a-e3d2-4ac5-bbc4-e4a285a049e8\",\"更新年度\":2021,\"前年同一\":true},{\"筆ポリゴンID\":\"ad38a25a-e3d2-4ac5-bbc4-e4a285a049e8\",\"発生年度\":2020}]]]]","last_polygon_uuid":"72daae80-36fd-45f5-825a-d5f72cf84eac","prev_last_polygon_uuid":"aa0046b2-56b2-4b64-bf0d-2ab306b902c8","local_government_cd":"016080","point_lng":142.91586887,"point_lat":42.169504299}},{"arcs":[[156]],"type":"Polygon","properties":{"polygon_uuid":"d30b00f9-cb34-4cb8-ad7e-39619e07d159","land_type":200,"issue_year":2025,"edit_year":2020,"history":"[{\"筆ポリゴンID\":\"ad3bc3df-487d-4ccb-a342-7f58c585e3d0\",\"更新年度\":2024,\"前年同一\":true},[{\"筆ポリゴンID\":\"b5a2512f-6678-44a7-bb9f-da2aab2fad93\",\"更新年度\":2023,\"前年同一\":true},[{\"筆ポリゴンID\":\"a60186e7-577c-49b7-a1de-f19fd87fadb3\",\"更新年度\":2022,\"前年同一\":true},[{\"筆ポリゴンID\":\"77540833-c839-47de-a49a-6fb4751844ec\",\"更新年度\":2021,\"前年同一\":true},{\"筆ポリゴンID\":\"77540833-c839-47de-a49a-6fb4751844ec\",\"発生年度\":2020}]]]]","last_polygon_uuid":"ad3bc3df-487d-4ccb-a342-7f58c585e3d0","prev_last_polygon_uuid":"b5a2512f-6678-44a7-bb9f-da2aab2fad93","local_government_cd":"016080","point_lng":142.987037434,"point_lat":42.110349147}},{"arcs":[[157]],"type":"Polygon","properties":{"polygon_uuid":"e5b54278-89fc-436f-b7c7-0b88f4257d1f","land_type":200,"issue_year":2025,"edit_year":2020,"history":"[{\"筆ポリゴンID\":\"41dfc138-ed73-47ad-9ec4-9da650d8e2e9\",\"更新年度\":2024,\"前年同一\":true},[{\"筆ポリゴンID\":\"ac19fc55-d48b-4124-adc4-2a82a5da0b7b\",\"更新年度\":2023,\"前年同一\":true},[{\"筆ポリゴンID\":\"5fd82a64-0efa-476a-97bd-256236be9eaa\",\"更新年度\":2022,\"前年同一\":true},[{\"筆ポリゴンID\":\"7ecdeb67-6852-49ff-b3ff-8a036c142c9e\",\"更新年度\":2021,\"前年同一\":true},{\"筆ポリゴンID\":\"7ecdeb67-6852-49ff-b3ff-8a036c142c9e\",\"発生年度\":2020}]]]]","last_polygon_uuid":"41dfc138-ed73-47ad-9ec4-9da650d8e2e9","prev_last_polygon_uuid":"ac19fc55-d48b-4124-adc4-2a82a5da0b7b","local_government_cd":"016080","point_lng":142.943370253,"point_lat":42.173085153}},{"arcs":[[158]],"type":"Polygon","properties":{"polygon_uuid":"2044121a-1826-4626-aec0-ceabb2fe82f7","land_type":200,"issue_year":2025,"edit_year":2020,"history":"[{\"筆ポリゴンID\":\"669e20c7-a924-4fdb-8886-e57b90751bb1\",\"更新年度\":2024,\"前年同一\":true},[{\"筆ポリゴンID\":\"96c1ac57-c708-4103-8e67-d8d377d94bd8\",\"更新年度\":2023,\"前年同一\":true},[{\"筆ポリゴンID\":\"156b3b6e-96e2-41a8-bc55-0bb65ed15b61\",\"更新年度\":2022,\"前年同一\":true},[{\"筆ポリゴンID\":\"ad042463-784a-4fca-94eb-8119be63d472\",\"更新年度\":2021,\"前年同一\":true},{\"筆ポリゴンID\":\"ad042463-784a-4fca-94eb-8119be63d472\",\"発生年度\":2020}]]]]","last_polygon_uuid":"669e20c7-a924-4fdb-8886-e57b90751bb1","prev_last_polygon_uuid":"96c1ac57-c708-4103-8e67-d8d377d94bd8","local_government_cd":"016080","point_lng":142.980439117,"point_lat":42.146421417}},{"arcs":[[159]],"type":"Polygon","properties":{"polygon_uuid":"e6fbf88d-a5bd-4eea-b0d9-771692bd8004","land_type":200,"issue_year":2025,"edit_year":2020,"history":"[{\"筆ポリゴンID\":\"11e99686-a156-475a-9679-d58d10703a65\",\"更新年度\":2024,\"前年同一\":true},[{\"筆ポリゴンID\":\"b28bf1b1-d60a-439a-921b-f6b5d1ff0123\",\"更新年度\":2023,\"前年同一\":true},[{\"筆ポリゴンID\":\"fe9598dc-b2bf-41e3-a9b3-a9affe0efc36\",\"更新年度\":2022,\"前年同一\":true},[{\"筆ポリゴンID\":\"e3ac3472-74b6-47c6-9794-a9f4da66ead7\",\"更新年度\":2021,\"前年同一\":true},{\"筆ポリゴンID\":\"e3ac3472-74b6-47c6-9794-a9f4da66ead7\",\"発生年度\":2020}]]]]","last_polygon_uuid":"11e99686-a156-475a-9679-d58d10703a65","prev_last_polygon_uuid":"b28bf1b1-d60a-439a-921b-f6b5d1ff0123","local_government_cd":"016080","point_lng":142.914255634,"point_lat":42.178323683}},{"arcs":[[160]],"type":"Polygon","properties":{"polygon_uuid":"40b0ecd8-ec9f-418d-8f75-07c389e56eb9","land_type":200,"issue_year":2025,"edit_year":2020,"history":"[{\"筆ポリゴンID\":\"b0ea7e84-6b77-47b3-a20b-e25fa10f0e6c\",\"更新年度\":2024,\"前年同一\":true},[{\"筆ポリゴンID\":\"c3c97764-a85a-4930-a6af-6bd9e8b786a0\",\"更新年度\":2023,\"前年同一\":true},[{\"筆ポリゴンID\":\"accadeb1-88db-461f-8c0e-26b47f152290\",\"更新年度\":2022,\"前年同一\":true},[{\"筆ポリゴンID\":\"94172d5c-35fc-482d-99b2-32b09cd40634\",\"更新年度\":2021,\"前年同一\":true},{\"筆ポリゴンID\":\"94172d5c-35fc-482d-99b2-32b09cd40634\",\"発生年度\":2020}]]]]","last_polygon_uuid":"b0ea7e84-6b77-47b3-a20b-e25fa10f0e6c","prev_last_polygon_uuid":"c3c97764-a85a-4930-a6af-6bd9e8b786a0","local_government_cd":"016080","point_lng":143.011885232,"point_lat":42.212031529}},{"arcs":[[161]],"type":"Polygon","properties":{"polygon_uuid":"d257a062-0e8b-4661-ac90-1be0aa143f9c","land_type":200,"issue_year":2025,"edit_year":2020,"history":"[{\"筆ポリゴンID\":\"b7d83c16-2af7-46b8-abc3-f584e34197f5\",\"更新年度\":2024,\"前年同一\":true},[{\"筆ポリゴンID\":\"519f0cd0-82b2-4b50-9217-aa81058a19d4\",\"更新年度\":2023,\"前年同一\":true},[{\"筆ポリゴンID\":\"f23ce2da-0185-47f3-a768-aee82850e0a1\",\"更新年度\":2022,\"前年同一\":true},[{\"筆ポリゴンID\":\"f649f7eb-e4df-4ecd-903f-0240541347a4\",\"更新年度\":2021,\"前年同一\":true},{\"筆ポリゴンID\":\"f649f7eb-e4df-4ecd-903f-0240541347a4\",\"発生年度\":2020}]]]]","last_polygon_uuid":"b7d83c16-2af7-46b8-abc3-f584e34197f5","prev_last_polygon_uuid":"519f0cd0-82b2-4b50-9217-aa81058a19d4","local_government_cd":"016080","point_lng":142.907827393,"point_lat":42.176890499}},{"arcs":[[162]],"type":"Polygon","properties":{"polygon_uuid":"2f771b08-faa9-4a30-be7e-33308f027c37","land_type":200,"issue_year":2025,"edit_year":2020,"history":"[{\"筆ポリゴンID\":\"19449850-a0ae-4724-86d7-c48f98dc942f\",\"更新年度\":2024,\"前年同一\":true},[{\"筆ポリゴンID\":\"0005da69-5e76-42bb-bb51-cf0530bfce02\",\"更新年度\":2023,\"前年同一\":true},[{\"筆ポリゴンID\":\"605f8af2-eed3-44f1-bd3b-f7d417847338\",\"更新年度\":2022,\"前年同一\":true},[{\"筆ポリゴンID\":\"fa67f34f-3de2-45d1-8fe5-3a44e2594c61\",\"更新年度\":2021,\"前年同一\":true},{\"筆ポリゴンID\":\"fa67f34f-3de2-45d1-8fe5-3a44e2594c61\",\"発生年度\":2020}]]]]","last_polygon_uuid":"19449850-a0ae-4724-86d7-c48f98dc942f","prev_last_polygon_uuid":"0005da69-5e76-42bb-bb51-cf0530bfce02","local_government_cd":"016080","point_lng":142.96371462,"point_lat":42.129596333}},{"arcs":[[163]],"type":"Polygon","properties":{"polygon_uuid":"79681554-c1ea-4037-83a2-5b9a097bb147","land_type":200,"issue_year":2025,"edit_year":2020,"history":"[{\"筆ポリゴンID\":\"13ddc0fe-7cb3-40d1-95e7-92e25c6ece8d\",\"更新年度\":2024,\"前年同一\":true},[{\"筆ポリゴンID\":\"9df7e3be-5608-4737-887f-8fead3420fb6\",\"更新年度\":2023,\"前年同一\":true},[{\"筆ポリゴンID\":\"a112c922-e25f-49fe-a609-8e93f4d328c8\",\"更新年度\":2022,\"前年同一\":true},[{\"筆ポリゴンID\":\"8a09041e-2e8d-43c0-bc73-1d1e00d26c57\",\"更新年度\":2021,\"前年同一\":true},{\"筆ポリゴンID\":\"8a09041e-2e8d-43c0-bc73-1d1e00d26c57\",\"発生年度\":2020}]]]]","last_polygon_uuid":"13ddc0fe-7cb3-40d1-95e7-92e25c6ece8d","prev_last_polygon_uuid":"9df7e3be-5608-4737-887f-8fead3420fb6","local_government_cd":"016080","point_lng":142.908811807,"point_lat":42.172181915}},{"arcs":[[164]],"type":"Polygon","properties":{"polygon_uuid":"361c24e9-2c52-4ac0-b0bf-c87f5c89d2a5","land_type":200,"issue_year":2025,"edit_year":2020,"history":"[{\"筆ポリゴンID\":\"18278516-afb4-4b47-829c-10c4bda55e0a\",\"更新年度\":2024,\"前年同一\":true},[{\"筆ポリゴンID\":\"c5cff3e7-5335-4ae0-b1f6-15bcaa14bf1c\",\"更新年度\":2023,\"前年同一\":true},[{\"筆ポリゴンID\":\"187bdca3-7cb7-46b1-a1c0-a169c632ab8b\",\"更新年度\":2022,\"前年同一\":true},[{\"筆ポリゴンID\":\"1cffbe2f-2eb0-4e2d-be6a-fc5b0f38e1a8\",\"更新年度\":2021,\"前年同一\":true},{\"筆ポリゴンID\":\"1cffbe2f-2eb0-4e2d-be6a-fc5b0f38e1a8\",\"発生年度\":2020}]]]]","last_polygon_uuid":"18278516-afb4-4b47-829c-10c4bda55e0a","prev_last_polygon_uuid":"c5cff3e7-5335-4ae0-b1f6-15bcaa14bf1c","local_government_cd":"016080","point_lng":142.964386817,"point_lat":42.128558264}},{"arcs":[[-59,165,166,-42,167]],"type":"Polygon","properties":{"polygon_uuid":"829a10b1-5a6c-4576-83ea-a381925f0213","land_type":200,"issue_year":2025,"edit_year":2020,"history":"[{\"筆ポリゴンID\":\"6845fd2e-4257-4753-a9b6-473b11315dfa\",\"更新年度\":2024,\"前年同一\":true},[{\"筆ポリゴンID\":\"4654c09a-0695-4e57-b985-45b2ba3b0211\",\"更新年度\":2023,\"前年同一\":true},[{\"筆ポリゴンID\":\"23ca66b3-87b2-42cf-a2aa-687304dbb68a\",\"更新年度\":2022,\"前年同一\":true},[{\"筆ポリゴンID\":\"da0284df-93c3-4cbf-b5dc-2a2fc8d45502\",\"更新年度\":2021,\"前年同一\":true},{\"筆ポリゴンID\":\"da0284df-93c3-4cbf-b5dc-2a2fc8d45502\",\"発生年度\":2020}]]]]","last_polygon_uuid":"6845fd2e-4257-4753-a9b6-473b11315dfa","prev_last_polygon_uuid":"4654c09a-0695-4e57-b985-45b2ba3b0211","local_government_cd":"016080","point_lng":142.95553255,"point_lat":42.170064435}},{"arcs":[[168]],"type":"Polygon","properties":{"polygon_uuid":"f651fde7-c17a-4c6a-a7ce-7598da236df1","land_type":200,"issue_year":2025,"edit_year":2020,"history":"[{\"筆ポリゴンID\":\"f58092af-a606-4da7-b834-37bfd9b09f76\",\"更新年度\":2024,\"前年同一\":true},[{\"筆ポリゴンID\":\"1c9557e5-8176-4b5a-bd81-c412f57104ee\",\"更新年度\":2023,\"前年同一\":true},[{\"筆ポリゴンID\":\"5f5809c4-14ec-4fba-8367-5929a891eb91\",\"更新年度\":2022,\"前年同一\":true},[{\"筆ポリゴンID\":\"621f5694-0101-47ee-941b-29e7339bceb5\",\"更新年度\":2021,\"前年同一\":true},{\"筆ポリゴンID\":\"621f5694-0101-47ee-941b-29e7339bceb5\",\"発生年度\":2020}]]]]","last_polygon_uuid":"f58092af-a606-4da7-b834-37bfd9b09f76","prev_last_polygon_uuid":"1c9557e5-8176-4b5a-bd81-c412f57104ee","local_government_cd":"016080","point_lng":142.96495053,"point_lat":42.134247879}},{"arcs":[[169]],"type":"Polygon","properties":{"polygon_uuid":"ce91afc1-0f7e-4257-8927-0ba84e8896cc","land_type":200,"issue_year":2025,"edit_year":2020,"history":"[{\"筆ポリゴンID\":\"8b3636ac-095a-420d-a1a8-1caf9c1cbc68\",\"更新年度\":2024,\"前年同一\":true},[{\"筆ポリゴンID\":\"15ecf665-83df-474c-87b1-6b8fc6aded02\",\"更新年度\":2023,\"前年同一\":true},[{\"筆ポリゴンID\":\"634bdd28-ef9d-487c-b29b-272e4dd554b3\",\"更新年度\":2022,\"前年同一\":true},[{\"筆ポリゴンID\":\"4aa990cc-400c-46d8-bcca-c8e83d5ed917\",\"更新年度\":2021,\"前年同一\":true},{\"筆ポリゴンID\":\"4aa990cc-400c-46d8-bcca-c8e83d5ed917\",\"発生年度\":2020}]]]]","last_polygon_uuid":"8b3636ac-095a-420d-a1a8-1caf9c1cbc68","prev_last_polygon_uuid":"15ecf665-83df-474c-87b1-6b8fc6aded02","local_government_cd":"016080","point_lng":142.957263795,"point_lat":42.170315841}},{"arcs":[[170]],"type":"Polygon","properties":{"polygon_uuid":"7632b81e-5f89-48cc-8d93-00cb36feacc4","land_type":200,"issue_year":2025,"edit_year":2020,"history":"[{\"筆ポリゴンID\":\"6dbe94ed-5764-4271-b2db-0abd9ffec74d\",\"更新年度\":2024,\"前年同一\":true},[{\"筆ポリゴンID\":\"9e2ff736-98f8-4e08-99e0-1168c64d8d7d\",\"更新年度\":2023,\"前年同一\":true},[{\"筆ポリゴンID\":\"57c058b8-0743-457f-ae60-f3cd3ef2413d\",\"更新年度\":2022,\"前年同一\":true},[{\"筆ポリゴンID\":\"acb06ada-123f-4865-a1d6-460b37606263\",\"更新年度\":2021,\"前年同一\":true},{\"筆ポリゴンID\":\"acb06ada-123f-4865-a1d6-460b37606263\",\"発生年度\":2020}]]]]","last_polygon_uuid":"6dbe94ed-5764-4271-b2db-0abd9ffec74d","prev_last_polygon_uuid":"9e2ff736-98f8-4e08-99e0-1168c64d8d7d","local_government_cd":"016080","point_lng":142.964898685,"point_lat":42.135386835}},{"arcs":[[171]],"type":"Polygon","properties":{"polygon_uuid":"a46c27ed-1e3e-4bca-b069-cb0f580bb73b","land_type":200,"issue_year":2025,"edit_year":2020,"history":"[{\"筆ポリゴンID\":\"893f1054-5501-4fb0-a5e1-8905ec6fe7bf\",\"更新年度\":2024,\"前年同一\":true},[{\"筆ポリゴンID\":\"a5daddcc-027e-410f-9f3b-fec57ae0d997\",\"更新年度\":2023,\"前年同一\":true},[{\"筆ポリゴンID\":\"6d1bbac6-1fab-4bb8-a7bd-6082e43b69fc\",\"更新年度\":2022,\"前年同一\":true},[{\"筆ポリゴンID\":\"22d94db6-3525-41e8-a882-a6765efb35e5\",\"更新年度\":2021,\"前年同一\":true},{\"筆ポリゴンID\":\"22d94db6-3525-41e8-a882-a6765efb35e5\",\"発生年度\":2020}]]]]","last_polygon_uuid":"893f1054-5501-4fb0-a5e1-8905ec6fe7bf","prev_last_polygon_uuid":"a5daddcc-027e-410f-9f3b-fec57ae0d997","local_government_cd":"016080","point_lng":142.902235325,"point_lat":42.180323135}},{"arcs":[[172,173]],"type":"Polygon","properties":{"polygon_uuid":"20e7763f-ca47-417d-97d2-4b9ebe290f3b","land_type":200,"issue_year":2025,"edit_year":2020,"history":"[{\"筆ポリゴンID\":\"c2d1ef01-b5fb-407e-b2ab-3ecfa2cf8129\",\"更新年度\":2024,\"前年同一\":true},[{\"筆ポリゴンID\":\"292d35df-e109-46dc-8fed-f35d1a63749f\",\"更新年度\":2023,\"前年同一\":true},[{\"筆ポリゴンID\":\"e30e17bb-05d4-4564-9ed3-012a0e11e410\",\"更新年度\":2022,\"前年同一\":true},[{\"筆ポリゴンID\":\"c00323e3-277d-4ceb-ae9b-d9cf6f636c28\",\"更新年度\":2021,\"前年同一\":true},{\"筆ポリゴンID\":\"c00323e3-277d-4ceb-ae9b-d9cf6f636c28\",\"発生年度\":2020}]]]]","last_polygon_uuid":"c2d1ef01-b5fb-407e-b2ab-3ecfa2cf8129","prev_last_polygon_uuid":"292d35df-e109-46dc-8fed-f35d1a63749f","local_government_cd":"016080","point_lng":142.990484527,"point_lat":42.114207986}},{"arcs":[[174]],"type":"Polygon","properties":{"polygon_uuid":"9ccc912f-b901-4487-a9b3-34719f0b811d","land_type":200,"issue_year":2025,"edit_year":2020,"history":"[{\"筆ポリゴンID\":\"1ec686f8-8ad3-4b41-b6f7-af94c9615ca0\",\"更新年度\":2024,\"前年同一\":true},[{\"筆ポリゴンID\":\"189144d5-3897-47db-87e4-ef149e8a956f\",\"更新年度\":2023,\"前年同一\":true},[{\"筆ポリゴンID\":\"4299ebde-3c3e-473c-8f37-e6734a918b2e\",\"更新年度\":2022,\"前年同一\":true},[{\"筆ポリゴンID\":\"a82d61b4-551d-4fd5-aacd-03e2f4a44019\",\"更新年度\":2021,\"前年同一\":true},{\"筆ポリゴンID\":\"a82d61b4-551d-4fd5-aacd-03e2f4a44019\",\"発生年度\":2020}]]]]","last_polygon_uuid":"1ec686f8-8ad3-4b41-b6f7-af94c9615ca0","prev_last_polygon_uuid":"189144d5-3897-47db-87e4-ef149e8a956f","local_government_cd":"016080","point_lng":142.962659645,"point_lat":42.17531202}},{"arcs":[[175]],"type":"Polygon","properties":{"polygon_uuid":"0e021e85-a7c2-420e-ba08-2d9657f83434","land_type":200,"issue_year":2025,"edit_year":2020,"history":"[{\"筆ポリゴンID\":\"b18b7532-39dd-426d-9fba-b8d3d9c59837\",\"更新年度\":2024,\"前年同一\":true},[{\"筆ポリゴンID\":\"b997ad6b-5770-4f48-8d89-e7905b3ffe69\",\"更新年度\":2023,\"前年同一\":true},[{\"筆ポリゴンID\":\"16e98cf0-40b9-4553-84ca-78152579c17b\",\"更新年度\":2022,\"前年同一\":true},[{\"筆ポリゴンID\":\"de10252a-ac88-4c13-a437-e5c47f01074b\",\"更新年度\":2021,\"前年同一\":true},{\"筆ポリゴンID\":\"de10252a-ac88-4c13-a437-e5c47f01074b\",\"発生年度\":2020}]]]]","last_polygon_uuid":"b18b7532-39dd-426d-9fba-b8d3d9c59837","prev_last_polygon_uuid":"b997ad6b-5770-4f48-8d89-e7905b3ffe69","local_government_cd":"016080","point_lng":142.961809193,"point_lat":42.175650715}},{"arcs":[[176]],"type":"Polygon","properties":{"polygon_uuid":"3eb8d8a6-84ef-43be-9bec-d92e8c2e6377","land_type":200,"issue_year":2025,"edit_year":2020,"history":"[{\"筆ポリゴンID\":\"5744d7ea-b2f9-4388-8410-589a1f85e7e0\",\"更新年度\":2024,\"前年同一\":true},[{\"筆ポリゴンID\":\"19ab2641-894c-40eb-a0a8-9a47790be0f4\",\"更新年度\":2023,\"前年同一\":true},[{\"筆ポリゴンID\":\"cecf4bde-4527-4de8-b743-a1de67774884\",\"更新年度\":2022,\"前年同一\":true},[{\"筆ポリゴンID\":\"ac9c7360-0d5c-4b16-8e2d-f72d4f600cf1\",\"更新年度\":2021,\"前年同一\":true},{\"筆ポリゴンID\":\"ac9c7360-0d5c-4b16-8e2d-f72d4f600cf1\",\"発生年度\":2020}]]]]","last_polygon_uuid":"5744d7ea-b2f9-4388-8410-589a1f85e7e0","prev_last_polygon_uuid":"19ab2641-894c-40eb-a0a8-9a47790be0f4","local_government_cd":"016080","point_lng":142.960146841,"point_lat":42.174370022}},{"arcs":[[177]],"type":"Polygon","properties":{"polygon_uuid":"8b0a57e2-3c2e-4b7a-bff6-17e351ba496b","land_type":200,"issue_year":2025,"edit_year":2020,"history":"[{\"筆ポリゴンID\":\"5e20e221-19ce-462b-83c2-2271ecf3ba80\",\"更新年度\":2024,\"前年同一\":true},[{\"筆ポリゴンID\":\"f3c87374-9030-41c6-9286-dacd4263dc4b\",\"更新年度\":2023,\"前年同一\":true},[{\"筆ポリゴンID\":\"ed1daa9a-1bb3-4cd2-98d2-691d840945ff\",\"更新年度\":2022,\"前年同一\":true},[{\"筆ポリゴンID\":\"fa26e495-7780-46c2-9bfc-63f7f095d8fe\",\"更新年度\":2021,\"前年同一\":true},{\"筆ポリゴンID\":\"fa26e495-7780-46c2-9bfc-63f7f095d8fe\",\"発生年度\":2020}]]]]","last_polygon_uuid":"5e20e221-19ce-462b-83c2-2271ecf3ba80","prev_last_polygon_uuid":"f3c87374-9030-41c6-9286-dacd4263dc4b","local_government_cd":"016080","point_lng":142.906101878,"point_lat":42.178008567}},{"arcs":[[178]],"type":"Polygon","properties":{"polygon_uuid":"2753b520-46e0-487f-abaf-2ff5b3c532b6","land_type":200,"issue_year":2025,"edit_year":2020,"history":"[{\"筆ポリゴンID\":\"3fe8bf6f-78e3-4a10-9bb7-c0be4d5de099\",\"更新年度\":2024,\"前年同一\":true},[{\"筆ポリゴンID\":\"1539e3a6-0c68-48eb-9634-28a28722e753\",\"更新年度\":2023,\"前年同一\":true},[{\"筆ポリゴンID\":\"16dac37c-d98b-4510-bfd2-c87e54a18c8a\",\"更新年度\":2022,\"前年同一\":true},[{\"筆ポリゴンID\":\"5a96ccc9-96b2-4ded-8610-59a746fcb1b4\",\"更新年度\":2021,\"前年同一\":true},{\"筆ポリゴンID\":\"5a96ccc9-96b2-4ded-8610-59a746fcb1b4\",\"発生年度\":2020}]]]]","last_polygon_uuid":"3fe8bf6f-78e3-4a10-9bb7-c0be4d5de099","prev_last_polygon_uuid":"1539e3a6-0c68-48eb-9634-28a28722e753","local_government_cd":"016080","point_lng":142.900064478,"point_lat":42.178663369}},{"arcs":[[179,180]],"type":"Polygon","properties":{"polygon_uuid":"c7a9b88d-67ef-423b-98c7-19fd9f213f87","land_type":200,"issue_year":2025,"edit_year":2020,"history":"[{\"筆ポリゴンID\":\"57eef64b-eba4-4a5b-911d-3e6eba3652c8\",\"更新年度\":2024,\"前年同一\":true},[{\"筆ポリゴンID\":\"374b261a-e90a-4756-bdc2-d677fd213c0a\",\"更新年度\":2023,\"前年同一\":true},[{\"筆ポリゴンID\":\"70a44b99-c83f-4f3c-a95e-cb2c4aa29d06\",\"更新年度\":2022,\"前年同一\":true},[{\"筆ポリゴンID\":\"c8e20f86-adab-4a8f-b70a-25887d4fc988\",\"更新年度\":2021,\"前年同一\":true},{\"筆ポリゴンID\":\"c8e20f86-adab-4a8f-b70a-25887d4fc988\",\"発生年度\":2020}]]]]","last_polygon_uuid":"57eef64b-eba4-4a5b-911d-3e6eba3652c8","prev_last_polygon_uuid":"374b261a-e90a-4756-bdc2-d677fd213c0a","local_government_cd":"016080","point_lng":142.8751314,"point_lat":42.150588787}},{"arcs":[[181]],"type":"Polygon","properties":{"polygon_uuid":"22d26d0a-f4cc-4c96-83a5-97ae7492e35b","land_type":200,"issue_year":2025,"edit_year":2020,"history":"[{\"筆ポリゴンID\":\"4b5ba3e9-55aa-4424-ac04-dae42485dd71\",\"更新年度\":2024,\"前年同一\":true},[{\"筆ポリゴンID\":\"1a60487e-8fdf-404e-9e80-48b73621bca8\",\"更新年度\":2023,\"前年同一\":true},[{\"筆ポリゴンID\":\"34732ddd-4a4f-45f3-9485-e4dd603de632\",\"更新年度\":2022,\"前年同一\":true},[{\"筆ポリゴンID\":\"6de0b2aa-93ab-4545-ba53-f94166d0b5c5\",\"更新年度\":2021,\"前年同一\":true},{\"筆ポリゴンID\":\"6de0b2aa-93ab-4545-ba53-f94166d0b5c5\",\"発生年度\":2020}]]]]","last_polygon_uuid":"4b5ba3e9-55aa-4424-ac04-dae42485dd71","prev_last_polygon_uuid":"1a60487e-8fdf-404e-9e80-48b73621bca8","local_government_cd":"016080","point_lng":142.920398494,"point_lat":42.182144118}},{"arcs":[[182]],"type":"Polygon","properties":{"polygon_uuid":"b6bf5064-12ed-40d9-bdea-3f28e4c6b9c0","land_type":200,"issue_year":2025,"edit_year":2020,"history":"[{\"筆ポリゴンID\":\"5df62fd4-5487-4f18-b220-548183d258c5\",\"更新年度\":2024,\"前年同一\":true},[{\"筆ポリゴンID\":\"bbc7ef61-18a3-4a54-bf60-b8a4aa760756\",\"更新年度\":2023,\"前年同一\":true},[{\"筆ポリゴンID\":\"e9e06999-daa3-447a-932c-196b04d08bef\",\"更新年度\":2022,\"前年同一\":true},[{\"筆ポリゴンID\":\"ea046a20-926c-42b4-93d1-ab099292271f\",\"更新年度\":2021,\"前年同一\":true},{\"筆ポリゴンID\":\"ea046a20-926c-42b4-93d1-ab099292271f\",\"発生年度\":2020}]]]]","last_polygon_uuid":"5df62fd4-5487-4f18-b220-548183d258c5","prev_last_polygon_uuid":"bbc7ef61-18a3-4a54-bf60-b8a4aa760756","local_government_cd":"016080","point_lng":143.007951127,"point_lat":42.200272671}},{"arcs":[[183]],"type":"Polygon","properties":{"polygon_uuid":"7ea1b2ed-579a-45e1-b7a3-d0e6c9b49a7f","land_type":200,"issue_year":2025,"edit_year":2021,"history":"[{\"筆ポリゴンID\":\"022af546-7ca7-4ca4-b4cf-5f6bfd534de1\",\"更新年度\":2024,\"前年同一\":true},[{\"筆ポリゴンID\":\"1ee29bf2-ac5e-46e7-9c2f-0d5d8f7eb14f\",\"更新年度\":2023,\"前年同一\":true},[{\"筆ポリゴンID\":\"fdabec7d-75f7-487a-b6ad-e43f0bbf447d\",\"更新年度\":2022,\"前年同一\":true},[{\"筆ポリゴンID\":\"34fd68b3-f626-4729-8bc2-a3c1aa5cbc05\",\"更新年度\":2021,\"関連\":true},{\"筆ポリゴンID\":\"34fd68b3-f626-4729-8bc2-a3c1aa5cbc05\",\"発生年度\":2020}]]]]","last_polygon_uuid":"022af546-7ca7-4ca4-b4cf-5f6bfd534de1","prev_last_polygon_uuid":"1ee29bf2-ac5e-46e7-9c2f-0d5d8f7eb14f","local_government_cd":"016080","point_lng":142.985066124,"point_lat":42.193231074}},{"arcs":[[184]],"type":"Polygon","properties":{"polygon_uuid":"734b404e-a404-4fc2-b229-072ee86eb044","land_type":200,"issue_year":2025,"edit_year":2021,"history":"[{\"筆ポリゴンID\":\"13f2b670-48ee-44a8-b2e4-b82be7fe99c4\",\"更新年度\":2024,\"前年同一\":true},[{\"筆ポリゴンID\":\"5ce0bcb6-5525-4105-8506-895e47ea60ee\",\"更新年度\":2023,\"前年同一\":true},[{\"筆ポリゴンID\":\"61e41cdf-d0b3-4185-a313-6b6ccefc0adc\",\"更新年度\":2022,\"前年同一\":true},[{\"筆ポリゴンID\":\"c7c286f2-89e2-405f-b592-92086ce7a184\",\"更新年度\":2021,\"関連\":true},{\"筆ポリゴンID\":\"c7c286f2-89e2-405f-b592-92086ce7a184\",\"発生年度\":2020}]]]]","last_polygon_uuid":"13f2b670-48ee-44a8-b2e4-b82be7fe99c4","prev_last_polygon_uuid":"5ce0bcb6-5525-4105-8506-895e47ea60ee","local_government_cd":"016080","point_lng":143.011081151,"point_lat":42.214884198}},{"arcs":[[185]],"type":"Polygon","properties":{"polygon_uuid":"6e4357da-9a69-4234-9340-23a6af40971d","land_type":200,"issue_year":2025,"edit_year":2021,"history":"[{\"筆ポリゴンID\":\"43642de3-7024-4eaf-bbf4-b2ce432aa0b4\",\"更新年度\":2024,\"前年同一\":true},[{\"筆ポリゴンID\":\"05b1e84d-c94d-43bd-9e5c-6e4c0874df12\",\"更新年度\":2023,\"前年同一\":true},[{\"筆ポリゴンID\":\"b5a4e3d6-87d5-4e5d-9a25-251a133a86e7\",\"更新年度\":2022,\"前年同一\":true},[{\"筆ポリゴンID\":\"4d16e7f5-6ce0-415e-9ce7-55262d9f1341\",\"更新年度\":2021,\"関連\":true},{\"筆ポリゴンID\":\"4d16e7f5-6ce0-415e-9ce7-55262d9f1341\",\"発生年度\":2020}]]]]","last_polygon_uuid":"43642de3-7024-4eaf-bbf4-b2ce432aa0b4","prev_last_polygon_uuid":"05b1e84d-c94d-43bd-9e5c-6e4c0874df12","local_government_cd":"016080","point_lng":142.953412037,"point_lat":42.174733954}},{"arcs":[[-52,186]],"type":"Polygon","properties":{"polygon_uuid":"b554c049-dbb7-4693-8240-0c9f58cfa9f5","land_type":200,"issue_year":2025,"edit_year":2021,"history":"[{\"筆ポリゴンID\":\"3b6e6cbc-d560-4db8-9a2c-39d349354220\",\"更新年度\":2024,\"前年同一\":true},[{\"筆ポリゴンID\":\"36878b11-6905-433c-9e58-c815d3bd05b8\",\"更新年度\":2023,\"前年同一\":true},[{\"筆ポリゴンID\":\"19698873-34d8-44ef-b6a1-1c2b78b37399\",\"更新年度\":2022,\"前年同一\":true},[[{\"筆ポリゴンID\":\"29dd7859-7fa1-4104-8d4d-c47de7425d56\",\"更新年度\":2021,\"関連\":true},{\"筆ポリゴンID\":\"29dd7859-7fa1-4104-8d4d-c47de7425d56\",\"発生年度\":2020}],[{\"筆ポリゴンID\":\"5fad5ace-17f3-494c-a67c-efe4c90fdb28\",\"更新年度\":2021,\"関連\":true},{\"筆ポリゴンID\":\"5fad5ace-17f3-494c-a67c-efe4c90fdb28\",\"発生年度\":2020}]]]]]","last_polygon_uuid":"3b6e6cbc-d560-4db8-9a2c-39d349354220","prev_last_polygon_uuid":"36878b11-6905-433c-9e58-c815d3bd05b8","local_government_cd":"016080","point_lng":142.960682194,"point_lat":42.176330191}},{"arcs":[[187],[188],[189]],"type":"Polygon","properties":{"polygon_uuid":"7c8a50ab-cc83-4269-8ab7-d78ef0e272b4","land_type":200,"issue_year":2025,"edit_year":2021,"history":"[{\"筆ポリゴンID\":\"304d50ff-d4f9-450a-b76c-a2dc18b76f8f\",\"更新年度\":2024,\"前年同一\":true},[{\"筆ポリゴンID\":\"43450885-0758-46c9-a639-41190a030d56\",\"更新年度\":2023,\"前年同一\":true},[{\"筆ポリゴンID\":\"c3de4825-ffa8-4ce3-91ca-113d19a4ac33\",\"更新年度\":2022,\"前年同一\":true},[{\"筆ポリゴンID\":\"a410f613-0439-4317-a030-bb614dce02eb\",\"更新年度\":2021,\"関連\":true},{\"筆ポリゴンID\":\"a410f613-0439-4317-a030-bb614dce02eb\",\"発生年度\":2020}]]]]","last_polygon_uuid":"304d50ff-d4f9-450a-b76c-a2dc18b76f8f","prev_last_polygon_uuid":"43450885-0758-46c9-a639-41190a030d56","local_government_cd":"016080","point_lng":142.944017889,"point_lat":42.169411553}},{"arcs":[[190]],"type":"Polygon","properties":{"polygon_uuid":"af4025b5-bdd3-400b-8256-5359d3985e59","land_type":200,"issue_year":2025,"edit_year":2021,"history":"[{\"筆ポリゴンID\":\"995c4cd0-c6b3-4203-b69a-9e9aff6570ba\",\"更新年度\":2024,\"前年同一\":true},[{\"筆ポリゴンID\":\"c2071431-e5b6-4286-ac2b-a4f9c5ce84a0\",\"更新年度\":2023,\"前年同一\":true},[{\"筆ポリゴンID\":\"0b6ebeb0-a3e5-405f-8f3c-f95333c74ec1\",\"更新年度\":2022,\"前年同一\":true},[{\"筆ポリゴンID\":\"5736b2bd-e3a7-46d7-947d-e10133aa2d71\",\"更新年度\":2021,\"関連\":true},{\"筆ポリゴンID\":\"5736b2bd-e3a7-46d7-947d-e10133aa2d71\",\"発生年度\":2020}]]]]","last_polygon_uuid":"995c4cd0-c6b3-4203-b69a-9e9aff6570ba","prev_last_polygon_uuid":"c2071431-e5b6-4286-ac2b-a4f9c5ce84a0","local_government_cd":"016080","point_lng":142.966783191,"point_lat":42.130269777}},{"arcs":[[191]],"type":"Polygon","properties":{"polygon_uuid":"e70e21dc-8a60-4d91-a962-c3698649167a","land_type":200,"issue_year":2025,"edit_year":2021,"history":"[{\"筆ポリゴンID\":\"5199047f-aab1-4c6c-98f8-c29c43a5294a\",\"更新年度\":2024,\"前年同一\":true},[{\"筆ポリゴンID\":\"83e35fbe-1a40-41c2-af34-92253feb9da4\",\"更新年度\":2023,\"前年同一\":true},[{\"筆ポリゴンID\":\"2f274950-9ab5-4159-bb97-a7d339a5f503\",\"更新年度\":2022,\"前年同一\":true},[{\"筆ポリゴンID\":\"dc572156-5b0c-4c7e-96de-cbaa558dae26\",\"更新年度\":2021,\"関連\":true},{\"筆ポリゴンID\":\"dc572156-5b0c-4c7e-96de-cbaa558dae26\",\"発生年度\":2020}]]]]","last_polygon_uuid":"5199047f-aab1-4c6c-98f8-c29c43a5294a","prev_last_polygon_uuid":"83e35fbe-1a40-41c2-af34-92253feb9da4","local_government_cd":"016080","point_lng":143.067242222,"point_lat":42.064601442}},{"arcs":[[192,193],[194]],"type":"Polygon","properties":{"polygon_uuid":"6b412140-de80-4224-8cc9-7a4fd046ea22","land_type":200,"issue_year":2025,"edit_year":2021,"history":"[{\"筆ポリゴンID\":\"34305abe-da02-41bb-accf-c9015eefc3d4\",\"更新年度\":2024,\"前年同一\":true},[{\"筆ポリゴンID\":\"dd382b2b-5e14-4038-97b2-c3f9d1bf55a4\",\"更新年度\":2023,\"前年同一\":true},[{\"筆ポリゴンID\":\"4aaf3d58-5a06-4308-ba6f-c852075fcd4b\",\"更新年度\":2022,\"前年同一\":true},[{\"筆ポリゴンID\":\"d9fe9f9c-e804-4ecc-ba2b-3bd119e3ffd2\",\"更新年度\":2021,\"関連\":true},{\"筆ポリゴンID\":\"d9fe9f9c-e804-4ecc-ba2b-3bd119e3ffd2\",\"発生年度\":2020}]]]]","last_polygon_uuid":"34305abe-da02-41bb-accf-c9015eefc3d4","prev_last_polygon_uuid":"dd382b2b-5e14-4038-97b2-c3f9d1bf55a4","local_government_cd":"016080","point_lng":142.986773697,"point_lat":42.113442293}},{"arcs":[[-193,195,196,197]],"type":"Polygon","properties":{"polygon_uuid":"268015a6-a7c1-4e72-a4e6-93e3f8ec956f","land_type":200,"issue_year":2025,"edit_year":2021,"history":"[{\"筆ポリゴンID\":\"a343e1aa-03a9-4c5a-8801-08e98aab33ce\",\"更新年度\":2024,\"前年同一\":true},[{\"筆ポリゴンID\":\"09023033-0fee-46f5-a1b0-880badf1cbbf\",\"更新年度\":2023,\"前年同一\":true},[{\"筆ポリゴンID\":\"3012e62f-6134-468b-b95c-dfbbf634b6c3\",\"更新年度\":2022,\"前年同一\":true},[{\"筆ポリゴンID\":\"cff94ebe-f63b-4c9d-a5c7-3e6bc273b7ca\",\"更新年度\":2021,\"関連\":true},{\"筆ポリゴンID\":\"cff94ebe-f63b-4c9d-a5c7-3e6bc273b7ca\",\"発生年度\":2020}]]]]","last_polygon_uuid":"a343e1aa-03a9-4c5a-8801-08e98aab33ce","prev_last_polygon_uuid":"09023033-0fee-46f5-a1b0-880badf1cbbf","local_government_cd":"016080","point_lng":142.984977244,"point_lat":42.11208698}},{"arcs":[[198]],"type":"Polygon","properties":{"polygon_uuid":"1e31ada2-d9fb-4343-b28c-70e68452c730","land_type":200,"issue_year":2025,"edit_year":2021,"history":"[{\"筆ポリゴンID\":\"a9e80adb-68ad-4b40-8cf1-94d99e679fac\",\"更新年度\":2024,\"前年同一\":true},[{\"筆ポリゴンID\":\"496a9e17-25b7-423c-b5f1-2933594ce8e0\",\"更新年度\":2023,\"前年同一\":true},[{\"筆ポリゴンID\":\"9437f2a3-75d7-4322-8268-05171c919643\",\"更新年度\":2022,\"前年同一\":true},[{\"筆ポリゴンID\":\"10933257-2c55-4804-8f0e-58a8238cc981\",\"更新年度\":2021,\"関連\":true},{\"筆ポリゴンID\":\"10933257-2c55-4804-8f0e-58a8238cc981\",\"発生年度\":2020}]]]]","last_polygon_uuid":"a9e80adb-68ad-4b40-8cf1-94d99e679fac","prev_last_polygon_uuid":"496a9e17-25b7-423c-b5f1-2933594ce8e0","local_government_cd":"016080","point_lng":143.034848064,"point_lat":42.077457556}},{"arcs":[[-26,199,-197,200,201,202]],"type":"Polygon","properties":{"polygon_uuid":"b2842105-19fa-43e3-b08c-1153f9f16eab","land_type":200,"issue_year":2025,"edit_year":2021,"history":"[{\"筆ポリゴンID\":\"401dce0c-c315-4e54-b489-6128f4c8d40c\",\"更新年度\":2024,\"前年同一\":true},[{\"筆ポリゴンID\":\"be272d4a-3b7e-42e2-b10f-bd9713daf1d9\",\"更新年度\":2023,\"前年同一\":true},[{\"筆ポリゴンID\":\"8c7320c6-13eb-405f-9e21-c62cdc4b24f1\",\"更新年度\":2022,\"前年同一\":true},[{\"筆ポリゴンID\":\"2f00f02b-513e-482c-9e21-385dacccdc49\",\"更新年度\":2021,\"関連\":true},{\"筆ポリゴンID\":\"2f00f02b-513e-482c-9e21-385dacccdc49\",\"発生年度\":2020}]]]]","last_polygon_uuid":"401dce0c-c315-4e54-b489-6128f4c8d40c","prev_last_polygon_uuid":"be272d4a-3b7e-42e2-b10f-bd9713daf1d9","local_government_cd":"016080","point_lng":142.983712437,"point_lat":42.111245404}},{"arcs":[[-174,203]],"type":"Polygon","properties":{"polygon_uuid":"dffc2eea-d77c-4e63-9e1f-ee442d0db9a4","land_type":200,"issue_year":2025,"edit_year":2021,"history":"[{\"筆ポリゴンID\":\"58447b66-cb9f-4b5e-9556-73052f560dfb\",\"更新年度\":2024,\"前年同一\":true},[{\"筆ポリゴンID\":\"f24418de-75df-4b02-b9e3-b77a5d5b5f69\",\"更新年度\":2023,\"前年同一\":true},[{\"筆ポリゴンID\":\"da163968-47b9-4fdd-852d-b513c9ffcff0\",\"更新年度\":2022,\"前年同一\":true},[{\"筆ポリゴンID\":\"3b55258c-8d83-4013-9cb1-c81d0565d156\",\"更新年度\":2021,\"関連\":true},{\"筆ポリゴンID\":\"3b55258c-8d83-4013-9cb1-c81d0565d156\",\"発生年度\":2020}]]]]","last_polygon_uuid":"58447b66-cb9f-4b5e-9556-73052f560dfb","prev_last_polygon_uuid":"f24418de-75df-4b02-b9e3-b77a5d5b5f69","local_government_cd":"016080","point_lng":142.989557969,"point_lat":42.11359042}},{"arcs":[[204]],"type":"Polygon","properties":{"polygon_uuid":"77320d7b-976e-4ed6-9e69-8b68085bbb0e","land_type":200,"issue_year":2025,"edit_year":2021,"history":"[{\"筆ポリゴンID\":\"fabb075e-c836-465d-8a84-76aaa4253925\",\"更新年度\":2024,\"前年同一\":true},[{\"筆ポリゴンID\":\"58d3ed21-b27a-47cf-99dd-a7cf6dd00116\",\"更新年度\":2023,\"前年同一\":true},[{\"筆ポリゴンID\":\"387172d4-ef9b-4cdb-9223-f9f974dc2621\",\"更新年度\":2022,\"前年同一\":true},[{\"筆ポリゴンID\":\"ecd37aa8-d0b5-47f8-bf5c-be7c1460c06f\",\"更新年度\":2021,\"関連\":true},{\"筆ポリゴンID\":\"ecd37aa8-d0b5-47f8-bf5c-be7c1460c06f\",\"発生年度\":2020}]]]]","last_polygon_uuid":"fabb075e-c836-465d-8a84-76aaa4253925","prev_last_polygon_uuid":"58d3ed21-b27a-47cf-99dd-a7cf6dd00116","local_government_cd":"016080","point_lng":143.034463325,"point_lat":42.076920148}},{"arcs":[[205,206,207,-24],[208]],"type":"Polygon","properties":{"polygon_uuid":"ae3d5c61-21c9-4192-ac67-bc501b46f429","land_type":200,"issue_year":2025,"edit_year":2021,"history":"[{\"筆ポリゴンID\":\"b3d777fb-8f17-4c4b-81ab-028c1088e270\",\"更新年度\":2024,\"前年同一\":true},[{\"筆ポリゴンID\":\"a6ba961f-04e5-474c-82d8-c8e93e8613a1\",\"更新年度\":2023,\"前年同一\":true},[{\"筆ポリゴンID\":\"069ec549-97ca-40da-bc58-48173a28d448\",\"更新年度\":2022,\"前年同一\":true},[{\"筆ポリゴンID\":\"cf7e0d40-31fb-4ca6-886b-eb2f2d5d5fa0\",\"更新年度\":2021,\"関連\":true},{\"筆ポリゴンID\":\"cf7e0d40-31fb-4ca6-886b-eb2f2d5d5fa0\",\"発生年度\":2020}]]]]","last_polygon_uuid":"b3d777fb-8f17-4c4b-81ab-028c1088e270","prev_last_polygon_uuid":"a6ba961f-04e5-474c-82d8-c8e93e8613a1","local_government_cd":"016080","point_lng":142.981443005,"point_lat":42.109608446}},{"arcs":[[209,210]],"type":"Polygon","properties":{"polygon_uuid":"81ac7861-4c4b-4c0b-a499-363aef689f1c","land_type":200,"issue_year":2025,"edit_year":2021,"history":"[{\"筆ポリゴンID\":\"1efd718b-6e04-4152-9bf8-c1e2429bfc4e\",\"更新年度\":2024,\"前年同一\":true},[{\"筆ポリゴンID\":\"2b59824b-7d56-4f5e-b454-203c461fb712\",\"更新年度\":2023,\"前年同一\":true},[{\"筆ポリゴンID\":\"223ff5dd-1832-4386-8176-9bd527b5a46b\",\"更新年度\":2022,\"前年同一\":true},[{\"筆ポリゴンID\":\"8c135249-86ce-449f-b8b2-f3fc1757416d\",\"更新年度\":2021,\"関連\":true},{\"筆ポリゴンID\":\"8c135249-86ce-449f-b8b2-f3fc1757416d\",\"発生年度\":2020}]]]]","last_polygon_uuid":"1efd718b-6e04-4152-9bf8-c1e2429bfc4e","prev_last_polygon_uuid":"2b59824b-7d56-4f5e-b454-203c461fb712","local_government_cd":"016080","point_lng":142.983573993,"point_lat":42.146688734}},{"arcs":[[211]],"type":"Polygon","properties":{"polygon_uuid":"7e3a830c-42be-4cf8-a88d-a77fe6b4fbd6","land_type":200,"issue_year":2025,"edit_year":2021,"history":"[{\"筆ポリゴンID\":\"28605193-bec4-4b3e-b77e-1166ba15c96b\",\"更新年度\":2024,\"前年同一\":true},[{\"筆ポリゴンID\":\"4a953f64-6c5a-4cdc-9230-eecbeffdac64\",\"更新年度\":2023,\"前年同一\":true},[{\"筆ポリゴンID\":\"44f43905-6696-44f4-9ea0-ac487d098b87\",\"更新年度\":2022,\"前年同一\":true},[{\"筆ポリゴンID\":\"5ed5a523-cda9-411a-93ff-15733f07c597\",\"更新年度\":2021,\"関連\":true},{\"筆ポリゴンID\":\"5ed5a523-cda9-411a-93ff-15733f07c597\",\"発生年度\":2020}]]]]","last_polygon_uuid":"28605193-bec4-4b3e-b77e-1166ba15c96b","prev_last_polygon_uuid":"4a953f64-6c5a-4cdc-9230-eecbeffdac64","local_government_cd":"016080","point_lng":142.997908309,"point_lat":42.193704819}},{"arcs":[[212]],"type":"Polygon","properties":{"polygon_uuid":"15cdb151-1789-49d6-b289-bd6e1b8b376c","land_type":200,"issue_year":2025,"edit_year":2021,"history":"[{\"筆ポリゴンID\":\"3dd3c1b2-d17f-43b4-aa99-429b281d4503\",\"更新年度\":2024,\"前年同一\":true},[{\"筆ポリゴンID\":\"277603c7-50ae-4cff-92a7-76425721982d\",\"更新年度\":2023,\"前年同一\":true},[{\"筆ポリゴンID\":\"6fe31225-e1f4-4674-93cc-a44bc2d95fe5\",\"更新年度\":2022,\"前年同一\":true},[{\"筆ポリゴンID\":\"0a30e15b-06a9-4bca-b886-8fd11c2856b1\",\"更新年度\":2021,\"関連\":true},{\"筆ポリゴンID\":\"0a30e15b-06a9-4bca-b886-8fd11c2856b1\",\"発生年度\":2020}]]]]","last_polygon_uuid":"3dd3c1b2-d17f-43b4-aa99-429b281d4503","prev_last_polygon_uuid":"277603c7-50ae-4cff-92a7-76425721982d","local_government_cd":"016080","point_lng":143.007984775,"point_lat":42.214632524}},{"arcs":[[213]],"type":"Polygon","properties":{"polygon_uuid":"63c85b16-bafd-4ba2-84e6-f64da5a99cbc","land_type":200,"issue_year":2025,"edit_year":2021,"history":"[{\"筆ポリゴンID\":\"d56cbfea-627f-4bd6-9221-1b4ae44e3adf\",\"更新年度\":2024,\"前年同一\":true},[{\"筆ポリゴンID\":\"4cd084c7-2b3d-41cd-a9e4-95077da6c1dc\",\"更新年度\":2023,\"前年同一\":true},[{\"筆ポリゴンID\":\"b61168ae-dbea-4b1a-8c07-086324da2571\",\"更新年度\":2022,\"前年同一\":true},[{\"筆ポリゴンID\":\"2888402a-6511-4ebf-b3b5-7b234f00506d\",\"更新年度\":2021,\"関連\":true},{\"筆ポリゴンID\":\"2888402a-6511-4ebf-b3b5-7b234f00506d\",\"発生年度\":2020}]]]]","last_polygon_uuid":"d56cbfea-627f-4bd6-9221-1b4ae44e3adf","prev_last_polygon_uuid":"4cd084c7-2b3d-41cd-a9e4-95077da6c1dc","local_government_cd":"016080","point_lng":143.008003933,"point_lat":42.210752801}},{"arcs":[[214]],"type":"Polygon","properties":{"polygon_uuid":"4c89741d-fa1d-482b-bcc1-e61c0f9c1c8d","land_type":200,"issue_year":2025,"edit_year":2021,"history":"[{\"筆ポリゴンID\":\"707ac34b-e0a0-4a23-89bb-25d403895fb7\",\"更新年度\":2024,\"前年同一\":true},[{\"筆ポリゴンID\":\"2334e483-daa1-41fe-9aaa-0b22aab303e7\",\"更新年度\":2023,\"前年同一\":true},[{\"筆ポリゴンID\":\"d9064cac-d615-4f54-baf5-caafa006ccb4\",\"更新年度\":2022,\"前年同一\":true},[{\"筆ポリゴンID\":\"123feb04-482a-4424-a701-8dd04f1f42ab\",\"更新年度\":2021,\"関連\":true},{\"筆ポリゴンID\":\"123feb04-482a-4424-a701-8dd04f1f42ab\",\"発生年度\":2020}]]]]","last_polygon_uuid":"707ac34b-e0a0-4a23-89bb-25d403895fb7","prev_last_polygon_uuid":"2334e483-daa1-41fe-9aaa-0b22aab303e7","local_government_cd":"016080","point_lng":143.035564968,"point_lat":42.078024808}},{"arcs":[[215]],"type":"Polygon","properties":{"polygon_uuid":"7ec5351d-e4a5-4a5e-beb2-9bf210ce9650","land_type":200,"issue_year":2025,"edit_year":2021,"history":"[{\"筆ポリゴンID\":\"519adf8c-9a13-451f-9322-148c1f283138\",\"更新年度\":2024,\"前年同一\":true},[{\"筆ポリゴンID\":\"24360964-b21b-482b-89b3-a44c04fb02c5\",\"更新年度\":2023,\"前年同一\":true},[{\"筆ポリゴンID\":\"c4a933a2-adfe-44dd-b651-76adc11ea67e\",\"更新年度\":2022,\"前年同一\":true},[{\"筆ポリゴンID\":\"02d5744f-72aa-4700-9b9b-52ab1428a129\",\"更新年度\":2021,\"関連\":true},{\"筆ポリゴンID\":\"02d5744f-72aa-4700-9b9b-52ab1428a129\",\"発生年度\":2020}]]]]","last_polygon_uuid":"519adf8c-9a13-451f-9322-148c1f283138","prev_last_polygon_uuid":"24360964-b21b-482b-89b3-a44c04fb02c5","local_government_cd":"016080","point_lng":143.006532806,"point_lat":42.199461288}},{"arcs":[[216]],"type":"Polygon","properties":{"polygon_uuid":"1485e185-1a86-4b2b-8978-0ca25beec4eb","land_type":200,"issue_year":2025,"edit_year":2021,"history":"[{\"筆ポリゴンID\":\"3c00a617-64c0-4372-b783-687ab86f6d67\",\"更新年度\":2024,\"前年同一\":true},[{\"筆ポリゴンID\":\"648160ca-90c5-49bd-8de9-7596c33b5ef8\",\"更新年度\":2023,\"前年同一\":true},[{\"筆ポリゴンID\":\"c53ddc8e-3e4a-4353-81e8-a35ca1b43a11\",\"更新年度\":2022,\"前年同一\":true},[{\"筆ポリゴンID\":\"689dcaea-ce38-4eb8-967c-94e969610f42\",\"更新年度\":2021,\"関連\":true},{\"筆ポリゴンID\":\"689dcaea-ce38-4eb8-967c-94e969610f42\",\"発生年度\":2020}]]]]","last_polygon_uuid":"3c00a617-64c0-4372-b783-687ab86f6d67","prev_last_polygon_uuid":"648160ca-90c5-49bd-8de9-7596c33b5ef8","local_government_cd":"016080","point_lng":143.0078078,"point_lat":42.198733607}},{"arcs":[[217]],"type":"Polygon","properties":{"polygon_uuid":"02c8b981-7e4a-4a1d-913d-798e00cf6129","land_type":200,"issue_year":2025,"edit_year":2020,"history":"[{\"筆ポリゴンID\":\"2e685f13-fa4a-4dc5-8a14-fc98d5fa3c78\",\"更新年度\":2024,\"前年同一\":true},[{\"筆ポリゴンID\":\"ed6d8d9d-a42c-4424-a434-b740e7896c6a\",\"更新年度\":2023,\"前年同一\":true},[{\"筆ポリゴンID\":\"2cb3de35-2eb6-4a7b-9131-5f6d26eb4173\",\"更新年度\":2022,\"前年同一\":true},[{\"筆ポリゴンID\":\"eaa1aa28-1d36-4da7-911b-2ed8606d90be\",\"更新年度\":2021,\"前年同一\":true},{\"筆ポリゴンID\":\"eaa1aa28-1d36-4da7-911b-2ed8606d90be\",\"発生年度\":2020}]]]]","last_polygon_uuid":"2e685f13-fa4a-4dc5-8a14-fc98d5fa3c78","prev_last_polygon_uuid":"ed6d8d9d-a42c-4424-a434-b740e7896c6a","local_government_cd":"016080","point_lng":143.002580504,"point_lat":42.217029027}},{"arcs":[[218,-37]],"type":"Polygon","properties":{"polygon_uuid":"877d497d-1cb5-4713-bba5-53d6a24b0736","land_type":200,"issue_year":2025,"edit_year":2020,"history":"[{\"筆ポリゴンID\":\"1e82b9d2-fcd5-480b-bf7c-379ef44bad06\",\"更新年度\":2024,\"前年同一\":true},[{\"筆ポリゴンID\":\"8cf2fdf3-8db3-4227-8b9f-64c6ef2200ad\",\"更新年度\":2023,\"前年同一\":true},[{\"筆ポリゴンID\":\"73790055-5b37-4ccc-b3c2-92c526242e05\",\"更新年度\":2022,\"前年同一\":true},[{\"筆ポリゴンID\":\"c6456c4a-d19f-4494-8c7d-d4e3859d8703\",\"更新年度\":2021,\"前年同一\":true},{\"筆ポリゴンID\":\"c6456c4a-d19f-4494-8c7d-d4e3859d8703\",\"発生年度\":2020}]]]]","last_polygon_uuid":"1e82b9d2-fcd5-480b-bf7c-379ef44bad06","prev_last_polygon_uuid":"8cf2fdf3-8db3-4227-8b9f-64c6ef2200ad","local_government_cd":"016080","point_lng":142.956508243,"point_lat":42.16928612}},{"arcs":[[219]],"type":"Polygon","properties":{"polygon_uuid":"30eb2319-cefd-415d-96e9-121e8831ef5a","land_type":200,"issue_year":2025,"edit_year":2020,"history":"[{\"筆ポリゴンID\":\"272b85b0-6e1d-49be-8d00-12f2c78c385c\",\"更新年度\":2024,\"前年同一\":true},[{\"筆ポリゴンID\":\"c840a90f-7c8c-42de-b64d-db47bd74e4b3\",\"更新年度\":2023,\"前年同一\":true},[{\"筆ポリゴンID\":\"820156e8-b311-45c3-80c0-7bb32a6f2671\",\"更新年度\":2022,\"前年同一\":true},[{\"筆ポリゴンID\":\"747ff0e2-f4bc-46a7-9636-bee6d9cf8565\",\"更新年度\":2021,\"前年同一\":true},{\"筆ポリゴンID\":\"747ff0e2-f4bc-46a7-9636-bee6d9cf8565\",\"発生年度\":2020}]]]]","last_polygon_uuid":"272b85b0-6e1d-49be-8d00-12f2c78c385c","prev_last_polygon_uuid":"c840a90f-7c8c-42de-b64d-db47bd74e4b3","local_government_cd":"016080","point_lng":142.873182395,"point_lat":42.134289963}},{"arcs":[[220]],"type":"Polygon","properties":{"polygon_uuid":"3bffb6f0-e511-4891-bd6d-384918521f57","land_type":200,"issue_year":2025,"edit_year":2020,"history":"[{\"筆ポリゴンID\":\"537871e0-81a8-497e-8ce7-35cbfc26a096\",\"更新年度\":2024,\"前年同一\":true},[{\"筆ポリゴンID\":\"55010529-3ea2-4339-a2d4-e1c66eac0b7d\",\"更新年度\":2023,\"前年同一\":true},[{\"筆ポリゴンID\":\"c4a9577b-2f24-431d-9c45-1c53d6758125\",\"更新年度\":2022,\"前年同一\":true},[{\"筆ポリゴンID\":\"1ca489c8-d888-470c-a276-e698dbaac8fc\",\"更新年度\":2021,\"前年同一\":true},{\"筆ポリゴンID\":\"1ca489c8-d888-470c-a276-e698dbaac8fc\",\"発生年度\":2020}]]]]","last_polygon_uuid":"537871e0-81a8-497e-8ce7-35cbfc26a096","prev_last_polygon_uuid":"55010529-3ea2-4339-a2d4-e1c66eac0b7d","local_government_cd":"016080","point_lng":142.984391252,"point_lat":42.194195649}},{"arcs":[[221]],"type":"Polygon","properties":{"polygon_uuid":"7975ffcb-54ad-4435-b7f1-40813105cdca","land_type":200,"issue_year":2025,"edit_year":2020,"history":"[{\"筆ポリゴンID\":\"fd3460f3-3c5b-4fae-9d9f-96b6bfa701ca\",\"更新年度\":2024,\"前年同一\":true},[{\"筆ポリゴンID\":\"09bd038d-7b51-42e1-abaa-5dc626a6336f\",\"更新年度\":2023,\"前年同一\":true},[{\"筆ポリゴンID\":\"a0d0eac5-0395-4403-a7c6-e3cc81b48e86\",\"更新年度\":2022,\"前年同一\":true},[{\"筆ポリゴンID\":\"37bbd596-4a44-46db-afac-1d96ae4e07f9\",\"更新年度\":2021,\"前年同一\":true},{\"筆ポリゴンID\":\"37bbd596-4a44-46db-afac-1d96ae4e07f9\",\"発生年度\":2020}]]]]","last_polygon_uuid":"fd3460f3-3c5b-4fae-9d9f-96b6bfa701ca","prev_last_polygon_uuid":"09bd038d-7b51-42e1-abaa-5dc626a6336f","local_government_cd":"016080","point_lng":142.91099912,"point_lat":42.174167492}},{"arcs":[[222,-68]],"type":"Polygon","properties":{"polygon_uuid":"587eb1a0-7b8b-4f5b-ad56-e0706dae7b24","land_type":200,"issue_year":2025,"edit_year":2020,"history":"[{\"筆ポリゴンID\":\"da9600ef-96b9-4aa1-8a0d-64edbbeee152\",\"更新年度\":2024,\"前年同一\":true},[{\"筆ポリゴンID\":\"c11b9518-c043-4d0c-afb4-ae1d4989db85\",\"更新年度\":2023,\"前年同一\":true},[{\"筆ポリゴンID\":\"dc4450fa-c476-457c-b0e9-ad00db8887cd\",\"更新年度\":2022,\"前年同一\":true},[{\"筆ポリゴンID\":\"121ffa1b-b06e-4bd3-91c0-4f77abd0465c\",\"更新年度\":2021,\"前年同一\":true},{\"筆ポリゴンID\":\"121ffa1b-b06e-4bd3-91c0-4f77abd0465c\",\"発生年度\":2020}]]]]","last_polygon_uuid":"da9600ef-96b9-4aa1-8a0d-64edbbeee152","prev_last_polygon_uuid":"c11b9518-c043-4d0c-afb4-ae1d4989db85","local_government_cd":"016080","point_lng":142.955946341,"point_lat":42.168534249}},{"arcs":[[223]],"type":"Polygon","properties":{"polygon_uuid":"d5cf1eb2-413e-4c41-acce-f36aebe6fe2c","land_type":200,"issue_year":2025,"edit_year":2020,"history":"[{\"筆ポリゴンID\":\"263b56a6-2120-49bb-b74a-a8b25b2ef5bd\",\"更新年度\":2024,\"前年同一\":true},[{\"筆ポリゴンID\":\"e5d3b25d-24b3-42f8-92e7-a1d5c25daff2\",\"更新年度\":2023,\"前年同一\":true},[{\"筆ポリゴンID\":\"f0c4e011-6215-419f-b346-912fbfc39e6e\",\"更新年度\":2022,\"前年同一\":true},[{\"筆ポリゴンID\":\"0b81c3d0-9ddb-4f49-a845-a0628339786b\",\"更新年度\":2021,\"前年同一\":true},{\"筆ポリゴンID\":\"0b81c3d0-9ddb-4f49-a845-a0628339786b\",\"発生年度\":2020}]]]]","last_polygon_uuid":"263b56a6-2120-49bb-b74a-a8b25b2ef5bd","prev_last_polygon_uuid":"e5d3b25d-24b3-42f8-92e7-a1d5c25daff2","local_government_cd":"016080","point_lng":143.003000636,"point_lat":42.216831897}},{"arcs":[[224]],"type":"Polygon","properties":{"polygon_uuid":"36eba1e0-c482-4f75-87a7-18fa6ae11211","land_type":200,"issue_year":2025,"edit_year":2020,"history":"[{\"筆ポリゴンID\":\"de9481fb-fcd9-4b71-b99d-5782e052295a\",\"更新年度\":2024,\"前年同一\":true},[{\"筆ポリゴンID\":\"8dc04c43-b3c2-4401-b492-95e8503fa2df\",\"更新年度\":2023,\"前年同一\":true},[{\"筆ポリゴンID\":\"2fa520f7-6f13-4689-9fee-f9d0dddf88e2\",\"更新年度\":2022,\"前年同一\":true},[{\"筆ポリゴンID\":\"92cf43e2-3487-446a-a0e0-cf6c2b7845d8\",\"更新年度\":2021,\"前年同一\":true},{\"筆ポリゴンID\":\"92cf43e2-3487-446a-a0e0-cf6c2b7845d8\",\"発生年度\":2020}]]]]","last_polygon_uuid":"de9481fb-fcd9-4b71-b99d-5782e052295a","prev_last_polygon_uuid":"8dc04c43-b3c2-4401-b492-95e8503fa2df","local_government_cd":"016080","point_lng":142.951460711,"point_lat":42.167964524}},{"arcs":[[225]],"type":"Polygon","properties":{"polygon_uuid":"5e7bb7a4-5a51-4243-b095-f72a046b0a55","land_type":200,"issue_year":2025,"edit_year":2020,"history":"[{\"筆ポリゴンID\":\"e2395161-2e2c-4720-99ff-adb4f099288a\",\"更新年度\":2024,\"前年同一\":true},[{\"筆ポリゴンID\":\"037db7cc-62d5-4ef1-9f55-14dfea2cc9c3\",\"更新年度\":2023,\"前年同一\":true},[{\"筆ポリゴンID\":\"a78c0ff8-636c-42a2-b0c4-c42890b06023\",\"更新年度\":2022,\"前年同一\":true},[{\"筆ポリゴンID\":\"f65b7c59-caca-418b-ad6f-d4baee0a32fc\",\"更新年度\":2021,\"前年同一\":true},{\"筆ポリゴンID\":\"f65b7c59-caca-418b-ad6f-d4baee0a32fc\",\"発生年度\":2020}]]]]","last_polygon_uuid":"e2395161-2e2c-4720-99ff-adb4f099288a","prev_last_polygon_uuid":"037db7cc-62d5-4ef1-9f55-14dfea2cc9c3","local_government_cd":"016080","point_lng":142.956538526,"point_lat":42.167880595}},{"arcs":[[226]],"type":"Polygon","properties":{"polygon_uuid":"d1dec67d-5920-4115-af5b-a349c9af7e10","land_type":200,"issue_year":2025,"edit_year":2020,"history":"[{\"筆ポリゴンID\":\"e03d7bb8-9e08-41b3-849a-e634eae3c7f7\",\"更新年度\":2024,\"前年同一\":true},[{\"筆ポリゴンID\":\"50cfb1d6-5b14-47f0-b193-56c2abaa01b9\",\"更新年度\":2023,\"前年同一\":true},[{\"筆ポリゴンID\":\"c4667eab-4033-4c83-9719-542919213476\",\"更新年度\":2022,\"前年同一\":true},[{\"筆ポリゴンID\":\"79343b7b-9d55-4d38-8c51-10e49b730a17\",\"更新年度\":2021,\"前年同一\":true},{\"筆ポリゴンID\":\"79343b7b-9d55-4d38-8c51-10e49b730a17\",\"発生年度\":2020}]]]]","last_polygon_uuid":"e03d7bb8-9e08-41b3-849a-e634eae3c7f7","prev_last_polygon_uuid":"50cfb1d6-5b14-47f0-b193-56c2abaa01b9","local_government_cd":"016080","point_lng":142.956269982,"point_lat":42.168973837}},{"arcs":[[227]],"type":"Polygon","properties":{"polygon_uuid":"a92f68fd-3cd6-44d7-84a8-e013f825b145","land_type":200,"issue_year":2025,"edit_year":2020,"history":"[{\"筆ポリゴンID\":\"670ffbf9-b44d-4a5a-84f0-d560b30f6c51\",\"更新年度\":2024,\"前年同一\":true},[{\"筆ポリゴンID\":\"95b02acd-14db-4255-8c40-8cc18eea435f\",\"更新年度\":2023,\"前年同一\":true},[{\"筆ポリゴンID\":\"e9945cb8-731a-48cb-a6ba-d81cf119ed26\",\"更新年度\":2022,\"前年同一\":true},[{\"筆ポリゴンID\":\"3d92bfce-1340-4889-942b-161d5c75c76a\",\"更新年度\":2021,\"前年同一\":true},{\"筆ポリゴンID\":\"3d92bfce-1340-4889-942b-161d5c75c76a\",\"発生年度\":2020}]]]]","last_polygon_uuid":"670ffbf9-b44d-4a5a-84f0-d560b30f6c51","prev_last_polygon_uuid":"95b02acd-14db-4255-8c40-8cc18eea435f","local_government_cd":"016080","point_lng":142.900473125,"point_lat":42.180181032}},{"arcs":[[228]],"type":"Polygon","properties":{"polygon_uuid":"36ba0415-cec8-464c-8080-86dc7ec37993","land_type":200,"issue_year":2025,"edit_year":2020,"history":"[{\"筆ポリゴンID\":\"5e3afdab-a4ae-4124-8430-32763f0dd86f\",\"更新年度\":2024,\"前年同一\":true},[{\"筆ポリゴンID\":\"2fb2cec1-82aa-4505-9674-15b02d876124\",\"更新年度\":2023,\"前年同一\":true},[{\"筆ポリゴンID\":\"8c09b511-fb26-452a-a868-36e37fb00526\",\"更新年度\":2022,\"前年同一\":true},[{\"筆ポリゴンID\":\"2294b915-f64d-4bd0-b2d1-a19ed4a76e95\",\"更新年度\":2021,\"前年同一\":true},{\"筆ポリゴンID\":\"2294b915-f64d-4bd0-b2d1-a19ed4a76e95\",\"発生年度\":2020}]]]]","last_polygon_uuid":"5e3afdab-a4ae-4124-8430-32763f0dd86f","prev_last_polygon_uuid":"2fb2cec1-82aa-4505-9674-15b02d876124","local_government_cd":"016080","point_lng":142.868853619,"point_lat":42.144889131}},{"arcs":[[229]],"type":"Polygon","properties":{"polygon_uuid":"76b2dc25-ecfe-4042-8538-b0e2ed782157","land_type":200,"issue_year":2025,"edit_year":2020,"history":"[{\"筆ポリゴンID\":\"e1fd7529-6943-423d-a9dc-83222f65213e\",\"更新年度\":2024,\"前年同一\":true},[{\"筆ポリゴンID\":\"8c52451e-13bb-40f9-889a-eebfb2794ecb\",\"更新年度\":2023,\"前年同一\":true},[{\"筆ポリゴンID\":\"d4dad9e0-6105-4909-9fef-958f9cafd5c2\",\"更新年度\":2022,\"前年同一\":true},[{\"筆ポリゴンID\":\"29360d5f-97ef-4b9d-8c9f-6c66b56d98e8\",\"更新年度\":2021,\"前年同一\":true},{\"筆ポリゴンID\":\"29360d5f-97ef-4b9d-8c9f-6c66b56d98e8\",\"発生年度\":2020}]]]]","last_polygon_uuid":"e1fd7529-6943-423d-a9dc-83222f65213e","prev_last_polygon_uuid":"8c52451e-13bb-40f9-889a-eebfb2794ecb","local_government_cd":"016080","point_lng":142.864712614,"point_lat":42.138204985}},{"arcs":[[230]],"type":"Polygon","properties":{"polygon_uuid":"2c6af28b-0588-403a-928c-e180796ab6f8","land_type":200,"issue_year":2025,"edit_year":2020,"history":"[{\"筆ポリゴンID\":\"315405e2-ca4c-4fd3-82f7-211a0253a85e\",\"更新年度\":2024,\"前年同一\":true},[{\"筆ポリゴンID\":\"b2908b8d-4468-42ef-9c93-8ee74d6ca8b2\",\"更新年度\":2023,\"前年同一\":true},[{\"筆ポリゴンID\":\"0645cf64-0970-4b59-9bca-80a8c23f37ea\",\"更新年度\":2022,\"前年同一\":true},[{\"筆ポリゴンID\":\"340ae1df-e0d4-43ad-b7be-6e3181e6affa\",\"更新年度\":2021,\"前年同一\":true},{\"筆ポリゴンID\":\"340ae1df-e0d4-43ad-b7be-6e3181e6affa\",\"発生年度\":2020}]]]]","last_polygon_uuid":"315405e2-ca4c-4fd3-82f7-211a0253a85e","prev_last_polygon_uuid":"b2908b8d-4468-42ef-9c93-8ee74d6ca8b2","local_government_cd":"016080","point_lng":143.037766439,"point_lat":42.075244668}},{"arcs":[[231]],"type":"Polygon","properties":{"polygon_uuid":"063904f1-5698-43fd-8121-07bd461cd57f","land_type":200,"issue_year":2025,"edit_year":2020,"history":"[{\"筆ポリゴンID\":\"02db688f-9109-42a6-b985-596b3450ea82\",\"更新年度\":2024,\"前年同一\":true},[{\"筆ポリゴンID\":\"f85c50d5-39c4-43cb-8111-4faff5da4703\",\"更新年度\":2023,\"前年同一\":true},[{\"筆ポリゴンID\":\"f40f8eb4-61d6-4c5a-bcb5-720b500234c8\",\"更新年度\":2022,\"前年同一\":true},[{\"筆ポリゴンID\":\"fe5b26c5-0ddb-4864-981f-a4d48b92d84c\",\"更新年度\":2021,\"前年同一\":true},{\"筆ポリゴンID\":\"fe5b26c5-0ddb-4864-981f-a4d48b92d84c\",\"発生年度\":2020}]]]]","last_polygon_uuid":"02db688f-9109-42a6-b985-596b3450ea82","prev_last_polygon_uuid":"f85c50d5-39c4-43cb-8111-4faff5da4703","local_government_cd":"016080","point_lng":143.034274138,"point_lat":42.076724842}},{"arcs":[[232]],"type":"Polygon","properties":{"polygon_uuid":"ad5bc1ca-18a0-4a0c-b52d-8e75af28da62","land_type":200,"issue_year":2025,"edit_year":2020,"history":"[{\"筆ポリゴンID\":\"38385e9d-8287-4647-91d6-d603bffd6951\",\"更新年度\":2024,\"前年同一\":true},[{\"筆ポリゴンID\":\"8d2e2a1e-9933-4fb4-aa6d-6479eb4006e4\",\"更新年度\":2023,\"前年同一\":true},[{\"筆ポリゴンID\":\"a389fd7c-9204-4773-9e1e-d44f65c13c40\",\"更新年度\":2022,\"前年同一\":true},[{\"筆ポリゴンID\":\"5c5fa3de-44f7-4759-8892-c1675f8af095\",\"更新年度\":2021,\"前年同一\":true},{\"筆ポリゴンID\":\"5c5fa3de-44f7-4759-8892-c1675f8af095\",\"発生年度\":2020}]]]]","last_polygon_uuid":"38385e9d-8287-4647-91d6-d603bffd6951","prev_last_polygon_uuid":"8d2e2a1e-9933-4fb4-aa6d-6479eb4006e4","local_government_cd":"016080","point_lng":142.868519789,"point_lat":42.14621865}},{"arcs":[[233]],"type":"Polygon","properties":{"polygon_uuid":"63091ed6-f459-41eb-86b2-2ca58e2d5fe5","land_type":200,"issue_year":2025,"edit_year":2020,"history":"[{\"筆ポリゴンID\":\"e3cffae8-e45b-4bae-8863-fcb31615889a\",\"更新年度\":2024,\"前年同一\":true},[{\"筆ポリゴンID\":\"36cf4f5c-16d4-46b2-a76a-6175dc8df760\",\"更新年度\":2023,\"前年同一\":true},[{\"筆ポリゴンID\":\"bf7f8074-6133-4587-8fa3-42065415736a\",\"更新年度\":2022,\"前年同一\":true},[{\"筆ポリゴンID\":\"9c6cdd2b-b2ca-42a8-9890-e573e2482a9c\",\"更新年度\":2021,\"前年同一\":true},{\"筆ポリゴンID\":\"9c6cdd2b-b2ca-42a8-9890-e573e2482a9c\",\"発生年度\":2020}]]]]","last_polygon_uuid":"e3cffae8-e45b-4bae-8863-fcb31615889a","prev_last_polygon_uuid":"36cf4f5c-16d4-46b2-a76a-6175dc8df760","local_government_cd":"016080","point_lng":142.9009132,"point_lat":42.180728796}},{"arcs":[[234]],"type":"Polygon","properties":{"polygon_uuid":"cdc7dbf9-4ca9-4782-be7d-7647a3135d6a","land_type":200,"issue_year":2025,"edit_year":2020,"history":"[{\"筆ポリゴンID\":\"f624c31e-2f4f-4813-84ae-a3b132c2c8d1\",\"更新年度\":2024,\"前年同一\":true},[{\"筆ポリゴンID\":\"115574c8-2ede-49f0-9c1c-dcc3d040fac5\",\"更新年度\":2023,\"前年同一\":true},[{\"筆ポリゴンID\":\"9a9eb1b5-39d6-4ccc-a8f7-775aabc246c2\",\"更新年度\":2022,\"前年同一\":true},[{\"筆ポリゴンID\":\"f82f4f3b-db45-4bfc-84f1-378f3466620b\",\"更新年度\":2021,\"前年同一\":true},{\"筆ポリゴンID\":\"f82f4f3b-db45-4bfc-84f1-378f3466620b\",\"発生年度\":2020}]]]]","last_polygon_uuid":"f624c31e-2f4f-4813-84ae-a3b132c2c8d1","prev_last_polygon_uuid":"115574c8-2ede-49f0-9c1c-dcc3d040fac5","local_government_cd":"016080","point_lng":143.064125545,"point_lat":42.065048159}},{"arcs":[[235]],"type":"Polygon","properties":{"polygon_uuid":"27308e03-0b11-480f-b761-7e29298b02c7","land_type":200,"issue_year":2025,"edit_year":2020,"history":"[{\"筆ポリゴンID\":\"47d01d0f-89f2-4b16-b472-091f7afd5db6\",\"更新年度\":2024,\"前年同一\":true},[{\"筆ポリゴンID\":\"576a396e-3ed7-48bc-a6d2-87fe2477994b\",\"更新年度\":2023,\"前年同一\":true},[{\"筆ポリゴンID\":\"5a3eb7cc-d36f-4ead-bfc5-7d5d436ecf91\",\"更新年度\":2022,\"前年同一\":true},[{\"筆ポリゴンID\":\"a38fb005-d398-4228-ac0a-8e57bd50572f\",\"更新年度\":2021,\"前年同一\":true},{\"筆ポリゴンID\":\"a38fb005-d398-4228-ac0a-8e57bd50572f\",\"発生年度\":2020}]]]]","last_polygon_uuid":"47d01d0f-89f2-4b16-b472-091f7afd5db6","prev_last_polygon_uuid":"576a396e-3ed7-48bc-a6d2-87fe2477994b","local_government_cd":"016080","point_lng":142.903292146,"point_lat":42.179863044}},{"arcs":[[236]],"type":"Polygon","properties":{"polygon_uuid":"65af06ce-f4a6-4272-af84-f5e5d5885231","land_type":200,"issue_year":2025,"edit_year":2020,"history":"[{\"筆ポリゴンID\":\"090d8b56-cde0-4c7e-b57f-6f0abbe62815\",\"更新年度\":2024,\"前年同一\":true},[{\"筆ポリゴンID\":\"d4d5aeb6-d601-40c0-904f-6ac8021d66b7\",\"更新年度\":2023,\"前年同一\":true},[{\"筆ポリゴンID\":\"38dcea23-f9f0-40a1-8ad4-70234ebaee20\",\"更新年度\":2022,\"前年同一\":true},[{\"筆ポリゴンID\":\"a33870ed-5dff-41f6-8b49-63dc60751890\",\"更新年度\":2021,\"前年同一\":true},{\"筆ポリゴンID\":\"a33870ed-5dff-41f6-8b49-63dc60751890\",\"発生年度\":2020}]]]]","last_polygon_uuid":"090d8b56-cde0-4c7e-b57f-6f0abbe62815","prev_last_polygon_uuid":"d4d5aeb6-d601-40c0-904f-6ac8021d66b7","local_government_cd":"016080","point_lng":142.875130342,"point_lat":42.152318029}},{"arcs":[[237]],"type":"Polygon","properties":{"polygon_uuid":"92b99783-760d-4058-a67d-31077eb0fba3","land_type":200,"issue_year":2025,"edit_year":2020,"history":"[{\"筆ポリゴンID\":\"1f6f256b-38e9-48f2-8844-e0843e4c59f3\",\"更新年度\":2024,\"前年同一\":true},[{\"筆ポリゴンID\":\"c257722f-b0ff-4af3-afdd-eb9d5239d88d\",\"更新年度\":2023,\"前年同一\":true},[{\"筆ポリゴンID\":\"b141c9de-b286-4b5e-9bbf-7346e0c4edda\",\"更新年度\":2022,\"前年同一\":true},[{\"筆ポリゴンID\":\"d94a9dca-1975-4195-952b-dfa233326a2f\",\"更新年度\":2021,\"前年同一\":true},{\"筆ポリゴンID\":\"d94a9dca-1975-4195-952b-dfa233326a2f\",\"発生年度\":2020}]]]]","last_polygon_uuid":"1f6f256b-38e9-48f2-8844-e0843e4c59f3","prev_last_polygon_uuid":"c257722f-b0ff-4af3-afdd-eb9d5239d88d","local_government_cd":"016080","point_lng":142.929338094,"point_lat":42.172692974}},{"arcs":[[238]],"type":"Polygon","properties":{"polygon_uuid":"bc3cb1d9-3f42-4aca-afa4-92eb028e8fbf","land_type":200,"issue_year":2025,"edit_year":2020,"history":"[{\"筆ポリゴンID\":\"1891fc3f-6e44-4f02-afaa-aefca7624a67\",\"更新年度\":2024,\"前年同一\":true},[{\"筆ポリゴンID\":\"83b5020c-5ebb-48fc-bc76-ac8a5d43dd4b\",\"更新年度\":2023,\"前年同一\":true},[{\"筆ポリゴンID\":\"6990f2eb-2f2e-4a05-b83f-3fff8020c913\",\"更新年度\":2022,\"前年同一\":true},[{\"筆ポリゴンID\":\"3038d345-bbf7-437c-81da-4bb6b073e774\",\"更新年度\":2021,\"前年同一\":true},{\"筆ポリゴンID\":\"3038d345-bbf7-437c-81da-4bb6b073e774\",\"発生年度\":2020}]]]]","last_polygon_uuid":"1891fc3f-6e44-4f02-afaa-aefca7624a67","prev_last_polygon_uuid":"83b5020c-5ebb-48fc-bc76-ac8a5d43dd4b","local_government_cd":"016080","point_lng":142.980282742,"point_lat":42.101942043}},{"arcs":[[239,-43,-167]],"type":"Polygon","properties":{"polygon_uuid":"0b2cff47-da1f-4783-8b9d-9314e60b625e","land_type":200,"issue_year":2025,"edit_year":2020,"history":"[{\"筆ポリゴンID\":\"382349f1-a858-4131-888a-a64c60476627\",\"更新年度\":2024,\"前年同一\":true},[{\"筆ポリゴンID\":\"5c3353a9-7239-4e20-8a63-d8de4d21cabd\",\"更新年度\":2023,\"前年同一\":true},[{\"筆ポリゴンID\":\"f5f45db8-2216-40f0-b48e-be7df5d1b987\",\"更新年度\":2022,\"前年同一\":true},[{\"筆ポリゴンID\":\"eef6fdc0-eb75-4c02-b463-db3fcacd9db1\",\"更新年度\":2021,\"前年同一\":true},{\"筆ポリゴンID\":\"eef6fdc0-eb75-4c02-b463-db3fcacd9db1\",\"発生年度\":2020}]]]]","last_polygon_uuid":"382349f1-a858-4131-888a-a64c60476627","prev_last_polygon_uuid":"5c3353a9-7239-4e20-8a63-d8de4d21cabd","local_government_cd":"016080","point_lng":142.956747516,"point_lat":42.169734235}},{"arcs":[[240]],"type":"Polygon","properties":{"polygon_uuid":"c8f935f6-18cc-4bfd-82b9-0d911f486053","land_type":200,"issue_year":2025,"edit_year":2020,"history":"[{\"筆ポリゴンID\":\"a272b0b8-716c-405b-bb1e-95605a018fda\",\"更新年度\":2024,\"前年同一\":true},[{\"筆ポリゴンID\":\"c3bcba08-8050-43b5-bfd9-be0a0b90ba8e\",\"更新年度\":2023,\"前年同一\":true},[{\"筆ポリゴンID\":\"92e90b53-b8b9-4c34-a28a-489a58f51978\",\"更新年度\":2022,\"前年同一\":true},[{\"筆ポリゴンID\":\"eaa710ca-ab02-4ffe-af6b-b497a179e554\",\"更新年度\":2021,\"前年同一\":true},{\"筆ポリゴンID\":\"eaa710ca-ab02-4ffe-af6b-b497a179e554\",\"発生年度\":2020}]]]]","last_polygon_uuid":"a272b0b8-716c-405b-bb1e-95605a018fda","prev_last_polygon_uuid":"c3bcba08-8050-43b5-bfd9-be0a0b90ba8e","local_government_cd":"016080","point_lng":142.907797078,"point_lat":42.175267963}},{"arcs":[[241]],"type":"Polygon","properties":{"polygon_uuid":"fa3cbcfb-b700-49a6-9999-fff6d31ecb0e","land_type":200,"issue_year":2025,"edit_year":2020,"history":"[{\"筆ポリゴンID\":\"0ddbfb8d-33f9-4c53-a0eb-e253b98b75c4\",\"更新年度\":2024,\"前年同一\":true},[{\"筆ポリゴンID\":\"1c1d83a4-aae7-4f99-95b5-16784d13137e\",\"更新年度\":2023,\"前年同一\":true},[{\"筆ポリゴンID\":\"2ede09a8-f57d-4a06-97d7-0478ed6dcd4e\",\"更新年度\":2022,\"前年同一\":true},[{\"筆ポリゴンID\":\"2fa9af07-8ea3-4803-b614-b9f72efbd099\",\"更新年度\":2021,\"前年同一\":true},{\"筆ポリゴンID\":\"2fa9af07-8ea3-4803-b614-b9f72efbd099\",\"発生年度\":2020}]]]]","last_polygon_uuid":"0ddbfb8d-33f9-4c53-a0eb-e253b98b75c4","prev_last_polygon_uuid":"1c1d83a4-aae7-4f99-95b5-16784d13137e","local_government_cd":"016080","point_lng":142.987980205,"point_lat":42.101415956}},{"arcs":[[242]],"type":"Polygon","properties":{"polygon_uuid":"323bf9c3-d8bd-422b-b62c-d1b98b967012","land_type":200,"issue_year":2025,"edit_year":2020,"history":"[{\"筆ポリゴンID\":\"8d9c7c57-49ed-400d-ba0d-32ec8b2e5c25\",\"更新年度\":2024,\"前年同一\":true},[{\"筆ポリゴンID\":\"79cacf75-f48f-47d8-9f98-8b30e57339fb\",\"更新年度\":2023,\"前年同一\":true},[{\"筆ポリゴンID\":\"e03cfb11-50da-42d7-8f6d-e3749748ff3c\",\"更新年度\":2022,\"前年同一\":true},[{\"筆ポリゴンID\":\"74ce3c1a-236f-44b5-9ebd-684415d44185\",\"更新年度\":2021,\"前年同一\":true},{\"筆ポリゴンID\":\"74ce3c1a-236f-44b5-9ebd-684415d44185\",\"発生年度\":2020}]]]]","last_polygon_uuid":"8d9c7c57-49ed-400d-ba0d-32ec8b2e5c25","prev_last_polygon_uuid":"79cacf75-f48f-47d8-9f98-8b30e57339fb","local_government_cd":"016080","point_lng":143.003312331,"point_lat":42.216859501}},{"arcs":[[243]],"type":"Polygon","properties":{"polygon_uuid":"81880405-c98f-4df6-9729-a0f5fb6c0ced","land_type":200,"issue_year":2025,"edit_year":2020,"history":"[{\"筆ポリゴンID\":\"0051e737-3beb-4194-8085-7cc059cb5570\",\"更新年度\":2024,\"前年同一\":true},[{\"筆ポリゴンID\":\"4cf900b8-7f47-462f-bf18-55f6047327e6\",\"更新年度\":2023,\"前年同一\":true},[{\"筆ポリゴンID\":\"559434a2-cdd6-4123-8bdd-3689a3eb6b7c\",\"更新年度\":2022,\"前年同一\":true},[{\"筆ポリゴンID\":\"fb576c7a-55ca-45f2-bdec-d980b26024a6\",\"更新年度\":2021,\"前年同一\":true},{\"筆ポリゴンID\":\"fb576c7a-55ca-45f2-bdec-d980b26024a6\",\"発生年度\":2020}]]]]","last_polygon_uuid":"0051e737-3beb-4194-8085-7cc059cb5570","prev_last_polygon_uuid":"4cf900b8-7f47-462f-bf18-55f6047327e6","local_government_cd":"016080","point_lng":142.875273162,"point_lat":42.151937221}},{"arcs":[[244]],"type":"Polygon","properties":{"polygon_uuid":"628fef5d-1577-41db-9a66-2475bb402466","land_type":200,"issue_year":2025,"edit_year":2020,"history":"[{\"筆ポリゴンID\":\"6afc877c-f0e4-42be-ad2a-e0fb231a2e07\",\"更新年度\":2024,\"前年同一\":true},[{\"筆ポリゴンID\":\"ccb26215-4f51-49c8-9537-0e75aeaf9ff1\",\"更新年度\":2023,\"前年同一\":true},[{\"筆ポリゴンID\":\"4116e77f-8038-409a-899f-35ee5d34feba\",\"更新年度\":2022,\"前年同一\":true},[{\"筆ポリゴンID\":\"bf94256d-c502-4c48-84a7-72ab86b5e406\",\"更新年度\":2021,\"前年同一\":true},{\"筆ポリゴンID\":\"bf94256d-c502-4c48-84a7-72ab86b5e406\",\"発生年度\":2020}]]]]","last_polygon_uuid":"6afc877c-f0e4-42be-ad2a-e0fb231a2e07","prev_last_polygon_uuid":"ccb26215-4f51-49c8-9537-0e75aeaf9ff1","local_government_cd":"016080","point_lng":142.907103644,"point_lat":42.176942509}},{"arcs":[[245]],"type":"Polygon","properties":{"polygon_uuid":"87595eb0-b8a6-4ee6-b0af-f76ffb159dbe","land_type":200,"issue_year":2025,"edit_year":2020,"history":"[{\"筆ポリゴンID\":\"49d059fc-d514-49ac-8000-6f34b37dc9e8\",\"更新年度\":2024,\"前年同一\":true},[{\"筆ポリゴンID\":\"2b343460-c3ba-4a9c-8809-1d2a4ba6a6bc\",\"更新年度\":2023,\"前年同一\":true},[{\"筆ポリゴンID\":\"1dff4090-8da3-48fc-b207-82de08e7258e\",\"更新年度\":2022,\"前年同一\":true},[{\"筆ポリゴンID\":\"fc0effcd-3f6d-4559-9b50-78e74ebff946\",\"更新年度\":2021,\"前年同一\":true},{\"筆ポリゴンID\":\"fc0effcd-3f6d-4559-9b50-78e74ebff946\",\"発生年度\":2020}]]]]","last_polygon_uuid":"49d059fc-d514-49ac-8000-6f34b37dc9e8","prev_last_polygon_uuid":"2b343460-c3ba-4a9c-8809-1d2a4ba6a6bc","local_government_cd":"016080","point_lng":143.007741738,"point_lat":42.204922704}},{"arcs":[[246,-180]],"type":"Polygon","properties":{"polygon_uuid":"b5cd7276-a509-4a43-9a2f-530adc780d0d","land_type":200,"issue_year":2025,"edit_year":2020,"history":"[{\"筆ポリゴンID\":\"c9c54b9b-0c7f-4edf-8f5f-14b030274c3d\",\"更新年度\":2024,\"前年同一\":true},[{\"筆ポリゴンID\":\"0e106c6d-f0a3-48cc-ab46-a1c4951e499b\",\"更新年度\":2023,\"前年同一\":true},[{\"筆ポリゴンID\":\"50af190e-07e1-4fe3-8f0d-5f0faee650be\",\"更新年度\":2022,\"前年同一\":true},[{\"筆ポリゴンID\":\"a89ffda9-cac1-4f42-9873-728f4ee17d6e\",\"更新年度\":2021,\"前年同一\":true},{\"筆ポリゴンID\":\"a89ffda9-cac1-4f42-9873-728f4ee17d6e\",\"発生年度\":2020}]]]]","last_polygon_uuid":"c9c54b9b-0c7f-4edf-8f5f-14b030274c3d","prev_last_polygon_uuid":"0e106c6d-f0a3-48cc-ab46-a1c4951e499b","local_government_cd":"016080","point_lng":142.875331522,"point_lat":42.151008025}},{"arcs":[[247]],"type":"Polygon","properties":{"polygon_uuid":"4f898431-69c5-43b3-a1b4-729592197ee4","land_type":200,"issue_year":2025,"edit_year":2020,"history":"[{\"筆ポリゴンID\":\"91607f79-00b5-4e2e-b17b-309cd8810f3b\",\"更新年度\":2024,\"前年同一\":true},[{\"筆ポリゴンID\":\"bb87f3d1-d195-4d7e-8523-310eeef6dadd\",\"更新年度\":2023,\"前年同一\":true},[{\"筆ポリゴンID\":\"5d02f790-4096-452b-8f9f-3c443377d1e3\",\"更新年度\":2022,\"前年同一\":true},[{\"筆ポリゴンID\":\"10d67d95-9343-4bab-9246-42c1ea74e89f\",\"更新年度\":2021,\"前年同一\":true},{\"筆ポリゴンID\":\"10d67d95-9343-4bab-9246-42c1ea74e89f\",\"発生年度\":2020}]]]]","last_polygon_uuid":"91607f79-00b5-4e2e-b17b-309cd8810f3b","prev_last_polygon_uuid":"bb87f3d1-d195-4d7e-8523-310eeef6dadd","local_government_cd":"016080","point_lng":142.908145382,"point_lat":42.175464807}},{"arcs":[[248]],"type":"Polygon","properties":{"polygon_uuid":"a54ae24a-d819-49ea-a3cd-6616c0b1dd8f","land_type":200,"issue_year":2025,"edit_year":2020,"history":"[{\"筆ポリゴンID\":\"0b27f2ed-95a9-479a-a422-35800803ef4a\",\"更新年度\":2024,\"前年同一\":true},[{\"筆ポリゴンID\":\"9b5d5e22-68f7-43d9-9ce4-3ea9d8a8d53f\",\"更新年度\":2023,\"前年同一\":true},[{\"筆ポリゴンID\":\"1aa39c4b-7dec-4745-82ee-97b94ceead9b\",\"更新年度\":2022,\"前年同一\":true},[{\"筆ポリゴンID\":\"87df34aa-c0ea-4ff0-908a-53efdc144ad0\",\"更新年度\":2021,\"前年同一\":true},{\"筆ポリゴンID\":\"87df34aa-c0ea-4ff0-908a-53efdc144ad0\",\"発生年度\":2020}]]]]","last_polygon_uuid":"0b27f2ed-95a9-479a-a422-35800803ef4a","prev_last_polygon_uuid":"9b5d5e22-68f7-43d9-9ce4-3ea9d8a8d53f","local_government_cd":"016080","point_lng":142.87682668,"point_lat":42.133926503}},{"arcs":[[249]],"type":"Polygon","properties":{"polygon_uuid":"46c061e6-e69c-48e3-bb91-72054ac8e2f2","land_type":200,"issue_year":2025,"edit_year":2020,"history":"[{\"筆ポリゴンID\":\"9179408c-35ec-4620-86fc-ed4133e23f44\",\"更新年度\":2024,\"前年同一\":true},[{\"筆ポリゴンID\":\"2eae77c5-5604-4f20-855f-8f2a12d303b2\",\"更新年度\":2023,\"前年同一\":true},[{\"筆ポリゴンID\":\"ef3e9299-209d-462c-ae22-94eebf0549aa\",\"更新年度\":2022,\"前年同一\":true},[{\"筆ポリゴンID\":\"baf9d1e7-b7ca-4bc1-9c33-dec2471a79ee\",\"更新年度\":2021,\"前年同一\":true},{\"筆ポリゴンID\":\"baf9d1e7-b7ca-4bc1-9c33-dec2471a79ee\",\"発生年度\":2020}]]]]","last_polygon_uuid":"9179408c-35ec-4620-86fc-ed4133e23f44","prev_last_polygon_uuid":"2eae77c5-5604-4f20-855f-8f2a12d303b2","local_government_cd":"016080","point_lng":142.904535514,"point_lat":42.179137857}},{"arcs":[[250,251]],"type":"Polygon","properties":{"polygon_uuid":"17c8ef9d-e0d8-4038-bc94-98f9f798a9d1","land_type":200,"issue_year":2025,"edit_year":2020,"history":"[{\"筆ポリゴンID\":\"852891f3-01b7-4930-9d4e-2ab3cb1d0485\",\"更新年度\":2024,\"前年同一\":true},[{\"筆ポリゴンID\":\"5e208225-57e2-4c7a-928d-d8e570ae89ea\",\"更新年度\":2023,\"前年同一\":true},[{\"筆ポリゴンID\":\"e600b0fc-9bdc-4343-b376-22ff8808d332\",\"更新年度\":2022,\"前年同一\":true},[{\"筆ポリゴンID\":\"607f44b5-cc82-4676-8e70-372019c332a0\",\"更新年度\":2021,\"前年同一\":true},{\"筆ポリゴンID\":\"607f44b5-cc82-4676-8e70-372019c332a0\",\"発生年度\":2020}]]]]","last_polygon_uuid":"852891f3-01b7-4930-9d4e-2ab3cb1d0485","prev_last_polygon_uuid":"5e208225-57e2-4c7a-928d-d8e570ae89ea","local_government_cd":"016080","point_lng":142.91132993,"point_lat":42.174630459}},{"arcs":[[252]],"type":"Polygon","properties":{"polygon_uuid":"bcedb7d8-9ca6-4eb3-b0a0-2236264ed784","land_type":200,"issue_year":2025,"edit_year":2020,"history":"[{\"筆ポリゴンID\":\"03b38183-e161-4b2f-a9a1-15840384a449\",\"更新年度\":2024,\"前年同一\":true},[{\"筆ポリゴンID\":\"42147c4f-33aa-417d-be7c-94df50ff3c29\",\"更新年度\":2023,\"前年同一\":true},[{\"筆ポリゴンID\":\"9cdff2f9-b43a-406d-b0d8-530aee351356\",\"更新年度\":2022,\"前年同一\":true},[{\"筆ポリゴンID\":\"c949ec81-cc41-4d0f-8884-ae46296c882a\",\"更新年度\":2021,\"前年同一\":true},{\"筆ポリゴンID\":\"c949ec81-cc41-4d0f-8884-ae46296c882a\",\"発生年度\":2020}]]]]","last_polygon_uuid":"03b38183-e161-4b2f-a9a1-15840384a449","prev_last_polygon_uuid":"42147c4f-33aa-417d-be7c-94df50ff3c29","local_government_cd":"016080","point_lng":143.036411712,"point_lat":42.076259631}},{"arcs":[[253]],"type":"Polygon","properties":{"polygon_uuid":"7b73c47a-66c4-493a-ae43-e7859c2eadd7","land_type":200,"issue_year":2025,"edit_year":2020,"history":"[{\"筆ポリゴンID\":\"d8164e5b-6e52-4c35-82a5-d534e9f14e54\",\"更新年度\":2024,\"前年同一\":true},[{\"筆ポリゴンID\":\"ec89f8d2-c271-44f6-a169-5794e51d04fd\",\"更新年度\":2023,\"前年同一\":true},[{\"筆ポリゴンID\":\"c3d6c968-37a5-499d-909f-067e9ed23304\",\"更新年度\":2022,\"前年同一\":true},[{\"筆ポリゴンID\":\"29772f37-795a-46d2-a04c-b6f2182335fa\",\"更新年度\":2021,\"前年同一\":true},{\"筆ポリゴンID\":\"29772f37-795a-46d2-a04c-b6f2182335fa\",\"発生年度\":2020}]]]]","last_polygon_uuid":"d8164e5b-6e52-4c35-82a5-d534e9f14e54","prev_last_polygon_uuid":"ec89f8d2-c271-44f6-a169-5794e51d04fd","local_government_cd":"016080","point_lng":142.968738182,"point_lat":42.176697148}},{"arcs":[[254]],"type":"Polygon","properties":{"polygon_uuid":"620bf193-0122-4848-aa16-feb6e4a87d70","land_type":200,"issue_year":2025,"edit_year":2020,"history":"[{\"筆ポリゴンID\":\"e5f29a8a-9fe6-41c6-93bb-19488d74bdf1\",\"更新年度\":2024,\"前年同一\":true},[{\"筆ポリゴンID\":\"870461c4-2c58-4670-9d20-db6e48c91839\",\"更新年度\":2023,\"前年同一\":true},[{\"筆ポリゴンID\":\"886d8d40-bac2-4d99-a701-c18bf52024f0\",\"更新年度\":2022,\"前年同一\":true},[{\"筆ポリゴンID\":\"d4c08dcb-faab-4458-b756-cd9a58812c60\",\"更新年度\":2021,\"前年同一\":true},{\"筆ポリゴンID\":\"d4c08dcb-faab-4458-b756-cd9a58812c60\",\"発生年度\":2020}]]]]","last_polygon_uuid":"e5f29a8a-9fe6-41c6-93bb-19488d74bdf1","prev_last_polygon_uuid":"870461c4-2c58-4670-9d20-db6e48c91839","local_government_cd":"016080","point_lng":142.910135534,"point_lat":42.170187015}},{"arcs":[[255]],"type":"Polygon","properties":{"polygon_uuid":"2c711f48-5384-49bd-8721-fa61d33cf968","land_type":200,"issue_year":2025,"edit_year":2020,"history":"[{\"筆ポリゴンID\":\"946bf576-7b49-4501-8933-8c8a3f68451e\",\"更新年度\":2024,\"前年同一\":true},[{\"筆ポリゴンID\":\"c1706e53-594e-44a6-a84c-15894c4d5275\",\"更新年度\":2023,\"前年同一\":true},[{\"筆ポリゴンID\":\"38ee4848-e41b-4adf-91d3-9b575521b35a\",\"更新年度\":2022,\"前年同一\":true},[{\"筆ポリゴンID\":\"a6ae0023-73f5-4c3f-ad60-e1d2eb1e97dd\",\"更新年度\":2021,\"前年同一\":true},{\"筆ポリゴンID\":\"a6ae0023-73f5-4c3f-ad60-e1d2eb1e97dd\",\"発生年度\":2020}]]]]","last_polygon_uuid":"946bf576-7b49-4501-8933-8c8a3f68451e","prev_last_polygon_uuid":"c1706e53-594e-44a6-a84c-15894c4d5275","local_government_cd":"016080","point_lng":142.984408482,"point_lat":42.194720398}},{"arcs":[[256]],"type":"Polygon","properties":{"polygon_uuid":"de16d8d2-b5f0-44ff-8ad9-60a491f37f75","land_type":200,"issue_year":2025,"edit_year":2020,"history":"[{\"筆ポリゴンID\":\"02933196-1cef-45d2-a400-e0ff20e1831f\",\"更新年度\":2024,\"前年同一\":true},[{\"筆ポリゴンID\":\"78513e6f-2155-40fa-9cb9-c47b1c49af79\",\"更新年度\":2023,\"前年同一\":true},[{\"筆ポリゴンID\":\"1244d1ce-9da0-4e53-9fd0-f16a4b9e97b2\",\"更新年度\":2022,\"前年同一\":true},[{\"筆ポリゴンID\":\"84fd451d-1a0a-408b-8004-e26a56d6c944\",\"更新年度\":2021,\"前年同一\":true},{\"筆ポリゴンID\":\"84fd451d-1a0a-408b-8004-e26a56d6c944\",\"発生年度\":2020}]]]]","last_polygon_uuid":"02933196-1cef-45d2-a400-e0ff20e1831f","prev_last_polygon_uuid":"78513e6f-2155-40fa-9cb9-c47b1c49af79","local_government_cd":"016080","point_lng":142.948593428,"point_lat":42.167272782}},{"arcs":[[257]],"type":"Polygon","properties":{"polygon_uuid":"c327148a-ac2d-4940-bf56-24507cc1b277","land_type":200,"issue_year":2025,"edit_year":2020,"history":"[{\"筆ポリゴンID\":\"c2bd6c67-fd0d-4a09-9eb5-7cffc416670c\",\"更新年度\":2024,\"前年同一\":true},[{\"筆ポリゴンID\":\"cff18ad3-87db-4569-8ba4-54c0cf60bb99\",\"更新年度\":2023,\"前年同一\":true},[{\"筆ポリゴンID\":\"10c7143b-c5db-49b2-833e-67b15ba4b269\",\"更新年度\":2022,\"前年同一\":true},[{\"筆ポリゴンID\":\"e6871fa8-7ccc-41c6-9a80-07bdc5ee997c\",\"更新年度\":2021,\"前年同一\":true},{\"筆ポリゴンID\":\"e6871fa8-7ccc-41c6-9a80-07bdc5ee997c\",\"発生年度\":2020}]]]]","last_polygon_uuid":"c2bd6c67-fd0d-4a09-9eb5-7cffc416670c","prev_last_polygon_uuid":"cff18ad3-87db-4569-8ba4-54c0cf60bb99","local_government_cd":"016080","point_lng":142.908391577,"point_lat":42.175128988}},{"arcs":[[258]],"type":"Polygon","properties":{"polygon_uuid":"4ce9db0e-19d4-4b37-8245-232688d82387","land_type":200,"issue_year":2025,"edit_year":2020,"history":"[{\"筆ポリゴンID\":\"a037b4ce-7043-4ae8-b404-bc62823ca24a\",\"更新年度\":2024,\"前年同一\":true},[{\"筆ポリゴンID\":\"27f616ad-03de-42da-9a84-c308b75be506\",\"更新年度\":2023,\"前年同一\":true},[{\"筆ポリゴンID\":\"73496d32-b615-4e45-a564-b8f61137be82\",\"更新年度\":2022,\"前年同一\":true},[{\"筆ポリゴンID\":\"8566cf98-7087-477b-a3f6-effcde1ed956\",\"更新年度\":2021,\"前年同一\":true},{\"筆ポリゴンID\":\"8566cf98-7087-477b-a3f6-effcde1ed956\",\"発生年度\":2020}]]]]","last_polygon_uuid":"a037b4ce-7043-4ae8-b404-bc62823ca24a","prev_last_polygon_uuid":"27f616ad-03de-42da-9a84-c308b75be506","local_government_cd":"016080","point_lng":142.879352669,"point_lat":42.154388163}},{"arcs":[[259]],"type":"Polygon","properties":{"polygon_uuid":"47343f8d-e884-4f7a-a187-a60f6b652827","land_type":200,"issue_year":2025,"edit_year":2020,"history":"[{\"筆ポリゴンID\":\"419c3d14-e550-4cef-931d-1286618c14b8\",\"更新年度\":2024,\"前年同一\":true},[{\"筆ポリゴンID\":\"858a755b-5e0d-465c-823d-6f96062b4200\",\"更新年度\":2023,\"前年同一\":true},[{\"筆ポリゴンID\":\"b276efdb-9c09-4fd0-8b55-f4767855d496\",\"更新年度\":2022,\"前年同一\":true},[{\"筆ポリゴンID\":\"eeaaaa7f-48c7-487b-9ad9-094d2d0179fe\",\"更新年度\":2021,\"前年同一\":true},{\"筆ポリゴンID\":\"eeaaaa7f-48c7-487b-9ad9-094d2d0179fe\",\"発生年度\":2020}]]]]","last_polygon_uuid":"419c3d14-e550-4cef-931d-1286618c14b8","prev_last_polygon_uuid":"858a755b-5e0d-465c-823d-6f96062b4200","local_government_cd":"016080","point_lng":142.872535095,"point_lat":42.149108962}},{"arcs":[[260]],"type":"Polygon","properties":{"polygon_uuid":"a3cf9687-40d2-4e0d-a267-0fe7c7072369","land_type":200,"issue_year":2025,"edit_year":2020,"history":"[{\"筆ポリゴンID\":\"769f2f3a-bb72-4aa0-9c25-6ad2f2240f98\",\"更新年度\":2024,\"前年同一\":true},[{\"筆ポリゴンID\":\"fc6758b6-cb21-4446-bdca-67665b5519ef\",\"更新年度\":2023,\"前年同一\":true},[{\"筆ポリゴンID\":\"0f8a1405-be18-4ab4-9ffb-5abef9f4f3c7\",\"更新年度\":2022,\"前年同一\":true},[{\"筆ポリゴンID\":\"47e0c460-ee55-4f70-8de0-a42e8ee08992\",\"更新年度\":2021,\"前年同一\":true},{\"筆ポリゴンID\":\"47e0c460-ee55-4f70-8de0-a42e8ee08992\",\"発生年度\":2020}]]]]","last_polygon_uuid":"769f2f3a-bb72-4aa0-9c25-6ad2f2240f98","prev_last_polygon_uuid":"fc6758b6-cb21-4446-bdca-67665b5519ef","local_government_cd":"016080","point_lng":143.035531819,"point_lat":42.077752172}},{"arcs":[[261]],"type":"Polygon","properties":{"polygon_uuid":"8eade0e8-faf7-46e6-8268-04687c50a57d","land_type":200,"issue_year":2025,"edit_year":2020,"history":"[{\"筆ポリゴンID\":\"c49b2b89-671c-410c-a13c-26b2a0309384\",\"更新年度\":2024,\"前年同一\":true},[{\"筆ポリゴンID\":\"1d3f0249-6bc6-4196-95f7-1dcc1e1dff1d\",\"更新年度\":2023,\"前年同一\":true},[{\"筆ポリゴンID\":\"f11f3fa5-bd59-436b-8cad-d1e7bf2cf8d4\",\"更新年度\":2022,\"前年同一\":true},[{\"筆ポリゴンID\":\"6910940e-2dfd-4a85-b5d8-b0f5cb06183f\",\"更新年度\":2021,\"前年同一\":true},{\"筆ポリゴンID\":\"6910940e-2dfd-4a85-b5d8-b0f5cb06183f\",\"発生年度\":2020}]]]]","last_polygon_uuid":"c49b2b89-671c-410c-a13c-26b2a0309384","prev_last_polygon_uuid":"1d3f0249-6bc6-4196-95f7-1dcc1e1dff1d","local_government_cd":"016080","point_lng":143.003413329,"point_lat":42.194243061}},{"arcs":[[262]],"type":"Polygon","properties":{"polygon_uuid":"ce768101-3972-4eee-995f-b688ee1c5481","land_type":200,"issue_year":2025,"edit_year":2020,"history":"[{\"筆ポリゴンID\":\"665d26f4-7e75-4d35-9eee-38115608a10a\",\"更新年度\":2024,\"前年同一\":true},[{\"筆ポリゴンID\":\"08bc1711-8690-4aab-b584-f4a3fc78d1e9\",\"更新年度\":2023,\"前年同一\":true},[{\"筆ポリゴンID\":\"7b8f820a-4aaf-4cbe-847d-f983d481fe03\",\"更新年度\":2022,\"前年同一\":true},[{\"筆ポリゴンID\":\"b5b4976b-68d6-4d21-9b8a-378fed350d3b\",\"更新年度\":2021,\"前年同一\":true},{\"筆ポリゴンID\":\"b5b4976b-68d6-4d21-9b8a-378fed350d3b\",\"発生年度\":2020}]]]]","last_polygon_uuid":"665d26f4-7e75-4d35-9eee-38115608a10a","prev_last_polygon_uuid":"08bc1711-8690-4aab-b584-f4a3fc78d1e9","local_government_cd":"016080","point_lng":143.064914435,"point_lat":42.065678952}},{"arcs":[[263]],"type":"Polygon","properties":{"polygon_uuid":"1d72da03-b712-4108-a1af-b11e4ae5d2aa","land_type":200,"issue_year":2025,"edit_year":2020,"history":"[{\"筆ポリゴンID\":\"1ae72819-b6f5-4dcc-8832-99aee05a3893\",\"更新年度\":2024,\"前年同一\":true},[{\"筆ポリゴンID\":\"f50a3ea8-16b3-4683-addf-331990fde08d\",\"更新年度\":2023,\"前年同一\":true},[{\"筆ポリゴンID\":\"d9fe6571-8e28-4edc-b133-78b0f03e1831\",\"更新年度\":2022,\"前年同一\":true},[{\"筆ポリゴンID\":\"c05e2dd4-0e39-492e-9748-d89f515769a8\",\"更新年度\":2021,\"前年同一\":true},{\"筆ポリゴンID\":\"c05e2dd4-0e39-492e-9748-d89f515769a8\",\"発生年度\":2020}]]]]","last_polygon_uuid":"1ae72819-b6f5-4dcc-8832-99aee05a3893","prev_last_polygon_uuid":"f50a3ea8-16b3-4683-addf-331990fde08d","local_government_cd":"016080","point_lng":142.866535423,"point_lat":42.135579903}},{"arcs":[[264]],"type":"Polygon","properties":{"polygon_uuid":"d21a17f2-7480-4165-b43c-53e8e58a237e","land_type":200,"issue_year":2025,"edit_year":2020,"history":"[{\"筆ポリゴンID\":\"1f8ec76d-2082-475d-89a3-b15186c85dd0\",\"更新年度\":2024,\"前年同一\":true},[{\"筆ポリゴンID\":\"5b0ecbef-488f-47ba-9808-a19de4c65e01\",\"更新年度\":2023,\"前年同一\":true},[{\"筆ポリゴンID\":\"cd4d57f3-8b1d-4cbf-9c1b-239c5d840c9c\",\"更新年度\":2022,\"前年同一\":true},[{\"筆ポリゴンID\":\"0cb325e5-83cb-4b63-8731-690c70ba58ee\",\"更新年度\":2021,\"前年同一\":true},{\"筆ポリゴンID\":\"0cb325e5-83cb-4b63-8731-690c70ba58ee\",\"発生年度\":2020}]]]]","last_polygon_uuid":"1f8ec76d-2082-475d-89a3-b15186c85dd0","prev_last_polygon_uuid":"5b0ecbef-488f-47ba-9808-a19de4c65e01","local_government_cd":"016080","point_lng":142.900403046,"point_lat":42.18052272}},{"arcs":[[265]],"type":"Polygon","properties":{"polygon_uuid":"1012ff5b-236a-41e0-80d9-ec1d293de269","land_type":200,"issue_year":2025,"edit_year":2020,"history":"[{\"筆ポリゴンID\":\"09b3da7b-db3a-43e6-8484-3ea027ebf5d0\",\"更新年度\":2024,\"前年同一\":true},[{\"筆ポリゴンID\":\"8258baa0-bf2a-452a-9bec-0f5c1d7e1b98\",\"更新年度\":2023,\"前年同一\":true},[{\"筆ポリゴンID\":\"ed3f8590-cceb-4e05-92c8-9db35f2e624a\",\"更新年度\":2022,\"前年同一\":true},[{\"筆ポリゴンID\":\"86524d9e-3578-474e-9c21-7977877a3303\",\"更新年度\":2021,\"前年同一\":true},{\"筆ポリゴンID\":\"86524d9e-3578-474e-9c21-7977877a3303\",\"発生年度\":2020}]]]]","last_polygon_uuid":"09b3da7b-db3a-43e6-8484-3ea027ebf5d0","prev_last_polygon_uuid":"8258baa0-bf2a-452a-9bec-0f5c1d7e1b98","local_government_cd":"016080","point_lng":142.910224479,"point_lat":42.169296222}},{"arcs":[[266]],"type":"Polygon","properties":{"polygon_uuid":"999f452b-82e9-48d8-a9db-6a83135f9980","land_type":200,"issue_year":2025,"edit_year":2020,"history":"[{\"筆ポリゴンID\":\"4da14146-6de8-4bcd-ae9a-09df9ee75dbf\",\"更新年度\":2024,\"前年同一\":true},[{\"筆ポリゴンID\":\"af252217-e45b-44f6-b752-7e35d3fe103b\",\"更新年度\":2023,\"前年同一\":true},[{\"筆ポリゴンID\":\"4e4822a4-4f95-43f6-8759-de087437ce24\",\"更新年度\":2022,\"前年同一\":true},[{\"筆ポリゴンID\":\"0a90034a-f291-47ab-bf6b-97c8f7ddc513\",\"更新年度\":2021,\"前年同一\":true},{\"筆ポリゴンID\":\"0a90034a-f291-47ab-bf6b-97c8f7ddc513\",\"発生年度\":2020}]]]]","last_polygon_uuid":"4da14146-6de8-4bcd-ae9a-09df9ee75dbf","prev_last_polygon_uuid":"af252217-e45b-44f6-b752-7e35d3fe103b","local_government_cd":"016080","point_lng":142.968284375,"point_lat":42.176263066}},{"arcs":[[267,-202]],"type":"Polygon","properties":{"polygon_uuid":"06abf81a-0d3c-4834-9f36-15e88c692d7b","land_type":200,"issue_year":2025,"edit_year":2020,"history":"[{\"筆ポリゴンID\":\"7fad7f54-41d7-4ee4-b980-4bb511689b56\",\"更新年度\":2024,\"前年同一\":true},[{\"筆ポリゴンID\":\"1b05096a-bc5c-4b4e-8377-a954af6a28f4\",\"更新年度\":2023,\"前年同一\":true},[{\"筆ポリゴンID\":\"e2fd9ef2-7d7f-4d2f-9ad8-1273bbdd2c8e\",\"更新年度\":2022,\"前年同一\":true},[{\"筆ポリゴンID\":\"27b1e0f5-7c0c-44c1-9a16-2a2d982e1fc8\",\"更新年度\":2021,\"前年同一\":true},{\"筆ポリゴンID\":\"27b1e0f5-7c0c-44c1-9a16-2a2d982e1fc8\",\"発生年度\":2020}]]]]","last_polygon_uuid":"7fad7f54-41d7-4ee4-b980-4bb511689b56","prev_last_polygon_uuid":"1b05096a-bc5c-4b4e-8377-a954af6a28f4","local_government_cd":"016080","point_lng":142.984841533,"point_lat":42.111040271}},{"arcs":[[268]],"type":"Polygon","properties":{"polygon_uuid":"cc91fa1b-fde2-4c6d-a707-687e97182837","land_type":200,"issue_year":2025,"edit_year":2020,"history":"[{\"筆ポリゴンID\":\"aebd134b-9914-42f9-82e3-1826f0b1ec7d\",\"更新年度\":2024,\"前年同一\":true},[{\"筆ポリゴンID\":\"b3611975-4fbf-49ff-b2e3-2e7858b9651f\",\"更新年度\":2023,\"前年同一\":true},[{\"筆ポリゴンID\":\"ad01498a-1755-402c-8602-b8a4e5e60915\",\"更新年度\":2022,\"前年同一\":true},[{\"筆ポリゴンID\":\"36a67c80-560a-4422-9abc-00b3d0cbfe8f\",\"更新年度\":2021,\"前年同一\":true},{\"筆ポリゴンID\":\"36a67c80-560a-4422-9abc-00b3d0cbfe8f\",\"発生年度\":2020}]]]]","last_polygon_uuid":"aebd134b-9914-42f9-82e3-1826f0b1ec7d","prev_last_polygon_uuid":"b3611975-4fbf-49ff-b2e3-2e7858b9651f","local_government_cd":"016080","point_lng":142.907061983,"point_lat":42.176550311}},{"arcs":[[269]],"type":"Polygon","properties":{"polygon_uuid":"ebdc3b05-1348-41b9-8dfb-6ad91390d647","land_type":200,"issue_year":2025,"edit_year":2020,"history":"[{\"筆ポリゴンID\":\"1277d6c9-448c-4cca-87d5-e16d47c56562\",\"更新年度\":2024,\"前年同一\":true},[{\"筆ポリゴンID\":\"570027de-20b0-486f-ab29-0b883a3cf9bd\",\"更新年度\":2023,\"前年同一\":true},[{\"筆ポリゴンID\":\"4ffd68a9-7d99-4674-8a50-917b7495b57c\",\"更新年度\":2022,\"前年同一\":true},[{\"筆ポリゴンID\":\"334c2d79-2083-4ebc-aa8f-1aa336738297\",\"更新年度\":2021,\"前年同一\":true},{\"筆ポリゴンID\":\"334c2d79-2083-4ebc-aa8f-1aa336738297\",\"発生年度\":2020}]]]]","last_polygon_uuid":"1277d6c9-448c-4cca-87d5-e16d47c56562","prev_last_polygon_uuid":"570027de-20b0-486f-ab29-0b883a3cf9bd","local_government_cd":"016080","point_lng":142.951869911,"point_lat":42.167938273}},{"arcs":[[270]],"type":"Polygon","properties":{"polygon_uuid":"0e59d8c7-34e4-4f79-8d06-d3629b289ce6","land_type":200,"issue_year":2025,"edit_year":2020,"history":"[{\"筆ポリゴンID\":\"460b4aaf-b97a-483a-950d-3d39fcd096b6\",\"更新年度\":2024,\"前年同一\":true},[{\"筆ポリゴンID\":\"f393d4ef-24a0-41b9-ae87-1df3476b52d8\",\"更新年度\":2023,\"前年同一\":true},[{\"筆ポリゴンID\":\"2c08a95d-5c09-45c8-a433-285c08ee3f5d\",\"更新年度\":2022,\"前年同一\":true},[{\"筆ポリゴンID\":\"f70d2c93-1b41-42cf-850e-ccb28695524d\",\"更新年度\":2021,\"前年同一\":true},{\"筆ポリゴンID\":\"f70d2c93-1b41-42cf-850e-ccb28695524d\",\"発生年度\":2020}]]]]","last_polygon_uuid":"460b4aaf-b97a-483a-950d-3d39fcd096b6","prev_last_polygon_uuid":"f393d4ef-24a0-41b9-ae87-1df3476b52d8","local_government_cd":"016080","point_lng":142.975062139,"point_lat":42.175885751}},{"arcs":[[271]],"type":"Polygon","properties":{"polygon_uuid":"ae6b0d42-720a-46ba-b1d9-afca448228d2","land_type":200,"issue_year":2025,"edit_year":2020,"history":"[{\"筆ポリゴンID\":\"6783e79b-ee78-4ad7-ac4d-5d0e344eee30\",\"更新年度\":2024,\"前年同一\":true},[{\"筆ポリゴンID\":\"2b4acfe9-7e2e-46cc-8f2d-36436ccc9b64\",\"更新年度\":2023,\"前年同一\":true},[{\"筆ポリゴンID\":\"604f69db-9ff8-463f-b55d-3dc8ad4a6536\",\"更新年度\":2022,\"前年同一\":true},[{\"筆ポリゴンID\":\"bc9e9bfa-bb02-4063-aaeb-9f096b0d0618\",\"更新年度\":2021,\"前年同一\":true},{\"筆ポリゴンID\":\"bc9e9bfa-bb02-4063-aaeb-9f096b0d0618\",\"発生年度\":2020}]]]]","last_polygon_uuid":"6783e79b-ee78-4ad7-ac4d-5d0e344eee30","prev_last_polygon_uuid":"2b4acfe9-7e2e-46cc-8f2d-36436ccc9b64","local_government_cd":"016080","point_lng":142.952450274,"point_lat":42.172653414}},{"arcs":[[272]],"type":"Polygon","properties":{"polygon_uuid":"773281cb-3fb5-4b51-a96b-d1b4335a7862","land_type":200,"issue_year":2025,"edit_year":2020,"history":"[{\"筆ポリゴンID\":\"32487d74-6963-4e9a-b6fc-e347ad8d0426\",\"更新年度\":2024,\"前年同一\":true},[{\"筆ポリゴンID\":\"d02df734-08e5-4d5d-8e37-b6dc719386f9\",\"更新年度\":2023,\"前年同一\":true},[{\"筆ポリゴンID\":\"9a641e5a-c10a-44a9-bd40-f2dbd47d6714\",\"更新年度\":2022,\"前年同一\":true},[{\"筆ポリゴンID\":\"d27d5e8e-0bdc-434a-a9a9-9b5b003fa765\",\"更新年度\":2021,\"前年同一\":true},{\"筆ポリゴンID\":\"d27d5e8e-0bdc-434a-a9a9-9b5b003fa765\",\"発生年度\":2020}]]]]","last_polygon_uuid":"32487d74-6963-4e9a-b6fc-e347ad8d0426","prev_last_polygon_uuid":"d02df734-08e5-4d5d-8e37-b6dc719386f9","local_government_cd":"016080","point_lng":142.96431519,"point_lat":42.131811361}},{"arcs":[[273]],"type":"Polygon","properties":{"polygon_uuid":"a5cfefce-db38-4244-a496-02d282d43979","land_type":200,"issue_year":2025,"edit_year":2020,"history":"[{\"筆ポリゴンID\":\"e144970d-eccd-4d86-b3e8-8348aacb95c3\",\"更新年度\":2024,\"前年同一\":true},[{\"筆ポリゴンID\":\"4c2b78ab-6ec2-4b8a-b165-27eed06414b1\",\"更新年度\":2023,\"前年同一\":true},[{\"筆ポリゴンID\":\"55adc4af-50fb-444f-a6eb-be00b5f20b14\",\"更新年度\":2022,\"前年同一\":true},[{\"筆ポリゴンID\":\"75ac8a37-7045-4398-8b93-9e21db54d0dc\",\"更新年度\":2021,\"前年同一\":true},{\"筆ポリゴンID\":\"75ac8a37-7045-4398-8b93-9e21db54d0dc\",\"発生年度\":2020}]]]]","last_polygon_uuid":"e144970d-eccd-4d86-b3e8-8348aacb95c3","prev_last_polygon_uuid":"4c2b78ab-6ec2-4b8a-b165-27eed06414b1","local_government_cd":"016080","point_lng":142.959767648,"point_lat":42.174921653}},{"arcs":[[274,-79]],"type":"Polygon","properties":{"polygon_uuid":"511afd50-7045-4812-bf0d-36949bd4a156","land_type":200,"issue_year":2025,"edit_year":2020,"history":"[{\"筆ポリゴンID\":\"5fee7d70-9d91-4ad1-b2a7-59a4972f5b2a\",\"更新年度\":2024,\"前年同一\":true},[{\"筆ポリゴンID\":\"74da4071-6e75-4060-af52-039e00648f10\",\"更新年度\":2023,\"前年同一\":true},[{\"筆ポリゴンID\":\"e86ecb63-d57c-497f-b78d-65fc2d7906cf\",\"更新年度\":2022,\"前年同一\":true},[{\"筆ポリゴンID\":\"afe13499-953f-4891-a303-96482b79f83b\",\"更新年度\":2021,\"前年同一\":true},{\"筆ポリゴンID\":\"afe13499-953f-4891-a303-96482b79f83b\",\"発生年度\":2020}]]]]","last_polygon_uuid":"5fee7d70-9d91-4ad1-b2a7-59a4972f5b2a","prev_last_polygon_uuid":"74da4071-6e75-4060-af52-039e00648f10","local_government_cd":"016080","point_lng":142.964270645,"point_lat":42.175611335}},{"arcs":[[275]],"type":"Polygon","properties":{"polygon_uuid":"d7aef90d-3cbc-4bab-aac7-4d4d68fdfe2d","land_type":200,"issue_year":2025,"edit_year":2020,"history":"[{\"筆ポリゴンID\":\"9a65d8c8-99eb-477e-965d-dbbc49bad590\",\"更新年度\":2024,\"前年同一\":true},[{\"筆ポリゴンID\":\"9fb492a7-dd90-4eed-bd02-57e2f28d4609\",\"更新年度\":2023,\"前年同一\":true},[{\"筆ポリゴンID\":\"e2a94bf0-edd9-45bd-ac4d-08a03072078c\",\"更新年度\":2022,\"前年同一\":true},[{\"筆ポリゴンID\":\"a0d8bc78-6db2-4412-9d44-7e3a1c8fbcdd\",\"更新年度\":2021,\"前年同一\":true},{\"筆ポリゴンID\":\"a0d8bc78-6db2-4412-9d44-7e3a1c8fbcdd\",\"発生年度\":2020}]]]]","last_polygon_uuid":"9a65d8c8-99eb-477e-965d-dbbc49bad590","prev_last_polygon_uuid":"9fb492a7-dd90-4eed-bd02-57e2f28d4609","local_government_cd":"016080","point_lng":142.877011357,"point_lat":42.145379103}},{"arcs":[[276,277]],"type":"Polygon","properties":{"polygon_uuid":"e83fc3dd-4b54-460b-9289-7096a11f0868","land_type":200,"issue_year":2025,"edit_year":2020,"history":"[{\"筆ポリゴンID\":\"a55bf890-723f-454b-bdb2-ee68271a1d5f\",\"更新年度\":2024,\"前年同一\":true},[{\"筆ポリゴンID\":\"aea2807f-42d0-43d5-ad3e-18f3e7dd039c\",\"更新年度\":2023,\"前年同一\":true},[{\"筆ポリゴンID\":\"1763c0a2-7286-4e81-a508-1c0674f1a028\",\"更新年度\":2022,\"前年同一\":true},[{\"筆ポリゴンID\":\"c59bdb0f-7989-46dc-bbe6-b4e8642bd9f2\",\"更新年度\":2021,\"前年同一\":true},{\"筆ポリゴンID\":\"c59bdb0f-7989-46dc-bbe6-b4e8642bd9f2\",\"発生年度\":2020}]]]]","last_polygon_uuid":"a55bf890-723f-454b-bdb2-ee68271a1d5f","prev_last_polygon_uuid":"aea2807f-42d0-43d5-ad3e-18f3e7dd039c","local_government_cd":"016080","point_lng":142.868848663,"point_lat":42.146380787}},{"arcs":[[278]],"type":"Polygon","properties":{"polygon_uuid":"0142d9a4-cb23-4ae0-84a9-0a156c054acb","land_type":200,"issue_year":2025,"edit_year":2020,"history":"[{\"筆ポリゴンID\":\"6a7bef34-9cd0-4a79-a5bb-2fe6fa37b83e\",\"更新年度\":2024,\"前年同一\":true},[{\"筆ポリゴンID\":\"f6b09609-66a0-4b09-bc08-4dc1ea0fa483\",\"更新年度\":2023,\"前年同一\":true},[{\"筆ポリゴンID\":\"e3b6dea5-a897-4039-9a99-31664f550386\",\"更新年度\":2022,\"前年同一\":true},[{\"筆ポリゴンID\":\"30a8cd35-d627-460b-ac58-319bfcd61b6d\",\"更新年度\":2021,\"前年同一\":true},{\"筆ポリゴンID\":\"30a8cd35-d627-460b-ac58-319bfcd61b6d\",\"発生年度\":2020}]]]]","last_polygon_uuid":"6a7bef34-9cd0-4a79-a5bb-2fe6fa37b83e","prev_last_polygon_uuid":"f6b09609-66a0-4b09-bc08-4dc1ea0fa483","local_government_cd":"016080","point_lng":142.884590953,"point_lat":42.159162815}},{"arcs":[[279]],"type":"Polygon","properties":{"polygon_uuid":"cc71f1f2-28ae-4d88-b3f5-85e6aad018fd","land_type":200,"issue_year":2025,"edit_year":2020,"history":"[{\"筆ポリゴンID\":\"fa211183-87df-49d1-ae9d-eff8be9a8e6c\",\"更新年度\":2024,\"前年同一\":true},[{\"筆ポリゴンID\":\"e58a7f24-b7b1-41c9-82ca-ea3a7bece530\",\"更新年度\":2023,\"前年同一\":true},[{\"筆ポリゴンID\":\"c57c09f1-b913-4a06-bf98-493c94c1e0d4\",\"更新年度\":2022,\"前年同一\":true},[{\"筆ポリゴンID\":\"e02ed7ad-91c5-46c7-ba24-00d3ec459030\",\"更新年度\":2021,\"前年同一\":true},{\"筆ポリゴンID\":\"e02ed7ad-91c5-46c7-ba24-00d3ec459030\",\"発生年度\":2020}]]]]","last_polygon_uuid":"fa211183-87df-49d1-ae9d-eff8be9a8e6c","prev_last_polygon_uuid":"e58a7f24-b7b1-41c9-82ca-ea3a7bece530","local_government_cd":"016080","point_lng":142.9168818,"point_lat":42.177399064}},{"arcs":[[280]],"type":"Polygon","properties":{"polygon_uuid":"845a6745-6cbb-4b0a-9c5d-70ddbe61ce3f","land_type":200,"issue_year":2025,"edit_year":2020,"history":"[{\"筆ポリゴンID\":\"4019a1f6-6b4d-4b23-a516-8d34f954df2e\",\"更新年度\":2024,\"前年同一\":true},[{\"筆ポリゴンID\":\"048fed20-0a1c-44e2-88c7-8f2f38253eca\",\"更新年度\":2023,\"前年同一\":true},[{\"筆ポリゴンID\":\"5c83fd02-e64a-4c36-8383-0c15710ef7df\",\"更新年度\":2022,\"前年同一\":true},[{\"筆ポリゴンID\":\"3632fced-4508-4516-b0c3-3241afed967b\",\"更新年度\":2021,\"前年同一\":true},{\"筆ポリゴンID\":\"3632fced-4508-4516-b0c3-3241afed967b\",\"発生年度\":2020}]]]]","last_polygon_uuid":"4019a1f6-6b4d-4b23-a516-8d34f954df2e","prev_last_polygon_uuid":"048fed20-0a1c-44e2-88c7-8f2f38253eca","local_government_cd":"016080","point_lng":143.008590292,"point_lat":42.199656435}},{"arcs":[[281]],"type":"Polygon","properties":{"polygon_uuid":"c2b32b0a-e3f7-4afc-9dc9-37387245bac2","land_type":200,"issue_year":2025,"edit_year":2020,"history":"[{\"筆ポリゴンID\":\"b6dd31d8-c312-43d7-9298-dec478caf6a3\",\"更新年度\":2024,\"前年同一\":true},[{\"筆ポリゴンID\":\"a3548071-c696-4faa-974c-2a6da74b4043\",\"更新年度\":2023,\"前年同一\":true},[{\"筆ポリゴンID\":\"09f12322-1dc6-4c6c-916d-248a14a893ce\",\"更新年度\":2022,\"前年同一\":true},[{\"筆ポリゴンID\":\"3e33d22a-cbc1-4341-8476-cb4df1638f93\",\"更新年度\":2021,\"前年同一\":true},{\"筆ポリゴンID\":\"3e33d22a-cbc1-4341-8476-cb4df1638f93\",\"発生年度\":2020}]]]]","last_polygon_uuid":"b6dd31d8-c312-43d7-9298-dec478caf6a3","prev_last_polygon_uuid":"a3548071-c696-4faa-974c-2a6da74b4043","local_government_cd":"016080","point_lng":142.914921846,"point_lat":42.178131936}},{"arcs":[[282]],"type":"Polygon","properties":{"polygon_uuid":"80b75e31-fdec-4073-8e6e-381ec7be0f25","land_type":200,"issue_year":2025,"edit_year":2020,"history":"[{\"筆ポリゴンID\":\"733a1767-0c92-4d11-9146-a954b7e55199\",\"更新年度\":2024,\"前年同一\":true},[{\"筆ポリゴンID\":\"230522f1-f80f-45c0-bd28-6e66897075fa\",\"更新年度\":2023,\"前年同一\":true},[{\"筆ポリゴンID\":\"881786ef-3f9e-479f-96d8-f9dc48b02e55\",\"更新年度\":2022,\"前年同一\":true},[{\"筆ポリゴンID\":\"e921026e-6663-4495-9803-a9d4dd9af4f2\",\"更新年度\":2021,\"前年同一\":true},{\"筆ポリゴンID\":\"e921026e-6663-4495-9803-a9d4dd9af4f2\",\"発生年度\":2020}]]]]","last_polygon_uuid":"733a1767-0c92-4d11-9146-a954b7e55199","prev_last_polygon_uuid":"230522f1-f80f-45c0-bd28-6e66897075fa","local_government_cd":"016080","point_lng":142.95813072,"point_lat":42.171061784}},{"arcs":[[283,284]],"type":"Polygon","properties":{"polygon_uuid":"883f76e7-7881-4148-966f-e0cacfea68f4","land_type":200,"issue_year":2025,"edit_year":2020,"history":"[{\"筆ポリゴンID\":\"1cb99487-b769-4b2c-b2f2-1a8d2db6ca05\",\"更新年度\":2024,\"前年同一\":true},[{\"筆ポリゴンID\":\"74a17cce-e623-4f83-99ac-5015ffe96989\",\"更新年度\":2023,\"前年同一\":true},[{\"筆ポリゴンID\":\"060ae401-7aaf-4972-ba32-b2bcc2da30b7\",\"更新年度\":2022,\"前年同一\":true},[{\"筆ポリゴンID\":\"dfd93b2d-3012-460f-b244-68a779458785\",\"更新年度\":2021,\"前年同一\":true},{\"筆ポリゴンID\":\"dfd93b2d-3012-460f-b244-68a779458785\",\"発生年度\":2020}]]]]","last_polygon_uuid":"1cb99487-b769-4b2c-b2f2-1a8d2db6ca05","prev_last_polygon_uuid":"74a17cce-e623-4f83-99ac-5015ffe96989","local_government_cd":"016080","point_lng":143.016219498,"point_lat":42.193352963}},{"arcs":[[285,-284]],"type":"Polygon","properties":{"polygon_uuid":"4306ce16-27b2-43b5-8745-680e0d9d1c58","land_type":200,"issue_year":2025,"edit_year":2020,"history":"[{\"筆ポリゴンID\":\"bd498a59-d89f-4980-b71c-b6830ba41693\",\"更新年度\":2024,\"前年同一\":true},[{\"筆ポリゴンID\":\"8f74752a-d1e8-4921-8aa2-79eb9ac90eba\",\"更新年度\":2023,\"前年同一\":true},[{\"筆ポリゴンID\":\"301846c5-c38e-40ee-abbe-6ac382eb53d7\",\"更新年度\":2022,\"前年同一\":true},[{\"筆ポリゴンID\":\"39b0c0bb-67e7-4dcc-bb8b-2923cca1f0e6\",\"更新年度\":2021,\"前年同一\":true},{\"筆ポリゴンID\":\"39b0c0bb-67e7-4dcc-bb8b-2923cca1f0e6\",\"発生年度\":2020}]]]]","last_polygon_uuid":"bd498a59-d89f-4980-b71c-b6830ba41693","prev_last_polygon_uuid":"8f74752a-d1e8-4921-8aa2-79eb9ac90eba","local_government_cd":"016080","point_lng":143.016206167,"point_lat":42.193727585}},{"arcs":[[286]],"type":"Polygon","properties":{"polygon_uuid":"c81150d9-6a02-4c5c-9b82-97e37775e14b","land_type":200,"issue_year":2025,"edit_year":2020,"history":"[{\"筆ポリゴンID\":\"d9586f46-fb12-4bd5-b190-b6162ec5e23b\",\"更新年度\":2024,\"前年同一\":true},[{\"筆ポリゴンID\":\"224fa20c-5fa4-4178-b579-e9a64550f416\",\"更新年度\":2023,\"前年同一\":true},[{\"筆ポリゴンID\":\"4081483c-7fcc-4e4a-b394-42672576fd89\",\"更新年度\":2022,\"前年同一\":true},[{\"筆ポリゴンID\":\"a7205eb7-3e81-49aa-bd32-52e5888ba279\",\"更新年度\":2021,\"前年同一\":true},{\"筆ポリゴンID\":\"a7205eb7-3e81-49aa-bd32-52e5888ba279\",\"発生年度\":2020}]]]]","last_polygon_uuid":"d9586f46-fb12-4bd5-b190-b6162ec5e23b","prev_last_polygon_uuid":"224fa20c-5fa4-4178-b579-e9a64550f416","local_government_cd":"016080","point_lng":143.003645822,"point_lat":42.196642172}},{"arcs":[[287]],"type":"Polygon","properties":{"polygon_uuid":"7fd1c3f1-76a0-446d-a0ea-1f1f7e5c806b","land_type":200,"issue_year":2025,"edit_year":2020,"history":"[{\"筆ポリゴンID\":\"5f951ef6-b920-414e-b84a-eb37468abc83\",\"更新年度\":2024,\"前年同一\":true},[{\"筆ポリゴンID\":\"5c212355-0b7a-40f1-807c-b157f45faab3\",\"更新年度\":2023,\"前年同一\":true},[{\"筆ポリゴンID\":\"b373c9fb-0b52-44ae-86bd-a2b5fbf846c2\",\"更新年度\":2022,\"前年同一\":true},[{\"筆ポリゴンID\":\"4f1d6bdc-be8b-441a-9e38-6f78a0a0c420\",\"更新年度\":2021,\"前年同一\":true},{\"筆ポリゴンID\":\"4f1d6bdc-be8b-441a-9e38-6f78a0a0c420\",\"発生年度\":2020}]]]]","last_polygon_uuid":"5f951ef6-b920-414e-b84a-eb37468abc83","prev_last_polygon_uuid":"5c212355-0b7a-40f1-807c-b157f45faab3","local_government_cd":"016080","point_lng":142.906171802,"point_lat":42.177338017}},{"arcs":[[288]],"type":"Polygon","properties":{"polygon_uuid":"8f213ab2-dc52-41e5-bf7a-7e9e1e741865","land_type":200,"issue_year":2025,"edit_year":2020,"history":"[{\"筆ポリゴンID\":\"b9e28efc-fa4f-4483-bf94-a174730e6ec8\",\"更新年度\":2024,\"前年同一\":true},[{\"筆ポリゴンID\":\"32e7d501-97e5-4b71-bcff-0fb5a78cee4b\",\"更新年度\":2023,\"前年同一\":true},[{\"筆ポリゴンID\":\"cf496947-6e3c-4ef4-8f66-675038be8889\",\"更新年度\":2022,\"前年同一\":true},[{\"筆ポリゴンID\":\"8926a056-3f68-4c0a-99e9-f7f0c96bb06c\",\"更新年度\":2021,\"前年同一\":true},{\"筆ポリゴンID\":\"8926a056-3f68-4c0a-99e9-f7f0c96bb06c\",\"発生年度\":2020}]]]]","last_polygon_uuid":"b9e28efc-fa4f-4483-bf94-a174730e6ec8","prev_last_polygon_uuid":"32e7d501-97e5-4b71-bcff-0fb5a78cee4b","local_government_cd":"016080","point_lng":143.010032663,"point_lat":42.215249093}},{"arcs":[[289,290,291,-45]],"type":"Polygon","properties":{"polygon_uuid":"4b577171-a17c-4c21-943f-5b92d5829032","land_type":200,"issue_year":2025,"edit_year":2020,"history":"[{\"筆ポリゴンID\":\"0075aa0c-178c-402a-9e8b-6e558bd20420\",\"更新年度\":2024,\"前年同一\":true},[{\"筆ポリゴンID\":\"a6b9ef30-c7ec-4e2b-9e36-e811e3083eab\",\"更新年度\":2023,\"前年同一\":true},[{\"筆ポリゴンID\":\"f9c390bb-ccf9-43be-b2e3-7348c5a4514d\",\"更新年度\":2022,\"前年同一\":true},[{\"筆ポリゴンID\":\"0ef5909c-0273-4ef2-a8b3-0565ca9580ad\",\"更新年度\":2021,\"前年同一\":true},{\"筆ポリゴンID\":\"0ef5909c-0273-4ef2-a8b3-0565ca9580ad\",\"発生年度\":2020}]]]]","last_polygon_uuid":"0075aa0c-178c-402a-9e8b-6e558bd20420","prev_last_polygon_uuid":"a6b9ef30-c7ec-4e2b-9e36-e811e3083eab","local_government_cd":"016080","point_lng":142.87340805,"point_lat":42.141419858}},{"arcs":[[292]],"type":"Polygon","properties":{"polygon_uuid":"1888dd66-a10a-4d3c-88db-d0f7712c92f5","land_type":200,"issue_year":2025,"edit_year":2020,"history":"[{\"筆ポリゴンID\":\"eb9b09ba-02b6-4027-b359-c335e33dd58e\",\"更新年度\":2024,\"前年同一\":true},[{\"筆ポリゴンID\":\"e787a3cf-51fa-465c-bad9-418078a4d89f\",\"更新年度\":2023,\"前年同一\":true},[{\"筆ポリゴンID\":\"9174ad9a-37ff-4b6f-84fc-5908495f55ba\",\"更新年度\":2022,\"前年同一\":true},[{\"筆ポリゴンID\":\"82ad2e53-0eca-4795-88ac-4f0164197d4d\",\"更新年度\":2021,\"前年同一\":true},{\"筆ポリゴンID\":\"82ad2e53-0eca-4795-88ac-4f0164197d4d\",\"発生年度\":2020}]]]]","last_polygon_uuid":"eb9b09ba-02b6-4027-b359-c335e33dd58e","prev_last_polygon_uuid":"e787a3cf-51fa-465c-bad9-418078a4d89f","local_government_cd":"016080","point_lng":142.952151342,"point_lat":42.179262829}},{"arcs":[[293,-207,294,295,296]],"type":"Polygon","properties":{"polygon_uuid":"b37a255c-a71c-4f14-8dbb-cfe68737133f","land_type":200,"issue_year":2025,"edit_year":2020,"history":"[{\"筆ポリゴンID\":\"96ddfdc6-c167-4562-bbcc-bf118c2ad2c2\",\"更新年度\":2024,\"前年同一\":true},[{\"筆ポリゴンID\":\"a68cac91-a6fc-4ae2-8431-48354b875b04\",\"更新年度\":2023,\"前年同一\":true},[{\"筆ポリゴンID\":\"df741485-74a5-42e9-b248-6328640bd2db\",\"更新年度\":2022,\"前年同一\":true},[{\"筆ポリゴンID\":\"5358a764-a93c-4096-a508-b01b14ae5a88\",\"更新年度\":2021,\"前年同一\":true},{\"筆ポリゴンID\":\"5358a764-a93c-4096-a508-b01b14ae5a88\",\"発生年度\":2020}]]]]","last_polygon_uuid":"96ddfdc6-c167-4562-bbcc-bf118c2ad2c2","prev_last_polygon_uuid":"a68cac91-a6fc-4ae2-8431-48354b875b04","local_government_cd":"016080","point_lng":142.97968935,"point_lat":42.108227057}},{"arcs":[[297]],"type":"Polygon","properties":{"polygon_uuid":"f1eeab5c-b50b-4ddb-b5c7-226587154682","land_type":200,"issue_year":2025,"edit_year":2020,"history":"[{\"筆ポリゴンID\":\"1aeb2996-9eb8-40f8-914a-f110a94a249c\",\"更新年度\":2024,\"前年同一\":true},[{\"筆ポリゴンID\":\"cf1ed173-5903-49b2-b259-83d315b00b05\",\"更新年度\":2023,\"前年同一\":true},[{\"筆ポリゴンID\":\"8cf88aad-54d3-4b38-bc33-6279f9df4910\",\"更新年度\":2022,\"前年同一\":true},[{\"筆ポリゴンID\":\"4c7a764c-1f2a-492e-9d4f-9c80040ba5ee\",\"更新年度\":2021,\"前年同一\":true},{\"筆ポリゴンID\":\"4c7a764c-1f2a-492e-9d4f-9c80040ba5ee\",\"発生年度\":2020}]]]]","last_polygon_uuid":"1aeb2996-9eb8-40f8-914a-f110a94a249c","prev_last_polygon_uuid":"cf1ed173-5903-49b2-b259-83d315b00b05","local_government_cd":"016080","point_lng":142.922714991,"point_lat":42.182063839}},{"arcs":[[298]],"type":"Polygon","properties":{"polygon_uuid":"7f66dadc-eea9-4591-ba74-5c6d5d2f5852","land_type":200,"issue_year":2025,"edit_year":2020,"history":"[{\"筆ポリゴンID\":\"5a3a9cf1-2eeb-480d-ab24-609265a1897e\",\"更新年度\":2024,\"前年同一\":true},[{\"筆ポリゴンID\":\"0517ded2-08a4-4a9d-9075-b40ed22557cb\",\"更新年度\":2023,\"前年同一\":true},[{\"筆ポリゴンID\":\"1a9d2a03-e77c-45d6-8f0d-a3e5bd4e3e51\",\"更新年度\":2022,\"前年同一\":true},[{\"筆ポリゴンID\":\"55ae63ab-af3d-4ab1-b9f9-a350962e7482\",\"更新年度\":2021,\"前年同一\":true},{\"筆ポリゴンID\":\"55ae63ab-af3d-4ab1-b9f9-a350962e7482\",\"発生年度\":2020}]]]]","last_polygon_uuid":"5a3a9cf1-2eeb-480d-ab24-609265a1897e","prev_last_polygon_uuid":"0517ded2-08a4-4a9d-9075-b40ed22557cb","local_government_cd":"016080","point_lng":142.995122635,"point_lat":42.189928992}},{"arcs":[[299]],"type":"Polygon","properties":{"polygon_uuid":"925482eb-062b-4639-be8d-e2fc4fc175d2","land_type":200,"issue_year":2025,"edit_year":2020,"history":"[{\"筆ポリゴンID\":\"19ec726f-8e30-4e92-b8ff-c76700913d97\",\"更新年度\":2024,\"前年同一\":true},[{\"筆ポリゴンID\":\"b2d48f68-873b-4146-89a4-e21e50ea76a0\",\"更新年度\":2023,\"前年同一\":true},[{\"筆ポリゴンID\":\"42285b03-e84d-4b73-882a-97a27916d896\",\"更新年度\":2022,\"前年同一\":true},[{\"筆ポリゴンID\":\"73312d37-fd00-4c91-9806-f4936e3a6b6d\",\"更新年度\":2021,\"前年同一\":true},{\"筆ポリゴンID\":\"73312d37-fd00-4c91-9806-f4936e3a6b6d\",\"発生年度\":2020}]]]]","last_polygon_uuid":"19ec726f-8e30-4e92-b8ff-c76700913d97","prev_last_polygon_uuid":"b2d48f68-873b-4146-89a4-e21e50ea76a0","local_government_cd":"016080","point_lng":142.878575963,"point_lat":42.152350972}},{"arcs":[[300,301,-17,302,-89,-19]],"type":"Polygon","properties":{"polygon_uuid":"4fbf09ad-0110-4422-8d75-ce7de7a67007","land_type":200,"issue_year":2025,"edit_year":2020,"history":"[{\"筆ポリゴンID\":\"71101734-9170-480f-a5ed-881974f1a1ec\",\"更新年度\":2024,\"前年同一\":true},[{\"筆ポリゴンID\":\"1ce5ab2f-5ab7-4628-8e00-92d4f0c55aa3\",\"更新年度\":2023,\"前年同一\":true},[{\"筆ポリゴンID\":\"bc1d6411-4bd7-4571-8027-0b5a09704993\",\"更新年度\":2022,\"前年同一\":true},[{\"筆ポリゴンID\":\"cad78796-c11f-472e-aba7-a83f89a6bc4c\",\"更新年度\":2021,\"前年同一\":true},{\"筆ポリゴンID\":\"cad78796-c11f-472e-aba7-a83f89a6bc4c\",\"発生年度\":2020}]]]]","last_polygon_uuid":"71101734-9170-480f-a5ed-881974f1a1ec","prev_last_polygon_uuid":"1ce5ab2f-5ab7-4628-8e00-92d4f0c55aa3","local_government_cd":"016080","point_lng":142.95697031,"point_lat":42.173327495}},{"arcs":[[303]],"type":"Polygon","properties":{"polygon_uuid":"b940a8e8-3fc5-4ec3-ad6e-43ca1d74af1c","land_type":200,"issue_year":2025,"edit_year":2020,"history":"[{\"筆ポリゴンID\":\"55c8d0df-9d52-4ad4-b2ce-bd50289e4196\",\"更新年度\":2024,\"前年同一\":true},[{\"筆ポリゴンID\":\"3f197c5b-6047-47a5-bb78-9a1dca83b2e9\",\"更新年度\":2023,\"前年同一\":true},[{\"筆ポリゴンID\":\"62b0ef0e-d834-462d-b5d6-45314b8e5657\",\"更新年度\":2022,\"前年同一\":true},[{\"筆ポリゴンID\":\"ab63b81f-6cd9-4f72-839a-2cf43be21e37\",\"更新年度\":2021,\"前年同一\":true},{\"筆ポリゴンID\":\"ab63b81f-6cd9-4f72-839a-2cf43be21e37\",\"発生年度\":2020}]]]]","last_polygon_uuid":"55c8d0df-9d52-4ad4-b2ce-bd50289e4196","prev_last_polygon_uuid":"3f197c5b-6047-47a5-bb78-9a1dca83b2e9","local_government_cd":"016080","point_lng":143.031977715,"point_lat":42.195845852}},{"arcs":[[304]],"type":"Polygon","properties":{"polygon_uuid":"82e08e05-63b6-44d0-8e22-64c082777fe8","land_type":200,"issue_year":2025,"edit_year":2020,"history":"[{\"筆ポリゴンID\":\"b39cdb62-056d-4d15-8650-6f0d34b617be\",\"更新年度\":2024,\"前年同一\":true},[{\"筆ポリゴンID\":\"9e502b6c-cbcd-4384-b04e-f09a2c60b9b2\",\"更新年度\":2023,\"前年同一\":true},[{\"筆ポリゴンID\":\"0bd80d5d-97e0-4d62-b827-ff5df10ff680\",\"更新年度\":2022,\"前年同一\":true},[{\"筆ポリゴンID\":\"8abf0468-159e-47b5-b37f-82f22ae08f24\",\"更新年度\":2021,\"前年同一\":true},{\"筆ポリゴンID\":\"8abf0468-159e-47b5-b37f-82f22ae08f24\",\"発生年度\":2020}]]]]","last_polygon_uuid":"b39cdb62-056d-4d15-8650-6f0d34b617be","prev_last_polygon_uuid":"9e502b6c-cbcd-4384-b04e-f09a2c60b9b2","local_government_cd":"016080","point_lng":142.961518803,"point_lat":42.171853246}},{"arcs":[[-296,305,306]],"type":"Polygon","properties":{"polygon_uuid":"0ddfe621-da90-4fa9-9433-9a6589b97c6c","land_type":200,"issue_year":2025,"edit_year":2020,"history":"[{\"筆ポリゴンID\":\"edecc45c-941b-4f40-bd4c-8c2a02fbf246\",\"更新年度\":2024,\"前年同一\":true},[{\"筆ポリゴンID\":\"b6fba001-e34c-4bd5-919d-c78f9e427e86\",\"更新年度\":2023,\"前年同一\":true},[{\"筆ポリゴンID\":\"ab373cc2-3084-4c07-9d96-fd337fdc5be6\",\"更新年度\":2022,\"前年同一\":true},[{\"筆ポリゴンID\":\"243f3c58-fd92-46a8-94c0-641cc414ad47\",\"更新年度\":2021,\"前年同一\":true},{\"筆ポリゴンID\":\"243f3c58-fd92-46a8-94c0-641cc414ad47\",\"発生年度\":2020}]]]]","last_polygon_uuid":"edecc45c-941b-4f40-bd4c-8c2a02fbf246","prev_last_polygon_uuid":"b6fba001-e34c-4bd5-919d-c78f9e427e86","local_government_cd":"016080","point_lng":142.98175274,"point_lat":42.106903475}},{"arcs":[[307],[308]],"type":"Polygon","properties":{"polygon_uuid":"ccac6e75-0c05-4dd3-b702-9209231f8952","land_type":200,"issue_year":2025,"edit_year":2020,"history":"[{\"筆ポリゴンID\":\"cff19c9f-de48-4fea-b40e-dbc9b53f1e39\",\"更新年度\":2024,\"前年同一\":true},[{\"筆ポリゴンID\":\"e8facbac-a368-42d2-bd2d-6d4abe4759cd\",\"更新年度\":2023,\"前年同一\":true},[{\"筆ポリゴンID\":\"3ecdf1ed-4d6c-4b01-b526-2de7edd6cae1\",\"更新年度\":2022,\"前年同一\":true},[{\"筆ポリゴンID\":\"5777846e-57f1-4764-bf68-d9b253a51a4a\",\"更新年度\":2021,\"前年同一\":true},{\"筆ポリゴンID\":\"5777846e-57f1-4764-bf68-d9b253a51a4a\",\"発生年度\":2020}]]]]","last_polygon_uuid":"cff19c9f-de48-4fea-b40e-dbc9b53f1e39","prev_last_polygon_uuid":"e8facbac-a368-42d2-bd2d-6d4abe4759cd","local_government_cd":"016080","point_lng":142.878547663,"point_lat":42.147981912}},{"arcs":[[-18,-302,309]],"type":"Polygon","properties":{"polygon_uuid":"ddd778af-d9da-4bef-9e6a-541b0abe2a41","land_type":200,"issue_year":2025,"edit_year":2020,"history":"[{\"筆ポリゴンID\":\"03d4cf94-4ac2-412a-9401-e3b015576f8d\",\"更新年度\":2024,\"前年同一\":true},[{\"筆ポリゴンID\":\"9a46a9b7-4e13-4f86-bafb-6ea88c8bbddb\",\"更新年度\":2023,\"前年同一\":true},[{\"筆ポリゴンID\":\"f4ff6565-5a01-40bf-bf62-a72daf2d1820\",\"更新年度\":2022,\"前年同一\":true},[{\"筆ポリゴンID\":\"cbf5ff73-c660-4120-848c-e0280440b39a\",\"更新年度\":2021,\"前年同一\":true},{\"筆ポリゴンID\":\"cbf5ff73-c660-4120-848c-e0280440b39a\",\"発生年度\":2020}]]]]","last_polygon_uuid":"03d4cf94-4ac2-412a-9401-e3b015576f8d","prev_last_polygon_uuid":"9a46a9b7-4e13-4f86-bafb-6ea88c8bbddb","local_government_cd":"016080","point_lng":142.956076897,"point_lat":42.17631818}},{"arcs":[[310]],"type":"Polygon","properties":{"polygon_uuid":"fae1d73a-f0ad-486e-b7ea-a721e61ff659","land_type":200,"issue_year":2025,"edit_year":2020,"history":"[{\"筆ポリゴンID\":\"13367bff-3199-4def-b261-5b6063dca5c0\",\"更新年度\":2024,\"前年同一\":true},[{\"筆ポリゴンID\":\"c4570cef-b4b2-42eb-a265-8e944e00b172\",\"更新年度\":2023,\"前年同一\":true},[{\"筆ポリゴンID\":\"0ebea568-94cd-4650-b01b-2de5c3d04825\",\"更新年度\":2022,\"前年同一\":true},[{\"筆ポリゴンID\":\"5827c19e-f7b3-43cd-b473-9d3c4364dd3b\",\"更新年度\":2021,\"前年同一\":true},{\"筆ポリゴンID\":\"5827c19e-f7b3-43cd-b473-9d3c4364dd3b\",\"発生年度\":2020}]]]]","last_polygon_uuid":"13367bff-3199-4def-b261-5b6063dca5c0","prev_last_polygon_uuid":"c4570cef-b4b2-42eb-a265-8e944e00b172","local_government_cd":"016080","point_lng":142.950552203,"point_lat":42.171059101}},{"arcs":[[311]],"type":"Polygon","properties":{"polygon_uuid":"8425f0a4-52bf-4741-a161-4181eaef0539","land_type":200,"issue_year":2025,"edit_year":2020,"history":"[{\"筆ポリゴンID\":\"b4aa3ab3-dc26-4e76-891e-de0b890d7767\",\"更新年度\":2024,\"前年同一\":true},[{\"筆ポリゴンID\":\"f0f61df1-5649-4191-a219-ac5f28aeed58\",\"更新年度\":2023,\"前年同一\":true},[{\"筆ポリゴンID\":\"522c6aa2-69b2-4c32-9d57-070ce00f1b70\",\"更新年度\":2022,\"前年同一\":true},[{\"筆ポリゴンID\":\"a82f6339-d5be-410e-a320-508e3a67c707\",\"更新年度\":2021,\"前年同一\":true},{\"筆ポリゴンID\":\"a82f6339-d5be-410e-a320-508e3a67c707\",\"発生年度\":2020}]]]]","last_polygon_uuid":"b4aa3ab3-dc26-4e76-891e-de0b890d7767","prev_last_polygon_uuid":"f0f61df1-5649-4191-a219-ac5f28aeed58","local_government_cd":"016080","point_lng":142.874816942,"point_lat":42.146675639}},{"arcs":[[312]],"type":"Polygon","properties":{"polygon_uuid":"c960eda1-8f4c-4792-9c3e-6063769624dc","land_type":200,"issue_year":2025,"edit_year":2020,"history":"[{\"筆ポリゴンID\":\"ad43efce-d1af-40d9-8e69-bf1d462ca8fb\",\"更新年度\":2024,\"前年同一\":true},[{\"筆ポリゴンID\":\"30b4a6a4-ad1a-4295-91f2-a9949f909372\",\"更新年度\":2023,\"前年同一\":true},[{\"筆ポリゴンID\":\"209beaef-93db-4982-8983-10948070d6c2\",\"更新年度\":2022,\"前年同一\":true},[{\"筆ポリゴンID\":\"35929cdf-bc13-4e78-a075-ff199ba26576\",\"更新年度\":2021,\"前年同一\":true},{\"筆ポリゴンID\":\"35929cdf-bc13-4e78-a075-ff199ba26576\",\"発生年度\":2020}]]]]","last_polygon_uuid":"ad43efce-d1af-40d9-8e69-bf1d462ca8fb","prev_last_polygon_uuid":"30b4a6a4-ad1a-4295-91f2-a9949f909372","local_government_cd":"016080","point_lng":142.944862454,"point_lat":42.173300505}},{"arcs":[[313]],"type":"Polygon","properties":{"polygon_uuid":"95c09dbd-3758-43ec-a22a-4866e01f170c","land_type":200,"issue_year":2025,"edit_year":2020,"history":"[{\"筆ポリゴンID\":\"8e8b3af6-6172-4437-b374-6b4c8e4df3c3\",\"更新年度\":2024,\"前年同一\":true},[{\"筆ポリゴンID\":\"1d441c89-f140-4018-b7f3-b1d5eea479a0\",\"更新年度\":2023,\"前年同一\":true},[{\"筆ポリゴンID\":\"649f9b2a-26e8-4d95-ba31-4ed3657850fc\",\"更新年度\":2022,\"前年同一\":true},[{\"筆ポリゴンID\":\"3b48d707-e7b7-4935-b90a-6e3d669a4ae7\",\"更新年度\":2021,\"前年同一\":true},{\"筆ポリゴンID\":\"3b48d707-e7b7-4935-b90a-6e3d669a4ae7\",\"発生年度\":2020}]]]]","last_polygon_uuid":"8e8b3af6-6172-4437-b374-6b4c8e4df3c3","prev_last_polygon_uuid":"1d441c89-f140-4018-b7f3-b1d5eea479a0","local_government_cd":"016080","point_lng":142.989434753,"point_lat":42.124356656}},{"arcs":[[314]],"type":"Polygon","properties":{"polygon_uuid":"c547369e-ab0b-4605-b717-d6029fe9b417","land_type":200,"issue_year":2025,"edit_year":2020,"history":"[{\"筆ポリゴンID\":\"17c9a902-6af6-421f-8427-6e850f53f9b1\",\"更新年度\":2024,\"前年同一\":true},[{\"筆ポリゴンID\":\"116e7279-ac55-4a08-a75d-f89d72b5589f\",\"更新年度\":2023,\"前年同一\":true},[{\"筆ポリゴンID\":\"f3bac83e-c672-40b3-b7ce-8d9822bc8064\",\"更新年度\":2022,\"前年同一\":true},[{\"筆ポリゴンID\":\"d11f1b91-3717-4e91-8470-56451538352d\",\"更新年度\":2021,\"前年同一\":true},{\"筆ポリゴンID\":\"d11f1b91-3717-4e91-8470-56451538352d\",\"発生年度\":2020}]]]]","last_polygon_uuid":"17c9a902-6af6-421f-8427-6e850f53f9b1","prev_last_polygon_uuid":"116e7279-ac55-4a08-a75d-f89d72b5589f","local_government_cd":"016080","point_lng":142.957672903,"point_lat":42.178832691}},{"arcs":[[315]],"type":"Polygon","properties":{"polygon_uuid":"bb0b30eb-e826-4aa5-9d15-4b3eea257c19","land_type":200,"issue_year":2025,"edit_year":2020,"history":"[{\"筆ポリゴンID\":\"24804ac7-2e71-4179-bfd8-3915adc046b1\",\"更新年度\":2024,\"前年同一\":true},[{\"筆ポリゴンID\":\"2db05018-9dcb-45fd-83ec-50607ca44539\",\"更新年度\":2023,\"前年同一\":true},[{\"筆ポリゴンID\":\"8e2db444-735e-41ed-be20-10e089dbfbef\",\"更新年度\":2022,\"前年同一\":true},[{\"筆ポリゴンID\":\"b6af33f9-8009-4fb5-9179-7616d3018207\",\"更新年度\":2021,\"前年同一\":true},{\"筆ポリゴンID\":\"b6af33f9-8009-4fb5-9179-7616d3018207\",\"発生年度\":2020}]]]]","last_polygon_uuid":"24804ac7-2e71-4179-bfd8-3915adc046b1","prev_last_polygon_uuid":"2db05018-9dcb-45fd-83ec-50607ca44539","local_government_cd":"016080","point_lng":142.954087451,"point_lat":42.178731876}},{"arcs":[[316]],"type":"Polygon","properties":{"polygon_uuid":"3a7b970b-1c70-445b-bc98-ed781e93f542","land_type":200,"issue_year":2025,"edit_year":2020,"history":"[{\"筆ポリゴンID\":\"5548e115-3561-4bea-a7c4-4d4983798c09\",\"更新年度\":2024,\"前年同一\":true},[{\"筆ポリゴンID\":\"535e7778-b326-4fc7-9c52-a82774965dbe\",\"更新年度\":2023,\"前年同一\":true},[{\"筆ポリゴンID\":\"12ba7371-b420-4139-a2fb-6d3b564380e7\",\"更新年度\":2022,\"前年同一\":true},[{\"筆ポリゴンID\":\"eb5d68a1-4f09-4dcc-8037-1853f98e3ca6\",\"更新年度\":2021,\"前年同一\":true},{\"筆ポリゴンID\":\"eb5d68a1-4f09-4dcc-8037-1853f98e3ca6\",\"発生年度\":2020}]]]]","last_polygon_uuid":"5548e115-3561-4bea-a7c4-4d4983798c09","prev_last_polygon_uuid":"535e7778-b326-4fc7-9c52-a82774965dbe","local_government_cd":"016080","point_lng":143.009850322,"point_lat":42.217090504}},{"arcs":[[-297,-307,317]],"type":"Polygon","properties":{"polygon_uuid":"6834e645-215b-4f62-a1c9-359540c287e5","land_type":200,"issue_year":2025,"edit_year":2020,"history":"[{\"筆ポリゴンID\":\"c6d2f183-6dcb-4ab1-9873-79ed4edfad05\",\"更新年度\":2024,\"前年同一\":true},[{\"筆ポリゴンID\":\"198312f3-2f57-4efc-bc83-5b7923e6054c\",\"更新年度\":2023,\"前年同一\":true},[{\"筆ポリゴンID\":\"0e9e0e6f-96fb-43cd-90c4-732be3383582\",\"更新年度\":2022,\"前年同一\":true},[{\"筆ポリゴンID\":\"be4cbc40-c5d7-47b5-b6c2-b373b91fb1c3\",\"更新年度\":2021,\"前年同一\":true},{\"筆ポリゴンID\":\"be4cbc40-c5d7-47b5-b6c2-b373b91fb1c3\",\"発生年度\":2020}]]]]","last_polygon_uuid":"c6d2f183-6dcb-4ab1-9873-79ed4edfad05","prev_last_polygon_uuid":"198312f3-2f57-4efc-bc83-5b7923e6054c","local_government_cd":"016080","point_lng":142.980684364,"point_lat":42.107568025}},{"arcs":[[-277,318]],"type":"Polygon","properties":{"polygon_uuid":"e99aa356-4210-4b72-9904-c7793a5060f6","land_type":200,"issue_year":2025,"edit_year":2020,"history":"[{\"筆ポリゴンID\":\"ad44cfcb-c2b2-4b61-b29a-5e9af6f591ea\",\"更新年度\":2024,\"前年同一\":true},[{\"筆ポリゴンID\":\"0e648ac0-f01b-4411-9793-650a86282072\",\"更新年度\":2023,\"前年同一\":true},[{\"筆ポリゴンID\":\"dc824a23-8214-43e0-af2f-61bb4c9e617a\",\"更新年度\":2022,\"前年同一\":true},[{\"筆ポリゴンID\":\"45396770-99a7-4688-b8ce-8afa800bd2a5\",\"更新年度\":2021,\"前年同一\":true},{\"筆ポリゴンID\":\"45396770-99a7-4688-b8ce-8afa800bd2a5\",\"発生年度\":2020}]]]]","last_polygon_uuid":"ad44cfcb-c2b2-4b61-b29a-5e9af6f591ea","prev_last_polygon_uuid":"0e648ac0-f01b-4411-9793-650a86282072","local_government_cd":"016080","point_lng":142.868851104,"point_lat":42.143256441}},{"arcs":[[-252,319]],"type":"Polygon","properties":{"polygon_uuid":"56fba652-f0ca-4739-978b-14b1d5d01777","land_type":200,"issue_year":2025,"edit_year":2020,"history":"[{\"筆ポリゴンID\":\"26707823-fd78-44cc-8ea4-9f2cc246755f\",\"更新年度\":2024,\"前年同一\":true},[{\"筆ポリゴンID\":\"8cd5d5e2-7680-45a0-998c-eeebc8527134\",\"更新年度\":2023,\"前年同一\":true},[{\"筆ポリゴンID\":\"9f2183a3-0055-41a3-a5c3-40bfae3ce1af\",\"更新年度\":2022,\"前年同一\":true},[{\"筆ポリゴンID\":\"4cdaf456-4b6f-46b2-8757-8c5180dd6ae4\",\"更新年度\":2021,\"前年同一\":true},{\"筆ポリゴンID\":\"4cdaf456-4b6f-46b2-8757-8c5180dd6ae4\",\"発生年度\":2020}]]]]","last_polygon_uuid":"26707823-fd78-44cc-8ea4-9f2cc246755f","prev_last_polygon_uuid":"8cd5d5e2-7680-45a0-998c-eeebc8527134","local_government_cd":"016080","point_lng":142.91282319,"point_lat":42.176230908}},{"arcs":[[320],[321]],"type":"Polygon","properties":{"polygon_uuid":"7ca92da6-6d41-4d23-ae9e-7b832cdf2299","land_type":200,"issue_year":2025,"edit_year":2020,"history":"[{\"筆ポリゴンID\":\"310aa579-73b4-4bb7-baf0-733978ed3969\",\"更新年度\":2024,\"前年同一\":true},[{\"筆ポリゴンID\":\"d40c2c15-c3eb-4a00-b11d-dea269de3d18\",\"更新年度\":2023,\"前年同一\":true},[{\"筆ポリゴンID\":\"191d602c-6046-4946-8b3e-9e6e26c235ba\",\"更新年度\":2022,\"前年同一\":true},[{\"筆ポリゴンID\":\"0bd7872c-5134-48c8-8006-5fbc9e739764\",\"更新年度\":2021,\"前年同一\":true},{\"筆ポリゴンID\":\"0bd7872c-5134-48c8-8006-5fbc9e739764\",\"発生年度\":2020}]]]]","last_polygon_uuid":"310aa579-73b4-4bb7-baf0-733978ed3969","prev_last_polygon_uuid":"d40c2c15-c3eb-4a00-b11d-dea269de3d18","local_government_cd":"016080","point_lng":142.881110919,"point_lat":42.137559883}},{"arcs":[[322]],"type":"Polygon","properties":{"polygon_uuid":"d697d8b4-c9b1-474c-9f73-217d9d231bdb","land_type":200,"issue_year":2025,"edit_year":2020,"history":"[{\"筆ポリゴンID\":\"94a39078-1e72-4dca-b821-44e7c3772765\",\"更新年度\":2024,\"前年同一\":true},[{\"筆ポリゴンID\":\"8b2ddd1d-7375-41db-a60c-e719c4235293\",\"更新年度\":2023,\"前年同一\":true},[{\"筆ポリゴンID\":\"b29444b0-da0f-4fa2-94de-b775e7e32036\",\"更新年度\":2022,\"前年同一\":true},[{\"筆ポリゴンID\":\"5a28b0c5-cff3-4022-af96-061a5d087833\",\"更新年度\":2021,\"前年同一\":true},{\"筆ポリゴンID\":\"5a28b0c5-cff3-4022-af96-061a5d087833\",\"発生年度\":2020}]]]]","last_polygon_uuid":"94a39078-1e72-4dca-b821-44e7c3772765","prev_last_polygon_uuid":"8b2ddd1d-7375-41db-a60c-e719c4235293","local_government_cd":"016080","point_lng":142.9682641,"point_lat":42.173682002}},{"arcs":[[323],[324]],"type":"Polygon","properties":{"polygon_uuid":"b80468e3-3686-43d2-b137-aeb01b4e0f41","land_type":200,"issue_year":2025,"edit_year":2020,"history":"[{\"筆ポリゴンID\":\"efac1262-5d6f-4572-86dd-26be47c0ee8c\",\"更新年度\":2024,\"前年同一\":true},[{\"筆ポリゴンID\":\"86430325-3bcf-4b64-a9d4-bbf2645f8850\",\"更新年度\":2023,\"前年同一\":true},[{\"筆ポリゴンID\":\"c955c751-c62b-44d9-8dba-e998e00ad6b2\",\"更新年度\":2022,\"前年同一\":true},[{\"筆ポリゴンID\":\"4a6dc67e-19de-4afc-8a60-0594a899974c\",\"更新年度\":2021,\"前年同一\":true},{\"筆ポリゴンID\":\"4a6dc67e-19de-4afc-8a60-0594a899974c\",\"発生年度\":2020}]]]]","last_polygon_uuid":"efac1262-5d6f-4572-86dd-26be47c0ee8c","prev_last_polygon_uuid":"86430325-3bcf-4b64-a9d4-bbf2645f8850","local_government_cd":"016080","point_lng":142.944417148,"point_lat":42.170601698}},{"arcs":[[325]],"type":"Polygon","properties":{"polygon_uuid":"841ec8a7-0c16-4b29-8c25-f4ad80ec38f2","land_type":200,"issue_year":2025,"edit_year":2020,"history":"[{\"筆ポリゴンID\":\"7983fb41-4221-44f0-9899-317c7e1aedeb\",\"更新年度\":2024,\"前年同一\":true},[{\"筆ポリゴンID\":\"9297e279-d85c-4b5c-9678-e700c29e7991\",\"更新年度\":2023,\"前年同一\":true},[{\"筆ポリゴンID\":\"a8f12829-40ef-4932-8cbf-5c4a4af40eab\",\"更新年度\":2022,\"前年同一\":true},[{\"筆ポリゴンID\":\"29b83884-5a2f-4918-8b5f-46ba5c4a13a4\",\"更新年度\":2021,\"前年同一\":true},{\"筆ポリゴンID\":\"29b83884-5a2f-4918-8b5f-46ba5c4a13a4\",\"発生年度\":2020}]]]]","last_polygon_uuid":"7983fb41-4221-44f0-9899-317c7e1aedeb","prev_last_polygon_uuid":"9297e279-d85c-4b5c-9678-e700c29e7991","local_government_cd":"016080","point_lng":142.913262652,"point_lat":42.170795256}},{"arcs":[[326]],"type":"Polygon","properties":{"polygon_uuid":"c9b58c53-f8f1-4cb9-a122-1260431a78e4","land_type":200,"issue_year":2025,"edit_year":2020,"history":"[{\"筆ポリゴンID\":\"ef4c9162-7341-466f-8326-93bab0cbcdfe\",\"更新年度\":2024,\"前年同一\":true},[{\"筆ポリゴンID\":\"8e7d8004-c2a8-4d4d-8997-289e71d1b37d\",\"更新年度\":2023,\"前年同一\":true},[{\"筆ポリゴンID\":\"0c05f9f3-2173-4df9-a24b-a1a5c7b60d8f\",\"更新年度\":2022,\"前年同一\":true},[{\"筆ポリゴンID\":\"1fca806e-a025-4662-b74c-865c66b70267\",\"更新年度\":2021,\"前年同一\":true},{\"筆ポリゴンID\":\"1fca806e-a025-4662-b74c-865c66b70267\",\"発生年度\":2020}]]]]","last_polygon_uuid":"ef4c9162-7341-466f-8326-93bab0cbcdfe","prev_last_polygon_uuid":"8e7d8004-c2a8-4d4d-8997-289e71d1b37d","local_government_cd":"016080","point_lng":142.972675663,"point_lat":42.174985459}},{"arcs":[[327]],"type":"Polygon","properties":{"polygon_uuid":"6694156d-52e9-4392-8fe5-43f5269479b6","land_type":200,"issue_year":2025,"edit_year":2020,"history":"[{\"筆ポリゴンID\":\"a472a0dd-bcfe-4fba-adc1-0120a82004c0\",\"更新年度\":2024,\"前年同一\":true},[{\"筆ポリゴンID\":\"9fe48deb-0a3e-4317-91ea-4f91a75c2241\",\"更新年度\":2023,\"前年同一\":true},[{\"筆ポリゴンID\":\"6b09e617-a571-4716-9239-41be9783912b\",\"更新年度\":2022,\"前年同一\":true},[{\"筆ポリゴンID\":\"d267015f-0ed9-468c-921b-e8259e83413a\",\"更新年度\":2021,\"前年同一\":true},{\"筆ポリゴンID\":\"d267015f-0ed9-468c-921b-e8259e83413a\",\"発生年度\":2020}]]]]","last_polygon_uuid":"a472a0dd-bcfe-4fba-adc1-0120a82004c0","prev_last_polygon_uuid":"9fe48deb-0a3e-4317-91ea-4f91a75c2241","local_government_cd":"016080","point_lng":142.910335047,"point_lat":42.175177474}},{"arcs":[[328]],"type":"Polygon","properties":{"polygon_uuid":"4025b74b-dcd3-4c6d-84c1-54ec0b68bf2d","land_type":200,"issue_year":2025,"edit_year":2020,"history":"[{\"筆ポリゴンID\":\"ba5c57dd-3aaa-4c01-af3b-745370e2dddf\",\"更新年度\":2024,\"前年同一\":true},[{\"筆ポリゴンID\":\"80fed7e8-3768-41e1-8cdd-9d1b2cf3eef1\",\"更新年度\":2023,\"前年同一\":true},[{\"筆ポリゴンID\":\"a25969bd-f6a9-4316-bf30-635c25f77c0b\",\"更新年度\":2022,\"前年同一\":true},[{\"筆ポリゴンID\":\"4c779e5a-e384-4a56-be08-60973f1a9a14\",\"更新年度\":2021,\"前年同一\":true},{\"筆ポリゴンID\":\"4c779e5a-e384-4a56-be08-60973f1a9a14\",\"発生年度\":2020}]]]]","last_polygon_uuid":"ba5c57dd-3aaa-4c01-af3b-745370e2dddf","prev_last_polygon_uuid":"80fed7e8-3768-41e1-8cdd-9d1b2cf3eef1","local_government_cd":"016080","point_lng":142.961649751,"point_lat":42.173287677}},{"arcs":[[-63,329]],"type":"Polygon","properties":{"polygon_uuid":"3e28624f-7eac-423b-893b-f843f4dac33e","land_type":200,"issue_year":2025,"edit_year":2020,"history":"[{\"筆ポリゴンID\":\"a13ba054-830d-4fa0-9008-0fe81db44807\",\"更新年度\":2024,\"前年同一\":true},[{\"筆ポリゴンID\":\"d77cbe4b-17ce-4700-86c0-81b9c23507ef\",\"更新年度\":2023,\"前年同一\":true},[{\"筆ポリゴンID\":\"38592b43-cd9c-4297-9131-6d837a3253cf\",\"更新年度\":2022,\"前年同一\":true},[{\"筆ポリゴンID\":\"ea8bff76-68df-4128-b1ef-51eb4f329a38\",\"更新年度\":2021,\"前年同一\":true},{\"筆ポリゴンID\":\"ea8bff76-68df-4128-b1ef-51eb4f329a38\",\"発生年度\":2020}]]]]","last_polygon_uuid":"a13ba054-830d-4fa0-9008-0fe81db44807","prev_last_polygon_uuid":"d77cbe4b-17ce-4700-86c0-81b9c23507ef","local_government_cd":"016080","point_lng":142.964917811,"point_lat":42.176936424}},{"arcs":[[-291,330]],"type":"Polygon","properties":{"polygon_uuid":"6730d908-ce79-4ab3-944d-80a44aa11903","land_type":200,"issue_year":2025,"edit_year":2020,"history":"[{\"筆ポリゴンID\":\"065fd6e0-ea49-4583-8f25-543f1a9fac58\",\"更新年度\":2024,\"前年同一\":true},[{\"筆ポリゴンID\":\"680ab200-1ba8-44aa-87b7-6862cb7e652d\",\"更新年度\":2023,\"前年同一\":true},[{\"筆ポリゴンID\":\"3d60d286-6a51-42b6-9d3b-977fe8ca9725\",\"更新年度\":2022,\"前年同一\":true},[{\"筆ポリゴンID\":\"32c34c35-f4bf-45f3-aff1-4931fe9879a5\",\"更新年度\":2021,\"前年同一\":true},{\"筆ポリゴンID\":\"32c34c35-f4bf-45f3-aff1-4931fe9879a5\",\"発生年度\":2020}]]]]","last_polygon_uuid":"065fd6e0-ea49-4583-8f25-543f1a9fac58","prev_last_polygon_uuid":"680ab200-1ba8-44aa-87b7-6862cb7e652d","local_government_cd":"016080","point_lng":142.869485786,"point_lat":42.137504262}},{"arcs":[[331]],"type":"Polygon","properties":{"polygon_uuid":"e3da77e2-502d-4c1e-a472-4ccc0b5a5fb5","land_type":200,"issue_year":2025,"edit_year":2020,"history":"[{\"筆ポリゴンID\":\"e29213df-4119-4eeb-b815-7606b50c5461\",\"更新年度\":2024,\"前年同一\":true},[{\"筆ポリゴンID\":\"499d74f5-37c8-4b09-bf75-ccdae809667b\",\"更新年度\":2023,\"前年同一\":true},[{\"筆ポリゴンID\":\"e3030e67-89b4-4f5b-9f0b-5c4af4c07660\",\"更新年度\":2022,\"前年同一\":true},[{\"筆ポリゴンID\":\"e569dfea-9344-4f58-bc82-657ea273932c\",\"更新年度\":2021,\"前年同一\":true},{\"筆ポリゴンID\":\"e569dfea-9344-4f58-bc82-657ea273932c\",\"発生年度\":2020}]]]]","last_polygon_uuid":"e29213df-4119-4eeb-b815-7606b50c5461","prev_last_polygon_uuid":"499d74f5-37c8-4b09-bf75-ccdae809667b","local_government_cd":"016080","point_lng":142.979475789,"point_lat":42.145299925}},{"arcs":[[332]],"type":"Polygon","properties":{"polygon_uuid":"2d036046-913b-46f3-b4c5-e8c769740f88","land_type":200,"issue_year":2025,"edit_year":2020,"history":"[{\"筆ポリゴンID\":\"165f081b-c96a-480e-99ab-7eef8077827b\",\"更新年度\":2024,\"前年同一\":true},[{\"筆ポリゴンID\":\"fc4658a6-1224-4c12-8a3e-420c62eefcfc\",\"更新年度\":2023,\"前年同一\":true},[{\"筆ポリゴンID\":\"03cf1be0-f416-4f6f-8c77-cc3c9f35b4a2\",\"更新年度\":2022,\"前年同一\":true},[{\"筆ポリゴンID\":\"27354248-c3f1-467e-b7fb-d2ee517fc208\",\"更新年度\":2021,\"前年同一\":true},{\"筆ポリゴンID\":\"27354248-c3f1-467e-b7fb-d2ee517fc208\",\"発生年度\":2020}]]]]","last_polygon_uuid":"165f081b-c96a-480e-99ab-7eef8077827b","prev_last_polygon_uuid":"fc4658a6-1224-4c12-8a3e-420c62eefcfc","local_government_cd":"016080","point_lng":143.042747342,"point_lat":42.215094869}},{"arcs":[[333]],"type":"Polygon","properties":{"polygon_uuid":"fbe6502c-0004-4ff3-9dc1-edafd8799f8c","land_type":200,"issue_year":2025,"edit_year":2020,"history":"[{\"筆ポリゴンID\":\"2745b0b0-e97d-4236-8da4-67f1e5de0b3f\",\"更新年度\":2024,\"前年同一\":true},[{\"筆ポリゴンID\":\"52209988-0ea3-4775-b71f-c1d97908604a\",\"更新年度\":2023,\"前年同一\":true},[{\"筆ポリゴンID\":\"6ed03f87-d4bc-4a1f-a7fe-112aa9d9e24a\",\"更新年度\":2022,\"前年同一\":true},[{\"筆ポリゴンID\":\"a4a1ff62-bf69-48f5-9511-3c665286a3fd\",\"更新年度\":2021,\"前年同一\":true},{\"筆ポリゴンID\":\"a4a1ff62-bf69-48f5-9511-3c665286a3fd\",\"発生年度\":2020}]]]]","last_polygon_uuid":"2745b0b0-e97d-4236-8da4-67f1e5de0b3f","prev_last_polygon_uuid":"52209988-0ea3-4775-b71f-c1d97908604a","local_government_cd":"016080","point_lng":142.911157498,"point_lat":42.171312235}},{"arcs":[[334]],"type":"Polygon","properties":{"polygon_uuid":"fb13b4df-a021-4221-aad5-69fb82a50eb2","land_type":200,"issue_year":2025,"edit_year":2020,"history":"[{\"筆ポリゴンID\":\"c8ee850e-6870-4aac-81a1-6417ddb3aa75\",\"更新年度\":2024,\"前年同一\":true},[{\"筆ポリゴンID\":\"75d87151-a692-448e-96b4-7b882500f268\",\"更新年度\":2023,\"前年同一\":true},[{\"筆ポリゴンID\":\"d69df5b4-317b-4f84-adce-d82c3f46cb4c\",\"更新年度\":2022,\"前年同一\":true},[{\"筆ポリゴンID\":\"bb626721-9241-4938-ad8c-25d89634ce8d\",\"更新年度\":2021,\"前年同一\":true},{\"筆ポリゴンID\":\"bb626721-9241-4938-ad8c-25d89634ce8d\",\"発生年度\":2020}]]]]","last_polygon_uuid":"c8ee850e-6870-4aac-81a1-6417ddb3aa75","prev_last_polygon_uuid":"75d87151-a692-448e-96b4-7b882500f268","local_government_cd":"016080","point_lng":142.947364935,"point_lat":42.171358724}},{"arcs":[[335]],"type":"Polygon","properties":{"polygon_uuid":"18089100-38bc-4c9b-b134-d281466ec279","land_type":200,"issue_year":2025,"edit_year":2020,"history":"[{\"筆ポリゴンID\":\"d329d1df-5dfc-42e3-9ec2-595ddd616d7b\",\"更新年度\":2024,\"前年同一\":true},[{\"筆ポリゴンID\":\"1b5653da-4eee-41f4-9a25-cafd038fca5a\",\"更新年度\":2023,\"前年同一\":true},[{\"筆ポリゴンID\":\"3408b9c8-9199-4c36-b6eb-8cd191b98644\",\"更新年度\":2022,\"前年同一\":true},[{\"筆ポリゴンID\":\"42be528b-ac47-42ab-b9c5-1862485d6a1c\",\"更新年度\":2021,\"前年同一\":true},{\"筆ポリゴンID\":\"42be528b-ac47-42ab-b9c5-1862485d6a1c\",\"発生年度\":2020}]]]]","last_polygon_uuid":"d329d1df-5dfc-42e3-9ec2-595ddd616d7b","prev_last_polygon_uuid":"1b5653da-4eee-41f4-9a25-cafd038fca5a","local_government_cd":"016080","point_lng":143.007903281,"point_lat":42.216607014}},{"arcs":[[336,-7,337,-210]],"type":"Polygon","properties":{"polygon_uuid":"d95a6758-d4a0-4eac-8176-60c5b3bca02b","land_type":200,"issue_year":2025,"edit_year":2020,"history":"[{\"筆ポリゴンID\":\"75acfdf2-f538-40bd-92c7-5ea7fba928a9\",\"更新年度\":2024,\"前年同一\":true},[{\"筆ポリゴンID\":\"8fc008f2-33c4-4b53-bd95-b4b92e2671cd\",\"更新年度\":2023,\"前年同一\":true},[{\"筆ポリゴンID\":\"1ed45cb0-4571-4b57-99e4-643c0a3c6d13\",\"更新年度\":2022,\"前年同一\":true},[{\"筆ポリゴンID\":\"d9a8f8b9-47c1-458c-afc4-84645922a203\",\"更新年度\":2021,\"前年同一\":true},{\"筆ポリゴンID\":\"d9a8f8b9-47c1-458c-afc4-84645922a203\",\"発生年度\":2020}]]]]","last_polygon_uuid":"75acfdf2-f538-40bd-92c7-5ea7fba928a9","prev_last_polygon_uuid":"8fc008f2-33c4-4b53-bd95-b4b92e2671cd","local_government_cd":"016080","point_lng":142.986717308,"point_lat":42.146411635}},{"arcs":[[338]],"type":"Polygon","properties":{"polygon_uuid":"1bc366aa-04c8-4520-b148-4d13780ed0e4","land_type":200,"issue_year":2025,"edit_year":2020,"history":"[{\"筆ポリゴンID\":\"cc6e26e0-97b6-40a4-bf01-1ff32facc1b0\",\"更新年度\":2024,\"前年同一\":true},[{\"筆ポリゴンID\":\"9cef6f9d-fa6e-444d-9e8d-ed88cb820725\",\"更新年度\":2023,\"前年同一\":true},[{\"筆ポリゴンID\":\"8a524081-cfc5-4f30-9a7c-0df48cd2af98\",\"更新年度\":2022,\"前年同一\":true},[{\"筆ポリゴンID\":\"1f1976dc-25cf-40c0-a193-0145fc8ae799\",\"更新年度\":2021,\"前年同一\":true},{\"筆ポリゴンID\":\"1f1976dc-25cf-40c0-a193-0145fc8ae799\",\"発生年度\":2020}]]]]","last_polygon_uuid":"cc6e26e0-97b6-40a4-bf01-1ff32facc1b0","prev_last_polygon_uuid":"9cef6f9d-fa6e-444d-9e8d-ed88cb820725","local_government_cd":"016080","point_lng":142.981453702,"point_lat":42.195376412}},{"arcs":[[339]],"type":"Polygon","properties":{"polygon_uuid":"c04fabfb-bcf1-4380-b5fc-070246402c9e","land_type":200,"issue_year":2025,"edit_year":2020,"history":"[{\"筆ポリゴンID\":\"0cb40bbb-cd2a-48a9-8519-b8f9b43cb340\",\"更新年度\":2024,\"前年同一\":true},[{\"筆ポリゴンID\":\"ebefb1ff-a400-49b3-bb26-b636cf3d40ee\",\"更新年度\":2023,\"前年同一\":true},[{\"筆ポリゴンID\":\"476bd5ef-faf8-44e7-a4c3-e3d6ab5bfcfd\",\"更新年度\":2022,\"前年同一\":true},[{\"筆ポリゴンID\":\"7a1f72d1-c179-407d-8750-127f6424f617\",\"更新年度\":2021,\"前年同一\":true},{\"筆ポリゴンID\":\"7a1f72d1-c179-407d-8750-127f6424f617\",\"発生年度\":2020}]]]]","last_polygon_uuid":"0cb40bbb-cd2a-48a9-8519-b8f9b43cb340","prev_last_polygon_uuid":"ebefb1ff-a400-49b3-bb26-b636cf3d40ee","local_government_cd":"016080","point_lng":142.964363906,"point_lat":42.119477846}},{"arcs":[[340]],"type":"Polygon","properties":{"polygon_uuid":"a60ec01e-e547-4ba8-bc62-d0514075726a","land_type":200,"issue_year":2025,"edit_year":2020,"history":"[{\"筆ポリゴンID\":\"50e4a950-7d3b-4804-ba49-1931cd684377\",\"更新年度\":2024,\"前年同一\":true},[{\"筆ポリゴンID\":\"be0dae14-31af-41ff-a82d-bb83b384e3d3\",\"更新年度\":2023,\"前年同一\":true},[{\"筆ポリゴンID\":\"64fc7aeb-e743-4cce-960b-a5a9e201f7ab\",\"更新年度\":2022,\"前年同一\":true},[{\"筆ポリゴンID\":\"c50aa182-a9e5-4c8b-9a0f-34d51ca8865a\",\"更新年度\":2021,\"前年同一\":true},{\"筆ポリゴンID\":\"c50aa182-a9e5-4c8b-9a0f-34d51ca8865a\",\"発生年度\":2020}]]]]","last_polygon_uuid":"50e4a950-7d3b-4804-ba49-1931cd684377","prev_last_polygon_uuid":"be0dae14-31af-41ff-a82d-bb83b384e3d3","local_government_cd":"016080","point_lng":142.912210586,"point_lat":42.151580876}},{"arcs":[[341]],"type":"Polygon","properties":{"polygon_uuid":"cffe47a8-8880-418b-b1cf-775db0aca8f9","land_type":200,"issue_year":2025,"edit_year":2020,"history":"[{\"筆ポリゴンID\":\"f462189a-0d80-4868-830b-d09dc5a9f21e\",\"更新年度\":2024,\"前年同一\":true},[{\"筆ポリゴンID\":\"e4261c10-8b41-4683-b1cf-1e90746bc47f\",\"更新年度\":2023,\"前年同一\":true},[{\"筆ポリゴンID\":\"c9d7e49e-7ae1-4cc2-b86e-cac8600b13ad\",\"更新年度\":2022,\"前年同一\":true},[{\"筆ポリゴンID\":\"f3b314fb-fb7b-473e-994e-011c21ea59af\",\"更新年度\":2021,\"前年同一\":true},{\"筆ポリゴンID\":\"f3b314fb-fb7b-473e-994e-011c21ea59af\",\"発生年度\":2020}]]]]","last_polygon_uuid":"f462189a-0d80-4868-830b-d09dc5a9f21e","prev_last_polygon_uuid":"e4261c10-8b41-4683-b1cf-1e90746bc47f","local_government_cd":"016080","point_lng":142.948847642,"point_lat":42.162083389}},{"arcs":[[342]],"type":"Polygon","properties":{"polygon_uuid":"9e75a93c-174c-498e-975e-eac9c743e02e","land_type":200,"issue_year":2025,"edit_year":2020,"history":"[{\"筆ポリゴンID\":\"14b29095-84bb-47cb-9726-c8ef07d3f8ca\",\"更新年度\":2024,\"前年同一\":true},[{\"筆ポリゴンID\":\"8c512306-aaa6-4f18-82ca-7a0fa8778859\",\"更新年度\":2023,\"前年同一\":true},[{\"筆ポリゴンID\":\"719ef891-deed-4813-9e27-f43110f640f2\",\"更新年度\":2022,\"前年同一\":true},[{\"筆ポリゴンID\":\"a9887ed8-da1e-46ac-9c2f-b7b8977876f6\",\"更新年度\":2021,\"前年同一\":true},{\"筆ポリゴンID\":\"a9887ed8-da1e-46ac-9c2f-b7b8977876f6\",\"発生年度\":2020}]]]]","last_polygon_uuid":"14b29095-84bb-47cb-9726-c8ef07d3f8ca","prev_last_polygon_uuid":"8c512306-aaa6-4f18-82ca-7a0fa8778859","local_government_cd":"016080","point_lng":142.917592446,"point_lat":42.147688719}},{"arcs":[[343]],"type":"Polygon","properties":{"polygon_uuid":"004c7705-9cb2-434b-a0a3-b62364238977","land_type":200,"issue_year":2025,"edit_year":2020,"history":"[{\"筆ポリゴンID\":\"4c88d224-95b7-4868-841e-dc097955c3b6\",\"更新年度\":2024,\"前年同一\":true},[{\"筆ポリゴンID\":\"09d8660e-a21c-4275-8b72-fe52a82c5990\",\"更新年度\":2023,\"前年同一\":true},[{\"筆ポリゴンID\":\"913fb520-7ec0-408d-8c34-cf2bb1221754\",\"更新年度\":2022,\"前年同一\":true},[{\"筆ポリゴンID\":\"45004553-cfa9-42ec-8007-7b2017f3c5ba\",\"更新年度\":2021,\"前年同一\":true},{\"筆ポリゴンID\":\"45004553-cfa9-42ec-8007-7b2017f3c5ba\",\"発生年度\":2020}]]]]","last_polygon_uuid":"4c88d224-95b7-4868-841e-dc097955c3b6","prev_last_polygon_uuid":"09d8660e-a21c-4275-8b72-fe52a82c5990","local_government_cd":"016080","point_lng":142.90860987,"point_lat":42.154282225}},{"arcs":[[344,345]],"type":"Polygon","properties":{"polygon_uuid":"fc702b08-3a74-446e-b0c5-344fead1ffd2","land_type":200,"issue_year":2025,"edit_year":2020,"history":"[{\"筆ポリゴンID\":\"c117ae3c-7aab-4fe8-818f-a4f13e8841a4\",\"更新年度\":2024,\"前年同一\":true},[{\"筆ポリゴンID\":\"f6f1959b-b96f-4ddc-8de7-3c6649a2b14d\",\"更新年度\":2023,\"前年同一\":true},[{\"筆ポリゴンID\":\"baa18f56-5a4a-4ac9-9560-18b0a6065865\",\"更新年度\":2022,\"前年同一\":true},[{\"筆ポリゴンID\":\"43d61701-0c83-4118-ab1a-c18a8a42b13c\",\"更新年度\":2021,\"前年同一\":true},{\"筆ポリゴンID\":\"43d61701-0c83-4118-ab1a-c18a8a42b13c\",\"発生年度\":2020}]]]]","last_polygon_uuid":"c117ae3c-7aab-4fe8-818f-a4f13e8841a4","prev_last_polygon_uuid":"f6f1959b-b96f-4ddc-8de7-3c6649a2b14d","local_government_cd":"016080","point_lng":142.900361715,"point_lat":42.143100854}},{"arcs":[[346,347]],"type":"Polygon","properties":{"polygon_uuid":"b10e96db-14c9-4c62-bbf8-7c9d5fbbcde6","land_type":200,"issue_year":2025,"edit_year":2020,"history":"[{\"筆ポリゴンID\":\"fc839572-59e6-40fb-af97-521e0c3438c4\",\"更新年度\":2024,\"前年同一\":true},[{\"筆ポリゴンID\":\"245099a0-8e7e-41ee-a384-ffcf804da741\",\"更新年度\":2023,\"前年同一\":true},[{\"筆ポリゴンID\":\"839e91ec-67dd-4d2f-abbe-a238363fa93b\",\"更新年度\":2022,\"前年同一\":true},[{\"筆ポリゴンID\":\"fd1b297d-cd9c-46bf-82a7-df564ce38eb0\",\"更新年度\":2021,\"前年同一\":true},{\"筆ポリゴンID\":\"fd1b297d-cd9c-46bf-82a7-df564ce38eb0\",\"発生年度\":2020}]]]]","last_polygon_uuid":"fc839572-59e6-40fb-af97-521e0c3438c4","prev_last_polygon_uuid":"245099a0-8e7e-41ee-a384-ffcf804da741","local_government_cd":"016080","point_lng":142.953181528,"point_lat":42.161499681}},{"arcs":[[348,349]],"type":"Polygon","properties":{"polygon_uuid":"985c6a18-6983-4b42-ace8-52366cbe0fba","land_type":200,"issue_year":2025,"edit_year":2020,"history":"[{\"筆ポリゴンID\":\"bd079d06-a0df-4ddd-b763-fe50ea49f3b8\",\"更新年度\":2024,\"前年同一\":true},[{\"筆ポリゴンID\":\"8d7d3bb2-e91a-4032-8851-aba788d83e18\",\"更新年度\":2023,\"前年同一\":true},[{\"筆ポリゴンID\":\"630c750c-ac0d-4491-a78f-136c3fd02d4b\",\"更新年度\":2022,\"前年同一\":true},[{\"筆ポリゴンID\":\"9a11c508-baca-4b1b-9796-1accfb3332e2\",\"更新年度\":2021,\"前年同一\":true},{\"筆ポリゴンID\":\"9a11c508-baca-4b1b-9796-1accfb3332e2\",\"発生年度\":2020}]]]]","last_polygon_uuid":"bd079d06-a0df-4ddd-b763-fe50ea49f3b8","prev_last_polygon_uuid":"8d7d3bb2-e91a-4032-8851-aba788d83e18","local_government_cd":"016080","point_lng":142.910167907,"point_lat":42.151050166}},{"arcs":[[350]],"type":"Polygon","properties":{"polygon_uuid":"69a14836-0fde-4a37-9b7f-0541a5fbdee6","land_type":200,"issue_year":2025,"edit_year":2020,"history":"[{\"筆ポリゴンID\":\"2ff911bb-7a34-4423-9bbf-a488581e1a05\",\"更新年度\":2024,\"前年同一\":true},[{\"筆ポリゴンID\":\"5c298899-051e-4385-94ba-ab429f8c40b6\",\"更新年度\":2023,\"前年同一\":true},[{\"筆ポリゴンID\":\"3f9d11a9-9b43-4e53-b964-b2c7880596ae\",\"更新年度\":2022,\"前年同一\":true},[{\"筆ポリゴンID\":\"73e7a3a5-275d-49c3-b06e-36c400e4d2c9\",\"更新年度\":2021,\"前年同一\":true},{\"筆ポリゴンID\":\"73e7a3a5-275d-49c3-b06e-36c400e4d2c9\",\"発生年度\":2020}]]]]","last_polygon_uuid":"2ff911bb-7a34-4423-9bbf-a488581e1a05","prev_last_polygon_uuid":"5c298899-051e-4385-94ba-ab429f8c40b6","local_government_cd":"016080","point_lng":142.95244495,"point_lat":42.154715959}},{"arcs":[[351]],"type":"Polygon","properties":{"polygon_uuid":"fdf502da-abff-4851-b5e3-dfc0e134d474","land_type":200,"issue_year":2025,"edit_year":2020,"history":"[{\"筆ポリゴンID\":\"33dc5142-2f81-44d5-99ec-02346676f25f\",\"更新年度\":2024,\"前年同一\":true},[{\"筆ポリゴンID\":\"6e266746-1204-4cb4-99b5-bd55af34adcf\",\"更新年度\":2023,\"前年同一\":true},[{\"筆ポリゴンID\":\"cd1d7fb5-314d-4fd7-a86b-fea69a43176b\",\"更新年度\":2022,\"前年同一\":true},[{\"筆ポリゴンID\":\"a4bb712a-6df9-4a60-9d86-f3fd9c5f4cfe\",\"更新年度\":2021,\"前年同一\":true},{\"筆ポリゴンID\":\"a4bb712a-6df9-4a60-9d86-f3fd9c5f4cfe\",\"発生年度\":2020}]]]]","last_polygon_uuid":"33dc5142-2f81-44d5-99ec-02346676f25f","prev_last_polygon_uuid":"6e266746-1204-4cb4-99b5-bd55af34adcf","local_government_cd":"016080","point_lng":142.956117871,"point_lat":42.16697592}},{"arcs":[[352]],"type":"Polygon","properties":{"polygon_uuid":"bd355885-6fa8-4d92-973c-5a7ee251152b","land_type":200,"issue_year":2025,"edit_year":2020,"history":"[{\"筆ポリゴンID\":\"602a8e9a-5919-4365-9458-bd2665ad6c25\",\"更新年度\":2024,\"前年同一\":true},[{\"筆ポリゴンID\":\"63d9a710-1f22-401d-9810-3680a067fe9a\",\"更新年度\":2023,\"前年同一\":true},[{\"筆ポリゴンID\":\"8a469658-05a8-4692-aa5e-8d8554c5d5a3\",\"更新年度\":2022,\"前年同一\":true},[{\"筆ポリゴンID\":\"ca2a222f-9960-4a9c-a782-1b53af67f1bc\",\"更新年度\":2021,\"前年同一\":true},{\"筆ポリゴンID\":\"ca2a222f-9960-4a9c-a782-1b53af67f1bc\",\"発生年度\":2020}]]]]","last_polygon_uuid":"602a8e9a-5919-4365-9458-bd2665ad6c25","prev_last_polygon_uuid":"63d9a710-1f22-401d-9810-3680a067fe9a","local_government_cd":"016080","point_lng":142.954597618,"point_lat":42.132886292}},{"arcs":[[353]],"type":"Polygon","properties":{"polygon_uuid":"3ef9e328-0140-477e-8db6-19475c9cb786","land_type":200,"issue_year":2025,"edit_year":2020,"history":"[{\"筆ポリゴンID\":\"db08bcfc-4a3a-47fd-ba8b-bf66d49343ea\",\"更新年度\":2024,\"前年同一\":true},[{\"筆ポリゴンID\":\"af9dbee0-2a3e-4422-b560-d9b3ccbc3578\",\"更新年度\":2023,\"前年同一\":true},[{\"筆ポリゴンID\":\"81a2b70e-3c20-47a6-82c4-7f502bd43abd\",\"更新年度\":2022,\"前年同一\":true},[{\"筆ポリゴンID\":\"a3796a6a-6312-4225-964f-aa56edd12425\",\"更新年度\":2021,\"前年同一\":true},{\"筆ポリゴンID\":\"a3796a6a-6312-4225-964f-aa56edd12425\",\"発生年度\":2020}]]]]","last_polygon_uuid":"db08bcfc-4a3a-47fd-ba8b-bf66d49343ea","prev_last_polygon_uuid":"af9dbee0-2a3e-4422-b560-d9b3ccbc3578","local_government_cd":"016080","point_lng":142.956702323,"point_lat":42.126773501}},{"arcs":[[354]],"type":"Polygon","properties":{"polygon_uuid":"2e29434a-55e2-42c5-ac2b-adcf9fd478d5","land_type":200,"issue_year":2025,"edit_year":2020,"history":"[{\"筆ポリゴンID\":\"d59484e5-56c0-4200-ad1d-4afe147fe9b2\",\"更新年度\":2024,\"前年同一\":true},[{\"筆ポリゴンID\":\"977425d6-c8e7-4e15-92c9-23da279bc919\",\"更新年度\":2023,\"前年同一\":true},[{\"筆ポリゴンID\":\"c6c96dcd-855a-4bee-affb-309a5177ae6d\",\"更新年度\":2022,\"前年同一\":true},[{\"筆ポリゴンID\":\"3a63a873-3983-4746-91c4-b36809e5e7bc\",\"更新年度\":2021,\"前年同一\":true},{\"筆ポリゴンID\":\"3a63a873-3983-4746-91c4-b36809e5e7bc\",\"発生年度\":2020}]]]]","last_polygon_uuid":"d59484e5-56c0-4200-ad1d-4afe147fe9b2","prev_last_polygon_uuid":"977425d6-c8e7-4e15-92c9-23da279bc919","local_government_cd":"016080","point_lng":142.941937476,"point_lat":42.162569898}},{"arcs":[[-350,355]],"type":"Polygon","properties":{"polygon_uuid":"fb98fad8-dc38-49e7-aa2f-a56787896eed","land_type":200,"issue_year":2025,"edit_year":2020,"history":"[{\"筆ポリゴンID\":\"ef496116-20ee-41ae-a828-4c5f79041de3\",\"更新年度\":2024,\"前年同一\":true},[{\"筆ポリゴンID\":\"f4c1fdb1-3a21-439d-87e5-cb6da0416e54\",\"更新年度\":2023,\"前年同一\":true},[{\"筆ポリゴンID\":\"7809d02f-05d1-4175-b118-a42fdc7e2883\",\"更新年度\":2022,\"前年同一\":true},[{\"筆ポリゴンID\":\"4c2b4cfa-ae04-4277-8e27-6df910b28983\",\"更新年度\":2021,\"前年同一\":true},{\"筆ポリゴンID\":\"4c2b4cfa-ae04-4277-8e27-6df910b28983\",\"発生年度\":2020}]]]]","last_polygon_uuid":"ef496116-20ee-41ae-a828-4c5f79041de3","prev_last_polygon_uuid":"f4c1fdb1-3a21-439d-87e5-cb6da0416e54","local_government_cd":"016080","point_lng":142.908708123,"point_lat":42.150455276}},{"arcs":[[356]],"type":"Polygon","properties":{"polygon_uuid":"d9be9039-51b1-469f-ac7f-8d5c92424503","land_type":200,"issue_year":2025,"edit_year":2020,"history":"[{\"筆ポリゴンID\":\"76c7c425-2ea0-4e4f-89af-a9b31641185d\",\"更新年度\":2024,\"前年同一\":true},[{\"筆ポリゴンID\":\"597e0e05-1d8f-4173-ab95-43d0a1d8b170\",\"更新年度\":2023,\"前年同一\":true},[{\"筆ポリゴンID\":\"3521a09c-6f7e-4914-b983-06512b1fd5d8\",\"更新年度\":2022,\"前年同一\":true},[{\"筆ポリゴンID\":\"ee0ef97b-f962-4527-8f5e-38151ca34daa\",\"更新年度\":2021,\"前年同一\":true},{\"筆ポリゴンID\":\"ee0ef97b-f962-4527-8f5e-38151ca34daa\",\"発生年度\":2020}]]]]","last_polygon_uuid":"76c7c425-2ea0-4e4f-89af-a9b31641185d","prev_last_polygon_uuid":"597e0e05-1d8f-4173-ab95-43d0a1d8b170","local_government_cd":"016080","point_lng":142.912211877,"point_lat":42.15400914}},{"arcs":[[357]],"type":"Polygon","properties":{"polygon_uuid":"6fe6c1ff-f20c-42f0-9f85-275ea4b7610a","land_type":200,"issue_year":2025,"edit_year":2020,"history":"[{\"筆ポリゴンID\":\"2c0eff3e-b034-44c5-b42a-0b7144e3fde0\",\"更新年度\":2024,\"前年同一\":true},[{\"筆ポリゴンID\":\"a3a99ca4-e79b-47d9-ad7a-aecf59e3c130\",\"更新年度\":2023,\"前年同一\":true},[{\"筆ポリゴンID\":\"7f35df18-473e-4d3e-9ba6-191b51477992\",\"更新年度\":2022,\"前年同一\":true},[{\"筆ポリゴンID\":\"6af60426-a235-4680-a973-ae7804a7f997\",\"更新年度\":2021,\"前年同一\":true},{\"筆ポリゴンID\":\"6af60426-a235-4680-a973-ae7804a7f997\",\"発生年度\":2020}]]]]","last_polygon_uuid":"2c0eff3e-b034-44c5-b42a-0b7144e3fde0","prev_last_polygon_uuid":"a3a99ca4-e79b-47d9-ad7a-aecf59e3c130","local_government_cd":"016080","point_lng":142.911509151,"point_lat":42.160073741}},{"arcs":[[358]],"type":"Polygon","properties":{"polygon_uuid":"a80114cd-853b-4642-83d7-65a5c8cb8129","land_type":200,"issue_year":2025,"edit_year":2020,"history":"[{\"筆ポリゴンID\":\"82f4b728-f678-4b11-80da-e5eb5288c80b\",\"更新年度\":2024,\"前年同一\":true},[{\"筆ポリゴンID\":\"ad14034a-f416-4ef5-a580-023620d719a4\",\"更新年度\":2023,\"前年同一\":true},[{\"筆ポリゴンID\":\"323a6373-23d3-45f1-8cca-60c20d277745\",\"更新年度\":2022,\"前年同一\":true},[{\"筆ポリゴンID\":\"d56344bd-7a9c-4dec-afc5-b70f1733abd8\",\"更新年度\":2021,\"前年同一\":true},{\"筆ポリゴンID\":\"d56344bd-7a9c-4dec-afc5-b70f1733abd8\",\"発生年度\":2020}]]]]","last_polygon_uuid":"82f4b728-f678-4b11-80da-e5eb5288c80b","prev_last_polygon_uuid":"ad14034a-f416-4ef5-a580-023620d719a4","local_government_cd":"016080","point_lng":142.912334145,"point_lat":42.151193894}},{"arcs":[[359]],"type":"Polygon","properties":{"polygon_uuid":"174c465e-1eb5-43e7-ae7b-210bae48b17c","land_type":200,"issue_year":2025,"edit_year":2020,"history":"[{\"筆ポリゴンID\":\"454514be-2218-4b03-a094-beaa616f9acc\",\"更新年度\":2024,\"前年同一\":true},[{\"筆ポリゴンID\":\"4c0c624b-4c93-40e4-ab1d-98dbcb6fcbbe\",\"更新年度\":2023,\"前年同一\":true},[{\"筆ポリゴンID\":\"97d205dc-fea8-47d0-a1a9-e454514d8db0\",\"更新年度\":2022,\"前年同一\":true},[{\"筆ポリゴンID\":\"d2a7f881-c447-4b41-9f97-5bbce31c0027\",\"更新年度\":2021,\"前年同一\":true},{\"筆ポリゴンID\":\"d2a7f881-c447-4b41-9f97-5bbce31c0027\",\"発生年度\":2020}]]]]","last_polygon_uuid":"454514be-2218-4b03-a094-beaa616f9acc","prev_last_polygon_uuid":"4c0c624b-4c93-40e4-ab1d-98dbcb6fcbbe","local_government_cd":"016080","point_lng":142.919371459,"point_lat":42.153254475}},{"arcs":[[360,361]],"type":"Polygon","properties":{"polygon_uuid":"f2b2471f-d1f6-45af-8950-90be1c463b36","land_type":200,"issue_year":2025,"edit_year":2020,"history":"[{\"筆ポリゴンID\":\"d578f6f9-38c0-49c9-bb30-283e971104c6\",\"更新年度\":2024,\"前年同一\":true},[{\"筆ポリゴンID\":\"8b78516e-207e-4d76-867e-cb9309146ef6\",\"更新年度\":2023,\"前年同一\":true},[{\"筆ポリゴンID\":\"b4c566c9-8e9d-4876-8edd-1fa45fba79e7\",\"更新年度\":2022,\"前年同一\":true},[{\"筆ポリゴンID\":\"e50b5b0b-1502-460a-b70a-cb69cdc00931\",\"更新年度\":2021,\"前年同一\":true},{\"筆ポリゴンID\":\"e50b5b0b-1502-460a-b70a-cb69cdc00931\",\"発生年度\":2020}]]]]","last_polygon_uuid":"d578f6f9-38c0-49c9-bb30-283e971104c6","prev_last_polygon_uuid":"8b78516e-207e-4d76-867e-cb9309146ef6","local_government_cd":"016080","point_lng":142.944071321,"point_lat":42.131415253}},{"arcs":[[362]],"type":"Polygon","properties":{"polygon_uuid":"d510f7bd-ed81-4884-9a5c-26253d6d9514","land_type":200,"issue_year":2025,"edit_year":2020,"history":"[{\"筆ポリゴンID\":\"bc9731e1-8f86-4dc5-be6c-7d68a20945ba\",\"更新年度\":2024,\"前年同一\":true},[{\"筆ポリゴンID\":\"827bd5c9-fc6a-4006-b771-b2f5648f0bc7\",\"更新年度\":2023,\"前年同一\":true},[{\"筆ポリゴンID\":\"25613abf-43d1-43de-8380-739e37cdfc16\",\"更新年度\":2022,\"前年同一\":true},[{\"筆ポリゴンID\":\"d58f933f-42ef-4d08-8d03-a8a21b0061d8\",\"更新年度\":2021,\"前年同一\":true},{\"筆ポリゴンID\":\"d58f933f-42ef-4d08-8d03-a8a21b0061d8\",\"発生年度\":2020}]]]]","last_polygon_uuid":"bc9731e1-8f86-4dc5-be6c-7d68a20945ba","prev_last_polygon_uuid":"827bd5c9-fc6a-4006-b771-b2f5648f0bc7","local_government_cd":"016080","point_lng":142.947317612,"point_lat":42.125351455}},{"arcs":[[363]],"type":"Polygon","properties":{"polygon_uuid":"b57123c3-6f16-4a2a-90ce-f6363c853a9a","land_type":200,"issue_year":2025,"edit_year":2020,"history":"[{\"筆ポリゴンID\":\"03d23143-190a-4324-b3d1-5f1f3da5fc17\",\"更新年度\":2024,\"前年同一\":true},[{\"筆ポリゴンID\":\"a47a077c-9701-4fbc-915c-62873dd5499b\",\"更新年度\":2023,\"前年同一\":true},[{\"筆ポリゴンID\":\"9b07114e-fc05-4241-b044-de88173e1e0a\",\"更新年度\":2022,\"前年同一\":true},[{\"筆ポリゴンID\":\"144c3cd3-dec5-486a-873d-816899912f13\",\"更新年度\":2021,\"前年同一\":true},{\"筆ポリゴンID\":\"144c3cd3-dec5-486a-873d-816899912f13\",\"発生年度\":2020}]]]]","last_polygon_uuid":"03d23143-190a-4324-b3d1-5f1f3da5fc17","prev_last_polygon_uuid":"a47a077c-9701-4fbc-915c-62873dd5499b","local_government_cd":"016080","point_lng":142.963181199,"point_lat":42.130356886}},{"arcs":[[364]],"type":"Polygon","properties":{"polygon_uuid":"97cee3fb-aad9-4666-b896-c7d8c7b0c245","land_type":200,"issue_year":2025,"edit_year":2020,"history":"[{\"筆ポリゴンID\":\"43c4f45a-1bd3-4490-871f-985897959dd5\",\"更新年度\":2024,\"前年同一\":true},[{\"筆ポリゴンID\":\"f469d8e2-af70-47c4-9ad5-471e563c0a3b\",\"更新年度\":2023,\"前年同一\":true},[{\"筆ポリゴンID\":\"1c704390-bd65-49aa-865a-0f482146cf0e\",\"更新年度\":2022,\"前年同一\":true},[{\"筆ポリゴンID\":\"9b7fc2aa-e973-4b70-a0ca-6f579e936a94\",\"更新年度\":2021,\"前年同一\":true},{\"筆ポリゴンID\":\"9b7fc2aa-e973-4b70-a0ca-6f579e936a94\",\"発生年度\":2020}]]]]","last_polygon_uuid":"43c4f45a-1bd3-4490-871f-985897959dd5","prev_last_polygon_uuid":"f469d8e2-af70-47c4-9ad5-471e563c0a3b","local_government_cd":"016080","point_lng":142.904563139,"point_lat":42.138588136}},{"arcs":[[365,366]],"type":"Polygon","properties":{"polygon_uuid":"ff8423e5-4a48-43c0-94be-318fad94e8f9","land_type":200,"issue_year":2025,"edit_year":2020,"history":"[{\"筆ポリゴンID\":\"e1ffc39b-ae00-4512-98a4-914a7b35459a\",\"更新年度\":2024,\"前年同一\":true},[{\"筆ポリゴンID\":\"33ab3234-52f3-487f-ba68-6e2d53ab8030\",\"更新年度\":2023,\"前年同一\":true},[{\"筆ポリゴンID\":\"b51a8942-3ec4-41d4-b641-caf8d6710c94\",\"更新年度\":2022,\"前年同一\":true},[{\"筆ポリゴンID\":\"0a24e8b7-05e9-47b9-8dd1-3ba95cf54dab\",\"更新年度\":2021,\"前年同一\":true},{\"筆ポリゴンID\":\"0a24e8b7-05e9-47b9-8dd1-3ba95cf54dab\",\"発生年度\":2020}]]]]","last_polygon_uuid":"e1ffc39b-ae00-4512-98a4-914a7b35459a","prev_last_polygon_uuid":"33ab3234-52f3-487f-ba68-6e2d53ab8030","local_government_cd":"016080","point_lng":142.956759775,"point_lat":42.158539779}},{"arcs":[[367]],"type":"Polygon","properties":{"polygon_uuid":"f516b005-1176-4958-acce-18303cf5e904","land_type":200,"issue_year":2025,"edit_year":2020,"history":"[{\"筆ポリゴンID\":\"17711e34-f230-4580-b4e2-5306b17c026e\",\"更新年度\":2024,\"前年同一\":true},[{\"筆ポリゴンID\":\"bb4a84ec-bc84-4ea1-9d54-f3c0a39650cd\",\"更新年度\":2023,\"前年同一\":true},[{\"筆ポリゴンID\":\"eb67a0af-c5ec-430e-a20e-30d2b1f83f86\",\"更新年度\":2022,\"前年同一\":true},[{\"筆ポリゴンID\":\"33d70352-25a0-43b4-be60-04345df5043d\",\"更新年度\":2021,\"前年同一\":true},{\"筆ポリゴンID\":\"33d70352-25a0-43b4-be60-04345df5043d\",\"発生年度\":2020}]]]]","last_polygon_uuid":"17711e34-f230-4580-b4e2-5306b17c026e","prev_last_polygon_uuid":"bb4a84ec-bc84-4ea1-9d54-f3c0a39650cd","local_government_cd":"016080","point_lng":142.911450223,"point_lat":42.157408428}},{"arcs":[[368,369]],"type":"Polygon","properties":{"polygon_uuid":"4c1ed53c-daf7-4f8f-9b80-4f23018f27e3","land_type":200,"issue_year":2025,"edit_year":2020,"history":"[{\"筆ポリゴンID\":\"2ecb13a8-c673-4941-8943-f14a5e68fa69\",\"更新年度\":2024,\"前年同一\":true},[{\"筆ポリゴンID\":\"3e462265-89f2-4583-b0b4-8a741e7f3b06\",\"更新年度\":2023,\"前年同一\":true},[{\"筆ポリゴンID\":\"4f59d370-9ebc-4ff2-8c7c-a28fa9f69a85\",\"更新年度\":2022,\"前年同一\":true},[{\"筆ポリゴンID\":\"ca938871-ca41-4da6-bad4-54272cc3a565\",\"更新年度\":2021,\"前年同一\":true},{\"筆ポリゴンID\":\"ca938871-ca41-4da6-bad4-54272cc3a565\",\"発生年度\":2020}]]]]","last_polygon_uuid":"2ecb13a8-c673-4941-8943-f14a5e68fa69","prev_last_polygon_uuid":"3e462265-89f2-4583-b0b4-8a741e7f3b06","local_government_cd":"016080","point_lng":142.935208264,"point_lat":42.146903966}},{"arcs":[[370,371]],"type":"Polygon","properties":{"polygon_uuid":"d86710e2-cae8-4738-921a-cdc96e223718","land_type":200,"issue_year":2025,"edit_year":2020,"history":"[{\"筆ポリゴンID\":\"1e73278d-517b-47b3-9435-14f9927443cc\",\"更新年度\":2024,\"前年同一\":true},[{\"筆ポリゴンID\":\"881f017d-4518-4bd1-a329-4ea6f727c0ab\",\"更新年度\":2023,\"前年同一\":true},[{\"筆ポリゴンID\":\"c6f79c80-76e4-4a0b-a84a-4558aa27c0c7\",\"更新年度\":2022,\"前年同一\":true},[{\"筆ポリゴンID\":\"68f8e203-70e4-4048-b128-6c437fee8d3e\",\"更新年度\":2021,\"前年同一\":true},{\"筆ポリゴンID\":\"68f8e203-70e4-4048-b128-6c437fee8d3e\",\"発生年度\":2020}]]]]","last_polygon_uuid":"1e73278d-517b-47b3-9435-14f9927443cc","prev_last_polygon_uuid":"881f017d-4518-4bd1-a329-4ea6f727c0ab","local_government_cd":"016080","point_lng":142.954003706,"point_lat":42.137607185}},{"arcs":[[372,373]],"type":"Polygon","properties":{"polygon_uuid":"7d46f2d0-b9bb-404b-96df-c0420d56d077","land_type":200,"issue_year":2025,"edit_year":2020,"history":"[{\"筆ポリゴンID\":\"ed59c5b3-f8b3-4153-9607-f60faab89c9c\",\"更新年度\":2024,\"前年同一\":true},[{\"筆ポリゴンID\":\"e1b93426-8720-49b4-b930-4b3ccfac212b\",\"更新年度\":2023,\"前年同一\":true},[{\"筆ポリゴンID\":\"1153a10d-db1d-43fd-bc82-99f28ee76ad6\",\"更新年度\":2022,\"前年同一\":true},[{\"筆ポリゴンID\":\"a77b9a30-c0ed-41e9-b2d4-42ab03d09ec8\",\"更新年度\":2021,\"前年同一\":true},{\"筆ポリゴンID\":\"a77b9a30-c0ed-41e9-b2d4-42ab03d09ec8\",\"発生年度\":2020}]]]]","last_polygon_uuid":"ed59c5b3-f8b3-4153-9607-f60faab89c9c","prev_last_polygon_uuid":"e1b93426-8720-49b4-b930-4b3ccfac212b","local_government_cd":"016080","point_lng":142.918061967,"point_lat":42.139066292}},{"arcs":[[374]],"type":"Polygon","properties":{"polygon_uuid":"4ddcf85e-5ed2-486b-93e1-78aa19ae857a","land_type":200,"issue_year":2025,"edit_year":2020,"history":"[{\"筆ポリゴンID\":\"5798f496-4b00-4a7b-abdb-acdf7f2b0ea5\",\"更新年度\":2024,\"前年同一\":true},[{\"筆ポリゴンID\":\"e02504ba-977a-46c2-8206-5ca9cb1778a3\",\"更新年度\":2023,\"前年同一\":true},[{\"筆ポリゴンID\":\"35e4e312-9fd5-41d1-8845-32ac24bc594c\",\"更新年度\":2022,\"前年同一\":true},[{\"筆ポリゴンID\":\"9423bbe4-3f88-419f-8dfb-65da164bd194\",\"更新年度\":2021,\"前年同一\":true},{\"筆ポリゴンID\":\"9423bbe4-3f88-419f-8dfb-65da164bd194\",\"発生年度\":2020}]]]]","last_polygon_uuid":"5798f496-4b00-4a7b-abdb-acdf7f2b0ea5","prev_last_polygon_uuid":"e02504ba-977a-46c2-8206-5ca9cb1778a3","local_government_cd":"016080","point_lng":142.953834963,"point_lat":42.157792869}},{"arcs":[[375]],"type":"Polygon","properties":{"polygon_uuid":"f0b88020-3467-4ed0-8a8d-3cab4f5a816a","land_type":200,"issue_year":2025,"edit_year":2020,"history":"[{\"筆ポリゴンID\":\"28ecbe28-dcb3-40f2-8da2-ee1110d86edb\",\"更新年度\":2024,\"前年同一\":true},[{\"筆ポリゴンID\":\"7be3d126-ac84-41e4-b0a1-2ee855516e6c\",\"更新年度\":2023,\"前年同一\":true},[{\"筆ポリゴンID\":\"bb2861ce-4a4a-400e-a778-9aa709005ab7\",\"更新年度\":2022,\"前年同一\":true},[{\"筆ポリゴンID\":\"8f569dc2-f854-4d4c-b5e6-ef17adc1f1cf\",\"更新年度\":2021,\"前年同一\":true},{\"筆ポリゴンID\":\"8f569dc2-f854-4d4c-b5e6-ef17adc1f1cf\",\"発生年度\":2020}]]]]","last_polygon_uuid":"28ecbe28-dcb3-40f2-8da2-ee1110d86edb","prev_last_polygon_uuid":"7be3d126-ac84-41e4-b0a1-2ee855516e6c","local_government_cd":"016080","point_lng":142.914458628,"point_lat":42.150507131}},{"arcs":[[376]],"type":"Polygon","properties":{"polygon_uuid":"f6e8cc87-37ff-4b99-b9cb-d254f1ffb5c2","land_type":200,"issue_year":2025,"edit_year":2020,"history":"[{\"筆ポリゴンID\":\"26e2d3f2-9c8f-4b70-9e5e-586d2910557e\",\"更新年度\":2024,\"前年同一\":true},[{\"筆ポリゴンID\":\"c9b55b0d-2c80-4c61-88a2-9435f15a482a\",\"更新年度\":2023,\"前年同一\":true},[{\"筆ポリゴンID\":\"61f0c119-2520-499c-a631-236dc5bfb8e4\",\"更新年度\":2022,\"前年同一\":true},[{\"筆ポリゴンID\":\"af396e82-861c-4956-947d-24832717708f\",\"更新年度\":2021,\"前年同一\":true},{\"筆ポリゴンID\":\"af396e82-861c-4956-947d-24832717708f\",\"発生年度\":2020}]]]]","last_polygon_uuid":"26e2d3f2-9c8f-4b70-9e5e-586d2910557e","prev_last_polygon_uuid":"c9b55b0d-2c80-4c61-88a2-9435f15a482a","local_government_cd":"016080","point_lng":142.95321976,"point_lat":42.134614423}},{"arcs":[[377]],"type":"Polygon","properties":{"polygon_uuid":"2ae64ef0-e45a-48e8-9afc-1fb2783791a9","land_type":200,"issue_year":2025,"edit_year":2020,"history":"[{\"筆ポリゴンID\":\"cd40736f-6e66-4bc8-b3bf-35cd32ad112c\",\"更新年度\":2024,\"前年同一\":true},[{\"筆ポリゴンID\":\"2f78e9bd-ed98-43fd-9213-d7df4566afcf\",\"更新年度\":2023,\"前年同一\":true},[{\"筆ポリゴンID\":\"68dd470d-f2ae-4e0d-a95e-785914b05175\",\"更新年度\":2022,\"前年同一\":true},[{\"筆ポリゴンID\":\"0fa455e0-3529-4323-8964-320934ba4f32\",\"更新年度\":2021,\"前年同一\":true},{\"筆ポリゴンID\":\"0fa455e0-3529-4323-8964-320934ba4f32\",\"発生年度\":2020}]]]]","last_polygon_uuid":"cd40736f-6e66-4bc8-b3bf-35cd32ad112c","prev_last_polygon_uuid":"2f78e9bd-ed98-43fd-9213-d7df4566afcf","local_government_cd":"016080","point_lng":142.910511462,"point_lat":42.157863215}},{"arcs":[[378]],"type":"Polygon","properties":{"polygon_uuid":"b65b530e-6539-404a-9bb0-aff5b2145f6a","land_type":200,"issue_year":2025,"edit_year":2020,"history":"[{\"筆ポリゴンID\":\"def4baf1-516c-4003-adae-fd62534faa60\",\"更新年度\":2024,\"前年同一\":true},[{\"筆ポリゴンID\":\"777f70e1-cfde-49ea-9e4e-927303737ce7\",\"更新年度\":2023,\"前年同一\":true},[{\"筆ポリゴンID\":\"6749a86a-9f04-4c4d-95ce-7c6cd8aee838\",\"更新年度\":2022,\"前年同一\":true},[{\"筆ポリゴンID\":\"36fc2e8e-cc9d-4284-9009-ef8f75f4870e\",\"更新年度\":2021,\"前年同一\":true},{\"筆ポリゴンID\":\"36fc2e8e-cc9d-4284-9009-ef8f75f4870e\",\"発生年度\":2020}]]]]","last_polygon_uuid":"def4baf1-516c-4003-adae-fd62534faa60","prev_last_polygon_uuid":"777f70e1-cfde-49ea-9e4e-927303737ce7","local_government_cd":"016080","point_lng":142.941257911,"point_lat":42.165037879}},{"arcs":[[379]],"type":"Polygon","properties":{"polygon_uuid":"33740f9c-d597-4024-832f-994600db9365","land_type":200,"issue_year":2025,"edit_year":2020,"history":"[{\"筆ポリゴンID\":\"6e2f6f6a-9f7b-49f5-b50d-0d40887fe55d\",\"更新年度\":2024,\"前年同一\":true},[{\"筆ポリゴンID\":\"9d91135b-f5d3-4779-bd32-efe29d949b90\",\"更新年度\":2023,\"前年同一\":true},[{\"筆ポリゴンID\":\"30b7c595-8d92-4137-a21c-83e243a5c817\",\"更新年度\":2022,\"前年同一\":true},[{\"筆ポリゴンID\":\"14ec8dc2-10c9-494a-93c5-bb52280abf44\",\"更新年度\":2021,\"前年同一\":true},{\"筆ポリゴンID\":\"14ec8dc2-10c9-494a-93c5-bb52280abf44\",\"発生年度\":2020}]]]]","last_polygon_uuid":"6e2f6f6a-9f7b-49f5-b50d-0d40887fe55d","prev_last_polygon_uuid":"9d91135b-f5d3-4779-bd32-efe29d949b90","local_government_cd":"016080","point_lng":142.943734823,"point_lat":42.165790895}},{"arcs":[[380]],"type":"Polygon","properties":{"polygon_uuid":"ff79424e-a333-4c80-b7e7-271457482696","land_type":200,"issue_year":2025,"edit_year":2020,"history":"[{\"筆ポリゴンID\":\"e0f5bf92-2eb0-4356-9813-60ac9ce7acb1\",\"更新年度\":2024,\"前年同一\":true},[{\"筆ポリゴンID\":\"4de86de1-1f41-4129-8737-90a71e062546\",\"更新年度\":2023,\"前年同一\":true},[{\"筆ポリゴンID\":\"a83a0fed-57be-45b0-bd4e-a13b1f127dd6\",\"更新年度\":2022,\"前年同一\":true},[{\"筆ポリゴンID\":\"af842d80-c0fd-4418-ba27-cebfabacda34\",\"更新年度\":2021,\"前年同一\":true},{\"筆ポリゴンID\":\"af842d80-c0fd-4418-ba27-cebfabacda34\",\"発生年度\":2020}]]]]","last_polygon_uuid":"e0f5bf92-2eb0-4356-9813-60ac9ce7acb1","prev_last_polygon_uuid":"4de86de1-1f41-4129-8737-90a71e062546","local_government_cd":"016080","point_lng":142.940724858,"point_lat":42.133884417}},{"arcs":[[381]],"type":"Polygon","properties":{"polygon_uuid":"1d3f3aaf-97cf-4d45-9a1d-5d6ffd4cd5c5","land_type":200,"issue_year":2025,"edit_year":2020,"history":"[{\"筆ポリゴンID\":\"383dead7-9bc0-469b-ac4e-1ff0fd2baee8\",\"更新年度\":2024,\"前年同一\":true},[{\"筆ポリゴンID\":\"53d48333-5459-45c2-9b9c-664339378f0e\",\"更新年度\":2023,\"前年同一\":true},[{\"筆ポリゴンID\":\"f841ddce-c2c5-462d-8442-7c35d366056f\",\"更新年度\":2022,\"前年同一\":true},[{\"筆ポリゴンID\":\"30fa85fc-2dab-475f-92f3-50e94f3cd416\",\"更新年度\":2021,\"前年同一\":true},{\"筆ポリゴンID\":\"30fa85fc-2dab-475f-92f3-50e94f3cd416\",\"発生年度\":2020}]]]]","last_polygon_uuid":"383dead7-9bc0-469b-ac4e-1ff0fd2baee8","prev_last_polygon_uuid":"53d48333-5459-45c2-9b9c-664339378f0e","local_government_cd":"016080","point_lng":142.921566902,"point_lat":42.151817782}},{"arcs":[[382,-347]],"type":"Polygon","properties":{"polygon_uuid":"c1117f5a-9c9e-4028-a193-5f11a854d5e2","land_type":200,"issue_year":2025,"edit_year":2022,"history":"[{\"筆ポリゴンID\":\"813ddfbd-dae6-4238-a203-a8e15001a3af\",\"更新年度\":2024,\"前年同一\":true},[{\"筆ポリゴンID\":\"1da0559d-9eae-495f-a893-86a36bb0f187\",\"更新年度\":2023,\"前年同一\":true},[{\"筆ポリゴンID\":\"c6e3e4c5-288b-4a60-8332-f22b2b0d7115\",\"更新年度\":2022,\"関連\":true},[{\"筆ポリゴンID\":\"f5c03c95-7aab-4374-89af-2ecd91a57551\",\"更新年度\":2021,\"前年同一\":true},{\"筆ポリゴンID\":\"f5c03c95-7aab-4374-89af-2ecd91a57551\",\"発生年度\":2020}]]]]","last_polygon_uuid":"813ddfbd-dae6-4238-a203-a8e15001a3af","prev_last_polygon_uuid":"1da0559d-9eae-495f-a893-86a36bb0f187","local_government_cd":"016080","point_lng":142.951871173,"point_lat":42.161971101}},{"arcs":[[383]],"type":"Polygon","properties":{"polygon_uuid":"8f1679f0-e50f-4c71-aea6-73c1a1a48e04","land_type":200,"issue_year":2025,"edit_year":2020,"history":"[{\"筆ポリゴンID\":\"b379b35c-12f9-4159-9202-a4392c7ac28a\",\"更新年度\":2024,\"前年同一\":true},[{\"筆ポリゴンID\":\"ffd6a256-a90b-424b-9ff9-04bafdd53d59\",\"更新年度\":2023,\"前年同一\":true},[{\"筆ポリゴンID\":\"81b05e7b-978f-4add-892a-39e6ff6de8fd\",\"更新年度\":2022,\"前年同一\":true},[{\"筆ポリゴンID\":\"67b75488-8287-428b-b4b6-a64e3ac98593\",\"更新年度\":2021,\"前年同一\":true},{\"筆ポリゴンID\":\"67b75488-8287-428b-b4b6-a64e3ac98593\",\"発生年度\":2020}]]]]","last_polygon_uuid":"b379b35c-12f9-4159-9202-a4392c7ac28a","prev_last_polygon_uuid":"ffd6a256-a90b-424b-9ff9-04bafdd53d59","local_government_cd":"016080","point_lng":142.944701008,"point_lat":42.164396627}},{"arcs":[[384]],"type":"Polygon","properties":{"polygon_uuid":"574f6582-8b2f-4f3e-afec-79ecd7d764ef","land_type":200,"issue_year":2025,"edit_year":2020,"history":"[{\"筆ポリゴンID\":\"040a01e4-a6e5-4276-b2c4-d031c86da71c\",\"更新年度\":2024,\"前年同一\":true},[{\"筆ポリゴンID\":\"a05230e8-02ea-4c40-b8d1-4653bb95a921\",\"更新年度\":2023,\"前年同一\":true},[{\"筆ポリゴンID\":\"f08ba898-4295-4b07-a46b-ad4e697bbc70\",\"更新年度\":2022,\"前年同一\":true},[{\"筆ポリゴンID\":\"0c086aec-4faa-45bf-b48b-c188dc1647a7\",\"更新年度\":2021,\"前年同一\":true},{\"筆ポリゴンID\":\"0c086aec-4faa-45bf-b48b-c188dc1647a7\",\"発生年度\":2020}]]]]","last_polygon_uuid":"040a01e4-a6e5-4276-b2c4-d031c86da71c","prev_last_polygon_uuid":"a05230e8-02ea-4c40-b8d1-4653bb95a921","local_government_cd":"016080","point_lng":142.956367282,"point_lat":42.156569598}},{"arcs":[[385]],"type":"Polygon","properties":{"polygon_uuid":"68f62b9d-6ee7-4bb0-ab9d-840ff02c30fb","land_type":200,"issue_year":2025,"edit_year":2020,"history":"[{\"筆ポリゴンID\":\"e37bb922-931b-447f-a3ae-34333946b645\",\"更新年度\":2024,\"前年同一\":true},[{\"筆ポリゴンID\":\"dad4e845-373e-4835-a87d-8503dcb069f0\",\"更新年度\":2023,\"前年同一\":true},[{\"筆ポリゴンID\":\"e16f45cc-7c1e-4e1d-94b7-7072b622ea00\",\"更新年度\":2022,\"前年同一\":true},[{\"筆ポリゴンID\":\"07191d49-64f1-4470-96fa-c35e5f18c9d5\",\"更新年度\":2021,\"前年同一\":true},{\"筆ポリゴンID\":\"07191d49-64f1-4470-96fa-c35e5f18c9d5\",\"発生年度\":2020}]]]]","last_polygon_uuid":"e37bb922-931b-447f-a3ae-34333946b645","prev_last_polygon_uuid":"dad4e845-373e-4835-a87d-8503dcb069f0","local_government_cd":"016080","point_lng":142.90649839,"point_lat":42.142523991}},{"arcs":[[386]],"type":"Polygon","properties":{"polygon_uuid":"9aeabb74-227d-4d11-bafa-c690eae7d540","land_type":200,"issue_year":2025,"edit_year":2020,"history":"[{\"筆ポリゴンID\":\"6d13b126-357b-440f-b5ad-f59f00f59944\",\"更新年度\":2024,\"前年同一\":true},[{\"筆ポリゴンID\":\"e14709e7-7096-48a3-acb0-a0836f37affc\",\"更新年度\":2023,\"前年同一\":true},[{\"筆ポリゴンID\":\"d0d6957d-cbc8-4d51-9681-47119b07ea86\",\"更新年度\":2022,\"前年同一\":true},[{\"筆ポリゴンID\":\"c2dc0597-13bc-48c3-adbf-fb44b8224481\",\"更新年度\":2021,\"前年同一\":true},{\"筆ポリゴンID\":\"c2dc0597-13bc-48c3-adbf-fb44b8224481\",\"発生年度\":2020}]]]]","last_polygon_uuid":"6d13b126-357b-440f-b5ad-f59f00f59944","prev_last_polygon_uuid":"e14709e7-7096-48a3-acb0-a0836f37affc","local_government_cd":"016080","point_lng":142.917342644,"point_lat":42.141791621}},{"arcs":[[387,388]],"type":"Polygon","properties":{"polygon_uuid":"d06a1fa2-defc-4e9e-a4a0-b6efac1592b1","land_type":200,"issue_year":2025,"edit_year":2020,"history":"[{\"筆ポリゴンID\":\"35f98ab8-58a0-4d30-a549-a574c624e3ee\",\"更新年度\":2024,\"前年同一\":true},[{\"筆ポリゴンID\":\"d5ba17c1-5602-406d-9cff-62d717408387\",\"更新年度\":2023,\"前年同一\":true},[{\"筆ポリゴンID\":\"d01140c7-4e30-4f13-a845-3744b22c48e1\",\"更新年度\":2022,\"前年同一\":true},[{\"筆ポリゴンID\":\"37a6ce25-3f66-4ba2-97b8-c35e2511269a\",\"更新年度\":2021,\"前年同一\":true},{\"筆ポリゴンID\":\"37a6ce25-3f66-4ba2-97b8-c35e2511269a\",\"発生年度\":2020}]]]]","last_polygon_uuid":"35f98ab8-58a0-4d30-a549-a574c624e3ee","prev_last_polygon_uuid":"d5ba17c1-5602-406d-9cff-62d717408387","local_government_cd":"016080","point_lng":142.918451939,"point_lat":42.14808754}},{"arcs":[[-345,389,390,391]],"type":"Polygon","properties":{"polygon_uuid":"5d996069-069b-4a74-aaa1-b35ad6102640","land_type":200,"issue_year":2025,"edit_year":2020,"history":"[{\"筆ポリゴンID\":\"5d4d94c2-8fd1-446e-ae26-69b87ab6da87\",\"更新年度\":2024,\"前年同一\":true},[{\"筆ポリゴンID\":\"0106790e-ead3-4efa-855b-c8c8b4fd9821\",\"更新年度\":2023,\"前年同一\":true},[{\"筆ポリゴンID\":\"27f8481c-5a77-4753-bf15-dbcdc60b81c0\",\"更新年度\":2022,\"前年同一\":true},[{\"筆ポリゴンID\":\"f38610b3-0864-48f3-9d87-99573a918d20\",\"更新年度\":2021,\"前年同一\":true},{\"筆ポリゴンID\":\"f38610b3-0864-48f3-9d87-99573a918d20\",\"発生年度\":2020}]]]]","last_polygon_uuid":"5d4d94c2-8fd1-446e-ae26-69b87ab6da87","prev_last_polygon_uuid":"0106790e-ead3-4efa-855b-c8c8b4fd9821","local_government_cd":"016080","point_lng":142.900963551,"point_lat":42.141826679}},{"arcs":[[392]],"type":"Polygon","properties":{"polygon_uuid":"d3741956-01e5-4756-b186-3e1fa7570c4d","land_type":200,"issue_year":2025,"edit_year":2020,"history":"[{\"筆ポリゴンID\":\"5b12fded-e97e-430b-a4da-a096d6998be6\",\"更新年度\":2024,\"前年同一\":true},[{\"筆ポリゴンID\":\"0fa686c2-6225-40a9-92dd-391291aba171\",\"更新年度\":2023,\"前年同一\":true},[{\"筆ポリゴンID\":\"464749c5-6dc8-4ef9-931f-c73580edf792\",\"更新年度\":2022,\"前年同一\":true},[{\"筆ポリゴンID\":\"916a73b9-ac67-4956-8ae0-19ed6f5bbc7b\",\"更新年度\":2021,\"前年同一\":true},{\"筆ポリゴンID\":\"916a73b9-ac67-4956-8ae0-19ed6f5bbc7b\",\"発生年度\":2020}]]]]","last_polygon_uuid":"5b12fded-e97e-430b-a4da-a096d6998be6","prev_last_polygon_uuid":"0fa686c2-6225-40a9-92dd-391291aba171","local_government_cd":"016080","point_lng":142.955839591,"point_lat":42.155701752}},{"arcs":[[393]],"type":"Polygon","properties":{"polygon_uuid":"d86e521c-a4ab-47e8-98a2-8b2f37b06b83","land_type":200,"issue_year":2025,"edit_year":2020,"history":"[{\"筆ポリゴンID\":\"f59e4601-2ff9-4b12-8477-38bb025f2374\",\"更新年度\":2024,\"前年同一\":true},[{\"筆ポリゴンID\":\"af2eebcf-0964-4c97-b57e-d1e84c3c6a4b\",\"更新年度\":2023,\"前年同一\":true},[{\"筆ポリゴンID\":\"3efeac60-fd2d-4750-b366-1bde6644e6cc\",\"更新年度\":2022,\"前年同一\":true},[{\"筆ポリゴンID\":\"7a17706b-73ca-4d46-85d7-f9250e9babfe\",\"更新年度\":2021,\"前年同一\":true},{\"筆ポリゴンID\":\"7a17706b-73ca-4d46-85d7-f9250e9babfe\",\"発生年度\":2020}]]]]","last_polygon_uuid":"f59e4601-2ff9-4b12-8477-38bb025f2374","prev_last_polygon_uuid":"af2eebcf-0964-4c97-b57e-d1e84c3c6a4b","local_government_cd":"016080","point_lng":142.954808569,"point_lat":42.166548553}},{"arcs":[[394,395]],"type":"Polygon","properties":{"polygon_uuid":"72215b20-e9ef-42eb-9452-506e7a0491af","land_type":200,"issue_year":2025,"edit_year":2020,"history":"[{\"筆ポリゴンID\":\"28a444a0-3390-495e-bb6d-dfb01f9c4f79\",\"更新年度\":2024,\"前年同一\":true},[{\"筆ポリゴンID\":\"ec1a06cf-5d8d-42fe-8968-cf5a2982fbd1\",\"更新年度\":2023,\"前年同一\":true},[{\"筆ポリゴンID\":\"2c9352e1-2341-4f3c-9624-146014671e71\",\"更新年度\":2022,\"前年同一\":true},[{\"筆ポリゴンID\":\"961b0524-f450-406a-9607-af3eae25bd28\",\"更新年度\":2021,\"前年同一\":true},{\"筆ポリゴンID\":\"961b0524-f450-406a-9607-af3eae25bd28\",\"発生年度\":2020}]]]]","last_polygon_uuid":"28a444a0-3390-495e-bb6d-dfb01f9c4f79","prev_last_polygon_uuid":"ec1a06cf-5d8d-42fe-8968-cf5a2982fbd1","local_government_cd":"016080","point_lng":142.910701349,"point_lat":42.141322458}},{"arcs":[[396]],"type":"Polygon","properties":{"polygon_uuid":"1c76467f-fcfc-47a1-934c-6d6256a9568e","land_type":200,"issue_year":2025,"edit_year":2020,"history":"[{\"筆ポリゴンID\":\"8c210f74-05a8-4795-a16c-551c9b65469c\",\"更新年度\":2024,\"前年同一\":true},[{\"筆ポリゴンID\":\"8e8180f6-50b4-4c72-b594-1f9cc44e8c32\",\"更新年度\":2023,\"前年同一\":true},[{\"筆ポリゴンID\":\"b9826580-485e-49db-ba79-5de921b08412\",\"更新年度\":2022,\"前年同一\":true},[{\"筆ポリゴンID\":\"50a31f80-e20b-416a-8e2e-02a0ed32c9f1\",\"更新年度\":2021,\"前年同一\":true},{\"筆ポリゴンID\":\"50a31f80-e20b-416a-8e2e-02a0ed32c9f1\",\"発生年度\":2020}]]]]","last_polygon_uuid":"8c210f74-05a8-4795-a16c-551c9b65469c","prev_last_polygon_uuid":"8e8180f6-50b4-4c72-b594-1f9cc44e8c32","local_government_cd":"016080","point_lng":142.963720999,"point_lat":42.122257663}},{"arcs":[[397]],"type":"Polygon","properties":{"polygon_uuid":"938b7c6a-140d-4b2b-b275-af945e60722d","land_type":200,"issue_year":2025,"edit_year":2020,"history":"[{\"筆ポリゴンID\":\"a18778ae-43c1-4beb-96be-c93930239214\",\"更新年度\":2024,\"前年同一\":true},[{\"筆ポリゴンID\":\"365599ac-7d98-47ed-9546-e4532fe205c7\",\"更新年度\":2023,\"前年同一\":true},[{\"筆ポリゴンID\":\"260db3b8-0f2b-45e6-b06e-94a417660d77\",\"更新年度\":2022,\"前年同一\":true},[{\"筆ポリゴンID\":\"b875ea8c-611c-4782-80c1-6468de4036d6\",\"更新年度\":2021,\"前年同一\":true},{\"筆ポリゴンID\":\"b875ea8c-611c-4782-80c1-6468de4036d6\",\"発生年度\":2020}]]]]","last_polygon_uuid":"a18778ae-43c1-4beb-96be-c93930239214","prev_last_polygon_uuid":"365599ac-7d98-47ed-9546-e4532fe205c7","local_government_cd":"016080","point_lng":142.913999353,"point_lat":42.142588566}},{"arcs":[[398]],"type":"Polygon","properties":{"polygon_uuid":"31238e5a-fd35-4392-80c7-2c8912d59462","land_type":200,"issue_year":2025,"edit_year":2020,"history":"[{\"筆ポリゴンID\":\"92fbde66-a14c-4fe0-96d0-97340a1311a9\",\"更新年度\":2024,\"前年同一\":true},[{\"筆ポリゴンID\":\"05055f65-e101-4d04-986e-136783859430\",\"更新年度\":2023,\"前年同一\":true},[{\"筆ポリゴンID\":\"764fdd15-c9b8-43ba-9190-7f26ee9ca8c1\",\"更新年度\":2022,\"前年同一\":true},[{\"筆ポリゴンID\":\"5420b7b8-1b46-4773-8faf-9f9151b9689b\",\"更新年度\":2021,\"前年同一\":true},{\"筆ポリゴンID\":\"5420b7b8-1b46-4773-8faf-9f9151b9689b\",\"発生年度\":2020}]]]]","last_polygon_uuid":"92fbde66-a14c-4fe0-96d0-97340a1311a9","prev_last_polygon_uuid":"05055f65-e101-4d04-986e-136783859430","local_government_cd":"016080","point_lng":142.918496752,"point_lat":42.150791547}},{"arcs":[[399]],"type":"Polygon","properties":{"polygon_uuid":"5a0ca26d-235f-4db6-88a8-96c8b9ed7d6e","land_type":200,"issue_year":2025,"edit_year":2020,"history":"[{\"筆ポリゴンID\":\"1f2a328d-78b7-4fbf-abda-406aaf19f19f\",\"更新年度\":2024,\"前年同一\":true},[{\"筆ポリゴンID\":\"9533830a-ddb4-485f-a2cf-1ecca5af4ed3\",\"更新年度\":2023,\"前年同一\":true},[{\"筆ポリゴンID\":\"06308078-c392-442f-924f-aec28aef82ce\",\"更新年度\":2022,\"前年同一\":true},[{\"筆ポリゴンID\":\"2dbff6d1-d794-4c15-9027-e4d070f6f976\",\"更新年度\":2021,\"前年同一\":true},{\"筆ポリゴンID\":\"2dbff6d1-d794-4c15-9027-e4d070f6f976\",\"発生年度\":2020}]]]]","last_polygon_uuid":"1f2a328d-78b7-4fbf-abda-406aaf19f19f","prev_last_polygon_uuid":"9533830a-ddb4-485f-a2cf-1ecca5af4ed3","local_government_cd":"016080","point_lng":142.901653933,"point_lat":42.137819251}},{"arcs":[[400,401,402,403]],"type":"Polygon","properties":{"polygon_uuid":"d593cf94-b4f0-466f-9611-f56452fd1c5d","land_type":200,"issue_year":2025,"edit_year":2020,"history":"[{\"筆ポリゴンID\":\"70389845-4212-44ff-af08-d8495c278786\",\"更新年度\":2024,\"前年同一\":true},[{\"筆ポリゴンID\":\"d8349364-6e13-4d68-afbf-8d666821c6b0\",\"更新年度\":2023,\"前年同一\":true},[{\"筆ポリゴンID\":\"31beb077-68f8-41a6-8d13-c38f4006670b\",\"更新年度\":2022,\"前年同一\":true},[{\"筆ポリゴンID\":\"b1046604-69b1-46b1-9e3e-ab5e687b61b0\",\"更新年度\":2021,\"前年同一\":true},{\"筆ポリゴンID\":\"b1046604-69b1-46b1-9e3e-ab5e687b61b0\",\"発生年度\":2020}]]]]","last_polygon_uuid":"70389845-4212-44ff-af08-d8495c278786","prev_last_polygon_uuid":"d8349364-6e13-4d68-afbf-8d666821c6b0","local_government_cd":"016080","point_lng":142.954886861,"point_lat":42.162134474}},{"arcs":[[404,-395]],"type":"Polygon","properties":{"polygon_uuid":"ddb90b22-aee3-4640-bdf6-0dabbfde6584","land_type":200,"issue_year":2025,"edit_year":2020,"history":"[{\"筆ポリゴンID\":\"6d16d801-14f0-49f9-8d79-2140343ad321\",\"更新年度\":2024,\"前年同一\":true},[{\"筆ポリゴンID\":\"90042a50-6a6b-4c89-9763-41a8db8298e6\",\"更新年度\":2023,\"前年同一\":true},[{\"筆ポリゴンID\":\"731cd5ff-7515-4fc8-813b-65bdcb957309\",\"更新年度\":2022,\"前年同一\":true},[{\"筆ポリゴンID\":\"14556ac4-e549-4130-8e57-7121866dd5fd\",\"更新年度\":2021,\"前年同一\":true},{\"筆ポリゴンID\":\"14556ac4-e549-4130-8e57-7121866dd5fd\",\"発生年度\":2020}]]]]","last_polygon_uuid":"6d16d801-14f0-49f9-8d79-2140343ad321","prev_last_polygon_uuid":"90042a50-6a6b-4c89-9763-41a8db8298e6","local_government_cd":"016080","point_lng":142.912234848,"point_lat":42.143078144}},{"arcs":[[405]],"type":"Polygon","properties":{"polygon_uuid":"ff16fc6d-8f02-4778-a2f3-aaa21b31edcb","land_type":200,"issue_year":2025,"edit_year":2020,"history":"[{\"筆ポリゴンID\":\"aba4d5f1-1a65-48e9-a5cb-6ff25359c455\",\"更新年度\":2024,\"前年同一\":true},[{\"筆ポリゴンID\":\"4c64fa6d-f3f8-4500-aa2a-64897e013f3c\",\"更新年度\":2023,\"前年同一\":true},[{\"筆ポリゴンID\":\"e2974bc1-0cac-467f-afb6-2a5c4de6aabe\",\"更新年度\":2022,\"前年同一\":true},[{\"筆ポリゴンID\":\"5e528aff-90e3-454a-bf64-24a05f137001\",\"更新年度\":2021,\"前年同一\":true},{\"筆ポリゴンID\":\"5e528aff-90e3-454a-bf64-24a05f137001\",\"発生年度\":2020}]]]]","last_polygon_uuid":"aba4d5f1-1a65-48e9-a5cb-6ff25359c455","prev_last_polygon_uuid":"4c64fa6d-f3f8-4500-aa2a-64897e013f3c","local_government_cd":"016080","point_lng":142.956688498,"point_lat":42.128969628}},{"arcs":[[-373,406]],"type":"Polygon","properties":{"polygon_uuid":"462635b2-3a8f-4ab7-8b1b-024d3f5fe7c6","land_type":200,"issue_year":2025,"edit_year":2020,"history":"[{\"筆ポリゴンID\":\"fd1e677f-0239-40ee-8367-db113134947e\",\"更新年度\":2024,\"前年同一\":true},[{\"筆ポリゴンID\":\"f6e3e3fe-11c7-4aa8-8a49-f37e138ea3c4\",\"更新年度\":2023,\"前年同一\":true},[{\"筆ポリゴンID\":\"ed7940ef-b36b-4b57-8b76-024f576c0fdf\",\"更新年度\":2022,\"前年同一\":true},[{\"筆ポリゴンID\":\"5d4044f7-7ce6-4108-bd31-5e8c56eb3a10\",\"更新年度\":2021,\"前年同一\":true},{\"筆ポリゴンID\":\"5d4044f7-7ce6-4108-bd31-5e8c56eb3a10\",\"発生年度\":2020}]]]]","last_polygon_uuid":"fd1e677f-0239-40ee-8367-db113134947e","prev_last_polygon_uuid":"f6e3e3fe-11c7-4aa8-8a49-f37e138ea3c4","local_government_cd":"016080","point_lng":142.915254297,"point_lat":42.139758839}},{"arcs":[[407]],"type":"Polygon","properties":{"polygon_uuid":"0dc29ec9-08f7-4e4a-b140-d0e7fdac8f5f","land_type":200,"issue_year":2025,"edit_year":2020,"history":"[{\"筆ポリゴンID\":\"22522045-4dde-465d-9567-8f83c59e52ed\",\"更新年度\":2024,\"前年同一\":true},[{\"筆ポリゴンID\":\"796cd994-5d10-4f15-8433-04b17e89529c\",\"更新年度\":2023,\"前年同一\":true},[{\"筆ポリゴンID\":\"eec54781-3320-49ed-aa8e-44b2ca94e82a\",\"更新年度\":2022,\"前年同一\":true},[{\"筆ポリゴンID\":\"ca4008de-e77a-413f-9ea7-7ffada61984c\",\"更新年度\":2021,\"前年同一\":true},{\"筆ポリゴンID\":\"ca4008de-e77a-413f-9ea7-7ffada61984c\",\"発生年度\":2020}]]]]","last_polygon_uuid":"22522045-4dde-465d-9567-8f83c59e52ed","prev_last_polygon_uuid":"796cd994-5d10-4f15-8433-04b17e89529c","local_government_cd":"016080","point_lng":142.903626681,"point_lat":42.134955034}},{"arcs":[[408]],"type":"Polygon","properties":{"polygon_uuid":"8d3aaebf-f18d-4c87-bd0d-f629eb295513","land_type":200,"issue_year":2025,"edit_year":2020,"history":"[{\"筆ポリゴンID\":\"5e301da6-a053-44d5-b03e-e7e937b9d8d4\",\"更新年度\":2024,\"前年同一\":true},[{\"筆ポリゴンID\":\"ec8aa086-a857-4e20-82b3-0e698e37cdd0\",\"更新年度\":2023,\"前年同一\":true},[{\"筆ポリゴンID\":\"8e9ee5b3-3ff1-4122-b23a-a43e548bab00\",\"更新年度\":2022,\"前年同一\":true},[{\"筆ポリゴンID\":\"238c091e-9ca0-4715-8fdd-1c041f94fa80\",\"更新年度\":2021,\"前年同一\":true},{\"筆ポリゴンID\":\"238c091e-9ca0-4715-8fdd-1c041f94fa80\",\"発生年度\":2020}]]]]","last_polygon_uuid":"5e301da6-a053-44d5-b03e-e7e937b9d8d4","prev_last_polygon_uuid":"ec8aa086-a857-4e20-82b3-0e698e37cdd0","local_government_cd":"016080","point_lng":142.955077769,"point_lat":42.159925}},{"arcs":[[409]],"type":"Polygon","properties":{"polygon_uuid":"5dca92ff-8cf5-4935-8111-cc0c66350818","land_type":200,"issue_year":2025,"edit_year":2020,"history":"[{\"筆ポリゴンID\":\"be140be0-e744-46a0-a5c5-9368fdcbcc2e\",\"更新年度\":2024,\"前年同一\":true},[{\"筆ポリゴンID\":\"8d2f120e-0534-46e7-8d9c-5294a5a98171\",\"更新年度\":2023,\"前年同一\":true},[{\"筆ポリゴンID\":\"13a1c78f-6866-4ee7-a53c-de3c0e5d523b\",\"更新年度\":2022,\"前年同一\":true},[{\"筆ポリゴンID\":\"c5b107bf-f751-46bd-9d4a-f57ccdfc9663\",\"更新年度\":2021,\"前年同一\":true},{\"筆ポリゴンID\":\"c5b107bf-f751-46bd-9d4a-f57ccdfc9663\",\"発生年度\":2020}]]]]","last_polygon_uuid":"be140be0-e744-46a0-a5c5-9368fdcbcc2e","prev_last_polygon_uuid":"8d2f120e-0534-46e7-8d9c-5294a5a98171","local_government_cd":"016080","point_lng":142.948502903,"point_lat":42.16402045}},{"arcs":[[410]],"type":"Polygon","properties":{"polygon_uuid":"dfe4d77b-26ec-466d-a101-61f9c47b9db8","land_type":200,"issue_year":2025,"edit_year":2020,"history":"[{\"筆ポリゴンID\":\"6f0ae88a-aa18-4f12-8f34-be51930fce9b\",\"更新年度\":2024,\"前年同一\":true},[{\"筆ポリゴンID\":\"149b339e-913b-4f6f-b5d8-899772ce665c\",\"更新年度\":2023,\"前年同一\":true},[{\"筆ポリゴンID\":\"d2b73696-d37f-4948-b65d-3e667df83bbe\",\"更新年度\":2022,\"前年同一\":true},[{\"筆ポリゴンID\":\"352ec49c-3966-4e96-a1f6-05ea962e1bca\",\"更新年度\":2021,\"前年同一\":true},{\"筆ポリゴンID\":\"352ec49c-3966-4e96-a1f6-05ea962e1bca\",\"発生年度\":2020}]]]]","last_polygon_uuid":"6f0ae88a-aa18-4f12-8f34-be51930fce9b","prev_last_polygon_uuid":"149b339e-913b-4f6f-b5d8-899772ce665c","local_government_cd":"016080","point_lng":142.948615562,"point_lat":42.125118016}},{"arcs":[[411]],"type":"Polygon","properties":{"polygon_uuid":"f9682e1d-5a25-46a3-a41d-1f296e98c705","land_type":200,"issue_year":2025,"edit_year":2020,"history":"[{\"筆ポリゴンID\":\"9b202155-dd4a-4740-a1fc-741f6d464fff\",\"更新年度\":2024,\"前年同一\":true},[{\"筆ポリゴンID\":\"8acc0066-44af-4a15-b85d-1bc84ba0838d\",\"更新年度\":2023,\"前年同一\":true},[{\"筆ポリゴンID\":\"92e90787-94c6-44b1-b816-d53bcddc3cb5\",\"更新年度\":2022,\"前年同一\":true},[{\"筆ポリゴンID\":\"d4817ceb-14f9-4440-9337-94dca46f6380\",\"更新年度\":2021,\"前年同一\":true},{\"筆ポリゴンID\":\"d4817ceb-14f9-4440-9337-94dca46f6380\",\"発生年度\":2020}]]]]","last_polygon_uuid":"9b202155-dd4a-4740-a1fc-741f6d464fff","prev_last_polygon_uuid":"8acc0066-44af-4a15-b85d-1bc84ba0838d","local_government_cd":"016080","point_lng":142.948004759,"point_lat":42.162303605}},{"arcs":[[412],[413],[414]],"type":"Polygon","properties":{"polygon_uuid":"ee3e1bfd-a1cd-4723-86ce-4f7feb0a6509","land_type":200,"issue_year":2025,"edit_year":2020,"history":"[{\"筆ポリゴンID\":\"1dc7c59e-998b-47c0-8746-c194ae79faf7\",\"更新年度\":2024,\"前年同一\":true},[{\"筆ポリゴンID\":\"0b664077-39aa-420d-a481-b7d8c9026227\",\"更新年度\":2023,\"前年同一\":true},[{\"筆ポリゴンID\":\"4d1881fb-12bc-4d95-961c-c8841cac5d30\",\"更新年度\":2022,\"前年同一\":true},[{\"筆ポリゴンID\":\"9f50c3bc-ae96-4d2b-b8f2-8bb1188e90cc\",\"更新年度\":2021,\"前年同一\":true},{\"筆ポリゴンID\":\"9f50c3bc-ae96-4d2b-b8f2-8bb1188e90cc\",\"発生年度\":2020}]]]]","last_polygon_uuid":"1dc7c59e-998b-47c0-8746-c194ae79faf7","prev_last_polygon_uuid":"0b664077-39aa-420d-a481-b7d8c9026227","local_government_cd":"016080","point_lng":142.915591645,"point_lat":42.166249272}},{"arcs":[[415]],"type":"Polygon","properties":{"polygon_uuid":"f37b6389-6969-4327-a79e-699b579eb178","land_type":200,"issue_year":2025,"edit_year":2020,"history":"[{\"筆ポリゴンID\":\"582885d0-c25f-468a-b579-76d45539c43c\",\"更新年度\":2024,\"前年同一\":true},[{\"筆ポリゴンID\":\"4a70b220-16b0-443c-91c6-074eb5220afb\",\"更新年度\":2023,\"前年同一\":true},[{\"筆ポリゴンID\":\"34e576c1-7875-4cd4-9c12-6f18b0c1cbdd\",\"更新年度\":2022,\"前年同一\":true},[{\"筆ポリゴンID\":\"a4b9416a-904d-453b-930f-161234a8891b\",\"更新年度\":2021,\"前年同一\":true},{\"筆ポリゴンID\":\"a4b9416a-904d-453b-930f-161234a8891b\",\"発生年度\":2020}]]]]","last_polygon_uuid":"582885d0-c25f-468a-b579-76d45539c43c","prev_last_polygon_uuid":"4a70b220-16b0-443c-91c6-074eb5220afb","local_government_cd":"016080","point_lng":142.951320215,"point_lat":42.160594917}},{"arcs":[[416]],"type":"Polygon","properties":{"polygon_uuid":"ccc36958-5bf3-4d15-bd48-a82bd94ac533","land_type":200,"issue_year":2025,"edit_year":2020,"history":"[{\"筆ポリゴンID\":\"499e9776-6a82-4c0a-86ce-2b2f8a1dc6e3\",\"更新年度\":2024,\"前年同一\":true},[{\"筆ポリゴンID\":\"05981ce2-1e29-4fdd-9b7a-33279b667478\",\"更新年度\":2023,\"前年同一\":true},[{\"筆ポリゴンID\":\"b74d0520-a0a6-4cd4-aeb3-f0d34261fa5d\",\"更新年度\":2022,\"前年同一\":true},[{\"筆ポリゴンID\":\"ed9bf76a-1943-4386-8d36-440d320c5f30\",\"更新年度\":2021,\"前年同一\":true},{\"筆ポリゴンID\":\"ed9bf76a-1943-4386-8d36-440d320c5f30\",\"発生年度\":2020}]]]]","last_polygon_uuid":"499e9776-6a82-4c0a-86ce-2b2f8a1dc6e3","prev_last_polygon_uuid":"05981ce2-1e29-4fdd-9b7a-33279b667478","local_government_cd":"016080","point_lng":142.945673488,"point_lat":42.124233455}},{"arcs":[[417]],"type":"Polygon","properties":{"polygon_uuid":"75b9bf2c-fa41-4243-9e85-ac28444e6dea","land_type":200,"issue_year":2025,"edit_year":2020,"history":"[{\"筆ポリゴンID\":\"1df4e6cb-2f7a-42d7-a4f4-ee4bb1d38c61\",\"更新年度\":2024,\"前年同一\":true},[{\"筆ポリゴンID\":\"4b5bb7c6-9dfb-47d9-b882-3b8d882e79cc\",\"更新年度\":2023,\"前年同一\":true},[{\"筆ポリゴンID\":\"95affde8-5f1d-4d2e-953e-893f970b9a91\",\"更新年度\":2022,\"前年同一\":true},[{\"筆ポリゴンID\":\"8ffa53a3-1b11-416e-85fd-a7ca9bc8db55\",\"更新年度\":2021,\"前年同一\":true},{\"筆ポリゴンID\":\"8ffa53a3-1b11-416e-85fd-a7ca9bc8db55\",\"発生年度\":2020}]]]]","last_polygon_uuid":"1df4e6cb-2f7a-42d7-a4f4-ee4bb1d38c61","prev_last_polygon_uuid":"4b5bb7c6-9dfb-47d9-b882-3b8d882e79cc","local_government_cd":"016080","point_lng":142.9435244,"point_lat":42.162143224}},{"arcs":[[418,419]],"type":"Polygon","properties":{"polygon_uuid":"eee68d4a-f752-4ba5-951b-da0c099bd734","land_type":200,"issue_year":2025,"edit_year":2020,"history":"[{\"筆ポリゴンID\":\"0cf69b12-6d45-4ad5-b82d-559b268e3a04\",\"更新年度\":2024,\"前年同一\":true},[{\"筆ポリゴンID\":\"21027153-d225-4c4d-861f-a3982a270ce9\",\"更新年度\":2023,\"前年同一\":true},[{\"筆ポリゴンID\":\"c358eb20-b1b4-4596-8756-07c5e3c3aaaf\",\"更新年度\":2022,\"前年同一\":true},[{\"筆ポリゴンID\":\"98d782dd-22fd-45c5-8475-ad254f344d03\",\"更新年度\":2021,\"前年同一\":true},{\"筆ポリゴンID\":\"98d782dd-22fd-45c5-8475-ad254f344d03\",\"発生年度\":2020}]]]]","last_polygon_uuid":"0cf69b12-6d45-4ad5-b82d-559b268e3a04","prev_last_polygon_uuid":"21027153-d225-4c4d-861f-a3982a270ce9","local_government_cd":"016080","point_lng":142.934849839,"point_lat":42.148649808}},{"arcs":[[420]],"type":"Polygon","properties":{"polygon_uuid":"03d3a5ea-8b8c-4bbd-bfd0-a2edaaf7f516","land_type":200,"issue_year":2025,"edit_year":2020,"history":"[{\"筆ポリゴンID\":\"5619dbf5-0712-484d-aec7-bdba6eb173a1\",\"更新年度\":2024,\"前年同一\":true},[{\"筆ポリゴンID\":\"0b3dd631-20f9-48aa-9e1a-ff895e0716d2\",\"更新年度\":2023,\"前年同一\":true},[{\"筆ポリゴンID\":\"300a2d05-2155-454d-8518-5e0b7bfb309c\",\"更新年度\":2022,\"前年同一\":true},[{\"筆ポリゴンID\":\"a7b2a6d7-1b70-48c8-ba83-2c46948cdf0b\",\"更新年度\":2021,\"前年同一\":true},{\"筆ポリゴンID\":\"a7b2a6d7-1b70-48c8-ba83-2c46948cdf0b\",\"発生年度\":2020}]]]]","last_polygon_uuid":"5619dbf5-0712-484d-aec7-bdba6eb173a1","prev_last_polygon_uuid":"0b3dd631-20f9-48aa-9e1a-ff895e0716d2","local_government_cd":"016080","point_lng":142.912345756,"point_lat":42.140516296}},{"arcs":[[421,422]],"type":"Polygon","properties":{"polygon_uuid":"cb1677c5-660a-42e9-8685-309144e77ee2","land_type":200,"issue_year":2025,"edit_year":2020,"history":"[{\"筆ポリゴンID\":\"46e23554-9195-4bd3-8482-0ab6f7a0405f\",\"更新年度\":2024,\"前年同一\":true},[{\"筆ポリゴンID\":\"55ee229a-b10e-410b-ae83-e4d78f63d8a0\",\"更新年度\":2023,\"前年同一\":true},[{\"筆ポリゴンID\":\"524adbee-a2fe-4a90-8068-733b7488aecb\",\"更新年度\":2022,\"前年同一\":true},[{\"筆ポリゴンID\":\"3e1d6734-aafc-4962-b929-54de32c7b78f\",\"更新年度\":2021,\"前年同一\":true},{\"筆ポリゴンID\":\"3e1d6734-aafc-4962-b929-54de32c7b78f\",\"発生年度\":2020}]]]]","last_polygon_uuid":"46e23554-9195-4bd3-8482-0ab6f7a0405f","prev_last_polygon_uuid":"55ee229a-b10e-410b-ae83-e4d78f63d8a0","local_government_cd":"016080","point_lng":142.952862604,"point_lat":42.143836017}},{"arcs":[[423]],"type":"Polygon","properties":{"polygon_uuid":"017a5993-b32a-4522-915d-119a106fd0a3","land_type":200,"issue_year":2025,"edit_year":2020,"history":"[{\"筆ポリゴンID\":\"6a835fc7-c808-4d7f-b45d-1905581c7b2f\",\"更新年度\":2024,\"前年同一\":true},[{\"筆ポリゴンID\":\"136df49a-3b68-4d70-8f30-7ad73c553363\",\"更新年度\":2023,\"前年同一\":true},[{\"筆ポリゴンID\":\"a1253edd-266a-447a-a5cf-05de04d362b8\",\"更新年度\":2022,\"前年同一\":true},[{\"筆ポリゴンID\":\"c9585c48-a0d8-46f1-8d15-c03a3fdec048\",\"更新年度\":2021,\"前年同一\":true},{\"筆ポリゴンID\":\"c9585c48-a0d8-46f1-8d15-c03a3fdec048\",\"発生年度\":2020}]]]]","last_polygon_uuid":"6a835fc7-c808-4d7f-b45d-1905581c7b2f","prev_last_polygon_uuid":"136df49a-3b68-4d70-8f30-7ad73c553363","local_government_cd":"016080","point_lng":142.902496659,"point_lat":42.136235168}},{"arcs":[[424]],"type":"Polygon","properties":{"polygon_uuid":"3a05e746-4c1e-4fe9-b402-8953f3fb568f","land_type":200,"issue_year":2025,"edit_year":2020,"history":"[{\"筆ポリゴンID\":\"69c5279c-9298-4c8e-b88f-858a34b17f1b\",\"更新年度\":2024,\"前年同一\":true},[{\"筆ポリゴンID\":\"fe5f01da-4848-4ea5-840f-7b54cf01251b\",\"更新年度\":2023,\"前年同一\":true},[{\"筆ポリゴンID\":\"e592eaa1-7a12-4ca5-9a41-be9a914dc360\",\"更新年度\":2022,\"前年同一\":true},[{\"筆ポリゴンID\":\"d44506a4-970d-479a-b29c-ecdb117e26fa\",\"更新年度\":2021,\"前年同一\":true},{\"筆ポリゴンID\":\"d44506a4-970d-479a-b29c-ecdb117e26fa\",\"発生年度\":2020}]]]]","last_polygon_uuid":"69c5279c-9298-4c8e-b88f-858a34b17f1b","prev_last_polygon_uuid":"fe5f01da-4848-4ea5-840f-7b54cf01251b","local_government_cd":"016080","point_lng":142.90011751,"point_lat":42.144002429}},{"arcs":[[425,426],[427],[428]],"type":"Polygon","properties":{"polygon_uuid":"f9d4c78f-6655-48ce-bd67-0b03674bd930","land_type":200,"issue_year":2025,"edit_year":2022,"history":"[{\"筆ポリゴンID\":\"a0e938b2-99d2-40cd-b5c8-eafe70e80ecd\",\"更新年度\":2024,\"前年同一\":true},[{\"筆ポリゴンID\":\"2bc7c5ab-8aaa-4fc4-8a0c-be848b92a5f6\",\"更新年度\":2023,\"前年同一\":true},[{\"筆ポリゴンID\":\"b4472264-5d78-4d75-99e6-49ea4e1f9dec\",\"更新年度\":2022,\"関連\":true},[{\"筆ポリゴンID\":\"7d0857fc-b505-4502-99e2-a402b2ac8931\",\"更新年度\":2021,\"前年同一\":true},{\"筆ポリゴンID\":\"7d0857fc-b505-4502-99e2-a402b2ac8931\",\"発生年度\":2020}]]]]","last_polygon_uuid":"a0e938b2-99d2-40cd-b5c8-eafe70e80ecd","prev_last_polygon_uuid":"2bc7c5ab-8aaa-4fc4-8a0c-be848b92a5f6","local_government_cd":"016080","point_lng":142.951584561,"point_lat":42.125393797}},{"arcs":[[429]],"type":"Polygon","properties":{"polygon_uuid":"24a4cfe9-ba94-4571-a9d4-d813daad1d32","land_type":200,"issue_year":2025,"edit_year":2020,"history":"[{\"筆ポリゴンID\":\"c53ad7a3-f29c-4321-96cd-24b8de55f9a0\",\"更新年度\":2024,\"前年同一\":true},[{\"筆ポリゴンID\":\"d2e3bc8f-40b1-490a-864b-77cbbc4f0a46\",\"更新年度\":2023,\"前年同一\":true},[{\"筆ポリゴンID\":\"92fec2ae-8e91-47ea-add7-0526ade74239\",\"更新年度\":2022,\"前年同一\":true},[{\"筆ポリゴンID\":\"8c70aea7-40a4-4032-b626-0bdfe3c35497\",\"更新年度\":2021,\"前年同一\":true},{\"筆ポリゴンID\":\"8c70aea7-40a4-4032-b626-0bdfe3c35497\",\"発生年度\":2020}]]]]","last_polygon_uuid":"c53ad7a3-f29c-4321-96cd-24b8de55f9a0","prev_last_polygon_uuid":"d2e3bc8f-40b1-490a-864b-77cbbc4f0a46","local_government_cd":"016080","point_lng":142.9135767,"point_lat":42.165423874}},{"arcs":[[-367,430]],"type":"Polygon","properties":{"polygon_uuid":"1fe44521-28af-4af2-801e-d804760cbcc1","land_type":200,"issue_year":2025,"edit_year":2020,"history":"[{\"筆ポリゴンID\":\"4dff5d0f-0541-4a2e-aa68-8426f7741b34\",\"更新年度\":2024,\"前年同一\":true},[{\"筆ポリゴンID\":\"8c890585-223c-4470-956c-039436b9c784\",\"更新年度\":2023,\"前年同一\":true},[{\"筆ポリゴンID\":\"b0ca8035-3343-40f7-a0b9-da464eb686c8\",\"更新年度\":2022,\"前年同一\":true},[{\"筆ポリゴンID\":\"0db25d48-06f1-4470-b025-078435fb411c\",\"更新年度\":2021,\"前年同一\":true},{\"筆ポリゴンID\":\"0db25d48-06f1-4470-b025-078435fb411c\",\"発生年度\":2020}]]]]","last_polygon_uuid":"4dff5d0f-0541-4a2e-aa68-8426f7741b34","prev_last_polygon_uuid":"8c890585-223c-4470-956c-039436b9c784","local_government_cd":"016080","point_lng":142.955069991,"point_lat":42.15847441}},{"arcs":[[431]],"type":"Polygon","properties":{"polygon_uuid":"fddfe357-19f4-4dd6-97de-368812ed2384","land_type":200,"issue_year":2025,"edit_year":2020,"history":"[{\"筆ポリゴンID\":\"f3b78744-02e4-4387-89ea-bf06d5b7dd73\",\"更新年度\":2024,\"前年同一\":true},[{\"筆ポリゴンID\":\"cbd5b985-27ab-4cbf-8eb7-ecf80c582621\",\"更新年度\":2023,\"前年同一\":true},[{\"筆ポリゴンID\":\"5a73dff7-e7c4-474d-bb1d-a98c2b04a3bb\",\"更新年度\":2022,\"前年同一\":true},[{\"筆ポリゴンID\":\"015d609b-6c41-4650-86be-5a46da7e7be1\",\"更新年度\":2021,\"前年同一\":true},{\"筆ポリゴンID\":\"015d609b-6c41-4650-86be-5a46da7e7be1\",\"発生年度\":2020}]]]]","last_polygon_uuid":"f3b78744-02e4-4387-89ea-bf06d5b7dd73","prev_last_polygon_uuid":"cbd5b985-27ab-4cbf-8eb7-ecf80c582621","local_government_cd":"016080","point_lng":142.904045147,"point_lat":42.13645453}},{"arcs":[[432]],"type":"Polygon","properties":{"polygon_uuid":"bbccc14f-e83e-4ae2-a785-7fd34c14fc62","land_type":200,"issue_year":2025,"edit_year":2020,"history":"[{\"筆ポリゴンID\":\"511ef14f-adf0-4c34-847b-136c8c0239ab\",\"更新年度\":2024,\"前年同一\":true},[{\"筆ポリゴンID\":\"f85ab86e-ec6e-4fd3-aede-aac9402db24f\",\"更新年度\":2023,\"前年同一\":true},[{\"筆ポリゴンID\":\"91ccdd43-8798-45a8-a8aa-bf34b19d04fc\",\"更新年度\":2022,\"前年同一\":true},[{\"筆ポリゴンID\":\"2193b787-46b6-4a77-8f61-e5e368f33ba2\",\"更新年度\":2021,\"前年同一\":true},{\"筆ポリゴンID\":\"2193b787-46b6-4a77-8f61-e5e368f33ba2\",\"発生年度\":2020}]]]]","last_polygon_uuid":"511ef14f-adf0-4c34-847b-136c8c0239ab","prev_last_polygon_uuid":"f85ab86e-ec6e-4fd3-aede-aac9402db24f","local_government_cd":"016080","point_lng":142.91954035,"point_lat":42.14239938}},{"arcs":[[433]],"type":"Polygon","properties":{"polygon_uuid":"cc4638e1-4d83-4552-8c02-8e6307f5922c","land_type":100,"issue_year":2025,"edit_year":2020,"history":"[{\"筆ポリゴンID\":\"a3391448-7170-4835-9856-17fcd137bc97\",\"更新年度\":2024,\"前年同一\":true},[{\"筆ポリゴンID\":\"399bafc1-a0eb-4459-b8e5-093dbce39eb4\",\"更新年度\":2023,\"前年同一\":true},[{\"筆ポリゴンID\":\"15ec0ad0-b344-4155-a24b-b77a22364232\",\"更新年度\":2022,\"前年同一\":true},[{\"筆ポリゴンID\":\"8cd6ee69-2cc8-41d9-be76-5de961318c3e\",\"更新年度\":2021,\"前年同一\":true},{\"筆ポリゴンID\":\"8cd6ee69-2cc8-41d9-be76-5de961318c3e\",\"発生年度\":2020}]]]]","last_polygon_uuid":"a3391448-7170-4835-9856-17fcd137bc97","prev_last_polygon_uuid":"399bafc1-a0eb-4459-b8e5-093dbce39eb4","local_government_cd":"016080","point_lng":142.944680116,"point_lat":42.153418138}},{"arcs":[[434]],"type":"Polygon","properties":{"polygon_uuid":"f4e13fc0-fc94-41bd-baf7-8d7555d5f981","land_type":200,"issue_year":2025,"edit_year":2020,"history":"[{\"筆ポリゴンID\":\"a43cf176-cee9-4756-96ff-fecb9ddb2aae\",\"更新年度\":2024,\"前年同一\":true},[{\"筆ポリゴンID\":\"639d1211-2fa9-4a93-839a-d234e5953523\",\"更新年度\":2023,\"前年同一\":true},[{\"筆ポリゴンID\":\"48ea7a22-869f-40a8-b171-166ae67c62f6\",\"更新年度\":2022,\"前年同一\":true},[{\"筆ポリゴンID\":\"933ccb46-821d-4886-83b9-5db91491cbe7\",\"更新年度\":2021,\"前年同一\":true},{\"筆ポリゴンID\":\"933ccb46-821d-4886-83b9-5db91491cbe7\",\"発生年度\":2020}]]]]","last_polygon_uuid":"a43cf176-cee9-4756-96ff-fecb9ddb2aae","prev_last_polygon_uuid":"639d1211-2fa9-4a93-839a-d234e5953523","local_government_cd":"016080","point_lng":142.911019786,"point_lat":42.150082405}},{"arcs":[[435]],"type":"Polygon","properties":{"polygon_uuid":"74807ba9-3cce-4fc8-aaae-f1c6030147d3","land_type":200,"issue_year":2025,"edit_year":2022,"history":"[{\"筆ポリゴンID\":\"c32e330b-f6f3-43c3-b67e-148afe409d03\",\"更新年度\":2024,\"前年同一\":true},[{\"筆ポリゴンID\":\"0927717a-9125-4fe5-afe3-565ecbb0a95b\",\"更新年度\":2023,\"前年同一\":true},[{\"筆ポリゴンID\":\"9d5ee092-dbba-4438-b32f-897af8167d91\",\"更新年度\":2022,\"関連\":true},[{\"筆ポリゴンID\":\"492a5245-9b6a-4337-b074-90a04780c82a\",\"更新年度\":2021,\"前年同一\":true},{\"筆ポリゴンID\":\"492a5245-9b6a-4337-b074-90a04780c82a\",\"発生年度\":2020}]]]]","last_polygon_uuid":"c32e330b-f6f3-43c3-b67e-148afe409d03","prev_last_polygon_uuid":"0927717a-9125-4fe5-afe3-565ecbb0a95b","local_government_cd":"016080","point_lng":142.950174069,"point_lat":42.124339584}},{"arcs":[[436]],"type":"Polygon","properties":{"polygon_uuid":"6b87fd92-56e2-476e-bac5-e36d5351c9a0","land_type":200,"issue_year":2025,"edit_year":2020,"history":"[{\"筆ポリゴンID\":\"b4508fe1-2c62-4266-8ebd-f8bbbb71c256\",\"更新年度\":2024,\"前年同一\":true},[{\"筆ポリゴンID\":\"ca263787-cfa8-46d9-b7ee-71278d5ddd50\",\"更新年度\":2023,\"前年同一\":true},[{\"筆ポリゴンID\":\"b3413b1c-262c-4e67-9201-0e409cb506aa\",\"更新年度\":2022,\"前年同一\":true},[{\"筆ポリゴンID\":\"c0aa2a0b-9189-44cf-b21d-5aae820575ff\",\"更新年度\":2021,\"前年同一\":true},{\"筆ポリゴンID\":\"c0aa2a0b-9189-44cf-b21d-5aae820575ff\",\"発生年度\":2020}]]]]","last_polygon_uuid":"b4508fe1-2c62-4266-8ebd-f8bbbb71c256","prev_last_polygon_uuid":"ca263787-cfa8-46d9-b7ee-71278d5ddd50","local_government_cd":"016080","point_lng":142.91228373,"point_lat":42.148441087}},{"arcs":[[437]],"type":"Polygon","properties":{"polygon_uuid":"5fd2b3e8-0d93-484e-823e-0aa01aafc6ab","land_type":200,"issue_year":2025,"edit_year":2020,"history":"[{\"筆ポリゴンID\":\"bf1219cf-faec-4ac5-a626-f7a2a9890d15\",\"更新年度\":2024,\"前年同一\":true},[{\"筆ポリゴンID\":\"4d194b48-c6a4-438b-9b02-75efd51fe602\",\"更新年度\":2023,\"前年同一\":true},[{\"筆ポリゴンID\":\"e20d2315-1ded-4b7d-8058-1a5548abd286\",\"更新年度\":2022,\"前年同一\":true},[{\"筆ポリゴンID\":\"273461f6-2931-4080-b91b-4a8b6b072341\",\"更新年度\":2021,\"前年同一\":true},{\"筆ポリゴンID\":\"273461f6-2931-4080-b91b-4a8b6b072341\",\"発生年度\":2020}]]]]","last_polygon_uuid":"bf1219cf-faec-4ac5-a626-f7a2a9890d15","prev_last_polygon_uuid":"4d194b48-c6a4-438b-9b02-75efd51fe602","local_government_cd":"016080","point_lng":142.945754584,"point_lat":42.165568447}},{"arcs":[[438]],"type":"Polygon","properties":{"polygon_uuid":"c8c2fffc-1f62-4016-94c0-1cd56298153d","land_type":200,"issue_year":2025,"edit_year":2020,"history":"[{\"筆ポリゴンID\":\"3ef5e345-f1d2-4208-a18f-95e61eb8f900\",\"更新年度\":2024,\"前年同一\":true},[{\"筆ポリゴンID\":\"51276be0-e3ac-49f3-a5f3-ab5c0083aa7a\",\"更新年度\":2023,\"前年同一\":true},[{\"筆ポリゴンID\":\"deef6dbc-cca5-4372-b730-b76449a025ac\",\"更新年度\":2022,\"前年同一\":true},[{\"筆ポリゴンID\":\"8256ff3e-cf60-425e-b1fa-42c3d056c095\",\"更新年度\":2021,\"前年同一\":true},{\"筆ポリゴンID\":\"8256ff3e-cf60-425e-b1fa-42c3d056c095\",\"発生年度\":2020}]]]]","last_polygon_uuid":"3ef5e345-f1d2-4208-a18f-95e61eb8f900","prev_last_polygon_uuid":"51276be0-e3ac-49f3-a5f3-ab5c0083aa7a","local_government_cd":"016080","point_lng":142.91782033,"point_lat":42.146207441}},{"arcs":[[439]],"type":"Polygon","properties":{"polygon_uuid":"29c9b43b-c40d-4096-ade7-1d2469e3024b","land_type":200,"issue_year":2025,"edit_year":2020,"history":"[{\"筆ポリゴンID\":\"3221f169-96f2-47dd-98e4-44af239231fa\",\"更新年度\":2024,\"前年同一\":true},[{\"筆ポリゴンID\":\"4444c1c6-f818-4f1e-9a92-29d8869de944\",\"更新年度\":2023,\"前年同一\":true},[{\"筆ポリゴンID\":\"193092ef-c8e6-4f82-b718-14b8bff6905f\",\"更新年度\":2022,\"前年同一\":true},[{\"筆ポリゴンID\":\"a257abe0-b3c9-4880-85f1-63e1d60db11c\",\"更新年度\":2021,\"前年同一\":true},{\"筆ポリゴンID\":\"a257abe0-b3c9-4880-85f1-63e1d60db11c\",\"発生年度\":2020}]]]]","last_polygon_uuid":"3221f169-96f2-47dd-98e4-44af239231fa","prev_last_polygon_uuid":"4444c1c6-f818-4f1e-9a92-29d8869de944","local_government_cd":"016080","point_lng":142.911413155,"point_lat":42.153238104}},{"arcs":[[440]],"type":"Polygon","properties":{"polygon_uuid":"b5d06f25-5c8f-4f88-84be-b559fd079da1","land_type":200,"issue_year":2025,"edit_year":2020,"history":"[{\"筆ポリゴンID\":\"0d4c3c41-5bf2-4a9c-9f08-9043e93112b3\",\"更新年度\":2024,\"前年同一\":true},[{\"筆ポリゴンID\":\"c3e93710-d92c-48a0-95f5-5c44aeeded36\",\"更新年度\":2023,\"前年同一\":true},[{\"筆ポリゴンID\":\"5e926455-3db8-4ab9-8d09-4100697d23b9\",\"更新年度\":2022,\"前年同一\":true},[{\"筆ポリゴンID\":\"e0a60e4f-ea4a-41ac-abaf-9242d606b7fc\",\"更新年度\":2021,\"前年同一\":true},{\"筆ポリゴンID\":\"e0a60e4f-ea4a-41ac-abaf-9242d606b7fc\",\"発生年度\":2020}]]]]","last_polygon_uuid":"0d4c3c41-5bf2-4a9c-9f08-9043e93112b3","prev_last_polygon_uuid":"c3e93710-d92c-48a0-95f5-5c44aeeded36","local_government_cd":"016080","point_lng":142.946545928,"point_lat":42.16220736}},{"arcs":[[441]],"type":"Polygon","properties":{"polygon_uuid":"a918c606-7098-4ad6-a932-7003c38759f0","land_type":200,"issue_year":2025,"edit_year":2020,"history":"[{\"筆ポリゴンID\":\"ec35d1b5-9b33-4a65-be61-b98be767af68\",\"更新年度\":2024,\"前年同一\":true},[{\"筆ポリゴンID\":\"8da950ca-3d76-4746-acfa-5cb8dabee5b9\",\"更新年度\":2023,\"前年同一\":true},[{\"筆ポリゴンID\":\"c4cfce57-a572-49c9-a960-b19ab462dc87\",\"更新年度\":2022,\"前年同一\":true},[{\"筆ポリゴンID\":\"39a0c7eb-e3cc-4d08-bdc5-1bef7712a62f\",\"更新年度\":2021,\"前年同一\":true},{\"筆ポリゴンID\":\"39a0c7eb-e3cc-4d08-bdc5-1bef7712a62f\",\"発生年度\":2020}]]]]","last_polygon_uuid":"ec35d1b5-9b33-4a65-be61-b98be767af68","prev_last_polygon_uuid":"8da950ca-3d76-4746-acfa-5cb8dabee5b9","local_government_cd":"016080","point_lng":142.917296268,"point_lat":42.144907679}},{"arcs":[[442]],"type":"Polygon","properties":{"polygon_uuid":"9033f507-ea2e-4ff0-ad57-3b0fa59837be","land_type":200,"issue_year":2025,"edit_year":2020,"history":"[{\"筆ポリゴンID\":\"0c5a7b16-620e-4fb3-8267-5f43bdd84f06\",\"更新年度\":2024,\"前年同一\":true},[{\"筆ポリゴンID\":\"5eb60c82-3b08-456c-97da-95d9288d42af\",\"更新年度\":2023,\"前年同一\":true},[{\"筆ポリゴンID\":\"cc6e74f1-bd6c-4a37-84ea-cd60f810a29d\",\"更新年度\":2022,\"前年同一\":true},[{\"筆ポリゴンID\":\"c4ab9e19-6c0b-42b1-a914-934c7b1a2533\",\"更新年度\":2021,\"前年同一\":true},{\"筆ポリゴンID\":\"c4ab9e19-6c0b-42b1-a914-934c7b1a2533\",\"発生年度\":2020}]]]]","last_polygon_uuid":"0c5a7b16-620e-4fb3-8267-5f43bdd84f06","prev_last_polygon_uuid":"5eb60c82-3b08-456c-97da-95d9288d42af","local_government_cd":"016080","point_lng":142.916220198,"point_lat":42.148540032}},{"arcs":[[443]],"type":"Polygon","properties":{"polygon_uuid":"91162ccf-af8f-4ecb-b631-3ab9aa2bee9b","land_type":200,"issue_year":2025,"edit_year":2020,"history":"[{\"筆ポリゴンID\":\"d6d3c822-f9b7-4923-a225-ab82b4f83822\",\"更新年度\":2024,\"前年同一\":true},[{\"筆ポリゴンID\":\"437cf9b3-3734-4456-955d-4aadde86c0a4\",\"更新年度\":2023,\"前年同一\":true},[{\"筆ポリゴンID\":\"2558765f-2d17-44a4-b377-3a199d593099\",\"更新年度\":2022,\"前年同一\":true},[{\"筆ポリゴンID\":\"8bc86100-def8-4dc7-821c-11f9e20b3bc3\",\"更新年度\":2021,\"前年同一\":true},{\"筆ポリゴンID\":\"8bc86100-def8-4dc7-821c-11f9e20b3bc3\",\"発生年度\":2020}]]]]","last_polygon_uuid":"d6d3c822-f9b7-4923-a225-ab82b4f83822","prev_last_polygon_uuid":"437cf9b3-3734-4456-955d-4aadde86c0a4","local_government_cd":"016080","point_lng":142.955086483,"point_lat":42.136575963}},{"arcs":[[444]],"type":"Polygon","properties":{"polygon_uuid":"094933f7-a0d1-4025-9d5b-eda5a55e7f0c","land_type":200,"issue_year":2025,"edit_year":2020,"history":"[{\"筆ポリゴンID\":\"2c6e160d-a27e-49dc-8044-e0b9da1b50d7\",\"更新年度\":2024,\"前年同一\":true},[{\"筆ポリゴンID\":\"79f65003-6edf-441a-a45e-087ca51ff389\",\"更新年度\":2023,\"前年同一\":true},[{\"筆ポリゴンID\":\"bd354b8f-7cb4-4e3d-9de2-dc99285e3d23\",\"更新年度\":2022,\"前年同一\":true},[{\"筆ポリゴンID\":\"8dc4c21e-f2ab-4026-bfa4-003a6a1204af\",\"更新年度\":2021,\"前年同一\":true},{\"筆ポリゴンID\":\"8dc4c21e-f2ab-4026-bfa4-003a6a1204af\",\"発生年度\":2020}]]]]","last_polygon_uuid":"2c6e160d-a27e-49dc-8044-e0b9da1b50d7","prev_last_polygon_uuid":"79f65003-6edf-441a-a45e-087ca51ff389","local_government_cd":"016080","point_lng":142.947365417,"point_lat":42.167001919}},{"arcs":[[445]],"type":"Polygon","properties":{"polygon_uuid":"69dacc2d-acea-46ce-a992-42fed3698912","land_type":200,"issue_year":2025,"edit_year":2020,"history":"[{\"筆ポリゴンID\":\"6c2e9117-a766-4fd2-8f62-28f7699c323c\",\"更新年度\":2024,\"前年同一\":true},[{\"筆ポリゴンID\":\"052eeee3-62c1-4586-9105-a019540589e1\",\"更新年度\":2023,\"前年同一\":true},[{\"筆ポリゴンID\":\"da9d5197-bad8-4583-8f9d-2090c2bb4fbe\",\"更新年度\":2022,\"前年同一\":true},[{\"筆ポリゴンID\":\"06e704cf-1ae8-4ebb-8a51-1d5c6e5fbe06\",\"更新年度\":2021,\"前年同一\":true},{\"筆ポリゴンID\":\"06e704cf-1ae8-4ebb-8a51-1d5c6e5fbe06\",\"発生年度\":2020}]]]]","last_polygon_uuid":"6c2e9117-a766-4fd2-8f62-28f7699c323c","prev_last_polygon_uuid":"052eeee3-62c1-4586-9105-a019540589e1","local_government_cd":"016080","point_lng":142.914201428,"point_lat":42.163402105}},{"arcs":[[446]],"type":"Polygon","properties":{"polygon_uuid":"1009cc4d-7e0b-42f8-bf6a-4c214a1179df","land_type":200,"issue_year":2025,"edit_year":2020,"history":"[{\"筆ポリゴンID\":\"1859d7d7-39b6-45c8-8210-2cc1bf964567\",\"更新年度\":2024,\"前年同一\":true},[{\"筆ポリゴンID\":\"f1f72092-93ea-4dad-aebe-4ec1a354b12f\",\"更新年度\":2023,\"前年同一\":true},[{\"筆ポリゴンID\":\"4ab8bc88-f4a5-452d-9681-bb7013230b7e\",\"更新年度\":2022,\"前年同一\":true},[{\"筆ポリゴンID\":\"d78ad816-fec2-40ec-bcf3-dcb86b4039fb\",\"更新年度\":2021,\"前年同一\":true},{\"筆ポリゴンID\":\"d78ad816-fec2-40ec-bcf3-dcb86b4039fb\",\"発生年度\":2020}]]]]","last_polygon_uuid":"1859d7d7-39b6-45c8-8210-2cc1bf964567","prev_last_polygon_uuid":"f1f72092-93ea-4dad-aebe-4ec1a354b12f","local_government_cd":"016080","point_lng":142.912441155,"point_lat":42.150252191}},{"arcs":[[447]],"type":"Polygon","properties":{"polygon_uuid":"836c699e-126f-478a-9682-63706440848d","land_type":200,"issue_year":2025,"edit_year":2020,"history":"[{\"筆ポリゴンID\":\"6af6e75c-53dc-4d0f-938d-740d72c98272\",\"更新年度\":2024,\"前年同一\":true},[{\"筆ポリゴンID\":\"4016593b-319e-4f1f-afb3-0d113f0e7527\",\"更新年度\":2023,\"前年同一\":true},[{\"筆ポリゴンID\":\"e5f96834-5b85-4279-ad94-3953acae542d\",\"更新年度\":2022,\"前年同一\":true},[{\"筆ポリゴンID\":\"04352421-e21f-4555-9550-eb84c8b0eee1\",\"更新年度\":2021,\"前年同一\":true},{\"筆ポリゴンID\":\"04352421-e21f-4555-9550-eb84c8b0eee1\",\"発生年度\":2020}]]]]","last_polygon_uuid":"6af6e75c-53dc-4d0f-938d-740d72c98272","prev_last_polygon_uuid":"4016593b-319e-4f1f-afb3-0d113f0e7527","local_government_cd":"016080","point_lng":142.907566917,"point_lat":42.139056141}},{"arcs":[[448,449]],"type":"Polygon","properties":{"polygon_uuid":"3601b5ed-9ded-405a-9a06-ebb8f7dddd0d","land_type":200,"issue_year":2025,"edit_year":2020,"history":"[{\"筆ポリゴンID\":\"1362b9d4-6337-4c71-92c3-68ff613bedf5\",\"更新年度\":2024,\"前年同一\":true},[{\"筆ポリゴンID\":\"0c0e0776-1911-42a6-bb56-f5f9d9e867c7\",\"更新年度\":2023,\"前年同一\":true},[{\"筆ポリゴンID\":\"016ddeb1-ec82-4731-9897-4009786fb645\",\"更新年度\":2022,\"前年同一\":true},[{\"筆ポリゴンID\":\"d99d45ea-4f59-4808-b3b6-e76972c7163e\",\"更新年度\":2021,\"前年同一\":true},{\"筆ポリゴンID\":\"d99d45ea-4f59-4808-b3b6-e76972c7163e\",\"発生年度\":2020}]]]]","last_polygon_uuid":"1362b9d4-6337-4c71-92c3-68ff613bedf5","prev_last_polygon_uuid":"0c0e0776-1911-42a6-bb56-f5f9d9e867c7","local_government_cd":"016080","point_lng":142.954701074,"point_lat":42.139083268}},{"arcs":[[450]],"type":"Polygon","properties":{"polygon_uuid":"bdc3f27d-0ba8-4bca-be4b-f19427856025","land_type":200,"issue_year":2025,"edit_year":2020,"history":"[{\"筆ポリゴンID\":\"fcc43808-fea9-437f-a778-dde372be71a3\",\"更新年度\":2024,\"前年同一\":true},[{\"筆ポリゴンID\":\"ecb20ffa-bfda-4393-9e91-da8c770d4d9b\",\"更新年度\":2023,\"前年同一\":true},[{\"筆ポリゴンID\":\"ff5cacce-5590-4772-af3d-9f8906327992\",\"更新年度\":2022,\"前年同一\":true},[{\"筆ポリゴンID\":\"d6406514-f76c-4fd4-8e8e-186ee9016cd0\",\"更新年度\":2021,\"前年同一\":true},{\"筆ポリゴンID\":\"d6406514-f76c-4fd4-8e8e-186ee9016cd0\",\"発生年度\":2020}]]]]","last_polygon_uuid":"fcc43808-fea9-437f-a778-dde372be71a3","prev_last_polygon_uuid":"ecb20ffa-bfda-4393-9e91-da8c770d4d9b","local_government_cd":"016080","point_lng":142.909028263,"point_lat":42.152587671}},{"arcs":[[451]],"type":"Polygon","properties":{"polygon_uuid":"eee10c31-14bb-42a4-8e11-dafa7593597e","land_type":200,"issue_year":2025,"edit_year":2020,"history":"[{\"筆ポリゴンID\":\"d7ee3821-4bb8-4549-abd6-af6a1ed8a8b0\",\"更新年度\":2024,\"前年同一\":true},[{\"筆ポリゴンID\":\"b371199c-6a60-401f-9524-30973296b68a\",\"更新年度\":2023,\"前年同一\":true},[{\"筆ポリゴンID\":\"9e5edc47-8de4-4646-992c-62874871aeff\",\"更新年度\":2022,\"前年同一\":true},[{\"筆ポリゴンID\":\"1900a508-c26b-43f5-bfff-88c03411278d\",\"更新年度\":2021,\"前年同一\":true},{\"筆ポリゴンID\":\"1900a508-c26b-43f5-bfff-88c03411278d\",\"発生年度\":2020}]]]]","last_polygon_uuid":"d7ee3821-4bb8-4549-abd6-af6a1ed8a8b0","prev_last_polygon_uuid":"b371199c-6a60-401f-9524-30973296b68a","local_government_cd":"016080","point_lng":142.952565017,"point_lat":42.152975116}},{"arcs":[[452]],"type":"Polygon","properties":{"polygon_uuid":"9ed10f65-c0b1-4b44-b08e-5f6f6b7cacd6","land_type":200,"issue_year":2025,"edit_year":2020,"history":"[{\"筆ポリゴンID\":\"06cb2394-6915-463f-8b8b-a50686b9e94a\",\"更新年度\":2024,\"前年同一\":true},[{\"筆ポリゴンID\":\"766b9c10-3bec-4359-b79b-530c7120f289\",\"更新年度\":2023,\"前年同一\":true},[{\"筆ポリゴンID\":\"ee81a0b2-29d4-419f-ae22-97c2d7769b53\",\"更新年度\":2022,\"前年同一\":true},[{\"筆ポリゴンID\":\"5397031d-753d-4d90-a53e-86c49a182de9\",\"更新年度\":2021,\"前年同一\":true},{\"筆ポリゴンID\":\"5397031d-753d-4d90-a53e-86c49a182de9\",\"発生年度\":2020}]]]]","last_polygon_uuid":"06cb2394-6915-463f-8b8b-a50686b9e94a","prev_last_polygon_uuid":"766b9c10-3bec-4359-b79b-530c7120f289","local_government_cd":"016080","point_lng":142.91240612,"point_lat":42.163266657}},{"arcs":[[453]],"type":"Polygon","properties":{"polygon_uuid":"ca07c4e9-32b2-47b4-847d-5d5b53a76be1","land_type":200,"issue_year":2025,"edit_year":2020,"history":"[{\"筆ポリゴンID\":\"d54e8945-212d-4b2c-b324-c1220a444c4d\",\"更新年度\":2024,\"前年同一\":true},[{\"筆ポリゴンID\":\"98162d43-2243-47c9-bf78-3cb0af7bd93b\",\"更新年度\":2023,\"前年同一\":true},[{\"筆ポリゴンID\":\"d968479f-2f3a-454d-925c-19dcf7080dc7\",\"更新年度\":2022,\"前年同一\":true},[{\"筆ポリゴンID\":\"64e540eb-69c7-4f99-994e-a650e0de6322\",\"更新年度\":2021,\"前年同一\":true},{\"筆ポリゴンID\":\"64e540eb-69c7-4f99-994e-a650e0de6322\",\"発生年度\":2020}]]]]","last_polygon_uuid":"d54e8945-212d-4b2c-b324-c1220a444c4d","prev_last_polygon_uuid":"98162d43-2243-47c9-bf78-3cb0af7bd93b","local_government_cd":"016080","point_lng":142.91562214,"point_lat":42.149517104}},{"arcs":[[454]],"type":"Polygon","properties":{"polygon_uuid":"0974622b-8f0c-4603-aa03-793f18f32c72","land_type":200,"issue_year":2025,"edit_year":2020,"history":"[{\"筆ポリゴンID\":\"a9f06dfd-ff7d-4148-b740-889062719195\",\"更新年度\":2024,\"前年同一\":true},[{\"筆ポリゴンID\":\"9a8e0bc5-1470-40cc-ba32-c69bf45161a8\",\"更新年度\":2023,\"前年同一\":true},[{\"筆ポリゴンID\":\"720e8256-240f-4ec7-8ae5-978a4a5b80a4\",\"更新年度\":2022,\"前年同一\":true},[{\"筆ポリゴンID\":\"e80609ab-f2b8-43f1-b3cb-4c4946c2faa4\",\"更新年度\":2021,\"前年同一\":true},{\"筆ポリゴンID\":\"e80609ab-f2b8-43f1-b3cb-4c4946c2faa4\",\"発生年度\":2020}]]]]","last_polygon_uuid":"a9f06dfd-ff7d-4148-b740-889062719195","prev_last_polygon_uuid":"9a8e0bc5-1470-40cc-ba32-c69bf45161a8","local_government_cd":"016080","point_lng":142.916359805,"point_lat":42.146636726}},{"arcs":[[455]],"type":"Polygon","properties":{"polygon_uuid":"977a357d-cde7-49fa-ba01-fc9488e2b072","land_type":200,"issue_year":2025,"edit_year":2020,"history":"[{\"筆ポリゴンID\":\"1746d794-d347-4868-ba68-4d439223017a\",\"更新年度\":2024,\"前年同一\":true},[{\"筆ポリゴンID\":\"45099db8-dbfe-4ee9-984e-2967142bf147\",\"更新年度\":2023,\"前年同一\":true},[{\"筆ポリゴンID\":\"0179fb27-bf7d-4c30-94fe-375b07f02a67\",\"更新年度\":2022,\"前年同一\":true},[{\"筆ポリゴンID\":\"b85b5062-87ad-49a1-938b-b62d16ce0282\",\"更新年度\":2021,\"前年同一\":true},{\"筆ポリゴンID\":\"b85b5062-87ad-49a1-938b-b62d16ce0282\",\"発生年度\":2020}]]]]","last_polygon_uuid":"1746d794-d347-4868-ba68-4d439223017a","prev_last_polygon_uuid":"45099db8-dbfe-4ee9-984e-2967142bf147","local_government_cd":"016080","point_lng":142.948536139,"point_lat":42.166714002}},{"arcs":[[456]],"type":"Polygon","properties":{"polygon_uuid":"4f084541-ea5d-4e54-a8db-25296877a333","land_type":200,"issue_year":2025,"edit_year":2020,"history":"[{\"筆ポリゴンID\":\"65d978dd-af3f-4021-9fdb-9cffc9e8287e\",\"更新年度\":2024,\"前年同一\":true},[{\"筆ポリゴンID\":\"2195ca35-356d-4136-9be3-72f530ebc154\",\"更新年度\":2023,\"前年同一\":true},[{\"筆ポリゴンID\":\"86b3d4ae-58c7-42e5-89ce-6d9f50241353\",\"更新年度\":2022,\"前年同一\":true},[{\"筆ポリゴンID\":\"086ae7bf-7171-4946-9450-d44bbada1ea3\",\"更新年度\":2021,\"前年同一\":true},{\"筆ポリゴンID\":\"086ae7bf-7171-4946-9450-d44bbada1ea3\",\"発生年度\":2020}]]]]","last_polygon_uuid":"65d978dd-af3f-4021-9fdb-9cffc9e8287e","prev_last_polygon_uuid":"2195ca35-356d-4136-9be3-72f530ebc154","local_government_cd":"016080","point_lng":142.912133385,"point_lat":42.154670556}},{"arcs":[[457]],"type":"Polygon","properties":{"polygon_uuid":"ebd46062-bdc7-4b2d-8e20-731f547155a7","land_type":200,"issue_year":2025,"edit_year":2020,"history":"[{\"筆ポリゴンID\":\"63f98ff8-5f76-4a8f-a05c-f759d5fca12a\",\"更新年度\":2024,\"前年同一\":true},[{\"筆ポリゴンID\":\"e068f189-0d56-4800-9f58-09a8d641795e\",\"更新年度\":2023,\"前年同一\":true},[{\"筆ポリゴンID\":\"4eaf6bc7-2954-4636-8fc1-9a142001ed66\",\"更新年度\":2022,\"前年同一\":true},[{\"筆ポリゴンID\":\"389594a3-66e0-4422-914e-926fa81831d4\",\"更新年度\":2021,\"前年同一\":true},{\"筆ポリゴンID\":\"389594a3-66e0-4422-914e-926fa81831d4\",\"発生年度\":2020}]]]]","last_polygon_uuid":"63f98ff8-5f76-4a8f-a05c-f759d5fca12a","prev_last_polygon_uuid":"e068f189-0d56-4800-9f58-09a8d641795e","local_government_cd":"016080","point_lng":142.913685586,"point_lat":42.14985012}},{"arcs":[[458,459]],"type":"Polygon","properties":{"polygon_uuid":"b4786c02-ae72-4617-959d-0318114308bc","land_type":200,"issue_year":2025,"edit_year":2020,"history":"[{\"筆ポリゴンID\":\"50936f18-aa62-4e97-808b-86a511c2b256\",\"更新年度\":2024,\"前年同一\":true},[{\"筆ポリゴンID\":\"f58226a7-4db8-4a13-9e1d-299d5572a3f3\",\"更新年度\":2023,\"前年同一\":true},[{\"筆ポリゴンID\":\"525f7e1c-f0ce-47ee-bd0e-c11cafc2a41e\",\"更新年度\":2022,\"前年同一\":true},[{\"筆ポリゴンID\":\"bc91cdf3-88fe-4609-ab4e-b7f766901079\",\"更新年度\":2021,\"前年同一\":true},{\"筆ポリゴンID\":\"bc91cdf3-88fe-4609-ab4e-b7f766901079\",\"発生年度\":2020}]]]]","last_polygon_uuid":"50936f18-aa62-4e97-808b-86a511c2b256","prev_last_polygon_uuid":"f58226a7-4db8-4a13-9e1d-299d5572a3f3","local_government_cd":"016080","point_lng":142.913821363,"point_lat":42.149584848}},{"arcs":[[460]],"type":"Polygon","properties":{"polygon_uuid":"43437976-8bab-4da9-a728-d5f85e7189ad","land_type":200,"issue_year":2025,"edit_year":2020,"history":"[{\"筆ポリゴンID\":\"df0f4c01-b1da-40c2-81ad-016626ec2c91\",\"更新年度\":2024,\"前年同一\":true},[{\"筆ポリゴンID\":\"17e93748-25ec-4838-baad-3531f8f936e3\",\"更新年度\":2023,\"前年同一\":true},[{\"筆ポリゴンID\":\"2af176c1-e1a2-40d4-afe6-c4236a70273f\",\"更新年度\":2022,\"前年同一\":true},[{\"筆ポリゴンID\":\"cfaea875-fbfb-4556-8fe2-deb628cbda80\",\"更新年度\":2021,\"前年同一\":true},{\"筆ポリゴンID\":\"cfaea875-fbfb-4556-8fe2-deb628cbda80\",\"発生年度\":2020}]]]]","last_polygon_uuid":"df0f4c01-b1da-40c2-81ad-016626ec2c91","prev_last_polygon_uuid":"17e93748-25ec-4838-baad-3531f8f936e3","local_government_cd":"016080","point_lng":142.913512852,"point_lat":42.149547512}},{"arcs":[[461]],"type":"Polygon","properties":{"polygon_uuid":"e9c4a3e2-4aa8-431f-accc-58ac0798d782","land_type":200,"issue_year":2025,"edit_year":2020,"history":"[{\"筆ポリゴンID\":\"84868872-0c69-459f-a8d8-4a7ef9efef74\",\"更新年度\":2024,\"前年同一\":true},[{\"筆ポリゴンID\":\"96cda0d8-f75d-4633-a5c7-f8ddc33b5762\",\"更新年度\":2023,\"前年同一\":true},[{\"筆ポリゴンID\":\"e413da84-189b-4d73-8d28-93ea9453adcd\",\"更新年度\":2022,\"前年同一\":true},[{\"筆ポリゴンID\":\"8fdb683e-8cc9-4e96-81b9-7ab49d9af1e5\",\"更新年度\":2021,\"前年同一\":true},{\"筆ポリゴンID\":\"8fdb683e-8cc9-4e96-81b9-7ab49d9af1e5\",\"発生年度\":2020}]]]]","last_polygon_uuid":"84868872-0c69-459f-a8d8-4a7ef9efef74","prev_last_polygon_uuid":"96cda0d8-f75d-4633-a5c7-f8ddc33b5762","local_government_cd":"016080","point_lng":142.955634721,"point_lat":42.126628689}},{"arcs":[[462]],"type":"Polygon","properties":{"polygon_uuid":"ba61fb3c-dc37-4f5a-9dc2-96dab53ab059","land_type":200,"issue_year":2025,"edit_year":2020,"history":"[{\"筆ポリゴンID\":\"039b4164-b369-4aee-bc25-ca9e0d847bcc\",\"更新年度\":2024,\"前年同一\":true},[{\"筆ポリゴンID\":\"afcc0f5a-3fdb-47b1-ba36-a18e509ee988\",\"更新年度\":2023,\"前年同一\":true},[{\"筆ポリゴンID\":\"ad51c1fc-2700-4796-b814-0b4cdd3d860c\",\"更新年度\":2022,\"前年同一\":true},[{\"筆ポリゴンID\":\"be458795-7ee1-4e7e-9aa6-2b57048f739e\",\"更新年度\":2021,\"前年同一\":true},{\"筆ポリゴンID\":\"be458795-7ee1-4e7e-9aa6-2b57048f739e\",\"発生年度\":2020}]]]]","last_polygon_uuid":"039b4164-b369-4aee-bc25-ca9e0d847bcc","prev_last_polygon_uuid":"afcc0f5a-3fdb-47b1-ba36-a18e509ee988","local_government_cd":"016080","point_lng":142.949859596,"point_lat":42.166144572}},{"arcs":[[463,464]],"type":"Polygon","properties":{"polygon_uuid":"b6d6fa6a-111d-4ba0-b600-10c7c709b6fa","land_type":200,"issue_year":2025,"edit_year":2020,"history":"[{\"筆ポリゴンID\":\"218018ed-2fef-4708-8159-322016221708\",\"更新年度\":2024,\"前年同一\":true},[{\"筆ポリゴンID\":\"bfc2a3c7-0eaf-4be2-9669-03b79849f973\",\"更新年度\":2023,\"前年同一\":true},[{\"筆ポリゴンID\":\"be8559b4-7fbc-4db9-9d47-37d1231e45c7\",\"更新年度\":2022,\"前年同一\":true},[{\"筆ポリゴンID\":\"ca50d01e-c034-4b69-82f3-4f53d1b4911d\",\"更新年度\":2021,\"前年同一\":true},{\"筆ポリゴンID\":\"ca50d01e-c034-4b69-82f3-4f53d1b4911d\",\"発生年度\":2020}]]]]","last_polygon_uuid":"218018ed-2fef-4708-8159-322016221708","prev_last_polygon_uuid":"bfc2a3c7-0eaf-4be2-9669-03b79849f973","local_government_cd":"016080","point_lng":142.935649824,"point_lat":42.144659101}},{"arcs":[[-465,465]],"type":"Polygon","properties":{"polygon_uuid":"95f6c6f0-8e25-4726-8e14-244bf05c6031","land_type":200,"issue_year":2025,"edit_year":2020,"history":"[{\"筆ポリゴンID\":\"7f66489c-4fa5-4c88-a59b-020f4aca13c7\",\"更新年度\":2024,\"前年同一\":true},[{\"筆ポリゴンID\":\"0804a561-55b8-421e-89d3-8629776c4763\",\"更新年度\":2023,\"前年同一\":true},[{\"筆ポリゴンID\":\"6ccd3322-769c-461a-bb6b-5c532f3c13e5\",\"更新年度\":2022,\"前年同一\":true},[{\"筆ポリゴンID\":\"43880c82-a0ab-4c64-81aa-0ff9c19f175c\",\"更新年度\":2021,\"前年同一\":true},{\"筆ポリゴンID\":\"43880c82-a0ab-4c64-81aa-0ff9c19f175c\",\"発生年度\":2020}]]]]","last_polygon_uuid":"7f66489c-4fa5-4c88-a59b-020f4aca13c7","prev_last_polygon_uuid":"0804a561-55b8-421e-89d3-8629776c4763","local_government_cd":"016080","point_lng":142.935663648,"point_lat":42.144372327}},{"arcs":[[466,467]],"type":"Polygon","properties":{"polygon_uuid":"40d85d3e-951e-4b13-af0e-245dd75acbfe","land_type":200,"issue_year":2025,"edit_year":2020,"history":"[{\"筆ポリゴンID\":\"22898358-ce29-4f86-9582-37e1b914fd08\",\"更新年度\":2024,\"前年同一\":true},[{\"筆ポリゴンID\":\"8dd0759d-c585-4142-98a0-db283085583e\",\"更新年度\":2023,\"前年同一\":true},[{\"筆ポリゴンID\":\"620426a6-3433-4237-ab9d-e1e675851302\",\"更新年度\":2022,\"前年同一\":true},[{\"筆ポリゴンID\":\"aef3d57b-fcf1-4e1a-8447-6a0bd86e32f3\",\"更新年度\":2021,\"前年同一\":true},{\"筆ポリゴンID\":\"aef3d57b-fcf1-4e1a-8447-6a0bd86e32f3\",\"発生年度\":2020}]]]]","last_polygon_uuid":"22898358-ce29-4f86-9582-37e1b914fd08","prev_last_polygon_uuid":"8dd0759d-c585-4142-98a0-db283085583e","local_government_cd":"016080","point_lng":142.90982951,"point_lat":42.141485436}},{"arcs":[[468]],"type":"Polygon","properties":{"polygon_uuid":"905637ff-a388-404d-9997-08162b6fe43f","land_type":200,"issue_year":2025,"edit_year":2020,"history":"[{\"筆ポリゴンID\":\"faa8a91c-d1ca-400e-ad27-011e82d6ce2b\",\"更新年度\":2024,\"前年同一\":true},[{\"筆ポリゴンID\":\"b994e71e-c78f-4037-97fb-e3aa769864fb\",\"更新年度\":2023,\"前年同一\":true},[{\"筆ポリゴンID\":\"f297be03-1f3d-437c-8aba-d68a9cc9a023\",\"更新年度\":2022,\"前年同一\":true},[{\"筆ポリゴンID\":\"fdba8898-a203-4ab7-aebe-c1e24fd976d7\",\"更新年度\":2021,\"前年同一\":true},{\"筆ポリゴンID\":\"fdba8898-a203-4ab7-aebe-c1e24fd976d7\",\"発生年度\":2020}]]]]","last_polygon_uuid":"faa8a91c-d1ca-400e-ad27-011e82d6ce2b","prev_last_polygon_uuid":"b994e71e-c78f-4037-97fb-e3aa769864fb","local_government_cd":"016080","point_lng":142.940526527,"point_lat":42.127251176}},{"arcs":[[469]],"type":"Polygon","properties":{"polygon_uuid":"fbec4ee5-e717-4f5c-b638-e166bc02751a","land_type":200,"issue_year":2025,"edit_year":2020,"history":"[{\"筆ポリゴンID\":\"2cee5f5a-d66e-4f36-814d-f8f64ab8eeea\",\"更新年度\":2024,\"前年同一\":true},[{\"筆ポリゴンID\":\"f5b464ee-a7cb-48b1-aa45-1deca2b9fee3\",\"更新年度\":2023,\"前年同一\":true},[{\"筆ポリゴンID\":\"0c2d2b74-fee6-4aab-a326-91a6f8f8fa11\",\"更新年度\":2022,\"前年同一\":true},[{\"筆ポリゴンID\":\"be52d8c0-3798-4784-9214-dc0b3bdcc7ac\",\"更新年度\":2021,\"前年同一\":true},{\"筆ポリゴンID\":\"be52d8c0-3798-4784-9214-dc0b3bdcc7ac\",\"発生年度\":2020}]]]]","last_polygon_uuid":"2cee5f5a-d66e-4f36-814d-f8f64ab8eeea","prev_last_polygon_uuid":"f5b464ee-a7cb-48b1-aa45-1deca2b9fee3","local_government_cd":"016080","point_lng":142.917667802,"point_lat":42.149248238}},{"arcs":[[-389,470]],"type":"Polygon","properties":{"polygon_uuid":"5a2b9cf0-4752-4bb9-b9fa-3a72ba57aabf","land_type":200,"issue_year":2025,"edit_year":2020,"history":"[{\"筆ポリゴンID\":\"b11f879a-b100-45dd-bd0d-6c398912b61b\",\"更新年度\":2024,\"前年同一\":true},[{\"筆ポリゴンID\":\"1aa82589-57e0-4176-a205-57dfc1cce857\",\"更新年度\":2023,\"前年同一\":true},[{\"筆ポリゴンID\":\"2d2f8cd3-4471-48d1-ba60-8d9710dfa0f4\",\"更新年度\":2022,\"前年同一\":true},[{\"筆ポリゴンID\":\"a1bf764f-f5ac-4857-80f0-3b9b57c2c821\",\"更新年度\":2021,\"前年同一\":true},{\"筆ポリゴンID\":\"a1bf764f-f5ac-4857-80f0-3b9b57c2c821\",\"発生年度\":2020}]]]]","last_polygon_uuid":"b11f879a-b100-45dd-bd0d-6c398912b61b","prev_last_polygon_uuid":"1aa82589-57e0-4176-a205-57dfc1cce857","local_government_cd":"016080","point_lng":142.918976876,"point_lat":42.148996525}},{"arcs":[[471]],"type":"Polygon","properties":{"polygon_uuid":"9d367374-4ebc-4cb4-b7b8-cba2368a1e77","land_type":200,"issue_year":2025,"edit_year":2020,"history":"[{\"筆ポリゴンID\":\"3ba11837-f4af-40c7-bc7f-343a5cd0f2bd\",\"更新年度\":2024,\"前年同一\":true},[{\"筆ポリゴンID\":\"ff3694e4-0c23-48da-aaa8-298e2ce5245c\",\"更新年度\":2023,\"前年同一\":true},[{\"筆ポリゴンID\":\"823b4912-a901-4662-807f-fde9df214f30\",\"更新年度\":2022,\"前年同一\":true},[{\"筆ポリゴンID\":\"0ab13a2d-1266-402c-af8a-be8a75c2aa10\",\"更新年度\":2021,\"前年同一\":true},{\"筆ポリゴンID\":\"0ab13a2d-1266-402c-af8a-be8a75c2aa10\",\"発生年度\":2020}]]]]","last_polygon_uuid":"3ba11837-f4af-40c7-bc7f-343a5cd0f2bd","prev_last_polygon_uuid":"ff3694e4-0c23-48da-aaa8-298e2ce5245c","local_government_cd":"016080","point_lng":142.941149904,"point_lat":42.13177671}},{"arcs":[[472]],"type":"Polygon","properties":{"polygon_uuid":"2f967c74-690b-4ad0-a597-485d3612e666","land_type":200,"issue_year":2025,"edit_year":2020,"history":"[{\"筆ポリゴンID\":\"ff57389e-b8d5-4e44-955b-d35f8fdb32d6\",\"更新年度\":2024,\"前年同一\":true},[{\"筆ポリゴンID\":\"dfc7663a-4f6c-4846-80c1-bfa0c4b79401\",\"更新年度\":2023,\"前年同一\":true},[{\"筆ポリゴンID\":\"1388e3b4-2882-4053-abd8-f9039735985c\",\"更新年度\":2022,\"前年同一\":true},[{\"筆ポリゴンID\":\"e6f6b92d-9de8-4f39-ada3-d910f49e0475\",\"更新年度\":2021,\"前年同一\":true},{\"筆ポリゴンID\":\"e6f6b92d-9de8-4f39-ada3-d910f49e0475\",\"発生年度\":2020}]]]]","last_polygon_uuid":"ff57389e-b8d5-4e44-955b-d35f8fdb32d6","prev_last_polygon_uuid":"dfc7663a-4f6c-4846-80c1-bfa0c4b79401","local_government_cd":"016080","point_lng":142.953674753,"point_lat":42.12545189}},{"arcs":[[473]],"type":"Polygon","properties":{"polygon_uuid":"9a15c053-f907-4bb9-a431-de3d2d4d4d68","land_type":200,"issue_year":2025,"edit_year":2020,"history":"[{\"筆ポリゴンID\":\"c48847ad-5849-461d-a02e-f11f175f3596\",\"更新年度\":2024,\"前年同一\":true},[{\"筆ポリゴンID\":\"ca9c5bfa-c4d3-400d-9a77-7e273b4d8a7f\",\"更新年度\":2023,\"前年同一\":true},[{\"筆ポリゴンID\":\"3185a206-cdf5-4699-be47-917781f31fa1\",\"更新年度\":2022,\"前年同一\":true},[{\"筆ポリゴンID\":\"d85682a2-c445-4416-980c-9a10f1872137\",\"更新年度\":2021,\"前年同一\":true},{\"筆ポリゴンID\":\"d85682a2-c445-4416-980c-9a10f1872137\",\"発生年度\":2020}]]]]","last_polygon_uuid":"c48847ad-5849-461d-a02e-f11f175f3596","prev_last_polygon_uuid":"ca9c5bfa-c4d3-400d-9a77-7e273b4d8a7f","local_government_cd":"016080","point_lng":142.913179457,"point_lat":42.149313997}},{"arcs":[[474]],"type":"Polygon","properties":{"polygon_uuid":"fb065889-6697-474d-b5dc-777d69a2103a","land_type":200,"issue_year":2025,"edit_year":2020,"history":"[{\"筆ポリゴンID\":\"4cf574b9-1f37-4bd0-8672-1ca9a958f253\",\"更新年度\":2024,\"前年同一\":true},[{\"筆ポリゴンID\":\"b29dc40a-6a1d-4bc2-b17c-720c39453b5b\",\"更新年度\":2023,\"前年同一\":true},[{\"筆ポリゴンID\":\"83d92304-f4de-41be-a7db-f3db7d00ce67\",\"更新年度\":2022,\"前年同一\":true},[{\"筆ポリゴンID\":\"0464aeb5-7ad6-4e17-92ee-c2bc59959918\",\"更新年度\":2021,\"前年同一\":true},{\"筆ポリゴンID\":\"0464aeb5-7ad6-4e17-92ee-c2bc59959918\",\"発生年度\":2020}]]]]","last_polygon_uuid":"4cf574b9-1f37-4bd0-8672-1ca9a958f253","prev_last_polygon_uuid":"b29dc40a-6a1d-4bc2-b17c-720c39453b5b","local_government_cd":"016080","point_lng":142.941920955,"point_lat":42.131566264}},{"arcs":[[475]],"type":"Polygon","properties":{"polygon_uuid":"6948e79f-81ca-4459-8533-fd801c9414e9","land_type":200,"issue_year":2025,"edit_year":2020,"history":"[{\"筆ポリゴンID\":\"ba3a5f61-cbf5-4b5c-8af7-eab33a40b501\",\"更新年度\":2024,\"前年同一\":true},[{\"筆ポリゴンID\":\"2a08576e-d905-49dc-87cc-cd1f426961e2\",\"更新年度\":2023,\"前年同一\":true},[{\"筆ポリゴンID\":\"ea5fbbe4-5ad4-476f-b936-b0247cbb8bab\",\"更新年度\":2022,\"前年同一\":true},[{\"筆ポリゴンID\":\"7bfda083-48e0-4fa9-8601-6c8af2e41f0d\",\"更新年度\":2021,\"前年同一\":true},{\"筆ポリゴンID\":\"7bfda083-48e0-4fa9-8601-6c8af2e41f0d\",\"発生年度\":2020}]]]]","last_polygon_uuid":"ba3a5f61-cbf5-4b5c-8af7-eab33a40b501","prev_last_polygon_uuid":"2a08576e-d905-49dc-87cc-cd1f426961e2","local_government_cd":"016080","point_lng":142.910886745,"point_lat":42.16640896}},{"arcs":[[476]],"type":"Polygon","properties":{"polygon_uuid":"f6105b76-0eb0-4df5-8de5-43d79bfa61b7","land_type":200,"issue_year":2025,"edit_year":2020,"history":"[{\"筆ポリゴンID\":\"7a1f5bc7-c4f4-4f7a-b751-79a2f7753bc4\",\"更新年度\":2024,\"前年同一\":true},[{\"筆ポリゴンID\":\"012f8fb5-e370-4e02-9463-43416ea2ea51\",\"更新年度\":2023,\"前年同一\":true},[{\"筆ポリゴンID\":\"1b37a2f9-a671-4d3b-b24f-f7af3a8d8441\",\"更新年度\":2022,\"前年同一\":true},[{\"筆ポリゴンID\":\"a68fb2c6-a642-4dc8-999b-3cacc607c7cc\",\"更新年度\":2021,\"前年同一\":true},{\"筆ポリゴンID\":\"a68fb2c6-a642-4dc8-999b-3cacc607c7cc\",\"発生年度\":2020}]]]]","last_polygon_uuid":"7a1f5bc7-c4f4-4f7a-b751-79a2f7753bc4","prev_last_polygon_uuid":"012f8fb5-e370-4e02-9463-43416ea2ea51","local_government_cd":"016080","point_lng":142.941613355,"point_lat":42.130286838}},{"arcs":[[477]],"type":"Polygon","properties":{"polygon_uuid":"533e8c2c-9c18-4149-bbf2-7f3d325b59de","land_type":200,"issue_year":2025,"edit_year":2020,"history":"[{\"筆ポリゴンID\":\"f8ce867d-7e32-4953-bea3-7ff6a5469fdb\",\"更新年度\":2024,\"前年同一\":true},[{\"筆ポリゴンID\":\"e33c706a-bc9c-4f4c-8fed-83640e8f10f0\",\"更新年度\":2023,\"前年同一\":true},[{\"筆ポリゴンID\":\"5b6038b8-91e4-4671-8984-96fa34cecbbb\",\"更新年度\":2022,\"前年同一\":true},[{\"筆ポリゴンID\":\"0add58a6-957a-471c-8423-3063f447528a\",\"更新年度\":2021,\"前年同一\":true},{\"筆ポリゴンID\":\"0add58a6-957a-471c-8423-3063f447528a\",\"発生年度\":2020}]]]]","last_polygon_uuid":"f8ce867d-7e32-4953-bea3-7ff6a5469fdb","prev_last_polygon_uuid":"e33c706a-bc9c-4f4c-8fed-83640e8f10f0","local_government_cd":"016080","point_lng":142.943276227,"point_lat":42.164083833}},{"arcs":[[478]],"type":"Polygon","properties":{"polygon_uuid":"884e6aff-243a-4db6-8a1f-b9f9ef1077e6","land_type":200,"issue_year":2025,"edit_year":2020,"history":"[{\"筆ポリゴンID\":\"5cf0e10b-6e1c-4459-b9c4-3ee531b90d2b\",\"更新年度\":2024,\"前年同一\":true},[{\"筆ポリゴンID\":\"1cac35a8-7e15-43e1-86fb-4bb209defd31\",\"更新年度\":2023,\"前年同一\":true},[{\"筆ポリゴンID\":\"70e70688-fa1b-4178-8852-12c0e3682a60\",\"更新年度\":2022,\"前年同一\":true},[{\"筆ポリゴンID\":\"d42b2c61-d7f1-440a-85db-fdde76a8bd05\",\"更新年度\":2021,\"前年同一\":true},{\"筆ポリゴンID\":\"d42b2c61-d7f1-440a-85db-fdde76a8bd05\",\"発生年度\":2020}]]]]","last_polygon_uuid":"5cf0e10b-6e1c-4459-b9c4-3ee531b90d2b","prev_last_polygon_uuid":"1cac35a8-7e15-43e1-86fb-4bb209defd31","local_government_cd":"016080","point_lng":142.940280474,"point_lat":42.126707843}},{"arcs":[[479,-467]],"type":"Polygon","properties":{"polygon_uuid":"586c5b77-b4c5-4d54-b484-e736a8a226bd","land_type":200,"issue_year":2025,"edit_year":2020,"history":"[{\"筆ポリゴンID\":\"2311926c-3cf9-481c-9914-b1eb92f32e3c\",\"更新年度\":2024,\"前年同一\":true},[{\"筆ポリゴンID\":\"bc90ebf0-af08-4031-a6a9-cc5e583a639b\",\"更新年度\":2023,\"前年同一\":true},[{\"筆ポリゴンID\":\"28972e60-5380-4d0d-a4e2-9b3c7d4ebddb\",\"更新年度\":2022,\"前年同一\":true},[{\"筆ポリゴンID\":\"4361905c-f0b2-40d6-91b7-6a867739a116\",\"更新年度\":2021,\"前年同一\":true},{\"筆ポリゴンID\":\"4361905c-f0b2-40d6-91b7-6a867739a116\",\"発生年度\":2020}]]]]","last_polygon_uuid":"2311926c-3cf9-481c-9914-b1eb92f32e3c","prev_last_polygon_uuid":"bc90ebf0-af08-4031-a6a9-cc5e583a639b","local_government_cd":"016080","point_lng":142.909553341,"point_lat":42.141691885}},{"arcs":[[480]],"type":"Polygon","properties":{"polygon_uuid":"591d4149-8e0a-497c-ab32-fa295c1ce261","land_type":200,"issue_year":2025,"edit_year":2020,"history":"[{\"筆ポリゴンID\":\"d0425918-21f7-43b0-a6ca-2a72289bf86a\",\"更新年度\":2024,\"前年同一\":true},[{\"筆ポリゴンID\":\"af0d0193-18eb-4244-ab92-7be3502316ab\",\"更新年度\":2023,\"前年同一\":true},[{\"筆ポリゴンID\":\"616ea902-3e4e-4431-a43e-2b92988005c6\",\"更新年度\":2022,\"前年同一\":true},[{\"筆ポリゴンID\":\"4a37846a-670d-4883-818c-a0c121d5c545\",\"更新年度\":2021,\"前年同一\":true},{\"筆ポリゴンID\":\"4a37846a-670d-4883-818c-a0c121d5c545\",\"発生年度\":2020}]]]]","last_polygon_uuid":"d0425918-21f7-43b0-a6ca-2a72289bf86a","prev_last_polygon_uuid":"af0d0193-18eb-4244-ab92-7be3502316ab","local_government_cd":"016080","point_lng":142.954393854,"point_lat":42.139929137}},{"arcs":[[481]],"type":"Polygon","properties":{"polygon_uuid":"60b18045-1ef5-4664-bb6f-63e557be55da","land_type":200,"issue_year":2025,"edit_year":2020,"history":"[{\"筆ポリゴンID\":\"daa2dfc0-680b-419b-8305-9e2b782dd7ed\",\"更新年度\":2024,\"前年同一\":true},[{\"筆ポリゴンID\":\"552f3c2e-6be7-40c2-8d89-3e49a83dea03\",\"更新年度\":2023,\"前年同一\":true},[{\"筆ポリゴンID\":\"fc0e47cf-dd7e-4fd2-bfda-2efbe3df5233\",\"更新年度\":2022,\"前年同一\":true},[{\"筆ポリゴンID\":\"fb2e99f4-e0b8-47c0-8830-9bf1f32d37ee\",\"更新年度\":2021,\"前年同一\":true},{\"筆ポリゴンID\":\"fb2e99f4-e0b8-47c0-8830-9bf1f32d37ee\",\"発生年度\":2020}]]]]","last_polygon_uuid":"daa2dfc0-680b-419b-8305-9e2b782dd7ed","prev_last_polygon_uuid":"552f3c2e-6be7-40c2-8d89-3e49a83dea03","local_government_cd":"016080","point_lng":142.933062266,"point_lat":42.132390507}},{"arcs":[[482]],"type":"Polygon","properties":{"polygon_uuid":"616d55e9-73f4-41e0-ac91-b736c297a270","land_type":200,"issue_year":2025,"edit_year":2020,"history":"[{\"筆ポリゴンID\":\"059852a0-d51b-48d7-9565-c86ba2fee9be\",\"更新年度\":2024,\"前年同一\":true},[{\"筆ポリゴンID\":\"2b66fca8-4426-4959-92d6-01622df48aea\",\"更新年度\":2023,\"前年同一\":true},[{\"筆ポリゴンID\":\"96d253d7-ec64-434b-9852-0b10a37bd650\",\"更新年度\":2022,\"前年同一\":true},[{\"筆ポリゴンID\":\"2f53c1dc-6bb8-49da-8336-3aa2c1f6d1a2\",\"更新年度\":2021,\"前年同一\":true},{\"筆ポリゴンID\":\"2f53c1dc-6bb8-49da-8336-3aa2c1f6d1a2\",\"発生年度\":2020}]]]]","last_polygon_uuid":"059852a0-d51b-48d7-9565-c86ba2fee9be","prev_last_polygon_uuid":"2b66fca8-4426-4959-92d6-01622df48aea","local_government_cd":"016080","point_lng":142.940548722,"point_lat":42.129732451}},{"arcs":[[483]],"type":"Polygon","properties":{"polygon_uuid":"daef9752-5f7d-4dbe-9e2b-0691880d30d4","land_type":200,"issue_year":2025,"edit_year":2020,"history":"[{\"筆ポリゴンID\":\"479ae518-c27c-416c-83e6-3edaeff53bc6\",\"更新年度\":2024,\"前年同一\":true},[{\"筆ポリゴンID\":\"7db01792-0f88-4d15-996b-3be835b18bc0\",\"更新年度\":2023,\"前年同一\":true},[{\"筆ポリゴンID\":\"8b0c9cbe-5c9e-4501-aba1-7302a1f9b1ad\",\"更新年度\":2022,\"前年同一\":true},[{\"筆ポリゴンID\":\"40ac64e1-6d0b-4a88-9434-0b90f5ad724c\",\"更新年度\":2021,\"前年同一\":true},{\"筆ポリゴンID\":\"40ac64e1-6d0b-4a88-9434-0b90f5ad724c\",\"発生年度\":2020}]]]]","last_polygon_uuid":"479ae518-c27c-416c-83e6-3edaeff53bc6","prev_last_polygon_uuid":"7db01792-0f88-4d15-996b-3be835b18bc0","local_government_cd":"016080","point_lng":142.909845302,"point_lat":42.154118233}},{"arcs":[[484]],"type":"Polygon","properties":{"polygon_uuid":"3e3d1d0f-85fc-4424-86d3-57986cd5d4ec","land_type":200,"issue_year":2025,"edit_year":2020,"history":"[{\"筆ポリゴンID\":\"628e6252-7965-439b-818a-cd7218c75c34\",\"更新年度\":2024,\"前年同一\":true},[{\"筆ポリゴンID\":\"60173f17-2325-4280-b6d6-38d020a46ff4\",\"更新年度\":2023,\"前年同一\":true},[{\"筆ポリゴンID\":\"0558319c-6939-4380-8963-3621ab608ebe\",\"更新年度\":2022,\"前年同一\":true},[{\"筆ポリゴンID\":\"d290bd83-56ec-4933-bf34-35f9f0e0e6a3\",\"更新年度\":2021,\"前年同一\":true},{\"筆ポリゴンID\":\"d290bd83-56ec-4933-bf34-35f9f0e0e6a3\",\"発生年度\":2020}]]]]","last_polygon_uuid":"628e6252-7965-439b-818a-cd7218c75c34","prev_last_polygon_uuid":"60173f17-2325-4280-b6d6-38d020a46ff4","local_government_cd":"016080","point_lng":142.961857744,"point_lat":42.123083934}},{"arcs":[[485]],"type":"Polygon","properties":{"polygon_uuid":"0c28aaf3-af84-4065-81dc-aec6eaa0e33f","land_type":200,"issue_year":2025,"edit_year":2020,"history":"[{\"筆ポリゴンID\":\"173c11d5-9d2e-47dc-bb84-65d7a66237ca\",\"更新年度\":2024,\"前年同一\":true},[{\"筆ポリゴンID\":\"c4844d9a-04d9-4c6f-a1c8-07b3ad278a13\",\"更新年度\":2023,\"前年同一\":true},[{\"筆ポリゴンID\":\"27df1bff-1a40-4f84-bb56-4dbf55050ab5\",\"更新年度\":2022,\"前年同一\":true},[{\"筆ポリゴンID\":\"de2a0c01-4c6b-418a-882a-aa218d37ed3d\",\"更新年度\":2021,\"前年同一\":true},{\"筆ポリゴンID\":\"de2a0c01-4c6b-418a-882a-aa218d37ed3d\",\"発生年度\":2020}]]]]","last_polygon_uuid":"173c11d5-9d2e-47dc-bb84-65d7a66237ca","prev_last_polygon_uuid":"c4844d9a-04d9-4c6f-a1c8-07b3ad278a13","local_government_cd":"016080","point_lng":142.948325115,"point_lat":42.16098424}},{"arcs":[[486]],"type":"Polygon","properties":{"polygon_uuid":"5858c5ad-f753-4739-abe5-105635234618","land_type":200,"issue_year":2025,"edit_year":2020,"history":"[{\"筆ポリゴンID\":\"efe9b41a-5e21-44f0-aa13-6a63733e898a\",\"更新年度\":2024,\"前年同一\":true},[{\"筆ポリゴンID\":\"fad609e8-b1af-4787-b371-f3e3cd4533b7\",\"更新年度\":2023,\"前年同一\":true},[{\"筆ポリゴンID\":\"a236f5b9-cc85-407d-9001-7636de55a6df\",\"更新年度\":2022,\"前年同一\":true},[{\"筆ポリゴンID\":\"0cd5b179-0c8c-44b4-89d3-5776d0540d99\",\"更新年度\":2021,\"前年同一\":true},{\"筆ポリゴンID\":\"0cd5b179-0c8c-44b4-89d3-5776d0540d99\",\"発生年度\":2020}]]]]","last_polygon_uuid":"efe9b41a-5e21-44f0-aa13-6a63733e898a","prev_last_polygon_uuid":"fad609e8-b1af-4787-b371-f3e3cd4533b7","local_government_cd":"016080","point_lng":142.906520505,"point_lat":42.137462161}},{"arcs":[[487]],"type":"Polygon","properties":{"polygon_uuid":"40cc4e39-2b90-46a6-b31e-e98cdb7c2c73","land_type":200,"issue_year":2025,"edit_year":2020,"history":"[{\"筆ポリゴンID\":\"b0bf2114-42bc-442d-8df2-27ae50ef9b41\",\"更新年度\":2024,\"前年同一\":true},[{\"筆ポリゴンID\":\"5b8c45fc-16a0-40e6-bf20-e7ddf2a7e91c\",\"更新年度\":2023,\"前年同一\":true},[{\"筆ポリゴンID\":\"0c2fe438-c7a3-4a35-90c2-3e93ac31f908\",\"更新年度\":2022,\"前年同一\":true},[{\"筆ポリゴンID\":\"0c6ef223-416e-4234-9277-bcd23ded24b5\",\"更新年度\":2021,\"前年同一\":true},{\"筆ポリゴンID\":\"0c6ef223-416e-4234-9277-bcd23ded24b5\",\"発生年度\":2020}]]]]","last_polygon_uuid":"b0bf2114-42bc-442d-8df2-27ae50ef9b41","prev_last_polygon_uuid":"5b8c45fc-16a0-40e6-bf20-e7ddf2a7e91c","local_government_cd":"016080","point_lng":142.945411465,"point_lat":42.163514285}},{"arcs":[[488]],"type":"Polygon","properties":{"polygon_uuid":"6afbcd94-9305-4f35-995b-47fd44e10d69","land_type":200,"issue_year":2025,"edit_year":2020,"history":"[{\"筆ポリゴンID\":\"2b37178d-1c4c-44b0-add4-ffe37495b1e2\",\"更新年度\":2024,\"前年同一\":true},[{\"筆ポリゴンID\":\"5ec8e483-8cbb-4d91-ad2e-b81692c65aec\",\"更新年度\":2023,\"前年同一\":true},[{\"筆ポリゴンID\":\"a658f0cc-6c1d-46b9-a60a-ec8c3ee5e402\",\"更新年度\":2022,\"前年同一\":true},[{\"筆ポリゴンID\":\"94201bf4-e0b8-4239-ab6d-a6886c734cd9\",\"更新年度\":2021,\"前年同一\":true},{\"筆ポリゴンID\":\"94201bf4-e0b8-4239-ab6d-a6886c734cd9\",\"発生年度\":2020}]]]]","last_polygon_uuid":"2b37178d-1c4c-44b0-add4-ffe37495b1e2","prev_last_polygon_uuid":"5ec8e483-8cbb-4d91-ad2e-b81692c65aec","local_government_cd":"016080","point_lng":142.948201286,"point_lat":42.123501563}},{"arcs":[[-391,489]],"type":"Polygon","properties":{"polygon_uuid":"5133a3da-d451-4651-809e-c199bc340bf4","land_type":200,"issue_year":2025,"edit_year":2020,"history":"[{\"筆ポリゴンID\":\"b049973b-709f-4544-8b72-33f7c5e3508d\",\"更新年度\":2024,\"前年同一\":true},[{\"筆ポリゴンID\":\"6528d77c-33cd-4b55-beea-d2a8f23737af\",\"更新年度\":2023,\"前年同一\":true},[{\"筆ポリゴンID\":\"39bd6dc2-232d-449a-b386-2990375f2477\",\"更新年度\":2022,\"前年同一\":true},[{\"筆ポリゴンID\":\"13be9046-c632-4ae1-8627-114061cd3cc5\",\"更新年度\":2021,\"前年同一\":true},{\"筆ポリゴンID\":\"13be9046-c632-4ae1-8627-114061cd3cc5\",\"発生年度\":2020}]]]]","last_polygon_uuid":"b049973b-709f-4544-8b72-33f7c5e3508d","prev_last_polygon_uuid":"6528d77c-33cd-4b55-beea-d2a8f23737af","local_government_cd":"016080","point_lng":142.90212925,"point_lat":42.144468306}},{"arcs":[[490]],"type":"Polygon","properties":{"polygon_uuid":"a9fbc8a7-b7ca-40b6-b8bb-fcea4f87a018","land_type":200,"issue_year":2025,"edit_year":2020,"history":"[{\"筆ポリゴンID\":\"97f18d77-8f1a-4d08-9ad5-a9276124d3ef\",\"更新年度\":2024,\"前年同一\":true},[{\"筆ポリゴンID\":\"88a0a00a-4802-4764-bb63-c17b941ac0d9\",\"更新年度\":2023,\"前年同一\":true},[{\"筆ポリゴンID\":\"49b2ab10-c29c-4fc8-bcb2-18652455cd56\",\"更新年度\":2022,\"前年同一\":true},[{\"筆ポリゴンID\":\"e91a513e-17b6-429a-809e-e798d049db8b\",\"更新年度\":2021,\"前年同一\":true},{\"筆ポリゴンID\":\"e91a513e-17b6-429a-809e-e798d049db8b\",\"発生年度\":2020}]]]]","last_polygon_uuid":"97f18d77-8f1a-4d08-9ad5-a9276124d3ef","prev_last_polygon_uuid":"88a0a00a-4802-4764-bb63-c17b941ac0d9","local_government_cd":"016080","point_lng":142.913082339,"point_lat":42.161296551}},{"arcs":[[491]],"type":"Polygon","properties":{"polygon_uuid":"df4b94e2-fbb0-4e67-ab7c-9bf4e24710ad","land_type":200,"issue_year":2025,"edit_year":2020,"history":"[{\"筆ポリゴンID\":\"1ffbcfa2-7c5e-4d7d-9c3d-f384c9f58f7c\",\"更新年度\":2024,\"前年同一\":true},[{\"筆ポリゴンID\":\"bc1127ff-318a-4166-a517-0b7efb09212b\",\"更新年度\":2023,\"前年同一\":true},[{\"筆ポリゴンID\":\"01004503-8820-4d30-9aed-4fb360ac25c7\",\"更新年度\":2022,\"前年同一\":true},[{\"筆ポリゴンID\":\"8614a32a-a4cf-4329-87fd-bfd8b7e6bfca\",\"更新年度\":2021,\"前年同一\":true},{\"筆ポリゴンID\":\"8614a32a-a4cf-4329-87fd-bfd8b7e6bfca\",\"発生年度\":2020}]]]]","last_polygon_uuid":"1ffbcfa2-7c5e-4d7d-9c3d-f384c9f58f7c","prev_last_polygon_uuid":"bc1127ff-318a-4166-a517-0b7efb09212b","local_government_cd":"016080","point_lng":142.91010264,"point_lat":42.137170066}},{"arcs":[[492]],"type":"Polygon","properties":{"polygon_uuid":"f2cf26ad-e36a-425e-bce8-dc028eb0d247","land_type":200,"issue_year":2025,"edit_year":2020,"history":"[{\"筆ポリゴンID\":\"35819cc6-65b0-4faf-85ca-aa9bca3702cc\",\"更新年度\":2024,\"前年同一\":true},[{\"筆ポリゴンID\":\"7a39aba5-d62e-4272-bbcb-25505a5555b8\",\"更新年度\":2023,\"前年同一\":true},[{\"筆ポリゴンID\":\"3984c90d-a259-4a7d-8959-a586650ff271\",\"更新年度\":2022,\"前年同一\":true},[{\"筆ポリゴンID\":\"cebb8ca8-706a-4ae6-8e9c-d96e0eaa57dd\",\"更新年度\":2021,\"前年同一\":true},{\"筆ポリゴンID\":\"cebb8ca8-706a-4ae6-8e9c-d96e0eaa57dd\",\"発生年度\":2020}]]]]","last_polygon_uuid":"35819cc6-65b0-4faf-85ca-aa9bca3702cc","prev_last_polygon_uuid":"7a39aba5-d62e-4272-bbcb-25505a5555b8","local_government_cd":"016080","point_lng":142.91352442,"point_lat":42.15234716}},{"arcs":[[493]],"type":"Polygon","properties":{"polygon_uuid":"caedc0e8-93e8-40c1-a652-a61e957fb874","land_type":200,"issue_year":2025,"edit_year":2020,"history":"[{\"筆ポリゴンID\":\"e324342c-3fa2-493b-8571-d5ee7ed5a090\",\"更新年度\":2024,\"前年同一\":true},[{\"筆ポリゴンID\":\"9a015c07-ef94-4e3e-ac42-d13d2547e048\",\"更新年度\":2023,\"前年同一\":true},[{\"筆ポリゴンID\":\"22598c09-3bb8-478f-b728-c887a410c91c\",\"更新年度\":2022,\"前年同一\":true},[{\"筆ポリゴンID\":\"eea97e55-bf0f-41ae-92c8-cc818f569fe7\",\"更新年度\":2021,\"前年同一\":true},{\"筆ポリゴンID\":\"eea97e55-bf0f-41ae-92c8-cc818f569fe7\",\"発生年度\":2020}]]]]","last_polygon_uuid":"e324342c-3fa2-493b-8571-d5ee7ed5a090","prev_last_polygon_uuid":"9a015c07-ef94-4e3e-ac42-d13d2547e048","local_government_cd":"016080","point_lng":142.905002694,"point_lat":42.137084204}},{"arcs":[[494]],"type":"Polygon","properties":{"polygon_uuid":"0c79e86e-fa00-4918-bc8b-5c1656172979","land_type":200,"issue_year":2025,"edit_year":2020,"history":"[{\"筆ポリゴンID\":\"5290ac93-9884-4b22-9343-50af16342946\",\"更新年度\":2024,\"前年同一\":true},[{\"筆ポリゴンID\":\"8d3b5271-467f-4b63-a2fd-6fc95c9f13eb\",\"更新年度\":2023,\"前年同一\":true},[{\"筆ポリゴンID\":\"c96956d3-de12-4455-8d91-aa294ed07539\",\"更新年度\":2022,\"前年同一\":true},[{\"筆ポリゴンID\":\"26a3934f-5465-41bb-91e3-51e5c363a912\",\"更新年度\":2021,\"前年同一\":true},{\"筆ポリゴンID\":\"26a3934f-5465-41bb-91e3-51e5c363a912\",\"発生年度\":2020}]]]]","last_polygon_uuid":"5290ac93-9884-4b22-9343-50af16342946","prev_last_polygon_uuid":"8d3b5271-467f-4b63-a2fd-6fc95c9f13eb","local_government_cd":"016080","point_lng":142.954530082,"point_lat":42.164352979}},{"arcs":[[495]],"type":"Polygon","properties":{"polygon_uuid":"0e52e12e-315f-4cfa-b04a-59247bf19cd1","land_type":200,"issue_year":2025,"edit_year":2020,"history":"[{\"筆ポリゴンID\":\"8852245d-edca-4ef6-b577-84de6ade72ad\",\"更新年度\":2024,\"前年同一\":true},[{\"筆ポリゴンID\":\"b31ba372-0b5a-41b0-9888-7a5d54f43574\",\"更新年度\":2023,\"前年同一\":true},[{\"筆ポリゴンID\":\"fa639458-986e-4ac1-b792-08a3c952ce9a\",\"更新年度\":2022,\"前年同一\":true},[{\"筆ポリゴンID\":\"c71ce49f-b830-47d5-8b24-f578da4120ec\",\"更新年度\":2021,\"前年同一\":true},{\"筆ポリゴンID\":\"c71ce49f-b830-47d5-8b24-f578da4120ec\",\"発生年度\":2020}]]]]","last_polygon_uuid":"8852245d-edca-4ef6-b577-84de6ade72ad","prev_last_polygon_uuid":"b31ba372-0b5a-41b0-9888-7a5d54f43574","local_government_cd":"016080","point_lng":142.944220187,"point_lat":42.162916793}},{"arcs":[[496]],"type":"Polygon","properties":{"polygon_uuid":"8022a486-a138-498f-8f6c-fac0140ea730","land_type":200,"issue_year":2025,"edit_year":2020,"history":"[{\"筆ポリゴンID\":\"9b982d21-73e8-40f0-a74c-7e04781fb884\",\"更新年度\":2024,\"前年同一\":true},[{\"筆ポリゴンID\":\"db805cfe-db14-48e7-bf2b-540fb208340f\",\"更新年度\":2023,\"前年同一\":true},[{\"筆ポリゴンID\":\"66cad35a-868e-453a-addd-bbc25d98e88c\",\"更新年度\":2022,\"前年同一\":true},[{\"筆ポリゴンID\":\"70d6303e-5395-4d4f-858a-cac40bed3b4e\",\"更新年度\":2021,\"前年同一\":true},{\"筆ポリゴンID\":\"70d6303e-5395-4d4f-858a-cac40bed3b4e\",\"発生年度\":2020}]]]]","last_polygon_uuid":"9b982d21-73e8-40f0-a74c-7e04781fb884","prev_last_polygon_uuid":"db805cfe-db14-48e7-bf2b-540fb208340f","local_government_cd":"016080","point_lng":142.959552222,"point_lat":42.127193529}},{"arcs":[[-460,497]],"type":"Polygon","properties":{"polygon_uuid":"b55342b6-a81f-4fd9-a118-12ad37cd718e","land_type":200,"issue_year":2025,"edit_year":2020,"history":"[{\"筆ポリゴンID\":\"15ce6e65-e5a5-4620-9e8b-6235e6c4b428\",\"更新年度\":2024,\"前年同一\":true},[{\"筆ポリゴンID\":\"3b434372-80a3-487a-a8ba-f14fe1e55f7a\",\"更新年度\":2023,\"前年同一\":true},[{\"筆ポリゴンID\":\"27530881-1351-4362-b0f0-60f283861f45\",\"更新年度\":2022,\"前年同一\":true},[{\"筆ポリゴンID\":\"1aed088a-bb89-4c60-8e50-076ef69f8105\",\"更新年度\":2021,\"前年同一\":true},{\"筆ポリゴンID\":\"1aed088a-bb89-4c60-8e50-076ef69f8105\",\"発生年度\":2020}]]]]","last_polygon_uuid":"15ce6e65-e5a5-4620-9e8b-6235e6c4b428","prev_last_polygon_uuid":"3b434372-80a3-487a-a8ba-f14fe1e55f7a","local_government_cd":"016080","point_lng":142.91402911,"point_lat":42.148950834}},{"arcs":[[498,499,500]],"type":"Polygon","properties":{"polygon_uuid":"200e3a75-1cb4-4876-b618-d1ad94e7e05b","land_type":200,"issue_year":2025,"edit_year":2020,"history":"[{\"筆ポリゴンID\":\"52bde284-ed9f-45a2-a435-35c0f3a3fde8\",\"更新年度\":2024,\"前年同一\":true},[{\"筆ポリゴンID\":\"746b9f07-2fc2-4de6-a4f6-1fd4dac51db1\",\"更新年度\":2023,\"前年同一\":true},[{\"筆ポリゴンID\":\"20d2db11-6e69-4e16-a6e7-2b42bd526d6f\",\"更新年度\":2022,\"前年同一\":true},[{\"筆ポリゴンID\":\"d3bad008-a0a9-403d-89c4-638262d51ab2\",\"更新年度\":2021,\"前年同一\":true},{\"筆ポリゴンID\":\"d3bad008-a0a9-403d-89c4-638262d51ab2\",\"発生年度\":2020}]]]]","last_polygon_uuid":"52bde284-ed9f-45a2-a435-35c0f3a3fde8","prev_last_polygon_uuid":"746b9f07-2fc2-4de6-a4f6-1fd4dac51db1","local_government_cd":"016080","point_lng":142.952347524,"point_lat":42.165424445}},{"arcs":[[501,502]],"type":"Polygon","properties":{"polygon_uuid":"e40e4888-1a66-4a87-a057-3e1b9b5f8c5c","land_type":200,"issue_year":2025,"edit_year":2020,"history":"[{\"筆ポリゴンID\":\"a7148f65-59e3-4f41-bae2-0bab0608f196\",\"更新年度\":2024,\"前年同一\":true},[{\"筆ポリゴンID\":\"adad7204-b32b-4fae-b5f3-9ab44850eba7\",\"更新年度\":2023,\"前年同一\":true},[{\"筆ポリゴンID\":\"db483c62-f823-4bd4-9e2b-23760c639d3d\",\"更新年度\":2022,\"前年同一\":true},[{\"筆ポリゴンID\":\"4deaba91-4ec5-4dc6-b3f5-56577b240cb6\",\"更新年度\":2021,\"前年同一\":true},{\"筆ポリゴンID\":\"4deaba91-4ec5-4dc6-b3f5-56577b240cb6\",\"発生年度\":2020}]]]]","last_polygon_uuid":"a7148f65-59e3-4f41-bae2-0bab0608f196","prev_last_polygon_uuid":"adad7204-b32b-4fae-b5f3-9ab44850eba7","local_government_cd":"016080","point_lng":142.914961496,"point_lat":42.152085174}},{"arcs":[[503]],"type":"Polygon","properties":{"polygon_uuid":"f973176c-cdae-4620-bc6c-ed43377ec1a6","land_type":200,"issue_year":2025,"edit_year":2020,"history":"[{\"筆ポリゴンID\":\"6510ee7d-119b-4f98-8b1c-bee9f8225ebb\",\"更新年度\":2024,\"前年同一\":true},[{\"筆ポリゴンID\":\"bb5bf036-6aef-41f3-be90-6e4c9789bb13\",\"更新年度\":2023,\"前年同一\":true},[{\"筆ポリゴンID\":\"96240d95-4c4e-4329-89cc-84fc28ca4c98\",\"更新年度\":2022,\"前年同一\":true},[{\"筆ポリゴンID\":\"b50d22e2-bb2e-4c92-8941-51722f4a628a\",\"更新年度\":2021,\"前年同一\":true},{\"筆ポリゴンID\":\"b50d22e2-bb2e-4c92-8941-51722f4a628a\",\"発生年度\":2020}]]]]","last_polygon_uuid":"6510ee7d-119b-4f98-8b1c-bee9f8225ebb","prev_last_polygon_uuid":"bb5bf036-6aef-41f3-be90-6e4c9789bb13","local_government_cd":"016080","point_lng":142.941636384,"point_lat":42.163844329}},{"arcs":[[504]],"type":"Polygon","properties":{"polygon_uuid":"0598bb9b-2c3b-43a6-8428-518d3420af57","land_type":200,"issue_year":2025,"edit_year":2020,"history":"[{\"筆ポリゴンID\":\"3b5c438a-3dfb-44aa-9e52-10a8dda20d79\",\"更新年度\":2024,\"前年同一\":true},[{\"筆ポリゴンID\":\"39b8ae32-4a32-49da-8a69-1f38c806f318\",\"更新年度\":2023,\"前年同一\":true},[{\"筆ポリゴンID\":\"cd309666-5f78-4fda-9a73-7acfa387922a\",\"更新年度\":2022,\"前年同一\":true},[{\"筆ポリゴンID\":\"44af9b4c-3a21-440e-a260-00c9c063ef9c\",\"更新年度\":2021,\"前年同一\":true},{\"筆ポリゴンID\":\"44af9b4c-3a21-440e-a260-00c9c063ef9c\",\"発生年度\":2020}]]]]","last_polygon_uuid":"3b5c438a-3dfb-44aa-9e52-10a8dda20d79","prev_last_polygon_uuid":"39b8ae32-4a32-49da-8a69-1f38c806f318","local_government_cd":"016080","point_lng":142.943140891,"point_lat":42.163157397}},{"arcs":[[505]],"type":"Polygon","properties":{"polygon_uuid":"93bf1149-f744-4f32-8ac2-e757c80f2257","land_type":200,"issue_year":2025,"edit_year":2020,"history":"[{\"筆ポリゴンID\":\"7ce85f59-c78a-492a-9e59-927a8e5c6de9\",\"更新年度\":2024,\"前年同一\":true},[{\"筆ポリゴンID\":\"34bc0da4-868e-4c93-80ce-fbdfad63340a\",\"更新年度\":2023,\"前年同一\":true},[{\"筆ポリゴンID\":\"bac9d233-bc6a-4fad-b0fb-28769a0bca18\",\"更新年度\":2022,\"前年同一\":true},[{\"筆ポリゴンID\":\"392ac78b-cc9e-4301-ac44-2a33de32334d\",\"更新年度\":2021,\"前年同一\":true},{\"筆ポリゴンID\":\"392ac78b-cc9e-4301-ac44-2a33de32334d\",\"発生年度\":2020}]]]]","last_polygon_uuid":"7ce85f59-c78a-492a-9e59-927a8e5c6de9","prev_last_polygon_uuid":"34bc0da4-868e-4c93-80ce-fbdfad63340a","local_government_cd":"016080","point_lng":142.912097654,"point_lat":42.159922767}},{"arcs":[[506]],"type":"Polygon","properties":{"polygon_uuid":"b3d3c77c-d5b6-4d4a-aedf-f6dc5c8c572a","land_type":200,"issue_year":2025,"edit_year":2020,"history":"[{\"筆ポリゴンID\":\"ec9b6ef9-646a-4bb3-a212-de67f72b06f4\",\"更新年度\":2024,\"前年同一\":true},[{\"筆ポリゴンID\":\"fc29f432-dc27-45be-8153-fb978ee9a103\",\"更新年度\":2023,\"前年同一\":true},[{\"筆ポリゴンID\":\"80c3feea-2cfb-451e-8757-c26298bd7780\",\"更新年度\":2022,\"前年同一\":true},[{\"筆ポリゴンID\":\"3837eb23-d01b-4844-a16a-9e31eb4bea63\",\"更新年度\":2021,\"前年同一\":true},{\"筆ポリゴンID\":\"3837eb23-d01b-4844-a16a-9e31eb4bea63\",\"発生年度\":2020}]]]]","last_polygon_uuid":"ec9b6ef9-646a-4bb3-a212-de67f72b06f4","prev_last_polygon_uuid":"fc29f432-dc27-45be-8153-fb978ee9a103","local_government_cd":"016080","point_lng":142.940570073,"point_lat":42.164377322}},{"arcs":[[507]],"type":"Polygon","properties":{"polygon_uuid":"99205992-d588-4633-82f0-0fb883d7dd7f","land_type":200,"issue_year":2025,"edit_year":2020,"history":"[{\"筆ポリゴンID\":\"445913a6-dbeb-4459-aa98-1b92b8faa249\",\"更新年度\":2024,\"前年同一\":true},[{\"筆ポリゴンID\":\"5387ef95-f0e2-42f3-abe4-a3dfc694fb1a\",\"更新年度\":2023,\"前年同一\":true},[{\"筆ポリゴンID\":\"00296a9e-06c4-4f05-abed-760159e4df3a\",\"更新年度\":2022,\"前年同一\":true},[{\"筆ポリゴンID\":\"ea6d46da-26cd-479d-8f45-2e807e6f6f27\",\"更新年度\":2021,\"前年同一\":true},{\"筆ポリゴンID\":\"ea6d46da-26cd-479d-8f45-2e807e6f6f27\",\"発生年度\":2020}]]]]","last_polygon_uuid":"445913a6-dbeb-4459-aa98-1b92b8faa249","prev_last_polygon_uuid":"5387ef95-f0e2-42f3-abe4-a3dfc694fb1a","local_government_cd":"016080","point_lng":142.942536141,"point_lat":42.166374029}},{"arcs":[[508]],"type":"Polygon","properties":{"polygon_uuid":"ea3127b7-3f3c-49f4-a8b5-4a4cdb94534b","land_type":200,"issue_year":2025,"edit_year":2020,"history":"[{\"筆ポリゴンID\":\"d4d40917-e67f-471c-9e90-d396d8f67cce\",\"更新年度\":2024,\"前年同一\":true},[{\"筆ポリゴンID\":\"6e70232d-9920-45dd-9888-cc6be898b017\",\"更新年度\":2023,\"前年同一\":true},[{\"筆ポリゴンID\":\"2b7d07d8-1975-4e09-85a9-4ebb4a5256ab\",\"更新年度\":2022,\"前年同一\":true},[{\"筆ポリゴンID\":\"8433548a-ba40-4b5f-a00b-8a9debd1b358\",\"更新年度\":2021,\"前年同一\":true},{\"筆ポリゴンID\":\"8433548a-ba40-4b5f-a00b-8a9debd1b358\",\"発生年度\":2020}]]]]","last_polygon_uuid":"d4d40917-e67f-471c-9e90-d396d8f67cce","prev_last_polygon_uuid":"6e70232d-9920-45dd-9888-cc6be898b017","local_government_cd":"016080","point_lng":142.886808118,"point_lat":42.157289081}},{"arcs":[[509]],"type":"Polygon","properties":{"polygon_uuid":"48eff9eb-1bc5-419f-ac09-ccb3e4180f44","land_type":200,"issue_year":2025,"edit_year":2020,"history":"[{\"筆ポリゴンID\":\"b988b82d-2c20-4319-83ff-2bbc0fb5d806\",\"更新年度\":2024,\"前年同一\":true},[{\"筆ポリゴンID\":\"cc37a89c-2297-49f3-b397-da525d2dc175\",\"更新年度\":2023,\"前年同一\":true},[{\"筆ポリゴンID\":\"036ffadf-f264-4263-9bb5-3cbce3a63331\",\"更新年度\":2022,\"前年同一\":true},[{\"筆ポリゴンID\":\"b114b1ac-1250-4348-a1c2-33e56d5586ee\",\"更新年度\":2021,\"前年同一\":true},{\"筆ポリゴンID\":\"b114b1ac-1250-4348-a1c2-33e56d5586ee\",\"発生年度\":2020}]]]]","last_polygon_uuid":"b988b82d-2c20-4319-83ff-2bbc0fb5d806","prev_last_polygon_uuid":"cc37a89c-2297-49f3-b397-da525d2dc175","local_government_cd":"016080","point_lng":142.950856237,"point_lat":42.159641003}},{"arcs":[[510]],"type":"Polygon","properties":{"polygon_uuid":"e095d120-6e8a-4d91-b9a3-dfa8866ed853","land_type":200,"issue_year":2025,"edit_year":2020,"history":"[{\"筆ポリゴンID\":\"5cd25a47-5149-40f9-a2c5-51dc05f02dd3\",\"更新年度\":2024,\"前年同一\":true},[{\"筆ポリゴンID\":\"97e69329-36dc-4a5a-877a-e1d44fb761d2\",\"更新年度\":2023,\"前年同一\":true},[{\"筆ポリゴンID\":\"a6e6ee7b-27c3-4192-bbde-f6139b3bc6dd\",\"更新年度\":2022,\"前年同一\":true},[{\"筆ポリゴンID\":\"bd3a8fc0-21a0-4059-aa89-9181c6a6d1bc\",\"更新年度\":2021,\"前年同一\":true},{\"筆ポリゴンID\":\"bd3a8fc0-21a0-4059-aa89-9181c6a6d1bc\",\"発生年度\":2020}]]]]","last_polygon_uuid":"5cd25a47-5149-40f9-a2c5-51dc05f02dd3","prev_last_polygon_uuid":"97e69329-36dc-4a5a-877a-e1d44fb761d2","local_government_cd":"016080","point_lng":142.915577865,"point_lat":42.145122269}},{"arcs":[[511]],"type":"Polygon","properties":{"polygon_uuid":"70d71925-f3b7-468f-a1b1-255d84949618","land_type":200,"issue_year":2025,"edit_year":2020,"history":"[{\"筆ポリゴンID\":\"e55d84d3-3f6a-4801-afe2-cbca3e352ffc\",\"更新年度\":2024,\"前年同一\":true},[{\"筆ポリゴンID\":\"98f5a3b4-fbc8-4c57-ab4b-a8b9d5f71af4\",\"更新年度\":2023,\"前年同一\":true},[{\"筆ポリゴンID\":\"8280479d-5dc5-43f3-aabe-72536a04a433\",\"更新年度\":2022,\"前年同一\":true},[{\"筆ポリゴンID\":\"f39f433e-94bd-47af-b345-8735d7010bdb\",\"更新年度\":2021,\"前年同一\":true},{\"筆ポリゴンID\":\"f39f433e-94bd-47af-b345-8735d7010bdb\",\"発生年度\":2020}]]]]","last_polygon_uuid":"e55d84d3-3f6a-4801-afe2-cbca3e352ffc","prev_last_polygon_uuid":"98f5a3b4-fbc8-4c57-ab4b-a8b9d5f71af4","local_government_cd":"016080","point_lng":142.962167178,"point_lat":42.126713626}},{"arcs":[[512]],"type":"Polygon","properties":{"polygon_uuid":"c5dba6e0-cac7-4095-ad49-6dde210a286e","land_type":200,"issue_year":2025,"edit_year":2020,"history":"[{\"筆ポリゴンID\":\"b975df4f-3b72-4b2b-99d2-fb0b3aaa78ff\",\"更新年度\":2024,\"前年同一\":true},[{\"筆ポリゴンID\":\"ef82b115-e55e-461f-89e1-4d972c002d76\",\"更新年度\":2023,\"前年同一\":true},[{\"筆ポリゴンID\":\"ab375775-87b4-4964-bb66-b044ebdc3a7a\",\"更新年度\":2022,\"前年同一\":true},[{\"筆ポリゴンID\":\"0612eded-1bc8-4064-99f4-b96d541b9359\",\"更新年度\":2021,\"前年同一\":true},{\"筆ポリゴンID\":\"0612eded-1bc8-4064-99f4-b96d541b9359\",\"発生年度\":2020}]]]]","last_polygon_uuid":"b975df4f-3b72-4b2b-99d2-fb0b3aaa78ff","prev_last_polygon_uuid":"ef82b115-e55e-461f-89e1-4d972c002d76","local_government_cd":"016080","point_lng":142.916639811,"point_lat":42.146165838}},{"arcs":[[513,514,515]],"type":"Polygon","properties":{"polygon_uuid":"1ebbdcd4-2f90-4ab5-b9be-c073ae592259","land_type":200,"issue_year":2025,"edit_year":2020,"history":"[{\"筆ポリゴンID\":\"5d04acac-c93c-4f75-aa61-10ff858c6313\",\"更新年度\":2024,\"前年同一\":true},[{\"筆ポリゴンID\":\"c25ef18e-5144-4f37-ae53-4f81062bf85a\",\"更新年度\":2023,\"前年同一\":true},[{\"筆ポリゴンID\":\"c8fbc22e-19fc-405d-8c0c-a530949c6717\",\"更新年度\":2022,\"前年同一\":true},[{\"筆ポリゴンID\":\"7755e57c-e65a-4125-a836-2bb5dc80181a\",\"更新年度\":2021,\"前年同一\":true},{\"筆ポリゴンID\":\"7755e57c-e65a-4125-a836-2bb5dc80181a\",\"発生年度\":2020}]]]]","last_polygon_uuid":"5d04acac-c93c-4f75-aa61-10ff858c6313","prev_last_polygon_uuid":"c25ef18e-5144-4f37-ae53-4f81062bf85a","local_government_cd":"016080","point_lng":142.95201032,"point_lat":42.155380255}},{"arcs":[[516]],"type":"Polygon","properties":{"polygon_uuid":"ca85a092-93c2-48a5-b12e-5ffe58793569","land_type":200,"issue_year":2025,"edit_year":2020,"history":"[{\"筆ポリゴンID\":\"c2530171-125d-460b-8125-ebe7856eea27\",\"更新年度\":2024,\"前年同一\":true},[{\"筆ポリゴンID\":\"5fea0bbe-9894-4d57-b2b1-b11ec0fe72b8\",\"更新年度\":2023,\"前年同一\":true},[{\"筆ポリゴンID\":\"925f156c-bce1-4b02-9903-4af748b2a89d\",\"更新年度\":2022,\"前年同一\":true},[{\"筆ポリゴンID\":\"e8ca084f-256b-4d4d-a211-5309d90cd49c\",\"更新年度\":2021,\"前年同一\":true},{\"筆ポリゴンID\":\"e8ca084f-256b-4d4d-a211-5309d90cd49c\",\"発生年度\":2020}]]]]","last_polygon_uuid":"c2530171-125d-460b-8125-ebe7856eea27","prev_last_polygon_uuid":"5fea0bbe-9894-4d57-b2b1-b11ec0fe72b8","local_government_cd":"016080","point_lng":142.95394562,"point_lat":42.159205555}},{"arcs":[[517]],"type":"Polygon","properties":{"polygon_uuid":"00859a3d-7896-4042-a7d5-cd030e37175a","land_type":200,"issue_year":2025,"edit_year":2020,"history":"[{\"筆ポリゴンID\":\"72046fce-3839-4173-b3ca-8044f3180c56\",\"更新年度\":2024,\"前年同一\":true},[{\"筆ポリゴンID\":\"cb7e67b9-6709-4b99-845a-8f6408e453b1\",\"更新年度\":2023,\"前年同一\":true},[{\"筆ポリゴンID\":\"b7f8d407-9991-4ae4-aab9-f059657ea3a8\",\"更新年度\":2022,\"前年同一\":true},[{\"筆ポリゴンID\":\"0d7d0570-3c99-40f7-ae3c-4c79a1db8742\",\"更新年度\":2021,\"前年同一\":true},{\"筆ポリゴンID\":\"0d7d0570-3c99-40f7-ae3c-4c79a1db8742\",\"発生年度\":2020}]]]]","last_polygon_uuid":"72046fce-3839-4173-b3ca-8044f3180c56","prev_last_polygon_uuid":"cb7e67b9-6709-4b99-845a-8f6408e453b1","local_government_cd":"016080","point_lng":142.911226142,"point_lat":42.155459151}},{"arcs":[[518,519,520,521]],"type":"Polygon","properties":{"polygon_uuid":"296d311a-910c-440d-ab1a-a8ab47877ff2","land_type":100,"issue_year":2025,"edit_year":2020,"history":"[{\"筆ポリゴンID\":\"890c2dff-819f-498f-a44a-d400c8c58c9e\",\"更新年度\":2024,\"前年同一\":true},[{\"筆ポリゴンID\":\"fd9eaaf5-d7df-43c0-a3f7-5a4145f56bd7\",\"更新年度\":2023,\"前年同一\":true},[{\"筆ポリゴンID\":\"662b0144-3601-4bad-be06-c13988e41ef3\",\"更新年度\":2022,\"前年同一\":true},[{\"筆ポリゴンID\":\"7cc83298-feb8-4813-9616-e831c03592cc\",\"更新年度\":2021,\"前年同一\":true},{\"筆ポリゴンID\":\"7cc83298-feb8-4813-9616-e831c03592cc\",\"発生年度\":2020}]]]]","last_polygon_uuid":"890c2dff-819f-498f-a44a-d400c8c58c9e","prev_last_polygon_uuid":"fd9eaaf5-d7df-43c0-a3f7-5a4145f56bd7","local_government_cd":"016080","point_lng":142.94690825,"point_lat":42.146924554}},{"arcs":[[522]],"type":"Polygon","properties":{"polygon_uuid":"d3a8585c-1ba0-4507-ab8e-53af205c0cc9","land_type":200,"issue_year":2025,"edit_year":2020,"history":"[{\"筆ポリゴンID\":\"2090ba65-5f91-416d-8a68-59324a8301b0\",\"更新年度\":2024,\"前年同一\":true},[{\"筆ポリゴンID\":\"6bd5ff7b-cd55-47a2-93cb-651c44b3deae\",\"更新年度\":2023,\"前年同一\":true},[{\"筆ポリゴンID\":\"a0e6b96d-cd09-4305-8916-eb16424c6e6c\",\"更新年度\":2022,\"前年同一\":true},[{\"筆ポリゴンID\":\"ddc4ef6c-3b99-462d-82d8-85d50665df64\",\"更新年度\":2021,\"前年同一\":true},{\"筆ポリゴンID\":\"ddc4ef6c-3b99-462d-82d8-85d50665df64\",\"発生年度\":2020}]]]]","last_polygon_uuid":"2090ba65-5f91-416d-8a68-59324a8301b0","prev_last_polygon_uuid":"6bd5ff7b-cd55-47a2-93cb-651c44b3deae","local_government_cd":"016080","point_lng":142.906993684,"point_lat":42.138542981}},{"arcs":[[523]],"type":"Polygon","properties":{"polygon_uuid":"45dc01fc-e326-4f5d-8a3f-ce19d819eb2e","land_type":200,"issue_year":2025,"edit_year":2020,"history":"[{\"筆ポリゴンID\":\"01adc9bf-2b14-4bd3-b669-dd5fafcddb19\",\"更新年度\":2024,\"前年同一\":true},[{\"筆ポリゴンID\":\"983783e7-df9a-4585-a334-2383ff5ae09b\",\"更新年度\":2023,\"前年同一\":true},[{\"筆ポリゴンID\":\"9c31db97-93b5-4c7a-a283-fdf78a797474\",\"更新年度\":2022,\"前年同一\":true},[{\"筆ポリゴンID\":\"e792f93b-e8a7-48a9-b50e-1f13e4fe62b3\",\"更新年度\":2021,\"前年同一\":true},{\"筆ポリゴンID\":\"e792f93b-e8a7-48a9-b50e-1f13e4fe62b3\",\"発生年度\":2020}]]]]","last_polygon_uuid":"01adc9bf-2b14-4bd3-b669-dd5fafcddb19","prev_last_polygon_uuid":"983783e7-df9a-4585-a334-2383ff5ae09b","local_government_cd":"016080","point_lng":142.950744978,"point_lat":42.166588875}},{"arcs":[[524]],"type":"Polygon","properties":{"polygon_uuid":"b51ccc48-12ee-4c29-9b53-d467e6802d7f","land_type":200,"issue_year":2025,"edit_year":2020,"history":"[{\"筆ポリゴンID\":\"516242a2-05a7-4d4b-94d5-93a1c528627d\",\"更新年度\":2024,\"前年同一\":true},[{\"筆ポリゴンID\":\"e4a9631f-a52f-48a6-bb98-e550bd5f00aa\",\"更新年度\":2023,\"前年同一\":true},[{\"筆ポリゴンID\":\"27bb088d-0bb7-4a21-8721-0f3fcee8f3ca\",\"更新年度\":2022,\"前年同一\":true},[{\"筆ポリゴンID\":\"d9ff8e03-eace-42c3-b81c-5c7ce5483d13\",\"更新年度\":2021,\"前年同一\":true},{\"筆ポリゴンID\":\"d9ff8e03-eace-42c3-b81c-5c7ce5483d13\",\"発生年度\":2020}]]]]","last_polygon_uuid":"516242a2-05a7-4d4b-94d5-93a1c528627d","prev_last_polygon_uuid":"e4a9631f-a52f-48a6-bb98-e550bd5f00aa","local_government_cd":"016080","point_lng":142.953522964,"point_lat":42.160383114}},{"arcs":[[525]],"type":"Polygon","properties":{"polygon_uuid":"b9e047a1-0a16-49fc-bf5f-e94970a6edac","land_type":200,"issue_year":2025,"edit_year":2020,"history":"[{\"筆ポリゴンID\":\"afad63c0-0769-4070-a889-893368a6dece\",\"更新年度\":2024,\"前年同一\":true},[{\"筆ポリゴンID\":\"8d31f2a4-5bce-45b5-8704-595fc7cc7dfa\",\"更新年度\":2023,\"前年同一\":true},[{\"筆ポリゴンID\":\"a88f6125-3c0e-4829-8b5d-96510be1c901\",\"更新年度\":2022,\"前年同一\":true},[{\"筆ポリゴンID\":\"e2a43fcb-1006-44a9-9d47-1381c2780cf0\",\"更新年度\":2021,\"前年同一\":true},{\"筆ポリゴンID\":\"e2a43fcb-1006-44a9-9d47-1381c2780cf0\",\"発生年度\":2020}]]]]","last_polygon_uuid":"afad63c0-0769-4070-a889-893368a6dece","prev_last_polygon_uuid":"8d31f2a4-5bce-45b5-8704-595fc7cc7dfa","local_government_cd":"016080","point_lng":142.911809701,"point_lat":42.162509384}},{"arcs":[[526]],"type":"Polygon","properties":{"polygon_uuid":"b7529a31-c1a1-4b94-a633-6b71d1780e69","land_type":200,"issue_year":2025,"edit_year":2020,"history":"[{\"筆ポリゴンID\":\"19725a02-4ccc-4cd8-911b-d97510861e6a\",\"更新年度\":2024,\"前年同一\":true},[{\"筆ポリゴンID\":\"de135d37-6b31-4778-af13-9b6e895e379a\",\"更新年度\":2023,\"前年同一\":true},[{\"筆ポリゴンID\":\"ed6b4575-07ff-4820-80ae-fb11579482e8\",\"更新年度\":2022,\"前年同一\":true},[{\"筆ポリゴンID\":\"45228a24-dfbc-40e4-952b-2a8f61b0fae4\",\"更新年度\":2021,\"前年同一\":true},{\"筆ポリゴンID\":\"45228a24-dfbc-40e4-952b-2a8f61b0fae4\",\"発生年度\":2020}]]]]","last_polygon_uuid":"19725a02-4ccc-4cd8-911b-d97510861e6a","prev_last_polygon_uuid":"de135d37-6b31-4778-af13-9b6e895e379a","local_government_cd":"016080","point_lng":142.91400595,"point_lat":42.151448054}},{"arcs":[[527,-502]],"type":"Polygon","properties":{"polygon_uuid":"4198fa6d-bc17-4234-a81a-cdacbe667ff4","land_type":200,"issue_year":2025,"edit_year":2020,"history":"[{\"筆ポリゴンID\":\"7b445d00-9005-4713-a221-c21e5b62365d\",\"更新年度\":2024,\"前年同一\":true},[{\"筆ポリゴンID\":\"e21322b7-6284-4bbb-b833-3c530926e2ad\",\"更新年度\":2023,\"前年同一\":true},[{\"筆ポリゴンID\":\"e6d41246-e4e7-467d-b112-c4831a42a9f0\",\"更新年度\":2022,\"前年同一\":true},[{\"筆ポリゴンID\":\"ec0d708c-3d71-4d13-a0e9-1e8da97a7cdf\",\"更新年度\":2021,\"前年同一\":true},{\"筆ポリゴンID\":\"ec0d708c-3d71-4d13-a0e9-1e8da97a7cdf\",\"発生年度\":2020}]]]]","last_polygon_uuid":"7b445d00-9005-4713-a221-c21e5b62365d","prev_last_polygon_uuid":"e21322b7-6284-4bbb-b833-3c530926e2ad","local_government_cd":"016080","point_lng":142.914050994,"point_lat":42.15319937}},{"arcs":[[528]],"type":"Polygon","properties":{"polygon_uuid":"0637da48-7d84-4541-9f3c-ca05c6d41944","land_type":200,"issue_year":2025,"edit_year":2020,"history":"[{\"筆ポリゴンID\":\"92174afc-3184-4eff-a152-60a376a0e5b9\",\"更新年度\":2024,\"前年同一\":true},[{\"筆ポリゴンID\":\"68bc3fa9-ae43-4d17-83ed-b57ded58f49e\",\"更新年度\":2023,\"前年同一\":true},[{\"筆ポリゴンID\":\"3dbbce1c-680a-4ee1-a73d-02cbe1b1b4d2\",\"更新年度\":2022,\"前年同一\":true},[{\"筆ポリゴンID\":\"1f718c53-d3fd-4314-9db8-2d7a788830dd\",\"更新年度\":2021,\"前年同一\":true},{\"筆ポリゴンID\":\"1f718c53-d3fd-4314-9db8-2d7a788830dd\",\"発生年度\":2020}]]]]","last_polygon_uuid":"92174afc-3184-4eff-a152-60a376a0e5b9","prev_last_polygon_uuid":"68bc3fa9-ae43-4d17-83ed-b57ded58f49e","local_government_cd":"016080","point_lng":142.949919882,"point_lat":42.123298748}},{"arcs":[[529]],"type":"Polygon","properties":{"polygon_uuid":"9f9b6141-8875-468b-82f1-22b0e814abcd","land_type":200,"issue_year":2025,"edit_year":2020,"history":"[{\"筆ポリゴンID\":\"ad21ad51-f753-4abe-a5f3-75bb12a2bb85\",\"更新年度\":2024,\"前年同一\":true},[{\"筆ポリゴンID\":\"549ebe39-633f-4942-a24a-45a32b089fda\",\"更新年度\":2023,\"前年同一\":true},[{\"筆ポリゴンID\":\"8669f5d2-addf-42c9-9770-2e4c6e6857f7\",\"更新年度\":2022,\"前年同一\":true},[{\"筆ポリゴンID\":\"0936c9c8-cbb9-4e87-8941-d89a78b48129\",\"更新年度\":2021,\"前年同一\":true},{\"筆ポリゴンID\":\"0936c9c8-cbb9-4e87-8941-d89a78b48129\",\"発生年度\":2020}]]]]","last_polygon_uuid":"ad21ad51-f753-4abe-a5f3-75bb12a2bb85","prev_last_polygon_uuid":"549ebe39-633f-4942-a24a-45a32b089fda","local_government_cd":"016080","point_lng":142.911166214,"point_lat":42.154384367}},{"arcs":[[530]],"type":"Polygon","properties":{"polygon_uuid":"b9902a96-f6d1-4ba3-9712-b825f9f037f0","land_type":200,"issue_year":2025,"edit_year":2020,"history":"[{\"筆ポリゴンID\":\"1293e9a3-159c-47b2-811d-7cba4b9ad0cf\",\"更新年度\":2024,\"前年同一\":true},[{\"筆ポリゴンID\":\"4577f577-ab4d-4803-993c-7549b13b6530\",\"更新年度\":2023,\"前年同一\":true},[{\"筆ポリゴンID\":\"ad7d50e7-4ce8-4fe4-9f2b-c3888a275c18\",\"更新年度\":2022,\"前年同一\":true},[{\"筆ポリゴンID\":\"4f422757-bf3b-42b4-a5ff-0e9fc0e6ba88\",\"更新年度\":2021,\"前年同一\":true},{\"筆ポリゴンID\":\"4f422757-bf3b-42b4-a5ff-0e9fc0e6ba88\",\"発生年度\":2020}]]]]","last_polygon_uuid":"1293e9a3-159c-47b2-811d-7cba4b9ad0cf","prev_last_polygon_uuid":"4577f577-ab4d-4803-993c-7549b13b6530","local_government_cd":"016080","point_lng":142.952138719,"point_lat":42.137415702}},{"arcs":[[531]],"type":"Polygon","properties":{"polygon_uuid":"61db0ef7-5998-47dc-b80c-f5ec6e14c3dc","land_type":200,"issue_year":2025,"edit_year":2020,"history":"[{\"筆ポリゴンID\":\"7304f083-79ea-45e0-9f0e-22883b125706\",\"更新年度\":2024,\"前年同一\":true},[{\"筆ポリゴンID\":\"a5d74342-be96-4036-8f1e-fe7acd797f8e\",\"更新年度\":2023,\"前年同一\":true},[{\"筆ポリゴンID\":\"9ddb05eb-4c2a-4cf9-a08c-48dca8bf0ab6\",\"更新年度\":2022,\"前年同一\":true},[{\"筆ポリゴンID\":\"5ce97be1-e11a-480b-a0d8-09956342bb34\",\"更新年度\":2021,\"前年同一\":true},{\"筆ポリゴンID\":\"5ce97be1-e11a-480b-a0d8-09956342bb34\",\"発生年度\":2020}]]]]","last_polygon_uuid":"7304f083-79ea-45e0-9f0e-22883b125706","prev_last_polygon_uuid":"a5d74342-be96-4036-8f1e-fe7acd797f8e","local_government_cd":"016080","point_lng":142.952943772,"point_lat":42.159629383}},{"arcs":[[532,-371,533,-449]],"type":"Polygon","properties":{"polygon_uuid":"2c87c1a7-2781-4f54-8ac4-d942d1903573","land_type":200,"issue_year":2025,"edit_year":2020,"history":"[{\"筆ポリゴンID\":\"32c7782b-d734-499c-afe2-29216d723ad9\",\"更新年度\":2024,\"前年同一\":true},[{\"筆ポリゴンID\":\"b2f365fa-5df3-478a-9864-d7b8bf5ea1c6\",\"更新年度\":2023,\"前年同一\":true},[{\"筆ポリゴンID\":\"08f59a24-3c24-4368-9a5d-5a215ad8e787\",\"更新年度\":2022,\"前年同一\":true},[{\"筆ポリゴンID\":\"699dea4e-eb57-424d-aed4-b54831df912a\",\"更新年度\":2021,\"前年同一\":true},{\"筆ポリゴンID\":\"699dea4e-eb57-424d-aed4-b54831df912a\",\"発生年度\":2020}]]]]","last_polygon_uuid":"32c7782b-d734-499c-afe2-29216d723ad9","prev_last_polygon_uuid":"b2f365fa-5df3-478a-9864-d7b8bf5ea1c6","local_government_cd":"016080","point_lng":142.955719769,"point_lat":42.137956589}},{"arcs":[[534]],"type":"Polygon","properties":{"polygon_uuid":"e0c4a931-2d9a-47f2-89a3-a5f6b36b976c","land_type":200,"issue_year":2025,"edit_year":2020,"history":"[{\"筆ポリゴンID\":\"083a9fd8-92a2-4c88-b617-716ebdeaa511\",\"更新年度\":2024,\"前年同一\":true},[{\"筆ポリゴンID\":\"18940974-515e-4b9a-85d7-836a28ff82d3\",\"更新年度\":2023,\"前年同一\":true},[{\"筆ポリゴンID\":\"257f52ee-9ab1-4748-af36-6bb07fcee5b3\",\"更新年度\":2022,\"前年同一\":true},[{\"筆ポリゴンID\":\"8ff42eca-218a-467a-be18-939d2bc0cb1f\",\"更新年度\":2021,\"前年同一\":true},{\"筆ポリゴンID\":\"8ff42eca-218a-467a-be18-939d2bc0cb1f\",\"発生年度\":2020}]]]]","last_polygon_uuid":"083a9fd8-92a2-4c88-b617-716ebdeaa511","prev_last_polygon_uuid":"18940974-515e-4b9a-85d7-836a28ff82d3","local_government_cd":"016080","point_lng":142.953100173,"point_lat":42.166332658}},{"arcs":[[535]],"type":"Polygon","properties":{"polygon_uuid":"fa5b2b94-acc4-4b47-b0a5-9e85a01ca163","land_type":200,"issue_year":2025,"edit_year":2020,"history":"[{\"筆ポリゴンID\":\"b5151213-a901-4208-82dc-4471b5c97bb1\",\"更新年度\":2024,\"前年同一\":true},[{\"筆ポリゴンID\":\"d3bbbb82-9b20-4061-9b66-3abe2a1538bc\",\"更新年度\":2023,\"前年同一\":true},[{\"筆ポリゴンID\":\"c9519791-4c4f-41b5-8464-6d35089775de\",\"更新年度\":2022,\"前年同一\":true},[{\"筆ポリゴンID\":\"eba9a50d-690f-4c81-8023-a99443e70092\",\"更新年度\":2021,\"前年同一\":true},{\"筆ポリゴンID\":\"eba9a50d-690f-4c81-8023-a99443e70092\",\"発生年度\":2020}]]]]","last_polygon_uuid":"b5151213-a901-4208-82dc-4471b5c97bb1","prev_last_polygon_uuid":"d3bbbb82-9b20-4061-9b66-3abe2a1538bc","local_government_cd":"016080","point_lng":142.935898966,"point_lat":42.145285918}},{"arcs":[[536]],"type":"Polygon","properties":{"polygon_uuid":"424c4c40-ddf8-4537-b2f1-f9a3629e6389","land_type":200,"issue_year":2025,"edit_year":2020,"history":"[{\"筆ポリゴンID\":\"0ab2d089-9c8e-49e9-9a58-f26515ea3533\",\"更新年度\":2024,\"前年同一\":true},[{\"筆ポリゴンID\":\"3c2158fe-2172-4a52-b921-fd8fa0de6870\",\"更新年度\":2023,\"前年同一\":true},[{\"筆ポリゴンID\":\"bd68dd5a-3ab6-4183-8d7a-f198f87922cb\",\"更新年度\":2022,\"前年同一\":true},[{\"筆ポリゴンID\":\"99576753-7a53-442d-ab80-2aeedb25718d\",\"更新年度\":2021,\"前年同一\":true},{\"筆ポリゴンID\":\"99576753-7a53-442d-ab80-2aeedb25718d\",\"発生年度\":2020}]]]]","last_polygon_uuid":"0ab2d089-9c8e-49e9-9a58-f26515ea3533","prev_last_polygon_uuid":"3c2158fe-2172-4a52-b921-fd8fa0de6870","local_government_cd":"016080","point_lng":142.917049459,"point_lat":42.144056111}},{"arcs":[[537]],"type":"Polygon","properties":{"polygon_uuid":"d240b94c-4131-4842-b2d5-08757ffdeede","land_type":200,"issue_year":2025,"edit_year":2020,"history":"[{\"筆ポリゴンID\":\"76892156-0b3c-4a80-8e4e-61613dc31010\",\"更新年度\":2024,\"前年同一\":true},[{\"筆ポリゴンID\":\"8dfa535b-c8cf-4e7d-a23e-75d83ca81dee\",\"更新年度\":2023,\"前年同一\":true},[{\"筆ポリゴンID\":\"0a0c0b9d-adc2-49d6-9a15-18fcbe6db627\",\"更新年度\":2022,\"前年同一\":true},[{\"筆ポリゴンID\":\"3ea23853-caa5-47dd-9e5f-9bdddcd510f0\",\"更新年度\":2021,\"前年同一\":true},{\"筆ポリゴンID\":\"3ea23853-caa5-47dd-9e5f-9bdddcd510f0\",\"発生年度\":2020}]]]]","last_polygon_uuid":"76892156-0b3c-4a80-8e4e-61613dc31010","prev_last_polygon_uuid":"8dfa535b-c8cf-4e7d-a23e-75d83ca81dee","local_government_cd":"016080","point_lng":142.962693701,"point_lat":42.125720447}},{"arcs":[[538]],"type":"Polygon","properties":{"polygon_uuid":"186dbcb4-c073-4963-adbc-0db61ae116c9","land_type":200,"issue_year":2025,"edit_year":2020,"history":"[{\"筆ポリゴンID\":\"e242e40b-8bdf-40b3-85f7-6f6d963034b6\",\"更新年度\":2024,\"前年同一\":true},[{\"筆ポリゴンID\":\"94d28b14-bdc3-4713-8e33-3e20edfaeae0\",\"更新年度\":2023,\"前年同一\":true},[{\"筆ポリゴンID\":\"cd123839-2ba1-43ec-a1b9-5ed19d0e3856\",\"更新年度\":2022,\"前年同一\":true},[{\"筆ポリゴンID\":\"a97b0897-6523-4fc4-89f3-a2a6e8153ca1\",\"更新年度\":2021,\"前年同一\":true},{\"筆ポリゴンID\":\"a97b0897-6523-4fc4-89f3-a2a6e8153ca1\",\"発生年度\":2020}]]]]","last_polygon_uuid":"e242e40b-8bdf-40b3-85f7-6f6d963034b6","prev_last_polygon_uuid":"94d28b14-bdc3-4713-8e33-3e20edfaeae0","local_government_cd":"016080","point_lng":142.916028935,"point_lat":42.150854272}},{"arcs":[[539,540,-500]],"type":"Polygon","properties":{"polygon_uuid":"830eb5e0-ef8d-40b7-99f6-aff862138921","land_type":200,"issue_year":2025,"edit_year":2020,"history":"[{\"筆ポリゴンID\":\"b8d8ce71-268f-4e29-ac3c-ef97e888e64b\",\"更新年度\":2024,\"前年同一\":true},[{\"筆ポリゴンID\":\"18dd121d-0c95-469b-b2e6-81d8477b9820\",\"更新年度\":2023,\"前年同一\":true},[{\"筆ポリゴンID\":\"73873ff4-9ff8-486e-8b1f-1d13139e9e55\",\"更新年度\":2022,\"前年同一\":true},[{\"筆ポリゴンID\":\"aa1fd2f3-b762-426f-bc01-576be4b27370\",\"更新年度\":2021,\"前年同一\":true},{\"筆ポリゴンID\":\"aa1fd2f3-b762-426f-bc01-576be4b27370\",\"発生年度\":2020}]]]]","last_polygon_uuid":"b8d8ce71-268f-4e29-ac3c-ef97e888e64b","prev_last_polygon_uuid":"18dd121d-0c95-469b-b2e6-81d8477b9820","local_government_cd":"016080","point_lng":142.951823033,"point_lat":42.163806878}},{"arcs":[[541]],"type":"Polygon","properties":{"polygon_uuid":"fc151e65-fda3-435d-9023-b76924e6c0dd","land_type":200,"issue_year":2025,"edit_year":2020,"history":"[{\"筆ポリゴンID\":\"9319e646-1024-44df-9e55-c57d5e5e80bc\",\"更新年度\":2024,\"前年同一\":true},[{\"筆ポリゴンID\":\"afe10cf6-d1c5-4a37-b21c-39e603922403\",\"更新年度\":2023,\"前年同一\":true},[{\"筆ポリゴンID\":\"1b7b8431-16d3-4bc9-814b-437af8ad1e6d\",\"更新年度\":2022,\"前年同一\":true},[{\"筆ポリゴンID\":\"267db5ef-e56c-49cf-90df-62ac034f85ca\",\"更新年度\":2021,\"前年同一\":true},{\"筆ポリゴンID\":\"267db5ef-e56c-49cf-90df-62ac034f85ca\",\"発生年度\":2020}]]]]","last_polygon_uuid":"9319e646-1024-44df-9e55-c57d5e5e80bc","prev_last_polygon_uuid":"afe10cf6-d1c5-4a37-b21c-39e603922403","local_government_cd":"016080","point_lng":142.912007039,"point_lat":42.152208717}},{"arcs":[[542]],"type":"Polygon","properties":{"polygon_uuid":"7960e268-2cfe-4c01-b51e-3e15cf6e7307","land_type":200,"issue_year":2025,"edit_year":2020,"history":"[{\"筆ポリゴンID\":\"f13c6ae6-deb1-463f-a9d4-f981c9e4d9d9\",\"更新年度\":2024,\"前年同一\":true},[{\"筆ポリゴンID\":\"9f67827e-974f-468e-a9c6-c4ba803a5cab\",\"更新年度\":2023,\"前年同一\":true},[{\"筆ポリゴンID\":\"94f307b5-75b8-453f-8a7d-fd1bd318ecfc\",\"更新年度\":2022,\"前年同一\":true},[{\"筆ポリゴンID\":\"b4d04e5b-7fac-4eea-b534-2a27595abbcd\",\"更新年度\":2021,\"前年同一\":true},{\"筆ポリゴンID\":\"b4d04e5b-7fac-4eea-b534-2a27595abbcd\",\"発生年度\":2020}]]]]","last_polygon_uuid":"f13c6ae6-deb1-463f-a9d4-f981c9e4d9d9","prev_last_polygon_uuid":"9f67827e-974f-468e-a9c6-c4ba803a5cab","local_government_cd":"016080","point_lng":142.952438969,"point_lat":42.153815526}},{"arcs":[[-370,543,-419,544]],"type":"Polygon","properties":{"polygon_uuid":"a30f376b-dd63-482a-9e02-09ec22494229","land_type":200,"issue_year":2025,"edit_year":2020,"history":"[{\"筆ポリゴンID\":\"c296baab-b6f7-4dde-b66f-f689af27f4b8\",\"更新年度\":2024,\"前年同一\":true},[{\"筆ポリゴンID\":\"ed188f49-4534-44e5-a6e7-8d4c21b43356\",\"更新年度\":2023,\"前年同一\":true},[{\"筆ポリゴンID\":\"20d79a5d-90de-42a9-b7a0-b4123796a1f3\",\"更新年度\":2022,\"前年同一\":true},[{\"筆ポリゴンID\":\"77db01e2-95b2-4f15-b34c-4c9e5d8c8e78\",\"更新年度\":2021,\"前年同一\":true},{\"筆ポリゴンID\":\"77db01e2-95b2-4f15-b34c-4c9e5d8c8e78\",\"発生年度\":2020}]]]]","last_polygon_uuid":"c296baab-b6f7-4dde-b66f-f689af27f4b8","prev_last_polygon_uuid":"ed188f49-4534-44e5-a6e7-8d4c21b43356","local_government_cd":"016080","point_lng":142.934977648,"point_lat":42.147952862}},{"arcs":[[545]],"type":"Polygon","properties":{"polygon_uuid":"c5c3ce8c-51d3-4393-a0b5-cf51efce37b1","land_type":200,"issue_year":2025,"edit_year":2020,"history":"[{\"筆ポリゴンID\":\"5c603a93-fae3-4567-8502-bb162ce04ec3\",\"更新年度\":2024,\"前年同一\":true},[{\"筆ポリゴンID\":\"e8494e4b-7915-4e85-aee9-68b44ae500de\",\"更新年度\":2023,\"前年同一\":true},[{\"筆ポリゴンID\":\"d6ae46f1-b669-4e99-affc-7bc509012ec1\",\"更新年度\":2022,\"前年同一\":true},[{\"筆ポリゴンID\":\"ee30bd2b-91b0-4c95-900d-f71792ecb4b5\",\"更新年度\":2021,\"前年同一\":true},{\"筆ポリゴンID\":\"ee30bd2b-91b0-4c95-900d-f71792ecb4b5\",\"発生年度\":2020}]]]]","last_polygon_uuid":"5c603a93-fae3-4567-8502-bb162ce04ec3","prev_last_polygon_uuid":"e8494e4b-7915-4e85-aee9-68b44ae500de","local_government_cd":"016080","point_lng":142.922492447,"point_lat":42.153485035}},{"arcs":[[546]],"type":"Polygon","properties":{"polygon_uuid":"7f4050f4-80e4-4854-a1b7-e5283585f7a6","land_type":200,"issue_year":2025,"edit_year":2020,"history":"[{\"筆ポリゴンID\":\"44fcc163-391d-4c40-9ac0-fd315210b4aa\",\"更新年度\":2024,\"前年同一\":true},[{\"筆ポリゴンID\":\"3a4e2fca-510b-4986-ad6f-4415ae145e6e\",\"更新年度\":2023,\"前年同一\":true},[{\"筆ポリゴンID\":\"4ddfc7cf-a272-4662-85fb-370df5acf73e\",\"更新年度\":2022,\"前年同一\":true},[{\"筆ポリゴンID\":\"d4a75871-8620-4711-a0f9-7805a9c223bd\",\"更新年度\":2021,\"前年同一\":true},{\"筆ポリゴンID\":\"d4a75871-8620-4711-a0f9-7805a9c223bd\",\"発生年度\":2020}]]]]","last_polygon_uuid":"44fcc163-391d-4c40-9ac0-fd315210b4aa","prev_last_polygon_uuid":"3a4e2fca-510b-4986-ad6f-4415ae145e6e","local_government_cd":"016080","point_lng":142.900070489,"point_lat":42.134846248}},{"arcs":[[547]],"type":"Polygon","properties":{"polygon_uuid":"a20f2d38-d05c-4202-972b-28677124f839","land_type":200,"issue_year":2025,"edit_year":2020,"history":"[{\"筆ポリゴンID\":\"b57071e9-16a8-4dfc-b559-df092c6c8661\",\"更新年度\":2024,\"前年同一\":true},[{\"筆ポリゴンID\":\"e503b5e5-91e8-4163-b54e-1e53c31040aa\",\"更新年度\":2023,\"前年同一\":true},[{\"筆ポリゴンID\":\"3bb4e8c7-f86e-4814-bacc-1f876ac187d2\",\"更新年度\":2022,\"前年同一\":true},[{\"筆ポリゴンID\":\"6bda35ce-1aa6-49ac-b79b-9d574924c1eb\",\"更新年度\":2021,\"前年同一\":true},{\"筆ポリゴンID\":\"6bda35ce-1aa6-49ac-b79b-9d574924c1eb\",\"発生年度\":2020}]]]]","last_polygon_uuid":"b57071e9-16a8-4dfc-b559-df092c6c8661","prev_last_polygon_uuid":"e503b5e5-91e8-4163-b54e-1e53c31040aa","local_government_cd":"016080","point_lng":142.912944244,"point_lat":42.153185938}},{"arcs":[[548,549]],"type":"Polygon","properties":{"polygon_uuid":"7a0a24e0-61bc-453b-a736-54366e3a5d82","land_type":200,"issue_year":2025,"edit_year":2020,"history":"[{\"筆ポリゴンID\":\"45ec7417-6a11-490c-8243-fa28e66f9c9a\",\"更新年度\":2024,\"前年同一\":true},[{\"筆ポリゴンID\":\"c5da3d53-2780-4846-9db9-afdfd773bf30\",\"更新年度\":2023,\"前年同一\":true},[{\"筆ポリゴンID\":\"e7e19af2-17ee-48d7-af32-cd16573ef088\",\"更新年度\":2022,\"前年同一\":true},[{\"筆ポリゴンID\":\"60541b06-583e-49e6-aa8d-e51fa6ed7320\",\"更新年度\":2021,\"前年同一\":true},{\"筆ポリゴンID\":\"60541b06-583e-49e6-aa8d-e51fa6ed7320\",\"発生年度\":2020}]]]]","last_polygon_uuid":"45ec7417-6a11-490c-8243-fa28e66f9c9a","prev_last_polygon_uuid":"c5da3d53-2780-4846-9db9-afdfd773bf30","local_government_cd":"016080","point_lng":142.947715528,"point_lat":42.141692161}},{"arcs":[[550]],"type":"Polygon","properties":{"polygon_uuid":"cb1d9589-e3ee-402d-b042-fd1666dc9981","land_type":200,"issue_year":2025,"edit_year":2020,"history":"[{\"筆ポリゴンID\":\"a878f187-00dc-4dee-9bd4-a9a57bf60461\",\"更新年度\":2024,\"前年同一\":true},[{\"筆ポリゴンID\":\"b99ec34b-c5b2-4a4c-a06c-be8e824bebbd\",\"更新年度\":2023,\"前年同一\":true},[{\"筆ポリゴンID\":\"fe776921-03dd-4847-8677-45104ead5e40\",\"更新年度\":2022,\"前年同一\":true},[{\"筆ポリゴンID\":\"16d69daa-5fbe-4240-b051-eb2e900cdd5e\",\"更新年度\":2021,\"前年同一\":true},{\"筆ポリゴンID\":\"16d69daa-5fbe-4240-b051-eb2e900cdd5e\",\"発生年度\":2020}]]]]","last_polygon_uuid":"a878f187-00dc-4dee-9bd4-a9a57bf60461","prev_last_polygon_uuid":"b99ec34b-c5b2-4a4c-a06c-be8e824bebbd","local_government_cd":"016080","point_lng":142.91039615,"point_lat":42.154992306}},{"arcs":[[551]],"type":"Polygon","properties":{"polygon_uuid":"abbb33dd-869a-4b10-a0f2-668f425f7e95","land_type":200,"issue_year":2025,"edit_year":2020,"history":"[{\"筆ポリゴンID\":\"4a3e91dd-498d-4986-85d9-e0a3ef1f9c93\",\"更新年度\":2024,\"前年同一\":true},[{\"筆ポリゴンID\":\"2a572c2b-2ef6-4620-a755-f6821ba7280d\",\"更新年度\":2023,\"前年同一\":true},[{\"筆ポリゴンID\":\"9b3b0b52-dbde-4a0d-aecc-a3af879a8c0b\",\"更新年度\":2022,\"前年同一\":true},[{\"筆ポリゴンID\":\"80a7c9b2-c138-43ca-8227-43a109393a03\",\"更新年度\":2021,\"前年同一\":true},{\"筆ポリゴンID\":\"80a7c9b2-c138-43ca-8227-43a109393a03\",\"発生年度\":2020}]]]]","last_polygon_uuid":"4a3e91dd-498d-4986-85d9-e0a3ef1f9c93","prev_last_polygon_uuid":"2a572c2b-2ef6-4620-a755-f6821ba7280d","local_government_cd":"016080","point_lng":142.962841752,"point_lat":42.127795006}},{"arcs":[[552]],"type":"Polygon","properties":{"polygon_uuid":"8faabd21-be66-4d47-9681-6e5c23d98087","land_type":200,"issue_year":2025,"edit_year":2020,"history":"[{\"筆ポリゴンID\":\"c6cd4bf8-9f87-4ceb-855e-7d079e837969\",\"更新年度\":2024,\"前年同一\":true},[{\"筆ポリゴンID\":\"59ec0094-8144-4611-a042-7fc7f2728803\",\"更新年度\":2023,\"前年同一\":true},[{\"筆ポリゴンID\":\"617ebb13-dba9-4c8d-a79a-f38deb5098b9\",\"更新年度\":2022,\"前年同一\":true},[{\"筆ポリゴンID\":\"94017305-aa24-424e-9086-6513580b4863\",\"更新年度\":2021,\"前年同一\":true},{\"筆ポリゴンID\":\"94017305-aa24-424e-9086-6513580b4863\",\"発生年度\":2020}]]]]","last_polygon_uuid":"c6cd4bf8-9f87-4ceb-855e-7d079e837969","prev_last_polygon_uuid":"59ec0094-8144-4611-a042-7fc7f2728803","local_government_cd":"016080","point_lng":142.909263453,"point_lat":42.139341237}},{"arcs":[[553,554,555,556]],"type":"Polygon","properties":{"polygon_uuid":"f16e260c-3d67-49b7-9754-9c74f90cb114","land_type":100,"issue_year":2025,"edit_year":2020,"history":"[{\"筆ポリゴンID\":\"c79ee0fc-fa8e-4db1-a1ce-744269dcd265\",\"更新年度\":2024,\"前年同一\":true},[{\"筆ポリゴンID\":\"1369e1a3-4fbf-412a-8f36-2ab9993644f7\",\"更新年度\":2023,\"前年同一\":true},[{\"筆ポリゴンID\":\"09bb9fe3-4290-4eab-af6f-90275f638972\",\"更新年度\":2022,\"前年同一\":true},[{\"筆ポリゴンID\":\"1af4f82e-b09d-4eef-81bc-8766d967dbe9\",\"更新年度\":2021,\"前年同一\":true},{\"筆ポリゴンID\":\"1af4f82e-b09d-4eef-81bc-8766d967dbe9\",\"発生年度\":2020}]]]]","last_polygon_uuid":"c79ee0fc-fa8e-4db1-a1ce-744269dcd265","prev_last_polygon_uuid":"1369e1a3-4fbf-412a-8f36-2ab9993644f7","local_government_cd":"016080","point_lng":142.945804758,"point_lat":42.149733875}},{"arcs":[[557,558]],"type":"Polygon","properties":{"polygon_uuid":"9e22d37c-1ad6-43a3-afcc-d71441ed3dd9","land_type":200,"issue_year":2025,"edit_year":2020,"history":"[{\"筆ポリゴンID\":\"5b661121-df28-4ed3-b410-695a42ad8eb3\",\"更新年度\":2024,\"前年同一\":true},[{\"筆ポリゴンID\":\"94e44d5a-2e97-47a3-95f5-f44b9357363a\",\"更新年度\":2023,\"前年同一\":true},[{\"筆ポリゴンID\":\"4577359d-f739-478b-abf1-c8ba2b7e1fc1\",\"更新年度\":2022,\"前年同一\":true},[{\"筆ポリゴンID\":\"5214b989-41df-48a5-a960-9995e0a23530\",\"更新年度\":2021,\"前年同一\":true},{\"筆ポリゴンID\":\"5214b989-41df-48a5-a960-9995e0a23530\",\"発生年度\":2020}]]]]","last_polygon_uuid":"5b661121-df28-4ed3-b410-695a42ad8eb3","prev_last_polygon_uuid":"94e44d5a-2e97-47a3-95f5-f44b9357363a","local_government_cd":"016080","point_lng":142.946311441,"point_lat":42.142493811}},{"arcs":[[559]],"type":"Polygon","properties":{"polygon_uuid":"29f716a0-ec44-4103-8129-163fb47fa108","land_type":200,"issue_year":2025,"edit_year":2020,"history":"[{\"筆ポリゴンID\":\"243e1f72-2970-4c00-9354-dcbf7bd48222\",\"更新年度\":2024,\"前年同一\":true},[{\"筆ポリゴンID\":\"c7e64d8f-f3c8-460f-80fe-cf485a7fa939\",\"更新年度\":2023,\"前年同一\":true},[{\"筆ポリゴンID\":\"017d465d-2fd0-4d43-91b7-000a385af8b9\",\"更新年度\":2022,\"前年同一\":true},[{\"筆ポリゴンID\":\"f52a6a49-9a4e-4e16-9229-be750d2c10a3\",\"更新年度\":2021,\"前年同一\":true},{\"筆ポリゴンID\":\"f52a6a49-9a4e-4e16-9229-be750d2c10a3\",\"発生年度\":2020}]]]]","last_polygon_uuid":"243e1f72-2970-4c00-9354-dcbf7bd48222","prev_last_polygon_uuid":"c7e64d8f-f3c8-460f-80fe-cf485a7fa939","local_government_cd":"016080","point_lng":142.946548027,"point_lat":42.142948097}},{"arcs":[[560,561]],"type":"Polygon","properties":{"polygon_uuid":"171e74e5-b485-474d-814c-9c447ee1f929","land_type":100,"issue_year":2025,"edit_year":2020,"history":"[{\"筆ポリゴンID\":\"e7994e91-e7e0-471c-96c7-3bf4f87bb078\",\"更新年度\":2024,\"前年同一\":true},[{\"筆ポリゴンID\":\"41d07961-8180-4436-b5f3-7d388dc24b51\",\"更新年度\":2023,\"前年同一\":true},[{\"筆ポリゴンID\":\"c21698cb-338a-46fb-a72e-50c5e4e57796\",\"更新年度\":2022,\"前年同一\":true},[{\"筆ポリゴンID\":\"b6091d28-52f4-42f9-967c-507726f49056\",\"更新年度\":2021,\"前年同一\":true},{\"筆ポリゴンID\":\"b6091d28-52f4-42f9-967c-507726f49056\",\"発生年度\":2020}]]]]","last_polygon_uuid":"e7994e91-e7e0-471c-96c7-3bf4f87bb078","prev_last_polygon_uuid":"41d07961-8180-4436-b5f3-7d388dc24b51","local_government_cd":"016080","point_lng":142.942723214,"point_lat":42.147685822}},{"arcs":[[562]],"type":"Polygon","properties":{"polygon_uuid":"ef6cec97-65f2-4dbe-b649-e438c1a488a6","land_type":200,"issue_year":2025,"edit_year":2020,"history":"[{\"筆ポリゴンID\":\"375b5cb3-7af6-427c-acff-5922c9b03b1e\",\"更新年度\":2024,\"前年同一\":true},[{\"筆ポリゴンID\":\"d33db93a-6b46-451d-8ce7-6b2bfa630e94\",\"更新年度\":2023,\"前年同一\":true},[{\"筆ポリゴンID\":\"e98f2420-0930-4523-b4d8-3c364b9c4f9c\",\"更新年度\":2022,\"前年同一\":true},[{\"筆ポリゴンID\":\"f0ba2886-7b6c-4ad4-b305-5a6d9d140cca\",\"更新年度\":2021,\"前年同一\":true},{\"筆ポリゴンID\":\"f0ba2886-7b6c-4ad4-b305-5a6d9d140cca\",\"発生年度\":2020}]]]]","last_polygon_uuid":"375b5cb3-7af6-427c-acff-5922c9b03b1e","prev_last_polygon_uuid":"d33db93a-6b46-451d-8ce7-6b2bfa630e94","local_government_cd":"016080","point_lng":142.958790892,"point_lat":42.132938175}},{"arcs":[[563]],"type":"Polygon","properties":{"polygon_uuid":"f9cf962a-95c2-4fa4-85ce-c3fb9ff379a4","land_type":200,"issue_year":2025,"edit_year":2020,"history":"[{\"筆ポリゴンID\":\"1d7fc71b-84db-45a2-8279-6b0abaf4e8ba\",\"更新年度\":2024,\"前年同一\":true},[{\"筆ポリゴンID\":\"501400c2-1046-44ab-892a-a7282ce753c8\",\"更新年度\":2023,\"前年同一\":true},[{\"筆ポリゴンID\":\"6e2de619-b916-41b3-93ac-5f9805584900\",\"更新年度\":2022,\"前年同一\":true},[{\"筆ポリゴンID\":\"11939b63-2982-4fe1-b4ca-69db98ead40b\",\"更新年度\":2021,\"前年同一\":true},{\"筆ポリゴンID\":\"11939b63-2982-4fe1-b4ca-69db98ead40b\",\"発生年度\":2020}]]]]","last_polygon_uuid":"1d7fc71b-84db-45a2-8279-6b0abaf4e8ba","prev_last_polygon_uuid":"501400c2-1046-44ab-892a-a7282ce753c8","local_government_cd":"016080","point_lng":142.950245678,"point_lat":42.157860385}},{"arcs":[[564]],"type":"Polygon","properties":{"polygon_uuid":"a2fc5090-2da4-418a-9630-e204e3b41c37","land_type":100,"issue_year":2025,"edit_year":2020,"history":"[{\"筆ポリゴンID\":\"2213c37c-9f18-4365-b052-548bb34695d6\",\"更新年度\":2024,\"前年同一\":true},[{\"筆ポリゴンID\":\"e76e1f9b-dd2e-460b-95be-ee6f32a1595d\",\"更新年度\":2023,\"前年同一\":true},[{\"筆ポリゴンID\":\"a411e1ae-180e-4328-bef2-4c0ea816992c\",\"更新年度\":2022,\"前年同一\":true},[{\"筆ポリゴンID\":\"4b6af106-6d83-4c32-8d9f-427c13593bc1\",\"更新年度\":2021,\"前年同一\":true},{\"筆ポリゴンID\":\"4b6af106-6d83-4c32-8d9f-427c13593bc1\",\"発生年度\":2020}]]]]","last_polygon_uuid":"2213c37c-9f18-4365-b052-548bb34695d6","prev_last_polygon_uuid":"e76e1f9b-dd2e-460b-95be-ee6f32a1595d","local_government_cd":"016080","point_lng":142.943410797,"point_lat":42.142471089}},{"arcs":[[565]],"type":"Polygon","properties":{"polygon_uuid":"4b069d05-f61b-49f5-8b60-887d1fe30a94","land_type":200,"issue_year":2025,"edit_year":2020,"history":"[{\"筆ポリゴンID\":\"d4f0ca38-0e6e-451b-9745-6ccdb2d60b1e\",\"更新年度\":2024,\"前年同一\":true},[{\"筆ポリゴンID\":\"38a2eee0-f5aa-469c-8607-d91d72e81504\",\"更新年度\":2023,\"前年同一\":true},[{\"筆ポリゴンID\":\"42887115-5ba4-46aa-8ec6-507b83fe8198\",\"更新年度\":2022,\"前年同一\":true},[{\"筆ポリゴンID\":\"05835e12-5d65-4b26-b898-2c48f47471f3\",\"更新年度\":2021,\"前年同一\":true},{\"筆ポリゴンID\":\"05835e12-5d65-4b26-b898-2c48f47471f3\",\"発生年度\":2020}]]]]","last_polygon_uuid":"d4f0ca38-0e6e-451b-9745-6ccdb2d60b1e","prev_last_polygon_uuid":"38a2eee0-f5aa-469c-8607-d91d72e81504","local_government_cd":"016080","point_lng":142.937210372,"point_lat":42.155730006}},{"arcs":[[566]],"type":"Polygon","properties":{"polygon_uuid":"0bb01d04-5a64-4764-8721-59879db0fe03","land_type":200,"issue_year":2025,"edit_year":2020,"history":"[{\"筆ポリゴンID\":\"7942a0e0-e5c1-4251-9be8-c6c987968e74\",\"更新年度\":2024,\"前年同一\":true},[{\"筆ポリゴンID\":\"f7c51d2d-8891-48ea-a315-e3257eb9f0cf\",\"更新年度\":2023,\"前年同一\":true},[{\"筆ポリゴンID\":\"78500ccb-232d-4617-a6cf-58d0b697581e\",\"更新年度\":2022,\"前年同一\":true},[{\"筆ポリゴンID\":\"722e0100-8062-494d-837c-48697ff6e251\",\"更新年度\":2021,\"前年同一\":true},{\"筆ポリゴンID\":\"722e0100-8062-494d-837c-48697ff6e251\",\"発生年度\":2020}]]]]","last_polygon_uuid":"7942a0e0-e5c1-4251-9be8-c6c987968e74","prev_last_polygon_uuid":"f7c51d2d-8891-48ea-a315-e3257eb9f0cf","local_government_cd":"016080","point_lng":142.947386992,"point_lat":42.144544252}},{"arcs":[[567,568]],"type":"Polygon","properties":{"polygon_uuid":"f0f29dd4-ba7f-42f5-9c2e-50aaa79bdd26","land_type":200,"issue_year":2025,"edit_year":2020,"history":"[{\"筆ポリゴンID\":\"cdd9bb9b-2ca5-4d0b-b5b9-564385177790\",\"更新年度\":2024,\"前年同一\":true},[{\"筆ポリゴンID\":\"ba74f2dc-7796-456d-a647-d4d1b18b4357\",\"更新年度\":2023,\"前年同一\":true},[{\"筆ポリゴンID\":\"5af0a7c7-148f-4aae-977e-86f10106c3c5\",\"更新年度\":2022,\"前年同一\":true},[{\"筆ポリゴンID\":\"2f6e4f28-ca51-431c-a39c-54e07a3a1f9a\",\"更新年度\":2021,\"前年同一\":true},{\"筆ポリゴンID\":\"2f6e4f28-ca51-431c-a39c-54e07a3a1f9a\",\"発生年度\":2020}]]]]","last_polygon_uuid":"cdd9bb9b-2ca5-4d0b-b5b9-564385177790","prev_last_polygon_uuid":"ba74f2dc-7796-456d-a647-d4d1b18b4357","local_government_cd":"016080","point_lng":142.941188949,"point_lat":42.142783707}},{"arcs":[[569,570,571]],"type":"Polygon","properties":{"polygon_uuid":"6d45b6f1-2b88-44d3-a371-b1e8cabc3cd9","land_type":100,"issue_year":2025,"edit_year":2020,"history":"[{\"筆ポリゴンID\":\"ef5ec9df-dd9e-4ea3-89ae-9d8f68d6cfe9\",\"更新年度\":2024,\"前年同一\":true},[{\"筆ポリゴンID\":\"c0c8cc00-50a4-4017-9083-4c7fdbfd136c\",\"更新年度\":2023,\"前年同一\":true},[{\"筆ポリゴンID\":\"8d7ea625-ba65-4ac9-8433-6580cb11ff06\",\"更新年度\":2022,\"前年同一\":true},[{\"筆ポリゴンID\":\"84bab2df-2e07-416a-93ed-ea52b73f4b66\",\"更新年度\":2021,\"前年同一\":true},{\"筆ポリゴンID\":\"84bab2df-2e07-416a-93ed-ea52b73f4b66\",\"発生年度\":2020}]]]]","last_polygon_uuid":"ef5ec9df-dd9e-4ea3-89ae-9d8f68d6cfe9","prev_last_polygon_uuid":"c0c8cc00-50a4-4017-9083-4c7fdbfd136c","local_government_cd":"016080","point_lng":142.9479292,"point_lat":42.14750364}},{"arcs":[[572,573]],"type":"Polygon","properties":{"polygon_uuid":"bb95df43-6ccd-40bf-b3ee-8ef2749e8468","land_type":200,"issue_year":2025,"edit_year":2020,"history":"[{\"筆ポリゴンID\":\"b7566421-5660-4744-8840-4ee501d6f60f\",\"更新年度\":2024,\"前年同一\":true},[{\"筆ポリゴンID\":\"8ccba31d-3a0a-48f5-8d2d-c6f45c5d91dc\",\"更新年度\":2023,\"前年同一\":true},[{\"筆ポリゴンID\":\"7cb57da5-651f-45ea-9f67-047255d33c67\",\"更新年度\":2022,\"前年同一\":true},[{\"筆ポリゴンID\":\"8a058538-6574-4f22-8dac-1bc000e4e25a\",\"更新年度\":2021,\"前年同一\":true},{\"筆ポリゴンID\":\"8a058538-6574-4f22-8dac-1bc000e4e25a\",\"発生年度\":2020}]]]]","last_polygon_uuid":"b7566421-5660-4744-8840-4ee501d6f60f","prev_last_polygon_uuid":"8ccba31d-3a0a-48f5-8d2d-c6f45c5d91dc","local_government_cd":"016080","point_lng":142.938201,"point_lat":42.148801274}},{"arcs":[[574,-549]],"type":"Polygon","properties":{"polygon_uuid":"69322114-cc08-4008-b844-e3ed105baac9","land_type":200,"issue_year":2025,"edit_year":2020,"history":"[{\"筆ポリゴンID\":\"aa743629-5097-4c90-9a6d-d26ab068de78\",\"更新年度\":2024,\"前年同一\":true},[{\"筆ポリゴンID\":\"f993bc3b-9e2c-4424-b88a-809d4b2e6440\",\"更新年度\":2023,\"前年同一\":true},[{\"筆ポリゴンID\":\"b77bd04a-327e-4c2d-90f9-db3b75eaeee7\",\"更新年度\":2022,\"前年同一\":true},[{\"筆ポリゴンID\":\"8fbb90c1-482b-4b6a-9ba2-39c6a07109e6\",\"更新年度\":2021,\"前年同一\":true},{\"筆ポリゴンID\":\"8fbb90c1-482b-4b6a-9ba2-39c6a07109e6\",\"発生年度\":2020}]]]]","last_polygon_uuid":"aa743629-5097-4c90-9a6d-d26ab068de78","prev_last_polygon_uuid":"f993bc3b-9e2c-4424-b88a-809d4b2e6440","local_government_cd":"016080","point_lng":142.947537874,"point_lat":42.14136164}},{"arcs":[[575,576,577,578]],"type":"Polygon","properties":{"polygon_uuid":"9fc38747-3648-4f79-9a3c-3a4e87f29cdc","land_type":100,"issue_year":2025,"edit_year":2020,"history":"[{\"筆ポリゴンID\":\"3ea76752-c6e5-4e9a-ac5f-3b75125876f3\",\"更新年度\":2024,\"前年同一\":true},[{\"筆ポリゴンID\":\"89d0ccd8-7494-46c2-a7cf-6897ca148067\",\"更新年度\":2023,\"前年同一\":true},[{\"筆ポリゴンID\":\"854afeb1-c04e-4df4-abd5-9530ea325933\",\"更新年度\":2022,\"前年同一\":true},[{\"筆ポリゴンID\":\"f013ecd6-aae3-4623-8013-718d24bf4582\",\"更新年度\":2021,\"前年同一\":true},{\"筆ポリゴンID\":\"f013ecd6-aae3-4623-8013-718d24bf4582\",\"発生年度\":2020}]]]]","last_polygon_uuid":"3ea76752-c6e5-4e9a-ac5f-3b75125876f3","prev_last_polygon_uuid":"89d0ccd8-7494-46c2-a7cf-6897ca148067","local_government_cd":"016080","point_lng":142.944955954,"point_lat":42.146557145}},{"arcs":[[579]],"type":"Polygon","properties":{"polygon_uuid":"cf955f38-da82-492f-8ed5-ab984053c21a","land_type":200,"issue_year":2025,"edit_year":2020,"history":"[{\"筆ポリゴンID\":\"9071eb92-347d-4d93-bfe4-15b388c2f487\",\"更新年度\":2024,\"前年同一\":true},[{\"筆ポリゴンID\":\"06e1be56-9a6c-4dfa-ab40-0adbcb15288e\",\"更新年度\":2023,\"前年同一\":true},[{\"筆ポリゴンID\":\"79684e8d-43dd-435e-97dd-149a3303a156\",\"更新年度\":2022,\"前年同一\":true},[{\"筆ポリゴンID\":\"49887a22-6a04-4491-8f1d-00e33798a523\",\"更新年度\":2021,\"前年同一\":true},{\"筆ポリゴンID\":\"49887a22-6a04-4491-8f1d-00e33798a523\",\"発生年度\":2020}]]]]","last_polygon_uuid":"9071eb92-347d-4d93-bfe4-15b388c2f487","prev_last_polygon_uuid":"06e1be56-9a6c-4dfa-ab40-0adbcb15288e","local_government_cd":"016080","point_lng":142.948006349,"point_lat":42.136715838}},{"arcs":[[580,581,582,583]],"type":"Polygon","properties":{"polygon_uuid":"ed99ee3f-5d6b-4269-9789-6b5e4b9c682e","land_type":100,"issue_year":2025,"edit_year":2022,"history":"[{\"筆ポリゴンID\":\"37247248-4bfb-4d71-80d1-fafcb6fad067\",\"更新年度\":2024,\"前年同一\":true},[{\"筆ポリゴンID\":\"a29587d8-d77a-42a3-ab68-109a543cbd41\",\"更新年度\":2023,\"前年同一\":true},[{\"筆ポリゴンID\":\"34c3061b-2fe1-468e-870b-e4edfb66e1de\",\"更新年度\":2022,\"関連\":true},[{\"筆ポリゴンID\":\"5ce77d4e-d826-4c91-90b1-2eca0487835a\",\"更新年度\":2021,\"前年同一\":true},{\"筆ポリゴンID\":\"5ce77d4e-d826-4c91-90b1-2eca0487835a\",\"発生年度\":2020}]]]]","last_polygon_uuid":"37247248-4bfb-4d71-80d1-fafcb6fad067","prev_last_polygon_uuid":"a29587d8-d77a-42a3-ab68-109a543cbd41","local_government_cd":"016080","point_lng":142.949610192,"point_lat":42.149459081}},{"arcs":[[584,585,586,587]],"type":"Polygon","properties":{"polygon_uuid":"6bfd2c35-a7f7-40ab-9edc-6d247b2c3595","land_type":100,"issue_year":2025,"edit_year":2020,"history":"[{\"筆ポリゴンID\":\"a6d347b6-be25-4b41-8dc5-f8c153be5ab6\",\"更新年度\":2024,\"前年同一\":true},[{\"筆ポリゴンID\":\"1a2cbc02-0040-4afe-89c0-472e2189e600\",\"更新年度\":2023,\"前年同一\":true},[{\"筆ポリゴンID\":\"1a79781c-644a-4320-b80a-84b8f4c87bc2\",\"更新年度\":2022,\"前年同一\":true},[{\"筆ポリゴンID\":\"c7da38fd-2d43-4c7d-a088-1f97a9f84add\",\"更新年度\":2021,\"前年同一\":true},{\"筆ポリゴンID\":\"c7da38fd-2d43-4c7d-a088-1f97a9f84add\",\"発生年度\":2020}]]]]","last_polygon_uuid":"a6d347b6-be25-4b41-8dc5-f8c153be5ab6","prev_last_polygon_uuid":"1a2cbc02-0040-4afe-89c0-472e2189e600","local_government_cd":"016080","point_lng":142.946774277,"point_lat":42.146487059}},{"arcs":[[-587,588,-520,589]],"type":"Polygon","properties":{"polygon_uuid":"9e76f6af-cbf7-4aab-9cde-c979b007827f","land_type":100,"issue_year":2025,"edit_year":2020,"history":"[{\"筆ポリゴンID\":\"622c077e-ef15-43a4-aa8e-32486dd8bb06\",\"更新年度\":2024,\"前年同一\":true},[{\"筆ポリゴンID\":\"901e25bd-0906-44d7-bec5-a00337a8e10d\",\"更新年度\":2023,\"前年同一\":true},[{\"筆ポリゴンID\":\"909c6da4-35e8-446c-b3db-a402c2335537\",\"更新年度\":2022,\"前年同一\":true},[{\"筆ポリゴンID\":\"69dfb95a-6083-4a9c-bfbd-b263c5073772\",\"更新年度\":2021,\"前年同一\":true},{\"筆ポリゴンID\":\"69dfb95a-6083-4a9c-bfbd-b263c5073772\",\"発生年度\":2020}]]]]","last_polygon_uuid":"622c077e-ef15-43a4-aa8e-32486dd8bb06","prev_last_polygon_uuid":"901e25bd-0906-44d7-bec5-a00337a8e10d","local_government_cd":"016080","point_lng":142.946840329,"point_lat":42.146700408}},{"arcs":[[590]],"type":"Polygon","properties":{"polygon_uuid":"4faac02e-1699-47f5-901a-03be9bd48db1","land_type":200,"issue_year":2025,"edit_year":2020,"history":"[{\"筆ポリゴンID\":\"4683a9a1-2c0a-4e40-af79-596a5bd5c1ca\",\"更新年度\":2024,\"前年同一\":true},[{\"筆ポリゴンID\":\"9e6651d7-d9d8-4b8d-83b3-9bcfeab2fedb\",\"更新年度\":2023,\"前年同一\":true},[{\"筆ポリゴンID\":\"e8d32ef8-9aed-48e4-8045-1b2b581ba3ba\",\"更新年度\":2022,\"前年同一\":true},[{\"筆ポリゴンID\":\"c34f7966-babf-4dc3-a7fc-88358a2cd112\",\"更新年度\":2021,\"前年同一\":true},{\"筆ポリゴンID\":\"c34f7966-babf-4dc3-a7fc-88358a2cd112\",\"発生年度\":2020}]]]]","last_polygon_uuid":"4683a9a1-2c0a-4e40-af79-596a5bd5c1ca","prev_last_polygon_uuid":"9e6651d7-d9d8-4b8d-83b3-9bcfeab2fedb","local_government_cd":"016080","point_lng":142.942807975,"point_lat":42.156143045}},{"arcs":[[591,592,593,594]],"type":"Polygon","properties":{"polygon_uuid":"21cd30ea-26b4-4f4c-8cf2-de8b2fd29e97","land_type":100,"issue_year":2025,"edit_year":2020,"history":"[{\"筆ポリゴンID\":\"8fe784e7-e660-4bd3-b670-fe338bb08882\",\"更新年度\":2024,\"前年同一\":true},[{\"筆ポリゴンID\":\"1720aa1a-2050-4fdf-96f1-1f5a93c89a33\",\"更新年度\":2023,\"前年同一\":true},[{\"筆ポリゴンID\":\"eac7c726-c1c8-4faa-89ee-fd06a5c7ab06\",\"更新年度\":2022,\"前年同一\":true},[{\"筆ポリゴンID\":\"86ac17dd-2671-463d-b69a-160bef2923fa\",\"更新年度\":2021,\"前年同一\":true},{\"筆ポリゴンID\":\"86ac17dd-2671-463d-b69a-160bef2923fa\",\"発生年度\":2020}]]]]","last_polygon_uuid":"8fe784e7-e660-4bd3-b670-fe338bb08882","prev_last_polygon_uuid":"1720aa1a-2050-4fdf-96f1-1f5a93c89a33","local_government_cd":"016080","point_lng":142.94504842,"point_lat":42.152205467}},{"arcs":[[595,596,597]],"type":"Polygon","properties":{"polygon_uuid":"064ae1ee-34f0-41b4-8ab0-a2d08e7f093f","land_type":100,"issue_year":2025,"edit_year":2020,"history":"[{\"筆ポリゴンID\":\"a519c940-7d10-4a2b-8d5c-770cc999e193\",\"更新年度\":2024,\"前年同一\":true},[{\"筆ポリゴンID\":\"43a66948-9b1c-424e-837d-7d556fbf5618\",\"更新年度\":2023,\"前年同一\":true},[{\"筆ポリゴンID\":\"9d1d210b-51ca-4976-b8ff-9da729b2f837\",\"更新年度\":2022,\"前年同一\":true},[{\"筆ポリゴンID\":\"99bf1ecc-e29e-4b6a-9f00-e1448226a98e\",\"更新年度\":2021,\"前年同一\":true},{\"筆ポリゴンID\":\"99bf1ecc-e29e-4b6a-9f00-e1448226a98e\",\"発生年度\":2020}]]]]","last_polygon_uuid":"a519c940-7d10-4a2b-8d5c-770cc999e193","prev_last_polygon_uuid":"43a66948-9b1c-424e-837d-7d556fbf5618","local_government_cd":"016080","point_lng":142.941966584,"point_lat":42.147157605}},{"arcs":[[598]],"type":"Polygon","properties":{"polygon_uuid":"94273115-9622-4a7b-bb5a-9c87a9bf05e2","land_type":200,"issue_year":2025,"edit_year":2020,"history":"[{\"筆ポリゴンID\":\"7de9c768-5cae-4a44-a6eb-213db3584122\",\"更新年度\":2024,\"前年同一\":true},[{\"筆ポリゴンID\":\"9d2929b9-8836-4b40-a121-d89218b5129d\",\"更新年度\":2023,\"前年同一\":true},[{\"筆ポリゴンID\":\"ddb6de6b-dc07-4825-9b57-55a6585b38db\",\"更新年度\":2022,\"前年同一\":true},[{\"筆ポリゴンID\":\"682bc0fd-e5df-44d2-936c-0c643e1e15db\",\"更新年度\":2021,\"前年同一\":true},{\"筆ポリゴンID\":\"682bc0fd-e5df-44d2-936c-0c643e1e15db\",\"発生年度\":2020}]]]]","last_polygon_uuid":"7de9c768-5cae-4a44-a6eb-213db3584122","prev_last_polygon_uuid":"9d2929b9-8836-4b40-a121-d89218b5129d","local_government_cd":"016080","point_lng":142.937858853,"point_lat":42.151971477}},{"arcs":[[599]],"type":"Polygon","properties":{"polygon_uuid":"fc524ceb-c33d-43af-8973-ca2048f7d3f2","land_type":200,"issue_year":2025,"edit_year":2020,"history":"[{\"筆ポリゴンID\":\"d551f891-049e-43d3-8059-c7a342c6d326\",\"更新年度\":2024,\"前年同一\":true},[{\"筆ポリゴンID\":\"cf8c36e3-36e7-442e-824c-b8f5f0fbdbd5\",\"更新年度\":2023,\"前年同一\":true},[{\"筆ポリゴンID\":\"5dfc2577-787e-40cb-a246-45cceb1e41f4\",\"更新年度\":2022,\"前年同一\":true},[{\"筆ポリゴンID\":\"edfa6d19-9696-46bd-a256-7d67a34a80c8\",\"更新年度\":2021,\"前年同一\":true},{\"筆ポリゴンID\":\"edfa6d19-9696-46bd-a256-7d67a34a80c8\",\"発生年度\":2020}]]]]","last_polygon_uuid":"d551f891-049e-43d3-8059-c7a342c6d326","prev_last_polygon_uuid":"cf8c36e3-36e7-442e-824c-b8f5f0fbdbd5","local_government_cd":"016080","point_lng":142.925716631,"point_lat":42.163555042}},{"arcs":[[600,601,602,603]],"type":"Polygon","properties":{"polygon_uuid":"b2f27c8b-2355-4164-95cb-f40665278a5f","land_type":100,"issue_year":2025,"edit_year":2020,"history":"[{\"筆ポリゴンID\":\"8cc8d998-1d4a-4a60-b40c-8d3fe6491c73\",\"更新年度\":2024,\"前年同一\":true},[{\"筆ポリゴンID\":\"3daf85e8-8934-4577-a34b-a46c73a8586e\",\"更新年度\":2023,\"前年同一\":true},[{\"筆ポリゴンID\":\"f13d7855-604e-4d41-b650-1f96350f6489\",\"更新年度\":2022,\"前年同一\":true},[{\"筆ポリゴンID\":\"016b7c72-ccd5-4ec6-8b3a-2e83a2194f83\",\"更新年度\":2021,\"前年同一\":true},{\"筆ポリゴンID\":\"016b7c72-ccd5-4ec6-8b3a-2e83a2194f83\",\"発生年度\":2020}]]]]","last_polygon_uuid":"8cc8d998-1d4a-4a60-b40c-8d3fe6491c73","prev_last_polygon_uuid":"3daf85e8-8934-4577-a34b-a46c73a8586e","local_government_cd":"016080","point_lng":142.945117168,"point_lat":42.14699615}},{"arcs":[[604,-602,605,-577]],"type":"Polygon","properties":{"polygon_uuid":"c86960d9-e910-4f74-9ce4-8266217cc97d","land_type":100,"issue_year":2025,"edit_year":2020,"history":"[{\"筆ポリゴンID\":\"31cff5ca-6365-42a6-8cf1-2db8db2d28c1\",\"更新年度\":2024,\"前年同一\":true},[{\"筆ポリゴンID\":\"138d539b-5e23-44f6-9b70-5a1aceed40d1\",\"更新年度\":2023,\"前年同一\":true},[{\"筆ポリゴンID\":\"6e8c4365-3e0b-4dae-88ee-d3f6c77703e0\",\"更新年度\":2022,\"前年同一\":true},[{\"筆ポリゴンID\":\"dd31a9a3-62c2-4244-afb3-80a528a47e58\",\"更新年度\":2021,\"前年同一\":true},{\"筆ポリゴンID\":\"dd31a9a3-62c2-4244-afb3-80a528a47e58\",\"発生年度\":2020}]]]]","last_polygon_uuid":"31cff5ca-6365-42a6-8cf1-2db8db2d28c1","prev_last_polygon_uuid":"138d539b-5e23-44f6-9b70-5a1aceed40d1","local_government_cd":"016080","point_lng":142.945026754,"point_lat":42.146777043}},{"arcs":[[606,-570,607]],"type":"Polygon","properties":{"polygon_uuid":"62214e4c-8a11-4797-85e8-3610339333fd","land_type":100,"issue_year":2025,"edit_year":2020,"history":"[{\"筆ポリゴンID\":\"a9f21f58-bc11-4d76-8c1d-bdd1306fc64c\",\"更新年度\":2024,\"前年同一\":true},[{\"筆ポリゴンID\":\"add574c8-df59-43d9-b45f-c48e8527806c\",\"更新年度\":2023,\"前年同一\":true},[{\"筆ポリゴンID\":\"8d45c300-f7c1-4c7e-957b-bde22c68cc22\",\"更新年度\":2022,\"前年同一\":true},[{\"筆ポリゴンID\":\"7f59d225-6879-4684-a403-5f97537c2e99\",\"更新年度\":2021,\"前年同一\":true},{\"筆ポリゴンID\":\"7f59d225-6879-4684-a403-5f97537c2e99\",\"発生年度\":2020}]]]]","last_polygon_uuid":"a9f21f58-bc11-4d76-8c1d-bdd1306fc64c","prev_last_polygon_uuid":"add574c8-df59-43d9-b45f-c48e8527806c","local_government_cd":"016080","point_lng":142.947086974,"point_lat":42.147539939}},{"arcs":[[608]],"type":"Polygon","properties":{"polygon_uuid":"20f4e608-2050-4bba-8183-7c2cd2b7eb97","land_type":200,"issue_year":2025,"edit_year":2020,"history":"[{\"筆ポリゴンID\":\"1205f76f-4100-48a5-8f35-1c8e7282e190\",\"更新年度\":2024,\"前年同一\":true},[{\"筆ポリゴンID\":\"5e8bcecd-d0ba-487a-99af-7a58805824a0\",\"更新年度\":2023,\"前年同一\":true},[{\"筆ポリゴンID\":\"b9d66da5-4080-4516-a5b2-754a20f569f1\",\"更新年度\":2022,\"前年同一\":true},[{\"筆ポリゴンID\":\"c885e8ab-afb7-4227-8efb-6b61951720bd\",\"更新年度\":2021,\"前年同一\":true},{\"筆ポリゴンID\":\"c885e8ab-afb7-4227-8efb-6b61951720bd\",\"発生年度\":2020}]]]]","last_polygon_uuid":"1205f76f-4100-48a5-8f35-1c8e7282e190","prev_last_polygon_uuid":"5e8bcecd-d0ba-487a-99af-7a58805824a0","local_government_cd":"016080","point_lng":142.946598837,"point_lat":42.136747536}},{"arcs":[[609,610]],"type":"Polygon","properties":{"polygon_uuid":"cbd19887-c390-43c0-9a19-677cffb9e76e","land_type":200,"issue_year":2025,"edit_year":2020,"history":"[{\"筆ポリゴンID\":\"8aae4c60-013d-464d-9414-d09aeb974e9b\",\"更新年度\":2024,\"前年同一\":true},[{\"筆ポリゴンID\":\"e88ce8e6-9ce4-41be-8b87-f5c5780f79b3\",\"更新年度\":2023,\"前年同一\":true},[{\"筆ポリゴンID\":\"1e139a40-3fd4-4492-9b0e-b74c8a4c50f7\",\"更新年度\":2022,\"前年同一\":true},[{\"筆ポリゴンID\":\"7d67a444-7ed8-435e-8710-1c0931500203\",\"更新年度\":2021,\"前年同一\":true},{\"筆ポリゴンID\":\"7d67a444-7ed8-435e-8710-1c0931500203\",\"発生年度\":2020}]]]]","last_polygon_uuid":"8aae4c60-013d-464d-9414-d09aeb974e9b","prev_last_polygon_uuid":"e88ce8e6-9ce4-41be-8b87-f5c5780f79b3","local_government_cd":"016080","point_lng":142.942512815,"point_lat":42.135751538}},{"arcs":[[611]],"type":"Polygon","properties":{"polygon_uuid":"6b022228-ba98-49ed-b676-c0751c5d80e0","land_type":200,"issue_year":2025,"edit_year":2020,"history":"[{\"筆ポリゴンID\":\"9b60a4e5-e031-4402-8e8d-ba6f339c23a2\",\"更新年度\":2024,\"前年同一\":true},[{\"筆ポリゴンID\":\"ac5f991b-b773-45b3-9398-bab2d6fbd0e6\",\"更新年度\":2023,\"前年同一\":true},[{\"筆ポリゴンID\":\"924833e9-a605-48bd-9120-5783f56b791a\",\"更新年度\":2022,\"前年同一\":true},[{\"筆ポリゴンID\":\"29d1b8c6-8ef8-436d-bbeb-2dc2fbf3791a\",\"更新年度\":2021,\"前年同一\":true},{\"筆ポリゴンID\":\"29d1b8c6-8ef8-436d-bbeb-2dc2fbf3791a\",\"発生年度\":2020}]]]]","last_polygon_uuid":"9b60a4e5-e031-4402-8e8d-ba6f339c23a2","prev_last_polygon_uuid":"ac5f991b-b773-45b3-9398-bab2d6fbd0e6","local_government_cd":"016080","point_lng":142.924075345,"point_lat":42.153967902}},{"arcs":[[612],[613]],"type":"Polygon","properties":{"polygon_uuid":"d6e3a4f7-f1af-4c82-b18f-31c56584f9c8","land_type":200,"issue_year":2025,"edit_year":2020,"history":"[{\"筆ポリゴンID\":\"495ff3c0-0b3f-4b97-8e45-f9dac2d10a45\",\"更新年度\":2024,\"前年同一\":true},[{\"筆ポリゴンID\":\"f5bf52b2-0f6f-4993-b6b9-f1f3e735f1ef\",\"更新年度\":2023,\"前年同一\":true},[{\"筆ポリゴンID\":\"cec45594-bbd6-4494-b647-ac1bd58dcfe3\",\"更新年度\":2022,\"前年同一\":true},[{\"筆ポリゴンID\":\"8b74cd2a-f652-48bc-83a9-047dfe56fc55\",\"更新年度\":2021,\"前年同一\":true},{\"筆ポリゴンID\":\"8b74cd2a-f652-48bc-83a9-047dfe56fc55\",\"発生年度\":2020}]]]]","last_polygon_uuid":"495ff3c0-0b3f-4b97-8e45-f9dac2d10a45","prev_last_polygon_uuid":"f5bf52b2-0f6f-4993-b6b9-f1f3e735f1ef","local_government_cd":"016080","point_lng":142.914528699,"point_lat":42.167906204}},{"arcs":[[614]],"type":"Polygon","properties":{"polygon_uuid":"d9e15b9d-a5a0-46a0-b406-023740fd2513","land_type":200,"issue_year":2025,"edit_year":2020,"history":"[{\"筆ポリゴンID\":\"d350943e-a119-4fdd-97d9-c8520fef8955\",\"更新年度\":2024,\"前年同一\":true},[{\"筆ポリゴンID\":\"48c89ff8-d05d-4f36-97a2-c8dc891ab6aa\",\"更新年度\":2023,\"前年同一\":true},[{\"筆ポリゴンID\":\"63d1ca75-9b48-4167-99db-c4474391230c\",\"更新年度\":2022,\"前年同一\":true},[{\"筆ポリゴンID\":\"4ca3a7d6-b9e0-4404-b139-8633298f0234\",\"更新年度\":2021,\"前年同一\":true},{\"筆ポリゴンID\":\"4ca3a7d6-b9e0-4404-b139-8633298f0234\",\"発生年度\":2020}]]]]","last_polygon_uuid":"d350943e-a119-4fdd-97d9-c8520fef8955","prev_last_polygon_uuid":"48c89ff8-d05d-4f36-97a2-c8dc891ab6aa","local_government_cd":"016080","point_lng":142.914803112,"point_lat":42.146952405}},{"arcs":[[615]],"type":"Polygon","properties":{"polygon_uuid":"f2ae035b-8c93-4ed2-98f7-1cb1544a23b7","land_type":200,"issue_year":2025,"edit_year":2020,"history":"[{\"筆ポリゴンID\":\"94127f6c-ea86-49ab-86d8-8a6cffc1e743\",\"更新年度\":2024,\"前年同一\":true},[{\"筆ポリゴンID\":\"00a4d2d8-0bf6-4956-9f38-e5193536df6f\",\"更新年度\":2023,\"前年同一\":true},[{\"筆ポリゴンID\":\"1ac0f724-826a-443c-8c99-9fd194bacd5b\",\"更新年度\":2022,\"前年同一\":true},[{\"筆ポリゴンID\":\"e7101880-f161-4bdb-ab8f-9325abb7cdb3\",\"更新年度\":2021,\"前年同一\":true},{\"筆ポリゴンID\":\"e7101880-f161-4bdb-ab8f-9325abb7cdb3\",\"発生年度\":2020}]]]]","last_polygon_uuid":"94127f6c-ea86-49ab-86d8-8a6cffc1e743","prev_last_polygon_uuid":"00a4d2d8-0bf6-4956-9f38-e5193536df6f","local_government_cd":"016080","point_lng":142.911937585,"point_lat":42.167120016}},{"arcs":[[616]],"type":"Polygon","properties":{"polygon_uuid":"51b2c775-20c2-47ee-8093-e481e0b3beb1","land_type":200,"issue_year":2025,"edit_year":2020,"history":"[{\"筆ポリゴンID\":\"0bd6112e-0014-4b0f-85c0-9c6b71e996eb\",\"更新年度\":2024,\"前年同一\":true},[{\"筆ポリゴンID\":\"bb2f77f4-ac96-45d0-9acb-b1b85ef30aff\",\"更新年度\":2023,\"前年同一\":true},[{\"筆ポリゴンID\":\"aa5b17fd-e2f1-41c8-87f6-cd1fdc10b4b9\",\"更新年度\":2022,\"前年同一\":true},[{\"筆ポリゴンID\":\"698a4bce-ca78-4cbe-8903-8de98149a248\",\"更新年度\":2021,\"前年同一\":true},{\"筆ポリゴンID\":\"698a4bce-ca78-4cbe-8903-8de98149a248\",\"発生年度\":2020}]]]]","last_polygon_uuid":"0bd6112e-0014-4b0f-85c0-9c6b71e996eb","prev_last_polygon_uuid":"bb2f77f4-ac96-45d0-9acb-b1b85ef30aff","local_government_cd":"016080","point_lng":142.938467744,"point_lat":42.152845403}},{"arcs":[[617,618,619]],"type":"Polygon","properties":{"polygon_uuid":"8fcbd015-259d-4d9e-af26-317795f014af","land_type":200,"issue_year":2025,"edit_year":2020,"history":"[{\"筆ポリゴンID\":\"67313e8c-f3d1-4704-ae7d-a50e95ccd2bb\",\"更新年度\":2024,\"前年同一\":true},[{\"筆ポリゴンID\":\"f479be4e-30b0-4caa-ab89-a872665527f5\",\"更新年度\":2023,\"前年同一\":true},[{\"筆ポリゴンID\":\"78f0cba2-9009-4bd1-b702-81bc6b1daf39\",\"更新年度\":2022,\"前年同一\":true},[{\"筆ポリゴンID\":\"f8dc21cb-92ec-4f88-918f-d4940cb14425\",\"更新年度\":2021,\"前年同一\":true},{\"筆ポリゴンID\":\"f8dc21cb-92ec-4f88-918f-d4940cb14425\",\"発生年度\":2020}]]]]","last_polygon_uuid":"67313e8c-f3d1-4704-ae7d-a50e95ccd2bb","prev_last_polygon_uuid":"f479be4e-30b0-4caa-ab89-a872665527f5","local_government_cd":"016080","point_lng":142.945378247,"point_lat":42.157631123}},{"arcs":[[620,621,622,623]],"type":"Polygon","properties":{"polygon_uuid":"cfc32a7b-fc36-4418-a82f-908edc049640","land_type":100,"issue_year":2025,"edit_year":2020,"history":"[{\"筆ポリゴンID\":\"a1f069f8-afe2-4c8b-9ae8-fca0245c9e29\",\"更新年度\":2024,\"前年同一\":true},[{\"筆ポリゴンID\":\"2b4c6880-2de4-4995-96c0-8d56311601f9\",\"更新年度\":2023,\"前年同一\":true},[{\"筆ポリゴンID\":\"ba93803a-9fdc-428b-90b5-b98c25824610\",\"更新年度\":2022,\"前年同一\":true},[{\"筆ポリゴンID\":\"281e6b04-da06-48ed-828d-5b1c73a4a14a\",\"更新年度\":2021,\"前年同一\":true},{\"筆ポリゴンID\":\"281e6b04-da06-48ed-828d-5b1c73a4a14a\",\"発生年度\":2020}]]]]","last_polygon_uuid":"a1f069f8-afe2-4c8b-9ae8-fca0245c9e29","prev_last_polygon_uuid":"2b4c6880-2de4-4995-96c0-8d56311601f9","local_government_cd":"016080","point_lng":142.945391037,"point_lat":42.148059138}},{"arcs":[[624,625]],"type":"Polygon","properties":{"polygon_uuid":"c441aba5-9d17-4d2e-b5f8-5aea47231b11","land_type":200,"issue_year":2025,"edit_year":2020,"history":"[{\"筆ポリゴンID\":\"b0941ef2-5fb1-45ec-ae76-eac1f97379fb\",\"更新年度\":2024,\"前年同一\":true},[{\"筆ポリゴンID\":\"d33d3a14-32ba-4335-a4b3-c33ebc2c2c21\",\"更新年度\":2023,\"前年同一\":true},[{\"筆ポリゴンID\":\"f8e15ba2-d5f2-43ea-93ae-bd164939e8cd\",\"更新年度\":2022,\"前年同一\":true},[{\"筆ポリゴンID\":\"bd7e13a2-6c78-46ec-aea2-2a9d9a513e55\",\"更新年度\":2021,\"前年同一\":true},{\"筆ポリゴンID\":\"bd7e13a2-6c78-46ec-aea2-2a9d9a513e55\",\"発生年度\":2020}]]]]","last_polygon_uuid":"b0941ef2-5fb1-45ec-ae76-eac1f97379fb","prev_last_polygon_uuid":"d33d3a14-32ba-4335-a4b3-c33ebc2c2c21","local_government_cd":"016080","point_lng":142.943282513,"point_lat":42.156768388}},{"arcs":[[626,-596,627]],"type":"Polygon","properties":{"polygon_uuid":"dcfa9752-4ea4-4328-b76f-e8aa72d3ead0","land_type":100,"issue_year":2025,"edit_year":2020,"history":"[{\"筆ポリゴンID\":\"9789ed9f-52a4-4e3f-b5a4-0b3dbd0034c1\",\"更新年度\":2024,\"前年同一\":true},[{\"筆ポリゴンID\":\"1d6aa5ca-94a1-4e16-b875-2d2ff129b7f4\",\"更新年度\":2023,\"前年同一\":true},[{\"筆ポリゴンID\":\"c69d50bf-1293-42ae-b9e5-ed2e2437e66a\",\"更新年度\":2022,\"前年同一\":true},[{\"筆ポリゴンID\":\"7ad352b6-3670-47ca-84e0-b52861c15579\",\"更新年度\":2021,\"前年同一\":true},{\"筆ポリゴンID\":\"7ad352b6-3670-47ca-84e0-b52861c15579\",\"発生年度\":2020}]]]]","last_polygon_uuid":"9789ed9f-52a4-4e3f-b5a4-0b3dbd0034c1","prev_last_polygon_uuid":"1d6aa5ca-94a1-4e16-b875-2d2ff129b7f4","local_government_cd":"016080","point_lng":142.942858828,"point_lat":42.147094723}},{"arcs":[[628,629,630,631]],"type":"Polygon","properties":{"polygon_uuid":"b21c3f28-efad-4e8b-a54f-89c4900330fb","land_type":100,"issue_year":2025,"edit_year":2020,"history":"[{\"筆ポリゴンID\":\"2dea97c9-76a8-43a5-a9e6-12d211a1dbe5\",\"更新年度\":2024,\"前年同一\":true},[{\"筆ポリゴンID\":\"c6a05398-a21c-437e-848a-17a46d83a110\",\"更新年度\":2023,\"前年同一\":true},[{\"筆ポリゴンID\":\"238ebd22-3198-4846-8492-65a1541e4814\",\"更新年度\":2022,\"前年同一\":true},[{\"筆ポリゴンID\":\"da1eabd1-e207-4435-b01d-05abd381c4ce\",\"更新年度\":2021,\"前年同一\":true},{\"筆ポリゴンID\":\"da1eabd1-e207-4435-b01d-05abd381c4ce\",\"発生年度\":2020}]]]]","last_polygon_uuid":"2dea97c9-76a8-43a5-a9e6-12d211a1dbe5","prev_last_polygon_uuid":"c6a05398-a21c-437e-848a-17a46d83a110","local_government_cd":"016080","point_lng":142.946378364,"point_lat":42.145196833}},{"arcs":[[632,633,634,-622]],"type":"Polygon","properties":{"polygon_uuid":"2010510f-0a1c-43c8-b0d6-131a5c873dc0","land_type":100,"issue_year":2025,"edit_year":2020,"history":"[{\"筆ポリゴンID\":\"13e59c8a-ca65-49ba-a2a1-d93a25f9469c\",\"更新年度\":2024,\"前年同一\":true},[{\"筆ポリゴンID\":\"2f14506a-c8dc-4c1b-b884-b4b9f0789545\",\"更新年度\":2023,\"前年同一\":true},[{\"筆ポリゴンID\":\"dcbc1d2c-076a-4694-9a0e-ed70c03c677f\",\"更新年度\":2022,\"前年同一\":true},[{\"筆ポリゴンID\":\"b5a784f3-135e-4044-af5a-d0a847eca04f\",\"更新年度\":2021,\"前年同一\":true},{\"筆ポリゴンID\":\"b5a784f3-135e-4044-af5a-d0a847eca04f\",\"発生年度\":2020}]]]]","last_polygon_uuid":"13e59c8a-ca65-49ba-a2a1-d93a25f9469c","prev_last_polygon_uuid":"2f14506a-c8dc-4c1b-b884-b4b9f0789545","local_government_cd":"016080","point_lng":142.945366764,"point_lat":42.147832135}},{"arcs":[[635],[636]],"type":"Polygon","properties":{"polygon_uuid":"4dba7dec-a511-4de6-9669-9536cfedeff8","land_type":200,"issue_year":2025,"edit_year":2020,"history":"[{\"筆ポリゴンID\":\"a7bf81ab-1f85-46e7-a477-ffd5eaacb3b8\",\"更新年度\":2024,\"前年同一\":true},[{\"筆ポリゴンID\":\"b34a2dd0-5c5a-4a1e-a18a-7a9d6999e3ff\",\"更新年度\":2023,\"前年同一\":true},[{\"筆ポリゴンID\":\"c716a8cd-b87b-4d43-b54f-c254f2a9cb9a\",\"更新年度\":2022,\"前年同一\":true},[{\"筆ポリゴンID\":\"9ad968eb-a88f-44aa-908a-6c3c4af7fb41\",\"更新年度\":2021,\"前年同一\":true},{\"筆ポリゴンID\":\"9ad968eb-a88f-44aa-908a-6c3c4af7fb41\",\"発生年度\":2020}]]]]","last_polygon_uuid":"a7bf81ab-1f85-46e7-a477-ffd5eaacb3b8","prev_last_polygon_uuid":"b34a2dd0-5c5a-4a1e-a18a-7a9d6999e3ff","local_government_cd":"016080","point_lng":142.948697252,"point_lat":42.168440645}},{"arcs":[[637,638]],"type":"Polygon","properties":{"polygon_uuid":"ec2a131a-6f3c-4fd1-b6f6-e42737502326","land_type":200,"issue_year":2025,"edit_year":2020,"history":"[{\"筆ポリゴンID\":\"6e7e0e2b-7706-4ef3-a531-dbee96937e0b\",\"更新年度\":2024,\"前年同一\":true},[{\"筆ポリゴンID\":\"19a44183-7d24-4562-a21a-83201398d9e7\",\"更新年度\":2023,\"前年同一\":true},[{\"筆ポリゴンID\":\"0f638887-19c6-433e-a7c9-eefd2be5bcd9\",\"更新年度\":2022,\"前年同一\":true},[{\"筆ポリゴンID\":\"3242e4ec-e730-4ea9-9385-febd9dc2c181\",\"更新年度\":2021,\"前年同一\":true},{\"筆ポリゴンID\":\"3242e4ec-e730-4ea9-9385-febd9dc2c181\",\"発生年度\":2020}]]]]","last_polygon_uuid":"6e7e0e2b-7706-4ef3-a531-dbee96937e0b","prev_last_polygon_uuid":"19a44183-7d24-4562-a21a-83201398d9e7","local_government_cd":"016080","point_lng":142.945175686,"point_lat":42.15869897}},{"arcs":[[639,-540,-499]],"type":"Polygon","properties":{"polygon_uuid":"e4e81a82-dec7-44dc-92ae-0b310e6f140d","land_type":200,"issue_year":2025,"edit_year":2020,"history":"[{\"筆ポリゴンID\":\"9be200b4-0d46-476d-a8b9-b6abd8436df6\",\"更新年度\":2024,\"前年同一\":true},[{\"筆ポリゴンID\":\"6ddbb338-558a-49d2-8c06-dd2c71f307a2\",\"更新年度\":2023,\"前年同一\":true},[{\"筆ポリゴンID\":\"df420114-ce1a-4100-8ba7-a4d139607260\",\"更新年度\":2022,\"前年同一\":true},[{\"筆ポリゴンID\":\"15c5a56e-ffb4-4d93-8981-685a58fb0def\",\"更新年度\":2021,\"前年同一\":true},{\"筆ポリゴンID\":\"15c5a56e-ffb4-4d93-8981-685a58fb0def\",\"発生年度\":2020}]]]]","last_polygon_uuid":"9be200b4-0d46-476d-a8b9-b6abd8436df6","prev_last_polygon_uuid":"6ddbb338-558a-49d2-8c06-dd2c71f307a2","local_government_cd":"016080","point_lng":142.953329871,"point_lat":42.163974575}},{"arcs":[[640]],"type":"Polygon","properties":{"polygon_uuid":"af8fbd84-efd8-4d2e-a9c9-ab0f88e18cf2","land_type":200,"issue_year":2025,"edit_year":2020,"history":"[{\"筆ポリゴンID\":\"dbfec582-667f-49c5-ab1b-2df1928252c0\",\"更新年度\":2024,\"前年同一\":true},[{\"筆ポリゴンID\":\"403cb05a-4365-477b-8ed5-52040aeee61d\",\"更新年度\":2023,\"前年同一\":true},[{\"筆ポリゴンID\":\"3a772512-9df2-4bd5-90c0-6dd26c189a8c\",\"更新年度\":2022,\"前年同一\":true},[{\"筆ポリゴンID\":\"a0ef7c06-2a48-4f95-baff-251a9ae545c6\",\"更新年度\":2021,\"前年同一\":true},{\"筆ポリゴンID\":\"a0ef7c06-2a48-4f95-baff-251a9ae545c6\",\"発生年度\":2020}]]]]","last_polygon_uuid":"dbfec582-667f-49c5-ab1b-2df1928252c0","prev_last_polygon_uuid":"403cb05a-4365-477b-8ed5-52040aeee61d","local_government_cd":"016080","point_lng":142.939690252,"point_lat":42.157414156}},{"arcs":[[641,642]],"type":"Polygon","properties":{"polygon_uuid":"fd5957e2-d70c-41ef-8a44-7b67d08355a9","land_type":200,"issue_year":2025,"edit_year":2020,"history":"[{\"筆ポリゴンID\":\"cd0be3ed-7291-46bf-8a87-d990946e1976\",\"更新年度\":2024,\"前年同一\":true},[{\"筆ポリゴンID\":\"6c99eb32-57e5-4e9b-a381-5a95e88edf1f\",\"更新年度\":2023,\"前年同一\":true},[{\"筆ポリゴンID\":\"5076f7c3-083c-49e1-8ee8-a77dfc409230\",\"更新年度\":2022,\"前年同一\":true},[{\"筆ポリゴンID\":\"9da58c1f-4bcd-436c-93fe-a6fcc42f147d\",\"更新年度\":2021,\"前年同一\":true},{\"筆ポリゴンID\":\"9da58c1f-4bcd-436c-93fe-a6fcc42f147d\",\"発生年度\":2020}]]]]","last_polygon_uuid":"cd0be3ed-7291-46bf-8a87-d990946e1976","prev_last_polygon_uuid":"6c99eb32-57e5-4e9b-a381-5a95e88edf1f","local_government_cd":"016080","point_lng":142.949429612,"point_lat":42.157027171}},{"arcs":[[643,644,645,-555]],"type":"Polygon","properties":{"polygon_uuid":"0e38087d-f88c-4aad-ac52-8cd131214e6e","land_type":100,"issue_year":2025,"edit_year":2020,"history":"[{\"筆ポリゴンID\":\"dd716e99-1291-49de-999f-369309203452\",\"更新年度\":2024,\"前年同一\":true},[{\"筆ポリゴンID\":\"f91fe26c-6064-46d2-bc9c-9241a227aee3\",\"更新年度\":2023,\"前年同一\":true},[{\"筆ポリゴンID\":\"65626487-8859-4f56-80ef-c64f5b9870a5\",\"更新年度\":2022,\"前年同一\":true},[{\"筆ポリゴンID\":\"2c9af382-abf3-46f0-8886-c09d282bf7e5\",\"更新年度\":2021,\"前年同一\":true},{\"筆ポリゴンID\":\"2c9af382-abf3-46f0-8886-c09d282bf7e5\",\"発生年度\":2020}]]]]","last_polygon_uuid":"dd716e99-1291-49de-999f-369309203452","prev_last_polygon_uuid":"f91fe26c-6064-46d2-bc9c-9241a227aee3","local_government_cd":"016080","point_lng":142.945686705,"point_lat":42.149491696}},{"arcs":[[646,647,648,649]],"type":"Polygon","properties":{"polygon_uuid":"430bf931-b425-476a-8a50-34f22341048c","land_type":200,"issue_year":2025,"edit_year":2020,"history":"[{\"筆ポリゴンID\":\"c3538448-dd58-40dc-84d6-b589af46c9dc\",\"更新年度\":2024,\"前年同一\":true},[{\"筆ポリゴンID\":\"8be6b041-ce02-4912-8647-460bd14b0e52\",\"更新年度\":2023,\"前年同一\":true},[{\"筆ポリゴンID\":\"45fb4d9f-85ae-4fd4-81ef-5fc69899b313\",\"更新年度\":2022,\"前年同一\":true},[{\"筆ポリゴンID\":\"5c604e55-bd5e-46a6-a104-235be28b53fd\",\"更新年度\":2021,\"前年同一\":true},{\"筆ポリゴンID\":\"5c604e55-bd5e-46a6-a104-235be28b53fd\",\"発生年度\":2020}]]]]","last_polygon_uuid":"c3538448-dd58-40dc-84d6-b589af46c9dc","prev_last_polygon_uuid":"8be6b041-ce02-4912-8647-460bd14b0e52","local_government_cd":"016080","point_lng":142.946392176,"point_lat":42.156951878}},{"arcs":[[650]],"type":"Polygon","properties":{"polygon_uuid":"2357186e-ee6a-4555-8cfb-1e3a477cd11f","land_type":200,"issue_year":2025,"edit_year":2020,"history":"[{\"筆ポリゴンID\":\"de7dd66f-9648-4fd3-8529-35874da1a841\",\"更新年度\":2024,\"前年同一\":true},[{\"筆ポリゴンID\":\"07ac3b24-28b6-4677-a09d-b5ad0cff57a3\",\"更新年度\":2023,\"前年同一\":true},[{\"筆ポリゴンID\":\"5dc13241-6857-4fee-851b-4ac4c48d7aab\",\"更新年度\":2022,\"前年同一\":true},[{\"筆ポリゴンID\":\"855ce20e-e4a5-4ee3-90d0-881f53b8f392\",\"更新年度\":2021,\"前年同一\":true},{\"筆ポリゴンID\":\"855ce20e-e4a5-4ee3-90d0-881f53b8f392\",\"発生年度\":2020}]]]]","last_polygon_uuid":"de7dd66f-9648-4fd3-8529-35874da1a841","prev_last_polygon_uuid":"07ac3b24-28b6-4677-a09d-b5ad0cff57a3","local_government_cd":"016080","point_lng":142.915968164,"point_lat":42.142353754}},{"arcs":[[651,-634]],"type":"Polygon","properties":{"polygon_uuid":"88f79f8b-af41-4d33-9c43-bccd2b381945","land_type":100,"issue_year":2025,"edit_year":2020,"history":"[{\"筆ポリゴンID\":\"d9e103aa-93de-45f4-856c-d3bcc6fab1e7\",\"更新年度\":2024,\"前年同一\":true},[{\"筆ポリゴンID\":\"471517c9-f620-4eaf-8bf1-0448f9e8db86\",\"更新年度\":2023,\"前年同一\":true},[{\"筆ポリゴンID\":\"be8c6fc1-c5dd-4324-9e75-b798252a0c4f\",\"更新年度\":2022,\"前年同一\":true},[{\"筆ポリゴンID\":\"13bb1d0f-8213-4a14-a3c5-543ff04dc9c2\",\"更新年度\":2021,\"前年同一\":true},{\"筆ポリゴンID\":\"13bb1d0f-8213-4a14-a3c5-543ff04dc9c2\",\"発生年度\":2020}]]]]","last_polygon_uuid":"d9e103aa-93de-45f4-856c-d3bcc6fab1e7","prev_last_polygon_uuid":"471517c9-f620-4eaf-8bf1-0448f9e8db86","local_government_cd":"016080","point_lng":142.945302788,"point_lat":42.147597314}},{"arcs":[[652]],"type":"Polygon","properties":{"polygon_uuid":"94b25e6d-a2d1-46ed-8ed8-974d345b0708","land_type":200,"issue_year":2025,"edit_year":2020,"history":"[{\"筆ポリゴンID\":\"631ac0db-bac2-455c-bc1a-18868f1b2297\",\"更新年度\":2024,\"前年同一\":true},[{\"筆ポリゴンID\":\"235d09a2-506f-4752-ba44-a872a2b0ed2a\",\"更新年度\":2023,\"前年同一\":true},[{\"筆ポリゴンID\":\"fa8868e8-3663-4c3e-85f4-0b06f01c50f2\",\"更新年度\":2022,\"前年同一\":true},[{\"筆ポリゴンID\":\"7951ff39-ece2-4677-ba3c-6fbf26fe54e0\",\"更新年度\":2021,\"前年同一\":true},{\"筆ポリゴンID\":\"7951ff39-ece2-4677-ba3c-6fbf26fe54e0\",\"発生年度\":2020}]]]]","last_polygon_uuid":"631ac0db-bac2-455c-bc1a-18868f1b2297","prev_last_polygon_uuid":"235d09a2-506f-4752-ba44-a872a2b0ed2a","local_government_cd":"016080","point_lng":142.929107945,"point_lat":42.15794295}},{"arcs":[[653,654]],"type":"Polygon","properties":{"polygon_uuid":"6eb7bc62-8231-4809-871d-c91375b8d3e9","land_type":200,"issue_year":2025,"edit_year":2020,"history":"[{\"筆ポリゴンID\":\"1623de0d-6194-4148-afeb-15c54dcafda6\",\"更新年度\":2024,\"前年同一\":true},[{\"筆ポリゴンID\":\"961ccb50-5b95-4c51-8306-6f3b893d2421\",\"更新年度\":2023,\"前年同一\":true},[{\"筆ポリゴンID\":\"37487a6d-1dc5-422c-9dc2-12a97cccb429\",\"更新年度\":2022,\"前年同一\":true},[{\"筆ポリゴンID\":\"94154c39-ccf3-4e1b-ab7c-147a58eadd84\",\"更新年度\":2021,\"前年同一\":true},{\"筆ポリゴンID\":\"94154c39-ccf3-4e1b-ab7c-147a58eadd84\",\"発生年度\":2020}]]]]","last_polygon_uuid":"1623de0d-6194-4148-afeb-15c54dcafda6","prev_last_polygon_uuid":"961ccb50-5b95-4c51-8306-6f3b893d2421","local_government_cd":"016080","point_lng":142.944100795,"point_lat":42.132594433}},{"arcs":[[655]],"type":"Polygon","properties":{"polygon_uuid":"14b93019-d347-45f3-b8aa-75d72ce3ec6a","land_type":200,"issue_year":2025,"edit_year":2020,"history":"[{\"筆ポリゴンID\":\"a329dd73-4e3f-4b24-82af-72e34d7b231e\",\"更新年度\":2024,\"前年同一\":true},[{\"筆ポリゴンID\":\"995b1baa-ebcc-4bc2-ad26-59c341608bc1\",\"更新年度\":2023,\"前年同一\":true},[{\"筆ポリゴンID\":\"06e3c65e-c3ae-48a9-a79b-acedf61b9567\",\"更新年度\":2022,\"前年同一\":true},[{\"筆ポリゴンID\":\"e009d245-9449-4e20-9cf2-cabf1bea00d1\",\"更新年度\":2021,\"前年同一\":true},{\"筆ポリゴンID\":\"e009d245-9449-4e20-9cf2-cabf1bea00d1\",\"発生年度\":2020}]]]]","last_polygon_uuid":"a329dd73-4e3f-4b24-82af-72e34d7b231e","prev_last_polygon_uuid":"995b1baa-ebcc-4bc2-ad26-59c341608bc1","local_government_cd":"016080","point_lng":142.950934643,"point_lat":42.158663466}},{"arcs":[[656,657,658,659]],"type":"Polygon","properties":{"polygon_uuid":"ef739e6f-fab9-4ac3-9184-58d89b537e2d","land_type":100,"issue_year":2025,"edit_year":2020,"history":"[{\"筆ポリゴンID\":\"ef70be0b-3afc-4a74-b558-db8a77c68fea\",\"更新年度\":2024,\"前年同一\":true},[{\"筆ポリゴンID\":\"22ee4448-bba3-42e0-99f3-558e39aed0a9\",\"更新年度\":2023,\"前年同一\":true},[{\"筆ポリゴンID\":\"b5325a23-0623-4e4b-9536-1e9156c55f59\",\"更新年度\":2022,\"前年同一\":true},[{\"筆ポリゴンID\":\"3a0d3474-6e47-4305-b4c7-7f470aeb1464\",\"更新年度\":2021,\"前年同一\":true},{\"筆ポリゴンID\":\"3a0d3474-6e47-4305-b4c7-7f470aeb1464\",\"発生年度\":2020}]]]]","last_polygon_uuid":"ef70be0b-3afc-4a74-b558-db8a77c68fea","prev_last_polygon_uuid":"22ee4448-bba3-42e0-99f3-558e39aed0a9","local_government_cd":"016080","point_lng":142.944492017,"point_lat":42.145276824}},{"arcs":[[660,-610]],"type":"Polygon","properties":{"polygon_uuid":"0fce171a-4773-4597-ae84-1ad633db5241","land_type":200,"issue_year":2025,"edit_year":2020,"history":"[{\"筆ポリゴンID\":\"5adc2412-371d-41f9-9098-7e66516b8910\",\"更新年度\":2024,\"前年同一\":true},[{\"筆ポリゴンID\":\"c95ab40c-aad4-4adb-a586-2811a2e873dc\",\"更新年度\":2023,\"前年同一\":true},[{\"筆ポリゴンID\":\"0db05e7b-a3e2-4ebf-951d-779bd3017d5f\",\"更新年度\":2022,\"前年同一\":true},[{\"筆ポリゴンID\":\"1be6df55-a4c0-4080-85a7-ca13415bd519\",\"更新年度\":2021,\"前年同一\":true},{\"筆ポリゴンID\":\"1be6df55-a4c0-4080-85a7-ca13415bd519\",\"発生年度\":2020}]]]]","last_polygon_uuid":"5adc2412-371d-41f9-9098-7e66516b8910","prev_last_polygon_uuid":"c95ab40c-aad4-4adb-a586-2811a2e873dc","local_government_cd":"016080","point_lng":142.942349181,"point_lat":42.136477579}},{"arcs":[[661,662,663,664]],"type":"Polygon","properties":{"polygon_uuid":"c41a8dd7-84f4-41fa-8a2c-2e591e46cfcb","land_type":200,"issue_year":2025,"edit_year":2020,"history":"[{\"筆ポリゴンID\":\"a9fa8584-4aff-4f16-b990-1dc0fda0c6b8\",\"更新年度\":2024,\"前年同一\":true},[{\"筆ポリゴンID\":\"f4fcba03-ac24-4fd6-9e0b-5eb8c1dbb48d\",\"更新年度\":2023,\"前年同一\":true},[{\"筆ポリゴンID\":\"e63e950f-e86e-4202-a7c3-b95dc4e342d9\",\"更新年度\":2022,\"前年同一\":true},[{\"筆ポリゴンID\":\"58246fd3-059a-4472-a55d-0b1c611a18c8\",\"更新年度\":2021,\"前年同一\":true},{\"筆ポリゴンID\":\"58246fd3-059a-4472-a55d-0b1c611a18c8\",\"発生年度\":2020}]]]]","last_polygon_uuid":"a9fa8584-4aff-4f16-b990-1dc0fda0c6b8","prev_last_polygon_uuid":"f4fcba03-ac24-4fd6-9e0b-5eb8c1dbb48d","local_government_cd":"016080","point_lng":142.939210264,"point_lat":42.142890846}},{"arcs":[[-604,665]],"type":"Polygon","properties":{"polygon_uuid":"da6b0970-0c4a-4d4f-9e62-9cab239dec5f","land_type":100,"issue_year":2025,"edit_year":2020,"history":"[{\"筆ポリゴンID\":\"1ae95095-5a4d-4792-abbf-1f1fe4bc039a\",\"更新年度\":2024,\"前年同一\":true},[{\"筆ポリゴンID\":\"8e3b48ba-a3f9-4e89-86e9-a5cc2cdeb5d6\",\"更新年度\":2023,\"前年同一\":true},[{\"筆ポリゴンID\":\"5ff49dd3-774c-4de5-a140-044ee134eb81\",\"更新年度\":2022,\"前年同一\":true},[{\"筆ポリゴンID\":\"1177ccd5-19fb-4665-9286-3dd82fe45f09\",\"更新年度\":2021,\"前年同一\":true},{\"筆ポリゴンID\":\"1177ccd5-19fb-4665-9286-3dd82fe45f09\",\"発生年度\":2020}]]]]","last_polygon_uuid":"1ae95095-5a4d-4792-abbf-1f1fe4bc039a","prev_last_polygon_uuid":"8e3b48ba-a3f9-4e89-86e9-a5cc2cdeb5d6","local_government_cd":"016080","point_lng":142.945207265,"point_lat":42.147238502}},{"arcs":[[666,667,668,669]],"type":"Polygon","properties":{"polygon_uuid":"afc97539-fa31-4774-b793-46c2a55bd955","land_type":100,"issue_year":2025,"edit_year":2020,"history":"[{\"筆ポリゴンID\":\"e2c511ea-4728-41b3-a45f-00f57ff93662\",\"更新年度\":2024,\"前年同一\":true},[{\"筆ポリゴンID\":\"c806450a-00e6-40a6-ae2f-07cee5135d97\",\"更新年度\":2023,\"前年同一\":true},[{\"筆ポリゴンID\":\"e82df9b1-49ea-4300-90ce-f7aaa6f77f50\",\"更新年度\":2022,\"前年同一\":true},[{\"筆ポリゴンID\":\"4bd945cb-3bf6-46c3-8371-1651a9d51c52\",\"更新年度\":2021,\"前年同一\":true},{\"筆ポリゴンID\":\"4bd945cb-3bf6-46c3-8371-1651a9d51c52\",\"発生年度\":2020}]]]]","last_polygon_uuid":"e2c511ea-4728-41b3-a45f-00f57ff93662","prev_last_polygon_uuid":"c806450a-00e6-40a6-ae2f-07cee5135d97","local_government_cd":"016080","point_lng":142.945817824,"point_lat":42.144221727}},{"arcs":[[670]],"type":"Polygon","properties":{"polygon_uuid":"4f9a35c3-981f-43fc-8f62-e8d189940005","land_type":100,"issue_year":2025,"edit_year":2020,"history":"[{\"筆ポリゴンID\":\"d11b49b0-7b60-4e47-ae4c-d62fbb234d9e\",\"更新年度\":2024,\"前年同一\":true},[{\"筆ポリゴンID\":\"ba198313-2309-4a1c-a23c-1886cf0133cf\",\"更新年度\":2023,\"前年同一\":true},[{\"筆ポリゴンID\":\"389e1605-2c8b-44df-9e68-fcc4475411a7\",\"更新年度\":2022,\"前年同一\":true},[{\"筆ポリゴンID\":\"93dd9159-c7ee-4586-be91-b5ff66cdbb55\",\"更新年度\":2021,\"前年同一\":true},{\"筆ポリゴンID\":\"93dd9159-c7ee-4586-be91-b5ff66cdbb55\",\"発生年度\":2020}]]]]","last_polygon_uuid":"d11b49b0-7b60-4e47-ae4c-d62fbb234d9e","prev_last_polygon_uuid":"ba198313-2309-4a1c-a23c-1886cf0133cf","local_government_cd":"016080","point_lng":142.942021296,"point_lat":42.153656504}},{"arcs":[[671]],"type":"Polygon","properties":{"polygon_uuid":"2e8e79cd-9a33-48ae-bbf8-9d95ed9d104a","land_type":200,"issue_year":2025,"edit_year":2020,"history":"[{\"筆ポリゴンID\":\"beaf463e-c7cd-4709-9314-4a830861828b\",\"更新年度\":2024,\"前年同一\":true},[{\"筆ポリゴンID\":\"48ad9908-b5a4-46f7-ae91-3ae8ddd99fd2\",\"更新年度\":2023,\"前年同一\":true},[{\"筆ポリゴンID\":\"9e15da28-444b-4a35-8a2c-0893223d25bc\",\"更新年度\":2022,\"前年同一\":true},[{\"筆ポリゴンID\":\"b63a1dcf-b04e-443d-975e-ccab57daf636\",\"更新年度\":2021,\"前年同一\":true},{\"筆ポリゴンID\":\"b63a1dcf-b04e-443d-975e-ccab57daf636\",\"発生年度\":2020}]]]]","last_polygon_uuid":"beaf463e-c7cd-4709-9314-4a830861828b","prev_last_polygon_uuid":"48ad9908-b5a4-46f7-ae91-3ae8ddd99fd2","local_government_cd":"016080","point_lng":142.950218903,"point_lat":42.145744681}},{"arcs":[[672]],"type":"Polygon","properties":{"polygon_uuid":"92d04727-3f83-4438-a3a0-2e7600bb6427","land_type":200,"issue_year":2025,"edit_year":2020,"history":"[{\"筆ポリゴンID\":\"b1d9658f-d5de-4248-bc32-625921ca3325\",\"更新年度\":2024,\"前年同一\":true},[{\"筆ポリゴンID\":\"cc7adc49-b942-463b-a444-ecc898e9c462\",\"更新年度\":2023,\"前年同一\":true},[{\"筆ポリゴンID\":\"06cf6f29-0541-44ce-9d9b-90355b84472b\",\"更新年度\":2022,\"前年同一\":true},[{\"筆ポリゴンID\":\"cf7908f0-6f52-4e50-b53f-893c63478198\",\"更新年度\":2021,\"前年同一\":true},{\"筆ポリゴンID\":\"cf7908f0-6f52-4e50-b53f-893c63478198\",\"発生年度\":2020}]]]]","last_polygon_uuid":"b1d9658f-d5de-4248-bc32-625921ca3325","prev_last_polygon_uuid":"cc7adc49-b942-463b-a444-ecc898e9c462","local_government_cd":"016080","point_lng":142.947624245,"point_lat":42.146470821}},{"arcs":[[673]],"type":"Polygon","properties":{"polygon_uuid":"87e3959f-177c-4c12-bf28-fefcb3a50c1a","land_type":200,"issue_year":2025,"edit_year":2020,"history":"[{\"筆ポリゴンID\":\"a75c29bc-f93d-4ca6-ac56-a13b98403c18\",\"更新年度\":2024,\"前年同一\":true},[{\"筆ポリゴンID\":\"de9459c4-6980-49dd-ae3a-47f47b219180\",\"更新年度\":2023,\"前年同一\":true},[{\"筆ポリゴンID\":\"da751c2a-fb71-4ddd-819d-c2b56050c9de\",\"更新年度\":2022,\"前年同一\":true},[{\"筆ポリゴンID\":\"b390f4c5-646c-440a-84bb-8728e928aa64\",\"更新年度\":2021,\"前年同一\":true},{\"筆ポリゴンID\":\"b390f4c5-646c-440a-84bb-8728e928aa64\",\"発生年度\":2020}]]]]","last_polygon_uuid":"a75c29bc-f93d-4ca6-ac56-a13b98403c18","prev_last_polygon_uuid":"de9459c4-6980-49dd-ae3a-47f47b219180","local_government_cd":"016080","point_lng":142.944508373,"point_lat":42.158002611}},{"arcs":[[674,675,676,677]],"type":"Polygon","properties":{"polygon_uuid":"455bf78c-b4b5-4ead-849b-60633894af03","land_type":100,"issue_year":2025,"edit_year":2020,"history":"[{\"筆ポリゴンID\":\"84b983b9-add2-4123-84fe-372ab5a84140\",\"更新年度\":2024,\"前年同一\":true},[{\"筆ポリゴンID\":\"c8986e5e-490c-4d11-838d-8034f186477e\",\"更新年度\":2023,\"前年同一\":true},[{\"筆ポリゴンID\":\"ccc01b79-3b17-43b9-83ee-f8a815634ebf\",\"更新年度\":2022,\"前年同一\":true},[{\"筆ポリゴンID\":\"938329a1-d5b1-41a8-8ced-ef0a0006c23d\",\"更新年度\":2021,\"前年同一\":true},{\"筆ポリゴンID\":\"938329a1-d5b1-41a8-8ced-ef0a0006c23d\",\"発生年度\":2020}]]]]","last_polygon_uuid":"84b983b9-add2-4123-84fe-372ab5a84140","prev_last_polygon_uuid":"c8986e5e-490c-4d11-838d-8034f186477e","local_government_cd":"016080","point_lng":142.9409232,"point_lat":42.149399731}},{"arcs":[[678,679,680,681]],"type":"Polygon","properties":{"polygon_uuid":"87529c37-ca4e-4601-9dad-dcc4b555cb25","land_type":100,"issue_year":2025,"edit_year":2020,"history":"[{\"筆ポリゴンID\":\"5fa49c51-6dd5-46c8-ab44-f80ddfd8e04d\",\"更新年度\":2024,\"前年同一\":true},[{\"筆ポリゴンID\":\"fa464942-ef87-4e63-bc0b-d73ce596a0c1\",\"更新年度\":2023,\"前年同一\":true},[{\"筆ポリゴンID\":\"e13e0534-f4a8-4549-a31d-5c00facb183b\",\"更新年度\":2022,\"前年同一\":true},[{\"筆ポリゴンID\":\"ce54d488-1561-41a1-bcda-b9e6c32ab9a6\",\"更新年度\":2021,\"前年同一\":true},{\"筆ポリゴンID\":\"ce54d488-1561-41a1-bcda-b9e6c32ab9a6\",\"発生年度\":2020}]]]]","last_polygon_uuid":"5fa49c51-6dd5-46c8-ab44-f80ddfd8e04d","prev_last_polygon_uuid":"fa464942-ef87-4e63-bc0b-d73ce596a0c1","local_government_cd":"016080","point_lng":142.941965237,"point_lat":42.151048303}},{"arcs":[[682,683,684,685]],"type":"Polygon","properties":{"polygon_uuid":"fb627fcd-ca23-448c-af6e-23128a29e485","land_type":100,"issue_year":2025,"edit_year":2020,"history":"[{\"筆ポリゴンID\":\"3122d6b9-e1cd-46fa-8c6f-92024358bfd5\",\"更新年度\":2024,\"前年同一\":true},[{\"筆ポリゴンID\":\"3235789f-8c46-42dd-aecc-acd04e92e672\",\"更新年度\":2023,\"前年同一\":true},[{\"筆ポリゴンID\":\"66786c3c-bbfe-464c-a408-c377d5f5d9c5\",\"更新年度\":2022,\"前年同一\":true},[{\"筆ポリゴンID\":\"b14b0f15-53d5-4f94-916a-c548dcd01f0a\",\"更新年度\":2021,\"前年同一\":true},{\"筆ポリゴンID\":\"b14b0f15-53d5-4f94-916a-c548dcd01f0a\",\"発生年度\":2020}]]]]","last_polygon_uuid":"3122d6b9-e1cd-46fa-8c6f-92024358bfd5","prev_last_polygon_uuid":"3235789f-8c46-42dd-aecc-acd04e92e672","local_government_cd":"016080","point_lng":142.940730003,"point_lat":42.148412335}},{"arcs":[[686,-583]],"type":"Polygon","properties":{"polygon_uuid":"fb2db8c8-8416-4d5e-bc4c-0c7e68fe07dc","land_type":200,"issue_year":2025,"edit_year":2020,"history":"[{\"筆ポリゴンID\":\"fd9b6c88-9f69-421b-b536-84b1d92cdba3\",\"更新年度\":2024,\"前年同一\":true},[{\"筆ポリゴンID\":\"26c6f119-f9ab-416e-94ec-ea4074ec1c0c\",\"更新年度\":2023,\"前年同一\":true},[{\"筆ポリゴンID\":\"5e1e9065-8172-478f-837c-a951a9794620\",\"更新年度\":2022,\"前年同一\":true},[{\"筆ポリゴンID\":\"5418bbac-70b5-478d-8efd-aae470ae0ec7\",\"更新年度\":2021,\"前年同一\":true},{\"筆ポリゴンID\":\"5418bbac-70b5-478d-8efd-aae470ae0ec7\",\"発生年度\":2020}]]]]","last_polygon_uuid":"fd9b6c88-9f69-421b-b536-84b1d92cdba3","prev_last_polygon_uuid":"26c6f119-f9ab-416e-94ec-ea4074ec1c0c","local_government_cd":"016080","point_lng":142.949607923,"point_lat":42.149735182}},{"arcs":[[687,688,689,-676]],"type":"Polygon","properties":{"polygon_uuid":"c222b356-108e-4f79-9daa-1414f333ccbd","land_type":100,"issue_year":2025,"edit_year":2020,"history":"[{\"筆ポリゴンID\":\"01acf504-4d8b-4201-8732-4f29d50e7d41\",\"更新年度\":2024,\"前年同一\":true},[{\"筆ポリゴンID\":\"aa33fbb2-1afb-4d91-ac9d-d9ea197026bb\",\"更新年度\":2023,\"前年同一\":true},[{\"筆ポリゴンID\":\"a3cfae5a-6060-4c72-98c2-e0ca38845a65\",\"更新年度\":2022,\"前年同一\":true},[{\"筆ポリゴンID\":\"d82d81c3-2dc7-40dd-8aeb-f5493e80d0e2\",\"更新年度\":2021,\"前年同一\":true},{\"筆ポリゴンID\":\"d82d81c3-2dc7-40dd-8aeb-f5493e80d0e2\",\"発生年度\":2020}]]]]","last_polygon_uuid":"01acf504-4d8b-4201-8732-4f29d50e7d41","prev_last_polygon_uuid":"aa33fbb2-1afb-4d91-ac9d-d9ea197026bb","local_government_cd":"016080","point_lng":142.940894673,"point_lat":42.149190605}},{"arcs":[[690,-678,691,692]],"type":"Polygon","properties":{"polygon_uuid":"8bb5dca0-d121-4ac9-8444-9b8581c36fd0","land_type":100,"issue_year":2025,"edit_year":2020,"history":"[{\"筆ポリゴンID\":\"2213bcb8-5f5f-4acb-9353-76043c8c4a2c\",\"更新年度\":2024,\"前年同一\":true},[{\"筆ポリゴンID\":\"23cdc8dd-3b6b-4233-add0-98807a23f6ab\",\"更新年度\":2023,\"前年同一\":true},[{\"筆ポリゴンID\":\"4774e84e-ccfa-435b-9c7c-9a4cd81ec80c\",\"更新年度\":2022,\"前年同一\":true},[{\"筆ポリゴンID\":\"0edd1c71-e125-43f3-9aa3-8e5f69044f8f\",\"更新年度\":2021,\"前年同一\":true},{\"筆ポリゴンID\":\"0edd1c71-e125-43f3-9aa3-8e5f69044f8f\",\"発生年度\":2020}]]]]","last_polygon_uuid":"2213bcb8-5f5f-4acb-9353-76043c8c4a2c","prev_last_polygon_uuid":"23cdc8dd-3b6b-4233-add0-98807a23f6ab","local_government_cd":"016080","point_lng":142.940967292,"point_lat":42.149607045}},{"arcs":[[693]],"type":"Polygon","properties":{"polygon_uuid":"37f3a7e7-fb7f-4c66-8806-b7f9bb8817ff","land_type":200,"issue_year":2025,"edit_year":2020,"history":"[{\"筆ポリゴンID\":\"a28638e5-bce1-4275-b7c0-814fdc4f1560\",\"更新年度\":2024,\"前年同一\":true},[{\"筆ポリゴンID\":\"7da30785-4a47-447c-8794-50acb96be87d\",\"更新年度\":2023,\"前年同一\":true},[{\"筆ポリゴンID\":\"cdf205db-28b2-4f0a-a28e-200649f8c006\",\"更新年度\":2022,\"前年同一\":true},[{\"筆ポリゴンID\":\"8ee38308-6ed9-4cf5-bdc1-970c37ba4693\",\"更新年度\":2021,\"前年同一\":true},{\"筆ポリゴンID\":\"8ee38308-6ed9-4cf5-bdc1-970c37ba4693\",\"発生年度\":2020}]]]]","last_polygon_uuid":"a28638e5-bce1-4275-b7c0-814fdc4f1560","prev_last_polygon_uuid":"7da30785-4a47-447c-8794-50acb96be87d","local_government_cd":"016080","point_lng":142.945794508,"point_lat":42.140643301}},{"arcs":[[694,-625]],"type":"Polygon","properties":{"polygon_uuid":"4ee86750-ec5e-4894-91f2-4e2d808545fd","land_type":200,"issue_year":2025,"edit_year":2020,"history":"[{\"筆ポリゴンID\":\"a0274b79-ab3d-4e02-9985-03614b0b69cf\",\"更新年度\":2024,\"前年同一\":true},[{\"筆ポリゴンID\":\"0c10c291-095f-4075-9929-7c9130de68e7\",\"更新年度\":2023,\"前年同一\":true},[{\"筆ポリゴンID\":\"f5ec7f14-d8cc-49a6-94d4-a12749bfeace\",\"更新年度\":2022,\"前年同一\":true},[{\"筆ポリゴンID\":\"906efb20-49e2-4177-9d2c-79cc6ba1fc11\",\"更新年度\":2021,\"前年同一\":true},{\"筆ポリゴンID\":\"906efb20-49e2-4177-9d2c-79cc6ba1fc11\",\"発生年度\":2020}]]]]","last_polygon_uuid":"a0274b79-ab3d-4e02-9985-03614b0b69cf","prev_last_polygon_uuid":"0c10c291-095f-4075-9929-7c9130de68e7","local_government_cd":"016080","point_lng":142.9437339,"point_lat":42.157197175}},{"arcs":[[695]],"type":"Polygon","properties":{"polygon_uuid":"cf5f171e-b17d-4b1e-ac6d-689dbcca1d2c","land_type":200,"issue_year":2025,"edit_year":2020,"history":"[{\"筆ポリゴンID\":\"4d40d75a-b3b6-49db-a7f0-cec2e6082c19\",\"更新年度\":2024,\"前年同一\":true},[{\"筆ポリゴンID\":\"3e5470ca-3e69-4626-a065-4fcdf264a1b3\",\"更新年度\":2023,\"前年同一\":true},[{\"筆ポリゴンID\":\"dabff737-782b-4326-ac4b-fad26186f94e\",\"更新年度\":2022,\"前年同一\":true},[{\"筆ポリゴンID\":\"c77e21ed-a474-4fe1-a3a9-5652ade040f7\",\"更新年度\":2021,\"前年同一\":true},{\"筆ポリゴンID\":\"c77e21ed-a474-4fe1-a3a9-5652ade040f7\",\"発生年度\":2020}]]]]","last_polygon_uuid":"4d40d75a-b3b6-49db-a7f0-cec2e6082c19","prev_last_polygon_uuid":"3e5470ca-3e69-4626-a065-4fcdf264a1b3","local_government_cd":"016080","point_lng":142.946878656,"point_lat":42.143512552}},{"arcs":[[696,697,698,-680]],"type":"Polygon","properties":{"polygon_uuid":"7b69112a-c395-4833-a51a-ddcc4846e3df","land_type":100,"issue_year":2025,"edit_year":2020,"history":"[{\"筆ポリゴンID\":\"26bfc4d4-6958-499d-b26a-d7750fb1fddf\",\"更新年度\":2024,\"前年同一\":true},[{\"筆ポリゴンID\":\"0859e422-928e-426c-b3f4-a06a7ed8e56c\",\"更新年度\":2023,\"前年同一\":true},[{\"筆ポリゴンID\":\"cea3a02f-0882-4d9d-a6d8-e7ed1c385a6f\",\"更新年度\":2022,\"前年同一\":true},[{\"筆ポリゴンID\":\"369e5029-d855-423a-930d-d6bc46b47222\",\"更新年度\":2021,\"前年同一\":true},{\"筆ポリゴンID\":\"369e5029-d855-423a-930d-d6bc46b47222\",\"発生年度\":2020}]]]]","last_polygon_uuid":"26bfc4d4-6958-499d-b26a-d7750fb1fddf","prev_last_polygon_uuid":"0859e422-928e-426c-b3f4-a06a7ed8e56c","local_government_cd":"016080","point_lng":142.94213727,"point_lat":42.151246009}},{"arcs":[[699,700,-571,-607,701]],"type":"Polygon","properties":{"polygon_uuid":"2f7186da-a0ea-4fb6-8be9-4edd10ebbe6d","land_type":100,"issue_year":2025,"edit_year":2020,"history":"[{\"筆ポリゴンID\":\"901f0cb6-2faf-4509-b90f-735cc975dd0e\",\"更新年度\":2024,\"前年同一\":true},[{\"筆ポリゴンID\":\"2e978013-6329-4612-b13c-e86b1c03e6d4\",\"更新年度\":2023,\"前年同一\":true},[{\"筆ポリゴンID\":\"307483b2-ca81-4458-b0eb-71efe5d6e120\",\"更新年度\":2022,\"前年同一\":true},[{\"筆ポリゴンID\":\"66d115e5-1d87-47ef-80ce-cb60a7380933\",\"更新年度\":2021,\"前年同一\":true},{\"筆ポリゴンID\":\"66d115e5-1d87-47ef-80ce-cb60a7380933\",\"発生年度\":2020}]]]]","last_polygon_uuid":"901f0cb6-2faf-4509-b90f-735cc975dd0e","prev_last_polygon_uuid":"2e978013-6329-4612-b13c-e86b1c03e6d4","local_government_cd":"016080","point_lng":142.947640562,"point_lat":42.147748415}},{"arcs":[[702,-693,703,704]],"type":"Polygon","properties":{"polygon_uuid":"074e903d-ad1c-46e9-a4b9-fb52f1269be2","land_type":100,"issue_year":2025,"edit_year":2020,"history":"[{\"筆ポリゴンID\":\"6a42f2c0-ac0c-4605-a347-1320e2502116\",\"更新年度\":2024,\"前年同一\":true},[{\"筆ポリゴンID\":\"05293278-d1bc-4842-b6ca-2fa6333c696c\",\"更新年度\":2023,\"前年同一\":true},[{\"筆ポリゴンID\":\"2735133e-2a1e-4760-aed3-7f730f7f8963\",\"更新年度\":2022,\"前年同一\":true},[{\"筆ポリゴンID\":\"90b5baee-4a20-4b09-8a80-6c355285217f\",\"更新年度\":2021,\"前年同一\":true},{\"筆ポリゴンID\":\"90b5baee-4a20-4b09-8a80-6c355285217f\",\"発生年度\":2020}]]]]","last_polygon_uuid":"6a42f2c0-ac0c-4605-a347-1320e2502116","prev_last_polygon_uuid":"05293278-d1bc-4842-b6ca-2fa6333c696c","local_government_cd":"016080","point_lng":142.941026521,"point_lat":42.149806444}},{"arcs":[[705,706,707,708]],"type":"Polygon","properties":{"polygon_uuid":"584905e1-4132-43ef-9247-51c831f0df78","land_type":100,"issue_year":2025,"edit_year":2020,"history":"[{\"筆ポリゴンID\":\"112909a2-f881-44e9-9572-866e0c78d021\",\"更新年度\":2024,\"前年同一\":true},[{\"筆ポリゴンID\":\"94ab6c22-f6d6-44ae-91a5-db6cf9cd073d\",\"更新年度\":2023,\"前年同一\":true},[{\"筆ポリゴンID\":\"67ef2c42-eea4-4c5e-b31b-f550e9d0cf9a\",\"更新年度\":2022,\"前年同一\":true},[{\"筆ポリゴンID\":\"03d5a5f7-f456-4a54-8dbc-d6c2fc353111\",\"更新年度\":2021,\"前年同一\":true},{\"筆ポリゴンID\":\"03d5a5f7-f456-4a54-8dbc-d6c2fc353111\",\"発生年度\":2020}]]]]","last_polygon_uuid":"112909a2-f881-44e9-9572-866e0c78d021","prev_last_polygon_uuid":"94ab6c22-f6d6-44ae-91a5-db6cf9cd073d","local_government_cd":"016080","point_lng":142.940804163,"point_lat":42.148791036}},{"arcs":[[709,-709,710,-689]],"type":"Polygon","properties":{"polygon_uuid":"b296141c-ee3d-4486-8783-f8f2345ab5d4","land_type":100,"issue_year":2025,"edit_year":2020,"history":"[{\"筆ポリゴンID\":\"60006d13-27af-45c9-bbf7-d90d63a9bc4e\",\"更新年度\":2024,\"前年同一\":true},[{\"筆ポリゴンID\":\"8a887c12-1fd7-4d40-9de4-b263246210d4\",\"更新年度\":2023,\"前年同一\":true},[{\"筆ポリゴンID\":\"9f18cdb6-c892-49fc-996f-4abfe355ed77\",\"更新年度\":2022,\"前年同一\":true},[{\"筆ポリゴンID\":\"2502954a-ea96-43d2-b94a-d73178877e18\",\"更新年度\":2021,\"前年同一\":true},{\"筆ポリゴンID\":\"2502954a-ea96-43d2-b94a-d73178877e18\",\"発生年度\":2020}]]]]","last_polygon_uuid":"60006d13-27af-45c9-bbf7-d90d63a9bc4e","prev_last_polygon_uuid":"8a887c12-1fd7-4d40-9de4-b263246210d4","local_government_cd":"016080","point_lng":142.940840153,"point_lat":42.148989764}},{"arcs":[[711,712,713,714]],"type":"Polygon","properties":{"polygon_uuid":"6351ef39-3aad-431a-9b44-be3a85125cd9","land_type":100,"issue_year":2025,"edit_year":2020,"history":"[{\"筆ポリゴンID\":\"13716f60-57d4-4085-b81a-5048a7d00684\",\"更新年度\":2024,\"前年同一\":true},[{\"筆ポリゴンID\":\"c9f119ea-588d-4fe8-9271-82df46520788\",\"更新年度\":2023,\"前年同一\":true},[{\"筆ポリゴンID\":\"0b397c9b-35d9-4566-a0db-f64f6f0a319b\",\"更新年度\":2022,\"前年同一\":true},[{\"筆ポリゴンID\":\"13012291-a5cb-4826-bc8a-1283472a712a\",\"更新年度\":2021,\"前年同一\":true},{\"筆ポリゴンID\":\"13012291-a5cb-4826-bc8a-1283472a712a\",\"発生年度\":2020}]]]]","last_polygon_uuid":"13716f60-57d4-4085-b81a-5048a7d00684","prev_last_polygon_uuid":"c9f119ea-588d-4fe8-9271-82df46520788","local_government_cd":"016080","point_lng":142.942776303,"point_lat":42.148092231}},{"arcs":[[-522,715]],"type":"Polygon","properties":{"polygon_uuid":"77c97e08-e146-4281-bac7-00c689b60252","land_type":100,"issue_year":2025,"edit_year":2020,"history":"[{\"筆ポリゴンID\":\"a2855172-87f9-41e8-b179-386d35166f67\",\"更新年度\":2024,\"前年同一\":true},[{\"筆ポリゴンID\":\"eff746ae-c25d-4bc1-a3aa-6a2f541c1ec0\",\"更新年度\":2023,\"前年同一\":true},[{\"筆ポリゴンID\":\"622c05f5-dbd3-45e7-a876-103a20270828\",\"更新年度\":2022,\"前年同一\":true},[{\"筆ポリゴンID\":\"52b0a150-b71b-4712-8ab9-0dadf4d29795\",\"更新年度\":2021,\"前年同一\":true},{\"筆ポリゴンID\":\"52b0a150-b71b-4712-8ab9-0dadf4d29795\",\"発生年度\":2020}]]]]","last_polygon_uuid":"a2855172-87f9-41e8-b179-386d35166f67","prev_last_polygon_uuid":"eff746ae-c25d-4bc1-a3aa-6a2f541c1ec0","local_government_cd":"016080","point_lng":142.947403343,"point_lat":42.147147746}},{"arcs":[[716,717,718,719]],"type":"Polygon","properties":{"polygon_uuid":"218994e4-c198-4cf7-af51-03b628bbe955","land_type":100,"issue_year":2025,"edit_year":2020,"history":"[{\"筆ポリゴンID\":\"e8d62bff-c9ef-480c-98cb-c1cf22500809\",\"更新年度\":2024,\"前年同一\":true},[{\"筆ポリゴンID\":\"b5852a88-c0c8-4ca1-9f92-eba76342d83e\",\"更新年度\":2023,\"前年同一\":true},[{\"筆ポリゴンID\":\"a3bf5b47-7a57-4f4d-8b93-aad704437398\",\"更新年度\":2022,\"前年同一\":true},[{\"筆ポリゴンID\":\"cd11ab3b-198e-492b-adc5-3c1f4945b8de\",\"更新年度\":2021,\"前年同一\":true},{\"筆ポリゴンID\":\"cd11ab3b-198e-492b-adc5-3c1f4945b8de\",\"発生年度\":2020}]]]]","last_polygon_uuid":"e8d62bff-c9ef-480c-98cb-c1cf22500809","prev_last_polygon_uuid":"b5852a88-c0c8-4ca1-9f92-eba76342d83e","local_government_cd":"016080","point_lng":142.941637261,"point_lat":42.150606894}},{"arcs":[[720,721,722,-718]],"type":"Polygon","properties":{"polygon_uuid":"e5b6d6f0-49d6-4fbc-ae24-a945c6a7f293","land_type":100,"issue_year":2025,"edit_year":2020,"history":"[{\"筆ポリゴンID\":\"22262593-3547-47f3-81d0-2b6436ca8475\",\"更新年度\":2024,\"前年同一\":true},[{\"筆ポリゴンID\":\"74520922-7429-4ce3-9e5c-ba1a89350d94\",\"更新年度\":2023,\"前年同一\":true},[{\"筆ポリゴンID\":\"96531536-fd46-4e2f-9e84-459732e42843\",\"更新年度\":2022,\"前年同一\":true},[{\"筆ポリゴンID\":\"c0cd4ccf-47e7-4956-aba5-16a17ee5ed97\",\"更新年度\":2021,\"前年同一\":true},{\"筆ポリゴンID\":\"c0cd4ccf-47e7-4956-aba5-16a17ee5ed97\",\"発生年度\":2020}]]]]","last_polygon_uuid":"22262593-3547-47f3-81d0-2b6436ca8475","prev_last_polygon_uuid":"74520922-7429-4ce3-9e5c-ba1a89350d94","local_government_cd":"016080","point_lng":142.941455505,"point_lat":42.150387791}},{"arcs":[[723]],"type":"Polygon","properties":{"polygon_uuid":"98645d45-ccac-42d2-a9ef-d648221a1ebb","land_type":200,"issue_year":2025,"edit_year":2020,"history":"[{\"筆ポリゴンID\":\"62ca16d2-e7b2-4023-8824-16aa288623fb\",\"更新年度\":2024,\"前年同一\":true},[{\"筆ポリゴンID\":\"c7d693fd-8777-430e-a6f8-a027870b601d\",\"更新年度\":2023,\"前年同一\":true},[{\"筆ポリゴンID\":\"f27cee71-6110-402a-a10b-5304a35ab497\",\"更新年度\":2022,\"前年同一\":true},[{\"筆ポリゴンID\":\"0ab4fab5-c63b-4e17-9f77-604d4726c4d5\",\"更新年度\":2021,\"前年同一\":true},{\"筆ポリゴンID\":\"0ab4fab5-c63b-4e17-9f77-604d4726c4d5\",\"発生年度\":2020}]]]]","last_polygon_uuid":"62ca16d2-e7b2-4023-8824-16aa288623fb","prev_last_polygon_uuid":"c7d693fd-8777-430e-a6f8-a027870b601d","local_government_cd":"016080","point_lng":142.94775546,"point_lat":42.14690832}},{"arcs":[[724,725,-700,726]],"type":"Polygon","properties":{"polygon_uuid":"7dd52197-5b5a-4597-8466-d7a60e3feec2","land_type":100,"issue_year":2025,"edit_year":2020,"history":"[{\"筆ポリゴンID\":\"9326f8ba-590a-4bf2-a79e-5d96cec73504\",\"更新年度\":2024,\"前年同一\":true},[{\"筆ポリゴンID\":\"19c510cc-d1e4-4742-9dc7-2f674bcca4af\",\"更新年度\":2023,\"前年同一\":true},[{\"筆ポリゴンID\":\"48502617-775e-492e-9c51-6a83abdfd3ac\",\"更新年度\":2022,\"前年同一\":true},[{\"筆ポリゴンID\":\"9bcb57f6-9a9a-411c-8593-19f175e88312\",\"更新年度\":2021,\"前年同一\":true},{\"筆ポリゴンID\":\"9bcb57f6-9a9a-411c-8593-19f175e88312\",\"発生年度\":2020}]]]]","last_polygon_uuid":"9326f8ba-590a-4bf2-a79e-5d96cec73504","prev_last_polygon_uuid":"19c510cc-d1e4-4742-9dc7-2f674bcca4af","local_government_cd":"016080","point_lng":142.947703358,"point_lat":42.147951092}},{"arcs":[[727,-558]],"type":"Polygon","properties":{"polygon_uuid":"0ef4a754-8611-4681-86d8-f7dc61989822","land_type":200,"issue_year":2025,"edit_year":2020,"history":"[{\"筆ポリゴンID\":\"3c51679f-d238-431f-a15a-9f4b2272341f\",\"更新年度\":2024,\"前年同一\":true},[{\"筆ポリゴンID\":\"1dec4155-f220-4174-8c61-fdc41bb68e36\",\"更新年度\":2023,\"前年同一\":true},[{\"筆ポリゴンID\":\"b1a66fc4-2b82-48ae-9e03-c0e43593eed0\",\"更新年度\":2022,\"前年同一\":true},[{\"筆ポリゴンID\":\"ebe46f9a-988b-4a82-8e90-7a078edf1fa5\",\"更新年度\":2021,\"前年同一\":true},{\"筆ポリゴンID\":\"ebe46f9a-988b-4a82-8e90-7a078edf1fa5\",\"発生年度\":2020}]]]]","last_polygon_uuid":"3c51679f-d238-431f-a15a-9f4b2272341f","prev_last_polygon_uuid":"1dec4155-f220-4174-8c61-fdc41bb68e36","local_government_cd":"016080","point_lng":142.946020677,"point_lat":42.142005499}},{"arcs":[[728]],"type":"Polygon","properties":{"polygon_uuid":"081a4e56-b040-4e55-93bb-ebcb79c98f9b","land_type":200,"issue_year":2025,"edit_year":2020,"history":"[{\"筆ポリゴンID\":\"1a693fe7-dcb5-456a-ac12-cca0cb6986bf\",\"更新年度\":2024,\"前年同一\":true},[{\"筆ポリゴンID\":\"8ed3d3d0-8e41-4e70-95c1-ca86ff638584\",\"更新年度\":2023,\"前年同一\":true},[{\"筆ポリゴンID\":\"3eeeea4a-ca3f-42c2-945f-eda311b0d4ce\",\"更新年度\":2022,\"前年同一\":true},[{\"筆ポリゴンID\":\"99fe132c-0cd8-4a7e-b464-e8267916f585\",\"更新年度\":2021,\"前年同一\":true},{\"筆ポリゴンID\":\"99fe132c-0cd8-4a7e-b464-e8267916f585\",\"発生年度\":2020}]]]]","last_polygon_uuid":"1a693fe7-dcb5-456a-ac12-cca0cb6986bf","prev_last_polygon_uuid":"8ed3d3d0-8e41-4e70-95c1-ca86ff638584","local_government_cd":"016080","point_lng":142.937266819,"point_lat":42.133833685}},{"arcs":[[729]],"type":"Polygon","properties":{"polygon_uuid":"0c8dad84-a63b-421c-add0-82999f7cee2e","land_type":200,"issue_year":2025,"edit_year":2020,"history":"[{\"筆ポリゴンID\":\"5c42e642-a3d9-4c27-9b14-787fc8a8e7d3\",\"更新年度\":2024,\"前年同一\":true},[{\"筆ポリゴンID\":\"bdf24533-c0a1-41fe-b1e6-c0259baaaeee\",\"更新年度\":2023,\"前年同一\":true},[{\"筆ポリゴンID\":\"5cf6a8ef-5b7c-4490-83af-b24f00cbf3d3\",\"更新年度\":2022,\"前年同一\":true},[{\"筆ポリゴンID\":\"9f8d4a5b-32d7-4a85-b497-c94051dc5f8b\",\"更新年度\":2021,\"前年同一\":true},{\"筆ポリゴンID\":\"9f8d4a5b-32d7-4a85-b497-c94051dc5f8b\",\"発生年度\":2020}]]]]","last_polygon_uuid":"5c42e642-a3d9-4c27-9b14-787fc8a8e7d3","prev_last_polygon_uuid":"bdf24533-c0a1-41fe-b1e6-c0259baaaeee","local_government_cd":"016080","point_lng":142.926741359,"point_lat":42.162079203}},{"arcs":[[730,-705,731,732]],"type":"Polygon","properties":{"polygon_uuid":"ad59f8ca-54cd-4353-8504-8cc9fd728a57","land_type":100,"issue_year":2025,"edit_year":2020,"history":"[{\"筆ポリゴンID\":\"35b9aa25-bbc9-4b2e-8012-3ab54cdbbb36\",\"更新年度\":2024,\"前年同一\":true},[{\"筆ポリゴンID\":\"1dc3cad6-7d1e-4494-bab1-5381052e6633\",\"更新年度\":2023,\"前年同一\":true},[{\"筆ポリゴンID\":\"67707490-fd39-4e4c-902e-46f3a664841c\",\"更新年度\":2022,\"前年同一\":true},[{\"筆ポリゴンID\":\"de8c930b-66f1-4404-961f-282d48723d71\",\"更新年度\":2021,\"前年同一\":true},{\"筆ポリゴンID\":\"de8c930b-66f1-4404-961f-282d48723d71\",\"発生年度\":2020}]]]]","last_polygon_uuid":"35b9aa25-bbc9-4b2e-8012-3ab54cdbbb36","prev_last_polygon_uuid":"1dc3cad6-7d1e-4494-bab1-5381052e6633","local_government_cd":"016080","point_lng":142.941168774,"point_lat":42.149997685}},{"arcs":[[733,734]],"type":"Polygon","properties":{"polygon_uuid":"94241137-2992-4c35-aa5f-dfd0204ec11b","land_type":200,"issue_year":2025,"edit_year":2020,"history":"[{\"筆ポリゴンID\":\"059bffb7-fbcf-441c-9f81-d52e49dda056\",\"更新年度\":2024,\"前年同一\":true},[{\"筆ポリゴンID\":\"9ad1b8af-4ed4-4ca5-8a37-474e4d9e1498\",\"更新年度\":2023,\"前年同一\":true},[{\"筆ポリゴンID\":\"e1d9f568-006c-4800-84b7-424fec3eda7a\",\"更新年度\":2022,\"前年同一\":true},[{\"筆ポリゴンID\":\"bd309a5f-b412-4134-ad98-c2ccc7a2da4d\",\"更新年度\":2021,\"前年同一\":true},{\"筆ポリゴンID\":\"bd309a5f-b412-4134-ad98-c2ccc7a2da4d\",\"発生年度\":2020}]]]]","last_polygon_uuid":"059bffb7-fbcf-441c-9f81-d52e49dda056","prev_last_polygon_uuid":"9ad1b8af-4ed4-4ca5-8a37-474e4d9e1498","local_government_cd":"016080","point_lng":142.942101398,"point_lat":42.142285882}},{"arcs":[[735,-733,736,-722]],"type":"Polygon","properties":{"polygon_uuid":"ca01ca99-22ed-4afd-9258-a2abe3d5353d","land_type":100,"issue_year":2025,"edit_year":2020,"history":"[{\"筆ポリゴンID\":\"511587a9-f365-4624-9f0b-ac15c61e17dc\",\"更新年度\":2024,\"前年同一\":true},[{\"筆ポリゴンID\":\"19ea98e4-3b7f-4906-8334-9fa873beee1c\",\"更新年度\":2023,\"前年同一\":true},[{\"筆ポリゴンID\":\"db368143-4bdb-4e90-818a-c06d2fd6b174\",\"更新年度\":2022,\"前年同一\":true},[{\"筆ポリゴンID\":\"5a1fba8b-8f3f-4a83-a37d-fc87c0fc1e78\",\"更新年度\":2021,\"前年同一\":true},{\"筆ポリゴンID\":\"5a1fba8b-8f3f-4a83-a37d-fc87c0fc1e78\",\"発生年度\":2020}]]]]","last_polygon_uuid":"511587a9-f365-4624-9f0b-ac15c61e17dc","prev_last_polygon_uuid":"19ea98e4-3b7f-4906-8334-9fa873beee1c","local_government_cd":"016080","point_lng":142.941302187,"point_lat":42.150184831}},{"arcs":[[737,738,-715,739]],"type":"Polygon","properties":{"polygon_uuid":"c4e33f49-5eb4-4e9b-b3e5-e45a3ce1c5a6","land_type":100,"issue_year":2025,"edit_year":2020,"history":"[{\"筆ポリゴンID\":\"f52e710e-301f-431a-b3ba-16c768595c58\",\"更新年度\":2024,\"前年同一\":true},[{\"筆ポリゴンID\":\"019cb2de-ae49-49f5-aee2-e9138bde2e31\",\"更新年度\":2023,\"前年同一\":true},[{\"筆ポリゴンID\":\"4ecd4368-68a1-4ede-9eb1-23f88370489c\",\"更新年度\":2022,\"前年同一\":true},[{\"筆ポリゴンID\":\"61e1a292-27dc-4079-89e3-d3d2a47fee8c\",\"更新年度\":2021,\"前年同一\":true},{\"筆ポリゴンID\":\"61e1a292-27dc-4079-89e3-d3d2a47fee8c\",\"発生年度\":2020}]]]]","last_polygon_uuid":"f52e710e-301f-431a-b3ba-16c768595c58","prev_last_polygon_uuid":"019cb2de-ae49-49f5-aee2-e9138bde2e31","local_government_cd":"016080","point_lng":142.942833581,"point_lat":42.148289391}},{"arcs":[[740,-686,741,-707]],"type":"Polygon","properties":{"polygon_uuid":"ea00ce92-47b6-422d-9cba-7f8154004c07","land_type":100,"issue_year":2025,"edit_year":2020,"history":"[{\"筆ポリゴンID\":\"f197eb66-7e80-462f-8708-2859acecbb4b\",\"更新年度\":2024,\"前年同一\":true},[{\"筆ポリゴンID\":\"4fbe80fc-61a8-4341-9882-644b6dfc49b8\",\"更新年度\":2023,\"前年同一\":true},[{\"筆ポリゴンID\":\"95216ca9-9a27-4832-a35e-44fc8a14659f\",\"更新年度\":2022,\"前年同一\":true},[{\"筆ポリゴンID\":\"af33a9e2-7c12-4c17-b125-811c2b35e59b\",\"更新年度\":2021,\"前年同一\":true},{\"筆ポリゴンID\":\"af33a9e2-7c12-4c17-b125-811c2b35e59b\",\"発生年度\":2020}]]]]","last_polygon_uuid":"f197eb66-7e80-462f-8708-2859acecbb4b","prev_last_polygon_uuid":"4fbe80fc-61a8-4341-9882-644b6dfc49b8","local_government_cd":"016080","point_lng":142.940783607,"point_lat":42.148602639}},{"arcs":[[742,-562,743,-713]],"type":"Polygon","properties":{"polygon_uuid":"b3882d4a-2e28-427a-886e-a94930fc596a","land_type":100,"issue_year":2025,"edit_year":2020,"history":"[{\"筆ポリゴンID\":\"d961d95e-fa61-4f5d-b68a-37415d4d6dd4\",\"更新年度\":2024,\"前年同一\":true},[{\"筆ポリゴンID\":\"59f3ae8c-3179-4174-8a0d-995af9012951\",\"更新年度\":2023,\"前年同一\":true},[{\"筆ポリゴンID\":\"cf1ee039-d7f9-4be2-a167-426aca184037\",\"更新年度\":2022,\"前年同一\":true},[{\"筆ポリゴンID\":\"ac30ca2e-2267-49ec-8408-b7affd55bcb7\",\"更新年度\":2021,\"前年同一\":true},{\"筆ポリゴンID\":\"ac30ca2e-2267-49ec-8408-b7affd55bcb7\",\"発生年度\":2020}]]]]","last_polygon_uuid":"d961d95e-fa61-4f5d-b68a-37415d4d6dd4","prev_last_polygon_uuid":"59f3ae8c-3179-4174-8a0d-995af9012951","local_government_cd":"016080","point_lng":142.942771718,"point_lat":42.147894611}},{"arcs":[[744]],"type":"Polygon","properties":{"polygon_uuid":"5848ec39-616b-4d21-935b-5f1cd67c63f3","land_type":200,"issue_year":2025,"edit_year":2020,"history":"[{\"筆ポリゴンID\":\"26d41e4f-c6d3-4f36-b9cf-9d5d7213bc39\",\"更新年度\":2024,\"前年同一\":true},[{\"筆ポリゴンID\":\"fdd45ee1-0ef8-47a1-b465-f45485bc70f1\",\"更新年度\":2023,\"前年同一\":true},[{\"筆ポリゴンID\":\"6d7540be-7401-4990-8aef-19b42bfcfd62\",\"更新年度\":2022,\"前年同一\":true},[{\"筆ポリゴンID\":\"5508d86a-6b9d-40bc-bcea-826fabd51001\",\"更新年度\":2021,\"前年同一\":true},{\"筆ポリゴンID\":\"5508d86a-6b9d-40bc-bcea-826fabd51001\",\"発生年度\":2020}]]]]","last_polygon_uuid":"26d41e4f-c6d3-4f36-b9cf-9d5d7213bc39","prev_last_polygon_uuid":"fdd45ee1-0ef8-47a1-b465-f45485bc70f1","local_government_cd":"016080","point_lng":142.950931095,"point_lat":42.152448444}},{"arcs":[[-720,745,-682,746]],"type":"Polygon","properties":{"polygon_uuid":"4499d958-3896-41e5-8463-0f9990a76a7c","land_type":100,"issue_year":2025,"edit_year":2020,"history":"[{\"筆ポリゴンID\":\"342c7a7c-8bb2-482d-b594-cf8524166701\",\"更新年度\":2024,\"前年同一\":true},[{\"筆ポリゴンID\":\"bd60332e-8dfa-4c05-bd86-c75ee47f2c8f\",\"更新年度\":2023,\"前年同一\":true},[{\"筆ポリゴンID\":\"7d6a4dc5-6c62-4635-a45b-f80b82df9030\",\"更新年度\":2022,\"前年同一\":true},[{\"筆ポリゴンID\":\"25e4e683-56e4-4ddc-9ef0-2d84fa163079\",\"更新年度\":2021,\"前年同一\":true},{\"筆ポリゴンID\":\"25e4e683-56e4-4ddc-9ef0-2d84fa163079\",\"発生年度\":2020}]]]]","last_polygon_uuid":"342c7a7c-8bb2-482d-b594-cf8524166701","prev_last_polygon_uuid":"bd60332e-8dfa-4c05-bd86-c75ee47f2c8f","local_government_cd":"016080","point_lng":142.941818403,"point_lat":42.150830402}},{"arcs":[[747]],"type":"Polygon","properties":{"polygon_uuid":"a4788722-d64f-44a8-b2a0-170d8fa670b8","land_type":200,"issue_year":2025,"edit_year":2020,"history":"[{\"筆ポリゴンID\":\"a8c9dc38-f83d-4996-a773-231a883523e8\",\"更新年度\":2024,\"前年同一\":true},[{\"筆ポリゴンID\":\"d2938f5a-1960-401f-908e-a18579488bc1\",\"更新年度\":2023,\"前年同一\":true},[{\"筆ポリゴンID\":\"48eb0988-0c0a-4dff-b6a1-2f034e1922c9\",\"更新年度\":2022,\"前年同一\":true},[{\"筆ポリゴンID\":\"7a408945-1168-422f-8f33-d06ce6c4ef3e\",\"更新年度\":2021,\"前年同一\":true},{\"筆ポリゴンID\":\"7a408945-1168-422f-8f33-d06ce6c4ef3e\",\"発生年度\":2020}]]]]","last_polygon_uuid":"a8c9dc38-f83d-4996-a773-231a883523e8","prev_last_polygon_uuid":"d2938f5a-1960-401f-908e-a18579488bc1","local_government_cd":"016080","point_lng":142.936457461,"point_lat":42.144715111}},{"arcs":[[748]],"type":"Polygon","properties":{"polygon_uuid":"7dd6039b-2e5f-49ab-a52a-4eeea40c01b3","land_type":200,"issue_year":2025,"edit_year":2020,"history":"[{\"筆ポリゴンID\":\"b6b23deb-1a2c-4fac-aded-74b22a695b2c\",\"更新年度\":2024,\"前年同一\":true},[{\"筆ポリゴンID\":\"389dddd4-c769-4fa3-9b55-7ab08b453d7d\",\"更新年度\":2023,\"前年同一\":true},[{\"筆ポリゴンID\":\"6873e885-86f7-4601-8f92-d3d9d765203b\",\"更新年度\":2022,\"前年同一\":true},[{\"筆ポリゴンID\":\"05f0fa85-ff21-44ec-988e-740ab8f8edd4\",\"更新年度\":2021,\"前年同一\":true},{\"筆ポリゴンID\":\"05f0fa85-ff21-44ec-988e-740ab8f8edd4\",\"発生年度\":2020}]]]]","last_polygon_uuid":"b6b23deb-1a2c-4fac-aded-74b22a695b2c","prev_last_polygon_uuid":"389dddd4-c769-4fa3-9b55-7ab08b453d7d","local_government_cd":"016080","point_lng":142.929682108,"point_lat":42.161398979}},{"arcs":[[749]],"type":"Polygon","properties":{"polygon_uuid":"b50a4b08-06a4-4151-8ec1-28611c21c42e","land_type":200,"issue_year":2025,"edit_year":2020,"history":"[{\"筆ポリゴンID\":\"a97a11e7-a20d-4db0-9c71-02d1731284d3\",\"更新年度\":2024,\"前年同一\":true},[{\"筆ポリゴンID\":\"dc317b47-c174-47b6-bedc-0b0745d9e0ca\",\"更新年度\":2023,\"前年同一\":true},[{\"筆ポリゴンID\":\"dab09f4f-2232-4ac3-a31d-ee2fc13e53bf\",\"更新年度\":2022,\"前年同一\":true},[{\"筆ポリゴンID\":\"24e62eaf-c865-44a6-bb45-df9950f0b03f\",\"更新年度\":2021,\"前年同一\":true},{\"筆ポリゴンID\":\"24e62eaf-c865-44a6-bb45-df9950f0b03f\",\"発生年度\":2020}]]]]","last_polygon_uuid":"a97a11e7-a20d-4db0-9c71-02d1731284d3","prev_last_polygon_uuid":"dc317b47-c174-47b6-bedc-0b0745d9e0ca","local_government_cd":"016080","point_lng":142.949939119,"point_lat":42.146270915}},{"arcs":[[750,-361,-654]],"type":"Polygon","properties":{"polygon_uuid":"23b2b2e4-52c2-42d8-80eb-89442086e79a","land_type":200,"issue_year":2025,"edit_year":2020,"history":"[{\"筆ポリゴンID\":\"a4d3b4e7-c10e-48ca-ab23-4982d5ffd44c\",\"更新年度\":2024,\"前年同一\":true},[{\"筆ポリゴンID\":\"cc7b7187-3d76-4aea-bda3-3083bc54feae\",\"更新年度\":2023,\"前年同一\":true},[{\"筆ポリゴンID\":\"4c42cc12-7540-4e58-b7ee-fca6eaf4f935\",\"更新年度\":2022,\"前年同一\":true},[{\"筆ポリゴンID\":\"89b694fb-dba3-4c21-b78e-cfa14e1d857a\",\"更新年度\":2021,\"前年同一\":true},{\"筆ポリゴンID\":\"89b694fb-dba3-4c21-b78e-cfa14e1d857a\",\"発生年度\":2020}]]]]","last_polygon_uuid":"a4d3b4e7-c10e-48ca-ab23-4982d5ffd44c","prev_last_polygon_uuid":"cc7b7187-3d76-4aea-bda3-3083bc54feae","local_government_cd":"016080","point_lng":142.944787405,"point_lat":42.132498213}},{"arcs":[[751]],"type":"Polygon","properties":{"polygon_uuid":"9d9703c0-580a-4460-bc4d-110d09f4df54","land_type":200,"issue_year":2025,"edit_year":2020,"history":"[{\"筆ポリゴンID\":\"ef5f73d4-d55b-4013-9356-8e0a06483533\",\"更新年度\":2024,\"前年同一\":true},[{\"筆ポリゴンID\":\"aa889285-2182-45e1-b48a-dcbebda55571\",\"更新年度\":2023,\"前年同一\":true},[{\"筆ポリゴンID\":\"4a3182bc-206b-4319-95f8-1eed90ca4e46\",\"更新年度\":2022,\"前年同一\":true},[{\"筆ポリゴンID\":\"457c3926-bc60-4ec8-9e5a-a98c5a733dc3\",\"更新年度\":2021,\"前年同一\":true},{\"筆ポリゴンID\":\"457c3926-bc60-4ec8-9e5a-a98c5a733dc3\",\"発生年度\":2020}]]]]","last_polygon_uuid":"ef5f73d4-d55b-4013-9356-8e0a06483533","prev_last_polygon_uuid":"aa889285-2182-45e1-b48a-dcbebda55571","local_government_cd":"016080","point_lng":142.939445478,"point_lat":42.144392721}},{"arcs":[[-631,752,-667,753]],"type":"Polygon","properties":{"polygon_uuid":"01a8ae1e-e0dc-4719-b6ba-9e3b1856f174","land_type":100,"issue_year":2025,"edit_year":2020,"history":"[{\"筆ポリゴンID\":\"77ccbbf8-0df4-4f05-bc97-f02e7d65cbd7\",\"更新年度\":2024,\"前年同一\":true},[{\"筆ポリゴンID\":\"8b79a9c8-6b85-4241-9642-f4dff03c8bf7\",\"更新年度\":2023,\"前年同一\":true},[{\"筆ポリゴンID\":\"6d323fdb-0c44-4f53-af74-249004a738a3\",\"更新年度\":2022,\"前年同一\":true},[{\"筆ポリゴンID\":\"868f14ca-3c42-465a-877f-60a5b582a767\",\"更新年度\":2021,\"前年同一\":true},{\"筆ポリゴンID\":\"868f14ca-3c42-465a-877f-60a5b582a767\",\"発生年度\":2020}]]]]","last_polygon_uuid":"77ccbbf8-0df4-4f05-bc97-f02e7d65cbd7","prev_last_polygon_uuid":"8b79a9c8-6b85-4241-9642-f4dff03c8bf7","local_government_cd":"016080","point_lng":142.946122098,"point_lat":42.144752138}},{"arcs":[[754,-595,755,756]],"type":"Polygon","properties":{"polygon_uuid":"6d248ee7-97a0-4ed1-93f4-6bb623968a05","land_type":100,"issue_year":2025,"edit_year":2020,"history":"[{\"筆ポリゴンID\":\"4b76c984-1c1d-41b4-9ad0-744c23b3e5fe\",\"更新年度\":2024,\"前年同一\":true},[{\"筆ポリゴンID\":\"f70844cb-dbc0-40bd-9659-75724c8ff5f1\",\"更新年度\":2023,\"前年同一\":true},[{\"筆ポリゴンID\":\"1741aac5-f6f7-4967-beb6-a44967e75763\",\"更新年度\":2022,\"前年同一\":true},[{\"筆ポリゴンID\":\"bc26b4f0-fbba-4d3f-ab11-30149fcb33d3\",\"更新年度\":2021,\"前年同一\":true},{\"筆ポリゴンID\":\"bc26b4f0-fbba-4d3f-ab11-30149fcb33d3\",\"発生年度\":2020}]]]]","last_polygon_uuid":"4b76c984-1c1d-41b4-9ad0-744c23b3e5fe","prev_last_polygon_uuid":"f70844cb-dbc0-40bd-9659-75724c8ff5f1","local_government_cd":"016080","point_lng":142.945205852,"point_lat":42.15240139}},{"arcs":[[757,758]],"type":"Polygon","properties":{"polygon_uuid":"bdc51f73-07c1-4488-96ad-f9d1cefa899b","land_type":200,"issue_year":2025,"edit_year":2020,"history":"[{\"筆ポリゴンID\":\"3835d798-7979-42a5-9833-ff68b1a93e95\",\"更新年度\":2024,\"前年同一\":true},[{\"筆ポリゴンID\":\"38db423d-335f-427c-9d3e-231972865c43\",\"更新年度\":2023,\"前年同一\":true},[{\"筆ポリゴンID\":\"2db5b8ea-9b95-45e6-b0c3-d20942edeb20\",\"更新年度\":2022,\"前年同一\":true},[{\"筆ポリゴンID\":\"dedf4a31-2f7b-4de1-86d7-54537acac01b\",\"更新年度\":2021,\"前年同一\":true},{\"筆ポリゴンID\":\"dedf4a31-2f7b-4de1-86d7-54537acac01b\",\"発生年度\":2020}]]]]","last_polygon_uuid":"3835d798-7979-42a5-9833-ff68b1a93e95","prev_last_polygon_uuid":"38db423d-335f-427c-9d3e-231972865c43","local_government_cd":"016080","point_lng":142.942324144,"point_lat":42.13429165}},{"arcs":[[759]],"type":"Polygon","properties":{"polygon_uuid":"59601ed7-5b0b-411c-ad53-c1f53b301ec7","land_type":100,"issue_year":2025,"edit_year":2020,"history":"[{\"筆ポリゴンID\":\"3d1ea8a9-e76c-4026-af7b-8fc2ed368553\",\"更新年度\":2024,\"前年同一\":true},[{\"筆ポリゴンID\":\"89fc0d04-f1f3-4dba-96ec-1e73c6042270\",\"更新年度\":2023,\"前年同一\":true},[{\"筆ポリゴンID\":\"9bde2e55-5009-4883-a305-0130788e6112\",\"更新年度\":2022,\"前年同一\":true},[{\"筆ポリゴンID\":\"aa730c28-5090-4fef-985d-86cd73c6de80\",\"更新年度\":2021,\"前年同一\":true},{\"筆ポリゴンID\":\"aa730c28-5090-4fef-985d-86cd73c6de80\",\"発生年度\":2020}]]]]","last_polygon_uuid":"3d1ea8a9-e76c-4026-af7b-8fc2ed368553","prev_last_polygon_uuid":"89fc0d04-f1f3-4dba-96ec-1e73c6042270","local_government_cd":"016080","point_lng":142.939339024,"point_lat":42.141268602}},{"arcs":[[760,761]],"type":"Polygon","properties":{"polygon_uuid":"78f338f4-d199-4340-9b03-29522a58792d","land_type":100,"issue_year":2025,"edit_year":2020,"history":"[{\"筆ポリゴンID\":\"8eb6d72c-fd59-4ba0-afa2-bf7c88946a9f\",\"更新年度\":2024,\"前年同一\":true},[{\"筆ポリゴンID\":\"a4c76399-2446-415d-9145-09e3173f31d0\",\"更新年度\":2023,\"前年同一\":true},[{\"筆ポリゴンID\":\"3affefba-6f64-4672-80ea-6bd18036841a\",\"更新年度\":2022,\"前年同一\":true},[{\"筆ポリゴンID\":\"47c9f68b-f000-4b29-9fec-57d3facd6241\",\"更新年度\":2021,\"前年同一\":true},{\"筆ポリゴンID\":\"47c9f68b-f000-4b29-9fec-57d3facd6241\",\"発生年度\":2020}]]]]","last_polygon_uuid":"8eb6d72c-fd59-4ba0-afa2-bf7c88946a9f","prev_last_polygon_uuid":"a4c76399-2446-415d-9145-09e3173f31d0","local_government_cd":"016080","point_lng":142.94634282,"point_lat":42.150834847}},{"arcs":[[-620,762,763]],"type":"Polygon","properties":{"polygon_uuid":"5eac45fc-3769-4059-b95e-b0322392494b","land_type":200,"issue_year":2025,"edit_year":2020,"history":"[{\"筆ポリゴンID\":\"aa39fad4-c0d2-4a4c-bd4e-fc7d66e23cf2\",\"更新年度\":2024,\"前年同一\":true},[{\"筆ポリゴンID\":\"9fea88ce-0529-4711-991b-1497dd2c459e\",\"更新年度\":2023,\"前年同一\":true},[{\"筆ポリゴンID\":\"7357a6ba-ada3-46a9-aea3-e175ade6ea05\",\"更新年度\":2022,\"前年同一\":true},[{\"筆ポリゴンID\":\"85510dfa-f011-4947-9949-c818fe09b896\",\"更新年度\":2021,\"前年同一\":true},{\"筆ポリゴンID\":\"85510dfa-f011-4947-9949-c818fe09b896\",\"発生年度\":2020}]]]]","last_polygon_uuid":"aa39fad4-c0d2-4a4c-bd4e-fc7d66e23cf2","prev_last_polygon_uuid":"9fea88ce-0529-4711-991b-1497dd2c459e","local_government_cd":"016080","point_lng":142.946599765,"point_lat":42.158426758}},{"arcs":[[764]],"type":"Polygon","properties":{"polygon_uuid":"d7d213bf-459e-438a-a8b3-aa9006e30a8f","land_type":200,"issue_year":2025,"edit_year":2020,"history":"[{\"筆ポリゴンID\":\"7b39da2c-a199-434f-a555-c0d7fb1dec08\",\"更新年度\":2024,\"前年同一\":true},[{\"筆ポリゴンID\":\"e0a8592b-d4f8-4081-a2f9-955e0229697e\",\"更新年度\":2023,\"前年同一\":true},[{\"筆ポリゴンID\":\"44396a67-a3d7-4686-9b63-9d2c7ae9b81d\",\"更新年度\":2022,\"前年同一\":true},[{\"筆ポリゴンID\":\"5ae634a6-30af-4d5d-906f-d023feef1de3\",\"更新年度\":2021,\"前年同一\":true},{\"筆ポリゴンID\":\"5ae634a6-30af-4d5d-906f-d023feef1de3\",\"発生年度\":2020}]]]]","last_polygon_uuid":"7b39da2c-a199-434f-a555-c0d7fb1dec08","prev_last_polygon_uuid":"e0a8592b-d4f8-4081-a2f9-955e0229697e","local_government_cd":"016080","point_lng":142.936240422,"point_lat":42.153887972}},{"arcs":[[765]],"type":"Polygon","properties":{"polygon_uuid":"27161d62-058f-49a3-84e8-7bf3f8413cf9","land_type":200,"issue_year":2025,"edit_year":2020,"history":"[{\"筆ポリゴンID\":\"7e9eee87-8ff7-4550-8b6e-e0b9d2b23c43\",\"更新年度\":2024,\"前年同一\":true},[{\"筆ポリゴンID\":\"4a3feabf-2312-4b27-9ea6-e828c6c897e8\",\"更新年度\":2023,\"前年同一\":true},[{\"筆ポリゴンID\":\"23fda0e9-67fe-4a60-a15c-1789c2ea735b\",\"更新年度\":2022,\"前年同一\":true},[{\"筆ポリゴンID\":\"3c1001c2-107d-4db0-a375-253575bf09f6\",\"更新年度\":2021,\"前年同一\":true},{\"筆ポリゴンID\":\"3c1001c2-107d-4db0-a375-253575bf09f6\",\"発生年度\":2020}]]]]","last_polygon_uuid":"7e9eee87-8ff7-4550-8b6e-e0b9d2b23c43","prev_last_polygon_uuid":"4a3feabf-2312-4b27-9ea6-e828c6c897e8","local_government_cd":"016080","point_lng":142.947473124,"point_lat":42.159492479}},{"arcs":[[766,767]],"type":"Polygon","properties":{"polygon_uuid":"6303f3de-5f84-45a3-963a-4841472a0bd2","land_type":100,"issue_year":2025,"edit_year":2020,"history":"[{\"筆ポリゴンID\":\"efdfef7a-2716-4c05-8e7b-b09b1e1df790\",\"更新年度\":2024,\"前年同一\":true},[{\"筆ポリゴンID\":\"44d8859f-94f4-4a9a-bfb6-316a6eb22dd6\",\"更新年度\":2023,\"前年同一\":true},[{\"筆ポリゴンID\":\"3ed6d515-9528-41a4-bc4b-472ebb688192\",\"更新年度\":2022,\"前年同一\":true},[{\"筆ポリゴンID\":\"9d0f476d-eee3-436d-9d12-ade9507e958c\",\"更新年度\":2021,\"前年同一\":true},{\"筆ポリゴンID\":\"9d0f476d-eee3-436d-9d12-ade9507e958c\",\"発生年度\":2020}]]]]","last_polygon_uuid":"efdfef7a-2716-4c05-8e7b-b09b1e1df790","prev_last_polygon_uuid":"44d8859f-94f4-4a9a-bfb6-316a6eb22dd6","local_government_cd":"016080","point_lng":142.948433034,"point_lat":42.153837899}},{"arcs":[[768,769]],"type":"Polygon","properties":{"polygon_uuid":"8135554b-2402-4a04-8e20-95fb561c2eca","land_type":100,"issue_year":2025,"edit_year":2020,"history":"[{\"筆ポリゴンID\":\"4c556250-77a3-4030-b3ee-8582a652bca0\",\"更新年度\":2024,\"前年同一\":true},[{\"筆ポリゴンID\":\"df04a46e-7d08-44bf-91e8-b90328c55aff\",\"更新年度\":2023,\"前年同一\":true},[{\"筆ポリゴンID\":\"ced65f3f-ffed-4813-8a62-f38ff4499526\",\"更新年度\":2022,\"前年同一\":true},[{\"筆ポリゴンID\":\"aee3123c-d4d9-4baa-8042-ab4954894f84\",\"更新年度\":2021,\"前年同一\":true},{\"筆ポリゴンID\":\"aee3123c-d4d9-4baa-8042-ab4954894f84\",\"発生年度\":2020}]]]]","last_polygon_uuid":"4c556250-77a3-4030-b3ee-8582a652bca0","prev_last_polygon_uuid":"df04a46e-7d08-44bf-91e8-b90328c55aff","local_government_cd":"016080","point_lng":142.945708771,"point_lat":42.153021606}},{"arcs":[[770,-725,771,772]],"type":"Polygon","properties":{"polygon_uuid":"af34365b-bf7a-4223-8f23-6eb8f4a9f4e3","land_type":100,"issue_year":2025,"edit_year":2020,"history":"[{\"筆ポリゴンID\":\"21d4af9d-9e14-4220-a31a-8acbbac39529\",\"更新年度\":2024,\"前年同一\":true},[{\"筆ポリゴンID\":\"04b058b6-e184-47be-a7bf-c0d5f447e93a\",\"更新年度\":2023,\"前年同一\":true},[{\"筆ポリゴンID\":\"2519a92c-511e-4443-9bdd-ece71bf03c52\",\"更新年度\":2022,\"前年同一\":true},[{\"筆ポリゴンID\":\"3e91cbbd-983b-4536-b012-41e24870e690\",\"更新年度\":2021,\"前年同一\":true},{\"筆ポリゴンID\":\"3e91cbbd-983b-4536-b012-41e24870e690\",\"発生年度\":2020}]]]]","last_polygon_uuid":"21d4af9d-9e14-4220-a31a-8acbbac39529","prev_last_polygon_uuid":"04b058b6-e184-47be-a7bf-c0d5f447e93a","local_government_cd":"016080","point_lng":142.947700601,"point_lat":42.148351308}},{"arcs":[[773]],"type":"Polygon","properties":{"polygon_uuid":"a3a37a7c-7df4-4884-89aa-6032ec3d0670","land_type":200,"issue_year":2025,"edit_year":2020,"history":"[{\"筆ポリゴンID\":\"0c668f78-4956-4c25-8340-06494a614931\",\"更新年度\":2024,\"前年同一\":true},[{\"筆ポリゴンID\":\"4a681514-c572-405b-8e86-f6512afc8b4f\",\"更新年度\":2023,\"前年同一\":true},[{\"筆ポリゴンID\":\"ad8830e8-926d-473e-9872-0e4ce7ae1935\",\"更新年度\":2022,\"前年同一\":true},[{\"筆ポリゴンID\":\"f4cdefcb-c766-400d-828f-6ebbc96a7df5\",\"更新年度\":2021,\"前年同一\":true},{\"筆ポリゴンID\":\"f4cdefcb-c766-400d-828f-6ebbc96a7df5\",\"発生年度\":2020}]]]]","last_polygon_uuid":"0c668f78-4956-4c25-8340-06494a614931","prev_last_polygon_uuid":"4a681514-c572-405b-8e86-f6512afc8b4f","local_government_cd":"016080","point_lng":142.929496234,"point_lat":42.163186379}},{"arcs":[[774,775,776,777]],"type":"Polygon","properties":{"polygon_uuid":"aa69b310-bbe2-4739-8abf-66cd9b697f8f","land_type":100,"issue_year":2025,"edit_year":2020,"history":"[{\"筆ポリゴンID\":\"b8dbf38a-be16-49f8-954e-8357afae557e\",\"更新年度\":2024,\"前年同一\":true},[{\"筆ポリゴンID\":\"074ffa77-cfa3-4e17-b697-b74d8378bd55\",\"更新年度\":2023,\"前年同一\":true},[{\"筆ポリゴンID\":\"9fd9110d-a6df-4913-b212-fc5b10afd31d\",\"更新年度\":2022,\"前年同一\":true},[{\"筆ポリゴンID\":\"e384ca51-d373-4d60-bc10-01d27d456ef3\",\"更新年度\":2021,\"前年同一\":true},{\"筆ポリゴンID\":\"e384ca51-d373-4d60-bc10-01d27d456ef3\",\"発生年度\":2020}]]]]","last_polygon_uuid":"b8dbf38a-be16-49f8-954e-8357afae557e","prev_last_polygon_uuid":"074ffa77-cfa3-4e17-b697-b74d8378bd55","local_government_cd":"016080","point_lng":142.942232125,"point_lat":42.145736862}},{"arcs":[[778]],"type":"Polygon","properties":{"polygon_uuid":"fcb9f449-59af-4096-8e99-90deee614f25","land_type":200,"issue_year":2025,"edit_year":2020,"history":"[{\"筆ポリゴンID\":\"8bdc0af3-61df-4fe2-97be-3a7c48f3cdac\",\"更新年度\":2024,\"前年同一\":true},[{\"筆ポリゴンID\":\"b2bafdf7-fa1a-42e5-9620-1f9f8cb5ec6f\",\"更新年度\":2023,\"前年同一\":true},[{\"筆ポリゴンID\":\"d4fc05b1-6aea-4c27-8c9f-9c3324a1b9bd\",\"更新年度\":2022,\"前年同一\":true},[{\"筆ポリゴンID\":\"4d8740d8-59ea-4a24-b63c-3480c62108d3\",\"更新年度\":2021,\"前年同一\":true},{\"筆ポリゴンID\":\"4d8740d8-59ea-4a24-b63c-3480c62108d3\",\"発生年度\":2020}]]]]","last_polygon_uuid":"8bdc0af3-61df-4fe2-97be-3a7c48f3cdac","prev_last_polygon_uuid":"b2bafdf7-fa1a-42e5-9620-1f9f8cb5ec6f","local_government_cd":"016080","point_lng":142.927880398,"point_lat":42.158294295}},{"arcs":[[-516,779,780]],"type":"Polygon","properties":{"polygon_uuid":"21ba08fc-996b-41f9-b418-0e4c6b4921be","land_type":100,"issue_year":2025,"edit_year":2020,"history":"[{\"筆ポリゴンID\":\"ee6ecffa-22cf-4707-8738-c2aff5cf7c77\",\"更新年度\":2024,\"前年同一\":true},[{\"筆ポリゴンID\":\"57e40df6-4b73-4307-ad8f-856ab884c12b\",\"更新年度\":2023,\"前年同一\":true},[{\"筆ポリゴンID\":\"0bf0e8a4-e101-4425-abd7-ac055ec34f64\",\"更新年度\":2022,\"前年同一\":true},[{\"筆ポリゴンID\":\"22ed8621-1b8f-4ec6-824a-49362a1fca46\",\"更新年度\":2021,\"前年同一\":true},{\"筆ポリゴンID\":\"22ed8621-1b8f-4ec6-824a-49362a1fca46\",\"発生年度\":2020}]]]]","last_polygon_uuid":"ee6ecffa-22cf-4707-8738-c2aff5cf7c77","prev_last_polygon_uuid":"57e40df6-4b73-4307-ad8f-856ab884c12b","local_government_cd":"016080","point_lng":142.950569377,"point_lat":42.154519102}},{"arcs":[[781,782,783,-738]],"type":"Polygon","properties":{"polygon_uuid":"ce59c934-1f66-4902-afd4-70fc72e747ec","land_type":100,"issue_year":2025,"edit_year":2020,"history":"[{\"筆ポリゴンID\":\"80cf549e-f3f3-4027-b469-237b4599a97f\",\"更新年度\":2024,\"前年同一\":true},[{\"筆ポリゴンID\":\"e4ae0702-ae63-4757-83d1-a85917278f7c\",\"更新年度\":2023,\"前年同一\":true},[{\"筆ポリゴンID\":\"70976116-d9ab-466c-9674-f12fda10954d\",\"更新年度\":2022,\"前年同一\":true},[{\"筆ポリゴンID\":\"bdfc6f47-4635-46c7-9682-c8d7c610a8c4\",\"更新年度\":2021,\"前年同一\":true},{\"筆ポリゴンID\":\"bdfc6f47-4635-46c7-9682-c8d7c610a8c4\",\"発生年度\":2020}]]]]","last_polygon_uuid":"80cf549e-f3f3-4027-b469-237b4599a97f","prev_last_polygon_uuid":"e4ae0702-ae63-4757-83d1-a85917278f7c","local_government_cd":"016080","point_lng":142.942935256,"point_lat":42.148834445}},{"arcs":[[784,785],[786]],"type":"Polygon","properties":{"polygon_uuid":"77737c37-185b-4cdb-b190-bc09f868a30c","land_type":200,"issue_year":2025,"edit_year":2020,"history":"[{\"筆ポリゴンID\":\"16f4c11e-54bc-4d95-a95c-2ecaa413e544\",\"更新年度\":2024,\"前年同一\":true},[{\"筆ポリゴンID\":\"24687858-d16a-4bb4-84e5-a97ae15e1d35\",\"更新年度\":2023,\"前年同一\":true},[{\"筆ポリゴンID\":\"aa5669d1-74c3-4460-9830-ed269ada1b12\",\"更新年度\":2022,\"前年同一\":true},[{\"筆ポリゴンID\":\"1890098c-afc6-45ad-aee2-e6823a2e0d4e\",\"更新年度\":2021,\"前年同一\":true},{\"筆ポリゴンID\":\"1890098c-afc6-45ad-aee2-e6823a2e0d4e\",\"発生年度\":2020}]]]]","last_polygon_uuid":"16f4c11e-54bc-4d95-a95c-2ecaa413e544","prev_last_polygon_uuid":"24687858-d16a-4bb4-84e5-a97ae15e1d35","local_government_cd":"016080","point_lng":142.944697272,"point_lat":42.134967019}},{"arcs":[[787]],"type":"Polygon","properties":{"polygon_uuid":"5875158c-ddbd-413c-8eb5-004e76b04d5e","land_type":200,"issue_year":2025,"edit_year":2020,"history":"[{\"筆ポリゴンID\":\"d8269e9e-0f44-4c40-9dd7-5677102bc623\",\"更新年度\":2024,\"前年同一\":true},[{\"筆ポリゴンID\":\"705d5537-0b76-46e6-8191-49eff3e366d7\",\"更新年度\":2023,\"前年同一\":true},[{\"筆ポリゴンID\":\"62d74309-0a06-40fd-9091-2c5315b391b5\",\"更新年度\":2022,\"前年同一\":true},[{\"筆ポリゴンID\":\"f4b6ef48-6df4-4c4c-a94d-c546cf65ccb5\",\"更新年度\":2021,\"前年同一\":true},{\"筆ポリゴンID\":\"f4b6ef48-6df4-4c4c-a94d-c546cf65ccb5\",\"発生年度\":2020}]]]]","last_polygon_uuid":"d8269e9e-0f44-4c40-9dd7-5677102bc623","prev_last_polygon_uuid":"705d5537-0b76-46e6-8191-49eff3e366d7","local_government_cd":"016080","point_lng":142.922958035,"point_lat":42.156279895}},{"arcs":[[788]],"type":"Polygon","properties":{"polygon_uuid":"4915ae66-dfdf-4e2b-b3b1-203f5c47c203","land_type":100,"issue_year":2025,"edit_year":2022,"history":"[{\"筆ポリゴンID\":\"a5ab5b2c-faed-434e-a8f3-7a69677c4d32\",\"更新年度\":2024,\"前年同一\":true},[{\"筆ポリゴンID\":\"96ecfc4c-8bb1-4671-9248-2bfeec97e13d\",\"更新年度\":2023,\"前年同一\":true},[{\"筆ポリゴンID\":\"38f2415c-8cea-42a4-8279-a606d93ca5b7\",\"更新年度\":2022,\"関連\":true},[{\"筆ポリゴンID\":\"90a24cf3-04de-44fc-a179-faf663edaf99\",\"更新年度\":2021,\"前年同一\":true},{\"筆ポリゴンID\":\"90a24cf3-04de-44fc-a179-faf663edaf99\",\"発生年度\":2020}]]]]","last_polygon_uuid":"a5ab5b2c-faed-434e-a8f3-7a69677c4d32","prev_last_polygon_uuid":"96ecfc4c-8bb1-4671-9248-2bfeec97e13d","local_government_cd":"016080","point_lng":142.939710361,"point_lat":42.14338992}},{"arcs":[[-422,789]],"type":"Polygon","properties":{"polygon_uuid":"ff6147d2-9c33-4aed-9178-cad1dc1fb38b","land_type":200,"issue_year":2025,"edit_year":2020,"history":"[{\"筆ポリゴンID\":\"3e1370fe-9b8c-4c3f-8bca-fe941c59f123\",\"更新年度\":2024,\"前年同一\":true},[{\"筆ポリゴンID\":\"511420bc-3afa-4c48-a40c-499873a6f6bc\",\"更新年度\":2023,\"前年同一\":true},[{\"筆ポリゴンID\":\"07d40619-c15c-469b-99fb-76844d2157a4\",\"更新年度\":2022,\"前年同一\":true},[{\"筆ポリゴンID\":\"8a5585c9-9d68-47e9-84d5-0e46c073f436\",\"更新年度\":2021,\"前年同一\":true},{\"筆ポリゴンID\":\"8a5585c9-9d68-47e9-84d5-0e46c073f436\",\"発生年度\":2020}]]]]","last_polygon_uuid":"3e1370fe-9b8c-4c3f-8bca-fe941c59f123","prev_last_polygon_uuid":"511420bc-3afa-4c48-a40c-499873a6f6bc","local_government_cd":"016080","point_lng":142.952635016,"point_lat":42.144720562}},{"arcs":[[790]],"type":"Polygon","properties":{"polygon_uuid":"ab675bba-1fd1-480f-b32d-a404ee884415","land_type":200,"issue_year":2025,"edit_year":2020,"history":"[{\"筆ポリゴンID\":\"20b4ecdb-3827-443b-82ba-f75d12db244f\",\"更新年度\":2024,\"前年同一\":true},[{\"筆ポリゴンID\":\"f502956d-f688-4386-9bfc-0d29717a4066\",\"更新年度\":2023,\"前年同一\":true},[{\"筆ポリゴンID\":\"1adf3c94-a4a0-4e38-8391-6741cbcb105c\",\"更新年度\":2022,\"前年同一\":true},[{\"筆ポリゴンID\":\"7ed353f3-62e3-4282-a502-e9a562db18da\",\"更新年度\":2021,\"前年同一\":true},{\"筆ポリゴンID\":\"7ed353f3-62e3-4282-a502-e9a562db18da\",\"発生年度\":2020}]]]]","last_polygon_uuid":"20b4ecdb-3827-443b-82ba-f75d12db244f","prev_last_polygon_uuid":"f502956d-f688-4386-9bfc-0d29717a4066","local_government_cd":"016080","point_lng":142.951390187,"point_lat":42.151926292}},{"arcs":[[791]],"type":"Polygon","properties":{"polygon_uuid":"f2c035e2-820a-416d-aa17-ff54cef8b8a1","land_type":200,"issue_year":2025,"edit_year":2020,"history":"[{\"筆ポリゴンID\":\"519a6b4f-2376-4bfa-b512-75825a6eaf32\",\"更新年度\":2024,\"前年同一\":true},[{\"筆ポリゴンID\":\"e54d0aed-4def-47c1-b3b3-87e5d7192caf\",\"更新年度\":2023,\"前年同一\":true},[{\"筆ポリゴンID\":\"205e9c97-687f-42a0-a530-62ebba50b5df\",\"更新年度\":2022,\"前年同一\":true},[{\"筆ポリゴンID\":\"4770acb7-c8a4-482c-9430-ab7fadd648aa\",\"更新年度\":2021,\"前年同一\":true},{\"筆ポリゴンID\":\"4770acb7-c8a4-482c-9430-ab7fadd648aa\",\"発生年度\":2020}]]]]","last_polygon_uuid":"519a6b4f-2376-4bfa-b512-75825a6eaf32","prev_last_polygon_uuid":"e54d0aed-4def-47c1-b3b3-87e5d7192caf","local_government_cd":"016080","point_lng":142.924982783,"point_lat":42.158041001}},{"arcs":[[792]],"type":"Polygon","properties":{"polygon_uuid":"8c4fa44b-32cd-4203-a4db-8d64fdc6f807","land_type":200,"issue_year":2025,"edit_year":2020,"history":"[{\"筆ポリゴンID\":\"2ca04dbe-005e-4c48-9221-8b292565549c\",\"更新年度\":2024,\"前年同一\":true},[{\"筆ポリゴンID\":\"463b631e-fe8d-48fe-ae0d-f0c9ff5ccd5a\",\"更新年度\":2023,\"前年同一\":true},[{\"筆ポリゴンID\":\"9ee4924d-0122-4d7d-92ae-4ff104ee9e8a\",\"更新年度\":2022,\"前年同一\":true},[{\"筆ポリゴンID\":\"03e54ef5-f0f9-4a24-be04-738120b975e5\",\"更新年度\":2021,\"前年同一\":true},{\"筆ポリゴンID\":\"03e54ef5-f0f9-4a24-be04-738120b975e5\",\"発生年度\":2020}]]]]","last_polygon_uuid":"2ca04dbe-005e-4c48-9221-8b292565549c","prev_last_polygon_uuid":"463b631e-fe8d-48fe-ae0d-f0c9ff5ccd5a","local_government_cd":"016080","point_lng":142.938933734,"point_lat":42.165756597}},{"arcs":[[793]],"type":"Polygon","properties":{"polygon_uuid":"318276f7-ed5a-447e-adc6-06884a43b29c","land_type":100,"issue_year":2025,"edit_year":2022,"history":"[{\"筆ポリゴンID\":\"91827135-24bc-473e-9ae8-af3be21b3f98\",\"更新年度\":2024,\"前年同一\":true},[{\"筆ポリゴンID\":\"1bbfb0b4-1e91-4d55-9f29-84fcdde2194e\",\"更新年度\":2023,\"前年同一\":true},[{\"筆ポリゴンID\":\"38f2415c-8cea-42a4-8279-a606d93ca5b7\",\"更新年度\":2022,\"関連\":true},[{\"筆ポリゴンID\":\"90a24cf3-04de-44fc-a179-faf663edaf99\",\"更新年度\":2021,\"前年同一\":true},{\"筆ポリゴンID\":\"90a24cf3-04de-44fc-a179-faf663edaf99\",\"発生年度\":2020}]]]]","last_polygon_uuid":"91827135-24bc-473e-9ae8-af3be21b3f98","prev_last_polygon_uuid":"1bbfb0b4-1e91-4d55-9f29-84fcdde2194e","local_government_cd":"016080","point_lng":142.938187684,"point_lat":42.143455916}},{"arcs":[[794]],"type":"Polygon","properties":{"polygon_uuid":"97dd9852-e921-4d86-997f-65f881fd110b","land_type":100,"issue_year":2025,"edit_year":2020,"history":"[{\"筆ポリゴンID\":\"41403126-c3dd-48b0-81ab-c9748123a943\",\"更新年度\":2024,\"前年同一\":true},[{\"筆ポリゴンID\":\"4fad81d0-d3ac-494d-a421-3163762c2dd8\",\"更新年度\":2023,\"前年同一\":true},[{\"筆ポリゴンID\":\"617d03c7-b512-447e-9520-5f01a2718dcd\",\"更新年度\":2022,\"前年同一\":true},[{\"筆ポリゴンID\":\"ec457cde-04d7-433b-8eec-02a451d35c1d\",\"更新年度\":2021,\"前年同一\":true},{\"筆ポリゴンID\":\"ec457cde-04d7-433b-8eec-02a451d35c1d\",\"発生年度\":2020}]]]]","last_polygon_uuid":"41403126-c3dd-48b0-81ab-c9748123a943","prev_last_polygon_uuid":"4fad81d0-d3ac-494d-a421-3163762c2dd8","local_government_cd":"016080","point_lng":142.944845882,"point_lat":42.142475425}},{"arcs":[[795,796,797,798]],"type":"Polygon","properties":{"polygon_uuid":"88dcd1d9-0a88-45f0-906b-8d35f105f37b","land_type":100,"issue_year":2025,"edit_year":2022,"history":"[{\"筆ポリゴンID\":\"f9dbabab-fb98-47a1-85e3-b8691f32e8a7\",\"更新年度\":2024,\"前年同一\":true},[{\"筆ポリゴンID\":\"a28919e6-67e9-448f-a65f-e14a3ef5de2d\",\"更新年度\":2023,\"前年同一\":true},[{\"筆ポリゴンID\":\"d165984f-12aa-4b22-91e5-1a221ffdfc1b\",\"更新年度\":2022,\"関連\":true},[{\"筆ポリゴンID\":\"bd7580eb-f5e8-48ae-8341-33c0ee179360\",\"更新年度\":2021,\"前年同一\":true},{\"筆ポリゴンID\":\"bd7580eb-f5e8-48ae-8341-33c0ee179360\",\"発生年度\":2020}]]]]","last_polygon_uuid":"f9dbabab-fb98-47a1-85e3-b8691f32e8a7","prev_last_polygon_uuid":"a28919e6-67e9-448f-a65f-e14a3ef5de2d","local_government_cd":"016080","point_lng":142.950198563,"point_lat":42.153390788}},{"arcs":[[799]],"type":"Polygon","properties":{"polygon_uuid":"2aeebea0-d444-4e56-83be-4831fe8e64e2","land_type":200,"issue_year":2025,"edit_year":2020,"history":"[{\"筆ポリゴンID\":\"ecaf2c05-e12b-4e80-95d4-8df8c6086b42\",\"更新年度\":2024,\"前年同一\":true},[{\"筆ポリゴンID\":\"026cd066-ad9d-4db3-a7c6-4b9e07d163d4\",\"更新年度\":2023,\"前年同一\":true},[{\"筆ポリゴンID\":\"b8ef519a-11ad-4993-a4a5-10e486e0eb8d\",\"更新年度\":2022,\"前年同一\":true},[{\"筆ポリゴンID\":\"8ec5bac9-5bc6-424d-9275-35f6d0ad096f\",\"更新年度\":2021,\"前年同一\":true},{\"筆ポリゴンID\":\"8ec5bac9-5bc6-424d-9275-35f6d0ad096f\",\"発生年度\":2020}]]]]","last_polygon_uuid":"ecaf2c05-e12b-4e80-95d4-8df8c6086b42","prev_last_polygon_uuid":"026cd066-ad9d-4db3-a7c6-4b9e07d163d4","local_government_cd":"016080","point_lng":142.946404047,"point_lat":42.135800201}},{"arcs":[[800]],"type":"Polygon","properties":{"polygon_uuid":"7090d72b-f88f-4158-b56f-560e77383cec","land_type":200,"issue_year":2025,"edit_year":2020,"history":"[{\"筆ポリゴンID\":\"c4c5d20b-c22f-4d56-bb44-4ac492983ec0\",\"更新年度\":2024,\"前年同一\":true},[{\"筆ポリゴンID\":\"6b2092d2-465c-4f91-bfd1-ce2b33acc7bd\",\"更新年度\":2023,\"前年同一\":true},[{\"筆ポリゴンID\":\"08195b48-ccde-4914-aeba-a1e8021de02b\",\"更新年度\":2022,\"前年同一\":true},[{\"筆ポリゴンID\":\"38eab2ab-6fa9-4d1e-a0cc-4003cd0399f7\",\"更新年度\":2021,\"前年同一\":true},{\"筆ポリゴンID\":\"38eab2ab-6fa9-4d1e-a0cc-4003cd0399f7\",\"発生年度\":2020}]]]]","last_polygon_uuid":"c4c5d20b-c22f-4d56-bb44-4ac492983ec0","prev_last_polygon_uuid":"6b2092d2-465c-4f91-bfd1-ce2b33acc7bd","local_government_cd":"016080","point_lng":142.935373608,"point_lat":42.149353118}},{"arcs":[[801,-698,802,803]],"type":"Polygon","properties":{"polygon_uuid":"ac0fa508-9bf1-48e2-8a20-f7b1b341956f","land_type":100,"issue_year":2025,"edit_year":2020,"history":"[{\"筆ポリゴンID\":\"2924d680-3e6e-46bf-942f-7564487d9297\",\"更新年度\":2024,\"前年同一\":true},[{\"筆ポリゴンID\":\"1ad1f1cb-7a9a-49b8-8325-da5bba2fd605\",\"更新年度\":2023,\"前年同一\":true},[{\"筆ポリゴンID\":\"629f2815-901e-4e1d-b96c-5ef4dd23584e\",\"更新年度\":2022,\"前年同一\":true},[{\"筆ポリゴンID\":\"6940e742-dc7b-4ac4-ba62-43b2fb02e655\",\"更新年度\":2021,\"前年同一\":true},{\"筆ポリゴンID\":\"6940e742-dc7b-4ac4-ba62-43b2fb02e655\",\"発生年度\":2020}]]]]","last_polygon_uuid":"2924d680-3e6e-46bf-942f-7564487d9297","prev_last_polygon_uuid":"1ad1f1cb-7a9a-49b8-8325-da5bba2fd605","local_government_cd":"016080","point_lng":142.942290208,"point_lat":42.151454118}},{"arcs":[[804,805,-669,806]],"type":"Polygon","properties":{"polygon_uuid":"aacd49a7-1014-4b4a-b873-941fbcdf8c8c","land_type":100,"issue_year":2025,"edit_year":2020,"history":"[{\"筆ポリゴンID\":\"05ea1e9d-00b6-4027-8078-011ec7a8d189\",\"更新年度\":2024,\"前年同一\":true},[{\"筆ポリゴンID\":\"b87e9a4a-15a3-45e0-ba3f-e953fc533d46\",\"更新年度\":2023,\"前年同一\":true},[{\"筆ポリゴンID\":\"72192d23-f20e-44ae-a8ae-2e702377ac1a\",\"更新年度\":2022,\"前年同一\":true},[{\"筆ポリゴンID\":\"6720af27-a39c-461a-9821-7d92c47cdb12\",\"更新年度\":2021,\"前年同一\":true},{\"筆ポリゴンID\":\"6720af27-a39c-461a-9821-7d92c47cdb12\",\"発生年度\":2020}]]]]","last_polygon_uuid":"05ea1e9d-00b6-4027-8078-011ec7a8d189","prev_last_polygon_uuid":"b87e9a4a-15a3-45e0-ba3f-e953fc533d46","local_government_cd":"016080","point_lng":142.945579114,"point_lat":42.143658361}},{"arcs":[[-764,807,-649,808,-618]],"type":"Polygon","properties":{"polygon_uuid":"cf30e43f-4f1c-454b-bd7b-17a894a1935f","land_type":200,"issue_year":2025,"edit_year":2020,"history":"[{\"筆ポリゴンID\":\"acab2323-3496-4ec6-bf8e-ea51f31b849b\",\"更新年度\":2024,\"前年同一\":true},[{\"筆ポリゴンID\":\"61e449b1-87e9-4439-9453-a799715b04dd\",\"更新年度\":2023,\"前年同一\":true},[{\"筆ポリゴンID\":\"57891470-ddf7-4a8d-b381-d2a629afa760\",\"更新年度\":2022,\"前年同一\":true},[{\"筆ポリゴンID\":\"e4d173bf-d2a7-4509-87fd-ece4e128db93\",\"更新年度\":2021,\"前年同一\":true},{\"筆ポリゴンID\":\"e4d173bf-d2a7-4509-87fd-ece4e128db93\",\"発生年度\":2020}]]]]","last_polygon_uuid":"acab2323-3496-4ec6-bf8e-ea51f31b849b","prev_last_polygon_uuid":"61e449b1-87e9-4439-9453-a799715b04dd","local_government_cd":"016080","point_lng":142.946458264,"point_lat":42.157415454}},{"arcs":[[809]],"type":"Polygon","properties":{"polygon_uuid":"41409916-787d-4238-9ddc-bd0ee20dc108","land_type":200,"issue_year":2025,"edit_year":2020,"history":"[{\"筆ポリゴンID\":\"d282bbc2-948f-4ea5-915d-d1e412b61fee\",\"更新年度\":2024,\"前年同一\":true},[{\"筆ポリゴンID\":\"d8a9da38-17ae-402d-a648-e0df6d83c206\",\"更新年度\":2023,\"前年同一\":true},[{\"筆ポリゴンID\":\"0b5e3adc-bb31-48ce-88fc-4d96aae964c8\",\"更新年度\":2022,\"前年同一\":true},[{\"筆ポリゴンID\":\"061ceb94-4406-4da4-a5c0-5c836c4f8299\",\"更新年度\":2021,\"前年同一\":true},{\"筆ポリゴンID\":\"061ceb94-4406-4da4-a5c0-5c836c4f8299\",\"発生年度\":2020}]]]]","last_polygon_uuid":"d282bbc2-948f-4ea5-915d-d1e412b61fee","prev_last_polygon_uuid":"d8a9da38-17ae-402d-a648-e0df6d83c206","local_government_cd":"016080","point_lng":142.94172006,"point_lat":42.14330305}},{"arcs":[[810]],"type":"Polygon","properties":{"polygon_uuid":"e936436d-36a6-4f60-bd04-56fae5b0d742","land_type":200,"issue_year":2025,"edit_year":2020,"history":"[{\"筆ポリゴンID\":\"e374533d-cb17-4e47-8ed3-fcb5bdc7cd22\",\"更新年度\":2024,\"前年同一\":true},[{\"筆ポリゴンID\":\"06abd394-383b-4238-8301-210e0e9fbcc1\",\"更新年度\":2023,\"前年同一\":true},[{\"筆ポリゴンID\":\"43272c94-5fc5-43b2-ab14-8ffab5584d3d\",\"更新年度\":2022,\"前年同一\":true},[{\"筆ポリゴンID\":\"cb2c28b7-f12c-4c52-b803-d6dcdc64efb8\",\"更新年度\":2021,\"前年同一\":true},{\"筆ポリゴンID\":\"cb2c28b7-f12c-4c52-b803-d6dcdc64efb8\",\"発生年度\":2020}]]]]","last_polygon_uuid":"e374533d-cb17-4e47-8ed3-fcb5bdc7cd22","prev_last_polygon_uuid":"06abd394-383b-4238-8301-210e0e9fbcc1","local_government_cd":"016080","point_lng":142.943408325,"point_lat":42.137618737}},{"arcs":[[811,812]],"type":"Polygon","properties":{"polygon_uuid":"4d94ae25-a332-4786-9b5f-185aabe6e352","land_type":200,"issue_year":2025,"edit_year":2020,"history":"[{\"筆ポリゴンID\":\"773691d0-aecb-450b-bdab-7d6c7d936a89\",\"更新年度\":2024,\"前年同一\":true},[{\"筆ポリゴンID\":\"e1f38a1d-25f5-4ca9-acb1-d33cc24d08fa\",\"更新年度\":2023,\"前年同一\":true},[{\"筆ポリゴンID\":\"61640d20-4a2f-45c0-8fa9-1b61ac8d6589\",\"更新年度\":2022,\"前年同一\":true},[{\"筆ポリゴンID\":\"2ce14561-c828-4fe5-bd96-83028b1d1130\",\"更新年度\":2021,\"前年同一\":true},{\"筆ポリゴンID\":\"2ce14561-c828-4fe5-bd96-83028b1d1130\",\"発生年度\":2020}]]]]","last_polygon_uuid":"773691d0-aecb-450b-bdab-7d6c7d936a89","prev_last_polygon_uuid":"e1f38a1d-25f5-4ca9-acb1-d33cc24d08fa","local_government_cd":"016080","point_lng":142.927401323,"point_lat":42.162279442}},{"arcs":[[813]],"type":"Polygon","properties":{"polygon_uuid":"1d5d1d37-cef8-4aaf-9583-ada328d59a5b","land_type":200,"issue_year":2025,"edit_year":2020,"history":"[{\"筆ポリゴンID\":\"838ee028-5e10-4764-9c09-9869e386aca7\",\"更新年度\":2024,\"前年同一\":true},[{\"筆ポリゴンID\":\"d17ef2ac-97de-4085-a40d-29ae07561cb1\",\"更新年度\":2023,\"前年同一\":true},[{\"筆ポリゴンID\":\"516be868-245e-440e-8022-eaaf3095ffb2\",\"更新年度\":2022,\"前年同一\":true},[{\"筆ポリゴンID\":\"0d180d7f-dc40-4d26-8244-48345bd267b1\",\"更新年度\":2021,\"前年同一\":true},{\"筆ポリゴンID\":\"0d180d7f-dc40-4d26-8244-48345bd267b1\",\"発生年度\":2020}]]]]","last_polygon_uuid":"838ee028-5e10-4764-9c09-9869e386aca7","prev_last_polygon_uuid":"d17ef2ac-97de-4085-a40d-29ae07561cb1","local_government_cd":"016080","point_lng":142.926301895,"point_lat":42.160359125}},{"arcs":[[814,815,816,817]],"type":"Polygon","properties":{"polygon_uuid":"26a1cc93-5be1-4ef8-9f75-27f7b040b483","land_type":100,"issue_year":2025,"edit_year":2020,"history":"[{\"筆ポリゴンID\":\"61944e12-17ad-468e-81a5-91343577f7e6\",\"更新年度\":2024,\"前年同一\":true},[{\"筆ポリゴンID\":\"c9c9b88c-c75f-4252-a30f-55a051566bb4\",\"更新年度\":2023,\"前年同一\":true},[{\"筆ポリゴンID\":\"c0ba1e84-5987-40ea-af51-219a6c028ae9\",\"更新年度\":2022,\"前年同一\":true},[{\"筆ポリゴンID\":\"02ce9429-71b4-4e3a-9b83-617da86d297e\",\"更新年度\":2021,\"前年同一\":true},{\"筆ポリゴンID\":\"02ce9429-71b4-4e3a-9b83-617da86d297e\",\"発生年度\":2020}]]]]","last_polygon_uuid":"61944e12-17ad-468e-81a5-91343577f7e6","prev_last_polygon_uuid":"c9c9b88c-c75f-4252-a30f-55a051566bb4","local_government_cd":"016080","point_lng":142.943981701,"point_lat":42.150836334}},{"arcs":[[818,819,820,821]],"type":"Polygon","properties":{"polygon_uuid":"0ed3a2b7-c72e-4215-b927-59fbc60b7576","land_type":100,"issue_year":2025,"edit_year":2020,"history":"[{\"筆ポリゴンID\":\"e56f48d2-7082-4928-b012-7854025213ef\",\"更新年度\":2024,\"前年同一\":true},[{\"筆ポリゴンID\":\"45eb2a22-a201-4006-9511-d49a39b1b575\",\"更新年度\":2023,\"前年同一\":true},[{\"筆ポリゴンID\":\"3f7f946c-3aca-48c9-a06c-7db5c8642c79\",\"更新年度\":2022,\"前年同一\":true},[{\"筆ポリゴンID\":\"b041d538-db15-4ebe-b207-b5da371a31c4\",\"更新年度\":2021,\"前年同一\":true},{\"筆ポリゴンID\":\"b041d538-db15-4ebe-b207-b5da371a31c4\",\"発生年度\":2020}]]]]","last_polygon_uuid":"e56f48d2-7082-4928-b012-7854025213ef","prev_last_polygon_uuid":"45eb2a22-a201-4006-9511-d49a39b1b575","local_government_cd":"016080","point_lng":142.943948069,"point_lat":42.153081174}},{"arcs":[[822,823,824,825]],"type":"Polygon","properties":{"polygon_uuid":"42517d79-d394-4b64-a5fd-d7c3337e1e67","land_type":200,"issue_year":2025,"edit_year":2020,"history":"[{\"筆ポリゴンID\":\"a529d703-69fb-4aac-b40f-467f0ac26186\",\"更新年度\":2024,\"前年同一\":true},[{\"筆ポリゴンID\":\"c1e7cdeb-c3fb-4895-ae83-a64a33ed44de\",\"更新年度\":2023,\"前年同一\":true},[{\"筆ポリゴンID\":\"8689ca16-5ebc-496f-8ece-af466d5acd9d\",\"更新年度\":2022,\"前年同一\":true},[{\"筆ポリゴンID\":\"5d1d4eb2-01c0-40f0-9e04-21eddac302da\",\"更新年度\":2021,\"前年同一\":true},{\"筆ポリゴンID\":\"5d1d4eb2-01c0-40f0-9e04-21eddac302da\",\"発生年度\":2020}]]]]","last_polygon_uuid":"a529d703-69fb-4aac-b40f-467f0ac26186","prev_last_polygon_uuid":"c1e7cdeb-c3fb-4895-ae83-a64a33ed44de","local_government_cd":"016080","point_lng":142.940888123,"point_lat":42.138992081}},{"arcs":[[826,827]],"type":"Polygon","properties":{"polygon_uuid":"31522d77-ab0e-4095-bb6d-78206746acce","land_type":100,"issue_year":2025,"edit_year":2022,"history":"[{\"筆ポリゴンID\":\"8e4a35a2-16b7-4283-8e81-3244bf7a94c8\",\"更新年度\":2024,\"前年同一\":true},[{\"筆ポリゴンID\":\"a92636a1-39c2-42ba-9129-8ae2f85e9139\",\"更新年度\":2023,\"前年同一\":true},[{\"筆ポリゴンID\":\"f518f1e8-d550-494a-b849-e39153bf6427\",\"更新年度\":2022,\"関連\":true},[{\"筆ポリゴンID\":\"f728532a-9358-4fc9-9f99-6b2a8b5cd505\",\"更新年度\":2021,\"前年同一\":true},{\"筆ポリゴンID\":\"f728532a-9358-4fc9-9f99-6b2a8b5cd505\",\"発生年度\":2020}]]]]","last_polygon_uuid":"8e4a35a2-16b7-4283-8e81-3244bf7a94c8","prev_last_polygon_uuid":"a92636a1-39c2-42ba-9129-8ae2f85e9139","local_government_cd":"016080","point_lng":142.948498574,"point_lat":42.150717235}},{"arcs":[[828,829]],"type":"Polygon","properties":{"polygon_uuid":"ed2682ce-b150-40c2-ba7a-7a02eb1fcd6d","land_type":100,"issue_year":2025,"edit_year":2020,"history":"[{\"筆ポリゴンID\":\"88f9a492-cc46-45cb-9fb5-1716b4655974\",\"更新年度\":2024,\"前年同一\":true},[{\"筆ポリゴンID\":\"e0d0f7bc-1128-40c9-ac3c-ea8dd9efbf21\",\"更新年度\":2023,\"前年同一\":true},[{\"筆ポリゴンID\":\"44f2620e-7a81-4e07-8846-ec3ecc921bcf\",\"更新年度\":2022,\"前年同一\":true},[{\"筆ポリゴンID\":\"f58e5c54-6f07-483c-a153-6f1394384411\",\"更新年度\":2021,\"前年同一\":true},{\"筆ポリゴンID\":\"f58e5c54-6f07-483c-a153-6f1394384411\",\"発生年度\":2020}]]]]","last_polygon_uuid":"88f9a492-cc46-45cb-9fb5-1716b4655974","prev_last_polygon_uuid":"e0d0f7bc-1128-40c9-ac3c-ea8dd9efbf21","local_government_cd":"016080","point_lng":142.946100888,"point_lat":42.153723872}},{"arcs":[[830]],"type":"Polygon","properties":{"polygon_uuid":"09fe1dc2-0421-4841-bb70-736b1c0d4b04","land_type":200,"issue_year":2025,"edit_year":2020,"history":"[{\"筆ポリゴンID\":\"88de8c4d-8474-434a-8cf3-c8e65fce488f\",\"更新年度\":2024,\"前年同一\":true},[{\"筆ポリゴンID\":\"a6a3380e-2a8a-45a8-bf34-7778ceb23208\",\"更新年度\":2023,\"前年同一\":true},[{\"筆ポリゴンID\":\"07d25ff5-33c6-4a68-964a-847e7aca968a\",\"更新年度\":2022,\"前年同一\":true},[{\"筆ポリゴンID\":\"890d586e-c35b-437f-8296-93c692dd7296\",\"更新年度\":2021,\"前年同一\":true},{\"筆ポリゴンID\":\"890d586e-c35b-437f-8296-93c692dd7296\",\"発生年度\":2020}]]]]","last_polygon_uuid":"88de8c4d-8474-434a-8cf3-c8e65fce488f","prev_last_polygon_uuid":"a6a3380e-2a8a-45a8-bf34-7778ceb23208","local_government_cd":"016080","point_lng":142.937149194,"point_lat":42.152402236}},{"arcs":[[-776,831]],"type":"Polygon","properties":{"polygon_uuid":"d7ae55ac-0c17-40c6-81cf-e64e4220fe55","land_type":100,"issue_year":2025,"edit_year":2020,"history":"[{\"筆ポリゴンID\":\"f0cf0779-51f7-4f2f-b520-f098ca9e1d69\",\"更新年度\":2024,\"前年同一\":true},[{\"筆ポリゴンID\":\"8c8b9366-6f46-47b6-959a-2a5b39e8004b\",\"更新年度\":2023,\"前年同一\":true},[{\"筆ポリゴンID\":\"76ded6a1-556c-4c81-8893-31104f9a0dc5\",\"更新年度\":2022,\"前年同一\":true},[{\"筆ポリゴンID\":\"2fd98c3f-7e0f-423d-a96e-9f3f19188f1c\",\"更新年度\":2021,\"前年同一\":true},{\"筆ポリゴンID\":\"2fd98c3f-7e0f-423d-a96e-9f3f19188f1c\",\"発生年度\":2020}]]]]","last_polygon_uuid":"f0cf0779-51f7-4f2f-b520-f098ca9e1d69","prev_last_polygon_uuid":"8c8b9366-6f46-47b6-959a-2a5b39e8004b","local_government_cd":"016080","point_lng":142.942155382,"point_lat":42.145169103}},{"arcs":[[832,833,834,835]],"type":"Polygon","properties":{"polygon_uuid":"dffe49af-a126-42cc-acbc-053b7437a00b","land_type":100,"issue_year":2025,"edit_year":2020,"history":"[{\"筆ポリゴンID\":\"b1495747-364e-4b71-8f15-6f59a7a906ee\",\"更新年度\":2024,\"前年同一\":true},[{\"筆ポリゴンID\":\"7fd8bce7-1bee-4532-9a7a-0677297a09c0\",\"更新年度\":2023,\"前年同一\":true},[{\"筆ポリゴンID\":\"38079927-c183-4007-8b00-0e048dfc59fb\",\"更新年度\":2022,\"前年同一\":true},[{\"筆ポリゴンID\":\"afb437e0-ad7c-45a9-bb0c-f0bda3704f8d\",\"更新年度\":2021,\"前年同一\":true},{\"筆ポリゴンID\":\"afb437e0-ad7c-45a9-bb0c-f0bda3704f8d\",\"発生年度\":2020}]]]]","last_polygon_uuid":"b1495747-364e-4b71-8f15-6f59a7a906ee","prev_last_polygon_uuid":"7fd8bce7-1bee-4532-9a7a-0677297a09c0","local_government_cd":"016080","point_lng":142.93886284,"point_lat":42.139372925}},{"arcs":[[836]],"type":"Polygon","properties":{"polygon_uuid":"814c4e61-1cef-4572-91ac-861da9b62c61","land_type":200,"issue_year":2025,"edit_year":2020,"history":"[{\"筆ポリゴンID\":\"52b7d8f9-2342-4cc9-ab9a-398018f954a4\",\"更新年度\":2024,\"前年同一\":true},[{\"筆ポリゴンID\":\"f776787c-bffd-453b-9602-4451dba490a4\",\"更新年度\":2023,\"前年同一\":true},[{\"筆ポリゴンID\":\"7465b83f-4b5b-4e4d-807d-d538c92eee4b\",\"更新年度\":2022,\"前年同一\":true},[{\"筆ポリゴンID\":\"5f46db55-1b2a-4d9d-b2c2-1cfdf78241f2\",\"更新年度\":2021,\"前年同一\":true},{\"筆ポリゴンID\":\"5f46db55-1b2a-4d9d-b2c2-1cfdf78241f2\",\"発生年度\":2020}]]]]","last_polygon_uuid":"52b7d8f9-2342-4cc9-ab9a-398018f954a4","prev_last_polygon_uuid":"f776787c-bffd-453b-9602-4451dba490a4","local_government_cd":"016080","point_lng":142.952425963,"point_lat":42.136132547}},{"arcs":[[837]],"type":"Polygon","properties":{"polygon_uuid":"07169b06-761c-4acb-8613-cfa33d816aa9","land_type":200,"issue_year":2025,"edit_year":2020,"history":"[{\"筆ポリゴンID\":\"a8680e6c-377e-49fc-871d-1d823f561e6c\",\"更新年度\":2024,\"前年同一\":true},[{\"筆ポリゴンID\":\"4247295c-525d-48c5-945d-55d9524e05cf\",\"更新年度\":2023,\"前年同一\":true},[{\"筆ポリゴンID\":\"0e53ebf1-d94c-488e-be1c-7cd02073f1e5\",\"更新年度\":2022,\"前年同一\":true},[{\"筆ポリゴンID\":\"ec974e0b-4157-4ebc-9aee-e369fac7e494\",\"更新年度\":2021,\"前年同一\":true},{\"筆ポリゴンID\":\"ec974e0b-4157-4ebc-9aee-e369fac7e494\",\"発生年度\":2020}]]]]","last_polygon_uuid":"a8680e6c-377e-49fc-871d-1d823f561e6c","prev_last_polygon_uuid":"4247295c-525d-48c5-945d-55d9524e05cf","local_government_cd":"016080","point_lng":142.949765739,"point_lat":42.141673096}},{"arcs":[[838,839,840,-797]],"type":"Polygon","properties":{"polygon_uuid":"ee3e5fb8-836f-47ea-89e1-ce2a3df71c40","land_type":100,"issue_year":2025,"edit_year":2022,"history":"[{\"筆ポリゴンID\":\"ffc85f37-0d08-4924-9b9c-662382e83c57\",\"更新年度\":2024,\"前年同一\":true},[{\"筆ポリゴンID\":\"ecd6d176-d3df-4894-b184-d5b1fe7a1815\",\"更新年度\":2023,\"前年同一\":true},[{\"筆ポリゴンID\":\"d165984f-12aa-4b22-91e5-1a221ffdfc1b\",\"更新年度\":2022,\"関連\":true},[{\"筆ポリゴンID\":\"bd7580eb-f5e8-48ae-8341-33c0ee179360\",\"更新年度\":2021,\"前年同一\":true},{\"筆ポリゴンID\":\"bd7580eb-f5e8-48ae-8341-33c0ee179360\",\"発生年度\":2020}]]]]","last_polygon_uuid":"ffc85f37-0d08-4924-9b9c-662382e83c57","prev_last_polygon_uuid":"ecd6d176-d3df-4894-b184-d5b1fe7a1815","local_government_cd":"016080","point_lng":142.950046495,"point_lat":42.153176243}},{"arcs":[[841]],"type":"Polygon","properties":{"polygon_uuid":"67719daf-6f0e-48f5-972c-6575fac7bbc1","land_type":200,"issue_year":2025,"edit_year":2020,"history":"[{\"筆ポリゴンID\":\"e632bcda-d3ad-48c8-b61b-e9cf13781e50\",\"更新年度\":2024,\"前年同一\":true},[{\"筆ポリゴンID\":\"6423a856-ec3e-4cc1-93c9-b608039eefbc\",\"更新年度\":2023,\"前年同一\":true},[{\"筆ポリゴンID\":\"59ea6065-13b4-437d-901c-bf30da0514fc\",\"更新年度\":2022,\"前年同一\":true},[{\"筆ポリゴンID\":\"e51f6259-29cd-4dbd-a26d-8018e74adbd8\",\"更新年度\":2021,\"前年同一\":true},{\"筆ポリゴンID\":\"e51f6259-29cd-4dbd-a26d-8018e74adbd8\",\"発生年度\":2020}]]]]","last_polygon_uuid":"e632bcda-d3ad-48c8-b61b-e9cf13781e50","prev_last_polygon_uuid":"6423a856-ec3e-4cc1-93c9-b608039eefbc","local_government_cd":"016080","point_lng":142.939973161,"point_lat":42.162158499}},{"arcs":[[-515,842,-780]],"type":"Polygon","properties":{"polygon_uuid":"0bb158e9-377c-4001-a044-d4735f9c9f86","land_type":100,"issue_year":2025,"edit_year":2020,"history":"[{\"筆ポリゴンID\":\"6f780f31-1d17-4ecc-93ac-40ba05c1974a\",\"更新年度\":2024,\"前年同一\":true},[{\"筆ポリゴンID\":\"21e7a78f-04b0-419e-a604-92f9158f1b75\",\"更新年度\":2023,\"前年同一\":true},[{\"筆ポリゴンID\":\"272b3f9b-15b1-4efb-91b1-ac0f390faca8\",\"更新年度\":2022,\"前年同一\":true},[{\"筆ポリゴンID\":\"a5001c24-bd27-4eeb-9780-f0e61d6bad8a\",\"更新年度\":2021,\"前年同一\":true},{\"筆ポリゴンID\":\"a5001c24-bd27-4eeb-9780-f0e61d6bad8a\",\"発生年度\":2020}]]]]","last_polygon_uuid":"6f780f31-1d17-4ecc-93ac-40ba05c1974a","prev_last_polygon_uuid":"21e7a78f-04b0-419e-a604-92f9158f1b75","local_government_cd":"016080","point_lng":142.951351476,"point_lat":42.154268891}},{"arcs":[[843,844,845,-827]],"type":"Polygon","properties":{"polygon_uuid":"3fd6a1dd-b2c3-463d-9a94-3b9bec8c4785","land_type":100,"issue_year":2025,"edit_year":2022,"history":"[{\"筆ポリゴンID\":\"88d5ec40-2a0b-40ef-bff1-231e2c59f269\",\"更新年度\":2024,\"前年同一\":true},[{\"筆ポリゴンID\":\"cef5ed17-3df5-4dfd-9a6d-e88f5e29a7b5\",\"更新年度\":2023,\"前年同一\":true},[{\"筆ポリゴンID\":\"f518f1e8-d550-494a-b849-e39153bf6427\",\"更新年度\":2022,\"関連\":true},[{\"筆ポリゴンID\":\"f728532a-9358-4fc9-9f99-6b2a8b5cd505\",\"更新年度\":2021,\"前年同一\":true},{\"筆ポリゴンID\":\"f728532a-9358-4fc9-9f99-6b2a8b5cd505\",\"発生年度\":2020}]]]]","last_polygon_uuid":"88d5ec40-2a0b-40ef-bff1-231e2c59f269","prev_last_polygon_uuid":"cef5ed17-3df5-4dfd-9a6d-e88f5e29a7b5","local_government_cd":"016080","point_lng":142.948095465,"point_lat":42.150115963}},{"arcs":[[846,847,848,849]],"type":"Polygon","properties":{"polygon_uuid":"32aa5057-02bf-4bd2-bac5-2e487184cb1d","land_type":100,"issue_year":2025,"edit_year":2020,"history":"[{\"筆ポリゴンID\":\"86c3209f-9891-4b13-a945-81d75fcea96b\",\"更新年度\":2024,\"前年同一\":true},[{\"筆ポリゴンID\":\"6775e210-652e-44dd-8bf8-0ed6d3159f9b\",\"更新年度\":2023,\"前年同一\":true},[{\"筆ポリゴンID\":\"048efbfa-1a41-4155-abae-46565223debd\",\"更新年度\":2022,\"前年同一\":true},[{\"筆ポリゴンID\":\"2da655b0-bf76-403f-b484-d244e994f0bd\",\"更新年度\":2021,\"前年同一\":true},{\"筆ポリゴンID\":\"2da655b0-bf76-403f-b484-d244e994f0bd\",\"発生年度\":2020}]]]]","last_polygon_uuid":"86c3209f-9891-4b13-a945-81d75fcea96b","prev_last_polygon_uuid":"6775e210-652e-44dd-8bf8-0ed6d3159f9b","local_government_cd":"016080","point_lng":142.939097685,"point_lat":42.141843444}},{"arcs":[[850]],"type":"Polygon","properties":{"polygon_uuid":"6b2a998a-20e7-465f-a062-c1d84c45e310","land_type":200,"issue_year":2025,"edit_year":2020,"history":"[{\"筆ポリゴンID\":\"a54f27ef-1b3a-47be-9a27-e0060c66b39a\",\"更新年度\":2024,\"前年同一\":true},[{\"筆ポリゴンID\":\"16b6b029-1aa3-4b2a-bd1b-cb4fad3e2ccb\",\"更新年度\":2023,\"前年同一\":true},[{\"筆ポリゴンID\":\"7eb7abfc-1478-4208-b56c-fdc343099440\",\"更新年度\":2022,\"前年同一\":true},[{\"筆ポリゴンID\":\"ffdb874c-1fb7-44d0-9850-971ad92db91c\",\"更新年度\":2021,\"前年同一\":true},{\"筆ポリゴンID\":\"ffdb874c-1fb7-44d0-9850-971ad92db91c\",\"発生年度\":2020}]]]]","last_polygon_uuid":"a54f27ef-1b3a-47be-9a27-e0060c66b39a","prev_last_polygon_uuid":"16b6b029-1aa3-4b2a-bd1b-cb4fad3e2ccb","local_government_cd":"016080","point_lng":142.944751031,"point_lat":42.160257664}},{"arcs":[[851,852],[853]],"type":"Polygon","properties":{"polygon_uuid":"d9d95af5-d314-4a0b-810f-46652d059aa1","land_type":200,"issue_year":2025,"edit_year":2020,"history":"[{\"筆ポリゴンID\":\"11ddc20f-d224-4ef2-92aa-9b240c0f619c\",\"更新年度\":2024,\"前年同一\":true},[{\"筆ポリゴンID\":\"474734c3-d940-4c58-9bf8-01fdd6d4da31\",\"更新年度\":2023,\"前年同一\":true},[{\"筆ポリゴンID\":\"0ec9d55b-662a-4130-a9dd-b99f863d7f37\",\"更新年度\":2022,\"前年同一\":true},[{\"筆ポリゴンID\":\"ded722e1-2a29-425b-a72c-1f98b4c24f55\",\"更新年度\":2021,\"前年同一\":true},{\"筆ポリゴンID\":\"ded722e1-2a29-425b-a72c-1f98b4c24f55\",\"発生年度\":2020}]]]]","last_polygon_uuid":"11ddc20f-d224-4ef2-92aa-9b240c0f619c","prev_last_polygon_uuid":"474734c3-d940-4c58-9bf8-01fdd6d4da31","local_government_cd":"016080","point_lng":142.946303957,"point_lat":42.1379091}},{"arcs":[[-647,854]],"type":"Polygon","properties":{"polygon_uuid":"e4804c38-2d56-4941-b3ca-8de1bf6c77a4","land_type":200,"issue_year":2025,"edit_year":2020,"history":"[{\"筆ポリゴンID\":\"a5cfdbcd-bc8d-4c2e-80c4-5b382276efdc\",\"更新年度\":2024,\"前年同一\":true},[{\"筆ポリゴンID\":\"1634e30b-3c12-4853-8b11-aa2139f23127\",\"更新年度\":2023,\"前年同一\":true},[{\"筆ポリゴンID\":\"ace19948-dd65-4235-a3f6-6497a53722fa\",\"更新年度\":2022,\"前年同一\":true},[{\"筆ポリゴンID\":\"9032c1cd-d1ff-4345-983c-473476018ca7\",\"更新年度\":2021,\"前年同一\":true},{\"筆ポリゴンID\":\"9032c1cd-d1ff-4345-983c-473476018ca7\",\"発生年度\":2020}]]]]","last_polygon_uuid":"a5cfdbcd-bc8d-4c2e-80c4-5b382276efdc","prev_last_polygon_uuid":"1634e30b-3c12-4853-8b11-aa2139f23127","local_government_cd":"016080","point_lng":142.944973875,"point_lat":42.156551636}},{"arcs":[[855,856,857,858]],"type":"Polygon","properties":{"polygon_uuid":"46956344-0a98-4b81-a724-f5e61330653c","land_type":100,"issue_year":2025,"edit_year":2020,"history":"[{\"筆ポリゴンID\":\"90a8af45-bb65-4843-86d2-ad5470dd64b4\",\"更新年度\":2024,\"前年同一\":true},[{\"筆ポリゴンID\":\"5bdbba8e-00ab-4045-acb3-67d0c8bfe444\",\"更新年度\":2023,\"前年同一\":true},[{\"筆ポリゴンID\":\"155959cb-1b21-4536-a9fa-1c2ad802c427\",\"更新年度\":2022,\"前年同一\":true},[{\"筆ポリゴンID\":\"5a660c94-eccf-46d2-808e-3e72a1719025\",\"更新年度\":2021,\"前年同一\":true},{\"筆ポリゴンID\":\"5a660c94-eccf-46d2-808e-3e72a1719025\",\"発生年度\":2020}]]]]","last_polygon_uuid":"90a8af45-bb65-4843-86d2-ad5470dd64b4","prev_last_polygon_uuid":"5bdbba8e-00ab-4045-acb3-67d0c8bfe444","local_government_cd":"016080","point_lng":142.937906989,"point_lat":42.141799315}},{"arcs":[[859,860,861]],"type":"Polygon","properties":{"polygon_uuid":"739d8156-32ad-427e-a959-0a405ee116fb","land_type":100,"issue_year":2025,"edit_year":2020,"history":"[{\"筆ポリゴンID\":\"45bd3ad4-5e07-4243-9fab-b3a8d9e37e1e\",\"更新年度\":2024,\"前年同一\":true},[{\"筆ポリゴンID\":\"83212f55-ee37-4999-8848-e0a13d793bbb\",\"更新年度\":2023,\"前年同一\":true},[{\"筆ポリゴンID\":\"79258133-b881-487b-8098-ccb70ac6ca76\",\"更新年度\":2022,\"前年同一\":true},[{\"筆ポリゴンID\":\"c467c553-2b41-46c6-a461-39f3c02336f7\",\"更新年度\":2021,\"前年同一\":true},{\"筆ポリゴンID\":\"c467c553-2b41-46c6-a461-39f3c02336f7\",\"発生年度\":2020}]]]]","last_polygon_uuid":"45bd3ad4-5e07-4243-9fab-b3a8d9e37e1e","prev_last_polygon_uuid":"83212f55-ee37-4999-8848-e0a13d793bbb","local_government_cd":"016080","point_lng":142.940957396,"point_lat":42.147981836}},{"arcs":[[862,863,864]],"type":"Polygon","properties":{"polygon_uuid":"d68bff9f-19f6-4b90-bd7f-5011fdc68dba","land_type":100,"issue_year":2025,"edit_year":2020,"history":"[{\"筆ポリゴンID\":\"b3024efc-35db-47a4-9d02-d5c00053428e\",\"更新年度\":2024,\"前年同一\":true},[{\"筆ポリゴンID\":\"5c1acecd-c25d-4fd0-9b33-56fdcfd367fb\",\"更新年度\":2023,\"前年同一\":true},[{\"筆ポリゴンID\":\"75a623ee-1378-421c-ac7b-476f3aacd292\",\"更新年度\":2022,\"前年同一\":true},[{\"筆ポリゴンID\":\"695456d7-be0e-416d-9f54-afc9c217f223\",\"更新年度\":2021,\"前年同一\":true},{\"筆ポリゴンID\":\"695456d7-be0e-416d-9f54-afc9c217f223\",\"発生年度\":2020}]]]]","last_polygon_uuid":"b3024efc-35db-47a4-9d02-d5c00053428e","prev_last_polygon_uuid":"5c1acecd-c25d-4fd0-9b33-56fdcfd367fb","local_government_cd":"016080","point_lng":142.938455886,"point_lat":42.141145142}},{"arcs":[[865]],"type":"Polygon","properties":{"polygon_uuid":"d8925f64-7457-4d8e-8539-288aa7778e9d","land_type":200,"issue_year":2025,"edit_year":2020,"history":"[{\"筆ポリゴンID\":\"8bcdb149-865c-4a38-afa4-5ef7dd410d1c\",\"更新年度\":2024,\"前年同一\":true},[{\"筆ポリゴンID\":\"1204bb7d-cc56-4c18-ab5c-ba5d8de13ff8\",\"更新年度\":2023,\"前年同一\":true},[{\"筆ポリゴンID\":\"7ce92ac5-9773-48ab-81a0-bfbcc4e2a16e\",\"更新年度\":2022,\"前年同一\":true},[{\"筆ポリゴンID\":\"c33080fe-8939-404a-b1bf-cd61e62bab06\",\"更新年度\":2021,\"前年同一\":true},{\"筆ポリゴンID\":\"c33080fe-8939-404a-b1bf-cd61e62bab06\",\"発生年度\":2020}]]]]","last_polygon_uuid":"8bcdb149-865c-4a38-afa4-5ef7dd410d1c","prev_last_polygon_uuid":"1204bb7d-cc56-4c18-ab5c-ba5d8de13ff8","local_government_cd":"016080","point_lng":142.947420334,"point_lat":42.139006616}},{"arcs":[[866,867]],"type":"Polygon","properties":{"polygon_uuid":"aed9a136-01ba-4226-b608-ba3ea3ecb387","land_type":200,"issue_year":2025,"edit_year":2020,"history":"[{\"筆ポリゴンID\":\"0b910a96-bdf9-4961-abb3-e69209f74d06\",\"更新年度\":2024,\"前年同一\":true},[{\"筆ポリゴンID\":\"f203b834-d5e3-4619-9573-ebee5c28c453\",\"更新年度\":2023,\"前年同一\":true},[{\"筆ポリゴンID\":\"82cb529c-3fe9-430b-a908-2738e8013ec8\",\"更新年度\":2022,\"前年同一\":true},[{\"筆ポリゴンID\":\"4921327e-d89c-4571-85e2-cfa001c8e806\",\"更新年度\":2021,\"前年同一\":true},{\"筆ポリゴンID\":\"4921327e-d89c-4571-85e2-cfa001c8e806\",\"発生年度\":2020}]]]]","last_polygon_uuid":"0b910a96-bdf9-4961-abb3-e69209f74d06","prev_last_polygon_uuid":"f203b834-d5e3-4619-9573-ebee5c28c453","local_government_cd":"016080","point_lng":142.943543522,"point_lat":42.139007134}},{"arcs":[[868,869]],"type":"Polygon","properties":{"polygon_uuid":"ec45e0d5-1476-4c35-8a98-37009079c375","land_type":100,"issue_year":2025,"edit_year":2022,"history":"[{\"筆ポリゴンID\":\"731d09e5-9e74-40e2-b065-7d432194dbe1\",\"更新年度\":2024,\"前年同一\":true},[{\"筆ポリゴンID\":\"84801a57-4251-44c0-a364-0fcdd90ba16e\",\"更新年度\":2023,\"前年同一\":true},[{\"筆ポリゴンID\":\"ea2f9980-a1ab-4648-bfa9-c72aa2195a67\",\"更新年度\":2022,\"関連\":true},[{\"筆ポリゴンID\":\"30d21249-2de2-45c9-83d7-e63f09399880\",\"更新年度\":2021,\"前年同一\":true},{\"筆ポリゴンID\":\"30d21249-2de2-45c9-83d7-e63f09399880\",\"発生年度\":2020}]]]]","last_polygon_uuid":"731d09e5-9e74-40e2-b065-7d432194dbe1","prev_last_polygon_uuid":"84801a57-4251-44c0-a364-0fcdd90ba16e","local_government_cd":"016080","point_lng":142.939380491,"point_lat":42.15011367}},{"arcs":[[870,871]],"type":"Polygon","properties":{"polygon_uuid":"b53172f4-7e59-4e9e-9b96-c7ebffc8bd3a","land_type":200,"issue_year":2025,"edit_year":2020,"history":"[{\"筆ポリゴンID\":\"3c790037-39be-4e3c-bb9e-e3908ea9a26e\",\"更新年度\":2024,\"前年同一\":true},[{\"筆ポリゴンID\":\"4415c4d1-7aab-43b7-a2d5-9fb2760eaee4\",\"更新年度\":2023,\"前年同一\":true},[{\"筆ポリゴンID\":\"2a07241a-47c3-44cc-9e36-e71fc93fdcfc\",\"更新年度\":2022,\"前年同一\":true},[{\"筆ポリゴンID\":\"95ee576f-1423-40d6-ac03-8e6eb69fd2eb\",\"更新年度\":2021,\"前年同一\":true},{\"筆ポリゴンID\":\"95ee576f-1423-40d6-ac03-8e6eb69fd2eb\",\"発生年度\":2020}]]]]","last_polygon_uuid":"3c790037-39be-4e3c-bb9e-e3908ea9a26e","prev_last_polygon_uuid":"4415c4d1-7aab-43b7-a2d5-9fb2760eaee4","local_government_cd":"016080","point_lng":142.950261209,"point_lat":42.155797127}},{"arcs":[[872,873,874,-840]],"type":"Polygon","properties":{"polygon_uuid":"3afce5b9-904c-4c0c-b679-46fa2e3988a3","land_type":100,"issue_year":2025,"edit_year":2022,"history":"[{\"筆ポリゴンID\":\"20d150d3-c21e-4914-9d71-4e886f44ae79\",\"更新年度\":2024,\"前年同一\":true},[{\"筆ポリゴンID\":\"34781e68-cac7-4e32-a9d1-c883b891ebed\",\"更新年度\":2023,\"前年同一\":true},[{\"筆ポリゴンID\":\"d165984f-12aa-4b22-91e5-1a221ffdfc1b\",\"更新年度\":2022,\"関連\":true},[{\"筆ポリゴンID\":\"bd7580eb-f5e8-48ae-8341-33c0ee179360\",\"更新年度\":2021,\"前年同一\":true},{\"筆ポリゴンID\":\"bd7580eb-f5e8-48ae-8341-33c0ee179360\",\"発生年度\":2020}]]]]","last_polygon_uuid":"20d150d3-c21e-4914-9d71-4e886f44ae79","prev_last_polygon_uuid":"34781e68-cac7-4e32-a9d1-c883b891ebed","local_government_cd":"016080","point_lng":142.949888603,"point_lat":42.15296537}},{"arcs":[[875,876]],"type":"Polygon","properties":{"polygon_uuid":"f99c81c3-2861-4f5d-bca3-9dab3e838a30","land_type":200,"issue_year":2025,"edit_year":2020,"history":"[{\"筆ポリゴンID\":\"e15a2a2d-081f-4e7e-bab4-be92f6b41ab7\",\"更新年度\":2024,\"前年同一\":true},[{\"筆ポリゴンID\":\"6639da82-dbb6-43a5-8a68-516e6257e097\",\"更新年度\":2023,\"前年同一\":true},[{\"筆ポリゴンID\":\"71cb0ddf-1da1-42b1-a930-274dccae4d60\",\"更新年度\":2022,\"前年同一\":true},[{\"筆ポリゴンID\":\"ae56d1fa-e323-4bd5-b952-14e484aeb26b\",\"更新年度\":2021,\"前年同一\":true},{\"筆ポリゴンID\":\"ae56d1fa-e323-4bd5-b952-14e484aeb26b\",\"発生年度\":2020}]]]]","last_polygon_uuid":"e15a2a2d-081f-4e7e-bab4-be92f6b41ab7","prev_last_polygon_uuid":"6639da82-dbb6-43a5-8a68-516e6257e097","local_government_cd":"016080","point_lng":142.948521941,"point_lat":42.14031324}},{"arcs":[[877]],"type":"Polygon","properties":{"polygon_uuid":"6332eaa2-2622-4a00-aaae-e421c4a8382d","land_type":200,"issue_year":2025,"edit_year":2020,"history":"[{\"筆ポリゴンID\":\"81bdd107-33d2-480c-a239-5df12d02cf5f\",\"更新年度\":2024,\"前年同一\":true},[{\"筆ポリゴンID\":\"731d2548-b70a-4099-9ffe-b875eaad1719\",\"更新年度\":2023,\"前年同一\":true},[{\"筆ポリゴンID\":\"e52db908-99f0-4fcd-8a70-af8b4b5adce3\",\"更新年度\":2022,\"前年同一\":true},[{\"筆ポリゴンID\":\"a4cb6c54-616c-47cc-a6fb-18f6183d1579\",\"更新年度\":2021,\"前年同一\":true},{\"筆ポリゴンID\":\"a4cb6c54-616c-47cc-a6fb-18f6183d1579\",\"発生年度\":2020}]]]]","last_polygon_uuid":"81bdd107-33d2-480c-a239-5df12d02cf5f","prev_last_polygon_uuid":"731d2548-b70a-4099-9ffe-b875eaad1719","local_government_cd":"016080","point_lng":142.93469799,"point_lat":42.15124356}},{"arcs":[[878,879,880,881]],"type":"Polygon","properties":{"polygon_uuid":"fc30e37a-31e2-4f40-ac82-a443dc79fecc","land_type":100,"issue_year":2025,"edit_year":2020,"history":"[{\"筆ポリゴンID\":\"9e7d417f-873c-4605-8fce-da1b8abced7c\",\"更新年度\":2024,\"前年同一\":true},[{\"筆ポリゴンID\":\"9f0df526-b99e-418f-b791-5440de698891\",\"更新年度\":2023,\"前年同一\":true},[{\"筆ポリゴンID\":\"4c396aef-1445-4df3-a96e-aa4353491333\",\"更新年度\":2022,\"前年同一\":true},[{\"筆ポリゴンID\":\"384a069b-fdca-4745-8100-751250de7e87\",\"更新年度\":2021,\"前年同一\":true},{\"筆ポリゴンID\":\"384a069b-fdca-4745-8100-751250de7e87\",\"発生年度\":2020}]]]]","last_polygon_uuid":"9e7d417f-873c-4605-8fce-da1b8abced7c","prev_last_polygon_uuid":"9f0df526-b99e-418f-b791-5440de698891","local_government_cd":"016080","point_lng":142.947560886,"point_lat":42.152617577}},{"arcs":[[882]],"type":"Polygon","properties":{"polygon_uuid":"f826647f-dbd6-483f-a34d-aaa87038dca3","land_type":200,"issue_year":2025,"edit_year":2020,"history":"[{\"筆ポリゴンID\":\"64755644-184e-401b-b837-e287583b8f3c\",\"更新年度\":2024,\"前年同一\":true},[{\"筆ポリゴンID\":\"75d3b50f-00ca-4647-b909-6d90a5bfdd1e\",\"更新年度\":2023,\"前年同一\":true},[{\"筆ポリゴンID\":\"9369b15c-1748-4ecb-a19f-41c79922323f\",\"更新年度\":2022,\"前年同一\":true},[{\"筆ポリゴンID\":\"5c5b229e-dd2a-4a29-88c3-bc5458bf329c\",\"更新年度\":2021,\"前年同一\":true},{\"筆ポリゴンID\":\"5c5b229e-dd2a-4a29-88c3-bc5458bf329c\",\"発生年度\":2020}]]]]","last_polygon_uuid":"64755644-184e-401b-b837-e287583b8f3c","prev_last_polygon_uuid":"75d3b50f-00ca-4647-b909-6d90a5bfdd1e","local_government_cd":"016080","point_lng":142.949549647,"point_lat":42.148350615}},{"arcs":[[883]],"type":"Polygon","properties":{"polygon_uuid":"6797ccb3-613d-4e00-8cfc-a58c1e90549b","land_type":200,"issue_year":2025,"edit_year":2020,"history":"[{\"筆ポリゴンID\":\"c27f81c0-0010-4bc8-917c-9612a3ba3247\",\"更新年度\":2024,\"前年同一\":true},[{\"筆ポリゴンID\":\"0578cc10-fe7a-43b5-97e5-4cae12561109\",\"更新年度\":2023,\"前年同一\":true},[{\"筆ポリゴンID\":\"af4508ab-3b70-474d-9c49-fab006dd86a0\",\"更新年度\":2022,\"前年同一\":true},[{\"筆ポリゴンID\":\"07212cd2-1946-4845-86a5-dae1f557372e\",\"更新年度\":2021,\"前年同一\":true},{\"筆ポリゴンID\":\"07212cd2-1946-4845-86a5-dae1f557372e\",\"発生年度\":2020}]]]]","last_polygon_uuid":"c27f81c0-0010-4bc8-917c-9612a3ba3247","prev_last_polygon_uuid":"0578cc10-fe7a-43b5-97e5-4cae12561109","local_government_cd":"016080","point_lng":142.949790018,"point_lat":42.136793516}},{"arcs":[[884,-785]],"type":"Polygon","properties":{"polygon_uuid":"09658fe6-33a6-445c-baaa-0bcda1906808","land_type":200,"issue_year":2025,"edit_year":2020,"history":"[{\"筆ポリゴンID\":\"c1a41ce1-a44e-49e1-95a5-e59e6e7ae830\",\"更新年度\":2024,\"前年同一\":true},[{\"筆ポリゴンID\":\"441d3acf-0ef9-4a02-b67b-2b17ebb8a296\",\"更新年度\":2023,\"前年同一\":true},[{\"筆ポリゴンID\":\"55404e07-6142-4f7c-bf0a-b466107d882a\",\"更新年度\":2022,\"前年同一\":true},[{\"筆ポリゴンID\":\"a88317c3-033e-46d9-89a8-d1b7dbbcdb9c\",\"更新年度\":2021,\"前年同一\":true},{\"筆ポリゴンID\":\"a88317c3-033e-46d9-89a8-d1b7dbbcdb9c\",\"発生年度\":2020}]]]]","last_polygon_uuid":"c1a41ce1-a44e-49e1-95a5-e59e6e7ae830","prev_last_polygon_uuid":"441d3acf-0ef9-4a02-b67b-2b17ebb8a296","local_government_cd":"016080","point_lng":142.944804567,"point_lat":42.134289011}},{"arcs":[[-876,885]],"type":"Polygon","properties":{"polygon_uuid":"ada9b9c5-d65e-4257-89c3-8cb9d9398a84","land_type":200,"issue_year":2025,"edit_year":2020,"history":"[{\"筆ポリゴンID\":\"ac255094-2a85-4694-a1cb-9e6fc118cabd\",\"更新年度\":2024,\"前年同一\":true},[{\"筆ポリゴンID\":\"e9694fc4-1614-46ba-964c-128768a66a91\",\"更新年度\":2023,\"前年同一\":true},[{\"筆ポリゴンID\":\"9289dc1d-5b67-4550-91d9-6fd4f4008976\",\"更新年度\":2022,\"前年同一\":true},[{\"筆ポリゴンID\":\"a7b02631-ce15-429f-80fe-9450794fa0e2\",\"更新年度\":2021,\"前年同一\":true},{\"筆ポリゴンID\":\"a7b02631-ce15-429f-80fe-9450794fa0e2\",\"発生年度\":2020}]]]]","last_polygon_uuid":"ac255094-2a85-4694-a1cb-9e6fc118cabd","prev_last_polygon_uuid":"e9694fc4-1614-46ba-964c-128768a66a91","local_government_cd":"016080","point_lng":142.946743026,"point_lat":42.14035947}},{"arcs":[[886]],"type":"Polygon","properties":{"polygon_uuid":"b741c37c-3a77-4a0a-be28-ea07d34c0d3f","land_type":200,"issue_year":2025,"edit_year":2020,"history":"[{\"筆ポリゴンID\":\"2bad3353-e7ee-47ae-ab50-4883c5f3b774\",\"更新年度\":2024,\"前年同一\":true},[{\"筆ポリゴンID\":\"b9a2fc70-f5e2-4275-af97-16729872a9d8\",\"更新年度\":2023,\"前年同一\":true},[{\"筆ポリゴンID\":\"cc2b0716-28b0-408a-91df-2ebe8cb4f999\",\"更新年度\":2022,\"前年同一\":true},[{\"筆ポリゴンID\":\"33949f7e-7e76-4b82-9911-560853c2b998\",\"更新年度\":2021,\"前年同一\":true},{\"筆ポリゴンID\":\"33949f7e-7e76-4b82-9911-560853c2b998\",\"発生年度\":2020}]]]]","last_polygon_uuid":"2bad3353-e7ee-47ae-ab50-4883c5f3b774","prev_last_polygon_uuid":"b9a2fc70-f5e2-4275-af97-16729872a9d8","local_government_cd":"016080","point_lng":142.948938401,"point_lat":42.138997406}},{"arcs":[[887]],"type":"Polygon","properties":{"polygon_uuid":"20d3e0b6-a894-4486-a4a0-dddcdcbd9c71","land_type":200,"issue_year":2025,"edit_year":2020,"history":"[{\"筆ポリゴンID\":\"51aa4da8-5338-43ec-9d35-0074244d3ed8\",\"更新年度\":2024,\"前年同一\":true},[{\"筆ポリゴンID\":\"efdbd414-4732-4e25-bb08-871d5d29d06d\",\"更新年度\":2023,\"前年同一\":true},[{\"筆ポリゴンID\":\"c6035a12-72c6-4540-909b-8f04f8eac698\",\"更新年度\":2022,\"前年同一\":true},[{\"筆ポリゴンID\":\"a85e27a3-dc8c-4b44-b85c-66f0850ba41d\",\"更新年度\":2021,\"前年同一\":true},{\"筆ポリゴンID\":\"a85e27a3-dc8c-4b44-b85c-66f0850ba41d\",\"発生年度\":2020}]]]]","last_polygon_uuid":"51aa4da8-5338-43ec-9d35-0074244d3ed8","prev_last_polygon_uuid":"efdbd414-4732-4e25-bb08-871d5d29d06d","local_government_cd":"016080","point_lng":142.941046633,"point_lat":42.156177491}},{"arcs":[[-643,888]],"type":"Polygon","properties":{"polygon_uuid":"c7015dbf-9d07-48df-a65c-a534c83e61a9","land_type":200,"issue_year":2025,"edit_year":2020,"history":"[{\"筆ポリゴンID\":\"2f539cb8-5816-44fa-b725-52817324165b\",\"更新年度\":2024,\"前年同一\":true},[{\"筆ポリゴンID\":\"1a43a0e2-a472-4e59-82ea-e2cf95df6d18\",\"更新年度\":2023,\"前年同一\":true},[{\"筆ポリゴンID\":\"dc164e7d-d250-4aa9-b555-1bee9227822e\",\"更新年度\":2022,\"前年同一\":true},[{\"筆ポリゴンID\":\"1495da3b-318b-4072-bcdd-66f6d1c65a03\",\"更新年度\":2021,\"前年同一\":true},{\"筆ポリゴンID\":\"1495da3b-318b-4072-bcdd-66f6d1c65a03\",\"発生年度\":2020}]]]]","last_polygon_uuid":"2f539cb8-5816-44fa-b725-52817324165b","prev_last_polygon_uuid":"1a43a0e2-a472-4e59-82ea-e2cf95df6d18","local_government_cd":"016080","point_lng":142.948469133,"point_lat":42.155941693}},{"arcs":[[889,-852]],"type":"Polygon","properties":{"polygon_uuid":"a9a9ed6c-dc2b-4bcc-9ed9-d583e025cd40","land_type":200,"issue_year":2025,"edit_year":2020,"history":"[{\"筆ポリゴンID\":\"6dec0ba6-e42e-4fbc-80a3-b6fc5cd4f29c\",\"更新年度\":2024,\"前年同一\":true},[{\"筆ポリゴンID\":\"ff976d56-a9aa-4695-9687-4c4e272b1609\",\"更新年度\":2023,\"前年同一\":true},[{\"筆ポリゴンID\":\"5bb8c4d1-685b-4912-8659-76cff296e7ff\",\"更新年度\":2022,\"前年同一\":true},[{\"筆ポリゴンID\":\"2e3ab495-d347-426f-8108-f04c39a6617d\",\"更新年度\":2021,\"前年同一\":true},{\"筆ポリゴンID\":\"2e3ab495-d347-426f-8108-f04c39a6617d\",\"発生年度\":2020}]]]]","last_polygon_uuid":"6dec0ba6-e42e-4fbc-80a3-b6fc5cd4f29c","prev_last_polygon_uuid":"ff976d56-a9aa-4695-9687-4c4e272b1609","local_government_cd":"016080","point_lng":142.945966485,"point_lat":42.138958877}},{"arcs":[[890]],"type":"Polygon","properties":{"polygon_uuid":"9679b0a6-5588-4552-98da-4542a2039abb","land_type":200,"issue_year":2025,"edit_year":2020,"history":"[{\"筆ポリゴンID\":\"919c483d-64f2-47f3-b21c-00e41b7159ab\",\"更新年度\":2024,\"前年同一\":true},[{\"筆ポリゴンID\":\"2cd13ceb-44a7-42c3-9f86-a62117ddab8c\",\"更新年度\":2023,\"前年同一\":true},[{\"筆ポリゴンID\":\"91d9ed98-81a8-481f-8848-0cc6ddcf99a0\",\"更新年度\":2022,\"前年同一\":true},[{\"筆ポリゴンID\":\"4a0891b2-15e3-47af-876d-5f7663189d2d\",\"更新年度\":2021,\"前年同一\":true},{\"筆ポリゴンID\":\"4a0891b2-15e3-47af-876d-5f7663189d2d\",\"発生年度\":2020}]]]]","last_polygon_uuid":"919c483d-64f2-47f3-b21c-00e41b7159ab","prev_last_polygon_uuid":"2cd13ceb-44a7-42c3-9f86-a62117ddab8c","local_government_cd":"016080","point_lng":142.949368579,"point_lat":42.142777676}},{"arcs":[[891]],"type":"Polygon","properties":{"polygon_uuid":"6c41489a-bb7e-45dc-8f8b-88c2b602ed70","land_type":200,"issue_year":2025,"edit_year":2020,"history":"[{\"筆ポリゴンID\":\"28bcc48c-e77b-421c-8b6a-49cdf96525ab\",\"更新年度\":2024,\"前年同一\":true},[{\"筆ポリゴンID\":\"385f1586-4c40-43da-9ffa-c40f1f2f8ed9\",\"更新年度\":2023,\"前年同一\":true},[{\"筆ポリゴンID\":\"f3164232-0096-495f-a922-d7aed4669264\",\"更新年度\":2022,\"前年同一\":true},[{\"筆ポリゴンID\":\"b24782fa-9b0a-48fb-afb2-63e8738d853d\",\"更新年度\":2021,\"前年同一\":true},{\"筆ポリゴンID\":\"b24782fa-9b0a-48fb-afb2-63e8738d853d\",\"発生年度\":2020}]]]]","last_polygon_uuid":"28bcc48c-e77b-421c-8b6a-49cdf96525ab","prev_last_polygon_uuid":"385f1586-4c40-43da-9ffa-c40f1f2f8ed9","local_government_cd":"016080","point_lng":142.944066961,"point_lat":42.136871782}},{"arcs":[[892,893,894,895]],"type":"Polygon","properties":{"polygon_uuid":"f97cc84d-e2a5-46b9-8dd5-c4e995ef9efe","land_type":100,"issue_year":2025,"edit_year":2020,"history":"[{\"筆ポリゴンID\":\"e4630aa0-1452-43cc-89aa-703c78e9b99e\",\"更新年度\":2024,\"前年同一\":true},[{\"筆ポリゴンID\":\"c56688db-5f05-4395-86eb-b84e2c7f2546\",\"更新年度\":2023,\"前年同一\":true},[{\"筆ポリゴンID\":\"0f1a33e4-119c-4a12-b697-e218d77e2382\",\"更新年度\":2022,\"前年同一\":true},[{\"筆ポリゴンID\":\"0399a410-5893-44a2-a2e9-9ab4a9499582\",\"更新年度\":2021,\"前年同一\":true},{\"筆ポリゴンID\":\"0399a410-5893-44a2-a2e9-9ab4a9499582\",\"発生年度\":2020}]]]]","last_polygon_uuid":"e4630aa0-1452-43cc-89aa-703c78e9b99e","prev_last_polygon_uuid":"c56688db-5f05-4395-86eb-b84e2c7f2546","local_government_cd":"016080","point_lng":142.938218336,"point_lat":42.142445063}},{"arcs":[[896,897]],"type":"Polygon","properties":{"polygon_uuid":"b81e468e-e203-4178-9602-fa5c8fd5692a","land_type":200,"issue_year":2025,"edit_year":2020,"history":"[{\"筆ポリゴンID\":\"400ce905-a985-4891-9b61-771bd89fc0c3\",\"更新年度\":2024,\"前年同一\":true},[{\"筆ポリゴンID\":\"06e18e70-2e71-4d64-bd33-3844488d2f6b\",\"更新年度\":2023,\"前年同一\":true},[{\"筆ポリゴンID\":\"4f4a8677-5f44-4f46-b3de-2f026404d1d5\",\"更新年度\":2022,\"前年同一\":true},[{\"筆ポリゴンID\":\"62dec0f5-0551-4f4f-b34c-9e83d215f700\",\"更新年度\":2021,\"前年同一\":true},{\"筆ポリゴンID\":\"62dec0f5-0551-4f4f-b34c-9e83d215f700\",\"発生年度\":2020}]]]]","last_polygon_uuid":"400ce905-a985-4891-9b61-771bd89fc0c3","prev_last_polygon_uuid":"06e18e70-2e71-4d64-bd33-3844488d2f6b","local_government_cd":"016080","point_lng":142.934269212,"point_lat":42.157832252}},{"arcs":[[-569,898,-735,899,900]],"type":"Polygon","properties":{"polygon_uuid":"985b16e3-3c47-410a-a6bb-c07b94587eba","land_type":100,"issue_year":2025,"edit_year":2020,"history":"[{\"筆ポリゴンID\":\"8571d9ce-0216-4f8f-bf6b-e7a07d33bd0e\",\"更新年度\":2024,\"前年同一\":true},[{\"筆ポリゴンID\":\"1d1b1a9b-3055-40e7-bbac-eae42266cd0a\",\"更新年度\":2023,\"前年同一\":true},[{\"筆ポリゴンID\":\"2b4d9680-ec08-417f-b9a8-3cc6ac12119c\",\"更新年度\":2022,\"前年同一\":true},[{\"筆ポリゴンID\":\"4d4bd920-73ff-4f8a-942f-f3cb3952ef45\",\"更新年度\":2021,\"前年同一\":true},{\"筆ポリゴンID\":\"4d4bd920-73ff-4f8a-942f-f3cb3952ef45\",\"発生年度\":2020}]]]]","last_polygon_uuid":"8571d9ce-0216-4f8f-bf6b-e7a07d33bd0e","prev_last_polygon_uuid":"1d1b1a9b-3055-40e7-bbac-eae42266cd0a","local_government_cd":"016080","point_lng":142.940891302,"point_lat":42.14221272}},{"arcs":[[901]],"type":"Polygon","properties":{"polygon_uuid":"2d32052f-3ac9-40de-a703-7cc3651e109f","land_type":200,"issue_year":2025,"edit_year":2020,"history":"[{\"筆ポリゴンID\":\"10d223a5-ee89-4c84-8a80-ed125539844e\",\"更新年度\":2024,\"前年同一\":true},[{\"筆ポリゴンID\":\"bf747668-faf2-43e9-bcc2-a6d88b80d40c\",\"更新年度\":2023,\"前年同一\":true},[{\"筆ポリゴンID\":\"09b70eda-8cac-49b0-8d0c-1bd310c110ac\",\"更新年度\":2022,\"前年同一\":true},[{\"筆ポリゴンID\":\"d78dcefe-c4ce-490a-9d2d-64d6b74c8d3a\",\"更新年度\":2021,\"前年同一\":true},{\"筆ポリゴンID\":\"d78dcefe-c4ce-490a-9d2d-64d6b74c8d3a\",\"発生年度\":2020}]]]]","last_polygon_uuid":"10d223a5-ee89-4c84-8a80-ed125539844e","prev_last_polygon_uuid":"bf747668-faf2-43e9-bcc2-a6d88b80d40c","local_government_cd":"016080","point_lng":142.926006892,"point_lat":42.157714314}},{"arcs":[[902,903,904,-769]],"type":"Polygon","properties":{"polygon_uuid":"91f47dfd-29f9-4605-8efb-420dd49f98ac","land_type":100,"issue_year":2025,"edit_year":2020,"history":"[{\"筆ポリゴンID\":\"45b6a4ec-5dca-46c0-a456-b7615686c6c8\",\"更新年度\":2024,\"前年同一\":true},[{\"筆ポリゴンID\":\"8aa4cfb4-2781-4df5-a4ca-5b518a86784d\",\"更新年度\":2023,\"前年同一\":true},[{\"筆ポリゴンID\":\"ee1323a0-c11e-4a70-8caf-7d75ea094a43\",\"更新年度\":2022,\"前年同一\":true},[{\"筆ポリゴンID\":\"285b7c40-c2fa-4a81-b1f7-ef14a4ed6331\",\"更新年度\":2021,\"前年同一\":true},{\"筆ポリゴンID\":\"285b7c40-c2fa-4a81-b1f7-ef14a4ed6331\",\"発生年度\":2020}]]]]","last_polygon_uuid":"45b6a4ec-5dca-46c0-a456-b7615686c6c8","prev_last_polygon_uuid":"8aa4cfb4-2781-4df5-a4ca-5b518a86784d","local_government_cd":"016080","point_lng":142.945542111,"point_lat":42.152834182}},{"arcs":[[905,906]],"type":"Polygon","properties":{"polygon_uuid":"bc8f7105-9c50-4e67-94f7-8102e784371c","land_type":200,"issue_year":2025,"edit_year":2020,"history":"[{\"筆ポリゴンID\":\"bb7f42f0-18e4-4bb3-812b-6b9662e01091\",\"更新年度\":2024,\"前年同一\":true},[{\"筆ポリゴンID\":\"c757edc5-43c3-4ef0-ab38-e0df9250f4cc\",\"更新年度\":2023,\"前年同一\":true},[{\"筆ポリゴンID\":\"f72a034c-59d0-48a4-bea7-c8950fb9ed7c\",\"更新年度\":2022,\"前年同一\":true},[{\"筆ポリゴンID\":\"381afed1-4398-4dc9-8a19-a4c57e34db8a\",\"更新年度\":2021,\"前年同一\":true},{\"筆ポリゴンID\":\"381afed1-4398-4dc9-8a19-a4c57e34db8a\",\"発生年度\":2020}]]]]","last_polygon_uuid":"bb7f42f0-18e4-4bb3-812b-6b9662e01091","prev_last_polygon_uuid":"c757edc5-43c3-4ef0-ab38-e0df9250f4cc","local_government_cd":"016080","point_lng":142.942768528,"point_lat":42.158320923}},{"arcs":[[907]],"type":"Polygon","properties":{"polygon_uuid":"8d008d7c-4522-4e45-9dc5-d7d0128f1821","land_type":200,"issue_year":2025,"edit_year":2020,"history":"[{\"筆ポリゴンID\":\"c60e39e4-b7c1-44a6-83a4-dba627a9c9a2\",\"更新年度\":2024,\"前年同一\":true},[{\"筆ポリゴンID\":\"88211a0a-eb8a-4498-a725-0fb15010cda5\",\"更新年度\":2023,\"前年同一\":true},[{\"筆ポリゴンID\":\"56f74e39-801f-4a23-964d-edf27588625a\",\"更新年度\":2022,\"前年同一\":true},[{\"筆ポリゴンID\":\"25ed63eb-cfe1-46ca-8ff8-cfdd57e052a5\",\"更新年度\":2021,\"前年同一\":true},{\"筆ポリゴンID\":\"25ed63eb-cfe1-46ca-8ff8-cfdd57e052a5\",\"発生年度\":2020}]]]]","last_polygon_uuid":"c60e39e4-b7c1-44a6-83a4-dba627a9c9a2","prev_last_polygon_uuid":"88211a0a-eb8a-4498-a725-0fb15010cda5","local_government_cd":"016080","point_lng":142.941984184,"point_lat":42.144257294}},{"arcs":[[908,909]],"type":"Polygon","properties":{"polygon_uuid":"330b66b9-d63f-47f8-9a95-cac0283ce695","land_type":200,"issue_year":2025,"edit_year":2020,"history":"[{\"筆ポリゴンID\":\"68faee9d-95a5-4584-b6af-5410285b1e2f\",\"更新年度\":2024,\"前年同一\":true},[{\"筆ポリゴンID\":\"25937eb5-81b6-4b6c-a006-a2699df72b43\",\"更新年度\":2023,\"前年同一\":true},[{\"筆ポリゴンID\":\"0622830b-ad0a-499a-b404-8bc2b76838ff\",\"更新年度\":2022,\"前年同一\":true},[{\"筆ポリゴンID\":\"4c3ac097-4dce-4ff3-a6e1-b28a83782861\",\"更新年度\":2021,\"前年同一\":true},{\"筆ポリゴンID\":\"4c3ac097-4dce-4ff3-a6e1-b28a83782861\",\"発生年度\":2020}]]]]","last_polygon_uuid":"68faee9d-95a5-4584-b6af-5410285b1e2f","prev_last_polygon_uuid":"25937eb5-81b6-4b6c-a006-a2699df72b43","local_government_cd":"016080","point_lng":142.927057934,"point_lat":42.168695125}},{"arcs":[[-579,910,-660,911]],"type":"Polygon","properties":{"polygon_uuid":"0abb0b73-e820-4951-a267-452afefd5169","land_type":100,"issue_year":2025,"edit_year":2020,"history":"[{\"筆ポリゴンID\":\"4f06008b-3725-4c20-80f4-c4ab061d6f50\",\"更新年度\":2024,\"前年同一\":true},[{\"筆ポリゴンID\":\"3bcd297d-6bf3-46b3-9015-3db232f27d8d\",\"更新年度\":2023,\"前年同一\":true},[{\"筆ポリゴンID\":\"eba1b0bf-4035-4c11-929a-f866abca917d\",\"更新年度\":2022,\"前年同一\":true},[{\"筆ポリゴンID\":\"b15838e9-4154-4c04-bc59-58b184c850bc\",\"更新年度\":2021,\"前年同一\":true},{\"筆ポリゴンID\":\"b15838e9-4154-4c04-bc59-58b184c850bc\",\"発生年度\":2020}]]]]","last_polygon_uuid":"4f06008b-3725-4c20-80f4-c4ab061d6f50","prev_last_polygon_uuid":"3bcd297d-6bf3-46b3-9015-3db232f27d8d","local_government_cd":"016080","point_lng":142.944754002,"point_lat":42.145977103}},{"arcs":[[912],[913]],"type":"Polygon","properties":{"polygon_uuid":"5275ec4b-70bd-449d-9cb4-7c2f8ca59479","land_type":200,"issue_year":2025,"edit_year":2020,"history":"[{\"筆ポリゴンID\":\"7100df25-5199-4420-838d-6987edd9824e\",\"更新年度\":2024,\"前年同一\":true},[{\"筆ポリゴンID\":\"cc57750d-6463-42bb-8f6d-121111450831\",\"更新年度\":2023,\"前年同一\":true},[{\"筆ポリゴンID\":\"d7074eb4-1032-488c-8f38-595090a5db3a\",\"更新年度\":2022,\"前年同一\":true},[{\"筆ポリゴンID\":\"04739a72-777a-40c0-9498-4d18bd52eeb4\",\"更新年度\":2021,\"前年同一\":true},{\"筆ポリゴンID\":\"04739a72-777a-40c0-9498-4d18bd52eeb4\",\"発生年度\":2020}]]]]","last_polygon_uuid":"7100df25-5199-4420-838d-6987edd9824e","prev_last_polygon_uuid":"cc57750d-6463-42bb-8f6d-121111450831","local_government_cd":"016080","point_lng":142.947030003,"point_lat":42.134720659}},{"arcs":[[-910,914]],"type":"Polygon","properties":{"polygon_uuid":"4faf11b9-aa0f-433c-98e6-f1a45d09b23e","land_type":200,"issue_year":2025,"edit_year":2020,"history":"[{\"筆ポリゴンID\":\"8131663f-4271-4935-8ba5-9a69fc1fd66c\",\"更新年度\":2024,\"前年同一\":true},[{\"筆ポリゴンID\":\"be59f824-f9c9-443f-8cd3-abeb9047155b\",\"更新年度\":2023,\"前年同一\":true},[{\"筆ポリゴンID\":\"70614d54-28c8-47e2-bf1c-e0f9a7d668d8\",\"更新年度\":2022,\"前年同一\":true},[{\"筆ポリゴンID\":\"4346ae42-031b-432e-94fe-771f76156ec1\",\"更新年度\":2021,\"前年同一\":true},{\"筆ポリゴンID\":\"4346ae42-031b-432e-94fe-771f76156ec1\",\"発生年度\":2020}]]]]","last_polygon_uuid":"8131663f-4271-4935-8ba5-9a69fc1fd66c","prev_last_polygon_uuid":"be59f824-f9c9-443f-8cd3-abeb9047155b","local_government_cd":"016080","point_lng":142.925669458,"point_lat":42.164702432}},{"arcs":[[915]],"type":"Polygon","properties":{"polygon_uuid":"54e1ff82-cd86-41bb-86f9-fd9ada83bef4","land_type":200,"issue_year":2025,"edit_year":2020,"history":"[{\"筆ポリゴンID\":\"1b30b959-4bba-4a49-a410-29f78fba918d\",\"更新年度\":2024,\"前年同一\":true},[{\"筆ポリゴンID\":\"ca5f4df2-aa9e-48cc-b298-7ae2d3c8d0c3\",\"更新年度\":2023,\"前年同一\":true},[{\"筆ポリゴンID\":\"1db4cb9c-b889-48a8-bbd8-f7b5c51247c8\",\"更新年度\":2022,\"前年同一\":true},[{\"筆ポリゴンID\":\"d5a0b598-48f5-4438-803a-06c09ba54068\",\"更新年度\":2021,\"前年同一\":true},{\"筆ポリゴンID\":\"d5a0b598-48f5-4438-803a-06c09ba54068\",\"発生年度\":2020}]]]]","last_polygon_uuid":"1b30b959-4bba-4a49-a410-29f78fba918d","prev_last_polygon_uuid":"ca5f4df2-aa9e-48cc-b298-7ae2d3c8d0c3","local_government_cd":"016080","point_lng":142.926601507,"point_lat":42.156029741}},{"arcs":[[916]],"type":"Polygon","properties":{"polygon_uuid":"1f81df6f-1452-4c30-b853-bd5476c36692","land_type":200,"issue_year":2025,"edit_year":2020,"history":"[{\"筆ポリゴンID\":\"15048893-abe6-4c4d-975d-cf57f5dbc428\",\"更新年度\":2024,\"前年同一\":true},[{\"筆ポリゴンID\":\"1cb0cf54-04d9-4418-98ca-fad90c2cfd63\",\"更新年度\":2023,\"前年同一\":true},[{\"筆ポリゴンID\":\"1b2ecdb3-75a8-4582-9b74-ede7d3c10d91\",\"更新年度\":2022,\"前年同一\":true},[{\"筆ポリゴンID\":\"5883809c-7e22-4a7e-92c4-71c9c3382f50\",\"更新年度\":2021,\"前年同一\":true},{\"筆ポリゴンID\":\"5883809c-7e22-4a7e-92c4-71c9c3382f50\",\"発生年度\":2020}]]]]","last_polygon_uuid":"15048893-abe6-4c4d-975d-cf57f5dbc428","prev_last_polygon_uuid":"1cb0cf54-04d9-4418-98ca-fad90c2cfd63","local_government_cd":"016080","point_lng":142.949179769,"point_lat":42.14482135}},{"arcs":[[-778,917,-597,-627,918]],"type":"Polygon","properties":{"polygon_uuid":"507b012a-7513-4c6f-a9e3-e3e60a99e006","land_type":100,"issue_year":2025,"edit_year":2020,"history":"[{\"筆ポリゴンID\":\"936e786e-68b9-45ba-86fe-b5a214dd21e8\",\"更新年度\":2024,\"前年同一\":true},[{\"筆ポリゴンID\":\"56c1c67c-4129-4a01-9ce6-c1b289ca8115\",\"更新年度\":2023,\"前年同一\":true},[{\"筆ポリゴンID\":\"016fb037-5866-467d-89d7-23939eae143c\",\"更新年度\":2022,\"前年同一\":true},[{\"筆ポリゴンID\":\"1a6a53fb-719b-480d-88c5-efef406b7cda\",\"更新年度\":2021,\"前年同一\":true},{\"筆ポリゴンID\":\"1a6a53fb-719b-480d-88c5-efef406b7cda\",\"発生年度\":2020}]]]]","last_polygon_uuid":"936e786e-68b9-45ba-86fe-b5a214dd21e8","prev_last_polygon_uuid":"56c1c67c-4129-4a01-9ce6-c1b289ca8115","local_government_cd":"016080","point_lng":142.942322604,"point_lat":42.146378882}},{"arcs":[[919,920]],"type":"Polygon","properties":{"polygon_uuid":"b89e1438-7273-4c0d-bb03-f71b10acea92","land_type":100,"issue_year":2025,"edit_year":2020,"history":"[{\"筆ポリゴンID\":\"0ed3f009-3845-4163-991e-08d4cffc8b99\",\"更新年度\":2024,\"前年同一\":true},[{\"筆ポリゴンID\":\"1d87395d-17b8-43bd-bcee-fde7dbdaebfb\",\"更新年度\":2023,\"前年同一\":true},[{\"筆ポリゴンID\":\"e8f2ecdc-1c0d-447b-ac9e-8801e160bc32\",\"更新年度\":2022,\"前年同一\":true},[{\"筆ポリゴンID\":\"177dd14d-bb74-4ac8-b2d9-7a5059f55a08\",\"更新年度\":2021,\"前年同一\":true},{\"筆ポリゴンID\":\"177dd14d-bb74-4ac8-b2d9-7a5059f55a08\",\"発生年度\":2020}]]]]","last_polygon_uuid":"0ed3f009-3845-4163-991e-08d4cffc8b99","prev_last_polygon_uuid":"1d87395d-17b8-43bd-bcee-fde7dbdaebfb","local_government_cd":"016080","point_lng":142.937686112,"point_lat":42.141073699}},{"arcs":[[921,922,923,-848]],"type":"Polygon","properties":{"polygon_uuid":"cfa90d04-d76d-473c-9b38-f9fa6bb5b30e","land_type":100,"issue_year":2025,"edit_year":2020,"history":"[{\"筆ポリゴンID\":\"3126505c-6093-4b9c-bfd2-79f2eb2b611d\",\"更新年度\":2024,\"前年同一\":true},[{\"筆ポリゴンID\":\"f64537e2-0975-4664-81d4-e9fb500ede2e\",\"更新年度\":2023,\"前年同一\":true},[{\"筆ポリゴンID\":\"ac39c3e9-d235-4f80-9901-691a779d128a\",\"更新年度\":2022,\"前年同一\":true},[{\"筆ポリゴンID\":\"fe2a2b4b-55d9-4958-b76a-2db9efa2da49\",\"更新年度\":2021,\"前年同一\":true},{\"筆ポリゴンID\":\"fe2a2b4b-55d9-4958-b76a-2db9efa2da49\",\"発生年度\":2020}]]]]","last_polygon_uuid":"3126505c-6093-4b9c-bfd2-79f2eb2b611d","prev_last_polygon_uuid":"f64537e2-0975-4664-81d4-e9fb500ede2e","local_government_cd":"016080","point_lng":142.938669366,"point_lat":42.141803352}},{"arcs":[[924,-757,925,-904]],"type":"Polygon","properties":{"polygon_uuid":"3f8ff58d-730d-46af-976b-4bbb2140ec17","land_type":100,"issue_year":2025,"edit_year":2020,"history":"[{\"筆ポリゴンID\":\"4187fd73-86fd-4cf1-86e1-4f9a03c00c8f\",\"更新年度\":2024,\"前年同一\":true},[{\"筆ポリゴンID\":\"2236435e-5ece-4967-96ff-425be1d08088\",\"更新年度\":2023,\"前年同一\":true},[{\"筆ポリゴンID\":\"7739bd41-0db4-4dea-a8b2-9d5c44ca46e0\",\"更新年度\":2022,\"前年同一\":true},[{\"筆ポリゴンID\":\"1df114ad-281c-4bd6-848f-5d5847352102\",\"更新年度\":2021,\"前年同一\":true},{\"筆ポリゴンID\":\"1df114ad-281c-4bd6-848f-5d5847352102\",\"発生年度\":2020}]]]]","last_polygon_uuid":"4187fd73-86fd-4cf1-86e1-4f9a03c00c8f","prev_last_polygon_uuid":"2236435e-5ece-4967-96ff-425be1d08088","local_government_cd":"016080","point_lng":142.945370083,"point_lat":42.152616746}},{"arcs":[[926,927]],"type":"Polygon","properties":{"polygon_uuid":"0a4b5224-d8b8-4d4a-9891-f12367dcf13f","land_type":100,"issue_year":2025,"edit_year":2020,"history":"[{\"筆ポリゴンID\":\"042a7b65-e45c-4155-b83d-42b33046e96e\",\"更新年度\":2024,\"前年同一\":true},[{\"筆ポリゴンID\":\"498bd0a1-c6f5-4d9f-8f7c-d131816a6859\",\"更新年度\":2023,\"前年同一\":true},[{\"筆ポリゴンID\":\"69ba2f4b-0e3d-4d45-8a80-78dde3e4fe07\",\"更新年度\":2022,\"前年同一\":true},[{\"筆ポリゴンID\":\"0356face-7676-4d04-be7a-2e0a134e3114\",\"更新年度\":2021,\"前年同一\":true},{\"筆ポリゴンID\":\"0356face-7676-4d04-be7a-2e0a134e3114\",\"発生年度\":2020}]]]]","last_polygon_uuid":"042a7b65-e45c-4155-b83d-42b33046e96e","prev_last_polygon_uuid":"498bd0a1-c6f5-4d9f-8f7c-d131816a6859","local_government_cd":"016080","point_lng":142.943862058,"point_lat":42.143489554}},{"arcs":[[928,-645,929,930]],"type":"Polygon","properties":{"polygon_uuid":"6e96be22-eb1d-41cb-8340-2abc5c04012b","land_type":100,"issue_year":2025,"edit_year":2020,"history":"[{\"筆ポリゴンID\":\"2d23262d-2c0f-47aa-8058-e3f5c416c523\",\"更新年度\":2024,\"前年同一\":true},[{\"筆ポリゴンID\":\"b55bc51a-2080-4233-bf85-7fd6d92c58dd\",\"更新年度\":2023,\"前年同一\":true},[{\"筆ポリゴンID\":\"ca9ece65-9e0e-40a9-bf24-bc846ab7413f\",\"更新年度\":2022,\"前年同一\":true},[{\"筆ポリゴンID\":\"0b3381b8-b25a-4886-a59f-d735c4dab19f\",\"更新年度\":2021,\"前年同一\":true},{\"筆ポリゴンID\":\"0b3381b8-b25a-4886-a59f-d735c4dab19f\",\"発生年度\":2020}]]]]","last_polygon_uuid":"2d23262d-2c0f-47aa-8058-e3f5c416c523","prev_last_polygon_uuid":"b55bc51a-2080-4233-bf85-7fd6d92c58dd","local_government_cd":"016080","point_lng":142.945625178,"point_lat":42.149094005}},{"arcs":[[931,-835]],"type":"Polygon","properties":{"polygon_uuid":"2a32bf2c-ee18-4a68-9733-79f77d53f92a","land_type":100,"issue_year":2025,"edit_year":2020,"history":"[{\"筆ポリゴンID\":\"db013aed-8a17-4035-8453-d6b98594122b\",\"更新年度\":2024,\"前年同一\":true},[{\"筆ポリゴンID\":\"f01929cf-4ac6-4088-8bf2-d8671bb67495\",\"更新年度\":2023,\"前年同一\":true},[{\"筆ポリゴンID\":\"e05f92fe-306f-4321-9ade-fa99fd59bd72\",\"更新年度\":2022,\"前年同一\":true},[{\"筆ポリゴンID\":\"d90c9143-c2aa-4759-ae90-3395a2564059\",\"更新年度\":2021,\"前年同一\":true},{\"筆ポリゴンID\":\"d90c9143-c2aa-4759-ae90-3395a2564059\",\"発生年度\":2020}]]]]","last_polygon_uuid":"db013aed-8a17-4035-8453-d6b98594122b","prev_last_polygon_uuid":"f01929cf-4ac6-4088-8bf2-d8671bb67495","local_government_cd":"016080","point_lng":142.938629835,"point_lat":42.138312494}},{"arcs":[[932]],"type":"Polygon","properties":{"polygon_uuid":"b8047c59-557c-4b44-a0fc-a8d2f118b4e0","land_type":200,"issue_year":2025,"edit_year":2020,"history":"[{\"筆ポリゴンID\":\"9feb42ef-a494-4619-86af-94c09ca8301a\",\"更新年度\":2024,\"前年同一\":true},[{\"筆ポリゴンID\":\"44e8ef06-990c-414f-9baa-5d5737b64983\",\"更新年度\":2023,\"前年同一\":true},[{\"筆ポリゴンID\":\"fee4b723-6d79-4742-8c3f-52b29bf2aee4\",\"更新年度\":2022,\"前年同一\":true},[{\"筆ポリゴンID\":\"9347bb5f-28b9-4fac-8cad-a39133f9e8ab\",\"更新年度\":2021,\"前年同一\":true},{\"筆ポリゴンID\":\"9347bb5f-28b9-4fac-8cad-a39133f9e8ab\",\"発生年度\":2020}]]]]","last_polygon_uuid":"9feb42ef-a494-4619-86af-94c09ca8301a","prev_last_polygon_uuid":"44e8ef06-990c-414f-9baa-5d5737b64983","local_government_cd":"016080","point_lng":142.923817507,"point_lat":42.151997682}},{"arcs":[[933,-870,934,935]],"type":"Polygon","properties":{"polygon_uuid":"95b0d70b-b82f-4e40-af83-af22a542137e","land_type":100,"issue_year":2025,"edit_year":2022,"history":"[{\"筆ポリゴンID\":\"4db01906-e0fe-4ad6-957c-9a575a91e85c\",\"更新年度\":2024,\"前年同一\":true},[{\"筆ポリゴンID\":\"8e812caf-81c9-47bb-bfdc-9e4586247b89\",\"更新年度\":2023,\"前年同一\":true},[{\"筆ポリゴンID\":\"ea2f9980-a1ab-4648-bfa9-c72aa2195a67\",\"更新年度\":2022,\"関連\":true},[{\"筆ポリゴンID\":\"30d21249-2de2-45c9-83d7-e63f09399880\",\"更新年度\":2021,\"前年同一\":true},{\"筆ポリゴンID\":\"30d21249-2de2-45c9-83d7-e63f09399880\",\"発生年度\":2020}]]]]","last_polygon_uuid":"4db01906-e0fe-4ad6-957c-9a575a91e85c","prev_last_polygon_uuid":"8e812caf-81c9-47bb-bfdc-9e4586247b89","local_government_cd":"016080","point_lng":142.940440931,"point_lat":42.151363481}},{"arcs":[[936,-638]],"type":"Polygon","properties":{"polygon_uuid":"5b909ec7-e4b6-4903-a584-b55f4aaee423","land_type":200,"issue_year":2025,"edit_year":2020,"history":"[{\"筆ポリゴンID\":\"533722aa-6c26-428a-b942-f73b35f52c42\",\"更新年度\":2024,\"前年同一\":true},[{\"筆ポリゴンID\":\"02f7421d-3b16-4f76-bcbd-5be87dabb6a1\",\"更新年度\":2023,\"前年同一\":true},[{\"筆ポリゴンID\":\"5c5fd595-952c-4921-a011-5fce10abd6a6\",\"更新年度\":2022,\"前年同一\":true},[{\"筆ポリゴンID\":\"dfbc87be-96ca-498b-9221-608832f0bc97\",\"更新年度\":2021,\"前年同一\":true},{\"筆ポリゴンID\":\"dfbc87be-96ca-498b-9221-608832f0bc97\",\"発生年度\":2020}]]]]","last_polygon_uuid":"533722aa-6c26-428a-b942-f73b35f52c42","prev_last_polygon_uuid":"02f7421d-3b16-4f76-bcbd-5be87dabb6a1","local_government_cd":"016080","point_lng":142.946469757,"point_lat":42.160051115}},{"arcs":[[937]],"type":"Polygon","properties":{"polygon_uuid":"9641f492-0814-4d4a-bcfe-c9a23f15f7a9","land_type":200,"issue_year":2025,"edit_year":2020,"history":"[{\"筆ポリゴンID\":\"07c1a7e4-e397-4245-9eac-15fb22e46347\",\"更新年度\":2024,\"前年同一\":true},[{\"筆ポリゴンID\":\"023a0b54-448d-44cf-b343-a241214d81fe\",\"更新年度\":2023,\"前年同一\":true},[{\"筆ポリゴンID\":\"f2172cb5-c675-4557-ab73-cc366efa6d6c\",\"更新年度\":2022,\"前年同一\":true},[{\"筆ポリゴンID\":\"3033d698-8279-43d1-961d-99ea3d0ba727\",\"更新年度\":2021,\"前年同一\":true},{\"筆ポリゴンID\":\"3033d698-8279-43d1-961d-99ea3d0ba727\",\"発生年度\":2020}]]]]","last_polygon_uuid":"07c1a7e4-e397-4245-9eac-15fb22e46347","prev_last_polygon_uuid":"023a0b54-448d-44cf-b343-a241214d81fe","local_government_cd":"016080","point_lng":142.94435121,"point_lat":42.135966662}},{"arcs":[[-906,938]],"type":"Polygon","properties":{"polygon_uuid":"9ba5627c-49d7-4312-b1ff-23af7c6c5c54","land_type":200,"issue_year":2025,"edit_year":2020,"history":"[{\"筆ポリゴンID\":\"366e2427-283c-406f-9d26-c44ad049b748\",\"更新年度\":2024,\"前年同一\":true},[{\"筆ポリゴンID\":\"5a2a9dd1-f591-498b-b70e-a2624b0c7db8\",\"更新年度\":2023,\"前年同一\":true},[{\"筆ポリゴンID\":\"8507e789-292b-492e-8a30-897e404f890e\",\"更新年度\":2022,\"前年同一\":true},[{\"筆ポリゴンID\":\"15b7533c-5337-4cc6-a350-3c809ffc7984\",\"更新年度\":2021,\"前年同一\":true},{\"筆ポリゴンID\":\"15b7533c-5337-4cc6-a350-3c809ffc7984\",\"発生年度\":2020}]]]]","last_polygon_uuid":"366e2427-283c-406f-9d26-c44ad049b748","prev_last_polygon_uuid":"5a2a9dd1-f591-498b-b70e-a2624b0c7db8","local_government_cd":"016080","point_lng":142.941856433,"point_lat":42.157501081}},{"arcs":[[-825,939,940,941]],"type":"Polygon","properties":{"polygon_uuid":"1c09f619-32a5-46fc-9d99-c22e9c3726f7","land_type":200,"issue_year":2025,"edit_year":2020,"history":"[{\"筆ポリゴンID\":\"a2a3ec71-677f-413c-b690-0e3100c71e37\",\"更新年度\":2024,\"前年同一\":true},[{\"筆ポリゴンID\":\"a8ffe2d2-599f-49c6-920b-3cf8e66cf51c\",\"更新年度\":2023,\"前年同一\":true},[{\"筆ポリゴンID\":\"a1b54005-8e07-495f-890c-8adbe6a98f7b\",\"更新年度\":2022,\"前年同一\":true},[{\"筆ポリゴンID\":\"62078b70-6be4-4dee-8037-0ff1b2971704\",\"更新年度\":2021,\"前年同一\":true},{\"筆ポリゴンID\":\"62078b70-6be4-4dee-8037-0ff1b2971704\",\"発生年度\":2020}]]]]","last_polygon_uuid":"a2a3ec71-677f-413c-b690-0e3100c71e37","prev_last_polygon_uuid":"a8ffe2d2-599f-49c6-920b-3cf8e66cf51c","local_government_cd":"016080","point_lng":142.941163863,"point_lat":42.139793568}},{"arcs":[[942]],"type":"Polygon","properties":{"polygon_uuid":"5b88caa1-0d96-4ae7-a24a-8703ef3a8742","land_type":100,"issue_year":2025,"edit_year":2020,"history":"[{\"筆ポリゴンID\":\"a3e6e2f7-ce51-4acc-88a4-67649ab8dcc2\",\"更新年度\":2024,\"前年同一\":true},[{\"筆ポリゴンID\":\"76d10bc8-fb41-49fa-95ad-7ed6eb9130a5\",\"更新年度\":2023,\"前年同一\":true},[{\"筆ポリゴンID\":\"0ebb3d2a-80b3-413b-b798-69b68df788c2\",\"更新年度\":2022,\"前年同一\":true},[{\"筆ポリゴンID\":\"87fba009-9cf8-4ab4-9fed-0e4435336be9\",\"更新年度\":2021,\"前年同一\":true},{\"筆ポリゴンID\":\"87fba009-9cf8-4ab4-9fed-0e4435336be9\",\"発生年度\":2020}]]]]","last_polygon_uuid":"a3e6e2f7-ce51-4acc-88a4-67649ab8dcc2","prev_last_polygon_uuid":"76d10bc8-fb41-49fa-95ad-7ed6eb9130a5","local_government_cd":"016080","point_lng":142.944792488,"point_lat":42.15428347}},{"arcs":[[943,944,945,946]],"type":"Polygon","properties":{"polygon_uuid":"fa7888fe-2e80-4c3f-9d63-2c9616bb108a","land_type":100,"issue_year":2025,"edit_year":2020,"history":"[{\"筆ポリゴンID\":\"d0e634fa-d1ce-45cd-af48-b3265ece415b\",\"更新年度\":2024,\"前年同一\":true},[{\"筆ポリゴンID\":\"4cad3c5d-da46-4a05-bd67-e7113aec4a36\",\"更新年度\":2023,\"前年同一\":true},[{\"筆ポリゴンID\":\"cb6d1516-c082-49c1-aa29-9e85a6c0a98b\",\"更新年度\":2022,\"前年同一\":true},[{\"筆ポリゴンID\":\"34fb90a2-bc7f-47b3-b262-cfcacdcea47d\",\"更新年度\":2021,\"前年同一\":true},{\"筆ポリゴンID\":\"34fb90a2-bc7f-47b3-b262-cfcacdcea47d\",\"発生年度\":2020}]]]]","last_polygon_uuid":"d0e634fa-d1ce-45cd-af48-b3265ece415b","prev_last_polygon_uuid":"4cad3c5d-da46-4a05-bd67-e7113aec4a36","local_government_cd":"016080","point_lng":142.940370741,"point_lat":42.146587666}},{"arcs":[[-850,947]],"type":"Polygon","properties":{"polygon_uuid":"e7ffe2a6-cb2e-4325-ac12-12a9923a3541","land_type":100,"issue_year":2025,"edit_year":2020,"history":"[{\"筆ポリゴンID\":\"44cc1484-1d00-436d-8d32-033aa688faee\",\"更新年度\":2024,\"前年同一\":true},[{\"筆ポリゴンID\":\"c76309f9-2ae6-4b81-a788-21d53976b65e\",\"更新年度\":2023,\"前年同一\":true},[{\"筆ポリゴンID\":\"ddad6268-32af-4ccb-8ab2-ebff02dd896a\",\"更新年度\":2022,\"前年同一\":true},[{\"筆ポリゴンID\":\"989a76b3-fa8b-4b5f-bc4a-596cefd1b012\",\"更新年度\":2021,\"前年同一\":true},{\"筆ポリゴンID\":\"989a76b3-fa8b-4b5f-bc4a-596cefd1b012\",\"発生年度\":2020}]]]]","last_polygon_uuid":"44cc1484-1d00-436d-8d32-033aa688faee","prev_last_polygon_uuid":"c76309f9-2ae6-4b81-a788-21d53976b65e","local_government_cd":"016080","point_lng":142.939558809,"point_lat":42.141893975}},{"arcs":[[948]],"type":"Polygon","properties":{"polygon_uuid":"1c44304d-8846-441a-a0c7-9141a2ecf8f3","land_type":200,"issue_year":2025,"edit_year":2020,"history":"[{\"筆ポリゴンID\":\"57504914-af19-43d7-b060-af36d571a008\",\"更新年度\":2024,\"前年同一\":true},[{\"筆ポリゴンID\":\"f316b9e1-3bac-47bc-97e2-f7fdfc87202f\",\"更新年度\":2023,\"前年同一\":true},[{\"筆ポリゴンID\":\"afdba1d4-7281-4f5c-b22a-e6ae5dbda94a\",\"更新年度\":2022,\"前年同一\":true},[{\"筆ポリゴンID\":\"41f0afef-c59d-45db-a304-9b0b863b9a8a\",\"更新年度\":2021,\"前年同一\":true},{\"筆ポリゴンID\":\"41f0afef-c59d-45db-a304-9b0b863b9a8a\",\"発生年度\":2020}]]]]","last_polygon_uuid":"57504914-af19-43d7-b060-af36d571a008","prev_last_polygon_uuid":"f316b9e1-3bac-47bc-97e2-f7fdfc87202f","local_government_cd":"016080","point_lng":142.924081983,"point_lat":42.164029843}},{"arcs":[[949]],"type":"Polygon","properties":{"polygon_uuid":"4a6fbf3d-01bf-492e-b220-4523b462a892","land_type":200,"issue_year":2025,"edit_year":2020,"history":"[{\"筆ポリゴンID\":\"df258736-e60e-4e39-812c-5a04920ad5de\",\"更新年度\":2024,\"前年同一\":true},[{\"筆ポリゴンID\":\"53b1801e-41b8-445d-9600-64cc94f21b91\",\"更新年度\":2023,\"前年同一\":true},[{\"筆ポリゴンID\":\"b88d3de6-f470-4440-b0ff-5c690c0bb3ad\",\"更新年度\":2022,\"前年同一\":true},[{\"筆ポリゴンID\":\"b1d05f8f-c243-43a9-b995-c8ff43a0c70a\",\"更新年度\":2021,\"前年同一\":true},{\"筆ポリゴンID\":\"b1d05f8f-c243-43a9-b995-c8ff43a0c70a\",\"発生年度\":2020}]]]]","last_polygon_uuid":"df258736-e60e-4e39-812c-5a04920ad5de","prev_last_polygon_uuid":"53b1801e-41b8-445d-9600-64cc94f21b91","local_government_cd":"016080","point_lng":142.952872752,"point_lat":42.147565237}},{"arcs":[[950]],"type":"Polygon","properties":{"polygon_uuid":"e555eb11-be3b-4864-8ea8-ef77b118261a","land_type":200,"issue_year":2025,"edit_year":2020,"history":"[{\"筆ポリゴンID\":\"de4fcab0-428b-43d9-be18-59125c4fd61f\",\"更新年度\":2024,\"前年同一\":true},[{\"筆ポリゴンID\":\"6fc23e8c-dd86-4ccb-b2f5-9a48a965a907\",\"更新年度\":2023,\"前年同一\":true},[{\"筆ポリゴンID\":\"cc0f3caf-6d32-4973-98bf-b85e57f15d44\",\"更新年度\":2022,\"前年同一\":true},[{\"筆ポリゴンID\":\"b6f087a7-6a89-444c-a1f7-f42860c21f97\",\"更新年度\":2021,\"前年同一\":true},{\"筆ポリゴンID\":\"b6f087a7-6a89-444c-a1f7-f42860c21f97\",\"発生年度\":2020}]]]]","last_polygon_uuid":"de4fcab0-428b-43d9-be18-59125c4fd61f","prev_last_polygon_uuid":"6fc23e8c-dd86-4ccb-b2f5-9a48a965a907","local_government_cd":"016080","point_lng":142.952562766,"point_lat":42.149797345}},{"arcs":[[951]],"type":"Polygon","properties":{"polygon_uuid":"46d459b3-2a8e-4c38-8e17-567f06bae96c","land_type":200,"issue_year":2025,"edit_year":2020,"history":"[{\"筆ポリゴンID\":\"01d3c54a-7235-49c0-9f81-a80abec812df\",\"更新年度\":2024,\"前年同一\":true},[{\"筆ポリゴンID\":\"d824a4d6-a03e-4e93-96fb-ce9605caf539\",\"更新年度\":2023,\"前年同一\":true},[{\"筆ポリゴンID\":\"6df84862-b0a7-4fad-9a59-9b9e2a1f7032\",\"更新年度\":2022,\"前年同一\":true},[{\"筆ポリゴンID\":\"25c0a416-5129-4cc0-8e6b-b01f311137d9\",\"更新年度\":2021,\"前年同一\":true},{\"筆ポリゴンID\":\"25c0a416-5129-4cc0-8e6b-b01f311137d9\",\"発生年度\":2020}]]]]","last_polygon_uuid":"01d3c54a-7235-49c0-9f81-a80abec812df","prev_last_polygon_uuid":"d824a4d6-a03e-4e93-96fb-ce9605caf539","local_government_cd":"016080","point_lng":142.938389931,"point_lat":42.153714182}},{"arcs":[[952,953,954,-874]],"type":"Polygon","properties":{"polygon_uuid":"0b72431e-3257-494a-9da9-bba42c87bf58","land_type":100,"issue_year":2025,"edit_year":2022,"history":"[{\"筆ポリゴンID\":\"6980ae2b-3c0f-4d26-8c52-3a13640f7015\",\"更新年度\":2024,\"前年同一\":true},[{\"筆ポリゴンID\":\"f96a4c35-ff3a-479a-88ac-9605e00b55aa\",\"更新年度\":2023,\"前年同一\":true},[{\"筆ポリゴンID\":\"d165984f-12aa-4b22-91e5-1a221ffdfc1b\",\"更新年度\":2022,\"関連\":true},[{\"筆ポリゴンID\":\"bd7580eb-f5e8-48ae-8341-33c0ee179360\",\"更新年度\":2021,\"前年同一\":true},{\"筆ポリゴンID\":\"bd7580eb-f5e8-48ae-8341-33c0ee179360\",\"発生年度\":2020}]]]]","last_polygon_uuid":"6980ae2b-3c0f-4d26-8c52-3a13640f7015","prev_last_polygon_uuid":"f96a4c35-ff3a-479a-88ac-9605e00b55aa","local_government_cd":"016080","point_lng":142.949730535,"point_lat":42.15275756}},{"arcs":[[955]],"type":"Polygon","properties":{"polygon_uuid":"daebf78b-90aa-444b-ad97-1ad59142156f","land_type":200,"issue_year":2025,"edit_year":2020,"history":"[{\"筆ポリゴンID\":\"947e4e70-b9d4-472a-99ae-b51bbcce66f8\",\"更新年度\":2024,\"前年同一\":true},[{\"筆ポリゴンID\":\"897d224e-0908-4870-a7bf-2e434985db22\",\"更新年度\":2023,\"前年同一\":true},[{\"筆ポリゴンID\":\"a380f0b4-f78b-4046-96c7-e8a2564e922d\",\"更新年度\":2022,\"前年同一\":true},[{\"筆ポリゴンID\":\"f45d7df0-f53c-477e-83a4-05b3d0ca3b8c\",\"更新年度\":2021,\"前年同一\":true},{\"筆ポリゴンID\":\"f45d7df0-f53c-477e-83a4-05b3d0ca3b8c\",\"発生年度\":2020}]]]]","last_polygon_uuid":"947e4e70-b9d4-472a-99ae-b51bbcce66f8","prev_last_polygon_uuid":"897d224e-0908-4870-a7bf-2e434985db22","local_government_cd":"016080","point_lng":142.938119473,"point_lat":42.163178857}},{"arcs":[[-900,956,-941,957]],"type":"Polygon","properties":{"polygon_uuid":"32213bba-d8e4-4fbf-adef-ad34198bf748","land_type":100,"issue_year":2025,"edit_year":2020,"history":"[{\"筆ポリゴンID\":\"36556b2c-4d1d-485d-a05c-de2b7f4bbf31\",\"更新年度\":2024,\"前年同一\":true},[{\"筆ポリゴンID\":\"16312649-b49f-4833-820c-c980626d5451\",\"更新年度\":2023,\"前年同一\":true},[{\"筆ポリゴンID\":\"2ed1c621-712b-47ac-a523-a14933952f06\",\"更新年度\":2022,\"前年同一\":true},[{\"筆ポリゴンID\":\"5b91d326-0f2e-4a69-b896-a8aa91e0ab6c\",\"更新年度\":2021,\"前年同一\":true},{\"筆ポリゴンID\":\"5b91d326-0f2e-4a69-b896-a8aa91e0ab6c\",\"発生年度\":2020}]]]]","last_polygon_uuid":"36556b2c-4d1d-485d-a05c-de2b7f4bbf31","prev_last_polygon_uuid":"16312649-b49f-4833-820c-c980626d5451","local_government_cd":"016080","point_lng":142.941199414,"point_lat":42.141036586}},{"arcs":[[958]],"type":"Polygon","properties":{"polygon_uuid":"ede90aad-cbc5-44ef-aaca-b2f49da8eec0","land_type":100,"issue_year":2025,"edit_year":2020,"history":"[{\"筆ポリゴンID\":\"395d4a26-f394-4e6b-a6df-3f1f470c5b3a\",\"更新年度\":2024,\"前年同一\":true},[{\"筆ポリゴンID\":\"70d5b037-4a4c-4bb5-8487-f0b038179d30\",\"更新年度\":2023,\"前年同一\":true},[{\"筆ポリゴンID\":\"4e28c386-f9d8-4345-a811-c4b1bc7d6d6d\",\"更新年度\":2022,\"前年同一\":true},[{\"筆ポリゴンID\":\"650b5380-3d8d-4855-a090-09124e921ff5\",\"更新年度\":2021,\"前年同一\":true},{\"筆ポリゴンID\":\"650b5380-3d8d-4855-a090-09124e921ff5\",\"発生年度\":2020}]]]]","last_polygon_uuid":"395d4a26-f394-4e6b-a6df-3f1f470c5b3a","prev_last_polygon_uuid":"70d5b037-4a4c-4bb5-8487-f0b038179d30","local_government_cd":"016080","point_lng":142.943929538,"point_lat":42.141327733}},{"arcs":[[959,960,961,962,-954]],"type":"Polygon","properties":{"polygon_uuid":"50ae9540-ba41-4952-9f28-b70f4eba4e34","land_type":100,"issue_year":2025,"edit_year":2022,"history":"[{\"筆ポリゴンID\":\"57fa4215-f001-4beb-90e9-dce64f8c66fb\",\"更新年度\":2024,\"前年同一\":true},[{\"筆ポリゴンID\":\"e7fc668e-1021-4ca2-895e-44040da06c3c\",\"更新年度\":2023,\"前年同一\":true},[{\"筆ポリゴンID\":\"d165984f-12aa-4b22-91e5-1a221ffdfc1b\",\"更新年度\":2022,\"関連\":true},[{\"筆ポリゴンID\":\"bd7580eb-f5e8-48ae-8341-33c0ee179360\",\"更新年度\":2021,\"前年同一\":true},{\"筆ポリゴンID\":\"bd7580eb-f5e8-48ae-8341-33c0ee179360\",\"発生年度\":2020}]]]]","last_polygon_uuid":"57fa4215-f001-4beb-90e9-dce64f8c66fb","prev_last_polygon_uuid":"e7fc668e-1021-4ca2-895e-44040da06c3c","local_government_cd":"016080","point_lng":142.949600053,"point_lat":42.1525436}},{"arcs":[[963,-859,964,-923]],"type":"Polygon","properties":{"polygon_uuid":"266fb8a9-b58d-416f-b00f-452255e7b53e","land_type":100,"issue_year":2025,"edit_year":2020,"history":"[{\"筆ポリゴンID\":\"d9d22e2f-e32f-473a-a775-adb0d53ffd90\",\"更新年度\":2024,\"前年同一\":true},[{\"筆ポリゴンID\":\"84b64b6b-843c-450c-ad59-53fe758d0763\",\"更新年度\":2023,\"前年同一\":true},[{\"筆ポリゴンID\":\"f7997961-1b24-4c73-ba93-03ddb55c0aa2\",\"更新年度\":2022,\"前年同一\":true},[{\"筆ポリゴンID\":\"bfd0fcb7-2517-4bf5-9214-57d7096a5be2\",\"更新年度\":2021,\"前年同一\":true},{\"筆ポリゴンID\":\"bfd0fcb7-2517-4bf5-9214-57d7096a5be2\",\"発生年度\":2020}]]]]","last_polygon_uuid":"d9d22e2f-e32f-473a-a775-adb0d53ffd90","prev_last_polygon_uuid":"84b64b6b-843c-450c-ad59-53fe758d0763","local_government_cd":"016080","point_lng":142.938252994,"point_lat":42.141769695}},{"arcs":[[965,-818,966,967]],"type":"Polygon","properties":{"polygon_uuid":"38c2b1e0-8faf-400f-a748-0d2c4bf19d3c","land_type":100,"issue_year":2025,"edit_year":2020,"history":"[{\"筆ポリゴンID\":\"06bb4041-5887-452d-a122-b503f3677064\",\"更新年度\":2024,\"前年同一\":true},[{\"筆ポリゴンID\":\"91ce61a9-eaf9-4374-86ce-acbcd0ff23df\",\"更新年度\":2023,\"前年同一\":true},[{\"筆ポリゴンID\":\"ec0e6988-d6da-4833-8342-347698e39209\",\"更新年度\":2022,\"前年同一\":true},[{\"筆ポリゴンID\":\"eb7e636c-fbe6-4234-a9ed-bc7bd6a5bbaa\",\"更新年度\":2021,\"前年同一\":true},{\"筆ポリゴンID\":\"eb7e636c-fbe6-4234-a9ed-bc7bd6a5bbaa\",\"発生年度\":2020}]]]]","last_polygon_uuid":"06bb4041-5887-452d-a122-b503f3677064","prev_last_polygon_uuid":"91ce61a9-eaf9-4374-86ce-acbcd0ff23df","local_government_cd":"016080","point_lng":142.944182989,"point_lat":42.151107986}},{"arcs":[[968,-573]],"type":"Polygon","properties":{"polygon_uuid":"5bb921c2-63ab-49ba-b552-200507847341","land_type":100,"issue_year":2025,"edit_year":2020,"history":"[{\"筆ポリゴンID\":\"0e29f01c-545b-4c40-a6a4-ed30f340aef9\",\"更新年度\":2024,\"前年同一\":true},[{\"筆ポリゴンID\":\"4ed76787-5329-4958-8842-7a0469eb043d\",\"更新年度\":2023,\"前年同一\":true},[{\"筆ポリゴンID\":\"85bbb112-deec-48f0-b819-bef370d20a3b\",\"更新年度\":2022,\"前年同一\":true},[{\"筆ポリゴンID\":\"50c43412-a4fb-42b5-81c4-1621cd27de77\",\"更新年度\":2021,\"前年同一\":true},{\"筆ポリゴンID\":\"50c43412-a4fb-42b5-81c4-1621cd27de77\",\"発生年度\":2020}]]]]","last_polygon_uuid":"0e29f01c-545b-4c40-a6a4-ed30f340aef9","prev_last_polygon_uuid":"4ed76787-5329-4958-8842-7a0469eb043d","local_government_cd":"016080","point_lng":142.93900616,"point_lat":42.148388847}},{"arcs":[[969,-629,970,-585]],"type":"Polygon","properties":{"polygon_uuid":"97bad4a2-bf3b-49e2-a38c-40642824edb2","land_type":100,"issue_year":2025,"edit_year":2020,"history":"[{\"筆ポリゴンID\":\"087659d9-0682-487b-ac1a-dd698cef9830\",\"更新年度\":2024,\"前年同一\":true},[{\"筆ポリゴンID\":\"71583841-bbd3-4264-b4d2-2e6513f55bca\",\"更新年度\":2023,\"前年同一\":true},[{\"筆ポリゴンID\":\"6854b928-a1af-4713-9a6a-ca6a8c7c22a2\",\"更新年度\":2022,\"前年同一\":true},[{\"筆ポリゴンID\":\"03d7cbdc-d537-491b-913f-63c234697d63\",\"更新年度\":2021,\"前年同一\":true},{\"筆ポリゴンID\":\"03d7cbdc-d537-491b-913f-63c234697d63\",\"発生年度\":2020}]]]]","last_polygon_uuid":"087659d9-0682-487b-ac1a-dd698cef9830","prev_last_polygon_uuid":"71583841-bbd3-4264-b4d2-2e6513f55bca","local_government_cd":"016080","point_lng":142.94674203,"point_lat":42.145880803}},{"arcs":[[971]],"type":"Polygon","properties":{"polygon_uuid":"b4e9a8d7-ba02-4fd4-9515-83675a138a81","land_type":200,"issue_year":2025,"edit_year":2020,"history":"[{\"筆ポリゴンID\":\"da750c0f-60b3-4c4d-8249-0b0c5bf7a0a7\",\"更新年度\":2024,\"前年同一\":true},[{\"筆ポリゴンID\":\"16492089-aadb-463e-bfb6-de3fcd4bfb1d\",\"更新年度\":2023,\"前年同一\":true},[{\"筆ポリゴンID\":\"e21c42c2-8cfd-4f71-bb8a-6b4af067bb56\",\"更新年度\":2022,\"前年同一\":true},[{\"筆ポリゴンID\":\"25edb2c3-cc4d-4784-a143-28ff0364d0f3\",\"更新年度\":2021,\"前年同一\":true},{\"筆ポリゴンID\":\"25edb2c3-cc4d-4784-a143-28ff0364d0f3\",\"発生年度\":2020}]]]]","last_polygon_uuid":"da750c0f-60b3-4c4d-8249-0b0c5bf7a0a7","prev_last_polygon_uuid":"16492089-aadb-463e-bfb6-de3fcd4bfb1d","local_government_cd":"016080","point_lng":142.939509768,"point_lat":42.154924647}},{"arcs":[[972]],"type":"Polygon","properties":{"polygon_uuid":"2527d653-7c44-4a3e-95ba-3828e993c763","land_type":200,"issue_year":2025,"edit_year":2020,"history":"[{\"筆ポリゴンID\":\"4b9165d1-07ff-4195-adc0-90c74456f934\",\"更新年度\":2024,\"前年同一\":true},[{\"筆ポリゴンID\":\"50caac28-14e6-40df-a507-10a101e976dd\",\"更新年度\":2023,\"前年同一\":true},[{\"筆ポリゴンID\":\"f5cff4fe-d566-4b08-8d13-a34b02118e6e\",\"更新年度\":2022,\"前年同一\":true},[{\"筆ポリゴンID\":\"6e8ec53e-0367-4168-ae44-3a116b1c36bd\",\"更新年度\":2021,\"前年同一\":true},{\"筆ポリゴンID\":\"6e8ec53e-0367-4168-ae44-3a116b1c36bd\",\"発生年度\":2020}]]]]","last_polygon_uuid":"4b9165d1-07ff-4195-adc0-90c74456f934","prev_last_polygon_uuid":"50caac28-14e6-40df-a507-10a101e976dd","local_government_cd":"016080","point_lng":142.927680488,"point_lat":42.159747307}},{"arcs":[[-936,973,974,975]],"type":"Polygon","properties":{"polygon_uuid":"4890828c-79dc-4e38-a784-d10ee619fec4","land_type":100,"issue_year":2025,"edit_year":2022,"history":"[{\"筆ポリゴンID\":\"630d6f20-fa1d-4855-9b55-68fd7581a635\",\"更新年度\":2024,\"前年同一\":true},[{\"筆ポリゴンID\":\"cc280370-7940-4289-8b2c-c563b172fbac\",\"更新年度\":2023,\"前年同一\":true},[{\"筆ポリゴンID\":\"ea2f9980-a1ab-4648-bfa9-c72aa2195a67\",\"更新年度\":2022,\"関連\":true},[{\"筆ポリゴンID\":\"30d21249-2de2-45c9-83d7-e63f09399880\",\"更新年度\":2021,\"前年同一\":true},{\"筆ポリゴンID\":\"30d21249-2de2-45c9-83d7-e63f09399880\",\"発生年度\":2020}]]]]","last_polygon_uuid":"630d6f20-fa1d-4855-9b55-68fd7581a635","prev_last_polygon_uuid":"cc280370-7940-4289-8b2c-c563b172fbac","local_government_cd":"016080","point_lng":142.940798935,"point_lat":42.151710879}},{"arcs":[[-931,976,-624,977]],"type":"Polygon","properties":{"polygon_uuid":"da0809c7-2ab6-469a-8a81-a1661ca487a5","land_type":100,"issue_year":2025,"edit_year":2020,"history":"[{\"筆ポリゴンID\":\"5501bee6-f6df-4e1e-8c7c-8ed7d34b0ad5\",\"更新年度\":2024,\"前年同一\":true},[{\"筆ポリゴンID\":\"38d079a7-af6c-44cd-adad-8c92aec66581\",\"更新年度\":2023,\"前年同一\":true},[{\"筆ポリゴンID\":\"39ff59de-983e-474b-a2d7-f533ea93ed2b\",\"更新年度\":2022,\"前年同一\":true},[{\"筆ポリゴンID\":\"817d6419-7c98-40f2-8bbe-a237cec7717e\",\"更新年度\":2021,\"前年同一\":true},{\"筆ポリゴンID\":\"817d6419-7c98-40f2-8bbe-a237cec7717e\",\"発生年度\":2020}]]]]","last_polygon_uuid":"5501bee6-f6df-4e1e-8c7c-8ed7d34b0ad5","prev_last_polygon_uuid":"38d079a7-af6c-44cd-adad-8c92aec66581","local_government_cd":"016080","point_lng":142.945472227,"point_lat":42.148495206}},{"arcs":[[978,-896,979,980,981]],"type":"Polygon","properties":{"polygon_uuid":"f716eae2-ff8c-48de-8db1-55065324145e","land_type":100,"issue_year":2025,"edit_year":2020,"history":"[{\"筆ポリゴンID\":\"16488693-bcf2-4655-b084-0834a214f506\",\"更新年度\":2024,\"前年同一\":true},[{\"筆ポリゴンID\":\"b80e14f7-437b-42c1-afbe-99770ad7f9b1\",\"更新年度\":2023,\"前年同一\":true},[{\"筆ポリゴンID\":\"ea9628df-e981-4519-83d7-f55cdc996fb8\",\"更新年度\":2022,\"前年同一\":true},[{\"筆ポリゴンID\":\"f54a2045-5fc2-4041-92b2-3f8cae798507\",\"更新年度\":2021,\"前年同一\":true},{\"筆ポリゴンID\":\"f54a2045-5fc2-4041-92b2-3f8cae798507\",\"発生年度\":2020}]]]]","last_polygon_uuid":"16488693-bcf2-4655-b084-0834a214f506","prev_last_polygon_uuid":"b80e14f7-437b-42c1-afbe-99770ad7f9b1","local_government_cd":"016080","point_lng":142.938643345,"point_lat":42.142473384}},{"arcs":[[982]],"type":"Polygon","properties":{"polygon_uuid":"78d21368-7d81-4d0f-8775-6a61e6afdaf2","land_type":200,"issue_year":2025,"edit_year":2020,"history":"[{\"筆ポリゴンID\":\"9417b56d-a8f5-4693-adad-ad06555676a9\",\"更新年度\":2024,\"前年同一\":true},[{\"筆ポリゴンID\":\"1e681e6e-3c19-4c7b-a70a-586f4cf743ff\",\"更新年度\":2023,\"前年同一\":true},[{\"筆ポリゴンID\":\"fcd20f69-c98d-456e-adbe-5961cd5c26dd\",\"更新年度\":2022,\"前年同一\":true},[{\"筆ポリゴンID\":\"f760a385-44c1-4492-8ec1-fe3413658fda\",\"更新年度\":2021,\"前年同一\":true},{\"筆ポリゴンID\":\"f760a385-44c1-4492-8ec1-fe3413658fda\",\"発生年度\":2020}]]]]","last_polygon_uuid":"9417b56d-a8f5-4693-adad-ad06555676a9","prev_last_polygon_uuid":"1e681e6e-3c19-4c7b-a70a-586f4cf743ff","local_government_cd":"016080","point_lng":142.948807269,"point_lat":42.133200121}},{"arcs":[[983,-816,984,-783]],"type":"Polygon","properties":{"polygon_uuid":"7d142df7-38d8-4b4d-a781-6ee9d40ee726","land_type":100,"issue_year":2025,"edit_year":2020,"history":"[{\"筆ポリゴンID\":\"3b232ffe-ed35-44fe-b968-9d17f2b4a00e\",\"更新年度\":2024,\"前年同一\":true},[{\"筆ポリゴンID\":\"82dea10d-6008-47ff-89c8-99d3e1c241ae\",\"更新年度\":2023,\"前年同一\":true},[{\"筆ポリゴンID\":\"26a7763f-32fd-4061-b724-6ca6b146230d\",\"更新年度\":2022,\"前年同一\":true},[{\"筆ポリゴンID\":\"19b34b6a-f524-42be-965a-23a5b2272692\",\"更新年度\":2021,\"前年同一\":true},{\"筆ポリゴンID\":\"19b34b6a-f524-42be-965a-23a5b2272692\",\"発生年度\":2020}]]]]","last_polygon_uuid":"3b232ffe-ed35-44fe-b968-9d17f2b4a00e","prev_last_polygon_uuid":"82dea10d-6008-47ff-89c8-99d3e1c241ae","local_government_cd":"016080","point_lng":142.943364705,"point_lat":42.150007343}},{"arcs":[[985,-557,986,-761]],"type":"Polygon","properties":{"polygon_uuid":"d7b79b69-1691-4fa9-a968-9df00daf495b","land_type":100,"issue_year":2025,"edit_year":2020,"history":"[{\"筆ポリゴンID\":\"4fa554d4-bbb2-4712-bf07-0684934dcd4e\",\"更新年度\":2024,\"前年同一\":true},[{\"筆ポリゴンID\":\"6478beba-d5f9-48e0-a4bb-cff946995945\",\"更新年度\":2023,\"前年同一\":true},[{\"筆ポリゴンID\":\"451895bd-e8e0-4f8b-935f-3174ee181eb4\",\"更新年度\":2022,\"前年同一\":true},[{\"筆ポリゴンID\":\"7d20b1f9-f9dd-4000-8092-39a868ab464d\",\"更新年度\":2021,\"前年同一\":true},{\"筆ポリゴンID\":\"7d20b1f9-f9dd-4000-8092-39a868ab464d\",\"発生年度\":2020}]]]]","last_polygon_uuid":"4fa554d4-bbb2-4712-bf07-0684934dcd4e","prev_last_polygon_uuid":"6478beba-d5f9-48e0-a4bb-cff946995945","local_government_cd":"016080","point_lng":142.946047555,"point_lat":42.150225553}},{"arcs":[[987]],"type":"Polygon","properties":{"polygon_uuid":"72abf978-6fbe-4f29-9c48-87e66cdfa02d","land_type":200,"issue_year":2025,"edit_year":2020,"history":"[{\"筆ポリゴンID\":\"f8b84f28-55e1-412c-9065-d6dd6582077a\",\"更新年度\":2024,\"前年同一\":true},[{\"筆ポリゴンID\":\"9b229a9b-3d33-46f0-96c6-e05cd2ad441d\",\"更新年度\":2023,\"前年同一\":true},[{\"筆ポリゴンID\":\"425d5477-eed4-443c-a331-e90ad4310066\",\"更新年度\":2022,\"前年同一\":true},[{\"筆ポリゴンID\":\"952f8a35-a712-4ce9-90cd-a2c6130afad0\",\"更新年度\":2021,\"前年同一\":true},{\"筆ポリゴンID\":\"952f8a35-a712-4ce9-90cd-a2c6130afad0\",\"発生年度\":2020}]]]]","last_polygon_uuid":"f8b84f28-55e1-412c-9065-d6dd6582077a","prev_last_polygon_uuid":"9b229a9b-3d33-46f0-96c6-e05cd2ad441d","local_government_cd":"016080","point_lng":142.95011338,"point_lat":42.1377501}},{"arcs":[[988]],"type":"Polygon","properties":{"polygon_uuid":"89440cf9-c036-4584-8fc9-e7815073671b","land_type":200,"issue_year":2025,"edit_year":2020,"history":"[{\"筆ポリゴンID\":\"1127848b-ec5c-4cfe-9bf3-bf3a276bb1bd\",\"更新年度\":2024,\"前年同一\":true},[{\"筆ポリゴンID\":\"f20d0628-97e8-40da-8ba2-c341efab7c11\",\"更新年度\":2023,\"前年同一\":true},[{\"筆ポリゴンID\":\"df365e98-218f-4bb7-b717-e621ec86d6d9\",\"更新年度\":2022,\"前年同一\":true},[{\"筆ポリゴンID\":\"07e6d7ca-7591-47c9-8580-17cf58fee6ce\",\"更新年度\":2021,\"前年同一\":true},{\"筆ポリゴンID\":\"07e6d7ca-7591-47c9-8580-17cf58fee6ce\",\"発生年度\":2020}]]]]","last_polygon_uuid":"1127848b-ec5c-4cfe-9bf3-bf3a276bb1bd","prev_last_polygon_uuid":"f20d0628-97e8-40da-8ba2-c341efab7c11","local_government_cd":"016080","point_lng":142.950404886,"point_lat":42.139115872}},{"arcs":[[989,-928,990,-658]],"type":"Polygon","properties":{"polygon_uuid":"52e7a1b5-67bb-4bfc-94b5-86cd391226d3","land_type":100,"issue_year":2025,"edit_year":2020,"history":"[{\"筆ポリゴンID\":\"edd2052e-499f-4869-b573-40ba34bb3cc1\",\"更新年度\":2024,\"前年同一\":true},[{\"筆ポリゴンID\":\"3a72e358-c37c-4d0d-9d11-9308c8e17fdf\",\"更新年度\":2023,\"前年同一\":true},[{\"筆ポリゴンID\":\"7785aad9-7f5b-4837-89d6-0e4d57795566\",\"更新年度\":2022,\"前年同一\":true},[{\"筆ポリゴンID\":\"2e2c082a-6a40-4c92-a469-2306c0e746da\",\"更新年度\":2021,\"前年同一\":true},{\"筆ポリゴンID\":\"2e2c082a-6a40-4c92-a469-2306c0e746da\",\"発生年度\":2020}]]]]","last_polygon_uuid":"edd2052e-499f-4869-b573-40ba34bb3cc1","prev_last_polygon_uuid":"3a72e358-c37c-4d0d-9d11-9308c8e17fdf","local_government_cd":"016080","point_lng":142.944242821,"point_lat":42.144562565}},{"arcs":[[991]],"type":"Polygon","properties":{"polygon_uuid":"eed7d8ba-0057-4605-a4a3-bb17ebd6daf5","land_type":100,"issue_year":2025,"edit_year":2020,"history":"[{\"筆ポリゴンID\":\"4eda939b-f7de-463f-83d7-ce17f6fa0334\",\"更新年度\":2024,\"前年同一\":true},[{\"筆ポリゴンID\":\"82664e23-bb7d-488d-9c30-2ac5a784966d\",\"更新年度\":2023,\"前年同一\":true},[{\"筆ポリゴンID\":\"9f1db790-7827-4106-b3b9-f6f7192b91b3\",\"更新年度\":2022,\"前年同一\":true},[{\"筆ポリゴンID\":\"56495fc0-a5b1-472a-a9d9-211bc7787c9a\",\"更新年度\":2021,\"前年同一\":true},{\"筆ポリゴンID\":\"56495fc0-a5b1-472a-a9d9-211bc7787c9a\",\"発生年度\":2020}]]]]","last_polygon_uuid":"4eda939b-f7de-463f-83d7-ce17f6fa0334","prev_last_polygon_uuid":"82664e23-bb7d-488d-9c30-2ac5a784966d","local_government_cd":"016080","point_lng":142.93850246,"point_lat":42.146537389}},{"arcs":[[992,-829]],"type":"Polygon","properties":{"polygon_uuid":"5916d451-cfb2-439a-9f03-8a5c1a80043d","land_type":200,"issue_year":2025,"edit_year":2020,"history":"[{\"筆ポリゴンID\":\"b4e86404-865c-4e15-a512-dc950e6cfec2\",\"更新年度\":2024,\"前年同一\":true},[{\"筆ポリゴンID\":\"8219a45f-2e05-499d-80c0-6a8c815f71d3\",\"更新年度\":2023,\"前年同一\":true},[{\"筆ポリゴンID\":\"15dc86ed-4768-46c7-92e9-99995da8c6b5\",\"更新年度\":2022,\"前年同一\":true},[{\"筆ポリゴンID\":\"9e6cbf79-206e-4cd2-84ff-b3025cf42720\",\"更新年度\":2021,\"前年同一\":true},{\"筆ポリゴンID\":\"9e6cbf79-206e-4cd2-84ff-b3025cf42720\",\"発生年度\":2020}]]]]","last_polygon_uuid":"b4e86404-865c-4e15-a512-dc950e6cfec2","prev_last_polygon_uuid":"8219a45f-2e05-499d-80c0-6a8c815f71d3","local_government_cd":"016080","point_lng":142.947055694,"point_lat":42.154635383}},{"arcs":[[993,994,995,996]],"type":"Polygon","properties":{"polygon_uuid":"54f71dcd-5195-4e78-94be-48ea09087ddc","land_type":100,"issue_year":2025,"edit_year":2020,"history":"[{\"筆ポリゴンID\":\"e88a4d7b-50cf-41bf-bac1-8da42c230d8f\",\"更新年度\":2024,\"前年同一\":true},[{\"筆ポリゴンID\":\"cdebb371-14dd-4ea6-a140-a4b35a5a4665\",\"更新年度\":2023,\"前年同一\":true},[{\"筆ポリゴンID\":\"b4879166-286c-4c2c-b6a4-ce470702106a\",\"更新年度\":2022,\"前年同一\":true},[{\"筆ポリゴンID\":\"4d4fe441-1af5-4bc3-9c99-c9481445d322\",\"更新年度\":2021,\"前年同一\":true},{\"筆ポリゴンID\":\"4d4fe441-1af5-4bc3-9c99-c9481445d322\",\"発生年度\":2020}]]]]","last_polygon_uuid":"e88a4d7b-50cf-41bf-bac1-8da42c230d8f","prev_last_polygon_uuid":"cdebb371-14dd-4ea6-a140-a4b35a5a4665","local_government_cd":"016080","point_lng":142.940496424,"point_lat":42.147277758}},{"arcs":[[-823,997]],"type":"Polygon","properties":{"polygon_uuid":"ce266297-279c-4673-8754-7a9e9fdaae5c","land_type":200,"issue_year":2025,"edit_year":2020,"history":"[{\"筆ポリゴンID\":\"77aa2fb2-ddbb-4fe5-891d-0846aeec9c3b\",\"更新年度\":2024,\"前年同一\":true},[{\"筆ポリゴンID\":\"dbec7658-c18c-47ec-8406-9940e19d0437\",\"更新年度\":2023,\"前年同一\":true},[{\"筆ポリゴンID\":\"d019b0e6-a672-4039-978a-03fe4d17705b\",\"更新年度\":2022,\"前年同一\":true},[{\"筆ポリゴンID\":\"7aa403df-01bd-4047-a13b-5cd4353b034d\",\"更新年度\":2021,\"前年同一\":true},{\"筆ポリゴンID\":\"7aa403df-01bd-4047-a13b-5cd4353b034d\",\"発生年度\":2020}]]]]","last_polygon_uuid":"77aa2fb2-ddbb-4fe5-891d-0846aeec9c3b","prev_last_polygon_uuid":"dbec7658-c18c-47ec-8406-9940e19d0437","local_government_cd":"016080","point_lng":142.940746287,"point_lat":42.138241211}},{"arcs":[[-758,998]],"type":"Polygon","properties":{"polygon_uuid":"43468f08-5504-466b-a044-4c8eed73a8d8","land_type":200,"issue_year":2025,"edit_year":2020,"history":"[{\"筆ポリゴンID\":\"4a08a1ed-5aa5-4cac-a59b-893fbb0954f6\",\"更新年度\":2024,\"前年同一\":true},[{\"筆ポリゴンID\":\"6b9a730d-3fd6-434c-9851-f4baa19dfd2c\",\"更新年度\":2023,\"前年同一\":true},[{\"筆ポリゴンID\":\"7e5a4690-b661-4b49-a352-326f4db40d4f\",\"更新年度\":2022,\"前年同一\":true},[{\"筆ポリゴンID\":\"0486cc57-6c80-4e14-b055-21b05feda0bd\",\"更新年度\":2021,\"前年同一\":true},{\"筆ポリゴンID\":\"0486cc57-6c80-4e14-b055-21b05feda0bd\",\"発生年度\":2020}]]]]","last_polygon_uuid":"4a08a1ed-5aa5-4cac-a59b-893fbb0954f6","prev_last_polygon_uuid":"6b9a730d-3fd6-434c-9851-f4baa19dfd2c","local_government_cd":"016080","point_lng":142.941957592,"point_lat":42.134906867}},{"arcs":[[999,-402,1000,1001]],"type":"Polygon","properties":{"polygon_uuid":"72b22dfd-eded-45d6-8bfa-b1149a452f89","land_type":100,"issue_year":2025,"edit_year":2021,"history":"[{\"筆ポリゴンID\":\"fe5925d3-5496-4787-a748-281ebf272b0e\",\"更新年度\":2024,\"前年同一\":true},[{\"筆ポリゴンID\":\"90a0f5b2-fe5e-4b3c-a11c-522ceb28fd00\",\"更新年度\":2023,\"前年同一\":true},[{\"筆ポリゴンID\":\"db01072f-c7a5-4d9b-9641-d2399678dad4\",\"更新年度\":2022,\"前年同一\":true},[[{\"筆ポリゴンID\":\"4a191937-0b5d-4eab-9a66-39964f46bb46\",\"更新年度\":2021,\"関連\":true},{\"筆ポリゴンID\":\"4a191937-0b5d-4eab-9a66-39964f46bb46\",\"発生年度\":2020}],[{\"筆ポリゴンID\":\"b1046604-69b1-46b1-9e3e-ab5e687b61b0\",\"更新年度\":2021,\"関連\":true},{\"筆ポリゴンID\":\"b1046604-69b1-46b1-9e3e-ab5e687b61b0\",\"発生年度\":2020}]]]]]","last_polygon_uuid":"fe5925d3-5496-4787-a748-281ebf272b0e","prev_last_polygon_uuid":"90a0f5b2-fe5e-4b3c-a11c-522ceb28fd00","local_government_cd":"016080","point_lng":142.954830145,"point_lat":42.16204553}},{"arcs":[[1002,1003,-872,1004]],"type":"Polygon","properties":{"polygon_uuid":"57dedec4-0634-43ac-b286-f079c910bac5","land_type":100,"issue_year":2025,"edit_year":2021,"history":"[{\"筆ポリゴンID\":\"08dcc541-de2d-4860-8af2-deb23c4e3341\",\"更新年度\":2024,\"前年同一\":true},[{\"筆ポリゴンID\":\"445cd7ca-64d2-44e3-ba6f-932ebbdb5391\",\"更新年度\":2023,\"前年同一\":true},[{\"筆ポリゴンID\":\"d94f4a83-c9a4-4a5a-8ba8-8cd14d20997c\",\"更新年度\":2022,\"前年同一\":true},[[{\"筆ポリゴンID\":\"3a42e17b-68da-47d7-b801-3b57eb53c599\",\"更新年度\":2021,\"関連\":true},{\"筆ポリゴンID\":\"3a42e17b-68da-47d7-b801-3b57eb53c599\",\"発生年度\":2020}],[{\"筆ポリゴンID\":\"2118d026-7256-46ea-bfd2-691c8c19fba3\",\"更新年度\":2021,\"関連\":true},{\"筆ポリゴンID\":\"2118d026-7256-46ea-bfd2-691c8c19fba3\",\"発生年度\":2020}]]]]]","last_polygon_uuid":"08dcc541-de2d-4860-8af2-deb23c4e3341","prev_last_polygon_uuid":"445cd7ca-64d2-44e3-ba6f-932ebbdb5391","local_government_cd":"016080","point_lng":142.951637655,"point_lat":42.156977817}},{"arcs":[[-1003,1005]],"type":"Polygon","properties":{"polygon_uuid":"424b7ccd-1955-42f9-a658-fccea6d56c9a","land_type":200,"issue_year":2025,"edit_year":2021,"history":"[{\"筆ポリゴンID\":\"74398ad0-fb97-4302-ade1-d6964e53d53b\",\"更新年度\":2024,\"前年同一\":true},[{\"筆ポリゴンID\":\"17792eed-cfad-4ef8-b140-02ae70a6661d\",\"更新年度\":2023,\"前年同一\":true},[{\"筆ポリゴンID\":\"367287f9-ec9b-494c-8ccf-583c26e20f78\",\"更新年度\":2022,\"前年同一\":true},[[{\"筆ポリゴンID\":\"fcd7413c-68a7-4400-a074-eeead5d69ad8\",\"更新年度\":2021,\"関連\":true},{\"筆ポリゴンID\":\"fcd7413c-68a7-4400-a074-eeead5d69ad8\",\"発生年度\":2020}],[{\"筆ポリゴンID\":\"3a42e17b-68da-47d7-b801-3b57eb53c599\",\"更新年度\":2021,\"関連\":true},{\"筆ポリゴンID\":\"3a42e17b-68da-47d7-b801-3b57eb53c599\",\"発生年度\":2020}],[{\"筆ポリゴンID\":\"2118d026-7256-46ea-bfd2-691c8c19fba3\",\"更新年度\":2021,\"関連\":true},{\"筆ポリゴンID\":\"2118d026-7256-46ea-bfd2-691c8c19fba3\",\"発生年度\":2020}]]]]]","last_polygon_uuid":"74398ad0-fb97-4302-ade1-d6964e53d53b","prev_last_polygon_uuid":"17792eed-cfad-4ef8-b140-02ae70a6661d","local_government_cd":"016080","point_lng":142.952249675,"point_lat":42.158261446}},{"arcs":[[1006,1007,1008,1009]],"type":"Polygon","properties":{"polygon_uuid":"2b6c2ebe-5019-4fa4-baff-b66e290dd294","land_type":100,"issue_year":2025,"edit_year":2020,"history":"[{\"筆ポリゴンID\":\"aab1f487-a3c6-4bf7-9588-fb76c0d9ba13\",\"更新年度\":2024,\"前年同一\":true},[{\"筆ポリゴンID\":\"31006862-8bcf-43d7-9e42-45128857b7c4\",\"更新年度\":2023,\"前年同一\":true},[{\"筆ポリゴンID\":\"ae4e8449-8645-4812-9179-391745df8cdb\",\"更新年度\":2022,\"前年同一\":true},[{\"筆ポリゴンID\":\"44a8d7cb-78aa-4ae8-98d0-ed699471fb08\",\"更新年度\":2021,\"前年同一\":true},{\"筆ポリゴンID\":\"44a8d7cb-78aa-4ae8-98d0-ed699471fb08\",\"発生年度\":2020}]]]]","last_polygon_uuid":"aab1f487-a3c6-4bf7-9588-fb76c0d9ba13","prev_last_polygon_uuid":"31006862-8bcf-43d7-9e42-45128857b7c4","local_government_cd":"016080","point_lng":142.942758711,"point_lat":42.152035311}},{"arcs":[[1010,-1010,1011,1012]],"type":"Polygon","properties":{"polygon_uuid":"47710cb0-5332-45a5-8bc2-900cd8278099","land_type":100,"issue_year":2025,"edit_year":2020,"history":"[{\"筆ポリゴンID\":\"f47206aa-b264-4af7-a5e1-e0cc63fe65be\",\"更新年度\":2024,\"前年同一\":true},[{\"筆ポリゴンID\":\"e7bf2528-1d44-4f09-bbee-8ac1d42f89c8\",\"更新年度\":2023,\"前年同一\":true},[{\"筆ポリゴンID\":\"0ff99d3c-98e5-4f7c-ba4b-95b2dbfac8de\",\"更新年度\":2022,\"前年同一\":true},[{\"筆ポリゴンID\":\"4c940a91-3fa4-4251-bf24-9fad23915433\",\"更新年度\":2021,\"前年同一\":true},{\"筆ポリゴンID\":\"4c940a91-3fa4-4251-bf24-9fad23915433\",\"発生年度\":2020}]]]]","last_polygon_uuid":"f47206aa-b264-4af7-a5e1-e0cc63fe65be","prev_last_polygon_uuid":"e7bf2528-1d44-4f09-bbee-8ac1d42f89c8","local_government_cd":"016080","point_lng":142.942858324,"point_lat":42.152196091}},{"arcs":[[1013,-1013,1014,1015,1016]],"type":"Polygon","properties":{"polygon_uuid":"016f9f6f-a7ef-420b-a60b-754c703c1367","land_type":100,"issue_year":2025,"edit_year":2020,"history":"[{\"筆ポリゴンID\":\"241bda01-5ffa-4b02-970c-8d8051542b61\",\"更新年度\":2024,\"前年同一\":true},[{\"筆ポリゴンID\":\"88ec6d1f-a0ff-4180-b19b-13cd579bcc22\",\"更新年度\":2023,\"前年同一\":true},[{\"筆ポリゴンID\":\"ea049e66-2f8a-4762-9bb4-464b659056ea\",\"更新年度\":2022,\"前年同一\":true},[{\"筆ポリゴンID\":\"7ca11649-778e-4181-9b4a-74655c4a70df\",\"更新年度\":2021,\"前年同一\":true},{\"筆ポリゴンID\":\"7ca11649-778e-4181-9b4a-74655c4a70df\",\"発生年度\":2020}]]]]","last_polygon_uuid":"241bda01-5ffa-4b02-970c-8d8051542b61","prev_last_polygon_uuid":"88ec6d1f-a0ff-4180-b19b-13cd579bcc22","local_government_cd":"016080","point_lng":142.943003315,"point_lat":42.15237417}},{"arcs":[[1017,1018,-1017]],"type":"Polygon","properties":{"polygon_uuid":"efc9939a-8e13-47ca-9498-e021cd8f624b","land_type":100,"issue_year":2025,"edit_year":2020,"history":"[{\"筆ポリゴンID\":\"ce17f52a-487c-4f46-a0cc-d74b6e8f3040\",\"更新年度\":2024,\"前年同一\":true},[{\"筆ポリゴンID\":\"66bcca7e-6286-4183-b49a-97729f790330\",\"更新年度\":2023,\"前年同一\":true},[{\"筆ポリゴンID\":\"028473bf-1235-4b7e-9509-836fd7d6ad20\",\"更新年度\":2022,\"前年同一\":true},[{\"筆ポリゴンID\":\"d42314ae-38fd-4f38-9a1e-ef0f9b8809eb\",\"更新年度\":2021,\"前年同一\":true},{\"筆ポリゴンID\":\"d42314ae-38fd-4f38-9a1e-ef0f9b8809eb\",\"発生年度\":2020}]]]]","last_polygon_uuid":"ce17f52a-487c-4f46-a0cc-d74b6e8f3040","prev_last_polygon_uuid":"66bcca7e-6286-4183-b49a-97729f790330","local_government_cd":"016080","point_lng":142.943942107,"point_lat":42.15242802}},{"arcs":[[1019,-581]],"type":"Polygon","properties":{"polygon_uuid":"8b5e293a-7bf8-4d7e-a89b-dfd2d5b3c5c5","land_type":100,"issue_year":2025,"edit_year":2022,"history":"[{\"筆ポリゴンID\":\"db6f59b9-0429-4178-b3b8-63a15cf29a72\",\"更新年度\":2024,\"前年同一\":true},[{\"筆ポリゴンID\":\"772f675d-6418-4c7e-af47-c41ee2a760d9\",\"更新年度\":2023,\"前年同一\":true},[{\"筆ポリゴンID\":\"34c3061b-2fe1-468e-870b-e4edfb66e1de\",\"更新年度\":2022,\"関連\":true},[{\"筆ポリゴンID\":\"5ce77d4e-d826-4c91-90b1-2eca0487835a\",\"更新年度\":2021,\"前年同一\":true},{\"筆ポリゴンID\":\"5ce77d4e-d826-4c91-90b1-2eca0487835a\",\"発生年度\":2020}]]]]","last_polygon_uuid":"db6f59b9-0429-4178-b3b8-63a15cf29a72","prev_last_polygon_uuid":"772f675d-6418-4c7e-af47-c41ee2a760d9","local_government_cd":"016080","point_lng":142.949520061,"point_lat":42.14923946}},{"arcs":[[-427,1020]],"type":"Polygon","properties":{"polygon_uuid":"e5e93f7d-ee1f-4f9b-9e68-b6dc3a0769cd","land_type":200,"issue_year":2025,"edit_year":2022,"history":"[{\"筆ポリゴンID\":\"fa545376-ca0c-4712-80dc-cfd7052ec112\",\"更新年度\":2024,\"前年同一\":true},[{\"筆ポリゴンID\":\"326f1c02-e569-4283-8cd0-9c9800f6b632\",\"更新年度\":2023,\"前年同一\":true},[[{\"筆ポリゴンID\":\"9d5ee092-dbba-4438-b32f-897af8167d91\",\"更新年度\":2022,\"関連\":true},[{\"筆ポリゴンID\":\"492a5245-9b6a-4337-b074-90a04780c82a\",\"更新年度\":2021,\"前年同一\":true},{\"筆ポリゴンID\":\"492a5245-9b6a-4337-b074-90a04780c82a\",\"発生年度\":2020}]],[{\"筆ポリゴンID\":\"b4472264-5d78-4d75-99e6-49ea4e1f9dec\",\"更新年度\":2022,\"関連\":true},[{\"筆ポリゴンID\":\"7d0857fc-b505-4502-99e2-a402b2ac8931\",\"更新年度\":2021,\"前年同一\":true},{\"筆ポリゴンID\":\"7d0857fc-b505-4502-99e2-a402b2ac8931\",\"発生年度\":2020}]]]]]","last_polygon_uuid":"fa545376-ca0c-4712-80dc-cfd7052ec112","prev_last_polygon_uuid":"326f1c02-e569-4283-8cd0-9c9800f6b632","local_government_cd":"016080","point_lng":142.950715952,"point_lat":42.124677078}},{"arcs":[[1021]],"type":"Polygon","properties":{"polygon_uuid":"10b02350-ff73-4146-b244-900fcbb94909","land_type":200,"issue_year":2025,"edit_year":2022,"history":"[{\"筆ポリゴンID\":\"f2eb5596-8e47-4504-a7b5-fb0159d34633\",\"更新年度\":2024,\"前年同一\":true},[{\"筆ポリゴンID\":\"3561c48a-2f35-4dac-b3f4-e720586f1fc9\",\"更新年度\":2023,\"前年同一\":true},[{\"筆ポリゴンID\":\"b4472264-5d78-4d75-99e6-49ea4e1f9dec\",\"更新年度\":2022,\"関連\":true},[{\"筆ポリゴンID\":\"7d0857fc-b505-4502-99e2-a402b2ac8931\",\"更新年度\":2021,\"前年同一\":true},{\"筆ポリゴンID\":\"7d0857fc-b505-4502-99e2-a402b2ac8931\",\"発生年度\":2020}]]]]","last_polygon_uuid":"f2eb5596-8e47-4504-a7b5-fb0159d34633","prev_last_polygon_uuid":"3561c48a-2f35-4dac-b3f4-e720586f1fc9","local_government_cd":"016080","point_lng":142.95036423,"point_lat":42.125708928}},{"arcs":[[1022,-1018,-1016,1023,1024]],"type":"Polygon","properties":{"polygon_uuid":"d1ee4b33-0ed9-40de-9a15-bf8a95d219a3","land_type":100,"issue_year":2025,"edit_year":2020,"history":"[{\"筆ポリゴンID\":\"f8030e80-61db-4813-88d7-ffdea9c377fd\",\"更新年度\":2024,\"前年同一\":true},[{\"筆ポリゴンID\":\"c17fa9f2-c31a-42b9-af3e-8cf15fb23d27\",\"更新年度\":2023,\"前年同一\":true},[{\"筆ポリゴンID\":\"6f667044-0d76-4125-a243-4769101da641\",\"更新年度\":2022,\"前年同一\":true},[{\"筆ポリゴンID\":\"6efe841a-115d-4019-9a14-27e2f1c0e8eb\",\"更新年度\":2021,\"前年同一\":true},{\"筆ポリゴンID\":\"6efe841a-115d-4019-9a14-27e2f1c0e8eb\",\"発生年度\":2020}]]]]","last_polygon_uuid":"f8030e80-61db-4813-88d7-ffdea9c377fd","prev_last_polygon_uuid":"c17fa9f2-c31a-42b9-af3e-8cf15fb23d27","local_government_cd":"016080","point_lng":142.943166168,"point_lat":42.152585712}},{"arcs":[[1025,-1025,1026,1027]],"type":"Polygon","properties":{"polygon_uuid":"a72e6359-4ac1-4758-9921-a559d6664010","land_type":100,"issue_year":2025,"edit_year":2020,"history":"[{\"筆ポリゴンID\":\"28dd9c88-081f-42ef-805e-e721760eafe8\",\"更新年度\":2024,\"前年同一\":true},[{\"筆ポリゴンID\":\"8db427e9-071f-4fa4-aa3d-a466389b39be\",\"更新年度\":2023,\"前年同一\":true},[{\"筆ポリゴンID\":\"973fed7c-99d5-479d-92da-0aab5449e6c4\",\"更新年度\":2022,\"前年同一\":true},[{\"筆ポリゴンID\":\"73811962-fd00-4ed7-a974-3118e10f1b22\",\"更新年度\":2021,\"前年同一\":true},{\"筆ポリゴンID\":\"73811962-fd00-4ed7-a974-3118e10f1b22\",\"発生年度\":2020}]]]]","last_polygon_uuid":"28dd9c88-081f-42ef-805e-e721760eafe8","prev_last_polygon_uuid":"8db427e9-071f-4fa4-aa3d-a466389b39be","local_government_cd":"016080","point_lng":142.943299641,"point_lat":42.152769006}},{"arcs":[[-820,1028,-1028,1029]],"type":"Polygon","properties":{"polygon_uuid":"2ca8bb34-9291-44ff-a1f9-c44709b77e42","land_type":100,"issue_year":2025,"edit_year":2020,"history":"[{\"筆ポリゴンID\":\"b4f1d1ac-4d1f-40ce-a9cb-a9b7938cd6b9\",\"更新年度\":2024,\"前年同一\":true},[{\"筆ポリゴンID\":\"8b9851ce-5002-40bd-93a9-14f7d1ea8a48\",\"更新年度\":2023,\"前年同一\":true},[{\"筆ポリゴンID\":\"f8ba45ad-533f-4ba2-84c4-e2d4086ea4d5\",\"更新年度\":2022,\"前年同一\":true},[{\"筆ポリゴンID\":\"9ead0012-6384-4f2c-b218-456c06c79393\",\"更新年度\":2021,\"前年同一\":true},{\"筆ポリゴンID\":\"9ead0012-6384-4f2c-b218-456c06c79393\",\"発生年度\":2020}]]]]","last_polygon_uuid":"b4f1d1ac-4d1f-40ce-a9cb-a9b7938cd6b9","prev_last_polygon_uuid":"8b9851ce-5002-40bd-93a9-14f7d1ea8a48","local_government_cd":"016080","point_lng":142.943462958,"point_lat":42.152914029}},{"arcs":[[-997,1030]],"type":"Polygon","properties":{"polygon_uuid":"8e2a4223-9364-46e2-b356-6eda506c7cb4","land_type":100,"issue_year":2025,"edit_year":2020,"history":"[{\"筆ポリゴンID\":\"cdf66b32-7374-406d-8218-3ddae04d6994\",\"更新年度\":2024,\"前年同一\":true},[{\"筆ポリゴンID\":\"b27e2df8-6b9b-4bda-8746-96324bd67f42\",\"更新年度\":2023,\"前年同一\":true},[{\"筆ポリゴンID\":\"e428d90d-cee9-499c-af46-c426fc112e2b\",\"更新年度\":2022,\"前年同一\":true},[{\"筆ポリゴンID\":\"4310b05c-e7d0-43a3-9c6a-4dbee687275c\",\"更新年度\":2021,\"前年同一\":true},{\"筆ポリゴンID\":\"4310b05c-e7d0-43a3-9c6a-4dbee687275c\",\"発生年度\":2020}]]]]","last_polygon_uuid":"cdf66b32-7374-406d-8218-3ddae04d6994","prev_last_polygon_uuid":"b27e2df8-6b9b-4bda-8746-96324bd67f42","local_government_cd":"016080","point_lng":142.940546398,"point_lat":42.147478519}},{"arcs":[[-822,1031]],"type":"Polygon","properties":{"polygon_uuid":"20c95a9b-6d65-4348-8b1c-f96a5a3a5036","land_type":100,"issue_year":2025,"edit_year":2020,"history":"[{\"筆ポリゴンID\":\"dc907e79-e646-47d6-bf97-701ee089a266\",\"更新年度\":2024,\"前年同一\":true},[{\"筆ポリゴンID\":\"690d5d69-341f-4812-bed6-c697c3c353bb\",\"更新年度\":2023,\"前年同一\":true},[{\"筆ポリゴンID\":\"ce67955b-625a-44ca-8052-ef9f42ad307f\",\"更新年度\":2022,\"前年同一\":true},[{\"筆ポリゴンID\":\"6807619d-22d0-43a9-aa76-3b6aeaaf5c46\",\"更新年度\":2021,\"前年同一\":true},{\"筆ポリゴンID\":\"6807619d-22d0-43a9-aa76-3b6aeaaf5c46\",\"発生年度\":2020}]]]]","last_polygon_uuid":"dc907e79-e646-47d6-bf97-701ee089a266","prev_last_polygon_uuid":"690d5d69-341f-4812-bed6-c697c3c353bb","local_government_cd":"016080","point_lng":142.944128879,"point_lat":42.153249095}},{"arcs":[[1032,1033,1034]],"type":"Polygon","properties":{"polygon_uuid":"feae0d0d-a342-4d9d-b71e-05daeffff93c","land_type":100,"issue_year":2025,"edit_year":2020,"history":"[{\"筆ポリゴンID\":\"40452d4b-b22e-4469-aba3-634458eb885a\",\"更新年度\":2024,\"前年同一\":true},[{\"筆ポリゴンID\":\"65ed94fc-1df9-47d2-9a56-7efc02998490\",\"更新年度\":2023,\"前年同一\":true},[{\"筆ポリゴンID\":\"7e127a68-3890-40bb-a3f7-d9dfac35c6d6\",\"更新年度\":2022,\"前年同一\":true},[{\"筆ポリゴンID\":\"4d5d20d3-7cb3-47fc-80fa-83ec78b91e6d\",\"更新年度\":2021,\"前年同一\":true},{\"筆ポリゴンID\":\"4d5d20d3-7cb3-47fc-80fa-83ec78b91e6d\",\"発生年度\":2020}]]]]","last_polygon_uuid":"40452d4b-b22e-4469-aba3-634458eb885a","prev_last_polygon_uuid":"65ed94fc-1df9-47d2-9a56-7efc02998490","local_government_cd":"016080","point_lng":142.943056495,"point_lat":42.154160228}},{"arcs":[[1035],[1036]],"type":"Polygon","properties":{"polygon_uuid":"f2c8d5e2-d039-4450-8b74-1e7da82b3ff2","land_type":200,"issue_year":2025,"edit_year":2021,"history":"[{\"筆ポリゴンID\":\"c00b6d35-0960-49e2-a687-e6a77d95a5f7\",\"更新年度\":2024,\"前年同一\":true},[{\"筆ポリゴンID\":\"6d8b75c0-f094-442c-ace3-a7433a236126\",\"更新年度\":2023,\"前年同一\":true},[{\"筆ポリゴンID\":\"6468ceca-7b7d-420f-9961-ba9c51f2789b\",\"更新年度\":2022,\"前年同一\":true},[{\"筆ポリゴンID\":\"edc49ead-5e2f-4393-8c34-fc35d0fb9c67\",\"更新年度\":2021,\"関連\":true},{\"筆ポリゴンID\":\"edc49ead-5e2f-4393-8c34-fc35d0fb9c67\",\"発生年度\":2020}]]]]","last_polygon_uuid":"c00b6d35-0960-49e2-a687-e6a77d95a5f7","prev_last_polygon_uuid":"6d8b75c0-f094-442c-ace3-a7433a236126","local_government_cd":"016080","point_lng":142.951223719,"point_lat":42.139928681}},{"arcs":[[1037]],"type":"Polygon","properties":{"polygon_uuid":"92e04ec2-d966-47f4-b503-f6936c3b3bb0","land_type":200,"issue_year":2025,"edit_year":2021,"history":"[{\"筆ポリゴンID\":\"22e7552a-f86a-4cec-832c-a3cd40de2df9\",\"更新年度\":2024,\"前年同一\":true},[{\"筆ポリゴンID\":\"f4e7aab2-cc98-4ffa-a4e7-8c5f52b6ec84\",\"更新年度\":2023,\"前年同一\":true},[{\"筆ポリゴンID\":\"17335639-cb54-42e8-9634-8751e8d0fdd4\",\"更新年度\":2022,\"前年同一\":true},[{\"筆ポリゴンID\":\"edc49ead-5e2f-4393-8c34-fc35d0fb9c67\",\"更新年度\":2021,\"関連\":true},{\"筆ポリゴンID\":\"edc49ead-5e2f-4393-8c34-fc35d0fb9c67\",\"発生年度\":2020}]]]]","last_polygon_uuid":"22e7552a-f86a-4cec-832c-a3cd40de2df9","prev_last_polygon_uuid":"f4e7aab2-cc98-4ffa-a4e7-8c5f52b6ec84","local_government_cd":"016080","point_lng":142.953028657,"point_lat":42.139726581}},{"arcs":[[1038]],"type":"Polygon","properties":{"polygon_uuid":"7faf39ac-9367-4207-a4cb-f30f4468ca9e","land_type":200,"issue_year":2025,"edit_year":2021,"history":"[{\"筆ポリゴンID\":\"272d572f-b4ee-44a0-aa24-8848e0eacbee\",\"更新年度\":2024,\"前年同一\":true},[{\"筆ポリゴンID\":\"419f6ec3-75b8-4d22-90aa-cb000192f81d\",\"更新年度\":2023,\"前年同一\":true},[{\"筆ポリゴンID\":\"432e1644-4c98-46b5-80b9-6e71d86c756f\",\"更新年度\":2022,\"前年同一\":true},[{\"筆ポリゴンID\":\"f2287a14-6b73-418e-a82b-c3df862faec8\",\"更新年度\":2021,\"関連\":true},{\"筆ポリゴンID\":\"f2287a14-6b73-418e-a82b-c3df862faec8\",\"発生年度\":2020}]]]]","last_polygon_uuid":"272d572f-b4ee-44a0-aa24-8848e0eacbee","prev_last_polygon_uuid":"419f6ec3-75b8-4d22-90aa-cb000192f81d","local_government_cd":"016080","point_lng":142.9538215,"point_lat":42.154706691}},{"arcs":[[-1033,1039,1040]],"type":"Polygon","properties":{"polygon_uuid":"2643cc48-7287-4a62-b5a1-7dd35364d02e","land_type":100,"issue_year":2025,"edit_year":2020,"history":"[{\"筆ポリゴンID\":\"db70ef43-4096-4587-b4c2-62fce503c080\",\"更新年度\":2024,\"前年同一\":true},[{\"筆ポリゴンID\":\"2a0cac85-a49d-4c6c-a72e-46b0a35f1753\",\"更新年度\":2023,\"前年同一\":true},[{\"筆ポリゴンID\":\"39ab3185-fd96-425d-9ce4-613b279dc46d\",\"更新年度\":2022,\"前年同一\":true},[{\"筆ポリゴンID\":\"b3ad1756-1e02-4090-a709-c57d51d87293\",\"更新年度\":2021,\"前年同一\":true},{\"筆ポリゴンID\":\"b3ad1756-1e02-4090-a709-c57d51d87293\",\"発生年度\":2020}]]]]","last_polygon_uuid":"db70ef43-4096-4587-b4c2-62fce503c080","prev_last_polygon_uuid":"2a0cac85-a49d-4c6c-a72e-46b0a35f1753","local_government_cd":"016080","point_lng":142.943177382,"point_lat":42.153949269}},{"arcs":[[1041]],"type":"Polygon","properties":{"polygon_uuid":"67eb4db7-782c-4908-8437-b3fdef8e1d8b","land_type":200,"issue_year":2025,"edit_year":2021,"history":"[{\"筆ポリゴンID\":\"79409240-0b0f-4c67-b292-7f559760e7e3\",\"更新年度\":2024,\"前年同一\":true},[{\"筆ポリゴンID\":\"35976d23-48ff-4d7e-8381-f299e8a46a62\",\"更新年度\":2023,\"前年同一\":true},[{\"筆ポリゴンID\":\"e673e3db-2d20-46d2-8681-a360f577c756\",\"更新年度\":2022,\"前年同一\":true},[{\"筆ポリゴンID\":\"ecd54496-0f98-4c21-971b-e357a1217008\",\"更新年度\":2021,\"関連\":true},{\"筆ポリゴンID\":\"ecd54496-0f98-4c21-971b-e357a1217008\",\"発生年度\":2020}]]]]","last_polygon_uuid":"79409240-0b0f-4c67-b292-7f559760e7e3","prev_last_polygon_uuid":"35976d23-48ff-4d7e-8381-f299e8a46a62","local_government_cd":"016080","point_lng":142.95280171,"point_lat":42.141750806}},{"arcs":[[1042,-1035,1043]],"type":"Polygon","properties":{"polygon_uuid":"8e78f10a-0017-44fc-8e93-4c76e56672fc","land_type":100,"issue_year":2025,"edit_year":2020,"history":"[{\"筆ポリゴンID\":\"43151a99-e9ae-4ce3-b594-6583d0b75bb9\",\"更新年度\":2024,\"前年同一\":true},[{\"筆ポリゴンID\":\"26851ddd-bfbb-4976-81c6-cc0cb61337e0\",\"更新年度\":2023,\"前年同一\":true},[{\"筆ポリゴンID\":\"50f9feed-3a6e-4f2b-9af5-117d6f5dbddc\",\"更新年度\":2022,\"前年同一\":true},[{\"筆ポリゴンID\":\"f8a823d9-2601-421d-b75a-1c54bfe2c704\",\"更新年度\":2021,\"前年同一\":true},{\"筆ポリゴンID\":\"f8a823d9-2601-421d-b75a-1c54bfe2c704\",\"発生年度\":2020}]]]]","last_polygon_uuid":"43151a99-e9ae-4ce3-b594-6583d0b75bb9","prev_last_polygon_uuid":"26851ddd-bfbb-4976-81c6-cc0cb61337e0","local_government_cd":"016080","point_lng":142.943466608,"point_lat":42.154319593}},{"arcs":[[1044]],"type":"Polygon","properties":{"polygon_uuid":"72a936bc-5134-460a-8507-9627d7725e52","land_type":200,"issue_year":2025,"edit_year":2021,"history":"[{\"筆ポリゴンID\":\"b5e27896-2ca7-4ac8-82ad-4c8fd8736f47\",\"更新年度\":2024,\"前年同一\":true},[{\"筆ポリゴンID\":\"28580da2-c3b8-479c-bc98-af170a6608a5\",\"更新年度\":2023,\"前年同一\":true},[{\"筆ポリゴンID\":\"c929f928-9b50-4bed-adf2-85cfc875858f\",\"更新年度\":2022,\"前年同一\":true},[{\"筆ポリゴンID\":\"c8623c3e-36e6-48e1-bb57-f983f7872222\",\"更新年度\":2021,\"関連\":true},{\"筆ポリゴンID\":\"c8623c3e-36e6-48e1-bb57-f983f7872222\",\"発生年度\":2020}]]]]","last_polygon_uuid":"b5e27896-2ca7-4ac8-82ad-4c8fd8736f47","prev_last_polygon_uuid":"28580da2-c3b8-479c-bc98-af170a6608a5","local_government_cd":"016080","point_lng":142.917043763,"point_lat":42.149536798}},{"arcs":[[1045,-975,1046,1047]],"type":"Polygon","properties":{"polygon_uuid":"f295f927-8e2f-40d8-b494-2b8bc5655645","land_type":100,"issue_year":2025,"edit_year":2020,"history":"[{\"筆ポリゴンID\":\"0fba30cf-d1f6-498f-8e5c-d54f72d57a1c\",\"更新年度\":2024,\"前年同一\":true},[{\"筆ポリゴンID\":\"6df06f85-b0d7-4e69-bcd2-e5d22f6c6679\",\"更新年度\":2023,\"前年同一\":true},[{\"筆ポリゴンID\":\"4c14451b-807d-4f4b-88a5-84d9db99be0f\",\"更新年度\":2022,\"前年同一\":true},[{\"筆ポリゴンID\":\"75d688b2-1505-42ff-9dca-e58abb3b509d\",\"更新年度\":2021,\"前年同一\":true},{\"筆ポリゴンID\":\"75d688b2-1505-42ff-9dca-e58abb3b509d\",\"発生年度\":2020}]]]]","last_polygon_uuid":"0fba30cf-d1f6-498f-8e5c-d54f72d57a1c","prev_last_polygon_uuid":"6df06f85-b0d7-4e69-bcd2-e5d22f6c6679","local_government_cd":"016080","point_lng":142.941012712,"point_lat":42.151922623}},{"arcs":[[-1002,1048,-404,1049]],"type":"Polygon","properties":{"polygon_uuid":"9015144b-33ab-436a-9430-6f3eb717c85a","land_type":100,"issue_year":2025,"edit_year":2021,"history":"[{\"筆ポリゴンID\":\"0d007c58-0dcb-4acf-95e6-56f46393f616\",\"更新年度\":2024,\"前年同一\":true},[{\"筆ポリゴンID\":\"d3cbd777-0a43-4429-87c5-1d057ab19028\",\"更新年度\":2023,\"前年同一\":true},[{\"筆ポリゴンID\":\"7d22483a-7c98-47ab-8de1-91838d6c853b\",\"更新年度\":2022,\"前年同一\":true},[[{\"筆ポリゴンID\":\"4a191937-0b5d-4eab-9a66-39964f46bb46\",\"更新年度\":2021,\"関連\":true},{\"筆ポリゴンID\":\"4a191937-0b5d-4eab-9a66-39964f46bb46\",\"発生年度\":2020}],[{\"筆ポリゴンID\":\"b1046604-69b1-46b1-9e3e-ab5e687b61b0\",\"更新年度\":2021,\"関連\":true},{\"筆ポリゴンID\":\"b1046604-69b1-46b1-9e3e-ab5e687b61b0\",\"発生年度\":2020}]]]]]","last_polygon_uuid":"0d007c58-0dcb-4acf-95e6-56f46393f616","prev_last_polygon_uuid":"d3cbd777-0a43-4429-87c5-1d057ab19028","local_government_cd":"016080","point_lng":142.954976113,"point_lat":42.162261949}},{"arcs":[[1050,-1048,1051,1052]],"type":"Polygon","properties":{"polygon_uuid":"cea3dd90-8103-4d97-9564-18380dd9fa5a","land_type":100,"issue_year":2025,"edit_year":2020,"history":"[{\"筆ポリゴンID\":\"3d2f52dc-d30e-41c9-bb77-4f1179865851\",\"更新年度\":2024,\"前年同一\":true},[{\"筆ポリゴンID\":\"b1d4a9f0-1fa8-4f8d-bc67-50a41c1d5b69\",\"更新年度\":2023,\"前年同一\":true},[{\"筆ポリゴンID\":\"50886744-4594-42c5-815b-94255f4c94fa\",\"更新年度\":2022,\"前年同一\":true},[{\"筆ポリゴンID\":\"7a2e0599-68a5-4c28-b7ae-92c2f7815b51\",\"更新年度\":2021,\"前年同一\":true},{\"筆ポリゴンID\":\"7a2e0599-68a5-4c28-b7ae-92c2f7815b51\",\"発生年度\":2020}]]]]","last_polygon_uuid":"3d2f52dc-d30e-41c9-bb77-4f1179865851","prev_last_polygon_uuid":"b1d4a9f0-1fa8-4f8d-bc67-50a41c1d5b69","local_government_cd":"016080","point_lng":142.941213674,"point_lat":42.152125177}},{"arcs":[[-1053,1053]],"type":"Polygon","properties":{"polygon_uuid":"300d5337-7420-4c71-abd4-3b33ec7edd8a","land_type":100,"issue_year":2025,"edit_year":2020,"history":"[{\"筆ポリゴンID\":\"418f005f-1541-4466-afdf-0ca573cc299d\",\"更新年度\":2024,\"前年同一\":true},[{\"筆ポリゴンID\":\"e26357fa-ae7f-432f-9545-166f09e265a3\",\"更新年度\":2023,\"前年同一\":true},[{\"筆ポリゴンID\":\"e0092463-69a6-4445-8689-9fc8b0010ade\",\"更新年度\":2022,\"前年同一\":true},[{\"筆ポリゴンID\":\"bbba6459-8924-46b4-ab42-349c5a88a67e\",\"更新年度\":2021,\"前年同一\":true},{\"筆ポリゴンID\":\"bbba6459-8924-46b4-ab42-349c5a88a67e\",\"発生年度\":2020}]]]]","last_polygon_uuid":"418f005f-1541-4466-afdf-0ca573cc299d","prev_last_polygon_uuid":"e26357fa-ae7f-432f-9545-166f09e265a3","local_government_cd":"016080","point_lng":142.941769326,"point_lat":42.15265029}},{"arcs":[[1054,-945]],"type":"Polygon","properties":{"polygon_uuid":"8253450e-2566-4cb2-a25e-46460d6bef6e","land_type":100,"issue_year":2025,"edit_year":2020,"history":"[{\"筆ポリゴンID\":\"d9e0d5ea-fa44-4274-abc8-daf63604a9dc\",\"更新年度\":2024,\"前年同一\":true},[{\"筆ポリゴンID\":\"6127e09f-b6d4-4936-8de8-4f37696c941b\",\"更新年度\":2023,\"前年同一\":true},[{\"筆ポリゴンID\":\"10bed24f-d171-4e64-9a1d-9ed7d7e9ee92\",\"更新年度\":2022,\"前年同一\":true},[{\"筆ポリゴンID\":\"b0528507-da4c-45f0-8f1a-0d7528c3b439\",\"更新年度\":2021,\"前年同一\":true},{\"筆ポリゴンID\":\"b0528507-da4c-45f0-8f1a-0d7528c3b439\",\"発生年度\":2020}]]]]","last_polygon_uuid":"d9e0d5ea-fa44-4274-abc8-daf63604a9dc","prev_last_polygon_uuid":"6127e09f-b6d4-4936-8de8-4f37696c941b","local_government_cd":"016080","point_lng":142.940168834,"point_lat":42.145648416}},{"arcs":[[1055,-947,1056,-995]],"type":"Polygon","properties":{"polygon_uuid":"bbbd3d91-c24c-46b0-98dd-45172e319015","land_type":100,"issue_year":2025,"edit_year":2020,"history":"[{\"筆ポリゴンID\":\"ebae2e6f-8e24-48e2-a0a7-57146a54eaf0\",\"更新年度\":2024,\"前年同一\":true},[{\"筆ポリゴンID\":\"c2dcec33-bdd0-4f2a-8902-2c24c29df47f\",\"更新年度\":2023,\"前年同一\":true},[{\"筆ポリゴンID\":\"430e9048-4038-4f39-8be7-738073277375\",\"更新年度\":2022,\"前年同一\":true},[{\"筆ポリゴンID\":\"01007f4b-1ab8-49de-893e-7d4973aff274\",\"更新年度\":2021,\"前年同一\":true},{\"筆ポリゴンID\":\"01007f4b-1ab8-49de-893e-7d4973aff274\",\"発生年度\":2020}]]]]","last_polygon_uuid":"ebae2e6f-8e24-48e2-a0a7-57146a54eaf0","prev_last_polygon_uuid":"c2dcec33-bdd0-4f2a-8902-2c24c29df47f","local_government_cd":"016080","point_lng":142.940472861,"point_lat":42.147052214}},{"arcs":[[-860,1057,1058]],"type":"Polygon","properties":{"polygon_uuid":"bf8f76c2-316d-48d3-bd99-1a24a4b8e4ad","land_type":100,"issue_year":2025,"edit_year":2020,"history":"[{\"筆ポリゴンID\":\"70e35dee-23e4-4bda-bb6e-d622d7c1f48c\",\"更新年度\":2024,\"前年同一\":true},[{\"筆ポリゴンID\":\"89fa79a8-a60e-4f75-af52-b2e006cd7d26\",\"更新年度\":2023,\"前年同一\":true},[{\"筆ポリゴンID\":\"62420527-f86a-4d76-a1ad-3b3ed5fc53f1\",\"更新年度\":2022,\"前年同一\":true},[{\"筆ポリゴンID\":\"02d143b3-ba47-4a92-944f-aae615b3ecc6\",\"更新年度\":2021,\"前年同一\":true},{\"筆ポリゴンID\":\"02d143b3-ba47-4a92-944f-aae615b3ecc6\",\"発生年度\":2020}]]]]","last_polygon_uuid":"70e35dee-23e4-4bda-bb6e-d622d7c1f48c","prev_last_polygon_uuid":"89fa79a8-a60e-4f75-af52-b2e006cd7d26","local_government_cd":"016080","point_lng":142.9400354,"point_lat":42.148007881}},{"arcs":[[-982,1059,1060,1061,1062]],"type":"Polygon","properties":{"polygon_uuid":"8ae805ce-9f1c-4dc1-a207-9ce815176f17","land_type":100,"issue_year":2025,"edit_year":2020,"history":"[{\"筆ポリゴンID\":\"55dfb5b8-ce38-42ca-88bc-45f7e184e789\",\"更新年度\":2024,\"前年同一\":true},[{\"筆ポリゴンID\":\"0de4f715-7c0a-4b93-935c-2e4b0ba0f566\",\"更新年度\":2023,\"前年同一\":true},[{\"筆ポリゴンID\":\"73258076-4c6b-4314-bb01-5a7f09189810\",\"更新年度\":2022,\"前年同一\":true},[{\"筆ポリゴンID\":\"8b51c706-ef91-4f4b-9f59-be69d25efa5a\",\"更新年度\":2021,\"前年同一\":true},{\"筆ポリゴンID\":\"8b51c706-ef91-4f4b-9f59-be69d25efa5a\",\"発生年度\":2020}]]]]","last_polygon_uuid":"55dfb5b8-ce38-42ca-88bc-45f7e184e789","prev_last_polygon_uuid":"0de4f715-7c0a-4b93-935c-2e4b0ba0f566","local_government_cd":"016080","point_lng":142.939254421,"point_lat":42.142500435}},{"arcs":[[1063,1064,1065,-593]],"type":"Polygon","properties":{"polygon_uuid":"564a52f3-9809-4f7b-a15d-22a3590a9c4c","land_type":100,"issue_year":2025,"edit_year":2020,"history":"[{\"筆ポリゴンID\":\"6161a1a4-0d5c-40af-ac20-528f49d3e645\",\"更新年度\":2024,\"前年同一\":true},[{\"筆ポリゴンID\":\"df2267a1-9e2d-4614-8a8c-9007668512fc\",\"更新年度\":2023,\"前年同一\":true},[{\"筆ポリゴンID\":\"ee47e5ce-99af-4311-a736-4d8ee75ad22f\",\"更新年度\":2022,\"前年同一\":true},[{\"筆ポリゴンID\":\"bef8d7b8-f39b-4f0a-8e1d-31f5bc1fb293\",\"更新年度\":2021,\"前年同一\":true},{\"筆ポリゴンID\":\"bef8d7b8-f39b-4f0a-8e1d-31f5bc1fb293\",\"発生年度\":2020}]]]]","last_polygon_uuid":"6161a1a4-0d5c-40af-ac20-528f49d3e645","prev_last_polygon_uuid":"df2267a1-9e2d-4614-8a8c-9007668512fc","local_government_cd":"016080","point_lng":142.944915777,"point_lat":42.152024174}},{"arcs":[[1066,1067]],"type":"Polygon","properties":{"polygon_uuid":"5660174e-9ba6-4222-a092-a1c38e736114","land_type":100,"issue_year":2025,"edit_year":2020,"history":"[{\"筆ポリゴンID\":\"a5af23ca-9825-44ec-be93-707ac6fc559d\",\"更新年度\":2024,\"前年同一\":true},[{\"筆ポリゴンID\":\"ab82fcb1-df01-4daa-bf56-256214b1f856\",\"更新年度\":2023,\"前年同一\":true},[{\"筆ポリゴンID\":\"3c281516-23e1-4e0b-9111-a5bc246ca222\",\"更新年度\":2022,\"前年同一\":true},[{\"筆ポリゴンID\":\"4ab04eb6-c405-46f9-a7f3-f038d2832b4c\",\"更新年度\":2021,\"前年同一\":true},{\"筆ポリゴンID\":\"4ab04eb6-c405-46f9-a7f3-f038d2832b4c\",\"発生年度\":2020}]]]]","last_polygon_uuid":"a5af23ca-9825-44ec-be93-707ac6fc559d","prev_last_polygon_uuid":"ab82fcb1-df01-4daa-bf56-256214b1f856","local_government_cd":"016080","point_lng":142.946621123,"point_lat":42.151359561}},{"arcs":[[-1043,1068,-1040]],"type":"Polygon","properties":{"polygon_uuid":"a0641ce6-a17c-46ad-8438-5932f5e1513d","land_type":100,"issue_year":2025,"edit_year":2020,"history":"[{\"筆ポリゴンID\":\"30c887f2-2671-4849-8dcf-b133009e4192\",\"更新年度\":2024,\"前年同一\":true},[{\"筆ポリゴンID\":\"af75ba21-3788-4423-ab28-b0a2604067bf\",\"更新年度\":2023,\"前年同一\":true},[{\"筆ポリゴンID\":\"5347df66-eb9f-4b28-839e-bd48d4fd6bc1\",\"更新年度\":2022,\"前年同一\":true},[{\"筆ポリゴンID\":\"ac669b6b-b3e0-4689-b902-99438f5b7013\",\"更新年度\":2021,\"前年同一\":true},{\"筆ポリゴンID\":\"ac669b6b-b3e0-4689-b902-99438f5b7013\",\"発生年度\":2020}]]]]","last_polygon_uuid":"30c887f2-2671-4849-8dcf-b133009e4192","prev_last_polygon_uuid":"af75ba21-3788-4423-ab28-b0a2604067bf","local_government_cd":"016080","point_lng":142.943733094,"point_lat":42.153948674}},{"arcs":[[1069,1070,-863]],"type":"Polygon","properties":{"polygon_uuid":"7569c6f4-d268-4696-bec5-dc7428c3bbcb","land_type":100,"issue_year":2025,"edit_year":2020,"history":"[{\"筆ポリゴンID\":\"12d8eae6-3afb-4a26-97e3-ff9a95e703e9\",\"更新年度\":2024,\"前年同一\":true},[{\"筆ポリゴンID\":\"1fec2333-1364-4fb6-bbfe-9720d41b144e\",\"更新年度\":2023,\"前年同一\":true},[{\"筆ポリゴンID\":\"70b5f962-8b74-4fae-ac6d-79b88bc1689f\",\"更新年度\":2022,\"前年同一\":true},[{\"筆ポリゴンID\":\"0c423172-068e-4b48-8b5a-c0aaf610bb46\",\"更新年度\":2021,\"前年同一\":true},{\"筆ポリゴンID\":\"0c423172-068e-4b48-8b5a-c0aaf610bb46\",\"発生年度\":2020}]]]]","last_polygon_uuid":"12d8eae6-3afb-4a26-97e3-ff9a95e703e9","prev_last_polygon_uuid":"1fec2333-1364-4fb6-bbfe-9720d41b144e","local_government_cd":"016080","point_lng":142.938443711,"point_lat":42.141362452}},{"arcs":[[1071,1072]],"type":"Polygon","properties":{"polygon_uuid":"88637a8f-a4fa-4dce-b6f1-1ac8e6fe7533","land_type":200,"issue_year":2025,"edit_year":2020,"history":"[{\"筆ポリゴンID\":\"213c9b55-688b-4d2b-8b0e-d0ca65e922b3\",\"更新年度\":2024,\"前年同一\":true},[{\"筆ポリゴンID\":\"a7500767-eb05-4577-9ee8-4e7208af0d50\",\"更新年度\":2023,\"前年同一\":true},[{\"筆ポリゴンID\":\"7d98a9a0-b28a-41dc-bba1-e4d2c73fb91c\",\"更新年度\":2022,\"前年同一\":true},[{\"筆ポリゴンID\":\"86ba4239-6e91-4206-afe0-fd0872a27904\",\"更新年度\":2021,\"前年同一\":true},{\"筆ポリゴンID\":\"86ba4239-6e91-4206-afe0-fd0872a27904\",\"発生年度\":2020}]]]]","last_polygon_uuid":"213c9b55-688b-4d2b-8b0e-d0ca65e922b3","prev_last_polygon_uuid":"a7500767-eb05-4577-9ee8-4e7208af0d50","local_government_cd":"016080","point_lng":142.928065291,"point_lat":42.164628705}},{"arcs":[[1073,1074,-1072,1075]],"type":"Polygon","properties":{"polygon_uuid":"2949e0ec-0ba2-4221-9d9e-142eca977f2c","land_type":200,"issue_year":2025,"edit_year":2020,"history":"[{\"筆ポリゴンID\":\"a5cdbd16-c248-4830-9880-b5be88b41da3\",\"更新年度\":2024,\"前年同一\":true},[{\"筆ポリゴンID\":\"5fd67ea2-0658-47da-97e7-2dc3a6344226\",\"更新年度\":2023,\"前年同一\":true},[{\"筆ポリゴンID\":\"f16ad95e-f854-4f77-b791-57ded4454edf\",\"更新年度\":2022,\"前年同一\":true},[{\"筆ポリゴンID\":\"1a53d3cb-52bf-40d6-a766-c4992d218a62\",\"更新年度\":2021,\"前年同一\":true},{\"筆ポリゴンID\":\"1a53d3cb-52bf-40d6-a766-c4992d218a62\",\"発生年度\":2020}]]]]","last_polygon_uuid":"a5cdbd16-c248-4830-9880-b5be88b41da3","prev_last_polygon_uuid":"5fd67ea2-0658-47da-97e7-2dc3a6344226","local_government_cd":"016080","point_lng":142.926968306,"point_lat":42.163877386}},{"arcs":[[-812,1076,-1074,1077]],"type":"Polygon","properties":{"polygon_uuid":"c1ebd857-685a-4300-82bc-ee8575cc354b","land_type":200,"issue_year":2025,"edit_year":2020,"history":"[{\"筆ポリゴンID\":\"03207812-7119-4481-906a-4da3cbd2d9bd\",\"更新年度\":2024,\"前年同一\":true},[{\"筆ポリゴンID\":\"ad72daff-a53a-4464-9cac-d2ee5952f0b7\",\"更新年度\":2023,\"前年同一\":true},[{\"筆ポリゴンID\":\"3d2aa109-9694-4dfd-ae40-088c593ae146\",\"更新年度\":2022,\"前年同一\":true},[{\"筆ポリゴンID\":\"d7564296-6e63-49ad-836d-15dacfa5d0b8\",\"更新年度\":2021,\"前年同一\":true},{\"筆ポリゴンID\":\"d7564296-6e63-49ad-836d-15dacfa5d0b8\",\"発生年度\":2020}]]]]","last_polygon_uuid":"03207812-7119-4481-906a-4da3cbd2d9bd","prev_last_polygon_uuid":"ad72daff-a53a-4464-9cac-d2ee5952f0b7","local_government_cd":"016080","point_lng":142.927065993,"point_lat":42.163196296}},{"arcs":[[1078,1079,1080]],"type":"Polygon","properties":{"polygon_uuid":"2fd61320-d29b-4586-aee5-e47d0ede84de","land_type":100,"issue_year":2025,"edit_year":2021,"history":"[{\"筆ポリゴンID\":\"cc271dbf-64ad-4f44-ba79-5c95c3f5fde1\",\"更新年度\":2024,\"前年同一\":true},[{\"筆ポリゴンID\":\"fe883863-822a-4ea8-9c71-426bf56d19f6\",\"更新年度\":2023,\"前年同一\":true},[{\"筆ポリゴンID\":\"0b9185c9-99ec-4c00-806d-049b8ccc985a\",\"更新年度\":2022,\"前年同一\":true},[{\"筆ポリゴンID\":\"99a7e418-9744-437e-8595-6b5b6f8bef98\",\"更新年度\":2021,\"関連\":true},{\"筆ポリゴンID\":\"99a7e418-9744-437e-8595-6b5b6f8bef98\",\"発生年度\":2020}]]]]","last_polygon_uuid":"cc271dbf-64ad-4f44-ba79-5c95c3f5fde1","prev_last_polygon_uuid":"fe883863-822a-4ea8-9c71-426bf56d19f6","local_government_cd":"016080","point_lng":142.937404261,"point_lat":42.142416484}},{"arcs":[[-897,1081]],"type":"Polygon","properties":{"polygon_uuid":"4d58a081-85da-4663-b9bb-6f77ee7c2756","land_type":200,"issue_year":2025,"edit_year":2020,"history":"[{\"筆ポリゴンID\":\"adb63e5a-c366-4ad3-be82-13931dd4ff3c\",\"更新年度\":2024,\"前年同一\":true},[{\"筆ポリゴンID\":\"69ebd695-28af-4820-b689-b57ec1d422a7\",\"更新年度\":2023,\"前年同一\":true},[{\"筆ポリゴンID\":\"7601f8e3-0691-4e77-860b-1286d16ed27a\",\"更新年度\":2022,\"前年同一\":true},[{\"筆ポリゴンID\":\"ba391ca7-033a-4b28-b871-058a2613e37e\",\"更新年度\":2021,\"前年同一\":true},{\"筆ポリゴンID\":\"ba391ca7-033a-4b28-b871-058a2613e37e\",\"発生年度\":2020}]]]]","last_polygon_uuid":"adb63e5a-c366-4ad3-be82-13931dd4ff3c","prev_last_polygon_uuid":"69ebd695-28af-4820-b689-b57ec1d422a7","local_government_cd":"016080","point_lng":142.936617203,"point_lat":42.156640621}},{"arcs":[[1082,-1079,1083]],"type":"Polygon","properties":{"polygon_uuid":"a793fd6b-42aa-41cc-988c-2acb08394a72","land_type":100,"issue_year":2025,"edit_year":2020,"history":"[{\"筆ポリゴンID\":\"60a75597-552f-4cbe-ac7e-6f73b603afd4\",\"更新年度\":2024,\"前年同一\":true},[{\"筆ポリゴンID\":\"b61c01d9-512c-4fad-b09a-ad4429693839\",\"更新年度\":2023,\"前年同一\":true},[{\"筆ポリゴンID\":\"91afd607-b619-401a-9baa-c8b29b24fe39\",\"更新年度\":2022,\"前年同一\":true},[{\"筆ポリゴンID\":\"0ac4ab52-a72c-4970-bbfa-a905f8719030\",\"更新年度\":2021,\"前年同一\":true},{\"筆ポリゴンID\":\"0ac4ab52-a72c-4970-bbfa-a905f8719030\",\"発生年度\":2020}]]]]","last_polygon_uuid":"60a75597-552f-4cbe-ac7e-6f73b603afd4","prev_last_polygon_uuid":"b61c01d9-512c-4fad-b09a-ad4429693839","local_government_cd":"016080","point_lng":142.93760953,"point_lat":42.142905678}},{"arcs":[[1084,-1080,-1083,1085,-894]],"type":"Polygon","properties":{"polygon_uuid":"082868e8-73cd-482c-b53a-f80b1ec1bfd3","land_type":100,"issue_year":2025,"edit_year":2020,"history":"[{\"筆ポリゴンID\":\"d13c279e-52f1-43e8-9033-ec5741228c80\",\"更新年度\":2024,\"前年同一\":true},[{\"筆ポリゴンID\":\"51b7c6fb-628d-44f7-a687-a2c2268a9261\",\"更新年度\":2023,\"前年同一\":true},[{\"筆ポリゴンID\":\"f8f4559d-5b55-4ecf-8f49-ecf72ae041c5\",\"更新年度\":2022,\"前年同一\":true},[{\"筆ポリゴンID\":\"07d12603-9022-4580-8fe8-2c67a27ee83b\",\"更新年度\":2021,\"前年同一\":true},{\"筆ポリゴンID\":\"07d12603-9022-4580-8fe8-2c67a27ee83b\",\"発生年度\":2020}]]]]","last_polygon_uuid":"d13c279e-52f1-43e8-9033-ec5741228c80","prev_last_polygon_uuid":"51b7c6fb-628d-44f7-a687-a2c2268a9261","local_government_cd":"016080","point_lng":142.937770559,"point_lat":42.142454575}},{"arcs":[[-1062,1086,-662,1087]],"type":"Polygon","properties":{"polygon_uuid":"daaff249-9b8b-4b81-9b94-3a27ac1d0f93","land_type":200,"issue_year":2025,"edit_year":2020,"history":"[{\"筆ポリゴンID\":\"5a67924a-d920-49fc-a0b8-d99643029e44\",\"更新年度\":2024,\"前年同一\":true},[{\"筆ポリゴンID\":\"5c6af9c6-f0da-4937-9659-a0909c589807\",\"更新年度\":2023,\"前年同一\":true},[{\"筆ポリゴンID\":\"af60fd45-c1ce-480d-9a79-a03121901ed6\",\"更新年度\":2022,\"前年同一\":true},[{\"筆ポリゴンID\":\"dfa161cd-70a1-4992-8cbd-24bf512c0b05\",\"更新年度\":2021,\"前年同一\":true},{\"筆ポリゴンID\":\"dfa161cd-70a1-4992-8cbd-24bf512c0b05\",\"発生年度\":2020}]]]]","last_polygon_uuid":"5a67924a-d920-49fc-a0b8-d99643029e44","prev_last_polygon_uuid":"5c6af9c6-f0da-4937-9659-a0909c589807","local_government_cd":"016080","point_lng":142.939956837,"point_lat":42.142604777}},{"arcs":[[-1070,1088,1089,-857]],"type":"Polygon","properties":{"polygon_uuid":"03ca7043-265d-4f60-bb2a-5a714caba2a6","land_type":100,"issue_year":2025,"edit_year":2020,"history":"[{\"筆ポリゴンID\":\"c93add43-5d82-45f3-ad62-e3dfca607068\",\"更新年度\":2024,\"前年同一\":true},[{\"筆ポリゴンID\":\"3589350a-e41e-44fd-a515-e910fc388dbc\",\"更新年度\":2023,\"前年同一\":true},[{\"筆ポリゴンID\":\"82727ad9-4eb8-4722-ae97-a35fbd268e3b\",\"更新年度\":2022,\"前年同一\":true},[{\"筆ポリゴンID\":\"f9bb8960-da30-4c86-b300-11972a6fc0ce\",\"更新年度\":2021,\"前年同一\":true},{\"筆ポリゴンID\":\"f9bb8960-da30-4c86-b300-11972a6fc0ce\",\"発生年度\":2020}]]]]","last_polygon_uuid":"c93add43-5d82-45f3-ad62-e3dfca607068","prev_last_polygon_uuid":"3589350a-e41e-44fd-a515-e910fc388dbc","local_government_cd":"016080","point_lng":142.937631981,"point_lat":42.141600557}},{"arcs":[[-833,1090,1091,1092]],"type":"Polygon","properties":{"polygon_uuid":"41078261-54d4-4606-9e8b-e8dc91265d27","land_type":100,"issue_year":2025,"edit_year":2020,"history":"[{\"筆ポリゴンID\":\"173106d8-af7d-441a-863a-f904484b0b5e\",\"更新年度\":2024,\"前年同一\":true},[{\"筆ポリゴンID\":\"b8b2474c-59a6-407e-85f1-f9e3b64b676f\",\"更新年度\":2023,\"前年同一\":true},[{\"筆ポリゴンID\":\"6d069cb5-90e9-4c95-8c0f-16b858ea4106\",\"更新年度\":2022,\"前年同一\":true},[{\"筆ポリゴンID\":\"875ecc33-0fd0-45c4-9a67-979e1f8fef90\",\"更新年度\":2021,\"前年同一\":true},{\"筆ポリゴンID\":\"875ecc33-0fd0-45c4-9a67-979e1f8fef90\",\"発生年度\":2020}]]]]","last_polygon_uuid":"173106d8-af7d-441a-863a-f904484b0b5e","prev_last_polygon_uuid":"b8b2474c-59a6-407e-85f1-f9e3b64b676f","local_government_cd":"016080","point_lng":142.938861766,"point_lat":42.14043159}},{"arcs":[[-868,1093]],"type":"Polygon","properties":{"polygon_uuid":"a3dfbf70-001d-4551-a19a-c63ad8d3ad43","land_type":200,"issue_year":2025,"edit_year":2020,"history":"[{\"筆ポリゴンID\":\"81574147-83b3-4dcb-91a8-64eb99d0198b\",\"更新年度\":2024,\"前年同一\":true},[{\"筆ポリゴンID\":\"a8f2cf37-6f75-4b9f-a9f9-81e6144bbdf4\",\"更新年度\":2023,\"前年同一\":true},[{\"筆ポリゴンID\":\"13244073-9833-4013-846d-0cebf312e371\",\"更新年度\":2022,\"前年同一\":true},[{\"筆ポリゴンID\":\"0c833045-1ac7-4424-a36f-46a23f9a42f0\",\"更新年度\":2021,\"前年同一\":true},{\"筆ポリゴンID\":\"0c833045-1ac7-4424-a36f-46a23f9a42f0\",\"発生年度\":2020}]]]]","last_polygon_uuid":"81574147-83b3-4dcb-91a8-64eb99d0198b","prev_last_polygon_uuid":"a8f2cf37-6f75-4b9f-a9f9-81e6144bbdf4","local_government_cd":"016080","point_lng":142.943721568,"point_lat":42.140109646}},{"arcs":[[1094]],"type":"Polygon","properties":{"polygon_uuid":"892dae3b-f4bc-4911-9923-fe9f04289813","land_type":200,"issue_year":2025,"edit_year":2021,"history":"[{\"筆ポリゴンID\":\"5f27ce5e-9d3f-4db4-8eff-fee9f093c21f\",\"更新年度\":2024,\"前年同一\":true},[{\"筆ポリゴンID\":\"0d4b226d-94cf-4bf0-9659-87338730a34e\",\"更新年度\":2023,\"前年同一\":true},[{\"筆ポリゴンID\":\"84250951-9501-4037-a4df-aa8ca274e126\",\"更新年度\":2022,\"前年同一\":true},[{\"筆ポリゴンID\":\"c8623c3e-36e6-48e1-bb57-f983f7872222\",\"更新年度\":2021,\"関連\":true},{\"筆ポリゴンID\":\"c8623c3e-36e6-48e1-bb57-f983f7872222\",\"発生年度\":2020}]]]]","last_polygon_uuid":"5f27ce5e-9d3f-4db4-8eff-fee9f093c21f","prev_last_polygon_uuid":"0d4b226d-94cf-4bf0-9659-87338730a34e","local_government_cd":"016080","point_lng":142.917741128,"point_lat":42.149754426}},{"arcs":[[1095,-805]],"type":"Polygon","properties":{"polygon_uuid":"4c11c759-7ca0-40ea-a733-cc1f1d685316","land_type":100,"issue_year":2025,"edit_year":2020,"history":"[{\"筆ポリゴンID\":\"6f803688-a503-46e5-8fbc-d4e41603741d\",\"更新年度\":2024,\"前年同一\":true},[{\"筆ポリゴンID\":\"ae36524f-cec0-421d-8b4e-63296b8da780\",\"更新年度\":2023,\"前年同一\":true},[{\"筆ポリゴンID\":\"8556ccbc-a5be-47c5-b197-3c0e5db1d37c\",\"更新年度\":2022,\"前年同一\":true},[{\"筆ポリゴンID\":\"cef4439e-dc5c-4af2-a534-ea82c8c57899\",\"更新年度\":2021,\"前年同一\":true},{\"筆ポリゴンID\":\"cef4439e-dc5c-4af2-a534-ea82c8c57899\",\"発生年度\":2020}]]]]","last_polygon_uuid":"6f803688-a503-46e5-8fbc-d4e41603741d","prev_last_polygon_uuid":"ae36524f-cec0-421d-8b4e-63296b8da780","local_government_cd":"016080","point_lng":142.94527466,"point_lat":42.143083574}},{"arcs":[[1096,-773,1097,1098]],"type":"Polygon","properties":{"polygon_uuid":"34d2d001-6ab5-495a-ae35-880a460ba464","land_type":100,"issue_year":2025,"edit_year":2020,"history":"[{\"筆ポリゴンID\":\"f3cc09ca-d635-44ec-b71b-7dff84e2104f\",\"更新年度\":2024,\"前年同一\":true},[{\"筆ポリゴンID\":\"916aeb54-cb48-447a-b4c2-5fd8c86e92e3\",\"更新年度\":2023,\"前年同一\":true},[{\"筆ポリゴンID\":\"ae091eaf-90fd-463c-8fda-0aac99121ea2\",\"更新年度\":2022,\"前年同一\":true},[{\"筆ポリゴンID\":\"f5f3f3fe-ed6c-4f45-81ab-e6062a0804c7\",\"更新年度\":2021,\"前年同一\":true},{\"筆ポリゴンID\":\"f5f3f3fe-ed6c-4f45-81ab-e6062a0804c7\",\"発生年度\":2020}]]]]","last_polygon_uuid":"f3cc09ca-d635-44ec-b71b-7dff84e2104f","prev_last_polygon_uuid":"916aeb54-cb48-447a-b4c2-5fd8c86e92e3","local_government_cd":"016080","point_lng":142.947987378,"point_lat":42.14895885}},{"arcs":[[1099]],"type":"Polygon","properties":{"polygon_uuid":"46639c0a-1385-4e2b-b090-37c98dce0ea4","land_type":200,"issue_year":2025,"edit_year":2021,"history":"[{\"筆ポリゴンID\":\"4f871215-09db-4a95-96b4-55afebf9b1fb\",\"更新年度\":2024,\"前年同一\":true},[{\"筆ポリゴンID\":\"b1d769b1-79d7-4bc3-8632-0ad644c2f28c\",\"更新年度\":2023,\"前年同一\":true},[{\"筆ポリゴンID\":\"e3c248c9-01ce-44d5-8b44-caf7a3559e18\",\"更新年度\":2022,\"前年同一\":true},[{\"筆ポリゴンID\":\"7d9066ce-4802-4d22-b2ba-a3310a3e9d87\",\"更新年度\":2021,\"関連\":true},{\"筆ポリゴンID\":\"7d9066ce-4802-4d22-b2ba-a3310a3e9d87\",\"発生年度\":2020}]]]]","last_polygon_uuid":"4f871215-09db-4a95-96b4-55afebf9b1fb","prev_last_polygon_uuid":"b1d769b1-79d7-4bc3-8632-0ad644c2f28c","local_government_cd":"016080","point_lng":142.911756517,"point_lat":42.145980466}},{"arcs":[[1100,-1099,1101,1102]],"type":"Polygon","properties":{"polygon_uuid":"990a9dc3-d9ec-4621-99bb-8c70e5bf56a5","land_type":100,"issue_year":2025,"edit_year":2020,"history":"[{\"筆ポリゴンID\":\"9c9cdb7a-dee9-451b-9352-f0dfb1c6e8a3\",\"更新年度\":2024,\"前年同一\":true},[{\"筆ポリゴンID\":\"d72f3649-67b3-4515-88a3-040d758d3412\",\"更新年度\":2023,\"前年同一\":true},[{\"筆ポリゴンID\":\"b29749b6-5d3c-428d-bf04-99586041aa99\",\"更新年度\":2022,\"前年同一\":true},[{\"筆ポリゴンID\":\"aaafeeb2-f5ad-4b40-aa8a-2bdd1863d0a9\",\"更新年度\":2021,\"前年同一\":true},{\"筆ポリゴンID\":\"aaafeeb2-f5ad-4b40-aa8a-2bdd1863d0a9\",\"発生年度\":2020}]]]]","last_polygon_uuid":"9c9cdb7a-dee9-451b-9352-f0dfb1c6e8a3","prev_last_polygon_uuid":"d72f3649-67b3-4515-88a3-040d758d3412","local_government_cd":"016080","point_lng":142.948083558,"point_lat":42.149377678}},{"arcs":[[1103,-1103,1104,-845]],"type":"Polygon","properties":{"polygon_uuid":"c7e3a37b-3604-4a8a-ac53-64e4d0a4eeeb","land_type":100,"issue_year":2025,"edit_year":2020,"history":"[{\"筆ポリゴンID\":\"0cb1496a-9944-4558-b022-c8665cdc0b37\",\"更新年度\":2024,\"前年同一\":true},[{\"筆ポリゴンID\":\"f59ac6bd-e80d-4159-8abd-432a08643c2e\",\"更新年度\":2023,\"前年同一\":true},[{\"筆ポリゴンID\":\"990b0ed1-de49-44b6-b97c-9a24958f5ed8\",\"更新年度\":2022,\"前年同一\":true},[{\"筆ポリゴンID\":\"238ed346-56dc-40e9-953f-f484b8ae261a\",\"更新年度\":2021,\"前年同一\":true},{\"筆ポリゴンID\":\"238ed346-56dc-40e9-953f-f484b8ae261a\",\"発生年度\":2020}]]]]","last_polygon_uuid":"0cb1496a-9944-4558-b022-c8665cdc0b37","prev_last_polygon_uuid":"f59ac6bd-e80d-4159-8abd-432a08643c2e","local_government_cd":"016080","point_lng":142.948174222,"point_lat":42.149603606}},{"arcs":[[1105,1106,1107,1108]],"type":"Polygon","properties":{"polygon_uuid":"1d107ccf-97c7-42a3-9cc3-1af6ca9ee43a","land_type":100,"issue_year":2025,"edit_year":2022,"history":"[{\"筆ポリゴンID\":\"28cf99ae-b9c0-41f2-a6f4-fe1aa61aedd1\",\"更新年度\":2024,\"前年同一\":true},[{\"筆ポリゴンID\":\"0476bf88-9db7-408a-a46d-f00086d490a9\",\"更新年度\":2023,\"前年同一\":true},[{\"筆ポリゴンID\":\"d165984f-12aa-4b22-91e5-1a221ffdfc1b\",\"更新年度\":2022,\"関連\":true},[{\"筆ポリゴンID\":\"bd7580eb-f5e8-48ae-8341-33c0ee179360\",\"更新年度\":2021,\"前年同一\":true},{\"筆ポリゴンID\":\"bd7580eb-f5e8-48ae-8341-33c0ee179360\",\"発生年度\":2020}]]]]","last_polygon_uuid":"28cf99ae-b9c0-41f2-a6f4-fe1aa61aedd1","prev_last_polygon_uuid":"0476bf88-9db7-408a-a46d-f00086d490a9","local_government_cd":"016080","point_lng":142.948954059,"point_lat":42.152232789}},{"arcs":[[1109,1110]],"type":"Polygon","properties":{"polygon_uuid":"c09fbd2f-8f3a-49a0-a8f5-254064f007c7","land_type":100,"issue_year":2025,"edit_year":2020,"history":"[{\"筆ポリゴンID\":\"310b6108-aace-4e42-b132-eef6026552a1\",\"更新年度\":2024,\"前年同一\":true},[{\"筆ポリゴンID\":\"83154941-f53e-4846-ace4-56145f87e30b\",\"更新年度\":2023,\"前年同一\":true},[{\"筆ポリゴンID\":\"10a53c31-e5f8-4c7c-9119-ab63f55b738d\",\"更新年度\":2022,\"前年同一\":true},[{\"筆ポリゴンID\":\"26a5e778-42c9-42dd-b7be-67980dbd9d1f\",\"更新年度\":2021,\"前年同一\":true},{\"筆ポリゴンID\":\"26a5e778-42c9-42dd-b7be-67980dbd9d1f\",\"発生年度\":2020}]]]]","last_polygon_uuid":"310b6108-aace-4e42-b132-eef6026552a1","prev_last_polygon_uuid":"83154941-f53e-4846-ace4-56145f87e30b","local_government_cd":"016080","point_lng":142.948629789,"point_lat":42.151248812}},{"arcs":[[1111,-1109,1112,-962]],"type":"Polygon","properties":{"polygon_uuid":"162d53eb-0e04-47ee-8faa-13df96b59609","land_type":100,"issue_year":2025,"edit_year":2022,"history":"[{\"筆ポリゴンID\":\"34a35d75-f623-4630-803d-123472cbab82\",\"更新年度\":2024,\"前年同一\":true},[{\"筆ポリゴンID\":\"eb5bf386-5947-412c-a43d-959f849d8bde\",\"更新年度\":2023,\"前年同一\":true},[{\"筆ポリゴンID\":\"d165984f-12aa-4b22-91e5-1a221ffdfc1b\",\"更新年度\":2022,\"関連\":true},[{\"筆ポリゴンID\":\"bd7580eb-f5e8-48ae-8341-33c0ee179360\",\"更新年度\":2021,\"前年同一\":true},{\"筆ポリゴンID\":\"bd7580eb-f5e8-48ae-8341-33c0ee179360\",\"発生年度\":2020}]]]]","last_polygon_uuid":"34a35d75-f623-4630-803d-123472cbab82","prev_last_polygon_uuid":"eb5bf386-5947-412c-a43d-959f849d8bde","local_government_cd":"016080","point_lng":142.948998401,"point_lat":42.152385655}},{"arcs":[[1113,1114,-961]],"type":"Polygon","properties":{"polygon_uuid":"e99a7a91-5cb2-4c5b-ae03-2c84c8f07a3a","land_type":100,"issue_year":2025,"edit_year":2020,"history":"[{\"筆ポリゴンID\":\"3dabd1c4-b6b3-4992-9a71-3b92f068a023\",\"更新年度\":2024,\"前年同一\":true},[{\"筆ポリゴンID\":\"ff4c7dca-94fd-4f0a-ad3d-73870be26504\",\"更新年度\":2023,\"前年同一\":true},[{\"筆ポリゴンID\":\"96fe2824-3ab1-460a-b3ca-8600cd985215\",\"更新年度\":2022,\"前年同一\":true},[{\"筆ポリゴンID\":\"584ce499-8296-40ee-a468-21f4ffcd4126\",\"更新年度\":2021,\"前年同一\":true},{\"筆ポリゴンID\":\"584ce499-8296-40ee-a468-21f4ffcd4126\",\"発生年度\":2020}]]]]","last_polygon_uuid":"3dabd1c4-b6b3-4992-9a71-3b92f068a023","prev_last_polygon_uuid":"ff4c7dca-94fd-4f0a-ad3d-73870be26504","local_government_cd":"016080","point_lng":142.94965966,"point_lat":42.152034602}},{"arcs":[[1115,1116,-1111,1117,-1107]],"type":"Polygon","properties":{"polygon_uuid":"b6cbb72d-368e-47f5-9b26-2a99e5ea521d","land_type":100,"issue_year":2025,"edit_year":2020,"history":"[{\"筆ポリゴンID\":\"9c6a3c08-b0d7-43f5-b8ac-aa1b0f4ac8c1\",\"更新年度\":2024,\"前年同一\":true},[{\"筆ポリゴンID\":\"c21aa219-ec58-4433-a826-886d20f4488b\",\"更新年度\":2023,\"前年同一\":true},[{\"筆ポリゴンID\":\"02b73d35-02b0-48fd-b05c-43760f502fae\",\"更新年度\":2022,\"前年同一\":true},[{\"筆ポリゴンID\":\"243ab97b-9a17-453b-9318-0a8f67e4d48e\",\"更新年度\":2021,\"前年同一\":true},{\"筆ポリゴンID\":\"243ab97b-9a17-453b-9318-0a8f67e4d48e\",\"発生年度\":2020}]]]]","last_polygon_uuid":"9c6a3c08-b0d7-43f5-b8ac-aa1b0f4ac8c1","prev_last_polygon_uuid":"c21aa219-ec58-4433-a826-886d20f4488b","local_government_cd":"016080","point_lng":142.948733673,"point_lat":42.151787943}},{"arcs":[[1118,-1068,1119,1120]],"type":"Polygon","properties":{"polygon_uuid":"3368beeb-0781-42d1-9ca5-dfa71137afc5","land_type":100,"issue_year":2025,"edit_year":2020,"history":"[{\"筆ポリゴンID\":\"7ec9bd2a-d3f5-49f7-bdf6-f778091eb4d5\",\"更新年度\":2024,\"前年同一\":true},[{\"筆ポリゴンID\":\"b6d9a103-e29d-4d74-aade-34b78e5bd68b\",\"更新年度\":2023,\"前年同一\":true},[{\"筆ポリゴンID\":\"e67a63ac-99f5-4427-bb4c-c5406bd7a997\",\"更新年度\":2022,\"前年同一\":true},[{\"筆ポリゴンID\":\"e55ba10f-4802-43c4-857b-7aa00a07e491\",\"更新年度\":2021,\"前年同一\":true},{\"筆ポリゴンID\":\"e55ba10f-4802-43c4-857b-7aa00a07e491\",\"発生年度\":2020}]]]]","last_polygon_uuid":"7ec9bd2a-d3f5-49f7-bdf6-f778091eb4d5","prev_last_polygon_uuid":"b6d9a103-e29d-4d74-aade-34b78e5bd68b","local_government_cd":"016080","point_lng":142.946867538,"point_lat":42.15167587}},{"arcs":[[1121,-1121,1122,1123]],"type":"Polygon","properties":{"polygon_uuid":"5976af6c-ae8c-4262-8efe-d10a9bf1a511","land_type":100,"issue_year":2025,"edit_year":2020,"history":"[{\"筆ポリゴンID\":\"633f3909-c109-41be-a72a-e8b91d2713b3\",\"更新年度\":2024,\"前年同一\":true},[{\"筆ポリゴンID\":\"1d801101-96a2-46a8-b3c3-12cd53565f8f\",\"更新年度\":2023,\"前年同一\":true},[{\"筆ポリゴンID\":\"901b8871-2476-42e2-a2c8-9eed13b09588\",\"更新年度\":2022,\"前年同一\":true},[{\"筆ポリゴンID\":\"3b15c1e2-7b30-48b9-86ba-a00a7a7535c0\",\"更新年度\":2021,\"前年同一\":true},{\"筆ポリゴンID\":\"3b15c1e2-7b30-48b9-86ba-a00a7a7535c0\",\"発生年度\":2020}]]]]","last_polygon_uuid":"633f3909-c109-41be-a72a-e8b91d2713b3","prev_last_polygon_uuid":"1d801101-96a2-46a8-b3c3-12cd53565f8f","local_government_cd":"016080","point_lng":142.947063138,"point_lat":42.151911472}},{"arcs":[[-799,1124]],"type":"Polygon","properties":{"polygon_uuid":"f45620b0-180e-4ca2-b569-5c4e604dc384","land_type":100,"issue_year":2025,"edit_year":2022,"history":"[{\"筆ポリゴンID\":\"2a638363-a1fc-41f3-994b-aa4ae045f5e3\",\"更新年度\":2024,\"前年同一\":true},[{\"筆ポリゴンID\":\"3c08696f-2b93-4a6c-86e1-e89f6c7acee0\",\"更新年度\":2023,\"前年同一\":true},[{\"筆ポリゴンID\":\"d165984f-12aa-4b22-91e5-1a221ffdfc1b\",\"更新年度\":2022,\"関連\":true},[{\"筆ポリゴンID\":\"bd7580eb-f5e8-48ae-8341-33c0ee179360\",\"更新年度\":2021,\"前年同一\":true},{\"筆ポリゴンID\":\"bd7580eb-f5e8-48ae-8341-33c0ee179360\",\"発生年度\":2020}]]]]","last_polygon_uuid":"2a638363-a1fc-41f3-994b-aa4ae045f5e3","prev_last_polygon_uuid":"3c08696f-2b93-4a6c-86e1-e89f6c7acee0","local_government_cd":"016080","point_lng":142.950031313,"point_lat":42.153580714}},{"arcs":[[1125,-1124,1126,1127]],"type":"Polygon","properties":{"polygon_uuid":"968ea037-c440-4736-a352-7d82924f2ea4","land_type":100,"issue_year":2025,"edit_year":2020,"history":"[{\"筆ポリゴンID\":\"5ba6cefc-d62c-4526-965c-3265f26c8edd\",\"更新年度\":2024,\"前年同一\":true},[{\"筆ポリゴンID\":\"e20910e0-eb7c-4aa2-a118-6bb3fa27dff5\",\"更新年度\":2023,\"前年同一\":true},[{\"筆ポリゴンID\":\"63eccfdc-0a62-4b97-a007-f1c7f1ea2d1f\",\"更新年度\":2022,\"前年同一\":true},[{\"筆ポリゴンID\":\"6e570dec-b4e4-4073-84f6-d2e6fffb22cd\",\"更新年度\":2021,\"前年同一\":true},{\"筆ポリゴンID\":\"6e570dec-b4e4-4073-84f6-d2e6fffb22cd\",\"発生年度\":2020}]]]]","last_polygon_uuid":"5ba6cefc-d62c-4526-965c-3265f26c8edd","prev_last_polygon_uuid":"e20910e0-eb7c-4aa2-a118-6bb3fa27dff5","local_government_cd":"016080","point_lng":142.947222406,"point_lat":42.152146553}},{"arcs":[[1128,-1128,1129,-880]],"type":"Polygon","properties":{"polygon_uuid":"e6f4f018-e65b-4cc0-9866-29dda6d0a1e1","land_type":100,"issue_year":2025,"edit_year":2020,"history":"[{\"筆ポリゴンID\":\"33c4e8db-7e00-415a-bed6-8fb22f5423d5\",\"更新年度\":2024,\"前年同一\":true},[{\"筆ポリゴンID\":\"5c571cfd-f3ae-4cad-8448-37ee2e85ad16\",\"更新年度\":2023,\"前年同一\":true},[{\"筆ポリゴンID\":\"a607e49d-bbe9-440c-ae97-fe2a4fccffea\",\"更新年度\":2022,\"前年同一\":true},[{\"筆ポリゴンID\":\"1a07a7c0-97b1-4016-a37b-9c47fbcd2b8b\",\"更新年度\":2021,\"前年同一\":true},{\"筆ポリゴンID\":\"1a07a7c0-97b1-4016-a37b-9c47fbcd2b8b\",\"発生年度\":2020}]]]]","last_polygon_uuid":"33c4e8db-7e00-415a-bed6-8fb22f5423d5","prev_last_polygon_uuid":"5c571cfd-f3ae-4cad-8448-37ee2e85ad16","local_government_cd":"016080","point_lng":142.947439019,"point_lat":42.152383654}},{"arcs":[[-882,1130,-768,1131]],"type":"Polygon","properties":{"polygon_uuid":"10ca00c5-d907-4867-b8a2-a3cdab8ff418","land_type":100,"issue_year":2025,"edit_year":2020,"history":"[{\"筆ポリゴンID\":\"68ebb081-0fcc-4e1f-acd8-f442e22fb63b\",\"更新年度\":2024,\"前年同一\":true},[{\"筆ポリゴンID\":\"bf6d8b97-fe38-4585-8c20-ec5c0780ccaf\",\"更新年度\":2023,\"前年同一\":true},[{\"筆ポリゴンID\":\"e63862a2-429b-4aee-8211-292994ad519d\",\"更新年度\":2022,\"前年同一\":true},[{\"筆ポリゴンID\":\"a264575d-cbb8-46ce-a484-912229ed808c\",\"更新年度\":2021,\"前年同一\":true},{\"筆ポリゴンID\":\"a264575d-cbb8-46ce-a484-912229ed808c\",\"発生年度\":2020}]]]]","last_polygon_uuid":"68ebb081-0fcc-4e1f-acd8-f442e22fb63b","prev_last_polygon_uuid":"bf6d8b97-fe38-4585-8c20-ec5c0780ccaf","local_government_cd":"016080","point_lng":142.947776527,"point_lat":42.152827799}},{"arcs":[[1132,-968,1133,1134]],"type":"Polygon","properties":{"polygon_uuid":"ccad8ff3-2150-4945-b326-e7d9216933fc","land_type":100,"issue_year":2025,"edit_year":2020,"history":"[{\"筆ポリゴンID\":\"012ab199-5e64-4f2a-89b0-c52fb3ad9a59\",\"更新年度\":2024,\"前年同一\":true},[{\"筆ポリゴンID\":\"9b0e7798-dc89-430f-a4d2-c46d0ca75671\",\"更新年度\":2023,\"前年同一\":true},[{\"筆ポリゴンID\":\"dffebf0c-b530-4047-860a-43a291e3cb06\",\"更新年度\":2022,\"前年同一\":true},[{\"筆ポリゴンID\":\"9906bec1-e332-454d-bd87-f760dd6a6920\",\"更新年度\":2021,\"前年同一\":true},{\"筆ポリゴンID\":\"9906bec1-e332-454d-bd87-f760dd6a6920\",\"発生年度\":2020}]]]]","last_polygon_uuid":"012ab199-5e64-4f2a-89b0-c52fb3ad9a59","prev_last_polygon_uuid":"9b0e7798-dc89-430f-a4d2-c46d0ca75671","local_government_cd":"016080","point_lng":142.944392639,"point_lat":42.151338127}},{"arcs":[[1135,-1135,1136,1137]],"type":"Polygon","properties":{"polygon_uuid":"191182bc-335a-4835-a099-3c079d378ca6","land_type":100,"issue_year":2025,"edit_year":2020,"history":"[{\"筆ポリゴンID\":\"e42d3754-aece-4a94-b68b-e5db5978deb6\",\"更新年度\":2024,\"前年同一\":true},[{\"筆ポリゴンID\":\"71484efb-9502-40f0-b49a-ecfae7b708ac\",\"更新年度\":2023,\"前年同一\":true},[{\"筆ポリゴンID\":\"3f507063-579f-41bd-af51-d868c7b11447\",\"更新年度\":2022,\"前年同一\":true},[{\"筆ポリゴンID\":\"2aca76e5-9438-4ee0-8788-8ae26f3bbb0b\",\"更新年度\":2021,\"前年同一\":true},{\"筆ポリゴンID\":\"2aca76e5-9438-4ee0-8788-8ae26f3bbb0b\",\"発生年度\":2020}]]]]","last_polygon_uuid":"e42d3754-aece-4a94-b68b-e5db5978deb6","prev_last_polygon_uuid":"71484efb-9502-40f0-b49a-ecfae7b708ac","local_government_cd":"016080","point_lng":142.944491347,"point_lat":42.151476181}},{"arcs":[[1138,-1138,1139,1140]],"type":"Polygon","properties":{"polygon_uuid":"a36bfd44-bdbf-4b7b-bf18-2d571145aa78","land_type":100,"issue_year":2025,"edit_year":2020,"history":"[{\"筆ポリゴンID\":\"e50106a5-6984-4886-a9bc-788bea85d8cf\",\"更新年度\":2024,\"前年同一\":true},[{\"筆ポリゴンID\":\"d80187af-3afc-4bbf-b861-8adb44f9c277\",\"更新年度\":2023,\"前年同一\":true},[{\"筆ポリゴンID\":\"177490d6-ac52-450f-aaf7-8b6c73833719\",\"更新年度\":2022,\"前年同一\":true},[{\"筆ポリゴンID\":\"72dde2cd-82df-42ca-b5ac-55d09f5e4670\",\"更新年度\":2021,\"前年同一\":true},{\"筆ポリゴンID\":\"72dde2cd-82df-42ca-b5ac-55d09f5e4670\",\"発生年度\":2020}]]]]","last_polygon_uuid":"e50106a5-6984-4886-a9bc-788bea85d8cf","prev_last_polygon_uuid":"d80187af-3afc-4bbf-b861-8adb44f9c277","local_government_cd":"016080","point_lng":142.944585104,"point_lat":42.151637541}},{"arcs":[[1141,-1141,1142,-1065]],"type":"Polygon","properties":{"polygon_uuid":"822cd8ea-4690-42c0-b2a3-929daf9676a6","land_type":100,"issue_year":2025,"edit_year":2020,"history":"[{\"筆ポリゴンID\":\"af3db8b3-8599-4077-89a7-fb8191eee7f6\",\"更新年度\":2024,\"前年同一\":true},[{\"筆ポリゴンID\":\"38714264-ee35-4cc6-883b-7e58668b9c98\",\"更新年度\":2023,\"前年同一\":true},[{\"筆ポリゴンID\":\"4f774cad-7524-43ce-9e34-332be7930c15\",\"更新年度\":2022,\"前年同一\":true},[{\"筆ポリゴンID\":\"7e1262f2-f166-48c7-baf8-1a1a256daba4\",\"更新年度\":2021,\"前年同一\":true},{\"筆ポリゴンID\":\"7e1262f2-f166-48c7-baf8-1a1a256daba4\",\"発生年度\":2020}]]]]","last_polygon_uuid":"af3db8b3-8599-4077-89a7-fb8191eee7f6","prev_last_polygon_uuid":"38714264-ee35-4cc6-883b-7e58668b9c98","local_government_cd":"016080","point_lng":142.944762242,"point_lat":42.151827365}},{"arcs":[[1143,-804,1144,1145]],"type":"Polygon","properties":{"polygon_uuid":"85d34491-f1d4-434c-835a-f9471fdbeaa6","land_type":100,"issue_year":2025,"edit_year":2020,"history":"[{\"筆ポリゴンID\":\"923ff0d1-e6c5-4de8-95a3-19e70832ad14\",\"更新年度\":2024,\"前年同一\":true},[{\"筆ポリゴンID\":\"b24188e1-6edc-4229-a211-74f3521b898e\",\"更新年度\":2023,\"前年同一\":true},[{\"筆ポリゴンID\":\"5094711a-32fb-40c7-af4c-32d078a5824e\",\"更新年度\":2022,\"前年同一\":true},[{\"筆ポリゴンID\":\"2ba6d3e8-201e-4c8f-a436-034c2464ad65\",\"更新年度\":2021,\"前年同一\":true},{\"筆ポリゴンID\":\"2ba6d3e8-201e-4c8f-a436-034c2464ad65\",\"発生年度\":2020}]]]]","last_polygon_uuid":"923ff0d1-e6c5-4de8-95a3-19e70832ad14","prev_last_polygon_uuid":"b24188e1-6edc-4229-a211-74f3521b898e","local_government_cd":"016080","point_lng":142.942472678,"point_lat":42.151664341}},{"arcs":[[1146,-1146,1147,-1008]],"type":"Polygon","properties":{"polygon_uuid":"a15c8b9b-33f8-4324-a6d9-964d2bbd6602","land_type":100,"issue_year":2025,"edit_year":2020,"history":"[{\"筆ポリゴンID\":\"e45823a4-4738-4f32-afea-42e7bcc8f013\",\"更新年度\":2024,\"前年同一\":true},[{\"筆ポリゴンID\":\"3d054076-ded9-488a-ae41-4dc1e0d58eb1\",\"更新年度\":2023,\"前年同一\":true},[{\"筆ポリゴンID\":\"a35d6d7b-e904-433c-9d7c-521d906f8361\",\"更新年度\":2022,\"前年同一\":true},[{\"筆ポリゴンID\":\"04fa0249-bfb1-4834-8ed9-47200c830b91\",\"更新年度\":2021,\"前年同一\":true},{\"筆ポリゴンID\":\"04fa0249-bfb1-4834-8ed9-47200c830b91\",\"発生年度\":2020}]]]]","last_polygon_uuid":"e45823a4-4738-4f32-afea-42e7bcc8f013","prev_last_polygon_uuid":"3d054076-ded9-488a-ae41-4dc1e0d58eb1","local_government_cd":"016080","point_lng":142.942613013,"point_lat":42.151859876}},{"arcs":[[1148]],"type":"Polygon","properties":{"polygon_uuid":"bd1b7a09-378b-4575-9000-3a2f0de18604","land_type":200,"issue_year":2025,"edit_year":2020,"history":"[{\"筆ポリゴンID\":\"6d8a38d0-72a7-489b-ac52-29eceaebdeac\",\"更新年度\":2024,\"前年同一\":true},[{\"筆ポリゴンID\":\"6cedc01c-f83e-44c8-aa15-94c730f0d8ed\",\"更新年度\":2023,\"前年同一\":true},[{\"筆ポリゴンID\":\"d6a830bb-480f-4987-ad53-461220d0df17\",\"更新年度\":2022,\"前年同一\":true},[{\"筆ポリゴンID\":\"dcd9efc1-8344-4473-b7fd-7913a7f5f290\",\"更新年度\":2021,\"前年同一\":true},{\"筆ポリゴンID\":\"dcd9efc1-8344-4473-b7fd-7913a7f5f290\",\"発生年度\":2020}]]]]","last_polygon_uuid":"6d8a38d0-72a7-489b-ac52-29eceaebdeac","prev_last_polygon_uuid":"6cedc01c-f83e-44c8-aa15-94c730f0d8ed","local_government_cd":"016080","point_lng":142.997166424,"point_lat":42.192202724}},{"arcs":[[1149]],"type":"Polygon","properties":{"polygon_uuid":"626d2969-8911-4d19-acff-ecef95c02d2e","land_type":200,"issue_year":2025,"edit_year":2020,"history":"[{\"筆ポリゴンID\":\"d6bb856c-b211-450e-8e6d-44689b1da045\",\"更新年度\":2024,\"前年同一\":true},[{\"筆ポリゴンID\":\"264067e6-d236-40bc-8ce1-516435768e5d\",\"更新年度\":2023,\"前年同一\":true},[{\"筆ポリゴンID\":\"edf75c52-506d-4289-a74a-adf41c777678\",\"更新年度\":2022,\"前年同一\":true},[{\"筆ポリゴンID\":\"50e9d785-a133-43f9-b659-ef7d9bfd04b7\",\"更新年度\":2021,\"前年同一\":true},{\"筆ポリゴンID\":\"50e9d785-a133-43f9-b659-ef7d9bfd04b7\",\"発生年度\":2020}]]]]","last_polygon_uuid":"d6bb856c-b211-450e-8e6d-44689b1da045","prev_last_polygon_uuid":"264067e6-d236-40bc-8ce1-516435768e5d","local_government_cd":"016080","point_lng":142.910482876,"point_lat":42.167923851}},{"arcs":[[1150]],"type":"Polygon","properties":{"polygon_uuid":"e51ba389-1ff5-48f0-9273-4d18071a9788","land_type":200,"issue_year":2025,"edit_year":2020,"history":"[{\"筆ポリゴンID\":\"a570d232-6e65-429d-8f61-7583564a1efd\",\"更新年度\":2024,\"前年同一\":true},[{\"筆ポリゴンID\":\"c2b56972-0725-45cd-b15e-6f03faeb76ba\",\"更新年度\":2023,\"前年同一\":true},[{\"筆ポリゴンID\":\"3f2ddd60-abaf-4158-af7e-2cced1755a5e\",\"更新年度\":2022,\"前年同一\":true},[{\"筆ポリゴンID\":\"088347b9-a8b6-4653-a2ab-ad240a655957\",\"更新年度\":2021,\"前年同一\":true},{\"筆ポリゴンID\":\"088347b9-a8b6-4653-a2ab-ad240a655957\",\"発生年度\":2020}]]]]","last_polygon_uuid":"a570d232-6e65-429d-8f61-7583564a1efd","prev_last_polygon_uuid":"c2b56972-0725-45cd-b15e-6f03faeb76ba","local_government_cd":"016080","point_lng":142.964455664,"point_lat":42.132528045}},{"arcs":[[1151]],"type":"Polygon","properties":{"polygon_uuid":"73d1b46a-7c15-43b6-919d-5a593371abac","land_type":200,"issue_year":2025,"edit_year":2020,"history":"[{\"筆ポリゴンID\":\"ee03085f-f2f9-4573-bd0e-8b4377b19b5a\",\"更新年度\":2024,\"前年同一\":true},[{\"筆ポリゴンID\":\"ff4f3ecb-4d31-48bc-8d6f-cba08cfbcd0d\",\"更新年度\":2023,\"前年同一\":true},[{\"筆ポリゴンID\":\"d0dbeeb0-ed2a-4d0e-a295-94e7ddafe650\",\"更新年度\":2022,\"前年同一\":true},[{\"筆ポリゴンID\":\"53366d40-efc0-43fa-8073-0d5a791385f3\",\"更新年度\":2021,\"前年同一\":true},{\"筆ポリゴンID\":\"53366d40-efc0-43fa-8073-0d5a791385f3\",\"発生年度\":2020}]]]]","last_polygon_uuid":"ee03085f-f2f9-4573-bd0e-8b4377b19b5a","prev_last_polygon_uuid":"ff4f3ecb-4d31-48bc-8d6f-cba08cfbcd0d","local_government_cd":"016080","point_lng":142.95258927,"point_lat":42.16873762}},{"arcs":[[1152,-151]],"type":"Polygon","properties":{"polygon_uuid":"01c9d76b-3b16-4ae0-96bd-b97c5ea59356","land_type":200,"issue_year":2025,"edit_year":2020,"history":"[{\"筆ポリゴンID\":\"cf5d8011-eba9-4e00-bfe1-152b594f63b9\",\"更新年度\":2024,\"前年同一\":true},[{\"筆ポリゴンID\":\"27303f34-99d4-44c5-b7c0-6f83f4d0e345\",\"更新年度\":2023,\"前年同一\":true},[{\"筆ポリゴンID\":\"9f0ec37a-f7a2-4708-88c5-31d8aa524838\",\"更新年度\":2022,\"前年同一\":true},[{\"筆ポリゴンID\":\"da8d6223-b50c-41fb-b6d2-6a8dfa7e5592\",\"更新年度\":2021,\"前年同一\":true},{\"筆ポリゴンID\":\"da8d6223-b50c-41fb-b6d2-6a8dfa7e5592\",\"発生年度\":2020}]]]]","last_polygon_uuid":"cf5d8011-eba9-4e00-bfe1-152b594f63b9","prev_last_polygon_uuid":"27303f34-99d4-44c5-b7c0-6f83f4d0e345","local_government_cd":"016080","point_lng":142.906705822,"point_lat":42.172294556}}]}}}